Timestamp,PM2.5 (µg/m³),PM10 (µg/m³),NO (µg/m³),NO2 (µg/m³),NOx (ppb),NH3 (µg/m³),SO2 (µg/m³),CO (mg/m³),Ozone (µg/m³),Benzene (µg/m³),Toluene (µg/m³),Xylene (µg/m³),O Xylene (µg/m³),Eth-Benzene (µg/m³),MP-Xylene (µg/m³),AT (°C),RH (%),WS (m/s),WD (deg),RF (mm),TOT-RF (mm),SR (W/mt2),BP (mmHg),VWS (m/s)
2026-01-01 00:00:00,105.0,421.0,11.75,32.75,17.75,83.0,8.75,1.0,3.0,2.0,15.0,NA,0.0,1.0,1.0,11.0,98.0,0.0,230.5,NA,NA,37.0,742.0,0.0
2026-01-01 01:00:00,95.0,303.0,9.0,35.0,16.25,83.75,2.0,1.0,2.25,2.0,14.75,NA,0.0,1.0,1.0,10.5,98.0,0.0,246.5,NA,NA,37.0,742.0,0.0
2026-01-01 02:00:00,93.0,326.0,10.25,35.0,17.0,83.75,2.0,1.0,3.0,2.0,14.75,NA,0.0,1.0,1.0,10.0,98.25,0.0,239.75,NA,NA,37.0,742.0,0.0
2026-01-01 03:00:00,102.5,225.5,11.75,34.5,18.5,83.75,3.67,1.25,3.0,2.25,18.25,NA,0.0,1.5,1.25,10.0,99.0,0.0,227.5,NA,NA,37.0,742.0,0.0
2026-01-01 04:00:00,101.5,336.5,10.25,36.0,17.75,74.5,3.25,1.0,2.5,2.0,19.75,NA,0.0,1.5,1.25,10.0,99.0,0.0,277.75,NA,NA,37.0,742.0,0.0
2026-01-01 05:00:00,94.25,326.5,9.25,34.75,16.0,74.0,2.0,1.0,2.5,2.0,19.75,NA,0.0,1.5,1.5,9.75,99.0,0.0,278.0,NA,NA,37.0,742.0,0.0
2026-01-01 06:00:00,89.0,190.0,8.75,33.75,15.25,68.0,2.0,1.0,2.75,2.25,18.0,NA,0.0,2.0,1.25,9.25,99.0,0.0,279.25,NA,NA,37.0,742.0,0.0
2026-01-01 07:00:00,118.0,198.5,8.0,34.25,15.0,65.0,3.0,1.0,3.25,3.0,11.5,NA,0.0,2.0,0.0,9.75,99.0,0.0,240.25,NA,NA,37.0,742.0,0.0
2026-01-01 08:00:00,115.75,378.25,7.25,35.5,14.0,57.75,3.5,1.0,3.75,3.0,11.75,NA,0.25,1.75,0.25,11.0,96.25,0.0,264.25,NA,NA,37.0,742.0,0.0
2026-01-01 09:00:00,110.5,472.5,10.25,35.75,17.25,75.0,3.33,0.5,7.0,3.0,13.75,NA,1.0,1.0,1.0,13.25,85.75,0.0,176.5,NA,NA,37.0,742.0,0.0
2026-01-01 10:00:00,104.25,246.25,11.25,34.0,17.0,69.0,3.25,1.0,12.0,3.0,13.25,NA,1.0,1.0,1.0,15.5,71.75,0.0,279.25,NA,NA,37.0,742.0,0.0
2026-01-01 11:00:00,101.25,193.25,10.25,34.5,16.75,71.5,2.0,0.0,20.25,3.0,13.75,NA,1.0,1.0,1.0,17.25,63.5,0.0,216.0,NA,NA,37.0,742.0,0.0
2026-01-01 12:00:00,110.5,234.25,9.0,35.0,16.25,75.25,2.0,0.0,24.0,3.0,13.25,NA,1.0,1.0,1.0,18.5,57.25,0.0,205.75,NA,NA,37.0,742.0,0.0
2026-01-01 13:00:00,107.25,235.25,13.0,32.75,17.5,63.5,6.33,0.0,41.75,3.0,14.0,NA,1.0,1.0,1.0,19.0,52.25,0.0,151.5,NA,NA,37.0,742.0,0.0
2026-01-01 14:00:00,91.25,241.0,10.0,34.5,16.25,62.75,5.5,1.0,44.0,3.0,13.5,NA,1.0,1.0,1.0,19.75,49.5,0.0,121.5,NA,NA,37.0,742.0,0.0
2026-01-01 15:00:00,95.25,302.5,12.0,33.75,18.25,62.75,2.0,0.5,45.25,3.0,13.5,NA,1.0,1.0,1.0,19.0,53.5,0.0,152.25,NA,NA,37.0,742.0,0.0
2026-01-01 16:00:00,105.33,332.33,11.75,34.0,17.75,75.75,2.25,0.0,24.0,3.0,13.75,NA,1.0,1.0,1.0,18.25,63.75,0.0,136.5,NA,NA,37.0,742.0,0.0
2026-01-01 17:00:00,84.5,93.0,12.5,32.5,17.0,87.0,2.0,0.0,5.75,3.0,13.25,NA,1.0,1.0,1.0,16.5,75.0,0.0,153.0,NA,NA,37.0,742.0,0.0
2026-01-01 18:00:00,83.5,383.25,11.0,35.75,17.0,87.0,2.0,1.67,4.75,2.75,15.0,NA,0.75,0.75,0.75,15.5,81.75,0.0,124.0,NA,NA,37.0,742.0,0.0
2026-01-01 19:00:00,85.0,741.5,11.25,33.0,16.5,86.5,11.0,2.0,4.75,2.0,19.25,NA,0.0,0.0,0.0,15.0,87.25,0.0,142.5,NA,NA,37.0,742.0,0.0
2026-01-01 20:00:00,88.75,513.75,9.0,37.0,15.5,91.5,16.0,0.0,6.5,3.25,17.0,NA,0.0,0.5,0.5,14.25,94.0,0.0,75.33,NA,NA,37.0,742.0,0.0
2026-01-01 21:00:00,92.5,188.5,8.75,36.75,15.5,82.5,2.0,0.0,7.5,4.0,15.0,NA,0.0,1.0,1.0,14.0,97.0,0.0,124.0,NA,NA,37.0,742.0,0.0
2026-01-01 22:00:00,94.25,322.0,12.25,34.75,18.75,79.0,3.0,0.33,6.75,3.0,17.0,NA,0.0,1.0,0.0,13.75,98.0,0.0,40.0,NA,NA,37.0,742.0,0.0
2026-01-01 23:00:00,94.33,573.0,9.33,36.33,16.67,78.67,5.0,0.0,8.33,3.0,17.33,NA,0.0,1.0,0.0,13.0,98.33,0.0,13.0,NA,NA,37.0,742.0,0.0
2026-01-02 00:00:00,95.0,491.25,9.5,35.25,16.5,83.75,5.5,0.67,8.0,2.0,15.0,NA,0.0,1.0,1.0,12.75,99.0,NA,NA,NA,NA,37.25,742.0,0.0
2026-01-02 01:00:00,105.5,300.25,9.5,33.75,15.75,83.0,11.33,0.0,7.25,2.0,15.0,NA,0.0,1.0,1.0,12.0,99.0,NA,NA,NA,NA,38.0,742.0,0.0
2026-01-02 02:00:00,101.25,436.75,12.5,34.0,18.0,83.5,11.0,0.67,7.75,2.0,15.0,NA,0.0,1.0,1.0,12.0,99.0,NA,NA,NA,NA,37.5,742.0,0.0
2026-01-02 03:00:00,97.75,389.0,8.25,33.5,13.0,82.5,3.33,0.25,4.5,2.0,18.0,NA,0.0,1.25,1.0,12.0,99.0,0.0,138.0,NA,NA,37.0,742.0,0.0
2026-01-02 04:00:00,103.67,231.0,12.0,35.0,17.75,74.25,2.25,1.0,6.0,2.0,20.0,NA,0.0,1.5,1.0,11.0,99.0,0.0,143.0,NA,NA,37.0,742.0,0.0
2026-01-02 05:00:00,NA,NA,12.75,35.75,19.0,73.75,2.0,0.25,5.5,2.0,19.5,NA,0.0,1.0,1.0,11.0,99.0,0.0,156.33,NA,NA,37.0,742.0,0.0
2026-01-02 06:00:00,80.5,352.0,10.5,35.25,17.25,67.25,2.0,1.0,4.25,2.25,18.0,NA,0.0,1.75,0.75,11.0,99.0,0.0,137.5,NA,NA,37.0,742.0,0.0
2026-01-02 07:00:00,93.75,304.75,8.75,36.0,16.25,64.25,9.0,1.0,3.0,3.0,11.25,NA,0.0,2.0,0.0,11.0,99.0,0.0,152.5,NA,NA,37.0,742.0,0.0
2026-01-02 08:00:00,104.75,298.25,12.25,34.0,17.75,57.75,7.5,1.0,2.25,3.0,12.25,NA,0.25,1.75,0.25,12.0,99.0,0.0,155.5,NA,NA,37.0,742.0,0.0
2026-01-02 09:00:00,100.0,334.75,11.75,34.5,17.25,74.25,9.0,0.25,4.25,3.0,13.25,NA,1.0,1.0,1.0,12.25,99.0,0.5,154.5,NA,NA,37.0,742.0,0.0
2026-01-02 10:00:00,95.75,233.75,10.75,36.0,17.5,69.5,9.25,0.33,6.0,3.0,13.5,NA,1.0,1.0,1.0,13.0,98.5,0.0,107.75,NA,NA,37.25,742.0,0.0
2026-01-02 11:00:00,99.5,309.25,13.0,34.5,18.25,70.25,2.67,0.0,6.5,3.0,13.25,NA,1.0,1.0,1.0,13.0,98.5,0.0,131.5,NA,NA,37.25,742.0,0.0
2026-01-02 12:00:00,90.5,443.75,10.25,35.75,17.25,75.5,5.25,NA,7.0,3.0,13.75,NA,1.0,1.0,1.0,13.0,98.0,0.0,125.75,NA,NA,37.0,742.0,0.0
2026-01-02 13:00:00,73.25,392.25,9.0,35.0,15.5,63.5,2.0,NA,5.0,3.0,13.75,NA,1.0,1.0,1.0,14.0,97.5,0.0,140.5,NA,NA,37.0,742.0,0.0
2026-01-02 14:00:00,95.0,336.0,13.0,33.75,18.5,62.0,2.0,NA,4.0,3.0,13.75,NA,1.0,1.0,1.0,14.0,97.5,0.0,136.25,NA,NA,37.0,742.0,0.0
2026-01-02 15:00:00,83.0,403.67,12.0,33.25,17.5,63.0,NA,0.0,3.25,3.0,13.5,NA,1.0,1.0,1.0,14.0,98.0,0.0,149.5,NA,NA,37.0,742.0,0.0
2026-01-02 16:00:00,85.25,424.0,8.25,34.0,14.25,76.25,NA,2.67,6.5,3.0,13.5,NA,1.0,1.0,1.0,14.0,98.0,0.0,140.25,NA,NA,37.0,742.0,0.0
2026-01-02 17:00:00,91.25,248.0,14.0,35.0,19.75,84.75,2.0,0.5,7.75,3.0,14.0,NA,1.0,1.0,1.0,13.5,99.0,0.0,149.25,NA,NA,37.0,742.0,0.0
2026-01-02 18:00:00,109.5,193.5,7.5,36.25,13.25,87.75,1.75,0.0,9.25,2.75,15.0,NA,0.75,0.75,0.75,14.0,99.0,0.0,148.75,NA,NA,37.0,742.0,0.0
2026-01-02 19:00:00,115.0,215.0,10.5,35.0,16.75,86.25,4.0,0.0,10.75,2.0,19.0,NA,0.0,0.0,0.0,14.0,99.0,0.0,139.75,NA,NA,37.0,742.0,0.0
2026-01-02 20:00:00,119.25,293.5,10.5,34.5,17.75,91.25,3.75,0.33,9.25,3.0,17.0,NA,0.0,0.5,0.5,14.0,99.0,0.0,150.0,NA,NA,37.0,742.0,0.0
2026-01-02 21:00:00,105.75,380.5,13.25,34.25,19.5,81.25,2.0,0.0,8.75,3.75,15.25,NA,0.0,1.0,1.0,14.0,98.5,0.0,107.25,NA,NA,37.0,742.0,0.0
2026-01-02 22:00:00,92.5,329.0,9.25,34.5,16.25,77.5,1.25,0.0,11.0,3.0,16.75,NA,0.0,1.0,0.0,14.0,98.0,0.0,83.0,NA,NA,37.0,742.0,0.0
2026-01-02 23:00:00,87.0,263.0,9.33,34.33,16.33,79.33,2.0,0.0,11.33,3.0,17.0,NA,0.0,1.0,0.0,13.33,98.0,0.0,135.0,NA,NA,37.0,742.0,0.0
2026-01-03 00:00:00,99.5,147.0,8.5,34.5,15.0,83.25,1.25,0.67,11.75,2.0,15.0,NA,0.0,1.0,1.0,13.0,99.0,0.5,149.75,NA,NA,37.0,742.0,0.0
2026-01-03 01:00:00,98.0,157.0,11.25,32.75,16.75,83.25,2.0,0.25,8.75,2.0,15.25,NA,0.0,1.0,1.0,12.75,99.0,0.5,145.0,NA,NA,37.0,742.0,0.0
2026-01-03 02:00:00,119.0,121.0,11.25,35.0,18.5,83.5,1.25,1.0,10.5,2.0,15.5,NA,0.0,1.0,1.0,12.0,99.0,0.25,145.0,NA,NA,37.0,742.0,0.0
2026-01-03 03:00:00,122.0,125.0,9.25,33.5,15.5,82.75,0.0,1.0,10.0,2.0,18.25,NA,0.0,1.0,1.25,12.0,98.75,0.0,149.25,NA,NA,37.0,742.0,0.0
2026-01-03 04:00:00,NA,NA,9.5,34.0,15.5,74.25,0.25,1.0,11.75,2.0,20.0,NA,0.0,1.0,1.0,12.0,98.0,0.0,148.0,NA,NA,37.0,742.0,0.0
2026-01-03 05:00:00,NA,NA,10.5,33.75,16.75,73.0,8.67,1.0,11.5,2.0,20.0,NA,0.0,1.25,1.75,12.0,98.0,0.0,146.5,NA,NA,37.0,742.0,0.0
2026-01-03 06:00:00,90.5,100.5,10.0,33.0,16.0,68.0,7.75,1.0,10.5,2.5,18.25,NA,0.0,1.25,1.0,12.0,98.0,0.0,154.0,NA,NA,37.0,742.0,0.0
2026-01-03 07:00:00,88.5,109.0,9.75,34.75,16.5,64.25,10.67,0.25,9.75,3.0,11.5,NA,0.0,2.0,0.0,12.0,98.0,0.0,133.5,NA,NA,37.0,742.0,0.0
2026-01-03 08:00:00,85.0,110.0,11.25,34.0,16.75,58.0,10.75,0.33,9.0,3.0,11.75,NA,0.5,1.75,0.25,12.0,98.0,0.0,124.25,NA,NA,37.0,742.0,0.0
2026-01-03 09:00:00,NA,NA,10.5,35.75,17.0,74.25,2.0,1.75,9.25,3.0,13.25,NA,1.0,1.0,1.0,12.5,98.0,0.0,110.25,NA,NA,37.0,742.0,0.0
2026-01-03 10:00:00,84.0,156.5,11.25,34.75,16.75,68.0,2.0,0.0,6.5,3.0,13.5,NA,1.0,1.0,1.0,13.0,95.25,0.0,97.5,NA,NA,37.0,742.0,0.0
2026-01-03 11:00:00,NA,NA,13.0,36.5,20.0,71.25,3.33,0.0,6.5,3.0,13.75,NA,1.0,1.0,1.0,13.0,90.5,0.0,85.5,NA,NA,37.0,742.0,0.0
2026-01-03 12:00:00,60.0,150.0,9.25,34.75,15.75,76.25,4.75,0.0,6.75,3.0,13.0,NA,1.0,0.75,1.0,13.0,86.0,0.0,78.75,NA,NA,37.0,742.0,0.0
2026-01-03 13:00:00,65.0,227.75,10.25,34.75,16.0,63.0,4.0,0.25,11.25,3.0,13.5,NA,1.0,1.0,1.0,14.0,79.25,0.0,127.5,NA,NA,37.0,742.0,0.0
2026-01-03 14:00:00,67.0,255.0,11.5,34.0,17.75,62.5,3.5,1.0,14.5,3.0,13.5,NA,1.0,1.0,1.0,14.5,72.5,0.25,159.0,NA,NA,37.0,742.0,0.0
2026-01-03 15:00:00,NA,NA,10.75,34.5,17.0,62.5,5.0,1.0,14.25,3.0,13.5,NA,1.0,1.0,1.0,15.25,69.75,0.0,161.25,NA,NA,37.0,742.0,0.0
2026-01-03 16:00:00,169.67,351.33,10.0,37.25,17.5,76.25,4.5,1.0,12.75,3.0,14.0,NA,1.0,1.0,1.0,15.0,70.75,0.0,148.5,NA,NA,37.0,742.0,0.0
2026-01-03 17:00:00,170.0,357.0,11.33,32.67,16.67,86.0,NA,1.67,9.0,3.0,13.67,NA,1.0,1.0,1.0,14.33,77.0,0.0,143.33,NA,NA,37.0,742.0,0.0
2026-01-03 18:00:00,266.33,499.67,11.5,35.25,17.25,86.25,NA,0.67,3.5,2.75,15.0,NA,0.75,0.75,0.75,13.0,85.0,0.0,127.5,NA,NA,37.0,742.0,0.0
2026-01-03 19:00:00,266.0,507.0,9.75,35.5,16.25,87.0,1.0,0.0,4.25,2.0,19.5,NA,0.0,0.0,0.0,12.5,90.25,0.0,146.75,NA,NA,37.0,742.0,0.0
2026-01-03 20:00:00,221.33,634.33,11.75,34.25,17.5,91.75,1.75,0.33,5.0,3.25,17.0,NA,0.0,0.5,0.75,12.0,90.25,0.0,145.5,NA,NA,37.0,742.0,0.0
2026-01-03 21:00:00,245.5,588.0,14.25,35.0,20.0,82.75,0.33,0.0,5.25,3.75,15.25,NA,0.0,1.0,1.0,11.75,91.5,0.0,144.0,NA,NA,37.0,742.0,0.0
2026-01-03 22:00:00,255.0,567.0,10.5,33.5,15.5,78.25,0.25,1.0,4.0,3.0,17.0,NA,0.0,1.0,0.0,11.0,97.25,0.0,144.25,NA,NA,37.0,742.0,0.0
2026-01-03 23:00:00,NA,NA,15.33,33.33,20.67,82.0,7.0,1.0,3.67,3.0,16.67,NA,0.0,1.0,0.0,11.0,97.67,0.0,143.0,NA,NA,37.0,742.0,0.0
2026-01-04 00:00:00,272.67,445.67,7.0,34.0,13.25,82.75,6.25,1.0,4.5,2.0,15.0,NA,0.0,1.0,1.0,10.0,98.0,0.0,136.25,NA,NA,37.0,742.0,0.0
2026-01-04 01:00:00,269.5,397.75,13.0,37.25,19.25,82.5,0.0,1.0,4.0,2.0,15.25,NA,0.0,1.0,0.75,10.0,99.0,0.0,131.5,NA,NA,37.0,742.0,0.0
2026-01-04 02:00:00,269.0,378.0,16.25,35.0,20.25,83.5,0.0,1.0,3.25,2.0,15.0,NA,0.0,1.0,1.0,9.0,98.5,0.0,86.67,NA,NA,37.0,742.0,0.0
2026-01-04 03:00:00,NA,NA,16.0,34.0,20.0,83.75,2.0,1.0,4.5,2.0,17.75,NA,0.0,1.0,1.25,9.0,98.25,NA,NA,NA,NA,37.0,742.0,0.0
2026-01-04 04:00:00,284.0,664.67,8.0,34.75,14.25,74.0,2.25,1.0,5.25,2.0,19.75,NA,0.0,1.5,1.5,9.0,98.0,0.0,31.0,NA,NA,37.0,742.0,0.0
2026-01-04 05:00:00,275.67,679.0,6.5,34.75,13.5,74.0,3.67,1.0,3.75,2.0,19.75,NA,0.0,1.5,1.0,9.0,98.75,0.0,40.0,NA,NA,37.0,742.0,0.0
2026-01-04 06:00:00,271.0,NA,9.25,35.0,15.25,68.75,3.75,1.0,4.25,2.25,17.75,NA,0.0,1.5,0.75,8.25,99.0,0.0,36.0,NA,NA,37.0,742.0,0.0
2026-01-04 07:00:00,236.0,475.0,9.25,34.0,15.0,65.0,3.67,1.0,5.0,3.0,11.5,NA,0.0,2.0,0.0,8.5,99.0,0.0,42.33,NA,NA,37.0,742.0,0.0
2026-01-04 08:00:00,238.0,483.0,8.0,36.25,14.75,57.0,4.0,1.0,6.25,3.0,12.0,NA,0.25,1.75,0.25,10.0,98.5,0.0,62.75,NA,NA,37.0,742.0,0.0
2026-01-04 09:00:00,250.67,295.0,8.25,35.0,14.0,74.5,11.0,0.5,10.75,3.0,13.5,NA,1.0,1.0,1.0,12.25,87.25,0.0,89.25,NA,NA,37.0,742.0,0.0
2026-01-04 10:00:00,264.0,398.75,14.75,33.75,20.5,69.75,10.25,0.67,15.25,3.0,13.5,NA,1.0,1.0,1.0,13.75,73.75,0.0,112.25,NA,NA,37.0,742.0,0.0
2026-01-04 11:00:00,269.0,436.0,12.25,35.0,18.75,71.25,0.33,0.0,18.75,3.0,14.0,NA,1.0,1.0,1.0,14.5,67.25,0.5,147.5,NA,NA,37.0,742.0,0.0
2026-01-04 12:00:00,133.75,340.5,10.75,35.25,18.0,77.5,0.25,0.0,19.75,3.0,13.5,NA,1.0,0.75,1.0,15.0,69.5,0.5,158.75,NA,NA,37.0,742.0,0.0
2026-01-04 13:00:00,117.0,385.0,11.25,34.75,17.5,63.75,2.0,0.0,19.0,3.0,13.25,NA,1.0,1.0,1.0,15.0,64.25,1.0,153.25,NA,NA,37.0,742.0,0.0
2026-01-04 14:00:00,NA,NA,12.5,34.75,18.5,63.0,0.75,1.0,21.5,3.0,13.5,NA,1.0,0.75,1.0,15.75,62.5,0.75,151.25,NA,NA,37.0,742.0,0.0
2026-01-04 15:00:00,158.0,266.67,13.75,33.5,19.0,62.75,2.0,1.0,20.0,3.0,13.25,NA,1.0,1.0,1.0,16.0,61.25,0.0,142.25,NA,NA,37.0,742.0,0.0
2026-01-04 16:00:00,150.25,330.0,9.75,35.5,16.75,77.25,1.25,1.0,18.75,3.0,13.5,NA,1.0,1.0,1.0,15.0,65.75,0.25,142.75,NA,NA,37.0,742.0,0.0
2026-01-04 17:00:00,96.5,277.0,9.5,33.75,14.75,84.75,0.0,1.0,11.25,3.0,14.0,NA,1.0,1.0,1.0,14.0,74.0,0.0,113.75,NA,NA,37.0,742.0,0.0
2026-01-04 18:00:00,106.5,525.75,8.0,35.5,13.5,88.0,0.0,1.0,8.5,2.75,15.0,NA,0.75,0.75,0.75,13.0,82.0,0.0,39.0,NA,NA,37.0,742.0,0.0
2026-01-04 19:00:00,91.75,585.75,10.0,34.0,15.25,87.25,0.33,1.25,7.0,2.0,19.0,NA,0.0,0.0,0.0,12.0,87.5,0.0,123.67,NA,NA,37.0,742.0,0.0
2026-01-04 20:00:00,98.0,585.0,11.0,34.5,16.5,90.5,2.75,1.0,5.0,3.0,17.25,NA,0.0,0.5,0.5,12.0,86.25,0.0,114.0,NA,NA,37.0,742.0,0.0
2026-01-04 21:00:00,119.25,595.75,14.0,36.75,20.0,81.0,13.33,0.5,3.75,4.0,15.75,NA,0.0,1.0,1.0,12.0,89.25,0.0,228.75,NA,NA,37.0,742.0,0.0
2026-01-04 22:00:00,108.5,641.25,11.5,34.0,17.5,80.5,15.5,0.0,4.5,3.0,17.5,NA,0.0,1.0,0.0,12.0,90.0,0.0,205.75,NA,NA,37.0,742.0,0.0
2026-01-04 23:00:00,76.67,503.0,12.33,35.67,18.67,79.33,0.0,0.0,4.67,3.0,17.0,NA,0.0,1.0,0.0,12.0,91.0,0.0,245.33,NA,NA,37.0,742.0,0.0
2026-01-05 00:00:00,105.75,316.75,9.25,34.75,16.0,83.75,0.0,1.0,5.5,2.0,15.0,NA,0.0,1.0,1.0,12.0,92.25,0.0,239.5,NA,NA,37.0,742.0,0.0
2026-01-05 01:00:00,124.0,280.0,13.25,34.5,19.0,83.25,NA,0.25,4.0,2.0,15.0,NA,0.0,1.0,1.0,12.0,96.5,0.0,198.33,NA,NA,37.0,742.0,0.0
2026-01-05 02:00:00,170.67,299.33,7.0,34.0,13.75,83.5,0.0,1.0,5.25,2.0,15.0,NA,0.0,1.0,1.0,12.0,90.75,0.0,137.67,NA,NA,37.0,742.0,0.0
2026-01-05 03:00:00,108.5,409.75,10.25,34.25,17.0,83.25,NA,1.0,7.25,2.0,18.0,NA,0.0,1.5,1.25,11.75,83.75,0.0,140.0,NA,NA,37.0,742.0,0.0
2026-01-05 04:00:00,54.0,338.0,9.5,33.75,16.0,74.75,NA,2.33,8.75,2.0,19.75,NA,0.0,1.0,1.25,11.0,86.5,0.0,158.0,NA,NA,37.0,742.0,0.0
2026-01-05 05:00:00,42.0,298.0,8.25,34.5,15.25,73.25,1.67,6.0,8.75,2.0,19.75,NA,0.0,1.0,2.0,11.0,86.75,0.0,153.0,NA,NA,37.0,742.0,0.0
2026-01-05 06:00:00,NA,NA,8.5,34.75,15.75,68.5,0.0,1.0,7.5,2.25,18.0,NA,0.0,1.25,1.25,10.0,91.25,0.0,150.5,NA,NA,37.0,742.0,0.0
2026-01-05 07:00:00,62.67,408.67,11.5,33.75,17.25,64.5,1.33,1.0,4.25,3.0,11.75,NA,0.0,2.0,0.0,10.25,95.0,0.0,32.0,NA,NA,37.0,742.0,0.0
2026-01-05 08:00:00,109.5,576.5,10.25,34.75,17.0,58.0,1.0,1.0,4.0,3.0,11.75,NA,0.25,1.75,0.25,12.5,75.5,0.0,26.0,NA,NA,37.0,742.0,0.0
2026-01-05 09:00:00,91.0,468.5,11.25,35.0,18.0,74.5,0.0,1.0,9.5,3.0,13.25,NA,1.0,1.0,1.0,13.75,61.5,0.0,39.75,NA,NA,37.0,742.0,0.0
2026-01-05 10:00:00,81.0,408.0,10.75,33.25,16.75,69.0,0.0,0.67,14.0,3.0,13.75,NA,1.0,1.0,1.0,15.0,56.75,0.0,43.5,NA,NA,37.0,742.0,0.0
2026-01-05 11:00:00,112.33,564.0,14.75,32.5,19.5,72.0,5.67,0.0,20.0,3.0,13.25,NA,1.0,1.0,1.0,16.0,55.25,0.0,97.25,NA,NA,37.0,742.0,0.0
2026-01-05 12:00:00,112.0,577.0,12.5,34.25,18.75,75.75,5.0,1.0,22.75,3.0,13.25,NA,1.0,1.0,1.0,16.75,53.5,0.0,133.25,NA,NA,37.0,742.0,0.0
2026-01-05 13:00:00,150.67,211.0,10.75,33.75,16.0,64.0,1.0,0.5,25.25,3.0,13.25,NA,1.0,1.0,1.0,17.75,50.5,0.0,98.5,NA,NA,37.0,742.0,0.0
2026-01-05 14:00:00,111.25,163.25,9.25,35.5,15.5,61.5,3.25,0.33,25.5,3.0,13.5,NA,1.0,1.0,1.0,17.75,51.25,0.5,135.75,NA,NA,37.0,742.0,0.0
2026-01-05 15:00:00,77.75,331.75,10.25,33.0,15.75,63.0,8.67,0.25,23.75,3.0,13.5,NA,1.0,1.0,1.0,17.5,55.0,0.0,150.25,NA,NA,37.0,742.0,0.0
2026-01-05 16:00:00,55.75,266.5,11.25,33.25,16.25,75.75,9.25,1.0,18.0,3.0,13.75,NA,1.0,1.0,1.0,16.5,61.5,0.0,105.25,NA,NA,37.0,742.0,0.0
2026-01-05 17:00:00,66.0,224.0,11.0,35.0,17.5,85.75,9.67,1.75,14.75,3.0,13.75,NA,1.0,0.75,1.0,14.5,75.75,0.25,155.0,NA,NA,37.0,742.0,0.0
2026-01-05 18:00:00,72.0,NA,10.25,34.75,17.0,86.5,8.5,1.0,8.5,2.75,14.75,NA,0.75,0.75,0.75,12.5,90.25,0.0,148.5,NA,NA,37.0,742.0,0.0
2026-01-05 19:00:00,135.33,177.67,11.75,35.0,18.25,86.0,4.33,0.25,7.5,2.0,19.5,NA,0.0,0.0,0.0,12.0,93.5,0.0,148.75,NA,NA,37.0,742.0,0.0
2026-01-05 20:00:00,101.5,427.5,10.75,33.5,16.75,91.0,4.75,1.0,4.25,3.25,17.25,NA,0.0,0.5,0.75,11.25,95.0,0.0,143.5,NA,NA,37.0,742.0,0.0
2026-01-05 21:00:00,117.75,240.75,12.0,34.75,17.75,82.0,NA,2.0,3.5,3.75,15.5,NA,0.0,1.0,1.0,11.0,98.0,0.0,145.75,NA,NA,37.0,742.0,0.0
2026-01-05 22:00:00,128.0,396.33,7.0,36.0,13.67,81.33,NA,0.67,6.67,2.33,16.67,NA,0.0,1.0,0.0,11.0,97.0,0.0,151.5,NA,NA,37.0,742.0,0.0
2026-01-05 23:00:00,127.0,533.0,9.0,35.33,15.0,76.67,0.0,0.0,7.0,3.0,17.67,NA,0.0,1.0,0.0,10.33,98.0,0.0,152.67,NA,NA,37.0,742.0,0.0
2026-01-06 00:00:00,120.33,476.33,11.5,34.25,17.0,83.25,0.0,1.0,7.25,2.0,15.0,NA,0.0,1.0,1.0,10.0,98.0,0.0,154.25,NA,NA,37.0,742.0,0.0
2026-01-06 01:00:00,120.0,485.0,10.75,35.0,17.0,83.25,NA,1.0,5.75,2.0,15.0,NA,0.0,1.0,1.0,10.0,98.25,0.0,153.5,NA,NA,37.0,742.0,0.0
2026-01-06 02:00:00,NA,NA,12.5,33.0,17.5,83.0,NA,1.0,5.5,2.0,15.0,NA,0.0,1.0,1.0,10.0,99.0,0.0,134.5,NA,NA,37.0,742.0,0.0
2026-01-06 03:00:00,NA,NA,10.75,34.0,15.75,83.25,1.67,0.0,6.25,2.0,18.25,NA,0.0,1.25,1.0,9.5,99.0,0.0,147.75,NA,NA,37.0,742.0,0.0
2026-01-06 04:00:00,132.0,608.33,10.0,33.0,15.5,74.25,1.0,1.0,6.0,2.0,20.0,NA,0.0,1.25,1.5,9.0,99.0,0.0,146.0,NA,NA,37.0,742.0,0.0
2026-01-06 05:00:00,131.0,619.0,12.5,37.0,18.5,73.25,NA,1.0,4.5,2.0,19.5,NA,0.0,1.25,1.5,8.25,99.0,0.25,143.75,NA,NA,37.0,742.0,0.0
2026-01-06 06:00:00,185.0,247.67,8.75,35.5,15.0,68.0,NA,3.67,6.0,2.25,18.0,NA,0.0,1.5,1.0,8.0,99.0,0.0,145.5,NA,NA,37.0,742.0,0.0
2026-01-06 07:00:00,185.0,253.0,9.5,34.0,15.5,64.25,4.0,4.0,7.25,3.0,11.75,NA,0.0,2.0,0.0,8.0,99.0,0.0,149.5,NA,NA,37.0,742.0,0.0
2026-01-06 08:00:00,157.67,205.67,10.5,32.0,15.75,58.5,4.0,1.0,7.0,3.0,12.0,NA,0.25,1.75,0.25,8.0,99.0,0.0,150.5,NA,NA,37.0,742.0,0.0
2026-01-06 09:00:00,159.0,210.0,9.75,34.0,16.0,74.0,0.67,1.0,8.0,3.0,13.0,NA,1.0,0.75,1.0,8.25,99.0,0.0,147.5,NA,NA,37.0,742.0,0.0
2026-01-06 10:00:00,101.67,203.0,16.0,31.5,19.5,68.5,0.5,0.33,5.5,3.0,13.5,NA,1.0,1.0,1.0,9.25,99.0,0.0,165.25,NA,NA,37.0,742.0,0.0
2026-01-06 11:00:00,108.25,183.0,11.5,33.5,16.0,71.25,8.67,0.0,5.25,3.0,13.75,NA,1.0,1.0,1.0,10.25,99.0,0.0,113.0,NA,NA,37.0,742.0,0.0
2026-01-06 12:00:00,99.75,159.0,9.25,35.0,15.0,75.5,9.75,0.67,7.5,3.0,13.25,NA,1.0,1.0,1.0,12.0,96.5,0.0,141.0,NA,NA,37.0,742.0,0.0
2026-01-06 13:00:00,121.0,164.0,16.75,34.0,22.25,63.75,0.0,1.5,11.75,3.0,13.25,NA,1.0,1.0,1.0,13.75,85.25,0.0,89.75,NA,NA,37.0,742.0,0.0
2026-01-06 14:00:00,121.5,151.75,11.0,34.75,17.5,62.5,0.0,0.0,16.0,3.0,13.25,NA,1.0,1.0,1.0,14.0,85.5,0.0,152.5,NA,NA,37.0,742.0,0.0
2026-01-06 15:00:00,118.75,136.0,14.5,32.75,18.0,62.25,9.67,0.0,16.75,3.0,13.75,NA,1.0,1.0,1.0,13.75,89.5,0.0,154.25,NA,NA,37.0,742.0,0.0
2026-01-06 16:00:00,96.75,168.0,14.25,32.5,19.0,76.25,8.25,1.0,11.5,3.0,13.75,NA,1.0,1.0,1.0,13.25,93.0,0.0,147.75,NA,NA,37.0,742.0,0.0
2026-01-06 17:00:00,125.67,218.67,10.33,36.0,16.67,86.33,6.0,1.0,7.0,3.0,14.0,NA,1.0,1.0,1.0,13.0,98.0,0.0,141.0,NA,NA,37.0,742.0,0.0
2026-01-06 18:00:00,176.25,232.0,10.75,35.75,17.0,87.0,5.75,0.67,8.75,2.75,15.25,NA,0.75,0.75,0.75,13.0,98.0,0.0,145.5,NA,NA,37.0,742.0,0.0
2026-01-06 19:00:00,161.0,227.0,11.75,35.0,17.75,87.25,2.0,0.0,12.75,2.0,19.25,NA,0.0,0.0,0.0,12.5,98.0,0.0,142.25,NA,NA,37.0,742.0,0.0
2026-01-06 20:00:00,117.25,220.0,11.5,36.0,18.25,90.75,2.0,1.67,14.25,3.25,17.0,NA,0.0,0.5,0.75,12.0,98.0,0.0,150.5,NA,NA,37.0,742.0,0.0
2026-01-06 21:00:00,135.0,233.0,14.75,35.75,20.25,82.75,2.0,1.5,15.25,3.75,15.5,NA,0.0,1.0,1.0,12.0,97.75,0.25,150.0,NA,NA,37.0,742.0,0.0
2026-01-06 22:00:00,113.25,237.0,11.25,35.0,17.0,79.0,2.0,1.0,14.25,3.0,17.0,NA,0.0,1.0,0.0,11.5,96.25,0.0,151.75,NA,NA,37.0,742.0,0.0
2026-01-06 23:00:00,116.0,206.0,8.67,35.67,15.0,82.33,2.5,1.0,12.0,3.0,17.0,NA,0.0,1.0,0.0,11.0,95.67,0.0,149.67,NA,NA,37.0,742.0,0.0
2026-01-07 00:00:00,NA,NA,13.25,36.0,19.0,83.25,2.25,1.0,11.25,2.0,15.0,NA,0.0,1.0,1.0,11.0,95.0,0.0,150.5,NA,NA,37.0,742.0,0.0
2026-01-07 01:00:00,144.5,256.0,13.75,34.25,18.75,83.5,11.0,1.0,12.25,2.0,15.0,NA,0.0,1.0,1.0,11.0,95.5,0.0,143.75,NA,NA,37.0,742.0,0.0
2026-01-07 02:00:00,163.75,251.0,11.0,37.25,17.75,82.75,10.0,1.0,10.25,2.0,15.0,NA,0.0,1.0,1.0,11.0,94.5,0.0,146.5,NA,NA,37.0,742.0,0.0
2026-01-07 03:00:00,142.25,236.0,14.0,35.25,18.25,83.75,7.33,1.0,9.25,2.0,18.0,NA,0.0,1.0,1.25,11.0,96.0,0.25,144.75,NA,NA,37.0,742.0,0.0
2026-01-07 04:00:00,96.25,248.0,11.5,35.25,16.0,74.5,7.5,1.0,7.25,2.0,19.5,NA,0.0,1.5,1.25,10.25,98.0,0.0,150.0,NA,NA,37.0,742.0,0.0
2026-01-07 05:00:00,129.25,223.0,7.75,33.0,12.75,73.5,2.67,1.0,8.5,2.0,19.5,NA,0.0,1.75,1.5,10.0,98.0,0.0,144.75,NA,NA,37.0,742.0,0.0
2026-01-07 06:00:00,155.0,275.0,8.0,34.5,14.0,68.0,2.0,1.0,10.75,2.25,18.0,NA,0.0,1.5,1.25,11.0,96.5,0.0,142.0,NA,NA,37.0,742.0,0.0
2026-01-07 07:00:00,156.5,271.0,11.25,34.75,16.75,64.5,2.67,1.0,11.0,3.0,11.5,NA,0.0,2.0,0.0,11.0,94.5,0.0,133.5,NA,NA,37.0,742.0,0.0
2026-01-07 08:00:00,182.75,246.0,7.5,37.5,14.75,57.25,3.0,1.0,11.75,3.0,12.25,NA,0.25,1.5,0.25,11.0,90.25,0.0,151.25,NA,NA,37.0,742.0,0.0
2026-01-07 09:00:00,150.25,226.0,8.75,34.25,14.0,74.5,4.0,1.0,12.0,3.0,13.5,NA,1.0,1.0,1.0,11.5,86.75,0.0,150.25,NA,NA,37.0,742.0,0.0
2026-01-07 10:00:00,158.75,253.0,7.0,36.5,11.0,69.75,3.0,0.33,10.75,3.0,13.25,NA,1.0,1.0,1.0,12.0,83.25,0.0,145.75,NA,NA,37.0,742.0,0.0
2026-01-07 11:00:00,191.0,233.0,NA,NA,NA,70.25,2.0,0.0,11.67,3.0,13.0,NA,1.0,1.0,1.0,12.75,78.0,0.0,152.0,NA,NA,37.0,742.0,0.0
2026-01-07 12:00:00,146.25,209.0,NA,NA,NA,75.75,3.0,0.0,19.0,3.0,13.75,NA,1.0,1.0,1.0,13.75,72.75,0.5,149.0,NA,NA,37.0,742.0,0.0
2026-01-07 13:00:00,142.0,214.0,8.0,34.5,13.0,63.25,12.0,0.0,NA,3.0,13.25,NA,1.0,1.0,1.0,15.25,65.75,0.0,115.25,NA,NA,37.0,742.0,0.0
2026-01-07 14:00:00,166.0,185.0,11.75,36.25,17.75,62.0,13.5,1.0,28.67,3.0,13.5,NA,1.0,1.0,1.0,16.0,62.75,0.0,121.75,NA,NA,37.0,742.0,0.0
2026-01-07 15:00:00,117.33,156.0,9.25,37.0,15.5,62.5,11.33,1.0,11.25,3.0,14.0,NA,1.0,1.0,1.0,16.0,62.75,0.0,106.5,NA,NA,37.0,742.0,0.0
2026-01-07 16:00:00,159.0,188.0,11.75,35.75,18.25,76.0,11.0,1.0,4.5,3.0,13.25,NA,1.0,0.75,1.0,15.25,68.25,0.0,118.75,NA,NA,37.0,742.0,0.0
2026-01-07 17:00:00,143.5,219.0,13.25,34.75,19.0,87.25,7.67,2.25,3.25,3.5,13.5,NA,1.0,1.0,1.0,13.75,79.25,0.0,143.25,NA,NA,37.0,742.0,0.0
2026-01-07 18:00:00,171.75,232.0,12.75,34.25,18.5,88.25,6.0,1.0,9.75,2.75,15.0,NA,0.75,0.75,0.75,13.0,85.75,0.0,146.0,NA,NA,37.0,742.0,0.0
2026-01-07 19:00:00,207.25,227.0,11.0,35.0,17.0,86.0,8.67,1.0,8.25,2.0,19.5,NA,0.0,0.0,0.0,12.33,91.33,0.0,147.67,NA,NA,37.0,742.0,0.0
2026-01-07 20:00:00,205.75,220.25,11.0,34.5,17.0,91.25,9.25,1.0,5.0,3.25,17.5,NA,0.0,0.5,0.5,11.5,96.25,0.5,144.5,NA,NA,37.0,742.0,0.0
2026-01-07 21:00:00,143.5,253.0,11.5,36.75,18.5,81.75,2.0,1.0,4.25,4.0,15.5,NA,0.0,1.0,1.0,10.25,98.25,0.0,139.75,NA,NA,37.0,742.0,0.0
2026-01-07 22:00:00,90.75,257.0,8.5,33.5,14.75,80.25,2.0,1.0,2.5,3.0,17.0,NA,0.0,1.0,0.0,10.0,99.0,0.25,141.75,NA,NA,37.0,742.0,0.0
2026-01-07 23:00:00,63.67,226.0,8.33,33.33,13.0,80.33,10.5,1.0,2.0,3.0,16.33,NA,0.0,1.0,0.0,9.0,99.0,0.0,137.33,NA,NA,37.0,742.0,0.0
2026-01-08 00:00:00,62.75,70.0,10.75,35.25,17.25,83.0,12.0,1.0,1.5,2.0,14.75,NA,0.0,1.0,1.0,8.5,99.0,0.0,135.75,NA,NA,37.0,742.0,0.0
2026-01-08 01:00:00,85.0,276.0,12.25,32.5,16.25,83.5,12.0,1.0,1.75,2.0,15.0,NA,0.0,1.0,1.0,7.75,99.0,0.0,151.75,NA,NA,37.0,742.0,0.0
2026-01-08 02:00:00,122.5,271.0,10.75,35.75,16.5,83.25,12.0,1.0,1.75,2.0,15.0,NA,0.0,1.0,1.0,7.0,99.0,0.0,146.75,NA,NA,37.0,742.0,0.0
2026-01-08 03:00:00,155.0,256.0,12.25,32.75,16.5,83.25,2.0,1.0,2.25,2.0,17.5,NA,0.0,1.25,1.0,7.0,99.0,0.0,148.5,NA,NA,37.0,742.0,0.0
2026-01-08 04:00:00,184.75,268.0,12.75,33.25,17.5,74.75,2.0,2.0,3.25,2.0,19.75,NA,0.0,1.5,1.75,7.0,99.0,0.0,124.75,NA,NA,37.0,742.0,0.0
2026-01-08 05:00:00,133.25,243.0,11.25,37.5,18.25,73.25,3.67,1.5,4.0,2.0,19.75,NA,0.0,1.75,1.5,7.0,99.0,0.0,123.0,NA,NA,37.0,742.0,0.0
2026-01-08 06:00:00,81.25,295.0,9.0,36.75,16.25,68.25,2.25,1.0,4.25,2.25,18.0,NA,0.0,1.75,1.25,7.0,99.0,0.0,160.75,NA,NA,37.0,742.0,0.0
2026-01-08 07:00:00,70.75,291.0,9.5,34.5,14.75,65.0,3.67,1.25,3.5,3.0,11.0,NA,0.0,2.0,0.0,7.0,99.0,0.0,155.25,NA,NA,37.0,742.0,0.0
2026-01-08 08:00:00,84.75,266.0,9.5,35.0,15.25,57.25,3.5,2.0,3.5,3.0,12.25,NA,0.25,1.75,0.25,7.0,99.0,0.0,173.25,NA,NA,37.0,742.0,0.0
2026-01-08 09:00:00,126.25,246.0,11.0,34.5,16.5,74.25,2.0,1.75,3.5,3.0,13.0,NA,1.0,1.0,1.0,7.75,99.0,0.0,177.25,NA,NA,37.0,742.0,0.0
2026-01-08 10:00:00,121.0,273.0,11.75,34.5,17.5,68.75,2.0,1.0,5.0,3.0,13.25,NA,1.0,1.0,1.0,9.5,97.0,0.25,163.25,NA,NA,37.0,742.0,0.0
2026-01-08 11:00:00,114.0,NA,12.5,36.0,18.0,74.75,2.0,1.0,10.5,3.0,12.75,NA,1.0,0.75,1.0,10.25,91.0,0.5,163.25,NA,NA,37.0,742.0,0.0
2026-01-08 12:00:00,45.0,67.75,10.5,34.75,14.5,81.5,2.0,1.0,14.75,3.0,14.0,NA,1.0,1.0,1.0,12.25,81.0,0.0,130.0,NA,NA,37.0,742.0,0.0
2026-01-08 13:00:00,60.0,361.25,16.0,35.25,19.75,68.25,2.0,1.0,17.0,3.0,13.5,NA,1.0,1.0,1.0,13.5,71.25,0.0,130.25,NA,NA,37.0,742.0,0.0
2026-01-08 14:00:00,56.0,473.25,12.25,35.0,15.75,67.25,2.0,1.0,37.75,3.0,13.75,NA,1.0,1.0,1.0,15.0,59.25,0.0,141.75,NA,NA,37.0,742.0,0.0
2026-01-08 15:00:00,55.0,261.0,12.0,36.5,17.0,67.75,3.67,1.0,36.0,3.0,13.75,NA,1.0,1.0,1.0,16.25,55.75,0.0,70.75,NA,NA,37.0,742.0,0.0
2026-01-08 16:00:00,49.5,334.75,8.75,35.5,14.0,81.75,3.5,1.33,24.25,3.0,13.5,NA,1.0,1.0,1.0,15.25,63.5,0.0,41.5,NA,NA,37.0,742.0,0.0
2026-01-08 17:00:00,40.67,313.67,10.75,37.25,16.25,91.0,15.67,2.0,12.0,3.0,14.0,NA,1.0,1.0,1.0,13.5,75.25,0.0,44.0,NA,NA,37.0,742.0,0.0
2026-01-08 18:00:00,64.5,693.5,12.25,35.75,17.0,92.25,17.0,1.0,7.0,2.75,15.0,NA,0.75,0.75,0.75,13.0,83.75,0.0,42.5,NA,NA,37.0,742.0,0.0
2026-01-08 19:00:00,59.5,782.75,12.5,35.75,17.25,90.75,12.67,1.25,7.5,2.0,19.5,NA,0.0,0.0,0.0,12.0,92.75,0.0,61.0,NA,NA,37.0,742.0,0.0
2026-01-08 20:00:00,63.0,670.5,12.5,36.0,16.75,96.75,14.5,1.0,7.25,3.0,17.25,NA,0.0,0.5,0.5,11.5,97.25,0.0,62.75,NA,NA,37.0,742.0,0.0
2026-01-08 21:00:00,69.25,654.75,12.25,37.0,16.5,87.0,2.0,0.75,5.0,4.0,15.75,NA,0.0,1.0,1.0,10.75,98.75,0.0,149.0,NA,NA,37.0,742.0,0.0
2026-01-08 22:00:00,59.25,387.5,10.5,35.75,15.75,83.5,2.0,1.0,4.75,3.0,17.0,NA,0.0,1.0,0.0,9.5,99.0,0.0,144.25,NA,NA,37.0,742.0,0.0
2026-01-08 23:00:00,60.67,407.0,12.67,37.33,17.67,85.33,2.0,0.33,4.33,2.67,18.0,NA,0.0,1.0,0.0,9.0,99.0,0.0,143.67,NA,NA,37.0,742.0,0.0
2026-01-09 00:00:00,74.5,234.5,14.75,36.25,19.0,87.5,2.0,1.0,7.0,2.0,15.0,NA,0.0,1.0,1.0,8.0,99.0,0.25,149.75,NA,NA,37.0,742.0,0.0
2026-01-09 01:00:00,85.75,274.75,10.0,38.0,15.75,88.5,3.0,1.0,10.0,2.0,15.0,NA,0.0,1.0,1.0,8.0,99.0,0.5,145.25,NA,NA,37.0,742.0,0.0
2026-01-09 02:00:00,86.25,192.5,12.5,37.0,17.0,88.5,2.25,1.0,8.25,2.0,15.0,NA,0.0,1.0,1.0,8.0,99.0,0.0,166.5,NA,NA,37.0,742.0,0.0
2026-01-09 03:00:00,73.75,288.75,13.25,37.25,18.0,88.0,8.0,1.0,9.0,2.0,18.0,NA,0.0,1.0,1.5,7.75,99.0,0.0,159.5,NA,NA,37.0,742.0,0.0
2026-01-09 04:00:00,69.25,179.25,11.0,36.5,16.5,79.5,6.5,1.0,9.5,2.0,20.0,NA,0.0,1.5,1.5,7.0,99.0,0.0,163.0,NA,NA,37.0,742.0,0.0
2026-01-09 05:00:00,70.0,148.0,11.5,35.0,16.25,78.0,2.0,1.0,9.5,2.0,19.75,NA,0.0,1.5,1.75,7.0,99.0,0.0,167.25,NA,NA,37.0,742.0,0.0
2026-01-09 06:00:00,54.0,238.0,11.0,38.5,17.0,73.25,2.0,1.0,6.25,2.25,17.75,NA,0.0,1.25,0.75,6.25,99.0,0.0,167.75,NA,NA,37.0,742.0,0.0
2026-01-09 07:00:00,56.75,321.75,13.0,36.75,17.5,69.25,2.0,1.0,4.25,3.0,11.5,NA,0.0,2.0,0.0,6.0,99.0,0.0,141.25,NA,NA,37.0,742.0,0.0
2026-01-09 08:00:00,54.5,309.75,11.25,37.0,16.0,63.5,2.0,1.33,3.5,3.0,11.5,NA,0.5,1.75,0.25,6.75,99.0,0.0,171.5,NA,NA,37.0,742.0,0.0
2026-01-09 09:00:00,56.0,164.0,12.5,36.0,17.0,78.75,2.0,2.0,4.25,3.0,14.0,NA,1.0,1.0,1.0,8.0,99.0,0.0,155.25,NA,NA,37.0,742.0,0.0
2026-01-09 10:00:00,62.0,301.25,10.5,37.5,15.75,74.0,2.0,1.0,7.5,3.0,13.75,NA,1.0,1.0,1.0,9.5,95.0,0.0,152.0,NA,NA,37.0,742.0,0.0
2026-01-09 11:00:00,73.75,327.5,12.5,35.75,16.75,75.5,7.67,2.0,14.75,3.0,13.25,NA,1.0,1.0,1.0,12.0,77.25,0.0,130.5,NA,NA,37.0,742.0,0.0
2026-01-09 12:00:00,75.75,593.75,11.5,36.0,16.25,82.0,7.75,1.0,28.25,3.0,13.5,NA,1.0,1.0,1.0,14.25,59.5,0.0,110.25,NA,NA,37.0,742.0,0.0
2026-01-09 13:00:00,92.5,438.0,16.0,36.25,20.25,68.5,2.0,0.75,35.0,3.0,13.25,NA,1.0,1.0,1.0,16.5,43.5,0.0,99.5,NA,NA,37.0,742.0,0.0
2026-01-09 14:00:00,112.0,385.5,12.0,37.5,17.0,67.0,2.0,1.67,32.5,3.0,14.0,NA,1.0,1.0,1.0,17.5,44.0,0.0,57.25,NA,NA,37.0,742.0,0.0
2026-01-09 15:00:00,95.0,204.5,13.25,35.75,17.5,67.0,11.0,1.25,26.25,3.0,13.5,NA,1.0,1.0,1.0,18.0,43.75,0.0,75.0,NA,NA,37.0,742.0,0.0
2026-01-09 16:00:00,93.0,454.75,10.75,36.5,15.75,81.5,10.75,1.0,19.25,3.0,13.25,NA,1.0,1.0,1.0,17.0,47.25,0.0,57.75,NA,NA,37.0,742.0,0.0
2026-01-09 17:00:00,85.0,348.67,14.33,37.33,17.67,90.33,8.5,2.0,8.33,3.0,13.0,NA,1.0,1.0,1.0,15.33,54.0,0.0,47.0,NA,NA,37.0,742.0,0.0
2026-01-09 18:00:00,82.0,345.5,17.75,35.25,20.75,91.25,10.25,2.33,7.5,3.0,14.5,NA,0.75,0.75,0.75,14.0,69.25,0.0,68.75,NA,NA,37.0,742.0,0.0
2026-01-09 19:00:00,83.75,711.5,13.5,38.5,19.25,91.5,10.67,2.75,6.75,2.0,19.25,NA,0.0,0.0,0.0,13.0,80.0,0.0,134.75,NA,NA,37.0,742.0,0.0
2026-01-09 20:00:00,72.25,761.25,13.75,37.25,18.5,95.5,13.75,0.33,5.75,3.0,17.0,NA,0.0,0.5,0.5,12.75,85.5,0.0,153.25,NA,NA,37.0,742.0,0.0
2026-01-09 21:00:00,64.0,484.0,9.25,37.25,14.75,88.75,2.0,0.75,6.25,3.75,15.75,NA,0.0,1.0,1.0,12.0,91.0,0.0,171.5,NA,NA,37.0,742.0,0.0
2026-01-09 22:00:00,82.0,253.25,14.25,37.75,19.5,84.0,2.0,1.0,5.25,3.0,17.0,NA,0.0,1.0,0.0,11.25,97.5,0.0,155.75,NA,NA,37.0,742.0,0.0
2026-01-09 23:00:00,95.0,349.33,12.0,37.67,17.0,85.0,9.5,0.67,6.33,3.0,17.0,NA,0.0,1.0,0.0,11.0,98.0,0.0,209.67,NA,NA,37.0,742.0,0.0
2026-01-10 00:00:00,101.5,456.5,15.25,35.0,18.5,88.5,11.0,1.0,3.75,2.0,14.75,NA,0.0,1.0,1.0,10.25,99.0,0.0,54.0,NA,NA,37.0,742.0,0.0
2026-01-10 01:00:00,89.25,517.0,8.25,37.75,13.5,88.0,5.33,1.0,2.25,2.0,15.0,NA,0.0,1.0,1.0,10.0,99.0,0.0,124.75,NA,NA,37.0,742.0,0.0
2026-01-10 02:00:00,82.0,336.0,9.5,36.75,14.25,88.0,6.0,1.0,1.75,2.0,14.5,NA,0.0,1.0,1.0,10.0,99.0,0.0,170.0,NA,NA,37.0,742.0,0.0
2026-01-10 03:00:00,85.67,148.0,14.0,36.5,18.5,88.25,7.33,1.0,1.75,2.0,18.0,NA,0.0,1.5,1.25,10.0,99.0,0.0,222.67,NA,NA,37.0,742.0,0.0
2026-01-10 04:00:00,90.5,462.0,15.0,36.5,19.75,79.25,6.75,1.0,2.75,2.0,20.0,NA,0.0,1.25,1.5,10.0,99.0,0.0,158.5,NA,NA,37.0,742.0,0.0
2026-01-10 05:00:00,106.0,416.5,12.25,37.0,16.75,78.5,2.0,1.0,2.75,2.0,19.75,NA,0.0,1.5,1.0,9.25,99.0,0.0,67.5,NA,NA,37.0,742.0,0.0
2026-01-10 06:00:00,111.0,282.0,9.25,36.75,15.25,73.75,2.0,1.0,3.5,2.25,17.75,NA,0.0,1.25,1.0,9.0,99.0,0.0,50.25,NA,NA,37.0,742.0,0.0
2026-01-10 07:00:00,90.75,352.25,9.75,35.75,15.75,68.75,2.0,1.75,1.5,3.0,11.25,NA,0.0,2.0,0.0,9.5,98.75,0.0,44.5,NA,NA,37.0,742.0,0.0
2026-01-10 08:00:00,79.25,797.75,10.5,37.0,17.0,63.25,2.0,1.0,2.25,3.0,12.25,NA,0.25,1.75,0.25,12.0,86.5,0.0,45.0,NA,NA,37.0,742.0,0.0
2026-01-10 09:00:00,84.25,215.5,12.5,35.75,17.75,78.0,3.33,1.0,9.0,3.0,13.25,NA,1.0,1.0,1.0,14.75,64.5,0.0,70.5,NA,NA,37.0,742.0,0.0
2026-01-10 10:00:00,69.5,457.25,9.25,36.75,15.75,73.75,5.25,1.0,22.75,3.0,13.5,NA,1.0,1.0,1.0,17.5,46.25,0.0,68.75,NA,NA,37.0,742.0,0.0
2026-01-10 11:00:00,73.0,391.25,11.0,36.25,17.0,76.0,2.0,1.0,35.5,3.0,13.75,NA,1.0,1.0,1.0,19.75,35.75,0.0,94.5,NA,NA,37.0,742.0,0.0
2026-01-10 12:00:00,87.5,334.0,9.0,36.75,16.0,81.5,2.0,1.0,31.25,3.0,13.5,NA,1.0,1.0,1.0,21.5,32.75,0.0,104.25,NA,NA,37.0,742.0,0.0
2026-01-10 13:00:00,124.67,253.0,10.25,37.0,15.67,68.5,8.33,1.0,31.0,3.0,13.5,NA,1.0,1.0,1.0,22.25,30.25,0.0,95.67,NA,NA,37.0,742.0,0.0
2026-01-10 14:00:00,112.0,278.5,11.0,35.25,15.75,67.25,6.75,1.0,33.75,3.0,13.75,NA,1.0,1.0,1.0,22.0,31.25,0.0,105.0,NA,NA,37.0,742.0,0.0
2026-01-10 15:00:00,103.0,302.75,12.5,35.75,17.25,67.75,4.0,1.0,32.5,3.0,14.0,NA,1.0,1.0,1.0,22.25,32.75,0.0,102.25,NA,NA,37.0,742.0,0.0
2026-01-10 16:00:00,81.5,161.25,10.0,36.75,16.0,81.0,4.0,1.33,21.0,3.0,13.25,NA,1.0,1.0,1.0,20.5,37.75,0.0,50.75,NA,NA,37.0,742.0,0.0
2026-01-10 17:00:00,79.25,310.0,12.25,37.0,18.25,90.0,2.33,2.0,11.0,3.0,13.25,NA,1.0,1.0,1.0,18.5,45.75,0.0,39.0,NA,NA,37.0,742.0,0.0
2026-01-10 18:00:00,96.0,426.25,10.75,38.0,17.0,90.75,2.75,2.0,8.75,2.75,15.0,NA,0.75,0.75,0.75,16.5,59.0,NA,NA,NA,NA,37.0,742.0,0.0
2026-01-10 19:00:00,96.75,673.0,10.75,36.5,16.5,91.0,3.0,6.25,7.25,2.0,19.5,NA,0.0,0.0,0.0,15.75,65.25,NA,NA,NA,NA,37.0,742.0,0.0
2026-01-10 20:00:00,96.75,799.25,13.0,36.0,18.0,95.75,8.25,1.0,8.75,3.0,17.0,NA,0.0,0.5,0.75,15.0,72.75,NA,NA,NA,NA,37.0,742.0,0.0
2026-01-10 21:00:00,86.5,895.25,13.5,36.25,18.25,87.0,13.67,0.25,7.0,4.0,15.5,NA,0.0,1.0,1.0,14.25,78.75,0.0,37.0,NA,NA,37.0,742.0,0.0
2026-01-10 22:00:00,82.75,818.5,9.0,36.5,15.25,82.75,18.5,1.0,6.5,3.0,16.75,NA,0.0,1.0,0.0,13.5,85.25,NA,NA,NA,NA,37.0,742.0,0.0
2026-01-10 23:00:00,74.0,691.0,8.67,35.67,14.33,88.0,6.5,0.0,6.67,2.67,16.67,NA,0.0,1.0,0.0,13.0,86.67,0.0,335.0,NA,NA,37.0,742.0,0.0
2026-01-11 00:00:00,63.75,638.5,12.0,37.25,18.0,88.0,7.5,0.67,5.75,2.0,15.0,NA,0.0,1.0,1.0,13.25,75.75,0.0,39.0,NA,NA,37.0,742.0,0.0
2026-01-11 01:00:00,59.0,529.75,11.5,38.25,17.25,88.25,2.0,0.0,4.0,2.0,15.25,NA,0.0,1.0,1.0,12.5,80.25,0.0,87.5,NA,NA,37.0,742.0,0.0
2026-01-11 02:00:00,64.25,362.0,12.25,39.0,17.5,88.25,2.0,1.0,4.75,2.0,15.0,NA,0.0,1.0,1.0,12.0,84.25,0.0,131.0,NA,NA,37.0,742.0,0.0
2026-01-11 03:00:00,87.75,477.0,12.75,36.5,18.0,88.5,4.67,0.75,4.25,2.0,18.25,NA,0.0,1.25,1.25,12.0,81.5,0.0,183.33,NA,NA,37.0,742.0,0.0
2026-01-11 04:00:00,94.0,323.0,10.5,37.0,15.5,79.0,3.0,1.0,5.5,2.0,20.0,NA,0.0,1.5,1.5,11.75,80.25,0.0,144.75,NA,NA,37.0,742.0,0.0
2026-01-11 05:00:00,97.33,165.0,14.5,34.75,18.0,78.75,2.0,1.0,5.75,2.0,19.25,NA,0.0,1.25,1.25,11.0,83.75,0.0,144.5,NA,NA,37.0,742.0,0.0
2026-01-11 06:00:00,82.75,214.0,11.0,37.25,15.0,72.5,2.0,1.0,6.0,2.25,17.5,NA,0.0,2.0,1.0,11.0,84.25,0.0,154.0,NA,NA,37.0,742.0,0.0
2026-01-11 07:00:00,89.75,250.75,15.0,35.75,19.25,69.25,4.33,1.0,7.25,3.0,11.75,NA,0.25,2.0,0.0,11.25,83.0,0.0,152.0,NA,NA,37.0,742.0,0.0
2026-01-11 08:00:00,72.0,564.67,8.67,36.0,12.67,63.33,3.33,1.5,7.0,3.0,11.0,NA,0.0,1.75,0.0,12.67,74.0,0.0,151.33,NA,NA,37.0,742.0,0.0
2026-01-11 09:00:00,77.25,483.0,11.0,36.0,15.75,79.0,10.33,1.5,11.0,3.0,13.0,NA,1.0,0.75,1.0,15.0,63.5,0.0,159.25,NA,NA,37.0,742.0,0.0
2026-01-11 10:00:00,92.5,160.75,10.0,36.5,14.75,72.75,10.0,1.0,25.75,3.0,14.0,NA,1.0,1.0,1.0,18.0,48.5,0.5,151.25,NA,NA,37.0,742.0,0.0
2026-01-11 11:00:00,90.0,312.25,11.75,36.5,17.0,75.75,15.0,1.0,36.0,3.0,13.25,NA,1.0,1.0,1.0,19.5,42.75,0.75,148.5,NA,NA,37.0,742.0,0.0
2026-01-11 12:00:00,101.5,537.75,10.25,34.5,15.25,82.25,15.5,1.0,36.75,3.0,13.5,NA,1.0,1.0,1.0,21.5,37.5,0.25,121.0,NA,NA,37.0,742.0,0.0
2026-01-11 13:00:00,100.0,366.0,9.5,35.75,14.25,68.5,12.0,1.75,34.0,3.0,14.0,NA,1.0,1.0,1.0,22.5,32.75,0.25,128.0,NA,NA,37.0,742.0,0.0
2026-01-11 14:00:00,87.67,175.0,17.25,35.0,19.5,67.0,8.25,1.33,29.25,3.0,13.5,NA,1.0,1.0,1.0,23.0,32.0,0.0,108.5,NA,NA,37.0,742.0,0.0
2026-01-11 15:00:00,87.0,138.0,12.25,37.0,16.5,67.75,7.0,1.0,33.0,3.0,13.5,NA,1.0,1.0,1.0,22.25,34.25,0.0,95.5,NA,NA,37.0,742.0,0.0
2026-01-11 16:00:00,99.0,302.25,14.25,38.0,19.5,81.75,8.0,0.67,30.25,3.0,13.25,NA,1.0,1.0,1.0,20.5,38.25,0.0,52.0,NA,NA,37.0,742.0,0.0
2026-01-11 17:00:00,101.25,182.5,16.25,35.75,19.75,92.25,4.0,0.75,25.25,3.0,13.75,NA,1.0,1.0,1.0,19.0,43.5,0.0,93.0,NA,NA,37.0,742.0,0.0
2026-01-11 18:00:00,78.0,118.0,12.25,38.75,17.5,92.75,3.5,1.0,20.0,2.75,15.0,NA,0.75,0.75,0.75,17.5,48.5,0.0,157.5,NA,NA,37.0,742.0,0.0
2026-01-11 19:00:00,95.5,330.0,14.75,37.0,19.75,91.25,2.0,1.0,15.25,2.0,19.75,NA,0.0,0.0,0.0,16.75,53.75,0.0,151.5,NA,NA,37.0,742.0,0.0
2026-01-11 20:00:00,106.25,286.75,12.75,37.25,17.75,96.25,2.25,1.0,13.25,3.25,17.25,NA,0.0,0.5,0.5,16.0,56.0,0.0,138.75,NA,NA,37.0,742.0,0.0
2026-01-11 21:00:00,110.0,577.0,7.5,35.5,13.0,86.0,10.0,1.0,12.0,3.75,15.5,NA,0.0,1.0,1.0,15.25,59.75,0.0,63.5,NA,NA,37.0,742.0,0.0
2026-01-11 22:00:00,101.5,619.75,13.25,36.25,18.5,84.0,11.5,1.0,12.25,3.0,16.75,NA,0.0,1.0,0.0,14.5,63.75,0.0,47.5,NA,NA,37.0,742.0,0.0
2026-01-11 23:00:00,99.0,219.67,10.67,36.33,15.67,86.33,4.0,0.67,12.67,2.67,17.33,NA,0.0,1.0,0.0,14.0,65.33,0.0,44.67,NA,NA,37.0,742.0,0.0
2026-01-12 00:00:00,103.0,103.0,14.5,37.0,18.75,88.0,4.25,1.0,12.0,2.0,15.0,NA,0.0,1.0,1.0,12.75,71.5,0.0,43.75,NA,NA,37.0,742.0,0.0
2026-01-12 01:00:00,105.5,559.75,9.75,35.25,15.25,88.5,14.0,1.0,15.75,2.0,15.25,NA,0.0,1.0,1.0,12.0,68.5,0.0,153.75,NA,NA,37.0,742.0,0.0
2026-01-12 02:00:00,87.25,272.75,11.0,38.0,17.5,88.25,12.75,1.0,17.0,2.0,15.0,NA,0.0,1.0,1.0,12.0,67.0,0.0,156.0,NA,NA,37.0,742.0,0.0
2026-01-12 03:00:00,85.0,120.5,11.5,36.25,17.25,88.5,5.67,1.0,19.75,2.0,18.0,NA,0.0,1.0,1.25,11.5,64.25,0.0,146.5,NA,NA,37.0,742.0,0.0
2026-01-12 04:00:00,67.0,270.0,11.25,36.25,16.75,79.5,5.75,2.0,11.75,2.0,20.0,NA,0.0,1.0,1.0,10.25,69.25,0.25,150.0,NA,NA,37.0,742.0,0.0
2026-01-12 05:00:00,64.5,248.0,9.25,36.75,15.5,78.5,11.33,2.0,9.5,2.0,20.0,NA,0.0,1.0,1.25,9.25,74.75,0.25,144.75,NA,NA,37.0,742.0,0.0
2026-01-12 06:00:00,90.25,269.25,11.5,35.75,16.75,73.5,12.25,1.67,6.75,2.25,18.0,NA,0.0,1.5,1.25,9.0,79.0,0.0,145.75,NA,NA,37.0,742.0,0.0
2026-01-12 07:00:00,100.0,312.0,11.75,37.75,17.75,69.75,8.0,2.0,8.0,3.0,11.25,NA,0.0,2.0,0.0,8.5,82.5,0.0,141.75,NA,NA,37.0,742.0,0.0
2026-01-12 08:00:00,88.0,228.0,10.5,37.0,17.0,63.0,8.75,1.67,9.25,3.0,12.0,NA,0.25,1.75,0.25,10.5,72.25,0.0,151.0,NA,NA,37.0,742.0,0.0
2026-01-12 09:00:00,97.0,564.25,12.0,35.25,17.25,77.75,6.33,1.75,18.75,3.0,13.75,NA,1.0,1.0,1.0,13.0,64.5,0.25,158.0,NA,NA,37.0,742.0,0.0
2026-01-12 10:00:00,101.25,454.25,11.25,36.0,17.0,73.5,4.75,1.0,25.5,3.0,13.5,NA,1.0,1.0,1.0,15.25,56.5,0.0,143.75,NA,NA,37.0,742.0,0.0
2026-01-12 11:00:00,87.25,623.0,10.0,36.5,15.0,75.5,12.67,1.0,37.75,3.0,13.25,NA,1.0,1.0,1.0,17.5,45.75,0.0,153.75,NA,NA,37.0,742.0,0.0
2026-01-12 12:00:00,76.0,437.0,10.75,37.25,17.25,81.75,10.5,1.33,42.75,3.0,13.75,NA,1.0,0.75,1.0,18.5,38.25,0.75,159.25,NA,NA,37.0,742.0,0.0
2026-01-12 13:00:00,123.5,377.0,11.25,35.5,15.0,68.0,4.67,1.25,53.5,3.0,13.25,NA,1.0,0.75,1.0,19.5,33.75,0.5,154.25,NA,NA,37.0,742.0,0.0
2026-01-12 14:00:00,102.0,289.0,10.75,36.25,16.75,67.0,4.25,1.33,49.0,3.0,13.25,NA,1.0,1.0,1.0,20.5,29.0,0.75,160.5,NA,NA,37.0,742.0,0.0
2026-01-12 15:00:00,100.67,218.0,10.75,35.25,15.75,67.0,7.33,1.25,48.5,3.0,13.75,NA,1.0,1.0,1.0,20.5,27.5,1.0,153.0,NA,NA,37.0,742.0,0.0
2026-01-12 16:00:00,97.0,145.0,11.25,37.0,17.0,81.75,8.0,1.33,54.25,3.0,14.0,NA,1.0,1.0,1.0,19.5,30.5,0.25,142.75,NA,NA,37.0,742.0,0.0
2026-01-12 17:00:00,85.0,228.0,11.67,37.0,17.67,91.67,5.5,2.0,45.0,3.0,13.33,NA,1.0,1.0,1.0,17.67,38.67,0.0,137.0,NA,NA,37.0,742.0,0.0
2026-01-12 18:00:00,86.25,432.25,9.5,37.25,15.75,91.0,8.25,2.0,11.75,2.75,15.0,NA,0.75,0.5,0.75,15.0,54.0,NA,NA,NA,NA,37.0,742.0,0.0
2026-01-12 19:00:00,103.5,654.5,11.0,37.0,16.5,91.25,17.33,3.5,9.0,2.0,19.0,NA,0.0,0.0,0.0,14.25,57.75,NA,NA,NA,NA,37.0,742.0,0.0
2026-01-12 20:00:00,102.5,593.5,11.0,35.75,16.0,97.25,21.5,2.0,9.25,3.25,17.25,NA,0.0,0.5,0.5,13.25,64.75,NA,NA,NA,NA,37.0,742.0,0.0
2026-01-12 21:00:00,86.0,757.0,12.75,37.5,16.75,86.5,9.0,2.75,5.5,4.0,15.25,NA,0.0,1.0,1.0,13.0,68.5,0.0,181.0,NA,NA,37.0,742.0,0.0
2026-01-12 22:00:00,80.0,772.0,11.25,37.75,16.5,85.25,8.25,0.33,5.0,3.0,16.75,NA,0.0,1.0,0.25,12.5,69.25,0.0,141.33,NA,NA,37.0,742.0,0.0
2026-01-12 23:00:00,100.0,384.67,11.33,39.0,18.33,85.33,9.5,0.0,6.0,2.67,17.0,NA,0.0,1.0,0.0,11.67,76.0,0.0,196.0,NA,NA,37.0,742.0,0.0
2026-01-13 00:00:00,79.75,514.75,11.25,35.75,15.75,88.25,8.0,1.0,6.0,2.0,15.0,NA,0.0,1.0,1.0,11.0,76.25,0.0,160.75,NA,NA,37.0,742.0,0.0
2026-01-13 01:00:00,69.75,370.75,11.25,35.75,17.0,88.75,4.0,1.0,10.0,2.0,14.5,NA,0.0,1.0,1.0,11.0,75.0,0.0,165.25,NA,NA,37.0,742.0,0.0
2026-01-13 02:00:00,63.75,527.0,12.5,36.5,17.75,88.25,2.75,1.0,12.25,2.0,15.0,NA,0.0,1.0,1.0,11.0,72.5,0.0,136.25,NA,NA,37.0,742.0,0.0
2026-01-13 03:00:00,65.5,413.25,10.0,37.75,15.0,88.5,2.0,1.0,11.75,2.0,18.0,NA,0.0,1.0,1.25,11.0,65.25,0.0,151.75,NA,NA,37.0,742.0,0.0
2026-01-13 04:00:00,79.0,276.5,10.5,35.25,15.5,79.25,2.0,2.0,15.25,2.0,19.25,NA,0.0,1.75,1.25,10.25,69.0,0.0,157.5,NA,NA,37.0,742.0,0.0
2026-01-13 05:00:00,75.0,166.0,11.5,36.0,16.5,77.5,2.0,2.0,8.5,2.0,19.5,NA,0.0,1.25,1.75,9.5,79.5,0.0,151.5,NA,NA,37.0,742.0,0.0
2026-01-13 06:00:00,86.33,182.0,11.75,37.25,17.0,73.25,2.0,1.67,6.25,2.25,18.0,NA,0.0,1.75,1.0,8.75,88.5,0.0,150.0,NA,NA,37.0,742.0,0.0
2026-01-13 07:00:00,84.75,103.0,13.5,36.5,18.0,69.5,8.33,2.0,8.25,3.0,12.0,NA,0.0,2.0,0.0,9.25,86.25,0.0,154.25,NA,NA,37.0,742.0,0.0
2026-01-13 08:00:00,85.75,392.75,12.0,35.5,16.5,61.75,7.75,1.0,19.5,3.0,11.75,NA,0.25,1.75,0.25,12.0,69.0,0.0,150.5,NA,NA,37.0,742.0,0.0
2026-01-13 09:00:00,95.5,381.0,11.5,36.5,17.25,80.25,6.67,1.0,21.0,3.0,13.75,NA,1.0,1.0,1.0,14.25,54.5,0.0,123.75,NA,NA,37.0,742.0,0.0
2026-01-13 10:00:00,105.5,245.25,8.75,37.25,15.25,74.75,6.0,1.0,27.75,3.0,13.75,NA,1.0,1.0,1.0,16.75,42.5,0.0,105.0,NA,NA,37.0,742.0,0.0
2026-01-13 11:00:00,100.0,349.25,14.25,34.75,18.5,76.0,10.33,1.0,45.75,3.0,13.5,NA,1.0,1.0,1.0,18.5,36.0,1.0,154.0,NA,NA,37.0,742.0,0.0
2026-01-13 12:00:00,89.25,294.75,9.5,36.0,15.75,82.0,8.75,2.0,47.25,3.0,13.25,NA,1.0,1.0,1.0,19.25,30.0,1.0,146.5,NA,NA,37.0,742.0,0.0
2026-01-13 13:00:00,91.0,356.75,10.75,37.25,17.0,68.0,2.33,1.75,47.25,3.0,13.5,NA,1.0,1.0,1.0,20.0,29.0,1.0,149.0,NA,NA,37.0,742.0,0.0
2026-01-13 14:00:00,80.33,297.0,9.33,35.67,15.33,67.0,2.0,1.0,47.0,3.0,13.67,NA,1.0,1.0,1.0,20.33,29.67,0.33,146.33,NA,NA,37.0,742.0,0.0
2026-01-13 15:00:00,81.5,299.75,9.5,36.25,15.25,67.75,9.33,1.0,43.5,3.0,13.25,NA,1.0,1.0,1.0,20.0,26.5,0.0,143.0,NA,NA,37.0,742.0,0.0
2026-01-13 16:00:00,72.0,215.0,11.75,36.0,17.5,80.5,8.25,1.0,41.25,3.0,13.5,NA,1.0,1.0,1.0,19.0,30.0,0.0,141.75,NA,NA,37.0,742.0,0.0
2026-01-13 17:00:00,NA,NA,12.5,37.25,18.0,90.5,4.67,1.75,20.5,3.0,13.75,NA,1.0,1.0,1.0,17.25,36.75,0.0,65.75,NA,NA,37.0,742.0,0.0
2026-01-13 18:00:00,85.25,612.5,9.25,37.0,16.0,91.75,5.75,2.33,9.5,2.75,14.75,NA,0.75,0.75,0.75,15.0,49.5,0.0,89.0,NA,NA,37.0,742.0,0.0
2026-01-13 19:00:00,91.0,637.5,12.75,36.75,17.75,91.0,5.67,4.0,5.5,2.0,19.25,NA,0.0,0.0,0.0,13.75,60.5,NA,NA,NA,NA,37.0,742.0,0.0
2026-01-13 20:00:00,83.25,492.25,9.75,37.75,16.0,96.25,10.0,1.33,4.75,3.0,17.5,NA,0.0,0.5,0.75,13.0,66.25,NA,NA,NA,NA,37.0,742.0,0.0
2026-01-13 21:00:00,93.25,544.5,12.0,37.75,17.5,87.5,3.0,0.75,5.5,4.0,15.5,NA,0.0,1.0,1.0,12.5,67.25,NA,NA,NA,NA,37.0,742.0,0.0
2026-01-13 22:00:00,79.25,227.25,10.5,36.25,16.0,86.25,3.25,1.0,7.0,3.0,16.75,NA,0.0,1.0,0.0,12.0,71.5,0.0,32.0,NA,NA,37.0,742.0,0.0
2026-01-13 23:00:00,81.0,647.67,10.0,37.67,16.33,85.0,4.0,1.0,7.33,3.0,16.33,NA,0.0,1.0,0.0,12.0,73.33,0.0,24.0,NA,NA,37.0,742.0,0.0
2026-01-14 00:00:00,92.0,687.75,11.0,37.25,16.5,88.0,4.0,1.0,6.75,2.0,15.0,NA,0.0,1.0,1.0,11.75,73.5,0.0,48.0,NA,NA,37.0,742.0,0.0
2026-01-14 01:00:00,88.0,567.67,9.0,36.67,15.0,87.33,2.0,0.0,10.33,2.0,15.0,NA,0.0,1.0,1.0,11.0,76.0,0.0,345.0,NA,NA,37.0,742.0,0.0
2026-01-14 02:00:00,90.5,589.75,12.75,35.25,17.0,88.0,2.0,1.0,10.25,2.0,15.0,NA,0.0,1.0,1.0,11.0,76.25,0.0,33.67,NA,NA,37.0,742.0,0.0
2026-01-14 03:00:00,96.25,248.75,15.75,36.5,20.25,88.25,2.0,1.0,11.25,2.0,18.0,NA,0.0,1.25,1.5,10.5,80.0,0.0,55.25,NA,NA,37.0,742.0,0.0
2026-01-14 04:00:00,78.25,348.0,8.5,37.25,12.5,79.75,2.0,1.67,9.0,2.0,20.0,NA,0.0,1.5,1.25,10.0,85.5,0.0,59.33,NA,NA,37.0,742.0,0.0
2026-01-14 05:00:00,82.5,381.5,6.75,35.75,12.25,78.5,2.0,1.0,10.75,2.25,19.5,NA,0.0,1.25,1.75,10.0,87.25,0.0,62.75,NA,NA,37.0,742.0,0.0
2026-01-14 06:00:00,76.75,431.75,11.0,36.75,16.0,73.0,2.0,1.33,6.5,2.25,17.75,NA,0.0,1.5,1.25,9.5,86.75,0.0,66.5,NA,NA,37.0,742.0,0.0
2026-01-14 07:00:00,74.67,738.0,8.33,36.33,12.67,69.33,5.0,2.0,4.33,3.0,11.0,NA,0.0,2.0,0.0,9.33,88.0,0.0,87.0,NA,NA,37.0,742.0,0.0
2026-01-14 08:00:00,73.0,396.25,13.0,38.0,18.0,63.25,4.75,1.67,9.5,3.0,12.5,NA,0.25,1.75,0.25,11.75,76.5,0.0,155.75,NA,NA,37.0,742.0,0.0
2026-01-14 09:00:00,80.25,558.5,14.25,37.75,19.75,79.5,2.0,2.0,16.25,3.0,13.75,NA,1.0,1.0,1.0,14.0,58.0,0.0,94.5,NA,NA,37.0,742.0,0.0
2026-01-14 10:00:00,78.0,486.75,12.75,34.25,16.0,74.0,2.0,1.0,33.75,3.0,13.75,NA,1.0,1.0,1.0,16.5,41.5,0.0,110.5,NA,NA,37.0,742.0,0.0
2026-01-14 11:00:00,94.25,220.0,11.5,36.5,16.0,77.25,6.67,1.0,38.75,3.0,13.75,NA,1.0,1.0,1.0,18.75,32.75,0.0,87.5,NA,NA,37.0,742.0,0.0
2026-01-14 12:00:00,96.0,283.5,12.0,35.25,16.0,82.0,5.25,1.0,42.5,3.0,13.0,NA,1.0,1.0,1.0,20.0,22.0,0.25,142.25,NA,NA,37.0,742.0,0.0
2026-01-14 13:00:00,25.0,10.0,10.0,35.0,14.75,68.5,NA,0.0,41.5,3.0,13.75,NA,1.0,1.0,1.0,20.5,18.75,0.75,152.75,NA,NA,37.0,742.0,0.0
2026-01-14 14:00:00,0.5,23.0,8.0,38.0,15.0,67.5,5.0,0.0,41.5,3.0,13.5,NA,1.0,1.0,1.0,21.0,19.5,0.5,154.5,NA,NA,37.0,742.0,0.0
2026-01-14 15:00:00,47.33,58.33,8.0,36.0,12.5,68.0,11.0,1.25,45.0,3.0,14.0,NA,1.0,1.0,1.0,20.25,24.5,0.75,159.75,NA,NA,37.0,742.0,0.0
2026-01-14 16:00:00,60.67,71.67,16.0,38.5,20.5,NA,13.25,1.0,NA,3.0,13.5,NA,1.0,1.0,1.0,19.5,28.75,0.0,137.25,NA,NA,37.0,742.0,0.0
2026-01-14 17:00:00,50.0,161.25,10.75,36.5,14.75,89.0,4.0,0.5,32.0,3.0,13.0,NA,1.0,1.0,1.0,17.25,36.75,0.0,157.25,NA,NA,37.0,742.0,0.0
2026-01-14 18:00:00,46.75,394.5,16.0,36.25,19.75,91.5,4.25,1.0,9.25,NA,NA,NA,NA,NA,NA,15.5,46.5,0.0,152.67,NA,NA,37.0,742.0,0.0
2026-01-14 19:00:00,85.75,416.25,14.25,34.75,17.25,92.25,4.67,1.75,11.25,2.0,19.0,NA,0.0,0.0,0.0,14.0,56.75,NA,NA,NA,NA,37.0,742.0,0.0
2026-01-14 20:00:00,121.75,442.33,12.5,36.75,17.5,95.5,9.5,1.67,13.25,3.0,17.25,NA,0.0,0.5,0.75,12.5,67.5,NA,NA,NA,NA,37.0,742.0,0.0
2026-01-14 21:00:00,151.67,NA,12.5,35.5,16.5,86.25,7.0,2.75,13.25,3.75,15.5,NA,0.0,1.0,1.0,12.0,73.0,NA,NA,NA,NA,37.0,742.0,0.0
2026-01-14 22:00:00,118.0,863.0,12.0,37.25,16.25,83.75,11.5,0.0,12.0,3.0,16.5,NA,0.0,1.0,0.0,11.75,75.5,0.0,36.0,NA,NA,37.0,742.0,0.0
2026-01-14 23:00:00,117.67,864.0,13.0,36.33,17.0,83.67,5.0,0.67,10.0,3.0,17.67,NA,0.0,1.0,0.0,11.33,82.0,NA,NA,NA,NA,37.0,742.0,0.0
2026-01-15 00:00:00,73.75,819.0,16.5,36.25,20.75,88.0,8.75,0.0,4.0,2.0,15.0,NA,0.0,1.0,1.0,11.5,80.75,NA,NA,NA,NA,37.0,742.0,0.0
2026-01-15 01:00:00,41.67,588.67,14.25,37.25,18.25,88.25,8.0,0.0,7.0,2.0,15.0,NA,0.0,1.0,1.0,10.5,87.25,NA,NA,NA,NA,38.0,742.0,0.0
2026-01-15 02:00:00,24.5,297.0,14.0,37.5,18.25,88.0,6.75,0.33,7.5,2.0,14.75,NA,0.0,1.0,1.0,10.0,85.75,NA,NA,NA,NA,42.75,742.0,0.0
2026-01-15 03:00:00,27.67,533.0,13.25,38.75,18.75,87.25,1.33,0.0,9.75,2.0,17.75,NA,0.0,1.25,1.0,9.75,85.25,NA,NA,NA,NA,47.75,742.0,0.0
2026-01-15 04:00:00,40.0,160.0,8.5,37.25,15.25,79.75,0.25,1.0,9.5,2.0,19.75,NA,0.0,1.0,1.25,9.25,85.75,0.0,193.0,NA,NA,109.0,742.25,0.0
2026-01-15 05:00:00,61.25,324.25,11.5,37.25,16.0,77.75,14.0,1.0,12.0,2.0,19.75,NA,0.0,1.75,1.5,8.75,91.5,NA,NA,NA,NA,276.25,744.0,0.0
2026-01-15 06:00:00,60.0,438.0,12.0,36.25,17.0,73.0,11.75,1.0,12.5,2.25,17.75,NA,0.0,1.5,1.25,9.0,92.0,NA,NA,NA,NA,476.75,745.25,0.0
2026-01-15 07:00:00,71.0,333.0,11.5,36.75,16.75,69.5,0.0,1.25,10.75,3.0,11.0,NA,0.0,2.0,0.0,9.25,91.25,0.0,56.33,NA,NA,42.75,742.0,0.0
2026-01-15 08:00:00,86.0,136.0,14.0,35.5,17.75,62.5,0.0,1.0,14.75,3.0,11.75,NA,0.25,1.75,0.25,11.25,77.75,0.0,48.0,NA,NA,37.0,742.0,0.0
2026-01-15 09:00:00,124.25,311.0,10.75,37.5,16.75,80.25,0.33,0.75,30.5,3.0,13.5,NA,1.0,1.0,1.0,14.0,61.75,0.0,66.25,NA,NA,37.0,742.0,0.0
2026-01-15 10:00:00,94.25,290.0,11.25,37.0,17.0,74.75,0.25,0.67,39.75,3.0,13.25,NA,1.0,1.0,1.0,16.0,51.75,0.0,161.0,NA,NA,37.0,742.0,0.0
2026-01-15 11:00:00,83.0,240.5,12.0,36.5,17.5,75.75,0.0,0.0,47.25,3.0,14.0,NA,1.0,1.0,1.0,18.0,43.0,0.0,115.25,NA,NA,37.0,742.0,0.0
2026-01-15 12:00:00,66.0,228.5,10.0,36.0,14.5,81.25,0.0,1.0,51.5,3.0,13.5,NA,1.0,1.0,1.0,19.5,32.0,0.0,58.5,NA,NA,37.0,742.0,0.0
2026-01-15 13:00:00,67.67,138.33,11.25,37.75,17.75,68.75,0.0,2.0,49.0,3.0,13.5,NA,1.0,1.0,1.0,20.0,29.0,0.0,78.5,NA,NA,37.0,742.0,0.0
2026-01-15 14:00:00,62.0,138.25,13.0,36.25,18.0,67.75,0.0,0.0,53.0,3.0,13.75,NA,1.0,1.0,1.0,20.75,29.0,0.0,119.25,NA,NA,37.0,742.0,0.0
2026-01-15 15:00:00,62.5,262.25,11.25,35.25,16.25,67.0,4.67,0.0,47.75,3.0,13.5,NA,1.0,1.0,1.0,20.25,32.25,0.0,109.0,NA,NA,37.0,742.0,0.0
2026-01-15 16:00:00,92.5,215.5,12.75,37.0,18.25,81.0,5.75,1.0,41.75,3.0,13.5,NA,1.0,1.0,1.0,18.75,39.75,0.0,50.75,NA,NA,37.0,742.0,0.0
2026-01-15 17:00:00,91.25,222.0,12.75,36.25,17.75,91.5,5.67,1.0,32.5,3.0,14.0,NA,1.0,1.0,1.0,16.75,46.75,0.0,114.0,NA,NA,37.0,742.0,0.0
2026-01-15 18:00:00,62.5,156.5,12.25,38.0,18.25,91.5,5.75,1.67,18.5,2.75,14.5,NA,0.75,0.75,0.75,14.5,58.5,NA,NA,NA,NA,37.0,742.0,0.0
2026-01-15 19:00:00,59.25,320.75,12.5,38.25,18.0,92.5,0.33,3.0,14.0,2.0,19.0,NA,0.0,0.0,0.0,13.5,66.0,NA,NA,NA,NA,37.0,742.0,0.0
2026-01-15 20:00:00,67.75,452.0,11.75,36.25,16.25,95.0,3.5,0.0,8.5,2.75,17.25,NA,0.0,0.5,0.5,13.0,70.75,NA,NA,NA,NA,37.0,742.0,0.0
2026-01-15 21:00:00,73.25,524.25,8.5,36.0,12.75,88.0,5.0,0.0,12.25,3.75,15.25,NA,0.0,1.0,1.0,13.0,71.75,0.0,158.0,NA,NA,37.0,742.0,0.0
2026-01-15 22:00:00,124.5,361.75,10.25,35.0,14.5,84.75,6.75,0.67,23.5,3.0,16.5,NA,0.0,1.0,0.0,11.75,74.75,0.75,149.5,NA,NA,37.0,742.0,0.0
2026-01-15 23:00:00,126.0,256.0,13.0,38.33,17.67,85.0,NA,0.0,17.0,3.0,17.67,NA,0.0,1.0,0.0,11.0,82.0,0.0,151.33,NA,NA,37.0,742.0,0.0
2026-01-16 00:00:00,90.75,259.25,16.75,36.5,20.75,88.75,NA,1.0,16.25,2.0,15.25,NA,0.0,1.0,1.0,10.0,91.25,0.0,154.5,NA,NA,37.0,742.0,0.0
2026-01-16 01:00:00,98.5,187.25,9.5,37.25,14.0,88.5,3.67,1.0,11.25,2.0,15.0,NA,0.0,1.0,1.0,10.0,97.75,0.0,145.75,NA,NA,37.0,742.0,0.0
2026-01-16 02:00:00,102.75,326.25,15.5,37.75,19.75,88.0,3.0,1.0,10.5,2.0,14.75,NA,0.0,1.0,1.0,9.25,98.0,0.0,157.0,NA,NA,37.0,742.0,0.0
2026-01-16 03:00:00,85.75,358.25,13.25,36.0,17.5,88.5,0.0,0.0,12.5,2.25,18.0,NA,0.0,1.0,1.25,9.5,98.0,0.0,146.75,NA,NA,37.0,742.0,0.0
2026-01-16 04:00:00,123.5,306.25,12.0,36.5,17.25,79.0,0.0,1.0,11.25,2.0,19.75,NA,0.0,1.5,1.25,9.25,98.25,0.0,159.5,NA,NA,37.0,742.0,0.0
2026-01-16 05:00:00,131.0,252.75,11.75,38.5,17.0,78.25,3.33,1.0,9.75,2.0,19.5,NA,0.0,1.25,1.25,9.0,99.0,0.0,160.0,NA,NA,37.0,742.0,0.0
2026-01-16 06:00:00,138.25,219.5,13.0,38.25,17.0,72.5,1.75,1.0,9.25,2.25,18.5,NA,0.0,1.5,1.0,7.0,99.0,0.75,158.0,NA,NA,37.0,742.0,0.0
2026-01-16 07:00:00,81.5,263.75,14.25,36.0,18.5,69.25,2.67,1.0,8.75,3.0,11.75,NA,0.0,2.0,0.0,6.0,99.0,0.25,152.5,NA,NA,37.0,742.0,0.0
2026-01-16 08:00:00,62.5,280.25,13.0,36.25,18.0,63.0,1.75,1.0,7.75,3.0,11.75,NA,0.25,1.75,0.25,6.0,99.0,0.0,167.5,NA,NA,37.0,742.0,0.0
2026-01-16 09:00:00,68.25,238.25,12.75,37.5,17.75,80.25,13.33,1.0,7.75,3.0,13.0,NA,1.0,0.75,1.0,7.25,99.0,0.0,161.5,NA,NA,37.0,742.0,0.0
2026-01-16 10:00:00,52.0,172.33,15.0,38.0,19.5,72.0,15.5,1.0,11.5,3.0,13.5,NA,1.0,1.0,1.0,8.75,98.75,1.0,167.75,NA,NA,37.0,742.0,0.0
2026-01-16 11:00:00,84.0,149.0,12.5,38.25,18.5,75.25,7.33,1.0,14.5,3.0,13.5,NA,1.0,1.0,1.0,10.5,96.25,1.0,165.5,NA,NA,37.0,742.0,0.0
2026-01-16 12:00:00,119.0,172.0,9.75,37.25,15.25,82.0,6.5,0.33,14.5,3.0,14.0,NA,1.0,1.0,1.0,11.75,89.0,0.75,166.0,NA,NA,37.0,742.0,0.0
2026-01-16 13:00:00,133.5,245.0,13.0,36.75,17.0,69.0,0.0,0.0,22.0,3.0,13.25,NA,1.0,1.0,1.0,14.0,78.25,0.0,166.75,NA,NA,37.0,742.0,0.0
2026-01-16 14:00:00,161.0,311.5,12.25,34.5,16.75,67.25,NA,1.0,36.0,3.0,13.0,NA,1.0,0.75,1.0,16.0,64.75,0.0,162.0,NA,NA,37.0,742.0,0.0
2026-01-16 15:00:00,141.0,271.0,8.75,34.25,12.75,66.75,2.33,1.0,41.75,3.0,13.0,NA,1.0,1.0,1.0,17.25,56.25,0.0,169.75,NA,NA,37.0,742.0,0.0
2026-01-16 16:00:00,96.0,247.0,13.25,34.75,16.75,83.0,2.75,1.0,38.5,3.0,13.75,NA,1.0,1.0,1.0,16.75,56.75,0.0,161.0,NA,NA,37.0,742.0,0.0
2026-01-16 17:00:00,89.25,211.25,10.0,39.25,17.0,91.25,8.67,2.0,19.0,3.0,13.5,NA,1.0,0.75,1.0,14.75,67.0,0.0,114.0,NA,NA,37.0,742.0,0.0
2026-01-16 18:00:00,64.25,304.75,12.5,38.25,18.0,91.25,7.0,1.0,9.75,2.75,14.75,NA,0.75,0.75,0.75,13.25,78.25,0.0,201.0,NA,NA,37.0,742.0,0.0
2026-01-16 19:00:00,57.25,541.75,16.75,33.5,19.25,92.25,11.67,2.0,12.5,2.0,19.75,NA,0.0,0.0,0.0,12.0,89.0,NA,NA,NA,NA,37.0,742.0,0.0
2026-01-16 20:00:00,58.25,548.75,14.0,37.75,19.5,96.0,15.0,0.67,11.5,3.25,17.25,NA,0.0,0.5,0.5,11.75,97.25,NA,NA,NA,NA,37.0,742.0,0.0
2026-01-16 21:00:00,51.75,499.0,8.25,39.0,15.0,85.5,4.33,2.5,10.0,4.0,15.25,NA,0.0,1.0,1.0,11.0,99.0,NA,NA,NA,NA,37.0,742.0,0.0
2026-01-16 22:00:00,59.5,533.5,11.75,36.5,16.75,84.0,8.25,0.0,9.25,3.0,16.5,NA,0.0,1.0,0.0,10.25,99.0,NA,NA,NA,NA,37.0,742.0,0.0
2026-01-16 23:00:00,74.33,650.0,11.0,37.0,16.67,83.33,7.0,0.0,8.67,2.67,17.33,NA,0.0,1.0,0.0,10.0,99.0,NA,NA,NA,NA,37.0,742.0,0.0
2026-01-17 00:00:00,84.25,609.25,15.25,37.0,19.25,88.75,11.25,1.0,7.25,2.0,15.0,NA,0.0,1.0,1.0,9.5,99.0,NA,NA,NA,NA,37.0,742.0,0.0
2026-01-17 01:00:00,77.75,624.25,12.75,35.75,16.75,88.25,0.0,1.0,7.0,2.0,15.0,NA,0.0,1.0,1.0,9.0,99.0,NA,NA,NA,NA,37.0,742.0,0.0
2026-01-17 02:00:00,80.5,400.75,11.5,36.0,16.5,88.25,0.0,0.0,6.25,2.0,15.0,NA,0.0,1.0,1.0,9.0,99.0,NA,NA,NA,NA,37.0,742.0,0.0
2026-01-17 03:00:00,131.0,372.75,9.75,36.25,14.75,89.25,0.0,0.0,4.75,2.0,18.25,NA,0.0,1.0,1.25,8.5,99.0,NA,NA,NA,NA,37.0,742.0,0.0
2026-01-17 04:00:00,146.75,539.75,10.5,36.25,15.25,79.5,0.0,0.0,7.0,2.0,19.5,NA,0.0,1.25,1.5,8.0,99.0,0.0,159.0,NA,NA,37.0,742.0,0.0
2026-01-17 05:00:00,108.0,326.0,11.25,36.75,16.0,78.75,4.67,0.0,7.5,2.0,19.75,NA,0.0,1.5,1.5,7.5,99.0,0.0,149.25,NA,NA,37.0,742.0,0.0
2026-01-17 06:00:00,109.0,132.5,10.0,38.0,16.5,73.0,3.25,1.0,7.75,2.25,17.5,NA,0.0,1.5,1.0,7.0,99.0,0.0,153.75,NA,NA,37.0,742.0,0.0
2026-01-17 07:00:00,108.75,155.25,11.25,36.75,16.5,69.25,6.33,1.0,8.0,3.0,11.5,NA,0.25,2.0,0.0,6.25,99.0,0.0,155.25,NA,NA,37.0,742.0,0.0
2026-01-17 08:00:00,92.0,276.0,11.75,37.25,17.5,63.0,3.0,1.0,8.5,3.0,12.0,NA,0.25,1.75,0.25,7.5,99.0,0.0,173.5,NA,NA,37.0,742.0,0.0
2026-01-17 09:00:00,120.25,322.75,9.5,38.25,16.0,79.5,7.0,1.0,9.75,3.0,14.0,NA,1.0,1.0,1.0,9.75,99.0,0.0,181.5,NA,NA,37.0,742.0,0.0
2026-01-17 10:00:00,118.0,156.0,11.75,36.0,16.75,73.25,3.75,1.0,16.5,3.0,13.75,NA,1.0,1.0,1.0,13.25,88.0,0.0,165.5,NA,NA,37.0,742.0,0.0
2026-01-17 11:00:00,122.0,186.0,12.5,35.0,17.0,77.0,NA,0.5,27.0,3.0,13.0,NA,1.0,1.0,1.0,15.5,77.75,0.0,170.25,NA,NA,37.0,742.0,0.0
2026-01-17 12:00:00,110.0,240.75,8.5,36.5,14.25,82.0,NA,1.0,47.25,3.0,13.5,NA,1.0,0.75,1.0,18.25,61.25,0.0,109.75,NA,NA,37.0,742.0,0.0
2026-01-17 13:00:00,113.25,256.0,12.25,35.25,17.0,68.75,0.33,0.0,58.25,3.0,13.25,NA,1.0,1.0,1.0,19.25,50.5,0.0,156.0,NA,NA,37.0,742.0,0.0
2026-01-17 14:00:00,129.75,348.0,9.75,34.0,14.5,67.5,0.0,1.0,62.75,3.0,13.5,NA,1.0,1.0,1.0,20.25,47.0,0.0,137.5,NA,NA,37.0,742.0,0.0
2026-01-17 15:00:00,121.0,329.5,12.0,34.75,16.75,67.5,0.0,1.0,54.0,3.0,13.25,NA,1.0,1.0,1.0,20.0,54.5,0.0,156.75,NA,NA,37.0,742.0,0.0
2026-01-17 16:00:00,90.5,207.25,12.75,36.25,17.75,80.75,0.0,1.0,42.25,3.0,13.25,NA,1.0,1.0,1.0,19.5,56.75,0.0,151.0,NA,NA,37.0,742.0,0.0
2026-01-17 17:00:00,62.75,230.0,13.0,35.5,18.0,90.25,6.67,1.5,16.25,3.0,13.75,NA,1.0,1.0,1.0,17.25,68.25,0.0,257.0,NA,NA,37.0,742.0,0.0
2026-01-17 18:00:00,71.0,400.25,13.25,36.0,17.75,91.25,6.25,0.33,9.0,2.75,15.0,NA,0.75,0.75,0.75,15.0,83.75,NA,NA,NA,NA,37.0,742.0,0.0
2026-01-17 19:00:00,135.0,472.0,9.75,35.5,14.25,91.75,6.67,1.75,11.25,2.0,19.75,NA,0.0,0.0,0.0,13.75,91.25,NA,NA,NA,NA,37.0,742.0,0.0
2026-01-17 20:00:00,147.5,567.5,14.0,38.25,19.0,95.75,9.0,1.0,12.0,3.0,17.0,NA,0.0,0.5,0.5,12.75,97.5,NA,NA,NA,NA,37.0,742.0,0.0
2026-01-17 21:00:00,103.25,499.75,11.25,35.75,16.25,88.0,5.33,2.0,11.5,3.75,15.25,NA,0.0,1.0,1.0,12.0,99.0,NA,NA,NA,NA,37.0,742.0,0.0
2026-01-17 22:00:00,83.0,378.75,11.75,36.75,17.5,86.25,10.75,0.67,8.5,2.75,17.0,NA,0.0,1.0,0.0,11.25,98.0,NA,NA,NA,NA,37.0,742.0,0.0
2026-01-17 23:00:00,108.0,521.33,9.67,35.33,15.33,85.0,5.0,0.0,10.33,3.0,17.0,NA,0.0,1.0,0.0,11.0,98.33,NA,NA,NA,NA,37.0,742.0,0.0
2026-01-18 00:00:00,153.0,429.25,9.75,38.5,16.0,88.75,7.5,0.33,8.0,2.0,15.0,NA,0.0,1.0,1.0,10.25,98.25,NA,NA,NA,NA,37.0,742.0,0.0
2026-01-18 01:00:00,151.75,550.75,10.5,37.5,16.0,88.0,3.0,0.0,6.75,2.0,15.0,NA,0.0,1.0,1.0,10.0,98.5,NA,NA,NA,NA,37.0,742.0,0.0
2026-01-18 02:00:00,150.0,409.5,13.5,36.25,18.0,88.5,4.5,0.33,5.75,2.0,15.0,NA,0.0,1.0,1.0,9.5,99.0,NA,NA,NA,NA,37.0,742.0,0.0
2026-01-18 03:00:00,121.25,421.5,11.75,37.75,17.75,88.75,2.0,0.0,5.5,2.0,17.75,NA,0.0,1.25,1.0,8.75,99.0,0.0,143.5,NA,NA,37.0,742.0,0.0
2026-01-18 04:00:00,84.67,415.5,11.33,36.33,16.0,79.0,1.33,0.5,8.33,2.0,19.67,NA,0.0,1.0,1.33,8.0,99.0,0.0,164.0,NA,NA,37.0,742.0,0.0
2026-01-18 05:00:00,73.75,180.25,13.0,34.5,17.25,78.25,1.67,0.0,11.25,2.0,20.0,NA,0.0,1.25,1.0,7.5,99.0,0.0,190.0,NA,NA,37.0,742.0,0.0
2026-01-18 06:00:00,61.25,145.0,11.5,36.0,16.75,73.75,0.0,1.0,9.0,2.25,18.0,NA,0.0,1.5,1.0,7.0,99.0,NA,NA,NA,NA,37.0,742.0,0.0
2026-01-18 07:00:00,63.0,231.5,10.25,36.25,15.5,70.25,NA,1.0,8.5,3.0,11.25,NA,0.0,2.0,0.0,7.25,99.0,0.0,172.0,NA,NA,37.0,742.0,0.0
2026-01-18 08:00:00,100.5,275.0,10.75,37.25,16.25,63.5,NA,1.0,10.75,3.0,12.25,NA,0.25,1.75,0.25,9.5,99.0,0.0,167.0,NA,NA,37.0,742.0,0.0
2026-01-18 09:00:00,102.0,440.5,9.5,36.75,15.0,77.75,4.67,1.0,15.25,3.0,13.25,NA,1.0,1.0,1.0,14.25,84.25,0.0,298.67,NA,NA,37.0,742.0,0.0
2026-01-18 10:00:00,75.67,445.0,10.75,36.0,16.25,74.0,3.5,0.67,32.0,3.0,14.0,NA,1.0,0.75,1.0,17.0,63.25,0.0,291.5,NA,NA,37.0,742.0,0.0
2026-01-18 11:00:00,84.0,177.5,9.75,34.75,14.5,76.75,11.0,0.0,54.0,3.0,13.25,NA,1.0,1.0,1.0,19.75,44.75,0.0,237.0,NA,NA,41.75,742.0,0.0
2026-01-18 12:00:00,73.0,283.0,11.25,34.25,15.75,81.5,9.5,0.67,60.25,3.0,13.5,NA,1.0,1.0,1.0,20.5,43.0,0.0,245.5,NA,NA,452.67,748.0,0.0
2026-01-18 13:00:00,73.0,296.67,8.75,36.25,14.5,68.25,2.67,0.0,59.25,3.0,13.5,NA,1.0,1.0,1.0,21.75,35.75,0.0,245.25,NA,NA,57.0,742.0,0.0
2026-01-18 14:00:00,NA,NA,12.25,34.75,16.75,67.0,1.0,1.0,55.0,3.0,13.0,NA,1.0,1.0,1.0,22.0,32.0,0.0,215.0,NA,NA,37.0,742.0,0.0
2026-01-18 15:00:00,NA,NA,8.5,37.75,14.75,67.25,0.0,0.5,54.75,3.0,13.0,NA,1.0,1.0,1.0,22.0,30.5,0.0,197.0,NA,NA,37.0,742.0,0.0
2026-01-18 16:00:00,130.0,225.0,10.25,37.0,15.5,80.0,0.0,1.0,30.5,3.0,13.75,NA,1.0,1.0,1.0,21.25,43.75,0.0,219.5,NA,NA,37.0,742.0,0.0
2026-01-18 17:00:00,101.33,308.33,12.33,35.0,16.67,92.0,9.0,2.0,8.33,3.0,13.33,NA,1.0,1.0,1.0,19.0,57.0,0.0,127.33,NA,NA,37.0,742.0,0.0
2026-01-18 18:00:00,114.25,413.75,12.0,36.75,17.25,91.25,11.0,1.67,8.75,2.75,15.0,NA,0.75,0.75,0.75,16.75,70.75,NA,NA,NA,NA,37.0,742.0,0.0
2026-01-18 19:00:00,129.5,455.25,12.25,37.5,18.25,92.25,9.0,2.75,9.0,2.0,19.25,NA,0.0,0.0,0.0,16.0,74.25,0.0,45.0,NA,NA,37.0,742.0,0.0
2026-01-18 20:00:00,138.75,499.0,10.0,37.25,15.75,96.25,12.0,0.0,7.25,3.25,17.5,NA,0.0,0.5,0.5,15.0,82.5,NA,NA,NA,NA,37.0,742.0,0.0
2026-01-18 21:00:00,113.75,525.75,11.5,36.25,16.75,84.75,1.0,1.5,7.25,3.75,15.5,NA,0.0,1.0,1.0,15.0,88.75,0.0,164.0,NA,NA,37.0,742.0,0.0
2026-01-18 22:00:00,115.25,640.0,11.25,37.5,17.0,84.5,6.25,0.0,5.25,3.0,16.75,NA,0.0,1.0,0.0,14.25,92.75,0.0,73.67,NA,NA,37.0,742.0,0.0
2026-01-18 23:00:00,134.0,430.33,12.0,35.33,17.0,84.0,7.5,0.0,5.33,3.0,17.0,NA,0.0,1.0,0.0,14.33,95.67,0.0,158.0,NA,NA,37.0,742.0,0.0
2026-01-19 00:00:00,103.5,549.25,10.75,36.0,16.25,88.25,11.25,0.0,4.0,2.0,15.0,NA,0.0,1.0,1.0,15.0,84.5,0.0,181.25,NA,NA,37.0,742.0,0.0
2026-01-19 01:00:00,136.25,417.75,13.25,39.5,20.25,88.25,0.0,0.0,5.5,2.0,15.0,NA,0.0,1.0,1.0,14.75,84.25,0.0,174.5,NA,NA,37.0,742.0,0.0
2026-01-19 02:00:00,107.25,316.0,13.25,37.0,16.75,87.75,0.0,1.0,6.5,2.0,15.0,NA,0.0,1.0,1.0,14.25,84.25,0.0,81.5,NA,NA,37.0,742.0,0.0
2026-01-19 03:00:00,78.33,237.33,13.25,33.75,16.5,88.25,10.0,0.0,7.5,2.0,17.5,NA,0.0,1.5,1.5,14.25,86.0,0.0,99.25,NA,NA,37.0,742.0,0.0
2026-01-19 04:00:00,113.5,187.0,13.5,36.75,18.25,78.25,6.75,1.0,5.5,2.0,19.75,NA,0.0,1.25,1.75,14.0,92.75,0.0,118.5,NA,NA,37.0,742.0,0.0
2026-01-19 05:00:00,129.25,239.0,8.5,36.5,14.25,78.5,8.33,0.75,6.25,2.0,19.5,NA,0.0,1.25,1.75,13.0,95.75,0.25,149.0,NA,NA,37.0,742.0,0.0
2026-01-19 06:00:00,102.0,236.0,12.25,37.75,17.5,73.25,4.5,1.0,5.0,2.25,18.25,NA,0.0,1.75,0.75,12.75,98.25,0.0,118.67,NA,NA,37.0,742.0,0.0
2026-01-19 07:00:00,85.75,216.5,11.75,37.75,17.75,69.25,10.67,1.0,5.5,3.0,11.25,NA,0.25,2.0,0.0,13.75,95.25,0.0,149.25,NA,NA,37.0,742.0,0.0
2026-01-19 08:00:00,120.0,351.25,11.5,36.75,17.25,64.25,8.0,1.0,6.5,3.0,11.5,NA,0.25,1.75,0.25,15.0,88.25,0.0,271.5,NA,NA,37.0,742.0,0.0
2026-01-19 09:00:00,142.0,382.5,10.25,38.25,16.25,78.5,1.67,0.5,11.5,3.0,13.0,NA,1.0,1.0,1.0,17.25,69.25,0.0,259.75,NA,NA,37.0,742.0,0.0
2026-01-19 10:00:00,115.5,221.5,14.5,36.0,19.25,73.5,0.75,1.0,27.25,3.0,13.25,NA,1.0,1.0,1.0,20.0,52.5,0.0,199.0,NA,NA,37.0,742.0,0.0
2026-01-19 11:00:00,84.0,138.33,12.25,37.25,17.75,77.0,0.0,1.0,42.25,3.0,13.25,NA,1.0,1.0,1.0,21.75,44.25,0.0,230.75,NA,NA,37.0,742.0,0.0
2026-01-19 12:00:00,NA,NA,10.0,35.75,14.75,81.75,0.0,1.0,51.5,3.0,13.25,NA,1.0,1.0,1.0,23.5,31.75,0.0,250.25,NA,NA,37.0,742.0,0.0
2026-01-19 13:00:00,108.0,241.33,13.0,36.5,18.25,68.5,3.33,1.0,50.5,3.0,13.5,NA,1.0,1.0,1.0,24.75,27.0,0.0,210.5,NA,NA,37.0,742.0,0.0
2026-01-19 14:00:00,101.0,352.75,14.5,35.5,18.25,67.5,2.0,1.0,53.5,3.0,13.75,NA,1.0,1.0,1.0,25.0,24.25,0.0,190.0,NA,NA,37.0,742.0,0.0
2026-01-19 15:00:00,82.5,358.5,12.25,36.25,16.75,68.0,5.0,1.0,52.5,3.0,13.75,NA,1.0,1.0,1.0,25.0,25.25,0.0,201.25,NA,NA,37.0,742.0,0.0
2026-01-19 16:00:00,104.0,245.25,14.5,34.75,18.0,80.75,5.0,1.0,34.25,3.0,13.0,NA,1.0,1.0,1.0,24.0,33.5,0.0,206.25,NA,NA,37.0,742.0,0.0
2026-01-19 17:00:00,75.25,325.5,12.0,36.0,16.75,92.25,5.33,1.75,10.0,3.0,13.25,NA,1.0,1.0,1.0,20.75,51.25,0.0,117.0,NA,NA,37.0,742.0,0.0
2026-01-19 18:00:00,64.0,444.0,10.25,35.25,14.0,91.25,11.75,3.0,8.5,2.75,14.75,NA,0.75,0.75,0.75,19.25,65.75,0.0,139.0,NA,NA,37.0,742.0,0.0
2026-01-19 19:00:00,45.0,467.5,16.25,36.75,20.75,90.25,12.67,3.5,7.0,2.0,19.25,NA,0.0,0.0,0.0,18.25,72.5,0.0,49.0,NA,NA,37.0,742.0,0.0
2026-01-19 20:00:00,45.25,682.5,10.75,36.25,15.75,96.5,29.0,0.33,5.5,3.25,17.25,NA,0.0,0.5,0.5,17.0,80.25,NA,NA,NA,NA,37.0,742.0,0.0
2026-01-19 21:00:00,51.25,895.25,10.0,36.5,15.75,89.0,1.33,0.0,5.75,3.75,15.75,NA,0.0,1.0,1.0,16.5,84.25,0.0,190.0,NA,NA,37.0,742.0,0.0
2026-01-19 22:00:00,57.25,805.75,10.5,38.5,16.75,84.0,10.5,0.0,4.5,3.0,17.0,NA,0.0,1.0,0.25,15.75,93.25,NA,NA,NA,NA,37.0,742.0,0.0
2026-01-19 23:00:00,48.33,452.33,10.67,39.67,17.67,84.67,10.0,0.0,4.0,3.0,16.67,NA,0.0,1.0,0.0,15.0,97.33,NA,NA,NA,NA,37.0,742.0,0.0
2026-01-20 00:00:00,64.5,327.0,12.0,36.75,16.0,88.25,10.5,0.0,3.25,2.0,15.0,NA,0.0,1.0,1.0,14.75,91.5,NA,NA,NA,NA,37.0,742.0,0.0
2026-01-20 01:00:00,117.75,381.25,9.25,37.75,14.25,88.5,0.33,0.0,3.25,2.0,15.0,NA,0.0,1.0,1.0,14.0,92.75,NA,NA,NA,NA,37.0,742.0,0.0
2026-01-20 02:00:00,129.25,246.75,11.25,35.75,15.75,88.0,0.0,1.0,4.0,2.0,15.0,NA,0.0,1.0,1.0,14.0,95.75,NA,NA,NA,NA,37.0,742.0,0.0
2026-01-20 03:00:00,139.25,241.25,11.25,35.5,15.25,89.25,3.33,0.25,5.0,2.0,18.0,NA,0.0,1.25,1.5,13.5,94.25,NA,NA,NA,NA,37.0,742.0,0.0
2026-01-20 04:00:00,134.67,248.0,11.75,33.5,14.0,79.75,0.0,1.0,5.75,2.0,20.0,NA,0.0,1.0,1.75,13.0,96.5,NA,NA,NA,NA,37.0,742.0,0.0
2026-01-20 05:00:00,97.0,277.5,15.75,36.75,20.25,78.75,8.0,1.0,5.75,2.0,19.75,NA,0.0,1.25,1.25,13.0,98.0,NA,NA,NA,NA,37.0,742.0,0.0
2026-01-20 06:00:00,75.33,245.67,9.25,40.0,17.0,73.5,2.0,1.0,6.5,2.25,17.0,NA,0.0,1.5,1.25,13.0,98.0,NA,NA,NA,NA,37.0,742.0,0.0
2026-01-20 07:00:00,63.5,199.0,14.75,38.75,20.0,70.0,0.0,1.0,6.0,3.0,11.5,NA,0.25,2.0,0.0,13.0,95.75,0.0,43.0,NA,NA,37.0,742.0,0.0
2026-01-20 08:00:00,86.25,208.0,13.0,36.5,16.25,64.5,NA,1.0,9.5,3.0,12.25,NA,0.25,1.75,0.25,15.0,77.5,0.0,38.75,NA,NA,37.0,742.0,0.0
2026-01-20 09:00:00,130.5,301.5,14.0,38.75,18.75,77.5,2.0,0.75,15.0,3.0,13.5,NA,1.0,1.0,1.0,18.25,60.0,0.0,43.0,NA,NA,37.0,742.0,0.0
2026-01-20 10:00:00,150.25,340.5,12.5,37.25,16.0,73.5,1.5,0.33,24.0,3.0,13.5,NA,1.0,1.0,1.0,21.0,48.0,0.0,46.75,NA,NA,37.0,742.0,0.0
2026-01-20 11:00:00,142.5,267.25,16.5,36.0,20.25,76.25,2.0,0.0,36.0,3.0,13.0,NA,1.0,1.0,1.0,22.75,41.0,0.0,56.5,NA,NA,37.0,742.0,0.0
2026-01-20 12:00:00,139.5,311.0,11.5,35.5,16.0,81.5,2.0,1.0,40.5,3.0,13.5,NA,1.0,1.0,1.0,24.0,33.5,0.0,50.75,NA,NA,37.0,742.0,0.0
2026-01-20 13:00:00,114.25,221.5,9.5,35.5,14.75,69.0,2.0,0.75,42.0,3.0,13.5,NA,1.0,1.0,1.0,24.75,29.75,0.0,75.75,NA,NA,37.0,742.0,0.0
2026-01-20 14:00:00,79.0,201.0,11.75,34.5,16.5,66.75,2.0,1.0,43.25,3.0,13.5,NA,1.0,1.0,1.0,24.75,29.75,0.25,150.75,NA,NA,37.0,742.0,0.0
2026-01-20 15:00:00,NA,NA,11.5,34.25,16.0,67.25,10.67,1.0,40.25,3.0,13.5,NA,1.0,1.0,1.0,24.0,30.5,0.5,158.25,NA,NA,37.0,742.0,0.0
2026-01-20 16:00:00,75.0,101.0,11.0,35.75,15.5,81.25,9.25,1.0,33.75,3.0,13.25,NA,1.0,1.0,1.0,23.25,35.25,0.0,152.5,NA,NA,37.0,742.0,0.0
2026-01-20 17:00:00,75.25,148.75,16.0,36.75,19.5,91.0,6.67,1.0,21.25,3.0,13.75,NA,1.0,1.0,1.0,21.25,43.25,0.0,226.0,NA,NA,37.0,742.0,0.0
2026-01-20 18:00:00,76.0,254.25,17.25,36.5,20.75,92.0,11.25,1.0,9.25,2.75,15.0,NA,0.75,0.75,0.75,19.75,51.25,0.0,80.5,NA,NA,37.0,742.0,0.0
2026-01-20 19:00:00,84.5,411.5,10.0,37.25,16.5,92.5,5.67,2.0,5.75,2.0,19.0,NA,0.0,0.0,0.0,18.5,58.0,0.0,42.5,NA,NA,37.0,742.0,0.0
2026-01-20 20:00:00,119.67,487.0,13.5,36.75,18.25,96.0,5.75,0.33,5.75,3.0,17.0,NA,0.0,0.5,0.5,17.75,64.0,NA,NA,NA,NA,37.0,742.0,0.0
2026-01-20 21:00:00,308.0,428.0,9.75,35.25,15.25,86.75,6.67,0.5,6.25,3.5,15.25,NA,0.0,1.0,1.0,17.0,69.0,NA,NA,NA,NA,37.0,742.0,0.0
2026-01-20 22:00:00,280.0,366.33,11.0,36.75,17.25,85.25,8.75,0.0,3.5,3.0,17.25,NA,0.0,1.0,0.0,16.5,69.0,0.0,180.0,NA,NA,37.0,742.0,0.0
2026-01-20 23:00:00,196.67,229.0,9.67,38.33,16.33,84.33,4.5,0.0,4.33,2.67,17.0,NA,0.0,1.0,0.0,16.0,68.33,NA,NA,NA,NA,37.0,742.0,0.0
2026-01-21 00:00:00,105.75,220.75,10.75,38.5,17.0,88.25,5.5,0.67,4.75,2.0,15.0,NA,0.0,1.0,1.0,15.0,71.0,0.0,38.0,NA,NA,37.0,742.0,0.0
2026-01-21 01:00:00,74.33,205.0,12.5,34.5,17.0,88.25,3.67,0.0,7.75,2.0,15.0,NA,0.0,1.0,1.0,15.0,73.25,0.0,37.33,NA,NA,37.0,742.0,0.0
2026-01-21 02:00:00,48.5,300.0,11.5,37.75,17.5,88.0,2.75,1.0,7.75,2.0,15.0,NA,0.0,1.0,1.0,15.0,72.25,0.0,30.0,NA,NA,37.0,742.0,0.0
2026-01-21 03:00:00,55.5,222.5,14.5,35.25,18.75,88.25,11.33,1.0,11.75,2.0,17.75,NA,0.0,1.5,1.0,14.5,72.25,0.0,154.5,NA,NA,37.0,742.0,0.0
2026-01-21 04:00:00,57.75,98.75,12.5,37.25,18.5,79.75,8.75,1.0,11.25,2.0,19.75,NA,0.0,1.25,1.25,13.75,78.0,0.0,130.0,NA,NA,37.0,742.0,0.0
2026-01-21 05:00:00,53.5,196.0,14.75,36.25,18.75,78.75,3.33,1.0,7.75,2.0,19.75,NA,0.0,1.0,1.0,13.5,83.5,0.0,218.0,NA,NA,37.0,742.0,0.0
2026-01-21 06:00:00,43.5,289.25,10.5,36.75,15.75,73.25,2.25,1.0,6.75,2.25,18.0,NA,0.0,1.75,1.25,13.0,85.0,0.0,162.0,NA,NA,37.0,742.0,0.0
2026-01-21 07:00:00,61.75,324.5,9.5,37.75,15.5,69.0,5.0,1.0,6.0,3.0,11.5,NA,0.0,2.0,0.0,13.75,81.0,0.0,52.5,NA,NA,37.0,742.0,0.0
2026-01-21 08:00:00,68.75,264.5,9.75,36.75,15.0,64.5,3.75,0.33,11.75,3.0,12.25,NA,0.25,1.5,0.25,16.0,68.0,0.0,54.0,NA,NA,37.0,742.0,0.0
2026-01-21 09:00:00,38.75,264.75,17.75,35.25,20.25,78.0,7.67,0.75,19.75,3.0,14.0,NA,1.0,1.0,1.0,18.75,54.25,0.0,71.0,NA,NA,37.0,742.0,0.0
2026-01-21 10:00:00,34.5,260.5,12.25,35.0,16.5,73.25,7.75,1.0,26.5,3.0,13.75,NA,1.0,1.0,1.0,20.75,45.25,0.0,59.5,NA,NA,37.0,742.0,0.0
2026-01-21 11:00:00,66.0,169.0,15.0,29.75,19.0,76.0,4.0,0.25,39.25,3.0,13.75,NA,1.0,0.75,1.0,23.5,33.5,0.0,121.0,NA,NA,37.0,742.0,0.0
2026-01-21 12:00:00,NA,NA,15.5,26.25,19.0,81.5,2.5,1.0,41.5,3.0,13.25,NA,1.0,1.0,1.0,24.0,23.5,0.75,158.75,NA,NA,37.0,742.0,0.0
2026-01-21 13:00:00,NA,75.67,17.25,23.75,20.0,68.5,3.33,0.25,43.0,3.0,13.25,NA,1.0,1.0,1.0,24.25,20.25,1.0,160.5,NA,NA,37.0,742.0,0.0
2026-01-21 14:00:00,NA,18.5,10.75,25.5,16.5,67.75,2.25,1.0,43.5,3.0,13.75,NA,1.0,1.0,1.0,24.75,21.0,0.5,148.0,NA,NA,37.0,742.0,0.0
2026-01-21 15:00:00,83.0,155.75,10.25,25.5,15.25,68.0,8.0,1.0,37.75,3.0,13.75,NA,1.0,1.0,1.0,24.75,22.5,0.0,120.5,NA,NA,37.0,742.0,0.0
2026-01-21 16:00:00,93.5,184.0,9.5,24.75,14.5,82.25,7.5,1.0,34.25,3.0,13.75,NA,1.0,1.0,1.0,23.25,25.75,0.0,144.5,NA,NA,37.0,742.0,0.0
2026-01-21 17:00:00,82.0,168.5,14.0,26.33,18.67,92.33,9.0,1.0,26.67,3.0,13.33,NA,1.0,1.0,1.0,21.67,32.67,0.0,129.33,NA,NA,37.0,742.0,0.0
2026-01-21 18:00:00,74.5,169.0,13.75,26.25,18.0,91.25,10.5,0.67,7.5,2.75,15.0,NA,0.75,0.75,0.75,19.0,44.5,0.0,142.0,NA,NA,37.0,742.0,0.0
2026-01-21 19:00:00,89.0,93.33,13.75,24.5,18.75,92.5,4.0,1.75,6.25,2.0,19.5,NA,0.0,0.0,0.0,17.5,54.5,NA,NA,NA,NA,37.0,742.0,0.0
2026-01-21 20:00:00,90.0,400.0,10.0,25.5,15.75,97.25,6.75,1.33,6.0,3.25,17.0,NA,0.0,0.5,0.5,17.0,60.5,0.0,29.0,NA,NA,37.0,742.0,0.0
2026-01-21 21:00:00,66.75,447.75,13.0,23.75,17.5,87.5,17.33,1.5,4.0,4.0,15.75,NA,0.0,1.0,1.0,17.0,61.75,0.0,39.0,NA,NA,37.0,742.0,0.0
2026-01-21 22:00:00,37.25,453.0,10.5,26.5,17.0,85.25,21.75,0.67,4.0,3.0,17.0,NA,0.0,1.0,0.0,16.0,66.5,NA,NA,NA,NA,37.0,742.0,0.0
2026-01-21 23:00:00,38.33,308.33,11.67,25.33,16.67,85.67,2.0,0.0,5.0,3.0,17.33,NA,0.0,1.0,0.0,16.0,68.67,NA,NA,NA,NA,37.0,742.0,0.0
2026-01-22 00:00:00,35.0,163.0,14.25,25.25,17.75,88.5,2.0,0.67,4.0,2.0,15.0,NA,0.0,1.0,1.0,15.0,75.0,0.0,28.0,NA,NA,37.0,742.0,0.0
2026-01-22 01:00:00,52.5,157.5,11.5,26.5,17.5,88.0,2.0,0.0,4.25,2.0,15.0,NA,0.0,1.0,1.0,14.75,76.25,NA,NA,NA,NA,37.0,742.0,0.0
2026-01-22 02:00:00,102.0,219.5,14.5,25.75,18.5,88.25,2.0,1.0,6.25,2.0,15.0,NA,0.0,1.0,1.0,14.0,81.0,0.0,38.0,NA,NA,37.0,742.0,0.0
2026-01-22 03:00:00,121.0,212.5,12.0,25.75,17.0,88.0,3.33,0.0,7.0,2.0,17.5,NA,0.0,1.25,1.25,14.0,80.0,0.0,35.33,NA,NA,37.0,742.0,0.0
2026-01-22 04:00:00,92.0,166.0,9.0,24.5,15.25,79.0,2.25,1.0,8.0,2.0,19.5,NA,0.0,1.25,1.25,13.5,83.75,0.0,67.67,NA,NA,37.0,742.0,0.0
2026-01-22 05:00:00,104.0,186.75,9.25,24.0,15.25,78.5,2.67,1.0,8.0,2.0,19.75,NA,0.0,1.25,1.5,13.0,88.0,0.0,38.33,NA,NA,37.0,742.0,0.0
2026-01-22 06:00:00,131.0,207.5,12.25,25.0,17.5,72.5,2.0,1.0,5.75,2.25,17.75,NA,0.0,1.5,1.25,13.0,91.5,0.0,37.67,NA,NA,37.0,742.0,0.0
2026-01-22 07:00:00,134.5,183.0,9.0,25.75,14.75,68.75,9.0,1.0,7.25,3.0,11.5,NA,0.0,2.0,0.0,13.0,94.0,0.0,44.0,NA,NA,37.0,742.0,0.0
2026-01-22 08:00:00,138.67,416.67,10.5,24.75,16.25,62.5,9.0,1.0,11.5,3.0,12.0,NA,0.25,1.75,0.25,14.75,81.0,0.0,43.75,NA,NA,37.0,742.0,0.0
2026-01-22 09:00:00,145.0,391.5,13.0,25.75,18.0,79.0,8.33,1.0,21.25,3.0,13.5,NA,1.0,1.0,1.0,17.25,63.75,0.0,94.25,NA,NA,37.0,742.0,0.0
2026-01-22 10:00:00,120.33,315.33,11.75,25.75,17.25,73.25,7.75,1.0,31.0,3.0,13.5,NA,1.0,1.0,1.0,20.0,43.25,0.0,32.0,NA,NA,37.0,742.0,0.0
2026-01-22 11:00:00,129.5,371.5,11.25,24.75,16.5,75.75,2.0,1.0,43.5,3.0,13.0,NA,1.0,1.0,1.0,22.25,36.5,0.0,59.5,NA,NA,37.0,742.0,0.0
2026-01-22 12:00:00,117.0,379.25,8.75,25.75,15.0,80.5,2.0,1.0,47.75,3.0,13.75,NA,1.0,1.0,1.0,23.25,33.5,0.0,84.5,NA,NA,37.0,742.0,0.0
2026-01-22 13:00:00,121.0,278.0,8.0,24.75,14.0,68.25,12.67,0.25,51.0,3.0,13.33,NA,1.0,1.0,1.0,24.0,34.0,0.0,97.0,NA,NA,37.0,742.0,0.0
2026-01-22 14:00:00,100.0,138.0,14.25,22.75,17.75,67.5,10.75,1.0,52.5,3.0,13.25,NA,1.0,1.0,1.0,23.75,33.5,0.5,157.0,NA,NA,37.0,742.0,0.0
2026-01-22 15:00:00,69.5,92.25,9.0,24.25,14.75,68.0,2.67,1.0,50.75,3.0,14.0,NA,1.0,1.0,1.0,23.0,34.75,0.25,159.25,NA,NA,37.0,742.0,0.0
2026-01-22 16:00:00,75.5,102.5,10.25,24.25,15.5,81.5,2.0,1.0,46.0,3.0,13.75,NA,1.0,1.0,1.0,22.5,36.0,0.0,158.75,NA,NA,37.0,742.0,0.0
2026-01-22 17:00:00,75.0,133.5,8.75,25.5,14.75,91.5,7.0,1.0,22.75,3.0,13.25,NA,1.0,1.0,1.0,20.5,47.25,NA,33.5,NA,NA,37.0,742.0,0.0
2026-01-22 18:00:00,58.67,158.33,11.33,26.67,18.0,92.0,7.67,1.5,9.0,3.0,13.0,NA,1.0,0.75,0.75,18.0,61.75,NA,NA,NA,NA,37.0,742.0,0.0
2026-01-22 19:00:00,38.25,160.5,8.0,26.25,14.75,91.25,18.67,4.0,8.0,2.0,19.0,NA,0.0,0.0,0.0,17.5,67.75,0.0,40.0,NA,NA,37.0,742.0,0.0
2026-01-22 20:00:00,66.5,394.25,11.0,27.25,17.25,96.75,24.25,0.0,7.25,3.25,17.25,NA,0.0,0.5,0.5,16.5,74.75,0.0,248.0,NA,NA,37.0,742.0,0.0
2026-01-22 21:00:00,113.0,379.25,10.0,26.25,15.75,87.25,11.67,0.0,8.0,4.0,15.25,NA,0.0,1.0,1.0,16.0,76.25,NA,NA,NA,NA,37.0,742.0,0.0
2026-01-22 22:00:00,98.75,292.5,13.75,25.0,19.0,87.0,13.5,0.33,6.5,2.5,16.75,NA,0.0,1.0,0.0,15.25,75.75,0.0,240.0,NA,NA,37.0,742.0,0.0
2026-01-22 23:00:00,92.5,241.0,12.67,25.0,18.0,84.0,3.0,0.0,6.33,3.0,17.0,NA,0.0,1.0,0.0,15.0,83.67,NA,NA,NA,NA,37.0,742.0,0.0
2026-01-23 00:00:00,115.0,488.0,9.75,25.0,14.75,88.5,3.25,0.33,5.75,2.0,15.0,NA,0.0,1.0,1.0,15.0,82.25,0.0,236.5,NA,NA,37.0,742.0,0.0
2026-01-23 01:00:00,91.75,417.25,13.0,25.0,18.5,88.5,3.33,0.0,9.0,2.0,15.0,NA,0.0,1.0,1.0,14.0,82.0,0.0,234.5,NA,NA,37.0,742.0,0.0
2026-01-23 02:00:00,94.0,280.5,10.0,24.75,15.0,88.0,2.75,1.0,12.5,2.0,15.0,NA,0.0,1.0,1.0,13.5,84.0,0.0,170.0,NA,NA,37.0,742.0,0.0
2026-01-23 03:00:00,132.67,306.67,10.25,25.0,15.75,88.75,4.33,1.0,13.5,2.0,18.0,NA,0.0,1.0,1.0,13.0,83.0,0.0,237.0,NA,NA,37.0,742.0,0.0
2026-01-23 04:00:00,142.25,333.75,12.0,23.75,17.25,79.0,2.0,1.0,15.75,2.0,19.75,NA,0.0,1.25,1.5,13.0,81.25,0.0,224.0,NA,NA,37.0,742.0,0.0
2026-01-23 05:00:00,131.0,246.0,10.25,24.25,15.5,78.5,2.0,1.0,17.75,2.0,19.75,NA,0.0,1.0,1.25,13.0,76.0,0.0,231.0,NA,NA,37.0,742.0,0.0
2026-01-23 06:00:00,97.67,167.67,9.5,25.75,16.0,73.25,2.0,1.0,16.25,2.25,18.0,NA,0.0,1.75,1.0,13.0,75.75,0.0,198.25,NA,NA,37.0,742.0,0.0
2026-01-23 07:00:00,124.75,193.0,10.5,24.75,15.5,68.5,2.0,1.0,16.0,3.0,12.0,NA,0.0,2.0,0.0,13.0,76.5,0.0,236.75,NA,NA,37.0,742.0,0.0
2026-01-23 08:00:00,139.0,190.0,10.0,25.75,15.75,63.0,2.0,1.0,24.25,3.0,11.5,NA,0.25,1.75,0.25,14.75,66.0,0.0,122.0,NA,NA,37.0,742.0,0.0
2026-01-23 09:00:00,100.0,177.0,11.0,25.75,17.0,77.75,12.67,0.0,31.0,3.0,13.75,NA,1.0,1.0,1.0,17.5,55.25,0.0,86.0,NA,NA,37.0,742.0,0.0
2026-01-23 10:00:00,79.75,203.75,10.75,24.75,16.0,74.0,11.25,1.33,41.75,3.0,13.5,NA,1.0,1.0,1.0,20.0,49.75,0.0,158.5,NA,NA,37.0,742.0,0.0
2026-01-23 11:00:00,92.75,186.25,10.5,25.0,16.0,76.25,9.67,1.0,43.75,3.0,13.5,NA,1.0,1.0,1.0,21.5,44.5,0.0,241.0,NA,NA,37.0,742.0,0.0
2026-01-23 12:00:00,88.75,194.5,9.5,24.75,15.5,79.75,10.25,1.0,44.25,3.0,13.5,NA,1.0,1.0,1.0,22.75,38.5,0.0,220.0,NA,NA,37.0,742.0,0.0
2026-01-23 13:00:00,69.5,155.0,12.25,25.0,17.75,67.75,2.0,1.0,40.75,3.0,13.25,NA,1.0,1.0,1.0,23.5,27.5,0.0,267.75,NA,NA,37.0,742.0,0.0
2026-01-23 14:00:00,NA,NA,9.0,26.5,15.5,67.5,2.0,1.0,36.75,3.0,13.25,NA,1.0,1.0,1.0,24.0,25.75,0.0,272.0,NA,NA,37.0,742.0,0.0
2026-01-23 15:00:00,50.0,194.67,13.75,23.5,18.0,67.0,6.33,0.25,43.25,3.0,14.0,NA,1.0,1.0,1.0,23.25,34.0,0.0,251.25,NA,NA,37.0,742.0,0.0
2026-01-23 16:00:00,136.5,223.5,11.25,24.5,16.5,81.25,4.75,2.0,39.25,3.0,13.5,NA,1.0,1.0,1.0,22.5,42.0,0.0,241.5,NA,NA,37.0,742.0,0.0
2026-01-23 17:00:00,28.0,150.5,10.0,25.0,15.5,90.25,2.0,2.0,40.0,3.0,13.75,NA,1.0,1.0,1.0,21.0,49.25,0.0,245.0,NA,NA,37.0,742.0,0.0
2026-01-23 18:00:00,NA,NA,10.0,25.5,16.0,91.5,2.0,1.0,29.5,2.75,15.25,NA,0.75,0.75,0.75,19.75,56.75,0.0,192.25,NA,NA,37.0,742.0,0.0
2026-01-23 19:00:00,60.0,122.67,12.5,25.0,18.0,91.75,2.0,0.0,25.75,2.0,19.5,NA,0.0,0.0,0.0,19.0,62.25,0.0,256.25,NA,NA,37.0,742.0,0.0
2026-01-23 20:00:00,37.25,193.75,10.5,24.5,16.0,96.75,2.0,1.0,29.25,3.25,17.25,NA,0.0,0.5,0.5,18.25,63.75,0.0,296.0,NA,NA,37.0,742.0,0.0
2026-01-23 21:00:00,76.5,244.5,13.0,23.5,17.5,87.5,5.0,0.0,30.0,3.75,15.25,NA,0.0,1.0,1.0,18.0,66.0,0.0,244.0,NA,NA,37.0,742.0,0.0
2026-01-23 22:00:00,55.0,136.5,10.75,25.25,16.25,86.0,6.25,0.67,30.25,3.0,17.25,NA,0.0,1.0,0.0,18.0,65.25,0.0,243.5,NA,NA,37.0,742.0,0.0
2026-01-23 23:00:00,39.0,68.0,12.0,25.33,16.33,83.67,3.0,0.0,35.67,3.0,17.0,NA,0.0,1.0,0.0,18.0,63.67,0.67,179.67,NA,NA,37.0,742.0,0.0
2026-01-24 00:00:00,65.33,145.0,11.0,26.0,16.0,88.5,3.25,1.0,36.25,2.0,15.5,NA,0.0,1.0,1.0,18.0,57.75,0.0,207.0,NA,NA,37.0,742.0,0.0
2026-01-24 01:00:00,46.5,134.75,11.5,22.25,14.0,88.75,4.0,0.75,33.75,2.0,15.0,NA,0.0,1.0,1.0,18.0,56.5,0.5,205.5,NA,NA,37.0,742.0,0.0
2026-01-24 02:00:00,25.0,308.25,10.5,24.0,15.75,88.75,3.25,0.67,22.25,2.0,15.25,NA,0.0,1.0,1.0,16.25,74.5,0.0,255.5,NA,NA,37.0,742.0,0.0
2026-01-24 03:00:00,42.75,234.25,11.5,23.75,16.0,88.25,10.33,0.5,23.75,2.0,18.0,NA,0.0,1.0,1.0,16.0,81.0,0.0,243.5,NA,NA,37.0,742.0,0.0
2026-01-24 04:00:00,41.0,116.5,11.5,25.25,17.25,79.5,10.25,1.0,29.75,2.25,19.75,NA,0.0,1.0,1.0,16.25,76.25,0.0,250.25,NA,NA,37.0,742.0,0.0
2026-01-24 05:00:00,57.0,96.0,12.0,24.75,17.0,79.0,2.0,1.0,29.75,2.0,19.75,NA,0.0,1.25,1.75,16.0,72.5,0.0,169.25,NA,NA,37.0,742.0,0.0
2026-01-24 06:00:00,54.33,194.67,10.0,25.25,15.75,72.5,2.0,1.0,29.0,2.25,17.75,NA,0.0,1.75,0.75,16.0,69.5,0.0,241.25,NA,NA,37.0,742.0,0.0
2026-01-24 07:00:00,35.0,166.0,10.75,24.75,15.75,70.0,4.0,1.0,26.75,3.0,11.25,NA,0.25,2.0,0.0,16.25,69.75,0.0,208.25,NA,NA,37.0,742.0,0.0
2026-01-24 08:00:00,60.5,82.0,10.5,25.0,16.25,63.0,3.5,1.0,21.0,3.0,11.75,NA,0.25,1.75,0.25,16.5,73.0,0.0,193.0,NA,NA,37.0,742.0,0.0
2026-01-24 09:00:00,77.0,82.0,10.0,25.0,15.75,79.25,13.0,1.0,21.75,3.0,13.5,NA,1.0,1.0,1.0,18.5,65.0,0.0,199.75,NA,NA,37.0,742.0,0.0
2026-01-24 10:00:00,101.33,217.33,12.0,25.5,16.75,74.25,14.75,0.67,33.25,3.0,13.5,NA,1.0,1.0,1.0,20.5,54.75,0.0,221.0,NA,NA,37.0,742.0,0.0
2026-01-24 11:00:00,71.75,221.0,12.5,25.75,18.0,75.5,12.0,0.0,41.25,3.0,13.5,NA,1.0,1.0,1.0,21.25,49.5,0.0,191.5,NA,NA,37.0,742.0,0.0
2026-01-24 12:00:00,64.25,129.5,10.5,23.75,15.5,81.75,13.25,1.0,40.75,3.0,13.25,NA,1.0,1.0,1.0,22.75,43.25,0.0,156.25,NA,NA,37.0,742.0,0.0
2026-01-24 13:00:00,33.0,253.25,10.0,24.5,15.5,68.5,11.0,1.0,43.75,3.0,13.5,NA,1.0,0.75,1.0,23.75,45.25,0.0,164.25,NA,NA,37.0,742.0,0.0
2026-01-24 14:00:00,20.0,148.0,10.5,24.25,15.5,67.25,11.25,1.0,42.75,3.0,13.75,NA,1.0,1.0,1.0,23.75,38.25,0.0,215.75,NA,NA,37.0,742.0,0.0
2026-01-24 15:00:00,NA,NA,12.25,24.75,17.75,67.25,2.0,1.0,38.5,3.0,14.0,NA,1.0,1.0,1.0,24.0,32.5,0.0,160.0,NA,NA,37.0,742.0,0.0
2026-01-24 16:00:00,72.33,182.67,9.75,26.5,16.0,81.5,2.0,0.67,30.75,3.0,13.0,NA,1.0,1.0,1.0,22.75,51.25,0.0,60.0,NA,NA,37.0,742.0,0.0
2026-01-24 17:00:00,100.0,177.0,11.33,25.0,16.67,90.33,4.5,0.0,29.0,3.0,13.33,NA,1.0,1.0,1.0,21.0,60.0,0.0,64.33,NA,NA,37.0,742.0,0.0
2026-01-24 18:00:00,NA,NA,11.0,25.0,16.75,91.0,5.5,1.0,16.75,2.75,14.75,NA,0.75,0.75,0.75,19.75,68.0,0.0,60.75,NA,NA,37.0,742.0,0.0
2026-01-24 19:00:00,NA,NA,12.0,26.0,17.0,92.5,7.0,1.0,10.5,2.0,19.25,NA,0.0,0.0,0.0,19.0,70.5,0.0,64.5,NA,NA,37.0,742.0,0.0
2026-01-24 20:00:00,246.0,314.0,10.75,25.5,16.25,96.75,8.0,1.0,10.5,2.75,17.25,NA,0.0,0.5,0.5,18.0,76.0,0.0,70.5,NA,NA,37.0,742.0,0.0
2026-01-24 21:00:00,167.33,341.67,9.25,26.75,16.25,88.25,3.33,0.0,14.25,4.0,15.75,NA,0.0,1.0,1.0,18.0,76.25,0.0,91.5,NA,NA,37.0,742.0,0.0
2026-01-24 22:00:00,93.0,303.5,10.75,26.25,16.75,85.0,2.25,0.67,13.0,3.0,17.0,NA,0.0,1.0,0.0,17.0,80.25,0.0,132.5,NA,NA,37.0,742.0,0.0
2026-01-24 23:00:00,NA,NA,12.33,26.0,17.67,86.0,2.0,0.0,14.33,3.0,17.0,NA,0.0,1.0,0.0,17.0,86.33,0.0,158.33,NA,NA,37.0,742.0,0.0
2026-01-25 00:00:00,66.0,252.0,14.0,25.0,18.75,87.5,2.0,1.0,14.75,2.0,15.5,NA,0.0,1.0,1.0,16.0,91.25,0.0,153.25,NA,NA,37.0,742.0,0.0
2026-01-25 01:00:00,44.0,221.0,8.75,24.0,14.0,88.5,2.0,0.5,13.75,2.0,15.25,NA,0.0,1.0,1.0,15.25,97.25,0.25,156.75,NA,NA,37.0,742.0,0.0
2026-01-25 02:00:00,62.67,178.67,11.0,26.0,17.0,87.75,2.0,1.0,9.75,2.0,15.0,NA,0.0,1.0,1.0,15.0,98.0,0.0,158.5,NA,NA,37.0,742.0,0.0
2026-01-25 03:00:00,40.25,246.25,7.25,24.5,13.0,88.0,5.33,0.75,11.5,2.0,18.0,NA,0.0,1.25,1.25,14.0,97.5,0.25,159.0,NA,NA,37.0,742.0,0.0
2026-01-25 04:00:00,59.0,210.5,10.0,26.0,16.25,79.0,4.25,1.0,11.0,2.0,19.75,NA,0.0,1.75,1.25,13.75,96.0,0.25,156.75,NA,NA,37.0,742.0,0.0
2026-01-25 05:00:00,48.0,134.75,10.5,27.0,16.5,78.0,2.0,1.0,10.5,2.0,19.5,NA,0.0,1.75,1.25,13.0,93.0,0.0,158.25,NA,NA,37.0,742.0,0.0
2026-01-25 06:00:00,93.0,184.0,9.75,28.0,15.5,73.0,2.0,1.0,9.25,2.25,18.0,NA,0.0,1.5,1.25,12.75,90.0,0.0,164.0,NA,NA,37.0,742.0,0.0
2026-01-25 07:00:00,NA,NA,12.5,24.75,16.25,70.5,12.67,1.0,9.5,3.0,11.25,NA,0.0,2.0,0.0,12.5,86.0,0.0,164.25,NA,NA,37.0,742.0,0.0
2026-01-25 08:00:00,NA,NA,13.25,25.5,17.5,63.0,11.25,1.0,11.75,3.0,12.0,NA,0.25,1.75,0.25,14.0,75.25,0.0,151.0,NA,NA,37.0,742.0,0.0
2026-01-25 09:00:00,55.67,169.33,8.75,25.0,13.75,79.0,7.0,1.0,18.0,3.0,13.5,NA,1.0,1.0,1.0,15.5,68.0,0.0,107.5,NA,NA,37.0,742.0,0.0
2026-01-25 10:00:00,31.0,176.0,14.0,26.75,19.25,73.0,9.25,1.0,25.5,3.0,13.25,NA,1.0,1.0,1.0,17.75,59.25,0.0,97.25,NA,NA,37.0,742.0,0.0
2026-01-25 11:00:00,65.5,171.75,11.5,25.25,16.25,75.0,4.67,1.0,30.75,3.0,13.75,NA,1.0,1.0,1.0,20.0,51.75,0.0,84.75,NA,NA,37.0,742.0,0.0
2026-01-25 12:00:00,94.75,164.5,8.5,24.5,13.5,81.5,6.25,0.33,33.5,3.0,13.75,NA,1.0,1.0,1.0,21.25,48.75,0.0,132.0,NA,NA,37.0,742.0,0.0
2026-01-25 13:00:00,188.0,189.0,11.0,25.0,17.0,68.5,3.0,0.0,35.0,3.0,14.0,NA,1.0,1.0,1.0,22.0,47.25,0.0,77.5,NA,NA,37.0,742.0,0.0
2026-01-25 14:00:00,155.5,172.5,10.75,25.25,16.0,67.75,2.75,1.0,34.0,3.0,13.75,NA,1.0,1.0,1.0,22.5,44.0,0.0,64.5,NA,NA,37.0,742.0,0.0
2026-01-25 15:00:00,132.0,163.0,13.5,26.0,17.75,67.25,14.0,1.0,31.5,3.0,13.5,NA,1.0,1.0,1.0,22.0,44.75,0.0,70.25,NA,NA,37.0,742.0,0.0
2026-01-25 16:00:00,107.5,126.0,9.5,24.25,13.5,81.5,13.5,1.0,32.75,3.0,13.5,NA,1.0,1.0,1.0,21.5,46.5,0.0,79.5,NA,NA,37.0,742.0,0.0
2026-01-25 17:00:00,97.5,135.5,14.5,24.75,18.75,93.25,9.0,1.0,25.0,3.0,13.75,NA,1.0,1.0,1.0,19.75,52.0,0.0,85.75,NA,NA,37.0,742.0,0.0
2026-01-25 18:00:00,122.0,141.0,12.25,26.25,18.25,92.0,9.0,1.0,15.25,2.75,15.5,NA,0.75,0.75,0.75,18.75,60.25,0.0,65.75,NA,NA,37.0,742.0,0.0
2026-01-25 19:00:00,84.67,238.0,13.0,26.25,18.25,91.0,6.67,1.0,15.5,2.0,19.75,NA,0.0,0.0,0.0,18.0,63.75,0.0,61.25,NA,NA,37.0,742.0,0.0
2026-01-25 20:00:00,79.25,266.25,11.25,24.0,15.0,97.5,9.5,1.0,9.75,3.25,17.0,NA,0.0,0.5,0.5,17.25,70.75,0.0,40.0,NA,NA,37.0,742.0,0.0
2026-01-25 21:00:00,67.25,229.5,10.5,26.75,16.25,88.0,13.33,0.75,10.25,3.75,15.75,NA,0.0,1.0,1.0,16.75,73.75,0.0,58.25,NA,NA,37.0,742.0,0.0
2026-01-25 22:00:00,86.5,159.5,11.0,25.75,16.75,84.25,15.25,0.67,13.25,3.0,16.75,NA,0.0,1.0,0.0,16.0,74.0,0.0,93.75,NA,NA,37.0,742.0,0.0
2026-01-25 23:00:00,45.0,112.33,10.0,27.33,17.0,86.33,8.5,0.33,16.33,3.0,17.33,NA,0.0,1.0,0.0,15.33,72.33,0.0,160.0,NA,NA,37.0,742.0,0.0
2026-01-26 00:00:00,58.25,100.75,9.75,25.25,15.0,88.25,7.5,1.0,20.75,2.0,15.25,NA,0.0,1.0,1.0,14.75,73.5,0.5,153.75,NA,NA,37.0,742.0,0.0
2026-01-26 01:00:00,48.75,81.25,11.75,24.5,17.25,88.0,2.0,1.0,19.75,2.0,15.0,NA,0.0,1.0,1.0,13.5,78.5,0.0,146.5,NA,NA,37.0,742.0,0.0
2026-01-26 02:00:00,79.0,225.33,12.5,24.25,17.25,88.25,2.0,1.0,20.25,2.0,15.0,NA,0.0,1.0,1.0,13.0,79.0,0.0,145.25,NA,NA,37.0,742.0,0.0
2026-01-26 03:00:00,55.0,192.0,12.0,24.75,17.0,88.25,6.0,1.0,24.25,2.0,17.75,NA,0.0,1.0,1.5,13.0,78.75,0.0,152.5,NA,NA,37.0,742.0,0.0
2026-01-26 04:00:00,36.67,191.33,12.5,25.75,17.75,79.5,5.0,1.0,22.5,2.0,19.25,NA,0.0,1.75,1.75,12.25,77.25,0.0,156.0,NA,NA,37.0,742.0,0.0
2026-01-26 05:00:00,19.0,168.5,10.25,24.75,15.75,79.0,2.0,1.0,22.25,2.0,19.5,NA,0.0,1.0,1.5,12.0,76.0,0.0,150.25,NA,NA,37.0,742.0,0.0
2026-01-26 06:00:00,60.67,99.67,12.0,24.0,17.0,71.75,2.0,1.0,18.25,2.25,18.0,NA,0.0,1.25,1.0,12.0,75.5,0.0,158.0,NA,NA,37.0,742.0,0.0
2026-01-26 07:00:00,32.75,154.25,7.75,26.0,14.25,70.25,2.67,1.0,17.75,3.0,11.75,NA,0.0,2.0,0.0,12.0,73.5,0.0,154.0,NA,NA,37.0,742.0,0.0
2026-01-26 08:00:00,44.25,123.0,13.0,24.0,17.75,63.75,3.0,1.0,19.75,3.0,12.0,NA,0.5,1.75,0.25,13.0,69.75,1.0,156.25,NA,NA,37.0,742.0,0.0
2026-01-26 09:00:00,36.0,162.75,11.75,25.5,17.75,77.25,12.67,1.0,24.0,3.0,13.5,NA,1.0,1.0,1.0,14.5,65.25,0.5,165.75,NA,NA,37.0,742.0,0.0
2026-01-26 10:00:00,88.25,237.5,8.5,25.0,14.25,74.5,14.5,1.0,32.75,3.0,13.75,NA,1.0,1.0,1.0,16.5,55.75,0.5,169.75,NA,NA,37.0,742.0,0.0
2026-01-26 11:00:00,110.0,190.75,12.0,26.5,17.75,74.75,8.33,1.0,37.5,3.0,13.75,NA,1.0,1.0,1.0,18.0,44.75,0.5,162.0,NA,NA,37.0,742.0,0.0
2026-01-26 12:00:00,94.0,152.0,13.5,25.75,18.0,80.5,9.0,1.0,37.0,3.0,13.75,NA,1.0,1.0,1.0,19.75,41.25,0.0,160.0,NA,NA,37.0,742.0,0.0
2026-01-26 13:00:00,NA,NA,16.75,24.25,19.5,68.5,7.67,0.0,34.5,3.0,13.75,NA,1.0,1.0,1.0,21.25,37.75,0.25,166.0,NA,NA,37.0,742.0,0.0
2026-01-26 14:00:00,285.0,377.0,11.25,23.75,16.5,67.25,9.0,1.0,35.25,3.0,13.5,NA,1.0,1.0,1.0,22.0,36.75,0.0,160.75,NA,NA,37.0,742.0,0.0
2026-01-26 15:00:00,NA,NA,9.25,23.5,14.5,67.75,8.33,1.0,36.25,3.0,13.5,NA,1.0,1.0,1.0,21.25,38.75,0.5,161.5,NA,NA,37.0,742.0,0.0
2026-01-26 16:00:00,129.5,217.0,10.0,25.25,16.0,81.5,5.5,0.33,31.5,3.0,13.25,NA,1.0,1.0,1.0,20.75,41.25,0.25,156.75,NA,NA,37.0,742.0,0.0
2026-01-26 17:00:00,70.0,166.5,8.5,25.75,14.5,90.0,9.67,0.25,21.0,3.0,13.5,NA,1.0,1.0,1.0,19.5,47.25,0.0,103.0,NA,NA,37.0,742.0,0.0
2026-01-26 18:00:00,101.0,213.75,11.5,25.75,17.25,92.25,12.25,1.0,17.25,2.75,15.25,NA,0.75,0.75,0.75,18.5,55.75,0.0,66.75,NA,NA,37.0,742.0,0.0
2026-01-26 19:00:00,83.0,199.5,12.0,25.25,16.75,93.5,12.33,1.0,12.25,2.0,19.5,NA,0.0,0.0,0.0,17.5,59.75,0.0,148.5,NA,NA,37.0,742.0,0.0
2026-01-26 20:00:00,58.0,266.33,9.75,25.5,15.75,96.25,14.5,1.0,7.25,3.0,17.25,NA,0.0,0.5,0.5,16.5,67.5,0.0,112.67,NA,NA,37.0,742.0,0.0
2026-01-26 21:00:00,29.25,138.25,10.0,27.0,17.0,86.5,2.0,1.0,7.0,3.75,15.5,NA,0.0,1.0,1.0,16.0,72.25,0.0,134.0,NA,NA,37.0,742.0,0.0
2026-01-26 22:00:00,15.0,332.75,10.75,25.75,16.5,86.0,2.0,1.0,9.25,3.0,17.0,NA,0.0,1.0,0.25,15.25,74.0,0.0,50.5,NA,NA,37.0,742.0,0.0
2026-01-26 23:00:00,16.0,348.33,11.67,25.67,17.33,86.67,9.5,0.33,8.33,3.0,16.67,NA,0.0,1.0,0.0,15.0,72.0,0.0,52.5,NA,NA,37.0,742.0,0.0
2026-01-27 00:00:00,12.75,259.25,10.25,25.5,16.0,87.75,9.25,0.67,8.75,2.0,15.0,NA,0.0,1.0,1.0,14.75,72.75,0.0,53.0,NA,NA,37.0,742.0,0.0
2026-01-27 01:00:00,24.0,221.5,14.75,26.0,19.75,87.75,6.67,0.75,7.0,2.0,15.0,NA,0.0,1.0,1.0,14.0,74.5,0.0,63.0,NA,NA,37.0,742.0,0.0
2026-01-27 02:00:00,90.33,256.0,12.0,26.0,17.5,88.25,7.0,0.33,11.25,2.0,15.0,NA,0.0,1.0,1.0,13.5,73.5,NA,NA,NA,NA,37.0,742.0,0.0
2026-01-27 03:00:00,95.0,225.5,13.0,26.75,19.0,87.25,7.33,0.0,9.5,2.0,18.0,NA,0.0,1.0,1.25,13.5,76.0,0.0,26.0,NA,NA,37.0,742.0,0.0
2026-01-27 04:00:00,54.0,55.0,11.0,26.25,17.0,79.0,7.5,1.0,8.5,2.0,20.0,NA,0.0,1.5,1.5,13.25,77.5,0.0,192.0,NA,NA,37.0,742.0,0.0
2026-01-27 05:00:00,63.67,285.33,10.25,24.25,15.0,78.25,2.0,1.0,6.5,2.0,19.5,NA,0.0,1.5,1.25,13.25,80.25,0.0,177.0,NA,NA,37.0,742.0,0.0
2026-01-27 06:00:00,121.0,272.0,11.25,26.0,17.25,74.25,2.0,1.0,14.75,2.25,18.25,NA,0.0,1.5,1.25,13.0,73.25,0.0,153.0,NA,NA,37.0,742.0,0.0
2026-01-27 07:00:00,93.25,170.25,10.5,26.0,16.5,70.25,6.33,1.0,11.5,3.0,11.5,NA,0.0,2.0,0.0,13.5,72.75,0.0,249.0,NA,NA,37.0,742.0,0.0
2026-01-27 08:00:00,66.0,164.5,11.0,26.75,16.25,63.0,6.5,1.0,12.75,3.0,12.25,NA,0.25,1.75,0.25,15.5,60.75,0.0,218.25,NA,NA,37.0,742.0,0.0
2026-01-27 09:00:00,53.25,188.25,11.5,26.25,16.5,78.75,3.33,1.0,19.25,3.0,13.25,NA,1.0,1.0,1.0,17.0,55.5,0.0,276.5,NA,NA,37.0,742.0,0.0
2026-01-27 10:00:00,111.0,243.75,11.75,24.0,16.0,74.25,4.5,1.0,26.5,3.0,13.75,NA,1.0,1.0,1.0,19.25,46.25,0.0,307.5,NA,NA,37.0,742.0,0.0
2026-01-27 11:00:00,142.0,273.25,10.75,24.5,15.75,75.75,6.0,0.0,32.5,3.0,13.75,NA,1.0,1.0,1.0,20.0,38.75,0.0,265.25,NA,NA,37.0,742.0,0.0
2026-01-27 12:00:00,88.0,210.0,8.75,26.0,14.25,81.75,5.25,1.0,34.0,3.0,13.25,NA,1.0,1.0,1.0,22.0,33.25,0.0,262.75,NA,NA,37.0,742.0,0.0
2026-01-27 13:00:00,56.33,294.67,12.25,26.0,17.75,68.5,12.67,1.0,30.5,3.0,13.75,NA,1.0,1.0,1.0,22.75,33.0,0.0,214.75,NA,NA,37.0,742.0,0.0
2026-01-27 14:00:00,96.0,259.5,8.25,24.5,13.5,67.75,13.25,1.0,32.5,3.0,13.25,NA,1.0,1.0,1.0,23.75,34.0,0.0,134.0,NA,NA,37.0,742.0,0.0
2026-01-27 15:00:00,NA,NA,7.75,25.75,14.0,67.5,16.33,0.0,36.25,3.0,13.5,NA,1.0,1.0,1.0,23.0,39.75,0.0,247.25,NA,NA,37.0,742.0,0.0
2026-01-27 16:00:00,63.5,161.25,10.0,27.25,16.25,80.75,15.5,1.0,31.0,3.0,13.5,NA,1.0,1.0,1.0,22.0,45.75,0.0,250.0,NA,NA,37.0,742.0,0.0
2026-01-27 17:00:00,103.0,168.33,8.67,26.0,14.67,91.0,8.0,1.0,19.67,3.0,13.33,NA,1.0,1.0,1.0,21.0,50.0,0.0,232.33,NA,NA,37.0,742.0,0.0
2026-01-27 18:00:00,100.0,110.5,11.0,24.25,16.0,91.75,10.0,1.0,9.75,2.75,15.0,NA,0.75,0.75,0.75,20.75,53.75,0.0,242.5,NA,NA,37.0,742.0,0.0
2026-01-27 19:00:00,98.0,182.0,9.25,25.5,14.25,91.5,2.0,1.5,12.5,2.0,19.25,NA,0.0,0.0,0.0,20.0,58.25,0.5,166.25,NA,NA,37.0,742.0,0.0
2026-01-27 20:00:00,60.75,181.25,8.75,28.75,14.75,95.5,2.0,1.0,13.75,3.0,17.25,NA,0.0,0.5,0.5,19.25,60.75,0.0,158.0,NA,NA,37.0,742.0,0.0
2026-01-27 21:00:00,72.75,288.5,9.75,25.5,15.75,86.5,4.33,0.25,12.25,4.0,15.25,NA,0.0,1.0,1.0,17.5,79.5,0.0,177.0,NA,NA,37.0,742.0,0.0
2026-01-27 22:00:00,68.0,266.5,13.5,23.5,17.5,85.75,3.5,1.0,16.75,3.0,17.25,NA,0.0,1.0,0.0,18.0,75.75,1.0,173.25,NA,NA,37.0,742.0,0.0
2026-01-27 23:00:00,34.0,53.5,10.67,26.0,16.33,86.0,3.0,1.0,15.67,3.0,16.67,NA,0.0,1.0,0.0,17.67,76.33,0.0,195.67,NA,NA,37.0,742.0,0.0
2026-01-28 00:00:00,NA,NA,9.75,28.0,16.25,88.25,3.0,0.33,19.25,2.0,15.0,NA,0.0,1.0,1.0,17.25,77.75,0.5,202.25,NA,NA,37.0,742.0,0.0
2026-01-28 01:00:00,58.0,262.33,10.25,28.25,15.75,88.5,3.67,0.0,20.0,2.0,15.0,NA,0.0,1.0,1.0,17.0,77.75,0.0,200.5,NA,NA,37.0,742.0,0.0
2026-01-28 02:00:00,47.0,231.0,11.75,25.75,17.0,88.5,4.0,0.33,17.25,2.0,15.25,NA,0.0,1.0,1.0,17.0,79.75,0.0,187.75,NA,NA,37.0,742.0,0.0
2026-01-28 03:00:00,NA,NA,11.75,27.75,18.0,88.0,4.0,0.25,18.75,2.0,17.75,NA,0.0,1.25,1.5,16.25,84.75,0.25,168.75,NA,NA,37.0,742.0,0.0
2026-01-28 04:00:00,29.0,72.67,13.5,26.25,19.0,79.25,3.0,1.0,25.0,2.0,19.75,NA,0.0,1.25,1.0,15.75,79.75,0.75,151.5,NA,NA,37.0,742.0,0.0
2026-01-28 05:00:00,42.75,72.25,16.5,26.25,20.25,77.5,2.0,1.0,18.0,2.0,19.75,NA,0.0,1.0,1.5,15.0,97.25,0.0,150.0,NA,NA,37.0,742.0,0.0
2026-01-28 06:00:00,69.0,123.67,12.75,28.25,17.75,73.5,2.25,1.0,17.5,2.25,18.25,NA,0.0,1.75,1.0,15.0,98.5,0.0,259.5,NA,NA,37.0,742.0,0.0
2026-01-28 07:00:00,68.0,114.0,13.5,26.0,18.0,70.5,2.0,1.0,17.25,3.0,11.75,NA,0.0,2.0,0.0,15.0,98.0,0.0,234.5,NA,NA,37.0,742.0,0.0
2026-01-28 08:00:00,48.0,84.75,14.25,27.0,18.75,63.25,2.0,1.0,14.25,3.0,11.75,NA,0.25,1.75,0.25,16.0,98.0,0.5,184.75,NA,NA,37.0,742.0,0.0
2026-01-28 09:00:00,96.0,102.0,12.0,26.5,17.5,79.25,3.0,1.0,16.25,3.0,13.25,NA,1.0,1.0,1.0,16.75,96.75,0.25,180.0,NA,NA,37.0,742.0,0.0
2026-01-28 10:00:00,NA,NA,14.0,27.67,19.25,74.0,3.33,1.0,18.33,3.0,13.33,NA,1.0,1.0,1.0,17.0,96.67,0.5,178.0,NA,NA,37.0,742.0,0.0
2026-01-28 11:00:00,NA,7.75,9.5,26.25,15.0,75.5,2.0,1.0,21.25,3.0,13.5,NA,1.0,1.0,1.0,18.0,87.75,0.25,193.25,NA,NA,37.0,742.0,0.0
2026-01-28 12:00:00,NA,7.0,9.0,27.5,14.5,81.25,2.25,1.0,25.0,3.0,13.5,NA,1.0,1.0,1.0,18.75,80.25,0.25,197.5,NA,NA,37.0,742.0,0.0
2026-01-28 13:00:00,NA,97.25,11.75,23.5,16.0,68.75,6.33,1.0,28.0,3.0,13.75,NA,1.0,1.0,1.0,20.0,71.75,0.5,190.5,NA,NA,37.0,742.0,0.0
2026-01-28 14:00:00,NA,60.0,11.25,25.5,16.25,67.0,8.75,1.0,27.75,3.0,13.25,NA,1.0,1.0,1.0,20.0,69.25,0.75,174.75,NA,NA,37.0,742.0,0.0
2026-01-28 15:00:00,NA,8.67,10.25,25.75,14.5,67.75,8.0,1.0,27.75,3.0,13.5,NA,1.0,1.0,1.0,19.75,72.5,1.0,160.75,NA,NA,37.0,742.0,0.0
2026-01-28 16:00:00,102.25,152.25,11.5,27.0,16.0,81.75,8.5,1.0,22.25,3.0,13.25,NA,1.0,1.0,1.0,18.75,83.0,0.75,157.25,NA,NA,37.0,742.0,0.0
2026-01-28 17:00:00,74.25,137.25,12.5,25.0,15.75,91.0,10.0,1.0,18.0,3.0,13.5,NA,1.0,1.0,1.0,18.0,88.75,0.0,155.0,NA,NA,37.0,742.0,0.0
2026-01-28 18:00:00,76.0,186.25,15.75,25.5,19.0,92.75,9.0,1.0,11.25,2.75,15.0,NA,0.75,0.75,0.75,17.0,96.0,0.0,156.0,NA,NA,37.0,742.0,0.0
2026-01-28 19:00:00,46.5,161.25,10.5,27.25,15.75,90.75,13.33,1.0,9.0,2.0,19.0,NA,0.0,0.0,0.0,17.0,98.0,0.0,152.75,NA,NA,37.0,742.0,0.0
2026-01-28 20:00:00,37.5,275.75,13.5,27.5,18.25,97.25,14.5,1.0,5.75,3.25,16.75,NA,0.0,0.5,0.5,16.0,98.0,0.0,165.75,NA,NA,37.0,742.0,0.0
2026-01-28 21:00:00,45.0,243.0,13.25,27.5,19.0,86.5,7.0,0.0,9.25,4.0,15.25,NA,0.0,1.0,1.0,16.0,98.0,0.0,158.75,NA,NA,37.0,742.0,0.0
2026-01-28 22:00:00,29.75,445.25,14.5,22.25,17.25,85.25,6.0,0.67,12.0,3.0,17.0,NA,0.0,1.0,0.0,16.0,98.0,0.0,151.25,NA,NA,37.0,742.0,0.0
2026-01-28 23:00:00,57.0,450.5,10.33,26.0,15.33,86.33,3.5,0.0,14.0,3.0,17.67,NA,0.0,1.0,0.0,15.0,98.33,0.0,156.67,NA,NA,37.0,742.0,0.0
2026-01-29 00:00:00,102.0,152.0,8.0,26.25,13.5,88.5,2.75,1.0,15.75,2.0,15.0,NA,0.0,1.0,1.0,15.0,99.0,0.0,157.5,NA,NA,37.0,742.0,0.0
2026-01-29 01:00:00,112.0,273.75,12.75,26.5,17.5,87.5,4.0,1.0,17.0,2.0,15.0,NA,0.0,1.0,1.0,14.25,99.0,0.25,160.5,NA,NA,37.0,742.0,0.0
2026-01-29 02:00:00,67.0,257.5,11.5,27.5,17.0,88.75,3.25,1.0,16.75,2.0,15.0,NA,0.0,1.0,1.0,14.0,98.0,0.0,155.75,NA,NA,37.0,742.0,0.0
2026-01-29 03:00:00,NA,NA,11.25,24.5,15.5,88.0,13.67,1.0,16.75,2.0,18.0,NA,0.0,1.0,1.25,14.0,98.25,0.25,157.5,NA,NA,37.0,742.0,0.0
2026-01-29 04:00:00,NA,NA,13.25,24.5,17.0,78.75,12.5,1.0,15.25,2.0,20.0,NA,0.0,1.5,1.5,13.0,99.0,0.0,155.25,NA,NA,37.0,742.0,0.0
2026-01-29 05:00:00,105.0,171.0,16.5,25.0,20.5,78.75,11.0,1.0,13.5,2.0,19.75,NA,0.0,1.5,1.25,13.0,99.0,0.0,161.25,NA,NA,37.0,742.0,0.0
2026-01-29 06:00:00,57.0,285.75,13.75,23.75,16.5,73.75,11.25,1.0,11.25,2.25,17.75,NA,0.0,1.25,1.0,13.0,99.0,0.0,167.0,NA,NA,37.0,742.0,0.0
2026-01-29 07:00:00,40.0,266.0,13.75,26.75,18.5,69.5,6.33,1.0,11.0,3.0,11.5,NA,0.0,2.0,0.0,13.25,99.0,0.0,81.25,NA,NA,37.0,742.0,0.0
2026-01-29 08:00:00,54.0,263.0,13.75,25.25,18.0,62.0,7.75,1.0,11.5,3.0,12.25,NA,0.25,1.75,0.25,14.5,98.25,0.0,91.75,NA,NA,37.0,742.0,0.0
2026-01-29 09:00:00,67.75,198.0,19.25,24.0,21.0,79.0,4.67,1.0,14.25,3.0,13.25,NA,1.0,1.0,1.0,16.5,87.25,0.0,43.75,NA,NA,37.0,742.0,0.0
2026-01-29 10:00:00,97.75,239.0,13.25,26.25,18.25,73.25,6.5,1.0,20.0,3.0,13.5,NA,1.0,1.0,1.0,18.25,77.0,0.0,76.0,NA,NA,37.0,742.0,0.0
2026-01-29 11:00:00,113.5,300.5,11.25,26.25,16.75,75.5,2.0,1.0,20.0,3.0,13.75,NA,1.0,1.0,1.0,19.0,73.25,0.0,101.75,NA,NA,37.0,742.0,0.0
2026-01-29 12:00:00,123.0,223.0,11.5,24.5,15.75,81.25,2.0,1.0,24.0,3.0,13.5,NA,1.0,1.0,1.0,19.5,69.0,0.25,144.25,NA,NA,37.0,742.0,0.0
2026-01-29 13:00:00,NA,NA,11.75,25.5,15.75,68.5,9.0,1.0,26.25,3.0,13.75,NA,1.0,1.0,1.0,20.75,62.0,0.0,114.0,NA,NA,37.0,742.0,0.0
2026-01-29 14:00:00,73.25,268.0,10.25,27.25,17.0,67.25,8.75,1.0,25.0,3.0,14.0,NA,1.0,1.0,1.0,20.0,65.25,0.25,154.25,NA,NA,37.0,742.0,0.0
2026-01-29 15:00:00,95.5,209.5,12.0,26.0,17.0,67.25,4.0,1.0,26.75,3.0,13.25,NA,1.0,1.0,1.0,20.0,65.75,0.5,160.75,NA,NA,37.0,742.0,0.0
2026-01-29 16:00:00,NA,NA,11.75,23.5,15.75,82.0,6.0,1.0,20.5,3.0,13.75,NA,1.0,1.0,1.0,19.0,72.0,0.0,120.75,NA,NA,37.0,742.0,0.0
2026-01-29 17:00:00,NA,NA,15.5,26.0,20.0,91.5,4.0,1.0,17.0,3.0,14.0,NA,1.0,0.75,1.0,16.5,84.75,0.0,160.5,NA,NA,37.0,742.0,0.0
2026-01-29 18:00:00,151.67,187.67,13.0,24.75,17.25,91.25,4.0,1.0,15.5,2.75,14.5,NA,0.75,0.75,0.75,16.0,89.25,0.0,107.25,NA,NA,37.0,742.0,0.0
2026-01-29 19:00:00,135.0,353.5,11.75,26.25,16.25,93.0,2.0,0.25,13.0,2.0,19.5,NA,0.0,0.0,0.0,15.25,91.25,0.0,97.75,NA,NA,37.0,742.0,0.0
2026-01-29 20:00:00,129.0,450.0,20.0,25.25,21.5,96.0,2.0,1.0,16.0,3.25,17.0,NA,0.0,0.5,0.5,14.25,94.5,0.0,145.0,NA,NA,37.0,742.0,0.0
2026-01-29 21:00:00,81.0,259.25,13.0,25.75,17.5,87.75,2.0,1.0,17.25,4.0,16.0,NA,0.0,1.0,1.0,14.0,94.0,0.25,155.25,NA,NA,37.0,742.0,0.0
2026-01-29 22:00:00,68.0,190.25,11.75,26.75,16.25,85.0,2.0,1.0,19.5,3.0,17.0,NA,0.0,1.0,0.0,13.0,95.5,0.5,160.25,NA,NA,37.0,742.0,0.0
2026-01-29 23:00:00,36.0,472.0,15.33,26.33,20.0,83.33,4.5,0.67,20.0,3.0,17.0,NA,0.0,1.0,0.0,13.0,96.33,0.33,161.33,NA,NA,37.0,742.0,0.0
2026-01-30 00:00:00,71.75,295.75,17.0,22.75,20.0,88.25,5.25,1.0,20.25,2.0,14.75,NA,0.0,1.0,1.0,13.0,96.75,0.75,156.75,NA,NA,37.0,742.0,0.0
2026-01-30 01:00:00,84.25,190.0,15.25,25.0,18.75,88.75,2.0,1.0,23.25,2.0,15.0,NA,0.0,1.0,1.0,12.75,98.0,0.5,157.0,NA,NA,37.0,742.0,0.0
2026-01-30 02:00:00,43.0,253.75,17.5,25.0,20.25,87.0,2.0,1.0,20.75,2.0,15.0,NA,0.0,1.0,1.0,13.0,98.0,0.5,154.75,NA,NA,37.0,742.0,0.0
2026-01-30 03:00:00,28.0,430.25,14.5,25.5,18.25,87.75,8.33,1.0,23.75,2.0,18.25,NA,0.0,1.25,1.25,13.0,97.75,0.25,160.5,NA,NA,37.0,742.0,0.0
2026-01-30 04:00:00,75.5,338.0,15.5,25.75,19.25,79.25,8.25,1.0,26.5,2.0,19.25,NA,0.0,1.25,1.75,13.0,96.5,0.0,161.75,NA,NA,37.0,742.0,0.0
2026-01-30 05:00:00,67.25,401.75,11.75,24.5,16.0,78.75,3.0,1.0,24.75,2.0,20.0,NA,0.0,1.5,1.25,14.0,95.5,0.0,152.0,NA,NA,37.0,742.0,0.0
2026-01-30 06:00:00,41.75,404.5,18.25,23.0,20.75,73.25,2.25,1.0,20.0,2.25,18.0,NA,0.0,1.25,1.0,13.25,98.0,0.0,155.25,NA,NA,37.0,742.0,0.0
2026-01-30 07:00:00,67.75,242.25,13.5,27.75,19.0,69.75,7.33,1.0,24.0,3.0,11.5,NA,0.25,2.0,0.0,13.0,98.0,0.0,122.0,NA,NA,37.0,742.0,0.0
2026-01-30 08:00:00,51.75,237.75,13.25,24.75,17.5,63.25,7.5,1.0,19.0,3.0,12.25,NA,0.25,1.75,0.25,13.75,98.0,0.0,84.5,NA,NA,37.0,742.0,0.0
2026-01-30 09:00:00,67.5,487.75,13.75,28.0,19.5,80.25,3.33,1.0,14.25,3.0,13.5,NA,1.0,1.0,1.0,14.0,95.0,0.0,45.75,NA,NA,37.0,742.0,0.0
2026-01-30 10:00:00,91.0,284.0,11.75,26.5,17.25,75.0,4.75,1.0,18.5,3.0,13.5,NA,1.0,1.0,1.0,14.75,88.25,0.25,47.75,NA,NA,37.0,742.0,0.0
2026-01-30 11:00:00,103.0,437.5,14.25,26.5,18.75,75.5,16.0,1.0,20.75,3.0,13.0,NA,1.0,1.0,1.0,16.25,75.25,0.0,53.0,NA,NA,37.0,742.0,0.0
2026-01-30 12:00:00,55.75,463.75,15.5,27.25,19.25,82.5,16.0,1.0,25.25,3.0,13.25,NA,1.0,1.0,1.0,17.75,65.75,0.0,64.5,NA,NA,37.0,742.0,0.0
2026-01-30 13:00:00,36.0,432.25,15.5,25.0,19.0,69.0,3.0,0.5,26.75,3.0,13.75,NA,1.0,1.0,1.0,19.5,57.75,0.0,68.25,NA,NA,37.0,742.0,0.0
2026-01-30 14:00:00,37.75,249.5,16.0,26.75,19.75,66.25,3.25,1.0,27.25,3.0,13.5,NA,1.0,1.0,1.0,19.75,57.0,0.0,103.75,NA,NA,37.0,742.0,0.0
2026-01-30 15:00:00,66.25,271.0,14.0,25.25,16.25,67.0,2.0,1.0,27.5,3.0,13.5,NA,1.0,1.0,1.0,19.25,58.75,0.0,109.75,NA,NA,37.0,742.0,0.0
2026-01-30 16:00:00,69.75,409.0,17.5,27.0,20.25,80.0,2.0,0.33,23.5,3.0,13.75,NA,1.0,1.0,1.0,17.75,67.0,0.0,96.5,NA,NA,37.0,742.0,0.0
2026-01-30 17:00:00,68.0,317.33,13.67,21.33,14.67,90.67,2.0,0.0,19.67,3.0,13.33,NA,1.0,1.0,1.0,16.0,79.33,0.0,125.0,NA,NA,37.0,742.0,0.0
2026-01-30 18:00:00,79.5,209.5,15.75,24.75,17.25,92.0,2.0,1.0,10.5,2.75,14.75,NA,0.75,0.75,0.75,14.0,90.25,0.0,133.0,NA,NA,37.0,742.0,0.0
2026-01-30 19:00:00,140.75,255.0,16.75,27.5,18.5,91.75,8.67,1.0,12.0,2.0,19.75,NA,0.0,0.0,0.25,13.25,94.5,0.0,153.25,NA,NA,37.0,742.0,0.0
2026-01-30 20:00:00,75.25,513.5,15.0,30.0,18.75,96.0,9.25,1.0,9.75,3.25,17.0,NA,0.0,0.5,0.5,13.0,97.75,0.0,155.75,NA,NA,37.0,742.0,0.0
2026-01-30 21:00:00,63.0,290.75,14.75,26.5,17.25,88.0,5.0,1.0,9.5,4.0,15.75,NA,0.0,1.0,1.0,12.75,98.0,0.0,157.25,NA,NA,37.0,742.0,0.0
2026-01-30 22:00:00,33.25,412.75,14.75,27.0,17.0,82.75,7.25,1.0,10.0,3.0,17.0,NA,0.0,1.0,0.25,12.0,98.25,0.0,153.5,NA,NA,37.0,742.0,0.0
2026-01-30 23:00:00,53.0,289.0,17.0,30.0,20.33,84.33,2.0,1.0,8.0,3.0,16.67,NA,0.0,1.0,0.0,12.0,99.0,0.0,144.0,NA,NA,37.0,742.0,0.0
2026-01-31 00:00:00,41.0,448.0,14.5,26.5,17.25,88.25,2.5,1.0,8.5,2.0,15.0,NA,0.0,1.0,1.0,11.25,99.0,0.0,216.0,NA,NA,37.0,742.0,0.0
2026-01-31 01:00:00,68.75,396.0,18.75,25.5,20.5,88.5,3.33,1.0,9.25,2.0,15.0,NA,0.0,1.0,1.0,11.0,99.0,0.0,180.0,NA,NA,37.0,742.0,0.0
2026-01-31 02:00:00,36.25,437.75,18.0,24.25,19.75,88.5,2.5,1.0,7.75,2.0,15.0,NA,0.0,1.0,1.0,10.25,99.0,0.0,152.75,NA,NA,37.0,742.0,0.0
2026-01-31 03:00:00,51.0,259.25,15.25,26.25,18.25,87.75,3.67,1.0,7.75,2.0,18.25,NA,0.0,1.5,1.25,10.25,99.0,0.0,146.0,NA,NA,37.0,742.0,0.0
2026-01-31 04:00:00,34.0,197.5,14.75,30.25,19.25,79.5,4.0,1.0,6.75,2.0,20.0,NA,0.0,1.5,1.75,11.0,99.0,0.0,179.25,NA,NA,37.0,742.0,0.0
2026-01-31 05:00:00,17.5,308.0,16.25,23.75,17.25,78.5,6.33,1.0,7.75,2.25,19.75,NA,0.0,1.25,1.25,10.75,99.0,0.0,275.75,NA,NA,37.0,742.0,0.0
2026-01-31 06:00:00,11.75,235.25,14.25,28.75,17.25,73.75,7.75,1.0,7.5,2.25,17.75,NA,0.0,2.0,1.25,10.0,99.0,0.0,91.25,NA,NA,37.0,742.0,0.0
2026-01-31 07:00:00,52.0,398.5,16.0,24.25,17.0,69.25,2.0,1.0,7.0,3.0,11.5,NA,0.0,2.0,0.0,10.0,99.0,0.0,216.75,NA,NA,37.0,742.0,0.0
2026-01-31 08:00:00,36.5,339.75,17.5,23.75,17.25,63.25,3.0,1.0,10.75,3.0,11.75,NA,0.25,1.75,0.25,10.0,99.0,0.0,203.0,NA,NA,37.0,742.0,0.0
2026-01-31 09:00:00,45.5,349.75,21.0,28.25,21.5,78.75,5.0,0.25,13.5,3.0,13.25,NA,1.0,1.0,1.0,10.5,99.0,0.0,200.75,NA,NA,37.0,742.0,0.0
2026-01-31 10:00:00,54.75,314.5,14.75,27.5,16.5,72.75,6.0,1.0,12.25,3.0,13.5,NA,1.0,1.0,1.0,12.5,99.0,0.0,245.0,NA,NA,37.0,742.0,0.0
2026-01-31 11:00:00,80.0,373.67,43.33,27.67,36.67,76.0,6.67,0.5,20.25,3.0,13.25,NA,1.0,1.0,1.0,14.75,90.25,0.0,221.0,NA,NA,37.0,742.0,0.0
2026-01-31 12:00:00,NA,10.0,13.0,27.0,16.0,82.0,7.0,1.0,25.5,3.0,13.25,NA,1.0,1.0,1.0,16.25,78.25,0.0,257.5,NA,NA,37.0,742.0,0.0
2026-01-31 13:00:00,178.0,86.5,22.5,32.75,26.75,68.75,NA,2.0,25.25,3.0,13.25,NA,1.0,1.0,1.0,17.0,73.5,0.0,297.0,NA,NA,37.0,742.0,0.0
2026-01-31 14:00:00,229.0,393.0,23.75,34.0,27.5,67.5,18.67,1.0,35.0,3.0,13.25,NA,1.0,1.0,1.0,17.5,67.75,0.0,264.0,NA,NA,37.0,742.0,0.0
2026-01-31 15:00:00,132.67,237.0,18.25,43.5,27.0,68.25,2.0,1.0,36.75,3.0,13.5,NA,1.0,1.0,1.0,18.0,66.0,0.0,109.75,NA,NA,37.0,742.0,0.0
2026-01-31 16:00:00,169.0,452.5,19.0,38.5,26.75,81.75,2.0,0.67,36.0,3.0,13.75,NA,1.0,1.0,1.0,17.5,74.0,0.25,153.25,NA,NA,37.0,742.0,0.0
2026-01-31 17:00:00,202.0,310.0,15.0,42.5,24.25,91.75,2.0,0.0,NA,3.0,13.75,NA,1.0,1.0,1.0,16.25,86.25,0.0,167.0,NA,NA,37.0,742.0,0.0
2026-01-31 18:00:00,NA,NA,19.25,50.75,31.0,91.5,2.0,1.0,NA,2.75,14.75,NA,0.75,0.75,0.75,15.0,96.25,0.0,174.5,NA,NA,37.0,742.0,0.0
2026-01-31 19:00:00,122.0,413.0,24.75,61.25,40.25,92.25,7.0,1.0,NA,2.0,19.5,NA,0.0,0.0,0.0,14.25,98.0,0.0,181.25,NA,NA,37.0,742.0,0.0
2026-01-31 20:00:00,111.5,504.25,26.0,73.25,49.25,96.0,11.75,1.33,NA,3.25,17.25,NA,0.0,0.5,0.75,14.0,98.0,0.0,159.67,NA,NA,37.0,742.0,0.0
2026-01-31 21:00:00,146.5,497.5,30.0,76.25,55.5,85.75,8.33,1.75,4.5,3.75,15.5,NA,0.0,1.0,1.0,13.0,98.5,NA,NA,NA,NA,37.0,742.0,0.0
2026-01-31 22:00:00,131.0,426.0,27.5,71.5,46.25,84.5,10.75,0.67,5.5,3.0,17.0,NA,0.0,1.0,0.25,13.0,99.0,NA,NA,NA,NA,37.0,742.0,0.0
2026-01-31 23:00:00,74.0,454.0,22.33,68.0,41.0,85.0,5.0,0.67,3.67,3.0,16.67,NA,0.0,1.0,0.0,13.0,99.0,0.0,188.5,NA,NA,37.0,742.0,0.0
2026-02-01 00:00:00,108.0,338.5,27.0,60.0,41.5,88.75,6.75,0.33,4.25,2.0,15.0,NA,0.0,1.0,0.75,12.0,99.0,0.0,118.5,NA,NA,37.0,742.0,0.0
2026-02-01 01:00:00,123.25,449.25,30.0,55.25,41.75,88.0,9.67,0.0,5.5,2.0,15.25,NA,0.0,1.0,1.0,12.0,99.0,0.0,145.75,NA,NA,37.0,742.0,0.0
2026-02-01 02:00:00,109.0,534.5,26.75,46.0,35.0,88.0,8.5,1.0,7.25,2.0,15.25,NA,0.0,1.0,1.0,11.0,99.0,0.0,145.25,NA,NA,37.0,742.0,0.0
2026-02-01 03:00:00,135.25,226.25,32.0,47.0,40.0,88.75,12.0,0.25,9.5,2.0,18.0,NA,0.0,1.0,1.25,11.0,99.0,0.0,159.25,NA,NA,37.0,742.0,0.0
2026-02-01 04:00:00,140.0,280.0,21.25,45.75,31.25,79.75,10.75,1.0,9.0,2.0,19.75,NA,0.0,1.0,1.5,10.25,99.0,0.0,128.5,NA,NA,39.25,742.0,0.0
2026-02-01 05:00:00,NA,NA,22.25,41.0,28.75,78.75,11.33,1.0,7.75,2.0,20.0,NA,0.0,1.0,1.75,10.0,99.0,0.0,150.0,NA,NA,37.25,742.0,0.0
2026-02-01 06:00:00,39.0,197.0,22.75,43.0,31.0,73.25,11.5,0.33,8.5,2.25,18.0,NA,0.0,1.5,0.75,10.25,99.0,0.0,163.0,NA,NA,37.0,742.0,0.0
2026-02-01 07:00:00,53.75,229.0,22.0,49.0,30.75,70.0,2.67,0.0,7.75,3.0,11.0,NA,0.0,2.0,0.0,11.0,99.0,0.0,185.75,NA,NA,37.0,742.0,0.0
2026-02-01 08:00:00,143.0,227.25,20.75,51.25,32.75,63.75,2.0,0.67,8.25,3.0,11.75,NA,0.25,1.75,0.25,11.0,98.25,0.0,175.75,NA,NA,37.0,742.0,0.0
2026-02-01 09:00:00,159.0,320.25,24.0,51.5,33.25,78.5,4.0,0.5,11.5,3.0,13.75,NA,1.0,1.0,1.0,13.5,97.75,0.0,197.0,NA,NA,37.25,742.0,0.0
2026-02-01 10:00:00,169.25,486.5,19.25,53.5,31.25,73.5,3.75,1.0,21.0,3.0,13.25,NA,1.0,1.0,1.0,16.25,85.0,0.25,209.5,NA,NA,37.0,742.0,0.0
2026-02-01 11:00:00,100.0,255.0,27.25,44.5,35.25,74.5,2.33,1.5,29.5,3.0,13.5,NA,1.0,1.0,1.0,18.0,70.75,0.0,155.5,NA,NA,37.0,742.0,0.0
2026-02-01 12:00:00,82.75,283.75,25.25,48.25,34.25,82.0,2.25,1.0,38.25,3.0,13.75,NA,1.0,1.0,1.0,20.0,52.75,0.0,96.5,NA,NA,37.0,742.0,0.0
2026-02-01 13:00:00,68.75,235.75,20.5,46.75,26.25,68.5,10.33,1.0,45.25,3.0,14.0,NA,1.0,1.0,1.0,21.75,37.75,0.0,162.5,NA,NA,37.0,742.0,0.0
2026-02-01 14:00:00,98.5,292.75,21.0,41.75,28.25,67.25,8.25,1.0,38.75,3.0,13.5,NA,1.0,0.75,1.0,22.0,29.0,0.0,160.5,NA,NA,37.0,742.0,0.0
2026-02-01 15:00:00,119.0,326.0,16.75,49.25,29.0,67.5,13.33,1.0,33.5,3.0,13.25,NA,1.0,1.0,1.0,22.0,40.25,0.0,172.5,NA,NA,37.0,742.0,0.0
2026-02-01 16:00:00,124.75,326.75,20.0,51.0,33.25,80.5,12.75,1.0,29.75,3.0,13.75,NA,1.0,1.0,1.0,21.75,48.0,0.0,159.5,NA,NA,37.0,742.0,0.0
2026-02-01 17:00:00,78.0,428.0,26.75,52.75,37.25,92.0,23.67,1.0,18.25,3.0,13.75,NA,1.0,1.0,1.0,20.25,56.5,0.0,124.5,NA,NA,37.0,742.0,0.0
2026-02-01 18:00:00,74.5,452.75,26.0,56.5,38.0,92.25,18.25,0.67,10.75,2.75,15.0,NA,0.75,0.75,0.75,18.5,72.5,0.0,48.0,NA,NA,37.0,742.0,0.0
2026-02-01 19:00:00,114.25,259.75,20.25,64.75,38.75,92.5,3.33,1.0,6.25,2.0,19.5,NA,0.0,0.0,0.0,18.0,74.25,0.0,52.67,NA,NA,37.0,742.0,0.0
2026-02-01 20:00:00,134.0,522.0,21.0,63.75,40.0,96.0,6.25,0.33,6.5,3.25,16.5,NA,0.0,0.5,0.75,17.5,75.75,0.0,72.0,NA,NA,37.0,742.0,0.0
2026-02-01 21:00:00,83.0,360.25,19.25,62.75,32.75,88.75,15.33,0.0,9.0,4.0,15.25,NA,0.0,1.0,1.0,16.75,79.25,0.0,69.5,NA,NA,37.0,742.0,0.0
2026-02-01 22:00:00,107.5,361.5,18.0,58.25,33.25,87.0,16.25,1.0,7.25,3.0,16.75,NA,0.0,1.0,0.0,16.0,87.75,0.0,38.33,NA,NA,37.0,742.0,0.0
2026-02-01 23:00:00,89.0,331.0,22.0,60.67,38.33,84.33,4.0,1.0,5.33,3.0,17.67,NA,0.0,1.0,0.0,16.0,94.67,0.0,221.0,NA,NA,37.0,742.0,0.0
2026-02-02 00:00:00,135.0,360.25,18.0,59.25,34.5,88.0,4.75,1.0,5.75,2.0,14.75,NA,0.0,1.0,1.0,15.0,97.75,0.0,146.67,NA,NA,37.0,742.0,0.0
2026-02-02 01:00:00,157.5,501.25,16.75,53.0,30.5,88.5,13.33,0.0,6.25,2.0,15.25,NA,0.0,1.0,1.0,15.0,98.5,0.0,175.5,NA,NA,37.0,742.0,0.0
2026-02-02 02:00:00,92.0,319.5,21.0,46.25,31.25,88.5,14.0,0.0,7.5,2.0,15.0,NA,0.0,1.0,1.0,15.0,98.75,0.0,148.25,NA,NA,37.0,742.0,0.0
2026-02-02 03:00:00,85.75,206.0,23.0,46.25,33.0,88.5,4.67,0.0,10.25,2.0,18.25,NA,0.0,1.25,1.5,14.5,99.0,0.0,148.5,NA,NA,37.0,742.0,0.0
2026-02-02 04:00:00,145.0,330.25,23.0,46.75,32.5,79.75,3.0,1.0,11.25,2.0,19.5,NA,0.0,1.25,1.0,14.5,99.0,0.0,146.5,NA,NA,37.0,742.0,0.0
2026-02-02 05:00:00,137.0,380.0,21.25,46.25,32.25,77.75,2.0,0.5,10.0,2.0,19.75,NA,0.0,1.25,1.5,14.0,99.0,0.0,154.75,NA,NA,37.0,742.0,0.0
2026-02-02 06:00:00,101.0,206.0,22.5,44.25,30.5,73.25,2.0,0.33,9.75,2.25,17.5,NA,0.0,1.25,1.0,14.0,99.0,0.0,146.75,NA,NA,37.0,742.0,0.0
2026-02-02 07:00:00,96.75,254.0,15.0,49.0,27.5,69.0,8.0,0.25,6.75,3.0,11.5,NA,0.25,2.0,0.0,14.0,99.0,0.0,161.25,NA,NA,37.0,742.0,0.0
2026-02-02 08:00:00,114.5,307.25,21.5,47.0,31.0,63.75,7.25,0.0,10.0,3.0,11.5,NA,0.25,1.75,0.25,16.25,96.5,0.0,162.75,NA,NA,37.0,742.0,0.0
2026-02-02 09:00:00,141.75,343.5,21.5,45.25,30.25,79.25,2.0,0.0,15.5,3.0,13.5,NA,1.0,1.0,1.0,18.25,87.0,0.5,168.0,NA,NA,37.0,742.0,0.0
2026-02-02 10:00:00,144.25,380.5,20.5,45.0,27.75,74.25,2.0,1.0,22.0,3.0,13.75,NA,1.0,1.0,1.0,20.25,75.75,0.0,150.75,NA,NA,37.0,742.0,0.0
2026-02-02 11:00:00,127.5,238.0,23.75,48.25,32.25,76.5,12.33,1.0,31.0,3.0,13.25,NA,1.0,1.0,1.0,22.5,64.0,0.0,141.5,NA,NA,37.0,742.0,0.0
2026-02-02 12:00:00,NA,NA,24.5,51.25,36.0,80.5,11.5,0.67,34.5,3.0,13.75,NA,1.0,1.0,1.0,24.25,54.25,0.0,92.75,NA,NA,37.0,742.0,0.0
2026-02-02 13:00:00,NA,NA,28.75,47.5,39.0,68.75,7.67,0.0,35.75,3.0,13.5,NA,1.0,1.0,1.0,25.25,49.5,0.25,123.75,NA,NA,37.0,742.0,0.0
2026-02-02 14:00:00,131.0,299.0,23.5,49.75,34.25,67.75,8.0,1.0,31.5,3.0,13.75,NA,1.0,1.0,1.0,25.5,42.0,0.5,63.0,NA,NA,37.0,742.0,0.0
2026-02-02 15:00:00,128.0,354.0,24.0,46.75,33.0,67.0,10.33,1.0,31.75,3.0,13.0,NA,1.0,1.0,1.0,25.25,43.5,0.0,115.5,NA,NA,37.0,742.0,0.0
2026-02-02 16:00:00,160.0,213.0,18.5,46.0,28.25,NA,11.25,1.0,23.0,3.0,13.5,NA,1.0,1.0,1.0,24.0,49.75,0.0,53.5,NA,NA,37.0,742.0,0.0
2026-02-02 17:00:00,161.0,251.0,20.67,51.0,33.0,NA,3.0,1.0,20.67,3.0,13.5,NA,1.0,1.0,1.0,22.67,57.0,0.0,95.67,NA,NA,37.0,742.0,0.0
2026-02-02 18:00:00,NA,NA,26.25,56.5,40.5,NA,4.75,1.33,9.5,NA,NA,NA,NA,NA,NA,21.25,66.75,0.0,56.5,NA,NA,37.0,742.0,0.0
2026-02-02 19:00:00,136.0,NA,24.25,61.0,42.75,224.67,2.33,2.0,7.5,2.0,19.5,NA,0.0,0.0,0.0,20.5,73.25,0.0,120.33,NA,NA,37.0,742.0,0.0
2026-02-02 20:00:00,44.0,27.0,14.25,62.0,33.0,92.5,3.25,1.0,5.75,3.0,17.0,NA,0.0,0.5,0.5,19.25,81.75,0.0,161.0,NA,NA,37.0,742.0,0.0
2026-02-02 21:00:00,257.0,356.5,13.75,61.0,31.75,83.75,8.67,0.75,5.25,4.0,15.5,NA,0.0,1.0,1.0,18.5,88.0,0.0,172.5,NA,NA,37.0,742.0,0.0
2026-02-02 22:00:00,206.5,304.25,19.75,53.5,34.25,79.75,9.75,0.0,4.25,3.0,16.5,NA,0.0,1.0,0.0,18.0,90.5,0.0,167.67,NA,NA,37.0,742.0,0.0
2026-02-02 23:00:00,54.5,116.0,14.33,46.67,26.33,81.0,3.0,0.0,5.67,3.0,16.67,NA,0.0,1.0,0.0,17.0,96.67,0.0,172.0,NA,NA,37.0,742.0,0.0
2026-02-03 00:00:00,42.75,344.25,19.0,45.0,30.25,82.75,5.25,0.33,6.0,2.0,15.0,NA,0.0,1.0,1.0,17.0,98.0,NA,NA,NA,NA,37.0,742.0,0.0
2026-02-03 01:00:00,29.0,479.25,17.0,42.75,26.5,83.0,10.0,0.0,9.25,2.0,15.0,NA,0.0,1.0,1.0,16.5,98.0,0.0,39.0,NA,NA,37.0,742.0,0.0
2026-02-03 02:00:00,NA,NA,19.25,50.0,31.0,83.25,8.75,1.0,10.25,2.0,15.0,NA,0.0,1.0,1.0,16.0,98.5,0.0,168.0,NA,NA,37.0,742.0,0.0
2026-02-03 03:00:00,37.0,104.75,18.25,41.5,25.25,83.0,11.0,0.0,13.5,2.0,17.75,NA,0.0,1.0,1.25,16.0,99.0,0.0,152.0,NA,NA,37.0,742.0,0.0
2026-02-03 04:00:00,NA,NA,16.75,42.25,26.5,74.0,13.5,1.0,9.5,2.0,19.75,NA,0.0,1.25,1.0,15.25,99.0,0.0,146.0,NA,NA,104.0,742.5,0.0
2026-02-03 05:00:00,41.0,80.0,20.5,41.5,30.25,73.5,2.0,1.0,9.0,2.0,20.0,NA,0.0,1.25,1.25,15.0,99.0,0.0,161.75,NA,NA,208.25,743.25,0.0
2026-02-03 06:00:00,31.5,270.5,16.75,41.0,26.0,68.0,2.0,0.33,11.5,2.25,18.0,NA,0.0,1.5,1.25,15.0,99.0,0.0,185.0,NA,NA,43.5,742.0,0.0
2026-02-03 07:00:00,27.25,73.75,14.0,38.0,22.75,64.5,2.0,0.25,9.5,3.0,11.25,NA,0.25,2.0,0.0,15.0,99.0,0.0,160.5,NA,NA,65.5,742.0,0.0
2026-02-03 08:00:00,42.5,103.25,20.5,42.25,28.75,58.25,2.0,0.67,6.5,3.0,11.75,NA,0.25,1.75,0.25,14.5,99.0,0.0,153.25,NA,NA,240.5,743.25,0.0
2026-02-03 09:00:00,33.75,148.75,21.75,44.0,31.0,73.0,9.0,1.0,6.0,3.0,13.25,NA,1.0,1.0,1.0,14.0,99.0,0.0,125.75,NA,NA,37.0,742.0,0.0
2026-02-03 10:00:00,19.75,352.0,21.5,47.25,29.5,68.75,9.5,1.0,7.75,3.0,13.0,NA,1.0,1.0,1.0,14.75,99.0,0.25,76.0,NA,NA,37.0,742.0,0.0
2026-02-03 11:00:00,55.25,140.67,18.5,46.5,28.0,71.0,4.33,1.0,10.0,3.0,13.5,NA,1.0,1.0,1.0,15.0,98.0,0.0,212.25,NA,NA,37.0,742.0,0.0
2026-02-03 12:00:00,69.5,118.75,19.25,47.75,29.25,75.0,4.25,1.0,14.75,3.0,13.25,NA,1.0,1.0,1.0,16.0,97.75,0.0,228.5,NA,NA,37.0,742.0,0.0
2026-02-03 13:00:00,NA,NA,18.5,50.5,31.25,63.25,4.0,1.0,17.75,3.0,13.25,NA,1.0,1.0,1.0,18.5,82.0,0.0,166.75,NA,NA,37.0,742.0,0.0
2026-02-03 14:00:00,46.0,89.75,20.0,49.25,31.0,62.25,3.0,1.0,24.75,3.0,13.25,NA,1.0,0.75,1.0,20.0,72.75,0.0,17.25,NA,NA,37.0,742.0,0.0
2026-02-03 15:00:00,69.75,91.75,22.0,43.5,30.0,62.5,14.33,1.0,25.5,3.0,13.5,NA,1.0,1.0,1.0,19.75,70.25,0.0,42.75,NA,NA,37.0,742.0,0.0
2026-02-03 16:00:00,66.25,107.0,26.25,50.25,36.0,76.5,14.75,1.0,24.5,3.0,13.25,NA,1.0,1.0,1.0,20.0,70.25,0.0,72.25,NA,NA,37.0,742.0,0.0
2026-02-03 17:00:00,78.5,137.25,22.0,51.75,35.75,86.25,6.33,1.0,13.25,3.0,13.5,NA,1.0,1.0,1.0,18.75,80.0,0.0,54.0,NA,NA,37.0,742.0,0.0
2026-02-03 18:00:00,47.25,162.0,15.5,56.0,29.25,86.0,8.25,1.0,8.5,2.75,15.0,NA,0.75,0.75,0.75,17.0,94.75,0.0,55.0,NA,NA,37.0,742.0,0.0
2026-02-03 19:00:00,39.25,358.75,14.5,55.25,28.5,86.5,4.0,2.0,5.75,2.0,19.5,NA,0.0,0.0,0.0,16.75,98.0,0.0,65.0,NA,NA,37.0,742.0,0.0
2026-02-03 20:00:00,46.0,572.0,18.0,56.5,30.5,91.0,10.0,1.33,5.75,3.25,17.0,NA,0.0,0.5,0.75,16.0,98.75,NA,NA,NA,NA,37.0,742.0,0.0
2026-02-03 21:00:00,74.0,255.0,20.75,48.5,31.25,81.75,6.0,1.5,5.5,4.0,15.75,NA,0.0,1.0,1.0,16.0,99.0,0.0,69.0,NA,NA,37.0,742.0,0.0
2026-02-03 22:00:00,65.5,485.0,22.75,43.75,32.25,78.75,10.75,1.0,5.25,3.0,16.5,NA,0.0,1.0,0.0,15.25,99.0,NA,NA,NA,NA,37.0,742.0,0.0
2026-02-03 23:00:00,50.0,470.67,16.33,46.33,28.0,77.67,2.0,0.67,5.33,2.67,16.33,NA,0.0,1.0,0.0,15.0,99.0,0.0,171.67,NA,NA,37.0,742.0,0.0
2026-02-04 00:00:00,76.0,423.0,17.5,42.75,26.75,82.5,2.0,1.0,6.0,2.0,15.0,NA,0.0,1.0,1.0,14.25,99.0,0.0,174.5,NA,NA,37.0,742.0,0.0
2026-02-04 01:00:00,76.5,497.0,23.0,36.5,29.25,83.0,6.33,0.25,6.5,2.0,15.0,NA,0.0,1.0,1.0,14.0,99.0,0.0,140.0,NA,NA,37.0,742.0,0.0
2026-02-04 02:00:00,54.0,505.0,26.75,39.5,33.5,83.75,4.75,1.0,5.25,2.0,15.25,NA,0.0,1.0,1.0,13.5,99.0,0.0,146.75,NA,NA,37.0,742.0,0.0
2026-02-04 03:00:00,NA,NA,24.25,41.25,31.25,83.25,2.0,1.0,7.0,2.0,17.5,NA,0.0,1.0,1.5,12.5,99.0,0.0,159.5,NA,NA,37.0,742.0,0.0
2026-02-04 04:00:00,63.0,321.5,15.5,40.5,24.25,73.75,2.0,1.0,7.25,2.0,19.5,NA,0.0,1.75,1.5,12.75,99.0,0.0,112.0,NA,NA,37.0,742.0,0.0
2026-02-04 05:00:00,39.0,282.25,18.75,38.75,27.25,73.25,3.0,1.0,7.0,2.0,19.75,NA,0.0,1.5,1.25,12.75,99.0,0.0,81.5,NA,NA,37.0,742.0,0.0
2026-02-04 06:00:00,49.25,182.75,23.0,36.75,29.25,68.5,2.0,1.0,7.5,2.25,17.5,NA,0.0,1.5,1.0,12.0,99.0,0.5,156.0,NA,NA,37.0,742.0,0.0
2026-02-04 07:00:00,27.0,128.0,19.5,38.0,28.75,65.5,2.0,1.0,8.25,3.0,11.75,NA,0.0,2.0,0.0,12.0,99.0,0.0,160.25,NA,NA,37.0,742.0,0.0
2026-02-04 08:00:00,41.0,354.5,20.0,40.5,30.0,57.5,2.0,1.0,11.25,3.0,11.75,NA,0.5,1.75,0.25,12.0,99.0,0.5,159.25,NA,NA,37.0,742.0,0.0
2026-02-04 09:00:00,50.5,281.75,21.25,38.5,29.5,74.25,6.0,1.0,14.5,3.0,13.25,NA,1.0,1.0,1.0,13.25,99.0,0.5,158.0,NA,NA,37.0,742.0,0.0
2026-02-04 10:00:00,43.33,163.67,20.0,45.25,30.5,68.25,8.0,1.0,12.25,3.0,13.5,NA,1.0,1.0,1.0,15.5,96.75,0.0,151.75,NA,NA,37.0,742.0,0.0
2026-02-04 11:00:00,30.5,218.0,22.25,43.75,31.5,71.75,5.33,0.25,13.5,3.0,13.0,NA,1.0,1.0,1.0,17.25,77.25,0.0,130.0,NA,NA,60.25,742.0,0.0
2026-02-04 12:00:00,62.5,251.0,16.75,38.5,26.0,76.25,5.75,0.0,20.25,3.0,13.5,NA,1.0,1.0,1.0,19.25,61.5,0.0,143.75,NA,NA,44.5,742.0,0.0
2026-02-04 13:00:00,45.25,85.0,16.75,39.5,24.5,64.0,2.0,0.0,24.5,3.0,13.5,NA,1.0,1.0,1.0,21.25,46.5,0.25,155.75,NA,NA,38.0,742.0,0.0
2026-02-04 14:00:00,72.5,85.0,19.75,38.0,28.0,62.5,2.0,1.0,34.0,3.0,13.5,NA,1.0,1.0,1.0,22.5,38.75,0.25,155.5,NA,NA,38.0,742.0,0.0
2026-02-04 15:00:00,63.5,85.0,22.5,43.75,33.5,62.5,2.33,0.25,28.75,3.0,13.75,NA,1.0,1.0,1.0,22.75,40.25,0.0,89.25,NA,NA,38.0,742.0,0.0
2026-02-04 16:00:00,NA,NA,NA,NA,NA,NA,NA,NA,NA,NA,NA,NA,NA,NA,NA,NA,NA,NA,NA,NA,NA,NA,NA,NA
2026-02-04 17:00:00,54.0,130.0,6.0,51.67,18.67,87.0,13.0,3.5,20.67,3.0,13.0,NA,1.0,1.0,1.0,19.67,55.67,0.0,63.0,NA,NA,37.0,742.0,0.0
2026-02-04 18:00:00,NA,130.0,22.0,50.75,36.0,86.5,11.33,4.0,4.5,2.75,15.0,NA,0.75,0.75,0.75,18.25,71.75,0.0,56.0,NA,NA,37.0,742.0,0.0
2026-02-04 19:00:00,77.0,205.25,21.0,50.0,34.0,86.25,10.5,1.0,11.75,2.0,19.25,NA,0.0,0.0,0.0,17.25,76.75,0.0,55.5,NA,NA,37.0,742.0,0.0
2026-02-04 20:00:00,94.25,232.5,19.25,53.75,32.75,91.75,6.33,1.0,19.0,3.0,17.5,NA,0.0,0.5,0.75,16.75,83.75,0.0,54.0,NA,NA,38.0,742.0,0.0
2026-02-04 21:00:00,57.25,265.0,24.75,46.25,34.75,81.75,9.25,0.33,9.25,4.0,15.5,NA,0.0,1.0,1.0,16.0,92.75,0.0,52.0,NA,NA,38.0,742.0,0.0
2026-02-04 22:00:00,34.5,233.0,27.75,38.75,33.75,81.5,14.33,0.0,3.0,2.75,16.5,NA,0.0,1.0,0.0,16.0,98.0,0.0,65.75,NA,NA,38.0,742.0,0.0
2026-02-04 23:00:00,57.0,233.67,20.0,40.33,28.33,80.33,16.0,1.0,2.0,3.0,16.67,NA,0.0,1.0,0.0,15.0,97.67,0.0,82.67,NA,NA,38.0,742.0,0.0
2026-02-05 00:00:00,65.75,196.75,16.75,42.0,27.25,83.0,7.0,0.0,2.0,2.0,15.25,NA,0.0,1.0,1.0,14.5,97.5,0.0,72.5,NA,NA,43.75,742.0,0.0
2026-02-05 01:00:00,47.75,177.0,22.5,37.5,28.75,82.5,5.75,0.67,2.0,2.0,15.0,NA,0.0,1.0,1.0,14.0,98.0,0.0,116.75,NA,NA,38.5,742.0,0.0
2026-02-05 02:00:00,58.75,165.5,17.0,40.5,25.25,83.0,6.0,0.0,1.5,2.0,14.5,NA,0.0,1.0,1.0,13.5,99.0,0.0,50.0,NA,NA,47.5,742.0,0.0
2026-02-05 03:00:00,53.75,195.5,22.5,40.5,27.25,83.0,4.5,1.0,2.5,2.0,17.75,NA,0.0,1.0,1.5,13.0,99.0,0.0,55.25,NA,NA,48.25,742.0,0.0
2026-02-05 04:00:00,61.25,226.0,23.75,39.0,29.25,74.75,3.67,1.0,6.75,2.0,20.0,NA,0.0,1.0,1.25,13.0,99.0,0.0,101.75,NA,NA,38.25,742.0,0.0
2026-02-05 05:00:00,79.0,281.5,31.75,36.5,35.5,73.5,3.25,1.0,7.75,2.0,20.0,NA,0.0,1.25,1.75,13.0,99.0,0.0,104.75,NA,NA,55.5,742.0,0.0
2026-02-05 06:00:00,54.0,107.0,24.0,37.75,30.0,67.5,12.67,1.0,4.25,2.25,18.0,NA,0.0,1.25,1.25,12.25,99.0,0.0,78.5,NA,NA,37.5,742.0,0.0
2026-02-05 07:00:00,NA,52.0,12.33,36.33,19.67,63.67,10.67,1.0,8.0,3.0,11.33,NA,0.0,2.0,0.0,11.33,99.0,0.0,116.0,NA,NA,37.0,742.0,0.0
2026-02-05 08:00:00,54.0,100.0,20.75,40.25,30.0,58.25,3.33,1.0,6.75,3.0,12.0,NA,0.25,1.75,0.25,12.25,99.0,0.0,66.75,NA,NA,37.0,742.0,0.0
2026-02-05 09:00:00,52.25,297.0,15.0,41.25,24.5,74.75,3.5,1.0,9.75,3.0,13.25,NA,1.0,1.0,1.0,14.75,94.75,0.0,128.5,NA,NA,37.0,742.0,0.0
2026-02-05 10:00:00,69.25,162.25,15.5,38.25,23.25,69.0,3.0,1.25,18.75,3.0,13.5,NA,1.0,1.0,1.0,17.5,75.0,0.0,116.5,NA,NA,37.25,742.0,0.0
2026-02-05 11:00:00,65.5,118.25,12.75,42.5,23.5,71.0,2.25,1.0,26.75,3.0,14.0,NA,1.0,1.0,1.0,20.25,56.75,0.0,124.75,NA,NA,37.75,742.0,0.0
2026-02-05 12:00:00,63.0,198.75,20.75,39.0,29.0,76.25,2.33,1.0,33.0,3.0,13.25,NA,1.0,1.0,1.0,22.0,39.25,0.25,150.5,NA,NA,38.0,742.0,0.0
2026-02-05 13:00:00,63.0,202.0,22.25,36.75,29.25,63.75,2.0,1.0,28.75,3.0,13.0,NA,1.0,1.0,1.0,23.0,34.5,0.25,78.5,NA,NA,38.0,742.0,0.0
2026-02-05 14:00:00,NA,NA,17.0,37.25,26.0,62.75,5.33,1.0,26.25,3.0,13.25,NA,1.0,1.0,1.0,23.5,33.25,0.5,73.5,NA,NA,39.75,742.0,0.0
2026-02-05 15:00:00,74.0,87.0,22.25,34.0,28.75,62.75,5.5,1.0,29.25,3.0,13.25,NA,1.0,1.0,1.0,23.25,32.5,0.0,71.5,NA,NA,38.0,742.0,0.0
2026-02-05 16:00:00,70.75,135.25,25.5,41.75,34.0,75.75,2.0,1.0,29.25,3.0,13.0,NA,1.0,1.0,1.0,22.25,34.75,0.0,112.25,NA,NA,37.5,742.0,0.0
2026-02-05 17:00:00,55.0,184.0,27.0,41.33,35.0,85.0,4.67,1.0,23.0,3.0,13.0,NA,1.0,1.0,1.0,21.0,40.0,0.0,59.0,NA,NA,37.0,742.0,0.0
2026-02-05 18:00:00,56.25,361.0,10.5,41.25,21.75,86.5,8.67,1.0,11.0,2.75,15.0,NA,0.75,0.75,0.75,19.25,51.5,0.0,47.75,NA,NA,37.0,742.0,0.0
2026-02-05 19:00:00,54.75,444.25,17.25,48.0,27.75,87.5,7.0,0.33,9.5,2.0,19.5,NA,0.0,0.0,0.0,18.25,59.75,0.0,48.25,NA,NA,37.0,742.0,0.0
2026-02-05 20:00:00,68.25,344.25,17.0,46.75,28.25,91.0,2.0,0.0,13.0,3.25,17.0,NA,0.0,0.5,0.5,17.5,63.25,0.0,58.25,NA,NA,37.0,742.0,0.0
2026-02-05 21:00:00,47.5,364.75,27.5,38.5,34.0,81.5,2.0,1.0,17.25,3.75,15.5,NA,0.0,1.0,1.0,17.5,61.0,0.0,58.25,NA,NA,37.5,742.0,0.0
2026-02-05 22:00:00,39.5,295.25,22.25,42.25,30.5,77.75,2.0,0.0,13.75,3.0,16.5,NA,0.0,1.0,0.0,17.0,64.5,0.0,55.0,NA,NA,37.5,742.0,0.0
2026-02-05 23:00:00,39.0,145.67,16.33,35.33,24.33,79.0,2.0,1.0,12.67,3.0,16.67,NA,0.0,1.0,0.0,16.33,65.0,0.0,62.67,NA,NA,37.0,742.0,0.0
2026-02-06 00:00:00,34.0,127.0,15.33,36.33,23.33,83.0,2.0,0.0,15.0,2.0,15.0,NA,0.0,1.0,1.0,16.0,65.33,0.0,61.33,NA,NA,37.0,742.0,0.0
2026-02-06 01:00:00,43.5,162.5,13.25,37.75,21.5,83.25,2.0,0.0,15.25,2.0,14.75,NA,0.0,1.0,1.0,15.75,67.25,0.0,63.25,NA,NA,37.0,742.0,0.0
2026-02-06 02:00:00,30.25,211.75,22.25,38.75,28.75,83.0,2.0,0.0,9.5,2.0,15.0,NA,0.0,1.0,1.0,15.0,69.75,0.0,64.5,NA,NA,37.0,742.0,0.0
2026-02-06 03:00:00,17.25,106.75,24.5,37.0,27.75,82.75,2.0,1.0,5.25,2.0,17.75,NA,0.0,1.0,1.0,14.25,72.5,0.0,71.25,NA,NA,37.0,742.0,0.0
2026-02-06 04:00:00,10.25,163.0,22.5,36.0,26.0,73.5,2.0,1.0,4.0,2.0,19.75,NA,0.0,1.5,1.5,13.75,74.75,0.0,74.75,NA,NA,37.0,742.0,0.0
2026-02-06 05:00:00,31.75,99.25,16.0,36.25,21.5,74.0,2.0,1.0,3.25,2.0,19.75,NA,0.0,1.5,1.25,13.0,75.75,0.0,95.75,NA,NA,37.0,742.0,0.0
2026-02-06 06:00:00,41.0,129.5,25.5,37.0,29.75,69.25,10.33,1.0,2.75,2.25,18.0,NA,0.0,1.5,1.0,13.0,78.75,0.0,49.0,NA,NA,37.0,742.0,0.0
2026-02-06 07:00:00,42.75,132.0,31.5,43.75,37.0,64.0,9.0,1.0,1.5,3.0,11.25,NA,0.25,2.0,0.0,13.25,76.5,0.0,49.5,NA,NA,37.0,742.0,0.0
2026-02-06 08:00:00,36.5,219.5,23.0,44.0,32.75,57.75,3.0,1.0,4.75,3.0,11.75,NA,0.25,1.75,0.25,15.0,69.0,0.0,55.25,NA,NA,37.0,742.0,0.0
2026-02-06 09:00:00,34.25,87.75,29.5,36.5,31.0,73.0,2.75,1.0,13.75,3.0,13.5,NA,1.0,1.0,1.0,17.25,60.25,0.0,92.5,NA,NA,37.75,742.0,0.0
2026-02-06 10:00:00,56.67,249.0,26.25,47.5,32.5,68.75,3.0,1.0,20.0,3.0,13.25,NA,1.0,1.0,1.0,19.5,52.5,0.0,65.75,NA,NA,37.5,742.0,0.0
2026-02-06 11:00:00,191.0,369.0,21.25,36.75,26.25,71.75,2.5,1.0,30.75,3.0,13.25,NA,1.0,1.0,1.0,21.25,42.25,0.0,89.75,NA,NA,38.0,742.0,0.0
2026-02-06 12:00:00,118.5,414.0,22.75,42.75,29.0,76.75,13.0,1.0,33.25,3.0,13.5,NA,1.0,1.0,1.0,22.75,33.75,0.0,66.0,NA,NA,38.0,742.0,0.0
2026-02-06 13:00:00,77.0,217.5,19.25,41.75,27.5,63.25,12.25,1.0,33.5,3.0,13.5,NA,1.0,1.0,1.0,24.0,27.75,0.0,69.5,NA,NA,38.0,742.0,0.0
2026-02-06 14:00:00,60.75,282.75,14.75,41.5,23.0,62.75,15.33,1.0,34.5,3.0,13.25,NA,1.0,1.0,1.0,24.0,26.5,0.0,95.5,NA,NA,38.0,742.0,0.0
2026-02-06 15:00:00,43.25,233.25,23.25,37.5,28.75,62.5,13.75,1.0,29.5,3.0,13.5,NA,1.0,1.0,1.0,24.0,26.5,0.0,101.0,NA,NA,38.0,742.0,0.0
2026-02-06 16:00:00,38.25,277.75,15.75,43.25,25.0,75.5,10.0,1.0,30.0,3.0,13.5,NA,1.0,1.0,1.0,22.75,31.75,0.0,89.75,NA,NA,37.75,742.0,0.0
2026-02-06 17:00:00,35.67,157.67,16.75,40.0,24.25,85.75,13.0,1.0,23.5,3.0,13.25,NA,1.0,1.0,1.0,21.25,37.75,0.0,58.5,NA,NA,37.0,742.0,0.0
2026-02-06 18:00:00,37.0,262.0,16.5,43.5,25.25,85.5,14.0,1.0,10.75,2.75,14.75,NA,0.75,0.75,0.75,19.5,47.75,0.0,107.25,NA,NA,37.0,742.0,0.0
2026-02-06 19:00:00,82.75,257.5,18.5,53.0,33.5,87.25,15.5,1.0,4.25,2.0,19.25,NA,0.0,0.0,0.0,18.75,55.75,0.0,57.0,NA,NA,37.0,742.0,0.0
2026-02-06 20:00:00,99.25,234.0,18.0,45.0,27.75,90.0,11.33,1.0,3.0,3.25,17.0,NA,0.0,0.5,0.5,18.0,61.75,0.0,48.25,NA,NA,37.0,742.0,0.0
2026-02-06 21:00:00,124.75,278.0,20.75,48.25,32.5,81.25,13.75,0.33,1.75,4.0,15.75,NA,0.0,1.0,1.0,17.5,66.25,0.0,49.25,NA,NA,37.0,742.0,0.0
2026-02-06 22:00:00,146.67,231.0,15.0,41.5,24.25,79.5,9.0,0.0,3.0,2.75,16.25,NA,0.0,1.0,0.0,17.0,68.75,0.0,54.5,NA,NA,37.0,742.0,0.0
2026-02-06 23:00:00,NA,NA,25.67,44.0,33.67,80.33,10.0,1.0,4.67,3.0,16.67,NA,0.0,1.0,0.0,17.0,65.67,0.0,51.33,NA,NA,37.0,742.0,0.0
2026-02-07 00:00:00,99.0,162.0,23.0,40.25,31.25,83.5,6.0,0.0,9.25,2.0,15.0,NA,0.0,1.0,1.0,16.75,67.25,0.0,112.75,NA,NA,37.0,742.0,0.0
2026-02-07 01:00:00,113.33,129.0,17.75,38.25,24.75,83.5,4.5,1.0,7.5,2.0,14.75,NA,0.0,1.0,1.0,15.5,74.25,0.0,65.5,NA,NA,37.0,742.0,0.0
2026-02-07 02:00:00,NA,NA,18.0,40.0,24.75,84.0,7.67,0.5,7.5,2.0,15.0,NA,0.0,1.0,1.0,15.0,73.0,0.0,73.0,NA,NA,37.0,742.0,0.0
2026-02-07 03:00:00,NA,NA,22.75,36.5,28.5,83.25,7.25,1.0,4.5,2.0,18.25,NA,0.0,1.0,1.0,15.0,76.0,0.0,69.0,NA,NA,37.0,742.0,0.0
2026-02-07 04:00:00,208.0,398.0,20.0,39.0,25.5,74.25,5.0,0.75,3.0,2.0,19.5,NA,0.0,1.25,1.5,14.75,78.0,0.0,57.75,NA,NA,37.0,742.0,0.0
2026-02-07 05:00:00,219.33,408.0,14.25,38.25,22.25,73.75,5.0,1.0,1.25,2.0,20.0,NA,0.0,1.25,1.25,13.5,85.25,0.0,51.75,NA,NA,37.0,742.0,0.0
2026-02-07 06:00:00,NA,NA,17.75,40.5,26.75,68.25,14.33,1.0,2.75,2.25,17.75,NA,0.0,1.5,0.75,13.0,89.5,0.0,59.5,NA,NA,37.0,742.0,0.0
2026-02-07 07:00:00,NA,NA,22.5,43.0,29.0,64.5,14.5,1.0,2.0,3.0,11.0,NA,0.0,2.0,0.0,13.5,87.25,0.0,57.25,NA,NA,37.0,742.0,0.0
2026-02-07 08:00:00,99.0,393.0,22.75,40.25,30.0,58.75,11.0,1.0,6.25,3.0,12.0,NA,0.25,1.75,0.25,15.5,73.75,0.0,54.25,NA,NA,37.0,742.0,0.0
2026-02-07 09:00:00,141.5,365.5,14.25,40.25,24.75,74.25,11.0,1.0,10.75,3.0,13.5,NA,1.0,1.0,1.0,18.0,62.0,0.0,74.5,NA,NA,37.0,742.0,0.0
2026-02-07 10:00:00,98.0,238.0,15.0,37.5,21.25,69.5,6.0,1.0,19.25,3.0,13.75,NA,1.0,1.0,1.0,20.0,53.0,0.0,66.75,NA,NA,37.25,742.0,0.0
2026-02-07 11:00:00,74.0,263.0,25.0,41.5,32.75,70.75,5.75,1.0,24.75,3.0,13.0,NA,1.0,1.0,1.0,22.0,44.5,0.0,67.5,NA,NA,38.0,742.0,0.0
2026-02-07 12:00:00,80.0,270.0,21.25,40.25,29.5,76.75,5.0,0.25,14.25,3.0,13.25,NA,1.0,1.0,1.0,23.75,37.25,0.0,110.5,NA,NA,38.0,742.0,0.0
2026-02-07 13:00:00,99.0,215.0,16.25,37.25,24.0,63.0,4.25,1.0,22.5,3.0,13.75,NA,1.0,1.0,1.0,24.75,34.5,0.0,91.25,NA,NA,38.0,742.0,0.0
2026-02-07 14:00:00,149.25,254.25,18.75,37.5,25.25,62.25,10.67,1.0,30.75,3.0,13.25,NA,1.0,0.75,1.0,24.75,31.0,0.25,87.25,NA,NA,38.0,742.0,0.0
2026-02-07 15:00:00,98.5,301.0,15.5,32.5,19.25,62.25,10.75,1.0,31.0,3.0,13.0,NA,1.0,1.0,1.0,24.25,33.5,0.0,94.75,NA,NA,38.0,742.0,0.0
2026-02-07 16:00:00,118.5,199.5,19.25,39.5,26.0,77.0,12.33,0.75,24.5,3.0,12.75,NA,1.0,1.0,1.0,23.75,36.25,0.0,67.75,NA,NA,38.0,742.0,0.0
2026-02-07 17:00:00,88.75,271.25,15.5,40.25,23.0,84.0,16.75,1.0,17.75,3.0,13.75,NA,1.0,1.0,1.0,22.25,41.0,0.0,47.25,NA,NA,37.5,742.0,0.0
2026-02-07 18:00:00,44.0,208.75,21.25,42.5,30.0,87.0,6.0,1.0,9.5,2.75,14.75,NA,0.75,0.75,0.75,20.75,49.0,0.0,53.5,NA,NA,37.0,742.0,0.0
2026-02-07 19:00:00,82.5,312.0,27.5,38.25,32.5,85.75,6.5,1.0,7.75,2.0,19.75,NA,0.0,0.0,0.0,19.75,54.5,0.0,51.25,NA,NA,37.0,742.0,0.0
2026-02-07 20:00:00,57.25,203.25,17.0,45.75,27.5,91.75,8.0,1.0,8.25,3.0,17.0,NA,0.0,0.5,0.5,19.0,59.25,0.0,48.5,NA,NA,37.0,742.0,0.0
2026-02-07 21:00:00,29.0,257.25,22.25,40.5,28.25,81.5,10.5,0.67,7.5,4.0,15.75,NA,0.0,1.0,1.0,18.25,63.0,0.0,53.75,NA,NA,37.0,742.0,0.0
2026-02-07 22:00:00,68.0,207.25,15.25,42.0,22.75,81.25,10.33,0.0,5.5,3.0,17.0,NA,0.0,1.0,0.25,18.0,65.5,0.0,51.25,NA,NA,37.0,742.0,0.0
2026-02-07 23:00:00,71.33,258.67,21.0,43.0,29.67,80.67,9.33,1.0,5.33,3.0,17.33,NA,0.0,1.0,0.0,18.0,67.33,0.0,48.33,NA,NA,37.0,742.0,0.0
2026-02-08 00:00:00,107.25,132.0,21.75,37.25,28.25,83.75,3.0,0.0,6.0,2.0,14.75,NA,0.0,1.0,1.0,18.0,62.0,0.0,61.75,NA,NA,37.0,742.0,0.0
2026-02-08 01:00:00,78.75,145.25,10.25,39.25,17.75,84.0,3.0,1.0,1.75,2.0,15.25,NA,0.0,1.0,1.0,17.25,64.5,0.0,56.75,NA,NA,37.0,742.0,0.0
2026-02-08 02:00:00,74.25,112.75,20.0,34.5,25.5,84.0,5.0,0.25,2.5,2.0,15.25,NA,0.0,1.0,1.0,16.25,70.25,0.0,135.25,NA,NA,37.0,742.0,0.0
2026-02-08 03:00:00,47.75,105.5,19.75,40.75,26.75,83.75,4.0,1.0,1.75,2.0,18.0,NA,0.0,1.25,1.25,15.75,75.25,0.0,144.75,NA,NA,37.0,742.0,0.0
2026-02-08 04:00:00,56.0,320.0,14.75,37.5,21.25,74.0,2.0,0.25,1.0,2.0,19.5,NA,0.0,1.75,1.75,15.0,80.0,0.0,144.5,NA,NA,37.0,742.0,0.0
2026-02-08 05:00:00,74.0,330.0,15.75,32.5,20.25,73.25,2.0,1.0,1.75,2.0,19.75,NA,0.0,1.5,1.75,15.0,83.5,0.0,99.5,NA,NA,37.0,742.0,0.0
2026-02-08 06:00:00,40.0,409.0,18.25,37.25,22.75,68.75,2.0,1.0,0.33,2.25,17.75,NA,0.0,1.25,0.75,14.0,90.25,0.0,94.0,NA,NA,37.0,742.0,0.0
2026-02-08 07:00:00,66.33,422.0,17.75,35.0,24.75,64.5,2.0,1.0,1.75,3.0,11.25,NA,0.0,2.0,0.0,14.25,88.75,0.0,74.0,NA,NA,37.0,742.0,0.0
2026-02-08 08:00:00,NA,NA,20.5,37.75,26.75,57.0,2.0,1.0,6.75,3.0,12.0,NA,0.25,1.75,0.25,15.5,80.0,0.0,65.5,NA,NA,37.0,742.0,0.0
2026-02-08 09:00:00,50.0,355.0,19.25,35.5,24.0,75.25,2.0,1.0,8.0,3.0,13.5,NA,1.0,0.5,1.0,17.5,70.5,0.0,136.0,NA,NA,37.0,742.0,0.0
2026-02-08 10:00:00,70.5,297.75,22.0,38.5,27.5,70.0,15.0,1.0,14.5,3.0,13.0,NA,1.0,1.0,1.0,20.5,54.25,0.0,54.0,NA,NA,37.5,742.0,0.0
2026-02-08 11:00:00,146.0,203.0,20.5,38.25,25.75,71.25,13.5,0.33,20.75,3.0,13.25,NA,1.0,0.75,1.0,23.0,33.5,0.0,88.5,NA,NA,38.0,742.0,0.0
2026-02-08 12:00:00,187.75,270.75,14.75,36.75,22.0,76.75,2.0,1.0,19.5,3.0,13.5,NA,1.0,1.0,1.0,24.75,23.0,0.25,93.75,NA,NA,38.0,742.0,0.0
2026-02-08 13:00:00,142.0,468.0,18.5,33.5,23.5,64.0,2.0,1.0,18.25,3.0,13.5,NA,1.0,0.75,1.0,25.0,17.5,0.25,68.75,NA,NA,38.5,742.0,0.0
2026-02-08 14:00:00,NA,NA,14.5,40.25,22.25,61.75,2.0,1.0,7.0,3.0,13.5,NA,1.0,1.0,1.0,25.0,18.75,0.75,64.5,NA,NA,38.5,742.0,0.0
2026-02-08 15:00:00,NA,NA,18.25,35.75,24.75,62.5,2.0,1.0,4.0,3.0,13.25,NA,1.0,1.0,1.0,25.0,23.75,0.5,78.5,NA,NA,38.0,742.0,0.0
2026-02-08 16:00:00,NA,NA,19.75,35.0,25.0,77.75,7.67,1.0,2.0,3.0,13.25,NA,1.0,1.0,1.0,23.75,29.0,0.0,98.5,NA,NA,38.0,742.0,0.0
2026-02-08 17:00:00,NA,NA,21.33,40.0,30.0,85.33,8.0,1.0,0.67,3.0,13.67,NA,1.0,0.67,1.0,22.67,35.0,0.0,71.67,NA,NA,38.0,742.0,0.0
2026-02-08 18:00:00,201.33,217.0,22.5,39.0,30.5,85.5,10.0,1.0,0.0,2.75,14.75,NA,0.75,0.75,0.75,21.25,44.25,0.0,47.25,NA,NA,37.0,742.0,0.0
2026-02-08 19:00:00,97.0,116.67,18.75,45.75,30.5,87.25,10.25,1.33,11.0,2.0,19.25,NA,0.0,0.0,0.0,19.75,52.25,0.0,42.75,NA,NA,37.0,742.0,0.0
2026-02-08 20:00:00,81.25,281.75,16.0,43.5,28.25,91.75,6.67,2.0,10.75,3.25,17.0,NA,0.0,0.5,0.5,18.25,60.0,0.0,45.0,NA,NA,37.0,742.0,0.0
2026-02-08 21:00:00,59.0,675.0,13.75,45.75,23.25,84.25,10.25,1.0,9.25,4.0,16.0,NA,0.0,1.0,1.0,17.0,69.75,NA,NA,NA,NA,37.0,742.0,0.0
2026-02-08 22:00:00,33.0,205.0,12.25,46.5,26.0,80.0,13.67,0.25,6.25,3.0,17.0,NA,0.0,1.0,0.0,16.25,75.0,NA,NA,NA,NA,37.0,742.0,0.0
2026-02-08 23:00:00,54.0,315.0,22.33,44.67,31.33,79.0,16.33,0.0,4.67,3.0,16.67,NA,0.0,1.0,0.0,16.0,80.0,NA,NA,NA,NA,37.0,742.0,0.0
2026-02-09 00:00:00,54.0,343.75,15.0,41.5,25.0,82.75,2.0,0.0,5.0,2.0,15.25,NA,0.0,1.0,1.0,15.0,87.0,NA,NA,NA,NA,37.0,742.0,0.0
2026-02-09 01:00:00,45.5,373.75,14.0,45.0,25.5,83.5,2.5,1.0,4.25,2.0,15.0,NA,0.0,1.0,1.0,14.5,89.75,NA,NA,NA,NA,37.0,742.0,0.0
2026-02-09 02:00:00,63.5,285.75,17.0,42.5,27.75,83.25,2.0,0.75,5.75,2.0,15.0,NA,0.0,1.0,1.0,14.0,96.0,NA,NA,NA,NA,37.0,742.0,0.0
2026-02-09 03:00:00,78.25,266.75,12.5,43.5,22.5,83.5,2.0,1.0,5.0,2.0,17.75,NA,0.0,1.25,1.25,13.75,98.0,NA,NA,NA,NA,37.5,742.0,0.0
2026-02-09 04:00:00,48.75,415.0,16.5,42.0,27.5,74.5,6.67,0.25,4.5,2.0,20.0,NA,0.0,1.0,1.25,13.0,98.5,NA,NA,NA,NA,38.0,742.0,0.0
2026-02-09 05:00:00,24.25,266.0,14.75,38.0,22.5,73.0,6.5,0.67,5.0,2.0,19.75,NA,0.0,1.25,1.5,13.0,98.5,NA,NA,NA,NA,38.0,742.0,0.0
2026-02-09 06:00:00,38.0,180.25,18.0,37.0,25.5,68.75,9.33,0.0,6.0,2.25,18.0,NA,0.0,1.75,1.0,13.0,99.0,NA,NA,NA,NA,37.75,742.0,0.0
2026-02-09 07:00:00,65.75,280.0,12.75,46.25,22.5,64.25,8.5,0.0,5.0,3.0,11.25,NA,0.0,2.0,0.0,13.75,97.0,0.0,240.0,NA,NA,38.0,742.0,0.0
2026-02-09 08:00:00,69.5,522.75,13.25,49.0,24.0,57.25,8.0,0.25,8.0,3.0,11.75,NA,0.25,1.75,0.25,17.5,66.25,0.0,30.33,NA,NA,60.25,742.0,0.0
2026-02-09 09:00:00,61.25,322.5,12.5,42.25,22.0,73.25,9.25,0.67,24.5,3.0,13.75,NA,1.0,1.0,1.0,19.75,48.75,0.0,171.75,NA,NA,38.0,742.0,0.0
2026-02-09 10:00:00,48.75,508.5,15.5,37.75,23.25,67.5,2.0,0.25,47.25,3.0,13.25,NA,1.0,1.0,1.0,21.75,38.25,0.0,131.25,NA,NA,38.0,742.0,0.0
2026-02-09 11:00:00,48.0,67.67,18.33,40.33,26.0,71.67,2.0,1.0,58.33,3.0,13.33,NA,1.0,1.0,1.0,22.67,32.0,0.0,119.67,NA,NA,38.0,742.0,0.0
2026-02-09 12:00:00,57.25,90.0,12.25,35.0,22.0,78.0,6.67,1.0,53.0,3.0,13.25,NA,1.0,1.0,1.0,23.75,25.0,0.0,84.5,NA,NA,38.25,742.0,0.0
2026-02-09 13:00:00,NA,NA,16.5,37.25,25.5,63.75,7.0,1.0,53.25,3.0,13.5,NA,1.0,1.0,1.0,24.5,25.75,0.0,174.25,NA,NA,38.5,742.0,0.0
2026-02-09 14:00:00,3.0,NA,19.0,34.75,25.5,63.0,14.67,0.5,52.25,3.0,13.5,NA,1.0,1.0,1.0,24.75,26.75,0.25,199.0,NA,NA,38.25,742.0,0.0
2026-02-09 15:00:00,1.5,30.5,29.5,34.0,42.75,61.75,12.5,1.0,42.0,3.0,13.5,NA,1.0,1.0,1.0,25.0,22.5,0.25,165.5,NA,NA,38.0,742.0,0.0
2026-02-09 16:00:00,21.0,33.0,12.5,31.0,36.75,77.0,13.33,1.0,41.25,3.0,13.5,NA,1.0,1.0,1.0,23.75,25.75,0.25,156.5,NA,NA,38.0,742.0,0.0
2026-02-09 17:00:00,NA,53.0,11.5,37.25,38.75,87.0,11.5,1.0,31.25,3.0,13.75,NA,1.0,1.0,1.0,22.5,30.5,0.0,91.0,NA,NA,37.75,742.0,0.0
2026-02-09 18:00:00,NA,157.25,12.0,37.5,38.0,88.0,2.67,1.25,22.75,2.75,15.25,NA,0.75,0.75,0.75,20.75,39.5,0.0,146.5,NA,NA,37.0,742.0,0.0
2026-02-09 19:00:00,86.0,154.25,11.25,43.5,37.75,86.75,3.5,1.0,9.5,2.0,19.0,NA,0.0,0.0,0.0,19.0,50.5,0.0,184.0,NA,NA,37.0,742.0,0.0
2026-02-09 20:00:00,126.25,406.0,8.75,44.75,36.0,91.25,8.0,2.0,9.5,3.25,16.75,NA,0.0,0.5,0.5,17.75,58.25,NA,NA,NA,NA,37.0,742.0,0.0
2026-02-09 21:00:00,163.0,NA,8.75,45.0,36.0,82.25,12.0,1.0,8.5,3.75,15.75,NA,0.0,1.0,1.0,17.0,65.25,NA,NA,NA,NA,37.0,742.0,0.0
2026-02-09 22:00:00,44.0,NA,4.5,43.0,30.5,79.25,15.33,1.0,8.5,3.0,16.75,NA,0.0,1.0,0.25,16.25,68.0,NA,NA,NA,NA,37.0,742.0,0.0
2026-02-09 23:00:00,43.0,NA,6.33,40.67,31.67,80.0,20.0,1.0,8.0,3.0,17.67,NA,0.0,1.0,0.0,16.0,73.33,NA,NA,NA,NA,37.0,742.0,0.0
2026-02-10 00:00:00,37.0,478.5,10.0,41.75,37.0,83.5,10.33,0.0,5.5,2.0,15.0,NA,0.0,1.0,1.0,15.5,72.25,0.0,123.5,NA,NA,37.0,742.0,0.0
2026-02-10 01:00:00,32.25,331.25,15.5,39.25,40.75,82.75,10.75,0.0,7.0,2.0,15.25,NA,0.0,1.0,1.0,14.75,76.0,NA,NA,NA,NA,37.0,742.0,0.0
2026-02-10 02:00:00,53.0,83.75,15.75,37.0,40.5,82.5,3.0,0.0,8.25,2.0,15.25,NA,0.0,1.0,1.0,14.0,84.0,NA,NA,NA,NA,37.0,742.0,0.0
2026-02-10 03:00:00,32.75,82.0,12.0,35.0,36.75,84.25,2.0,0.67,14.0,2.0,17.75,NA,0.0,1.0,1.25,14.0,87.75,0.0,170.5,NA,NA,37.0,742.0,0.0
2026-02-10 04:00:00,52.0,63.0,12.5,34.0,37.0,74.25,7.33,0.25,9.75,2.0,19.75,NA,0.0,1.5,1.5,13.0,93.0,0.0,156.0,NA,NA,225.0,743.5,0.0
2026-02-10 05:00:00,56.0,139.0,12.75,34.0,37.25,73.75,5.0,1.0,9.5,2.0,19.75,NA,0.0,1.5,1.75,12.5,97.25,NA,NA,NA,NA,183.5,742.75,0.0
2026-02-10 06:00:00,60.0,296.0,12.75,39.0,37.5,68.75,3.67,1.0,5.25,2.25,18.0,NA,0.0,1.25,1.0,13.0,98.0,0.0,181.67,NA,NA,298.5,744.0,0.0
2026-02-10 07:00:00,51.67,352.0,23.0,37.0,47.0,65.5,3.0,1.0,5.25,3.0,11.75,NA,0.0,1.75,0.0,13.75,94.5,0.0,202.5,NA,NA,65.25,742.25,0.0
2026-02-10 08:00:00,40.0,426.0,16.5,40.75,42.0,58.0,3.67,1.0,7.25,3.0,11.5,NA,0.25,1.75,0.25,17.0,73.0,0.0,279.25,NA,NA,38.25,742.0,0.0
2026-02-10 09:00:00,45.0,469.0,12.5,44.25,37.5,73.75,3.75,1.0,19.5,3.0,13.25,NA,1.0,1.0,1.0,19.75,57.5,0.0,94.25,NA,NA,37.25,742.0,0.0
2026-02-10 10:00:00,38.33,452.0,13.67,38.67,41.33,69.25,2.0,0.25,38.0,3.0,13.5,NA,1.0,1.0,1.0,22.0,42.0,0.0,64.0,NA,NA,37.0,742.0,0.0
2026-02-10 11:00:00,NA,NA,7.33,32.5,20.5,71.25,4.0,1.0,54.25,3.0,13.75,NA,1.0,1.0,1.0,23.5,31.25,0.0,103.0,NA,NA,37.5,742.0,0.0
2026-02-10 12:00:00,37.75,76.0,18.0,34.25,42.75,76.0,3.0,1.0,40.25,3.0,13.5,NA,1.0,0.75,1.0,24.75,25.75,0.0,105.75,NA,NA,340.5,744.25,0.0
2026-02-10 13:00:00,NA,117.0,11.25,37.0,37.0,63.0,11.0,1.0,41.0,3.0,13.25,NA,1.0,1.0,1.0,25.5,25.0,0.0,108.5,NA,NA,239.0,743.5,0.0
2026-02-10 14:00:00,42.0,113.75,7.33,35.67,33.67,63.25,9.25,1.0,42.0,3.0,13.5,NA,1.0,1.0,1.0,26.0,23.25,0.25,55.0,NA,NA,366.5,744.75,0.0
2026-02-10 15:00:00,67.0,109.5,7.25,36.5,33.25,62.5,11.67,0.0,NA,3.0,13.25,NA,1.0,1.0,1.0,25.75,23.5,0.0,68.75,NA,NA,639.75,747.0,0.0
2026-02-10 16:00:00,95.0,404.5,11.5,35.0,38.75,75.5,8.0,0.0,18.0,3.0,13.75,NA,1.0,1.0,1.0,24.5,29.0,0.0,72.0,NA,NA,644.25,747.0,0.0
2026-02-10 17:00:00,86.0,389.0,9.0,33.5,34.5,86.0,13.33,1.0,14.75,3.0,13.25,NA,1.0,1.0,1.0,23.0,36.75,0.0,112.25,NA,NA,648.75,747.0,0.0
2026-02-10 18:00:00,95.75,353.25,14.75,36.0,40.25,87.0,15.5,1.5,12.5,2.75,14.75,NA,0.75,0.75,0.75,21.5,45.0,0.0,47.75,NA,NA,653.25,747.0,0.0
2026-02-10 19:00:00,65.25,289.75,11.0,37.5,39.0,87.75,8.0,0.67,8.0,2.0,19.25,NA,0.0,0.0,0.0,19.5,53.75,NA,NA,NA,NA,656.0,747.0,0.0
2026-02-10 20:00:00,86.25,362.0,7.5,42.75,36.5,90.75,12.75,2.25,8.75,3.0,17.0,NA,0.0,0.5,0.5,19.0,61.0,NA,NA,NA,NA,657.75,747.0,0.0
2026-02-10 21:00:00,109.75,271.0,17.0,41.5,41.5,82.25,12.0,0.33,8.75,4.0,15.5,NA,0.0,1.0,1.0,18.0,64.0,NA,NA,NA,NA,659.0,747.0,0.0
2026-02-10 22:00:00,78.5,308.5,12.75,40.75,37.5,80.0,16.0,0.0,8.0,3.0,17.0,NA,0.0,1.0,0.0,17.75,65.25,NA,NA,NA,NA,659.75,747.0,0.0
2026-02-10 23:00:00,31.33,201.67,16.33,41.67,41.67,81.0,2.0,0.5,8.0,3.0,17.33,NA,0.0,1.0,0.0,16.67,69.33,NA,NA,NA,NA,660.0,747.0,0.0
2026-02-11 00:00:00,24.0,236.25,20.25,37.0,43.75,83.0,2.0,0.0,6.75,2.0,15.25,NA,0.0,1.0,1.0,16.5,72.25,NA,NA,NA,NA,661.0,747.0,0.0
2026-02-11 01:00:00,29.0,291.25,14.0,36.75,37.75,83.0,2.0,0.33,7.0,2.0,15.0,NA,0.0,1.0,1.0,16.0,77.25,0.0,137.0,NA,NA,661.0,747.0,0.0
2026-02-11 02:00:00,35.0,112.5,13.0,36.75,37.75,83.75,2.0,0.0,9.0,2.0,15.0,NA,0.0,1.0,1.0,15.25,81.25,0.0,126.0,NA,NA,661.75,747.0,0.0
2026-02-11 03:00:00,30.25,109.75,15.0,34.5,39.5,83.25,5.33,0.33,12.25,2.0,17.75,NA,0.0,1.0,1.0,15.0,84.25,0.0,136.0,NA,NA,662.0,747.0,0.0
2026-02-11 04:00:00,17.25,183.75,14.0,36.75,40.25,75.0,3.75,0.0,10.5,2.0,20.0,NA,0.0,1.5,1.0,14.5,88.75,0.0,144.0,NA,NA,662.0,747.0,0.0
2026-02-11 05:00:00,27.5,169.25,10.25,33.25,34.5,74.25,8.0,0.33,10.25,2.25,20.0,NA,0.0,1.25,1.5,14.25,89.5,0.0,135.75,NA,NA,662.0,747.0,0.0
2026-02-11 06:00:00,39.75,183.0,11.75,33.5,38.0,68.5,6.25,0.0,10.25,2.25,18.0,NA,0.0,2.0,0.75,14.0,95.5,0.0,105.0,NA,NA,662.75,747.0,0.0
2026-02-11 07:00:00,53.5,169.5,10.75,34.0,37.0,64.25,8.0,1.0,9.5,3.0,11.75,NA,0.25,2.0,0.0,14.75,92.5,0.0,10.0,NA,NA,662.0,747.0,0.0
2026-02-11 08:00:00,56.0,376.0,9.0,39.5,35.75,57.0,7.5,1.0,7.0,3.0,11.75,NA,0.25,1.75,0.25,17.25,74.25,0.0,19.75,NA,NA,657.25,747.0,0.0
2026-02-11 09:00:00,55.0,202.25,12.75,42.0,40.5,73.5,2.0,1.0,20.0,3.0,13.25,NA,1.0,1.0,1.0,19.5,62.25,0.0,77.0,NA,NA,649.5,747.0,0.0
2026-02-11 10:00:00,61.75,372.75,14.25,37.75,42.0,68.0,2.0,1.0,39.5,3.0,13.75,NA,1.0,1.0,1.0,21.75,51.0,0.0,102.0,NA,NA,645.0,747.0,0.0
2026-02-11 11:00:00,59.75,203.0,12.25,35.25,35.5,70.25,2.67,0.67,45.5,3.0,13.0,NA,1.0,1.0,1.0,23.0,44.25,0.0,133.0,NA,NA,639.5,747.0,0.0
2026-02-11 12:00:00,56.0,116.0,11.75,36.0,39.0,76.5,2.0,0.0,41.0,3.0,13.5,NA,1.0,1.0,1.0,24.5,38.75,0.0,116.5,NA,NA,636.25,746.0,0.0
2026-02-11 13:00:00,NA,NA,13.5,32.5,38.75,63.25,9.33,1.0,43.0,3.0,13.5,NA,1.0,1.0,1.0,25.5,35.5,0.0,117.25,NA,NA,635.0,746.0,0.0
2026-02-11 14:00:00,53.0,80.0,12.0,36.0,38.25,61.75,10.0,1.0,39.0,3.0,13.5,NA,1.0,1.0,1.0,26.0,25.0,0.75,147.75,NA,NA,636.25,746.25,0.0
2026-02-11 15:00:00,50.0,221.75,10.25,31.0,33.5,61.75,10.67,0.0,43.75,3.0,13.75,NA,1.0,1.0,1.0,25.75,27.0,0.75,163.0,NA,NA,641.5,747.0,0.0
2026-02-11 16:00:00,41.0,106.0,8.0,36.5,32.25,77.0,8.5,0.5,37.75,3.0,13.25,NA,1.0,1.0,1.0,25.25,28.0,0.25,155.75,NA,NA,644.5,747.0,0.0
2026-02-11 17:00:00,25.25,139.25,15.0,36.0,38.0,87.0,4.33,1.0,35.0,3.0,13.5,NA,1.0,0.75,1.0,23.75,37.25,0.0,94.0,NA,NA,648.5,747.0,0.0
2026-02-11 18:00:00,12.75,83.5,20.75,39.75,45.0,86.75,7.25,1.0,22.75,2.75,14.75,NA,0.75,0.75,0.75,22.25,44.0,0.0,57.5,NA,NA,652.25,747.0,0.0
2026-02-11 19:00:00,7.5,313.25,20.25,40.5,45.25,86.0,13.67,0.33,15.0,2.0,19.75,NA,0.0,0.0,0.0,21.25,51.25,0.0,46.25,NA,NA,654.75,747.0,0.0
2026-02-11 20:00:00,15.0,143.33,20.25,40.25,44.75,91.75,14.5,0.25,12.25,3.25,17.25,NA,0.0,0.5,0.75,20.75,56.25,0.0,47.0,NA,NA,656.25,747.0,0.0
2026-02-11 21:00:00,NA,526.0,14.5,41.0,40.0,83.25,4.67,0.67,12.0,4.0,15.25,NA,0.0,1.0,1.0,19.25,66.0,0.0,60.75,NA,NA,657.25,747.0,0.0
2026-02-11 22:00:00,145.0,150.0,13.0,37.0,36.0,81.25,7.5,0.0,11.5,2.75,16.5,NA,0.0,1.0,0.0,19.0,68.5,0.0,33.33,NA,NA,658.25,747.0,0.0
2026-02-11 23:00:00,111.0,156.0,12.0,36.33,37.33,79.67,8.0,0.5,12.33,2.67,17.33,NA,0.0,1.0,0.0,18.0,73.0,0.0,44.0,NA,NA,659.0,747.0,0.0
2026-02-12 00:00:00,67.5,NA,14.0,36.0,36.0,83.75,9.5,0.25,9.5,2.0,15.0,NA,0.0,1.0,1.0,18.0,77.25,NA,NA,NA,NA,659.0,747.0,0.0
2026-02-12 01:00:00,55.25,206.0,16.0,37.5,39.75,83.0,9.0,0.67,11.75,2.0,15.25,NA,0.0,1.0,1.0,17.5,78.75,0.0,51.75,NA,NA,659.0,747.0,0.0
2026-02-12 02:00:00,44.75,201.0,14.75,35.5,38.75,83.25,9.75,0.0,12.25,2.0,15.0,NA,0.0,1.0,1.0,17.0,85.75,0.0,50.75,NA,NA,659.5,747.0,0.0
2026-02-12 03:00:00,24.25,186.0,10.25,36.0,35.25,83.25,2.0,0.67,15.25,2.0,18.25,NA,0.0,1.0,1.5,17.0,84.25,0.0,58.5,NA,NA,659.5,747.0,0.0
2026-02-12 04:00:00,34.25,198.0,11.75,35.75,37.0,73.75,2.0,0.25,13.75,2.0,19.75,NA,0.0,1.5,1.0,16.5,85.75,0.0,90.0,NA,NA,659.5,747.0,0.0
2026-02-12 05:00:00,32.25,173.0,14.5,36.75,41.5,73.5,8.67,1.0,12.75,2.0,19.75,NA,0.0,1.25,1.0,16.0,85.75,0.0,189.25,NA,NA,660.0,747.0,0.0
2026-02-12 06:00:00,16.5,225.0,21.0,34.5,42.75,69.0,7.25,1.0,9.75,2.25,17.5,NA,0.0,1.5,1.0,15.75,88.0,0.0,49.25,NA,NA,660.75,747.0,0.0
2026-02-12 07:00:00,16.75,221.0,14.75,35.25,39.25,65.5,3.33,1.0,8.0,3.0,11.0,NA,0.25,2.0,0.0,16.25,87.25,0.0,52.75,NA,NA,660.25,747.0,0.0
2026-02-12 08:00:00,83.75,196.0,12.75,35.75,36.0,57.5,3.25,1.0,15.0,3.0,11.5,NA,0.25,1.75,0.25,17.5,74.5,0.0,50.75,NA,NA,656.0,747.0,0.0
2026-02-12 09:00:00,104.75,176.0,9.75,35.75,34.5,74.0,2.0,1.0,22.25,3.0,13.0,NA,1.0,1.0,1.0,19.25,63.75,0.0,59.0,NA,NA,649.0,747.0,0.0
2026-02-12 10:00:00,66.25,203.0,14.0,35.0,38.0,68.5,2.0,1.0,26.75,3.0,13.5,NA,1.0,1.0,1.0,21.0,54.25,1.0,49.25,NA,NA,646.25,747.0,0.0
2026-02-12 11:00:00,39.25,183.0,17.75,36.0,43.0,70.5,14.67,1.0,31.75,3.0,13.25,NA,1.0,1.0,1.0,23.5,43.25,0.0,85.5,NA,NA,639.75,746.75,0.0
2026-02-12 12:00:00,26.25,159.0,13.75,36.5,39.0,76.0,12.75,0.5,34.5,3.0,13.25,NA,1.0,1.0,1.0,25.25,31.5,0.25,138.5,NA,NA,635.0,746.0,0.0
2026-02-12 13:00:00,34.5,164.0,15.0,33.75,36.75,63.5,10.33,1.0,32.0,3.0,13.25,NA,1.0,1.0,1.0,26.0,26.0,0.75,156.5,NA,NA,635.5,746.0,0.0
2026-02-12 14:00:00,85.5,135.0,10.5,35.75,35.0,62.25,7.75,1.0,35.75,3.0,13.0,NA,1.0,1.0,1.0,26.0,24.5,0.75,155.0,NA,NA,637.0,746.25,0.0
2026-02-12 15:00:00,98.0,106.0,13.0,33.5,36.0,62.75,7.0,1.0,34.0,3.0,13.0,NA,1.0,1.0,1.0,25.5,23.75,1.25,155.25,NA,NA,641.5,747.0,0.0
2026-02-12 16:00:00,69.0,138.0,16.75,31.25,36.0,76.25,7.0,1.0,31.0,3.0,13.5,NA,1.0,1.0,1.0,24.75,26.5,0.75,155.75,NA,NA,644.75,747.0,0.0
2026-02-12 17:00:00,34.25,169.0,18.25,36.5,37.5,87.25,8.0,1.0,26.75,3.0,13.25,NA,1.0,1.0,1.0,23.5,28.5,0.25,158.5,NA,NA,648.5,747.0,0.0
2026-02-12 18:00:00,55.25,182.0,23.25,38.75,47.0,87.0,7.75,1.25,17.5,2.75,15.0,NA,0.75,0.75,0.75,22.0,34.5,0.0,164.75,NA,NA,652.25,747.0,0.0
2026-02-12 19:00:00,102.75,177.0,15.25,37.75,37.25,86.25,9.33,1.0,18.5,2.0,19.0,NA,0.0,0.0,0.0,21.0,37.0,0.0,160.75,NA,NA,654.5,747.0,0.0
2026-02-12 20:00:00,121.0,170.0,15.0,41.0,38.25,91.0,9.5,1.0,9.75,2.75,17.75,NA,0.0,0.5,0.75,20.25,42.75,0.0,89.25,NA,NA,656.5,747.0,0.0
2026-02-12 21:00:00,NA,NA,14.5,37.75,38.25,81.0,4.33,0.0,12.5,4.0,16.0,NA,0.0,1.0,1.0,19.75,47.5,0.0,49.75,NA,NA,658.25,747.0,0.0
2026-02-12 22:00:00,145.67,187.0,21.75,41.25,46.25,79.0,9.0,0.0,7.0,3.0,16.75,NA,0.0,1.0,0.25,19.0,52.75,0.0,50.0,NA,NA,659.0,747.0,0.0
2026-02-12 23:00:00,125.0,156.0,23.0,39.0,49.67,77.33,7.0,1.0,9.0,3.0,17.0,NA,0.0,1.0,0.0,18.0,56.33,0.0,51.67,NA,NA,659.0,747.0,0.0
2026-02-13 00:00:00,115.0,NA,17.25,37.25,39.5,83.5,7.5,0.0,11.0,2.0,15.0,NA,0.0,1.0,1.0,18.0,56.75,0.0,56.5,NA,NA,659.25,747.0,0.0
2026-02-13 01:00:00,76.25,206.0,14.0,36.0,36.0,83.5,4.33,1.0,11.25,2.0,15.0,NA,0.0,1.0,1.0,17.0,60.75,0.0,64.75,NA,NA,660.5,747.0,0.0
2026-02-13 02:00:00,45.75,201.0,18.5,36.5,41.75,83.5,4.25,0.75,11.5,2.0,15.0,NA,0.0,1.0,0.75,16.5,62.25,0.0,54.75,NA,NA,661.5,747.0,0.0
2026-02-13 03:00:00,75.75,186.0,14.25,33.75,36.0,83.25,9.33,1.0,14.25,2.0,17.75,NA,0.0,1.0,1.0,16.0,59.0,0.0,46.5,NA,NA,661.25,747.0,0.0
2026-02-13 04:00:00,97.75,198.0,19.75,37.75,44.5,74.5,8.75,1.0,13.75,2.0,19.0,NA,0.0,1.5,1.75,16.0,60.75,0.0,91.0,NA,NA,661.0,747.0,0.0
2026-02-13 05:00:00,121.5,173.0,12.5,33.25,37.0,73.5,5.33,1.0,13.0,2.0,20.0,NA,0.0,1.0,1.25,15.25,65.5,0.0,109.5,NA,NA,661.0,747.0,0.0
2026-02-13 06:00:00,157.25,225.0,18.25,32.0,36.5,69.0,4.25,1.0,10.75,2.5,18.0,NA,0.0,1.5,1.0,15.0,69.0,0.0,51.25,NA,NA,661.75,747.0,0.0
2026-02-13 07:00:00,164.75,221.0,10.5,39.0,31.75,65.75,5.33,1.0,9.75,3.0,11.25,NA,0.0,2.0,0.0,15.25,68.5,0.0,51.75,NA,NA,660.5,747.0,0.0
2026-02-13 08:00:00,132.0,196.0,17.0,35.75,39.5,58.25,2.75,1.0,21.0,3.0,12.25,NA,0.25,1.75,0.25,17.5,59.0,0.0,132.5,NA,NA,655.5,747.0,0.0
2026-02-13 09:00:00,107.75,176.0,10.5,35.5,33.0,74.5,2.0,1.0,29.75,3.0,13.75,NA,1.0,1.0,1.0,19.25,54.5,0.75,160.5,NA,NA,648.5,747.0,0.0
2026-02-13 10:00:00,84.75,203.0,13.0,35.75,35.0,68.0,2.0,0.75,33.0,3.0,13.25,NA,1.0,1.0,1.0,21.0,49.75,0.25,159.75,NA,NA,645.75,747.0,0.0
2026-02-13 11:00:00,51.0,165.33,14.25,33.0,39.25,71.75,2.0,1.0,34.75,3.0,13.25,NA,1.0,1.0,1.0,22.75,38.75,0.0,104.25,NA,NA,640.25,747.0,0.0
2026-02-13 12:00:00,49.25,213.75,19.75,33.5,42.0,76.5,2.0,1.0,36.75,3.0,13.0,NA,1.0,1.0,1.0,24.25,30.5,0.25,90.75,NA,NA,637.25,746.75,0.0
2026-02-13 13:00:00,86.75,236.25,13.25,32.5,37.0,63.5,11.67,1.0,31.25,3.0,13.5,NA,1.0,1.0,1.0,25.0,21.5,0.0,136.25,NA,NA,635.5,746.0,0.0
2026-02-13 14:00:00,105.75,NA,14.5,33.25,35.5,61.75,11.25,1.0,31.25,3.0,13.75,NA,1.0,1.0,1.0,25.25,21.25,0.0,128.75,NA,NA,637.0,746.5,0.0
2026-02-13 15:00:00,86.75,NA,16.75,36.0,39.75,62.5,2.0,1.0,31.25,3.0,13.0,NA,1.0,1.0,1.0,25.0,21.5,0.25,142.75,NA,NA,640.0,747.0,0.0
2026-02-13 16:00:00,94.5,143.0,17.5,33.75,39.75,76.25,2.0,1.0,32.75,3.0,13.5,NA,1.0,1.0,1.0,24.25,25.5,0.75,157.5,NA,NA,645.0,747.0,0.0
2026-02-13 17:00:00,99.0,136.0,14.25,33.25,36.75,85.25,10.0,1.0,28.5,3.0,13.5,NA,1.0,1.0,1.0,22.75,31.25,0.0,152.25,NA,NA,648.75,747.0,0.0
2026-02-13 18:00:00,104.75,305.75,20.75,37.0,43.75,85.5,13.0,1.0,19.0,2.75,15.25,NA,0.75,0.75,0.75,21.25,38.5,0.0,153.25,NA,NA,652.75,747.0,0.0
2026-02-13 19:00:00,114.0,194.0,13.0,36.75,38.25,85.75,4.0,1.0,11.25,2.0,19.75,NA,0.0,0.0,0.0,19.5,43.75,0.0,112.0,NA,NA,656.0,747.0,0.0
2026-02-13 20:00:00,NA,NA,10.75,35.5,38.25,91.5,4.0,2.0,10.5,3.25,17.5,NA,0.0,0.5,0.75,18.5,51.75,NA,NA,NA,NA,658.25,747.0,0.0
2026-02-13 21:00:00,NA,NA,13.5,36.0,32.0,83.75,9.33,1.0,7.75,4.0,15.0,NA,0.0,1.0,1.0,17.25,59.25,NA,NA,NA,NA,659.5,747.0,0.0
2026-02-13 22:00:00,132.0,344.5,14.25,39.75,38.25,80.0,13.75,0.25,8.75,3.0,16.5,NA,0.0,1.0,0.0,17.0,63.75,NA,NA,NA,NA,660.0,747.0,0.0
2026-02-13 23:00:00,85.33,245.0,9.33,44.0,34.67,81.67,10.5,0.5,8.33,3.0,17.0,NA,0.0,1.0,0.0,17.0,64.67,NA,NA,NA,NA,660.67,747.0,0.0
2026-02-14 00:00:00,66.25,321.25,19.0,36.5,40.75,83.25,13.25,0.0,6.0,2.0,15.0,NA,0.0,1.0,1.0,15.75,72.5,NA,NA,NA,NA,661.25,747.0,0.0
2026-02-14 01:00:00,52.0,219.25,20.0,33.0,35.25,83.0,2.0,0.33,5.5,2.0,15.25,NA,0.0,1.0,1.0,15.75,71.0,NA,NA,NA,NA,662.0,747.0,0.0
2026-02-14 02:00:00,29.25,87.25,23.5,35.75,45.75,83.25,2.0,0.0,7.0,2.0,15.0,NA,0.0,1.0,1.0,15.75,69.0,NA,NA,NA,NA,662.0,747.0,0.0
2026-02-14 03:00:00,53.0,184.25,18.75,37.0,39.25,83.25,5.0,0.33,9.25,2.0,18.0,NA,0.0,1.0,1.0,15.0,70.25,NA,NA,NA,NA,662.75,747.0,0.0
2026-02-14 04:00:00,55.75,302.25,15.75,35.0,38.0,74.25,4.25,0.0,9.0,2.0,20.0,NA,0.0,1.25,1.75,15.0,69.5,0.0,64.67,NA,NA,663.0,747.0,0.0
2026-02-14 05:00:00,61.75,116.75,11.75,34.0,34.25,73.5,2.0,1.0,10.5,2.0,20.0,NA,0.0,1.25,1.75,14.25,73.25,NA,NA,NA,NA,663.0,747.0,0.0
2026-02-14 06:00:00,72.25,369.25,12.75,31.0,36.75,69.0,2.0,0.75,13.0,2.25,18.0,NA,0.0,1.25,1.0,15.0,70.25,0.0,56.0,NA,NA,662.75,747.0,0.0
2026-02-14 07:00:00,65.75,189.25,16.25,35.25,40.0,64.5,5.33,1.0,12.25,3.0,11.75,NA,0.0,2.0,0.0,15.5,67.25,0.0,55.75,NA,NA,661.25,747.0,0.0
2026-02-14 08:00:00,62.0,85.0,13.25,35.5,39.5,57.0,3.5,1.0,21.0,3.0,11.5,NA,0.25,1.75,0.25,18.25,59.0,0.0,53.75,NA,NA,655.5,747.0,0.0
2026-02-14 09:00:00,75.25,260.5,14.75,33.25,39.25,73.0,5.33,1.0,27.75,3.0,13.5,NA,1.0,1.0,1.0,20.5,47.75,0.0,53.0,NA,NA,647.25,747.0,0.0
2026-02-14 10:00:00,95.0,242.25,11.0,35.0,35.5,68.25,5.25,1.0,33.5,3.0,13.75,NA,1.0,1.0,1.0,22.5,42.75,0.0,53.75,NA,NA,644.0,747.0,0.0
2026-02-14 11:00:00,93.0,335.0,13.25,33.25,38.25,70.75,8.33,0.67,41.25,3.0,13.0,NA,1.0,1.0,1.0,24.25,38.25,0.0,103.0,NA,NA,637.75,746.75,0.0
2026-02-14 12:00:00,84.0,219.0,11.75,34.0,38.0,74.25,7.5,0.0,39.25,3.0,13.75,NA,1.0,1.0,1.0,25.0,31.0,0.25,71.75,NA,NA,635.25,746.0,0.0
2026-02-14 13:00:00,NA,NA,13.0,33.0,37.25,63.25,5.0,1.0,37.25,3.0,13.5,NA,1.0,1.0,1.0,26.0,29.5,0.0,57.25,NA,NA,634.75,746.0,0.0
2026-02-14 14:00:00,37.67,89.0,12.0,31.75,33.0,62.25,3.5,1.0,38.75,3.0,13.75,NA,1.0,1.0,1.0,26.0,28.75,0.0,74.25,NA,NA,635.5,746.0,0.0
2026-02-14 15:00:00,34.0,20.67,13.5,34.0,41.0,62.25,8.67,1.0,41.25,3.0,13.25,NA,1.0,1.0,1.0,26.0,28.5,0.0,122.75,NA,NA,639.0,746.5,0.0
2026-02-14 16:00:00,81.0,3.0,13.5,35.5,38.5,75.75,8.5,1.0,30.75,3.0,13.5,NA,1.0,1.0,1.0,25.0,28.5,0.0,92.5,NA,NA,643.5,747.0,0.0
2026-02-14 17:00:00,165.0,NA,11.33,35.33,36.67,86.0,9.5,1.0,29.33,3.0,13.33,NA,1.0,0.67,1.0,24.0,33.0,0.0,54.0,NA,NA,647.33,747.0,0.0
2026-02-14 18:00:00,46.0,64.0,8.25,35.25,37.5,86.5,15.5,1.0,22.25,2.75,15.0,NA,0.75,0.75,0.75,22.25,38.75,0.0,94.5,NA,NA,651.75,747.0,0.0
2026-02-14 19:00:00,49.25,69.0,9.75,36.75,36.0,86.5,8.33,1.0,16.5,2.0,19.25,NA,0.0,0.0,0.0,21.0,42.0,0.0,68.0,NA,NA,654.75,747.0,0.0
2026-02-14 20:00:00,42.75,93.75,13.5,35.75,39.25,90.5,10.75,1.0,12.75,3.0,16.75,NA,0.0,0.5,0.5,20.0,46.25,0.0,51.33,NA,NA,656.75,747.0,0.0
2026-02-14 21:00:00,30.5,297.5,9.25,36.25,37.25,81.75,2.0,1.0,11.25,3.75,15.5,NA,0.0,1.0,1.0,19.75,49.5,0.0,64.25,NA,NA,657.75,747.0,0.0
2026-02-14 22:00:00,35.25,475.25,15.75,38.25,39.5,81.5,2.0,1.0,10.75,3.0,17.0,NA,0.0,1.0,0.0,18.75,55.5,0.0,38.0,NA,NA,658.75,747.0,0.0
2026-02-14 23:00:00,22.0,991.0,9.67,35.33,38.0,78.33,4.0,0.0,11.0,3.0,17.33,NA,0.0,1.0,0.0,18.0,57.0,0.0,43.33,NA,NA,659.33,747.0,0.0
2026-02-15 00:00:00,32.25,690.25,22.0,39.25,40.75,83.0,4.5,0.0,16.5,2.0,15.25,NA,0.0,1.0,1.0,17.5,58.25,0.0,80.5,NA,NA,660.0,747.0,0.0
2026-02-15 01:00:00,35.5,515.25,11.0,35.75,34.0,83.0,2.0,0.67,18.75,2.0,15.0,NA,0.0,1.0,1.0,17.25,59.75,0.0,83.33,NA,NA,660.0,747.0,0.0
2026-02-15 02:00:00,35.75,674.0,16.75,35.25,38.75,82.75,2.0,0.0,17.0,2.0,14.75,NA,0.0,1.0,1.0,16.5,65.25,0.0,175.0,NA,NA,660.75,747.0,0.0
2026-02-15 03:00:00,21.0,NA,9.0,34.75,30.0,83.0,7.33,0.67,20.0,2.0,18.0,NA,0.0,1.0,1.25,17.0,62.25,0.0,40.25,NA,NA,660.0,747.0,0.0
2026-02-15 04:00:00,17.5,NA,15.0,32.25,41.75,74.5,7.0,0.0,22.0,2.0,19.5,NA,0.0,1.5,1.5,16.5,63.75,0.0,62.75,NA,NA,660.0,747.0,0.0
2026-02-15 05:00:00,14.25,NA,15.5,34.0,38.75,73.0,2.0,1.0,20.25,2.0,20.0,NA,0.0,1.75,1.5,16.25,65.5,0.0,54.0,NA,NA,660.0,747.0,0.0
2026-02-15 06:00:00,11.0,775.5,15.25,33.0,38.75,69.0,2.0,1.0,17.75,2.25,17.75,NA,0.0,1.25,1.0,15.75,69.5,0.0,66.75,NA,NA,660.75,747.0,0.0
2026-02-15 07:00:00,18.5,790.5,9.25,34.0,35.0,64.75,2.0,1.0,13.75,3.0,11.5,NA,0.25,2.0,0.0,16.0,69.5,0.0,52.5,NA,NA,660.25,747.0,0.0
2026-02-15 08:00:00,23.25,NA,10.25,35.5,39.25,57.5,2.0,1.0,21.0,3.0,11.75,NA,0.25,1.75,0.25,18.0,60.0,0.0,59.5,NA,NA,654.5,747.0,0.0
2026-02-15 09:00:00,27.25,85.0,14.0,32.75,34.25,75.0,7.33,1.0,26.0,3.0,13.25,NA,1.0,1.0,1.0,20.25,51.5,0.0,51.0,NA,NA,647.25,747.0,0.0
2026-02-15 10:00:00,23.5,67.5,15.25,30.5,40.75,64.5,8.5,0.25,36.5,3.0,11.75,NA,1.0,1.0,1.0,22.75,47.5,0.0,75.0,NA,NA,235.75,747.0,0.0
2026-02-15 11:00:00,34.0,50.0,8.5,31.0,33.5,65.0,4.33,1.0,37.75,3.0,11.0,NA,1.0,1.0,1.0,24.5,40.75,0.5,64.5,NA,NA,85.25,746.25,0.0
2026-02-15 12:00:00,NA,NA,12.75,32.75,38.5,70.25,3.25,1.0,44.0,3.0,11.25,NA,1.0,0.75,1.0,25.75,36.0,0.0,70.25,NA,NA,82.75,746.0,0.0
2026-02-15 13:00:00,NA,NA,7.75,28.5,35.75,57.75,4.0,1.0,40.75,3.0,11.0,NA,1.0,1.0,1.0,26.25,33.75,0.0,57.25,NA,NA,81.0,746.0,0.0
2026-02-15 14:00:00,NA,NA,6.0,30.5,35.5,56.75,4.0,1.0,39.0,3.0,11.25,NA,1.0,1.0,1.0,27.0,32.25,0.25,63.0,NA,NA,82.25,746.0,0.0
2026-02-15 15:00:00,49.75,NA,14.0,31.0,43.0,56.5,0.0,1.0,38.0,3.0,11.25,NA,1.0,1.0,1.0,27.0,32.5,0.0,73.5,NA,NA,85.5,746.25,0.0
2026-02-15 16:00:00,37.0,68.0,10.75,29.0,37.0,70.25,0.0,1.0,37.0,3.0,11.0,NA,1.0,1.0,1.0,26.0,36.0,0.0,88.75,NA,NA,90.5,747.0,0.0
2026-02-15 17:00:00,49.0,67.0,10.5,30.25,38.75,78.0,11.67,1.0,34.0,3.0,11.25,NA,1.0,1.0,1.0,24.75,39.0,0.0,76.5,NA,NA,94.5,747.0,0.0
2026-02-15 18:00:00,57.0,246.0,11.25,30.5,39.25,78.0,13.0,1.0,24.25,2.75,12.75,NA,0.75,0.75,0.75,23.0,47.25,0.0,92.33,NA,NA,98.75,747.0,0.0
2026-02-15 19:00:00,41.5,229.25,9.75,34.25,40.0,77.5,5.33,1.0,10.0,2.0,16.25,NA,0.0,0.0,0.0,21.25,56.25,NA,313.0,NA,NA,102.25,747.0,0.0
2026-02-15 20:00:00,26.0,203.5,8.5,34.5,37.75,82.25,5.75,1.0,10.25,2.5,14.0,NA,0.0,0.5,0.5,20.25,61.75,0.0,48.0,NA,NA,104.25,747.0,0.0
2026-02-15 21:00:00,21.5,224.0,4.5,32.5,34.5,76.25,0.33,0.67,11.5,3.0,12.75,NA,0.0,1.0,1.0,19.5,67.0,0.0,78.0,NA,NA,105.25,747.0,0.0
2026-02-15 22:00:00,21.0,262.5,6.0,32.0,36.25,74.0,0.0,0.0,11.0,2.25,14.25,NA,0.0,1.0,0.0,19.25,71.25,0.0,53.5,NA,NA,106.0,747.0,0.0
2026-02-15 23:00:00,45.0,231.0,7.33,30.33,37.0,71.0,10.0,0.0,11.0,2.0,14.0,NA,0.0,1.0,0.0,18.67,74.33,NA,NA,NA,NA,107.0,747.0,0.0
2026-02-16 00:00:00,32.0,111.5,9.75,32.0,39.75,75.75,12.25,0.0,10.0,2.0,12.5,NA,0.0,1.0,0.75,18.5,75.0,0.0,55.0,NA,NA,107.0,747.0,0.0
2026-02-16 01:00:00,33.5,117.0,9.75,31.75,38.0,76.25,1.0,0.67,9.25,2.0,12.25,NA,0.0,1.0,0.75,18.0,77.25,0.0,52.25,NA,NA,107.0,747.0,0.0
2026-02-16 02:00:00,33.0,174.75,6.75,30.75,32.0,75.75,1.0,0.0,9.0,2.0,12.25,NA,0.0,1.0,1.0,18.0,78.0,0.0,54.25,NA,NA,107.0,747.0,0.0
2026-02-16 03:00:00,36.5,155.5,9.0,30.75,33.0,75.5,7.67,1.0,11.75,2.0,15.0,NA,0.0,1.0,1.25,17.25,78.75,0.0,62.75,NA,NA,107.5,747.0,0.0
2026-02-16 04:00:00,29.0,87.0,15.25,32.25,39.75,68.0,6.5,1.0,13.75,2.0,16.0,NA,0.0,1.25,1.0,16.5,81.5,0.0,59.25,NA,NA,108.0,747.0,0.0
2026-02-16 05:00:00,NA,NA,14.75,30.25,39.5,66.25,3.67,1.0,11.25,2.0,16.25,NA,0.0,1.25,1.25,16.0,86.0,0.0,51.5,NA,NA,108.25,747.0,0.0
2026-02-16 06:00:00,44.5,68.0,13.25,28.25,36.0,62.5,3.75,1.0,7.0,2.25,15.0,NA,0.0,1.75,0.75,15.75,91.75,0.0,60.0,NA,NA,109.0,747.0,0.0
2026-02-16 07:00:00,49.75,120.5,12.25,32.25,36.75,58.25,NA,1.0,14.25,3.0,9.75,NA,0.0,2.0,0.0,16.75,84.75,0.0,86.25,NA,NA,107.75,747.0,0.0
2026-02-16 08:00:00,45.25,365.0,18.75,30.75,44.75,51.5,NA,1.0,23.25,3.0,9.5,NA,0.25,1.75,0.25,19.5,68.0,0.0,169.5,NA,NA,101.75,747.0,0.0
2026-02-16 09:00:00,29.75,516.0,12.75,27.25,35.5,68.25,11.0,1.0,34.5,3.0,11.25,NA,1.0,1.0,1.0,21.75,55.75,0.0,166.0,NA,NA,93.5,747.0,0.0
2026-02-16 10:00:00,17.75,NA,7.5,30.75,33.5,62.0,11.0,0.75,42.25,3.0,11.5,NA,1.0,0.75,1.0,23.5,47.5,0.25,166.75,NA,NA,90.25,747.0,0.0
2026-02-16 11:00:00,13.25,NA,15.0,30.75,38.75,64.5,11.0,1.0,45.75,3.0,11.0,NA,1.0,1.0,1.0,24.75,44.75,0.0,172.25,NA,NA,84.25,746.25,0.0
2026-02-16 12:00:00,14.75,NA,13.5,29.0,32.75,68.5,10.75,1.0,46.25,3.0,11.0,NA,1.0,1.0,1.0,25.75,40.5,0.0,145.25,NA,NA,80.75,746.0,0.0
2026-02-16 13:00:00,28.75,46.67,13.75,29.5,38.25,57.75,9.0,0.67,41.25,3.0,11.0,NA,1.0,1.0,1.0,27.5,31.0,0.0,72.0,NA,NA,79.75,746.0,0.5
2026-02-16 14:00:00,37.25,56.5,11.5,29.25,36.75,56.75,7.25,1.0,40.25,3.0,11.0,NA,1.0,1.0,1.0,27.0,23.75,1.0,161.75,NA,NA,81.5,746.0,0.5
2026-02-16 15:00:00,42.25,79.5,13.0,28.75,36.5,56.75,0.0,1.0,35.0,3.0,11.25,NA,1.0,1.0,1.0,27.0,22.5,0.75,164.75,NA,NA,85.5,746.5,0.5
2026-02-16 16:00:00,34.0,90.25,14.5,31.0,38.0,68.25,0.0,0.0,33.0,3.0,11.0,NA,1.0,1.0,1.0,26.5,23.75,0.0,161.0,NA,NA,90.0,747.0,0.0
2026-02-16 17:00:00,32.25,68.5,12.75,30.25,39.5,78.75,8.0,1.0,24.0,3.0,11.0,NA,1.0,1.0,1.0,25.0,28.75,0.0,151.0,NA,NA,94.75,747.0,0.0
2026-02-16 18:00:00,31.0,87.0,11.75,30.5,38.0,78.0,10.75,1.5,13.0,2.75,12.25,NA,0.75,0.75,0.75,22.5,37.75,NA,NA,NA,NA,99.5,747.0,0.0
2026-02-16 19:00:00,44.0,97.0,11.67,33.33,39.0,78.67,11.0,1.0,11.67,2.0,16.0,NA,0.0,0.0,0.0,21.33,43.33,NA,NA,NA,NA,102.67,747.0,0.0
2026-02-16 20:00:00,56.75,82.75,13.75,33.0,41.25,83.0,15.0,0.0,8.5,2.5,14.0,NA,0.0,0.5,0.5,20.0,50.25,NA,NA,NA,NA,104.75,747.0,0.0
2026-02-16 21:00:00,39.5,249.25,6.75,32.25,32.75,76.5,8.0,0.67,8.25,3.5,12.75,NA,0.0,1.0,1.0,19.0,57.25,NA,NA,NA,NA,106.25,747.0,0.0
2026-02-16 22:00:00,36.0,145.5,5.0,31.5,29.0,74.25,13.75,1.5,9.0,2.25,13.5,NA,0.0,1.0,0.0,18.25,65.0,NA,NA,NA,NA,107.0,747.0,0.0
2026-02-16 23:00:00,52.0,115.0,3.67,32.33,29.0,70.67,0.5,0.5,7.33,2.0,14.0,NA,0.0,1.0,0.0,17.67,65.0,NA,NA,NA,NA,108.0,747.0,0.0
2026-02-17 00:00:00,50.25,214.25,12.0,31.75,34.0,75.25,3.25,0.0,7.25,2.0,12.75,NA,0.0,1.0,1.0,17.0,67.0,NA,NA,NA,NA,108.25,747.0,0.0
2026-02-17 01:00:00,57.5,256.75,6.5,32.5,32.25,76.0,5.0,1.0,9.75,2.0,12.75,NA,0.0,1.0,1.0,16.5,69.25,0.0,219.0,NA,NA,109.0,747.0,0.0
2026-02-17 02:00:00,47.0,197.5,7.5,32.75,32.25,75.75,4.25,0.75,8.25,2.0,12.25,NA,0.0,1.0,0.5,16.0,79.0,NA,NA,NA,NA,109.25,747.0,0.0
2026-02-17 03:00:00,49.5,151.75,11.0,32.75,36.75,75.75,13.0,1.0,9.0,2.0,15.0,NA,0.0,1.0,1.0,15.0,88.0,NA,NA,NA,NA,110.0,747.0,0.0
2026-02-17 04:00:00,44.75,178.25,10.5,34.0,32.0,67.0,14.5,1.0,9.0,2.0,16.25,NA,0.0,1.25,1.0,15.0,92.0,NA,NA,NA,NA,110.0,747.0,0.0
2026-02-17 05:00:00,31.25,148.75,16.25,32.0,37.5,66.25,3.0,0.33,8.5,2.0,16.5,NA,0.0,1.25,1.0,15.0,88.75,NA,NA,NA,NA,110.0,747.0,0.0
2026-02-17 06:00:00,26.75,125.0,9.75,29.5,36.5,61.75,3.5,0.0,8.0,2.25,14.5,NA,0.0,1.25,1.0,15.0,85.5,NA,NA,NA,NA,110.0,747.0,0.0
2026-02-17 07:00:00,44.25,218.0,16.0,30.0,36.25,58.5,8.0,1.0,7.25,3.0,9.25,NA,0.0,2.0,0.0,16.25,84.25,0.0,243.0,NA,NA,109.0,747.0,0.0
2026-02-17 08:00:00,52.5,138.5,10.75,32.0,36.25,53.25,8.25,1.0,12.5,3.0,10.0,NA,0.25,1.75,0.25,20.25,61.5,0.0,225.0,NA,NA,102.5,747.0,0.0
2026-02-17 09:00:00,55.0,88.0,16.0,31.0,39.5,67.25,2.0,0.33,28.5,3.0,11.25,NA,1.0,1.0,1.0,22.5,48.25,0.0,287.25,NA,NA,93.25,747.0,0.0
2026-02-17 10:00:00,43.67,166.33,9.0,30.0,32.5,63.75,1.5,0.0,40.75,3.0,11.25,NA,1.0,0.75,1.0,25.0,41.0,0.0,274.75,NA,NA,89.25,747.0,0.0
2026-02-17 11:00:00,39.75,117.0,8.75,31.25,36.0,64.75,8.33,0.67,47.75,3.0,11.0,NA,1.0,1.0,1.0,26.0,31.5,0.0,163.5,NA,NA,82.5,746.0,0.0
2026-02-17 12:00:00,21.75,129.25,10.25,30.5,38.0,68.25,4.0,0.0,45.75,3.0,11.0,NA,1.0,1.0,1.0,26.5,25.25,0.5,174.0,NA,NA,80.75,746.0,0.0
2026-02-17 13:00:00,22.75,106.25,12.25,27.75,38.5,56.75,0.67,1.0,40.25,3.0,11.25,NA,1.0,0.75,1.0,27.0,26.0,0.25,154.75,NA,NA,80.25,746.0,0.0
2026-02-17 14:00:00,27.5,134.25,9.5,29.75,34.0,56.5,0.0,1.0,39.75,3.0,11.0,NA,1.0,1.0,1.0,27.75,25.5,0.25,165.0,NA,NA,80.75,746.0,1.0
2026-02-17 15:00:00,24.25,72.75,8.0,29.25,34.75,56.5,1.0,1.0,39.25,3.0,11.25,NA,1.0,1.0,1.0,27.5,26.25,0.25,175.75,NA,NA,84.5,746.25,0.75
2026-02-17 16:00:00,19.0,39.0,7.5,28.25,35.0,69.5,0.5,1.0,39.25,3.0,11.5,NA,1.0,0.75,1.0,26.75,26.25,0.25,156.25,NA,NA,90.0,747.0,0.0
2026-02-17 17:00:00,NA,NA,8.0,29.33,35.0,79.33,0.0,1.0,34.0,3.0,11.0,NA,1.0,1.0,1.0,25.67,33.0,0.0,171.33,NA,NA,94.0,747.0,0.0
2026-02-17 18:00:00,51.67,265.33,13.0,33.25,41.25,78.5,0.0,1.25,14.75,2.75,12.25,NA,0.75,0.75,0.75,23.0,41.0,0.0,153.0,NA,NA,99.25,747.0,0.0
2026-02-17 19:00:00,42.0,182.5,6.0,33.25,33.75,78.75,6.33,1.33,6.75,2.0,16.0,NA,0.0,0.0,0.0,21.5,45.25,0.0,69.0,NA,NA,102.25,747.0,0.0
2026-02-17 20:00:00,47.67,134.33,7.67,33.0,28.0,83.67,13.33,2.0,11.0,3.0,13.67,NA,0.0,0.5,0.67,20.0,54.67,NA,NA,NA,NA,104.33,747.0,0.0
2026-02-17 21:00:00,36.75,330.75,2.25,30.5,25.75,75.5,7.33,1.0,8.5,3.5,12.75,NA,0.0,1.0,1.0,19.25,62.0,NA,NA,NA,NA,105.25,747.0,0.0
2026-02-17 22:00:00,33.75,234.0,2.5,32.5,23.25,73.5,12.25,0.75,7.75,2.25,13.75,NA,0.0,1.0,0.0,19.5,62.25,0.0,227.0,NA,NA,106.0,747.0,0.0
2026-02-17 23:00:00,36.0,210.33,13.67,30.33,35.0,73.33,3.0,0.5,9.0,2.0,14.67,NA,0.0,1.0,0.0,18.0,64.33,NA,NA,NA,NA,106.67,747.0,0.0
2026-02-18 00:00:00,25.0,216.0,8.75,31.5,34.0,76.0,4.0,0.0,8.0,2.0,12.5,NA,0.0,1.0,1.0,17.5,68.75,0.0,62.0,NA,NA,107.75,747.0,0.0
2026-02-18 01:00:00,20.5,108.25,11.0,31.0,34.5,75.75,0.0,1.0,8.0,2.0,12.25,NA,0.0,1.0,1.0,17.0,73.75,0.0,62.0,NA,NA,108.0,747.0,0.0
2026-02-18 02:00:00,34.75,169.75,7.25,31.25,32.0,75.25,0.75,1.0,8.25,2.0,12.0,NA,0.0,1.0,1.0,16.0,83.0,NA,NA,NA,NA,108.25,747.0,0.0
2026-02-18 03:00:00,25.5,253.0,6.5,32.0,33.0,75.5,1.0,0.0,8.5,2.0,14.5,NA,0.0,1.0,1.0,15.75,87.5,NA,NA,NA,NA,109.0,747.0,0.0
2026-02-18 04:00:00,31.0,161.5,8.0,31.0,31.75,67.25,2.25,0.0,8.0,2.0,16.25,NA,0.0,1.25,1.25,15.25,89.75,NA,NA,NA,NA,109.0,747.0,0.0
2026-02-18 05:00:00,26.67,235.33,11.0,31.75,35.75,67.25,2.33,0.67,8.25,2.0,16.25,NA,0.0,1.5,1.5,15.0,89.25,0.0,146.0,NA,NA,109.25,747.0,0.0
2026-02-18 06:00:00,43.75,299.5,14.0,33.25,36.25,63.0,0.75,0.25,7.25,2.0,14.75,NA,0.0,1.5,0.75,15.0,89.5,0.0,140.5,NA,NA,109.75,747.0,0.0
2026-02-18 07:00:00,39.75,235.0,13.25,32.0,38.5,58.0,1.33,0.67,11.25,2.75,9.5,NA,0.25,2.0,0.0,16.5,77.25,0.0,151.33,NA,NA,108.0,747.0,0.0
2026-02-18 08:00:00,35.25,199.0,13.25,31.75,41.25,53.0,2.0,0.0,25.75,3.0,9.5,NA,0.25,1.75,0.25,18.25,69.5,0.0,164.5,NA,NA,102.5,747.0,0.0
2026-02-18 09:00:00,25.25,118.0,9.75,29.0,33.75,67.0,8.0,1.0,35.25,3.0,10.75,NA,1.0,1.0,1.0,21.25,53.5,0.0,172.25,NA,NA,94.0,747.0,0.0
2026-02-18 10:00:00,33.0,41.5,12.0,29.0,36.75,62.75,4.25,1.0,44.5,3.0,11.0,NA,1.0,1.0,1.0,24.0,42.75,0.0,178.0,NA,NA,89.5,747.0,0.0
2026-02-18 11:00:00,48.67,199.67,8.5,27.75,34.0,64.5,9.0,1.0,47.0,3.0,11.25,NA,1.0,0.75,1.0,25.5,39.75,0.0,170.25,NA,NA,83.75,746.25,0.0
2026-02-18 12:00:00,52.0,210.0,10.75,29.5,37.75,70.25,6.25,1.0,46.75,3.0,11.0,NA,1.0,1.0,1.0,26.25,36.5,0.25,154.5,NA,NA,82.0,746.0,0.0
2026-02-18 13:00:00,39.33,197.67,18.0,30.75,41.25,57.5,0.0,1.0,43.5,3.0,11.0,NA,1.0,1.0,1.0,27.0,35.0,0.0,177.75,NA,NA,81.25,746.0,0.5
2026-02-18 14:00:00,38.33,104.33,17.0,29.5,39.75,57.25,0.0,1.0,43.5,3.0,11.0,NA,1.0,1.0,1.0,27.25,34.25,0.0,201.5,NA,NA,82.25,746.0,0.75
2026-02-18 15:00:00,26.75,224.75,14.0,27.0,40.75,56.5,4.0,1.0,45.0,3.0,11.25,NA,1.0,1.0,1.0,27.5,35.0,0.0,178.5,NA,NA,84.75,746.0,0.75
2026-02-18 16:00:00,35.75,181.0,12.75,31.5,37.75,70.5,2.75,1.0,43.25,3.0,11.25,NA,1.0,1.0,1.0,26.75,35.25,0.0,163.0,NA,NA,90.25,747.0,0.0
2026-02-18 17:00:00,24.75,120.0,8.5,31.0,37.25,79.5,8.33,1.0,30.0,3.0,11.0,NA,1.0,1.0,1.0,25.25,40.0,0.0,146.67,NA,NA,94.5,747.0,0.0
2026-02-18 18:00:00,25.5,155.5,11.25,30.5,39.0,76.25,8.75,1.0,20.25,2.75,12.25,NA,0.75,0.75,0.75,23.75,46.5,0.0,138.5,NA,NA,98.0,747.0,0.0
2026-02-18 19:00:00,45.25,155.75,12.5,32.25,41.25,78.0,1.0,0.0,32.0,2.0,16.25,NA,0.0,0.0,0.0,22.5,58.25,1.0,157.0,NA,NA,98.75,747.0,0.0
2026-02-18 20:00:00,52.0,220.5,10.5,30.75,36.0,83.0,0.0,0.0,24.0,2.5,14.25,NA,0.0,0.5,0.5,21.25,68.0,0.0,158.5,NA,NA,100.25,747.0,0.0
2026-02-18 21:00:00,47.75,168.5,9.25,30.5,36.25,74.0,9.33,0.33,26.5,3.25,12.75,NA,0.0,1.0,1.0,21.0,72.25,0.75,153.0,NA,NA,101.0,747.0,0.0
2026-02-18 22:00:00,35.25,186.0,9.5,31.75,34.75,73.0,9.0,0.0,21.75,2.25,13.75,NA,0.0,1.0,0.0,20.0,76.75,1.0,154.25,NA,NA,101.75,747.0,0.0
2026-02-18 23:00:00,39.0,130.67,11.67,29.33,38.0,74.0,2.5,1.0,18.0,2.0,14.0,NA,0.0,1.0,0.0,19.0,80.0,0.33,152.33,NA,NA,102.33,747.0,0.0
2026-02-19 00:00:00,31.0,144.5,7.25,30.75,29.5,75.25,1.5,1.0,19.5,2.0,12.5,NA,0.0,1.0,1.0,19.0,77.0,0.0,156.25,NA,NA,103.0,747.0,0.0
2026-02-19 01:00:00,22.25,150.25,14.25,28.25,38.0,75.75,5.33,0.67,21.5,2.0,12.75,NA,0.0,1.0,1.0,19.0,70.5,0.0,154.0,NA,NA,103.0,747.0,0.0
2026-02-19 02:00:00,29.25,105.25,14.0,26.5,36.5,75.25,4.75,0.0,20.5,2.0,12.5,NA,0.0,1.0,0.75,19.0,67.0,0.0,95.5,NA,NA,103.0,747.0,0.0
2026-02-19 03:00:00,34.5,126.0,10.75,29.25,36.0,75.25,9.33,1.0,22.0,2.0,15.0,NA,0.0,1.0,1.25,19.0,66.75,0.0,102.0,NA,NA,102.25,747.0,0.0
2026-02-19 04:00:00,19.0,71.5,15.5,29.0,38.25,68.0,8.0,1.0,17.0,2.0,16.0,NA,0.0,1.5,1.25,19.0,67.5,0.0,133.25,NA,NA,102.25,747.0,0.0
2026-02-19 05:00:00,16.25,125.75,11.0,29.0,36.75,66.75,0.33,1.0,16.5,2.0,16.5,NA,0.0,1.5,1.0,19.0,71.0,0.0,111.75,NA,NA,103.0,747.0,0.0
2026-02-19 06:00:00,22.75,86.5,11.0,30.5,39.0,61.75,1.0,1.0,13.75,2.0,14.5,NA,0.0,1.5,0.75,18.5,72.75,0.0,74.75,NA,NA,102.75,747.0,0.0
2026-02-19 07:00:00,41.0,55.0,10.0,29.75,34.75,59.25,0.0,1.0,15.5,3.0,9.75,NA,0.0,2.0,0.0,18.25,72.25,0.25,154.75,NA,NA,102.75,747.0,0.0
2026-02-19 08:00:00,28.67,212.67,11.0,28.0,35.5,52.25,0.0,1.0,21.75,2.75,9.75,NA,0.25,1.75,0.25,20.0,63.0,0.25,163.25,NA,NA,99.25,747.0,0.0
2026-02-19 09:00:00,43.0,135.0,8.75,31.0,35.75,66.5,0.0,1.0,21.75,3.0,10.75,NA,1.0,1.0,1.0,20.0,62.5,0.5,156.75,NA,NA,97.0,747.0,0.0
2026-02-19 10:00:00,58.0,NA,7.25,31.25,34.5,61.5,0.0,1.0,29.0,3.0,11.0,NA,1.0,1.0,1.0,21.5,54.5,0.0,167.5,NA,NA,93.5,747.0,0.0
2026-02-19 11:00:00,NA,NA,13.0,29.0,38.75,65.75,7.0,NA,37.25,3.0,11.0,NA,1.0,1.0,1.0,24.5,41.5,0.0,177.25,NA,NA,86.5,746.75,0.0
2026-02-19 12:00:00,NA,39.0,10.25,28.0,33.75,70.25,6.0,1.0,40.25,3.0,11.0,NA,1.0,1.0,1.0,26.5,34.5,0.0,165.75,NA,NA,81.0,746.0,0.0
2026-02-19 13:00:00,NA,39.0,13.0,29.67,39.0,58.0,5.0,1.0,35.75,3.0,11.0,NA,1.0,1.0,1.0,27.25,33.5,0.0,161.25,NA,NA,80.0,746.0,0.5
2026-02-19 14:00:00,35.0,51.0,5.0,26.0,23.0,57.0,6.5,0.75,36.25,3.0,11.25,NA,1.0,1.0,1.0,28.0,31.25,0.0,135.0,NA,NA,80.25,746.0,1.0
2026-02-19 15:00:00,27.0,59.25,18.5,28.0,43.0,56.5,5.0,0.67,43.5,3.0,11.0,NA,1.0,1.0,1.0,27.75,32.25,0.25,157.75,NA,NA,84.5,746.25,1.0
2026-02-19 16:00:00,33.0,59.0,15.5,29.0,35.25,71.0,4.0,1.0,NA,3.0,11.0,NA,1.0,1.0,1.0,27.0,34.5,0.0,159.75,NA,NA,88.5,747.0,0.25
2026-02-19 17:00:00,44.0,45.0,11.75,29.5,37.25,79.25,0.0,1.0,30.67,3.0,10.75,NA,1.0,1.0,1.0,25.75,40.25,0.0,148.75,NA,NA,93.25,747.0,0.0
2026-02-19 18:00:00,23.0,33.0,16.75,29.5,40.25,77.5,1.75,1.0,22.25,2.75,12.5,NA,0.75,0.5,0.75,24.5,47.5,0.0,49.75,NA,NA,96.75,747.0,0.0
2026-02-19 19:00:00,23.0,69.25,6.25,31.0,32.5,78.5,0.0,1.0,19.0,2.0,16.0,NA,0.0,0.0,0.0,23.5,51.25,0.0,139.0,NA,NA,99.0,747.0,0.0
2026-02-19 20:00:00,21.25,101.75,12.5,31.75,39.75,83.25,0.0,0.5,18.5,2.5,14.0,NA,0.0,0.5,0.5,22.5,56.5,0.0,156.75,NA,NA,100.5,747.0,0.0
2026-02-19 21:00:00,19.5,106.0,13.0,29.5,39.0,74.5,4.0,1.0,13.75,3.5,12.75,NA,0.0,1.0,1.0,21.5,61.5,0.0,180.67,NA,NA,102.0,747.0,0.0
2026-02-19 22:00:00,16.5,134.0,12.5,32.5,39.5,72.75,5.75,0.25,10.25,2.25,14.0,NA,0.0,1.0,0.0,21.0,65.0,0.0,163.5,NA,NA,102.75,747.0,0.0
2026-02-19 23:00:00,12.67,145.33,16.0,29.33,42.0,71.67,0.0,1.0,20.0,2.0,14.33,NA,0.0,1.0,0.0,20.0,66.33,0.0,155.67,NA,NA,103.33,747.0,0.0
2026-02-20 00:00:00,14.25,121.5,12.75,28.5,36.5,75.5,0.0,0.0,19.25,2.0,12.25,NA,0.0,1.0,1.0,19.75,69.25,0.0,118.0,NA,NA,104.5,747.0,0.0
2026-02-20 01:00:00,18.25,110.25,12.5,28.0,36.5,75.75,3.0,1.0,16.75,2.0,12.75,NA,0.0,1.0,1.0,19.0,74.0,0.0,139.33,NA,NA,105.0,747.0,0.0
2026-02-20 02:00:00,19.5,112.25,11.0,29.25,36.75,76.5,2.25,0.5,16.25,2.0,12.75,NA,0.0,1.0,1.0,18.75,76.5,0.0,166.67,NA,NA,106.0,747.0,0.0
2026-02-20 03:00:00,18.75,104.0,8.25,29.75,27.25,75.5,5.33,1.0,18.0,2.0,15.5,NA,0.0,1.25,1.0,18.5,75.5,0.0,158.25,NA,NA,105.5,747.0,0.0
2026-02-20 04:00:00,18.5,102.0,11.75,28.0,33.75,67.75,5.0,1.0,22.75,2.0,16.25,NA,0.0,1.0,1.0,18.0,74.75,0.0,163.25,NA,NA,105.75,747.0,0.0
2026-02-20 05:00:00,19.0,91.5,11.25,29.0,38.25,66.75,0.0,1.0,21.75,2.0,16.5,NA,0.0,1.0,1.5,17.75,76.5,0.0,156.5,NA,NA,105.0,747.0,0.0
2026-02-20 06:00:00,20.25,88.25,12.5,28.5,39.25,60.5,NA,1.0,16.75,2.25,14.75,NA,0.0,1.75,1.0,17.75,76.5,0.0,84.75,NA,NA,106.0,747.0,0.0
2026-02-20 07:00:00,21.0,96.25,8.25,30.5,36.25,59.0,NA,1.0,17.5,2.75,9.5,NA,0.0,2.0,0.0,18.5,69.5,0.0,140.0,NA,NA,105.0,747.0,0.0
2026-02-20 08:00:00,28.25,109.5,11.25,29.75,35.75,53.0,NA,0.5,27.5,3.0,10.0,NA,0.25,1.75,0.25,20.75,60.25,0.25,167.75,NA,NA,98.25,747.0,0.0
2026-02-20 09:00:00,44.75,96.25,13.25,29.25,39.5,66.75,2.67,1.0,27.75,3.0,11.0,NA,1.0,1.0,1.0,22.25,53.75,0.5,165.25,NA,NA,92.0,747.0,0.0
2026-02-20 10:00:00,52.75,102.0,12.0,28.25,36.5,62.25,2.5,1.0,34.75,3.0,11.0,NA,1.0,1.0,1.0,24.75,46.25,0.0,156.75,NA,NA,88.5,747.0,0.0
2026-02-20 11:00:00,47.5,109.75,13.0,32.5,39.25,64.5,17.0,1.0,39.75,3.0,11.0,NA,1.0,1.0,1.0,26.5,38.75,0.75,171.25,NA,NA,83.0,746.0,0.0
2026-02-20 12:00:00,53.5,85.5,14.5,30.25,39.0,69.5,16.5,0.75,38.0,3.0,11.0,NA,1.0,1.0,1.0,27.75,32.5,0.25,153.25,NA,NA,79.75,746.0,0.75
2026-02-20 13:00:00,63.5,77.5,7.25,29.0,29.75,57.25,0.33,1.0,41.5,3.0,11.0,NA,1.0,0.75,1.0,28.0,33.75,1.0,161.75,NA,NA,80.25,746.0,1.0
2026-02-20 14:00:00,45.25,73.0,15.0,28.0,38.5,56.75,0.25,1.0,40.0,3.0,11.0,NA,1.0,1.0,1.0,29.0,29.75,1.0,155.25,NA,NA,81.25,746.0,1.0
2026-02-20 15:00:00,33.75,77.0,11.25,27.0,36.75,57.5,7.0,1.0,39.5,3.0,11.0,NA,1.0,1.0,1.0,28.5,28.25,1.0,156.0,NA,NA,84.5,746.0,1.0
2026-02-20 16:00:00,31.5,70.75,9.25,29.75,37.0,67.75,5.0,1.0,34.25,3.0,11.0,NA,1.0,0.75,1.0,28.0,28.75,0.25,157.5,NA,NA,88.75,747.0,1.0
2026-02-20 17:00:00,40.0,85.0,8.67,29.0,35.33,75.33,2.5,1.0,29.0,3.0,11.0,NA,1.0,1.0,1.0,27.0,37.0,0.0,98.33,NA,NA,92.0,747.0,0.0
2026-02-20 18:00:00,59.5,96.5,8.0,29.5,35.25,78.25,2.25,1.0,22.75,2.75,12.25,NA,0.75,0.5,0.75,25.0,45.0,0.0,160.0,NA,NA,96.25,747.0,0.0
2026-02-20 19:00:00,70.0,102.25,9.25,29.25,33.25,79.25,10.67,1.0,19.25,2.0,16.0,NA,0.0,0.0,0.0,24.25,47.75,0.0,167.25,NA,NA,98.5,747.0,0.0
2026-02-20 20:00:00,66.75,109.75,12.5,30.75,36.5,83.25,11.5,1.0,19.0,2.75,14.0,NA,0.0,0.5,0.5,23.25,51.5,0.0,172.0,NA,NA,100.5,747.0,0.0
2026-02-20 21:00:00,53.0,117.5,11.25,33.5,35.0,76.25,12.0,1.0,17.0,3.25,13.0,NA,0.0,1.0,1.0,22.0,54.5,0.0,152.75,NA,NA,102.5,747.0,0.0
2026-02-20 22:00:00,55.75,139.5,13.0,30.25,38.5,72.0,13.5,0.75,15.25,2.25,14.0,NA,0.0,1.0,0.0,21.75,57.5,0.0,63.75,NA,NA,103.0,747.0,0.0
2026-02-20 23:00:00,62.0,147.67,11.33,31.33,38.0,72.0,7.5,1.0,17.33,2.0,14.0,NA,0.0,1.0,0.0,21.0,60.67,0.0,70.33,NA,NA,103.33,747.0,0.0
2026-02-21 00:00:00,73.0,126.0,7.67,31.67,30.33,75.33,8.67,0.67,18.0,2.0,12.0,NA,0.0,1.0,1.0,20.0,64.67,0.0,203.0,NA,NA,104.0,747.0,0.0
2026-02-21 01:00:00,59.5,121.0,13.75,31.25,41.5,75.75,2.33,0.33,24.75,2.0,12.25,NA,0.0,1.0,1.0,20.25,61.75,0.0,164.75,NA,NA,104.25,747.0,0.0
2026-02-21 02:00:00,58.25,109.25,18.75,29.25,40.0,75.25,2.25,0.0,22.25,2.0,12.25,NA,0.0,1.0,0.75,20.0,64.75,0.0,152.0,NA,NA,104.75,747.0,0.0
2026-02-21 03:00:00,45.5,110.25,8.0,30.5,36.5,75.5,7.33,1.0,18.5,2.0,14.75,NA,0.0,1.0,1.0,19.0,67.25,0.0,118.0,NA,NA,105.0,747.0,0.0
2026-02-21 04:00:00,23.75,109.5,10.75,29.25,37.5,67.0,7.0,1.0,22.5,2.0,16.5,NA,0.0,1.75,1.25,19.0,68.25,0.0,103.0,NA,NA,105.0,747.0,0.0
2026-02-21 05:00:00,19.5,109.0,6.75,28.5,34.5,66.75,1.0,1.0,23.5,2.0,17.0,NA,0.0,1.0,1.0,18.75,70.5,0.0,126.0,NA,NA,105.0,747.0,0.0
2026-02-21 06:00:00,31.5,98.25,10.75,31.25,37.0,61.5,1.0,1.0,18.0,2.25,14.75,NA,0.0,1.5,1.0,18.0,73.5,0.0,121.75,NA,NA,105.5,747.0,0.0
2026-02-21 07:00:00,50.0,105.75,9.0,31.5,34.25,58.75,NA,1.0,16.25,3.0,9.5,NA,0.25,2.0,0.0,18.75,71.5,0.0,59.5,NA,NA,104.75,747.0,0.0
2026-02-21 08:00:00,42.75,141.75,16.5,27.5,40.75,53.25,NA,1.0,19.25,3.0,10.0,NA,0.5,1.75,0.25,20.75,64.0,0.0,58.75,NA,NA,98.5,747.0,0.0
2026-02-21 09:00:00,36.5,172.0,7.5,32.5,33.0,67.75,2.33,1.0,24.0,3.0,11.25,NA,1.0,1.0,1.0,22.5,58.5,0.0,87.0,NA,NA,91.5,747.0,0.0
2026-02-21 10:00:00,51.0,169.5,16.0,29.25,42.0,62.0,4.25,1.0,36.5,3.0,11.0,NA,1.0,1.0,1.0,24.75,50.75,0.0,96.0,NA,NA,87.25,747.0,0.0
2026-02-21 11:00:00,44.5,167.25,8.75,29.5,36.75,65.0,1.33,1.0,44.25,3.0,11.5,NA,1.0,1.0,1.0,26.5,44.0,0.0,90.25,NA,NA,82.75,746.5,0.0
2026-02-21 12:00:00,44.75,145.0,11.25,28.5,38.5,69.0,1.25,0.25,46.5,3.0,11.25,NA,1.0,1.0,1.0,28.0,37.75,0.25,68.75,NA,NA,80.25,746.0,1.0
2026-02-21 13:00:00,43.0,152.5,9.25,28.75,35.5,57.5,5.33,1.0,44.25,3.0,11.0,NA,1.0,0.75,1.0,28.0,35.75,0.75,59.0,NA,NA,80.75,746.0,1.0
2026-02-21 14:00:00,46.5,147.75,13.25,31.75,39.75,57.0,4.25,1.0,40.25,3.0,11.25,NA,1.0,1.0,1.0,28.0,33.5,0.0,79.25,NA,NA,81.75,746.0,1.0
2026-02-21 15:00:00,56.0,143.5,11.75,30.5,37.25,57.0,9.0,1.0,39.5,3.0,11.25,NA,1.0,1.0,1.0,27.75,34.25,0.0,87.25,NA,NA,84.75,746.5,1.0
2026-02-21 16:00:00,59.0,137.25,9.0,28.5,32.0,68.75,8.5,1.0,36.5,NA,NA,NA,NA,NA,NA,26.75,36.25,0.0,98.0,NA,NA,89.5,747.0,0.0
2026-02-21 17:00:00,65.25,137.5,17.0,29.25,41.5,77.75,14.0,1.0,33.25,3.0,11.5,NA,1.0,1.0,1.0,25.75,42.5,0.0,68.25,NA,NA,93.5,747.0,0.0
2026-02-21 18:00:00,55.25,115.0,11.25,29.75,38.0,77.25,16.5,1.0,20.25,2.75,12.25,NA,0.75,0.75,0.75,24.25,50.75,0.0,55.25,NA,NA,96.5,747.0,0.0
2026-02-21 19:00:00,50.25,138.75,15.5,29.5,38.5,78.5,11.67,0.67,17.25,2.0,16.0,NA,0.0,0.0,0.25,23.25,56.5,0.0,55.0,NA,NA,99.5,747.0,0.0
2026-02-21 20:00:00,41.5,174.5,14.0,29.25,39.75,83.0,10.5,1.0,17.75,3.0,14.5,NA,0.0,0.5,0.5,22.75,56.75,0.0,48.5,NA,NA,101.0,747.0,0.0
2026-02-21 21:00:00,42.5,180.25,9.25,32.0,37.5,73.5,3.33,0.0,18.25,3.0,13.0,NA,0.0,1.0,1.0,22.0,53.0,0.0,61.0,NA,NA,101.5,747.0,0.0
2026-02-21 22:00:00,50.75,185.0,12.0,29.5,37.75,70.25,2.0,0.0,25.0,2.25,13.75,NA,0.0,1.0,0.0,22.0,52.75,0.0,65.25,NA,NA,101.5,747.0,0.0
2026-02-21 23:00:00,52.33,180.67,8.67,29.67,36.33,73.0,3.5,1.0,25.0,2.0,14.33,NA,0.0,1.0,0.0,21.33,53.67,0.0,127.0,NA,NA,102.0,747.0,0.0
2026-02-22 00:00:00,51.25,151.0,9.75,28.25,37.5,75.75,3.0,1.0,21.5,2.0,12.25,NA,0.0,1.0,1.0,20.5,58.0,0.0,56.0,NA,NA,103.5,747.0,0.0
2026-02-22 01:00:00,56.75,120.25,10.0,30.75,38.0,75.0,6.0,1.0,23.5,2.0,12.25,NA,0.0,1.0,1.0,20.0,61.25,0.0,67.0,NA,NA,104.75,747.0,0.0
2026-02-22 02:00:00,54.25,124.0,10.25,29.5,37.75,75.25,7.25,1.0,21.5,1.75,12.75,NA,0.0,1.0,1.0,19.25,63.5,0.0,52.5,NA,NA,105.0,747.0,0.0
2026-02-22 03:00:00,41.5,130.25,9.5,28.25,37.0,75.75,8.0,1.0,22.0,2.0,15.0,NA,0.0,1.0,1.0,18.75,66.5,0.0,53.75,NA,NA,105.0,747.0,0.0
2026-02-22 04:00:00,47.75,121.0,9.25,27.25,35.75,67.5,8.0,1.0,19.5,2.0,16.5,NA,0.0,1.0,1.25,17.75,70.25,0.0,86.25,NA,NA,105.5,747.0,0.0
2026-02-22 05:00:00,56.25,120.5,14.5,27.5,39.5,67.5,2.33,1.0,20.75,2.0,16.5,NA,0.0,1.25,1.25,17.5,72.25,0.0,56.75,NA,NA,106.5,747.0,0.0
2026-02-22 06:00:00,66.5,108.75,9.0,29.25,37.75,62.5,1.5,1.0,18.75,2.25,14.75,NA,0.0,1.75,0.75,18.0,72.75,0.0,48.75,NA,NA,106.5,747.0,0.0
2026-02-22 07:00:00,60.0,126.5,12.25,30.25,40.25,58.5,0.0,1.0,17.0,3.0,9.5,NA,0.0,2.0,0.0,18.25,70.5,0.0,54.75,NA,NA,105.0,747.0,0.0
2026-02-22 08:00:00,38.0,150.75,12.75,28.0,35.5,53.5,1.5,1.0,22.75,2.75,10.0,NA,0.25,1.75,0.25,20.25,62.25,0.0,54.5,NA,NA,99.0,747.0,0.0
2026-02-22 09:00:00,42.25,178.75,10.75,30.25,35.5,67.75,1.67,1.0,30.75,3.0,11.25,NA,1.0,1.0,1.0,22.5,56.25,0.0,106.5,NA,NA,91.25,747.0,0.0
2026-02-22 10:00:00,53.75,170.75,11.25,29.0,34.25,62.75,2.5,1.0,35.75,3.0,11.25,NA,1.0,0.75,1.0,24.25,50.75,0.0,134.0,NA,NA,87.0,747.0,0.0
2026-02-22 11:00:00,42.25,151.5,12.75,27.5,38.25,65.0,8.0,0.0,39.5,3.0,11.0,NA,1.0,1.0,1.0,26.5,40.25,0.0,79.75,NA,NA,81.75,746.5,0.0
2026-02-22 12:00:00,49.5,137.25,7.0,27.5,34.5,70.5,6.75,0.0,35.0,3.0,11.25,NA,1.0,1.0,1.0,27.5,31.5,0.0,116.0,NA,NA,79.5,746.0,0.75
2026-02-22 13:00:00,54.33,120.33,10.33,27.0,34.67,58.0,3.0,1.0,36.33,3.0,11.0,NA,1.0,1.0,1.0,28.33,28.67,0.33,90.67,NA,NA,78.67,746.0,1.0
2026-02-22 14:00:00,40.0,116.0,8.0,29.0,36.75,56.0,1.25,1.0,36.75,3.0,11.0,NA,1.0,1.0,1.0,28.5,24.75,0.25,109.5,NA,NA,80.0,746.0,1.0
2026-02-22 15:00:00,29.5,109.5,9.75,28.75,35.0,56.5,2.0,1.0,38.5,3.0,10.75,NA,1.0,1.0,1.0,28.0,26.5,0.0,125.25,NA,NA,84.0,746.75,1.0
2026-02-22 16:00:00,41.25,102.25,7.5,27.75,35.75,68.75,2.0,1.0,37.0,3.0,11.25,NA,1.0,1.0,1.0,27.0,29.25,0.75,159.75,NA,NA,89.5,747.0,0.0
2026-02-22 17:00:00,42.5,84.5,9.25,28.75,36.25,79.5,NA,1.0,29.75,3.0,11.25,NA,1.0,1.0,1.0,25.75,33.75,0.5,154.5,NA,NA,93.5,747.0,0.0
2026-02-22 18:00:00,27.5,67.0,9.0,29.25,36.25,79.0,0.0,1.0,25.5,2.75,12.25,NA,0.75,0.75,0.75,24.0,42.25,0.0,162.33,NA,NA,97.5,747.0,0.0
2026-02-22 19:00:00,34.75,86.25,10.25,26.75,37.0,77.5,2.33,0.0,17.25,2.0,15.75,NA,0.0,0.0,0.0,22.5,49.75,0.0,143.33,NA,NA,101.0,747.0,0.0
2026-02-22 20:00:00,51.75,122.25,10.25,28.25,37.0,83.75,2.75,0.25,15.25,2.75,14.25,NA,0.0,0.5,0.5,21.75,54.5,NA,NA,NA,NA,102.75,747.0,0.0
2026-02-22 21:00:00,63.25,152.75,7.75,28.0,32.75,74.75,0.33,0.67,16.0,3.5,13.0,NA,0.0,1.0,1.0,20.5,59.5,NA,NA,NA,NA,104.0,747.0,0.0
2026-02-22 22:00:00,60.75,167.0,8.75,27.75,33.75,73.0,1.0,0.75,16.0,2.25,14.0,NA,0.0,1.0,0.0,20.0,61.25,NA,NA,NA,NA,105.0,747.0,0.0
2026-02-22 23:00:00,56.0,162.0,7.33,29.33,35.0,72.67,5.5,1.0,17.0,2.0,14.0,NA,0.0,1.0,0.0,20.0,63.0,NA,NA,NA,NA,105.0,747.0,0.0
2026-02-23 00:00:00,58.75,124.5,6.0,27.5,33.75,75.75,5.75,1.0,15.5,2.0,12.5,NA,0.0,1.0,1.0,19.0,68.0,NA,NA,NA,NA,106.0,747.0,0.0
2026-02-23 01:00:00,57.25,118.75,6.5,28.75,35.0,75.75,4.0,1.0,10.0,2.0,12.25,NA,0.0,1.0,0.75,18.75,71.75,NA,NA,NA,NA,106.0,747.0,0.0
2026-02-23 02:00:00,60.75,151.0,9.0,28.75,37.25,75.5,6.0,1.0,7.0,2.0,12.25,NA,0.0,1.0,1.0,18.25,74.75,NA,NA,NA,NA,106.75,747.0,0.0
2026-02-23 03:00:00,66.5,156.25,8.75,28.0,35.5,75.5,4.67,0.67,8.5,2.0,15.0,NA,0.0,1.0,1.0,18.25,73.25,0.0,60.0,NA,NA,107.0,747.0,0.0
2026-02-23 04:00:00,64.75,152.0,8.25,27.0,35.5,67.75,6.0,0.0,10.75,2.0,16.5,NA,0.0,1.25,1.0,17.5,77.25,0.0,100.5,NA,NA,107.0,747.0,0.0
2026-02-23 05:00:00,44.25,140.5,7.5,29.25,35.25,66.75,2.0,1.0,8.0,2.0,16.5,NA,0.0,1.0,1.5,17.75,77.25,0.0,32.0,NA,NA,107.0,747.0,0.0
2026-02-23 06:00:00,43.0,143.0,9.25,26.75,36.0,62.25,2.0,1.0,7.0,2.25,14.5,NA,0.0,1.25,0.75,17.25,80.25,0.0,81.0,NA,NA,107.0,747.0,0.0
2026-02-23 07:00:00,52.75,139.25,10.75,30.5,38.75,59.25,7.0,1.0,7.0,2.75,10.0,NA,0.0,2.0,0.0,18.5,72.0,0.0,47.33,NA,NA,106.25,747.0,0.0
2026-02-23 08:00:00,37.5,166.75,12.0,28.5,41.0,52.25,9.25,0.5,15.5,2.75,9.75,NA,0.25,1.75,0.25,20.5,61.25,0.25,33.5,NA,NA,99.0,747.0,0.0
2026-02-23 09:00:00,21.5,219.0,12.0,29.0,38.25,66.25,5.33,0.0,24.5,3.0,11.0,NA,1.0,1.0,1.0,23.0,49.75,0.0,28.75,NA,NA,91.5,747.0,0.0
2026-02-23 10:00:00,31.75,222.5,12.0,28.75,39.0,62.75,6.0,1.0,38.5,3.0,11.25,NA,1.0,1.0,1.0,25.5,37.25,0.0,202.75,NA,NA,86.5,746.75,0.0
2026-02-23 11:00:00,30.0,179.75,7.0,29.75,34.25,65.25,0.0,0.67,43.25,3.0,10.75,NA,1.0,1.0,1.0,26.75,34.5,0.0,82.0,NA,NA,81.0,746.0,0.0
2026-02-23 12:00:00,41.5,148.0,15.25,25.75,38.25,68.75,0.0,0.0,46.25,3.0,11.5,NA,1.0,1.0,1.0,27.25,32.25,0.0,120.0,NA,NA,78.75,746.0,1.0
2026-02-23 13:00:00,37.75,129.0,14.0,29.25,39.0,57.5,0.33,1.0,48.0,3.0,11.0,NA,1.0,1.0,1.0,28.0,32.5,0.0,159.5,NA,NA,78.5,746.0,1.0
2026-02-23 14:00:00,30.25,110.25,14.0,28.75,37.75,56.5,0.0,1.0,47.0,3.0,11.0,NA,1.0,1.0,1.0,27.75,31.5,0.25,159.0,NA,NA,81.25,746.0,1.0
2026-02-23 15:00:00,27.75,107.0,15.75,28.75,40.75,57.25,13.33,0.67,47.0,3.0,11.0,NA,1.0,0.75,1.0,27.75,29.75,0.5,165.25,NA,NA,85.0,746.0,1.0
2026-02-23 16:00:00,19.75,103.75,8.0,28.5,34.0,69.25,11.5,1.0,46.0,3.0,10.75,NA,1.0,0.75,1.0,27.0,32.5,0.0,153.0,NA,NA,89.0,747.0,0.5
2026-02-23 17:00:00,13.67,102.33,10.0,29.0,37.67,77.0,9.5,1.0,37.67,3.0,10.67,NA,1.0,1.0,1.0,26.33,35.33,0.0,111.0,NA,NA,92.0,747.0,0.0
2026-02-23 18:00:00,19.0,100.33,12.0,27.67,37.67,78.67,9.75,1.0,25.0,2.67,12.67,NA,0.67,0.67,0.67,24.33,40.33,0.0,85.67,NA,NA,96.67,747.0,0.0
2026-02-23 19:00:00,25.0,122.25,7.25,26.75,34.25,80.0,1.67,1.0,18.75,2.0,16.0,NA,0.0,0.0,0.0,23.0,47.75,NA,NA,NA,NA,100.25,747.0,0.0
2026-02-23 20:00:00,31.75,140.25,9.5,27.5,36.0,83.25,5.75,1.25,7.0,3.0,14.25,NA,0.0,0.5,0.5,21.5,55.75,NA,184.0,NA,NA,102.25,747.0,0.0
2026-02-23 21:00:00,38.25,189.0,13.25,27.75,41.25,74.75,9.33,1.0,8.5,3.25,12.75,NA,0.0,1.0,1.0,21.5,58.0,0.0,35.0,NA,NA,103.0,747.0,0.0
2026-02-23 22:00:00,51.25,257.25,11.75,29.0,38.5,72.75,13.75,0.25,10.5,2.25,14.0,NA,0.0,1.0,0.0,20.75,61.5,NA,NA,NA,NA,103.5,747.0,0.0
2026-02-23 23:00:00,45.0,269.33,11.33,28.0,38.67,73.33,4.5,1.0,9.33,2.0,14.0,NA,0.0,1.0,0.0,19.67,70.0,NA,NA,NA,NA,104.33,747.0,0.0
2026-02-24 00:00:00,42.0,255.0,10.75,27.0,36.75,75.5,8.25,1.0,7.5,2.0,12.25,NA,0.0,1.0,1.0,19.25,72.75,NA,NA,NA,NA,105.0,747.0,0.0
2026-02-24 01:00:00,45.5,251.25,8.25,27.25,35.0,76.25,3.67,1.0,7.75,2.0,12.25,NA,0.0,1.0,1.0,19.5,73.25,0.0,310.0,NA,NA,105.0,747.0,0.0
2026-02-24 02:00:00,49.5,257.75,10.25,28.0,38.75,75.75,6.0,0.25,7.5,2.0,12.75,NA,0.0,1.0,0.75,19.0,75.25,0.0,5.0,NA,NA,105.25,747.0,0.0
2026-02-24 03:00:00,51.25,239.25,12.5,27.0,37.75,75.75,2.0,0.33,7.25,2.0,14.75,NA,0.0,1.25,1.0,18.25,75.75,NA,NA,NA,NA,106.0,747.0,0.0
2026-02-24 04:00:00,34.5,209.5,12.5,25.5,34.0,67.5,1.0,0.0,8.25,2.0,16.0,NA,0.0,1.5,1.25,18.0,72.5,NA,NA,NA,NA,106.25,747.0,0.0
2026-02-24 05:00:00,28.25,167.75,11.75,26.0,36.25,66.25,4.0,1.0,7.75,2.0,16.75,NA,0.0,1.25,1.5,18.0,75.5,0.0,44.0,NA,NA,107.0,747.0,0.0
2026-02-24 06:00:00,35.0,159.25,8.75,28.75,31.75,62.0,1.75,1.0,9.0,2.25,14.75,NA,0.0,1.75,1.25,18.25,75.0,0.0,104.33,NA,NA,107.0,747.0,0.0
2026-02-24 07:00:00,38.0,178.0,14.25,28.75,37.25,58.25,2.0,1.0,9.75,3.0,9.75,NA,0.0,2.0,0.0,19.0,72.25,0.0,168.5,NA,NA,104.5,747.0,0.0
2026-02-24 08:00:00,37.25,196.0,12.75,27.0,36.25,53.0,2.75,1.0,16.0,3.0,9.75,NA,0.25,1.75,0.25,20.75,61.5,0.0,91.5,NA,NA,98.0,747.0,0.0
2026-02-24 09:00:00,30.0,205.5,14.0,25.75,34.5,67.0,14.33,0.67,30.25,3.0,11.0,NA,1.0,1.0,1.0,23.5,50.5,0.0,40.0,NA,NA,91.0,747.0,0.0
2026-02-24 10:00:00,25.25,244.0,11.25,29.0,31.75,62.25,12.5,0.25,37.75,3.0,11.0,NA,1.0,1.0,1.0,25.25,45.0,0.0,70.75,NA,NA,86.75,746.5,0.0
2026-02-24 11:00:00,41.25,221.75,13.25,28.0,37.75,64.25,1.33,2.0,44.75,3.0,11.25,NA,1.0,1.0,1.0,27.0,38.5,0.0,104.5,NA,NA,81.25,746.0,0.0
2026-02-24 12:00:00,44.75,153.25,10.5,29.5,33.75,68.75,0.0,2.0,47.5,3.0,11.0,NA,1.0,1.0,1.0,28.25,34.5,0.25,107.25,NA,NA,79.25,746.0,1.0
2026-02-24 13:00:00,48.5,124.5,17.5,26.5,37.75,57.75,0.0,1.0,44.5,3.0,11.0,NA,1.0,1.0,1.0,28.75,30.5,0.5,146.0,NA,NA,78.0,746.0,1.0
2026-02-24 14:00:00,60.5,100.5,17.5,29.5,38.75,56.0,0.0,1.0,41.0,3.0,11.0,NA,1.0,1.0,1.0,28.25,29.0,0.75,164.25,NA,NA,82.75,746.0,1.0
2026-02-24 15:00:00,47.5,99.25,10.0,28.75,38.25,56.5,0.0,1.0,39.75,3.0,11.0,NA,1.0,1.0,1.0,28.25,27.5,1.0,158.5,NA,NA,85.0,746.5,1.0
2026-02-24 16:00:00,30.75,88.5,12.0,27.25,37.0,68.75,0.0,1.0,40.0,3.0,11.25,NA,1.0,1.0,1.0,27.75,27.5,1.0,159.0,NA,NA,89.75,747.0,1.0
2026-02-24 17:00:00,18.25,91.0,21.25,29.5,42.75,77.0,0.33,1.0,30.75,3.0,11.25,NA,1.0,1.0,1.0,26.5,28.5,0.25,146.0,NA,NA,92.75,747.0,0.0
2026-02-24 18:00:00,34.75,93.5,24.25,33.25,46.0,79.25,0.75,1.0,16.5,2.75,12.75,NA,0.75,0.75,0.75,23.75,38.75,NA,NA,NA,NA,97.5,747.0,0.0
2026-02-24 19:00:00,47.25,113.75,20.25,28.0,41.75,78.25,0.0,0.33,14.25,2.0,16.0,NA,0.0,0.0,0.0,23.0,44.25,NA,NA,NA,NA,100.5,747.0,0.0
2026-02-24 20:00:00,53.75,139.25,17.5,31.0,36.0,82.5,1.0,0.5,8.5,2.75,14.25,NA,0.0,0.5,0.5,22.0,50.75,NA,NA,NA,NA,101.5,747.0,0.0
2026-02-24 21:00:00,61.75,176.0,23.5,26.25,41.0,74.75,7.67,1.33,8.0,3.5,12.5,NA,0.0,1.0,1.0,20.75,58.75,NA,NA,NA,NA,102.5,747.0,0.0
2026-02-24 22:00:00,68.5,214.25,15.0,28.75,34.75,71.75,10.75,1.5,7.5,2.25,14.0,NA,0.0,1.0,0.0,21.0,60.75,NA,NA,NA,NA,103.0,747.0,0.0
2026-02-24 23:00:00,60.0,250.0,16.0,32.0,33.0,74.67,5.0,0.0,8.67,2.0,14.33,NA,0.0,1.0,0.0,21.0,60.67,NA,NA,NA,NA,104.0,747.0,0.0
2026-02-25 00:00:00,54.0,222.0,8.75,28.25,28.75,75.75,8.25,0.0,7.25,2.0,12.5,NA,0.0,1.0,1.0,20.0,64.25,NA,NA,NA,NA,104.25,747.0,0.0
2026-02-25 01:00:00,53.0,208.0,9.67,27.0,33.67,75.67,6.0,1.0,7.0,2.0,12.33,NA,0.0,1.0,1.0,19.0,72.33,NA,NA,NA,NA,105.0,747.0,0.0
2026-02-25 02:00:00,57.75,226.0,17.5,28.5,42.25,76.0,8.5,1.0,6.5,2.0,12.5,NA,0.0,1.0,0.75,19.0,75.75,NA,NA,NA,NA,105.0,747.0,0.0
2026-02-25 03:00:00,61.0,228.5,12.25,31.75,37.75,75.25,0.0,0.0,8.5,2.0,14.75,NA,0.0,1.0,1.0,19.0,77.0,NA,NA,NA,NA,105.0,747.0,0.0
2026-02-25 04:00:00,57.75,219.0,19.5,30.25,43.25,67.25,0.0,0.0,9.25,2.0,16.25,NA,0.0,1.25,1.5,18.0,79.5,NA,NA,NA,NA,106.0,747.0,0.0
2026-02-25 05:00:00,38.5,211.25,25.5,30.75,44.5,66.75,NA,0.67,5.5,2.0,16.5,NA,0.0,1.25,1.75,18.0,77.75,NA,NA,NA,NA,106.0,747.0,0.0
2026-02-25 06:00:00,45.5,180.5,13.5,27.75,34.5,61.75,NA,0.25,8.0,2.25,14.5,NA,0.0,1.25,0.75,18.0,73.25,0.0,46.67,NA,NA,106.25,747.0,0.0
2026-02-25 07:00:00,49.75,207.75,17.5,32.25,40.5,58.75,1.33,1.0,12.0,2.75,9.0,NA,0.0,2.0,0.0,19.75,69.0,0.0,66.0,NA,NA,105.0,747.0,0.0
2026-02-25 08:00:00,44.25,224.75,16.5,31.5,39.5,52.75,0.75,1.0,19.5,3.0,10.0,NA,0.25,1.75,0.25,22.75,56.0,0.0,79.5,NA,NA,97.0,747.0,0.0
2026-02-25 09:00:00,49.25,223.0,16.75,27.75,41.25,67.0,0.0,1.0,33.5,3.0,11.0,NA,1.0,1.0,1.0,24.5,50.25,0.0,95.75,NA,NA,89.75,747.0,0.0
2026-02-25 10:00:00,45.5,202.25,8.0,30.25,31.0,62.25,0.0,0.0,38.25,3.0,11.0,NA,1.0,1.0,1.0,26.5,43.5,0.0,108.75,NA,NA,85.25,746.5,0.0
2026-02-25 11:00:00,44.75,199.0,11.25,26.0,36.25,65.25,15.67,1.0,40.25,3.0,11.25,NA,1.0,1.0,1.0,27.5,39.75,0.0,85.0,NA,NA,80.5,746.0,0.75
2026-02-25 12:00:00,33.75,172.5,14.25,26.5,40.0,68.75,12.0,1.0,38.0,3.0,11.0,NA,1.0,1.0,1.0,28.75,29.5,0.25,62.5,NA,NA,78.25,746.0,1.0
2026-02-25 13:00:00,18.5,154.75,10.75,29.25,35.25,57.75,7.33,1.0,38.75,3.0,11.5,NA,1.0,1.0,1.0,29.0,20.5,0.75,136.75,NA,NA,77.75,746.0,1.0
2026-02-25 14:00:00,10.25,133.25,21.0,29.5,42.0,56.5,6.5,0.75,36.75,3.0,11.0,NA,1.0,1.0,1.0,29.25,21.0,0.75,153.25,NA,NA,79.75,746.0,1.0
2026-02-25 15:00:00,14.25,111.75,14.0,28.25,33.5,56.25,5.67,1.0,38.0,3.0,11.25,NA,1.0,1.0,1.0,29.0,23.5,0.25,147.0,NA,NA,83.75,746.0,1.0
2026-02-25 16:00:00,65.5,106.25,11.5,28.25,35.75,69.25,4.25,1.0,34.75,3.0,11.0,NA,1.0,1.0,1.0,28.25,22.75,0.0,154.75,NA,NA,88.0,746.75,1.0
2026-02-25 17:00:00,74.75,103.5,12.0,30.0,37.0,77.75,2.0,1.0,28.75,3.0,11.25,NA,1.0,1.0,1.0,27.0,26.0,0.25,153.5,NA,NA,92.25,747.0,0.25
2026-02-25 18:00:00,68.25,77.5,8.5,27.5,32.25,78.75,4.5,2.0,13.75,2.75,12.75,NA,0.75,0.75,0.75,24.5,35.5,0.0,144.0,NA,NA,96.5,747.0,0.0
2026-02-25 19:00:00,59.0,123.0,13.75,26.25,35.0,78.25,6.67,0.0,7.5,2.0,16.25,NA,0.0,0.0,0.0,24.0,40.25,NA,118.0,NA,NA,99.75,747.0,0.0
2026-02-25 20:00:00,73.75,177.75,13.5,25.75,35.25,82.5,9.0,0.0,11.5,2.5,13.5,NA,0.0,0.5,0.5,23.0,41.75,0.0,123.33,NA,NA,101.25,747.0,0.0
2026-02-25 21:00:00,71.5,192.75,11.5,29.25,34.0,75.75,13.67,0.67,13.0,3.5,12.5,NA,0.0,1.0,1.0,22.75,44.75,0.0,63.33,NA,NA,102.25,747.0,0.0
2026-02-25 22:00:00,79.0,202.25,10.5,29.5,35.5,71.75,15.25,0.0,12.5,2.25,13.75,NA,0.0,1.0,0.0,21.25,55.0,0.0,197.5,NA,NA,103.75,747.0,0.0
2026-02-25 23:00:00,77.67,210.0,14.0,28.33,40.33,72.0,5.5,0.0,10.0,2.0,14.33,NA,0.0,1.0,0.0,20.67,59.0,0.0,146.0,NA,NA,104.0,747.0,0.0
2026-02-26 00:00:00,80.75,202.0,15.0,29.75,38.0,76.0,5.25,0.0,16.0,2.0,12.5,NA,0.0,1.0,1.0,19.75,62.25,0.0,43.0,NA,NA,105.5,747.0,0.0
2026-02-26 01:00:00,84.25,193.25,10.25,28.75,35.5,75.5,10.67,1.0,11.75,2.0,12.75,NA,0.0,1.0,1.0,19.25,63.25,0.0,50.0,NA,NA,106.0,747.0,0.0
2026-02-26 02:00:00,71.75,181.25,13.0,28.75,35.0,75.25,10.5,1.0,10.75,2.0,12.75,NA,0.0,1.0,1.0,19.0,63.75,0.0,55.0,NA,NA,106.5,747.0,0.0
2026-02-26 03:00:00,59.75,175.75,11.25,28.5,35.25,76.25,0.0,1.0,11.5,2.0,14.5,NA,0.0,1.25,1.0,18.75,63.0,0.0,63.0,NA,NA,106.75,747.0,0.0
2026-02-26 04:00:00,75.25,167.5,8.5,29.0,33.5,67.25,0.0,0.5,14.75,2.0,16.0,NA,0.0,1.5,1.25,18.25,62.0,0.0,56.75,NA,NA,107.0,747.0,0.0
2026-02-26 05:00:00,90.75,166.0,9.0,27.25,33.75,66.5,12.33,1.0,13.75,2.0,16.5,NA,0.0,1.25,1.0,18.0,62.5,0.0,52.0,NA,NA,107.0,747.0,0.0
2026-02-26 06:00:00,78.0,175.0,11.25,29.25,31.5,62.0,11.5,1.0,13.0,2.0,15.0,NA,0.0,1.25,0.75,17.75,65.0,0.0,49.25,NA,NA,106.75,747.0,0.0
2026-02-26 07:00:00,77.25,179.5,11.5,26.25,34.5,58.75,4.0,1.0,16.25,2.75,9.25,NA,0.0,2.0,0.0,18.25,62.5,0.0,52.75,NA,NA,105.25,747.0,0.0
2026-02-26 08:00:00,77.75,181.75,9.25,29.5,34.25,51.75,2.25,1.0,22.25,3.0,9.5,NA,0.5,1.75,0.25,20.0,55.75,0.0,47.5,NA,NA,98.25,747.0,0.0
2026-02-26 09:00:00,84.25,212.5,16.0,28.5,39.25,66.25,5.33,0.67,25.0,3.0,11.0,NA,1.0,1.0,1.0,23.0,49.5,0.0,76.0,NA,NA,90.5,747.0,0.0
2026-02-26 10:00:00,95.0,212.5,13.75,28.75,36.0,61.25,4.0,0.75,30.25,3.0,11.25,NA,1.0,1.0,1.0,25.25,43.25,0.0,65.0,NA,NA,86.25,746.75,0.0
2026-02-26 11:00:00,93.5,189.75,14.75,29.25,40.5,63.75,0.33,1.0,36.5,3.0,11.25,NA,1.0,1.0,1.0,27.25,32.5,0.0,106.25,NA,NA,81.0,746.0,0.5
2026-02-26 12:00:00,85.25,136.5,14.0,26.5,38.25,69.0,0.0,1.0,37.25,3.0,11.0,NA,1.0,1.0,1.0,28.5,24.75,0.0,85.25,NA,NA,78.25,746.0,1.0
2026-02-26 13:00:00,88.25,126.75,14.25,28.75,39.0,57.75,0.0,1.0,33.75,3.0,11.25,NA,1.0,0.75,1.0,29.25,20.0,0.5,64.5,NA,NA,78.0,746.0,1.0
2026-02-26 14:00:00,77.0,127.75,11.25,26.75,32.75,56.0,0.25,1.0,33.25,3.0,11.0,NA,1.0,1.0,1.0,29.75,19.75,0.0,82.0,NA,NA,78.5,746.0,1.0
2026-02-26 15:00:00,61.75,132.0,10.75,28.75,35.5,57.0,7.67,1.0,28.75,3.0,11.25,NA,1.0,1.0,1.0,29.5,16.5,0.25,81.25,NA,NA,82.25,746.0,1.0
2026-02-26 16:00:00,72.33,134.0,12.0,32.67,38.33,72.33,8.67,1.0,30.33,3.0,11.0,NA,1.0,1.0,1.0,28.67,19.0,0.0,60.67,NA,NA,88.0,747.0,1.0
2026-02-26 17:00:00,76.67,133.33,18.0,27.67,43.33,78.67,11.5,1.0,30.0,3.0,11.0,NA,1.0,1.0,1.0,27.33,28.33,0.0,59.33,NA,NA,91.0,747.0,0.67
2026-02-26 18:00:00,84.25,143.75,16.25,27.25,41.25,78.25,10.0,1.0,21.75,2.75,12.25,NA,0.75,0.75,0.75,25.5,36.25,0.0,52.5,NA,NA,96.5,747.0,0.0
2026-02-26 19:00:00,99.25,150.75,12.5,29.0,36.75,78.5,0.0,1.0,17.25,2.0,16.0,NA,0.0,0.0,0.0,24.5,39.25,0.0,51.0,NA,NA,99.25,747.0,0.0
2026-02-26 20:00:00,94.0,158.5,8.5,32.0,34.75,82.25,0.0,0.75,15.75,2.75,14.25,NA,0.0,0.5,0.5,23.5,38.0,0.0,53.0,NA,NA,101.25,747.0,0.0
2026-02-26 21:00:00,79.0,170.0,12.75,28.25,37.75,74.75,1.0,1.0,17.0,3.25,13.0,NA,0.0,1.0,1.0,22.5,39.75,0.0,47.25,NA,NA,102.75,747.0,0.0
2026-02-26 22:00:00,69.5,171.25,18.0,28.25,41.5,70.5,2.0,1.0,16.25,2.25,13.5,NA,0.0,1.0,0.0,21.25,42.25,0.0,49.25,NA,NA,103.75,747.0,0.0
2026-02-26 23:00:00,73.33,167.33,13.33,29.67,36.33,72.67,5.0,1.0,17.0,2.0,14.0,NA,0.0,1.0,0.0,20.67,45.33,0.0,113.5,NA,NA,104.33,747.0,0.0
2026-02-27 00:00:00,93.75,162.0,19.0,29.25,40.75,75.75,5.25,0.0,20.0,2.0,12.0,NA,0.0,1.0,1.0,20.0,53.0,0.0,47.0,NA,NA,105.0,747.0,0.0
2026-02-27 01:00:00,98.25,152.75,21.0,28.25,44.0,75.75,5.0,1.0,18.0,2.0,12.75,NA,0.0,1.0,1.0,19.5,55.75,0.0,113.0,NA,NA,105.75,747.0,0.0
2026-02-27 02:00:00,82.75,147.75,16.0,26.25,35.75,75.25,4.75,0.75,22.0,2.0,12.25,NA,0.0,1.0,1.0,20.0,52.5,0.0,42.75,NA,NA,105.75,747.0,0.0
2026-02-27 03:00:00,74.25,151.25,10.5,27.0,33.25,75.75,0.67,1.0,16.25,2.0,15.0,NA,0.0,1.0,1.25,19.75,52.25,0.0,46.5,NA,NA,105.0,747.0,0.0
2026-02-27 04:00:00,64.0,136.25,15.25,27.0,32.75,67.75,0.0,1.0,16.0,2.0,16.25,NA,0.0,1.0,1.25,18.5,59.0,0.0,51.5,NA,NA,106.25,747.0,0.0
2026-02-27 05:00:00,73.0,136.25,18.75,28.5,44.0,66.25,6.0,0.67,16.0,2.0,16.0,NA,0.0,1.25,1.0,18.0,60.5,0.0,54.5,NA,NA,106.5,747.0,0.0
2026-02-27 06:00:00,87.75,182.25,13.75,28.25,41.0,62.0,6.25,1.0,18.75,2.25,15.0,NA,0.0,1.5,0.75,18.0,62.0,0.0,59.25,NA,NA,106.0,747.0,0.0
2026-02-27 07:00:00,80.25,179.0,15.25,28.25,35.0,57.5,9.67,1.0,18.0,3.0,9.75,NA,0.0,2.0,0.0,18.75,56.75,0.0,52.75,NA,NA,104.25,747.0,0.0
2026-02-27 08:00:00,67.75,178.5,8.5,29.5,33.5,52.75,11.0,1.0,21.0,3.0,9.75,NA,0.25,1.75,0.25,21.5,48.0,0.0,67.0,NA,NA,96.75,747.0,0.0
2026-02-27 09:00:00,57.75,191.25,12.25,27.25,35.5,68.0,17.67,1.0,24.75,3.0,11.25,NA,1.0,0.75,1.0,24.25,44.5,0.0,64.75,NA,NA,89.5,747.0,0.0
2026-02-27 10:00:00,62.75,185.75,9.75,32.75,34.25,62.5,16.0,0.5,31.25,3.0,11.25,NA,1.0,0.75,1.0,26.0,42.0,0.25,60.0,NA,NA,85.25,746.5,0.0
2026-02-27 11:00:00,61.75,166.0,15.0,27.5,38.5,65.0,2.0,1.0,33.25,3.0,11.25,NA,1.0,1.0,1.0,28.25,32.5,0.0,76.5,NA,NA,79.5,746.0,1.0
2026-02-27 12:00:00,63.75,120.0,13.75,27.75,34.75,68.75,0.5,1.0,32.25,3.0,11.0,NA,1.0,1.0,1.0,29.0,26.25,0.0,84.25,NA,NA,77.0,746.0,1.0
2026-02-27 13:00:00,76.5,113.5,12.75,28.0,36.25,57.75,11.33,1.0,25.0,3.0,11.0,NA,1.0,0.75,1.0,30.0,21.75,0.25,74.75,NA,NA,77.0,746.0,1.0
2026-02-27 14:00:00,78.25,113.25,11.25,27.25,36.75,56.5,10.5,1.0,31.0,3.0,11.0,NA,1.0,1.0,1.0,30.0,19.75,0.25,71.0,NA,NA,78.0,746.0,1.0
2026-02-27 15:00:00,83.0,114.75,8.75,28.75,34.0,56.75,0.67,1.0,28.5,3.0,11.25,NA,1.0,1.0,1.0,30.0,21.25,0.0,75.75,NA,NA,81.25,746.0,1.0
2026-02-27 16:00:00,72.0,107.75,14.75,26.5,39.0,68.75,0.25,1.0,24.5,3.0,11.0,NA,1.0,1.0,1.0,29.5,22.75,0.0,61.25,NA,NA,86.75,747.0,1.0
2026-02-27 17:00:00,73.5,117.5,6.0,28.0,31.25,78.25,3.0,1.0,21.25,3.0,11.25,NA,1.0,1.0,1.0,28.0,26.5,0.0,62.0,NA,NA,90.5,747.0,1.0
2026-02-27 18:00:00,72.5,109.25,11.5,27.75,37.25,78.0,3.25,1.0,16.0,2.75,12.25,NA,0.75,0.75,0.75,26.0,33.75,0.0,48.0,NA,NA,95.5,747.0,0.0
2026-02-27 19:00:00,66.75,130.0,10.5,29.75,35.75,79.5,10.33,1.0,9.0,2.0,15.75,NA,0.0,0.0,0.0,23.75,42.75,NA,NA,NA,NA,99.0,747.0,0.0
2026-02-27 20:00:00,73.0,313.5,12.5,30.25,36.0,82.5,12.0,1.25,7.5,2.75,14.25,NA,0.0,0.5,0.75,23.0,49.0,NA,NA,NA,NA,101.0,747.0,0.0
2026-02-27 21:00:00,82.75,303.5,15.0,28.25,34.5,76.0,0.0,0.33,7.25,3.25,13.0,NA,0.0,1.0,1.0,22.0,54.75,NA,67.0,NA,NA,102.5,747.0,0.0
2026-02-27 22:00:00,95.25,339.0,11.5,28.5,32.5,72.25,4.25,0.0,8.5,2.25,14.0,NA,0.0,1.0,0.0,22.0,53.25,NA,31.0,NA,NA,103.25,747.0,0.0
2026-02-27 23:00:00,89.0,372.67,24.33,33.0,46.67,73.0,3.5,0.0,8.0,2.0,14.0,NA,0.0,1.0,0.0,22.0,52.0,0.0,46.0,NA,NA,104.0,747.0,0.0
2026-02-28 00:00:00,67.0,258.25,11.5,28.5,34.5,76.25,7.0,0.0,6.25,2.0,12.5,NA,0.0,1.0,1.0,21.5,54.5,0.0,80.25,NA,NA,104.0,747.0,0.0
2026-02-28 01:00:00,66.75,214.75,11.5,30.0,36.0,76.0,8.67,0.33,7.5,2.0,12.0,NA,0.0,1.0,1.0,20.5,56.5,0.0,152.5,NA,NA,103.25,747.0,0.0
2026-02-28 02:00:00,72.5,204.5,10.25,32.25,37.0,76.25,7.25,0.0,8.5,2.0,12.5,NA,0.0,1.0,0.75,19.5,61.75,0.0,79.0,NA,NA,104.75,747.0,0.0
2026-02-28 03:00:00,66.0,151.25,15.5,33.25,43.0,76.0,9.67,0.33,7.75,2.0,14.5,NA,0.0,1.25,1.0,18.75,64.75,0.0,122.5,NA,NA,105.75,747.0,0.0
2026-02-28 04:00:00,58.0,172.0,10.75,26.25,33.25,67.75,9.0,0.0,8.5,2.0,17.0,NA,0.0,1.0,1.0,18.75,67.5,0.0,50.0,NA,NA,106.0,747.0,0.0
2026-02-28 05:00:00,71.5,187.25,13.25,28.25,35.5,66.25,1.0,1.0,9.75,2.0,16.25,NA,0.0,1.5,1.0,19.0,64.75,0.0,47.0,NA,NA,106.5,747.0,0.0
2026-02-28 06:00:00,86.75,832.0,14.5,27.75,38.5,61.0,1.0,0.75,8.25,2.25,14.5,NA,0.0,1.5,1.0,19.0,61.25,0.0,50.5,NA,NA,106.75,747.0,0.0
2026-02-28 07:00:00,84.5,291.0,13.0,30.25,36.75,59.0,7.33,0.33,10.25,3.0,9.25,NA,0.0,2.0,0.0,20.5,56.5,0.0,51.5,NA,NA,104.5,747.0,0.0
2026-02-28 08:00:00,83.5,248.5,13.25,28.75,36.5,51.75,5.5,0.0,19.25,3.0,9.75,NA,0.25,1.75,0.25,22.75,46.5,0.0,50.0,NA,NA,96.5,747.0,0.0
2026-02-28 09:00:00,76.25,232.25,8.0,30.0,35.0,67.25,0.67,1.0,25.25,3.0,11.25,NA,1.0,1.0,1.0,24.75,40.0,0.0,52.0,NA,NA,89.75,747.0,0.0
2026-02-28 10:00:00,80.5,212.5,14.0,28.25,39.5,62.0,0.0,0.25,29.25,3.0,11.0,NA,1.0,1.0,1.0,26.75,33.75,0.0,84.75,NA,NA,84.25,746.25,0.25
2026-02-28 11:00:00,95.25,177.25,11.5,27.0,32.5,65.5,6.0,1.0,29.5,3.0,11.0,NA,1.0,1.0,1.0,28.5,31.25,0.0,103.0,NA,NA,79.5,746.0,1.0
2026-02-28 12:00:00,101.0,140.0,9.0,29.75,35.25,70.0,4.5,0.75,32.75,3.0,11.25,NA,1.0,1.0,1.0,29.75,26.75,0.25,60.75,NA,NA,77.25,746.0,1.0
2026-02-28 13:00:00,79.67,136.0,12.75,28.75,37.25,57.5,0.0,1.0,33.75,3.0,11.0,NA,1.0,1.0,1.0,30.5,21.5,0.0,77.75,NA,NA,77.25,746.0,1.0
2026-02-28 14:00:00,80.75,112.75,17.5,27.5,42.75,57.5,0.0,1.0,32.5,3.0,11.25,NA,1.0,1.0,1.0,30.0,23.0,0.25,125.75,NA,NA,80.75,746.0,1.0
2026-02-28 15:00:00,90.5,126.75,13.0,27.75,35.0,56.75,0.0,0.33,31.0,3.0,10.75,NA,1.0,0.75,1.0,30.0,21.25,0.0,144.25,NA,NA,82.25,746.25,1.0
2026-02-28 16:00:00,95.0,102.0,11.25,26.75,36.25,68.0,0.0,1.0,28.75,3.0,11.5,NA,1.0,1.0,1.0,29.75,23.0,0.0,111.25,NA,NA,86.0,747.0,1.0
2026-02-28 17:00:00,75.75,170.0,13.5,28.0,40.0,78.5,9.67,0.67,24.25,3.0,10.75,NA,1.0,1.0,1.0,28.5,26.75,0.0,77.5,NA,NA,90.25,747.0,1.0
2026-02-28 18:00:00,81.25,142.5,11.5,27.75,35.25,77.5,10.75,1.0,12.75,2.75,12.25,NA,0.75,0.75,0.75,26.5,33.0,0.0,136.0,NA,NA,94.5,747.0,0.0
2026-02-28 19:00:00,85.5,147.25,12.0,29.25,36.25,78.0,12.0,1.0,9.75,2.0,16.0,NA,0.0,0.0,0.0,25.0,39.75,0.0,170.0,NA,NA,97.5,747.0,0.0
2026-02-28 20:00:00,92.75,208.5,8.5,29.25,34.0,83.0,12.25,0.5,10.0,2.5,14.25,NA,0.0,0.5,0.5,23.5,49.75,NA,NA,NA,NA,99.5,747.0,0.0
2026-02-28 21:00:00,100.75,468.5,12.5,28.5,35.25,75.25,6.0,0.33,7.75,3.5,12.75,NA,0.0,1.0,1.0,22.5,58.0,NA,NA,NA,NA,100.75,747.0,0.0
2026-02-28 22:00:00,104.75,395.5,10.25,29.5,36.25,71.75,10.5,0.0,6.25,2.25,14.5,NA,0.0,1.0,0.0,22.0,61.25,NA,NA,NA,NA,101.75,747.0,0.0
2026-02-28 23:00:00,91.0,304.67,12.67,28.33,38.67,70.67,5.0,0.0,8.33,2.0,14.33,NA,0.0,1.0,0.0,22.0,64.0,NA,NA,NA,NA,102.33,747.0,0.0
2026-03-01 00:00:00,66.5,236.5,12.25,31.0,36.5,76.0,8.75,0.0,8.0,2.0,12.25,NA,0.0,1.0,1.0,21.25,66.0,NA,NA,NA,NA,103.0,747.0,0.0
2026-03-01 01:00:00,73.5,196.5,10.5,29.75,35.0,75.5,5.33,0.33,8.0,2.0,12.0,NA,0.0,1.0,1.0,21.75,60.25,0.0,187.0,NA,NA,103.0,747.0,0.0
2026-03-01 02:00:00,92.25,164.5,11.75,27.0,36.25,75.75,5.5,0.0,10.5,2.0,13.0,NA,0.0,1.0,1.0,21.5,56.5,0.0,99.0,NA,NA,103.5,747.0,0.0
2026-03-01 03:00:00,105.25,151.5,10.25,28.0,33.5,75.0,1.0,1.0,12.75,2.0,14.5,NA,0.0,1.0,1.0,21.5,54.5,0.0,45.5,NA,NA,103.0,747.0,0.0
2026-03-01 04:00:00,107.75,135.25,12.0,28.75,38.0,67.75,0.25,0.0,11.5,2.0,16.5,NA,0.0,1.25,1.0,20.5,60.0,0.0,54.0,NA,NA,103.75,747.0,0.0
2026-03-01 05:00:00,113.25,127.25,9.5,31.0,33.5,67.0,5.67,1.0,11.0,2.0,16.5,NA,0.0,1.5,1.0,20.0,60.25,0.0,72.5,NA,NA,104.0,747.0,0.0
2026-03-01 06:00:00,106.5,156.5,10.25,26.25,34.0,61.5,5.0,1.0,12.5,2.25,14.5,NA,0.0,1.25,0.75,20.0,62.75,0.0,49.75,NA,NA,105.0,747.0,0.0
2026-03-01 07:00:00,85.75,168.0,8.75,29.0,33.25,57.0,0.33,1.0,13.5,3.0,9.5,NA,0.0,1.75,0.0,20.75,60.5,0.0,57.5,NA,NA,102.75,747.0,0.0
2026-03-01 08:00:00,78.75,202.0,14.25,29.25,38.25,53.5,0.75,0.75,21.25,2.75,9.75,NA,0.25,1.75,0.25,22.75,51.5,0.0,140.0,NA,NA,95.25,747.0,0.0
2026-03-01 09:00:00,85.0,177.0,17.25,28.5,41.5,68.25,3.0,1.0,30.0,3.0,11.0,NA,1.0,1.0,1.0,25.25,43.0,0.0,109.75,NA,NA,87.25,746.5,0.0
2026-03-01 10:00:00,81.0,168.5,15.0,27.75,40.0,63.0,0.5,0.5,33.75,3.0,11.5,NA,1.0,1.0,1.0,28.0,32.5,0.0,143.5,NA,NA,82.5,746.0,0.75
2026-03-01 11:00:00,65.0,117.75,10.75,26.5,32.5,65.25,10.0,0.0,27.0,3.0,11.0,NA,1.0,1.0,1.0,29.75,22.75,0.25,110.25,NA,NA,77.5,746.0,1.0
2026-03-01 12:00:00,58.0,93.0,14.0,28.75,37.25,69.25,8.75,0.0,24.75,3.0,11.0,NA,1.0,1.0,1.0,30.75,17.0,0.5,69.0,NA,NA,76.0,746.0,1.0
2026-03-01 13:00:00,85.0,114.0,14.75,28.75,38.25,57.25,2.0,1.0,26.75,3.0,11.0,NA,1.0,1.0,1.0,31.75,14.5,0.25,79.25,NA,NA,74.75,746.0,1.0
2026-03-01 14:00:00,82.5,143.75,11.0,28.25,35.0,57.0,1.0,1.0,27.0,3.0,11.25,NA,1.0,1.0,1.0,32.0,10.5,0.0,105.75,NA,NA,76.25,746.0,1.0
2026-03-01 15:00:00,81.5,121.25,16.25,30.0,39.75,56.5,4.67,1.0,24.75,3.0,11.0,NA,1.0,1.0,1.0,31.25,7.25,0.5,124.25,NA,NA,81.0,746.0,1.0
2026-03-01 16:00:00,87.0,170.75,6.75,28.0,31.25,68.0,4.25,1.0,25.0,3.0,11.0,NA,1.0,0.75,1.0,30.25,8.0,0.5,150.75,NA,NA,87.0,746.5,1.0
2026-03-01 17:00:00,94.0,146.33,18.67,30.33,44.0,79.33,0.0,1.0,25.33,3.0,10.67,NA,1.0,1.0,1.0,29.33,10.67,0.0,156.0,NA,NA,90.0,747.0,1.0
2026-03-01 18:00:00,81.75,122.75,18.75,28.25,36.0,76.25,0.75,1.0,16.5,2.75,12.5,NA,0.75,0.5,0.75,27.0,18.5,0.0,56.25,NA,NA,94.5,747.0,0.25
2026-03-01 19:00:00,77.75,380.0,17.5,28.5,39.75,78.75,12.0,0.67,12.5,2.0,16.25,NA,0.0,0.0,0.0,25.75,28.25,0.0,53.0,NA,NA,98.0,747.0,0.0
2026-03-01 20:00:00,90.25,252.75,13.75,30.5,36.0,82.5,10.0,0.0,11.75,2.75,14.25,NA,0.0,0.5,0.5,24.75,34.25,0.0,56.75,NA,NA,99.75,747.0,0.0
2026-03-01 21:00:00,82.25,187.5,8.0,26.25,30.0,74.75,1.67,1.0,13.25,3.0,13.0,NA,0.0,1.0,1.0,24.0,37.5,0.0,58.25,NA,NA,100.5,747.0,0.0
2026-03-01 22:00:00,74.0,174.5,13.5,28.0,37.0,74.25,2.25,0.5,11.5,2.25,13.75,NA,0.0,1.0,0.0,24.0,35.0,0.0,48.5,NA,NA,101.5,747.0,0.0
2026-03-01 23:00:00,70.67,235.0,11.0,28.33,36.0,70.33,7.0,1.0,13.67,2.0,14.0,NA,0.0,1.0,0.0,23.0,37.0,0.0,57.67,NA,NA,102.0,747.0,0.0
2026-03-02 00:00:00,73.25,180.75,8.5,29.75,33.0,76.25,7.5,0.25,17.5,2.0,12.5,NA,0.0,1.0,1.0,22.75,38.75,0.0,75.25,NA,NA,101.0,747.0,0.0
2026-03-02 01:00:00,84.0,126.0,6.33,28.0,30.33,76.0,4.5,1.0,19.0,2.0,12.0,NA,0.0,1.0,1.0,22.0,41.33,0.0,146.0,NA,NA,101.0,747.0,0.0
2026-03-02 02:00:00,94.75,134.75,10.75,26.0,34.5,76.25,3.75,0.75,24.0,2.0,12.75,NA,0.0,1.0,1.0,21.25,45.75,0.0,161.5,NA,NA,101.25,747.0,0.0
2026-03-02 03:00:00,97.0,126.75,9.25,30.25,34.25,75.75,6.33,1.0,22.5,2.0,15.0,NA,0.0,1.25,1.0,20.0,50.0,0.0,156.25,NA,NA,102.25,747.0,0.0
2026-03-02 04:00:00,103.25,166.75,13.25,27.0,36.75,67.0,6.0,1.0,22.5,2.0,16.25,NA,0.0,1.0,1.25,20.5,53.25,0.0,88.75,NA,NA,103.0,747.0,0.0
2026-03-02 05:00:00,109.0,140.75,13.0,28.5,34.75,66.5,4.0,1.0,17.25,2.0,16.5,NA,0.0,2.0,1.5,19.25,58.75,0.0,54.75,NA,NA,103.25,747.0,0.0
2026-03-02 06:00:00,110.0,119.0,17.25,31.0,42.0,62.5,2.5,1.0,17.75,2.25,15.0,NA,0.0,1.5,1.0,18.25,62.0,0.0,56.0,NA,NA,104.0,747.0,0.0
2026-03-02 07:00:00,77.25,170.25,14.75,30.25,36.5,58.75,2.0,1.0,19.75,3.0,10.0,NA,0.0,2.0,0.0,19.0,58.0,0.0,62.5,NA,NA,102.75,747.0,0.0
2026-03-02 08:00:00,68.0,202.25,14.25,29.75,35.5,53.75,3.5,1.0,20.75,3.0,9.75,NA,0.25,1.75,0.25,21.5,48.75,0.0,58.5,NA,NA,96.0,747.0,0.0
2026-03-02 09:00:00,71.25,204.25,12.5,29.5,35.25,67.75,12.67,1.0,27.5,3.0,11.25,NA,1.0,0.75,1.0,24.25,43.0,0.0,81.5,NA,NA,88.75,747.0,0.0
2026-03-02 10:00:00,75.0,192.5,16.0,29.25,40.0,62.5,11.5,0.5,30.75,3.0,11.25,NA,1.0,1.0,1.0,26.5,37.5,0.0,79.75,NA,NA,84.5,746.25,0.25
2026-03-02 11:00:00,78.0,191.33,11.67,31.33,33.33,64.67,5.5,1.0,36.0,3.0,11.0,NA,1.0,1.0,1.0,28.33,31.33,0.33,122.33,NA,NA,79.67,746.0,1.0
2026-03-02 12:00:00,89.5,112.25,13.75,27.5,36.5,69.75,4.0,0.25,35.5,3.0,11.0,NA,1.0,1.0,1.0,29.5,25.0,0.0,74.5,NA,NA,77.0,746.0,1.0
2026-03-02 13:00:00,93.75,165.0,15.25,25.75,37.75,57.75,0.0,1.0,35.0,3.0,11.0,NA,1.0,1.0,1.0,30.5,21.0,0.25,94.0,NA,NA,76.5,746.0,1.0
2026-03-02 14:00:00,93.0,164.0,15.67,27.0,37.33,57.0,NA,1.0,30.67,3.0,11.0,NA,1.0,1.0,1.0,31.0,13.33,0.0,67.67,NA,NA,77.67,746.0,1.0
2026-03-02 15:00:00,91.75,168.0,13.0,28.75,36.0,56.5,12.67,1.0,30.5,3.0,11.25,NA,1.0,1.0,1.0,30.75,14.0,0.25,119.0,NA,NA,81.75,746.0,1.0
2026-03-02 16:00:00,90.33,151.0,13.33,28.67,35.0,67.67,12.67,1.0,27.33,3.0,11.67,NA,1.0,1.0,1.0,30.0,17.67,0.0,69.67,NA,NA,86.67,747.0,1.0
2026-03-02 17:00:00,82.0,159.0,14.5,26.25,36.5,77.5,0.0,1.0,25.75,3.0,11.0,NA,1.0,1.0,1.0,28.5,22.75,0.0,73.0,NA,NA,90.5,747.0,1.0
2026-03-02 18:00:00,68.25,154.5,12.5,27.0,35.0,78.0,1.5,1.0,18.75,2.75,12.25,NA,0.75,0.75,0.75,27.0,29.25,0.0,53.75,NA,NA,94.5,747.0,0.25
2026-03-02 19:00:00,66.25,199.0,14.5,28.0,39.0,77.5,4.33,1.0,16.0,2.0,16.0,NA,0.0,0.0,0.0,25.75,39.0,0.0,54.5,NA,NA,97.25,747.0,0.0
2026-03-02 20:00:00,70.0,245.25,12.75,31.0,36.75,84.25,4.75,0.5,15.75,2.75,13.75,NA,0.0,0.5,0.5,25.0,38.75,0.0,57.5,NA,NA,98.0,747.0,0.0
2026-03-02 21:00:00,71.5,249.0,13.25,27.75,39.0,73.75,10.67,1.0,23.0,3.25,12.75,NA,0.0,1.0,1.0,25.0,39.5,0.0,60.5,NA,NA,98.0,747.0,0.0
2026-03-02 22:00:00,84.5,228.25,12.75,28.25,39.0,72.75,11.75,0.25,24.25,2.25,13.75,NA,0.0,1.0,0.0,24.5,39.75,0.0,108.0,NA,NA,98.0,747.0,0.0
2026-03-02 23:00:00,98.33,206.33,13.33,27.33,38.33,73.0,11.0,1.0,26.0,2.0,14.33,NA,0.0,1.0,0.0,24.0,42.67,0.0,90.67,NA,NA,99.0,747.0,0.0
2026-03-03 00:00:00,94.5,179.75,7.5,28.0,31.75,75.5,12.75,0.0,30.0,2.0,12.75,NA,0.0,1.0,1.0,24.0,39.0,0.75,156.75,NA,NA,98.0,747.0,0.0
2026-03-03 01:00:00,83.5,153.0,10.5,29.25,33.5,75.5,7.67,1.0,26.0,2.0,12.5,NA,0.0,1.0,1.0,21.75,48.25,1.0,157.0,NA,NA,99.25,747.0,0.0
2026-03-03 02:00:00,78.0,148.0,7.0,28.75,30.25,75.75,7.75,1.0,25.25,2.0,12.75,NA,0.0,1.0,1.0,21.0,49.0,0.25,146.5,NA,NA,100.75,747.0,0.0
2026-03-03 03:00:00,81.0,148.75,7.75,28.25,34.25,75.5,NA,1.0,20.75,2.0,14.5,NA,0.0,1.25,1.0,20.5,50.5,0.0,75.0,NA,NA,101.75,747.0,0.0
2026-03-03 04:00:00,72.0,145.75,16.75,26.25,41.75,67.5,0.0,1.0,17.0,2.0,16.0,NA,0.0,1.25,1.25,19.25,55.75,0.0,58.0,NA,NA,103.0,747.0,0.0
2026-03-03 05:00:00,78.75,154.0,7.75,27.75,31.75,66.75,6.33,1.0,17.75,2.0,16.25,NA,0.0,1.0,1.0,18.75,58.25,0.0,56.0,NA,NA,104.0,747.0,0.0
2026-03-03 06:00:00,78.75,175.0,13.75,26.75,38.75,61.5,7.0,1.0,15.75,2.25,14.75,NA,0.0,1.25,0.75,18.0,60.0,0.0,57.25,NA,NA,104.5,747.0,0.0
2026-03-03 07:00:00,86.0,174.25,14.75,30.25,40.5,58.25,2.0,1.0,16.75,3.0,9.25,NA,0.0,1.75,0.0,18.75,57.0,0.0,57.5,NA,NA,103.25,747.0,0.0
2026-03-03 08:00:00,83.0,193.5,11.5,27.75,35.75,52.75,2.5,1.0,20.5,2.75,10.0,NA,0.25,1.75,0.25,21.0,51.25,0.25,52.75,NA,NA,96.5,747.0,0.0
2026-03-03 09:00:00,90.25,193.75,9.75,30.25,32.5,67.25,15.67,1.0,27.0,3.0,11.0,NA,1.0,1.0,1.0,23.25,45.75,0.25,65.75,NA,NA,89.5,747.0,0.0
2026-03-03 10:00:00,104.75,197.0,12.25,26.25,35.75,62.75,15.25,0.25,33.25,3.0,11.25,NA,1.0,1.0,1.0,26.0,39.0,0.0,67.75,NA,NA,84.5,746.5,0.0
2026-03-03 11:00:00,87.75,199.5,11.75,27.25,36.5,63.75,0.0,1.0,31.75,3.0,11.0,NA,1.0,1.0,1.0,28.0,31.25,0.0,80.5,NA,NA,79.75,746.0,1.0
2026-03-03 12:00:00,76.25,169.75,6.5,29.0,31.5,69.0,0.0,0.5,37.25,3.0,11.0,NA,1.0,1.0,1.0,29.5,27.5,0.25,96.25,NA,NA,77.75,746.0,1.0
2026-03-03 13:00:00,74.5,168.0,12.5,30.25,38.5,57.0,10.67,1.0,35.75,3.0,11.0,NA,1.0,1.0,1.0,30.5,25.0,0.0,103.75,NA,NA,77.25,746.0,1.0
2026-03-03 14:00:00,83.75,180.5,8.5,27.25,32.25,56.75,9.5,1.0,36.25,3.0,11.0,NA,1.0,1.0,1.0,30.75,23.0,0.75,149.0,NA,NA,78.75,746.0,1.0
2026-03-03 15:00:00,84.5,178.75,10.25,29.25,36.0,56.5,5.33,1.0,31.75,3.0,11.0,NA,1.0,1.0,1.0,30.75,20.5,0.25,120.0,NA,NA,82.25,746.0,1.0
2026-03-03 16:00:00,87.25,174.0,8.25,29.25,34.25,68.0,4.75,1.0,31.5,3.0,11.25,NA,1.0,1.0,1.0,30.0,19.75,0.0,143.75,NA,NA,86.75,746.75,1.0
2026-03-03 17:00:00,96.0,168.75,11.75,28.0,36.5,78.0,5.67,1.0,26.0,3.0,11.0,NA,1.0,1.0,1.0,29.0,24.0,0.0,79.75,NA,NA,90.5,747.0,1.0
2026-03-03 18:00:00,99.5,136.75,12.0,27.75,37.0,78.25,7.25,1.5,22.75,2.75,12.0,NA,0.75,0.75,0.75,27.0,31.5,0.0,50.25,NA,NA,94.5,747.0,0.25
2026-03-03 19:00:00,85.0,162.0,11.25,29.25,38.0,79.25,0.0,1.0,14.75,2.0,16.25,NA,0.0,0.0,0.0,25.5,36.25,0.0,50.67,NA,NA,97.75,747.0,0.0
2026-03-03 20:00:00,75.5,195.25,10.5,28.75,35.25,84.0,1.0,0.0,12.75,2.5,14.25,NA,0.0,0.5,0.5,25.0,38.75,0.0,49.0,NA,NA,99.5,747.0,0.0
2026-03-03 21:00:00,75.75,242.0,10.25,28.0,35.75,74.75,2.33,1.0,14.25,3.25,12.5,NA,0.0,1.0,1.0,24.25,40.0,0.0,53.0,NA,NA,100.0,747.0,0.0
2026-03-03 22:00:00,65.5,219.75,12.5,27.25,38.0,72.25,2.0,1.25,14.5,2.25,13.75,NA,0.0,1.0,0.0,23.0,44.5,NA,NA,NA,NA,101.0,747.0,0.0
2026-03-03 23:00:00,70.0,461.0,8.67,29.0,35.0,73.33,5.5,1.0,9.33,2.0,14.0,NA,0.0,1.0,0.0,22.0,49.67,NA,NA,NA,NA,102.0,747.0,0.0
2026-03-04 00:00:00,73.5,349.75,11.5,31.25,38.25,76.0,5.5,0.5,6.75,2.0,12.75,NA,0.0,1.0,1.0,22.0,49.75,NA,NA,NA,NA,103.0,747.0,0.0
2026-03-04 01:00:00,69.75,203.0,11.75,28.75,37.25,75.25,4.0,0.33,10.75,2.0,12.5,NA,0.0,1.0,1.0,22.0,47.5,0.0,53.25,NA,NA,103.0,747.0,0.0
2026-03-04 02:00:00,82.5,208.75,13.0,29.5,39.25,75.75,5.0,0.0,13.0,2.0,12.0,NA,0.0,1.0,0.75,21.0,50.0,0.0,203.25,NA,NA,103.5,747.0,0.0
2026-03-04 03:00:00,76.25,189.5,9.25,29.0,32.75,75.5,2.67,0.33,18.0,2.0,14.75,NA,0.0,1.25,1.25,20.25,51.25,0.0,155.75,NA,NA,104.0,747.0,0.0
2026-03-04 04:00:00,76.25,200.25,13.75,31.0,39.0,67.25,4.75,0.0,19.25,2.0,16.5,NA,0.0,1.25,1.0,20.0,52.25,0.0,146.25,NA,NA,103.25,747.0,0.0
2026-03-04 05:00:00,79.0,155.5,11.25,27.75,35.5,66.75,4.67,1.0,18.0,2.0,16.75,NA,0.0,1.5,1.5,19.75,55.75,0.0,151.5,NA,NA,103.0,747.0,0.0
2026-03-04 06:00:00,70.5,158.25,13.0,28.25,38.0,62.25,3.5,1.0,17.25,2.25,14.75,NA,0.0,1.5,0.75,19.0,60.25,0.0,153.0,NA,NA,103.75,747.0,0.0
2026-03-04 07:00:00,74.75,133.75,10.5,28.25,35.25,58.25,3.67,1.0,20.75,3.0,9.75,NA,0.0,2.0,0.0,19.75,60.0,0.0,149.0,NA,NA,102.25,747.0,0.0
2026-03-04 08:00:00,68.0,188.0,14.0,27.75,37.75,52.5,3.75,1.0,20.75,3.0,9.75,NA,0.25,1.75,0.25,21.5,55.0,0.0,143.75,NA,NA,96.0,747.0,0.0
2026-03-04 09:00:00,62.25,172.25,9.75,29.75,34.25,67.75,9.0,1.0,28.5,3.0,11.25,NA,1.0,1.0,1.0,22.25,53.5,0.25,170.25,NA,NA,90.0,747.0,0.0
2026-03-04 10:00:00,60.5,180.0,10.5,28.5,35.25,62.75,8.25,0.0,29.25,3.0,11.25,NA,1.0,1.0,1.0,25.0,47.0,0.0,136.25,NA,NA,84.25,746.5,0.0
2026-03-04 11:00:00,71.0,194.5,13.25,29.0,36.5,65.75,9.67,1.0,35.75,3.0,11.0,NA,1.0,1.0,1.0,27.5,39.75,0.0,141.0,NA,NA,79.0,746.0,0.5
2026-03-04 12:00:00,74.25,105.75,11.5,31.25,37.0,67.75,7.5,1.0,38.25,3.0,11.0,NA,1.0,1.0,1.0,28.75,37.75,0.0,143.5,NA,NA,75.75,746.0,1.0
2026-03-04 13:00:00,81.25,131.25,10.25,27.5,35.25,57.25,5.0,0.0,39.75,3.0,11.5,NA,1.0,1.0,1.0,29.75,36.25,0.0,110.25,NA,NA,75.75,746.0,1.0
2026-03-04 14:00:00,87.5,165.0,8.5,30.75,33.75,56.25,4.0,0.0,37.25,3.0,11.0,NA,1.0,1.0,1.0,30.0,37.5,0.25,86.5,NA,NA,77.5,746.0,1.0
2026-03-04 15:00:00,82.25,147.75,11.25,29.5,34.75,56.75,0.0,0.0,38.0,3.0,11.0,NA,1.0,1.0,1.0,30.0,38.0,0.0,105.75,NA,NA,80.75,746.25,1.0
2026-03-04 16:00:00,86.5,130.0,8.75,30.25,32.25,69.5,0.0,0.0,39.0,3.0,11.25,NA,1.0,1.0,1.0,29.5,36.5,0.25,149.0,NA,NA,85.5,746.5,1.0
2026-03-04 17:00:00,74.75,129.5,11.0,30.75,37.25,78.75,0.0,0.0,40.0,3.0,11.0,NA,1.0,1.0,1.0,28.5,40.5,0.25,155.25,NA,NA,90.0,747.0,1.0
2026-03-04 18:00:00,57.0,95.5,9.0,28.75,30.75,78.5,0.0,0.0,31.0,2.75,12.25,NA,0.75,0.75,0.75,26.5,50.75,0.0,144.5,NA,NA,93.5,747.0,0.25
2026-03-04 19:00:00,56.5,159.5,10.25,27.25,35.0,78.5,3.67,1.0,27.0,2.0,16.0,NA,0.0,0.0,0.0,25.5,56.0,0.0,152.5,NA,NA,96.5,747.0,0.0
2026-03-04 20:00:00,67.25,185.75,11.25,27.0,36.5,82.75,2.5,1.0,26.5,2.5,14.5,NA,0.0,0.5,0.5,24.75,58.25,0.0,141.5,NA,NA,98.25,747.0,0.0
2026-03-04 21:00:00,69.5,174.0,9.75,26.75,35.25,73.5,0.0,0.67,23.0,3.25,13.25,NA,0.0,1.0,1.0,24.0,62.25,NA,NA,NA,NA,99.5,747.0,0.0
2026-03-04 22:00:00,81.75,171.0,15.75,27.75,36.5,74.5,0.25,0.5,16.0,2.25,13.75,NA,0.0,1.0,0.0,23.25,66.5,NA,NA,NA,NA,100.25,747.0,0.0
2026-03-04 23:00:00,83.33,186.33,12.0,30.33,39.0,71.0,0.0,0.0,16.0,2.0,14.0,NA,0.0,1.0,0.0,23.0,69.67,0.0,138.5,NA,NA,101.0,747.0,0.0
2026-03-05 00:00:00,68.75,185.25,7.25,27.75,33.5,76.0,1.0,0.0,17.5,2.0,12.5,NA,0.0,1.0,1.0,22.0,73.5,NA,NA,NA,NA,101.25,747.0,0.0
2026-03-05 01:00:00,74.5,157.0,11.0,27.25,36.75,75.75,0.0,0.67,14.25,2.0,12.0,NA,0.0,1.0,1.0,21.75,77.5,NA,226.0,NA,NA,102.0,747.0,0.0
2026-03-05 02:00:00,77.25,165.75,9.5,27.5,34.25,75.5,0.0,0.0,13.75,2.0,12.0,NA,0.0,1.0,1.0,21.0,81.0,NA,NA,NA,NA,102.25,747.0,0.0
2026-03-05 03:00:00,85.0,153.25,13.0,26.75,36.25,75.75,9.67,0.33,10.25,2.0,14.75,NA,0.0,1.5,1.0,21.0,84.75,NA,NA,NA,NA,103.0,747.0,0.0
2026-03-05 04:00:00,98.5,165.75,10.25,28.0,33.0,67.5,11.25,0.5,8.5,2.0,16.5,NA,0.0,1.0,1.5,21.0,85.5,NA,NA,NA,NA,103.0,747.0,0.0
2026-03-05 05:00:00,108.0,165.75,12.25,28.0,35.25,66.5,1.33,0.67,12.25,2.0,16.0,NA,0.0,1.25,1.25,20.75,84.75,NA,44.0,NA,NA,103.0,747.0,0.0
2026-03-05 06:00:00,91.5,202.0,11.5,30.25,35.75,62.0,2.25,0.0,16.25,2.25,14.75,NA,0.0,1.5,1.0,20.0,87.0,0.0,193.0,NA,NA,103.0,747.0,0.0
2026-03-05 07:00:00,90.5,534.0,7.5,25.75,31.5,58.75,2.33,0.0,17.5,3.0,9.25,NA,0.0,2.0,0.0,21.25,79.25,0.0,89.75,NA,NA,101.75,747.0,0.0
2026-03-05 08:00:00,85.0,234.75,9.75,30.75,34.25,52.5,2.0,0.0,23.75,3.0,9.5,NA,0.5,1.75,0.25,23.25,67.75,0.0,106.75,NA,NA,96.0,747.0,0.0
2026-03-05 09:00:00,83.0,203.5,11.5,28.25,36.75,67.0,0.0,1.0,27.75,3.0,11.0,NA,1.0,1.0,1.0,25.25,61.5,0.0,166.25,NA,NA,88.5,747.0,0.0
2026-03-05 10:00:00,93.0,211.5,11.0,29.0,36.5,62.5,0.0,1.0,38.0,3.0,11.0,NA,1.0,1.0,1.0,27.25,52.5,0.0,90.5,NA,NA,83.25,746.0,0.5
2026-03-05 11:00:00,95.0,233.25,9.75,28.0,36.25,65.25,8.33,0.33,45.5,3.0,11.0,NA,1.0,1.0,1.0,28.5,46.5,0.0,98.25,NA,NA,79.0,746.0,1.0
2026-03-05 12:00:00,89.0,234.0,6.75,28.25,34.75,69.75,10.0,0.0,49.25,3.0,11.25,NA,1.0,1.0,1.0,30.25,39.5,0.0,55.5,NA,NA,77.25,746.0,1.0
2026-03-05 13:00:00,79.25,199.25,9.5,29.0,36.25,57.25,8.67,0.33,46.75,3.0,11.5,NA,1.0,1.0,1.0,30.5,37.5,0.0,113.25,NA,NA,76.0,746.0,1.0
2026-03-05 14:00:00,78.25,214.25,8.25,28.75,31.25,57.25,7.0,0.0,43.25,3.0,10.75,NA,1.0,1.0,1.0,31.0,37.5,0.0,58.5,NA,NA,76.75,746.0,1.0
2026-03-05 15:00:00,90.0,181.25,9.5,28.25,36.25,57.0,8.0,0.0,43.5,3.0,11.0,NA,1.0,0.5,1.0,31.0,38.25,0.0,114.75,NA,NA,80.25,746.0,1.0
2026-03-05 16:00:00,93.5,175.5,6.75,29.75,33.5,68.0,8.25,0.0,41.75,3.0,11.25,NA,1.0,1.0,1.0,30.25,38.5,0.0,156.0,NA,NA,84.5,746.0,1.0
2026-03-05 17:00:00,86.5,181.0,4.0,28.5,30.75,77.75,8.0,0.67,36.25,3.0,11.25,NA,1.0,0.75,1.0,29.25,44.25,0.0,163.0,NA,NA,88.5,746.75,1.0
2026-03-05 18:00:00,78.0,145.0,8.5,26.0,34.25,77.5,8.75,1.0,19.75,2.75,12.5,NA,0.75,0.75,0.75,27.5,50.75,0.0,180.0,NA,NA,92.5,747.0,0.75
2026-03-05 19:00:00,82.5,199.5,9.25,28.5,36.75,80.75,0.33,1.0,9.5,2.0,16.0,NA,0.0,0.0,0.0,26.75,57.0,0.0,260.5,NA,NA,95.0,747.0,0.0
2026-03-05 20:00:00,77.0,276.0,7.25,28.0,34.0,82.5,2.5,1.75,7.0,2.75,14.25,NA,0.0,0.5,0.5,26.0,61.25,0.0,239.33,NA,NA,96.5,747.0,0.0
2026-03-05 21:00:00,79.0,318.75,9.5,27.5,36.5,73.75,4.33,0.33,7.5,3.5,13.0,NA,0.0,1.0,1.0,25.75,64.0,0.0,257.0,NA,NA,97.5,747.0,0.0
2026-03-05 22:00:00,84.5,312.75,11.25,28.0,38.25,73.25,6.0,0.0,10.5,2.25,13.75,NA,0.0,1.0,0.0,25.25,64.75,0.0,245.25,NA,NA,97.75,747.0,0.0
2026-03-05 23:00:00,84.0,269.67,6.67,29.67,34.0,69.33,5.5,0.0,14.0,2.0,14.0,NA,0.0,1.0,0.0,25.0,63.33,0.0,254.67,NA,NA,98.0,747.0,0.0
2026-03-06 00:00:00,81.75,201.0,9.75,27.75,37.5,75.75,6.0,0.0,14.5,2.0,12.25,NA,0.0,1.0,1.0,23.75,66.0,0.0,232.25,NA,NA,99.0,747.0,0.0
2026-03-06 01:00:00,84.25,214.5,10.0,28.5,35.5,76.0,6.33,1.0,17.75,2.0,12.75,NA,0.0,1.0,1.0,23.0,66.75,0.0,238.67,NA,NA,99.75,747.0,0.0
2026-03-06 02:00:00,86.0,221.75,12.0,27.5,37.25,75.75,6.5,1.0,20.0,2.0,12.5,NA,0.0,1.0,1.0,23.0,69.0,0.0,233.75,NA,NA,100.0,747.0,0.0
2026-03-06 03:00:00,77.25,228.5,9.25,26.25,33.5,76.0,4.33,1.0,18.25,2.0,14.75,NA,0.0,1.25,1.0,22.0,71.5,0.0,245.5,NA,NA,100.5,747.0,0.0
2026-03-06 04:00:00,63.75,223.5,8.25,32.0,37.25,67.25,4.25,1.0,19.25,2.0,16.5,NA,0.0,1.25,1.5,22.0,73.5,0.0,233.0,NA,NA,101.0,747.0,0.0
2026-03-06 05:00:00,75.25,216.25,12.0,31.25,38.25,66.75,10.0,1.0,17.25,2.0,16.5,NA,0.0,1.25,1.0,22.0,74.25,0.0,245.5,NA,NA,101.0,747.0,0.0
2026-03-06 06:00:00,70.5,206.0,11.5,28.0,36.25,62.0,10.75,1.0,17.5,2.25,15.0,NA,0.0,1.5,0.75,21.25,75.5,0.0,238.0,NA,NA,101.0,747.0,0.0
2026-03-06 07:00:00,67.5,211.5,9.25,27.5,33.5,58.5,3.0,1.0,18.5,2.75,9.25,NA,0.0,2.0,0.0,21.5,74.5,0.0,242.5,NA,NA,100.0,747.0,0.0
2026-03-06 08:00:00,82.25,204.0,9.25,30.0,36.0,52.75,3.75,1.0,23.25,2.5,10.0,NA,0.25,1.75,0.25,23.5,66.25,0.0,203.5,NA,NA,95.0,747.0,0.0
2026-03-06 09:00:00,75.75,222.5,15.25,29.0,39.0,68.0,6.0,1.0,28.25,3.0,11.0,NA,1.0,1.0,1.0,26.0,55.25,0.0,311.25,NA,NA,88.25,746.25,0.0
2026-03-06 10:00:00,61.75,190.0,13.25,28.0,38.25,63.0,4.5,1.0,33.25,3.0,11.0,NA,1.0,1.0,1.0,28.25,45.5,0.0,160.75,NA,NA,82.0,746.0,1.0
2026-03-06 11:00:00,73.0,162.0,10.75,26.0,36.0,64.5,0.0,1.0,39.75,3.0,11.25,NA,1.0,1.0,1.0,29.5,40.5,0.0,232.5,NA,NA,78.75,746.0,1.0
2026-03-06 12:00:00,83.75,108.25,13.5,24.5,37.0,69.75,NA,1.0,41.25,3.0,11.25,NA,1.0,1.0,1.0,30.5,35.75,0.0,212.0,NA,NA,76.75,746.0,1.0
2026-03-06 13:00:00,73.75,103.5,14.0,28.0,40.0,57.75,0.33,0.0,41.5,3.0,11.0,NA,1.0,1.0,1.0,31.0,33.75,0.0,238.25,NA,NA,75.75,746.0,1.0
2026-03-06 14:00:00,73.25,154.5,10.0,29.0,34.0,56.75,0.0,0.5,37.25,3.0,11.25,NA,1.0,1.0,1.0,31.75,25.75,0.25,170.5,NA,NA,76.75,746.0,1.0
2026-03-06 15:00:00,85.25,143.0,8.5,28.5,31.75,56.75,9.33,1.0,36.5,3.0,11.0,NA,1.0,0.75,1.0,31.25,27.0,0.0,224.25,NA,NA,79.75,746.0,1.0
2026-03-06 16:00:00,82.0,157.25,14.25,27.0,39.0,69.25,10.0,1.0,36.25,3.0,11.0,NA,1.0,1.0,1.0,31.0,29.75,0.0,307.75,NA,NA,84.25,746.25,1.0
2026-03-06 17:00:00,85.25,162.33,8.67,27.0,34.5,78.0,7.33,0.67,30.0,3.0,11.25,NA,1.0,1.0,1.0,29.75,37.0,0.0,259.75,NA,NA,88.67,747.0,1.0
2026-03-06 18:00:00,97.0,147.5,7.75,27.0,34.25,78.0,8.5,0.0,23.75,2.75,12.0,NA,0.75,0.75,0.75,28.25,42.5,0.0,253.0,NA,NA,92.25,747.0,1.0
2026-03-06 19:00:00,104.75,172.75,13.5,25.25,35.0,78.75,2.33,1.0,12.5,2.0,16.0,NA,0.0,0.0,0.0,27.0,48.0,0.0,246.5,NA,NA,94.75,747.0,0.0
2026-03-06 20:00:00,105.0,214.5,16.0,27.0,35.5,82.75,2.75,0.5,10.5,2.5,14.0,NA,0.0,0.5,0.5,26.25,52.5,0.0,246.67,NA,NA,96.5,747.0,0.0
2026-03-06 21:00:00,96.0,230.25,20.25,26.5,37.5,74.25,7.67,0.33,9.25,3.75,12.75,NA,0.0,1.0,1.0,25.75,56.25,0.0,256.33,NA,NA,97.75,747.0,0.0
2026-03-06 22:00:00,92.25,246.0,14.0,27.25,35.0,73.25,9.5,0.0,10.25,2.25,13.75,NA,0.0,1.0,0.0,25.0,60.0,0.0,239.75,NA,NA,98.0,747.0,0.0
2026-03-06 23:00:00,93.67,248.0,18.33,26.67,42.0,72.67,8.0,1.0,13.0,2.0,13.67,NA,0.0,1.0,0.0,24.67,63.0,0.0,238.33,NA,NA,98.0,747.0,0.0
2026-03-07 00:00:00,84.0,228.25,17.75,25.5,39.0,75.5,8.5,0.0,13.5,2.0,12.25,NA,0.0,1.0,1.0,24.0,65.75,0.0,236.5,NA,NA,98.25,747.0,0.0
2026-03-07 01:00:00,77.5,220.75,15.5,27.75,39.25,75.5,5.33,1.0,15.75,2.0,12.25,NA,0.0,1.0,1.0,24.0,66.75,0.0,244.25,NA,NA,99.0,747.0,0.0
2026-03-07 02:00:00,70.75,218.5,17.25,24.75,36.75,75.5,5.5,0.0,18.5,2.0,12.25,NA,0.0,1.0,1.0,23.0,68.0,0.0,321.0,NA,NA,99.75,747.0,0.0
2026-03-07 03:00:00,73.25,205.75,14.75,27.25,38.75,75.5,7.0,1.0,18.0,2.0,14.75,NA,0.0,1.0,1.25,22.75,70.0,0.0,239.33,NA,NA,100.0,747.0,0.0
2026-03-07 04:00:00,89.0,194.0,11.25,26.75,32.5,67.25,5.75,1.0,19.5,2.0,16.25,NA,0.0,1.0,1.0,22.25,71.75,0.0,246.25,NA,NA,101.0,747.0,0.0
2026-03-07 05:00:00,99.75,192.0,15.25,25.75,39.75,67.0,7.33,1.0,17.25,2.0,16.0,NA,0.0,1.0,1.0,21.75,75.25,0.0,235.0,NA,NA,101.25,747.0,0.0
2026-03-07 06:00:00,86.5,239.75,12.25,25.25,32.5,62.25,7.25,1.0,13.0,2.25,14.75,NA,0.0,1.5,1.0,21.0,79.25,NA,NA,NA,NA,102.0,747.0,0.0
2026-03-07 07:00:00,80.75,244.25,10.25,28.5,33.75,59.75,0.33,1.0,15.25,3.0,9.0,NA,0.0,2.0,0.0,23.0,70.75,0.0,271.5,NA,NA,100.5,747.0,0.0
2026-03-07 08:00:00,91.75,233.25,14.25,29.0,38.0,52.75,2.25,1.0,27.0,3.0,10.0,NA,0.25,1.75,0.25,24.75,59.5,0.0,263.5,NA,NA,94.0,747.0,0.0
2026-03-07 09:00:00,102.0,223.75,16.5,28.75,38.75,67.75,4.0,1.0,38.0,3.0,11.0,NA,1.0,1.0,1.0,27.0,50.25,0.0,18.25,NA,NA,86.25,746.25,0.5
2026-03-07 10:00:00,89.25,211.25,17.25,30.0,41.75,63.25,2.75,1.0,37.25,3.0,11.0,NA,1.0,0.75,1.0,28.75,46.5,0.0,238.25,NA,NA,81.0,746.0,1.0
2026-03-07 11:00:00,70.75,200.0,12.5,28.75,37.0,64.75,11.0,0.33,41.75,3.0,11.5,NA,1.0,1.0,1.0,30.0,39.75,0.25,30.75,NA,NA,77.75,746.0,1.0
2026-03-07 12:00:00,59.25,199.75,14.0,28.5,38.75,69.0,8.5,0.0,47.25,3.0,11.25,NA,1.0,1.0,1.0,31.5,35.0,0.25,112.75,NA,NA,74.75,746.0,1.0
2026-03-07 13:00:00,53.5,182.75,11.75,26.75,36.75,57.5,6.33,1.0,49.0,3.0,11.25,NA,1.0,0.75,1.0,32.0,33.25,0.0,236.0,NA,NA,73.5,746.0,1.0
2026-03-07 14:00:00,67.5,165.0,13.25,25.5,37.25,56.75,4.75,1.0,51.25,3.0,11.0,NA,1.0,1.0,1.0,32.0,32.0,0.0,188.75,NA,NA,75.25,746.0,1.0
2026-03-07 15:00:00,88.75,163.75,9.75,30.0,36.5,56.25,7.33,0.0,57.0,3.0,11.0,NA,1.0,1.0,1.0,32.0,33.0,0.0,181.25,NA,NA,79.25,746.0,1.0
2026-03-07 16:00:00,97.25,183.75,14.75,26.75,38.75,69.0,7.5,0.0,55.75,3.0,11.0,NA,1.0,1.0,1.0,31.25,36.25,0.0,158.25,NA,NA,83.5,746.0,1.0
2026-03-07 17:00:00,95.0,187.0,12.33,30.33,39.0,78.67,13.0,1.0,41.0,3.0,11.0,NA,1.0,1.0,1.0,30.0,42.33,0.0,152.33,NA,NA,87.0,746.33,1.0
2026-03-07 18:00:00,90.75,173.75,11.25,28.0,36.5,79.25,17.75,1.0,25.5,2.75,12.25,NA,0.75,0.75,0.75,28.5,45.25,0.0,166.0,NA,NA,91.5,747.0,1.0
2026-03-07 19:00:00,89.25,215.5,9.5,28.75,36.0,80.0,0.0,1.0,11.25,2.0,16.0,NA,0.0,0.0,0.0,27.0,49.75,NA,NA,NA,NA,94.25,747.0,0.75
2026-03-07 20:00:00,92.25,229.0,9.5,25.75,33.5,81.75,4.25,0.25,7.5,3.0,14.0,NA,0.0,0.5,0.5,27.0,51.75,0.0,256.0,NA,NA,96.0,747.0,0.0
2026-03-07 21:00:00,81.5,251.5,10.25,25.75,35.25,74.25,0.0,1.0,6.25,3.5,13.0,NA,0.0,1.0,1.0,25.75,57.75,0.0,274.0,NA,NA,97.0,747.0,0.0
2026-03-07 22:00:00,79.5,262.5,11.25,29.75,37.75,74.0,4.0,1.0,4.5,2.25,14.0,NA,0.0,1.0,0.0,24.75,64.5,NA,NA,NA,NA,98.0,747.0,0.0
2026-03-07 23:00:00,93.0,285.33,14.33,28.0,36.33,73.33,0.5,1.0,7.67,2.0,15.0,NA,0.0,1.0,0.0,24.33,66.0,NA,NA,NA,NA,99.0,747.0,0.0
2026-03-08 00:00:00,105.0,284.5,12.0,25.25,34.25,75.25,4.0,0.75,7.5,2.0,12.75,NA,0.0,1.0,1.0,24.0,67.0,NA,NA,NA,NA,99.25,747.0,0.0
2026-03-08 01:00:00,108.5,282.25,10.25,26.25,36.5,76.0,10.33,1.0,6.5,2.0,12.25,NA,0.0,1.0,1.0,23.5,72.5,NA,NA,NA,NA,100.0,747.0,0.0
2026-03-08 02:00:00,103.75,280.25,13.5,29.25,37.0,76.0,12.5,0.0,8.25,2.0,12.25,NA,0.0,1.0,1.0,23.0,75.75,NA,NA,NA,NA,100.0,747.0,0.0
2026-03-08 03:00:00,83.0,272.5,17.25,27.0,39.25,76.0,17.0,1.0,7.25,2.0,14.5,NA,0.0,1.0,1.25,22.75,80.5,NA,NA,NA,NA,100.25,747.0,0.0
2026-03-08 04:00:00,74.25,268.5,16.5,28.5,38.5,67.75,18.75,1.0,7.75,2.0,16.25,NA,0.0,1.5,1.25,22.0,83.0,NA,NA,NA,NA,101.0,747.0,0.0
2026-03-08 05:00:00,67.5,267.25,14.0,28.0,36.25,67.0,6.67,1.0,7.25,2.0,17.0,NA,0.0,1.0,1.5,22.0,83.75,NA,NA,NA,NA,101.0,747.0,0.0
2026-03-08 06:00:00,70.0,250.75,16.0,27.75,40.0,61.25,7.75,0.0,8.5,2.25,14.5,NA,0.0,1.25,0.75,22.0,85.0,NA,NA,NA,NA,101.0,747.0,0.0
2026-03-08 07:00:00,63.5,274.0,10.0,26.5,31.0,59.25,0.33,1.0,7.25,2.75,9.25,NA,0.0,2.0,0.0,23.25,78.25,0.0,245.33,NA,NA,99.75,747.0,0.0
2026-03-08 08:00:00,52.0,285.75,15.25,25.0,37.5,53.25,0.0,0.0,13.5,2.75,9.75,NA,0.25,1.75,0.25,25.25,66.75,0.0,248.75,NA,NA,93.75,747.0,0.0
2026-03-08 09:00:00,57.75,292.0,21.25,24.0,42.5,68.25,3.67,1.0,36.25,3.0,11.25,NA,1.0,1.0,1.0,27.5,53.5,0.0,77.75,NA,NA,86.25,746.25,0.5
2026-03-08 10:00:00,78.0,258.5,9.75,25.5,31.75,61.5,2.0,1.0,39.75,3.0,11.0,NA,1.0,1.0,1.0,29.25,47.5,0.0,108.75,NA,NA,80.75,746.0,1.0
2026-03-08 11:00:00,87.0,228.75,13.25,24.0,35.75,65.0,4.0,1.0,40.5,3.0,11.25,NA,1.0,1.0,1.0,30.5,42.5,0.0,76.5,NA,NA,77.0,746.0,1.0
2026-03-08 12:00:00,72.0,192.75,12.75,27.5,35.75,69.5,0.0,1.0,40.0,3.0,11.25,NA,1.0,1.0,1.0,31.25,40.75,0.0,86.5,NA,NA,75.25,746.0,1.0
2026-03-08 13:00:00,61.25,186.0,12.25,28.5,37.0,57.25,4.0,1.0,40.25,3.0,11.25,NA,1.0,1.0,1.0,31.75,42.25,0.0,171.0,NA,NA,74.5,746.0,1.0
2026-03-08 14:00:00,76.25,167.75,8.5,27.0,32.5,57.0,2.0,1.0,41.25,3.0,11.0,NA,1.0,1.0,1.0,32.0,40.25,0.0,135.0,NA,NA,76.5,746.0,1.0
2026-03-08 15:00:00,76.0,178.75,11.75,26.75,33.25,57.0,7.33,1.0,38.0,3.0,10.75,NA,1.0,1.0,1.0,32.0,39.5,0.0,108.5,NA,NA,78.75,746.0,1.0
2026-03-08 16:00:00,85.5,182.75,13.75,25.25,35.75,69.25,6.25,1.0,36.5,3.0,11.0,NA,1.0,1.0,1.0,31.75,40.5,0.0,111.75,NA,NA,82.75,746.0,1.0
2026-03-08 17:00:00,89.25,180.5,13.5,27.5,36.75,79.25,6.67,0.67,31.75,3.0,11.25,NA,1.0,0.75,1.0,30.5,42.25,0.0,69.5,NA,NA,86.5,746.75,1.0
2026-03-08 18:00:00,72.25,175.0,15.0,25.5,37.5,78.75,11.5,1.0,23.5,2.75,12.25,NA,0.75,0.75,0.75,29.0,47.75,0.0,166.5,NA,NA,90.5,746.75,1.0
2026-03-08 19:00:00,72.25,204.5,20.5,27.5,41.5,79.25,23.67,1.0,8.0,2.0,16.25,NA,0.0,0.0,0.0,27.5,55.75,NA,NA,NA,NA,94.0,747.0,0.75
2026-03-08 20:00:00,83.75,244.75,13.75,27.5,36.5,82.75,8.5,0.25,7.5,2.5,14.25,NA,0.0,0.5,0.5,27.0,60.0,NA,NA,NA,NA,95.5,747.0,0.0
2026-03-08 21:00:00,79.25,266.0,17.75,26.25,40.75,73.5,10.67,1.0,6.0,3.5,12.5,NA,0.0,1.0,1.0,26.25,64.25,0.0,267.0,NA,NA,96.0,747.0,0.0
2026-03-08 22:00:00,67.0,296.0,16.25,24.25,38.75,72.0,18.5,0.0,6.25,2.25,14.0,NA,0.0,1.0,0.0,26.0,67.0,0.0,78.0,NA,NA,97.0,747.0,0.0
2026-03-08 23:00:00,57.0,311.0,14.0,27.0,38.33,72.67,15.5,1.0,9.67,2.0,13.33,NA,0.0,1.0,0.0,26.0,65.67,0.0,254.0,NA,NA,98.0,747.0,0.0
2026-03-09 00:00:00,49.75,307.25,14.5,31.75,37.75,75.75,19.0,1.0,8.25,2.0,12.5,NA,0.0,1.0,1.0,25.75,65.75,0.0,236.0,NA,NA,98.0,747.0,0.0
2026-03-09 01:00:00,62.25,305.0,15.0,27.25,38.25,75.75,11.33,0.67,9.0,2.0,12.75,NA,0.0,1.0,1.0,25.0,68.5,0.0,24.5,NA,NA,98.0,747.0,0.0
2026-03-09 02:00:00,76.25,292.5,10.75,23.5,33.25,76.0,11.75,0.0,8.0,2.0,12.25,NA,0.0,1.0,1.0,24.5,71.5,0.0,82.75,NA,NA,99.0,747.0,0.0
2026-03-09 03:00:00,71.25,283.5,11.25,26.25,33.5,76.0,9.67,0.67,12.0,2.0,15.0,NA,0.0,1.0,1.25,24.25,73.75,0.0,46.5,NA,NA,98.5,747.0,0.0
2026-03-09 04:00:00,72.25,255.0,14.25,28.5,39.0,67.5,9.5,0.0,11.75,2.0,16.0,NA,0.0,1.25,1.5,24.0,74.75,0.0,40.67,NA,NA,99.5,747.0,0.0
2026-03-09 05:00:00,72.25,231.0,12.5,27.25,35.25,66.75,0.0,1.0,18.5,2.0,16.5,NA,0.0,1.0,1.5,24.0,73.5,0.25,39.75,NA,NA,98.0,747.0,0.0
2026-03-09 06:00:00,66.25,195.0,15.5,26.25,40.0,62.25,0.0,0.5,19.0,2.25,14.75,NA,0.0,1.25,1.25,24.0,75.0,0.0,29.5,NA,NA,98.0,747.0,0.0
2026-03-09 07:00:00,66.0,231.5,11.75,26.25,35.0,59.5,14.0,1.0,22.75,2.75,9.25,NA,0.0,2.0,0.0,24.0,75.5,0.0,25.25,NA,NA,96.75,747.0,0.0
2026-03-09 08:00:00,62.5,248.25,15.0,28.0,37.75,53.25,12.0,1.0,24.75,3.0,9.75,NA,0.5,1.75,0.25,25.5,69.0,0.0,26.75,NA,NA,92.5,747.0,0.0
2026-03-09 09:00:00,56.25,253.25,12.75,23.5,34.75,67.75,1.67,1.0,29.5,3.0,11.0,NA,1.0,1.0,1.0,27.5,58.25,0.0,28.0,NA,NA,86.5,746.25,0.5
2026-03-09 10:00:00,54.0,252.0,15.5,27.75,40.0,62.5,0.0,1.0,32.75,3.0,11.0,NA,1.0,1.0,1.0,29.5,51.0,0.0,111.5,NA,NA,81.0,746.0,1.0
2026-03-09 11:00:00,NA,NA,10.0,28.0,32.75,65.5,NA,1.0,38.25,3.0,11.25,NA,1.0,1.0,1.0,31.0,46.0,0.25,31.75,NA,NA,76.75,746.0,1.0
2026-03-09 12:00:00,26.5,NA,13.33,26.0,36.67,69.5,NA,1.0,41.0,3.0,11.0,NA,1.0,1.0,1.0,32.25,38.25,0.5,35.5,NA,NA,74.75,746.0,1.0
2026-03-09 13:00:00,28.0,123.5,NA,NA,NA,57.5,11.67,1.0,43.25,3.0,11.25,NA,1.0,1.0,1.0,33.0,36.5,0.0,38.0,NA,NA,73.75,746.0,1.0
2026-03-09 14:00:00,49.5,126.0,14.67,28.67,41.0,56.5,11.25,1.0,52.0,3.0,11.5,NA,1.0,1.0,1.0,33.75,32.75,0.5,38.25,NA,NA,75.0,746.0,1.0
2026-03-09 15:00:00,48.0,134.75,12.75,24.75,35.25,56.75,10.0,1.0,NA,3.0,11.25,NA,1.0,1.0,1.0,34.0,27.5,0.0,78.0,NA,NA,76.25,746.0,1.0
2026-03-09 16:00:00,61.5,132.25,18.25,23.0,37.75,NA,12.5,1.0,NA,3.0,11.0,NA,1.0,1.0,1.0,33.5,28.25,0.0,54.0,NA,NA,81.0,746.0,1.0
2026-03-09 17:00:00,66.0,144.75,9.0,30.25,32.25,77.5,13.67,1.0,32.0,3.0,11.0,NA,1.0,1.0,1.0,32.25,32.0,0.0,52.5,NA,NA,85.5,746.25,1.0
2026-03-09 18:00:00,68.0,183.0,13.0,28.5,35.5,77.5,13.25,1.75,20.25,NA,NA,NA,NA,NA,NA,30.75,39.0,0.0,190.25,NA,NA,89.25,747.0,1.0
2026-03-09 19:00:00,50.5,146.0,16.0,29.25,38.25,79.0,NA,1.0,8.0,NA,NA,NA,NA,NA,NA,29.25,56.25,0.0,241.0,NA,NA,91.25,747.0,1.0
2026-03-09 20:00:00,50.0,196.0,10.0,27.33,34.33,83.0,0.0,0.0,4.33,NA,NA,NA,NA,NA,NA,27.33,73.67,0.0,238.33,NA,NA,92.67,747.0,0.67
2026-03-09 21:00:00,50.0,235.0,17.5,29.25,41.75,74.5,4.33,0.0,10.5,NA,NA,NA,NA,NA,NA,26.0,80.0,0.0,250.0,NA,NA,94.25,747.0,0.0
2026-03-09 22:00:00,37.75,242.75,18.25,26.25,38.75,70.25,6.25,0.0,16.0,2.0,14.0,NA,0.0,1.0,0.0,25.25,82.75,0.0,255.75,NA,NA,95.25,747.0,0.0
2026-03-09 23:00:00,93.0,215.67,13.0,30.67,36.0,73.33,1.0,1.0,16.67,2.0,14.33,NA,0.0,1.0,0.0,25.0,86.33,0.0,275.0,NA,NA,96.0,747.0,0.0
2026-03-10 00:00:00,100.75,201.25,14.5,30.25,40.0,75.5,0.5,1.0,13.75,2.0,12.0,NA,0.0,1.0,1.0,24.0,89.25,0.0,205.5,NA,NA,96.25,747.0,0.0
2026-03-10 01:00:00,87.5,174.75,14.75,27.5,36.5,76.0,9.67,1.0,16.75,2.0,12.5,NA,0.0,1.0,1.0,24.0,91.25,0.0,211.0,NA,NA,97.0,747.0,0.0
2026-03-10 02:00:00,65.75,198.5,11.0,29.25,35.25,75.5,8.75,1.0,14.5,2.0,12.25,NA,0.0,1.0,0.75,23.25,91.5,0.0,256.5,NA,NA,97.75,747.0,0.0
2026-03-10 03:00:00,84.25,179.5,9.75,27.75,33.0,76.0,0.0,1.0,14.0,2.0,14.75,NA,0.0,1.0,1.0,23.0,93.5,0.0,228.0,NA,NA,98.0,747.0,0.0
2026-03-10 04:00:00,67.5,174.25,13.5,25.25,34.5,67.5,0.0,1.0,12.25,2.0,16.0,NA,0.0,1.25,1.0,23.0,93.75,0.0,233.5,NA,NA,98.0,747.0,0.0
2026-03-10 05:00:00,67.0,195.5,13.75,25.25,34.75,66.25,2.0,1.0,12.25,2.0,16.25,NA,0.0,1.5,1.0,23.0,96.0,0.0,241.75,NA,NA,98.0,747.0,0.0
2026-03-10 06:00:00,88.25,188.25,15.25,26.0,36.75,61.5,2.0,1.0,10.5,2.25,14.75,NA,0.0,1.5,1.0,23.0,97.75,0.0,238.75,NA,NA,98.5,747.0,0.0
2026-03-10 07:00:00,90.0,176.25,18.5,22.5,37.75,58.75,4.67,1.0,13.0,2.5,9.5,NA,0.0,2.0,0.0,23.0,94.25,0.0,241.75,NA,NA,97.25,747.0,0.0
2026-03-10 08:00:00,98.75,198.25,15.0,26.0,37.75,53.5,3.5,1.25,15.0,2.75,10.25,NA,0.25,1.75,0.25,24.5,86.5,0.0,257.5,NA,NA,94.25,747.0,0.0
2026-03-10 09:00:00,98.0,188.25,11.25,28.25,36.25,67.0,8.33,0.33,13.75,3.0,11.0,NA,1.0,1.0,1.0,25.75,78.0,0.0,266.5,NA,NA,89.0,747.0,0.0
2026-03-10 10:00:00,104.75,202.5,12.25,28.0,37.0,62.75,8.25,0.5,18.0,3.0,11.0,NA,1.0,1.0,1.0,28.0,69.0,0.0,138.25,NA,NA,83.5,746.5,0.75
2026-03-10 11:00:00,80.75,211.75,13.75,27.5,39.25,64.5,0.0,0.0,25.5,3.0,11.0,NA,1.0,1.0,1.0,30.0,60.0,0.0,114.0,NA,NA,79.0,746.0,1.0
2026-03-10 12:00:00,88.75,222.75,8.5,25.0,31.0,69.75,0.0,0.0,39.25,3.0,11.0,NA,1.0,1.0,1.0,31.25,54.75,0.0,156.25,NA,NA,76.5,746.0,1.0
2026-03-10 13:00:00,102.75,202.5,8.0,29.0,33.0,58.0,9.33,0.0,43.5,3.0,11.5,NA,1.0,1.0,1.0,31.75,51.5,0.0,221.25,NA,NA,77.0,746.0,1.0
2026-03-10 14:00:00,94.25,211.75,9.0,26.5,32.75,56.75,8.25,0.0,45.75,3.0,11.0,NA,1.0,0.75,1.0,31.5,51.75,0.0,191.75,NA,NA,80.75,746.0,1.0
2026-03-10 15:00:00,76.5,224.75,17.0,27.75,41.5,56.5,5.67,0.0,51.25,3.0,11.0,NA,1.0,1.0,1.0,31.75,51.25,0.0,162.75,NA,NA,82.5,746.0,1.0
2026-03-10 16:00:00,58.5,234.75,14.25,25.25,38.5,70.0,7.0,0.0,44.75,3.0,11.25,NA,1.0,1.0,1.0,31.0,54.25,0.0,195.25,NA,NA,84.75,746.25,1.0
2026-03-10 17:00:00,52.33,226.33,14.33,26.67,40.0,79.0,NA,0.5,37.0,3.0,11.0,NA,1.0,1.0,1.0,31.0,57.67,0.0,204.67,NA,NA,87.0,746.67,1.0
2026-03-10 18:00:00,71.25,245.5,12.5,26.75,38.0,78.5,0.0,1.0,22.5,2.75,12.25,NA,0.75,0.75,0.75,29.5,63.5,0.0,231.0,NA,NA,90.0,747.0,1.0
2026-03-10 19:00:00,77.75,241.25,12.25,28.0,36.0,79.25,4.0,1.0,12.0,2.0,16.25,NA,0.0,0.0,0.0,28.5,70.5,0.0,198.75,NA,NA,92.0,747.0,1.0
2026-03-10 20:00:00,95.25,247.0,14.75,25.25,37.5,83.25,6.0,1.0,14.0,2.75,14.25,NA,0.0,0.5,0.5,27.75,74.5,0.0,250.0,NA,NA,93.0,747.0,1.0
2026-03-10 21:00:00,99.0,269.5,9.25,26.75,33.5,73.75,6.67,1.0,13.5,3.0,12.75,NA,0.0,1.0,1.0,27.0,77.5,0.0,244.25,NA,NA,94.0,747.0,0.0
2026-03-10 22:00:00,74.0,259.5,13.5,26.25,38.0,73.0,7.5,0.25,14.25,2.25,14.5,NA,0.0,1.0,0.0,26.5,79.5,0.0,228.5,NA,NA,94.75,747.0,0.0
2026-03-10 23:00:00,70.33,260.0,10.67,28.0,36.33,72.0,6.5,1.0,11.67,2.0,14.33,NA,0.0,1.0,0.0,26.0,81.0,0.0,37.33,NA,NA,95.0,747.0,0.0
2026-03-11 00:00:00,77.75,258.0,26.0,25.0,49.25,75.25,7.5,1.0,10.5,2.0,12.75,NA,0.0,1.0,1.0,25.75,83.75,0.0,36.33,NA,NA,96.25,747.0,0.0
2026-03-11 01:00:00,60.5,235.75,21.25,24.75,44.25,76.0,NA,1.0,13.5,2.0,12.25,NA,0.0,1.0,1.0,26.0,82.75,0.0,29.25,NA,NA,96.75,747.0,0.0
2026-03-11 02:00:00,66.75,236.0,8.5,23.0,31.0,75.5,0.0,0.5,9.25,2.0,12.25,NA,0.0,1.0,1.0,25.0,89.0,0.0,135.0,NA,NA,97.5,747.0,0.0
2026-03-11 03:00:00,70.0,234.25,11.75,24.5,33.5,75.25,0.0,1.0,12.75,2.0,15.0,NA,0.0,1.0,1.0,25.0,89.0,0.0,32.75,NA,NA,98.0,747.0,0.0
2026-03-11 04:00:00,88.5,223.25,12.0,27.25,37.25,67.25,0.0,0.25,15.5,2.0,16.0,NA,0.0,1.0,1.25,24.75,89.25,0.0,32.5,NA,NA,98.0,747.0,0.0
2026-03-11 05:00:00,94.0,195.75,9.5,25.5,33.5,66.5,2.67,1.0,15.25,2.0,16.25,NA,0.0,1.5,1.5,24.0,91.75,0.0,219.25,NA,NA,98.0,747.0,0.0
2026-03-11 06:00:00,100.75,195.0,14.25,25.0,39.0,62.5,2.0,1.0,12.75,2.25,14.75,NA,0.0,1.5,1.25,24.0,97.0,0.0,32.0,NA,NA,98.0,747.0,0.0
2026-03-11 07:00:00,92.0,180.25,9.5,27.5,34.75,58.25,1.5,1.0,15.0,2.75,10.0,NA,0.0,2.0,0.0,24.0,95.75,0.0,28.75,NA,NA,96.5,746.75,0.0
2026-03-11 08:00:00,103.25,190.75,12.75,28.0,38.25,52.25,2.0,1.0,19.5,3.0,9.5,NA,0.5,1.75,0.25,25.5,87.0,0.0,39.5,NA,NA,93.0,746.5,0.0
2026-03-11 09:00:00,82.0,219.25,21.25,24.25,41.25,67.75,8.0,1.0,22.25,3.0,11.0,NA,1.0,1.0,1.0,26.75,74.5,0.0,45.75,NA,NA,87.75,746.5,0.25
2026-03-11 10:00:00,80.25,211.25,12.0,24.25,34.25,62.0,5.25,1.25,25.25,3.0,11.25,NA,1.0,1.0,1.0,29.25,63.0,0.0,93.5,NA,NA,81.5,746.0,1.0
2026-03-11 11:00:00,105.0,202.25,10.5,24.5,31.5,65.25,9.33,1.0,33.25,3.0,11.0,NA,1.0,1.0,1.0,30.75,55.0,0.0,94.5,NA,NA,77.75,746.0,1.0
2026-03-11 12:00:00,117.5,211.75,12.5,24.25,35.25,70.25,8.5,1.0,41.25,3.0,11.0,NA,1.0,1.0,1.0,32.25,47.25,0.0,114.5,NA,NA,75.25,746.0,1.0
2026-03-11 13:00:00,92.25,171.0,11.0,24.5,35.0,57.75,2.0,1.0,42.0,3.0,11.25,NA,1.0,1.0,1.0,33.0,41.75,0.0,102.75,NA,NA,74.75,746.0,1.0
2026-03-11 14:00:00,94.0,174.0,12.75,25.25,37.0,56.5,2.0,1.0,47.25,3.0,11.0,NA,1.0,1.0,1.0,33.25,37.25,0.0,128.25,NA,NA,76.0,746.0,1.0
2026-03-11 15:00:00,77.75,175.0,12.75,25.25,38.75,56.5,4.67,0.0,41.75,3.0,11.0,NA,1.0,1.0,1.0,33.5,29.0,0.5,155.25,NA,NA,79.0,746.0,1.0
2026-03-11 16:00:00,82.75,167.25,14.25,23.5,39.0,69.0,5.0,0.25,38.5,3.0,11.0,NA,1.0,1.0,1.0,33.5,28.0,0.0,128.5,NA,NA,82.5,746.0,1.0
2026-03-11 17:00:00,95.5,160.25,10.75,25.75,34.75,76.5,11.67,1.0,28.25,3.0,11.25,NA,1.0,0.75,1.0,32.5,28.25,0.0,147.25,NA,NA,86.5,746.75,1.0
2026-03-11 18:00:00,79.75,162.0,15.75,27.5,42.5,78.75,13.25,1.25,17.0,2.75,12.25,NA,0.75,0.75,0.75,30.5,34.5,0.0,120.33,NA,NA,90.5,746.75,1.0
2026-03-11 19:00:00,75.25,160.25,10.75,25.75,36.75,78.75,7.33,1.0,10.25,2.0,16.0,NA,0.0,0.0,0.0,28.5,44.75,NA,NA,NA,NA,93.75,747.0,1.0
2026-03-11 20:00:00,90.5,190.0,9.5,24.75,35.0,82.75,10.25,1.75,5.5,2.5,14.0,NA,0.0,0.5,0.75,28.0,50.75,NA,NA,NA,NA,95.75,747.0,1.0
2026-03-11 21:00:00,89.25,214.25,10.0,25.75,36.25,74.25,14.67,0.0,6.25,3.25,12.75,NA,0.0,1.0,1.0,27.75,52.5,0.0,43.33,NA,NA,96.75,747.0,1.0
2026-03-11 22:00:00,93.75,261.5,16.0,24.75,39.5,72.25,21.25,0.0,9.0,2.25,14.25,NA,0.0,1.0,0.0,27.25,54.25,0.0,42.5,NA,NA,97.5,747.0,0.25
2026-03-11 23:00:00,97.67,252.33,12.67,25.33,37.33,72.33,2.0,1.0,11.67,2.0,14.0,NA,0.0,1.0,0.0,26.0,58.33,NA,NA,NA,NA,98.33,747.0,0.0
2026-03-12 00:00:00,79.0,247.0,32.0,21.25,50.0,76.0,2.0,1.0,12.5,2.0,12.0,NA,0.0,1.0,1.0,25.75,59.5,0.0,42.75,NA,NA,99.0,747.0,0.0
2026-03-12 01:00:00,104.75,233.25,85.0,13.25,87.25,76.25,3.0,0.33,14.75,2.0,12.25,NA,0.0,1.0,1.0,25.0,57.75,0.0,52.33,NA,NA,99.0,747.0,0.0
2026-03-12 02:00:00,83.75,213.75,59.5,19.0,70.0,75.5,3.0,0.0,15.0,2.0,12.25,NA,0.0,1.0,1.0,24.5,55.25,0.0,39.5,NA,NA,100.25,747.0,0.0
2026-03-12 03:00:00,104.25,201.5,12.0,23.75,33.5,75.75,6.0,1.0,16.5,2.0,15.25,NA,0.0,1.0,1.0,24.0,52.5,0.0,60.75,NA,NA,100.75,747.0,0.0
2026-03-12 04:00:00,85.75,179.75,13.5,27.5,36.5,67.25,3.5,1.0,15.25,2.0,16.0,NA,0.0,1.25,1.25,24.0,51.75,0.0,56.0,NA,NA,100.0,747.0,0.0
2026-03-12 05:00:00,90.75,169.25,11.25,25.25,34.5,67.25,5.33,1.0,15.0,2.0,16.5,NA,0.0,1.0,1.0,23.0,52.0,0.0,55.25,NA,NA,100.25,747.0,0.0
2026-03-12 06:00:00,103.5,165.0,23.25,22.5,42.5,62.0,3.5,1.0,13.25,2.25,14.75,NA,0.0,1.25,0.75,22.5,53.0,0.0,53.25,NA,NA,101.0,747.0,0.0
2026-03-12 07:00:00,116.5,196.25,15.5,21.25,37.25,58.75,2.0,1.0,15.75,2.75,9.75,NA,0.25,2.0,0.0,23.75,47.0,0.0,58.25,NA,NA,99.0,747.0,0.0
2026-03-12 08:00:00,113.25,202.0,15.5,23.5,36.25,52.5,2.0,1.25,22.25,3.0,10.0,NA,0.25,1.75,0.25,26.75,37.75,0.0,92.75,NA,NA,91.25,747.0,0.5
2026-03-12 09:00:00,113.0,203.75,12.5,26.75,37.0,67.0,11.0,1.0,27.0,3.0,11.5,NA,1.0,1.0,1.0,28.75,36.25,0.0,78.5,NA,NA,83.5,746.0,1.0
2026-03-12 10:00:00,118.75,203.0,11.5,24.0,33.5,59.25,9.0,1.0,33.75,3.0,11.0,NA,1.0,1.0,1.0,31.0,34.5,0.0,72.25,NA,NA,77.75,746.0,1.0
2026-03-12 11:00:00,116.0,194.25,13.75,24.5,38.25,57.5,6.67,0.33,33.75,3.0,11.0,NA,1.0,1.0,1.0,32.5,27.25,0.0,100.75,NA,NA,73.25,746.0,1.0
2026-03-12 12:00:00,117.0,195.0,17.5,25.25,41.0,62.5,6.0,1.0,37.25,3.0,11.0,NA,1.0,1.0,1.0,34.0,21.25,0.5,55.5,NA,NA,72.25,746.0,1.0
2026-03-12 13:00:00,113.25,164.75,9.25,24.25,31.5,52.75,11.67,0.67,39.25,3.0,11.0,NA,1.0,1.0,1.0,34.75,17.75,0.25,66.0,NA,NA,71.75,746.0,1.0
2026-03-12 14:00:00,90.0,158.25,13.5,22.75,36.5,50.75,11.25,0.75,41.5,3.0,11.0,NA,1.0,1.0,1.0,35.0,18.5,0.0,71.5,NA,NA,74.5,746.0,1.0
2026-03-12 15:00:00,74.5,170.75,10.75,25.5,36.25,50.5,15.33,0.0,44.0,3.0,11.0,NA,1.0,1.0,1.0,34.25,20.0,0.0,100.25,NA,NA,78.0,746.0,1.0
2026-03-12 16:00:00,70.25,165.25,9.0,24.5,33.75,63.25,16.5,0.0,42.25,3.0,11.25,NA,1.0,0.75,1.0,34.0,21.25,0.0,59.75,NA,NA,81.0,746.0,1.0
2026-03-12 17:00:00,79.5,173.75,11.75,26.0,36.5,71.0,3.0,1.0,30.25,3.0,11.0,NA,1.0,1.0,1.0,32.5,27.0,0.0,68.75,NA,NA,85.25,746.25,1.0
2026-03-12 18:00:00,87.75,203.25,9.75,25.25,34.75,68.75,9.5,1.5,18.25,2.75,12.5,NA,0.75,0.75,0.75,30.5,33.0,0.0,48.0,NA,NA,89.5,747.0,1.0
2026-03-12 19:00:00,85.0,236.25,8.25,26.5,33.5,71.0,4.0,0.0,12.5,2.0,16.0,NA,0.0,0.0,0.0,29.5,37.25,0.0,50.0,NA,NA,93.0,747.0,1.0
2026-03-12 20:00:00,83.0,251.5,7.5,23.5,32.75,75.0,3.25,0.0,11.25,2.5,14.25,NA,0.0,0.5,0.5,28.5,39.5,0.0,49.75,NA,NA,95.0,747.0,1.0
2026-03-12 21:00:00,70.5,244.25,11.75,24.75,37.5,66.5,3.67,1.0,14.25,3.5,13.0,NA,0.0,1.0,1.0,28.0,42.75,0.0,58.5,NA,NA,96.0,747.0,1.0
2026-03-12 22:00:00,72.75,232.25,7.5,25.75,32.75,65.5,5.25,0.75,11.0,2.25,13.5,NA,0.0,1.0,0.0,27.25,42.25,0.0,62.25,NA,NA,96.25,747.0,0.75
2026-03-12 23:00:00,99.67,235.67,10.33,25.0,36.33,64.67,11.0,1.0,10.67,2.0,14.67,NA,0.0,1.0,0.0,26.33,45.67,0.0,69.67,NA,NA,97.67,747.0,0.0
2026-03-13 00:00:00,110.5,232.25,10.5,26.75,35.75,67.75,12.75,0.0,12.0,2.0,12.25,NA,0.0,1.0,0.75,25.75,45.5,0.0,41.33,NA,NA,99.25,747.0,0.0
2026-03-13 01:00:00,87.75,186.25,14.25,27.75,39.0,67.75,6.67,1.0,14.75,2.0,12.5,NA,0.0,1.0,0.75,25.0,47.5,0.0,35.75,NA,NA,100.25,747.0,0.0
2026-03-13 02:00:00,104.25,183.0,10.5,23.75,33.5,68.0,8.25,0.0,16.75,2.0,12.25,NA,0.0,1.0,1.0,24.5,46.75,0.0,76.5,NA,NA,101.0,747.0,0.0
2026-03-13 03:00:00,107.0,176.25,14.5,24.5,37.0,68.0,7.33,1.0,19.75,2.0,14.5,NA,0.0,1.0,1.0,24.0,48.5,0.0,68.25,NA,NA,101.0,747.0,0.0
2026-03-13 04:00:00,117.5,175.0,20.0,22.25,42.0,60.75,6.5,1.0,20.75,2.0,16.25,NA,0.0,1.5,1.0,23.0,50.25,0.0,44.25,NA,NA,101.75,747.0,0.0
2026-03-13 05:00:00,95.75,179.75,11.0,23.75,32.25,60.5,5.0,1.0,17.75,2.0,16.25,NA,0.0,1.0,1.0,23.0,49.0,0.0,104.5,NA,NA,102.0,747.0,0.0
2026-03-13 06:00:00,85.25,183.0,17.75,25.0,40.0,55.75,4.25,1.0,22.0,2.25,15.0,NA,0.0,1.5,1.25,23.0,49.0,0.0,176.0,NA,NA,102.25,747.0,0.0
2026-03-13 07:00:00,98.5,174.25,16.75,22.75,37.5,52.5,15.33,1.33,23.0,3.0,9.5,NA,0.25,2.0,0.0,24.0,48.0,0.0,160.75,NA,NA,99.0,747.0,0.0
2026-03-13 08:00:00,111.5,147.75,10.75,23.0,32.75,47.5,14.0,2.0,25.75,2.75,9.5,NA,0.25,1.75,0.25,26.25,45.75,0.25,162.0,NA,NA,91.5,747.0,0.0
2026-03-13 09:00:00,115.75,169.5,10.75,26.0,34.5,61.5,13.33,0.33,33.25,3.0,10.75,NA,1.0,1.0,1.0,27.75,45.75,0.0,162.5,NA,NA,83.5,746.25,0.75
2026-03-13 10:00:00,116.0,172.0,15.75,24.0,39.25,56.0,13.25,0.0,47.75,3.0,10.75,NA,1.0,1.0,1.0,30.0,39.25,0.25,163.25,NA,NA,78.0,746.0,1.0
2026-03-13 11:00:00,101.5,166.25,9.0,25.0,34.0,57.75,16.0,0.0,46.5,3.0,11.25,NA,1.0,1.0,1.0,32.0,33.25,0.0,106.25,NA,NA,74.25,746.0,1.0
2026-03-13 12:00:00,107.75,176.75,14.5,25.75,37.5,62.0,15.5,0.0,45.25,3.0,11.0,NA,1.0,0.75,1.0,33.75,25.75,0.5,137.0,NA,NA,71.0,746.0,1.0
2026-03-13 13:00:00,100.25,134.25,19.25,25.25,43.0,52.25,4.0,0.67,36.5,3.0,11.0,NA,1.0,1.0,1.0,34.5,21.5,0.0,123.25,NA,NA,70.75,746.0,1.0
2026-03-13 14:00:00,99.0,133.0,17.25,20.75,36.75,50.5,3.75,0.75,36.0,3.0,11.0,NA,1.0,1.0,1.0,34.75,21.5,0.25,108.25,NA,NA,73.0,746.0,1.0
2026-03-13 15:00:00,108.75,135.0,15.5,22.75,36.75,51.25,8.67,0.0,37.75,3.0,11.0,NA,1.0,1.0,1.0,34.0,22.75,0.5,62.0,NA,NA,76.0,746.0,1.0
2026-03-13 16:00:00,117.75,143.75,26.0,22.75,45.0,62.25,10.25,0.0,33.0,3.0,11.25,NA,1.0,1.0,1.0,33.75,26.0,0.0,61.75,NA,NA,80.75,746.0,1.0
2026-03-13 17:00:00,99.67,155.67,11.67,23.33,32.0,71.0,8.0,1.0,27.67,3.0,11.0,NA,1.0,1.0,1.0,32.67,25.0,0.0,153.0,NA,NA,85.0,746.0,1.0
2026-03-13 18:00:00,94.25,165.75,20.25,25.75,42.0,70.25,9.75,1.0,18.25,2.75,12.25,NA,0.75,0.75,0.75,31.25,30.25,0.0,101.0,NA,NA,89.0,747.0,1.0
2026-03-13 19:00:00,105.5,147.5,16.75,24.0,37.75,69.75,8.67,0.67,12.5,2.0,16.0,NA,0.0,0.0,0.0,30.0,36.75,0.0,81.25,NA,NA,91.5,747.0,1.0
2026-03-13 20:00:00,83.75,196.5,12.75,25.75,36.75,74.5,10.25,0.0,20.75,2.75,14.25,NA,0.0,0.5,0.5,29.5,36.75,0.0,147.25,NA,NA,92.25,747.0,1.0
2026-03-13 21:00:00,100.5,197.0,22.0,23.25,41.5,67.0,7.67,0.0,26.0,3.25,12.75,NA,0.0,1.0,1.0,28.25,39.75,0.0,157.0,NA,NA,93.0,747.0,1.0
2026-03-13 22:00:00,105.75,175.75,13.25,25.25,36.75,65.0,7.75,0.0,27.75,2.25,13.75,NA,0.0,1.0,0.0,27.0,43.0,0.0,154.5,NA,NA,94.25,747.0,0.5
2026-03-13 23:00:00,98.33,167.33,19.33,25.0,43.0,65.67,4.5,1.0,29.0,2.0,14.33,NA,0.0,1.0,0.0,26.33,43.33,1.0,154.67,NA,NA,95.0,747.0,0.0
2026-03-14 00:00:00,86.25,140.75,17.75,24.25,39.25,67.5,3.0,1.0,31.75,2.0,12.25,NA,0.0,1.0,1.0,25.75,45.25,0.75,154.0,NA,NA,96.0,747.0,0.0
2026-03-14 01:00:00,83.0,118.75,18.5,24.0,40.0,67.75,6.67,1.0,27.25,2.0,12.25,NA,0.0,1.0,1.0,24.75,45.75,1.0,156.5,NA,NA,96.0,747.0,0.0
2026-03-14 02:00:00,77.25,108.25,16.5,25.5,38.75,68.25,6.25,1.0,25.0,2.0,12.5,NA,0.0,1.0,1.0,23.5,51.0,1.0,160.5,NA,NA,97.25,747.0,0.0
2026-03-14 03:00:00,97.0,99.0,20.0,23.0,41.75,68.25,7.67,1.0,26.25,2.0,15.0,NA,0.0,1.0,1.0,22.25,56.0,1.0,156.5,NA,NA,98.0,747.0,0.0
2026-03-14 04:00:00,85.5,112.5,20.25,23.75,43.0,60.5,7.5,1.0,24.75,2.0,16.25,NA,0.0,1.0,1.25,22.0,58.25,0.0,151.75,NA,NA,98.75,747.0,0.0
2026-03-14 05:00:00,97.75,104.25,11.5,21.25,30.75,60.25,2.0,1.0,24.5,2.0,16.75,NA,0.0,1.25,1.0,22.0,58.0,0.0,130.25,NA,NA,100.0,747.0,0.0
2026-03-14 06:00:00,83.5,102.0,25.0,25.0,44.0,55.75,2.0,1.0,18.75,2.25,14.5,NA,0.0,1.25,0.75,22.25,58.0,0.0,80.5,NA,NA,100.25,747.0,0.0
2026-03-14 07:00:00,99.5,128.25,41.5,23.75,60.25,52.75,8.33,1.33,22.0,3.0,9.25,NA,0.0,2.0,0.0,23.5,55.0,0.0,56.0,NA,NA,98.25,747.0,0.0
2026-03-14 08:00:00,94.25,122.25,26.25,26.75,37.75,47.75,5.5,2.0,18.25,3.0,9.75,NA,0.5,1.75,0.25,25.25,49.75,0.0,59.0,NA,NA,91.25,747.0,0.0
2026-03-14 09:00:00,100.75,124.0,54.75,33.0,73.25,60.25,16.33,0.67,22.0,3.0,10.75,NA,1.0,1.0,1.0,27.0,43.75,0.0,58.0,NA,NA,84.0,746.5,0.25
2026-03-14 10:00:00,105.75,129.0,103.75,30.0,115.75,55.75,18.5,0.0,29.25,3.0,11.25,NA,1.0,1.0,1.0,29.5,31.25,0.0,62.5,NA,NA,78.0,746.0,1.0
2026-03-14 11:00:00,97.25,131.75,199.0,26.5,193.0,58.5,7.0,0.0,28.75,3.0,11.25,NA,1.0,1.0,1.0,30.75,25.0,0.0,66.0,NA,NA,76.0,746.0,1.0
2026-03-14 12:00:00,88.25,113.5,206.0,26.75,197.5,62.75,5.25,0.0,27.25,3.0,11.25,NA,1.0,1.0,1.0,32.25,18.75,0.5,57.0,NA,NA,74.75,746.0,1.0
2026-03-14 13:00:00,NA,NA,209.75,27.25,201.25,51.75,2.0,1.0,27.75,3.0,11.5,NA,1.0,1.0,1.0,33.0,17.5,0.0,117.25,NA,NA,74.5,746.0,1.0
2026-03-14 14:00:00,NA,NA,230.25,11.5,171.0,51.0,2.0,1.0,25.5,3.0,11.25,NA,1.0,1.0,1.0,33.25,17.0,0.0,92.0,NA,NA,74.5,746.0,1.0
2026-03-14 15:00:00,79.25,82.75,216.25,21.75,203.75,50.75,2.0,1.0,26.5,3.0,11.0,NA,1.0,1.0,1.0,33.25,17.75,0.0,80.25,NA,NA,77.0,746.0,1.0
2026-03-14 16:00:00,NA,NA,188.0,24.0,183.0,62.75,2.0,1.0,28.25,3.0,11.25,NA,1.0,1.0,1.0,32.25,20.75,0.0,87.5,NA,NA,82.5,746.0,1.0
2026-03-14 17:00:00,89.5,117.5,198.0,25.25,191.0,70.0,10.67,1.0,23.0,3.0,11.0,NA,1.0,1.0,1.0,31.25,23.0,0.0,83.0,NA,NA,85.75,746.75,1.0
2026-03-14 18:00:00,90.75,157.75,277.25,15.75,251.5,70.25,12.0,1.0,18.75,2.75,12.0,NA,0.75,0.75,0.75,30.0,28.75,0.0,131.5,NA,NA,89.5,747.0,1.0
2026-03-14 19:00:00,99.75,148.25,291.0,14.0,262.0,70.0,10.33,1.0,14.25,2.0,16.0,NA,0.0,0.0,0.0,28.75,32.0,0.0,156.0,NA,NA,92.5,747.0,1.0
2026-03-14 20:00:00,96.0,145.0,245.0,17.75,225.5,74.5,11.75,1.0,7.5,2.75,14.25,NA,0.0,0.5,0.5,27.5,36.75,NA,NA,NA,NA,94.5,747.0,0.5
2026-03-14 21:00:00,81.5,165.5,214.0,19.0,202.0,68.0,6.67,0.33,5.75,3.0,12.75,NA,0.0,1.0,1.0,26.25,43.75,NA,NA,NA,NA,96.25,747.0,0.0
2026-03-14 22:00:00,72.25,372.25,215.0,20.0,202.5,65.5,11.75,1.0,7.0,2.25,14.0,NA,0.0,1.0,0.0,26.0,45.75,0.0,183.0,NA,NA,97.5,747.0,0.0
2026-03-14 23:00:00,69.0,249.0,183.67,14.0,171.0,64.33,6.5,0.5,8.67,2.0,14.0,NA,0.0,1.0,0.0,26.0,44.67,0.0,205.33,NA,NA,97.67,747.0,0.0
2026-03-15 00:00:00,83.5,255.75,168.25,NA,132.25,68.0,10.0,0.0,8.75,2.0,12.5,NA,0.0,1.0,1.0,25.0,50.0,0.0,187.33,NA,NA,99.0,747.0,0.0
2026-03-15 01:00:00,71.5,138.25,151.0,NA,76.0,68.0,2.0,0.67,18.0,2.0,12.5,NA,0.0,1.0,1.0,25.0,43.25,0.0,170.25,NA,NA,98.5,747.0,0.0
2026-03-15 02:00:00,65.25,107.0,151.0,NA,76.0,68.25,2.0,0.0,22.25,2.0,12.75,NA,0.0,1.0,1.0,25.0,38.5,0.0,168.5,NA,NA,97.0,747.0,0.0
2026-03-15 03:00:00,69.0,96.25,223.0,14.75,204.75,68.25,14.0,1.0,20.5,2.0,15.0,NA,0.0,1.25,1.25,25.0,40.5,0.0,206.5,NA,NA,97.75,747.0,0.0
2026-03-15 04:00:00,88.0,89.0,218.25,1.0,187.5,60.75,12.75,1.0,19.5,2.0,16.5,NA,0.0,1.0,1.0,24.0,42.75,0.0,131.75,NA,NA,98.0,747.0,0.0
2026-03-15 05:00:00,81.25,139.5,225.25,12.5,196.5,60.25,4.0,1.0,15.0,2.0,16.5,NA,0.0,1.25,1.0,24.0,45.75,0.0,24.75,NA,NA,98.0,747.0,0.0
2026-03-15 06:00:00,74.25,138.0,265.25,13.75,239.5,56.0,2.75,1.0,16.5,2.25,15.0,NA,0.0,1.75,0.75,23.25,51.0,0.25,167.0,NA,NA,97.0,747.0,0.0
2026-03-15 07:00:00,96.25,272.25,265.5,11.5,239.75,53.5,2.0,1.67,21.25,3.0,9.0,NA,0.25,1.75,0.0,24.0,50.75,0.0,210.5,NA,NA,96.25,747.0,0.0
2026-03-15 08:00:00,100.0,204.0,288.0,11.0,258.0,47.0,2.0,2.0,22.0,3.0,9.75,NA,0.25,1.75,0.25,25.75,42.25,0.0,211.25,NA,NA,90.75,747.0,0.0
2026-03-15 09:00:00,97.0,140.75,288.0,11.0,258.0,60.5,14.33,0.33,25.0,3.0,11.0,NA,1.0,1.0,1.0,27.75,33.0,0.5,203.0,NA,NA,84.25,746.75,1.0
2026-03-15 10:00:00,NA,NA,262.5,0.0,169.25,56.0,11.75,1.0,28.5,3.0,11.25,NA,1.0,1.0,1.0,28.75,28.0,0.0,306.5,NA,NA,86.5,747.0,1.0
2026-03-15 11:00:00,92.5,151.25,255.0,NA,165.0,58.25,4.67,1.0,23.75,3.0,11.0,NA,1.0,1.0,1.0,29.0,30.0,0.0,284.25,NA,NA,84.75,746.5,1.0
2026-03-15 12:00:00,114.25,156.0,255.0,NA,165.0,62.0,4.25,1.0,26.25,3.0,11.25,NA,1.0,1.0,1.0,29.0,31.25,1.25,183.5,NA,NA,86.0,746.75,1.0
2026-03-15 13:00:00,NA,NA,83.0,30.0,63.0,51.0,5.0,0.67,27.25,3.0,11.25,NA,1.0,1.0,1.0,30.0,29.0,1.0,226.5,NA,NA,79.25,746.0,1.0
2026-03-15 14:00:00,NA,NA,28.25,37.25,30.0,50.75,5.0,0.0,28.75,3.0,11.0,NA,1.0,1.0,1.0,30.0,31.25,0.0,222.25,NA,NA,78.5,746.0,1.0
2026-03-15 15:00:00,89.75,105.0,21.5,22.5,45.75,50.75,4.33,1.0,27.5,3.0,11.25,NA,1.0,1.0,1.0,30.5,28.25,0.0,256.75,NA,NA,80.5,746.0,1.0
2026-03-15 16:00:00,NA,NA,13.25,39.25,43.25,63.5,4.25,0.5,32.0,3.0,11.25,NA,1.0,1.0,1.0,30.0,31.75,0.25,228.5,NA,NA,84.25,746.25,1.0
2026-03-15 17:00:00,114.25,140.25,27.5,30.5,47.25,72.75,2.0,1.0,29.0,3.0,11.0,NA,1.0,1.0,1.0,28.5,33.0,1.25,176.75,NA,NA,89.5,747.0,1.0
2026-03-15 18:00:00,100.75,159.5,38.25,44.75,62.75,70.75,2.0,1.0,19.75,2.75,12.0,NA,0.75,0.75,0.75,24.75,42.25,1.5,180.25,NA,NA,94.0,747.0,0.0
2026-03-15 19:00:00,103.0,131.0,38.0,44.67,63.0,70.33,6.67,1.0,15.67,2.0,16.0,NA,0.0,0.0,0.0,23.75,44.5,1.0,189.0,NA,NA,96.67,747.0,0.0
2026-03-15 20:00:00,NA,NA,19.25,29.0,30.75,74.75,7.75,0.5,15.5,2.75,14.25,NA,0.0,0.5,0.5,23.25,45.0,0.75,208.25,NA,NA,97.5,747.0,0.0
2026-03-15 21:00:00,98.75,113.5,25.25,35.0,28.75,68.25,4.0,1.0,20.0,3.25,13.0,NA,0.0,1.0,1.0,23.75,42.0,0.0,220.75,NA,NA,98.0,747.0,0.0
2026-03-15 22:00:00,NA,NA,24.75,47.25,36.75,64.0,3.5,1.0,16.75,2.25,13.5,NA,0.0,1.0,0.0,23.25,42.0,0.0,239.0,NA,NA,98.75,747.0,0.0
2026-03-15 23:00:00,85.0,86.0,25.0,47.33,37.0,64.67,2.0,1.0,16.67,2.0,14.33,NA,0.0,1.0,0.0,22.67,44.67,0.0,267.67,NA,NA,99.0,747.0,0.0
2026-03-16 00:00:00,70.75,89.75,NA,39.25,48.0,68.5,2.0,1.0,21.5,2.0,12.25,NA,0.0,1.0,1.0,22.0,49.5,0.0,222.5,NA,NA,100.0,747.0,0.0
2026-03-16 01:00:00,NA,NA,34.75,41.75,49.25,67.75,9.67,1.0,23.0,2.0,12.25,NA,0.0,1.0,1.0,22.0,48.5,0.0,121.25,NA,NA,100.0,747.0,0.0
2026-03-16 02:00:00,NA,NA,31.25,31.75,32.25,67.75,10.0,1.0,24.5,2.0,12.25,NA,0.0,1.0,1.0,22.0,45.5,0.0,176.75,NA,NA,100.0,747.0,0.0
2026-03-16 03:00:00,NA,NA,24.75,41.75,37.25,67.75,7.67,1.0,19.75,2.0,15.0,NA,0.0,1.0,1.0,22.0,46.5,0.0,204.25,NA,NA,100.0,747.0,0.0
2026-03-16 04:00:00,NA,NA,17.0,36.5,26.75,60.5,7.25,1.0,23.0,2.0,16.25,NA,0.0,1.25,1.25,21.25,51.25,0.0,189.75,NA,NA,101.0,747.0,0.0
2026-03-16 05:00:00,NA,NA,21.0,50.5,24.5,60.25,11.33,1.0,16.75,2.0,16.75,NA,0.0,1.25,1.0,20.0,56.75,0.75,168.0,NA,NA,101.0,747.0,0.0
2026-03-16 06:00:00,NA,NA,20.5,50.0,24.0,55.75,10.75,1.0,19.5,2.25,14.75,NA,0.0,1.75,0.75,20.75,50.5,0.75,181.25,NA,NA,100.25,747.0,0.0
2026-03-16 07:00:00,NA,NA,28.75,41.0,43.25,53.0,8.67,1.0,18.75,3.0,9.75,NA,0.0,2.0,0.0,21.5,46.25,0.75,180.75,NA,NA,98.5,747.0,0.0
2026-03-16 08:00:00,NA,NA,33.75,38.0,37.5,48.5,7.75,2.0,21.25,3.0,9.75,NA,0.25,1.75,0.25,23.5,40.25,0.0,202.5,NA,NA,93.5,747.0,0.0
2026-03-16 09:00:00,NA,NA,23.75,34.5,31.0,60.5,9.67,1.0,22.0,3.0,11.25,NA,1.0,1.0,1.0,25.5,35.75,0.25,215.25,NA,NA,87.75,746.75,0.0
2026-03-16 10:00:00,47.5,83.0,29.0,42.75,35.25,56.25,8.5,1.5,22.0,3.0,11.0,NA,1.0,1.0,1.0,28.0,27.75,0.0,212.75,NA,NA,81.25,746.0,0.75
2026-03-16 11:00:00,29.5,72.0,16.5,34.75,28.25,59.25,7.33,0.67,23.5,3.0,11.0,NA,1.0,1.0,1.0,30.5,23.0,0.0,243.5,NA,NA,76.5,746.0,1.0
2026-03-16 12:00:00,47.5,73.75,23.25,42.75,43.0,62.75,8.0,0.0,27.25,3.0,11.25,NA,1.0,1.0,1.0,31.0,25.75,0.0,241.25,NA,NA,73.75,746.0,1.0
2026-03-16 13:00:00,NA,NA,31.25,31.5,35.0,51.5,7.0,0.0,31.75,3.0,11.0,NA,1.0,0.75,1.0,32.0,25.75,0.0,104.75,NA,NA,73.75,746.0,1.0
2026-03-16 14:00:00,37.5,64.5,28.5,37.5,29.25,51.0,7.0,0.0,31.25,3.0,11.0,NA,1.0,1.0,1.0,32.5,26.25,0.25,28.5,NA,NA,74.25,746.0,1.0
2026-03-16 15:00:00,38.25,64.5,21.5,23.0,46.0,50.75,8.33,0.0,33.25,3.0,11.0,NA,1.0,1.0,1.0,32.25,26.0,0.0,47.25,NA,NA,77.5,746.0,1.0
2026-03-16 16:00:00,80.25,117.75,13.5,39.5,43.5,62.25,8.75,0.0,34.25,3.0,11.25,NA,1.0,1.0,1.0,32.25,26.75,0.0,120.75,NA,NA,81.5,746.0,1.0
2026-03-16 17:00:00,54.67,132.0,27.33,30.0,47.33,71.33,2.0,0.0,30.33,3.0,11.33,NA,1.0,1.0,1.0,31.67,28.33,0.0,112.33,NA,NA,85.33,746.33,1.0
2026-03-16 18:00:00,38.5,159.5,38.0,44.75,62.5,70.0,2.0,0.0,14.75,2.75,12.25,NA,0.75,0.75,0.75,29.5,34.25,0.0,135.75,NA,NA,90.5,747.0,1.0
2026-03-16 19:00:00,43.25,198.0,38.25,45.0,62.5,71.0,7.67,1.0,8.25,2.0,16.0,NA,0.0,0.0,0.0,28.0,37.0,0.0,172.5,NA,NA,93.5,747.0,1.0
2026-03-16 20:00:00,66.75,223.5,19.5,29.25,31.25,74.75,8.0,0.5,12.75,2.75,14.5,NA,0.0,0.5,0.5,27.75,38.25,0.0,181.75,NA,NA,94.25,747.0,1.0
2026-03-16 21:00:00,74.25,210.25,25.75,34.25,29.0,66.5,7.67,1.0,11.5,3.25,13.0,NA,0.0,1.0,1.0,27.0,40.25,0.0,180.75,NA,NA,95.75,747.0,0.0
2026-03-16 22:00:00,60.5,191.75,25.0,47.0,37.5,65.75,8.75,1.0,14.75,2.25,14.0,NA,0.0,1.0,0.0,26.0,40.75,0.0,186.0,NA,NA,96.5,747.0,0.0
2026-03-16 23:00:00,45.0,191.0,25.0,47.33,37.33,65.0,13.5,1.0,13.67,2.0,14.67,NA,0.0,1.0,0.0,25.0,42.67,0.0,183.0,NA,NA,98.0,747.0,0.0
2026-03-17 00:00:00,53.75,191.25,NA,39.0,47.75,68.0,14.0,1.0,18.5,2.0,12.25,NA,0.0,1.0,1.0,24.5,44.0,0.0,174.67,NA,NA,99.0,747.0,0.0
2026-03-17 01:00:00,41.25,186.75,35.0,41.75,49.25,67.75,5.67,1.0,17.0,2.0,12.75,NA,0.0,1.0,1.0,24.0,47.25,0.0,241.0,NA,NA,100.0,747.0,0.0
2026-03-17 02:00:00,46.5,188.5,31.0,32.0,32.0,68.75,6.5,1.0,17.5,2.0,12.0,NA,0.0,1.0,1.0,23.5,51.5,0.0,244.75,NA,NA,100.0,747.0,0.0
2026-03-17 03:00:00,46.75,180.75,25.0,42.75,38.5,68.25,2.0,1.0,17.5,2.0,15.0,NA,0.0,1.0,1.25,22.5,55.0,0.0,182.67,NA,NA,100.0,747.0,0.0
2026-03-17 04:00:00,57.25,173.5,16.75,37.0,27.0,60.75,2.0,1.0,16.0,2.0,16.75,NA,0.0,1.0,1.0,22.75,52.75,0.0,193.33,NA,NA,100.75,747.0,0.0
2026-03-17 05:00:00,55.25,168.25,20.75,50.75,24.25,59.5,13.0,1.0,16.0,2.0,16.25,NA,0.0,1.0,1.5,22.75,49.75,0.0,165.75,NA,NA,100.0,747.0,0.0
2026-03-17 06:00:00,69.25,166.0,21.0,49.75,24.5,55.75,12.25,1.0,13.75,2.25,14.5,NA,0.0,1.0,0.75,22.0,51.25,0.0,143.75,NA,NA,100.0,747.0,0.0
2026-03-17 07:00:00,69.5,173.0,28.75,40.75,43.25,53.0,7.33,1.0,13.0,2.75,9.75,NA,0.0,2.0,0.0,23.5,45.75,0.25,38.0,NA,NA,98.5,747.0,0.0
2026-03-17 08:00:00,50.5,180.75,33.75,37.5,37.0,47.5,6.25,1.0,21.0,2.75,9.75,NA,0.25,1.75,0.25,25.0,39.75,1.0,28.25,NA,NA,92.0,747.0,0.0
2026-03-17 09:00:00,60.0,181.5,23.75,34.0,31.25,59.75,5.0,1.0,23.75,3.0,11.0,NA,1.0,1.0,1.0,27.0,37.75,1.0,28.75,NA,NA,85.5,746.25,0.25
2026-03-17 10:00:00,67.75,177.5,28.5,43.25,35.5,55.5,5.25,1.0,26.5,3.0,11.25,NA,1.0,1.0,1.0,29.75,34.5,0.5,46.0,NA,NA,80.0,746.0,1.0
2026-03-17 11:00:00,58.0,172.0,9.25,29.25,31.0,58.5,2.0,1.0,29.25,3.0,11.25,NA,1.0,1.0,1.0,31.5,28.0,0.75,35.0,NA,NA,76.5,746.0,1.0
2026-03-17 12:00:00,39.0,189.75,8.5,26.75,33.25,61.25,2.0,0.75,25.25,3.0,11.25,NA,1.0,0.75,1.0,33.25,20.0,0.0,71.25,NA,NA,72.25,746.0,1.0
2026-03-17 13:00:00,33.5,182.0,8.5,29.75,34.75,51.75,2.0,1.0,25.0,3.0,11.25,NA,1.0,1.0,1.0,34.25,14.75,0.0,97.75,NA,NA,70.25,746.0,1.0
2026-03-17 14:00:00,39.5,177.5,7.75,30.0,34.75,51.25,2.0,0.0,34.75,3.0,11.5,NA,1.0,1.0,1.0,34.0,15.0,0.0,146.75,NA,NA,72.25,746.0,1.0
2026-03-17 15:00:00,46.5,155.25,8.5,28.25,34.0,51.0,13.0,0.67,35.5,3.0,11.5,NA,1.0,1.0,1.0,34.25,15.0,0.0,88.75,NA,NA,75.75,746.0,1.0
2026-03-17 16:00:00,44.75,132.0,11.25,29.75,37.0,62.0,13.25,0.5,29.25,3.0,11.5,NA,1.0,1.0,1.0,33.5,16.0,0.0,128.5,NA,NA,80.5,746.0,1.0
2026-03-17 17:00:00,39.0,149.0,8.75,29.5,36.25,71.5,2.0,0.0,23.5,3.0,11.25,NA,1.0,1.0,1.0,32.25,20.0,0.25,154.0,NA,NA,85.5,747.0,1.0
2026-03-17 18:00:00,52.5,177.75,11.5,29.5,38.75,72.25,2.5,0.0,31.75,2.75,12.5,NA,0.75,0.75,0.75,29.75,32.25,0.5,195.0,NA,NA,89.5,747.0,1.0
2026-03-17 19:00:00,55.0,201.25,8.25,29.0,35.0,71.25,15.33,1.0,27.0,2.0,16.0,NA,0.0,0.0,0.0,28.5,34.0,0.0,196.0,NA,NA,92.0,747.0,1.0
2026-03-17 20:00:00,62.75,204.0,9.75,29.75,37.0,74.25,14.5,1.75,24.5,2.5,14.0,NA,0.0,0.5,0.5,28.0,33.75,0.0,197.5,NA,NA,93.5,747.0,1.0
2026-03-17 21:00:00,63.0,199.75,7.5,29.0,33.25,68.25,15.0,0.67,NA,3.25,13.0,NA,0.0,1.0,1.0,27.0,38.0,0.0,170.25,NA,NA,95.5,747.0,0.25
2026-03-17 22:00:00,72.75,193.25,8.0,27.25,34.0,64.75,16.0,0.25,11.67,2.25,14.0,NA,0.0,1.0,0.0,26.25,38.75,0.0,186.25,NA,NA,96.75,747.0,0.0
2026-03-17 23:00:00,78.67,200.33,12.67,28.0,39.67,65.33,3.5,1.0,12.0,2.0,13.67,NA,0.0,1.0,0.0,26.0,39.0,0.0,174.0,NA,NA,97.67,747.0,0.0
2026-03-18 00:00:00,73.5,194.5,9.5,27.75,35.5,68.25,4.25,0.5,NA,2.0,12.25,NA,0.0,1.0,1.0,25.25,40.75,0.0,189.5,NA,NA,98.0,747.0,0.0
2026-03-18 01:00:00,70.25,205.25,11.25,27.25,38.0,67.75,7.33,1.0,10.0,2.0,12.5,NA,0.0,1.0,1.0,25.0,41.25,0.0,193.5,NA,NA,98.0,747.0,0.0
2026-03-18 02:00:00,78.0,204.25,11.75,27.75,38.25,69.0,6.5,1.0,10.0,2.0,12.75,NA,0.0,1.0,1.0,24.0,43.0,0.0,167.5,NA,NA,99.0,747.0,0.0
2026-03-18 03:00:00,80.25,197.25,11.25,28.0,38.0,67.75,11.0,1.0,9.0,2.0,14.75,NA,0.0,1.0,1.0,23.0,48.0,0.0,164.5,NA,NA,100.25,747.0,0.0
2026-03-18 04:00:00,65.25,188.0,9.75,28.25,36.25,60.75,12.0,1.0,9.0,2.0,16.5,NA,0.0,1.5,1.0,23.0,49.5,0.0,169.75,NA,NA,101.0,747.0,0.0
2026-03-18 05:00:00,50.5,182.75,9.25,28.25,35.5,60.25,10.0,1.0,9.0,2.0,16.0,NA,0.0,1.5,1.0,22.0,52.5,NA,141.0,NA,NA,102.0,747.0,0.0
2026-03-18 06:00:00,57.0,200.0,6.25,27.25,33.25,56.0,10.75,1.0,9.5,2.25,14.75,NA,0.0,1.5,0.75,22.0,53.75,0.0,23.0,NA,NA,102.5,747.0,0.0
2026-03-18 07:00:00,46.0,239.75,10.0,27.0,37.25,51.25,9.0,1.0,13.75,3.0,9.25,NA,0.0,2.0,0.0,23.0,49.5,0.5,18.0,NA,NA,98.25,747.0,0.0
2026-03-18 08:00:00,47.0,253.5,12.0,27.0,38.5,47.25,9.0,1.0,14.0,3.0,10.0,NA,0.25,1.75,0.25,25.75,40.0,0.0,85.0,NA,NA,91.5,747.0,0.25
2026-03-18 09:00:00,34.75,213.0,8.0,27.5,34.0,60.5,9.33,0.33,23.0,3.0,10.75,NA,1.0,1.0,1.0,29.0,29.0,0.0,71.0,NA,NA,82.25,746.25,1.0
2026-03-18 10:00:00,38.0,167.0,8.25,27.5,36.75,56.25,6.75,0.75,22.5,3.0,11.0,NA,1.0,1.0,1.0,30.5,25.25,0.25,37.0,NA,NA,78.75,746.0,1.0
2026-03-18 11:00:00,60.0,155.0,8.75,27.0,36.25,57.5,2.0,1.0,40.0,3.0,11.25,NA,1.0,1.0,1.0,32.5,21.25,0.0,46.5,NA,NA,73.0,746.0,1.0
2026-03-18 12:00:00,60.0,137.5,9.0,28.5,36.0,62.5,2.0,1.0,44.5,3.0,11.0,NA,1.0,0.75,1.0,33.5,19.75,0.0,136.5,NA,NA,71.75,746.0,1.0
2026-03-18 13:00:00,61.25,137.0,7.25,28.5,35.0,51.75,2.0,1.0,45.5,3.0,11.25,NA,1.0,1.0,1.0,33.5,19.25,0.0,176.25,NA,NA,71.0,746.0,1.0
2026-03-18 14:00:00,68.0,139.75,7.75,27.25,34.75,51.25,2.0,1.0,40.5,3.0,11.25,NA,1.0,1.0,1.0,33.25,22.5,1.0,167.25,NA,NA,74.5,746.0,1.0
2026-03-18 15:00:00,77.0,151.0,6.0,29.5,33.0,51.0,4.0,1.0,35.0,3.0,11.5,NA,1.0,1.0,1.0,33.0,16.0,1.0,175.5,NA,NA,77.0,744.5,0.5
2026-03-18 16:00:00,60.75,95.0,9.5,28.0,36.5,67.33,3.67,0.0,36.0,3.0,11.25,NA,1.0,1.0,1.0,32.75,19.75,1.0,183.25,NA,NA,2.25,742.0,1.0
2026-03-18 17:00:00,74.0,108.5,8.0,28.25,34.25,78.25,4.67,0.0,36.5,3.0,11.0,NA,1.0,1.0,1.0,31.75,22.0,0.25,175.0,NA,NA,2.25,742.0,1.0
2026-03-18 18:00:00,72.75,130.5,9.5,29.75,37.25,77.75,5.0,1.0,28.0,2.75,12.25,NA,0.75,0.75,0.75,30.25,25.25,0.0,170.5,NA,NA,0.67,742.0,1.0
2026-03-18 19:00:00,75.5,140.25,8.0,29.75,35.25,78.0,12.33,1.0,19.75,2.0,16.0,NA,0.0,0.0,0.0,29.0,27.25,0.0,184.0,NA,NA,0.33,742.0,1.0
2026-03-18 20:00:00,87.0,155.75,10.75,28.75,37.0,83.0,13.5,0.0,21.0,2.75,14.25,NA,0.0,0.5,0.5,28.0,33.0,0.0,177.25,NA,NA,3.0,742.0,1.0
2026-03-18 21:00:00,83.0,166.0,9.25,28.25,36.5,74.0,2.0,0.0,15.25,3.5,12.75,NA,0.0,1.0,1.0,27.25,36.5,0.0,167.75,NA,NA,1.33,742.0,0.5
2026-03-18 22:00:00,85.25,165.5,9.25,29.0,36.5,71.0,2.0,0.0,14.5,2.25,13.75,NA,0.0,1.0,0.0,26.5,34.5,0.0,162.75,NA,NA,0.33,742.0,0.0
2026-03-18 23:00:00,86.33,180.33,12.0,27.33,37.0,71.33,5.0,0.0,15.67,2.0,14.33,NA,0.0,1.0,0.0,26.0,31.0,0.0,172.0,NA,NA,1.5,742.0,0.0
2026-03-19 00:00:00,81.5,173.25,8.0,27.75,34.5,75.5,6.25,0.0,13.25,2.0,12.75,NA,0.0,1.0,1.0,24.75,34.0,NA,NA,NA,NA,1.0,742.0,0.0
2026-03-19 01:00:00,60.25,172.5,8.0,28.5,34.75,75.75,8.0,0.5,11.75,2.0,12.25,NA,0.0,1.0,1.0,24.25,39.5,0.0,139.33,NA,NA,1.5,742.0,0.0
2026-03-19 02:00:00,53.25,176.75,7.75,27.75,33.25,75.25,9.5,0.0,21.5,2.0,12.25,NA,0.0,1.0,1.0,23.75,42.75,0.5,150.75,NA,NA,0.5,742.0,0.0
2026-03-19 03:00:00,61.5,169.0,7.25,27.25,33.75,76.0,2.0,0.0,25.0,2.0,15.0,NA,0.0,1.0,1.0,22.5,52.0,1.0,154.75,NA,NA,1.0,742.0,0.0
2026-03-19 04:00:00,71.75,142.75,8.25,28.5,34.75,67.75,2.0,0.67,26.25,2.0,16.0,NA,0.0,1.25,1.25,23.0,46.75,0.75,167.5,NA,NA,0.25,742.0,0.0
2026-03-19 05:00:00,62.75,129.0,7.0,28.25,34.5,66.25,2.0,1.0,23.75,2.0,16.5,NA,0.0,1.0,1.5,23.0,44.0,0.0,198.25,NA,NA,0.33,742.0,0.0
2026-03-19 06:00:00,56.5,119.75,5.5,29.5,34.5,61.75,2.0,0.0,20.25,2.25,15.0,NA,0.0,1.0,0.75,23.0,44.75,0.0,182.0,NA,NA,1.25,742.0,0.0
2026-03-19 07:00:00,58.5,132.5,5.5,27.0,34.5,56.75,8.67,0.0,20.25,3.0,9.5,NA,0.0,2.0,0.0,24.0,43.0,0.0,183.25,NA,NA,1.0,742.0,0.0
2026-03-19 08:00:00,61.25,136.0,6.75,28.5,34.25,52.5,8.75,0.33,24.0,2.75,10.0,NA,0.25,1.75,0.25,26.0,34.5,0.0,206.0,NA,NA,0.67,742.0,0.0
2026-03-19 09:00:00,78.75,129.5,9.25,29.25,37.75,67.5,9.33,0.25,33.0,3.0,11.25,NA,1.0,1.0,1.0,28.5,28.5,0.0,224.75,NA,NA,0.67,742.0,1.0
2026-03-19 10:00:00,86.5,117.0,9.0,28.0,37.25,62.5,9.25,0.0,35.75,3.0,11.0,NA,1.0,1.0,1.0,30.75,22.25,0.0,213.0,NA,NA,0.75,742.0,1.0
2026-03-19 11:00:00,78.5,113.75,10.5,27.5,37.0,65.5,6.33,0.75,38.5,3.0,11.0,NA,1.0,0.75,1.0,33.75,11.25,0.0,215.5,NA,NA,1.67,742.0,1.0
2026-03-19 12:00:00,59.75,88.5,9.5,29.25,34.5,68.0,6.25,0.0,44.25,3.0,11.0,NA,1.0,1.0,1.0,34.0,11.5,0.0,204.0,NA,NA,0.0,742.0,1.0
2026-03-19 13:00:00,56.5,92.0,8.0,28.0,35.75,57.75,9.33,0.0,43.25,3.0,11.0,NA,1.0,0.75,1.0,34.5,12.25,0.25,151.0,NA,NA,1.25,742.0,1.0
2026-03-19 14:00:00,65.0,106.0,7.5,27.25,35.75,57.0,7.5,0.0,45.25,3.0,11.5,NA,1.0,1.0,1.0,34.5,11.75,0.0,159.0,NA,NA,0.0,742.0,1.0
2026-03-19 15:00:00,48.25,91.75,7.5,29.5,36.75,55.75,5.67,0.0,41.75,3.0,11.0,NA,1.0,1.0,1.0,34.25,11.75,0.0,179.0,NA,NA,2.0,742.0,1.0
2026-03-19 16:00:00,41.0,72.75,8.75,29.25,36.75,69.75,5.0,0.33,33.75,3.0,11.0,NA,1.0,1.0,1.0,33.75,13.5,0.67,187.67,NA,NA,1.33,742.0,1.0
2026-03-19 17:00:00,41.0,79.33,7.67,29.0,33.33,79.33,3.0,0.33,28.0,3.0,11.0,NA,1.0,1.0,1.0,32.67,17.0,0.67,175.0,NA,NA,NA,742.0,1.0
2026-03-19 18:00:00,68.0,97.0,5.5,29.25,34.25,79.75,3.25,0.0,26.75,2.75,12.25,NA,0.75,0.75,0.75,30.5,25.0,0.33,178.33,NA,NA,0.75,742.0,1.0
2026-03-19 19:00:00,76.5,123.0,6.75,27.75,35.75,79.25,13.0,1.0,21.25,2.0,16.25,NA,0.0,0.0,0.0,29.25,28.25,NA,NA,NA,NA,0.5,742.0,1.0
2026-03-19 20:00:00,74.0,125.25,6.5,28.0,34.75,83.75,13.25,0.0,22.25,2.75,14.25,NA,0.0,0.5,0.5,28.5,29.25,1.0,169.5,NA,NA,0.5,742.0,1.0
2026-03-19 21:00:00,57.75,114.75,8.75,26.5,35.25,74.75,9.33,0.0,20.75,3.5,13.0,NA,0.0,1.0,1.0,27.25,32.0,0.25,175.25,NA,NA,0.0,742.0,0.5
2026-03-19 22:00:00,53.0,90.5,8.5,28.0,36.25,72.0,9.75,0.33,20.0,2.25,13.75,NA,0.0,1.0,0.0,26.5,35.0,0.0,177.5,NA,NA,0.5,742.0,0.0
2026-03-19 23:00:00,60.0,95.33,9.0,28.0,36.0,72.0,10.0,0.0,15.67,2.0,14.67,NA,0.0,1.0,0.0,26.0,36.33,0.0,200.67,NA,NA,1.0,742.0,0.0
2026-03-20 00:00:00,65.75,110.0,8.75,28.5,34.25,75.5,10.5,0.33,13.75,2.0,12.0,NA,0.0,1.0,1.0,25.0,39.0,0.0,182.5,NA,NA,0.0,742.0,0.0
2026-03-20 01:00:00,78.0,113.0,5.25,29.75,33.5,76.25,12.0,0.0,11.5,2.0,12.5,NA,0.0,1.0,1.0,24.0,44.5,0.0,151.25,NA,NA,0.0,742.0,0.0
2026-03-20 02:00:00,87.0,121.75,5.0,28.75,34.0,75.75,12.25,0.0,11.75,2.0,12.25,NA,0.0,1.0,1.0,23.0,47.75,0.0,147.5,NA,NA,0.0,742.0,0.0
2026-03-20 03:00:00,85.75,122.75,8.0,28.5,36.75,75.75,6.0,0.0,11.0,2.0,15.0,NA,0.0,1.25,1.0,23.0,48.0,0.5,154.25,NA,NA,0.5,742.0,0.0
2026-03-20 04:00:00,82.0,115.25,9.0,27.75,36.25,67.0,5.5,0.0,12.0,2.0,16.75,NA,0.0,1.0,1.25,22.0,56.75,0.5,161.0,NA,NA,0.67,742.0,0.0
2026-03-20 05:00:00,75.5,117.5,6.0,28.25,34.0,66.75,3.0,0.0,12.25,2.0,16.5,NA,0.0,1.5,1.25,22.0,58.75,0.0,204.25,NA,NA,1.67,742.0,0.0
2026-03-20 06:00:00,73.0,121.25,7.5,27.5,35.25,62.5,3.25,0.0,11.25,2.0,14.75,NA,0.0,1.5,1.0,22.0,58.5,0.0,202.0,NA,NA,0.67,742.0,0.0
2026-03-20 07:00:00,84.25,125.5,8.25,28.0,35.5,58.25,2.67,0.0,10.0,3.0,9.5,NA,0.0,2.0,0.0,22.0,60.0,0.25,153.75,NA,NA,1.0,742.0,0.0
2026-03-20 08:00:00,79.25,136.75,8.75,31.25,37.5,51.75,3.5,0.0,13.0,3.0,9.75,NA,0.25,1.75,0.25,22.0,62.5,0.75,162.75,NA,NA,0.0,742.0,0.0
2026-03-20 09:00:00,84.0,140.0,8.25,27.75,36.25,67.25,9.33,0.0,11.5,3.0,11.0,NA,1.0,1.0,1.0,22.75,61.5,1.0,115.5,NA,NA,NA,742.0,0.0
2026-03-20 10:00:00,87.5,139.75,10.0,26.5,35.25,62.75,8.5,0.0,13.75,3.0,11.0,NA,1.0,1.0,1.0,19.75,95.0,0.25,87.0,NA,NA,2.5,742.0,0.0
2026-03-20 11:00:00,76.75,151.75,9.25,28.75,36.75,65.0,2.0,0.0,9.75,3.0,11.25,NA,1.0,1.0,1.0,20.5,90.5,0.0,146.75,NA,NA,5.0,742.0,0.0
2026-03-20 12:00:00,64.25,142.25,10.5,28.25,39.0,68.25,2.5,0.0,13.75,3.0,11.0,NA,1.0,1.0,1.0,23.25,73.25,0.0,55.75,NA,NA,7.25,742.0,0.0
2026-03-20 13:00:00,76.25,131.75,8.75,27.5,37.0,57.0,6.33,0.0,11.5,3.0,11.0,NA,1.0,1.0,1.0,22.75,70.75,0.5,50.75,NA,NA,5.25,742.0,0.0
2026-03-20 14:00:00,76.75,113.75,8.25,27.75,35.75,56.75,6.25,0.0,9.75,3.0,11.5,NA,1.0,1.0,1.0,21.5,82.25,0.0,108.0,NA,NA,6.25,742.0,0.0
2026-03-20 15:00:00,61.5,97.75,7.5,28.0,31.5,56.5,2.0,0.0,13.0,3.0,11.0,NA,1.0,1.0,1.0,21.0,86.5,1.25,158.25,NA,NA,6.5,742.0,0.0
2026-03-20 16:00:00,52.75,73.25,7.75,29.5,33.75,68.25,2.0,0.0,13.75,3.0,11.25,NA,1.0,1.0,1.0,21.0,85.5,1.25,161.5,NA,NA,6.0,742.0,0.0
2026-03-20 17:00:00,61.0,62.0,10.5,27.75,35.25,78.0,2.0,0.0,12.75,3.0,11.25,NA,1.0,1.0,1.0,20.75,89.5,0.5,193.75,NA,NA,6.0,742.0,0.0
2026-03-20 18:00:00,NA,NA,12.25,27.75,38.5,78.25,2.0,0.0,10.75,2.75,12.25,NA,0.75,0.75,0.75,20.0,92.75,0.25,197.25,NA,NA,6.0,742.0,0.0
2026-03-20 19:00:00,72.0,84.0,14.25,29.25,41.5,77.75,4.33,0.0,14.0,2.0,16.0,NA,0.0,0.0,0.0,20.0,91.25,0.0,182.5,NA,NA,5.75,742.0,0.0
2026-03-20 20:00:00,72.0,82.25,9.5,29.0,34.25,82.5,4.0,0.0,17.0,2.75,14.5,NA,0.0,0.5,0.5,20.0,87.0,0.0,171.0,NA,NA,4.75,742.0,0.0
2026-03-20 21:00:00,72.0,78.0,10.75,28.25,38.5,74.0,4.0,1.0,11.0,3.25,13.0,NA,0.0,1.0,1.0,19.0,94.0,0.0,155.25,NA,NA,5.25,742.0,0.0
2026-03-20 22:00:00,NA,NA,8.5,27.5,34.5,72.0,5.0,0.0,8.25,2.25,13.75,NA,0.0,1.0,0.0,19.0,99.0,0.0,86.25,NA,NA,6.5,742.0,0.0
2026-03-20 23:00:00,53.67,77.67,9.67,28.33,38.33,69.33,10.5,0.0,9.67,2.0,13.67,NA,0.0,1.0,0.0,19.0,NA,1.0,42.67,NA,NA,4.67,742.0,0.0
2026-03-21 00:00:00,34.75,87.25,11.75,26.0,36.0,76.0,10.75,0.0,8.75,2.0,12.0,NA,0.0,1.0,1.0,19.0,NA,0.25,29.0,NA,NA,4.25,742.0,0.0
2026-03-21 01:00:00,54.0,78.75,8.0,27.75,33.5,75.5,2.67,0.0,8.75,2.0,12.75,NA,0.0,1.0,1.0,19.0,NA,0.0,30.0,NA,NA,3.25,742.0,0.0
2026-03-21 02:00:00,61.25,67.5,8.5,27.75,33.75,76.0,2.25,0.0,12.25,2.0,12.5,NA,0.0,1.0,0.75,19.0,NA,0.0,35.0,NA,NA,4.75,742.0,0.0
2026-03-21 03:00:00,56.67,62.33,11.25,26.75,38.75,75.25,4.33,0.0,8.5,2.0,14.5,NA,0.0,1.25,1.0,19.0,NA,0.25,42.75,NA,NA,4.75,742.0,0.0
2026-03-21 04:00:00,NA,NA,7.5,27.75,36.25,67.25,4.5,0.0,9.75,2.0,16.5,NA,0.0,1.0,1.25,19.0,NA,0.0,59.5,NA,NA,6.5,742.0,0.0
2026-03-21 05:00:00,43.0,44.0,8.0,28.75,36.0,66.5,5.0,0.0,12.25,2.0,16.5,NA,0.0,1.5,1.25,18.25,NA,0.0,106.75,NA,NA,6.5,742.0,0.0
2026-03-21 06:00:00,43.0,44.0,8.5,28.5,35.5,62.25,5.25,1.0,11.5,2.25,15.25,NA,0.0,1.5,1.25,18.0,NA,0.25,150.25,NA,NA,5.5,742.0,0.0
2026-03-21 07:00:00,NA,NA,11.25,28.5,39.5,57.0,3.33,1.0,11.25,3.0,9.75,NA,0.0,1.75,0.0,18.0,99.0,0.25,153.0,NA,NA,4.5,742.0,0.0
2026-03-21 08:00:00,NA,NA,7.25,28.25,35.25,52.5,2.25,1.0,12.75,2.75,9.75,NA,0.25,1.75,0.25,19.5,88.5,0.25,153.0,NA,NA,4.5,742.0,0.0
2026-03-21 09:00:00,NA,NA,9.75,28.75,36.75,67.25,3.33,1.0,15.0,3.0,11.25,NA,1.0,1.0,1.0,20.5,77.5,0.5,157.25,NA,NA,5.25,742.0,0.0
2026-03-21 10:00:00,47.0,54.0,14.5,27.0,36.75,62.0,2.25,0.67,16.25,3.0,11.0,NA,1.0,1.0,1.0,22.0,69.25,0.25,162.5,NA,NA,6.25,742.0,0.0
2026-03-21 11:00:00,43.0,41.25,7.25,29.75,34.25,65.75,2.0,1.0,21.5,3.0,11.0,NA,1.0,1.0,1.0,22.75,63.5,0.0,161.5,NA,NA,6.0,742.0,0.0
2026-03-21 12:00:00,2.0,39.5,5.75,28.25,34.0,69.75,2.0,1.0,24.25,3.0,11.0,NA,1.0,1.0,1.0,23.25,59.75,0.0,181.0,NA,NA,0.25,742.0,0.0
2026-03-21 13:00:00,18.25,49.25,10.5,27.75,37.5,57.5,8.0,1.0,21.5,3.0,11.25,NA,1.0,1.0,1.0,23.25,61.75,0.0,189.75,NA,NA,2.0,742.0,0.0
2026-03-21 14:00:00,42.25,57.5,7.75,28.0,34.25,57.0,7.0,0.0,24.25,3.0,11.25,NA,1.0,1.0,1.0,24.5,57.0,0.0,173.0,NA,NA,0.0,742.0,0.0
2026-03-21 15:00:00,44.0,70.5,7.5,28.5,35.75,56.5,2.0,0.0,24.0,3.0,11.0,NA,1.0,0.75,1.0,25.0,52.0,0.0,149.5,NA,NA,1.0,742.0,0.0
2026-03-21 16:00:00,43.0,81.75,8.5,28.75,36.25,70.0,2.0,0.67,20.75,3.0,11.0,NA,1.0,1.0,1.0,24.0,57.75,0.0,203.0,NA,NA,2.0,742.0,0.0
2026-03-21 17:00:00,47.0,80.5,13.5,29.0,40.0,78.5,6.0,1.0,23.25,3.0,11.0,NA,1.0,1.0,1.0,23.75,58.25,0.0,171.25,NA,NA,2.0,742.0,0.0
2026-03-21 18:00:00,36.75,68.0,9.0,28.5,35.0,77.0,5.25,0.0,20.25,2.75,12.0,NA,0.75,0.75,0.75,23.0,61.5,0.0,199.25,NA,NA,0.0,742.0,0.0
2026-03-21 19:00:00,21.0,75.5,11.0,30.75,38.75,78.75,2.0,0.0,18.25,2.0,16.0,NA,0.0,0.0,0.0,23.0,61.5,0.0,183.75,NA,NA,2.67,742.0,0.0
2026-03-21 20:00:00,23.25,79.0,7.75,29.5,35.25,83.75,2.0,1.0,12.75,2.75,14.25,NA,0.0,0.5,0.5,22.5,65.5,0.0,31.5,NA,NA,0.5,742.0,0.0
2026-03-21 21:00:00,36.5,83.75,7.5,29.0,36.25,73.25,6.67,0.5,14.25,3.5,13.0,NA,0.0,0.75,1.0,22.0,66.5,0.0,178.75,NA,NA,0.0,742.0,0.0
2026-03-21 22:00:00,29.75,119.25,8.25,28.25,34.5,73.25,9.5,0.33,7.75,2.25,13.75,NA,0.0,1.0,0.0,21.5,69.5,0.0,247.25,NA,NA,3.75,742.0,0.0
2026-03-21 23:00:00,27.33,139.67,5.67,28.67,33.67,72.0,4.0,0.67,5.67,2.0,14.33,NA,0.0,1.0,0.0,21.0,74.0,0.0,237.67,NA,NA,6.67,742.0,0.0
2026-03-22 00:00:00,41.75,123.0,9.0,28.5,36.75,75.25,4.5,0.0,5.75,2.0,12.5,NA,0.0,1.0,1.0,20.25,80.25,0.0,240.25,NA,NA,5.25,742.0,0.0
2026-03-22 01:00:00,35.75,110.5,9.5,26.0,35.5,76.0,10.67,0.0,6.5,2.0,12.25,NA,0.0,1.0,0.75,20.0,84.0,0.0,164.5,NA,NA,5.25,742.0,0.0
2026-03-22 02:00:00,34.75,115.25,9.5,27.75,34.0,75.75,11.0,0.0,8.5,2.0,12.5,NA,0.0,1.0,1.0,20.0,85.75,0.0,110.5,NA,NA,7.75,742.0,0.0
2026-03-22 03:00:00,51.75,119.0,6.5,26.5,31.75,75.5,2.0,0.0,6.75,2.0,14.5,NA,0.0,1.0,0.75,19.5,87.25,0.0,77.5,NA,NA,8.75,742.0,0.0
2026-03-22 04:00:00,60.25,111.75,9.75,28.75,37.75,67.75,2.0,0.0,5.75,2.0,16.5,NA,0.0,1.75,1.25,19.0,92.75,0.0,172.25,NA,NA,7.75,742.0,0.0
2026-03-22 05:00:00,51.5,104.5,9.0,29.25,36.5,66.75,3.0,0.0,7.0,2.0,16.0,NA,0.0,1.5,1.25,19.0,95.25,0.0,132.25,NA,NA,8.0,742.0,0.0
2026-03-22 06:00:00,55.0,90.0,8.75,28.75,33.25,62.5,3.25,0.0,6.0,2.25,15.0,NA,0.0,1.25,1.25,19.0,93.5,0.0,38.0,NA,NA,6.5,742.0,0.0
2026-03-22 07:00:00,64.0,85.0,14.25,28.5,40.0,58.5,4.33,0.0,7.25,2.75,9.75,NA,0.0,2.0,0.0,20.0,86.25,0.25,55.0,NA,NA,7.0,742.0,0.0
2026-03-22 08:00:00,73.0,92.25,8.5,28.0,36.0,52.0,3.75,0.67,18.5,3.0,10.0,NA,0.25,1.75,0.25,22.0,69.0,0.0,135.25,NA,NA,6.25,742.0,0.0
2026-03-22 09:00:00,85.5,96.25,8.25,28.25,35.25,66.75,5.0,1.0,24.75,3.0,11.25,NA,1.0,1.0,1.0,23.25,60.5,0.25,156.25,NA,NA,4.25,742.0,0.0
2026-03-22 10:00:00,81.75,90.5,7.25,27.25,31.75,62.25,6.25,0.67,28.75,3.0,11.0,NA,1.0,1.0,1.0,25.25,50.5,0.0,153.75,NA,NA,4.67,742.0,0.0
2026-03-22 11:00:00,75.0,83.0,9.5,27.75,35.75,65.25,4.67,1.0,35.25,3.0,11.25,NA,1.0,1.0,1.0,26.25,43.75,0.25,143.25,NA,NA,3.0,742.0,0.0
2026-03-22 12:00:00,NA,NA,11.0,27.75,38.25,68.75,5.0,0.0,30.0,3.0,11.0,NA,1.0,1.0,1.0,27.25,36.5,0.5,160.5,NA,NA,2.75,742.0,0.5
2026-03-22 13:00:00,NA,NA,8.0,28.25,36.5,58.0,2.0,0.0,33.25,3.0,11.0,NA,1.0,1.0,1.0,28.5,31.25,0.25,145.5,NA,NA,1.0,742.0,1.0
2026-03-22 14:00:00,48.0,60.0,10.25,27.75,37.0,56.25,2.0,0.0,34.5,3.0,11.25,NA,1.0,1.0,1.0,29.0,29.0,0.25,153.5,NA,NA,2.25,742.0,1.0
2026-03-22 15:00:00,51.75,62.75,9.5,26.5,35.25,57.25,2.0,0.0,36.5,3.0,11.0,NA,1.0,1.0,1.0,29.75,26.75,0.25,144.75,NA,NA,1.0,742.0,1.0
2026-03-22 16:00:00,47.0,71.5,8.5,27.25,36.0,69.25,2.5,0.67,36.5,3.0,11.0,NA,1.0,1.0,1.0,29.75,25.5,0.0,114.5,NA,NA,0.67,742.0,1.0
2026-03-22 17:00:00,45.67,77.0,6.67,31.0,35.67,78.0,14.0,1.0,34.67,3.0,11.0,NA,1.0,1.0,1.0,28.67,24.67,0.0,145.67,NA,NA,1.5,742.0,1.0
2026-03-22 18:00:00,47.5,77.0,7.25,27.75,35.5,78.0,13.25,0.67,25.5,2.75,12.25,NA,0.75,0.75,0.75,27.25,27.5,0.0,162.0,NA,NA,1.5,742.0,0.5
2026-03-22 19:00:00,42.0,76.0,8.5,27.5,34.75,78.25,4.33,1.0,17.25,2.0,16.0,NA,0.0,0.0,0.0,26.0,31.5,0.0,79.0,NA,NA,1.33,742.0,0.0
2026-03-22 20:00:00,53.75,97.0,8.75,27.0,36.25,83.0,6.0,0.0,12.25,2.75,14.25,NA,0.0,0.5,0.5,25.25,35.75,0.0,114.67,NA,NA,1.25,742.0,0.0
2026-03-22 21:00:00,57.5,134.75,7.75,26.75,33.75,74.25,11.0,0.25,8.25,3.0,13.0,NA,0.0,1.0,1.0,24.0,40.5,0.0,119.0,NA,NA,1.0,742.0,0.0
2026-03-22 22:00:00,59.5,158.75,9.75,28.5,38.25,72.5,13.5,0.0,8.0,2.25,13.5,NA,0.0,1.0,0.0,23.75,44.75,0.0,42.5,NA,NA,0.5,742.0,0.0
2026-03-22 23:00:00,61.0,170.0,9.33,28.0,36.0,73.33,5.0,0.67,9.33,2.0,14.0,NA,0.0,1.0,0.0,22.0,50.33,NA,NA,NA,NA,1.67,742.0,0.0
2026-03-23 00:00:00,55.5,184.5,10.25,25.25,32.75,76.25,10.0,0.0,6.25,2.0,12.5,NA,0.0,1.0,1.0,22.0,51.25,NA,161.0,NA,NA,2.75,742.0,0.0
2026-03-23 01:00:00,53.25,174.0,12.5,27.75,37.25,75.5,9.67,0.0,11.0,2.0,12.5,NA,0.0,1.0,1.0,21.25,52.25,NA,NA,NA,NA,2.33,742.0,0.0
2026-03-23 02:00:00,44.0,154.25,8.5,27.0,33.75,74.75,9.25,0.0,13.0,2.0,12.5,NA,0.0,1.0,1.0,21.0,53.75,0.0,124.75,NA,NA,3.25,742.0,0.0
2026-03-23 03:00:00,49.5,143.0,11.0,29.25,34.0,75.25,10.0,0.0,15.25,2.0,15.25,NA,0.0,1.0,1.0,20.5,55.25,NA,NA,NA,NA,2.5,742.0,0.0
2026-03-23 04:00:00,50.25,133.5,13.75,28.25,39.5,67.25,9.0,0.0,11.25,2.0,16.25,NA,0.0,1.0,1.25,20.0,60.0,0.0,41.0,NA,NA,1.5,742.0,0.0
2026-03-23 05:00:00,49.5,133.25,7.5,28.75,32.25,66.5,13.33,0.0,8.25,2.0,16.0,NA,0.0,1.25,1.25,19.25,65.0,NA,NA,NA,NA,1.25,742.0,0.0
2026-03-23 06:00:00,67.0,137.5,13.75,26.75,40.75,61.5,13.5,0.0,8.25,2.25,14.5,NA,0.0,1.5,0.75,19.5,66.75,NA,NA,NA,NA,2.25,742.0,0.0
2026-03-23 07:00:00,81.25,140.0,9.25,29.25,36.75,58.5,6.0,0.75,11.25,2.75,9.5,NA,0.0,2.0,0.0,22.5,56.25,NA,204.0,NA,NA,3.25,742.0,0.0
2026-03-23 08:00:00,75.25,149.0,11.0,28.0,38.25,53.25,6.0,1.0,16.5,2.75,10.25,NA,0.25,1.75,0.25,25.0,48.5,0.0,107.0,NA,NA,1.0,742.0,0.0
2026-03-23 09:00:00,63.75,159.25,9.0,27.5,37.0,66.75,2.67,1.0,26.0,3.0,11.0,NA,1.0,0.75,1.0,26.5,40.75,0.0,59.0,NA,NA,1.0,742.0,0.25
2026-03-23 10:00:00,59.25,160.5,9.25,27.75,33.5,62.5,2.25,0.33,36.75,3.0,11.75,NA,1.0,1.0,1.0,28.5,35.25,0.0,88.25,NA,NA,1.25,742.0,1.0
2026-03-23 11:00:00,64.5,140.5,9.0,27.75,32.75,64.75,5.33,1.0,37.75,3.0,11.5,NA,1.0,0.75,1.0,29.5,30.25,0.0,106.25,NA,NA,2.33,742.0,1.0
2026-03-23 12:00:00,61.5,105.0,15.5,29.25,40.5,70.0,3.0,0.0,36.0,3.0,11.25,NA,1.0,1.0,1.0,30.0,27.0,0.75,159.0,NA,NA,2.0,742.0,1.0
2026-03-23 13:00:00,62.75,82.75,9.25,28.75,36.5,58.25,2.0,0.0,35.5,3.0,11.25,NA,1.0,1.0,1.0,29.5,29.25,1.0,160.25,NA,NA,0.0,742.0,1.0
2026-03-23 14:00:00,74.75,81.25,6.0,28.5,35.25,57.5,2.0,1.0,35.5,3.0,11.25,NA,1.0,1.0,1.0,29.0,30.75,1.25,155.25,NA,NA,50.0,742.0,1.0
2026-03-23 15:00:00,73.5,97.0,10.5,27.75,37.75,56.75,5.33,0.5,35.0,3.0,11.0,NA,1.0,1.0,1.0,29.0,33.0,1.0,158.25,NA,NA,124.5,742.0,1.0
2026-03-23 16:00:00,69.5,111.25,8.25,28.25,37.25,70.0,5.0,0.0,30.75,3.0,11.25,NA,1.0,1.0,1.0,28.0,36.5,1.25,154.5,NA,NA,124.25,742.0,0.75
2026-03-23 17:00:00,71.0,115.0,8.25,28.25,36.5,78.0,9.67,0.0,28.25,3.0,11.25,NA,1.0,1.0,1.0,26.25,45.5,0.25,155.25,NA,NA,125.75,742.0,0.0
2026-03-23 18:00:00,86.25,111.5,9.75,29.0,38.0,79.75,10.0,0.0,18.25,2.75,12.25,NA,0.75,0.75,0.75,25.5,47.75,0.0,162.75,NA,NA,125.75,742.0,0.0
2026-03-23 19:00:00,95.25,109.5,7.25,29.5,35.5,77.75,6.0,1.0,11.0,2.0,16.0,NA,0.0,0.0,0.0,25.0,49.25,0.0,178.75,NA,NA,126.25,742.0,0.0
2026-03-23 20:00:00,79.75,109.25,9.5,27.25,35.0,83.25,6.75,0.0,17.5,2.5,14.25,NA,0.0,0.5,0.5,24.25,52.25,0.0,182.5,NA,NA,127.5,742.0,0.0
2026-03-23 21:00:00,72.25,112.75,10.0,27.5,36.25,72.75,2.0,0.0,16.25,3.5,13.0,NA,0.0,1.0,1.0,23.25,56.5,0.0,183.25,NA,NA,127.75,742.0,0.0
2026-03-23 22:00:00,73.5,130.5,11.25,28.25,36.0,75.0,2.0,1.0,10.0,2.25,14.0,NA,0.0,1.0,0.0,22.75,60.5,0.0,176.25,NA,NA,128.0,742.0,0.0
2026-03-23 23:00:00,76.67,141.67,19.67,25.33,39.67,72.0,6.0,0.33,12.33,2.0,14.0,NA,0.0,1.0,0.0,22.0,61.33,0.0,178.33,NA,NA,127.33,742.0,0.0
2026-03-24 00:00:00,70.75,120.5,21.5,27.0,39.75,75.5,6.25,0.33,13.5,2.0,12.0,NA,0.0,1.0,1.0,21.25,65.0,0.0,189.0,NA,NA,126.5,742.0,0.0
2026-03-24 01:00:00,58.0,109.5,15.75,27.25,38.0,75.5,5.33,0.75,10.75,2.0,12.5,NA,0.0,1.0,0.75,20.5,69.75,0.0,69.0,NA,NA,126.5,742.0,0.0
2026-03-24 02:00:00,61.25,117.75,8.75,27.5,35.25,75.5,5.5,0.0,7.0,2.0,12.25,NA,0.0,1.0,1.0,20.0,71.25,NA,NA,NA,NA,127.0,742.0,0.0
2026-03-24 03:00:00,56.25,122.75,9.75,28.0,34.25,75.5,9.0,0.0,6.0,2.0,14.5,NA,0.0,1.25,1.25,20.0,72.75,NA,149.0,NA,NA,126.25,742.0,0.0
2026-03-24 04:00:00,51.0,126.75,12.0,28.75,37.0,67.75,11.0,0.67,8.0,2.0,16.25,NA,0.0,1.25,1.0,20.0,76.25,0.0,150.0,NA,NA,127.0,742.0,0.0
2026-03-24 05:00:00,65.5,129.0,9.5,28.0,35.75,66.75,2.0,0.5,9.25,2.0,16.25,NA,0.0,1.5,1.25,19.5,78.0,0.0,146.0,NA,NA,126.25,742.0,0.0
2026-03-24 06:00:00,82.5,128.0,9.0,30.0,38.0,62.5,2.0,0.0,7.0,2.25,14.5,NA,0.0,1.25,0.75,19.25,78.5,0.0,149.0,NA,NA,127.25,742.0,0.0
2026-03-24 07:00:00,105.0,114.0,9.0,27.25,36.25,57.75,12.0,0.5,14.75,3.0,9.75,NA,0.0,2.0,0.0,21.75,66.0,0.0,140.0,NA,NA,127.5,742.0,0.0
2026-03-24 08:00:00,89.25,118.25,13.25,27.5,39.25,53.25,11.5,0.0,22.0,3.0,10.0,NA,0.5,1.75,0.25,23.75,56.25,0.0,162.25,NA,NA,126.0,742.0,0.0
2026-03-24 09:00:00,80.5,110.0,8.5,29.5,37.25,67.75,4.33,0.0,27.25,3.0,11.0,NA,1.0,1.0,1.0,25.0,52.75,0.0,173.0,NA,NA,125.75,742.0,0.0
2026-03-24 10:00:00,73.75,98.5,18.25,29.0,44.0,63.25,4.5,1.0,29.0,3.0,11.0,NA,1.0,1.0,1.0,27.25,43.75,0.25,158.0,NA,NA,127.5,742.0,0.5
2026-03-24 11:00:00,76.0,91.0,10.25,29.25,39.0,65.5,7.67,1.0,32.25,3.0,11.0,NA,1.0,0.75,1.0,28.75,37.0,0.0,132.5,NA,NA,125.75,742.0,1.0
2026-03-24 12:00:00,79.25,106.0,8.75,28.0,37.0,74.0,8.5,0.0,32.75,3.0,11.25,NA,1.0,0.75,1.0,30.0,33.0,0.25,98.5,NA,NA,124.75,742.0,1.0
2026-03-24 13:00:00,38.5,87.25,7.5,27.5,32.75,63.0,11.0,0.0,33.5,3.0,10.75,NA,1.0,1.0,1.0,30.75,29.25,1.0,162.25,NA,NA,125.0,742.0,1.0
2026-03-24 14:00:00,66.75,100.5,7.5,28.5,34.75,61.75,7.5,0.0,30.25,3.0,11.25,NA,1.0,1.0,1.0,31.75,26.5,0.25,135.75,NA,NA,125.0,742.0,1.0
2026-03-24 15:00:00,75.75,126.5,11.0,27.0,37.0,61.25,10.0,0.0,26.0,3.0,11.25,NA,1.0,1.0,1.0,31.5,27.75,0.5,150.75,NA,NA,125.25,742.0,1.0
2026-03-24 16:00:00,59.5,128.75,8.75,28.75,37.25,74.0,9.0,0.0,25.0,3.0,11.25,NA,1.0,1.0,1.0,30.75,28.75,0.75,162.0,NA,NA,123.75,742.0,1.0
2026-03-24 17:00:00,49.0,131.5,8.5,28.25,34.75,85.5,2.0,0.25,23.0,3.0,11.25,NA,1.0,0.75,1.0,29.75,30.25,1.0,158.5,NA,NA,124.5,742.0,1.0
2026-03-24 18:00:00,39.25,138.0,7.75,29.25,37.5,84.25,2.0,1.0,15.75,2.75,12.25,NA,0.75,0.75,0.75,28.5,33.5,0.0,156.0,NA,NA,125.5,742.0,1.0
2026-03-24 19:00:00,33.0,144.25,8.0,27.75,35.5,84.25,2.0,1.5,12.75,2.0,16.0,NA,0.0,0.0,0.0,28.0,36.25,0.0,141.5,NA,NA,124.5,742.0,1.0
2026-03-24 20:00:00,47.75,136.75,6.75,28.5,34.75,88.75,2.0,0.0,14.5,2.5,14.25,NA,0.0,0.5,0.5,27.25,35.0,0.0,153.25,NA,NA,125.5,742.0,0.5
2026-03-24 21:00:00,51.0,140.25,6.75,30.25,36.25,78.75,5.0,0.0,9.25,3.5,13.25,NA,0.0,1.0,1.0,26.0,39.25,0.0,194.0,NA,NA,126.25,742.0,0.0
2026-03-24 22:00:00,49.25,186.75,6.75,28.75,33.75,78.25,7.5,0.0,5.5,2.25,14.0,NA,0.0,1.0,0.0,24.75,47.0,0.0,131.0,NA,NA,125.0,742.0,0.0
2026-03-24 23:00:00,55.67,225.33,6.67,27.33,34.33,77.67,3.5,0.67,6.33,2.0,14.33,NA,0.0,1.0,0.0,24.0,51.0,NA,NA,NA,NA,124.0,742.0,0.0
2026-03-25 00:00:00,70.75,235.75,7.0,29.5,36.0,80.5,4.25,0.0,6.75,2.0,12.25,NA,0.0,1.0,1.0,23.0,55.25,0.0,116.5,NA,NA,126.25,742.0,0.0
2026-03-25 01:00:00,71.25,224.25,6.0,27.5,35.0,80.75,7.33,0.0,7.25,2.0,12.0,NA,0.0,1.0,0.75,22.25,58.5,NA,52.0,NA,NA,126.75,742.0,0.0
2026-03-25 02:00:00,57.0,185.5,7.25,27.5,35.5,80.75,8.0,0.0,8.75,2.0,12.25,NA,0.0,1.0,1.0,22.0,60.0,0.0,51.5,NA,NA,125.25,742.0,0.0
2026-03-25 03:00:00,54.25,170.5,9.5,27.25,37.25,80.5,14.33,0.0,12.75,2.0,15.25,NA,0.0,1.0,1.25,22.0,58.75,0.0,193.0,NA,NA,127.5,742.0,0.0
2026-03-25 04:00:00,51.5,174.25,8.0,28.75,37.0,73.0,14.25,0.0,18.25,2.0,16.0,NA,0.0,1.25,1.0,22.0,59.25,0.0,118.75,NA,NA,128.25,742.0,0.0
2026-03-25 05:00:00,56.5,174.5,8.5,27.75,36.75,72.0,2.0,0.0,16.5,2.0,16.5,NA,0.0,1.5,1.0,21.25,61.25,0.0,111.0,NA,NA,127.25,742.0,0.0
2026-03-25 06:00:00,67.75,179.75,9.5,28.25,37.5,67.5,2.0,0.0,20.0,2.0,14.5,NA,0.0,1.5,0.75,21.5,59.25,0.0,163.75,NA,NA,126.0,742.0,0.0
2026-03-25 07:00:00,74.5,182.75,6.0,27.5,33.25,63.75,2.0,0.75,22.75,3.0,9.0,NA,0.0,2.0,0.0,23.5,53.5,0.5,164.0,NA,NA,126.0,742.0,0.0
2026-03-25 08:00:00,66.75,157.0,8.5,26.75,36.0,55.75,2.0,0.0,25.5,3.0,9.75,NA,0.25,1.75,0.25,25.0,49.0,0.0,162.75,NA,NA,125.0,742.0,0.0
2026-03-25 09:00:00,64.5,139.0,9.25,28.25,37.25,71.25,5.67,0.0,33.0,3.0,11.0,NA,1.0,1.0,1.0,27.75,39.0,0.25,138.5,NA,NA,124.5,742.0,0.75
2026-03-25 10:00:00,65.75,142.5,6.0,29.25,33.25,67.0,4.25,1.0,34.75,3.0,11.75,NA,1.0,1.0,1.0,29.0,30.5,0.0,93.0,NA,NA,124.75,742.0,1.0
2026-03-25 11:00:00,72.5,142.0,6.0,28.25,34.75,70.0,2.0,1.0,33.75,3.0,11.25,NA,1.0,1.0,1.0,30.75,22.5,0.0,102.25,NA,NA,126.0,742.0,1.0
2026-03-25 12:00:00,64.75,154.75,9.0,27.75,38.0,74.25,2.0,1.33,26.5,3.0,11.25,NA,1.0,1.0,1.0,31.75,19.25,0.0,91.5,NA,NA,123.75,742.0,1.0
2026-03-25 13:00:00,56.0,150.0,6.0,29.5,33.25,62.25,7.33,2.0,31.25,3.0,11.0,NA,1.0,1.0,1.0,32.5,16.75,0.0,94.5,NA,NA,124.0,742.0,1.0
2026-03-25 14:00:00,63.25,129.5,7.5,27.75,34.5,61.25,8.25,0.0,32.75,3.0,11.25,NA,1.0,1.0,1.0,33.0,14.75,0.75,63.75,NA,NA,124.75,742.0,1.0
2026-03-25 15:00:00,55.5,124.25,9.0,27.5,36.75,62.0,10.67,1.0,32.75,3.0,11.0,NA,1.0,0.75,1.0,33.0,12.75,0.25,67.75,NA,NA,124.25,742.0,1.0
2026-03-25 16:00:00,46.0,130.75,6.5,27.75,35.5,73.75,9.75,0.33,30.75,3.0,11.0,NA,1.0,1.0,1.0,32.75,10.0,0.0,100.25,NA,NA,125.0,742.0,1.0
2026-03-25 17:00:00,43.33,138.0,7.67,27.67,37.0,83.33,8.5,1.0,27.0,3.0,11.67,NA,1.0,1.0,1.0,31.67,11.33,0.0,63.33,NA,NA,123.0,742.0,1.0
2026-03-25 18:00:00,61.25,156.25,7.0,28.5,36.5,82.75,11.5,0.67,17.5,2.75,12.25,NA,0.75,0.75,0.75,30.0,15.5,0.0,67.25,NA,NA,124.25,742.0,1.0
2026-03-25 19:00:00,70.0,195.0,9.5,30.0,37.75,85.75,2.0,1.0,9.5,2.0,16.25,NA,0.0,0.0,0.0,28.5,19.75,0.0,45.75,NA,NA,122.75,742.0,1.0
2026-03-25 20:00:00,74.5,220.25,11.0,27.25,38.0,89.0,3.0,1.33,9.75,2.5,14.25,NA,0.0,0.5,0.5,28.0,21.0,0.0,44.25,NA,NA,123.25,742.0,1.0
2026-03-25 21:00:00,73.75,230.0,8.5,26.75,35.25,78.75,12.0,1.5,8.25,3.5,12.75,NA,0.0,1.0,1.0,26.75,24.0,0.0,27.67,NA,NA,124.0,742.0,0.25
2026-03-25 22:00:00,74.5,256.5,7.25,27.25,33.0,76.25,14.5,0.0,7.0,2.25,14.0,NA,0.0,1.0,0.0,25.5,27.5,0.0,34.0,NA,NA,124.0,742.0,0.0
2026-03-25 23:00:00,64.33,266.67,7.33,27.0,33.67,77.33,2.0,0.0,6.33,2.0,14.0,NA,0.0,1.0,0.0,25.0,30.67,0.0,109.0,NA,NA,124.0,742.0,0.0
2026-03-26 00:00:00,69.0,249.75,8.0,27.75,35.0,80.5,2.0,0.0,8.5,2.0,12.25,NA,0.0,1.0,0.75,23.5,35.75,NA,NA,NA,NA,124.0,742.0,0.0
2026-03-26 01:00:00,67.25,230.0,7.5,29.5,35.5,81.25,11.0,0.0,9.75,2.0,12.5,NA,0.0,1.0,1.0,23.0,37.75,NA,NA,NA,NA,123.5,742.0,0.0
2026-03-26 02:00:00,54.25,191.25,5.75,27.0,33.75,80.25,11.5,0.0,14.25,2.0,12.5,NA,0.0,1.0,0.5,22.75,39.5,0.0,165.0,NA,NA,124.25,742.0,0.0
2026-03-26 03:00:00,50.0,166.5,8.0,28.25,36.0,80.75,5.67,0.0,14.5,2.0,14.75,NA,0.0,1.0,1.25,21.75,45.0,NA,NA,NA,NA,124.0,742.0,0.0
2026-03-26 04:00:00,57.25,162.0,7.75,27.0,34.25,72.75,5.25,0.0,13.0,2.0,16.25,NA,0.0,1.0,1.25,22.0,43.75,0.0,38.0,NA,NA,123.25,742.0,0.0
2026-03-26 05:00:00,66.5,170.5,8.75,29.0,36.25,71.5,3.33,0.0,12.25,2.0,16.75,NA,0.0,1.25,1.25,21.5,46.75,NA,NA,NA,NA,124.5,742.0,0.0
2026-03-26 06:00:00,56.75,187.0,9.75,27.0,35.0,67.75,3.75,0.0,12.25,2.25,14.75,NA,0.0,1.25,1.0,21.25,50.5,NA,NA,NA,NA,124.5,742.0,0.0
2026-03-26 07:00:00,42.0,207.75,8.25,28.25,34.25,63.5,6.33,0.75,14.5,2.75,9.25,NA,0.0,2.0,0.0,24.75,41.75,0.0,79.25,NA,NA,126.0,742.0,0.0
2026-03-26 08:00:00,38.75,204.75,8.75,28.25,33.5,58.0,5.75,0.0,26.5,2.75,9.75,NA,0.25,1.75,0.25,26.75,34.75,0.0,105.75,NA,NA,126.0,742.0,0.25
2026-03-26 09:00:00,57.75,204.75,10.25,29.25,37.75,72.25,13.0,0.0,30.25,3.0,11.25,NA,1.0,1.0,1.0,28.75,33.0,0.0,133.25,NA,NA,125.0,742.0,1.0
2026-03-26 10:00:00,66.5,201.0,12.75,28.25,35.75,66.75,12.5,0.0,38.5,3.0,11.25,NA,1.0,1.0,1.0,30.5,29.25,0.0,71.75,NA,NA,125.25,742.0,1.0
2026-03-26 11:00:00,75.0,208.0,21.0,28.33,45.33,71.0,3.67,0.0,19.67,3.0,11.0,NA,1.0,1.0,1.0,32.33,21.67,0.33,62.33,NA,NA,123.33,742.0,1.0
2026-03-26 12:00:00,NA,NA,10.25,28.5,34.25,74.5,2.75,NA,23.5,3.0,11.0,NA,1.0,1.0,1.0,33.5,20.0,0.0,111.0,NA,NA,126.25,742.0,1.0
2026-03-26 13:00:00,24.0,53.0,16.67,28.0,41.67,62.67,NA,0.0,25.33,3.0,11.0,NA,1.0,1.0,1.0,34.67,17.33,0.0,104.33,NA,NA,122.33,742.0,1.0
2026-03-26 14:00:00,23.25,86.75,NA,NA,NA,60.75,2.0,0.0,29.75,3.0,13.25,NA,1.0,1.0,1.0,35.25,14.5,0.75,153.25,NA,NA,124.0,742.0,1.0
2026-03-26 15:00:00,45.25,104.5,10.75,27.5,36.25,59.0,2.0,0.0,NA,3.5,15.25,NA,1.0,1.0,1.0,35.5,13.25,0.75,155.75,NA,NA,124.25,742.0,1.0
2026-03-26 16:00:00,43.0,109.75,23.0,27.0,40.0,65.25,2.0,0.0,28.5,NA,NA,NA,NA,NA,NA,35.0,14.5,0.25,153.0,NA,NA,124.25,742.0,1.0
2026-03-26 17:00:00,42.75,113.5,11.5,30.75,39.5,69.0,10.0,1.0,25.0,3.0,15.0,NA,1.0,1.0,1.0,34.0,16.5,0.0,154.0,NA,NA,125.0,742.0,1.0
2026-03-26 18:00:00,40.25,132.5,10.5,26.5,38.0,NA,10.25,1.0,21.0,3.5,15.0,NA,1.0,1.0,1.0,32.25,20.25,0.0,103.5,NA,NA,123.0,742.0,1.0
2026-03-26 19:00:00,38.5,138.25,7.5,26.75,34.75,71.0,8.33,1.0,10.75,3.0,15.25,NA,1.0,1.0,0.25,31.25,22.75,0.0,137.25,NA,NA,124.0,742.0,1.0
2026-03-26 20:00:00,38.0,129.0,7.75,28.25,36.0,78.0,10.0,1.0,8.75,3.0,16.25,NA,1.0,1.0,1.0,30.25,25.5,0.0,93.25,NA,NA,124.0,742.0,1.0
2026-03-26 21:00:00,38.0,148.0,8.0,28.0,35.5,81.5,10.0,0.25,17.75,3.0,17.0,NA,1.0,1.0,1.0,30.0,25.25,0.0,158.25,NA,NA,123.75,742.0,1.0
2026-03-26 22:00:00,38.0,162.5,12.75,29.5,39.25,81.75,10.5,0.0,22.75,2.25,15.5,NA,0.25,0.75,0.25,29.0,27.75,0.0,159.25,NA,NA,124.0,742.0,1.0
2026-03-26 23:00:00,37.67,161.0,10.33,27.33,37.33,83.33,11.0,1.0,23.33,2.0,14.67,NA,0.0,1.0,0.0,27.67,31.33,0.0,162.0,NA,NA,123.0,742.0,1.0
2026-03-27 00:00:00,37.25,149.0,9.0,28.0,36.75,60.5,9.5,0.0,27.5,2.25,12.5,NA,0.0,1.0,1.0,27.0,32.0,0.0,155.25,NA,NA,124.25,742.0,0.75
2026-03-27 01:00:00,39.0,140.0,8.5,28.0,36.0,60.25,12.0,0.0,28.75,2.0,12.5,NA,0.0,1.0,1.0,26.75,33.5,0.0,151.0,NA,NA,123.5,742.0,0.0
2026-03-27 02:00:00,39.25,122.0,9.0,27.5,37.5,61.0,12.75,0.0,24.5,2.25,12.25,NA,0.0,1.0,1.0,26.0,37.25,0.0,140.75,NA,NA,123.75,742.0,0.0
2026-03-27 03:00:00,38.0,123.0,6.75,27.75,34.5,60.25,7.0,0.0,21.75,2.0,10.75,NA,0.0,1.0,1.0,26.0,38.5,0.0,120.75,NA,NA,124.25,742.0,0.0
2026-03-27 04:00:00,38.0,123.75,9.25,27.25,36.5,54.0,6.0,0.0,20.75,2.0,10.5,NA,0.0,1.0,1.0,26.0,39.0,0.0,94.75,NA,NA,123.75,742.0,0.0
2026-03-27 05:00:00,38.0,130.75,7.25,29.0,36.25,54.25,2.0,0.0,17.0,2.0,10.25,NA,0.0,1.0,1.0,26.0,39.75,0.0,53.5,NA,NA,123.75,742.0,0.0
2026-03-27 06:00:00,38.0,146.0,8.5,28.5,37.75,57.5,2.0,0.0,14.5,2.25,10.75,NA,0.0,1.25,1.0,25.5,42.25,0.0,56.5,NA,NA,123.25,742.0,0.0
2026-03-27 07:00:00,37.5,152.25,8.5,29.25,37.75,58.25,6.0,0.0,13.75,3.0,13.75,NA,0.25,2.0,1.5,25.0,44.5,0.25,117.5,NA,NA,123.25,742.0,0.0
2026-03-27 08:00:00,36.5,156.5,7.0,27.75,34.5,64.25,6.75,0.33,16.5,3.0,14.0,NA,0.25,1.75,1.0,26.0,42.5,0.0,143.0,NA,NA,123.5,742.0,0.0
2026-03-27 09:00:00,36.5,173.25,8.75,29.25,37.5,73.5,5.0,1.0,21.25,3.5,15.0,NA,1.0,1.0,1.0,28.0,38.0,0.0,212.75,NA,NA,123.25,742.0,0.75
2026-03-27 10:00:00,37.0,129.75,6.5,30.0,35.0,67.75,4.75,0.0,34.25,3.5,14.75,NA,1.0,1.0,1.0,30.0,32.25,0.25,140.75,NA,NA,124.0,742.0,1.0
2026-03-27 11:00:00,37.0,119.25,5.75,28.5,34.25,63.25,4.67,0.0,27.5,3.0,15.25,NA,1.0,1.0,1.0,29.25,37.5,0.75,158.0,NA,NA,123.0,742.0,1.0
2026-03-27 12:00:00,37.0,113.75,8.25,29.0,36.5,57.75,3.5,0.0,26.5,3.5,15.0,NA,1.0,1.0,1.0,26.75,49.5,0.75,162.75,NA,NA,133.75,742.0,0.5
2026-03-27 13:00:00,37.5,85.25,8.25,28.25,37.0,59.0,2.0,0.0,28.75,3.25,15.0,NA,1.0,1.0,1.0,27.25,43.75,1.0,178.25,NA,NA,156.5,742.0,0.5
2026-03-27 14:00:00,37.75,56.75,7.25,27.75,35.5,60.0,2.0,0.0,22.5,3.25,15.0,NA,1.0,1.0,1.0,26.0,51.0,0.5,125.0,NA,NA,168.75,742.0,0.25
2026-03-27 15:00:00,37.0,50.75,8.25,27.0,36.75,59.5,2.0,0.0,19.0,3.5,15.25,NA,1.0,1.0,1.0,26.0,52.0,0.0,81.75,NA,NA,163.0,742.0,0.0
2026-03-27 16:00:00,37.0,60.25,7.5,29.0,36.5,64.75,2.0,0.0,13.25,3.25,15.25,NA,1.0,1.0,1.0,25.75,55.75,0.25,74.0,NA,NA,165.25,742.0,0.0
2026-03-27 17:00:00,37.5,69.0,8.75,28.0,37.5,69.0,3.0,0.0,9.75,3.5,15.0,NA,1.0,1.0,1.0,24.75,67.5,0.0,87.0,NA,NA,243.5,742.5,0.0
2026-03-27 18:00:00,38.0,74.75,8.5,26.75,33.25,70.75,7.0,1.0,7.5,3.5,15.25,NA,1.0,1.0,0.75,25.0,61.25,0.0,164.0,NA,NA,333.0,743.0,0.0
2026-03-27 19:00:00,37.5,75.75,7.25,27.75,35.0,70.0,2.33,1.0,8.5,3.0,15.0,NA,1.0,1.0,1.0,24.5,63.0,0.0,97.0,NA,NA,287.5,743.0,0.0
2026-03-27 20:00:00,37.0,72.0,8.0,27.75,35.75,77.75,2.5,0.33,8.75,3.0,16.5,NA,1.0,0.75,1.0,24.0,64.25,0.0,166.0,NA,NA,206.75,742.25,0.0
2026-03-27 21:00:00,37.5,78.75,7.5,27.0,33.5,83.0,2.0,0.5,9.5,3.0,17.0,NA,1.0,0.5,1.0,24.0,64.5,0.0,144.75,NA,NA,202.0,742.25,0.0
2026-03-27 22:00:00,38.5,83.25,9.0,27.5,35.75,83.0,2.0,0.33,9.5,2.25,14.75,NA,0.25,0.25,0.25,23.5,67.0,0.0,140.5,NA,NA,173.0,742.0,0.0
2026-03-27 23:00:00,38.67,89.0,6.67,28.33,31.67,83.0,7.0,0.33,9.33,2.0,14.0,NA,0.0,1.0,0.0,23.0,70.67,NA,42.0,NA,NA,164.67,742.0,0.0
2026-03-28 00:00:00,37.75,107.75,8.0,28.75,37.25,61.25,8.5,0.67,9.0,2.25,13.0,NA,0.0,1.0,1.0,23.0,71.5,0.0,81.25,NA,NA,152.0,742.0,0.0
2026-03-28 01:00:00,37.0,103.25,7.75,26.75,33.0,60.75,3.0,0.25,10.5,2.25,12.25,NA,0.0,1.0,1.0,23.0,70.5,0.0,62.25,NA,NA,150.0,742.0,0.0
2026-03-28 02:00:00,37.0,84.25,8.75,28.75,35.0,60.5,4.25,0.0,12.25,2.25,12.5,NA,0.0,1.0,1.0,23.0,67.25,0.0,65.5,NA,NA,147.75,742.0,0.0
2026-03-28 03:00:00,36.5,84.0,11.25,29.75,38.75,61.25,8.0,1.0,10.75,2.0,11.5,NA,0.0,1.0,1.0,22.75,66.25,0.0,51.25,NA,NA,148.5,742.0,0.0
2026-03-28 04:00:00,35.5,78.25,8.5,27.75,35.75,54.75,5.0,0.0,10.75,2.0,10.25,NA,0.0,1.0,1.0,22.0,66.25,0.0,57.33,NA,NA,145.5,742.0,0.0
2026-03-28 05:00:00,35.25,78.5,6.75,29.0,34.5,54.0,14.0,0.0,10.0,2.0,10.25,NA,0.0,1.0,1.0,22.0,65.0,0.0,53.25,NA,NA,141.25,742.0,0.0
2026-03-28 06:00:00,36.0,81.5,10.75,28.25,38.5,56.0,13.75,0.67,13.5,2.25,11.0,NA,0.25,1.25,1.0,22.25,63.5,0.0,52.75,NA,NA,139.0,742.0,0.0
2026-03-28 07:00:00,36.0,80.75,9.75,26.25,35.75,59.25,2.0,1.0,14.0,3.0,13.25,NA,0.75,2.0,1.0,24.5,54.75,0.0,52.0,NA,NA,137.25,742.0,0.0
2026-03-28 08:00:00,36.0,79.25,7.75,28.0,36.5,63.0,2.25,0.0,23.75,3.0,13.75,NA,0.75,1.75,1.0,26.25,47.75,0.0,58.75,NA,NA,136.5,742.0,0.25
2026-03-28 09:00:00,36.5,83.5,11.25,27.0,36.0,72.75,5.33,1.0,26.75,3.5,15.25,NA,1.0,1.0,1.0,28.25,42.0,0.0,60.5,NA,NA,128.0,742.0,1.0
2026-03-28 10:00:00,37.5,80.75,7.75,27.5,34.75,68.25,7.0,0.0,31.5,3.0,15.25,NA,1.0,1.0,1.0,29.75,36.5,0.0,57.5,NA,NA,123.75,742.0,1.0
2026-03-28 11:00:00,38.0,74.0,8.0,28.25,36.25,63.25,5.0,0.0,33.5,3.25,15.5,NA,1.0,1.0,1.0,31.0,33.25,0.0,118.5,NA,NA,123.75,742.0,1.0
2026-03-28 12:00:00,38.0,75.0,7.75,29.75,37.25,58.0,4.25,0.33,33.25,3.75,15.25,NA,1.0,1.0,1.0,31.75,30.25,0.0,112.75,NA,NA,123.75,742.0,1.0
2026-03-28 13:00:00,39.0,64.0,7.5,27.75,35.75,59.5,2.0,1.0,32.5,3.75,15.0,NA,1.0,1.0,1.0,32.5,28.25,0.25,89.5,NA,NA,123.0,742.0,1.0
2026-03-28 14:00:00,40.0,51.25,5.5,29.0,34.75,60.25,2.0,0.0,34.0,3.25,15.5,NA,1.0,1.0,1.0,33.0,26.75,0.25,82.0,NA,NA,124.0,742.0,1.0
2026-03-28 15:00:00,39.5,55.25,7.5,29.0,36.75,59.5,2.0,0.0,33.75,3.5,15.25,NA,1.0,1.0,1.0,32.5,26.75,0.0,93.5,NA,NA,124.5,742.0,1.0
2026-03-28 16:00:00,38.5,63.75,6.5,27.0,34.75,64.25,2.0,0.0,33.25,3.25,15.25,NA,1.0,1.0,1.0,32.75,27.25,0.0,87.5,NA,NA,124.25,742.0,1.0
2026-03-28 17:00:00,37.67,73.67,7.0,28.33,36.33,69.0,9.5,0.0,29.0,3.0,15.0,NA,1.0,1.0,1.0,31.67,28.33,0.0,152.33,NA,NA,124.33,742.0,1.0
2026-03-28 18:00:00,36.75,94.25,7.75,28.5,36.25,69.5,13.5,0.67,20.5,3.25,15.0,NA,1.0,1.0,1.0,30.0,33.5,0.0,160.67,NA,NA,124.5,742.0,1.0
2026-03-28 19:00:00,36.0,110.25,7.0,28.5,34.75,71.5,10.0,1.75,12.0,3.0,15.5,NA,1.0,1.0,0.5,28.5,38.5,NA,NA,NA,NA,125.25,742.0,1.0
2026-03-28 20:00:00,39.5,123.25,8.0,28.75,37.0,77.75,12.0,0.67,8.0,3.0,16.25,NA,1.0,1.0,1.0,27.25,43.0,NA,NA,NA,NA,124.25,742.0,0.5
2026-03-28 21:00:00,41.75,162.75,7.5,29.0,36.25,82.75,16.0,2.0,10.0,3.0,17.0,NA,1.0,0.25,1.0,26.75,47.5,0.0,274.0,NA,NA,126.0,742.0,0.0
2026-03-28 22:00:00,39.0,205.5,6.5,29.0,35.25,82.5,16.5,0.0,10.25,2.25,14.75,NA,0.25,0.5,0.25,26.0,51.0,NA,NA,NA,NA,127.25,742.0,0.0
2026-03-28 23:00:00,39.0,225.0,6.67,28.33,33.33,84.33,6.5,0.0,8.67,2.0,14.67,NA,0.0,1.0,0.0,26.0,51.67,NA,NA,NA,NA,126.0,742.0,0.0
2026-03-29 00:00:00,39.0,215.25,7.5,28.5,35.0,61.25,8.5,0.0,8.5,2.0,12.25,NA,0.0,1.0,1.0,25.0,54.0,0.0,236.0,NA,NA,124.25,742.0,0.0
2026-03-29 01:00:00,39.0,185.25,7.25,29.0,35.75,60.25,10.0,0.0,7.5,2.75,12.5,NA,0.0,1.0,1.0,25.0,55.0,0.0,231.33,NA,NA,125.25,742.0,0.0
2026-03-29 02:00:00,39.0,156.5,8.5,28.75,37.25,60.25,10.5,0.0,10.0,2.25,12.25,NA,0.0,0.75,1.0,24.0,57.75,0.0,251.67,NA,NA,123.75,742.0,0.0
2026-03-29 03:00:00,38.5,146.25,7.0,29.25,36.75,61.5,2.0,0.0,11.75,2.25,11.25,NA,0.0,1.0,1.0,24.0,58.75,0.0,74.0,NA,NA,124.25,742.0,0.0
2026-03-29 04:00:00,37.5,137.75,7.25,28.5,35.0,54.5,2.0,0.0,15.5,2.0,10.25,NA,0.0,1.0,1.0,24.0,59.0,0.0,77.25,NA,NA,123.5,742.0,0.0
2026-03-29 05:00:00,37.0,136.5,7.5,28.25,34.5,53.75,2.67,0.75,17.75,2.0,10.5,NA,0.0,1.0,1.0,23.5,59.25,0.0,240.25,NA,NA,124.75,742.0,0.0
2026-03-29 06:00:00,57.0,145.5,8.5,28.5,36.25,56.25,2.25,0.0,13.0,2.25,11.0,NA,0.0,1.25,1.0,23.0,62.5,0.0,249.0,NA,NA,125.25,742.0,0.0
2026-03-29 07:00:00,68.5,137.25,8.75,28.5,37.25,59.0,8.0,0.0,13.25,3.0,13.5,NA,1.0,2.0,1.75,23.75,62.25,0.0,257.0,NA,NA,124.25,742.0,0.0
2026-03-29 08:00:00,68.5,131.25,6.75,28.5,35.25,64.0,7.0,0.0,19.0,3.0,13.75,NA,0.75,1.75,1.0,25.5,59.5,0.0,270.0,NA,NA,125.25,742.0,0.0
2026-03-29 09:00:00,68.5,142.5,8.5,27.25,36.5,72.25,7.33,0.0,26.25,3.75,15.5,NA,1.0,1.0,1.0,27.5,51.5,0.0,248.0,NA,NA,127.0,742.0,0.5
2026-03-29 10:00:00,68.0,149.33,5.75,27.5,34.25,68.0,6.0,0.0,35.0,3.25,15.25,NA,1.0,1.0,1.0,29.5,44.75,0.0,273.5,NA,NA,126.5,742.0,1.0
2026-03-29 11:00:00,67.0,NA,7.5,27.25,35.5,63.5,2.0,0.0,34.25,3.5,15.0,NA,1.0,1.0,1.0,31.75,35.25,0.0,168.0,NA,NA,126.5,742.0,1.0
2026-03-29 12:00:00,74.0,77.0,8.25,28.25,37.0,58.25,2.0,1.0,38.0,3.5,15.25,NA,1.0,1.0,1.0,33.0,28.0,0.25,77.25,NA,NA,125.0,742.0,1.0
2026-03-29 13:00:00,NA,NA,4.75,27.75,33.0,59.5,4.0,1.0,42.75,3.0,15.25,NA,1.0,1.0,1.0,34.0,24.75,0.0,138.75,NA,NA,126.75,742.0,1.0
2026-03-29 14:00:00,59.0,79.0,11.5,27.5,37.5,59.0,3.25,0.0,41.25,3.5,15.25,NA,1.0,1.0,1.0,34.0,24.5,0.5,172.0,NA,NA,127.5,742.0,1.0
2026-03-29 15:00:00,39.0,80.5,8.25,28.5,35.25,59.25,3.0,0.25,36.5,3.5,15.25,NA,1.0,1.0,1.0,34.75,24.0,0.0,143.25,NA,NA,127.75,742.0,1.0
2026-03-29 16:00:00,39.0,79.75,7.75,29.5,35.75,65.25,2.75,0.0,39.0,3.0,15.25,NA,1.0,1.0,1.0,34.25,25.25,0.25,161.75,NA,NA,127.0,742.0,1.0
2026-03-29 17:00:00,39.0,80.25,10.0,28.5,36.75,68.75,8.0,0.0,38.5,3.0,15.0,NA,1.0,1.0,1.0,33.5,28.75,0.0,172.0,NA,NA,130.0,742.0,1.0
2026-03-29 18:00:00,38.75,78.0,9.5,28.0,36.75,68.25,8.5,1.0,33.75,3.0,15.0,NA,1.0,1.0,1.0,31.5,37.75,0.0,233.25,NA,NA,128.75,742.0,1.0
2026-03-29 19:00:00,38.0,96.25,8.25,27.75,34.75,70.0,2.0,1.0,27.0,3.0,15.5,NA,1.0,1.0,0.75,30.75,39.5,0.0,233.25,NA,NA,131.75,742.0,1.0
2026-03-29 20:00:00,38.25,106.0,9.25,28.5,37.25,77.75,2.0,1.0,22.25,3.0,16.25,NA,1.0,0.75,0.75,30.0,41.0,0.0,235.25,NA,NA,132.0,742.0,1.0
2026-03-29 21:00:00,39.0,128.5,7.75,28.5,36.5,82.0,8.33,0.5,18.0,3.0,17.0,NA,1.0,0.5,1.0,29.5,42.75,0.0,243.0,NA,NA,134.5,742.0,1.0
2026-03-29 22:00:00,39.5,141.0,9.0,28.25,37.0,83.5,10.0,0.0,15.0,2.25,15.0,NA,0.25,1.0,0.25,29.0,45.0,0.0,254.0,NA,NA,131.5,742.0,1.0
2026-03-29 23:00:00,38.0,150.0,8.0,28.67,37.67,82.67,5.5,0.0,17.67,2.0,13.67,NA,0.0,1.0,0.0,28.0,45.67,0.0,244.67,NA,NA,128.67,742.0,1.0
2026-03-30 00:00:00,38.75,111.75,5.75,28.5,35.5,61.0,4.75,0.0,17.25,2.0,12.25,NA,0.0,1.0,1.0,27.5,45.0,0.0,262.25,NA,NA,126.5,742.0,0.75
2026-03-30 01:00:00,38.0,99.0,6.5,28.25,35.5,60.75,4.67,0.0,18.5,2.25,12.5,NA,0.0,1.0,1.0,26.75,48.75,0.0,196.0,NA,NA,125.75,742.0,0.0
2026-03-30 02:00:00,38.0,101.0,6.0,28.0,34.5,60.5,4.5,0.0,16.5,2.0,12.25,NA,0.0,1.0,1.0,25.75,52.5,0.0,246.5,NA,NA,124.5,742.0,0.0
2026-03-30 03:00:00,37.75,109.0,7.25,28.5,35.5,60.25,3.67,0.0,15.0,2.25,11.25,NA,0.0,1.0,1.0,25.0,56.25,0.0,220.25,NA,NA,124.75,742.0,0.0
2026-03-30 04:00:00,37.5,105.5,5.75,29.0,35.75,54.5,3.25,0.0,15.25,2.0,10.75,NA,0.0,1.0,1.0,25.0,55.5,0.0,141.5,NA,NA,125.0,742.0,0.0
2026-03-30 05:00:00,39.0,105.5,9.25,26.75,36.5,53.5,2.33,0.5,14.25,2.0,10.5,NA,0.0,1.0,1.0,24.5,57.25,0.0,187.5,NA,NA,124.0,742.0,0.0
2026-03-30 06:00:00,39.0,97.5,7.25,29.0,36.0,56.75,2.5,0.33,14.75,2.25,11.25,NA,0.25,1.25,1.0,24.25,59.75,0.0,243.5,NA,NA,124.75,742.0,0.0
2026-03-30 07:00:00,39.0,112.25,9.5,28.0,37.0,59.25,4.33,0.5,16.5,3.0,13.75,NA,0.0,2.0,1.25,25.5,56.5,0.0,286.25,NA,NA,126.0,742.0,0.0
2026-03-30 08:00:00,39.0,134.0,8.25,29.25,35.25,62.75,5.0,0.0,23.0,3.0,14.0,NA,0.75,1.75,1.0,27.25,52.5,0.0,291.0,NA,NA,126.25,742.0,0.5
2026-03-30 09:00:00,38.75,140.0,9.5,28.25,36.25,73.75,2.67,0.75,29.75,3.5,15.0,NA,1.0,1.0,1.0,29.75,44.5,0.0,179.75,NA,NA,126.0,742.0,1.0
2026-03-30 10:00:00,40.5,145.75,7.75,28.25,36.0,68.0,2.25,0.67,33.25,3.75,15.25,NA,1.0,1.0,1.0,32.0,36.75,0.0,87.5,NA,NA,125.75,742.0,1.0
2026-03-30 11:00:00,48.0,126.5,8.75,28.5,37.25,63.0,2.0,1.0,41.25,3.75,15.0,NA,1.0,1.0,1.0,33.75,31.0,0.0,196.0,NA,NA,126.25,742.0,1.0
2026-03-30 12:00:00,51.5,89.0,8.75,28.5,37.0,58.75,2.0,0.33,49.75,3.25,15.25,NA,1.0,1.0,1.0,34.75,29.0,0.0,227.75,NA,NA,129.0,742.0,1.0
2026-03-30 13:00:00,58.25,96.75,10.5,27.0,37.5,59.5,2.0,0.0,48.75,3.0,15.25,NA,1.0,1.0,1.0,36.0,26.5,0.0,139.0,NA,NA,131.25,742.0,1.0
2026-03-30 14:00:00,61.5,106.25,6.25,29.5,35.25,60.0,2.0,1.0,43.75,3.25,15.25,NA,1.0,1.0,1.0,36.0,24.25,0.0,176.75,NA,NA,129.5,742.0,1.0
2026-03-30 15:00:00,45.0,101.75,7.0,28.75,35.5,59.75,5.33,0.25,37.5,3.25,14.75,NA,1.0,1.0,1.0,36.0,22.0,0.5,158.25,NA,NA,130.0,742.0,1.0
2026-03-30 16:00:00,46.0,95.0,7.0,27.25,35.75,65.75,5.5,0.0,43.5,3.5,15.0,NA,1.0,1.0,1.0,34.75,30.25,0.25,190.5,NA,NA,132.5,742.0,1.0
2026-03-30 17:00:00,65.5,100.25,5.5,28.75,34.75,68.75,12.67,0.25,41.5,3.25,15.0,NA,1.0,1.0,1.0,33.25,37.75,0.75,187.75,NA,NA,135.5,742.0,1.0
2026-03-30 18:00:00,66.75,94.75,6.5,28.0,35.75,69.75,12.75,0.67,33.25,3.5,15.0,NA,1.0,1.0,1.0,32.5,39.25,0.0,175.75,NA,NA,136.75,742.0,1.0
2026-03-30 19:00:00,66.0,124.5,6.5,29.25,35.25,68.25,13.33,1.0,20.25,3.0,15.5,NA,1.0,1.0,0.75,31.5,42.5,0.0,168.67,NA,NA,140.5,742.0,1.0
2026-03-30 20:00:00,67.25,156.0,7.25,28.25,36.25,78.25,15.0,0.67,16.75,3.0,16.0,NA,1.0,1.0,1.0,30.25,48.0,NA,NA,NA,NA,147.5,742.0,1.0
2026-03-30 21:00:00,78.0,182.5,7.0,28.5,36.75,81.25,13.67,0.0,16.75,3.0,16.75,NA,1.0,0.5,1.0,30.25,43.5,0.0,169.67,NA,NA,163.0,742.0,1.0
2026-03-30 22:00:00,79.25,203.25,6.0,28.5,35.25,81.0,13.25,0.0,26.25,2.25,14.25,NA,0.25,0.5,0.25,28.75,33.75,1.25,157.0,NA,NA,138.25,742.0,1.0
2026-03-30 23:00:00,84.0,196.0,8.0,28.0,37.0,83.33,6.0,0.0,24.67,2.0,14.0,NA,0.0,0.33,0.0,28.0,36.0,0.33,156.67,NA,NA,131.33,742.0,1.0
2026-03-31 00:00:00,85.25,156.25,7.75,27.25,36.25,60.25,4.5,0.0,20.75,2.0,12.5,NA,0.0,1.0,1.0,27.0,38.75,0.0,145.0,NA,NA,128.75,742.0,0.75
2026-03-31 01:00:00,86.0,171.0,4.75,28.75,34.25,60.25,2.0,0.5,19.25,2.25,12.5,NA,0.0,1.0,1.0,27.0,39.75,0.0,82.0,NA,NA,125.25,742.0,0.0
2026-03-31 02:00:00,86.0,184.75,8.25,27.25,37.25,60.75,2.0,0.0,18.0,2.5,12.5,NA,0.0,0.75,1.0,27.0,39.0,0.0,77.25,NA,NA,125.25,742.0,0.0
2026-03-31 03:00:00,85.75,225.0,8.0,28.75,35.25,61.0,12.67,0.0,17.75,2.25,11.25,NA,0.0,1.0,1.0,26.0,41.0,0.0,66.75,NA,NA,124.25,742.0,0.0
2026-03-31 04:00:00,85.0,221.25,8.0,28.0,37.25,54.75,11.0,1.0,14.75,2.0,10.75,NA,0.0,1.0,1.0,26.0,43.75,0.0,116.75,NA,NA,125.0,742.0,0.0
2026-03-31 05:00:00,86.0,191.0,6.75,28.25,34.75,53.5,2.67,1.0,14.75,2.0,10.5,NA,0.0,1.0,1.0,25.75,44.75,0.0,63.5,NA,NA,123.75,742.0,0.0
2026-03-31 06:00:00,82.0,153.25,7.25,28.5,36.5,56.0,2.25,0.0,13.25,2.25,11.0,NA,0.0,1.25,1.0,25.0,47.5,0.0,109.25,NA,NA,125.25,742.0,0.0
2026-03-31 07:00:00,75.0,164.0,7.5,29.75,38.0,59.25,2.0,0.0,14.5,3.0,13.25,NA,0.25,2.0,1.0,26.5,42.0,0.25,160.0,NA,NA,124.5,742.0,0.0
2026-03-31 08:00:00,66.75,149.75,8.5,27.75,36.5,63.0,2.0,0.0,21.75,3.25,13.5,NA,0.75,1.75,1.0,27.5,39.75,0.0,160.5,NA,NA,124.5,742.0,0.5
2026-03-31 09:00:00,60.25,139.25,8.0,28.5,37.25,72.0,10.67,0.25,25.0,3.25,15.25,NA,1.0,1.0,1.0,30.0,33.25,0.0,156.0,NA,NA,125.0,742.0,1.0
2026-03-31 10:00:00,67.0,132.0,5.5,27.5,34.75,67.5,10.75,0.67,30.25,3.5,15.5,NA,1.0,1.0,1.0,31.5,28.75,0.0,149.75,NA,NA,126.25,742.0,1.0
2026-03-31 11:00:00,NA,NA,7.75,29.0,34.25,63.75,16.33,1.0,33.5,3.25,15.0,NA,1.0,1.0,1.0,34.25,23.25,0.0,70.75,NA,NA,129.0,742.0,1.0
2026-03-31 12:00:00,45.5,72.0,8.5,29.5,37.25,57.75,15.75,0.0,29.5,3.25,15.0,NA,1.0,1.0,1.0,35.25,18.75,0.25,105.75,NA,NA,127.75,742.0,1.0
2026-03-31 13:00:00,66.25,89.0,12.0,34.75,37.75,59.5,4.0,0.0,24.25,3.25,15.0,NA,1.0,1.0,1.0,36.0,16.0,0.5,72.0,NA,NA,126.5,742.0,1.0
2026-03-31 14:00:00,48.25,81.75,19.5,33.5,39.0,59.75,3.25,0.33,23.75,3.0,14.75,NA,1.0,1.0,1.0,36.75,15.5,0.0,136.0,NA,NA,128.0,742.0,1.0
2026-03-31 15:00:00,49.0,76.0,18.5,32.75,37.5,59.5,3.33,1.0,25.75,3.25,14.75,NA,1.0,1.0,1.0,36.75,15.0,0.0,82.75,NA,NA,126.25,742.0,1.0
2026-03-31 16:00:00,59.5,66.0,9.5,34.5,35.75,65.25,4.0,0.0,26.25,3.75,15.25,NA,1.0,1.0,1.0,36.0,15.75,0.25,91.25,NA,NA,124.75,742.0,1.0
2026-03-31 17:00:00,61.0,71.67,7.0,34.33,32.67,68.33,7.5,0.67,25.67,3.0,15.33,NA,1.0,1.0,1.0,35.0,17.67,0.0,125.33,NA,NA,124.67,742.0,1.0
2026-03-31 18:00:00,63.67,85.33,8.67,34.0,35.33,70.33,8.0,1.0,18.0,3.33,15.0,NA,1.0,1.0,1.0,33.33,21.67,0.0,155.0,NA,NA,122.67,742.0,1.0
2026-03-31 19:00:00,65.25,107.0,10.0,34.25,37.0,71.0,8.0,1.0,16.5,3.0,15.25,NA,1.0,1.0,0.0,32.0,24.5,0.0,149.25,NA,NA,123.75,742.0,1.0
2026-03-31 20:00:00,71.5,118.75,10.25,33.5,36.5,77.5,8.75,1.0,15.25,3.0,16.5,NA,1.0,0.75,0.75,30.75,27.5,0.0,144.0,NA,NA,125.0,742.0,1.0
2026-03-31 21:00:00,59.75,130.75,9.25,34.5,35.5,80.5,7.0,0.5,13.0,3.0,16.75,NA,1.0,1.0,1.0,30.0,29.75,0.0,140.75,NA,NA,124.25,742.0,1.0
2026-03-31 22:00:00,66.75,149.75,6.75,34.0,33.0,83.25,6.5,0.0,19.25,2.25,14.5,NA,0.25,0.75,0.25,30.75,26.0,1.5,160.25,NA,NA,124.0,742.0,1.0
2026-03-31 23:00:00,58.0,136.0,10.67,34.0,37.33,82.33,11.0,0.0,19.0,2.0,14.33,NA,0.0,0.33,0.0,29.33,29.67,2.0,159.0,NA,NA,123.33,742.0,1.0
2026-04-01 00:00:00,54.0,172.5,7.25,35.75,33.5,60.0,10.5,0.0,19.25,2.25,12.75,NA,0.0,0.75,1.0,26.75,44.5,1.5,70.25,NA,NA,123.75,742.0,0.25
2026-04-01 01:00:00,46.75,176.5,12.25,32.75,36.75,60.5,13.33,0.0,17.25,2.0,12.25,NA,0.0,1.0,1.0,24.0,60.0,0.0,25.0,NA,NA,125.25,742.0,0.0
2026-04-01 02:00:00,51.5,123.5,11.25,34.75,35.5,61.25,13.0,0.0,18.5,2.0,12.0,NA,0.0,1.0,1.0,24.5,57.75,0.0,230.0,NA,NA,123.75,742.0,0.0
2026-04-01 03:00:00,50.33,73.33,11.75,33.75,38.5,60.5,4.67,1.0,15.25,2.0,10.75,NA,0.0,1.0,1.0,25.25,51.25,0.0,197.25,NA,NA,125.5,742.0,0.0
2026-04-01 04:00:00,49.0,71.33,12.25,33.75,38.5,54.25,4.0,1.0,13.0,2.0,10.5,NA,0.0,1.0,1.0,21.25,80.25,0.25,225.5,NA,NA,133.25,742.0,0.0
2026-04-01 05:00:00,61.0,88.33,11.67,33.0,35.0,53.0,5.0,0.67,11.67,2.0,10.67,NA,0.0,1.0,1.0,22.0,75.67,0.0,89.67,NA,NA,134.67,742.0,0.0
2026-04-01 06:00:00,69.0,77.0,8.0,33.25,32.5,56.5,4.5,0.0,10.75,2.25,11.25,NA,0.0,1.25,1.0,21.5,84.5,0.0,215.75,NA,NA,137.75,742.0,0.0
2026-04-01 07:00:00,36.0,44.0,22.25,32.75,43.25,58.75,15.0,0.0,10.75,3.0,13.0,NA,0.5,2.0,1.25,22.0,78.5,0.5,27.75,NA,NA,147.0,742.0,0.0
2026-04-01 08:00:00,33.75,46.25,23.5,35.0,42.75,63.5,14.75,0.33,13.25,3.0,14.0,NA,0.75,1.75,1.0,24.0,65.25,0.25,31.25,NA,NA,147.0,742.0,0.0
2026-04-01 09:00:00,29.0,54.25,23.0,34.25,42.25,72.0,14.0,1.0,16.0,3.5,15.0,NA,1.0,1.0,1.0,27.0,54.5,0.0,151.75,NA,NA,148.5,742.0,0.5
2026-04-01 10:00:00,21.75,60.5,8.75,33.5,33.75,67.25,13.5,1.0,20.0,3.5,15.25,NA,1.0,1.0,1.0,29.75,42.75,0.0,34.25,NA,NA,152.25,742.0,1.0
2026-04-01 11:00:00,18.5,60.0,9.5,35.0,34.75,63.25,14.0,1.0,30.25,3.5,15.0,NA,1.0,1.0,1.0,32.5,34.25,0.5,65.5,NA,NA,108.75,742.0,1.0
2026-04-01 12:00:00,16.33,55.5,8.0,33.25,32.75,58.5,13.25,0.0,32.25,3.25,15.5,NA,1.0,1.0,1.0,34.0,27.75,0.0,92.5,NA,NA,105.0,742.0,1.0
2026-04-01 13:00:00,12.0,46.0,14.5,33.75,38.75,59.25,8.0,0.0,35.5,3.25,15.25,NA,1.0,1.0,1.0,34.25,28.5,0.25,151.0,NA,NA,104.0,742.0,1.0
2026-04-01 14:00:00,21.25,43.25,11.75,34.75,35.75,59.75,7.5,1.0,33.75,3.25,15.0,NA,1.0,1.0,1.0,35.0,25.75,0.25,146.25,NA,NA,116.0,742.0,1.0
2026-04-01 15:00:00,28.0,48.5,8.0,34.25,33.75,59.75,6.0,1.0,37.5,3.5,15.5,NA,1.0,1.0,1.0,35.0,26.0,1.0,157.5,NA,NA,116.5,742.0,1.0
2026-04-01 16:00:00,25.25,59.5,23.0,34.5,43.5,65.5,6.5,1.0,39.5,3.5,15.0,NA,1.0,1.0,1.0,34.25,26.5,1.0,162.75,NA,NA,118.75,742.0,1.0
2026-04-01 17:00:00,17.75,66.25,8.25,34.25,33.25,68.5,2.0,1.0,33.5,3.25,15.0,NA,1.0,1.0,1.0,33.25,28.25,0.75,152.0,NA,NA,119.25,742.0,1.0
2026-04-01 18:00:00,13.0,63.5,10.75,33.0,35.75,69.25,2.0,0.33,21.75,3.0,15.5,NA,1.0,1.0,1.0,31.5,32.25,0.0,140.5,NA,NA,124.5,742.0,1.0
2026-04-01 19:00:00,17.5,63.0,11.25,33.75,38.0,70.5,7.33,1.0,15.0,3.0,15.25,NA,1.0,1.0,0.5,30.0,35.75,0.0,138.75,NA,NA,129.25,742.0,1.0
2026-04-01 20:00:00,17.5,84.5,8.75,34.0,34.25,78.0,8.25,0.0,19.0,3.0,16.5,NA,1.0,1.0,0.75,29.5,36.25,0.0,148.25,NA,NA,132.25,742.0,1.0
2026-04-01 21:00:00,26.75,108.5,11.0,34.0,37.5,82.25,10.67,0.0,11.5,3.0,16.75,NA,1.0,0.75,1.0,28.75,38.5,0.0,106.33,NA,NA,139.0,742.0,1.0
2026-04-01 22:00:00,25.5,132.5,8.5,33.5,34.75,83.5,12.75,1.0,9.25,2.25,15.0,NA,0.25,0.5,0.25,28.0,40.75,0.0,48.0,NA,NA,129.0,742.0,1.0
2026-04-01 23:00:00,20.0,153.33,9.67,34.67,36.0,80.33,3.5,1.0,8.0,2.0,14.67,NA,0.0,0.67,0.0,27.33,41.33,0.0,178.0,NA,NA,127.33,742.0,1.0
2026-04-02 00:00:00,19.5,145.5,10.5,33.5,36.75,61.0,5.0,0.0,11.75,2.25,12.25,NA,0.0,1.0,1.0,27.0,43.75,0.0,100.25,NA,NA,127.5,742.0,0.0
2026-04-02 01:00:00,13.75,114.25,10.25,34.5,36.75,61.0,8.0,0.0,13.75,2.0,12.5,NA,0.0,1.0,1.0,26.0,44.0,0.0,153.25,NA,NA,126.0,742.0,0.0
2026-04-02 02:00:00,6.5,100.25,11.25,33.75,37.0,60.5,6.5,0.0,14.5,2.25,12.5,NA,0.0,1.0,1.0,25.5,45.5,0.0,166.33,NA,NA,124.0,742.0,0.0
2026-04-02 03:00:00,10.0,107.75,11.75,33.75,36.75,60.5,2.0,0.0,15.25,2.0,11.25,NA,0.0,1.0,1.0,24.75,48.0,0.0,150.5,NA,NA,125.25,742.0,0.0
2026-04-02 04:00:00,4.5,117.75,9.75,33.0,35.0,54.75,2.0,0.0,14.5,2.0,10.25,NA,0.0,1.0,1.0,24.0,49.75,0.0,77.5,NA,NA,126.5,742.0,0.0
2026-04-02 05:00:00,15.5,122.0,12.75,32.25,36.5,54.25,2.0,0.0,15.25,2.0,10.5,NA,0.0,1.0,1.0,24.0,49.25,0.0,80.0,NA,NA,124.75,742.0,0.0
2026-04-02 06:00:00,18.5,123.0,11.5,34.0,36.0,56.25,2.0,0.0,10.0,2.25,11.0,NA,0.0,1.25,1.0,25.25,49.25,0.0,43.0,NA,NA,125.75,742.0,0.0
2026-04-02 07:00:00,23.5,128.5,9.5,35.5,34.75,57.75,2.0,1.0,16.0,3.0,13.75,NA,0.5,2.0,1.25,27.0,45.5,0.0,52.0,NA,NA,124.75,742.0,0.5
2026-04-02 08:00:00,53.75,153.5,9.75,33.25,36.0,63.0,2.0,0.67,24.25,3.0,13.75,NA,0.75,1.75,1.5,29.0,39.0,0.0,63.5,NA,NA,125.75,742.0,1.0
2026-04-02 09:00:00,50.75,164.5,9.25,34.25,35.5,73.0,7.0,0.25,30.25,3.25,15.25,NA,1.0,1.0,1.0,32.0,29.25,0.0,116.75,NA,NA,123.75,742.0,1.0
2026-04-02 10:00:00,51.0,156.5,10.5,34.0,35.75,67.5,6.25,0.67,35.0,3.25,14.75,NA,1.0,1.0,1.0,33.25,26.5,0.0,156.0,NA,NA,124.0,742.0,1.0
2026-04-02 11:00:00,67.75,134.5,10.75,34.25,37.25,63.25,12.67,1.0,36.25,3.25,15.0,NA,1.0,1.0,1.0,34.75,24.25,0.25,116.5,NA,NA,127.0,742.0,1.0
2026-04-02 12:00:00,75.75,106.0,8.75,33.0,34.5,58.5,11.5,0.0,37.0,3.0,15.25,NA,1.0,1.0,1.0,35.5,23.0,0.25,143.75,NA,NA,128.0,742.0,1.0
2026-04-02 13:00:00,68.25,80.0,9.75,34.75,36.5,59.25,2.0,0.0,35.75,3.25,15.0,NA,1.0,1.0,1.0,36.25,21.25,0.5,145.75,NA,NA,129.25,742.0,1.0
2026-04-02 14:00:00,60.25,81.0,10.5,33.5,36.0,59.0,2.0,0.0,37.25,3.5,15.25,NA,1.0,1.0,1.0,36.75,20.5,0.25,125.75,NA,NA,130.0,742.0,1.0
2026-04-02 15:00:00,66.0,88.0,12.25,33.5,39.75,60.25,8.67,0.0,40.0,3.25,15.25,NA,1.0,1.0,1.0,37.0,19.75,0.25,129.5,NA,NA,130.0,742.0,1.0
2026-04-02 16:00:00,79.75,91.5,9.75,34.25,36.75,63.75,8.75,0.0,39.25,3.25,15.0,NA,1.0,1.0,1.0,36.0,20.0,0.75,154.25,NA,NA,131.5,742.0,1.0
2026-04-02 17:00:00,83.33,99.67,8.33,34.0,34.0,70.0,2.0,0.0,31.67,3.33,15.0,NA,1.0,1.0,1.0,35.0,21.33,0.33,154.33,NA,NA,133.67,742.0,1.0
2026-04-02 18:00:00,87.0,110.33,11.5,33.5,37.5,69.5,2.0,0.67,21.5,3.25,15.0,NA,1.0,1.0,1.0,33.5,25.25,0.0,161.0,NA,NA,133.0,742.0,1.0
2026-04-02 19:00:00,70.0,103.5,11.25,34.25,37.75,70.5,4.33,1.25,17.0,3.0,15.25,NA,1.0,1.0,0.25,32.5,28.25,0.0,152.5,NA,NA,132.25,742.0,1.0
2026-04-02 20:00:00,70.33,116.67,9.33,33.0,35.0,78.33,5.33,0.5,16.0,3.0,16.67,NA,1.0,1.0,0.67,31.33,31.67,0.0,132.0,NA,NA,136.67,742.0,1.0
2026-04-02 21:00:00,65.0,138.5,11.25,33.25,37.25,82.5,9.67,0.5,12.75,3.0,17.0,NA,1.0,0.5,1.0,30.25,34.5,0.0,48.0,NA,NA,139.25,742.0,1.0
2026-04-02 22:00:00,53.25,157.0,10.75,32.75,37.0,83.5,11.5,0.0,9.75,2.25,15.25,NA,0.25,0.75,0.25,29.0,38.25,0.0,43.0,NA,NA,134.5,742.0,1.0
2026-04-02 23:00:00,57.33,163.0,10.0,34.0,37.0,82.0,2.0,0.0,9.67,2.0,13.67,NA,0.0,0.33,0.0,29.0,39.33,NA,NA,NA,NA,132.33,742.0,1.0
2026-04-03 00:00:00,62.0,164.75,8.25,33.75,35.25,60.25,2.0,0.0,13.75,2.25,12.75,NA,0.0,1.0,1.0,28.0,40.5,0.0,173.0,NA,NA,130.75,742.0,1.0
2026-04-03 01:00:00,60.5,140.0,8.5,33.75,35.5,60.25,9.67,0.0,19.25,2.25,12.5,NA,0.0,1.0,1.0,28.0,41.5,0.0,154.5,NA,NA,130.0,742.0,1.0
2026-04-03 02:00:00,42.0,132.75,8.5,33.75,34.5,61.0,10.0,0.0,20.25,2.25,12.0,NA,0.0,1.0,1.0,27.0,44.0,0.0,207.0,NA,NA,130.75,742.0,0.5
2026-04-03 03:00:00,37.0,129.5,8.5,33.5,34.0,59.75,3.33,0.0,21.0,2.0,11.0,NA,0.0,1.0,1.0,27.0,45.5,0.0,131.0,NA,NA,129.0,742.0,0.0
2026-04-03 04:00:00,39.75,123.5,11.25,33.75,38.25,54.5,3.0,0.0,17.5,2.0,10.25,NA,0.0,1.0,1.0,26.75,45.75,0.0,162.0,NA,NA,129.0,742.0,0.0
2026-04-03 05:00:00,49.75,127.25,7.75,34.25,34.0,53.75,14.33,0.0,16.0,2.0,10.75,NA,0.0,1.0,1.0,26.0,47.75,NA,NA,NA,NA,128.25,742.0,0.0
2026-04-03 06:00:00,69.0,133.25,8.0,34.0,33.75,56.25,13.25,1.0,15.0,2.25,11.25,NA,0.0,1.25,1.0,27.25,45.75,0.5,58.0,NA,NA,129.0,742.0,0.25
2026-04-03 07:00:00,62.25,148.0,8.75,34.5,35.5,57.5,5.67,1.0,19.25,3.0,13.25,NA,0.5,2.0,1.25,27.75,43.25,0.5,66.0,NA,NA,127.5,742.0,1.0
2026-04-03 08:00:00,42.5,158.75,10.5,33.25,36.5,63.25,4.5,0.67,21.75,3.25,14.0,NA,1.0,1.75,1.5,28.25,39.25,0.0,74.25,NA,NA,126.5,742.0,1.0
2026-04-03 09:00:00,39.0,152.25,8.5,33.5,34.0,72.25,3.33,0.5,20.5,3.5,15.5,NA,1.0,1.0,1.0,29.25,36.75,0.0,105.25,NA,NA,126.5,742.0,1.0
2026-04-03 10:00:00,46.0,156.75,10.0,33.75,36.0,68.25,2.75,1.0,23.0,3.75,15.0,NA,1.0,1.0,1.0,30.75,34.5,0.0,97.25,NA,NA,126.5,742.0,1.0
2026-04-03 11:00:00,45.5,168.75,9.75,34.25,36.5,63.75,3.67,0.5,23.0,3.5,15.0,NA,1.0,1.0,1.0,30.5,36.75,0.5,152.0,NA,NA,130.0,742.0,1.0
2026-04-03 12:00:00,46.75,147.75,10.5,34.0,37.5,58.25,4.0,0.0,25.25,3.25,15.0,NA,1.0,1.0,1.0,31.0,33.5,0.0,97.75,NA,NA,130.75,742.0,1.0
2026-04-03 13:00:00,53.0,114.75,10.75,34.25,36.75,60.25,9.0,0.0,26.5,3.75,15.5,NA,1.0,1.0,1.0,31.75,30.0,0.25,84.5,NA,NA,127.5,742.0,1.0
2026-04-03 14:00:00,41.25,93.25,11.25,35.75,34.25,62.25,9.0,0.33,31.25,3.25,15.25,NA,1.0,1.0,1.0,34.0,26.25,0.0,141.0,NA,NA,132.5,742.0,1.0
2026-04-03 15:00:00,39.0,77.5,13.75,35.75,36.0,62.25,9.0,1.0,43.0,3.5,15.25,NA,1.0,1.0,1.0,35.25,21.0,0.25,150.75,NA,NA,138.0,742.0,1.0
2026-04-03 16:00:00,53.0,69.25,11.0,35.75,34.5,67.5,8.75,0.67,26.5,3.25,15.0,NA,1.0,1.0,1.0,35.75,17.75,0.0,91.25,NA,NA,131.75,742.0,1.0
2026-04-03 17:00:00,62.33,77.33,12.0,36.0,35.67,73.0,4.0,1.0,32.0,3.0,15.0,NA,1.0,1.0,1.0,34.67,20.0,0.0,68.0,NA,NA,136.0,742.0,1.0
2026-04-03 18:00:00,71.5,103.25,12.5,35.75,36.75,72.25,7.25,0.67,7.25,3.25,15.0,NA,1.0,1.0,1.0,32.5,24.5,0.0,89.5,NA,NA,136.75,742.0,1.0
2026-04-03 19:00:00,91.25,114.0,12.5,36.75,37.25,72.5,18.67,1.5,2.0,3.0,15.75,NA,1.0,1.0,0.5,31.0,32.25,0.0,41.5,NA,NA,138.75,742.0,1.0
2026-04-03 20:00:00,85.0,145.0,10.75,37.0,35.0,81.25,19.0,0.0,2.25,3.0,16.0,NA,1.0,0.75,1.0,30.75,32.75,0.0,131.67,NA,NA,137.75,742.0,1.0
2026-04-03 21:00:00,82.0,178.0,12.5,36.0,37.25,83.25,9.33,0.0,2.5,3.0,16.5,NA,1.0,0.75,1.0,29.5,37.0,0.0,38.0,NA,NA,135.75,742.0,1.0
2026-04-03 22:00:00,74.25,195.25,9.67,36.5,35.0,86.5,12.25,0.0,5.5,2.25,14.75,NA,0.0,0.75,0.0,29.0,38.67,0.0,46.5,NA,NA,136.33,742.0,1.0
2026-04-03 23:00:00,67.33,208.0,13.67,36.67,37.33,83.67,2.0,0.0,6.67,2.0,14.33,NA,0.0,1.0,0.0,28.0,41.33,0.0,51.0,NA,NA,133.0,742.0,1.0
2026-04-04 00:00:00,58.75,203.0,12.25,35.25,35.75,63.75,2.0,0.0,8.75,2.5,12.75,NA,0.0,1.0,1.0,28.0,43.25,0.5,152.5,NA,NA,131.5,742.0,1.0
2026-04-04 01:00:00,50.5,208.5,14.5,35.5,38.0,63.25,2.0,0.0,29.25,2.5,12.5,NA,0.0,1.0,1.0,26.75,51.0,1.5,155.0,NA,NA,129.25,742.0,0.5
2026-04-04 02:00:00,51.25,231.25,12.25,36.0,35.5,63.0,2.0,0.0,26.25,2.5,12.5,NA,0.0,1.0,1.0,25.0,58.75,0.75,155.75,NA,NA,128.5,742.0,0.0
2026-04-04 03:00:00,59.25,234.25,13.5,35.75,36.75,63.5,2.0,0.0,19.5,2.0,11.0,NA,0.0,1.0,1.0,25.0,59.0,0.25,150.75,NA,NA,128.5,742.0,0.0
2026-04-04 04:00:00,62.75,241.5,11.75,37.75,35.5,57.5,2.0,0.33,16.25,2.0,10.0,NA,0.0,1.0,1.0,25.0,59.0,0.25,162.5,NA,NA,128.0,742.0,0.0
2026-04-04 05:00:00,55.0,247.0,15.0,36.75,38.5,55.5,12.0,0.25,12.5,2.0,10.25,NA,0.0,1.0,1.0,24.25,61.25,0.0,144.5,NA,NA,128.0,742.0,0.0
2026-04-04 06:00:00,44.25,230.0,13.0,36.75,37.25,58.75,10.5,1.0,12.75,2.25,11.0,NA,0.25,1.25,1.0,24.25,60.25,0.0,111.0,NA,NA,126.5,742.0,0.0
2026-04-04 07:00:00,44.25,216.75,11.25,35.5,35.25,61.5,8.0,1.0,15.0,3.0,13.75,NA,0.5,2.0,1.25,25.5,58.0,0.75,49.75,NA,NA,128.25,742.0,0.0
2026-04-04 08:00:00,46.5,224.5,13.5,36.25,37.25,67.0,7.5,0.0,20.25,3.0,13.75,NA,0.5,1.75,1.25,27.0,53.25,0.25,50.75,NA,NA,127.75,742.0,0.25
2026-04-04 09:00:00,51.5,217.5,12.75,35.75,36.25,75.5,8.67,0.0,29.0,3.5,14.75,NA,1.0,1.0,1.0,29.5,43.5,0.25,150.5,NA,NA,129.25,742.0,1.0
2026-04-04 10:00:00,62.25,205.5,10.75,35.75,35.0,68.5,9.0,0.0,34.0,3.5,14.75,NA,1.0,1.0,1.0,31.0,36.5,0.75,156.5,NA,NA,128.5,742.0,1.0
2026-04-04 11:00:00,69.0,177.5,12.0,35.75,35.75,67.75,8.0,0.5,40.25,3.25,15.25,NA,1.0,1.0,1.0,32.0,32.25,1.0,159.25,NA,NA,128.0,742.0,1.0
2026-04-04 12:00:00,70.25,124.5,14.0,35.0,36.75,59.75,8.0,0.0,47.25,3.25,15.0,NA,1.0,1.0,1.0,33.75,25.0,0.75,149.75,NA,NA,130.25,742.0,1.0
2026-04-04 13:00:00,68.75,95.75,13.0,36.25,36.75,61.5,8.67,0.0,42.25,3.25,15.0,NA,1.0,1.0,1.0,34.0,25.0,0.0,94.5,NA,NA,130.25,742.0,1.0
2026-04-04 14:00:00,56.75,97.75,9.5,36.5,34.5,62.0,8.75,0.0,43.5,3.75,15.0,NA,1.0,1.0,1.0,34.5,24.25,0.0,132.75,NA,NA,130.5,742.0,1.0
2026-04-04 15:00:00,43.25,95.75,NA,NA,NA,62.25,11.67,0.0,53.0,3.5,15.0,NA,1.0,1.0,1.0,35.0,23.5,0.0,142.5,NA,NA,131.0,742.0,1.0
2026-04-04 16:00:00,41.0,101.0,NA,NA,NA,66.5,13.0,0.33,46.75,3.0,15.0,NA,1.0,1.0,1.0,33.75,24.75,0.0,158.0,NA,NA,131.75,742.0,1.0
2026-04-04 17:00:00,43.75,107.25,NA,NA,NA,72.5,2.0,1.0,27.75,3.5,15.25,NA,1.0,1.0,1.0,32.25,28.25,0.0,120.0,NA,NA,131.0,742.0,1.0
2026-04-04 18:00:00,51.33,113.67,NA,NA,NA,73.0,2.0,0.0,24.0,3.0,15.0,NA,1.0,1.0,0.75,27.5,46.25,0.25,122.75,NA,NA,126.0,742.0,0.5
2026-04-04 19:00:00,69.5,70.0,NA,NA,NA,73.0,6.33,0.0,26.25,3.0,15.25,NA,1.0,1.0,1.0,23.5,61.75,1.0,113.5,NA,NA,163.5,742.0,0.0
2026-04-04 20:00:00,67.0,68.0,NA,NA,NA,80.75,7.5,0.0,14.75,3.0,16.0,NA,1.0,1.0,1.0,22.25,75.75,1.25,172.0,NA,NA,195.0,742.0,0.0
2026-04-04 21:00:00,39.5,43.5,90.67,34.33,116.0,84.0,5.67,0.0,18.75,3.0,16.5,NA,1.0,0.5,1.0,22.5,68.0,0.75,179.25,NA,NA,203.5,742.0,0.0
2026-04-04 22:00:00,30.0,39.75,13.5,36.5,36.75,86.0,4.25,0.0,19.0,2.25,14.5,NA,0.25,0.5,0.25,22.5,65.5,1.0,154.5,NA,NA,165.75,742.0,0.0
2026-04-04 23:00:00,19.33,39.0,17.67,35.67,39.67,87.0,2.0,0.0,13.0,2.0,14.33,NA,0.0,0.67,0.0,22.67,64.33,0.0,192.33,NA,NA,146.33,742.0,0.0
2026-04-05 00:00:00,21.0,40.25,16.75,36.75,39.25,63.25,2.0,0.0,12.25,2.0,13.0,NA,0.0,1.0,1.0,22.5,65.75,0.0,168.75,NA,NA,139.5,742.0,0.0
2026-04-05 01:00:00,22.0,34.0,14.5,35.5,36.75,63.25,4.67,0.0,13.0,2.0,12.75,NA,0.0,1.0,1.0,22.75,63.5,0.0,236.75,NA,NA,137.0,742.0,0.0
2026-04-05 02:00:00,NA,NA,12.75,37.0,35.75,63.75,4.5,0.0,13.25,2.5,12.75,NA,0.0,1.0,1.0,22.0,65.25,0.0,184.0,NA,NA,134.5,742.0,0.0
2026-04-05 03:00:00,NA,NA,12.5,36.25,35.75,63.5,2.0,0.0,13.75,2.0,10.75,NA,0.0,1.0,1.0,21.75,66.75,0.0,198.5,NA,NA,131.25,742.0,0.0
2026-04-05 04:00:00,NA,NA,10.25,36.5,33.25,56.5,2.0,0.33,11.75,2.0,10.5,NA,0.0,1.0,1.0,21.0,70.25,0.0,169.75,NA,NA,133.0,742.0,0.0
2026-04-05 05:00:00,NA,NA,10.75,36.25,35.0,56.75,13.33,0.75,11.5,2.0,10.75,NA,0.0,1.0,1.0,21.0,74.0,0.0,184.25,NA,NA,131.0,742.0,0.0
2026-04-05 06:00:00,NA,NA,13.5,35.0,36.75,59.5,14.25,0.67,9.5,2.25,11.0,NA,0.0,1.25,1.0,21.25,73.25,0.0,153.5,NA,NA,132.0,742.0,0.0
2026-04-05 07:00:00,NA,NA,12.5,36.5,37.0,61.25,4.33,1.0,10.75,3.0,13.0,NA,0.75,2.0,1.0,23.0,64.75,0.0,36.0,NA,NA,133.25,742.0,0.0
2026-04-05 08:00:00,37.67,70.0,13.25,36.75,37.75,67.25,4.25,0.67,16.25,3.0,13.75,NA,0.5,1.75,1.5,25.5,54.25,0.0,55.75,NA,NA,135.5,742.0,0.0
2026-04-05 09:00:00,25.25,68.25,12.75,35.75,35.75,75.5,2.0,1.0,24.75,3.25,15.25,NA,1.0,1.0,1.0,27.25,46.25,0.0,99.75,NA,NA,129.75,742.0,0.25
2026-04-05 10:00:00,22.0,69.75,13.25,35.75,36.75,70.5,2.0,0.0,31.5,3.75,15.0,NA,1.0,1.0,1.0,28.0,42.0,0.75,156.0,NA,NA,124.5,742.0,1.0
2026-04-05 11:00:00,31.25,76.25,13.25,35.5,36.5,65.75,2.0,0.0,33.75,3.75,15.0,NA,1.0,1.0,1.0,28.75,40.25,0.75,154.75,NA,NA,124.5,742.0,1.0
2026-04-05 12:00:00,36.25,77.75,12.25,35.25,36.5,60.75,2.0,0.67,36.75,3.25,15.5,NA,1.0,1.0,1.0,29.5,36.75,0.0,163.75,NA,NA,124.5,742.0,1.0
2026-04-05 13:00:00,33.25,72.5,13.0,35.5,36.25,61.75,9.67,1.0,42.25,3.0,15.25,NA,1.0,1.0,1.0,30.5,33.0,0.5,139.75,NA,NA,125.25,742.0,1.0
2026-04-05 14:00:00,25.25,68.75,14.25,35.75,38.0,62.25,9.25,0.0,46.5,3.0,15.0,NA,1.0,1.0,1.0,31.0,30.75,0.25,192.0,NA,NA,125.25,742.0,1.0
2026-04-05 15:00:00,18.25,67.75,136.0,41.75,136.75,62.25,3.0,0.0,42.0,3.0,15.0,NA,1.0,1.0,1.0,31.5,29.0,0.5,67.25,NA,NA,126.0,742.0,1.0
2026-04-05 16:00:00,30.5,73.0,36.0,41.0,43.0,68.25,3.25,0.0,36.75,3.0,15.25,NA,1.0,1.0,1.0,31.25,28.75,0.0,123.25,NA,NA,125.75,742.0,1.0
2026-04-05 17:00:00,41.25,83.75,18.75,34.0,34.75,73.5,2.0,0.0,31.25,3.25,15.25,NA,1.0,1.0,1.0,30.0,32.5,0.0,156.0,NA,NA,125.0,742.0,1.0
2026-04-05 18:00:00,33.25,87.25,20.75,32.5,33.0,71.0,2.0,0.67,20.25,3.5,15.25,NA,1.0,1.0,1.0,29.5,34.0,0.0,151.0,NA,NA,126.0,742.0,1.0
2026-04-05 19:00:00,25.5,81.5,19.25,37.25,37.5,72.75,2.0,1.0,21.5,2.75,15.25,NA,1.0,1.0,0.25,28.0,35.0,0.0,130.0,NA,NA,125.5,742.0,0.75
2026-04-05 20:00:00,30.75,81.5,19.25,36.75,37.25,80.5,2.0,1.0,26.0,3.0,16.5,NA,1.0,0.75,0.75,25.5,36.5,1.25,140.25,NA,NA,124.25,742.0,0.0
2026-04-05 21:00:00,41.5,88.0,21.5,35.25,35.0,85.0,8.67,0.5,26.0,3.0,17.0,NA,1.0,0.75,1.0,24.0,45.25,0.75,156.75,NA,NA,122.75,742.0,0.0
2026-04-05 22:00:00,39.0,97.0,30.25,37.0,41.75,85.0,9.5,0.33,23.0,2.25,14.75,NA,0.25,0.75,0.25,23.0,48.25,0.5,152.75,NA,NA,123.75,742.0,0.0
2026-04-05 23:00:00,31.0,96.33,26.67,41.33,43.67,84.67,4.5,1.0,14.67,2.0,14.0,NA,0.0,1.0,0.0,23.0,47.0,0.0,154.0,NA,NA,125.0,742.0,0.0
2026-04-06 00:00:00,44.25,102.5,27.5,30.75,40.0,63.25,4.5,0.0,19.25,2.25,12.25,NA,0.0,1.0,1.0,22.5,48.25,0.0,104.0,NA,NA,123.5,742.0,0.0
2026-04-06 01:00:00,53.5,90.5,18.5,36.25,33.5,63.25,11.0,0.25,16.5,2.5,12.25,NA,0.0,0.75,1.0,22.0,52.0,0.0,59.67,NA,NA,123.25,742.0,0.0
2026-04-06 02:00:00,44.0,82.25,18.25,35.5,35.0,62.75,10.0,0.0,13.25,2.25,12.75,NA,0.0,1.0,1.0,21.0,54.75,0.0,158.75,NA,NA,125.5,742.0,0.0
2026-04-06 03:00:00,39.0,78.0,19.75,38.5,37.5,63.25,2.0,0.25,18.25,2.0,11.0,NA,0.0,1.0,1.0,20.5,57.25,0.0,130.75,NA,NA,124.0,742.0,0.0
2026-04-06 04:00:00,NA,NA,19.0,36.25,32.25,57.25,2.0,0.0,14.25,2.0,10.25,NA,0.0,1.0,1.0,20.0,60.0,0.0,128.67,NA,NA,123.25,742.0,0.0
2026-04-06 05:00:00,NA,NA,25.25,36.5,40.0,56.5,11.0,0.0,14.75,2.0,10.5,NA,0.0,1.0,1.0,20.5,57.0,0.0,159.0,NA,NA,124.0,742.0,0.0
2026-04-06 06:00:00,NA,NA,15.25,35.25,31.5,58.25,11.25,0.33,16.0,2.25,11.0,NA,0.25,1.25,1.0,20.75,55.75,0.0,151.5,NA,NA,123.0,742.0,0.0
2026-04-06 07:00:00,NA,NA,24.25,37.25,40.25,61.0,2.0,1.0,15.25,3.0,13.5,NA,0.0,2.0,1.0,23.25,49.5,0.0,136.75,NA,NA,124.25,742.0,0.0
2026-04-06 08:00:00,64.67,92.33,14.0,38.25,33.25,66.5,2.0,1.0,23.0,3.0,14.0,NA,0.5,1.75,1.5,25.75,39.5,0.0,148.0,NA,NA,124.25,742.0,0.0
2026-04-06 09:00:00,59.5,107.75,16.0,34.75,32.5,74.75,5.0,0.75,28.5,3.5,15.25,NA,1.0,1.0,1.0,27.5,34.25,0.25,107.5,NA,NA,124.5,742.0,0.75
2026-04-06 10:00:00,42.5,89.0,24.75,39.0,40.25,69.75,4.75,0.67,37.0,3.25,15.25,NA,1.0,1.0,1.0,29.75,28.5,0.0,107.0,NA,NA,124.25,742.0,1.0
2026-04-06 11:00:00,43.0,115.0,20.75,39.75,36.5,66.25,9.33,0.25,45.5,3.25,14.75,NA,1.0,1.0,1.0,30.5,28.0,0.0,147.25,NA,NA,123.5,742.0,1.0
2026-04-06 12:00:00,43.0,132.25,24.25,36.0,40.5,62.25,9.75,0.0,42.25,3.5,15.25,NA,1.0,1.0,1.0,32.25,24.0,0.25,107.0,NA,NA,124.5,742.0,1.0
2026-04-06 13:00:00,33.25,121.5,31.75,37.5,47.25,62.0,4.0,0.0,44.0,3.25,15.0,NA,1.0,1.0,1.0,32.5,20.25,0.5,110.0,NA,NA,124.25,742.0,1.0
2026-04-06 14:00:00,26.5,87.25,26.25,35.5,41.0,63.0,3.75,0.0,41.25,3.5,15.0,NA,1.0,1.0,1.0,33.0,16.25,0.25,115.5,NA,NA,124.5,742.0,1.0
2026-04-06 15:00:00,18.5,83.25,17.5,37.5,31.25,62.75,5.33,1.0,42.25,3.5,15.0,NA,1.0,1.0,1.0,33.0,14.75,0.0,87.75,NA,NA,123.5,742.0,1.0
2026-04-06 16:00:00,15.0,78.75,19.0,36.75,36.75,68.0,5.75,0.0,42.5,3.5,15.0,NA,1.0,1.0,1.0,32.5,14.75,0.0,131.0,NA,NA,123.75,742.0,1.0
2026-04-06 17:00:00,37.33,72.0,24.33,34.33,42.67,73.33,10.0,0.33,45.67,3.33,15.33,NA,1.0,1.0,1.0,31.67,15.0,0.0,73.33,NA,NA,123.33,742.0,1.0
2026-04-06 18:00:00,51.75,63.0,22.0,35.75,39.0,71.75,9.5,0.0,26.25,3.0,15.0,NA,1.0,1.0,1.0,30.25,18.25,0.0,63.75,NA,NA,125.75,742.0,1.0
2026-04-06 19:00:00,57.25,87.5,15.0,36.5,30.25,71.75,11.67,0.0,21.0,2.75,15.25,NA,1.0,1.0,0.25,29.0,23.5,0.0,69.5,NA,NA,125.0,742.0,1.0
2026-04-06 20:00:00,54.0,105.33,18.0,36.5,33.75,80.67,11.67,1.0,16.5,3.0,16.25,NA,1.0,1.0,0.75,28.25,27.75,0.0,132.33,NA,NA,124.5,742.0,1.0
2026-04-06 21:00:00,40.25,123.0,24.0,36.25,41.25,85.5,13.0,0.5,10.75,3.0,16.75,NA,1.0,1.0,1.0,26.75,33.25,0.0,150.0,NA,NA,123.25,742.0,0.0
2026-04-06 22:00:00,32.5,152.0,19.0,35.0,33.5,85.0,16.75,1.0,6.75,2.25,14.25,NA,0.25,1.0,0.25,26.0,37.75,NA,NA,NA,NA,124.75,742.0,0.0
2026-04-06 23:00:00,49.67,142.33,24.33,33.67,37.0,83.33,2.0,1.0,6.0,2.0,14.33,NA,0.0,0.67,0.0,25.0,39.33,NA,NA,NA,NA,123.0,742.0,0.0
2026-04-07 00:00:00,51.0,127.0,20.75,39.0,34.75,64.0,2.0,0.0,7.0,2.25,12.75,NA,0.0,1.0,1.0,24.5,40.75,NA,NA,NA,NA,123.5,742.0,0.0
2026-04-07 01:00:00,49.5,132.0,22.0,34.25,37.0,63.25,2.0,0.0,5.75,2.5,12.75,NA,0.0,1.0,1.0,24.0,43.25,NA,NA,NA,NA,123.75,742.0,0.0
2026-04-07 02:00:00,43.0,128.0,23.0,36.0,38.5,63.25,2.0,0.0,6.5,2.0,12.75,NA,0.0,1.0,1.0,23.5,45.5,0.0,125.5,NA,NA,124.25,742.0,0.0
2026-04-07 03:00:00,38.5,125.75,29.25,34.75,44.5,63.0,3.0,0.0,7.0,2.0,11.25,NA,0.0,1.0,1.0,23.0,46.0,NA,NA,NA,NA,124.5,742.0,0.0
2026-04-07 04:00:00,40.25,126.0,24.75,36.75,40.5,56.75,3.75,0.0,11.0,2.0,10.25,NA,0.0,1.0,1.0,23.5,42.25,0.0,65.0,NA,NA,124.0,742.0,0.0
2026-04-07 05:00:00,59.5,117.25,25.75,36.5,37.0,56.5,2.0,0.0,9.75,2.0,10.5,NA,0.0,1.0,1.0,23.0,45.25,0.0,94.0,NA,NA,123.75,742.0,0.0
2026-04-07 06:00:00,68.5,118.25,22.5,39.25,36.5,59.25,2.0,1.0,22.25,2.25,11.0,NA,0.0,1.25,1.0,24.75,37.5,0.25,191.0,NA,NA,124.0,742.0,0.0
2026-04-07 07:00:00,66.75,138.25,15.75,37.5,33.0,61.25,6.33,0.75,15.75,3.0,13.5,NA,0.75,2.0,1.25,25.75,36.5,0.0,76.25,NA,NA,123.25,742.0,0.0
2026-04-07 08:00:00,50.75,147.0,22.0,39.5,39.5,66.5,4.5,0.0,21.0,3.0,13.75,NA,0.5,1.75,1.25,26.75,36.5,0.0,82.0,NA,NA,123.0,742.0,0.25
2026-04-07 09:00:00,35.0,142.5,16.0,36.5,31.5,74.5,2.0,0.0,29.75,3.0,15.25,NA,1.0,1.0,1.0,28.5,32.75,0.0,101.5,NA,NA,123.5,742.0,0.75
2026-04-07 10:00:00,27.0,123.5,24.0,36.25,40.5,70.25,2.0,0.0,48.0,3.5,15.25,NA,1.0,1.0,1.0,30.5,25.75,0.0,127.0,NA,NA,124.25,742.0,1.0
2026-04-07 11:00:00,29.0,89.5,12.25,33.5,28.0,65.5,9.0,0.0,67.75,3.5,15.25,NA,1.0,1.0,1.0,31.75,21.75,0.0,243.75,NA,NA,124.25,742.0,1.0
2026-04-07 12:00:00,31.5,60.5,9.75,31.0,30.0,55.75,7.75,1.0,70.0,3.25,15.0,NA,1.0,1.0,1.0,32.75,18.25,0.25,168.75,NA,NA,124.5,742.0,1.0
2026-04-07 13:00:00,50.75,66.5,18.0,30.75,41.75,56.5,2.0,0.0,59.5,3.0,15.25,NA,1.0,1.0,1.0,33.5,16.75,0.0,119.0,NA,NA,124.25,742.0,1.0
2026-04-07 14:00:00,62.0,73.0,16.0,33.75,39.25,56.75,2.0,NA,59.25,3.25,15.25,NA,1.0,1.0,1.0,33.25,16.75,0.0,72.25,NA,NA,125.25,742.0,1.0
2026-04-07 15:00:00,NA,NA,13.0,31.75,35.25,56.75,NA,0.0,62.75,3.5,15.25,NA,1.0,1.0,1.0,33.25,16.75,0.0,80.75,NA,NA,125.0,742.0,1.0
2026-04-07 16:00:00,1.0,10.0,24.5,32.0,46.5,63.0,NA,0.0,55.75,3.5,15.0,NA,1.0,1.0,1.0,33.25,16.25,0.0,41.5,NA,NA,123.5,742.0,1.0
2026-04-07 17:00:00,18.5,40.0,4.0,35.0,23.0,67.25,4.67,0.0,40.0,3.25,15.0,NA,1.0,1.0,1.0,32.25,18.75,0.0,208.25,NA,NA,124.75,742.0,1.0
2026-04-07 18:00:00,20.0,74.0,18.5,33.5,43.0,64.5,6.25,0.0,NA,3.5,15.25,NA,1.0,1.0,1.0,29.25,29.25,0.25,119.0,NA,NA,125.0,742.0,0.75
2026-04-07 19:00:00,NA,NA,6.75,29.25,30.75,66.75,1.33,0.0,36.0,3.0,15.25,NA,1.0,1.0,0.5,24.0,52.75,1.0,74.25,NA,NA,123.5,742.0,0.0
2026-04-07 20:00:00,162.0,347.0,16.5,31.0,38.75,75.25,2.0,0.0,23.5,3.0,16.5,NA,1.0,0.75,0.75,21.5,72.25,0.25,146.25,NA,NA,132.25,742.0,0.0
2026-04-07 21:00:00,NA,NA,10.0,32.5,30.0,79.5,0.0,0.0,10.75,3.0,17.0,NA,1.0,0.5,1.0,22.75,71.5,0.0,265.75,NA,NA,135.75,742.0,0.0
2026-04-07 22:00:00,NA,NA,14.5,34.75,35.25,79.25,0.0,0.0,9.75,2.25,14.5,NA,0.25,1.0,0.25,22.0,72.0,0.0,263.5,NA,NA,132.25,742.0,0.0
2026-04-07 23:00:00,NA,NA,14.33,30.0,37.33,81.0,9.0,0.0,13.33,2.0,15.0,NA,0.0,0.67,0.0,22.0,69.67,0.0,242.33,NA,NA,131.33,742.0,0.0
2026-04-08 00:00:00,NA,NA,10.0,32.25,33.0,58.5,8.0,0.67,19.25,2.25,12.25,NA,0.0,1.0,1.0,22.5,63.75,0.0,226.0,NA,NA,131.25,742.0,0.0
2026-04-08 01:00:00,NA,NA,9.25,30.5,31.5,58.25,3.33,0.5,12.25,2.25,12.25,NA,0.0,1.0,1.0,22.0,69.5,0.0,131.5,NA,NA,130.75,742.0,0.0
2026-04-08 02:00:00,NA,NA,10.25,31.5,33.5,57.5,3.75,0.0,6.75,2.5,12.25,NA,0.0,1.0,1.0,20.25,85.25,0.75,159.0,NA,NA,130.5,742.0,0.0
2026-04-08 03:00:00,NA,NA,10.5,31.5,36.0,57.75,3.67,0.0,9.5,2.0,10.75,NA,0.0,1.0,1.0,20.5,80.5,0.0,145.75,NA,NA,131.25,742.0,0.0
2026-04-08 04:00:00,NA,NA,14.5,32.5,41.25,51.0,3.5,0.0,9.25,2.0,10.25,NA,0.0,1.0,1.0,20.5,79.75,0.0,163.0,NA,NA,132.0,742.0,0.0
2026-04-08 05:00:00,NA,NA,21.5,31.75,42.5,50.25,6.0,0.0,6.25,2.0,11.0,NA,0.0,1.0,1.0,20.0,90.0,0.0,173.5,NA,NA,132.5,742.0,0.0
2026-04-08 06:00:00,NA,NA,12.0,30.5,36.5,53.75,6.5,0.0,5.5,2.25,11.25,NA,0.0,1.25,1.25,20.0,88.0,0.0,36.5,NA,NA,131.75,742.0,0.0
2026-04-08 07:00:00,NA,35.0,9.5,32.25,34.75,56.25,1.0,0.0,11.0,3.0,13.25,NA,0.0,2.0,1.0,20.0,89.25,0.0,163.75,NA,NA,132.0,742.0,0.0
2026-04-08 08:00:00,NA,28.75,13.5,31.25,38.0,61.0,0.5,0.0,14.0,3.0,14.0,NA,1.0,1.75,1.25,20.75,79.75,0.0,173.25,NA,NA,132.0,742.0,0.0
2026-04-08 09:00:00,NA,38.25,11.75,30.75,34.25,70.5,8.33,0.0,17.25,3.5,15.25,NA,1.0,1.0,1.0,22.5,68.75,0.0,190.0,NA,NA,132.5,742.0,0.0
2026-04-08 10:00:00,NA,42.25,9.25,31.75,34.25,65.0,7.25,0.0,12.5,3.25,15.25,NA,1.0,1.0,1.0,22.25,72.75,0.25,226.0,NA,NA,133.25,742.0,0.0
2026-04-08 11:00:00,17.0,32.67,25.5,32.75,45.0,62.0,0.67,0.0,18.75,3.25,15.0,NA,1.0,1.0,1.0,22.75,69.75,0.0,190.25,NA,NA,144.0,742.0,0.0
2026-04-08 12:00:00,68.75,86.0,22.75,32.5,41.25,55.5,0.25,0.67,19.25,3.5,15.0,NA,1.0,1.0,1.0,23.75,62.25,0.0,238.75,NA,NA,143.5,742.0,0.0
2026-04-08 13:00:00,67.0,86.25,24.75,36.75,49.75,56.75,0.0,0.75,17.5,3.0,15.0,NA,1.0,1.0,1.0,24.0,61.0,0.0,249.25,NA,NA,130.0,742.0,0.0
2026-04-08 14:00:00,52.25,88.0,35.75,33.25,62.5,56.5,0.0,0.0,18.0,3.0,15.25,NA,1.0,1.0,1.0,24.25,60.25,0.0,240.5,NA,NA,127.0,742.0,0.0
2026-04-08 15:00:00,47.25,96.0,16.5,34.0,38.75,56.5,10.0,0.0,20.0,3.75,15.0,NA,1.0,1.0,1.0,26.0,54.75,0.0,290.75,NA,NA,125.75,742.0,0.0
2026-04-08 16:00:00,44.0,109.75,14.75,29.75,39.75,61.75,10.5,0.0,25.0,3.5,15.0,NA,1.0,1.0,1.0,26.25,52.5,0.0,237.75,NA,NA,120.75,742.0,0.0
2026-04-08 17:00:00,37.0,104.75,11.0,29.25,34.25,65.75,2.67,0.0,22.0,3.25,15.0,NA,1.0,1.0,1.0,25.75,51.75,0.0,240.25,NA,NA,117.5,742.0,0.0
2026-04-08 18:00:00,24.0,100.0,9.75,33.0,34.0,66.25,4.75,0.0,17.5,3.25,15.25,NA,1.0,1.0,1.0,24.25,57.0,0.0,236.5,NA,NA,127.0,742.0,0.0
2026-04-08 19:00:00,101.0,121.0,8.5,32.75,34.25,66.25,6.0,0.0,12.25,3.0,15.25,NA,1.0,1.0,0.0,22.5,69.75,0.0,220.5,NA,NA,150.5,742.0,0.0
2026-04-08 20:00:00,97.0,120.0,8.5,30.25,35.25,75.25,4.75,0.33,13.25,3.0,16.0,NA,1.0,0.75,0.75,20.5,78.0,1.0,181.75,NA,NA,143.25,742.0,0.0
2026-04-08 21:00:00,16.5,39.75,7.25,32.0,36.25,77.0,3.0,0.0,10.5,3.0,17.0,NA,1.0,0.75,1.0,19.0,88.25,0.5,191.25,NA,NA,142.25,742.0,0.0
2026-04-08 22:00:00,15.0,39.0,10.0,32.0,38.25,80.0,3.0,0.0,8.25,2.25,14.75,NA,0.25,0.75,0.25,20.0,82.75,0.0,236.75,NA,NA,140.5,742.0,0.0
2026-04-08 23:00:00,NA,NA,7.67,30.67,35.67,81.0,NA,0.0,7.67,2.0,14.33,NA,0.0,1.0,0.0,20.0,82.0,0.0,247.33,NA,NA,139.0,742.0,0.0
2026-04-09 00:00:00,26.75,27.5,10.0,29.5,34.0,57.75,NA,0.0,7.25,2.5,12.5,NA,0.0,1.0,1.0,19.0,82.75,0.0,222.5,NA,NA,136.75,742.0,0.0
2026-04-09 01:00:00,17.75,23.5,9.0,31.5,35.5,57.5,NA,0.0,6.0,2.25,12.75,NA,0.0,1.0,1.0,19.0,85.5,0.0,218.5,NA,NA,133.5,742.0,0.0
2026-04-09 02:00:00,12.75,24.75,9.75,31.75,37.25,57.25,0.0,0.0,9.25,2.25,12.5,NA,0.0,1.0,1.0,18.0,86.75,0.0,228.25,NA,NA,130.75,742.0,0.0
2026-04-09 03:00:00,7.0,24.5,9.0,30.5,33.25,57.25,1.0,0.0,13.0,2.0,11.0,NA,0.0,1.0,1.0,18.0,85.25,0.0,219.75,NA,NA,132.25,742.0,0.0
2026-04-09 04:00:00,3.5,29.25,18.75,31.25,41.5,51.25,0.75,0.0,10.25,2.0,10.25,NA,0.0,1.0,1.0,18.0,86.25,0.0,126.0,NA,NA,130.25,742.0,0.0
2026-04-09 05:00:00,6.75,37.0,7.75,31.5,32.5,50.75,0.0,0.0,7.75,2.0,10.5,NA,0.0,1.0,1.0,18.0,90.0,0.0,136.0,NA,NA,130.0,742.0,0.0
2026-04-09 06:00:00,19.25,31.25,9.75,31.0,34.75,53.75,0.0,0.0,5.5,2.25,10.75,NA,0.0,1.25,1.0,18.0,91.5,0.0,154.5,NA,NA,129.75,742.0,0.0
2026-04-09 07:00:00,22.0,46.75,11.75,30.75,37.0,55.75,0.33,0.0,9.5,3.0,13.5,NA,0.25,2.0,1.25,19.75,80.25,0.25,156.5,NA,NA,130.25,742.0,0.0
2026-04-09 08:00:00,20.75,64.0,9.25,29.25,34.75,60.5,0.0,0.0,19.25,3.25,14.0,NA,0.25,1.75,1.0,21.5,70.0,0.0,166.75,NA,NA,131.75,742.0,0.0
2026-04-09 09:00:00,25.5,64.25,7.75,31.25,35.25,68.5,14.67,0.0,27.0,3.25,15.25,NA,1.0,1.0,1.0,23.25,58.75,0.0,155.0,NA,NA,131.75,742.0,0.0
2026-04-09 10:00:00,23.75,67.0,9.5,32.25,36.5,64.0,14.25,0.0,34.5,3.75,15.0,NA,1.0,1.0,1.0,25.5,49.5,0.0,119.25,NA,NA,129.0,742.0,0.0
2026-04-09 11:00:00,21.5,70.0,6.5,30.75,35.5,63.75,0.33,0.25,33.5,3.5,15.0,NA,1.0,1.0,1.0,27.25,45.25,0.0,113.0,NA,NA,123.75,742.0,0.25
2026-04-09 12:00:00,14.0,57.75,7.25,29.0,34.5,58.5,0.0,0.0,34.25,3.0,15.25,NA,1.0,1.0,1.0,28.5,35.75,0.0,103.0,NA,NA,122.5,742.0,1.0
2026-04-09 13:00:00,7.0,49.5,7.25,26.75,34.25,60.25,0.0,0.25,40.25,3.75,15.0,NA,1.0,1.0,1.0,29.0,28.25,0.75,156.5,NA,NA,123.75,742.0,1.0
2026-04-09 14:00:00,3.5,44.5,9.5,27.25,36.5,60.25,0.0,0.0,50.25,3.0,15.0,NA,1.0,1.0,1.0,29.75,24.75,0.25,127.25,NA,NA,125.75,742.0,1.0
2026-04-09 15:00:00,24.25,70.5,6.25,28.5,32.75,60.5,10.67,0.0,35.5,3.25,15.0,NA,1.0,1.0,1.0,30.0,23.5,0.0,133.0,NA,NA,126.25,742.0,1.0
2026-04-09 16:00:00,17.75,100.0,5.75,28.25,33.25,65.75,11.5,0.67,35.75,3.0,15.0,NA,1.0,1.0,1.0,29.75,22.25,0.25,122.25,NA,NA,126.5,742.0,1.0
2026-04-09 17:00:00,10.0,109.0,8.33,27.33,37.0,71.0,9.5,0.33,33.67,3.0,14.67,NA,1.0,1.0,1.0,29.0,21.67,0.0,151.33,NA,NA,125.0,742.0,1.0
2026-04-09 18:00:00,NA,NA,6.5,29.25,34.5,69.25,7.75,0.67,21.0,3.5,15.25,NA,1.0,1.0,1.0,27.5,26.25,0.25,156.5,NA,NA,124.5,742.0,0.5
2026-04-09 19:00:00,NA,NA,8.25,29.25,34.25,70.25,NA,1.0,10.0,3.0,15.25,NA,1.0,1.0,0.75,26.5,31.25,0.0,155.0,NA,NA,124.25,742.0,0.0
2026-04-09 20:00:00,98.0,142.0,10.75,29.0,36.5,78.75,4.33,1.0,9.75,3.0,16.0,NA,1.0,0.5,1.0,25.25,33.75,0.0,150.0,NA,NA,124.25,742.0,0.0
2026-04-09 21:00:00,81.25,144.75,7.25,30.0,33.75,83.5,3.33,1.0,7.75,3.0,17.0,NA,1.0,1.0,1.0,24.75,36.25,0.0,167.0,NA,NA,123.25,742.0,0.0
2026-04-09 22:00:00,40.5,153.25,8.0,29.0,35.0,84.25,4.75,0.0,7.0,2.25,14.75,NA,0.25,1.0,0.25,23.5,40.25,NA,NA,NA,NA,124.5,742.0,0.0
2026-04-09 23:00:00,23.0,161.0,11.0,25.67,36.0,85.67,0.0,0.0,9.0,2.0,14.0,NA,0.0,0.67,0.0,23.0,43.67,NA,NA,NA,NA,124.0,742.0,0.0
2026-04-10 00:00:00,86.0,141.0,9.75,27.25,35.75,61.5,0.25,1.0,6.75,2.0,12.5,NA,0.0,1.0,1.0,22.0,47.5,0.0,139.0,NA,NA,123.5,742.0,0.0
2026-04-10 01:00:00,NA,NA,8.5,30.0,36.5,61.25,2.33,1.0,9.25,2.0,12.75,NA,0.0,1.0,1.0,22.0,49.0,0.0,173.5,NA,NA,125.25,742.0,0.0
2026-04-10 02:00:00,160.0,163.0,10.0,28.5,37.75,61.5,3.75,0.0,11.25,2.5,12.5,NA,0.0,1.0,1.0,21.25,48.75,0.0,106.5,NA,NA,124.5,742.0,0.0
2026-04-10 03:00:00,NA,NA,8.75,28.0,35.0,61.75,6.33,0.0,9.25,2.25,11.25,NA,0.0,1.0,1.0,21.25,52.0,0.0,74.5,NA,NA,124.25,742.0,0.0
2026-04-10 04:00:00,NA,NA,11.0,27.75,38.0,56.0,3.5,1.0,10.75,2.0,10.0,NA,0.0,1.0,1.0,21.0,49.75,0.0,181.75,NA,NA,123.0,742.0,0.0
2026-04-10 05:00:00,NA,NA,7.75,28.25,33.5,54.75,3.33,0.5,7.0,2.0,10.5,NA,0.0,1.0,1.0,20.75,51.25,0.0,44.25,NA,NA,123.5,742.0,0.0
2026-04-10 06:00:00,NA,NA,7.25,26.75,33.25,57.0,3.25,1.0,5.75,2.25,11.5,NA,0.25,1.25,1.0,21.25,51.25,0.0,53.75,NA,NA,123.0,742.0,0.0
2026-04-10 07:00:00,20.33,118.33,9.25,28.0,35.25,60.75,3.33,1.0,13.5,3.0,13.0,NA,0.75,2.0,1.25,23.5,42.5,0.0,93.5,NA,NA,124.5,742.0,0.0
2026-04-10 08:00:00,18.75,86.0,4.25,29.0,32.0,63.5,3.0,0.33,22.75,3.0,14.25,NA,0.75,1.75,1.0,25.5,36.75,0.0,115.75,NA,NA,123.25,742.0,0.0
2026-04-10 09:00:00,13.25,80.0,8.0,28.5,37.0,73.0,5.33,0.0,29.0,3.5,15.0,NA,1.0,1.0,1.0,27.75,29.5,0.0,118.75,NA,NA,123.25,742.0,0.75
2026-04-10 10:00:00,14.0,79.0,6.5,28.75,35.0,68.75,4.25,1.0,38.0,3.25,15.0,NA,1.0,1.0,1.0,29.25,24.5,0.75,141.75,NA,NA,123.75,742.0,1.0
2026-04-10 11:00:00,26.25,71.25,9.75,28.25,37.5,64.25,1.0,0.5,40.75,3.5,15.5,NA,1.0,1.0,1.0,30.0,20.75,0.0,111.25,NA,NA,123.5,742.0,1.0
2026-04-10 12:00:00,32.75,68.0,8.0,29.5,37.5,59.0,1.0,1.0,41.0,3.5,15.25,NA,1.0,1.0,1.0,30.75,20.25,0.25,115.25,NA,NA,123.5,742.0,1.0
2026-04-10 13:00:00,25.5,73.5,9.75,28.25,36.5,60.25,2.0,1.0,36.25,3.0,15.0,NA,1.0,1.0,1.0,31.0,16.75,0.0,81.75,NA,NA,123.25,742.0,1.0
2026-04-10 14:00:00,18.0,71.0,7.75,27.25,32.5,61.0,1.75,0.67,39.5,3.0,15.0,NA,1.0,1.0,1.0,32.0,13.75,0.25,91.5,NA,NA,123.75,742.0,1.0
2026-04-10 15:00:00,28.75,70.5,7.25,29.0,35.75,60.5,3.0,0.0,42.0,3.0,15.0,NA,1.0,1.0,1.0,31.75,12.75,0.5,70.0,NA,NA,123.75,742.0,1.0
2026-04-10 16:00:00,24.0,78.25,11.0,28.5,40.0,66.0,3.5,1.0,44.5,3.5,15.0,NA,1.0,1.0,1.0,31.0,14.5,0.0,69.75,NA,NA,123.75,742.0,1.0
2026-04-10 17:00:00,31.0,79.0,9.75,28.5,35.0,70.25,10.67,0.75,42.75,3.75,15.25,NA,1.0,1.0,1.0,30.0,17.25,0.0,69.75,NA,NA,123.75,742.0,1.0
2026-04-10 18:00:00,NA,NA,8.0,28.0,36.5,71.25,13.25,1.0,37.75,3.5,15.25,NA,1.0,1.0,1.0,28.75,20.25,0.0,67.0,NA,NA,123.25,742.0,1.0
2026-04-10 19:00:00,NA,NA,7.5,27.75,34.75,71.0,11.67,1.0,30.5,3.0,15.0,NA,1.0,1.0,0.5,28.0,23.0,0.0,68.25,NA,NA,123.5,742.0,1.0
2026-04-10 20:00:00,NA,NA,7.5,29.25,36.75,80.25,11.0,1.0,25.0,3.0,16.25,NA,1.0,0.75,0.75,27.5,25.5,0.0,63.75,NA,NA,124.25,742.0,0.5
2026-04-10 21:00:00,NA,NA,8.75,29.0,36.75,82.5,10.33,1.0,28.25,3.0,17.0,NA,1.0,0.5,1.0,27.0,27.0,0.0,65.75,NA,NA,123.0,742.0,0.0
2026-04-10 22:00:00,51.75,113.25,11.75,29.25,39.25,83.5,11.0,0.0,23.75,2.25,14.75,NA,0.25,1.0,0.25,26.0,29.25,0.0,57.5,NA,NA,123.25,742.0,0.0
2026-04-10 23:00:00,28.33,130.0,10.0,29.67,38.33,84.67,13.5,0.0,22.0,2.0,14.0,NA,0.0,0.67,0.0,25.0,31.0,0.0,56.67,NA,NA,124.0,742.0,0.0
2026-04-11 00:00:00,37.5,102.5,6.75,28.5,34.75,62.0,15.5,0.0,24.5,2.0,12.25,NA,0.0,1.0,1.0,25.0,31.75,0.0,63.5,NA,NA,123.75,742.0,0.0
2026-04-11 01:00:00,32.25,107.25,7.75,28.0,33.75,61.5,6.33,0.0,26.5,2.0,12.25,NA,0.0,1.0,1.0,24.25,34.25,0.0,117.5,NA,NA,124.0,742.0,0.0
2026-04-11 02:00:00,28.5,106.75,11.0,28.75,36.25,61.75,6.5,0.0,27.5,2.0,12.25,NA,0.0,1.0,1.0,24.0,35.5,0.0,138.5,NA,NA,124.0,742.0,0.0
2026-04-11 03:00:00,28.75,100.5,9.25,29.0,37.25,61.25,0.0,0.75,21.0,2.0,10.75,NA,0.0,1.0,1.0,23.0,38.25,0.0,117.0,NA,NA,123.75,742.0,0.0
2026-04-11 04:00:00,34.25,94.75,8.5,29.25,32.25,55.0,NA,0.67,15.25,2.0,10.25,NA,0.0,1.0,1.0,22.75,38.75,0.0,57.25,NA,NA,122.75,742.0,0.0
2026-04-11 05:00:00,36.5,94.5,9.75,28.0,38.25,54.25,6.0,0.25,12.25,2.0,10.0,NA,0.0,1.0,1.0,22.0,41.75,0.0,59.0,NA,NA,123.25,742.0,0.0
2026-04-11 06:00:00,41.0,80.75,9.75,28.25,36.75,57.75,6.25,0.67,9.5,2.25,11.0,NA,0.25,1.25,1.0,22.0,43.75,0.0,53.25,NA,NA,124.0,742.0,0.0
2026-04-11 07:00:00,42.25,94.75,9.75,28.0,37.75,59.75,0.0,1.0,11.75,3.0,13.25,NA,1.0,2.0,1.25,24.0,39.0,0.0,57.25,NA,NA,124.5,742.0,0.0
2026-04-11 08:00:00,37.0,102.5,8.25,27.75,33.5,63.5,0.0,0.0,24.75,3.25,13.75,NA,0.75,1.75,1.0,26.5,32.0,0.0,104.75,NA,NA,123.75,742.0,0.25
2026-04-11 09:00:00,35.0,96.0,9.75,30.0,39.25,74.5,8.0,0.0,30.5,3.5,15.0,NA,1.0,1.0,1.0,29.0,25.25,0.0,89.25,NA,NA,123.75,742.0,1.0
2026-04-11 10:00:00,31.0,93.25,6.75,27.5,33.75,69.75,8.0,0.0,32.25,3.25,15.0,NA,1.0,1.0,1.0,30.25,21.0,0.0,77.5,NA,NA,123.5,742.0,1.0
2026-04-11 11:00:00,38.33,97.0,8.25,28.5,36.75,63.25,5.33,0.0,39.5,3.75,15.25,NA,1.0,1.0,1.0,32.5,19.0,0.0,98.5,NA,NA,124.0,742.0,1.0
2026-04-11 12:00:00,NA,NA,8.25,28.5,33.25,59.5,3.5,0.0,39.5,4.0,15.0,NA,1.0,1.0,1.0,33.25,19.25,0.0,102.25,NA,NA,124.25,742.0,1.0
2026-04-11 13:00:00,74.5,84.75,13.5,29.5,39.5,60.25,5.67,0.0,42.75,3.25,15.5,NA,1.0,1.0,1.0,34.0,14.75,1.25,137.75,NA,NA,125.5,742.0,1.0
2026-04-11 14:00:00,65.25,106.25,11.75,26.75,38.0,60.75,5.5,0.0,44.5,3.0,15.25,NA,1.0,1.0,1.0,34.75,12.0,1.5,155.0,NA,NA,123.75,742.0,1.0
2026-04-11 15:00:00,59.5,116.0,8.0,28.0,34.0,60.5,NA,0.5,45.0,3.75,15.0,NA,1.0,1.0,1.0,34.5,12.5,1.5,158.75,NA,NA,124.5,742.0,1.0
2026-04-11 16:00:00,59.0,115.0,10.75,28.0,35.75,66.75,NA,1.0,40.25,3.0,15.0,NA,1.0,1.0,1.0,34.25,13.0,0.5,149.0,NA,NA,123.75,742.0,1.0
2026-04-11 17:00:00,62.75,117.75,10.75,28.75,35.75,68.75,0.0,1.0,31.0,3.5,15.0,NA,1.0,1.0,1.0,33.5,14.75,0.0,113.0,NA,NA,123.75,742.0,1.0
2026-04-11 18:00:00,63.75,110.25,9.5,28.75,36.0,71.0,0.25,1.0,17.5,3.25,15.0,NA,1.0,1.0,1.0,32.0,18.5,0.0,59.75,NA,NA,124.5,742.0,1.0
2026-04-11 19:00:00,60.0,132.0,8.0,30.0,35.0,70.75,0.0,1.0,11.25,3.0,15.25,NA,1.0,1.0,0.5,30.5,22.25,0.0,55.5,NA,NA,123.5,742.0,1.0
2026-04-11 20:00:00,57.75,173.25,10.5,27.5,36.0,76.0,0.0,0.0,10.75,3.0,15.0,NA,1.0,0.5,0.75,29.75,24.5,0.0,57.5,NA,NA,123.25,742.0,1.0
2026-04-11 21:00:00,51.25,181.75,6.5,30.25,34.0,76.25,2.67,0.75,9.0,3.0,13.0,NA,1.0,0.0,1.0,29.0,25.75,0.0,74.75,NA,NA,124.0,742.0,1.0
2026-04-11 22:00:00,65.0,174.5,10.0,27.75,36.0,77.0,3.5,1.0,17.25,2.25,11.75,NA,0.25,0.0,0.25,28.5,25.25,0.0,163.5,NA,NA,124.0,742.0,1.0
2026-04-11 23:00:00,65.0,163.0,9.67,26.67,37.0,77.67,5.0,1.0,15.67,2.0,11.67,NA,0.0,0.0,0.0,27.67,27.0,0.0,156.33,NA,NA,123.67,742.0,1.0
2026-04-12 00:00:00,48.0,124.0,7.75,28.25,36.5,56.0,4.75,0.0,12.0,2.0,9.75,NA,0.0,0.0,0.0,26.75,29.5,0.0,140.75,NA,NA,123.5,742.0,0.0
2026-04-12 01:00:00,50.75,126.5,6.25,27.25,32.5,55.5,9.33,0.0,16.5,2.0,10.0,NA,0.0,0.0,0.0,26.0,31.75,0.0,136.0,NA,NA,123.25,742.0,0.0
2026-04-12 02:00:00,56.25,137.5,7.5,28.5,36.0,56.0,9.0,0.0,11.75,2.0,10.0,NA,0.0,0.0,0.0,25.0,33.25,0.0,180.5,NA,NA,123.25,742.0,0.0
2026-04-12 03:00:00,49.0,149.0,8.0,30.0,34.75,56.0,12.67,0.0,14.75,2.0,8.75,NA,0.0,0.5,0.75,25.0,33.5,0.0,139.5,NA,NA,124.0,742.0,0.0
2026-04-12 04:00:00,54.75,151.25,6.75,27.75,34.75,49.5,12.75,1.0,22.0,1.75,8.0,NA,0.0,1.0,1.0,25.0,34.25,0.0,150.0,NA,NA,123.75,742.0,0.0
2026-04-12 05:00:00,61.5,142.5,8.5,27.5,35.75,49.0,2.67,1.0,16.5,2.0,8.0,NA,0.0,1.0,1.0,24.75,37.25,0.0,99.75,NA,NA,124.0,742.0,0.0
2026-04-12 06:00:00,50.5,126.0,8.75,28.0,37.0,51.0,3.0,1.0,14.25,2.25,8.75,NA,0.0,1.25,1.0,25.0,39.75,0.0,55.75,NA,NA,124.0,742.0,0.0
2026-04-12 07:00:00,42.25,144.5,9.25,28.5,36.0,54.25,3.0,1.0,22.25,3.0,10.5,NA,0.0,2.0,1.0,26.5,35.75,0.0,157.0,NA,NA,123.75,742.0,0.25
2026-04-12 08:00:00,45.75,159.5,10.75,29.5,39.0,57.5,2.25,0.67,28.75,3.0,11.25,NA,0.25,1.5,1.0,28.5,30.25,0.5,159.75,NA,NA,123.75,742.0,1.0
2026-04-12 09:00:00,52.75,151.75,8.0,29.25,35.75,67.75,13.67,0.25,36.5,3.0,11.25,NA,1.0,1.0,1.0,30.5,26.0,0.5,164.75,NA,NA,124.0,742.0,1.0
2026-04-12 10:00:00,48.75,152.75,8.75,27.75,35.5,62.5,13.0,0.0,39.5,3.0,12.0,NA,1.0,1.0,1.0,33.0,18.75,0.5,159.5,NA,NA,124.25,742.0,1.0
2026-04-12 11:00:00,62.75,136.75,9.0,27.25,34.5,60.5,0.67,0.75,45.75,3.0,12.0,NA,1.0,1.0,1.0,34.5,14.0,0.0,145.5,NA,NA,124.0,742.0,1.0
2026-04-12 12:00:00,48.25,100.5,10.0,28.0,37.75,53.5,0.25,0.0,47.25,3.0,12.0,NA,1.0,1.0,1.0,35.25,13.75,0.25,144.0,NA,NA,124.25,742.0,1.0
2026-04-12 13:00:00,28.25,111.0,5.75,30.25,31.5,54.5,3.33,0.0,50.75,3.0,12.0,NA,1.0,1.0,1.0,35.75,12.5,0.5,109.5,NA,NA,124.0,742.0,1.0
2026-04-12 14:00:00,27.5,114.75,7.25,29.0,36.5,54.5,3.5,0.67,49.5,3.0,12.0,NA,1.0,1.0,1.0,36.0,12.25,0.25,118.75,NA,NA,124.0,742.0,1.0
2026-04-12 15:00:00,40.25,110.75,9.0,28.75,35.75,54.5,7.33,1.0,45.0,3.0,12.0,NA,1.0,1.0,1.0,36.0,12.25,0.0,134.25,NA,NA,125.25,742.0,1.0
2026-04-12 16:00:00,38.75,121.0,10.0,28.0,37.25,60.0,7.0,1.0,45.0,3.0,12.0,NA,1.0,1.0,1.0,35.0,12.5,0.0,155.75,NA,NA,124.0,742.0,1.0
2026-04-12 17:00:00,51.0,118.0,6.0,28.33,34.33,65.33,0.0,0.0,43.0,3.0,12.0,NA,1.0,1.0,1.0,34.0,14.67,0.33,149.0,NA,NA,124.33,742.0,1.0
2026-04-12 18:00:00,59.75,109.5,9.0,29.25,38.25,63.75,0.25,1.0,27.5,2.75,12.0,NA,1.0,1.0,0.75,32.75,17.5,0.0,101.25,NA,NA,124.5,742.0,1.0
2026-04-12 19:00:00,55.75,147.25,8.75,28.5,37.75,66.25,10.33,1.0,22.25,2.25,12.0,NA,1.0,1.0,0.0,31.5,20.25,0.0,154.75,NA,NA,123.75,742.0,1.0
2026-04-12 20:00:00,45.25,162.75,7.0,27.75,36.0,72.75,8.75,0.0,26.75,2.75,13.0,NA,1.0,0.5,0.5,30.75,21.5,0.25,155.5,NA,NA,124.75,742.0,1.0
2026-04-12 21:00:00,43.0,172.5,6.5,28.0,36.0,77.25,0.0,0.0,24.5,3.0,13.5,NA,1.0,0.0,1.0,29.75,21.5,0.0,155.0,NA,NA,122.75,742.0,1.0
2026-04-12 22:00:00,50.5,175.0,8.25,29.0,38.0,78.0,0.0,0.0,26.25,2.25,11.25,NA,0.25,0.0,0.25,28.75,22.0,0.25,153.5,NA,NA,123.75,742.0,1.0
2026-04-12 23:00:00,46.0,168.0,8.33,28.33,35.67,75.67,13.0,0.0,24.33,2.0,11.33,NA,0.0,0.0,0.0,27.67,25.0,0.0,153.0,NA,NA,125.0,742.0,0.67
2026-04-13 00:00:00,48.75,149.5,8.75,29.0,36.25,55.5,13.75,0.0,16.75,2.0,10.0,NA,0.0,0.0,0.0,26.5,27.75,0.0,155.0,NA,NA,123.25,742.0,0.0
2026-04-13 01:00:00,57.75,157.0,12.75,26.25,36.75,55.75,2.0,0.0,22.0,2.0,10.0,NA,0.0,0.0,0.0,25.5,30.75,0.0,150.75,NA,NA,124.0,742.0,0.0
2026-04-13 02:00:00,64.0,154.5,8.25,28.25,35.75,54.75,1.5,0.0,26.25,2.0,9.75,NA,0.0,0.0,0.25,25.0,32.25,0.0,145.25,NA,NA,123.25,742.0,0.0
2026-04-13 03:00:00,75.25,157.5,7.5,27.5,36.75,55.5,4.33,0.0,34.75,2.0,8.75,NA,0.0,0.5,0.75,24.75,33.0,0.0,155.0,NA,NA,124.5,742.0,0.0
2026-04-13 04:00:00,77.75,157.75,10.75,29.0,39.25,49.5,4.75,0.33,25.0,2.0,8.0,NA,0.0,1.0,1.0,24.0,35.75,0.0,151.5,NA,NA,123.75,742.0,0.0
2026-04-13 05:00:00,63.0,152.5,7.0,27.75,35.25,48.5,1.0,1.0,13.25,1.75,8.0,NA,0.0,1.0,1.0,24.0,38.0,0.0,103.0,NA,NA,124.0,742.0,0.0
2026-04-13 06:00:00,60.75,154.75,7.5,29.5,36.0,51.75,1.25,0.0,5.0,2.25,8.75,NA,0.0,1.25,1.0,24.5,39.25,0.0,48.5,NA,NA,123.5,742.0,0.0
2026-04-13 07:00:00,65.75,172.5,8.5,29.0,37.25,52.75,9.67,1.0,12.25,3.0,10.75,NA,0.0,1.5,1.0,26.25,34.75,0.0,51.0,NA,NA,123.25,742.0,0.0
2026-04-13 08:00:00,76.5,182.25,10.25,27.0,38.5,58.75,10.5,0.67,26.75,3.0,11.25,NA,0.25,1.75,1.0,28.5,29.5,0.0,53.5,NA,NA,123.5,742.0,1.0
2026-04-13 09:00:00,75.25,184.25,8.75,26.75,36.25,68.25,11.0,0.0,41.75,3.0,12.0,NA,1.0,1.0,1.0,31.25,22.5,0.0,86.5,NA,NA,123.5,742.0,1.0
2026-04-13 10:00:00,55.25,171.5,7.5,28.25,37.0,62.0,7.75,0.0,47.25,3.0,12.0,NA,1.0,1.0,1.0,33.0,15.5,0.0,134.75,NA,NA,123.75,742.0,1.0
2026-04-13 11:00:00,50.75,138.5,8.5,28.25,34.25,59.5,0.0,0.25,45.75,3.0,12.0,NA,1.0,1.0,1.0,34.25,8.25,0.75,142.0,NA,NA,124.75,742.0,1.0
2026-04-13 12:00:00,67.25,106.0,12.75,28.5,35.75,52.75,10.0,1.0,52.75,3.0,12.0,NA,1.0,1.0,1.0,35.0,7.25,1.5,152.25,NA,NA,123.0,742.0,1.0
2026-04-13 13:00:00,70.5,99.25,7.5,28.5,35.0,54.0,5.67,1.0,46.75,3.0,12.0,NA,1.0,1.0,1.0,36.0,5.75,0.75,146.25,NA,NA,124.0,742.0,1.0
2026-04-13 14:00:00,57.0,106.25,8.75,29.25,36.0,54.0,5.5,0.67,47.25,3.0,12.0,NA,1.0,1.0,1.0,36.0,6.75,0.5,126.5,NA,NA,123.5,742.0,1.0
2026-04-13 15:00:00,54.25,105.75,5.5,28.0,33.75,54.75,10.0,1.0,48.25,3.0,12.0,NA,1.0,1.0,1.0,36.0,7.25,0.0,101.5,NA,NA,123.25,742.0,1.0
2026-04-13 16:00:00,67.0,108.25,8.0,28.0,36.25,60.5,10.75,1.0,47.25,3.0,12.0,NA,1.0,1.0,1.0,35.5,8.0,0.0,90.25,NA,NA,122.5,742.0,1.0
2026-04-13 17:00:00,71.0,121.75,7.75,28.5,35.0,64.5,3.0,1.0,44.5,3.0,12.25,NA,1.0,1.0,1.0,33.75,11.25,0.0,80.5,NA,NA,124.5,742.0,1.0
2026-04-13 18:00:00,55.5,117.75,6.25,28.0,35.75,63.5,2.25,0.0,27.5,2.75,12.25,NA,1.0,1.0,0.75,32.5,13.25,0.0,84.75,NA,NA,123.25,742.0,1.0
2026-04-13 19:00:00,56.5,164.75,8.0,28.0,36.25,66.25,1.0,0.75,17.5,2.25,12.0,NA,1.0,1.0,0.0,31.25,14.5,0.0,102.75,NA,NA,123.75,742.0,1.0
2026-04-13 20:00:00,63.0,187.5,10.5,30.0,39.25,72.75,2.0,1.0,13.0,2.75,13.0,NA,1.0,0.5,0.75,30.5,15.5,0.0,140.75,NA,NA,122.5,742.0,1.0
2026-04-13 21:00:00,60.75,181.75,8.25,29.25,37.75,77.5,2.0,1.0,7.25,3.0,13.0,NA,1.0,0.0,1.0,29.25,17.5,0.0,132.5,NA,NA,124.5,742.0,1.0
2026-04-13 22:00:00,64.0,173.75,7.5,29.75,35.5,77.0,4.5,1.0,4.0,2.25,11.5,NA,0.25,0.0,0.25,28.0,21.25,0.0,199.5,NA,NA,124.25,742.0,1.0
2026-04-13 23:00:00,67.0,160.0,9.0,27.33,37.33,76.0,7.5,1.0,9.67,2.0,11.0,NA,0.0,0.0,0.0,28.0,22.67,0.0,139.5,NA,NA,124.0,742.0,1.0
2026-04-14 00:00:00,59.25,147.0,10.25,29.5,39.25,55.25,9.0,0.0,11.0,2.0,10.0,NA,0.0,0.0,0.0,26.75,24.5,0.0,171.33,NA,NA,124.25,742.0,0.25
2026-04-14 01:00:00,56.25,150.0,5.0,29.0,31.5,55.75,10.67,0.0,11.0,2.0,9.75,NA,0.0,0.0,0.0,25.5,27.75,NA,NA,NA,NA,123.75,742.0,0.0
2026-04-14 02:00:00,60.0,147.5,10.75,27.5,35.75,55.25,11.0,0.0,14.0,2.0,9.75,NA,0.0,0.0,0.0,25.5,29.25,0.0,78.0,NA,NA,123.75,742.0,0.0
2026-04-14 03:00:00,49.0,147.0,8.0,29.5,38.25,55.75,11.33,0.0,16.0,2.0,8.75,NA,0.0,0.5,0.75,24.75,32.0,0.0,44.0,NA,NA,123.75,742.0,0.0
2026-04-14 04:00:00,49.0,143.25,10.5,29.75,39.25,49.25,11.75,0.0,14.5,1.5,8.0,NA,0.0,1.0,1.0,24.75,31.75,0.0,80.25,NA,NA,123.5,742.0,0.0
2026-04-14 05:00:00,62.0,154.75,11.0,28.0,39.0,48.75,1.67,0.0,17.0,1.5,8.0,NA,0.0,1.0,1.0,24.5,33.0,0.0,51.0,NA,NA,123.5,742.0,0.0
2026-04-14 06:00:00,67.5,171.25,11.0,28.75,39.75,50.25,2.25,0.33,21.25,2.25,8.75,NA,0.0,1.0,1.0,24.75,33.25,0.0,106.25,NA,NA,123.75,742.0,0.0
2026-04-14 07:00:00,57.0,175.5,7.5,28.5,34.75,53.5,0.0,1.0,28.75,3.0,10.5,NA,0.0,1.75,1.0,28.5,27.0,0.0,94.0,NA,NA,124.75,742.0,0.75
2026-04-14 08:00:00,61.5,178.25,9.75,28.5,37.0,58.25,NA,0.67,46.0,3.0,11.25,NA,0.25,1.75,1.0,30.75,20.25,0.0,51.0,NA,NA,124.25,742.0,1.0
2026-04-14 09:00:00,62.25,178.75,7.75,28.75,37.25,67.5,9.67,0.25,55.5,3.0,12.0,NA,1.0,1.0,1.0,33.25,17.5,0.0,59.25,NA,NA,123.75,742.0,1.0
2026-04-14 10:00:00,53.5,174.0,8.5,30.25,37.0,62.0,8.5,0.0,58.25,3.0,12.0,NA,1.0,1.0,1.0,35.0,12.75,0.0,81.25,NA,NA,123.75,742.0,1.0
2026-04-14 11:00:00,64.75,174.75,10.25,28.0,37.0,NA,1.33,0.0,55.75,3.0,12.0,NA,1.0,1.0,1.0,36.0,9.0,0.0,141.0,NA,NA,124.0,742.0,1.0
2026-04-14 12:00:00,66.5,117.0,11.75,31.0,37.25,NA,0.5,0.0,51.5,3.0,12.0,NA,1.0,1.0,1.0,37.0,7.5,0.0,136.25,NA,NA,124.75,742.0,1.0
2026-04-14 13:00:00,NA,NA,46.75,33.0,76.25,NA,11.67,0.0,54.5,3.0,12.0,NA,1.0,1.0,1.0,37.75,6.25,0.0,140.25,NA,NA,123.5,742.0,1.0
2026-04-14 14:00:00,NA,NA,128.25,32.0,105.75,53.67,11.75,0.0,53.5,NA,NA,NA,NA,NA,NA,38.0,6.0,0.0,91.5,NA,NA,123.25,742.0,1.0
2026-04-14 15:00:00,59.75,87.67,217.25,33.5,205.25,52.25,6.67,0.0,53.5,NA,NA,NA,NA,NA,NA,38.0,7.0,0.0,121.0,NA,NA,125.5,742.0,1.0
2026-04-14 16:00:00,48.5,78.75,247.5,24.75,176.25,62.25,7.75,0.67,48.25,NA,NA,NA,NA,NA,NA,37.25,7.25,0.0,88.0,NA,NA,124.75,742.0,1.0
2026-04-14 17:00:00,42.0,89.0,23.25,33.5,43.75,67.0,9.33,1.0,43.0,3.0,12.0,NA,1.0,1.0,1.0,35.75,9.0,0.0,62.25,NA,NA,124.5,742.0,1.0
2026-04-14 18:00:00,39.75,147.25,14.0,33.0,39.5,66.5,17.5,0.67,31.5,2.75,12.5,NA,1.0,1.0,1.0,34.5,12.5,0.0,52.75,NA,NA,124.5,742.0,1.0
2026-04-14 19:00:00,37.75,344.25,12.5,33.0,35.25,68.25,0.33,1.0,12.0,2.5,13.0,NA,1.0,1.0,1.0,32.75,16.25,0.0,49.0,NA,NA,123.75,742.0,1.0
2026-04-14 20:00:00,36.25,245.5,10.0,33.0,36.75,76.5,0.25,1.0,7.5,2.75,13.0,NA,1.0,1.0,1.0,32.0,17.75,0.0,48.5,NA,NA,123.75,742.0,1.0
2026-04-14 21:00:00,37.0,173.0,14.25,33.5,39.0,79.0,11.0,0.75,7.25,3.0,13.0,NA,1.0,0.75,1.0,31.5,17.5,0.0,45.5,NA,NA,124.25,742.0,1.0
2026-04-14 22:00:00,37.0,231.75,9.5,33.75,36.25,80.0,11.75,1.0,6.5,1.5,10.0,NA,0.25,0.0,0.25,30.25,19.75,0.0,40.67,NA,NA,124.75,742.0,1.0
2026-04-14 23:00:00,37.0,166.0,10.67,33.0,38.33,79.0,10.0,0.33,10.67,1.0,8.67,NA,0.0,0.0,0.0,29.0,22.0,NA,NA,NA,NA,124.0,742.0,1.0
2026-04-15 00:00:00,37.0,183.5,9.75,32.0,37.0,48.5,12.5,0.33,3.5,1.0,7.0,NA,0.0,0.0,0.0,28.0,25.75,NA,NA,NA,NA,124.25,742.0,1.0
2026-04-15 01:00:00,37.0,150.25,8.0,34.5,36.0,49.0,4.67,0.0,3.0,1.0,6.75,NA,0.0,0.0,0.0,27.25,31.0,0.0,167.0,NA,NA,124.25,742.0,0.5
2026-04-15 02:00:00,37.0,137.25,8.25,35.5,33.5,48.5,5.0,0.67,3.25,1.0,6.75,NA,0.0,0.0,0.0,26.0,32.0,NA,NA,NA,NA,124.25,742.0,0.0
2026-04-15 03:00:00,37.75,78.5,14.75,32.5,39.75,48.5,10.33,0.0,3.5,0.5,7.25,NA,0.0,0.0,0.0,26.0,32.5,NA,NA,NA,NA,124.0,742.0,0.0
2026-04-15 04:00:00,36.0,113.0,10.25,34.25,37.5,51.5,11.75,0.33,7.0,0.0,7.5,NA,0.0,0.0,0.0,26.0,34.25,0.0,138.0,NA,NA,125.0,742.0,0.0
2026-04-15 05:00:00,37.0,121.0,10.0,31.0,35.25,51.75,13.0,0.0,9.25,0.0,7.25,NA,0.0,0.0,0.0,25.25,34.0,0.0,153.5,NA,NA,124.25,742.0,0.0
2026-04-15 06:00:00,37.0,186.25,6.5,34.25,35.0,54.25,13.5,0.0,12.5,0.5,7.75,NA,0.0,0.25,0.0,26.75,33.25,NA,NA,NA,NA,124.0,742.0,0.25
2026-04-15 07:00:00,36.0,192.25,9.0,32.5,37.25,57.25,4.33,0.75,22.75,2.0,10.0,NA,0.0,1.0,0.0,29.25,27.25,0.0,169.75,NA,NA,124.0,742.0,1.0
2026-04-15 08:00:00,36.0,212.75,9.25,33.5,37.0,62.25,2.75,0.67,46.5,2.25,10.25,NA,0.25,1.0,0.25,30.75,25.0,0.0,165.0,NA,NA,124.75,742.0,1.0
2026-04-15 09:00:00,35.5,139.75,9.0,31.5,35.0,68.5,14.33,1.0,65.5,3.0,12.0,NA,1.0,1.0,1.0,33.75,21.5,0.0,100.75,NA,NA,124.5,742.0,1.0
2026-04-15 10:00:00,42.75,171.0,7.25,32.25,34.5,65.5,13.0,0.0,72.75,3.0,12.0,NA,1.0,1.0,1.0,35.75,14.75,0.0,160.75,NA,NA,124.25,742.0,1.0
2026-04-15 11:00:00,34.5,136.75,9.75,32.25,36.75,59.0,0.33,0.0,64.75,3.0,12.0,NA,1.0,1.0,1.0,36.5,8.25,0.25,145.75,NA,NA,125.0,742.0,1.0
2026-04-15 12:00:00,32.0,82.25,7.25,33.25,34.5,54.5,0.0,1.0,68.25,3.0,12.0,NA,1.0,1.0,1.0,37.75,7.5,0.25,151.0,NA,NA,125.25,742.0,1.0
2026-04-15 13:00:00,41.25,117.75,6.75,32.0,33.75,52.75,2.0,1.0,73.0,3.0,12.0,NA,1.0,1.0,1.0,38.25,7.0,0.5,156.5,NA,NA,124.75,742.0,1.0
2026-04-15 14:00:00,25.75,81.0,8.5,33.25,37.0,52.5,0.0,0.0,69.5,3.0,12.25,NA,1.0,1.0,1.0,39.0,5.75,0.75,158.0,NA,NA,124.5,742.0,1.0
2026-04-15 15:00:00,22.0,34.0,6.5,34.0,35.0,52.25,8.0,0.0,61.75,3.0,12.0,NA,1.0,1.0,1.0,38.5,5.0,0.75,151.5,NA,NA,123.5,742.0,1.0
2026-04-15 16:00:00,62.0,62.0,9.0,33.5,37.5,62.25,7.25,0.33,60.5,3.0,12.25,NA,1.0,1.0,1.0,38.0,5.75,0.25,155.25,NA,NA,124.5,742.0,1.0
2026-04-15 17:00:00,59.0,94.0,10.0,33.0,35.33,68.67,6.0,1.0,50.33,3.0,12.0,NA,1.0,1.0,1.0,37.0,7.0,0.33,158.67,NA,NA,123.0,742.0,1.0
2026-04-15 18:00:00,51.5,98.5,10.5,33.0,37.25,67.25,8.25,1.0,19.25,2.75,12.25,NA,1.0,1.0,1.0,34.5,12.25,NA,NA,NA,NA,124.25,742.0,1.0
2026-04-15 19:00:00,45.75,169.75,6.5,33.75,35.25,67.75,7.67,1.25,5.75,2.0,13.0,NA,1.0,1.0,1.0,32.5,15.75,NA,NA,NA,NA,124.25,742.0,1.0
2026-04-15 20:00:00,43.5,172.5,7.25,32.75,34.25,75.75,9.5,1.0,2.5,2.75,13.25,NA,1.0,1.0,1.0,31.5,18.0,NA,NA,NA,NA,125.0,742.0,1.0
2026-04-15 21:00:00,59.0,131.0,7.25,34.5,36.25,79.25,8.0,1.0,3.0,3.0,13.25,NA,1.0,0.75,1.0,30.0,20.0,NA,NA,NA,NA,123.75,742.0,1.0
2026-04-15 22:00:00,51.0,187.0,6.5,33.75,35.25,79.5,11.75,1.0,1.5,1.5,9.5,NA,0.25,0.0,0.25,29.25,21.75,NA,NA,NA,NA,123.5,742.0,1.0
2026-04-15 23:00:00,47.0,191.0,7.0,34.0,36.67,82.67,0.0,1.0,1.67,1.0,8.33,NA,0.0,0.0,0.0,28.33,23.0,NA,NA,NA,NA,123.0,742.0,1.0
2026-04-16 00:00:00,45.75,179.75,8.0,33.25,36.5,48.5,0.0,0.0,1.0,1.0,7.0,NA,0.0,0.0,0.0,27.75,25.25,NA,NA,NA,NA,123.5,742.0,1.0
2026-04-16 01:00:00,43.75,158.25,7.5,33.0,35.25,48.25,4.67,0.0,1.25,1.0,6.75,NA,0.0,0.0,0.0,27.0,28.0,NA,NA,NA,NA,123.75,742.0,0.0
2026-04-16 02:00:00,43.75,159.5,7.5,34.0,35.5,49.0,5.0,0.0,0.75,1.0,6.75,NA,0.0,0.0,0.0,26.5,31.0,0.0,345.0,NA,NA,123.5,742.0,0.0
2026-04-16 03:00:00,50.75,145.25,7.0,33.5,34.5,49.0,5.67,0.0,1.0,0.5,7.0,NA,0.0,0.0,0.0,27.5,28.5,0.0,32.0,NA,NA,124.75,742.0,0.75
2026-04-16 04:00:00,48.0,136.75,7.25,33.75,34.75,51.25,5.75,0.0,1.5,0.0,7.25,NA,0.0,0.0,0.0,25.75,30.25,NA,NA,NA,NA,125.25,742.0,0.0
2026-04-16 05:00:00,47.75,141.75,9.25,33.75,38.25,51.75,5.67,0.0,1.25,0.0,7.25,NA,0.0,0.0,0.0,25.0,36.25,NA,NA,NA,NA,123.75,742.0,0.0
2026-04-16 06:00:00,45.75,195.75,7.75,33.75,36.75,55.25,9.75,0.0,1.5,0.5,8.0,NA,0.0,0.25,0.0,26.5,30.75,0.0,153.75,NA,NA,125.0,742.0,0.25
2026-04-16 07:00:00,43.0,204.0,6.5,33.25,34.5,56.5,2.33,0.25,5.0,2.0,9.75,NA,0.0,1.0,0.0,29.5,30.0,0.0,174.25,NA,NA,123.25,742.0,1.0
2026-04-16 08:00:00,43.0,209.5,8.25,33.0,36.5,61.75,1.0,0.67,45.0,2.25,10.5,NA,0.25,0.75,0.25,33.25,16.5,0.0,102.75,NA,NA,125.0,742.0,1.0
2026-04-16 09:00:00,43.0,182.5,9.25,33.0,38.0,69.0,11.33,0.0,81.0,3.0,12.25,NA,1.0,1.0,1.0,34.5,12.5,0.0,133.75,NA,NA,124.25,742.0,1.0
2026-04-16 10:00:00,43.25,149.0,4.75,33.0,33.75,65.25,7.25,0.0,67.25,3.0,12.0,NA,1.0,1.0,1.0,36.75,6.5,0.0,162.25,NA,NA,124.25,742.0,1.0
2026-04-16 11:00:00,46.5,138.75,7.75,33.5,36.25,59.5,0.0,0.0,80.5,3.0,12.0,NA,1.0,1.0,1.0,37.75,5.5,0.0,79.75,NA,NA,123.5,742.0,1.0
2026-04-16 12:00:00,47.5,127.25,8.5,33.75,37.75,54.25,0.0,1.0,68.25,3.0,11.75,NA,1.0,1.0,1.0,38.75,4.25,0.0,69.5,NA,NA,123.5,742.0,1.0
2026-04-16 13:00:00,52.5,127.0,6.25,33.75,35.75,53.0,0.33,0.25,55.0,3.0,12.0,NA,1.0,1.0,1.0,39.0,2.75,0.25,150.25,NA,NA,124.25,742.0,1.0
2026-04-16 14:00:00,48.75,103.5,7.5,32.5,36.25,52.75,0.25,0.0,53.75,3.0,12.0,NA,1.0,1.0,1.0,39.0,2.75,0.75,166.5,NA,NA,123.75,742.0,1.0
2026-04-16 15:00:00,46.75,69.75,7.0,34.0,35.75,53.25,4.67,0.0,58.0,3.0,12.0,NA,1.0,1.0,1.0,38.75,3.0,0.5,162.25,NA,NA,123.75,742.0,1.0
2026-04-16 16:00:00,47.75,57.75,7.75,33.25,37.0,61.75,3.75,1.0,51.25,3.0,12.0,NA,1.0,1.0,1.0,38.75,3.0,0.25,157.25,NA,NA,123.5,742.0,1.0
2026-04-16 17:00:00,NA,NA,7.25,33.75,36.75,66.75,2.0,1.5,41.5,3.0,12.0,NA,1.0,1.0,1.0,37.5,3.5,0.0,151.75,NA,NA,124.5,742.0,1.0
2026-04-16 18:00:00,54.75,83.0,7.5,34.0,34.75,66.25,3.25,2.0,14.5,3.0,12.25,NA,1.0,1.0,1.0,34.75,8.25,0.0,97.67,NA,NA,124.5,742.0,1.0
2026-04-16 19:00:00,44.5,126.0,8.5,33.25,36.0,67.0,9.33,3.0,4.0,2.0,13.25,NA,1.0,1.0,1.0,33.0,12.5,0.0,25.0,NA,NA,124.0,742.0,1.0
2026-04-16 20:00:00,39.25,180.0,7.25,33.5,36.0,75.25,10.75,0.33,4.5,2.75,13.25,NA,1.0,0.75,1.0,32.0,14.75,NA,NA,NA,NA,123.0,742.0,1.0
2026-04-16 21:00:00,40.5,163.75,6.25,33.0,34.75,79.5,7.33,0.0,2.5,3.0,13.75,NA,1.0,0.75,1.0,31.5,17.0,0.0,193.0,NA,NA,124.25,742.0,1.0
2026-04-16 22:00:00,37.25,183.0,8.5,32.75,36.75,81.75,10.25,1.0,2.5,1.5,10.0,NA,0.25,0.25,0.25,30.5,21.5,0.0,60.0,NA,NA,123.75,742.0,1.0
2026-04-16 23:00:00,48.0,210.0,12.0,31.0,38.0,79.33,10.0,0.0,1.67,1.0,8.33,NA,0.0,0.0,0.0,30.0,23.0,0.0,271.0,NA,NA,123.33,742.0,1.0
2026-04-17 00:00:00,69.5,212.25,8.5,36.5,34.5,48.75,13.0,0.33,1.5,1.0,7.0,NA,0.0,0.0,0.0,28.5,30.25,NA,NA,NA,NA,124.5,742.0,1.0
2026-04-17 01:00:00,54.5,212.25,7.5,35.0,32.5,48.75,9.33,1.5,2.5,1.0,6.5,NA,0.0,0.0,0.0,28.0,36.0,0.0,197.5,NA,NA,125.0,742.0,1.0
2026-04-17 02:00:00,49.5,194.25,10.75,35.5,38.5,48.0,12.5,0.0,2.25,1.0,7.0,NA,0.0,0.0,0.0,27.75,35.0,0.0,205.25,NA,NA,124.5,742.0,1.0
2026-04-17 03:00:00,44.5,170.25,10.0,34.75,36.75,48.0,5.33,0.0,2.75,0.5,7.25,NA,0.0,0.0,0.0,27.25,30.75,0.0,34.25,NA,NA,124.0,742.0,0.5
2026-04-17 04:00:00,39.25,189.5,14.75,32.75,40.75,51.0,5.75,0.0,1.75,0.0,7.0,NA,0.0,0.0,0.0,27.0,28.75,0.0,135.25,NA,NA,124.0,742.0,0.25
2026-04-17 05:00:00,42.25,167.25,10.5,33.25,38.25,51.25,0.67,0.0,1.5,0.0,7.25,NA,0.0,0.0,0.0,26.0,31.5,0.0,235.75,NA,NA,124.0,742.0,0.0
2026-04-17 06:00:00,44.25,162.5,8.25,34.0,35.75,54.75,0.0,0.0,3.75,0.5,7.75,NA,0.0,0.25,0.0,26.5,31.5,0.0,252.75,NA,NA,123.75,742.0,0.0
2026-04-17 07:00:00,41.5,179.75,11.0,31.25,36.25,56.5,0.0,0.75,10.0,2.0,9.75,NA,0.0,1.0,0.0,26.25,43.25,0.0,177.5,NA,NA,124.5,742.0,0.0
2026-04-17 08:00:00,71.0,203.5,8.25,34.5,36.5,62.0,2.5,0.33,20.5,2.25,10.5,NA,0.25,1.0,0.25,27.5,46.5,0.0,275.25,NA,NA,123.5,742.0,0.75
2026-04-17 09:00:00,61.25,191.25,10.5,34.25,37.75,68.5,7.33,0.0,35.5,3.0,12.0,NA,1.0,1.0,1.0,30.25,43.25,0.0,265.0,NA,NA,125.25,742.0,1.0
2026-04-17 10:00:00,45.25,209.0,10.25,30.5,35.5,65.75,4.5,0.33,53.0,3.0,12.0,NA,1.0,1.0,1.0,32.25,36.75,0.0,267.25,NA,NA,126.25,742.0,1.0
2026-04-17 11:00:00,38.25,197.0,10.0,31.75,35.5,59.5,5.67,0.75,66.25,3.0,12.0,NA,1.0,1.0,1.0,34.5,29.75,0.0,251.25,NA,NA,132.0,742.0,1.0
2026-04-17 12:00:00,54.5,178.75,12.25,33.75,37.25,55.0,5.5,0.0,77.25,3.0,12.0,NA,1.0,1.0,1.0,36.25,24.5,0.0,223.0,NA,NA,134.75,742.0,1.0
2026-04-17 13:00:00,59.25,174.75,10.25,33.25,38.5,52.25,3.67,0.0,95.25,3.0,12.0,NA,1.0,1.0,1.0,37.25,16.75,0.0,160.0,NA,NA,133.5,742.0,1.0
2026-04-17 14:00:00,79.0,149.0,14.25,33.75,41.25,52.25,4.25,0.0,82.75,3.0,12.0,NA,1.0,1.0,1.0,38.5,11.5,0.25,156.0,NA,NA,134.5,742.0,1.0
2026-04-17 15:00:00,78.0,111.0,9.0,32.25,35.0,52.75,0.33,0.0,68.25,3.0,12.0,NA,1.0,1.0,1.0,38.75,7.5,0.25,154.0,NA,NA,134.5,742.0,1.0
2026-04-17 16:00:00,66.75,102.25,10.0,36.75,37.0,65.75,0.5,0.0,71.5,3.0,12.0,NA,1.0,1.0,1.0,38.0,10.0,0.5,157.5,NA,NA,131.0,742.0,1.0
2026-04-17 17:00:00,53.75,109.75,8.25,35.5,35.5,71.0,0.0,0.0,53.5,3.0,12.0,NA,1.0,1.0,1.0,36.75,12.5,0.0,148.0,NA,NA,129.0,742.0,1.0
2026-04-17 18:00:00,42.25,166.0,7.0,37.0,35.5,70.75,0.0,0.67,21.25,2.75,12.25,NA,1.0,1.0,1.0,34.5,17.25,NA,NA,NA,NA,129.0,742.0,1.0
2026-04-17 19:00:00,61.0,357.0,8.0,37.25,35.25,74.67,5.67,1.0,10.5,2.0,13.0,NA,1.0,1.0,1.0,33.5,20.5,NA,NA,NA,NA,128.33,742.0,1.0
2026-04-17 20:00:00,128.75,262.5,10.0,37.0,35.75,80.0,7.5,0.67,7.0,2.75,13.25,NA,1.0,1.0,1.0,31.75,26.25,NA,NA,NA,NA,128.0,742.0,1.0
2026-04-17 21:00:00,115.75,208.75,9.75,36.25,35.75,82.75,9.0,2.75,8.0,3.0,13.25,NA,1.0,0.75,1.0,31.0,31.5,NA,NA,NA,NA,129.25,742.0,1.0
2026-04-17 22:00:00,189.75,273.75,8.25,34.75,33.25,84.25,13.5,1.0,6.0,1.25,9.75,NA,0.25,0.0,0.25,30.0,34.25,NA,NA,NA,NA,129.0,742.0,1.0
2026-04-17 23:00:00,223.0,309.0,8.33,35.67,35.33,85.0,2.0,1.0,6.67,1.0,8.67,NA,0.0,0.0,0.0,30.0,34.0,NA,NA,NA,NA,128.67,742.0,1.0
2026-04-18 00:00:00,220.5,304.75,11.5,36.25,37.5,52.75,8.0,0.0,11.75,1.0,7.0,NA,0.0,0.0,0.0,29.5,31.25,0.0,148.0,NA,NA,127.0,742.0,1.0
2026-04-18 01:00:00,NA,NA,9.25,36.0,36.0,52.5,10.67,0.0,35.0,1.0,7.0,NA,0.0,0.0,0.0,30.0,26.75,0.0,149.25,NA,NA,125.0,742.0,1.0
2026-04-18 02:00:00,NA,NA,11.0,36.5,35.5,52.75,8.25,0.0,31.5,1.0,7.0,NA,0.0,0.0,0.0,28.5,31.25,0.0,120.5,NA,NA,124.75,742.0,1.0
2026-04-18 03:00:00,NA,NA,13.25,35.5,38.5,52.75,0.0,0.0,29.0,0.5,7.0,NA,0.0,0.0,0.0,28.0,33.75,0.0,161.0,NA,NA,125.5,742.0,1.0
2026-04-18 04:00:00,NA,NA,8.0,36.5,33.5,55.5,NA,0.0,26.25,0.0,7.5,NA,0.0,0.0,0.0,27.0,36.0,0.0,121.5,NA,NA,124.0,742.0,0.25
2026-04-18 05:00:00,156.25,204.0,11.25,35.25,36.5,55.5,3.67,0.0,22.75,0.0,7.0,NA,0.0,0.0,0.0,26.75,37.5,0.0,95.25,NA,NA,124.0,742.0,0.0
2026-04-18 06:00:00,103.0,424.5,8.75,35.25,34.0,58.25,4.25,1.0,13.0,0.5,7.75,NA,0.0,0.0,0.0,28.0,34.75,0.0,44.5,NA,NA,124.5,742.0,1.0
2026-04-18 07:00:00,76.5,301.0,13.25,34.75,37.5,60.75,11.67,1.0,23.5,2.0,10.0,NA,0.0,1.0,0.0,29.5,32.25,0.0,50.75,NA,NA,125.25,742.0,1.0
2026-04-18 08:00:00,72.25,294.5,12.75,35.5,38.5,65.75,8.25,1.33,39.0,2.25,10.5,NA,0.25,1.0,0.25,32.75,25.5,0.0,43.0,NA,NA,125.0,742.0,1.0
2026-04-18 09:00:00,144.0,149.0,9.5,35.5,37.0,72.75,9.67,1.0,59.5,3.0,12.0,NA,1.0,1.0,1.0,34.5,19.5,0.0,159.75,NA,NA,126.5,742.0,1.0
2026-04-18 10:00:00,146.75,159.0,10.25,37.0,37.75,68.75,9.5,0.0,71.5,3.0,12.0,NA,1.0,1.0,1.0,36.25,17.25,0.0,133.5,NA,NA,128.0,742.0,1.0
2026-04-18 11:00:00,63.25,166.5,8.5,35.75,35.75,63.5,12.33,0.0,63.0,3.0,12.0,NA,1.0,1.0,1.0,37.75,13.75,0.25,134.25,NA,NA,130.75,742.0,1.0
2026-04-18 12:00:00,56.5,140.25,11.25,35.0,37.75,59.75,11.5,0.0,58.75,3.0,12.5,NA,1.0,1.0,1.0,39.0,13.0,0.0,145.75,NA,NA,129.0,742.0,1.0
2026-04-18 13:00:00,53.0,115.75,10.25,35.5,35.0,57.5,1.67,0.0,64.25,3.0,12.0,NA,1.0,1.0,1.0,40.0,11.0,0.0,136.5,NA,NA,127.0,742.0,1.0
2026-04-18 14:00:00,51.25,117.25,11.25,36.75,37.75,57.25,1.0,1.0,66.0,3.0,12.0,NA,1.0,1.0,1.0,40.75,9.0,0.0,123.0,NA,NA,126.5,742.0,1.0
2026-04-18 15:00:00,54.0,61.0,12.25,35.25,37.0,56.75,1.0,1.0,61.5,3.0,12.5,NA,1.0,1.0,1.0,40.5,9.0,0.0,89.25,NA,NA,129.5,742.0,1.0
2026-04-18 16:00:00,NA,NA,10.5,35.25,35.0,66.25,1.0,0.0,58.5,3.0,12.0,NA,1.0,1.0,1.0,40.0,9.25,0.0,93.5,NA,NA,128.5,742.0,1.0
2026-04-18 17:00:00,NA,NA,11.67,36.33,37.0,72.33,5.0,0.0,52.0,3.0,12.0,NA,1.0,1.0,1.0,38.67,11.0,0.0,72.33,NA,NA,129.33,742.0,1.0
2026-04-18 18:00:00,187.5,238.5,7.25,36.5,34.0,69.75,7.25,1.0,35.75,2.75,12.25,NA,1.0,1.0,1.0,37.0,14.5,0.0,66.5,NA,NA,128.75,742.0,1.0
2026-04-18 19:00:00,118.5,235.25,9.25,35.0,36.0,72.25,NA,1.0,31.0,2.25,13.0,NA,1.0,1.0,1.0,35.75,17.25,0.0,65.0,NA,NA,132.75,742.0,1.0
2026-04-18 20:00:00,103.5,228.75,8.25,36.0,35.0,79.5,0.0,0.0,29.75,2.75,13.25,NA,1.0,1.0,1.0,35.0,19.0,0.0,176.25,NA,NA,127.75,742.0,1.0
2026-04-18 21:00:00,NA,NA,10.25,35.5,35.75,83.25,6.0,0.0,30.75,3.0,13.25,NA,1.0,1.0,1.0,33.5,22.0,0.0,165.5,NA,NA,127.5,742.0,1.0
2026-04-18 22:00:00,83.0,152.67,6.25,36.0,34.0,84.75,5.75,0.0,23.75,1.25,9.5,NA,0.25,0.0,0.25,33.0,23.0,0.0,169.25,NA,NA,128.5,742.0,1.0
2026-04-18 23:00:00,66.0,204.0,10.33,36.33,37.0,84.33,9.5,0.0,16.67,1.0,9.0,NA,0.0,0.0,0.0,32.33,24.0,NA,NA,NA,NA,128.0,742.0,1.0
2026-04-19 00:00:00,59.75,189.75,10.5,36.25,36.75,52.75,10.5,0.33,16.25,1.0,6.75,NA,0.0,0.0,0.0,31.75,26.5,0.0,35.0,NA,NA,127.25,742.0,1.0
2026-04-19 01:00:00,57.75,176.25,9.25,36.25,36.0,52.5,NA,0.0,13.0,1.0,6.75,NA,0.0,0.0,0.0,30.0,31.0,0.0,210.0,NA,NA,126.75,742.0,1.0
2026-04-19 02:00:00,57.0,145.75,10.75,37.25,38.5,52.5,0.0,0.0,14.0,1.0,6.5,NA,0.0,0.0,0.0,29.5,33.25,0.0,189.5,NA,NA,127.25,742.0,1.0
2026-04-19 03:00:00,64.75,104.25,8.5,36.75,35.75,52.75,5.0,0.0,13.75,0.5,7.25,NA,0.0,0.0,0.0,28.25,36.75,0.0,171.0,NA,NA,126.75,742.0,1.0
2026-04-19 04:00:00,61.75,101.0,8.0,35.5,34.5,55.25,4.5,0.0,18.75,0.0,7.0,NA,0.0,0.0,0.0,28.75,34.0,0.0,213.5,NA,NA,128.0,742.0,1.0
2026-04-19 05:00:00,59.0,124.5,7.75,35.25,34.75,55.75,3.0,0.0,16.0,0.0,7.5,NA,0.0,0.0,0.0,28.0,35.25,0.0,51.5,NA,NA,126.75,742.0,1.0
2026-04-19 06:00:00,57.75,169.5,8.75,37.75,37.0,58.25,2.75,0.67,14.25,0.5,7.75,NA,0.0,0.25,0.0,28.75,35.75,0.0,51.0,NA,NA,126.75,742.0,1.0
2026-04-19 07:00:00,54.75,195.75,11.5,35.5,37.5,62.25,1.67,1.0,29.0,2.0,10.0,NA,0.0,1.0,0.0,31.5,30.75,0.0,115.75,NA,NA,127.75,742.0,1.0
2026-04-19 08:00:00,60.5,208.5,9.0,36.0,35.25,66.0,1.75,0.67,43.25,2.25,10.5,NA,0.25,0.5,0.25,32.5,28.5,0.0,53.25,NA,NA,128.0,742.0,1.0
2026-04-19 09:00:00,56.0,175.75,12.75,35.25,36.75,73.5,4.33,0.5,52.0,3.0,12.0,NA,1.0,1.0,1.0,35.75,22.5,0.25,43.75,NA,NA,127.0,742.0,1.0
2026-04-19 10:00:00,56.0,178.5,11.75,35.25,36.5,68.0,4.75,0.67,61.0,3.0,12.0,NA,1.0,1.0,1.0,38.5,16.5,0.0,58.75,NA,NA,127.25,742.0,1.0
2026-04-19 11:00:00,56.25,145.75,10.25,36.0,36.0,62.75,11.33,0.25,70.5,3.0,12.0,NA,1.0,1.0,1.0,39.75,12.75,0.0,131.75,NA,NA,131.75,742.0,1.0
2026-04-19 12:00:00,60.5,142.25,10.0,35.0,35.25,59.0,9.75,0.67,73.5,3.0,12.0,NA,1.0,1.0,1.0,40.5,10.0,0.0,145.0,NA,NA,130.25,742.0,1.0
2026-04-19 13:00:00,88.0,136.75,7.75,36.0,34.5,56.5,7.33,0.5,64.5,3.0,12.0,NA,1.0,1.0,1.0,41.75,7.25,0.0,110.75,NA,NA,138.75,742.0,1.0
2026-04-19 14:00:00,69.0,131.75,9.75,35.25,34.75,56.5,5.5,0.0,54.5,3.0,12.0,NA,1.0,1.0,1.0,41.75,4.75,0.0,109.0,NA,NA,125.5,742.0,1.0
2026-04-19 15:00:00,60.5,92.5,9.25,34.75,34.0,56.75,4.33,0.25,54.75,3.0,12.25,NA,1.0,1.0,1.0,41.75,4.25,0.25,96.75,NA,NA,124.25,742.0,1.0
2026-04-19 16:00:00,56.5,99.25,9.0,35.0,34.75,65.75,4.0,0.0,50.0,3.0,12.0,NA,1.0,1.0,1.0,41.0,4.5,0.0,76.5,NA,NA,124.25,742.0,1.0
2026-04-19 17:00:00,59.5,114.0,10.75,34.25,36.25,70.75,18.33,0.0,43.25,3.0,12.0,NA,1.0,1.0,1.0,39.5,6.25,0.0,119.25,NA,NA,124.25,742.0,1.0
2026-04-19 18:00:00,55.75,141.25,11.25,35.5,37.75,72.75,18.0,1.0,35.25,2.75,12.25,NA,1.0,1.0,1.0,37.5,10.5,0.0,161.75,NA,NA,125.0,742.0,1.0
2026-04-19 19:00:00,54.75,206.25,9.5,35.25,35.25,72.5,17.0,1.75,14.0,2.25,13.0,NA,1.0,1.0,1.0,35.75,12.5,0.0,138.33,NA,NA,124.0,742.0,1.0
2026-04-19 20:00:00,52.0,175.0,10.75,36.0,36.5,80.0,19.75,0.0,10.75,2.5,13.5,NA,1.0,0.75,1.0,34.5,15.25,NA,NA,NA,NA,123.25,742.0,1.0
2026-04-19 21:00:00,52.25,132.5,6.25,36.5,33.0,82.25,7.33,0.5,7.25,3.0,13.0,NA,1.0,1.0,1.0,33.5,17.25,0.0,51.0,NA,NA,121.75,742.0,1.0
2026-04-19 22:00:00,54.75,164.75,10.5,36.25,35.75,85.25,9.25,0.0,6.25,1.5,9.75,NA,0.25,0.25,0.25,32.25,19.75,NA,NA,NA,NA,125.75,742.0,1.0
2026-04-19 23:00:00,52.0,161.0,7.33,36.0,31.33,85.0,NA,0.0,8.33,1.0,9.0,NA,0.0,0.0,0.0,31.67,20.67,NA,NA,NA,NA,123.67,742.0,1.0
2026-04-20 00:00:00,55.25,175.5,8.5,35.5,34.25,52.25,0.0,0.0,12.25,1.0,6.5,NA,0.0,0.0,0.0,31.0,21.25,0.0,109.0,NA,NA,123.75,742.0,1.0
2026-04-20 01:00:00,58.0,169.25,8.0,36.75,34.75,52.5,2.67,0.0,8.75,1.0,6.75,NA,0.0,0.0,0.0,31.0,24.25,0.0,115.5,NA,NA,124.25,742.0,1.0
2026-04-20 02:00:00,59.0,158.25,12.0,37.5,37.75,52.5,1.75,0.0,9.75,1.0,7.0,NA,0.0,0.0,0.0,30.5,25.5,0.0,46.0,NA,NA,124.0,742.0,1.0
2026-04-20 03:00:00,58.25,131.75,14.0,33.5,38.0,52.5,7.67,0.0,14.0,0.5,7.5,NA,0.0,0.0,0.0,29.5,27.0,NA,NA,NA,NA,123.75,742.0,1.0
2026-04-20 04:00:00,59.75,129.0,9.75,35.75,34.75,56.25,6.75,0.0,10.75,0.0,7.0,NA,0.0,0.0,0.0,28.5,32.5,NA,NA,NA,NA,123.25,742.0,1.0
2026-04-20 05:00:00,57.0,120.75,14.25,36.5,38.0,56.25,0.0,0.0,10.75,0.0,7.0,NA,0.0,0.0,0.0,28.5,33.5,0.0,193.0,NA,NA,124.25,742.0,1.0
2026-04-20 06:00:00,56.75,143.0,14.5,37.25,37.75,58.0,0.0,1.0,8.75,0.5,8.0,NA,0.0,0.25,0.0,29.25,36.75,0.0,167.5,NA,NA,123.5,742.0,1.0
2026-04-20 07:00:00,55.25,192.5,12.5,36.0,35.25,62.25,0.0,1.25,21.5,2.0,10.0,NA,0.0,0.75,0.0,31.0,33.0,0.0,174.75,NA,NA,125.25,742.0,1.0
2026-04-20 08:00:00,58.25,212.5,11.5,34.25,38.0,65.25,0.5,0.0,62.0,2.25,10.5,NA,0.25,1.0,0.25,33.75,26.25,0.0,184.5,NA,NA,125.0,742.0,1.0
2026-04-20 09:00:00,59.75,198.75,7.75,34.25,34.25,72.0,2.67,0.0,101.5,3.0,12.0,NA,1.0,1.0,1.0,35.75,18.5,0.0,177.25,NA,NA,125.5,742.0,1.0
2026-04-20 10:00:00,65.75,194.75,8.0,34.5,35.75,68.25,0.5,0.0,99.75,3.0,12.0,NA,1.0,1.0,1.0,37.5,15.75,0.0,164.25,NA,NA,124.75,742.0,1.0
2026-04-20 11:00:00,77.0,174.75,9.75,29.75,51.0,60.0,2.0,0.0,79.75,3.0,12.0,NA,1.0,1.0,1.0,39.5,12.0,0.25,163.5,NA,NA,124.5,742.0,1.0
2026-04-20 12:00:00,67.25,162.5,7.75,30.25,49.5,54.5,0.25,0.0,76.0,3.0,12.0,NA,1.0,1.0,1.0,40.25,9.5,0.25,138.5,NA,NA,125.0,742.0,1.0
2026-04-20 13:00:00,70.5,158.5,11.25,29.75,52.75,52.5,0.0,0.25,66.25,3.0,12.0,NA,1.0,1.0,1.0,41.0,6.75,0.0,122.5,NA,NA,124.0,742.0,1.0
2026-04-20 14:00:00,75.0,151.0,10.0,30.5,51.75,52.5,0.0,0.67,57.75,3.0,12.0,NA,1.0,1.0,1.0,41.0,5.5,0.25,126.5,NA,NA,123.0,742.0,1.0
2026-04-20 15:00:00,85.75,133.5,8.0,31.25,48.25,52.75,0.0,0.75,33.5,3.0,12.0,NA,1.0,1.0,1.0,41.0,4.25,1.0,157.25,NA,NA,124.5,742.0,1.0
2026-04-20 16:00:00,91.25,136.75,5.0,29.75,42.5,61.0,NA,1.0,34.75,3.0,12.25,NA,1.0,1.0,1.0,40.0,3.5,0.5,147.25,NA,NA,123.25,742.0,1.0
2026-04-20 17:00:00,73.5,134.0,9.0,31.75,49.5,67.75,0.0,1.0,18.5,3.0,12.0,NA,1.0,1.0,1.0,39.0,5.5,0.0,146.0,NA,NA,124.75,742.0,1.0
2026-04-20 18:00:00,68.25,136.75,11.25,31.0,53.25,66.75,0.0,1.0,12.0,2.75,12.25,NA,1.0,1.0,1.0,37.5,9.0,0.0,154.5,NA,NA,124.5,742.0,1.0
2026-04-20 19:00:00,69.25,172.25,10.75,31.25,52.0,67.0,6.67,1.0,10.5,2.25,13.0,NA,1.0,1.0,1.0,35.75,11.25,0.0,164.67,NA,NA,123.0,742.0,1.0
2026-04-20 20:00:00,62.75,170.0,11.0,30.75,51.25,76.0,7.25,0.0,11.75,3.0,13.5,NA,1.0,1.0,1.0,35.0,12.25,0.0,166.0,NA,NA,123.5,742.0,1.0
2026-04-20 21:00:00,77.5,134.5,9.75,31.0,51.25,77.75,4.33,0.0,14.25,3.0,13.75,NA,1.0,1.0,1.0,34.25,13.0,0.0,157.5,NA,NA,124.0,742.0,1.0
2026-04-20 22:00:00,71.5,148.75,11.5,31.0,51.0,82.0,6.25,0.0,20.25,1.25,9.5,NA,0.25,0.0,0.25,33.25,15.25,0.0,151.75,NA,NA,123.5,742.0,1.0
2026-04-20 23:00:00,67.0,146.0,8.67,31.0,50.33,82.33,7.0,1.0,21.67,1.0,9.0,NA,0.0,0.0,0.0,32.33,17.0,0.0,148.33,NA,NA,124.67,742.0,1.0
2026-04-21 00:00:00,79.25,137.0,11.75,29.25,50.0,48.75,7.25,0.0,20.25,1.0,6.75,NA,0.0,0.0,0.0,31.25,19.25,0.0,131.25,NA,NA,123.25,742.0,1.0
2026-04-21 01:00:00,70.0,138.75,10.25,31.25,52.25,49.0,5.33,0.0,24.75,1.0,7.0,NA,0.0,0.0,0.0,31.0,20.0,0.0,140.5,NA,NA,123.5,742.0,1.0
2026-04-21 02:00:00,62.0,141.75,9.75,30.0,51.5,48.5,5.25,0.0,21.5,1.0,7.0,NA,0.0,0.0,0.0,30.0,21.25,0.0,144.25,NA,NA,123.0,742.0,1.0
2026-04-21 03:00:00,70.75,112.75,11.25,31.0,52.5,48.0,9.67,0.0,16.5,0.5,7.5,NA,0.0,0.0,0.0,30.0,21.25,0.0,115.25,NA,NA,123.75,742.0,1.0
2026-04-21 04:00:00,69.75,118.5,7.5,30.0,48.0,51.25,10.25,0.0,13.5,0.0,7.25,NA,0.0,0.0,0.0,29.0,21.75,0.0,157.75,NA,NA,124.25,742.0,1.0
2026-04-21 05:00:00,97.5,117.25,11.5,30.25,52.5,51.25,2.67,0.5,14.5,0.0,7.25,NA,0.0,0.0,0.0,29.0,24.0,0.0,111.75,NA,NA,122.75,742.0,1.0
2026-04-21 06:00:00,141.75,151.25,9.25,30.75,50.75,55.5,3.5,0.0,14.75,0.5,7.75,NA,0.0,0.25,0.0,29.25,24.0,0.0,153.5,NA,NA,123.75,742.0,1.0
2026-04-21 07:00:00,169.25,179.5,9.25,30.75,49.5,56.25,10.33,0.75,21.0,2.0,10.0,NA,0.0,1.0,0.0,31.0,21.25,0.0,156.75,NA,NA,124.0,742.0,1.0
2026-04-21 08:00:00,129.0,156.0,7.75,31.0,48.0,60.25,10.25,0.0,40.0,2.25,10.5,NA,0.25,0.75,0.25,32.5,18.75,0.5,155.75,NA,NA,124.25,742.0,1.0
2026-04-21 09:00:00,NA,NA,8.0,29.75,47.75,68.25,10.33,0.0,57.5,3.25,12.25,NA,1.0,1.0,1.0,34.75,15.5,0.0,158.25,NA,NA,123.75,742.0,1.0
2026-04-21 10:00:00,114.5,128.0,10.0,30.0,50.0,65.25,12.5,1.0,58.75,3.0,11.75,NA,1.0,1.0,1.0,37.25,9.0,0.75,152.75,NA,NA,124.75,742.0,1.0
2026-04-21 11:00:00,83.75,109.5,9.75,30.5,49.25,60.75,8.0,1.0,59.0,3.0,12.0,NA,1.0,1.0,1.0,38.75,6.75,0.0,128.75,NA,NA,124.25,742.0,1.0
2026-04-21 12:00:00,59.5,115.25,13.25,35.0,48.0,58.5,7.75,1.0,53.5,3.0,12.25,NA,1.0,1.0,1.0,39.5,4.75,0.0,104.5,NA,NA,124.25,742.0,1.0
2026-04-21 13:00:00,52.75,130.0,12.75,35.5,49.25,57.75,3.33,1.0,58.75,3.0,12.0,NA,1.0,1.0,1.0,40.0,4.5,0.0,90.25,NA,NA,123.25,742.0,1.0
2026-04-21 14:00:00,59.0,149.0,17.0,35.0,52.25,58.5,4.33,NA,54.75,3.0,12.0,NA,1.0,1.0,1.0,40.0,4.75,0.0,100.5,NA,NA,123.25,742.0,1.0
2026-04-21 15:00:00,NA,NA,14.33,35.0,50.67,57.25,3.0,NA,57.0,3.0,12.0,NA,1.0,1.0,1.0,39.75,4.75,0.0,92.0,NA,NA,123.5,742.0,1.0
2026-04-21 16:00:00,53.75,187.0,NA,NA,NA,67.25,2.5,0.0,60.5,3.0,12.0,NA,1.0,1.0,1.0,38.75,5.5,0.0,133.0,NA,NA,123.0,742.0,1.0
2026-04-21 17:00:00,105.67,170.0,17.33,37.67,54.0,74.0,11.5,1.0,62.0,3.0,12.0,NA,1.0,1.0,1.0,37.67,6.33,0.33,155.0,NA,NA,122.33,742.0,1.0
2026-04-21 18:00:00,125.5,160.75,14.5,36.0,49.75,74.75,12.5,0.33,NA,2.75,12.5,NA,1.0,1.0,1.0,36.25,8.75,0.0,134.25,NA,NA,123.5,742.0,1.0
2026-04-21 19:00:00,113.75,196.5,12.25,36.75,47.25,74.0,7.5,0.25,13.5,2.0,13.0,NA,1.0,1.0,1.0,34.75,11.25,0.0,157.5,NA,NA,123.5,742.0,1.0
2026-04-21 20:00:00,97.0,201.0,13.75,35.0,49.25,83.25,NA,0.33,9.5,2.5,13.0,NA,1.0,1.0,1.0,33.75,13.0,0.0,159.25,NA,NA,123.5,742.0,1.0
2026-04-21 21:00:00,143.5,185.0,14.5,35.0,47.25,88.0,0.0,0.25,4.5,3.0,13.25,NA,1.0,0.5,1.0,32.75,14.0,0.0,149.33,NA,NA,124.0,742.0,1.0
2026-04-21 22:00:00,NA,NA,16.75,36.25,54.0,88.25,1.25,0.0,5.25,1.25,9.5,NA,0.25,0.0,0.25,32.25,14.75,0.0,157.0,NA,NA,123.5,742.0,1.0
2026-04-21 23:00:00,NA,NA,15.0,37.0,52.0,85.67,1.5,0.0,8.0,1.0,9.0,NA,0.0,0.0,0.0,32.0,15.67,0.0,158.0,NA,NA,124.0,742.0,1.0
2026-04-22 00:00:00,NA,NA,11.5,38.0,48.0,53.25,3.25,0.0,10.0,1.0,6.75,NA,0.0,0.0,0.0,31.0,18.25,NA,NA,NA,NA,123.75,742.0,1.0
2026-04-22 01:00:00,NA,NA,14.75,35.25,51.0,53.25,0.0,0.0,18.25,1.0,6.75,NA,0.0,0.0,0.0,31.0,18.5,0.0,69.25,NA,NA,124.0,742.0,1.0
2026-04-22 02:00:00,NA,NA,16.25,35.5,51.25,53.5,0.0,0.0,24.75,1.0,6.75,NA,0.0,0.0,0.0,30.25,20.25,0.0,44.75,NA,NA,124.25,742.0,1.0
2026-04-22 03:00:00,148.0,160.25,20.5,34.25,52.25,53.5,2.67,0.0,21.0,0.5,7.5,NA,0.0,0.0,0.0,29.5,23.5,0.0,55.0,NA,NA,123.25,742.0,1.0
2026-04-22 04:00:00,124.5,160.0,27.25,36.25,61.0,56.0,2.0,0.0,24.25,0.0,7.5,NA,0.0,0.0,0.0,28.5,25.75,0.0,78.0,NA,NA,124.25,742.0,1.0
2026-04-22 05:00:00,83.0,148.5,19.25,36.25,52.0,56.5,11.0,0.0,24.0,0.0,7.25,NA,0.0,0.0,0.0,28.0,25.75,0.0,52.0,NA,NA,123.75,742.0,1.0
2026-04-22 06:00:00,62.75,195.25,13.75,36.5,44.5,60.25,10.25,1.0,17.75,0.5,7.75,NA,0.0,0.0,0.0,29.0,24.75,0.0,55.5,NA,NA,123.0,742.0,1.0
2026-04-22 07:00:00,49.25,181.25,19.25,35.75,51.0,62.0,10.0,1.0,25.0,2.0,9.75,NA,0.0,1.0,0.0,30.5,22.75,0.0,56.5,NA,NA,123.25,742.0,1.0
2026-04-22 08:00:00,73.75,188.0,18.5,36.75,56.0,68.5,10.25,0.33,41.75,2.25,10.25,NA,0.25,1.0,0.25,32.75,20.5,0.0,57.0,NA,NA,123.0,742.0,1.0
2026-04-22 09:00:00,91.25,193.5,13.5,36.0,47.25,77.0,8.0,0.0,58.75,3.0,12.0,NA,1.0,1.0,1.0,35.25,17.0,0.0,64.5,NA,NA,122.75,742.0,1.0
2026-04-22 10:00:00,78.0,218.0,14.5,36.75,51.75,70.5,8.5,0.0,77.0,3.0,12.0,NA,1.0,1.0,1.0,37.25,15.0,0.0,117.5,NA,NA,123.25,742.0,1.0
2026-04-22 11:00:00,74.25,200.5,12.25,36.5,48.25,64.25,3.67,0.0,84.5,3.0,12.0,NA,1.0,1.0,1.0,38.5,11.5,0.0,121.25,NA,NA,123.5,742.0,1.0
2026-04-22 12:00:00,83.0,197.25,16.75,35.25,53.25,60.0,2.5,1.0,81.0,3.0,12.0,NA,1.0,1.0,1.0,40.0,7.5,0.0,89.25,NA,NA,124.25,742.0,1.0
2026-04-22 13:00:00,110.5,209.5,11.25,35.75,47.75,57.25,2.67,1.0,59.25,3.0,12.0,NA,1.0,1.0,1.0,40.75,5.25,0.5,84.75,NA,NA,123.25,742.0,1.0
2026-04-22 14:00:00,150.5,220.75,14.5,35.0,51.5,57.5,1.5,0.0,60.25,3.0,12.0,NA,1.0,1.0,1.0,40.5,5.0,0.25,130.25,NA,NA,123.75,742.0,1.0
2026-04-22 15:00:00,106.5,222.75,11.75,34.5,45.75,58.0,7.0,0.0,72.25,3.0,12.0,NA,1.0,1.0,1.0,40.25,5.5,0.25,131.5,NA,NA,122.5,742.0,1.0
2026-04-22 16:00:00,69.0,134.75,15.0,35.25,52.0,65.75,8.5,0.67,91.0,3.0,12.25,NA,1.0,1.0,1.0,39.5,6.25,0.0,151.5,NA,NA,123.75,742.0,1.0
2026-04-22 17:00:00,83.0,125.0,14.75,34.25,49.75,72.5,1.0,1.25,79.5,3.0,12.25,NA,1.0,1.0,1.0,38.25,8.0,0.25,154.5,NA,NA,123.0,742.0,1.0
2026-04-22 18:00:00,73.5,135.75,15.5,36.25,53.0,74.0,0.25,0.33,46.75,2.75,12.25,NA,1.0,1.0,1.0,36.5,10.25,0.0,160.75,NA,NA,123.5,742.0,1.0
2026-04-22 19:00:00,76.5,163.75,12.0,36.5,49.75,74.5,8.0,0.25,30.75,2.25,13.0,NA,1.0,1.0,1.0,35.5,11.25,0.0,156.0,NA,NA,124.25,742.0,1.0
2026-04-22 20:00:00,132.0,161.5,12.75,35.5,49.25,83.75,9.0,0.0,23.75,2.75,13.5,NA,1.0,0.75,1.0,34.0,13.5,0.0,154.0,NA,NA,123.25,742.0,1.0
2026-04-22 21:00:00,103.5,163.5,14.0,37.25,52.25,85.0,5.67,0.75,9.0,3.0,13.25,NA,1.0,0.75,1.0,32.75,15.0,0.0,207.0,NA,NA,124.75,742.0,1.0
2026-04-22 22:00:00,123.0,145.0,13.75,36.25,51.25,85.75,8.25,1.0,2.25,1.5,9.75,NA,0.25,0.0,0.25,31.75,16.5,NA,NA,NA,NA,123.5,742.0,1.0
2026-04-22 23:00:00,115.0,133.67,13.33,37.67,49.0,88.67,2.0,1.67,3.0,1.0,9.0,NA,0.0,0.0,0.0,31.0,18.33,NA,NA,NA,NA,124.33,742.0,1.0
2026-04-23 00:00:00,107.25,142.0,18.75,36.0,52.0,53.25,6.75,0.0,1.75,1.0,7.0,NA,0.0,0.0,0.0,30.0,22.75,NA,NA,NA,NA,123.5,742.0,1.0
2026-04-23 01:00:00,59.0,140.25,12.5,34.75,46.75,53.5,6.33,0.0,7.75,1.0,6.75,NA,0.0,0.0,0.0,30.75,20.5,0.0,54.0,NA,NA,123.0,742.0,1.0
2026-04-23 02:00:00,97.5,143.5,13.25,37.0,51.0,53.0,6.25,0.0,13.75,1.0,7.0,NA,0.0,0.0,0.0,30.5,20.75,0.0,53.25,NA,NA,122.75,742.0,1.0
2026-04-23 03:00:00,132.25,143.25,15.75,36.5,51.0,53.25,8.33,0.0,12.0,0.5,7.25,NA,0.0,0.0,0.0,30.0,22.5,0.0,50.75,NA,NA,122.5,742.0,1.0
2026-04-23 04:00:00,NA,NA,15.25,37.0,53.25,55.75,8.5,0.0,4.25,0.0,7.75,NA,0.0,0.0,0.0,29.0,27.25,0.0,47.5,NA,NA,123.25,742.0,1.0
2026-04-23 05:00:00,121.0,129.0,12.0,36.25,48.5,56.0,13.33,0.75,3.5,0.0,7.25,NA,0.0,0.0,0.0,29.0,27.5,0.0,49.0,NA,NA,123.0,742.0,1.0
2026-04-23 06:00:00,111.25,400.0,19.5,37.0,55.5,59.0,13.75,0.0,4.5,0.5,8.25,NA,0.0,0.25,0.0,29.5,28.5,0.0,50.5,NA,NA,123.5,742.0,1.0
2026-04-23 07:00:00,134.75,299.25,12.0,36.25,47.75,62.5,12.67,0.0,19.75,2.0,10.0,NA,0.0,0.75,0.0,32.25,22.75,0.0,57.5,NA,NA,123.75,742.0,1.0
2026-04-23 08:00:00,140.5,217.75,13.5,36.75,50.25,67.5,12.0,0.0,45.75,2.25,10.5,NA,0.25,0.75,0.25,34.5,19.25,0.0,52.5,NA,NA,123.75,742.0,1.0
2026-04-23 09:00:00,143.75,222.5,14.5,36.0,50.5,74.75,3.0,0.0,77.5,3.0,12.0,NA,1.0,1.0,1.0,37.0,15.25,0.0,111.0,NA,NA,123.5,742.0,1.0
2026-04-23 10:00:00,56.0,115.5,14.5,36.0,51.5,71.75,1.25,0.0,79.0,3.0,12.0,NA,1.0,1.0,1.0,39.0,11.25,0.0,138.75,NA,NA,123.0,742.0,1.0
2026-04-23 11:00:00,41.25,129.0,13.5,34.0,49.25,65.75,11.0,0.0,81.25,3.0,12.0,NA,1.0,1.0,1.0,40.25,8.5,0.0,107.75,NA,NA,123.5,742.0,1.0
2026-04-23 12:00:00,22.5,165.75,14.5,36.5,50.5,60.0,10.5,1.0,75.0,3.0,12.0,NA,1.0,1.0,1.0,41.0,6.5,0.25,113.5,NA,NA,124.5,742.0,1.0
2026-04-23 13:00:00,33.25,188.75,17.0,35.75,53.0,57.75,20.0,1.0,69.75,3.0,12.0,NA,1.0,1.0,1.0,41.5,5.25,0.0,117.75,NA,NA,124.0,742.0,1.0
2026-04-23 14:00:00,42.0,154.5,17.25,35.0,51.25,57.25,19.75,0.0,68.0,3.0,12.0,NA,1.0,1.0,1.0,41.75,4.75,0.25,126.75,NA,NA,124.5,742.0,1.0
2026-04-23 15:00:00,36.0,127.75,18.0,35.5,50.0,57.5,15.67,0.0,64.0,3.0,12.0,NA,1.0,1.0,1.0,41.25,4.75,0.0,109.0,NA,NA,124.5,742.0,1.0
2026-04-23 16:00:00,20.25,101.0,15.0,37.75,51.75,68.5,15.0,0.33,62.75,3.0,12.0,NA,1.0,1.0,1.0,40.5,5.25,0.0,121.0,NA,NA,123.0,742.0,1.0
2026-04-23 17:00:00,27.75,130.0,18.75,35.0,53.5,73.5,0.0,0.0,42.75,3.0,12.0,NA,1.0,1.0,1.0,39.25,6.5,0.0,100.75,NA,NA,123.75,742.0,1.0
2026-04-23 18:00:00,32.5,145.5,17.0,35.0,50.25,74.0,0.0,0.67,18.0,3.0,12.25,NA,1.0,1.0,1.0,37.5,9.0,0.0,57.75,NA,NA,122.0,742.0,1.0
2026-04-23 19:00:00,34.0,188.0,22.25,36.5,57.75,74.0,0.33,1.0,3.75,2.0,13.0,NA,1.0,1.0,1.0,36.0,10.0,0.0,46.5,NA,NA,123.25,742.0,1.0
2026-04-23 20:00:00,29.5,259.75,15.75,37.0,50.5,83.25,1.0,0.67,5.0,2.75,13.25,NA,1.0,0.75,1.0,35.5,10.0,0.0,45.5,NA,NA,123.0,742.0,1.0
2026-04-23 21:00:00,27.25,253.75,13.0,36.75,47.5,87.0,6.67,0.75,5.0,3.0,13.25,NA,1.0,1.0,1.0,34.75,10.25,0.0,43.75,NA,NA,123.75,742.0,1.0
2026-04-23 22:00:00,22.75,217.25,16.25,35.5,47.25,87.75,8.0,0.0,4.25,1.25,9.75,NA,0.25,0.0,0.25,33.5,12.25,0.0,39.0,NA,NA,123.0,742.0,1.0
2026-04-23 23:00:00,26.33,177.0,18.0,36.67,55.0,85.33,0.0,0.0,4.33,1.0,9.33,NA,0.0,0.0,0.0,32.33,14.0,0.0,42.0,NA,NA,123.67,742.0,1.0
2026-04-24 00:00:00,21.75,152.25,16.25,36.5,52.0,53.25,0.0,0.33,6.5,1.0,6.75,NA,0.0,0.0,0.0,31.25,17.25,0.0,58.0,NA,NA,123.75,742.0,1.0
2026-04-24 01:00:00,30.75,131.25,15.75,34.25,50.25,52.5,9.33,0.0,2.75,1.0,6.75,NA,0.0,0.0,0.0,31.0,19.0,0.0,142.75,NA,NA,124.25,742.0,1.0
2026-04-24 02:00:00,17.75,129.0,17.75,35.75,53.25,53.25,9.75,0.0,1.5,1.0,6.75,NA,0.0,0.0,0.0,29.25,25.0,0.0,122.5,NA,NA,123.25,742.0,1.0
2026-04-24 03:00:00,28.5,118.25,14.0,36.25,49.75,53.0,7.0,0.0,3.25,0.5,7.25,NA,0.0,0.0,0.0,28.5,26.25,0.0,67.5,NA,NA,123.25,742.0,1.0
2026-04-24 04:00:00,28.25,126.75,12.75,35.25,49.5,56.75,7.25,0.0,2.75,0.0,7.0,NA,0.0,0.0,0.0,28.25,26.25,0.0,95.0,NA,NA,122.5,742.0,1.0
2026-04-24 05:00:00,34.25,110.25,14.0,37.5,52.0,56.5,7.0,0.25,1.25,0.0,7.5,NA,0.0,0.0,0.0,27.25,32.25,NA,NA,NA,NA,123.25,742.0,0.25
2026-04-24 06:00:00,43.0,141.0,14.5,36.5,50.0,60.5,8.0,0.67,4.0,0.5,8.25,NA,0.0,0.25,0.0,29.25,28.5,0.33,87.33,NA,NA,123.75,742.0,1.0
2026-04-24 07:00:00,25.33,180.75,13.67,36.33,47.67,63.0,5.0,0.0,7.0,2.0,10.0,NA,0.0,0.33,0.0,30.5,25.25,0.0,209.33,NA,NA,123.0,742.0,1.0
2026-04-24 08:00:00,28.0,185.75,16.0,35.5,51.5,67.25,7.25,0.33,53.25,2.25,10.5,NA,0.25,1.0,0.25,32.75,21.25,0.0,224.75,NA,NA,123.25,742.0,1.0
2026-04-24 09:00:00,55.75,188.75,24.0,34.0,58.5,75.5,0.67,1.0,96.25,3.0,11.75,NA,1.0,1.0,1.0,35.0,16.75,0.0,23.0,NA,NA,123.5,742.0,1.0
2026-04-24 10:00:00,74.25,191.75,13.0,36.25,49.75,70.25,0.0,1.0,111.25,3.0,12.25,NA,1.0,1.0,1.0,37.0,8.5,0.0,76.5,NA,NA,123.0,742.0,1.0
2026-04-24 11:00:00,77.0,165.25,7.5,30.75,47.75,63.0,13.67,0.25,92.5,3.0,12.0,NA,1.0,1.0,1.0,39.25,5.25,0.0,125.75,NA,NA,123.25,742.0,1.0
2026-04-24 12:00:00,80.5,141.5,12.5,32.75,54.0,58.0,12.25,1.0,79.0,3.0,11.75,NA,1.0,1.0,1.0,40.25,5.25,0.0,134.75,NA,NA,122.75,742.0,1.0
2026-04-24 13:00:00,72.25,125.75,15.5,32.0,54.5,55.25,2.0,1.0,63.25,3.0,11.75,NA,1.0,1.0,1.0,41.25,3.5,0.25,75.0,NA,NA,123.25,742.0,1.0
2026-04-24 14:00:00,63.0,110.5,10.5,31.25,49.75,55.75,2.75,1.0,66.25,3.0,12.0,NA,1.0,1.0,1.0,41.5,3.0,0.25,61.5,NA,NA,123.5,742.0,1.0
2026-04-24 15:00:00,72.5,107.25,11.0,32.0,49.75,56.0,0.0,1.0,64.0,3.0,12.0,NA,1.0,1.0,1.0,41.25,3.0,0.0,43.5,NA,NA,123.5,742.0,1.0
2026-04-24 16:00:00,75.75,117.75,8.5,31.75,49.0,65.5,0.0,0.0,61.5,3.0,12.0,NA,1.0,1.0,1.0,41.25,4.25,0.0,67.25,NA,NA,123.0,742.0,1.0
2026-04-24 17:00:00,77.0,111.0,7.25,31.5,48.25,71.25,9.67,0.75,45.5,3.0,12.0,NA,1.0,1.0,1.0,39.75,5.0,0.0,44.75,NA,NA,123.75,742.0,1.0
2026-04-24 18:00:00,83.25,131.25,11.5,32.25,52.5,72.0,11.25,0.33,17.25,2.75,12.25,NA,1.0,1.0,1.0,37.5,8.75,0.0,48.0,NA,NA,123.5,742.0,1.0
2026-04-24 19:00:00,117.5,172.25,16.75,35.25,58.5,73.25,15.33,1.25,5.0,2.25,13.0,NA,1.0,1.0,1.0,35.75,12.0,0.0,52.0,NA,NA,122.25,742.0,1.0
2026-04-24 20:00:00,95.5,186.0,9.5,31.75,49.5,80.75,19.0,0.0,5.75,2.75,13.0,NA,1.0,1.0,1.0,34.75,14.25,NA,NA,NA,NA,123.5,742.0,1.0
2026-04-24 21:00:00,122.25,195.0,9.75,32.5,51.5,86.5,1.67,0.75,1.25,3.0,13.25,NA,1.0,1.0,1.0,33.75,18.0,NA,NA,NA,NA,123.25,742.0,1.0
2026-04-24 22:00:00,95.0,208.5,10.75,32.0,52.25,87.0,8.25,0.67,2.0,1.25,9.75,NA,0.25,0.0,0.25,32.75,22.0,0.0,193.0,NA,NA,123.25,742.0,1.0
2026-04-24 23:00:00,81.67,227.0,11.33,33.33,52.0,87.0,7.0,2.0,1.0,1.0,8.67,NA,0.0,0.0,0.0,32.0,29.0,NA,NA,NA,NA,123.33,742.0,1.0
2026-04-25 00:00:00,80.0,220.25,29.0,32.5,63.75,52.25,12.0,0.0,2.25,1.0,7.0,NA,0.0,0.0,0.0,31.75,22.75,NA,NA,NA,NA,124.75,742.0,1.0
2026-04-25 01:00:00,73.75,213.5,11.75,33.75,54.0,51.0,14.33,0.0,2.75,1.0,7.0,NA,0.0,0.0,0.0,31.0,27.5,NA,NA,NA,NA,123.25,742.0,1.0
2026-04-25 02:00:00,73.0,191.5,8.25,32.5,47.25,51.25,17.75,0.33,2.75,1.0,6.75,NA,0.0,0.0,0.0,30.75,34.75,NA,NA,NA,NA,123.0,742.0,1.0
2026-04-25 03:00:00,82.75,199.75,14.0,32.75,53.75,51.75,7.33,0.0,1.5,0.5,7.25,NA,0.0,0.0,0.0,30.75,32.0,0.0,171.33,NA,NA,123.25,742.0,1.0
2026-04-25 04:00:00,92.0,200.0,14.25,32.25,56.0,54.75,9.75,0.0,2.75,0.0,7.25,NA,0.0,0.0,0.0,30.25,32.5,0.0,183.5,NA,NA,125.0,742.0,1.0
2026-04-25 05:00:00,93.0,181.25,11.5,31.25,49.5,54.5,16.33,0.0,5.25,0.0,7.25,NA,0.0,0.0,0.0,29.5,27.75,0.0,34.25,NA,NA,124.0,742.0,1.0
2026-04-25 06:00:00,78.0,188.75,10.25,32.25,51.75,58.25,13.0,1.0,6.25,0.5,7.75,NA,0.0,0.25,0.0,29.75,28.0,0.0,117.5,NA,NA,123.75,742.0,1.0
2026-04-25 07:00:00,73.5,215.75,12.25,31.5,52.5,58.75,4.33,0.75,18.0,2.0,10.0,NA,0.0,1.0,0.0,31.75,21.75,0.0,32.0,NA,NA,122.75,742.0,1.0
2026-04-25 08:00:00,76.5,206.5,8.5,31.75,49.0,65.5,0.5,0.0,43.75,2.25,10.25,NA,0.25,1.0,0.25,32.75,24.0,0.0,224.75,NA,NA,123.75,742.0,1.0
2026-04-25 09:00:00,77.75,206.0,11.0,31.5,52.5,73.75,13.0,0.0,80.0,3.0,12.0,NA,1.0,1.0,1.0,35.5,20.0,0.0,25.0,NA,NA,124.25,742.0,1.0
2026-04-25 10:00:00,159.75,210.5,9.5,30.75,50.75,70.5,8.0,0.0,77.75,3.0,12.0,NA,1.0,1.0,1.0,38.25,9.5,0.0,61.0,NA,NA,123.0,742.0,1.0
2026-04-25 11:00:00,128.25,186.0,13.25,32.5,55.25,62.0,4.33,0.0,79.0,3.0,12.0,NA,1.0,1.0,1.0,39.5,8.0,0.0,44.0,NA,NA,123.0,742.0,1.0
2026-04-25 12:00:00,98.25,162.5,10.0,30.75,50.5,57.75,2.25,0.67,69.0,3.0,12.25,NA,1.0,1.0,1.0,41.25,6.25,0.25,54.25,NA,NA,123.25,742.0,1.0
2026-04-25 13:00:00,91.5,164.5,12.0,30.25,51.5,56.25,8.0,1.0,76.0,3.0,12.0,NA,1.0,1.0,1.0,42.0,6.25,0.5,45.5,NA,NA,123.25,742.0,1.0
2026-04-25 14:00:00,74.25,144.5,10.0,32.0,49.5,56.0,6.75,0.0,83.0,3.0,12.0,NA,1.0,1.0,1.0,42.0,7.0,0.25,129.5,NA,NA,123.75,742.0,1.0
2026-04-25 15:00:00,66.75,138.5,11.5,31.75,51.75,55.5,7.33,0.0,92.5,3.0,12.0,NA,1.0,1.0,1.0,42.0,8.25,0.0,154.25,NA,NA,123.75,742.0,1.0
2026-04-25 16:00:00,89.0,133.5,9.75,31.75,49.5,65.25,6.75,1.0,70.5,3.0,12.0,NA,1.0,1.0,1.0,41.0,9.0,0.25,155.25,NA,NA,123.5,742.0,1.0
2026-04-25 17:00:00,111.0,125.0,8.5,32.75,49.75,71.0,8.33,1.0,51.75,3.0,12.0,NA,1.0,1.0,1.0,40.5,9.0,0.0,152.25,NA,NA,123.5,742.0,1.0
2026-04-25 18:00:00,94.0,126.25,12.25,31.75,52.5,73.5,14.25,1.0,36.25,2.75,12.25,NA,1.0,1.0,1.0,38.75,13.75,0.0,71.25,NA,NA,124.5,742.0,1.0
2026-04-25 19:00:00,76.75,182.25,9.0,31.75,49.5,73.0,4.33,1.0,16.75,2.0,13.0,NA,1.0,1.0,1.0,37.5,16.5,0.0,52.5,NA,NA,123.0,742.0,1.0
2026-04-25 20:00:00,63.5,232.75,10.75,31.75,52.0,81.75,0.5,0.0,16.5,2.5,13.25,NA,1.0,1.0,1.0,37.0,17.75,0.0,90.5,NA,NA,124.25,742.0,1.0
2026-04-25 21:00:00,59.25,237.25,10.75,31.5,52.25,87.25,2.33,0.0,8.5,3.0,13.5,NA,1.0,1.0,1.0,36.0,20.0,0.0,63.75,NA,NA,124.0,742.0,1.0
2026-04-25 22:00:00,60.0,249.5,6.25,32.5,43.75,88.25,3.75,0.0,8.25,1.5,9.75,NA,0.25,0.0,0.25,35.75,19.25,0.0,105.25,NA,NA,123.5,742.0,1.0
2026-04-25 23:00:00,211.0,236.0,9.67,32.33,52.0,85.33,6.0,0.0,12.67,1.0,8.33,NA,0.0,0.0,0.0,35.0,19.67,0.0,187.5,NA,NA,124.33,742.0,1.0
2026-04-26 00:00:00,NA,NA,8.25,31.0,48.75,51.25,7.25,0.67,2.0,1.0,6.25,NA,0.0,0.0,0.0,33.0,25.25,0.0,60.0,NA,NA,123.25,742.0,1.0
2026-04-26 01:00:00,161.0,174.0,8.25,31.25,48.5,51.0,3.67,0.0,5.0,1.0,7.0,NA,0.0,0.0,0.0,33.75,23.75,0.0,114.25,NA,NA,123.5,742.0,1.0
2026-04-26 02:00:00,137.75,170.5,11.25,32.25,52.75,50.75,4.0,0.0,12.5,1.0,6.75,NA,0.0,0.0,0.0,33.25,25.25,0.0,158.0,NA,NA,123.25,742.0,1.0
2026-04-26 03:00:00,99.5,156.5,9.0,33.0,49.5,51.0,10.0,0.0,8.0,0.5,7.0,NA,0.0,0.0,0.0,31.75,29.75,0.0,213.0,NA,NA,123.25,742.0,1.0
2026-04-26 04:00:00,81.75,156.0,14.25,32.5,51.25,54.25,9.75,0.0,6.0,0.0,7.25,NA,0.0,0.0,0.0,31.0,32.25,0.0,143.0,NA,NA,123.5,742.0,1.0
2026-04-26 05:00:00,66.75,148.0,12.0,30.5,48.75,54.5,9.33,0.25,3.0,0.0,7.25,NA,0.0,0.0,0.0,30.25,39.75,0.0,227.25,NA,NA,123.75,742.0,1.0
2026-04-26 06:00:00,77.5,167.5,10.5,32.75,49.75,58.25,9.75,0.0,5.75,0.5,7.75,NA,0.0,0.25,0.0,29.75,51.25,0.0,229.75,NA,NA,123.75,742.0,1.0
2026-04-26 07:00:00,87.0,200.25,11.5,31.75,51.0,59.75,0.0,0.0,15.75,2.0,10.0,NA,0.0,0.75,0.0,30.25,51.25,0.0,269.75,NA,NA,125.75,742.0,1.0
2026-04-26 08:00:00,96.75,225.5,73.5,30.5,108.0,65.0,0.5,0.33,49.25,2.25,10.5,NA,0.25,1.0,0.25,33.25,41.25,0.0,80.0,NA,NA,125.5,742.0,1.0
2026-04-26 09:00:00,84.75,237.75,23.5,27.25,52.5,71.75,1.33,1.25,81.25,3.0,11.75,NA,1.0,1.0,1.0,36.25,26.0,0.25,152.25,NA,NA,125.5,742.0,1.0
2026-04-26 10:00:00,86.75,187.25,11.0,31.5,50.25,68.0,0.5,0.0,82.25,3.0,12.0,NA,1.0,1.0,1.0,38.0,20.25,0.0,137.75,NA,NA,129.0,742.0,1.0
2026-04-26 11:00:00,95.0,164.0,8.0,32.25,49.5,63.0,1.0,0.0,79.0,3.0,12.0,NA,1.0,1.0,1.0,40.0,16.5,0.0,126.0,NA,NA,127.0,742.0,1.0
2026-04-26 12:00:00,86.25,174.5,8.0,32.75,49.0,58.25,0.0,0.0,77.25,3.0,12.25,NA,1.0,1.0,1.0,41.5,12.25,0.75,149.75,NA,NA,125.75,742.0,1.0
2026-04-26 13:00:00,77.0,170.75,8.75,30.75,49.0,55.5,12.0,0.0,71.0,3.0,12.0,NA,1.0,1.0,1.0,42.0,10.0,1.0,162.75,NA,NA,124.5,742.0,1.0
2026-04-26 14:00:00,73.5,177.25,10.0,31.75,50.0,55.75,9.5,0.67,68.25,3.0,12.0,NA,1.0,1.0,1.0,42.0,9.5,1.0,156.5,NA,NA,124.0,742.0,1.0
2026-04-26 15:00:00,77.5,161.0,18.0,32.5,58.25,56.0,0.0,0.5,48.25,3.0,12.0,NA,1.0,1.0,1.0,42.25,8.25,1.0,148.5,NA,NA,123.5,742.0,1.0
2026-04-26 16:00:00,85.25,104.5,8.5,32.0,48.0,63.75,0.0,0.0,55.25,3.0,12.25,NA,1.0,1.0,1.0,41.5,9.75,0.25,151.5,NA,NA,125.0,742.0,1.0
2026-04-26 17:00:00,87.75,120.25,10.25,31.75,51.5,72.25,0.0,0.0,55.5,3.0,12.0,NA,1.0,1.0,1.0,40.25,13.0,0.0,96.0,NA,NA,124.25,742.0,1.0
2026-04-26 18:00:00,98.0,156.0,9.0,31.67,50.33,71.0,0.33,1.0,42.67,2.67,12.33,NA,1.0,1.0,1.0,38.67,15.33,0.0,59.67,NA,NA,124.67,742.0,1.0
2026-04-26 19:00:00,101.5,171.25,8.75,31.5,49.25,74.25,4.67,1.0,26.0,2.0,13.0,NA,1.0,1.0,1.0,37.5,17.0,0.0,53.75,NA,NA,123.0,742.0,1.0
2026-04-26 20:00:00,85.25,202.5,8.25,31.25,48.5,80.5,12.75,0.67,7.5,3.0,13.0,NA,1.0,0.75,1.0,36.5,18.75,0.0,35.75,NA,NA,124.75,742.0,1.0
2026-04-26 21:00:00,86.5,212.25,10.75,32.5,52.5,86.5,4.67,0.5,8.75,3.0,13.25,NA,1.0,1.0,1.0,35.75,20.5,0.0,49.0,NA,NA,125.75,742.0,1.0
2026-04-26 22:00:00,79.75,174.75,10.25,32.25,51.75,86.25,6.25,0.0,13.0,1.25,9.75,NA,0.25,0.0,0.25,34.75,22.5,0.0,45.0,NA,NA,123.0,742.0,1.0
2026-04-26 23:00:00,78.0,186.33,10.67,31.0,51.0,85.0,3.0,0.0,16.33,1.0,9.0,NA,0.0,0.0,0.0,33.0,37.0,0.0,247.33,NA,NA,124.67,742.0,1.0
2026-04-27 00:00:00,88.75,223.75,9.25,32.0,50.5,51.0,3.75,0.33,26.0,1.0,6.75,NA,0.0,0.0,0.0,29.5,55.5,0.0,250.25,NA,NA,157.5,742.0,1.0
2026-04-27 01:00:00,72.0,251.25,7.0,31.33,47.33,51.5,13.67,0.0,28.0,1.0,7.0,NA,0.0,0.0,0.0,29.0,56.5,0.25,240.75,NA,NA,142.33,742.0,1.0
2026-04-27 02:00:00,63.0,228.0,8.5,32.5,50.25,51.25,11.75,0.0,27.25,1.0,6.75,NA,0.0,0.0,0.0,27.75,58.5,0.0,242.75,NA,NA,179.25,742.25,1.0
2026-04-27 03:00:00,80.75,179.5,10.5,32.5,52.75,51.25,11.67,0.0,23.5,0.5,7.25,NA,0.0,0.0,0.0,27.0,61.5,0.0,222.25,NA,NA,240.5,742.25,0.25
2026-04-27 04:00:00,75.0,89.25,9.75,32.5,49.5,54.25,15.0,0.0,16.25,0.0,7.0,NA,0.0,0.0,0.0,26.25,64.0,0.0,285.75,NA,NA,265.25,742.75,0.0
2026-04-27 05:00:00,70.5,88.75,12.25,31.0,53.25,55.0,4.33,0.5,13.25,0.0,7.25,NA,0.0,0.0,0.0,25.75,65.75,0.0,265.5,NA,NA,189.75,742.0,0.0
2026-04-27 06:00:00,71.0,74.75,8.75,31.0,48.5,57.25,0.75,0.0,21.0,0.5,8.0,NA,0.0,0.25,0.0,25.5,64.25,0.0,303.5,NA,NA,278.75,743.0,0.0
2026-04-27 07:00:00,75.5,80.25,10.0,32.5,52.75,59.25,0.67,0.0,24.75,2.0,10.0,NA,0.0,1.0,0.0,26.5,60.5,0.0,260.25,NA,NA,344.0,743.5,0.0
2026-04-27 08:00:00,76.0,90.0,13.0,30.25,52.75,65.25,0.0,0.67,30.75,2.25,10.5,NA,0.25,1.0,0.25,28.0,55.25,0.0,288.0,NA,NA,241.0,742.75,1.0
2026-04-27 09:00:00,73.25,93.75,8.75,31.25,47.75,73.5,3.0,1.0,41.25,3.0,12.0,NA,1.0,1.0,1.0,29.5,51.0,0.0,250.0,NA,NA,207.0,742.25,1.0
2026-04-27 10:00:00,68.67,84.0,9.25,32.25,49.5,69.5,2.75,0.67,57.25,3.0,12.25,NA,1.0,1.0,1.0,31.75,45.75,0.0,142.0,NA,NA,211.0,742.25,1.0
2026-04-27 11:00:00,68.0,112.0,8.75,31.5,50.5,64.5,2.67,0.0,79.75,3.0,11.75,NA,1.0,1.0,1.0,33.5,40.75,0.0,216.75,NA,NA,230.75,742.5,1.0
2026-04-27 12:00:00,NA,NA,9.25,30.75,49.75,57.25,2.0,0.0,105.75,3.0,11.75,NA,1.0,1.0,1.0,35.5,34.0,0.0,155.5,NA,NA,167.0,742.25,1.0
2026-04-27 13:00:00,NA,10.0,8.25,31.75,50.0,56.0,6.0,0.0,109.75,3.0,12.25,NA,1.0,1.0,1.0,37.0,28.5,0.25,159.0,NA,NA,144.0,742.0,1.0
2026-04-27 14:00:00,3.75,113.75,10.5,32.0,52.5,55.75,NA,0.0,99.25,3.0,12.0,NA,1.0,1.0,1.0,38.5,23.0,0.25,162.0,NA,NA,221.0,742.5,1.0
2026-04-27 15:00:00,3.0,142.25,10.0,30.0,100.0,56.0,0.0,0.0,92.25,3.0,12.0,NA,1.0,1.0,1.0,39.25,20.25,0.0,120.25,NA,NA,135.0,742.0,1.0
2026-04-27 16:00:00,39.5,145.0,8.75,32.25,100.75,63.0,0.75,NA,92.75,3.0,12.0,NA,1.0,1.0,1.0,39.0,21.0,0.0,123.75,NA,NA,135.5,742.0,1.0
2026-04-27 17:00:00,78.67,145.0,10.0,31.67,102.0,73.0,7.0,NA,78.0,3.0,12.0,NA,1.0,1.0,1.0,39.0,19.33,0.0,152.0,NA,NA,134.33,742.0,1.0
2026-04-27 18:00:00,83.75,152.0,8.75,30.75,99.75,72.75,7.75,0.0,17.0,2.75,12.25,NA,1.0,1.0,1.0,37.5,21.75,0.0,121.0,NA,NA,136.25,742.0,1.0
2026-04-27 19:00:00,85.75,195.5,8.75,31.75,99.5,72.5,14.0,0.75,2.25,2.0,13.0,NA,1.0,1.0,1.0,35.5,28.0,0.0,197.5,NA,NA,137.75,742.0,1.0
2026-04-27 20:00:00,79.25,188.25,8.25,31.25,98.5,81.0,14.5,0.0,2.75,2.75,13.0,NA,1.0,0.75,1.0,34.25,38.75,0.0,222.0,NA,NA,144.0,742.0,1.0
2026-04-27 21:00:00,73.25,208.25,10.0,32.0,102.25,84.25,11.67,0.0,19.75,3.0,13.5,NA,1.0,1.0,1.0,33.5,40.5,0.0,184.75,NA,NA,150.25,742.0,1.0
2026-04-27 22:00:00,74.0,197.25,11.25,31.0,102.25,86.25,13.0,0.0,20.5,1.25,9.5,NA,0.25,0.0,0.25,33.0,40.0,0.0,298.0,NA,NA,147.0,742.0,1.0
2026-04-27 23:00:00,70.33,174.0,9.0,31.67,100.67,87.33,13.0,0.0,8.67,1.0,8.67,NA,0.0,0.0,0.0,31.67,43.0,0.0,252.33,NA,NA,144.67,742.0,1.0
2026-04-28 00:00:00,75.0,208.0,9.25,33.25,102.75,52.0,12.75,0.0,4.5,1.0,7.0,NA,0.0,0.0,0.0,30.0,53.5,0.0,282.25,NA,NA,151.0,742.0,1.0
2026-04-28 01:00:00,74.0,201.25,7.75,31.0,96.75,51.5,3.0,0.0,9.25,1.0,6.75,NA,0.0,0.0,0.0,29.0,58.0,0.0,237.5,NA,NA,165.25,742.0,1.0
2026-04-28 02:00:00,76.75,155.5,8.5,32.75,98.75,52.25,2.5,0.0,26.25,1.0,6.5,NA,0.0,0.0,0.0,28.75,60.0,0.0,292.25,NA,NA,169.0,742.0,1.0
2026-04-28 03:00:00,78.75,146.25,9.5,31.0,100.5,51.5,10.33,0.0,26.5,0.5,7.0,NA,0.0,0.0,0.0,28.0,63.0,0.0,245.5,NA,NA,172.0,742.0,1.0
2026-04-28 04:00:00,75.0,136.25,9.5,31.75,101.5,54.0,9.75,0.0,25.75,0.0,7.25,NA,0.0,0.0,0.0,27.25,65.75,0.0,286.75,NA,NA,165.5,742.0,0.5
2026-04-28 05:00:00,71.0,130.0,8.25,31.25,98.75,53.75,0.0,0.0,24.25,0.0,7.25,NA,0.0,0.0,0.0,27.0,68.75,0.0,239.75,NA,NA,172.25,742.0,0.0
2026-04-28 06:00:00,71.0,121.25,5.75,32.0,97.0,57.5,0.0,0.0,20.25,0.5,8.0,NA,0.0,0.25,0.0,26.25,69.5,0.0,234.5,NA,NA,159.75,742.0,0.0
2026-04-28 07:00:00,75.0,121.0,7.0,32.5,98.25,60.0,1.67,0.0,20.75,2.0,10.0,NA,0.0,0.75,0.0,27.25,68.0,0.0,248.5,NA,NA,161.25,742.0,0.25
2026-04-28 08:00:00,72.0,91.0,12.25,31.5,104.0,65.25,1.0,0.0,28.25,2.25,10.5,NA,0.25,1.0,0.25,28.0,64.25,0.0,265.0,NA,NA,142.75,742.0,1.0
2026-04-28 09:00:00,92.25,95.75,8.25,32.25,100.0,73.75,0.33,0.0,38.75,3.0,12.0,NA,1.0,1.0,1.0,29.5,58.5,0.0,177.5,NA,NA,138.0,742.0,1.0
2026-04-28 10:00:00,85.25,100.0,8.75,31.75,99.75,69.75,0.0,0.0,53.75,3.0,12.25,NA,1.0,1.0,1.0,31.0,52.75,0.0,222.25,NA,NA,144.25,742.0,1.0
2026-04-28 11:00:00,82.25,104.0,10.0,32.5,102.0,NA,4.0,0.0,71.5,3.0,12.0,NA,1.0,1.0,1.0,32.5,46.5,0.0,217.25,NA,NA,162.25,742.0,1.0
2026-04-28 12:00:00,76.25,127.25,12.5,32.25,104.25,58.0,2.5,0.0,82.5,3.0,12.0,NA,1.0,1.0,1.0,34.5,39.75,0.25,180.0,NA,NA,145.0,742.0,1.0
2026-04-28 13:00:00,73.0,140.5,9.25,31.0,99.0,55.5,9.33,0.0,85.75,NA,NA,NA,NA,NA,NA,36.25,34.0,0.25,164.75,NA,NA,141.0,742.0,1.0
2026-04-28 14:00:00,NA,NA,10.5,31.0,101.5,55.75,9.5,0.0,80.75,3.0,12.0,NA,1.0,1.0,1.0,37.25,29.75,0.5,162.0,NA,NA,138.75,742.0,1.0
2026-04-28 15:00:00,50.5,109.75,10.5,32.25,103.0,56.0,1.0,0.0,85.0,3.0,12.0,NA,1.0,1.0,1.0,38.0,26.75,0.25,148.25,NA,NA,138.75,742.0,1.0
2026-04-28 16:00:00,27.25,119.75,9.0,31.75,100.0,65.75,1.25,0.0,85.25,3.0,12.0,NA,1.0,1.0,1.0,38.0,26.25,0.0,163.25,NA,NA,136.0,742.0,1.0
2026-04-28 17:00:00,48.75,123.75,7.25,33.0,100.0,73.5,3.67,0.0,73.0,3.0,12.0,NA,1.0,1.0,1.0,38.0,24.75,0.0,144.0,NA,NA,136.5,742.0,1.0
2026-04-28 18:00:00,33.5,148.25,8.25,32.5,101.25,71.75,6.5,0.67,41.5,2.75,12.25,NA,1.0,1.0,1.0,36.5,26.5,0.0,151.67,NA,NA,137.25,742.0,1.0
2026-04-28 19:00:00,50.25,208.25,9.25,32.0,101.25,73.25,12.67,1.0,27.5,2.0,13.0,NA,1.0,1.0,1.0,36.0,27.5,0.0,173.0,NA,NA,138.25,742.0,1.0
2026-04-28 20:00:00,33.75,174.25,4.75,33.0,96.5,81.25,12.75,0.0,29.75,2.75,13.25,NA,1.0,1.0,1.0,35.25,30.0,0.0,166.0,NA,NA,134.75,742.0,1.0
2026-04-28 21:00:00,27.25,206.0,10.5,32.25,103.25,85.75,1.33,0.0,41.25,3.0,13.25,NA,1.0,0.75,1.0,33.75,44.5,0.0,173.75,NA,NA,148.25,742.0,1.0
2026-04-28 22:00:00,13.75,206.0,7.75,32.75,101.25,87.25,1.75,0.0,43.5,1.5,9.75,NA,0.25,0.0,0.25,33.0,49.0,0.0,185.0,NA,NA,148.0,742.0,1.0
2026-04-28 23:00:00,7.33,192.67,7.33,32.33,99.0,85.67,4.5,0.0,41.33,1.0,9.0,NA,0.0,0.0,0.0,32.0,48.67,0.0,211.67,NA,NA,141.33,742.0,1.0
2026-04-29 00:00:00,8.0,178.5,9.25,31.5,100.75,51.0,4.0,0.0,42.75,1.0,6.75,NA,0.0,0.0,0.0,32.0,48.75,0.0,230.0,NA,NA,138.0,742.0,1.0
2026-04-29 01:00:00,22.25,177.0,12.0,33.75,105.0,50.25,8.33,0.0,33.25,1.0,6.5,NA,0.0,0.0,0.0,30.75,53.0,0.0,245.5,NA,NA,144.75,742.0,1.0
2026-04-29 02:00:00,37.25,153.75,8.75,32.0,98.25,51.0,13.0,0.0,26.0,1.0,7.0,NA,0.0,0.0,0.0,30.0,56.25,0.0,210.5,NA,NA,155.75,742.0,1.0
2026-04-29 03:00:00,28.5,156.0,7.75,32.0,99.25,51.0,11.33,0.0,30.5,0.5,7.0,NA,0.0,0.0,0.0,30.0,54.5,0.0,186.75,NA,NA,142.25,742.0,1.0
2026-04-29 04:00:00,45.25,161.75,10.5,30.75,100.75,54.25,11.0,0.0,33.0,0.0,7.5,NA,0.0,0.0,0.0,30.0,54.0,0.0,103.75,NA,NA,140.5,742.0,1.0
2026-04-29 05:00:00,47.0,152.25,10.25,33.5,101.25,54.25,11.33,0.0,23.5,0.0,7.5,NA,0.0,0.0,0.0,29.5,56.25,0.0,144.75,NA,NA,139.25,742.0,1.0
2026-04-29 06:00:00,52.75,166.5,15.0,30.75,105.5,56.75,11.5,0.0,21.75,0.5,7.75,NA,0.0,0.0,0.0,29.75,57.0,0.0,236.75,NA,NA,141.0,742.0,1.0
2026-04-29 07:00:00,60.75,170.0,12.25,31.25,103.25,60.75,3.0,0.5,20.25,2.0,10.0,NA,0.0,0.75,0.0,30.0,56.25,0.0,258.25,NA,NA,143.25,742.0,1.0
2026-04-29 08:00:00,47.5,164.25,9.0,31.0,99.75,65.25,0.5,0.0,30.25,2.25,10.5,NA,0.25,0.75,0.25,31.25,53.5,0.0,253.75,NA,NA,139.0,742.0,1.0
2026-04-29 09:00:00,33.5,178.5,9.5,32.5,100.75,74.0,NA,0.0,55.0,3.0,12.0,NA,1.0,1.0,1.0,33.25,48.5,0.0,206.25,NA,NA,143.0,742.0,1.0
2026-04-29 10:00:00,50.0,198.5,11.0,32.25,103.75,69.5,NA,0.0,79.5,3.0,12.25,NA,1.0,1.0,1.0,33.75,46.0,0.0,178.0,NA,NA,142.0,742.0,1.0
2026-04-29 11:00:00,49.75,209.5,7.75,31.75,96.5,63.75,13.67,0.0,91.25,3.0,12.25,NA,1.0,1.0,1.0,35.75,40.75,0.0,196.75,NA,NA,133.25,742.0,1.0
2026-04-29 12:00:00,39.5,211.75,8.0,32.75,99.25,58.25,13.5,0.0,106.0,3.0,12.0,NA,1.0,1.0,1.0,37.0,35.5,0.25,186.75,NA,NA,139.0,742.0,1.0
2026-04-29 13:00:00,50.5,206.25,7.75,32.25,101.0,56.25,5.67,0.0,74.0,3.0,12.0,NA,1.0,1.0,1.0,34.25,45.25,1.75,176.5,NA,NA,203.75,742.25,1.0
2026-04-29 14:00:00,96.75,192.25,7.0,32.25,97.75,56.0,5.75,0.0,43.0,3.0,12.25,NA,1.0,1.0,1.0,30.75,56.75,0.75,178.25,NA,NA,458.5,744.5,1.0
2026-04-29 15:00:00,65.25,209.5,8.0,32.25,100.5,56.5,NA,0.0,38.5,3.0,12.0,NA,1.0,1.0,1.0,31.0,43.0,0.0,173.75,NA,NA,358.25,743.25,1.0
2026-04-29 16:00:00,48.75,197.5,6.0,33.0,97.5,65.0,2.25,0.0,45.25,3.0,12.0,NA,1.0,1.0,1.0,32.75,36.75,0.0,204.5,NA,NA,318.5,743.0,1.0
2026-04-29 17:00:00,45.25,167.0,8.25,32.0,100.25,72.25,8.33,0.0,45.5,3.0,12.0,NA,1.0,1.0,1.0,33.25,40.5,0.0,185.25,NA,NA,393.0,743.75,1.0
2026-04-29 18:00:00,44.0,178.75,9.5,31.25,101.25,72.25,20.75,0.0,22.25,2.75,12.25,NA,1.0,1.0,1.0,32.5,48.0,0.0,134.5,NA,NA,499.5,744.25,1.0
2026-04-29 19:00:00,42.0,218.75,8.75,32.25,101.0,73.5,6.67,0.0,19.5,2.5,13.0,NA,1.0,1.0,1.0,32.0,53.75,0.0,178.0,NA,NA,411.5,744.0,1.0
2026-04-29 20:00:00,43.0,169.5,7.5,32.75,98.5,82.0,5.5,0.33,28.25,2.75,13.0,NA,1.0,0.75,1.0,32.5,49.0,0.0,192.75,NA,NA,263.75,742.5,1.0
2026-04-29 21:00:00,43.0,160.25,9.75,33.0,102.25,83.75,10.33,1.0,24.25,3.0,13.5,NA,1.0,1.0,1.0,32.0,47.0,0.0,181.5,NA,NA,181.5,742.0,1.0
2026-04-29 22:00:00,37.25,147.5,6.0,32.75,96.75,88.75,12.25,0.0,23.5,1.25,9.75,NA,0.25,0.0,0.25,31.5,46.75,0.0,242.25,NA,NA,304.25,743.0,1.0
2026-04-29 23:00:00,40.67,168.0,9.67,32.33,100.33,85.33,2.0,0.0,18.0,1.0,9.0,NA,0.0,0.0,0.0,28.67,56.0,0.0,214.33,NA,NA,265.0,743.0,1.0
2026-04-30 00:00:00,42.75,169.0,11.25,31.75,100.5,51.5,2.0,0.0,11.25,1.0,6.5,NA,0.0,0.0,0.0,26.5,55.75,0.0,103.25,NA,NA,211.5,742.25,0.0
2026-04-30 01:00:00,37.25,148.75,10.75,31.0,101.5,50.75,10.0,0.0,12.0,1.0,7.0,NA,0.0,0.0,0.0,25.25,62.25,0.0,184.75,NA,NA,206.25,742.0,0.0
2026-04-30 02:00:00,39.75,94.75,10.75,31.25,100.75,51.0,10.5,0.0,6.75,1.0,6.75,NA,0.0,0.0,0.0,25.0,65.75,0.25,107.25,NA,NA,171.25,742.0,0.0
2026-04-30 03:00:00,39.0,110.5,8.75,33.25,100.5,51.5,4.0,0.0,7.0,0.5,7.25,NA,0.0,0.0,0.0,24.0,68.25,0.0,188.75,NA,NA,156.5,742.0,0.0
2026-04-30 04:00:00,36.25,112.0,10.25,31.75,100.25,54.0,3.5,0.0,10.75,0.0,7.25,NA,0.0,0.0,0.0,24.25,66.75,0.0,205.25,NA,NA,147.75,742.0,0.0
2026-04-30 05:00:00,34.25,93.5,8.5,32.25,101.0,55.0,2.67,0.0,13.25,0.0,7.5,NA,0.0,0.0,0.0,24.0,68.0,0.0,224.75,NA,NA,151.25,742.0,0.0
2026-04-30 06:00:00,35.75,91.0,10.25,30.5,101.75,58.0,2.5,0.0,13.25,0.5,7.75,NA,0.0,0.25,0.0,24.0,68.0,0.0,234.75,NA,NA,165.0,742.0,0.0
2026-04-30 07:00:00,39.75,83.25,13.25,31.75,104.5,58.75,9.33,0.0,11.5,2.0,9.75,NA,0.0,1.0,0.0,24.0,69.25,0.0,243.5,NA,NA,163.75,742.0,0.0
2026-04-30 08:00:00,39.0,58.75,8.5,33.25,100.5,64.0,9.25,0.0,14.5,2.25,10.5,NA,0.25,0.75,0.25,24.25,69.5,0.75,233.0,NA,NA,163.75,742.0,0.0
2026-04-30 09:00:00,34.25,55.0,10.0,32.25,100.25,74.5,3.0,0.0,20.75,3.0,12.0,NA,1.0,1.0,1.0,26.0,61.5,0.25,246.5,NA,NA,169.75,742.0,0.0
2026-04-30 10:00:00,39.75,57.0,12.0,32.5,103.0,69.25,3.75,0.0,20.5,3.0,12.0,NA,1.0,1.0,1.0,26.25,60.25,0.0,252.25,NA,NA,160.0,742.0,0.0
2026-04-30 11:00:00,38.0,83.25,13.0,31.5,100.25,63.75,12.0,0.0,28.5,3.0,12.0,NA,1.0,1.0,1.0,27.0,57.75,0.0,195.5,NA,NA,142.0,742.0,0.0
2026-04-30 12:00:00,39.75,99.5,7.5,30.25,96.75,57.25,10.5,0.67,41.0,3.0,12.0,NA,1.0,1.0,1.0,28.5,54.25,0.0,248.75,NA,NA,136.25,742.0,1.0
2026-04-30 13:00:00,41.0,87.25,11.25,32.0,103.25,55.5,2.67,1.0,52.0,3.0,12.0,NA,1.0,1.0,1.0,30.0,48.0,0.25,269.5,NA,NA,131.75,742.0,1.0
2026-04-30 14:00:00,41.0,63.75,11.75,31.75,104.0,56.0,2.0,0.0,62.25,3.0,12.0,NA,1.0,1.0,1.0,31.0,46.5,0.0,208.5,NA,NA,133.25,742.0,1.0
2026-04-30 15:00:00,37.25,67.75,10.0,32.5,100.25,56.0,3.67,0.0,65.0,3.0,12.0,NA,1.0,1.0,1.0,31.0,44.25,0.0,182.25,NA,NA,130.25,742.0,1.0
2026-04-30 16:00:00,35.25,70.0,12.0,32.25,100.75,64.25,4.5,0.0,68.75,3.0,12.0,NA,1.0,1.0,1.0,31.0,45.5,0.75,22.0,NA,NA,131.25,742.0,1.0
2026-04-30 17:00:00,37.0,93.0,6.33,33.33,98.67,71.0,2.0,0.0,64.67,3.0,11.67,NA,1.0,1.0,1.0,30.0,48.0,0.33,23.33,NA,NA,135.67,742.0,1.0
2026-04-30 18:00:00,40.0,76.5,9.75,30.75,99.75,70.25,2.5,0.0,46.75,2.75,12.25,NA,1.0,1.0,1.0,29.0,52.0,0.0,83.75,NA,NA,136.75,742.0,1.0
2026-04-30 19:00:00,41.0,91.5,6.75,32.0,96.0,74.0,19.33,0.0,42.0,2.0,13.0,NA,1.0,1.0,1.0,28.75,54.75,0.25,88.5,NA,NA,148.75,742.0,1.0
2026-04-30 20:00:00,40.0,78.25,9.75,32.25,100.0,81.25,22.25,0.33,40.25,2.5,13.25,NA,1.0,1.0,1.0,29.0,53.75,0.0,26.0,NA,NA,146.5,742.0,1.0
2026-04-30 21:00:00,35.25,80.0,9.75,31.5,100.25,85.5,2.0,0.75,40.25,3.0,13.25,NA,1.0,1.0,1.0,26.75,60.25,0.0,64.25,NA,NA,163.0,742.25,0.5
2026-04-30 22:00:00,36.0,124.75,9.75,33.25,98.75,86.25,2.0,1.0,25.75,1.25,9.75,NA,0.25,0.25,0.25,22.75,84.5,0.5,173.5,NA,NA,273.5,743.0,0.0
2026-04-30 23:00:00,34.0,112.67,10.67,30.67,100.0,86.33,3.0,0.33,21.67,1.0,8.67,NA,0.0,0.0,0.0,22.0,88.0,0.67,175.0,NA,NA,222.33,742.33,0.0
2026-05-01 00:00:00,33.0,78.0,17.0,34.0,107.75,51.0,3.25,0.0,39.0,1.0,6.75,NA,0.0,0.0,0.0,22.0,80.5,0.75,227.75,NA,NA,500.75,744.5,0.0
2026-05-01 01:00:00,34.0,56.75,13.25,31.5,103.0,51.5,8.33,0.0,33.75,1.0,7.0,NA,0.0,0.0,0.0,22.0,82.0,0.0,234.75,NA,NA,374.5,743.75,0.0
2026-05-01 02:00:00,34.0,38.75,8.5,33.0,101.0,51.0,8.0,0.0,59.25,1.0,6.5,NA,0.0,0.0,0.0,22.0,81.0,0.25,240.75,NA,NA,206.5,742.0,0.0
2026-05-01 03:00:00,NA,NA,11.5,31.5,102.0,51.25,7.0,0.0,51.5,0.5,7.25,NA,0.0,0.0,0.0,22.0,83.5,0.0,244.25,NA,NA,164.75,742.0,0.0
2026-05-01 04:00:00,NA,NA,16.25,34.0,107.75,54.75,6.5,0.0,57.25,0.0,7.5,NA,0.0,0.0,0.0,22.0,84.0,0.0,238.5,NA,NA,155.25,742.0,0.0
2026-05-01 05:00:00,NA,NA,10.25,31.0,98.0,54.75,2.67,0.25,65.75,0.0,7.5,NA,0.0,0.0,0.0,22.0,84.5,0.0,244.75,NA,NA,162.5,742.0,0.0
2026-05-01 06:00:00,NA,NA,8.25,31.75,99.5,58.5,2.0,0.0,49.5,0.5,7.75,NA,0.0,0.0,0.0,22.25,80.75,0.0,259.0,NA,NA,185.75,742.0,0.0
2026-05-01 07:00:00,NA,NA,8.75,31.25,97.5,60.25,2.0,0.0,61.25,2.0,9.75,NA,0.0,0.75,0.0,23.75,73.25,0.0,229.5,NA,NA,227.75,743.0,0.0
2026-05-01 08:00:00,NA,NA,10.25,33.25,101.25,66.0,2.0,0.0,71.75,2.25,10.5,NA,0.25,0.75,0.25,25.75,66.25,0.0,242.0,NA,NA,194.75,742.0,0.0
2026-05-01 09:00:00,NA,NA,7.75,31.5,98.25,73.25,10.33,0.0,71.75,3.0,12.0,NA,1.0,1.0,1.0,27.0,62.0,0.0,240.75,NA,NA,206.0,742.0,0.0
2026-05-01 10:00:00,NA,NA,11.5,32.25,102.0,69.0,10.25,0.0,77.25,3.0,12.0,NA,1.0,1.0,1.0,28.5,57.5,0.0,249.0,NA,NA,219.25,742.5,1.0
2026-05-01 11:00:00,NA,NA,13.5,31.5,104.75,63.75,2.0,0.0,82.0,3.0,12.0,NA,1.0,1.0,1.0,29.25,54.0,0.0,232.25,NA,NA,225.25,742.25,1.0
2026-05-01 12:00:00,41.0,58.0,8.75,31.5,100.5,58.0,2.25,0.0,82.5,3.0,12.0,NA,1.0,1.0,1.0,30.0,49.75,0.0,148.0,NA,NA,144.25,742.0,1.0
2026-05-01 13:00:00,41.5,84.75,10.25,32.75,102.5,56.0,12.67,0.0,88.5,3.0,12.0,NA,1.0,1.0,1.0,31.0,46.0,0.0,260.25,NA,NA,127.25,742.0,1.0
2026-05-01 14:00:00,41.75,91.0,11.0,32.25,101.75,56.0,12.5,0.0,87.25,3.0,12.0,NA,1.0,1.0,1.0,31.25,43.75,0.0,168.5,NA,NA,127.25,742.0,1.0
2026-05-01 15:00:00,37.25,96.0,13.25,32.0,102.25,55.5,12.0,0.0,85.0,3.0,12.0,NA,1.0,1.0,1.0,32.0,40.25,0.0,293.25,NA,NA,125.75,742.0,1.0
2026-05-01 16:00:00,36.5,101.5,7.75,31.5,96.5,65.0,12.0,0.0,91.75,3.0,12.0,NA,1.0,1.0,1.0,32.0,41.0,0.0,129.25,NA,NA,126.25,742.0,1.0
2026-05-01 17:00:00,40.75,97.25,10.25,30.75,100.25,73.0,15.0,0.0,71.0,3.0,12.0,NA,1.0,1.0,1.0,31.5,42.25,0.25,18.5,NA,NA,127.75,742.0,1.0
2026-05-01 18:00:00,38.75,87.0,12.25,31.5,102.75,72.0,15.75,0.0,76.75,2.75,12.25,NA,1.0,1.0,1.0,30.75,46.25,0.0,287.0,NA,NA,128.0,742.0,1.0
2026-05-01 19:00:00,36.25,84.5,11.5,30.75,99.25,74.0,12.33,0.0,77.25,2.25,13.0,NA,1.0,1.0,1.0,29.75,50.5,0.0,251.0,NA,NA,130.75,742.0,1.0
2026-05-01 20:00:00,40.5,97.0,11.25,33.25,104.5,81.75,11.75,0.0,72.5,2.75,13.25,NA,1.0,1.0,1.0,29.0,54.5,0.0,208.0,NA,NA,136.0,742.0,1.0
2026-05-01 21:00:00,40.75,104.25,9.75,32.75,100.25,84.5,8.67,0.0,87.0,3.0,13.5,NA,1.0,1.0,1.0,28.0,57.5,0.0,227.5,NA,NA,139.5,742.0,1.0
2026-05-01 22:00:00,38.25,109.5,9.5,32.0,100.75,86.75,12.75,0.0,61.5,1.25,9.75,NA,0.25,0.0,0.25,28.0,58.25,0.0,240.5,NA,NA,145.5,742.0,1.0
2026-05-01 23:00:00,42.0,114.0,8.33,33.0,100.0,87.0,3.5,0.0,66.33,1.0,9.0,NA,0.0,0.0,0.0,27.0,60.0,0.0,245.0,NA,NA,136.67,742.0,0.0
2026-05-02 00:00:00,40.0,98.0,6.0,32.25,94.5,50.75,3.25,0.0,63.75,1.0,7.0,NA,0.0,0.0,0.0,26.0,63.25,0.0,242.5,NA,NA,134.75,742.0,0.0
2026-05-02 01:00:00,36.75,103.25,5.75,33.5,95.5,51.5,10.33,1.0,60.0,1.0,6.75,NA,0.0,0.0,0.0,25.5,66.5,0.0,242.5,NA,NA,139.5,742.0,0.0
2026-05-02 02:00:00,39.5,102.25,10.0,31.5,99.75,52.0,10.75,0.0,68.25,1.0,7.0,NA,0.0,0.0,0.0,25.0,71.25,0.0,228.75,NA,NA,147.75,742.0,0.0
2026-05-02 03:00:00,41.5,107.25,14.0,31.75,102.0,51.0,5.67,0.0,64.5,0.5,7.0,NA,0.0,0.0,0.0,24.0,73.25,0.0,257.25,NA,NA,151.25,742.0,0.0
2026-05-02 04:00:00,40.25,110.75,11.0,30.5,99.5,54.75,5.25,0.0,60.75,0.0,7.5,NA,0.0,0.0,0.0,24.0,75.0,0.0,278.25,NA,NA,158.0,742.0,0.0
2026-05-02 05:00:00,41.5,107.0,11.75,32.5,100.5,54.0,2.0,0.0,57.25,0.0,7.0,NA,0.0,0.0,0.0,23.0,75.25,0.0,188.75,NA,NA,152.75,742.0,0.0
2026-05-02 06:00:00,41.5,97.75,14.0,31.5,103.75,58.0,2.0,0.0,59.25,0.5,8.25,NA,0.0,0.25,0.0,23.25,73.75,0.0,198.25,NA,NA,135.0,742.0,0.0
2026-05-02 07:00:00,37.25,95.25,17.25,32.75,107.5,59.5,8.0,0.0,59.0,2.0,10.0,NA,0.0,0.75,0.0,24.25,69.5,0.0,245.25,NA,NA,131.5,742.0,0.0
2026-05-02 08:00:00,37.0,92.0,10.0,33.0,99.5,64.75,7.5,0.0,63.25,2.25,10.5,NA,0.25,1.0,0.25,25.75,62.0,0.25,243.75,NA,NA,127.75,742.0,0.0
2026-05-02 09:00:00,33.75,97.0,7.25,33.0,97.0,73.0,3.67,0.0,59.0,3.0,12.25,NA,1.0,1.0,1.0,27.75,55.25,0.5,249.0,NA,NA,126.5,742.0,0.75
2026-05-02 10:00:00,33.75,93.75,9.5,32.75,98.75,70.5,2.75,0.0,69.25,3.0,12.0,NA,1.0,1.0,1.0,29.0,50.5,0.25,240.75,NA,NA,127.0,742.0,1.0
2026-05-02 11:00:00,36.75,90.5,13.25,31.5,103.0,63.0,5.33,0.0,86.75,3.0,12.0,NA,1.0,1.0,1.0,30.0,47.5,0.5,237.5,NA,NA,127.0,742.0,1.0
2026-05-02 12:00:00,39.0,86.25,10.25,32.75,97.75,57.5,5.5,0.0,81.0,3.0,12.0,NA,1.0,1.0,1.0,31.25,43.25,0.75,236.25,NA,NA,127.5,742.0,1.0
2026-05-02 13:00:00,38.0,92.25,10.75,31.25,100.25,56.0,14.33,0.0,68.0,3.0,12.0,NA,1.0,1.0,1.0,32.0,40.5,0.0,215.5,NA,NA,126.25,742.0,1.0
2026-05-02 14:00:00,35.75,95.5,9.0,31.5,100.0,56.0,15.5,0.0,77.75,3.0,12.0,NA,1.0,1.0,1.0,32.0,40.25,0.5,220.0,NA,NA,127.25,742.0,1.0
2026-05-02 15:00:00,38.25,111.0,11.25,32.75,100.25,55.5,21.33,0.0,76.5,3.0,12.0,NA,1.0,1.0,1.0,33.0,37.5,0.0,267.5,NA,NA,125.25,742.0,1.0
2026-05-02 16:00:00,39.5,107.25,11.0,31.5,102.5,66.0,20.0,0.0,76.5,3.0,12.0,NA,1.0,1.0,1.0,33.0,38.0,0.0,271.5,NA,NA,128.5,742.0,1.0
2026-05-02 17:00:00,39.75,102.0,8.5,31.75,98.0,71.25,7.33,0.0,82.5,3.0,12.0,NA,1.0,1.0,1.0,32.0,39.25,0.0,287.25,NA,NA,131.5,742.0,1.0
2026-05-02 18:00:00,35.25,99.0,20.0,33.75,108.5,70.5,8.5,0.0,78.5,2.75,12.25,NA,1.0,1.0,1.0,31.5,42.5,0.0,289.5,NA,NA,134.5,742.0,1.0
2026-05-02 19:00:00,32.5,123.5,7.5,33.0,96.75,74.25,2.67,0.0,58.0,2.0,13.0,NA,1.0,1.0,1.0,31.0,45.0,0.0,184.25,NA,NA,135.75,742.0,1.0
2026-05-02 20:00:00,32.0,147.5,11.5,32.0,102.75,81.0,4.5,0.0,59.75,2.75,13.25,NA,1.0,1.0,1.0,30.25,48.0,0.0,254.5,NA,NA,140.75,742.0,1.0
2026-05-02 21:00:00,34.75,162.25,62.25,32.0,112.5,85.75,2.0,0.0,64.0,3.0,13.25,NA,1.0,1.0,1.0,29.75,50.5,0.0,251.0,NA,NA,159.0,742.0,1.0
2026-05-02 22:00:00,34.0,195.0,9.5,32.25,98.25,86.0,3.0,0.0,54.0,1.25,9.5,NA,0.25,0.0,0.25,29.0,52.75,0.0,219.5,NA,NA,150.5,742.0,1.0
2026-05-02 23:00:00,34.0,201.0,9.0,31.0,98.67,88.0,11.5,0.0,63.0,1.0,9.33,NA,0.0,0.0,0.0,28.67,54.0,0.0,244.33,NA,NA,139.67,742.0,1.0
2026-05-03 00:00:00,40.5,171.0,15.5,32.5,104.5,51.5,11.0,0.0,73.75,1.0,6.75,NA,0.0,0.0,0.0,27.5,60.5,0.0,251.25,NA,NA,138.25,742.0,0.75
2026-05-03 01:00:00,40.75,147.75,14.67,31.75,101.33,51.5,9.67,0.0,66.5,1.0,6.5,NA,0.0,0.0,0.0,27.0,64.25,0.0,247.75,NA,NA,136.25,742.0,0.0
2026-05-03 02:00:00,36.5,146.5,11.5,32.25,102.75,51.5,11.75,1.0,58.75,1.0,6.75,NA,0.0,0.0,0.0,26.5,68.0,0.0,266.75,NA,NA,130.0,742.0,0.0
2026-05-03 03:00:00,34.5,132.75,12.75,31.5,101.0,51.0,9.67,1.0,53.0,0.5,6.75,NA,0.0,0.0,0.0,26.0,70.0,0.0,254.25,NA,NA,139.75,742.0,0.0
2026-05-03 04:00:00,35.25,126.5,12.5,31.75,101.5,54.5,10.0,0.0,55.75,0.0,7.25,NA,0.0,0.0,0.0,25.75,68.5,1.25,199.5,NA,NA,147.25,742.0,0.0
2026-05-03 05:00:00,33.0,135.25,10.5,32.0,99.5,54.25,2.0,0.0,60.75,0.0,7.5,NA,0.0,0.0,0.0,22.0,94.0,0.0,234.5,NA,NA,244.25,742.75,0.0
2026-05-03 06:00:00,34.25,124.25,7.75,31.75,96.0,58.0,2.0,0.0,72.5,0.5,7.75,NA,0.0,0.25,0.0,22.0,86.75,0.0,166.5,NA,NA,206.0,742.0,0.0
2026-05-03 07:00:00,37.25,104.25,11.75,31.75,100.25,60.0,2.67,0.0,70.75,2.0,10.0,NA,0.0,0.75,0.0,23.25,74.75,0.25,205.0,NA,NA,175.5,742.0,0.0
2026-05-03 08:00:00,34.25,93.5,7.75,31.75,96.5,64.25,2.5,0.0,67.5,2.25,10.5,NA,0.25,1.0,0.25,25.5,65.75,0.0,241.75,NA,NA,174.25,742.0,0.0
2026-05-03 09:00:00,33.5,84.75,14.75,32.25,104.5,74.25,3.0,0.0,70.25,3.0,12.0,NA,1.0,1.0,1.0,27.5,56.0,0.25,241.0,NA,NA,172.5,742.0,0.5
2026-05-03 10:00:00,37.25,80.5,10.25,31.0,98.0,70.5,2.25,1.0,61.5,3.0,12.0,NA,1.0,1.0,1.0,28.75,52.5,0.25,233.0,NA,NA,180.25,742.0,1.0
2026-05-03 11:00:00,35.0,77.75,11.25,31.75,99.5,62.25,2.0,1.0,57.5,3.0,12.25,NA,1.0,1.0,1.0,29.75,52.75,0.5,238.75,NA,NA,203.75,742.25,1.0
2026-05-03 12:00:00,35.75,73.0,9.0,31.0,96.5,58.25,2.0,0.0,71.25,3.0,12.0,NA,1.0,1.0,1.0,30.25,50.75,0.0,232.75,NA,NA,146.5,742.0,1.0
2026-05-03 13:00:00,38.5,69.75,14.0,31.5,104.75,55.75,6.33,0.0,73.25,3.0,12.0,NA,1.0,1.0,1.0,31.25,49.5,0.25,231.25,NA,NA,129.75,742.0,1.0
2026-05-03 14:00:00,40.0,70.75,11.75,33.5,103.5,56.0,6.5,0.0,70.0,3.0,12.0,NA,1.0,1.0,1.0,31.5,48.25,0.25,261.75,NA,NA,128.0,742.0,1.0
2026-05-03 15:00:00,39.5,78.25,13.5,32.25,102.5,55.75,10.33,0.0,71.0,3.0,12.0,NA,1.0,1.0,1.0,32.0,49.75,0.0,237.25,NA,NA,128.25,742.0,1.0
2026-05-03 16:00:00,37.0,85.5,19.0,32.5,115.0,64.75,10.25,0.0,74.25,3.0,12.0,NA,1.0,1.0,1.0,31.25,51.5,0.25,201.0,NA,NA,128.75,742.0,1.0
2026-05-03 17:00:00,34.0,87.0,7.67,32.67,98.67,72.67,2.0,0.0,61.33,3.0,12.0,NA,1.0,1.0,1.0,31.0,52.33,0.0,223.67,NA,NA,134.33,742.0,1.0
2026-05-03 18:00:00,34.5,78.75,9.25,32.25,99.5,71.0,2.0,0.0,68.25,2.75,12.25,NA,1.0,1.0,1.0,29.75,55.25,0.0,229.0,NA,NA,134.5,742.0,1.0
2026-05-03 19:00:00,33.5,77.0,10.75,31.75,100.0,73.0,9.67,0.0,65.25,2.0,13.0,NA,1.0,1.0,1.0,29.0,58.25,1.0,238.0,NA,NA,142.75,742.0,1.0
2026-05-03 20:00:00,35.5,90.0,11.75,31.75,102.25,81.25,12.25,0.0,58.0,2.75,13.25,NA,1.0,0.75,1.0,28.5,60.5,0.25,238.75,NA,NA,186.5,742.0,1.0
2026-05-03 21:00:00,34.5,110.75,14.25,34.0,104.75,87.0,2.0,0.0,60.5,3.0,13.5,NA,1.0,1.0,1.0,28.0,64.5,0.0,277.75,NA,NA,201.75,742.25,1.0
2026-05-03 22:00:00,36.0,115.0,14.0,33.25,101.0,87.75,2.0,0.0,48.5,1.25,9.25,NA,0.25,0.0,0.25,27.25,68.75,0.0,280.25,NA,NA,375.75,743.25,0.25
2026-05-03 23:00:00,36.0,130.0,24.67,31.0,109.0,86.33,2.0,0.0,56.67,1.0,9.0,NA,0.0,0.0,0.0,27.0,70.67,0.0,244.67,NA,NA,309.0,743.33,0.0
2026-05-04 00:00:00,35.0,117.75,42.75,32.25,119.25,51.25,2.0,1.0,51.0,1.0,7.0,NA,0.0,0.0,0.0,26.0,71.75,0.0,248.0,NA,NA,177.0,742.0,0.0
2026-05-04 01:00:00,35.25,98.75,55.5,33.0,137.75,51.25,9.0,1.0,61.5,1.0,7.0,NA,0.0,0.0,0.0,25.5,69.75,0.0,267.25,NA,NA,183.5,742.0,0.0
2026-05-04 02:00:00,36.0,92.25,12.25,33.25,103.25,51.25,9.25,0.0,61.0,1.0,6.75,NA,0.0,0.0,0.0,25.0,72.5,0.0,224.0,NA,NA,193.0,742.0,0.0
2026-05-04 03:00:00,36.25,102.0,15.25,31.5,104.75,51.5,2.0,0.0,56.25,0.5,6.75,NA,0.0,0.0,0.0,24.75,73.5,0.0,240.75,NA,NA,200.25,742.0,0.0
2026-05-04 04:00:00,37.0,100.5,27.0,34.5,114.0,54.25,2.0,0.0,60.75,0.0,7.75,NA,0.0,0.0,0.0,24.0,75.5,0.25,241.5,NA,NA,213.5,742.25,0.0
2026-05-04 05:00:00,36.5,94.5,60.5,38.75,144.5,54.25,11.0,0.0,61.25,0.0,7.5,NA,0.0,0.0,0.0,24.0,78.25,0.5,257.0,NA,NA,228.75,742.5,0.0
2026-05-04 06:00:00,35.75,90.5,34.0,34.75,119.5,58.75,11.0,0.0,51.75,0.5,8.0,NA,0.0,0.25,0.0,24.25,77.25,0.5,250.25,NA,NA,184.0,742.0,0.0
2026-05-04 07:00:00,38.75,95.0,43.75,33.0,124.0,60.5,3.67,0.25,67.0,2.0,9.75,NA,0.0,1.0,0.0,25.5,72.25,0.0,272.0,NA,NA,164.0,742.0,0.0
2026-05-04 08:00:00,38.0,95.75,13.75,32.25,103.75,64.75,2.25,0.0,55.25,2.25,10.25,NA,0.25,0.75,0.25,24.5,75.5,1.0,164.5,NA,NA,244.5,742.5,0.0
2026-05-04 09:00:00,25.25,49.75,10.75,34.25,102.5,74.0,10.67,0.0,42.5,3.0,12.0,NA,1.0,1.0,1.0,19.0,NA,2.25,166.0,NA,NA,554.25,744.75,0.0
2026-05-04 10:00:00,18.0,39.75,14.0,31.0,100.5,68.75,10.75,0.0,72.67,3.0,12.0,NA,1.0,1.0,1.0,20.25,NA,1.25,173.0,NA,NA,477.75,744.25,0.0
2026-05-04 11:00:00,17.5,33.5,12.75,31.25,101.5,62.75,8.33,0.0,NA,3.0,12.0,NA,1.0,1.0,1.0,21.75,92.25,1.0,182.75,NA,NA,349.25,743.25,0.0
2026-05-04 12:00:00,24.75,32.25,12.75,32.25,102.75,59.25,10.75,0.0,57.25,3.0,12.0,NA,1.0,1.0,1.0,23.75,77.75,1.25,214.0,NA,NA,211.75,742.25,0.0
2026-05-04 13:00:00,20.0,29.0,14.25,30.0,100.75,55.25,2.0,0.75,60.5,3.0,12.25,NA,1.0,1.0,1.0,26.25,66.0,0.0,240.75,NA,NA,170.0,742.0,0.0
2026-05-04 14:00:00,NA,NA,9.25,33.0,100.75,55.75,2.0,0.0,66.75,3.0,12.0,NA,1.0,1.0,1.0,27.0,63.25,0.5,195.25,NA,NA,183.25,742.0,0.0
2026-05-04 15:00:00,NA,NA,12.5,31.75,102.0,55.75,5.0,0.0,60.75,3.0,12.0,NA,1.0,1.0,1.0,27.0,63.5,0.25,224.5,NA,NA,185.0,742.0,0.0
2026-05-04 16:00:00,24.0,41.0,11.25,32.75,99.25,65.0,7.75,0.0,56.0,3.0,12.25,NA,1.0,1.0,1.0,27.0,63.0,0.0,236.75,NA,NA,150.75,742.0,0.25
2026-05-04 17:00:00,23.75,38.5,15.25,33.5,105.0,72.25,8.67,0.0,53.5,3.0,11.75,NA,1.0,1.0,1.0,26.75,65.0,0.0,217.5,NA,NA,140.0,742.0,0.0
2026-05-04 18:00:00,23.0,31.0,10.5,32.25,98.0,72.25,8.25,0.67,75.0,2.75,12.25,NA,1.0,1.0,1.0,26.0,67.75,0.0,205.75,NA,NA,138.25,742.0,0.0
2026-05-04 19:00:00,NA,NA,31.0,31.5,114.0,71.0,11.0,1.0,46.25,2.25,13.25,NA,1.0,1.0,1.0,25.5,71.0,0.0,258.75,NA,NA,157.25,742.0,0.0
2026-05-04 20:00:00,23.0,30.0,14.75,31.75,100.75,81.75,11.5,0.0,46.0,2.75,13.0,NA,1.0,1.0,1.0,25.0,73.25,0.0,171.0,NA,NA,177.5,742.0,0.0
2026-05-04 21:00:00,24.5,31.0,12.5,32.5,100.0,86.0,2.0,0.0,58.0,3.0,13.5,NA,1.0,1.0,1.0,24.25,73.5,0.0,17.75,NA,NA,174.0,742.0,0.0
2026-05-04 22:00:00,32.5,36.75,13.0,32.5,100.0,87.5,2.0,0.0,69.75,1.25,9.5,NA,0.25,0.25,0.25,24.0,71.5,0.0,174.75,NA,NA,208.5,742.5,0.0
2026-05-04 23:00:00,34.0,45.0,9.33,33.67,93.33,87.67,9.0,0.0,56.67,1.0,9.0,NA,0.0,0.0,0.0,23.0,74.0,0.0,242.0,NA,NA,157.33,742.0,0.0
2026-05-05 00:00:00,24.75,44.25,13.25,31.25,100.0,51.5,6.75,0.0,54.25,1.0,7.0,NA,0.0,0.0,0.0,23.0,73.25,0.0,234.0,NA,NA,140.5,742.0,0.0
2026-05-05 01:00:00,24.0,36.25,15.0,30.0,102.0,51.0,2.0,0.0,58.25,1.0,6.75,NA,0.0,0.0,0.0,23.0,73.5,0.0,82.75,NA,NA,136.75,742.0,0.0
2026-05-05 02:00:00,23.75,37.0,18.5,29.5,103.5,51.5,2.0,0.0,60.0,1.0,7.0,NA,0.0,0.0,0.0,23.0,76.5,0.0,224.75,NA,NA,138.25,742.0,0.0
2026-05-05 03:00:00,24.25,39.0,8.25,34.0,93.5,51.25,2.0,0.0,58.25,0.5,7.25,NA,0.0,0.0,0.0,22.5,81.75,0.25,201.25,NA,NA,138.5,742.0,0.0
2026-05-05 04:00:00,29.0,43.75,14.5,30.0,100.5,54.5,2.0,0.0,52.5,0.0,7.25,NA,0.0,0.0,0.0,22.0,81.25,0.5,214.0,NA,NA,135.75,742.0,0.0
2026-05-05 05:00:00,31.25,38.0,11.5,33.25,95.75,54.5,2.0,0.0,54.75,0.0,7.0,NA,0.0,0.0,0.0,22.0,77.25,0.5,218.25,NA,NA,132.5,742.0,0.0
2026-05-05 06:00:00,27.0,30.5,9.75,33.5,99.75,58.5,2.0,0.0,63.75,0.5,7.75,NA,0.0,0.0,0.0,22.0,77.5,0.0,128.5,NA,NA,135.75,742.0,0.0
2026-05-05 07:00:00,20.75,25.0,11.75,31.75,102.25,60.25,5.0,0.0,61.75,2.0,10.0,NA,0.0,1.0,0.0,21.25,88.75,0.25,97.0,NA,NA,148.25,742.0,0.0
2026-05-05 08:00:00,18.25,21.25,13.0,30.0,97.75,65.75,4.25,0.0,56.5,2.25,10.5,NA,0.25,1.0,0.25,21.25,89.75,0.0,315.0,NA,NA,168.75,742.0,0.0
2026-05-05 09:00:00,12.75,18.5,15.25,32.5,105.0,72.5,8.0,0.0,55.75,3.0,12.25,NA,1.0,1.0,1.0,22.5,83.25,0.0,236.0,NA,NA,197.5,742.0,0.0
2026-05-05 10:00:00,13.75,19.75,16.75,32.5,105.0,67.25,8.75,0.0,64.25,3.0,12.0,NA,1.0,1.0,1.0,23.75,75.5,0.0,217.25,NA,NA,213.25,742.0,0.0
2026-05-05 11:00:00,19.0,30.0,13.0,32.0,58.5,46.25,3.0,0.0,59.5,3.0,12.0,NA,1.0,1.0,1.0,26.0,65.5,0.0,243.25,NA,NA,204.25,742.0,0.0
2026-05-05 12:00:00,15.0,22.0,16.25,33.75,63.0,42.25,3.25,0.0,61.5,3.0,12.0,NA,1.0,1.0,1.0,26.0,65.5,0.0,269.25,NA,NA,181.0,742.0,0.0
2026-05-05 13:00:00,14.5,21.5,11.25,31.5,60.25,41.0,2.0,0.0,77.0,3.0,12.0,NA,1.0,1.0,1.0,26.75,63.5,0.25,264.75,NA,NA,172.25,742.0,0.0
2026-05-05 14:00:00,18.25,22.5,10.25,33.5,59.0,41.0,2.25,0.0,63.5,3.0,12.0,NA,1.0,1.0,1.0,26.0,66.0,0.0,231.5,NA,NA,152.5,742.0,0.0
2026-05-05 15:00:00,23.0,35.75,10.25,32.75,59.75,40.75,2.0,0.0,67.5,3.0,12.25,NA,1.0,1.0,1.0,26.0,67.25,0.0,220.75,NA,NA,147.25,742.0,0.0
2026-05-05 16:00:00,12.5,47.25,11.5,32.75,59.0,48.75,2.0,0.33,57.0,3.0,11.75,NA,1.0,1.0,1.0,26.0,66.25,0.0,172.5,NA,NA,140.25,742.0,0.0
2026-05-05 17:00:00,13.25,48.5,34.0,33.75,78.5,52.0,5.33,1.0,67.75,3.0,11.75,NA,1.0,1.0,1.0,26.0,67.0,0.0,163.25,NA,NA,139.75,742.0,0.0
2026-05-05 18:00:00,20.25,39.25,10.0,30.5,57.25,52.75,6.0,0.0,58.75,2.75,12.25,NA,1.0,1.0,1.0,26.0,67.25,0.0,164.5,NA,NA,140.5,742.0,0.0
2026-05-05 19:00:00,21.5,37.75,10.25,33.25,57.5,51.5,10.0,0.0,53.0,2.0,13.0,NA,1.0,1.0,1.0,26.0,68.75,0.0,177.75,NA,NA,146.5,742.0,0.0
2026-05-05 20:00:00,23.5,48.0,9.5,32.5,59.0,59.75,10.75,0.0,55.75,2.75,13.0,NA,1.0,1.0,1.0,25.5,69.25,0.0,173.75,NA,NA,144.0,742.0,0.0
2026-05-05 21:00:00,26.25,52.25,7.0,35.25,55.5,61.75,2.0,1.0,51.5,3.0,13.5,NA,1.0,0.75,1.0,25.0,72.0,0.0,216.0,NA,NA,168.75,742.0,0.0
2026-05-05 22:00:00,27.33,85.33,15.67,35.0,63.0,63.67,2.67,0.0,56.0,1.33,10.0,NA,0.33,0.0,0.33,24.67,76.0,0.0,257.0,NA,NA,211.33,742.0,0.0
2026-05-05 23:00:00,19.0,108.0,11.0,33.33,61.0,61.33,7.5,0.0,51.0,1.0,9.0,NA,0.0,0.0,0.0,24.0,80.33,0.0,30.5,NA,NA,241.0,742.33,0.0
2026-05-06 00:00:00,27.0,67.25,15.25,33.0,66.25,37.25,11.0,0.0,57.75,1.0,7.0,NA,0.0,0.0,0.0,23.25,85.5,0.0,118.0,NA,NA,496.75,744.25,0.0
2026-05-06 01:00:00,31.75,73.75,8.75,33.25,54.75,37.25,6.33,0.0,58.75,1.0,6.75,NA,0.0,0.0,0.0,23.0,87.0,0.0,49.5,NA,NA,604.75,745.25,0.0
2026-05-06 02:00:00,35.0,85.25,10.5,33.0,57.25,37.0,8.0,0.0,46.25,1.0,6.5,NA,0.0,0.0,0.0,23.0,88.75,0.0,145.67,NA,NA,729.75,746.25,0.0
2026-05-06 03:00:00,36.5,101.5,12.25,32.75,63.75,37.75,9.0,0.0,58.75,0.5,7.0,NA,0.0,0.0,0.0,23.0,89.25,0.0,51.67,NA,NA,705.5,746.0,0.0
2026-05-06 04:00:00,30.0,119.0,11.75,32.25,62.25,39.25,11.0,0.0,42.75,0.0,7.0,NA,0.0,0.0,0.0,22.25,90.0,0.0,99.0,NA,NA,372.25,743.5,0.0
2026-05-06 05:00:00,25.0,105.5,11.5,31.75,60.75,39.75,8.33,0.0,39.75,0.0,7.5,NA,0.0,0.0,0.0,22.25,90.5,0.0,163.5,NA,NA,306.0,743.0,0.0
2026-05-06 06:00:00,28.75,82.0,12.5,33.25,63.75,42.25,7.25,0.0,36.0,0.5,7.75,NA,0.0,0.0,0.0,23.5,83.5,0.0,164.25,NA,NA,251.5,743.0,0.0
2026-05-06 07:00:00,29.0,77.0,9.0,31.5,56.25,44.5,2.0,0.0,46.75,2.0,10.0,NA,0.0,1.0,0.0,24.75,75.5,0.0,159.0,NA,NA,200.0,742.25,0.0
2026-05-06 08:00:00,23.75,69.5,13.0,32.0,63.25,48.25,2.0,0.0,45.5,2.25,10.5,NA,0.25,1.0,0.25,26.5,63.75,0.0,122.25,NA,NA,172.25,742.0,0.0
2026-05-06 09:00:00,24.25,63.75,10.75,32.25,60.25,53.5,2.33,0.0,54.0,3.0,12.0,NA,1.0,1.0,1.0,28.5,53.25,0.0,56.25,NA,NA,171.5,742.0,1.0
2026-05-06 10:00:00,24.0,58.75,9.75,30.5,58.75,50.5,2.0,0.0,66.25,3.0,12.0,NA,1.0,1.0,1.0,29.25,48.5,0.0,117.75,NA,NA,145.75,742.0,1.0
2026-05-06 11:00:00,37.0,55.0,9.5,35.25,59.5,46.25,3.67,0.0,67.5,3.0,12.0,NA,1.0,1.0,1.0,30.0,45.75,0.0,181.75,NA,NA,128.0,742.0,1.0
2026-05-06 12:00:00,NA,NA,9.0,31.75,56.25,41.25,2.75,0.0,66.25,3.0,11.75,NA,1.0,1.0,1.0,30.75,44.25,0.25,193.75,NA,NA,128.25,742.0,1.0
2026-05-06 13:00:00,32.0,53.0,9.5,32.5,61.5,41.5,4.0,0.0,63.25,3.0,12.0,NA,1.0,1.0,1.0,31.25,42.0,0.0,124.75,NA,NA,126.5,742.0,1.0
2026-05-06 14:00:00,29.5,51.75,10.25,29.25,57.0,40.5,3.0,0.0,72.0,3.0,12.0,NA,1.0,1.0,1.0,32.0,39.5,0.0,168.25,NA,NA,126.5,742.0,1.0
2026-05-06 15:00:00,25.25,49.0,10.5,31.5,59.25,40.5,8.67,0.0,71.0,3.0,12.0,NA,1.0,1.0,1.0,32.75,36.75,0.0,115.25,NA,NA,126.0,742.0,1.0
2026-05-06 16:00:00,27.5,53.75,11.0,31.25,60.0,46.5,8.5,0.0,65.5,3.0,12.0,NA,1.0,1.0,1.0,32.5,38.5,0.0,111.75,NA,NA,125.25,742.0,1.0
2026-05-06 17:00:00,23.5,56.0,10.5,32.5,59.5,53.0,6.33,0.0,62.5,3.0,12.25,NA,1.0,1.0,1.0,31.75,39.75,0.0,132.0,NA,NA,125.0,742.0,1.0
2026-05-06 18:00:00,25.5,48.25,7.75,33.0,58.25,51.75,6.25,0.0,48.5,2.75,12.5,NA,1.0,1.0,1.0,31.0,42.5,0.0,139.75,NA,NA,128.75,742.0,1.0
2026-05-06 19:00:00,16.5,55.5,10.25,32.0,60.75,53.25,11.67,0.0,58.75,2.25,13.0,NA,1.0,1.0,1.0,30.0,46.5,0.0,158.5,NA,NA,128.5,742.0,1.0
2026-05-06 20:00:00,24.5,73.25,13.5,32.25,65.25,59.0,12.25,0.0,48.0,2.5,13.0,NA,1.0,1.0,1.0,29.25,52.0,0.0,142.5,NA,NA,136.25,742.0,1.0
2026-05-06 21:00:00,23.25,101.75,13.25,30.0,62.75,63.25,12.0,0.75,65.5,3.0,13.25,NA,1.0,0.75,1.0,28.25,55.5,0.0,245.5,NA,NA,140.5,742.0,1.0
2026-05-06 22:00:00,22.25,121.33,7.67,32.25,58.0,61.67,14.25,0.0,43.5,1.25,10.0,NA,0.25,0.25,0.25,28.0,58.0,0.0,253.75,NA,NA,175.33,742.0,1.0
2026-05-06 23:00:00,16.0,119.67,12.33,33.33,63.67,62.67,3.0,0.0,41.67,1.0,8.67,NA,0.0,0.0,0.0,26.0,56.67,0.33,241.33,NA,NA,143.67,742.0,0.0
2026-05-07 00:00:00,16.75,82.5,8.5,32.25,60.5,37.5,2.75,0.0,54.0,1.0,7.0,NA,0.0,0.0,0.0,24.5,61.0,0.0,286.5,NA,NA,133.5,742.0,0.0
2026-05-07 01:00:00,8.0,72.75,9.25,30.75,60.75,37.0,7.33,0.0,53.0,1.0,6.5,NA,0.0,0.0,0.0,24.0,64.75,0.0,295.5,NA,NA,129.75,742.0,0.0
2026-05-07 02:00:00,4.25,64.25,12.5,30.75,62.75,37.5,5.25,0.0,65.75,1.0,6.75,NA,0.0,0.0,0.0,23.0,66.5,0.0,269.5,NA,NA,127.25,742.0,0.0
2026-05-07 03:00:00,1.75,59.0,9.75,31.5,60.5,37.5,2.0,0.0,45.0,0.5,7.0,NA,0.0,0.0,0.0,23.0,69.75,0.0,318.5,NA,NA,127.0,742.0,0.0
2026-05-07 04:00:00,0.75,56.5,9.75,31.0,60.0,40.0,2.0,0.0,53.75,0.0,7.0,NA,0.0,0.0,0.0,23.25,66.25,0.0,72.0,NA,NA,125.75,742.0,0.0
2026-05-07 05:00:00,0.0,49.0,31.0,31.75,78.25,40.25,10.33,0.0,52.75,0.0,7.0,NA,0.0,0.0,0.0,20.0,92.5,0.5,200.25,NA,NA,143.5,742.0,0.0
2026-05-07 06:00:00,NA,NA,13.0,31.75,64.25,42.5,10.5,0.0,55.75,0.5,8.0,NA,0.0,0.0,0.0,20.0,97.67,0.0,230.25,NA,NA,172.75,742.0,0.0
2026-05-07 07:00:00,NA,NA,24.75,32.0,73.25,44.5,5.67,0.5,49.0,2.0,10.0,NA,0.0,1.0,0.0,21.0,88.75,0.5,88.5,NA,NA,205.0,742.5,0.0
2026-05-07 08:00:00,NA,NA,10.67,32.75,144.75,46.75,5.75,0.0,50.25,2.25,10.5,NA,0.25,1.0,0.25,22.25,80.5,0.0,32.5,NA,NA,184.0,742.5,0.0
2026-05-07 09:00:00,22.0,36.0,10.25,31.25,58.5,53.5,2.0,0.0,53.25,3.0,12.0,NA,1.0,1.0,1.0,25.0,61.5,0.0,43.5,NA,NA,146.0,742.0,0.0
2026-05-07 10:00:00,18.5,35.75,10.0,32.5,60.5,50.5,2.0,0.33,59.0,3.0,12.0,NA,1.0,1.0,1.0,27.0,52.0,0.0,98.75,NA,NA,141.0,742.0,0.0
2026-05-07 11:00:00,10.0,35.0,10.25,31.75,59.0,44.75,9.0,0.75,54.75,3.0,12.0,NA,1.0,1.0,1.0,27.75,44.5,0.0,102.25,NA,NA,136.25,742.0,0.75
2026-05-07 12:00:00,37.25,70.0,13.25,35.25,66.25,42.0,8.25,1.0,46.0,3.0,12.0,NA,1.0,1.0,1.0,28.0,40.75,0.25,38.75,NA,NA,129.25,742.0,1.0
2026-05-07 13:00:00,49.25,70.0,11.0,33.75,63.25,41.0,9.0,1.0,47.25,3.0,12.0,NA,1.0,1.0,1.0,28.5,42.0,0.0,33.25,NA,NA,125.5,742.0,1.0
2026-05-07 14:00:00,42.5,72.75,13.25,30.75,63.5,40.5,10.0,0.0,51.75,3.0,11.75,NA,1.0,1.0,1.0,29.25,38.5,0.0,101.75,NA,NA,123.75,742.0,1.0
2026-05-07 15:00:00,38.25,77.75,12.25,30.75,62.0,41.0,2.0,0.0,61.5,3.0,12.0,NA,1.0,1.0,1.0,28.75,40.5,0.0,48.0,NA,NA,122.0,742.0,1.0
2026-05-07 16:00:00,36.25,93.25,9.25,31.5,59.25,47.75,2.0,0.0,57.25,3.0,12.0,NA,1.0,1.0,1.0,27.25,51.25,0.0,51.75,NA,NA,126.25,742.0,0.25
2026-05-07 17:00:00,36.0,89.25,9.75,31.75,61.25,52.5,2.0,0.0,44.75,3.0,11.75,NA,1.0,1.0,1.0,27.0,50.5,0.0,201.5,NA,NA,125.5,742.0,0.0
2026-05-07 18:00:00,35.0,97.0,9.75,32.75,57.0,52.25,4.67,0.0,48.5,3.0,12.25,NA,1.0,1.0,1.0,26.5,54.5,0.25,177.5,NA,NA,127.25,742.0,0.0
2026-05-07 19:00:00,56.0,83.25,9.25,32.75,58.25,52.75,8.0,0.0,50.5,2.0,13.0,NA,1.0,1.0,1.0,26.0,58.5,0.0,173.5,NA,NA,127.75,742.0,0.0
2026-05-07 20:00:00,NA,NA,11.25,31.25,60.75,60.0,6.25,0.0,42.75,2.5,13.25,NA,1.0,0.5,1.0,25.5,67.25,0.0,218.25,NA,NA,235.0,742.5,0.0
2026-05-07 21:00:00,NA,NA,6.5,33.0,55.0,61.75,3.67,0.25,42.0,3.0,13.5,NA,1.0,1.0,1.0,24.75,75.25,0.0,69.75,NA,NA,489.5,744.5,0.0
2026-05-07 22:00:00,NA,NA,7.75,31.5,57.0,63.0,9.25,0.0,44.0,1.5,9.25,NA,0.25,0.0,0.25,24.0,77.75,0.0,64.0,NA,NA,533.5,744.75,0.0
2026-05-07 23:00:00,129.0,135.0,11.67,33.0,63.33,62.0,3.0,0.0,47.67,1.0,8.67,NA,0.0,0.0,0.0,23.0,80.67,0.0,130.0,NA,NA,350.67,743.0,0.0
2026-05-08 00:00:00,122.25,131.25,11.25,31.0,59.75,37.25,3.5,0.0,48.25,1.0,6.75,NA,0.0,0.0,0.0,23.0,82.5,0.0,156.33,NA,NA,305.25,743.0,0.0
2026-05-08 01:00:00,105.75,113.75,10.75,31.0,59.75,36.75,6.67,0.0,47.0,1.0,6.75,NA,0.0,0.0,0.0,23.25,83.25,0.0,41.67,NA,NA,293.0,743.0,0.0
2026-05-08 02:00:00,80.25,121.5,11.75,33.5,62.25,37.5,7.25,0.0,48.25,1.0,6.75,NA,0.0,0.0,0.0,23.0,86.5,0.0,190.5,NA,NA,329.75,743.0,0.0
2026-05-08 03:00:00,58.0,129.75,10.75,30.75,62.25,37.5,9.33,0.0,52.25,0.5,7.25,NA,0.0,0.0,0.0,23.0,89.75,0.0,190.5,NA,NA,323.25,743.0,0.0
2026-05-08 04:00:00,72.25,130.75,11.0,32.0,62.25,39.5,11.0,0.0,51.75,0.0,7.0,NA,0.0,0.0,0.0,23.0,87.25,0.0,228.5,NA,NA,277.75,743.0,0.0
2026-05-08 05:00:00,81.75,124.25,8.75,31.25,59.25,40.0,4.67,0.0,48.5,0.0,7.5,NA,0.0,0.0,0.0,23.0,81.25,0.0,239.25,NA,NA,230.75,742.5,0.0
2026-05-08 06:00:00,72.5,104.0,12.0,31.25,63.0,42.5,4.25,0.0,49.25,0.5,7.75,NA,0.0,0.25,0.0,24.0,75.75,0.0,245.0,NA,NA,205.75,742.0,0.0
2026-05-08 07:00:00,91.0,95.0,11.75,33.0,64.25,44.25,2.0,0.25,47.75,2.0,10.0,NA,0.0,0.75,0.0,25.25,68.25,0.0,242.75,NA,NA,195.75,742.0,0.0
2026-05-08 08:00:00,NA,NA,10.75,30.5,55.75,47.5,2.0,0.0,52.75,2.25,10.5,NA,0.25,1.0,0.25,27.5,58.75,0.0,247.5,NA,NA,196.75,742.0,0.5
2026-05-08 09:00:00,67.0,85.0,13.0,33.0,61.25,54.0,8.0,0.0,51.5,3.0,12.0,NA,1.0,1.0,1.0,29.0,51.5,0.0,282.75,NA,NA,189.0,742.0,1.0
2026-05-08 10:00:00,81.0,82.0,10.0,33.25,58.75,51.75,6.75,0.0,57.75,3.0,12.0,NA,1.0,1.0,1.0,29.75,49.75,0.0,242.0,NA,NA,186.0,742.0,1.0
2026-05-08 11:00:00,71.0,86.75,10.25,34.0,57.75,51.25,4.67,0.0,54.0,3.0,12.0,NA,1.0,1.0,1.0,31.25,45.75,0.0,264.5,NA,NA,167.0,742.0,1.0
2026-05-08 12:00:00,61.75,85.0,13.0,33.0,56.5,47.0,4.0,0.0,63.0,3.0,12.0,NA,1.0,1.0,1.0,31.75,43.25,0.0,243.25,NA,NA,131.0,742.0,1.0
2026-05-08 13:00:00,68.5,82.25,17.25,35.25,63.5,46.5,3.0,0.0,59.0,3.0,12.0,NA,1.0,1.0,1.0,32.5,41.25,0.0,217.75,NA,NA,126.0,742.0,1.0
2026-05-08 14:00:00,NA,NA,14.5,32.75,59.0,45.75,3.5,0.0,65.25,3.0,12.0,NA,1.0,1.0,1.0,33.0,39.5,0.0,228.5,NA,NA,125.25,742.0,1.0
2026-05-08 15:00:00,50.0,79.75,12.5,33.75,57.75,45.25,9.0,0.0,55.25,3.0,12.0,NA,1.0,1.0,1.0,33.25,37.0,0.0,253.75,NA,NA,125.25,742.0,1.0
2026-05-08 16:00:00,34.25,88.5,12.5,33.25,58.75,53.5,9.75,0.0,53.25,3.0,12.0,NA,1.0,1.0,1.0,33.0,36.75,0.0,241.25,NA,NA,125.25,742.0,1.0
2026-05-08 17:00:00,28.25,84.25,18.5,35.25,64.0,59.0,12.67,0.0,64.5,3.0,12.0,NA,1.0,1.0,1.0,32.25,39.0,0.0,216.0,NA,NA,126.0,742.0,1.0
2026-05-08 18:00:00,29.0,93.5,12.25,34.25,59.75,60.0,13.5,0.0,52.75,2.75,12.25,NA,1.0,1.0,1.0,31.25,44.5,0.0,207.25,NA,NA,128.5,742.0,1.0
2026-05-08 19:00:00,35.75,81.5,12.5,35.5,60.0,58.75,2.0,0.0,49.0,2.0,13.0,NA,1.0,1.0,1.0,30.25,49.0,0.0,189.25,NA,NA,133.75,742.0,1.0
2026-05-08 20:00:00,22.75,86.75,12.75,34.75,60.75,67.0,2.0,0.0,53.25,2.75,13.25,NA,1.0,1.0,1.0,29.5,52.5,0.0,205.0,NA,NA,136.5,742.0,1.0
2026-05-08 21:00:00,30.5,98.5,12.5,34.25,58.5,70.25,2.0,0.0,53.0,3.0,13.25,NA,1.0,1.0,1.0,29.0,53.25,0.0,241.75,NA,NA,138.0,742.0,1.0
2026-05-08 22:00:00,34.75,110.5,13.75,34.5,60.0,69.75,2.0,0.0,53.75,1.25,9.75,NA,0.25,0.0,0.25,29.0,53.25,0.0,249.75,NA,NA,137.0,742.0,1.0
2026-05-08 23:00:00,27.33,123.33,15.0,34.67,61.33,70.0,5.5,0.0,54.0,1.0,8.67,NA,0.0,0.0,0.0,28.33,53.67,0.0,243.67,NA,NA,134.67,742.0,1.0
2026-05-09 00:00:00,30.75,122.0,12.5,34.25,59.0,41.75,6.0,0.0,47.5,1.0,6.75,NA,0.0,0.0,0.0,27.25,60.0,0.0,245.25,NA,NA,141.75,742.0,0.25
2026-05-09 01:00:00,23.25,98.0,13.5,33.0,60.75,41.75,6.0,0.0,56.0,1.0,6.5,NA,0.0,0.0,0.0,26.5,64.75,0.0,257.75,NA,NA,203.75,742.25,0.0
2026-05-09 02:00:00,17.25,105.75,13.25,34.5,60.75,42.25,5.25,0.0,62.5,1.0,6.75,NA,0.0,0.0,0.0,26.0,69.5,0.0,242.0,NA,NA,290.0,742.75,0.0
2026-05-09 03:00:00,16.25,113.5,13.5,33.75,58.75,41.75,2.33,0.0,54.5,0.5,7.0,NA,0.0,0.0,0.0,25.25,74.25,0.0,266.25,NA,NA,260.25,743.0,0.0
2026-05-09 04:00:00,29.25,120.5,14.25,34.25,61.0,44.0,2.0,0.0,55.5,0.0,7.25,NA,0.0,0.0,0.0,25.0,76.5,0.0,240.0,NA,NA,248.75,743.0,0.0
2026-05-09 05:00:00,34.75,124.0,11.0,34.25,56.5,45.0,2.0,0.0,61.25,0.0,7.0,NA,0.0,0.0,0.0,24.5,74.5,0.0,241.0,NA,NA,208.75,742.0,0.0
2026-05-09 06:00:00,17.75,119.25,12.75,34.25,59.5,48.0,2.0,0.0,54.0,0.5,7.75,NA,0.0,0.0,0.0,24.25,72.0,0.25,237.5,NA,NA,162.75,742.0,0.0
2026-05-09 07:00:00,10.25,100.0,17.75,33.75,65.5,49.25,2.0,0.0,46.75,2.0,10.0,NA,0.0,0.75,0.0,25.5,67.25,0.0,239.25,NA,NA,143.75,742.0,0.0
2026-05-09 08:00:00,17.25,87.75,17.0,32.75,63.25,53.75,2.25,0.0,47.0,2.25,10.5,NA,0.25,1.0,0.25,26.75,62.25,0.0,244.75,NA,NA,133.0,742.0,0.0
2026-05-09 09:00:00,54.0,72.0,15.0,32.25,62.25,61.0,3.0,0.0,45.25,3.0,12.0,NA,1.0,1.0,1.0,28.25,58.75,0.25,242.25,NA,NA,129.0,742.0,1.0
2026-05-09 10:00:00,57.0,79.75,10.75,35.5,57.5,56.25,3.0,0.33,49.75,3.0,12.0,NA,1.0,1.0,1.0,28.75,56.0,0.25,245.0,NA,NA,130.75,742.0,1.0
2026-05-09 11:00:00,58.75,72.25,13.0,34.75,60.25,51.5,7.67,1.0,49.75,3.0,12.0,NA,1.0,1.0,1.0,29.5,55.25,0.25,241.0,NA,NA,136.0,742.0,1.0
2026-05-09 12:00:00,65.5,76.75,16.0,33.0,63.5,48.0,6.25,0.0,49.75,3.0,12.0,NA,1.0,1.0,1.0,30.5,50.5,0.5,236.25,NA,NA,139.25,742.0,1.0
2026-05-09 13:00:00,NA,NA,13.5,34.5,60.25,45.75,11.0,0.25,55.5,3.0,12.0,NA,1.0,1.0,1.0,32.0,46.0,0.25,245.0,NA,NA,144.75,742.0,1.0
2026-05-09 14:00:00,NA,NA,9.75,34.25,57.5,45.25,11.75,0.0,57.0,3.0,12.0,NA,1.0,1.0,1.0,32.75,42.75,0.0,251.0,NA,NA,193.25,742.25,1.0
2026-05-09 15:00:00,56.0,73.0,10.0,34.75,56.5,45.25,7.67,0.0,53.5,3.0,12.0,NA,1.0,1.0,1.0,32.75,42.25,0.0,238.75,NA,NA,143.25,742.0,1.0
2026-05-09 16:00:00,55.0,78.0,11.75,34.0,60.5,53.75,7.0,0.0,52.25,3.0,12.0,NA,1.0,1.0,1.0,32.25,41.75,0.0,230.25,NA,NA,179.0,742.0,1.0
2026-05-09 17:00:00,66.67,92.0,15.0,34.0,62.0,59.0,8.0,0.0,61.33,3.0,12.5,NA,1.0,1.0,1.0,32.0,42.5,0.0,229.0,NA,NA,195.0,742.0,1.0
2026-05-09 18:00:00,69.75,96.75,14.25,35.0,61.25,58.25,7.75,0.33,53.25,2.75,12.25,NA,1.0,1.0,1.0,31.0,44.0,0.25,218.25,NA,NA,160.5,742.0,1.0
2026-05-09 19:00:00,61.5,78.0,15.0,34.5,62.75,60.0,3.0,0.0,46.0,2.0,13.0,NA,1.0,1.0,1.0,30.5,48.0,0.0,227.5,NA,NA,199.5,742.0,1.0
2026-05-09 20:00:00,57.25,78.0,10.5,34.0,57.5,66.25,3.0,0.0,53.75,2.75,13.25,NA,1.0,1.0,1.0,30.0,49.5,0.0,221.0,NA,NA,190.75,742.0,1.0
2026-05-09 21:00:00,68.5,104.5,12.25,34.75,60.0,70.0,15.67,0.0,53.75,3.0,13.25,NA,1.0,1.0,1.0,29.25,50.0,0.0,237.0,NA,NA,145.25,742.0,1.0
2026-05-09 22:00:00,51.75,108.75,15.75,35.0,61.0,71.0,15.75,0.0,51.75,1.25,9.75,NA,0.25,0.0,0.25,29.0,49.5,0.0,250.5,NA,NA,137.5,742.0,1.0
2026-05-09 23:00:00,54.67,99.67,12.33,34.67,61.0,70.33,3.0,0.0,53.0,1.0,9.0,NA,0.0,0.0,0.0,28.33,52.0,0.0,236.0,NA,NA,138.33,742.0,1.0
2026-05-10 00:00:00,50.25,111.5,10.75,34.75,54.75,41.75,3.25,0.0,51.5,1.0,6.75,NA,0.0,0.0,0.0,28.0,54.5,0.0,236.75,NA,NA,140.25,742.0,1.0
2026-05-10 01:00:00,43.25,83.5,12.0,33.0,59.0,42.25,13.0,0.0,56.5,1.0,6.75,NA,0.0,0.0,0.0,27.5,57.0,0.0,244.75,NA,NA,141.0,742.0,0.75
2026-05-10 02:00:00,56.5,84.0,13.0,32.25,59.5,42.0,12.25,0.0,58.0,1.0,7.0,NA,0.0,0.0,0.0,26.75,61.75,0.0,251.5,NA,NA,151.5,742.0,0.0
2026-05-10 03:00:00,56.0,98.25,14.5,33.0,59.5,41.5,9.67,0.0,46.0,0.5,7.25,NA,0.0,0.0,0.0,26.0,65.5,0.0,231.25,NA,NA,167.75,742.0,0.0
2026-05-10 04:00:00,66.5,94.25,12.25,33.25,57.0,44.25,9.75,0.0,51.75,0.0,7.0,NA,0.0,0.0,0.0,26.0,67.0,0.0,243.0,NA,NA,176.5,742.0,0.0
2026-05-10 05:00:00,70.75,104.5,14.75,31.5,61.75,44.5,6.67,0.0,53.75,0.0,7.25,NA,0.0,0.0,0.0,26.0,68.0,0.0,248.25,NA,NA,184.75,742.0,0.0
2026-05-10 06:00:00,63.5,110.0,15.0,34.5,63.0,47.25,9.25,0.0,51.25,0.5,8.25,NA,0.0,0.25,0.0,26.25,68.0,0.0,235.5,NA,NA,211.0,742.25,0.0
2026-05-10 07:00:00,50.5,100.5,13.25,35.0,61.25,49.25,9.0,0.0,49.25,2.0,10.0,NA,0.0,0.75,0.0,27.5,63.5,0.0,236.75,NA,NA,162.5,742.0,0.5
2026-05-10 08:00:00,63.25,99.0,17.0,33.75,64.0,53.75,6.5,0.67,52.25,2.25,10.5,NA,0.25,1.0,0.25,28.75,59.25,0.5,238.0,NA,NA,145.0,742.0,1.0
2026-05-10 09:00:00,60.0,99.0,15.75,33.75,59.5,60.25,3.0,1.0,63.25,3.0,12.0,NA,1.0,1.0,1.0,30.75,53.5,0.0,241.0,NA,NA,134.75,742.0,1.0
2026-05-10 10:00:00,52.25,94.25,16.75,31.75,59.75,57.25,6.25,0.0,44.75,3.0,12.0,NA,1.0,1.0,1.0,31.25,51.0,0.25,224.5,NA,NA,131.75,742.0,1.0
2026-05-10 11:00:00,43.25,116.75,15.5,36.0,62.75,52.75,13.0,0.33,37.0,3.0,12.0,NA,1.0,1.0,1.0,32.5,47.5,0.0,226.75,NA,NA,127.5,742.0,1.0
2026-05-10 12:00:00,48.75,104.75,19.25,39.25,61.75,46.5,3.25,1.33,44.5,3.0,12.0,NA,1.0,1.0,1.0,33.0,43.5,0.5,264.5,NA,NA,126.0,742.0,1.0
2026-05-10 13:00:00,64.25,77.25,15.75,32.5,58.75,46.0,10.0,1.0,57.5,3.0,12.25,NA,1.0,1.0,1.0,33.5,41.5,0.0,232.75,NA,NA,125.25,742.0,1.0
2026-05-10 14:00:00,51.5,80.75,14.25,34.25,59.25,45.75,11.5,0.0,65.5,3.0,12.0,NA,1.0,1.0,1.0,34.0,39.0,0.0,231.25,NA,NA,127.25,742.0,1.0
2026-05-10 15:00:00,46.25,90.5,12.5,34.0,60.5,45.5,3.0,0.0,57.5,3.0,12.0,NA,1.0,1.0,1.0,34.0,37.0,0.0,255.5,NA,NA,126.75,742.0,1.0
2026-05-10 16:00:00,49.75,109.0,11.5,36.5,59.75,54.5,3.0,0.0,64.25,3.0,12.0,NA,1.0,1.0,1.0,34.0,35.25,0.0,228.75,NA,NA,126.0,742.0,1.0
2026-05-10 17:00:00,54.75,102.25,18.5,34.5,66.75,60.0,10.67,0.0,59.75,3.0,12.0,NA,1.0,1.0,1.0,33.25,34.0,0.0,225.0,NA,NA,126.5,742.0,1.0
2026-05-10 18:00:00,55.0,110.5,15.75,36.25,63.25,59.25,9.0,1.0,48.0,2.75,12.25,NA,1.0,1.0,1.0,32.5,35.5,0.0,235.0,NA,NA,124.25,742.0,1.0
2026-05-10 19:00:00,63.5,107.0,14.0,35.25,63.25,59.25,4.0,1.25,56.0,2.0,13.0,NA,1.0,1.0,1.0,32.0,36.5,0.0,234.75,NA,NA,144.75,742.0,1.0
2026-05-10 20:00:00,59.25,114.5,13.75,34.0,60.5,66.75,6.0,0.67,47.25,2.5,13.0,NA,1.0,1.0,1.0,31.5,39.75,0.0,242.25,NA,NA,131.0,742.0,1.0
2026-05-10 21:00:00,67.75,127.5,12.75,35.0,60.25,69.25,8.67,1.5,51.75,3.0,13.5,NA,1.0,1.0,1.0,30.5,46.25,0.0,254.0,NA,NA,129.25,742.0,1.0
2026-05-10 22:00:00,63.25,149.0,13.75,34.25,59.25,71.25,11.75,0.0,40.0,1.5,9.75,NA,0.25,0.0,0.25,29.5,50.75,0.0,179.67,NA,NA,144.0,742.0,1.0
2026-05-10 23:00:00,56.67,178.0,13.67,32.0,60.0,70.0,7.0,0.0,46.67,1.0,9.0,NA,0.0,0.0,0.0,30.0,48.0,0.0,242.33,NA,NA,136.0,742.0,1.0
2026-05-11 00:00:00,66.5,171.5,18.0,33.75,65.75,42.0,9.0,0.0,44.0,1.0,7.0,NA,0.0,0.0,0.0,29.0,54.25,0.0,238.75,NA,NA,135.0,742.0,1.0
2026-05-11 01:00:00,67.0,162.5,15.25,35.5,61.25,42.25,3.67,0.0,56.5,1.0,7.0,NA,0.0,0.0,0.0,28.0,58.0,0.0,205.25,NA,NA,135.0,742.0,1.0
2026-05-11 02:00:00,70.0,137.25,11.0,33.25,56.75,41.5,3.0,0.0,49.0,1.0,7.0,NA,0.0,0.0,0.0,27.5,60.5,0.0,277.25,NA,NA,135.5,742.0,0.75
2026-05-11 03:00:00,71.0,133.0,10.25,34.25,58.25,42.0,6.67,0.0,57.75,0.5,7.25,NA,0.0,0.0,0.0,27.0,62.5,0.0,214.75,NA,NA,134.75,742.0,0.0
2026-05-11 04:00:00,74.0,131.25,15.0,32.0,61.25,44.25,5.5,0.0,49.0,0.0,7.25,NA,0.0,0.0,0.0,26.75,61.75,0.0,238.25,NA,NA,132.5,742.0,0.0
2026-05-11 05:00:00,69.25,118.5,11.75,33.5,57.0,44.5,4.33,0.0,48.25,0.0,7.5,NA,0.0,0.0,0.0,26.0,64.0,0.0,231.5,NA,NA,133.25,742.0,0.0
2026-05-11 06:00:00,50.0,122.75,15.75,31.75,62.75,46.75,4.0,0.0,49.0,0.5,8.0,NA,0.0,0.0,0.0,26.5,63.75,0.0,249.75,NA,NA,135.25,742.0,0.0
2026-05-11 07:00:00,NA,NA,11.5,34.25,58.75,49.75,11.67,0.0,54.25,2.0,10.0,NA,0.0,0.75,0.0,28.25,58.5,0.0,238.0,NA,NA,133.0,742.0,1.0
2026-05-11 08:00:00,NA,NA,13.5,33.75,60.5,52.5,12.25,0.0,58.5,2.25,10.5,NA,0.25,1.0,0.25,29.5,51.75,0.0,254.75,NA,NA,127.25,742.0,1.0
2026-05-11 09:00:00,88.5,104.25,16.25,31.75,63.25,60.5,11.0,0.0,63.0,3.0,12.0,NA,1.0,1.0,1.0,31.5,45.0,0.0,279.75,NA,NA,126.75,742.0,1.0
2026-05-11 10:00:00,66.75,96.5,13.0,34.25,60.0,57.25,7.5,0.0,59.25,3.0,11.75,NA,1.0,1.0,1.0,32.25,40.75,0.0,244.25,NA,NA,126.0,742.0,1.0
2026-05-11 11:00:00,57.25,103.5,12.5,34.5,62.25,51.25,9.0,0.0,55.25,2.5,12.25,NA,1.0,1.0,1.0,33.5,36.75,0.0,225.75,NA,NA,126.75,742.0,1.0
2026-05-11 12:00:00,69.25,99.25,12.75,34.0,58.25,46.75,8.75,0.0,72.0,2.0,12.0,NA,1.0,1.0,1.0,34.0,34.5,0.0,248.5,NA,NA,126.75,742.0,1.0
2026-05-11 13:00:00,72.75,85.5,11.5,35.0,59.25,49.75,6.0,0.0,61.0,2.0,11.75,NA,1.0,1.0,1.0,35.0,31.5,0.0,171.5,NA,NA,126.0,742.0,1.0
2026-05-11 14:00:00,56.75,84.0,11.75,34.5,59.25,50.0,5.5,0.0,64.75,2.0,11.75,NA,1.0,1.0,1.0,35.0,32.0,0.0,203.25,NA,NA,125.25,742.0,1.0
2026-05-11 15:00:00,62.75,84.0,10.75,33.75,60.0,50.0,9.67,0.0,58.0,2.0,12.0,NA,1.0,1.0,1.0,35.0,30.25,0.5,164.75,NA,NA,124.5,742.0,1.0
2026-05-11 16:00:00,46.75,87.0,15.75,34.75,60.25,57.5,10.5,0.0,63.25,2.0,12.75,NA,1.0,1.0,1.0,34.5,31.75,0.0,192.0,NA,NA,125.25,742.0,1.0
2026-05-11 17:00:00,38.25,91.75,14.75,34.5,60.75,61.25,11.67,0.0,60.0,2.0,12.75,NA,1.0,1.0,1.0,34.0,32.5,0.0,203.75,NA,NA,125.25,742.0,1.0
2026-05-11 18:00:00,34.25,93.75,14.25,35.25,62.5,61.25,12.25,0.0,57.75,2.25,13.0,NA,1.0,1.0,1.0,33.25,34.5,0.0,212.75,NA,NA,127.5,742.0,1.0
2026-05-11 19:00:00,52.0,98.75,16.5,35.75,63.75,62.5,3.67,0.25,56.5,3.0,13.75,NA,1.0,1.0,1.0,32.25,38.25,0.0,215.0,NA,NA,126.5,742.0,1.0
2026-05-11 20:00:00,41.5,96.0,12.75,34.5,58.75,66.5,5.0,0.0,50.25,3.0,12.0,NA,1.0,1.0,1.0,31.75,42.5,0.0,236.75,NA,NA,127.75,742.0,1.0
2026-05-11 21:00:00,35.25,129.5,13.5,35.0,63.75,54.0,14.0,0.25,58.25,3.25,11.0,NA,1.0,1.0,1.0,31.5,43.25,0.0,242.25,NA,NA,127.75,742.0,1.0
2026-05-11 22:00:00,32.25,126.25,12.25,34.5,61.25,53.75,15.25,0.0,64.75,2.25,8.0,NA,0.25,0.25,0.25,31.0,44.25,0.0,239.75,NA,NA,130.5,742.0,1.0
2026-05-11 23:00:00,NA,NA,14.67,33.67,64.33,52.0,13.0,0.0,55.33,2.0,7.0,NA,0.0,0.0,0.0,30.33,45.67,0.0,239.0,NA,NA,129.0,742.0,1.0
2026-05-12 00:00:00,115.0,126.0,13.25,35.25,60.75,40.0,13.5,0.0,55.25,1.0,7.0,NA,0.0,0.0,0.0,30.0,49.5,0.0,249.25,NA,NA,131.0,742.0,1.0
2026-05-12 01:00:00,105.5,122.25,12.75,34.75,59.75,40.5,9.67,0.0,59.0,1.0,6.75,NA,0.0,0.0,0.0,29.0,49.75,0.0,229.0,NA,NA,130.75,742.0,1.0
2026-05-12 02:00:00,71.75,117.25,14.0,34.5,62.0,40.0,10.0,0.0,50.0,1.0,6.5,NA,0.0,0.0,0.0,28.75,48.5,0.0,224.75,NA,NA,130.0,742.0,1.0
2026-05-12 03:00:00,71.75,108.5,12.0,35.5,61.0,40.5,3.67,0.0,60.5,1.75,7.0,NA,0.0,0.0,0.0,28.0,53.5,0.0,198.25,NA,NA,130.5,742.0,1.0
2026-05-12 04:00:00,51.75,104.0,10.75,34.0,60.0,44.75,3.25,0.0,52.5,2.0,7.25,NA,0.0,0.0,0.0,27.5,57.5,0.0,259.75,NA,NA,133.0,742.0,0.5
2026-05-12 05:00:00,52.0,114.5,15.25,33.75,62.0,44.25,9.33,0.0,60.25,2.0,7.5,NA,0.0,0.0,0.0,27.0,60.75,0.0,264.0,NA,NA,134.5,742.0,0.0
2026-05-12 06:00:00,52.0,123.75,14.0,34.75,62.0,45.25,9.25,0.0,62.25,2.25,8.0,NA,0.0,0.25,0.0,27.5,60.75,0.0,284.0,NA,NA,134.0,742.0,0.5
2026-05-12 07:00:00,NA,NA,15.5,36.0,66.0,45.5,12.33,0.0,51.25,3.0,10.75,NA,0.0,0.75,0.0,29.0,57.75,0.0,248.75,NA,NA,140.5,742.0,1.0
2026-05-12 08:00:00,165.0,NA,14.67,33.75,61.75,51.33,12.75,0.0,43.0,2.75,10.75,NA,0.25,1.0,0.25,30.5,53.0,0.0,249.0,NA,NA,134.5,742.0,1.0
2026-05-12 09:00:00,115.25,129.75,12.0,34.5,60.5,60.75,12.33,0.0,33.25,2.0,12.0,NA,1.0,1.0,1.0,31.75,47.75,0.0,188.25,NA,NA,129.25,742.0,1.0
2026-05-12 10:00:00,73.0,135.75,15.75,35.5,63.25,57.25,9.5,0.67,26.5,2.0,12.0,NA,1.0,1.0,1.0,33.25,45.0,0.0,258.5,NA,NA,128.5,742.0,1.0
2026-05-12 11:00:00,51.0,126.5,13.0,35.5,58.25,53.25,8.33,1.0,25.75,2.0,12.0,NA,1.0,1.0,1.0,34.5,41.0,0.0,171.5,NA,NA,126.0,742.0,1.0
2026-05-12 12:00:00,40.5,128.0,12.25,34.75,58.5,47.25,9.0,0.0,29.75,2.0,11.75,NA,1.0,1.0,1.0,35.0,39.25,0.25,145.0,NA,NA,126.25,742.0,1.0
2026-05-12 13:00:00,37.25,123.25,10.25,33.75,57.75,50.0,10.33,0.0,21.25,2.0,12.0,NA,1.0,1.0,1.0,35.0,39.0,1.0,169.75,NA,NA,126.5,742.0,1.0
2026-05-12 14:00:00,NA,NA,15.5,35.0,62.5,50.0,9.75,0.0,21.5,2.0,12.25,NA,1.0,1.0,1.0,35.0,37.0,0.25,190.5,NA,NA,126.0,742.0,1.0
2026-05-12 15:00:00,94.25,120.0,14.0,34.75,62.25,50.0,8.33,0.0,22.75,2.0,12.25,NA,1.0,1.0,1.0,35.5,37.0,0.0,228.25,NA,NA,125.75,742.0,1.0
2026-05-12 16:00:00,73.0,114.25,13.0,34.0,62.5,57.25,9.0,0.0,43.75,2.0,12.0,NA,1.0,1.0,1.0,35.25,37.5,0.0,245.5,NA,NA,126.0,742.0,1.0
2026-05-12 17:00:00,NA,NA,14.33,34.33,62.0,61.33,8.5,0.0,53.0,2.0,12.33,NA,1.0,1.0,1.0,35.0,38.33,0.0,233.33,NA,NA,127.0,742.0,1.0
2026-05-12 18:00:00,107.75,124.25,11.75,34.25,59.25,63.25,9.25,0.0,53.25,2.25,12.25,NA,1.0,1.0,1.0,33.75,43.0,0.0,238.25,NA,NA,128.5,742.0,1.0
2026-05-12 19:00:00,NA,NA,11.25,34.75,60.75,61.5,3.0,0.0,50.0,3.0,14.0,NA,1.0,1.0,1.0,33.0,44.25,0.0,233.25,NA,NA,129.25,742.0,1.0
2026-05-12 20:00:00,NA,NA,11.25,35.0,61.0,66.75,3.5,0.0,54.5,3.25,12.5,NA,1.0,0.75,1.0,32.75,46.5,0.0,228.0,NA,NA,130.75,742.0,1.0
2026-05-12 21:00:00,119.75,148.25,11.25,34.0,60.5,54.75,4.0,0.0,52.0,3.25,10.75,NA,1.0,1.0,1.0,32.0,47.25,0.0,237.0,NA,NA,132.0,742.0,1.0
2026-05-12 22:00:00,74.75,151.0,14.5,32.75,62.75,53.25,4.75,0.0,46.75,2.25,7.75,NA,0.25,0.0,0.25,31.75,48.75,0.0,242.25,NA,NA,137.75,742.0,1.0
2026-05-12 23:00:00,52.33,151.0,15.33,35.0,65.0,51.67,8.0,0.0,28.33,2.0,7.33,NA,0.0,0.0,0.0,31.0,51.33,0.0,245.67,NA,NA,140.0,742.0,1.0
2026-05-13 00:00:00,40.5,147.25,15.5,35.0,62.25,40.0,9.5,0.0,29.0,1.0,7.0,NA,0.0,0.0,0.0,30.0,52.25,0.0,245.25,NA,NA,137.75,742.0,1.0
2026-05-13 01:00:00,70.5,139.5,12.25,36.0,61.5,40.5,7.0,0.0,32.75,1.0,7.0,NA,0.0,0.0,0.0,30.0,53.25,0.0,241.5,NA,NA,136.75,742.0,1.0
2026-05-13 02:00:00,61.5,127.75,12.25,33.5,60.5,40.25,7.25,0.0,29.75,1.0,6.75,NA,0.0,0.0,0.0,29.0,56.0,0.0,244.75,NA,NA,136.0,742.0,1.0
2026-05-13 03:00:00,91.5,122.25,13.25,34.5,60.0,40.0,4.0,0.0,26.5,1.5,7.25,NA,0.0,0.0,0.0,28.5,61.75,0.0,234.25,NA,NA,138.25,742.0,1.0
2026-05-13 04:00:00,113.25,122.0,16.0,34.75,65.25,44.75,3.75,0.0,26.5,2.0,7.5,NA,0.0,0.0,0.0,28.0,66.5,0.0,169.25,NA,NA,143.0,742.0,1.0
2026-05-13 05:00:00,87.25,141.0,14.75,33.0,60.75,44.75,3.0,0.0,26.25,2.0,7.25,NA,0.0,0.0,0.0,28.0,69.5,0.0,286.5,NA,NA,154.0,742.0,1.0
2026-05-13 06:00:00,72.5,137.25,13.5,34.0,62.0,45.25,3.0,0.0,23.25,2.25,8.0,NA,0.0,0.25,0.0,28.25,70.5,0.0,257.75,NA,NA,164.5,742.0,1.0
2026-05-13 07:00:00,54.0,144.75,11.5,36.0,60.75,46.5,8.0,0.75,33.75,3.0,10.5,NA,0.0,0.75,0.0,29.5,66.5,0.0,286.5,NA,NA,143.75,742.0,1.0
2026-05-13 08:00:00,54.0,139.25,12.25,34.75,61.25,51.75,6.25,0.0,48.25,2.75,11.0,NA,0.25,1.0,0.25,31.25,61.25,0.0,277.0,NA,NA,134.25,742.0,1.0
2026-05-13 09:00:00,57.0,143.75,11.0,32.75,59.5,60.25,11.67,0.0,57.0,2.0,12.25,NA,1.0,1.0,1.0,32.75,57.0,0.0,266.75,NA,NA,130.25,742.0,1.0
2026-05-13 10:00:00,44.0,145.0,13.0,33.75,61.75,57.0,10.25,0.0,53.5,2.0,11.75,NA,1.0,1.0,1.0,33.25,55.25,0.0,242.75,NA,NA,132.25,742.0,1.0
2026-05-13 11:00:00,NA,NA,12.0,34.5,61.25,51.5,8.0,NA,22.0,2.0,12.25,NA,1.0,1.0,1.0,34.5,50.25,0.0,233.75,NA,NA,131.5,742.0,1.0
2026-05-13 12:00:00,4.0,5.0,14.75,31.5,62.5,48.0,NA,0.33,23.25,2.0,11.75,NA,1.0,1.0,1.0,35.75,43.0,0.0,216.5,NA,NA,126.0,742.0,1.0
2026-05-13 13:00:00,78.5,112.25,NA,NA,NA,50.25,1.0,0.5,17.5,2.0,12.25,NA,1.0,1.0,1.0,36.25,42.0,0.25,210.75,NA,NA,125.5,742.0,1.0
2026-05-13 14:00:00,53.75,120.5,7.0,35.0,51.0,50.5,1.0,0.0,22.0,2.0,12.25,NA,1.0,1.0,1.0,34.5,45.25,1.25,165.75,NA,NA,126.5,742.0,1.0
2026-05-13 15:00:00,30.25,153.25,9.25,33.0,50.5,50.0,4.67,0.0,NA,2.0,12.0,NA,1.0,1.0,1.0,32.5,32.75,1.5,191.5,NA,NA,127.0,742.0,1.0
2026-05-13 16:00:00,57.25,149.5,9.25,34.75,52.75,51.5,3.25,0.0,NA,2.0,12.25,NA,1.0,1.0,1.0,34.0,19.75,0.25,246.0,NA,NA,125.0,742.0,1.0
2026-05-13 17:00:00,90.0,136.0,7.5,34.75,49.75,NA,8.67,0.0,8.5,2.0,12.0,NA,1.0,1.0,1.0,34.0,20.25,0.0,25.5,NA,NA,124.0,742.0,1.0
2026-05-13 18:00:00,104.0,107.0,8.75,35.25,50.75,NA,13.5,0.0,3.75,2.25,12.25,NA,1.0,1.0,1.0,32.75,24.0,0.0,42.25,NA,NA,125.25,742.0,1.0
2026-05-13 19:00:00,NA,NA,9.0,33.5,50.5,NA,3.33,0.0,2.0,3.0,14.0,NA,1.0,1.0,1.0,31.5,28.25,0.0,182.5,NA,NA,125.75,742.0,1.0
2026-05-13 20:00:00,66.0,124.0,11.5,34.5,53.25,108.25,3.75,0.0,2.5,14.25,23.5,NA,12.0,12.0,12.0,30.75,31.0,0.0,235.67,NA,NA,126.0,742.0,1.0
2026-05-13 21:00:00,46.5,124.0,7.75,33.75,47.25,53.75,2.67,0.0,0.5,23.0,31.0,NA,21.0,21.0,21.0,29.75,35.0,0.0,220.5,NA,NA,124.75,742.0,1.0
2026-05-13 22:00:00,30.25,129.25,11.5,35.25,52.5,52.5,3.5,0.0,0.0,2.0,7.0,NA,0.0,0.0,0.0,29.0,39.25,0.0,129.0,NA,NA,124.5,742.0,1.0
2026-05-13 23:00:00,17.0,147.67,10.0,35.0,49.67,52.0,4.5,1.0,0.0,2.0,7.67,NA,0.0,0.0,0.0,28.67,43.33,0.0,238.0,NA,NA,126.0,742.0,1.0
2026-05-14 00:00:00,15.0,170.0,7.5,34.75,47.75,39.75,7.5,0.0,0.0,1.0,7.0,NA,0.0,0.0,0.0,29.0,44.25,0.0,181.33,NA,NA,126.25,742.0,1.0
2026-05-14 01:00:00,9.0,175.5,12.25,33.75,52.25,39.0,1.33,0.0,0.25,1.0,7.0,NA,0.0,0.0,0.0,28.25,49.25,0.0,259.0,NA,NA,126.25,742.0,1.0
2026-05-14 02:00:00,5.5,167.5,11.75,34.75,53.0,39.25,3.25,0.0,1.0,1.0,6.75,NA,0.0,0.0,0.0,27.75,52.75,0.0,219.75,NA,NA,126.75,742.0,0.75
2026-05-14 03:00:00,7.5,130.75,9.25,33.5,50.5,39.5,2.33,0.0,2.25,1.5,7.0,NA,0.0,0.0,0.0,26.5,59.75,0.0,211.0,NA,NA,127.25,742.0,0.0
2026-05-14 04:00:00,8.0,113.75,16.5,32.75,57.0,44.25,1.75,0.0,3.0,2.0,7.25,NA,0.0,0.0,0.0,25.5,61.0,0.0,169.0,NA,NA,127.75,742.0,0.0
2026-05-14 05:00:00,8.0,90.75,11.75,34.5,49.5,43.25,0.0,0.0,1.75,2.0,7.25,NA,0.0,0.0,0.0,25.0,64.0,0.0,298.25,NA,NA,127.0,742.0,0.0
2026-05-14 06:00:00,10.5,88.0,8.75,35.5,49.25,45.5,NA,0.0,1.0,2.25,7.75,NA,0.0,0.25,0.0,25.5,63.25,0.0,237.75,NA,NA,128.0,742.0,0.0
2026-05-14 07:00:00,6.75,97.5,9.5,35.0,49.25,45.75,0.67,0.0,2.5,3.0,10.5,NA,0.0,0.75,0.0,26.25,62.75,0.0,255.75,NA,NA,128.5,742.0,0.0
2026-05-14 08:00:00,7.75,112.0,8.0,33.75,47.25,51.0,0.75,0.0,4.75,2.75,11.25,NA,0.25,0.75,0.25,27.75,59.0,0.0,202.75,NA,NA,129.25,742.0,0.5
2026-05-14 09:00:00,4.5,125.25,9.75,33.25,50.75,59.5,8.0,0.0,12.0,2.0,11.75,NA,1.0,1.0,1.0,30.0,54.0,0.0,260.25,NA,NA,128.0,742.0,1.0
2026-05-14 10:00:00,37.0,139.0,11.25,30.75,50.25,60.25,4.75,0.67,34.0,2.5,14.0,NA,1.0,1.0,1.0,32.25,46.5,0.0,237.75,NA,NA,129.5,742.0,1.0
2026-05-14 11:00:00,104.5,124.5,8.75,29.75,52.25,62.25,1.0,2.0,75.5,3.25,18.25,NA,1.0,1.0,1.0,33.25,43.0,0.0,211.75,NA,NA,125.75,742.0,1.0
2026-05-14 12:00:00,106.0,129.0,6.75,27.75,49.5,55.75,0.5,0.0,82.75,3.75,18.0,NA,1.0,1.0,1.0,34.0,42.0,0.0,202.75,NA,NA,129.0,742.0,1.0
2026-05-14 13:00:00,75.0,96.75,9.0,28.5,50.75,60.25,8.0,0.0,84.0,3.5,18.25,NA,1.0,1.0,1.0,34.75,41.75,0.25,183.0,NA,NA,130.25,742.0,1.0
2026-05-14 14:00:00,72.0,95.25,9.5,28.75,49.75,60.0,8.0,0.0,81.25,3.0,18.0,NA,1.0,1.0,1.0,35.0,41.25,0.25,197.0,NA,NA,130.5,742.0,1.0
2026-05-14 15:00:00,50.0,106.5,9.5,27.5,49.75,60.5,3.33,0.0,80.25,3.5,18.25,NA,1.0,1.0,1.0,35.0,40.75,0.0,208.5,NA,NA,128.5,742.0,1.0
2026-05-14 16:00:00,44.33,95.0,9.75,29.0,54.0,68.0,3.5,0.0,73.5,3.25,18.25,NA,1.0,1.0,1.0,35.0,40.75,0.0,194.0,NA,NA,129.0,742.0,1.0
2026-05-14 17:00:00,24.0,92.5,10.75,27.75,49.75,75.0,3.0,0.0,70.5,3.25,17.75,NA,1.0,1.0,1.0,34.5,42.25,0.0,195.25,NA,NA,128.5,742.0,1.0
2026-05-14 18:00:00,15.25,104.0,12.75,27.5,53.25,73.75,3.25,0.0,59.5,3.5,19.75,NA,1.0,1.0,1.0,33.5,46.0,0.0,215.0,NA,NA,132.0,742.0,1.0
2026-05-14 19:00:00,8.0,80.25,11.0,29.25,49.0,75.75,6.67,0.0,52.5,4.75,20.5,NA,1.5,1.0,1.0,32.5,50.5,0.0,241.5,NA,NA,132.75,742.0,1.0
2026-05-14 20:00:00,59.75,81.25,11.75,28.0,52.75,81.0,7.25,0.0,47.5,4.75,18.0,NA,1.25,1.0,1.0,32.0,52.25,0.0,212.5,NA,NA,134.25,742.0,1.0
2026-05-14 21:00:00,41.0,99.0,11.0,28.5,50.5,68.0,5.67,0.0,38.25,5.0,17.25,NA,1.0,1.0,1.0,31.75,52.5,0.0,254.25,NA,NA,133.0,742.0,1.0
2026-05-14 22:00:00,29.25,102.0,7.75,28.0,50.25,66.0,11.0,0.0,22.5,3.5,13.25,NA,0.25,0.25,0.25,31.0,56.25,0.0,244.0,NA,NA,149.5,742.0,1.0
2026-05-14 23:00:00,28.67,113.33,10.0,29.0,52.67,64.67,0.0,0.0,22.0,3.0,12.33,NA,0.0,0.0,0.0,30.33,58.0,0.0,236.0,NA,NA,148.0,742.0,1.0
2026-05-15 00:00:00,17.0,115.0,8.25,29.25,51.0,48.5,0.0,0.0,25.25,2.5,11.5,NA,0.0,0.0,0.0,30.0,58.25,0.0,240.5,NA,NA,144.25,742.0,1.0
2026-05-15 01:00:00,10.0,102.25,11.75,26.75,52.75,48.5,9.67,0.0,26.5,2.25,11.5,NA,0.0,0.0,0.0,29.5,62.5,0.0,64.25,NA,NA,140.5,742.0,1.0
2026-05-15 02:00:00,8.25,83.0,8.5,29.75,51.25,48.25,8.5,0.0,28.75,2.0,11.5,NA,0.0,0.0,0.0,28.5,66.25,0.0,203.25,NA,NA,161.25,742.0,1.0
2026-05-15 03:00:00,12.25,83.5,9.25,28.75,50.0,47.5,9.0,0.0,26.5,2.75,12.25,NA,0.0,0.5,0.0,28.0,68.5,0.0,197.5,NA,NA,164.25,742.0,1.0
2026-05-15 04:00:00,13.75,91.75,9.0,27.0,46.25,53.75,8.75,0.0,26.5,3.0,12.25,NA,0.0,0.75,0.0,28.0,70.25,0.0,213.75,NA,NA,184.5,742.0,1.0
2026-05-15 05:00:00,15.75,94.75,13.0,28.25,57.75,53.25,4.33,0.0,23.0,3.0,12.75,NA,0.0,0.5,0.0,27.25,72.0,0.0,187.75,NA,NA,208.0,742.25,0.5
2026-05-15 06:00:00,15.0,101.0,11.75,27.25,51.75,55.75,10.25,0.0,18.5,3.25,13.75,NA,0.0,0.75,0.25,28.0,69.0,0.0,214.0,NA,NA,196.75,742.0,1.0
2026-05-15 07:00:00,18.25,90.0,7.25,29.0,46.25,57.0,0.67,1.0,27.75,4.25,16.5,NA,0.5,1.0,1.0,30.0,62.0,0.0,182.75,NA,NA,147.0,742.0,1.0
2026-05-15 08:00:00,19.75,91.5,9.75,27.5,50.0,62.25,0.0,0.0,44.75,4.0,17.0,NA,1.0,1.0,1.0,30.0,61.75,0.0,271.75,NA,NA,137.25,742.0,1.0
2026-05-15 09:00:00,18.25,91.0,11.0,29.25,53.25,72.75,5.0,0.0,37.25,3.25,18.5,NA,1.0,1.0,1.0,30.0,63.0,0.5,100.25,NA,NA,199.25,742.25,1.0
2026-05-15 10:00:00,39.25,113.25,9.5,27.5,47.5,63.0,5.25,0.0,50.0,3.25,17.25,NA,1.0,1.0,1.0,31.5,58.75,0.0,189.0,NA,NA,158.75,742.0,1.0
2026-05-15 11:00:00,56.0,126.5,8.5,25.75,41.5,50.75,NA,0.0,68.75,3.5,18.25,NA,1.0,1.0,1.0,33.0,48.5,0.25,194.25,NA,NA,149.25,742.0,1.0
2026-05-15 12:00:00,81.0,116.75,9.75,25.5,41.0,47.0,7.5,0.0,79.5,3.25,18.5,NA,1.0,1.0,1.0,34.5,42.5,0.0,235.0,NA,NA,132.0,742.0,1.0
2026-05-15 13:00:00,68.0,87.5,8.25,26.75,41.5,49.0,3.0,0.0,86.5,3.0,18.0,NA,1.0,1.0,1.0,35.25,38.75,0.25,185.0,NA,NA,130.75,742.0,1.0
2026-05-15 14:00:00,70.08,91.5,14.19,27.24,45.18,49.35,5.89,0.28,86.66,3.22,18.38,NA,1.17,1.18,1.15,36.11,35.47,0.18,200.55,NA,NA,127.01,742.06,1.09
2026-05-15 15:00:00,64.4,91.98,12.55,25.06,45.48,49.92,NA,0.75,94.5,3.94,18.55,NA,1.67,1.65,1.57,37.16,32.0,0.49,179.56,NA,NA,127.3,742.29,1.4
2026-05-15 16:00:00,82.98,97.73,8.59,25.0,41.27,57.21,NA,1.42,78.54,3.99,18.86,NA,1.66,1.68,1.59,37.49,29.64,0.44,125.1,NA,NA,128.27,742.28,1.41
2026-05-15 17:00:00,77.7,82.0,10.77,25.64,44.87,62.71,10.69,1.26,76.89,3.87,18.99,NA,1.66,1.72,1.57,36.59,32.67,0.83,158.09,NA,NA,132.7,742.29,1.37
2026-05-15 18:00:00,54.23,112.78,8.39,25.36,41.87,60.4,13.06,0.94,52.1,4.23,19.31,NA,1.71,1.79,1.69,35.22,36.83,0.25,161.48,NA,NA,153.56,742.48,1.32
2026-05-15 19:00:00,58.58,123.05,12.58,26.81,47.49,60.97,0.06,1.61,18.23,4.97,21.05,NA,1.98,1.95,1.99,33.97,40.44,0.16,237.96,NA,NA,152.98,742.47,1.26
2026-05-15 20:00:00,67.93,137.88,12.11,25.42,46.01,65.54,0.07,0.01,31.19,5.26,18.79,NA,1.87,1.57,1.79,33.53,47.12,0.36,189.11,NA,NA,157.58,742.51,1.24
2026-05-15 21:00:00,72.18,131.98,11.63,25.33,44.83,55.39,0.55,0.0,33.48,5.31,17.07,NA,1.76,1.35,1.65,32.84,51.74,0.26,184.86,NA,NA,229.35,743.03,1.21
2026-05-15 22:00:00,62.83,143.15,14.66,24.85,46.49,52.36,4.41,0.1,20.93,4.06,13.27,NA,0.95,1.0,0.83,32.51,53.78,0.25,84.95,NA,NA,327.34,743.67,1.2
2026-05-15 23:00:00,49.67,155.33,12.6,27.36,45.01,52.07,0.01,0.0,17.08,3.74,12.41,NA,0.76,0.97,0.67,32.12,54.92,0.49,29.22,NA,NA,239.35,743.1,1.18
2026-05-16 00:00:00,73.3,157.6,11.51,26.29,44.77,40.2,0.03,0.42,5.85,2.93,12.15,NA,0.62,0.62,0.66,31.69,56.56,0.57,33.27,NA,NA,197.91,742.79,1.16
2026-05-16 01:00:00,56.55,153.38,12.2,25.12,43.27,39.65,8.96,0.07,6.02,2.94,11.84,NA,0.61,0.61,0.7,31.16,56.78,0.39,35.47,NA,NA,198.77,742.77,1.14
2026-05-16 02:00:00,59.6,170.2,11.12,25.76,44.69,39.49,9.61,0.49,6.26,2.91,11.71,NA,0.59,0.59,0.71,30.38,58.87,0.54,29.91,NA,NA,187.45,742.67,1.11
2026-05-16 03:00:00,67.88,147.35,11.85,24.8,44.87,39.6,5.9,0.33,10.0,3.37,12.46,NA,0.75,0.85,0.71,30.19,59.31,0.56,52.88,NA,NA,179.46,742.63,1.1
2026-05-16 04:00:00,43.68,136.23,11.02,24.66,43.57,43.53,4.77,0.55,8.03,3.7,12.94,NA,0.86,0.99,0.8,29.7,61.34,0.43,152.01,NA,NA,186.99,742.69,1.08
2026-05-16 05:00:00,63.18,130.13,7.94,25.11,38.97,44.1,6.44,0.63,2.93,3.64,12.63,NA,0.86,0.96,0.74,28.66,69.15,0.32,199.46,NA,NA,221.59,742.92,1.03
2026-05-16 06:00:00,60.47,138.58,12.63,26.89,45.6,45.63,7.79,0.49,1.96,3.97,13.83,NA,0.89,1.07,0.86,29.43,67.85,0.28,221.17,NA,NA,228.85,742.98,1.06
2026-05-16 07:00:00,85.05,128.53,14.43,25.28,44.34,46.01,1.48,0.62,11.24,4.84,17.28,NA,1.01,1.34,1.07,31.07,61.36,0.44,182.19,NA,NA,176.73,742.6,1.14
2026-05-16 08:00:00,62.05,131.42,16.92,26.52,48.69,51.09,1.0,0.56,44.11,4.64,17.44,NA,1.16,1.44,1.22,33.71,45.36,0.29,159.05,NA,NA,136.33,742.36,1.25
2026-05-16 09:00:00,76.5,125.43,13.76,24.85,41.75,60.08,1.99,1.0,77.56,3.99,18.71,NA,1.65,1.71,1.61,35.68,34.66,0.27,148.73,NA,NA,127.6,742.3,1.33
2026-05-16 10:00:00,58.08,104.9,11.58,25.21,43.04,56.19,0.06,0.21,100.35,3.89,18.79,NA,1.65,1.76,1.63,36.58,30.43,0.71,146.93,NA,NA,125.95,742.25,1.37
2026-05-16 11:00:00,68.3,100.77,10.27,24.86,43.47,51.19,7.65,0.19,93.01,3.89,19.05,NA,1.66,1.69,1.6,37.69,24.86,0.94,162.63,NA,NA,128.29,742.29,1.42
2026-05-16 12:00:00,67.88,101.13,12.7,25.18,44.62,46.8,13.17,0.05,92.1,3.92,18.73,NA,1.65,1.69,1.58,38.39,22.46,1.09,159.18,NA,NA,135.19,742.35,1.45
2026-05-16 13:00:00,70.65,102.68,17.88,24.35,47.16,49.13,4.98,0.14,89.28,3.86,18.84,NA,1.65,1.67,1.59,39.03,19.69,1.17,159.68,NA,NA,128.5,742.29,1.48
2026-05-16 14:00:00,65.33,85.75,11.67,26.66,44.96,49.0,3.26,0.51,88.38,3.88,18.3,NA,1.67,1.63,1.58,39.55,19.79,1.02,155.4,NA,NA,128.23,742.28,1.5
2026-05-16 15:00:00,49.63,81.7,11.06,25.0,42.32,49.35,1.56,0.5,95.09,3.87,18.6,NA,1.65,1.68,1.6,39.37,18.86,1.23,158.83,NA,NA,127.21,742.25,1.49
2026-05-16 16:00:00,51.03,85.35,12.28,26.86,45.72,55.92,0.89,0.32,91.27,3.92,18.54,NA,1.65,1.72,1.54,39.18,18.55,0.98,156.65,NA,NA,126.96,742.31,1.48
2026-05-16 17:00:00,73.63,85.05,14.37,27.58,48.45,60.3,11.41,0.38,90.32,3.85,18.71,NA,1.67,1.66,1.6,38.38,21.66,1.2,153.73,NA,NA,126.54,742.3,1.45
2026-05-16 18:00:00,63.6,102.5,16.59,26.69,47.77,60.19,11.17,0.68,67.72,4.2,18.99,NA,1.73,1.75,1.69,37.24,23.36,0.58,154.16,NA,NA,127.89,742.29,1.4
2026-05-16 19:00:00,35.45,117.08,12.92,25.38,42.52,61.1,2.81,1.1,41.14,5.11,21.09,NA,1.96,1.95,1.98,35.88,27.08,0.26,157.75,NA,NA,127.71,742.3,1.34
2026-05-16 20:00:00,34.83,121.93,10.45,25.87,40.21,65.9,5.39,0.58,24.72,5.04,18.89,NA,1.86,1.57,1.79,34.9,30.04,0.22,94.2,NA,NA,127.99,742.26,1.3
2026-05-16 21:00:00,21.33,149.85,12.97,26.26,45.32,55.03,9.99,0.76,19.78,5.3,17.44,NA,1.77,1.3,1.67,34.02,33.18,0.08,144.06,NA,NA,127.63,742.26,1.26
2026-05-16 22:00:00,46.35,155.95,10.83,25.93,45.11,53.89,12.82,0.14,20.47,4.05,13.38,NA,0.94,1.04,0.85,33.55,31.65,0.1,110.23,NA,NA,131.05,742.34,1.25
2026-05-16 23:00:00,31.57,160.73,12.52,25.78,44.7,53.7,9.94,0.0,20.65,3.78,12.47,NA,0.77,0.98,0.66,32.88,32.06,0.1,179.8,NA,NA,131.54,742.34,1.21
2026-05-17 00:00:00,33.03,163.18,14.44,26.33,48.41,39.47,10.24,0.25,9.76,2.88,12.13,NA,0.57,0.6,0.7,32.26,34.16,0.04,160.22,NA,NA,126.51,742.27,1.19
2026-05-17 01:00:00,32.75,133.95,9.45,26.19,43.55,39.83,0.67,0.2,4.8,2.91,12.04,NA,0.62,0.62,0.68,31.69,35.44,0.09,157.31,NA,NA,126.58,742.3,1.16
2026-05-17 02:00:00,43.0,121.88,10.05,26.33,42.0,39.56,0.5,0.38,3.16,2.87,11.91,NA,0.57,0.61,0.66,30.9,38.17,NA,NA,NA,NA,126.51,742.27,1.13
2026-05-17 03:00:00,66.9,119.58,10.88,26.51,42.44,39.23,0.31,0.19,6.14,3.39,12.58,NA,0.75,0.86,0.71,31.12,36.84,0.3,49.14,NA,NA,125.66,742.27,1.14
2026-05-17 04:00:00,87.78,111.43,15.56,24.34,43.27,43.79,0.9,0.55,2.6,3.64,12.7,NA,0.86,1.01,0.75,30.69,41.56,0.3,47.17,NA,NA,126.83,742.27,1.12
2026-05-17 05:00:00,83.93,111.8,14.62,26.38,42.99,44.67,2.47,0.49,3.87,3.66,12.72,NA,0.86,1.04,0.76,29.98,43.4,0.19,42.06,NA,NA,127.36,742.28,1.08
2026-05-17 06:00:00,90.0,337.5,14.68,26.55,42.67,45.02,3.09,0.5,5.45,3.91,13.66,NA,0.9,1.06,0.84,31.11,41.8,0.51,51.34,NA,NA,127.58,742.28,1.14
2026-05-17 07:00:00,91.2,210.0,16.36,25.9,46.81,46.45,0.59,0.6,13.84,4.82,16.9,NA,1.01,1.33,1.1,33.38,36.94,0.32,58.23,NA,NA,127.0,742.24,1.23
2026-05-17 08:00:00,77.98,202.13,16.61,25.34,43.34,50.93,0.31,0.36,42.7,4.72,17.28,NA,1.16,1.41,1.24,35.29,31.62,0.55,54.26,NA,NA,126.58,742.27,1.32
2026-05-17 09:00:00,82.65,166.25,15.34,24.96,45.46,59.07,3.47,0.29,59.88,3.93,19.51,NA,1.66,1.7,1.59,37.36,25.99,0.42,85.55,NA,NA,126.88,742.28,1.41
2026-05-17 10:00:00,62.48,147.53,10.8,24.75,38.85,56.12,1.58,0.65,61.25,4.04,18.38,NA,1.65,1.73,1.61,38.96,22.23,0.33,87.96,NA,NA,126.82,742.29,1.48
2026-05-17 11:00:00,62.4,110.7,11.47,27.8,43.36,50.09,11.79,1.1,91.12,3.96,18.56,NA,1.66,1.72,1.57,40.07,19.72,0.38,107.53,NA,NA,126.39,742.26,1.53
2026-05-17 12:00:00,66.35,143.65,14.79,25.67,44.8,46.45,12.12,0.26,89.66,3.99,18.69,NA,1.65,1.68,1.55,40.74,17.93,0.59,100.1,NA,NA,127.36,742.3,1.55
2026-05-17 13:00:00,82.2,111.2,12.5,26.18,44.46,49.56,5.39,0.04,81.49,3.93,18.65,NA,1.66,1.73,1.57,41.27,14.16,0.88,156.77,NA,NA,127.5,742.29,-0.92
2026-05-17 14:00:00,67.58,168.75,15.14,24.61,44.7,49.36,3.41,0.55,85.48,4.05,18.66,NA,1.65,1.65,1.59,NA,NA,0.66,141.11,NA,NA,126.23,742.27,-2.57
2026-05-17 15:00:00,44.53,153.08,10.23,27.23,44.21,49.75,6.16,0.54,80.98,3.94,18.57,NA,1.65,1.76,1.59,NA,NA,0.43,98.11,NA,NA,126.64,742.24,-2.57
2026-05-17 16:00:00,23.53,144.23,13.33,25.54,46.14,55.68,6.48,0.54,84.85,3.86,19.39,NA,1.66,1.72,1.58,40.49,NA,0.42,89.74,NA,NA,126.65,742.29,-2.31
2026-05-17 17:00:00,11.8,169.37,11.17,25.79,42.72,61.9,3.97,0.56,82.36,4.0,18.51,NA,1.66,1.71,1.59,39.28,NA,0.19,125.39,NA,NA,127.56,742.3,-2.29
2026-05-17 18:00:00,5.88,224.58,15.64,25.98,47.35,60.65,5.89,0.67,65.13,4.28,19.31,NA,1.75,1.78,1.69,38.19,19.83,0.18,107.51,NA,NA,126.26,742.27,0.5
2026-05-17 19:00:00,124.4,249.18,11.62,25.72,41.19,62.23,12.79,1.03,54.77,5.0,20.67,NA,2.01,1.95,1.99,37.16,23.95,0.17,99.26,NA,NA,127.14,742.29,1.4
2026-05-17 20:00:00,110.38,187.7,13.03,25.37,43.87,66.15,13.62,0.55,31.13,5.1,18.62,NA,1.87,1.61,1.81,36.36,27.15,0.19,57.31,NA,NA,128.27,742.33,1.36
2026-05-17 21:00:00,83.05,225.67,12.79,25.87,44.17,55.75,10.7,0.6,19.51,5.21,17.35,NA,1.76,1.32,1.66,35.64,29.73,0.15,50.47,NA,NA,128.87,742.31,1.33
2026-05-17 22:00:00,58.13,221.18,15.71,25.64,46.88,52.44,11.84,0.53,18.49,4.04,13.57,NA,0.95,0.97,0.85,34.91,32.25,0.16,51.25,NA,NA,129.19,742.3,1.3
2026-05-17 23:00:00,51.73,185.33,13.46,26.78,44.54,53.1,4.46,1.7,9.74,3.71,13.14,NA,0.76,0.91,0.66,34.34,34.35,NA,NA,NA,NA,136.07,742.36,1.27
2026-05-18 00:00:00,60.65,218.95,12.59,27.2,42.76,40.04,13.11,0.0,17.52,2.92,12.02,NA,0.61,0.64,0.68,34.32,34.31,0.43,37.0,NA,NA,150.71,742.46,1.28
2026-05-18 01:00:00,190.9,208.0,13.25,26.52,46.55,39.16,0.34,0.0,25.1,2.96,11.99,NA,0.57,0.63,0.73,33.08,35.75,0.36,47.54,NA,NA,131.68,742.34,1.22
2026-05-18 02:00:00,NA,NA,18.9,24.52,48.87,39.97,0.69,0.48,27.55,2.98,11.94,NA,0.54,0.58,0.69,33.18,31.31,0.48,53.08,NA,NA,131.45,742.26,0.92
2026-05-18 03:00:00,140.8,171.7,13.46,26.52,44.02,40.19,8.92,0.48,15.22,3.39,12.58,NA,0.76,0.82,0.72,32.72,16.94,0.45,53.21,NA,NA,130.37,742.34,-0.74
2026-05-18 04:00:00,91.85,166.38,9.48,26.05,42.46,43.74,8.49,0.7,7.5,3.62,12.83,NA,0.86,1.0,0.72,32.35,12.48,0.55,52.69,NA,NA,128.06,742.25,-1.42
2026-05-18 05:00:00,79.3,179.33,7.98,27.32,43.05,44.0,6.13,0.65,10.42,3.65,12.69,NA,0.86,0.99,0.77,32.0,36.54,0.65,49.06,NA,NA,127.76,742.27,-1.47
2026-05-18 06:00:00,71.53,264.85,9.38,26.54,44.67,45.56,7.6,0.43,12.88,3.93,13.76,NA,0.89,1.08,0.83,24.63,36.3,0.56,53.69,NA,NA,128.26,742.28,-0.36
2026-05-18 07:00:00,50.45,254.73,8.44,25.78,42.6,47.44,8.52,0.66,37.21,4.86,17.08,NA,0.99,1.32,1.06,33.85,NA,0.66,55.04,NA,NA,126.52,742.24,-2.55
2026-05-18 08:00:00,67.9,248.23,10.23,25.49,44.83,51.22,5.66,0.07,59.85,4.68,17.57,NA,1.15,1.39,1.25,NA,NA,0.3,79.54,NA,NA,128.6,742.25,-2.57
2026-05-18 09:00:00,55.9,237.4,9.08,26.09,43.91,60.15,0.43,0.0,82.02,4.01,19.02,NA,1.65,1.71,1.56,38.52,NA,0.62,139.06,NA,NA,127.51,742.29,-2.54
2026-05-18 10:00:00,54.08,220.93,10.99,25.97,44.48,55.09,0.09,0.29,98.06,4.05,18.49,NA,1.68,1.65,1.6,40.11,NA,1.07,172.1,NA,NA,125.6,742.27,-2.52
2026-05-18 11:00:00,108.3,184.85,10.97,25.38,44.99,51.15,4.33,0.6,101.02,3.98,18.72,NA,1.66,1.68,1.58,40.0,35.78,1.01,163.89,NA,NA,134.81,743.08,-2.51
2026-05-18 12:00:00,71.38,183.78,8.93,26.07,42.2,47.58,3.84,0.09,103.31,3.93,18.49,NA,1.67,1.68,1.57,40.01,39.6,0.73,176.71,NA,NA,125.28,742.28,-2.26
2026-05-18 13:00:00,134.85,193.35,11.45,13.49,23.13,49.23,15.66,0.0,126.45,3.91,19.02,NA,1.63,1.69,1.57,40.26,42.39,1.12,200.18,NA,NA,126.17,742.27,-2.1
2026-05-18 14:00:00,94.25,192.48,2.03,0.66,1.55,49.67,1.48,1.46,104.52,3.99,18.66,NA,1.67,1.69,1.62,40.16,37.98,0.87,187.05,NA,NA,125.71,742.32,-2.36
2026-05-18 15:00:00,97.3,152.6,0.83,1.2,1.06,54.96,0.85,NA,82.76,2.92,15.7,NA,1.64,1.72,1.55,NA,NA,0.56,213.14,NA,NA,NA,742.25,0.09
2026-05-18 16:00:00,120.9,139.1,8.09,8.86,14.23,63.08,2.14,0.06,51.38,3.12,15.75,NA,1.66,1.69,1.56,NA,NA,0.46,118.09,NA,NA,NA,742.32,2.57
2026-05-18 17:00:00,70.97,127.4,15.25,12.05,18.51,68.66,3.96,0.29,60.44,3.01,16.15,NA,1.66,1.73,1.57,35.52,32.1,0.31,113.86,NA,NA,392.27,742.35,2.57
2026-05-18 18:00:00,94.1,133.6,18.09,11.68,20.53,69.21,6.8,0.44,42.13,3.1,16.05,NA,1.72,1.75,1.71,35.12,32.1,0.13,90.65,NA,NA,526.78,742.33,2.57
2026-05-18 19:00:00,NA,NA,15.68,12.12,18.97,68.48,3.29,0.47,24.53,3.98,17.63,NA,1.98,1.95,1.99,35.12,32.11,0.16,51.9,NA,NA,536.14,742.42,2.57
2026-05-18 20:00:00,NA,NA,17.4,11.9,19.94,73.63,1.51,0.21,25.13,4.23,15.92,NA,1.85,1.56,1.8,35.12,32.11,0.12,101.13,NA,NA,535.26,742.43,2.57
2026-05-18 21:00:00,131.0,210.8,15.27,12.51,19.05,60.41,7.9,0.24,12.1,4.21,14.1,NA,1.76,1.34,1.65,35.12,32.11,0.16,176.63,NA,NA,534.4,742.42,2.57
2026-05-18 22:00:00,70.65,189.43,15.48,11.91,18.42,55.62,9.61,0.67,3.6,3.05,10.47,NA,0.96,1.0,0.84,35.12,32.12,0.12,41.94,NA,NA,538.81,742.43,2.57
2026-05-18 23:00:00,55.13,194.6,17.29,11.54,19.67,57.22,8.64,0.23,5.96,2.8,9.29,NA,0.75,0.92,0.66,35.12,32.13,0.16,46.1,NA,NA,542.22,742.47,2.57
2026-05-19 00:00:00,106.68,194.63,16.05,12.15,19.12,44.25,9.68,0.17,0.66,1.92,8.92,NA,0.54,0.59,0.7,35.12,32.13,0.1,239.57,NA,NA,547.59,742.52,2.57
2026-05-19 01:00:00,131.98,160.83,17.12,11.62,19.57,44.39,8.44,0.0,1.16,1.91,8.8,NA,0.61,0.62,0.69,35.12,32.13,0.13,232.83,NA,NA,547.27,742.49,2.57
2026-05-19 02:00:00,NA,NA,16.55,12.32,19.9,43.96,12.34,0.37,5.19,1.96,9.02,NA,0.56,0.58,0.7,35.12,32.13,0.1,257.22,NA,NA,561.35,742.59,2.57
2026-05-19 03:00:00,NA,NA,16.11,11.94,18.96,44.17,9.41,0.07,16.77,2.35,9.66,NA,0.75,0.81,0.74,35.12,32.13,0.16,310.61,NA,NA,555.46,742.58,2.57
2026-05-19 04:00:00,NA,NA,15.7,12.14,18.85,48.64,9.08,0.46,23.29,2.69,9.79,NA,0.86,1.02,0.77,35.12,32.13,0.19,250.27,NA,NA,556.31,742.54,2.57
2026-05-19 05:00:00,NA,NA,17.38,11.7,19.89,49.19,4.07,0.32,26.91,2.65,9.98,NA,0.86,0.99,0.75,35.12,32.13,0.29,234.78,NA,NA,558.35,742.57,2.57
2026-05-19 06:00:00,NA,NA,14.69,12.01,18.01,50.62,4.29,0.5,28.25,2.87,10.6,NA,0.9,1.11,0.83,35.11,32.13,0.59,240.41,NA,NA,566.61,742.66,2.57
2026-05-19 07:00:00,127.25,169.23,16.47,11.85,19.18,51.43,9.61,0.27,26.31,3.76,13.66,NA,0.99,1.36,1.07,35.11,32.13,0.28,289.56,NA,NA,570.07,742.64,2.57
2026-05-19 08:00:00,149.08,189.83,17.72,12.2,20.6,56.29,5.82,0.49,27.68,3.71,14.42,NA,1.16,1.41,1.22,35.11,32.13,0.48,255.25,NA,NA,540.65,742.46,2.57
2026-05-19 09:00:00,132.35,199.8,15.44,11.95,18.54,66.26,4.53,0.31,21.36,2.94,15.25,NA,1.65,1.69,1.58,35.12,32.13,0.26,293.98,NA,NA,545.14,742.49,2.57
2026-05-19 10:00:00,96.1,230.25,16.67,11.2,18.83,62.85,2.82,0.59,28.68,2.89,15.83,NA,1.63,1.67,1.59,35.12,32.13,0.67,231.69,NA,NA,531.78,742.37,2.57
2026-05-19 11:00:00,83.68,222.23,14.67,12.25,18.29,56.5,NA,0.68,30.72,2.89,15.71,NA,1.64,1.69,1.62,35.12,32.13,0.49,128.4,NA,NA,531.7,742.43,2.57
2026-05-19 12:00:00,44.35,202.03,17.16,11.43,19.52,52.35,NA,0.32,50.45,2.95,15.32,NA,1.65,1.7,1.61,35.12,32.13,0.57,245.62,NA,NA,546.24,742.49,2.57
2026-05-19 13:00:00,NA,NA,14.99,12.11,18.38,54.85,0.56,0.39,73.12,2.87,15.5,NA,1.64,1.68,1.56,35.12,32.13,0.58,229.33,NA,NA,535.09,742.41,2.57
2026-05-19 14:00:00,NA,NA,17.08,12.14,20.03,54.83,0.78,0.46,78.65,2.99,15.68,NA,1.66,1.62,1.62,35.12,32.13,0.67,216.55,NA,NA,542.66,742.48,2.57
2026-05-19 15:00:00,194.9,209.8,15.22,12.2,18.68,55.24,0.43,0.6,88.91,3.01,16.13,NA,1.64,1.7,1.6,35.12,32.13,0.7,189.15,NA,NA,541.22,742.45,2.57
2026-05-19 16:00:00,124.63,197.63,15.12,12.2,18.56,62.12,0.35,0.62,83.91,2.99,16.04,NA,1.64,1.7,1.61,35.12,32.13,0.79,201.97,NA,NA,547.72,742.48,2.57
2026-05-19 17:00:00,75.55,249.85,20.26,14.47,25.01,56.48,0.66,0.23,54.24,4.09,18.46,NA,2.27,2.27,1.98,35.12,32.13,0.63,226.93,NA,NA,574.58,742.67,2.57
2026-05-19 18:00:00,65.13,194.25,22.16,13.56,25.47,54.01,1.11,0.13,40.79,4.5,19.16,NA,2.42,2.39,2.1,35.12,32.13,0.35,237.54,NA,NA,578.68,742.74,2.57
2026-05-19 19:00:00,77.3,191.83,23.71,14.2,27.36,53.64,3.55,0.23,25.92,5.2,20.95,NA,2.72,2.55,2.39,35.12,32.13,0.11,244.04,NA,NA,567.07,742.66,2.57
2026-05-19 20:00:00,78.6,197.73,22.16,13.58,25.47,59.59,4.24,0.48,19.25,5.41,18.86,NA,2.56,2.17,2.19,35.12,32.13,0.17,222.8,NA,NA,575.31,742.69,2.57
2026-05-19 21:00:00,62.03,206.9,21.91,14.4,26.07,49.26,12.84,0.43,19.09,5.48,17.43,NA,2.46,1.91,2.06,35.12,32.13,0.1,150.2,NA,NA,554.14,742.52,2.57
2026-05-19 22:00:00,43.9,211.05,24.74,13.35,27.27,43.18,13.7,0.06,25.25,4.28,13.79,NA,1.66,1.62,1.24,35.12,32.13,0.09,267.66,NA,NA,561.76,742.59,2.57
2026-05-19 23:00:00,46.97,190.07,19.03,13.38,22.43,44.3,5.14,0.0,31.38,4.11,12.93,NA,1.47,1.55,1.05,35.11,32.13,0.11,314.68,NA,NA,550.05,742.52,2.57
2026-05-20 00:00:00,42.6,173.85,18.74,13.96,22.38,31.38,5.16,0.29,28.62,3.18,11.94,NA,1.29,1.22,1.09,35.11,32.13,0.12,305.37,NA,NA,547.61,742.51,2.57
2026-05-20 01:00:00,57.97,152.08,21.59,13.38,25.0,31.09,1.07,0.14,21.87,3.23,11.91,NA,1.29,1.18,1.09,35.11,32.13,0.08,261.11,NA,NA,546.85,742.49,2.57
2026-05-20 02:00:00,54.93,160.83,19.7,13.71,23.38,31.12,1.03,0.27,21.5,3.24,11.92,NA,1.3,1.21,1.11,35.11,32.13,0.21,155.96,NA,NA,544.69,742.51,2.57
2026-05-20 03:00:00,49.63,164.95,22.13,14.09,25.83,31.0,10.34,0.16,17.65,3.62,12.58,NA,1.45,1.45,1.14,35.11,32.13,0.12,197.68,NA,NA,547.41,742.5,2.57
2026-05-20 04:00:00,44.55,155.18,19.4,14.09,23.64,36.01,10.6,0.26,21.46,3.95,12.77,NA,1.56,1.57,1.17,35.11,32.13,0.14,187.29,NA,NA,547.0,742.5,2.57
2026-05-20 05:00:00,52.15,158.05,23.36,13.68,26.4,35.83,4.85,0.2,20.61,3.9,12.79,NA,1.56,1.64,1.19,35.11,32.13,0.3,213.51,NA,NA,549.5,742.53,2.57
2026-05-20 06:00:00,46.35,163.7,21.2,14.43,25.34,37.89,5.59,0.27,15.29,4.23,13.81,NA,1.59,1.65,1.25,35.11,32.13,0.34,231.26,NA,NA,547.1,742.49,2.57
2026-05-20 07:00:00,49.35,147.85,18.82,14.62,22.64,37.96,4.06,0.68,21.72,5.22,16.81,NA,1.71,1.92,1.46,35.11,32.13,0.46,242.84,NA,NA,530.81,742.36,2.58
2026-05-20 08:00:00,54.35,181.58,23.29,13.75,26.26,43.53,6.02,0.0,35.68,4.98,17.55,NA,1.87,2.04,1.63,35.12,32.13,0.44,178.03,NA,NA,538.7,742.44,3.07
2026-05-20 09:00:00,75.08,186.73,20.57,14.53,24.54,51.9,7.35,0.03,45.39,4.39,18.71,NA,2.35,2.33,1.97,35.13,32.14,0.38,44.86,NA,NA,534.26,742.41,2.77
2026-05-20 10:00:00,84.03,152.88,21.9,14.06,25.7,48.85,5.52,0.1,73.52,4.2,18.54,NA,2.37,2.3,1.98,35.12,32.13,0.37,137.22,NA,NA,525.93,742.35,2.62
2026-05-20 11:00:00,57.3,142.85,23.32,14.21,26.87,45.35,0.22,0.18,85.81,4.24,18.29,NA,2.36,2.26,2.0,35.12,32.12,0.68,117.78,NA,NA,520.84,742.31,2.57
2026-05-20 12:00:00,38.68,141.25,22.88,13.5,25.98,39.38,0.18,0.03,84.02,4.12,18.53,NA,2.36,2.27,1.94,35.13,32.11,0.57,136.61,NA,NA,525.9,742.35,2.57
2026-05-20 13:00:00,65.3,133.38,20.84,13.76,24.56,41.51,6.71,0.08,88.35,4.28,18.54,NA,2.38,2.26,1.99,35.13,32.29,0.59,119.12,NA,NA,520.17,742.31,2.58
2026-05-20 14:00:00,83.28,132.63,20.65,13.98,24.56,41.62,6.83,0.15,90.16,4.26,19.1,NA,2.35,2.33,2.0,35.18,33.14,0.62,145.03,NA,NA,520.98,742.33,2.65
2026-05-20 15:00:00,75.7,136.4,23.33,13.79,26.82,41.71,1.46,0.04,98.12,4.28,18.81,NA,2.36,2.29,1.97,35.14,32.12,1.08,161.06,NA,NA,519.35,742.32,2.57
2026-05-20 16:00:00,66.83,141.07,19.23,14.86,24.22,48.14,1.8,0.51,86.06,4.28,18.48,NA,2.36,2.34,2.01,35.12,32.1,0.54,134.96,NA,NA,517.78,742.3,2.57
2026-05-20 17:00:00,51.95,131.95,19.38,14.25,23.63,55.6,1.78,0.6,80.08,4.21,19.12,NA,2.34,2.3,1.97,35.12,32.11,0.64,152.97,NA,NA,518.28,742.29,2.57
2026-05-20 18:00:00,38.45,146.28,22.01,14.34,25.99,53.88,4.0,0.01,65.22,4.65,19.0,NA,2.44,2.4,2.08,35.12,32.11,0.23,64.38,NA,NA,521.94,742.34,2.57
2026-05-20 19:00:00,36.85,178.25,19.13,14.21,23.67,56.66,9.68,0.01,52.08,5.38,21.02,NA,2.67,2.55,2.33,35.12,32.11,0.14,97.32,NA,NA,523.39,742.33,2.57
2026-05-20 20:00:00,39.55,221.38,20.47,13.52,23.86,60.78,9.96,0.4,45.69,5.41,18.67,NA,2.57,2.16,2.2,35.12,32.12,0.18,148.91,NA,NA,521.21,742.3,2.57
2026-05-20 21:00:00,38.73,197.15,22.93,13.5,26.1,48.73,4.62,0.44,42.06,5.37,17.31,NA,2.46,1.91,2.04,35.13,32.13,0.09,161.64,NA,NA,522.02,742.34,2.57
2026-05-20 22:00:00,51.3,171.85,19.34,13.53,23.1,46.62,6.93,0.02,29.3,4.37,13.32,NA,1.66,1.59,1.25,35.17,32.18,0.11,139.88,NA,NA,538.3,742.43,2.57
2026-05-20 23:00:00,61.8,210.93,21.26,14.01,25.2,46.35,0.99,0.0,11.68,4.07,12.75,NA,1.48,1.54,1.05,35.19,32.19,NA,NA,NA,NA,535.58,742.47,2.57
2026-05-21 00:00:00,55.7,194.63,22.12,13.78,25.69,31.34,1.78,0.34,6.19,3.23,12.09,NA,1.27,1.2,1.09,35.89,32.93,NA,NA,NA,NA,529.51,742.39,2.6
2026-05-21 01:00:00,59.15,108.75,21.07,14.63,25.0,31.33,9.14,0.06,5.68,3.25,11.95,NA,1.27,1.19,1.08,36.58,33.64,0.09,43.92,NA,NA,525.77,742.32,2.63
2026-05-21 02:00:00,72.28,130.05,22.62,13.67,26.03,31.26,10.0,0.34,11.24,3.21,11.61,NA,1.29,1.21,1.09,35.17,32.17,0.22,184.21,NA,NA,523.5,742.33,2.57
2026-05-21 03:00:00,86.25,136.48,18.96,14.79,24.01,31.1,1.41,0.31,8.55,3.67,12.55,NA,1.45,1.46,1.1,35.15,32.16,0.26,158.32,NA,NA,522.81,742.34,5.6
2026-05-21 04:00:00,87.95,137.35,23.84,14.17,27.44,35.64,0.8,0.45,4.8,3.93,12.43,NA,1.56,1.62,1.13,NA,NA,0.25,211.53,NA,NA,523.75,742.36,6.31
2026-05-21 05:00:00,93.75,141.0,22.01,14.09,25.18,36.0,0.31,0.23,1.41,3.9,13.22,NA,1.56,1.6,1.18,45.79,57.59,0.31,173.2,NA,NA,540.24,742.48,5.97
2026-05-21 06:00:00,93.6,195.43,22.19,13.48,25.16,37.54,0.92,0.49,1.14,4.28,13.63,NA,1.59,1.64,1.25,36.53,33.58,0.51,106.95,NA,NA,546.1,742.48,2.79
2026-05-21 07:00:00,99.1,176.58,20.57,14.04,24.24,37.69,2.96,1.27,9.83,5.18,17.22,NA,1.71,1.94,1.48,35.25,32.29,0.33,24.67,NA,NA,526.46,742.39,2.59
2026-05-21 08:00:00,73.5,155.1,22.97,14.32,26.87,44.48,0.48,0.6,60.1,4.91,17.55,NA,1.84,1.99,1.64,35.18,32.19,0.39,100.39,NA,NA,520.0,742.34,2.59
2026-05-21 09:00:00,67.63,161.65,20.45,14.44,24.68,52.74,4.82,0.16,71.7,4.3,18.69,NA,2.38,2.25,1.98,35.14,37.48,0.28,110.82,NA,NA,523.0,742.33,2.98
2026-05-21 10:00:00,69.63,142.1,20.37,16.11,27.48,53.54,3.22,0.25,67.16,4.25,18.87,NA,2.36,2.26,1.96,35.18,32.25,0.47,132.77,NA,NA,519.36,742.29,2.57
2026-05-21 11:00:00,66.25,139.7,19.89,17.08,28.92,47.17,1.98,0.51,77.53,4.21,18.37,NA,2.37,2.29,1.98,35.17,32.16,0.76,150.72,NA,NA,517.51,742.27,2.57
2026-05-21 12:00:00,56.9,126.5,20.21,17.09,29.21,44.23,2.37,0.08,84.2,4.33,18.6,NA,2.34,2.29,1.98,39.81,32.27,1.18,156.11,NA,NA,525.79,742.36,2.57
2026-05-21 13:00:00,71.7,108.85,27.2,25.83,29.1,45.86,4.33,0.01,51.33,4.3,18.66,NA,2.35,2.31,1.97,43.63,32.1,0.84,104.38,NA,NA,519.85,742.3,2.57
2026-05-21 14:00:00,72.0,116.55,29.13,29.83,28.07,46.9,3.93,0.46,28.54,4.29,19.01,NA,2.34,2.29,1.99,43.63,32.1,0.75,64.04,NA,NA,517.7,742.31,2.57
2026-05-21 15:00:00,NA,NA,28.46,30.37,28.06,45.95,13.15,0.34,38.21,4.28,18.28,NA,2.37,2.27,1.96,43.63,32.1,0.32,74.44,NA,NA,518.68,742.3,2.57
2026-05-21 16:00:00,NA,7.9,28.57,30.05,27.83,53.54,13.84,0.13,36.03,4.3,18.42,NA,2.36,2.28,1.98,43.63,32.1,0.65,63.47,NA,NA,524.33,742.34,2.57
2026-05-21 17:00:00,NA,NA,30.58,30.59,30.01,59.94,4.34,0.22,35.28,4.23,18.71,NA,2.34,2.31,2.01,34.36,32.1,0.34,111.41,NA,NA,517.56,742.29,2.57
2026-05-21 18:00:00,83.18,124.85,26.87,29.87,26.31,59.64,4.5,0.21,20.01,4.62,19.02,NA,2.42,2.35,2.07,28.98,32.1,0.27,158.81,NA,NA,516.73,742.28,2.57
2026-05-21 19:00:00,129.53,171.2,28.5,30.08,27.83,58.71,9.73,0.31,12.75,5.38,21.02,NA,2.72,2.55,2.41,28.98,32.11,0.26,163.95,NA,NA,517.15,742.31,2.57
2026-05-21 20:00:00,116.93,213.23,30.98,29.95,29.72,64.42,12.23,0.36,6.01,5.49,19.07,NA,2.53,2.21,2.19,28.98,32.11,0.08,109.06,NA,NA,518.82,742.31,2.57
2026-05-21 21:00:00,142.7,230.08,29.9,29.79,28.66,53.24,15.02,0.33,14.45,5.46,17.32,NA,2.46,1.87,2.05,28.98,32.11,0.08,41.0,NA,NA,518.3,742.29,2.57
2026-05-21 22:00:00,NA,289.4,28.91,29.94,28.1,47.68,15.74,0.26,19.63,4.33,13.59,NA,1.65,1.58,1.24,28.98,32.12,0.07,73.96,NA,NA,520.3,742.35,2.57
2026-05-21 23:00:00,NA,310.8,29.83,29.3,28.18,49.96,4.94,0.08,9.28,4.12,13.05,NA,1.47,1.5,1.07,28.98,32.13,NA,NA,NA,NA,527.82,742.32,2.57
2026-05-22 00:00:00,NA,269.98,31.81,29.92,30.36,35.3,7.55,0.17,10.59,3.25,11.97,NA,1.31,1.19,1.08,28.98,32.13,0.2,115.69,NA,NA,524.16,742.34,2.57
2026-05-22 01:00:00,NA,272.7,30.85,29.61,29.26,35.3,5.3,0.06,3.21,3.23,11.92,NA,1.3,1.21,1.1,28.98,32.13,0.16,96.08,NA,NA,523.9,742.33,2.57
2026-05-22 02:00:00,NA,270.78,32.01,29.93,30.54,35.03,6.93,0.61,3.24,3.32,12.06,NA,1.27,1.18,1.06,28.98,32.13,0.28,184.63,NA,NA,522.49,742.34,2.57
2026-05-22 03:00:00,NA,262.53,27.88,30.08,27.3,35.1,1.53,0.18,1.73,3.73,12.67,NA,1.45,1.43,1.12,28.98,32.13,0.31,237.8,NA,NA,523.93,742.32,2.57
2026-05-22 04:00:00,NA,240.5,29.27,30.05,28.42,39.58,2.52,0.41,1.56,3.95,12.77,NA,1.56,1.59,1.15,28.96,32.13,0.21,244.94,NA,NA,531.36,742.39,2.57
2026-05-22 05:00:00,NA,221.9,30.78,29.89,29.48,40.44,1.63,0.41,2.27,3.96,12.84,NA,1.56,1.63,1.17,28.95,32.13,0.22,286.04,NA,NA,538.3,742.4,2.57
2026-05-22 06:00:00,NA,177.0,28.46,30.16,27.86,41.41,0.36,0.27,2.74,4.25,13.84,NA,1.59,1.64,1.23,28.95,32.13,0.53,250.12,NA,NA,540.12,742.44,2.57
2026-05-22 07:00:00,NA,157.5,29.5,29.57,28.11,40.99,4.17,0.72,11.31,5.09,16.71,NA,1.69,1.93,1.51,28.95,32.13,0.38,262.33,NA,NA,525.51,742.36,2.57
2026-05-22 08:00:00,NA,133.83,28.42,29.38,27.04,47.54,4.34,0.08,26.14,5.01,17.21,NA,1.87,1.94,1.6,28.96,32.13,0.46,280.08,NA,NA,525.67,742.37,2.57
2026-05-22 09:00:00,NA,139.35,27.74,30.07,27.17,57.45,12.72,0.16,42.22,4.16,18.53,NA,2.35,2.27,1.98,28.98,32.13,0.51,122.45,NA,NA,523.87,742.29,2.57
2026-05-22 10:00:00,43.1,130.5,31.75,29.7,30.1,53.91,14.96,0.1,40.36,4.25,18.61,NA,2.35,2.34,1.94,28.98,32.13,0.29,252.27,NA,NA,531.32,742.34,2.57
2026-05-22 11:00:00,48.18,126.25,30.32,29.49,28.71,57.24,0.06,0.35,61.66,4.18,19.01,NA,2.37,2.27,2.0,28.98,32.12,0.49,109.89,NA,NA,516.55,742.28,2.57
2026-05-22 12:00:00,46.88,101.38,28.7,30.13,28.02,53.37,0.29,0.32,85.54,4.23,19.11,NA,2.35,2.31,1.98,28.98,32.11,0.64,111.78,NA,NA,516.17,742.3,2.57
2026-05-22 13:00:00,37.5,121.4,30.98,30.13,29.88,55.67,5.71,0.18,79.9,4.22,19.31,NA,2.34,2.33,1.96,28.98,32.1,1.09,162.56,NA,NA,518.21,742.32,2.57
2026-05-22 14:00:00,51.43,131.33,30.82,30.06,29.69,54.81,4.66,0.2,81.72,4.3,18.48,NA,2.36,2.32,1.96,28.98,32.1,0.96,156.64,NA,NA,515.59,742.25,2.57
2026-05-22 15:00:00,54.08,137.13,32.0,29.58,30.17,54.99,6.74,0.0,50.22,4.29,18.53,NA,2.36,2.38,1.98,28.98,32.1,0.59,136.79,NA,NA,516.65,742.28,2.57
2026-05-22 16:00:00,43.95,158.2,30.02,30.11,29.08,62.7,2.13,0.11,48.72,4.31,18.59,NA,2.33,2.3,1.99,28.98,32.1,0.36,116.54,NA,NA,514.43,742.26,2.57
2026-05-22 17:00:00,32.0,157.75,31.6,30.31,30.58,68.71,12.32,0.0,29.81,4.24,18.55,NA,2.34,2.26,2.0,28.98,32.11,0.26,68.15,NA,NA,513.51,742.25,2.57
2026-05-22 18:00:00,42.1,170.48,28.11,28.75,26.36,67.49,22.33,0.7,11.56,4.45,18.52,NA,2.43,2.33,2.08,8.96,32.12,0.11,157.84,NA,NA,514.14,742.3,2.61
2026-05-22 19:00:00,38.8,181.73,32.02,30.13,30.94,68.9,0.02,7.94,10.97,5.31,21.04,NA,2.67,2.55,2.38,13.48,32.13,0.07,90.57,NA,NA,512.08,742.28,2.57
2026-05-22 20:00:00,47.05,191.83,26.78,29.67,25.96,72.72,2.45,0.16,8.65,5.37,19.4,NA,2.57,2.2,2.21,44.98,32.13,0.06,95.31,NA,NA,512.02,742.25,2.57
2026-05-22 21:00:00,51.18,220.58,30.08,30.38,29.49,61.16,2.68,0.04,15.1,5.63,17.15,NA,2.47,1.96,2.07,44.98,32.13,0.07,98.68,NA,NA,516.98,742.31,2.57
2026-05-22 22:00:00,54.03,231.03,29.63,30.35,28.99,58.63,4.56,0.26,7.21,4.39,13.58,NA,1.66,1.61,1.25,44.98,32.13,0.14,99.3,NA,NA,520.44,742.32,2.57
2026-05-22 23:00:00,56.0,253.8,27.24,29.51,26.42,57.45,NA,0.0,3.87,4.13,13.05,NA,1.47,1.54,1.06,44.98,32.13,0.33,235.36,NA,NA,516.95,742.27,2.57
2026-05-23 00:00:00,73.23,220.35,30.39,29.66,28.94,44.23,0.06,0.24,1.84,3.26,11.8,NA,1.29,1.21,1.09,44.98,32.13,0.09,114.71,NA,NA,511.81,742.26,2.57
2026-05-23 01:00:00,63.58,206.88,26.68,30.03,26.4,44.08,0.06,0.11,0.59,3.18,12.07,NA,1.3,1.2,1.11,44.98,32.13,0.08,161.07,NA,NA,514.86,742.3,2.57
2026-05-23 02:00:00,45.22,195.9,28.51,29.78,27.62,43.89,NA,0.08,0.78,3.23,12.06,NA,1.29,1.15,1.11,44.98,32.13,0.25,86.99,NA,NA,516.28,742.31,2.57
2026-05-23 03:00:00,45.45,189.03,29.13,31.16,29.26,44.34,2.98,0.0,5.3,3.75,12.43,NA,1.45,1.43,1.12,44.98,32.13,0.24,76.97,NA,NA,523.1,742.37,2.57
2026-05-23 04:00:00,33.6,181.25,33.0,30.76,32.17,48.47,2.25,0.53,5.28,3.93,13.07,NA,1.56,1.59,1.2,44.98,32.13,0.43,38.92,NA,NA,524.71,742.36,2.57
2026-05-23 05:00:00,28.2,171.63,26.88,30.49,26.93,49.34,6.62,0.59,11.04,3.91,12.77,NA,1.56,1.6,1.18,44.98,32.13,0.54,66.97,NA,NA,520.55,742.31,2.57
2026-05-23 06:00:00,49.68,177.98,30.84,30.04,29.78,50.52,6.72,0.66,12.02,4.24,13.58,NA,1.6,1.63,1.24,44.98,32.13,0.15,82.09,NA,NA,521.64,742.35,2.57
2026-05-23 07:00:00,59.2,193.8,28.65,30.1,28.03,51.41,7.0,0.86,42.79,5.14,16.52,NA,1.7,1.92,1.47,44.98,32.13,0.44,160.29,NA,NA,517.0,742.29,2.57
2026-05-23 08:00:00,48.6,214.8,29.17,30.11,28.38,56.95,7.65,0.46,71.74,4.88,17.39,NA,1.86,1.98,1.56,44.98,32.13,0.28,139.61,NA,NA,517.34,742.32,2.57
2026-05-23 09:00:00,44.57,216.78,29.1,29.66,27.96,67.06,7.04,0.69,97.91,4.12,18.53,NA,2.36,2.28,1.99,44.98,32.13,1.29,158.58,NA,NA,515.03,742.32,2.57
2026-05-23 10:00:00,22.33,209.1,29.28,29.88,28.34,62.72,5.22,0.28,97.84,4.18,18.9,NA,2.36,2.38,2.0,44.98,32.13,0.92,160.92,NA,NA,517.39,742.29,2.57
2026-05-23 11:00:00,47.38,153.95,29.83,30.32,29.22,55.97,2.41,0.11,81.1,4.19,19.55,NA,2.36,2.26,2.0,44.98,32.13,0.69,145.75,NA,NA,519.74,742.36,2.57
2026-05-23 12:00:00,67.9,123.13,29.62,30.02,28.78,52.66,1.26,0.31,78.23,4.16,18.98,NA,2.36,2.3,2.01,44.98,32.13,0.55,128.41,NA,NA,529.03,742.4,2.57
2026-05-23 13:00:00,62.48,130.6,30.53,30.44,29.85,55.02,0.03,0.64,82.1,4.3,18.47,NA,2.35,2.25,1.95,44.98,32.13,1.57,157.92,NA,NA,518.11,742.31,2.57
2026-05-23 14:00:00,59.53,141.05,27.05,30.18,26.79,55.54,0.02,0.1,88.98,4.32,18.09,NA,2.38,2.26,1.98,44.98,32.13,1.48,156.2,NA,NA,525.41,742.35,2.57
2026-05-23 15:00:00,64.68,151.1,26.53,30.18,26.41,54.91,0.87,0.15,77.42,4.28,19.09,NA,2.38,2.34,1.98,44.98,32.13,0.98,138.14,NA,NA,520.29,742.28,2.57
2026-05-23 16:00:00,79.43,159.83,26.42,30.59,26.66,62.19,0.86,0.03,74.25,4.33,18.68,NA,2.35,2.34,1.97,44.98,32.13,0.61,148.71,NA,NA,523.98,742.33,2.57
2026-05-23 17:00:00,77.55,170.58,28.74,30.34,28.31,68.1,7.85,0.6,68.15,4.24,18.35,NA,2.34,2.3,1.95,44.98,32.13,0.33,136.55,NA,NA,525.66,742.39,2.57
2026-05-23 18:00:00,78.4,174.28,29.83,30.77,29.58,68.03,10.22,0.29,58.23,4.5,18.88,NA,2.43,2.36,2.05,44.98,32.13,0.26,130.05,NA,NA,527.34,742.36,2.57
2026-05-23 19:00:00,72.0,194.45,27.62,30.74,27.71,70.12,2.54,0.44,22.83,5.35,20.36,NA,2.67,2.55,2.42,44.98,32.13,0.24,120.92,NA,NA,524.0,742.37,2.57
2026-05-23 20:00:00,67.28,192.9,26.94,29.83,26.51,72.73,4.86,0.38,10.77,5.57,18.73,NA,2.56,2.2,2.22,44.98,32.13,0.21,63.47,NA,NA,522.87,742.33,2.57
2026-05-23 21:00:00,79.55,198.58,30.85,29.05,28.89,60.55,13.0,0.35,8.61,5.44,17.15,NA,2.47,1.96,2.06,44.98,32.13,0.25,55.1,NA,NA,526.64,742.4,2.57
2026-05-23 22:00:00,91.9,204.75,31.94,30.77,31.49,58.26,14.37,0.43,17.71,4.28,13.52,NA,1.66,1.64,1.24,44.98,32.13,0.15,129.03,NA,NA,528.71,742.38,2.57
2026-05-23 23:00:00,80.2,205.9,35.63,30.25,34.65,59.25,2.88,0.0,29.14,4.06,12.79,NA,1.48,1.49,1.06,44.98,32.13,0.3,164.72,NA,NA,529.26,742.38,2.57
2026-05-24 00:00:00,64.45,184.25,36.53,29.75,34.68,44.09,2.77,0.47,19.38,3.29,11.92,NA,1.29,1.21,1.07,44.98,32.13,0.25,128.59,NA,NA,529.79,742.39,2.57
2026-05-24 01:00:00,60.6,161.58,32.77,30.88,32.04,44.14,0.06,0.24,19.44,3.27,12.05,NA,1.23,1.22,1.07,44.98,32.13,0.27,173.6,NA,NA,528.17,742.43,2.57
2026-05-24 02:00:00,71.18,154.03,31.91,29.94,30.74,44.36,0.04,0.53,14.47,3.23,11.82,NA,1.3,1.18,1.11,44.98,32.13,0.16,148.5,NA,NA,528.29,742.36,2.57
2026-05-24 03:00:00,70.73,151.25,28.37,29.49,27.27,44.2,0.15,0.42,11.12,3.67,12.34,NA,1.45,1.46,1.11,44.98,32.13,0.36,50.91,NA,NA,527.14,742.36,2.57
2026-05-24 04:00:00,68.75,159.25,30.01,29.42,28.39,48.87,0.08,0.59,6.2,3.96,12.64,NA,1.56,1.62,1.18,44.98,32.13,0.36,52.83,NA,NA,528.39,742.43,2.57
2026-05-24 05:00:00,78.65,160.3,30.3,30.77,30.06,49.49,4.4,0.6,3.3,3.96,12.92,NA,1.56,1.54,1.17,44.98,32.13,0.34,49.88,NA,NA,526.23,742.34,2.57
2026-05-24 06:00:00,92.23,165.2,28.22,29.1,26.93,50.78,5.1,0.37,4.36,4.27,14.15,NA,1.58,1.63,1.26,44.98,32.13,0.5,49.43,NA,NA,526.18,742.36,2.57
2026-05-24 07:00:00,92.98,170.43,34.7,30.43,33.45,50.8,9.08,0.42,7.75,5.2,16.78,NA,1.7,1.96,1.55,44.98,32.13,0.46,56.47,NA,NA,524.41,742.35,2.57
2026-05-24 08:00:00,80.25,173.23,29.02,30.55,29.43,57.04,9.24,0.63,15.95,4.91,18.02,NA,1.87,2.03,1.57,44.98,32.13,0.58,57.96,NA,NA,526.81,742.37,2.57
2026-05-24 09:00:00,81.1,162.43,27.95,29.33,27.09,66.0,1.25,0.57,32.89,4.15,18.5,NA,2.36,2.28,1.98,44.98,32.13,0.25,86.01,NA,NA,530.25,742.42,2.57
2026-05-24 10:00:00,65.4,160.35,28.41,29.82,27.49,63.22,0.34,1.68,70.71,4.31,18.73,NA,2.36,2.3,1.97,44.98,32.13,0.53,123.23,NA,NA,520.32,742.29,2.57
2026-05-24 11:00:00,64.68,126.23,30.78,29.31,28.9,57.0,4.03,2.31,102.18,4.12,18.62,NA,2.36,2.27,1.97,44.98,32.13,0.64,115.23,NA,NA,514.03,742.25,2.57
2026-05-24 12:00:00,75.8,103.83,32.59,29.5,30.58,51.38,3.68,0.28,92.81,4.13,18.88,NA,2.33,2.33,1.98,44.98,32.13,0.56,103.16,NA,NA,514.23,742.27,2.57
2026-05-24 13:00:00,84.1,108.57,29.78,30.19,29.0,54.48,2.72,0.22,87.91,4.23,18.48,NA,2.37,2.25,2.01,44.98,32.13,0.43,120.76,NA,NA,518.89,742.33,2.57
2026-05-24 14:00:00,96.58,128.3,28.05,30.57,27.93,54.57,2.81,0.45,90.19,4.36,19.1,NA,2.35,2.29,1.97,44.98,32.13,0.59,98.94,NA,NA,515.07,742.3,2.57
2026-05-24 15:00:00,94.8,130.7,30.03,29.63,28.71,54.91,9.0,0.45,93.64,4.2,18.39,NA,2.37,2.33,2.0,44.98,32.13,0.45,88.07,NA,NA,514.56,742.28,2.57
2026-05-24 16:00:00,66.93,134.63,30.71,29.85,29.39,63.02,9.52,0.07,97.82,4.27,19.33,NA,2.36,2.35,1.98,44.98,32.13,0.36,82.98,NA,NA,514.71,742.28,2.57
2026-05-24 17:00:00,55.1,125.9,26.64,30.18,26.67,68.48,5.13,0.0,85.8,4.2,18.01,NA,2.35,2.26,1.98,44.98,32.13,0.28,68.4,NA,NA,513.62,742.3,2.57
2026-05-24 18:00:00,73.35,124.73,30.86,29.68,29.96,69.19,8.76,0.31,58.74,4.52,19.55,NA,2.44,2.35,2.06,44.98,32.13,0.46,51.81,NA,NA,515.4,742.29,2.57
2026-05-24 19:00:00,61.4,148.5,31.92,30.21,31.21,67.95,0.27,0.41,38.95,5.41,20.64,NA,2.7,2.55,2.4,44.98,32.13,0.32,54.03,NA,NA,517.26,742.29,2.57
2026-05-24 20:00:00,74.23,149.05,29.56,29.71,28.59,74.14,0.29,0.78,23.71,5.43,18.51,NA,2.57,2.18,2.19,44.98,32.13,0.26,45.3,NA,NA,519.67,742.34,2.57
2026-05-24 21:00:00,70.02,144.65,31.8,30.21,30.75,61.55,9.7,0.46,26.15,5.61,17.6,NA,2.46,1.86,2.07,44.98,32.13,0.12,47.54,NA,NA,517.56,742.32,2.57
2026-05-24 22:00:00,75.03,148.93,28.06,30.15,27.59,58.99,11.25,0.51,23.46,4.29,13.92,NA,1.64,1.62,1.25,44.98,32.13,0.03,94.9,NA,NA,514.28,742.23,2.57
2026-05-24 23:00:00,86.7,144.1,28.17,30.88,28.58,59.74,11.98,0.83,10.66,4.02,13.09,NA,1.46,1.56,1.06,44.98,32.13,0.15,46.6,NA,NA,516.97,742.27,2.57
2026-05-25 00:00:00,85.5,123.23,29.06,29.42,27.74,44.24,13.02,0.24,33.34,3.24,11.93,NA,1.27,1.21,1.11,44.98,32.13,0.23,60.45,NA,NA,516.44,742.29,2.57
2026-05-25 01:00:00,73.45,125.05,28.4,30.73,28.37,43.88,6.15,0.04,29.39,3.22,12.17,NA,1.28,1.21,1.11,44.98,32.13,0.23,132.49,NA,NA,516.42,742.28,2.57
2026-05-25 02:00:00,78.13,120.9,30.15,29.65,28.78,44.38,7.09,0.37,28.79,3.23,12.07,NA,1.3,1.2,1.09,44.98,32.13,0.07,56.61,NA,NA,515.66,742.28,2.57
2026-05-25 03:00:00,84.8,120.5,29.21,29.56,28.01,44.44,0.07,0.02,23.86,3.64,12.29,NA,1.46,1.45,1.18,44.98,32.13,0.16,72.65,NA,NA,514.19,742.27,2.57
2026-05-25 04:00:00,82.55,117.73,29.1,30.28,28.67,49.21,0.17,0.47,8.06,3.94,12.86,NA,1.56,1.57,1.18,44.98,32.13,0.14,73.04,NA,NA,511.91,742.25,2.57
2026-05-25 05:00:00,61.75,104.35,27.7,30.0,27.4,48.84,3.75,0.52,2.23,3.96,12.7,NA,1.55,1.59,1.17,44.98,32.13,0.3,40.7,NA,NA,512.62,742.24,2.57
2026-05-25 06:00:00,56.68,99.0,30.19,29.44,28.88,50.69,4.46,0.5,2.43,4.24,13.84,NA,1.58,1.67,1.26,44.98,32.13,0.5,243.87,NA,NA,514.19,742.26,2.57
2026-05-25 07:00:00,63.35,125.95,28.34,29.39,27.27,50.03,7.66,0.71,14.72,5.22,17.07,NA,1.7,1.92,1.47,44.98,32.13,0.27,252.41,NA,NA,516.19,742.31,2.57
2026-05-25 08:00:00,72.68,125.23,26.78,30.59,27.04,57.25,9.23,0.19,45.78,4.97,17.47,NA,1.84,2.04,1.62,44.98,32.13,0.26,124.45,NA,NA,515.65,742.29,2.57
2026-05-25 09:00:00,58.18,139.55,28.26,30.13,27.87,65.94,3.86,0.22,52.98,4.24,18.53,NA,2.37,2.26,2.03,44.98,32.13,0.45,103.27,NA,NA,517.5,742.3,2.57
2026-05-25 10:00:00,50.45,146.55,30.05,30.91,29.71,63.76,2.35,0.07,70.12,4.15,18.36,NA,2.34,2.32,1.99,44.98,32.13,0.83,142.12,NA,NA,521.82,742.37,2.57
2026-05-25 11:00:00,64.1,147.4,35.35,33.27,31.73,62.95,0.06,0.12,60.7,3.01,15.52,NA,1.65,1.71,1.61,46.15,32.13,0.64,131.81,NA,NA,517.83,742.37,2.57
2026-05-25 12:00:00,NA,NA,32.77,33.12,29.61,60.11,0.08,NA,50.3,2.94,15.48,NA,1.66,1.68,1.58,46.5,32.13,0.59,108.75,NA,NA,521.5,742.37,2.57
2026-05-25 13:00:00,35.0,NA,37.52,33.92,34.39,62.36,NA,0.37,46.18,2.95,15.85,NA,1.65,1.69,1.59,46.5,32.13,0.57,63.56,NA,NA,520.03,742.33,2.57
2026-05-25 14:00:00,56.03,218.2,NA,NA,NA,62.65,5.88,0.0,63.77,2.94,15.37,NA,1.66,1.71,1.56,46.5,32.13,0.48,66.44,NA,NA,523.89,742.35,2.57
2026-05-25 15:00:00,63.93,265.43,24.67,34.58,19.63,62.55,0.15,0.0,77.54,2.96,15.78,NA,1.67,1.67,1.6,46.5,32.13,0.53,99.1,NA,NA,515.57,742.27,2.57
2026-05-25 16:00:00,59.85,251.2,27.43,34.64,21.76,61.16,0.11,0.49,NA,2.91,15.86,NA,1.65,1.7,1.58,46.5,32.13,0.27,87.95,NA,NA,514.18,742.3,2.57
2026-05-25 17:00:00,52.88,248.73,29.62,33.45,22.59,NA,11.8,0.72,59.36,2.84,15.36,NA,1.65,1.6,1.61,46.5,32.13,0.21,108.72,NA,NA,512.37,742.26,2.57
2026-05-25 18:00:00,53.2,255.25,30.57,32.52,22.97,68.1,9.68,0.03,44.68,NA,NA,NA,NA,NA,NA,46.5,32.13,0.16,112.25,NA,NA,514.99,742.29,2.57
2026-05-25 19:00:00,56.45,276.15,23.92,34.9,18.8,68.32,5.41,0.0,13.99,4.23,18.4,NA,1.94,1.95,1.99,46.5,32.13,0.21,55.64,NA,NA,515.8,742.27,2.57
2026-05-25 20:00:00,54.45,282.25,25.65,33.0,19.23,73.15,6.58,1.11,7.73,4.27,15.66,NA,1.87,1.57,1.8,46.5,32.13,0.06,52.2,NA,NA,514.3,742.27,2.57
2026-05-25 21:00:00,52.25,265.13,26.07,28.65,17.53,63.36,2.44,1.48,16.17,4.25,14.01,NA,1.76,1.33,1.67,46.5,32.13,0.36,46.88,NA,NA,515.59,742.29,2.57
2026-05-25 22:00:00,55.45,266.6,31.06,32.56,23.12,58.64,3.11,0.46,25.09,3.15,10.53,NA,0.96,1.0,0.85,46.5,32.13,0.32,95.82,NA,NA,518.1,742.29,2.57
2026-05-25 23:00:00,53.97,259.13,23.94,33.06,17.52,57.08,2.18,0.44,31.39,2.7,9.54,NA,0.74,0.98,0.66,46.5,32.13,1.93,164.55,NA,NA,520.84,742.31,2.57
2026-05-26 00:00:00,50.6,412.0,27.92,33.52,20.89,44.67,1.0,0.37,47.35,2.07,9.15,NA,0.6,0.61,0.71,46.5,32.13,1.33,181.45,NA,NA,519.09,742.34,2.57
2026-05-26 01:00:00,47.78,451.73,29.07,32.74,21.83,44.04,6.09,0.33,48.39,1.92,8.98,NA,0.59,0.6,0.72,46.5,32.13,0.86,188.78,NA,NA,517.65,742.29,2.57
2026-05-26 02:00:00,44.25,149.43,27.65,34.18,20.99,44.02,4.68,0.41,57.82,1.91,9.2,NA,0.6,0.61,0.71,46.5,32.13,0.61,171.3,NA,NA,514.29,742.28,2.57
2026-05-26 03:00:00,43.55,60.05,25.3,32.81,18.58,44.24,4.62,0.39,52.32,2.4,9.31,NA,0.76,0.84,0.71,46.5,32.12,1.1,162.48,NA,NA,514.16,742.28,2.57
2026-05-26 04:00:00,45.9,54.3,28.19,33.01,20.96,48.49,3.82,0.43,43.37,2.61,9.8,NA,0.86,1.03,0.77,46.5,32.12,1.27,77.48,NA,NA,512.33,742.25,2.57
2026-05-26 05:00:00,50.6,73.68,26.17,31.67,18.87,49.12,2.05,0.4,34.82,2.64,10.02,NA,0.86,0.96,0.74,46.5,32.13,1.39,26.75,NA,NA,513.09,742.27,2.57
2026-05-26 06:00:00,57.7,84.65,23.55,34.1,17.74,49.93,2.4,0.49,35.35,2.95,10.76,NA,0.89,1.06,0.83,46.5,32.13,1.61,30.85,NA,NA,515.05,742.28,2.57
2026-05-26 07:00:00,62.15,115.8,23.4,31.95,16.56,49.82,6.42,0.26,40.05,3.87,13.94,NA,1.0,1.29,1.11,46.5,32.13,0.88,25.28,NA,NA,517.69,742.32,2.57
2026-05-26 08:00:00,58.15,118.95,23.48,33.63,17.67,55.67,6.84,0.3,50.18,3.64,14.25,NA,1.14,1.46,1.23,46.5,32.13,1.46,28.81,NA,NA,520.95,742.36,2.57
2026-05-26 09:00:00,57.5,105.55,26.62,33.96,20.27,66.41,5.14,0.32,58.13,2.91,15.77,NA,1.67,1.72,1.57,46.5,32.13,1.59,25.11,NA,NA,520.46,742.32,2.57
2026-05-26 10:00:00,53.95,125.58,26.43,33.59,19.9,62.16,5.08,0.41,76.41,2.96,15.57,NA,1.67,1.71,1.59,46.5,32.13,1.67,30.93,NA,NA,522.25,742.34,2.57
2026-05-26 11:00:00,53.1,151.18,24.64,32.42,17.83,57.73,8.34,0.34,76.55,3.0,15.71,NA,1.63,1.71,1.58,46.5,32.13,1.46,43.08,NA,NA,521.33,742.31,2.57
2026-05-26 12:00:00,54.0,160.15,26.9,31.9,19.59,52.06,8.73,0.79,95.56,2.97,15.57,NA,1.65,1.72,1.57,46.5,32.13,0.76,75.81,NA,NA,514.59,742.28,2.57
2026-05-26 13:00:00,59.13,165.38,27.13,33.17,20.25,54.75,7.27,0.85,106.98,3.06,15.62,NA,1.66,1.67,1.61,46.5,32.13,0.8,161.47,NA,NA,513.83,742.26,2.57
2026-05-26 14:00:00,63.2,127.33,26.2,33.4,19.81,55.17,6.97,0.17,113.17,2.91,15.61,NA,1.48,1.54,1.43,46.73,28.55,1.48,160.24,NA,NA,512.68,742.19,2.43
2026-05-26 15:00:00,61.85,118.25,27.15,33.37,20.37,54.49,0.31,0.3,119.63,2.81,15.57,NA,1.66,1.75,1.6,47.21,25.54,2.2,156.65,NA,NA,515.6,742.31,2.57
2026-05-26 16:00:00,58.47,115.8,25.53,34.55,19.54,63.25,0.02,0.32,120.86,2.9,15.5,NA,1.65,1.68,1.59,47.21,25.54,1.94,157.96,NA,NA,517.52,742.33,2.57
2026-05-26 17:00:00,51.18,113.13,25.33,33.81,19.3,67.66,5.07,0.17,95.61,2.86,15.35,NA,1.68,1.64,1.56,47.21,25.54,1.49,155.28,NA,NA,512.88,742.28,2.57
2026-05-26 18:00:00,52.65,114.13,24.96,33.23,18.58,67.96,5.78,0.98,57.24,3.24,15.52,NA,1.73,1.74,1.64,47.21,25.54,0.46,138.24,NA,NA,512.35,742.27,2.57
2026-05-26 19:00:00,55.33,147.28,26.57,33.84,20.15,67.37,8.74,1.77,17.27,3.94,17.78,NA,1.94,1.95,1.96,47.21,25.54,0.06,184.59,NA,NA,512.01,742.24,2.57
2026-05-26 20:00:00,57.85,161.63,24.63,31.98,17.8,73.62,9.1,0.71,20.06,4.13,15.68,NA,1.85,1.61,1.8,47.21,25.54,0.05,96.96,NA,NA,512.96,742.27,2.57
2026-05-26 21:00:00,56.3,141.75,25.48,33.27,19.19,62.04,6.48,1.5,4.92,4.5,14.38,NA,1.77,1.31,1.65,47.2,25.53,0.15,25.16,NA,NA,514.53,742.28,2.57
2026-05-26 22:00:00,48.78,145.2,25.79,34.39,19.59,57.96,7.52,0.0,8.09,3.06,10.9,NA,0.95,1.0,0.84,47.21,25.54,0.16,247.86,NA,NA,514.99,742.3,2.57
2026-05-26 23:00:00,51.13,147.5,26.76,33.36,20.58,58.06,4.68,0.0,15.42,2.8,9.5,NA,0.77,1.0,0.66,47.21,25.54,0.18,209.36,NA,NA,512.32,742.25,2.57
2026-05-27 00:00:00,62.43,128.88,25.68,34.93,19.99,44.18,5.94,0.5,5.75,1.93,8.99,NA,0.6,0.6,0.64,47.21,25.54,0.05,254.15,NA,NA,512.5,742.26,2.57
2026-05-27 01:00:00,58.13,132.43,25.17,33.83,19.17,43.8,0.72,0.06,10.75,1.98,8.82,NA,0.61,0.61,0.67,47.21,25.54,0.14,202.88,NA,NA,517.52,742.3,2.57
2026-05-27 02:00:00,49.3,143.73,23.85,31.53,16.98,43.66,0.94,0.21,17.74,2.0,9.0,NA,0.58,0.59,0.67,47.21,25.54,0.29,147.03,NA,NA,542.02,742.48,2.57
2026-05-27 03:00:00,43.48,119.65,30.71,31.42,22.13,44.12,0.59,0.01,18.05,2.4,9.32,NA,0.75,0.89,0.73,47.21,25.54,0.38,98.65,NA,NA,553.18,742.56,2.57
2026-05-27 04:00:00,48.35,107.73,29.47,33.31,22.12,48.58,0.29,0.36,13.84,2.62,9.65,NA,0.86,1.02,0.78,47.21,25.54,0.17,210.54,NA,NA,556.83,742.57,2.57
2026-05-27 05:00:00,54.35,108.33,25.56,32.98,18.98,49.26,0.01,0.25,12.02,2.69,9.66,NA,0.86,0.98,0.78,47.21,25.54,0.21,191.98,NA,NA,560.4,742.61,2.57
2026-05-27 06:00:00,57.33,100.98,32.2,31.33,23.54,50.64,NA,0.47,15.06,2.92,10.96,NA,0.88,1.08,0.83,47.21,25.54,0.22,242.5,NA,NA,560.38,742.61,2.57
2026-05-27 07:00:00,59.53,103.38,29.62,32.63,22.19,51.04,4.27,0.84,24.82,3.82,14.0,NA,0.99,1.27,1.12,47.21,25.54,0.21,269.84,NA,NA,540.32,742.47,2.57
2026-05-27 08:00:00,58.73,96.35,24.64,33.21,18.17,55.51,4.23,0.41,48.78,3.62,14.44,NA,1.16,1.39,1.2,47.21,25.54,0.46,237.07,NA,NA,536.26,742.43,2.57
2026-05-27 09:00:00,60.47,84.08,26.38,33.01,19.81,65.35,0.65,0.58,61.61,2.92,15.7,NA,1.66,1.77,1.6,47.21,25.54,0.44,243.06,NA,NA,531.01,742.44,2.57
2026-05-27 10:00:00,54.68,81.8,28.22,35.45,22.41,62.36,0.53,0.47,76.27,2.97,15.69,NA,1.65,1.67,1.58,47.21,25.54,0.42,251.35,NA,NA,534.23,742.42,2.57
2026-05-27 11:00:00,56.93,94.03,23.57,32.6,17.12,56.33,1.4,0.54,83.66,2.98,16.1,NA,1.65,1.71,1.6,47.21,25.53,0.46,241.83,NA,NA,529.92,742.38,2.57
2026-05-27 12:00:00,66.35,97.8,27.17,31.94,19.63,51.88,1.21,0.4,95.32,3.03,15.62,NA,1.67,1.71,1.59,47.21,25.54,0.49,251.91,NA,NA,521.55,742.35,2.57
2026-05-27 13:00:00,59.7,98.25,27.85,31.51,20.21,54.89,3.78,0.47,105.11,2.96,16.25,NA,1.65,1.71,1.58,47.21,25.54,0.76,215.48,NA,NA,521.17,742.32,2.57
2026-05-27 14:00:00,57.75,89.8,26.85,33.35,20.22,54.85,3.5,0.66,107.83,2.9,15.7,NA,1.66,1.67,1.61,47.21,25.54,1.03,205.26,NA,NA,521.39,742.34,2.57
2026-05-27 15:00:00,53.45,84.88,25.5,33.39,19.26,55.93,5.46,0.55,101.92,2.9,15.52,NA,1.65,1.65,1.6,47.21,25.54,0.85,238.06,NA,NA,519.2,742.31,2.57
2026-05-27 16:00:00,50.95,88.4,27.18,32.0,19.64,62.8,5.45,0.31,98.81,2.81,15.73,NA,1.65,1.73,1.57,47.21,25.54,0.93,228.59,NA,NA,521.94,742.34,2.57
2026-05-27 17:00:00,49.9,88.9,30.42,34.65,23.73,67.95,5.49,0.14,100.01,3.0,15.74,NA,1.66,1.7,1.58,47.21,25.54,0.93,231.21,NA,NA,525.73,742.36,2.57
2026-05-27 18:00:00,43.6,96.8,28.47,33.86,21.53,67.42,6.02,0.61,89.13,3.21,16.11,NA,1.71,1.77,1.71,47.21,25.54,0.35,240.18,NA,NA,527.69,742.37,2.57
2026-05-27 19:00:00,48.6,106.3,28.62,31.43,20.65,67.78,3.81,0.51,75.58,4.0,17.98,NA,1.96,1.95,1.97,47.21,25.54,0.15,225.93,NA,NA,529.98,742.4,2.57
2026-05-27 20:00:00,59.65,103.6,25.74,33.69,19.42,73.69,4.11,0.62,56.34,4.16,15.66,NA,1.85,1.57,1.8,47.21,25.54,0.14,185.07,NA,NA,529.31,742.4,2.57
2026-05-27 21:00:00,62.13,103.25,27.21,31.26,19.24,60.09,2.61,0.4,56.39,4.11,14.19,NA,1.76,1.29,1.65,47.21,25.54,0.18,260.47,NA,NA,532.22,742.4,2.57
2026-05-27 22:00:00,54.83,100.6,25.04,33.57,18.78,57.87,3.15,0.39,63.48,3.09,10.41,NA,0.93,1.02,0.84,47.21,25.54,0.17,212.14,NA,NA,533.64,742.43,2.57
2026-05-27 23:00:00,55.2,98.05,30.1,31.99,20.93,58.43,3.64,0.2,62.5,2.63,9.75,NA,0.78,1.0,0.67,47.21,25.54,0.42,238.54,NA,NA,536.11,742.44,2.57
2026-05-28 00:00:00,56.98,97.43,28.65,32.69,21.24,43.56,3.58,0.28,54.89,1.96,8.84,NA,0.59,0.57,0.72,47.21,25.54,0.77,239.15,NA,NA,536.41,742.43,2.57
2026-05-28 01:00:00,49.58,93.43,23.27,31.12,16.36,44.36,4.35,0.05,41.33,2.01,8.71,NA,0.58,0.61,0.72,47.21,25.54,0.59,238.85,NA,NA,541.63,742.48,2.57
2026-05-28 02:00:00,51.18,80.6,27.98,32.09,20.43,44.51,4.76,0.48,29.4,1.93,8.59,NA,0.58,0.6,0.73,47.21,25.54,0.76,240.73,NA,NA,544.61,742.48,2.57
2026-05-28 03:00:00,53.95,70.7,27.01,32.39,19.67,44.89,4.53,0.38,20.87,2.41,9.42,NA,0.76,0.86,0.69,47.21,25.54,0.68,235.65,NA,NA,548.96,742.51,2.57
2026-05-28 04:00:00,53.2,66.0,22.42,32.11,16.15,48.86,5.52,0.36,10.82,2.67,10.03,NA,0.86,0.97,0.77,47.21,25.54,0.68,240.58,NA,NA,552.88,742.53,2.57
2026-05-28 05:00:00,54.1,62.35,29.82,34.56,22.9,49.41,7.22,0.34,2.28,2.67,9.67,NA,0.86,0.98,0.76,47.21,25.54,0.82,246.64,NA,NA,567.01,742.64,2.57
2026-05-28 06:00:00,NA,NA,29.85,32.88,22.36,49.98,6.24,0.7,4.39,2.94,11.1,NA,0.89,1.1,0.82,47.21,25.54,0.93,239.59,NA,NA,584.2,742.78,2.57
2026-05-28 07:00:00,NA,NA,30.9,32.38,22.66,51.0,4.95,1.01,6.54,3.9,14.0,NA,1.0,1.28,1.1,47.21,25.54,0.93,242.22,NA,NA,558.44,742.57,2.57
2026-05-28 08:00:00,NA,NA,32.29,31.67,23.87,56.89,0.38,0.5,26.49,3.64,14.01,NA,1.15,1.42,1.23,47.21,25.54,1.03,240.06,NA,NA,530.18,742.4,2.57
2026-05-28 09:00:00,NA,NA,28.98,31.49,21.14,67.26,3.21,0.86,36.69,2.99,15.26,NA,1.66,1.69,1.54,47.21,25.54,0.97,238.01,NA,NA,548.41,742.52,2.57
2026-05-28 10:00:00,27.55,58.9,27.56,34.49,21.32,62.62,4.31,0.17,36.16,3.07,15.35,NA,1.63,1.73,1.59,47.21,25.54,1.54,236.12,NA,NA,602.07,742.9,2.57
2026-05-28 11:00:00,16.95,80.53,26.67,32.53,19.44,57.08,4.32,0.79,57.27,3.03,15.79,NA,1.65,1.72,1.55,47.21,25.54,0.89,245.96,NA,NA,532.03,742.41,2.57
2026-05-28 12:00:00,17.35,109.33,29.15,33.44,22.27,51.94,5.09,0.34,65.03,2.84,15.5,NA,1.67,1.71,1.58,47.21,25.54,0.97,239.71,NA,NA,555.8,742.57,2.57
2026-05-28 13:00:00,13.73,119.5,29.19,31.29,21.25,54.72,5.89,0.46,62.88,3.05,15.83,NA,1.64,1.68,1.61,47.21,25.54,0.44,259.14,NA,NA,562.17,742.65,2.57
2026-05-28 14:00:00,8.2,111.05,27.88,32.8,20.59,54.93,5.03,0.95,70.78,2.96,15.63,NA,1.67,1.73,1.6,47.21,25.54,0.32,267.82,NA,NA,539.33,742.47,2.57
2026-05-28 15:00:00,6.9,105.3,24.24,32.96,17.86,55.25,7.33,0.51,63.38,2.96,15.37,NA,1.64,1.74,1.59,47.21,25.54,0.52,270.14,NA,NA,586.37,742.8,2.57
2026-05-28 16:00:00,8.53,106.08,23.54,33.9,17.79,63.28,7.86,0.13,75.96,2.84,15.94,NA,1.64,1.66,1.6,47.21,25.54,0.23,211.55,NA,NA,572.13,742.7,2.57
2026-05-28 17:00:00,7.15,102.33,31.76,33.21,24.13,66.42,6.96,0.13,76.65,2.84,15.41,NA,1.68,1.67,1.55,47.21,25.54,0.44,233.15,NA,NA,579.16,742.73,2.57
2026-05-28 18:00:00,15.23,104.43,28.77,31.96,21.19,67.61,7.22,0.06,74.08,3.23,16.3,NA,1.72,1.77,1.69,47.21,25.54,0.67,237.42,NA,NA,586.64,742.75,2.57
2026-05-28 19:00:00,27.3,109.35,29.68,33.73,22.71,66.7,0.67,0.03,66.76,3.93,17.98,NA,1.98,1.95,1.99,47.21,25.54,0.7,237.97,NA,NA,599.57,742.84,2.57
2026-05-28 20:00:00,33.35,100.18,27.31,32.83,19.97,73.54,0.96,0.03,63.69,4.14,15.64,NA,1.87,1.59,1.79,47.21,25.54,0.71,241.96,NA,NA,597.45,742.89,2.57
2026-05-28 21:00:00,34.3,96.65,28.97,31.9,21.05,60.61,9.0,0.01,59.1,4.43,14.63,NA,1.77,1.27,1.66,47.21,25.54,0.64,233.82,NA,NA,603.55,742.9,2.57
2026-05-28 22:00:00,27.65,99.93,24.79,33.17,18.51,57.55,9.0,0.13,58.82,3.16,10.34,NA,1.01,1.0,0.83,47.21,25.54,0.71,243.32,NA,NA,597.18,742.87,2.57
2026-05-28 23:00:00,26.53,100.3,33.85,36.03,27.23,60.21,1.56,0.1,51.78,2.72,9.81,NA,0.77,0.92,0.66,47.21,25.54,0.97,181.66,NA,NA,566.15,742.63,2.57
2026-05-29 00:00:00,33.15,98.78,27.22,29.09,18.47,44.54,1.8,0.19,45.47,1.97,8.84,NA,0.55,0.58,0.67,47.21,25.54,1.53,181.29,NA,NA,583.2,742.73,2.57
2026-05-29 01:00:00,33.3,91.23,26.06,31.92,18.92,44.27,8.4,0.11,40.23,1.93,9.35,NA,0.6,0.59,0.68,47.21,25.54,0.38,214.86,NA,NA,665.72,743.39,2.57
2026-05-29 02:00:00,32.28,68.45,26.82,32.9,20.01,44.23,8.84,0.41,36.6,1.96,9.0,NA,0.6,0.61,0.67,47.21,25.54,0.71,119.04,NA,NA,682.91,743.48,2.57
2026-05-29 03:00:00,31.18,56.98,26.28,35.09,20.83,44.22,8.92,0.2,31.22,2.38,9.42,NA,0.75,0.79,0.77,47.32,25.47,0.55,214.08,NA,NA,671.7,743.47,2.58
2026-05-29 04:00:00,30.95,58.45,28.29,33.84,21.47,48.47,9.16,0.46,24.03,2.58,9.92,NA,0.86,1.0,0.82,47.28,25.46,0.5,156.2,NA,NA,660.77,743.36,2.57
2026-05-29 05:00:00,23.25,46.8,22.74,31.21,16.27,49.17,2.68,0.31,17.47,2.69,9.91,NA,0.86,0.99,0.78,47.23,25.51,0.39,147.92,NA,NA,649.0,743.24,2.57
2026-05-29 06:00:00,20.03,30.85,29.12,33.5,22.17,50.59,2.37,0.32,23.9,2.89,10.53,NA,0.89,1.07,0.84,47.21,25.54,0.92,178.01,NA,NA,626.94,743.11,2.57
2026-05-29 07:00:00,18.23,21.05,25.67,31.07,18.02,51.4,2.59,0.34,29.81,3.81,13.76,NA,1.01,1.35,1.14,47.21,25.54,1.75,185.55,NA,NA,680.69,743.52,2.57
2026-05-29 08:00:00,15.7,17.9,30.18,31.99,22.13,56.42,2.08,0.57,39.6,3.64,14.18,NA,1.16,1.47,1.23,47.21,25.54,1.1,208.63,NA,NA,633.47,743.22,2.57
2026-05-29 09:00:00,NA,NA,27.17,34.1,20.73,67.08,2.77,0.66,51.45,2.86,15.91,NA,1.64,1.7,1.58,47.21,25.54,1.25,201.21,NA,NA,607.7,742.93,2.57
2026-05-29 10:00:00,NA,NA,23.99,32.61,17.66,61.9,1.74,0.6,62.83,2.89,15.93,NA,1.67,1.66,1.56,47.21,25.54,0.79,248.28,NA,NA,587.45,742.77,2.57
2026-05-29 11:00:00,NA,NA,28.08,32.68,20.95,57.1,6.45,0.79,71.44,3.0,15.13,NA,1.67,1.63,1.58,47.21,25.54,0.91,239.93,NA,NA,594.67,742.85,2.57
2026-05-29 12:00:00,NA,NA,28.25,32.9,21.01,51.23,5.9,0.1,72.08,3.01,15.5,NA,1.65,1.69,1.61,47.21,25.54,0.76,260.95,NA,NA,589.45,742.81,2.57
2026-05-29 13:00:00,NA,NA,24.9,31.47,17.67,55.81,2.24,0.22,70.16,2.92,15.79,NA,1.65,1.7,1.57,47.21,25.54,0.81,185.19,NA,NA,593.43,742.84,2.57
2026-05-29 14:00:00,NA,NA,28.44,35.42,22.37,55.4,2.04,0.5,80.9,2.95,15.54,NA,1.65,1.71,1.6,47.21,25.54,0.47,193.35,NA,NA,587.71,742.78,2.57
2026-05-29 15:00:00,NA,NA,28.28,32.47,20.84,55.22,0.53,0.33,81.27,2.92,15.55,NA,1.64,1.65,1.55,47.21,25.54,0.63,231.18,NA,NA,601.55,742.9,2.57
2026-05-29 16:00:00,NA,NA,28.85,33.58,22.02,62.35,0.78,0.46,75.5,2.86,15.95,NA,1.66,1.69,1.61,47.21,25.54,0.51,246.8,NA,NA,610.36,742.98,2.57
2026-05-29 17:00:00,NA,NA,24.13,34.21,18.35,68.02,0.39,0.37,82.77,3.02,15.64,NA,1.65,1.74,1.59,47.21,25.54,0.67,227.47,NA,NA,619.15,743.0,2.57
2026-05-29 18:00:00,NA,NA,22.79,32.94,16.86,68.34,0.49,0.37,87.18,3.18,16.01,NA,1.74,1.75,1.67,47.21,25.54,0.33,236.96,NA,NA,623.67,743.01,2.57
2026-05-29 19:00:00,NA,NA,30.49,33.0,23.01,67.04,4.65,0.51,68.32,3.99,17.61,NA,2.0,1.95,2.0,47.21,25.54,0.34,234.01,NA,NA,627.03,743.07,2.57
2026-05-29 20:00:00,NA,NA,27.6,30.98,19.61,73.72,5.1,0.01,60.48,3.99,15.7,NA,1.85,1.58,1.79,47.21,25.54,0.25,235.19,NA,NA,631.66,743.11,2.57
2026-05-29 21:00:00,NA,NA,33.64,33.29,25.66,61.4,0.58,0.0,54.96,4.23,14.75,NA,1.76,1.36,1.65,47.21,25.54,0.24,234.73,NA,NA,636.71,743.12,2.57
2026-05-29 22:00:00,NA,NA,26.28,32.58,20.0,58.11,0.61,0.12,52.01,3.04,10.98,NA,0.96,0.98,0.84,47.21,25.54,0.29,228.58,NA,NA,642.66,743.17,2.57
2026-05-29 23:00:00,24.9,61.3,28.11,32.0,20.95,57.55,5.19,0.05,49.39,2.69,9.89,NA,0.77,0.93,0.67,47.21,25.54,0.52,229.93,NA,NA,649.0,743.17,2.57
2026-05-30 00:00:00,28.73,78.25,29.31,34.12,22.78,43.36,5.93,0.03,48.4,1.98,8.8,NA,0.6,0.6,0.71,47.21,25.54,0.6,77.82,NA,NA,648.0,743.21,2.57
2026-05-30 01:00:00,26.88,80.53,28.01,31.81,20.22,44.43,4.2,0.0,53.13,2.01,9.15,NA,0.57,0.61,0.71,47.21,25.53,0.53,55.64,NA,NA,659.37,743.31,2.57
2026-05-30 02:00:00,28.53,75.13,37.66,31.48,27.71,43.42,3.77,0.32,58.29,1.96,8.98,NA,0.59,0.6,0.67,47.21,25.53,0.52,160.06,NA,NA,652.57,743.26,2.57
2026-05-30 03:00:00,23.1,67.6,24.26,34.93,18.45,44.17,0.27,0.31,49.39,2.34,9.55,NA,0.76,0.9,0.71,47.21,25.53,0.39,265.27,NA,NA,652.33,743.29,2.57
2026-05-30 04:00:00,22.65,62.33,29.64,32.59,22.36,49.24,0.24,0.27,49.68,2.65,9.92,NA,0.86,0.96,0.77,47.21,25.54,0.33,290.95,NA,NA,653.78,743.28,2.57
2026-05-30 05:00:00,21.58,58.6,24.31,31.75,17.43,49.17,8.71,0.27,42.62,2.65,9.78,NA,0.86,0.98,0.79,47.21,25.54,0.34,197.7,NA,NA,658.86,743.28,2.57
2026-05-30 06:00:00,20.22,58.08,29.91,32.18,22.0,49.87,9.21,0.43,35.3,2.99,10.79,NA,0.9,1.06,0.83,47.21,25.53,1.26,162.72,NA,NA,660.56,743.3,2.57
2026-05-30 07:00:00,24.6,62.93,27.77,32.86,20.56,50.72,4.07,0.5,31.55,3.8,13.45,NA,0.99,1.34,1.12,47.21,25.54,0.48,224.6,NA,NA,662.44,743.31,2.57
2026-05-30 08:00:00,25.85,63.05,24.85,33.0,18.55,56.95,4.36,0.25,35.67,3.64,14.61,NA,1.15,1.4,1.23,47.21,25.54,0.75,228.9,NA,NA,653.61,743.25,2.57
2026-05-30 09:00:00,27.05,59.13,26.04,33.35,19.58,66.15,0.09,0.31,42.19,2.98,15.64,NA,1.67,1.73,1.61,47.21,25.54,0.77,234.76,NA,NA,641.94,743.19,2.57
2026-05-30 10:00:00,28.63,63.98,22.98,34.25,17.64,63.11,0.03,0.31,65.82,2.84,15.47,NA,1.68,1.75,1.6,47.21,25.54,0.95,236.58,NA,NA,614.93,742.98,2.57
2026-05-30 11:00:00,28.9,67.3,25.55,34.16,19.56,55.21,2.15,0.56,71.49,2.93,15.45,NA,1.66,1.7,1.58,47.21,25.54,0.74,235.48,NA,NA,583.79,742.78,2.57
2026-05-30 12:00:00,24.75,70.1,29.7,33.21,22.38,51.47,2.08,0.23,74.66,2.98,16.22,NA,1.65,1.7,1.58,47.21,25.54,0.57,253.79,NA,NA,579.97,742.75,2.57
2026-05-30 13:00:00,15.38,68.95,26.69,33.13,19.9,54.83,4.94,0.34,74.48,2.99,15.35,NA,1.66,1.73,1.54,47.21,25.54,0.39,188.98,NA,NA,588.67,742.82,2.57
2026-05-30 14:00:00,15.15,63.63,26.21,33.03,19.45,55.0,5.2,0.19,74.42,2.94,15.46,NA,1.66,1.69,1.57,47.21,25.54,0.29,261.78,NA,NA,573.64,742.69,2.57
2026-05-30 15:00:00,12.8,59.53,28.94,35.29,22.95,55.44,6.78,0.23,83.01,2.97,15.91,NA,1.67,1.72,1.62,47.21,25.54,0.42,240.79,NA,NA,584.47,742.78,2.57
2026-05-30 16:00:00,12.33,56.68,25.07,33.31,18.69,62.22,7.1,0.03,89.86,2.95,15.39,NA,1.66,1.69,1.6,47.21,25.54,0.17,215.42,NA,NA,605.88,742.92,2.57
2026-05-30 17:00:00,14.57,62.27,24.45,31.66,17.26,67.28,3.5,0.04,89.62,2.77,16.24,NA,1.66,1.72,1.58,47.21,25.54,0.17,238.46,NA,NA,605.78,742.96,2.57
2026-05-30 18:00:00,21.95,76.25,23.67,32.63,17.19,67.83,3.4,0.32,82.44,3.1,16.71,NA,1.74,1.79,1.71,47.21,25.54,0.85,218.86,NA,NA,605.57,742.93,2.57
2026-05-30 19:00:00,29.25,90.2,26.35,33.67,19.9,68.54,0.16,0.22,52.99,3.98,17.55,NA,2.0,1.95,2.0,47.21,25.54,1.01,200.01,NA,NA,622.68,743.02,2.57
2026-05-30 20:00:00,24.4,85.75,33.0,33.47,25.14,74.48,0.18,0.63,52.0,4.17,15.64,NA,1.86,1.6,1.81,47.21,25.54,0.93,203.64,NA,NA,596.97,742.88,2.57
2026-05-30 21:00:00,18.0,71.85,27.64,33.38,20.76,60.71,8.41,0.62,51.12,4.24,14.08,NA,1.77,1.29,1.67,47.21,25.54,0.95,205.93,NA,NA,607.11,742.9,2.57
2026-05-30 22:00:00,20.35,75.1,25.45,32.43,18.59,57.82,8.61,0.13,37.63,3.05,10.56,NA,0.96,1.0,0.84,47.21,25.54,1.09,181.28,NA,NA,665.83,743.31,2.57
2026-05-30 23:00:00,18.8,82.8,30.34,33.24,22.73,58.5,0.06,0.0,40.37,2.86,9.82,NA,0.76,0.93,0.66,47.21,25.54,0.98,184.15,NA,NA,709.45,743.67,2.57
2026-05-31 00:00:00,11.08,80.13,24.81,31.93,17.97,44.36,0.04,0.07,36.89,1.97,8.88,NA,0.56,0.61,0.69,47.21,25.54,1.28,177.4,NA,NA,669.95,743.39,2.57
2026-05-31 01:00:00,9.0,75.57,25.49,33.6,19.14,43.89,7.77,0.03,35.88,1.97,8.95,NA,0.59,0.6,0.7,47.21,25.53,1.18,174.68,NA,NA,672.77,743.36,2.57
2026-05-31 02:00:00,7.28,70.58,23.92,32.72,17.34,44.0,8.02,0.35,36.29,1.94,9.13,NA,0.58,0.57,0.68,47.21,25.54,0.88,177.7,NA,NA,667.36,743.37,2.57
2026-05-31 03:00:00,13.65,64.43,26.97,32.75,19.89,44.24,0.03,0.24,31.48,2.38,9.34,NA,0.75,0.84,0.75,47.21,25.54,0.88,175.28,NA,NA,664.1,743.3,2.57
2026-05-31 04:00:00,13.38,60.1,26.6,32.65,19.6,48.94,0.02,0.38,27.69,2.62,9.78,NA,0.86,0.99,0.79,47.21,25.54,0.64,213.88,NA,NA,667.31,743.35,2.57
2026-05-31 05:00:00,7.38,57.05,27.06,33.68,20.51,48.99,4.77,0.3,24.37,2.62,9.78,NA,0.86,1.03,0.8,47.21,25.54,0.68,169.67,NA,NA,669.46,743.34,2.57
2026-05-31 06:00:00,10.05,56.83,24.37,34.15,18.55,49.7,5.18,0.5,24.63,2.95,10.48,NA,0.9,1.09,0.85,47.21,25.54,0.68,186.39,NA,NA,656.42,743.26,2.57
2026-05-31 07:00:00,14.65,61.03,28.06,32.77,20.87,50.67,3.9,0.57,34.22,3.9,13.89,NA,1.01,1.33,1.12,47.21,25.54,0.62,210.25,NA,NA,640.8,743.17,2.57
2026-05-31 08:00:00,17.8,61.35,24.54,32.61,18.42,56.58,3.17,0.19,49.11,3.64,14.1,NA,1.15,1.39,1.17,47.21,25.54,0.46,213.92,NA,NA,614.08,742.94,2.57
2026-05-31 09:00:00,14.4,64.0,34.59,33.52,26.6,66.23,NA,0.51,64.9,2.92,15.9,NA,1.65,1.71,1.57,47.21,25.54,0.3,209.29,NA,NA,592.4,742.82,2.57
2026-05-31 10:00:00,15.92,69.25,26.48,34.3,20.24,62.75,NA,0.22,81.85,2.93,15.64,NA,1.64,1.7,1.59,47.21,25.54,0.58,95.0,NA,NA,580.27,742.77,2.57
2026-05-31 11:00:00,24.15,74.65,25.29,33.6,19.01,57.71,2.58,0.6,89.38,2.94,15.41,NA,1.64,1.73,1.62,47.21,25.54,0.65,34.52,NA,NA,561.81,742.62,2.57
2026-05-31 12:00:00,22.23,82.2,29.35,31.48,21.49,51.68,2.14,0.26,92.61,2.94,15.42,NA,1.65,1.68,1.6,47.21,25.54,0.42,72.12,NA,NA,563.11,742.64,2.57
2026-05-31 13:00:00,22.95,85.35,26.8,32.46,19.71,54.45,7.21,0.35,90.39,2.96,15.19,NA,1.66,1.67,1.62,47.21,25.54,0.36,93.91,NA,NA,568.67,742.7,2.57
2026-05-31 14:00:00,19.58,80.33,25.48,33.61,19.32,55.2,6.86,0.06,93.3,2.94,15.82,NA,1.64,1.68,1.55,47.21,25.54,0.55,133.2,NA,NA,554.31,742.55,2.57
2026-05-31 15:00:00,15.65,75.95,25.88,33.32,19.35,55.53,NA,0.05,86.32,2.96,15.87,NA,1.65,1.67,1.54,47.21,25.54,2.14,178.02,NA,NA,602.23,742.9,2.57
2026-05-31 16:00:00,18.75,98.93,24.09,32.74,17.55,62.06,NA,0.16,80.66,2.95,15.65,NA,1.65,1.66,1.57,47.21,25.54,1.86,151.51,NA,NA,618.92,743.02,2.57
2026-05-31 17:00:00,21.3,129.18,28.41,32.16,20.88,67.8,5.07,0.01,63.02,2.97,15.84,NA,1.65,1.69,1.63,47.26,25.48,1.89,179.06,NA,NA,620.51,743.07,2.57
2026-05-31 18:00:00,26.08,116.63,27.01,33.04,20.08,69.92,5.63,0.87,14.4,3.11,15.73,NA,1.75,1.72,1.67,47.28,25.47,0.18,114.02,NA,NA,717.49,743.84,2.57
2026-05-31 19:00:00,22.5,102.63,25.88,33.29,19.54,68.56,5.64,0.31,25.08,3.99,17.82,NA,1.97,1.95,1.98,47.22,25.52,1.07,168.72,NA,NA,684.54,743.56,2.57
2026-05-31 20:00:00,21.38,90.63,30.15,33.16,22.88,73.8,5.54,0.99,16.99,4.25,15.31,NA,1.85,1.56,1.81,47.21,25.54,0.28,159.74,NA,NA,650.95,743.38,2.57
2026-05-31 21:00:00,24.13,85.4,25.63,34.07,19.62,61.38,6.33,1.08,20.72,4.45,14.33,NA,1.76,1.34,1.65,47.21,25.54,0.24,183.81,NA,NA,646.61,743.35,2.57
2026-05-31 22:00:00,29.33,95.83,32.1,33.52,24.67,57.21,7.88,0.0,14.33,3.06,10.29,NA,0.95,1.05,0.83,47.21,25.54,0.26,219.73,NA,NA,763.91,744.25,2.57
2026-05-31 23:00:00,26.63,101.5,31.69,33.47,24.14,56.98,7.54,0.0,11.74,2.68,9.7,NA,0.76,0.9,0.67,47.21,25.54,0.48,163.19,NA,NA,732.97,743.99,2.57
2026-06-01 00:00:00,18.1,93.85,27.64,33.44,20.82,44.37,8.1,0.13,16.86,1.94,8.88,NA,0.6,0.59,0.68,47.21,25.54,0.3,172.27,NA,NA,708.1,743.82,2.57
2026-06-01 01:00:00,18.4,89.1,23.72,34.78,18.29,44.01,4.51,0.07,12.79,1.94,8.79,NA,0.6,0.61,0.69,47.21,25.54,0.21,172.51,NA,NA,710.37,743.81,2.57
2026-06-01 02:00:00,17.93,82.48,27.6,32.92,20.49,43.78,4.91,0.31,13.65,1.96,8.73,NA,0.57,0.6,0.67,47.21,25.54,0.18,231.49,NA,NA,699.96,743.79,2.57
2026-06-01 03:00:00,12.78,72.75,27.77,33.49,21.03,44.44,4.6,0.3,11.36,2.4,9.52,NA,0.76,0.84,0.7,47.21,25.54,0.23,235.29,NA,NA,700.47,743.76,2.57
2026-06-01 04:00:00,15.68,67.55,31.37,33.56,23.84,48.96,4.52,0.28,9.78,2.69,9.71,NA,0.86,0.99,0.76,47.21,25.54,0.18,182.05,NA,NA,702.03,743.76,2.57
2026-06-01 05:00:00,13.98,71.65,33.33,31.98,24.79,48.95,6.68,0.26,9.08,2.67,9.93,NA,0.86,1.03,0.74,47.21,25.54,0.46,102.93,NA,NA,701.92,743.74,2.57
2026-06-01 06:00:00,9.5,80.23,29.53,32.38,21.68,50.98,6.6,0.46,12.37,2.94,10.53,NA,0.89,1.07,0.82,47.21,25.54,1.24,164.65,NA,NA,695.98,743.66,2.57
2026-06-01 07:00:00,6.5,83.48,26.36,33.36,20.0,52.18,0.95,0.29,24.46,3.88,14.05,NA,0.98,1.35,1.08,47.21,25.54,1.36,154.08,NA,NA,681.56,743.55,2.57
2026-06-01 08:00:00,15.5,77.65,26.57,32.79,19.83,56.53,0.55,0.44,34.24,3.69,14.69,NA,1.17,1.33,1.25,47.21,25.54,1.08,154.86,NA,NA,662.56,743.47,2.57
2026-06-01 09:00:00,24.3,69.9,24.38,33.89,18.47,65.82,3.55,0.62,51.71,2.98,15.52,NA,1.66,1.67,1.55,47.21,25.54,0.63,194.37,NA,NA,636.28,743.2,2.57
2026-06-01 10:00:00,28.55,67.05,29.4,30.15,25.62,65.39,2.42,0.31,65.73,3.57,17.94,NA,1.91,2.02,1.96,47.21,25.54,0.93,161.51,NA,NA,621.16,743.05,2.57
2026-06-01 11:00:00,23.43,75.53,31.54,27.85,31.37,63.37,8.69,0.31,75.02,4.22,19.34,NA,2.19,2.32,2.24,47.21,25.54,1.3,168.71,NA,NA,618.93,742.97,2.57
2026-06-01 12:00:00,20.15,80.48,28.76,28.9,41.17,57.84,8.17,0.53,86.38,4.4,19.23,NA,2.17,2.37,2.29,47.32,25.54,1.2,156.45,NA,NA,593.54,742.81,3.04
2026-06-01 13:00:00,31.13,80.15,27.44,28.67,28.53,61.26,4.45,0.53,78.18,4.16,19.0,NA,2.2,2.37,2.23,47.26,25.54,1.43,175.39,NA,NA,604.5,742.93,2.69
2026-06-01 14:00:00,41.9,74.75,28.29,29.02,29.34,61.55,4.19,0.1,74.62,4.09,19.18,NA,2.18,2.33,2.29,47.27,25.54,1.91,173.64,NA,NA,599.7,742.88,3.72
2026-06-01 15:00:00,40.0,67.35,28.16,27.8,28.45,62.0,1.9,0.14,68.68,4.14,19.07,NA,2.19,2.29,2.28,47.24,25.54,1.71,174.8,NA,NA,593.36,742.83,4.36
2026-06-01 16:00:00,31.9,62.13,27.29,28.01,27.88,70.11,1.84,0.18,73.63,4.07,19.61,NA,2.19,2.29,2.3,47.21,25.53,1.11,184.13,NA,NA,600.34,742.88,5.29
2026-06-01 17:00:00,31.18,59.83,31.79,28.21,31.66,75.31,6.09,0.27,64.06,4.16,19.55,NA,2.17,2.34,2.28,47.35,25.53,0.67,194.04,NA,NA,596.11,742.86,5.38
2026-06-01 18:00:00,35.38,64.03,30.06,26.36,29.47,74.64,6.52,0.15,50.68,4.26,19.77,NA,2.26,2.4,2.38,47.23,25.54,0.37,223.9,NA,NA,598.21,742.88,4.69
2026-06-01 19:00:00,40.68,74.3,29.04,28.76,29.85,74.38,1.83,0.47,29.16,5.25,21.39,NA,2.51,2.6,2.69,47.29,25.54,0.12,182.5,NA,NA,594.98,742.9,3.03
2026-06-01 20:00:00,41.0,80.03,31.47,28.3,31.39,80.22,1.57,0.18,17.81,5.32,18.87,NA,2.39,2.21,2.48,47.3,25.54,0.16,234.21,NA,NA,596.57,742.91,2.57
2026-06-01 21:00:00,37.25,90.0,27.91,27.12,27.97,66.98,4.97,0.17,13.12,5.37,17.74,NA,2.29,1.92,2.32,47.32,25.54,0.21,177.15,NA,NA,609.7,742.98,2.57
2026-06-01 22:00:00,38.3,107.63,30.12,28.16,30.23,64.12,5.96,0.12,21.09,4.17,13.99,NA,1.48,1.7,1.52,47.26,25.54,0.31,188.99,NA,NA,607.37,742.94,2.71
2026-06-01 23:00:00,39.77,113.97,29.83,29.01,30.48,64.73,7.39,0.18,13.94,3.97,12.87,NA,1.32,1.58,1.33,47.25,25.54,0.37,163.27,NA,NA,628.5,743.12,2.57
2026-06-02 00:00:00,43.0,115.2,31.05,27.33,30.39,50.26,8.55,0.1,17.56,3.12,12.59,NA,1.12,1.23,1.31,47.23,25.54,0.22,206.18,NA,NA,649.42,743.23,2.57
2026-06-02 01:00:00,38.5,111.75,28.74,28.29,29.26,51.07,NA,0.01,21.55,3.15,12.62,NA,1.14,1.22,1.35,47.24,25.54,0.22,176.46,NA,NA,628.48,743.05,2.57
2026-06-02 02:00:00,36.5,95.98,29.48,28.52,30.0,50.56,NA,0.34,16.91,3.13,12.5,NA,1.11,1.25,1.37,47.24,25.54,0.21,210.43,NA,NA,622.85,743.09,2.57
2026-06-02 03:00:00,36.23,80.33,32.51,27.7,32.13,50.44,4.36,0.25,13.19,3.63,13.0,NA,1.28,1.47,1.4,47.37,25.53,0.13,171.75,NA,NA,623.88,743.04,2.58
2026-06-02 04:00:00,38.55,73.93,29.49,28.27,30.14,54.72,4.59,0.37,3.17,3.87,13.56,NA,1.39,1.59,1.42,47.33,25.53,0.17,98.45,NA,NA,636.91,743.1,2.58
2026-06-02 05:00:00,46.63,79.6,33.38,27.21,32.36,54.93,7.19,0.16,1.01,3.8,13.65,NA,1.39,1.64,1.41,32.05,25.54,0.27,150.62,NA,NA,649.99,743.24,2.57
2026-06-02 06:00:00,46.08,93.68,29.03,27.87,29.18,56.52,7.53,0.39,2.56,4.07,14.18,NA,1.42,1.75,1.51,25.23,25.54,0.27,173.11,NA,NA,645.26,743.19,2.57
2026-06-02 07:00:00,42.65,103.65,30.46,27.78,30.3,57.0,3.07,0.46,22.84,5.02,17.04,NA,1.53,1.96,1.76,25.23,25.54,0.51,185.93,NA,NA,618.68,743.04,2.57
2026-06-02 08:00:00,44.7,94.48,30.04,27.78,29.93,63.12,2.44,0.17,39.45,4.85,17.98,NA,1.68,2.07,1.9,25.23,25.54,0.22,220.25,NA,NA,606.73,742.99,2.57
2026-06-02 09:00:00,46.32,83.5,33.23,27.82,32.54,73.38,2.06,0.35,57.57,4.14,19.17,NA,2.19,2.36,2.28,25.23,25.54,0.38,163.85,NA,NA,597.15,742.84,2.83
2026-06-02 10:00:00,55.8,81.4,25.07,27.85,21.22,65.23,1.4,0.57,99.99,3.04,17.11,NA,1.78,1.86,1.73,33.0,26.93,0.27,220.25,NA,NA,340.8,742.7,1.42
2026-06-02 11:00:00,35.4,NA,26.48,24.88,19.71,57.68,5.59,0.9,95.02,3.0,15.25,NA,1.66,1.7,1.59,35.79,36.97,0.48,201.52,NA,NA,271.21,742.63,1.34
2026-06-02 12:00:00,NA,NA,27.76,25.34,20.87,51.56,5.58,0.01,86.52,2.95,15.93,NA,1.67,1.73,1.6,36.34,34.43,0.87,169.69,NA,NA,268.19,742.54,1.36
2026-06-02 13:00:00,NA,NA,28.59,24.21,21.04,54.81,NA,0.17,73.53,3.03,16.15,NA,1.64,1.73,1.55,37.52,31.59,0.42,72.23,NA,NA,263.73,742.52,1.41
2026-06-02 14:00:00,68.8,81.2,31.18,25.65,23.82,55.36,3.11,0.06,67.19,2.89,15.88,NA,1.64,1.73,1.58,37.57,30.96,0.45,179.28,NA,NA,255.43,742.45,1.42
2026-06-02 15:00:00,35.85,72.43,NA,NA,NA,55.19,4.97,0.16,124.73,2.91,15.73,NA,1.65,1.7,1.6,37.59,28.22,0.81,73.47,NA,NA,248.33,742.37,1.41
2026-06-02 16:00:00,49.63,69.78,27.16,25.01,20.19,61.7,5.12,0.09,87.88,2.86,15.83,NA,1.67,1.71,1.57,37.5,31.51,0.6,176.38,NA,NA,246.27,742.38,1.41
2026-06-02 17:00:00,27.83,82.0,25.6,24.29,18.56,66.71,4.86,0.11,78.45,2.89,15.16,NA,1.66,1.73,1.55,36.39,35.45,1.1,157.3,NA,NA,244.25,742.34,1.37
2026-06-02 18:00:00,51.03,90.8,27.58,24.26,20.39,67.97,5.49,0.03,77.06,3.2,16.02,NA,1.73,1.72,1.65,35.09,40.63,0.98,153.88,NA,NA,244.81,742.38,1.31
2026-06-02 19:00:00,33.9,108.13,25.93,25.11,19.24,67.8,1.06,0.0,41.5,3.99,17.87,NA,2.01,1.95,2.0,34.21,43.73,0.24,148.99,NA,NA,240.33,742.34,1.27
2026-06-02 20:00:00,26.48,115.6,28.43,24.3,20.91,73.57,1.62,1.16,39.63,4.18,15.35,NA,1.86,1.59,1.78,33.83,44.6,0.46,170.19,NA,NA,235.03,742.31,1.26
2026-06-02 21:00:00,17.2,102.05,26.74,25.97,20.35,60.54,9.79,0.59,61.73,4.25,14.57,NA,1.76,1.29,1.67,33.52,45.87,0.49,181.04,NA,NA,237.0,742.37,1.24
2026-06-02 22:00:00,35.68,92.23,25.91,23.98,18.6,59.72,10.43,0.14,57.42,2.96,10.42,NA,0.95,1.0,0.84,32.69,49.45,0.42,195.84,NA,NA,238.38,742.35,1.21
2026-06-02 23:00:00,31.5,91.83,24.98,24.59,18.17,59.1,0.74,0.01,51.51,2.77,9.93,NA,0.76,0.93,0.66,32.2,51.04,0.31,180.23,NA,NA,236.21,742.36,1.18
2026-06-03 00:00:00,27.75,92.58,26.36,24.21,19.19,44.33,0.89,0.34,35.44,1.91,8.82,NA,0.56,0.59,0.71,31.65,52.23,0.17,170.89,NA,NA,234.74,742.34,1.16
2026-06-03 01:00:00,21.35,92.3,27.36,25.55,20.64,43.9,5.55,0.15,30.94,1.87,8.88,NA,0.6,0.62,0.7,30.81,55.86,NA,NA,NA,NA,235.67,742.3,1.12
2026-06-03 02:00:00,37.25,87.4,26.98,25.26,20.14,43.92,5.9,0.25,25.92,1.97,8.96,NA,0.61,0.58,0.67,30.85,56.7,0.08,204.49,NA,NA,235.09,742.3,1.13
2026-06-03 03:00:00,33.95,82.7,25.78,24.13,18.59,43.91,5.84,0.12,22.14,2.42,9.59,NA,0.77,0.82,0.74,30.27,59.36,0.1,218.7,NA,NA,236.71,742.35,1.1
2026-06-03 04:00:00,36.1,82.2,24.94,23.64,17.64,48.4,6.28,0.59,19.46,2.63,9.93,NA,0.86,0.97,0.75,29.53,63.74,0.55,147.96,NA,NA,235.19,742.29,1.07
2026-06-03 05:00:00,21.9,82.98,26.33,24.67,19.32,48.95,2.72,0.43,23.34,2.63,9.74,NA,0.86,0.96,0.77,29.12,68.51,0.62,156.23,NA,NA,235.95,742.31,1.05
2026-06-03 06:00:00,41.38,85.8,25.84,25.76,19.58,50.82,2.75,0.57,27.41,2.9,10.82,NA,0.89,1.03,0.86,30.01,64.9,0.57,159.29,NA,NA,237.67,742.34,1.09
2026-06-03 07:00:00,52.88,92.35,25.53,25.9,19.32,51.03,1.06,0.5,48.93,3.93,13.95,NA,0.98,1.28,1.1,31.97,56.14,0.4,179.04,NA,NA,238.9,742.36,1.17
2026-06-03 08:00:00,44.95,94.43,25.91,24.36,18.92,56.33,0.8,0.48,81.54,3.69,14.66,NA,1.17,1.42,1.23,33.52,47.99,0.44,186.44,NA,NA,244.76,742.38,1.24
2026-06-03 09:00:00,58.15,90.75,27.32,24.8,20.23,66.0,1.59,0.4,99.19,2.9,15.57,NA,1.65,1.69,1.58,34.92,42.55,0.54,189.16,NA,NA,250.72,742.46,1.3
2026-06-03 10:00:00,38.73,81.03,25.53,25.42,19.05,63.48,0.63,0.98,108.77,2.92,15.35,NA,1.66,1.74,1.58,36.15,38.21,0.54,169.29,NA,NA,254.48,742.46,1.35
2026-06-03 11:00:00,27.15,66.73,26.1,25.26,19.51,56.55,7.9,0.93,79.21,2.79,15.07,NA,1.65,1.89,1.61,37.38,34.51,0.35,121.55,NA,NA,244.38,742.4,1.4
2026-06-03 12:00:00,14.05,71.6,27.79,24.59,20.67,52.38,7.94,0.21,35.55,2.9,15.39,NA,1.66,1.71,1.56,37.92,32.57,0.44,137.14,NA,NA,235.79,742.32,1.43
2026-06-03 13:00:00,7.03,78.2,24.44,25.41,18.05,55.0,1.82,1.23,23.47,2.93,15.8,NA,1.65,1.69,1.56,38.68,28.67,0.55,114.75,NA,NA,234.96,742.37,1.46
2026-06-03 14:00:00,6.7,50.73,24.5,24.47,17.72,55.48,2.22,0.43,65.08,3.02,15.51,NA,1.65,1.7,1.62,38.21,29.95,0.72,168.23,NA,NA,233.94,742.33,1.44
2026-06-03 15:00:00,NA,35.05,26.56,25.5,20.26,55.57,0.96,0.31,73.37,2.87,15.55,NA,1.66,1.8,1.61,38.63,28.87,0.32,127.05,NA,NA,232.14,742.29,1.46
2026-06-03 16:00:00,NA,36.2,33.08,32.25,35.51,75.89,1.96,0.09,77.11,3.01,15.3,NA,1.66,1.73,1.6,38.19,30.24,0.37,93.8,NA,NA,230.04,742.28,1.44
2026-06-03 17:00:00,NA,NA,31.13,32.73,34.3,79.36,8.47,0.0,67.35,3.0,15.75,NA,1.65,1.68,1.57,37.18,32.95,0.8,47.72,NA,NA,232.5,742.31,1.4
2026-06-03 18:00:00,NA,NA,26.62,32.92,30.96,81.29,9.23,0.29,61.72,3.2,15.48,NA,1.73,1.73,1.67,36.31,35.26,0.62,51.03,NA,NA,231.79,742.25,1.36
2026-06-03 19:00:00,129.2,137.75,31.81,32.68,34.82,82.38,6.06,0.1,56.04,3.93,17.64,NA,2.02,1.95,1.96,35.52,36.36,0.14,138.14,NA,NA,232.64,742.29,1.33
2026-06-03 20:00:00,108.18,130.13,32.05,32.48,34.81,88.17,7.0,0.71,47.78,4.0,15.73,NA,1.85,1.58,1.8,34.86,39.11,0.14,111.65,NA,NA,232.63,742.34,1.3
2026-06-03 21:00:00,61.88,110.63,30.19,33.28,33.74,74.02,3.82,0.48,21.01,4.19,14.52,NA,1.76,1.36,1.65,34.11,43.49,0.44,156.27,NA,NA,230.75,742.21,1.27
2026-06-03 22:00:00,25.93,95.95,31.25,32.2,33.72,69.08,4.42,0.56,10.81,3.05,10.66,NA,0.93,0.99,0.85,33.24,47.08,0.23,140.22,NA,NA,233.49,742.31,1.23
2026-06-03 23:00:00,23.3,92.57,30.69,32.7,33.81,69.36,NA,0.57,11.15,2.81,9.55,NA,0.77,0.96,0.67,33.11,47.15,NA,NA,NA,NA,230.93,742.27,1.22
2026-06-04 00:00:00,21.48,94.63,29.49,33.18,33.15,53.26,0.03,0.63,5.05,1.92,9.04,NA,0.58,0.59,0.71,32.81,48.28,0.2,45.55,NA,NA,232.74,742.31,1.21
2026-06-04 01:00:00,14.95,98.25,31.69,33.25,34.92,53.11,3.99,0.21,7.82,1.92,9.1,NA,0.58,0.62,0.67,32.31,50.13,0.07,16.25,NA,NA,231.29,742.34,1.19
2026-06-04 02:00:00,13.67,95.13,32.4,33.04,35.39,53.2,4.77,0.36,16.99,1.89,9.1,NA,0.59,0.58,0.66,31.66,52.29,0.13,45.23,NA,NA,233.66,742.29,1.16
2026-06-04 03:00:00,18.23,83.25,34.51,32.48,36.83,52.46,3.94,0.26,9.34,2.36,9.63,NA,0.77,0.79,0.75,31.22,55.07,0.04,154.02,NA,NA,232.11,742.25,1.14
2026-06-04 04:00:00,14.48,68.4,32.13,32.38,34.78,58.39,4.15,0.66,4.21,2.65,9.9,NA,0.86,0.96,0.76,30.84,59.93,NA,NA,NA,NA,234.26,742.31,1.13
2026-06-04 05:00:00,13.2,74.75,35.91,34.68,39.18,58.81,8.4,0.44,12.25,2.62,9.77,NA,0.86,1.02,0.76,30.73,59.78,0.12,140.64,NA,NA,233.82,742.31,1.12
2026-06-04 06:00:00,17.45,89.33,30.63,33.41,33.99,60.62,9.08,0.15,32.64,3.02,10.87,NA,0.9,1.13,0.87,31.69,52.83,0.36,157.25,NA,NA,237.45,742.32,1.16
2026-06-04 07:00:00,19.25,85.75,32.83,33.87,36.11,61.13,1.08,0.05,47.14,3.83,13.75,NA,1.02,1.32,1.11,33.24,47.97,0.29,208.2,NA,NA,233.34,742.27,1.23
2026-06-04 08:00:00,23.7,80.65,30.91,33.31,34.47,67.92,0.51,0.38,69.82,3.67,14.19,NA,1.14,1.41,1.21,35.21,42.1,0.3,171.91,NA,NA,240.76,742.37,1.32
2026-06-04 09:00:00,18.1,74.45,31.78,31.61,34.15,78.84,9.56,0.57,86.51,2.94,16.04,NA,1.67,1.67,1.6,36.03,39.15,0.33,143.82,NA,NA,243.74,742.37,1.35
2026-06-04 10:00:00,10.0,58.43,29.78,33.37,33.53,73.36,8.58,0.08,93.91,3.0,15.87,NA,1.67,1.68,1.56,36.61,36.21,0.2,282.03,NA,NA,243.47,742.4,1.38
2026-06-04 11:00:00,5.53,63.48,30.59,32.58,33.67,68.43,0.88,0.02,99.22,2.87,15.31,NA,1.64,1.68,1.6,37.0,36.06,0.47,49.34,NA,NA,233.74,742.32,1.39
2026-06-04 12:00:00,2.75,86.4,31.21,33.46,34.72,62.43,0.62,0.02,96.07,2.92,15.8,NA,1.66,1.69,1.59,38.08,31.44,1.02,129.81,NA,NA,238.23,742.35,1.44
2026-06-04 13:00:00,8.43,86.63,33.42,32.22,35.81,66.12,3.04,0.09,89.87,3.0,15.37,NA,1.65,1.68,1.57,37.52,34.75,0.83,188.0,NA,NA,237.25,742.31,1.41
2026-06-04 14:00:00,NA,67.25,33.36,32.6,36.33,66.84,3.35,0.05,28.31,2.99,15.65,NA,1.67,1.69,1.6,37.51,34.93,0.9,193.83,NA,NA,239.21,742.34,1.42
2026-06-04 15:00:00,NA,48.18,32.9,32.21,35.39,66.5,NA,0.41,46.54,2.93,15.85,NA,1.65,1.67,1.56,37.04,37.02,1.52,168.08,NA,NA,231.81,742.27,1.39
2026-06-04 16:00:00,17.1,48.48,33.22,33.75,36.48,74.81,NA,0.18,82.84,2.96,15.05,NA,1.64,1.68,1.6,37.35,35.3,0.72,177.03,NA,NA,233.33,742.32,1.41
2026-06-04 17:00:00,13.77,67.95,32.74,32.71,35.68,80.48,7.77,0.34,40.45,2.91,15.55,NA,1.66,1.68,1.58,37.31,31.53,0.52,170.09,NA,NA,231.62,742.29,1.4
2026-06-04 18:00:00,17.93,83.25,31.53,32.54,34.52,82.1,7.78,2.29,33.18,3.3,16.16,NA,1.76,1.75,1.66,36.58,33.09,0.24,158.83,NA,NA,227.42,742.3,1.38
2026-06-04 19:00:00,9.68,89.5,30.97,32.94,34.27,81.26,3.01,2.06,10.83,4.02,18.3,NA,1.98,1.95,1.99,35.49,36.75,0.15,180.58,NA,NA,228.9,742.29,1.33
2026-06-04 20:00:00,4.83,95.53,32.03,32.41,34.77,89.04,3.87,0.28,13.11,4.13,15.81,NA,1.86,1.61,1.77,35.2,38.53,0.14,355.0,NA,NA,230.98,742.32,1.32
2026-06-04 21:00:00,2.38,98.13,41.94,33.58,44.99,73.45,2.11,0.07,11.53,4.24,14.4,NA,1.77,1.3,1.67,34.41,44.86,0.13,306.71,NA,NA,228.47,742.22,1.28
2026-06-04 22:00:00,13.13,103.08,31.98,32.93,34.99,68.63,2.4,0.65,29.83,3.09,10.36,NA,0.95,1.0,0.84,33.65,48.69,0.13,240.59,NA,NA,227.55,742.25,1.25
2026-06-04 23:00:00,26.03,107.9,61.66,35.33,60.76,66.75,4.4,0.01,25.75,2.7,9.44,NA,0.77,0.94,0.65,33.55,48.2,0.19,41.07,NA,NA,228.55,742.29,1.24
2026-06-05 00:00:00,23.7,106.63,48.9,34.76,52.07,52.5,4.55,0.77,34.52,1.95,8.85,NA,0.6,0.61,0.71,33.41,47.79,0.08,243.98,NA,NA,227.51,742.21,1.23
2026-06-05 01:00:00,12.6,106.75,30.23,33.17,33.7,53.41,5.37,0.66,31.16,1.91,8.99,NA,0.61,0.6,0.67,32.97,49.86,0.21,164.73,NA,NA,228.04,742.33,1.22
2026-06-05 02:00:00,16.2,106.95,31.48,33.13,34.67,53.04,5.41,0.0,37.1,1.96,8.96,NA,0.56,0.58,0.66,32.8,49.24,0.65,82.52,NA,NA,228.64,742.29,1.21
2026-06-05 03:00:00,22.15,98.45,35.35,33.27,38.23,53.04,5.7,0.0,36.5,2.34,9.63,NA,0.77,0.84,0.73,30.84,46.25,1.24,165.41,NA,NA,227.45,742.28,1.13
2026-06-05 04:00:00,16.23,91.03,32.04,33.6,35.45,58.3,5.38,0.4,35.98,2.62,9.93,NA,0.85,1.0,0.78,29.73,50.36,1.75,160.51,NA,NA,227.98,742.31,1.08
2026-06-05 05:00:00,35.9,79.25,30.42,33.01,33.77,59.38,2.98,0.41,37.07,2.66,9.93,NA,0.86,0.96,0.76,29.25,54.69,1.42,162.63,NA,NA,229.37,742.33,1.06
2026-06-05 06:00:00,34.82,67.45,30.49,33.26,33.96,60.41,3.23,0.44,41.21,2.87,11.25,NA,0.89,1.06,0.83,28.61,59.58,1.22,160.38,NA,NA,228.82,742.3,1.03
2026-06-05 07:00:00,30.7,64.65,31.74,33.94,35.42,59.58,1.37,0.39,42.19,3.82,13.98,NA,1.0,1.33,1.06,29.54,51.11,1.91,169.97,NA,NA,227.96,742.29,1.07
2026-06-05 08:00:00,28.63,59.6,32.65,33.98,36.11,67.3,1.26,0.46,40.85,3.63,14.06,NA,1.16,1.41,1.2,31.02,48.85,0.99,168.58,NA,NA,228.18,742.24,1.13
2026-06-05 09:00:00,23.33,52.15,30.98,33.69,34.58,80.69,4.66,0.61,41.36,2.93,15.4,NA,1.65,1.69,1.62,32.45,46.13,0.88,91.44,NA,NA,232.02,742.34,1.19
2026-06-05 10:00:00,21.42,45.3,30.74,33.25,34.15,73.9,4.64,0.8,50.46,2.94,15.94,NA,1.66,1.68,1.58,35.99,31.61,0.61,82.39,NA,NA,236.66,742.38,1.35
2026-06-05 11:00:00,40.63,43.9,32.35,32.06,34.83,69.56,7.77,1.22,70.61,2.88,15.72,NA,1.66,1.7,1.59,35.33,39.92,1.68,173.07,NA,NA,230.51,742.31,1.32
2026-06-05 12:00:00,21.5,45.05,31.49,33.15,34.72,60.92,7.58,0.59,67.64,2.94,15.63,NA,1.67,1.72,1.58,34.86,43.75,1.38,161.26,NA,NA,229.75,742.3,1.3
2026-06-05 13:00:00,28.0,41.9,34.45,32.45,36.74,65.72,3.98,0.54,60.54,2.86,16.06,NA,1.65,1.65,1.6,35.5,39.14,1.06,165.36,NA,NA,228.58,742.3,1.33
2026-06-05 14:00:00,17.45,40.6,33.28,32.53,35.84,66.49,3.76,0.57,72.36,2.86,15.66,NA,1.64,1.67,1.61,36.42,38.24,0.83,170.73,NA,NA,228.44,742.28,1.37
2026-06-05 15:00:00,11.93,40.03,32.79,33.58,36.0,66.2,2.18,0.69,81.85,3.0,16.21,NA,1.65,1.73,1.6,36.45,40.2,1.26,164.47,NA,NA,228.68,742.24,1.37
2026-06-05 16:00:00,9.05,42.98,31.98,32.96,35.01,74.0,1.83,0.82,67.81,2.88,15.27,NA,1.66,1.66,1.58,35.91,44.17,1.43,169.44,NA,NA,228.34,742.3,1.35
2026-06-05 17:00:00,6.97,45.37,33.91,33.42,36.84,82.65,3.82,0.13,62.65,2.85,16.37,NA,1.67,1.7,1.59,35.33,45.43,1.42,163.01,NA,NA,231.22,742.28,1.32
2026-06-05 18:00:00,3.78,50.18,31.51,33.94,35.15,81.07,5.37,2.0,25.12,3.23,15.7,NA,1.72,1.73,1.65,34.55,51.28,1.49,160.13,NA,NA,229.15,742.3,1.29
2026-06-05 19:00:00,5.05,68.1,29.8,33.43,33.48,82.35,1.43,2.07,48.12,3.99,17.71,NA,1.98,1.95,1.96,34.0,52.48,0.61,161.95,NA,NA,228.84,742.25,1.26
2026-06-05 20:00:00,5.6,79.4,29.48,34.02,33.59,88.6,1.09,0.01,58.69,4.17,15.73,NA,1.85,1.57,1.83,33.59,53.3,0.77,156.19,NA,NA,228.59,742.28,1.25
2026-06-05 21:00:00,4.93,77.55,31.9,32.97,35.04,71.99,7.21,0.0,54.3,4.13,14.36,NA,1.76,1.27,1.66,33.18,52.8,0.82,156.62,NA,NA,226.75,742.27,1.23
2026-06-05 22:00:00,4.43,79.48,32.71,33.1,35.77,69.12,7.43,0.18,41.81,3.1,10.35,NA,0.96,0.99,0.84,32.63,55.93,0.72,154.51,NA,NA,227.83,742.28,1.2
2026-06-05 23:00:00,2.27,84.27,29.93,32.28,33.04,68.97,0.48,0.05,17.27,2.72,9.84,NA,0.76,0.95,0.66,32.26,57.25,0.55,155.49,NA,NA,227.83,742.29,1.19
2026-06-06 00:00:00,3.78,91.83,28.89,34.22,33.14,52.93,0.36,0.11,36.19,1.96,8.88,NA,0.6,0.61,0.69,31.73,59.39,0.64,161.93,NA,NA,228.29,742.29,1.17
2026-06-06 01:00:00,4.0,93.45,32.22,33.65,35.59,53.15,3.82,0.14,34.74,1.93,8.96,NA,0.6,0.58,0.68,31.08,63.21,0.55,163.25,NA,NA,227.8,742.23,1.14
2026-06-06 02:00:00,4.2,95.43,30.95,32.6,33.97,52.63,4.28,0.27,27.79,1.86,8.59,NA,0.58,0.57,0.66,30.71,64.72,0.52,168.33,NA,NA,229.76,742.28,1.12
2026-06-06 03:00:00,2.82,95.75,30.83,32.14,33.76,53.06,0.67,0.22,18.94,2.36,9.4,NA,0.74,0.87,0.75,30.53,63.01,0.25,127.34,NA,NA,230.7,742.37,1.11
2026-06-06 04:00:00,3.1,99.83,30.28,32.48,33.49,58.24,0.89,0.38,13.89,2.69,10.07,NA,0.86,0.97,0.72,30.32,64.0,0.39,165.74,NA,NA,229.67,742.25,1.11
2026-06-06 05:00:00,2.03,104.1,33.14,33.26,36.18,58.35,2.1,0.33,20.27,2.67,9.77,NA,0.86,1.02,0.78,30.27,63.26,0.31,179.09,NA,NA,230.22,742.29,1.1
2026-06-06 06:00:00,3.38,113.2,30.51,32.29,33.5,59.81,2.16,0.2,10.62,2.92,10.82,NA,0.89,1.11,0.86,30.84,61.96,0.53,161.96,NA,NA,228.44,742.31,1.13
2026-06-06 07:00:00,3.4,132.23,30.54,32.69,33.69,61.39,6.04,0.13,20.46,3.96,13.9,NA,1.01,1.31,1.11,31.92,59.19,0.65,172.27,NA,NA,229.38,742.28,1.17
2026-06-06 08:00:00,4.1,145.98,32.8,32.41,35.42,67.21,5.88,0.43,32.88,3.66,14.38,NA,1.13,1.46,1.21,32.66,56.02,0.98,164.39,NA,NA,229.59,742.29,1.2
2026-06-06 09:00:00,2.35,139.73,29.59,32.41,32.85,79.59,6.0,0.53,66.86,3.0,15.75,NA,1.67,1.7,1.59,33.74,50.22,1.17,162.98,NA,NA,230.23,742.27,1.25
2026-06-06 10:00:00,2.88,125.53,30.38,33.45,33.96,73.62,6.27,0.57,89.0,2.93,15.81,NA,1.64,1.66,1.56,34.51,46.4,1.33,163.89,NA,NA,231.5,742.34,1.28
2026-06-06 11:00:00,40.75,111.48,31.78,32.57,34.66,68.42,0.14,0.21,72.38,3.02,15.85,NA,1.66,1.66,1.62,35.74,38.0,1.33,162.61,NA,NA,229.18,742.27,1.34
2026-06-06 12:00:00,21.75,101.18,32.47,33.29,35.6,63.42,0.3,0.85,70.23,2.98,15.51,NA,1.65,1.69,1.54,36.9,36.08,0.79,134.26,NA,NA,228.45,742.27,1.39
2026-06-06 13:00:00,14.28,97.33,31.22,32.07,34.02,66.4,6.22,1.33,79.92,3.04,15.67,NA,1.65,1.71,1.58,37.29,34.61,0.87,159.8,NA,NA,228.91,742.3,1.4
2026-06-06 14:00:00,7.23,91.33,31.74,33.94,35.34,67.3,6.3,0.4,81.37,2.9,15.56,NA,1.67,1.69,1.61,37.33,35.81,0.88,154.7,NA,NA,228.7,742.29,1.41
2026-06-06 15:00:00,4.0,85.2,26.51,34.0,31.14,66.56,3.67,0.72,67.47,2.9,16.0,NA,1.65,1.64,1.58,37.81,33.33,0.7,124.13,NA,NA,228.49,742.32,1.43
2026-06-06 16:00:00,NA,87.88,32.05,31.9,34.5,75.48,4.03,0.82,53.92,2.87,15.64,NA,1.65,1.68,1.57,37.92,31.38,0.6,145.44,NA,NA,228.33,742.26,1.43
2026-06-06 17:00:00,4.6,92.83,30.63,33.83,34.32,81.78,1.88,0.87,46.71,3.01,15.37,NA,1.65,1.77,1.57,37.08,32.48,0.97,159.68,NA,NA,228.04,742.34,1.4
2026-06-06 18:00:00,19.38,94.4,32.47,32.49,35.16,82.33,2.11,0.5,50.53,3.19,16.08,NA,1.76,1.74,1.68,36.34,34.1,0.37,145.42,NA,NA,226.46,742.27,1.37
2026-06-06 19:00:00,18.45,105.3,31.65,31.61,34.02,82.51,6.48,0.43,47.19,3.81,17.72,NA,2.0,1.95,2.0,35.77,35.64,0.21,179.58,NA,NA,227.18,742.28,1.34
2026-06-06 20:00:00,46.65,112.28,31.21,33.36,34.59,87.8,5.43,0.76,42.46,4.24,15.65,NA,1.86,1.59,1.79,35.52,37.24,0.17,240.42,NA,NA,225.08,742.25,1.33
2026-06-06 21:00:00,50.7,94.4,33.22,34.0,36.9,71.81,7.5,0.68,29.03,4.33,14.59,NA,1.77,1.36,1.65,35.11,39.33,0.14,144.57,NA,NA,226.84,742.26,1.31
2026-06-06 22:00:00,39.48,103.83,33.22,32.64,35.9,71.2,8.23,0.28,32.55,3.07,10.36,NA,0.95,1.02,0.85,34.2,42.2,0.07,217.03,NA,NA,227.96,742.31,1.27
2026-06-06 23:00:00,97.07,131.27,27.54,33.59,31.99,69.99,2.22,0.01,27.78,2.73,9.67,NA,0.78,0.89,0.66,33.67,44.04,0.16,250.61,NA,NA,229.25,742.37,1.25
2026-06-07 00:00:00,95.47,148.4,29.84,32.89,33.48,52.57,2.58,0.14,17.97,2.0,8.92,NA,0.57,0.61,0.72,31.92,53.64,0.28,247.14,NA,NA,228.94,742.3,1.17
2026-06-07 01:00:00,59.2,146.95,30.32,32.55,33.69,52.4,0.84,0.01,13.22,2.03,8.91,NA,0.58,0.61,0.65,30.87,58.81,0.4,181.33,NA,NA,228.14,742.25,1.13
2026-06-07 02:00:00,42.45,132.48,30.84,32.82,34.07,53.69,0.75,0.25,10.88,1.88,9.0,NA,0.54,0.6,0.65,30.2,60.79,0.33,242.61,NA,NA,229.83,742.3,1.1
2026-06-07 03:00:00,41.13,107.43,31.81,32.49,34.66,52.95,8.7,0.1,6.8,2.37,9.55,NA,0.76,0.84,0.77,29.61,63.37,0.29,239.34,NA,NA,230.81,742.35,1.07
2026-06-07 04:00:00,34.73,85.05,32.82,33.24,35.84,58.38,8.5,0.4,6.93,2.66,10.08,NA,0.86,1.01,0.75,29.27,65.33,0.23,244.38,NA,NA,229.32,742.27,1.06
2026-06-07 05:00:00,23.05,78.3,33.12,32.69,35.61,59.07,8.35,0.32,6.77,2.63,9.58,NA,0.86,1.06,0.78,29.34,65.89,0.2,193.26,NA,NA,229.96,742.29,1.06
2026-06-07 06:00:00,25.3,77.28,30.7,34.82,34.96,60.3,8.49,0.21,6.73,2.9,10.82,NA,0.89,1.04,0.8,29.54,67.38,0.5,203.44,NA,NA,230.27,742.29,1.07
2026-06-07 07:00:00,28.13,80.18,30.19,31.17,32.98,61.68,1.96,0.2,8.06,3.78,14.63,NA,1.0,1.35,1.1,30.47,63.92,0.38,260.86,NA,NA,229.79,742.29,1.11
2026-06-07 08:00:00,24.48,80.95,31.54,32.86,34.66,67.3,2.15,0.84,11.47,3.76,14.61,NA,1.15,1.38,1.23,31.72,60.18,0.22,285.57,NA,NA,230.54,742.28,1.17
2026-06-07 09:00:00,23.3,80.38,29.24,32.24,32.43,79.12,10.12,1.52,19.82,2.93,15.76,NA,1.66,1.7,1.57,33.58,54.43,0.4,163.0,NA,NA,230.85,742.33,1.24
2026-06-07 10:00:00,23.6,78.4,32.98,31.87,35.24,74.77,10.08,0.41,43.48,3.02,15.3,NA,1.66,1.66,1.62,35.78,45.41,0.2,141.69,NA,NA,231.25,742.31,1.34
2026-06-07 11:00:00,NA,NA,30.17,33.27,33.83,69.09,4.95,0.46,74.85,2.99,16.23,NA,1.65,1.69,1.61,37.21,38.63,0.55,146.54,NA,NA,229.72,742.3,1.4
2026-06-07 12:00:00,48.7,93.4,29.93,34.75,34.65,62.48,4.77,0.56,61.74,2.89,15.7,NA,1.66,1.71,1.62,38.5,34.61,0.48,109.46,NA,NA,227.75,742.27,1.46
2026-06-07 13:00:00,33.93,93.1,34.01,33.0,36.69,65.84,3.6,0.53,56.09,2.93,15.87,NA,1.64,1.73,1.57,39.19,30.73,0.75,163.01,NA,NA,229.2,742.28,1.48
2026-06-07 14:00:00,17.0,91.98,30.68,32.26,33.71,66.38,3.82,0.67,66.58,3.01,15.49,NA,1.66,1.71,1.58,39.98,27.28,0.61,92.8,NA,NA,228.75,742.3,1.52
2026-06-07 15:00:00,8.5,93.18,33.1,32.6,35.69,66.91,4.15,0.76,69.21,2.93,15.19,NA,1.64,1.68,1.57,39.91,27.36,0.53,103.82,NA,NA,228.12,742.27,1.52
2026-06-07 16:00:00,7.5,98.35,31.51,31.16,33.78,75.39,4.17,0.69,61.59,3.0,16.02,NA,1.67,1.69,1.57,39.87,26.06,0.38,100.97,NA,NA,226.86,742.25,1.52
2026-06-07 17:00:00,11.13,101.65,31.79,33.21,35.0,80.14,3.23,0.73,60.77,2.96,15.2,NA,1.64,1.75,1.6,39.04,26.25,0.3,104.71,NA,NA,226.48,742.27,1.48
2026-06-07 18:00:00,57.58,123.75,30.34,33.74,34.25,81.71,3.66,0.65,46.41,3.22,16.05,NA,1.72,1.73,1.69,38.05,28.29,0.17,124.46,NA,NA,227.08,742.31,1.44
2026-06-07 19:00:00,109.6,161.55,33.43,31.8,35.63,83.19,5.31,0.52,40.89,3.9,17.7,NA,1.99,1.95,2.01,37.13,31.93,0.13,123.12,NA,NA,226.91,742.3,1.4
2026-06-07 20:00:00,90.13,169.48,30.92,32.5,33.96,88.29,4.92,0.04,40.52,4.01,15.23,NA,1.85,1.61,1.8,36.3,33.55,0.1,113.91,NA,NA,226.33,742.26,1.36
2026-06-07 21:00:00,56.03,152.58,33.36,31.45,35.39,72.41,0.07,0.06,36.01,4.21,14.3,NA,1.76,1.32,1.67,35.91,34.79,0.13,53.73,NA,NA,225.22,742.25,1.34
2026-06-07 22:00:00,65.23,142.98,33.62,32.89,36.52,68.97,0.17,0.54,48.25,3.07,10.67,NA,0.95,0.98,0.84,35.36,37.3,0.19,60.22,NA,NA,225.25,742.22,1.32
2026-06-07 23:00:00,65.43,145.83,31.04,31.92,33.72,68.13,4.32,0.31,43.43,2.82,9.66,NA,0.78,0.95,0.66,35.02,38.32,0.1,58.32,NA,NA,225.79,742.23,1.31
2026-06-08 00:00:00,39.75,145.08,33.03,32.17,35.41,52.57,4.7,0.54,41.24,1.98,8.98,NA,0.59,0.6,0.7,34.59,37.68,0.15,64.67,NA,NA,224.31,742.24,1.29
2026-06-08 01:00:00,23.33,137.75,33.29,32.67,35.94,53.02,3.27,0.25,43.69,1.97,8.88,NA,0.61,0.58,0.69,33.97,38.53,0.18,45.9,NA,NA,226.53,742.29,1.26
2026-06-08 02:00:00,12.88,129.45,31.37,34.41,35.21,52.53,4.03,0.72,41.91,1.95,9.22,NA,0.58,0.59,0.71,33.61,39.41,0.29,77.9,NA,NA,227.31,742.33,1.25
2026-06-08 03:00:00,6.4,119.68,28.1,32.76,31.85,52.63,3.82,0.65,47.68,2.4,9.3,NA,0.75,0.82,0.75,33.49,39.22,0.49,164.99,NA,NA,226.48,742.28,1.24
2026-06-08 04:00:00,8.55,113.1,35.04,32.59,37.33,58.33,4.2,0.73,51.33,2.7,9.82,NA,0.86,1.06,0.81,32.72,44.77,0.92,157.08,NA,NA,225.75,742.25,1.21
2026-06-08 05:00:00,15.75,106.13,31.23,32.78,34.29,58.83,3.8,0.67,43.06,2.65,9.74,NA,0.86,0.99,0.77,32.01,49.8,0.32,172.35,NA,NA,227.14,742.29,1.17
2026-06-08 06:00:00,13.83,113.73,30.46,32.76,33.8,59.57,3.74,0.28,37.1,2.95,10.94,NA,0.9,1.03,0.83,32.41,49.46,0.17,184.96,NA,NA,227.51,742.26,1.19
2026-06-08 07:00:00,27.58,135.88,30.27,32.81,33.71,61.52,0.39,0.24,37.93,3.82,13.83,NA,0.99,1.36,1.12,34.84,40.51,0.17,223.44,NA,NA,228.49,742.31,1.3
2026-06-08 08:00:00,29.63,142.58,28.15,33.18,32.03,68.58,0.47,0.53,43.01,3.7,14.81,NA,1.15,1.43,1.25,35.75,37.01,0.57,193.47,NA,NA,227.21,742.25,1.34
2026-06-08 09:00:00,20.13,132.4,33.01,32.21,35.5,79.62,4.87,0.84,55.46,2.95,15.45,NA,1.68,1.76,1.59,36.7,32.98,0.77,171.27,NA,NA,229.08,742.27,1.38
2026-06-08 10:00:00,20.9,129.55,33.56,35.04,37.22,75.79,4.77,0.72,61.34,3.1,17.16,NA,1.74,1.86,1.78,35.95,38.1,0.6,59.44,NA,NA,226.52,742.27,1.35
2026-06-08 11:00:00,39.15,130.58,33.06,37.61,37.62,72.52,4.23,1.39,52.42,4.04,22.94,NA,1.99,2.45,2.42,35.25,39.97,0.64,61.14,NA,NA,227.27,742.27,1.32
2026-06-08 12:00:00,52.15,126.25,33.31,38.42,38.19,68.39,3.68,0.39,62.24,3.87,23.08,NA,2.0,2.46,2.46,37.26,33.19,0.85,52.81,NA,NA,226.92,742.29,1.4
2026-06-08 13:00:00,50.13,121.78,34.14,37.99,38.62,71.97,3.46,0.22,59.19,3.88,23.48,NA,2.01,2.47,2.46,39.09,28.38,0.61,86.27,NA,NA,227.39,742.28,1.48
2026-06-08 14:00:00,37.6,120.0,30.67,37.41,35.34,72.38,3.24,0.14,60.78,3.84,22.71,NA,1.99,2.43,2.44,39.8,29.71,0.47,110.51,NA,NA,226.69,742.25,1.51
2026-06-08 15:00:00,59.25,118.23,31.0,38.21,36.07,71.54,6.7,0.05,56.76,3.91,22.43,NA,2.03,2.45,2.43,39.87,30.14,0.74,66.0,NA,NA,226.56,742.26,1.52
2026-06-08 16:00:00,59.7,127.07,35.13,37.15,38.95,81.7,7.44,0.52,53.85,3.85,22.81,NA,2.01,2.47,2.48,39.89,29.48,0.35,69.38,NA,NA,226.35,742.26,1.52
2026-06-08 17:00:00,43.93,143.9,32.0,38.27,37.22,87.0,0.15,0.65,52.28,3.91,23.02,NA,1.96,2.49,2.43,39.16,30.38,0.42,71.28,NA,NA,227.1,742.28,1.48
2026-06-08 18:00:00,33.7,177.65,34.99,39.75,40.26,87.33,0.51,0.78,56.48,4.27,23.78,NA,2.08,2.54,2.53,38.21,33.05,0.34,57.64,NA,NA,225.83,742.24,1.44
2026-06-08 19:00:00,29.33,216.93,34.78,38.42,39.36,88.21,1.62,0.51,59.4,5.05,25.13,NA,2.33,2.71,2.84,37.14,36.89,0.27,55.21,NA,NA,225.48,742.24,1.4
2026-06-08 20:00:00,27.18,225.58,34.47,38.9,39.31,94.12,2.2,0.38,50.96,5.2,22.53,NA,2.19,2.36,2.63,36.58,37.38,0.13,45.92,NA,NA,225.32,742.24,1.37
2026-06-08 21:00:00,32.55,217.4,32.7,38.45,37.56,79.63,1.81,0.24,59.28,5.35,20.74,NA,2.11,2.07,2.52,36.11,38.11,0.12,57.63,NA,NA,226.89,742.28,1.35
2026-06-08 22:00:00,44.78,214.58,34.39,37.64,38.62,74.73,2.0,0.4,44.09,4.03,17.51,NA,1.31,1.75,1.69,35.45,39.91,0.27,48.02,NA,NA,226.11,742.29,1.33
2026-06-08 23:00:00,48.03,202.7,32.87,40.17,38.62,75.84,7.75,0.09,44.45,3.77,16.46,NA,1.1,1.66,1.51,35.47,40.33,0.42,53.37,NA,NA,227.09,742.27,1.32
2026-06-09 00:00:00,50.65,185.9,32.97,37.09,37.22,58.66,8.02,0.16,47.31,2.89,15.7,NA,0.93,1.36,1.54,34.64,41.35,0.42,51.63,NA,NA,225.51,742.24,1.29
2026-06-09 01:00:00,44.88,168.1,37.14,38.3,41.43,59.45,10.96,0.03,44.93,2.92,15.87,NA,0.95,1.35,1.58,34.43,41.5,0.85,46.08,NA,NA,227.3,742.27,1.28
2026-06-09 02:00:00,34.95,149.15,34.52,37.77,38.78,58.73,10.91,2.03,44.16,2.89,15.87,NA,0.94,1.37,1.53,33.61,44.69,0.85,41.44,NA,NA,226.28,742.26,1.25
2026-06-09 03:00:00,29.98,124.88,32.21,37.61,36.78,58.1,0.59,3.18,54.47,3.33,16.56,NA,1.07,1.62,1.62,31.92,43.65,1.05,52.02,NA,NA,227.57,742.26,1.17
2026-06-09 04:00:00,27.68,106.63,37.18,38.77,41.81,64.02,1.07,0.27,43.09,3.6,16.71,NA,1.2,1.77,1.64,31.89,40.52,0.86,97.01,NA,NA,225.49,742.24,1.17
2026-06-09 05:00:00,57.5,94.15,35.55,39.5,40.48,64.6,7.11,0.13,38.83,3.61,16.6,NA,1.2,1.72,1.63,31.25,43.83,0.53,173.41,NA,NA,226.16,742.25,1.14
2026-06-09 06:00:00,77.75,86.2,32.11,37.43,36.51,65.81,6.9,0.37,48.26,3.93,17.64,NA,1.24,1.9,1.7,31.24,45.79,0.96,31.0,NA,NA,225.13,742.25,1.14
2026-06-09 07:00:00,NA,NA,33.9,36.76,37.87,68.07,1.72,0.45,59.66,4.83,20.67,NA,1.36,1.99,1.95,32.8,42.78,0.87,32.01,NA,NA,226.62,742.3,1.21
2026-06-09 08:00:00,58.27,66.63,35.22,37.0,39.0,74.81,1.81,1.09,51.49,4.7,21.56,NA,1.51,2.15,2.04,35.06,35.58,1.07,48.72,NA,NA,226.52,742.27,1.31
2026-06-09 09:00:00,45.85,67.68,32.6,38.0,37.28,84.48,2.1,1.39,68.83,3.98,22.55,NA,2.01,2.52,2.47,36.75,34.2,1.32,49.43,NA,NA,227.2,742.27,1.38
2026-06-09 10:00:00,36.1,87.2,37.57,36.92,41.16,81.47,1.23,0.0,54.54,3.83,22.78,NA,2.01,2.46,2.44,38.08,33.08,0.75,55.39,NA,NA,228.09,742.27,1.44
2026-06-09 11:00:00,30.55,106.4,33.56,36.23,37.15,74.04,6.09,1.48,46.86,3.96,22.87,NA,2.0,2.47,2.42,39.16,32.67,0.44,109.57,NA,NA,227.16,742.26,1.48
2026-06-09 12:00:00,31.35,117.18,32.66,34.74,40.88,52.53,5.14,0.33,72.24,3.84,22.49,NA,1.98,2.45,2.46,40.0,31.62,0.4,90.89,NA,NA,227.98,742.29,1.52
2026-06-09 13:00:00,31.4,133.4,31.03,27.87,39.11,45.49,6.04,0.69,71.81,3.94,22.22,NA,2.01,2.47,2.43,40.64,28.93,NA,NA,NA,NA,227.85,742.29,1.55
2026-06-09 14:00:00,30.7,142.25,34.52,29.4,43.02,45.52,6.18,0.76,81.99,3.9,22.35,NA,2.0,2.48,2.45,41.39,28.22,NA,NA,NA,NA,227.34,742.27,1.58
2026-06-09 15:00:00,36.95,131.35,27.85,30.56,37.7,44.96,5.38,0.82,80.91,3.98,22.91,NA,2.01,2.47,2.44,41.7,26.85,0.11,19.74,NA,NA,227.1,742.3,1.6
2026-06-09 16:00:00,40.18,128.35,30.12,29.74,39.29,53.21,5.74,0.47,78.41,3.89,22.69,NA,1.99,2.44,2.41,40.49,28.44,NA,NA,NA,NA,228.39,742.26,1.54
2026-06-09 17:00:00,36.6,127.05,31.68,30.68,41.15,55.31,8.02,0.49,80.48,3.86,22.71,NA,2.0,2.43,2.43,37.32,31.52,NA,NA,NA,NA,225.63,742.25,1.4
2026-06-09 18:00:00,33.28,125.68,28.91,29.73,38.43,50.41,8.73,0.42,67.16,4.15,23.3,NA,2.07,2.57,2.54,37.7,27.31,NA,NA,NA,NA,227.12,742.27,1.42
2026-06-09 19:00:00,74.15,128.9,30.2,29.86,39.57,53.41,5.1,0.29,71.09,4.94,24.41,NA,2.33,2.71,2.82,37.1,30.45,NA,NA,NA,NA,227.01,742.29,1.39
2026-06-09 20:00:00,120.7,142.35,28.84,29.85,38.48,56.63,3.96,2.54,53.2,5.18,22.1,NA,2.21,2.32,2.66,36.75,34.62,NA,NA,NA,NA,226.46,742.3,1.38
2026-06-09 21:00:00,93.63,151.15,29.05,29.2,38.14,44.37,6.68,1.01,46.29,5.27,21.55,NA,2.11,2.07,2.52,36.12,34.61,NA,NA,NA,NA,225.87,742.27,1.35
2026-06-09 22:00:00,67.93,161.15,29.63,30.7,39.69,40.2,7.87,0.78,51.28,4.04,17.16,NA,1.3,1.78,1.7,35.88,33.95,NA,NA,NA,NA,226.09,742.3,1.35
2026-06-09 23:00:00,58.03,157.9,30.38,29.4,39.58,40.66,7.21,0.88,41.7,3.72,16.62,NA,1.11,1.67,1.52,35.69,37.37,NA,NA,NA,NA,225.33,742.26,1.34
2026-06-10 00:00:00,56.7,150.9,28.02,29.89,37.78,27.06,6.89,0.39,47.49,2.91,16.06,NA,0.94,1.37,1.58,34.81,39.22,NA,NA,NA,NA,225.78,742.3,1.3
2026-06-10 01:00:00,59.63,148.6,26.9,29.71,36.67,27.05,4.13,0.23,56.19,2.88,16.13,NA,0.95,1.36,1.52,34.24,39.08,NA,NA,NA,NA,225.14,742.26,1.27
2026-06-10 02:00:00,53.98,141.2,27.49,29.33,36.73,27.06,4.05,0.84,51.38,3.0,15.94,NA,0.96,1.35,1.55,33.54,40.09,NA,NA,NA,NA,226.31,742.27,1.24
2026-06-10 03:00:00,52.88,142.3,30.51,31.0,40.38,26.95,8.03,0.61,55.28,3.29,16.52,NA,1.08,1.56,1.58,32.8,41.03,NA,NA,NA,NA,225.2,742.21,1.21
2026-06-10 04:00:00,48.6,154.63,31.44,29.77,40.69,31.52,7.51,0.85,49.4,3.61,16.72,NA,1.2,1.79,1.58,31.82,45.01,NA,NA,NA,NA,226.77,742.26,1.17
2026-06-10 05:00:00,41.4,174.88,27.68,31.32,38.25,32.75,4.26,0.73,41.37,3.57,17.01,NA,1.2,1.76,1.63,31.92,41.51,NA,NA,NA,NA,227.0,742.29,1.17
2026-06-10 06:00:00,40.0,205.08,24.94,31.15,35.76,33.65,3.6,0.68,61.27,3.86,17.72,NA,1.24,1.85,1.68,31.81,43.23,NA,NA,NA,NA,225.74,742.24,1.17
2026-06-10 07:00:00,42.05,236.13,31.28,32.58,41.85,34.34,6.56,0.84,48.37,4.7,21.03,NA,1.35,2.06,1.92,32.44,49.48,NA,NA,NA,NA,226.36,742.25,1.19
2026-06-10 08:00:00,45.95,229.25,28.62,31.43,38.96,39.81,6.43,0.29,68.24,4.55,21.52,NA,1.51,2.19,2.03,34.13,45.28,NA,NA,NA,NA,226.52,742.27,1.27
2026-06-10 09:00:00,49.65,210.78,29.73,31.03,39.95,50.0,0.43,0.41,54.23,3.88,22.24,NA,2.0,2.44,2.45,35.64,39.16,NA,NA,NA,NA,228.13,742.31,1.33
2026-06-10 10:00:00,98.98,220.73,31.2,32.46,39.37,52.58,0.41,0.48,74.37,3.89,22.63,NA,1.98,2.44,2.45,36.72,34.52,NA,NA,NA,NA,226.7,742.26,1.38
2026-06-10 11:00:00,108.38,228.1,40.15,33.98,40.23,67.56,0.61,0.71,76.64,3.91,23.15,NA,2.01,2.46,2.48,38.41,28.91,0.4,134.99,NA,NA,225.8,742.24,1.45
2026-06-10 12:00:00,84.2,212.3,35.25,34.16,37.19,63.79,0.71,0.53,85.96,3.91,22.41,NA,2.0,2.49,2.46,38.84,30.69,NA,NA,NA,NA,227.83,742.31,1.47
2026-06-10 13:00:00,65.98,187.03,36.68,32.27,37.22,66.13,4.02,0.65,91.79,3.99,22.55,NA,2.0,2.41,2.43,39.54,26.92,NA,NA,NA,NA,226.58,742.26,1.5
2026-06-10 14:00:00,50.05,176.95,35.6,28.64,36.98,66.24,4.26,0.48,85.12,3.95,22.23,NA,2.0,2.46,2.47,40.0,25.1,NA,NA,NA,NA,226.89,742.27,1.52
2026-06-10 15:00:00,40.0,168.6,25.71,23.23,27.17,66.57,5.41,0.54,79.9,3.89,22.66,NA,1.99,2.44,2.44,40.19,23.36,NA,NA,NA,NA,225.95,742.24,1.53
2026-06-10 16:00:00,85.8,155.03,26.27,24.6,28.9,74.71,5.98,0.58,80.25,3.91,22.93,NA,2.0,2.48,2.43,40.26,22.19,NA,NA,NA,NA,226.11,742.26,1.53
2026-06-10 17:00:00,94.83,150.63,25.11,25.2,27.87,78.43,7.54,0.92,77.23,3.77,22.67,NA,1.99,2.46,2.43,39.86,23.13,NA,NA,NA,NA,225.95,742.27,1.51
2026-06-10 18:00:00,69.18,166.83,24.28,25.61,27.27,79.66,9.06,0.24,70.91,4.23,23.1,NA,2.04,2.5,2.55,38.91,25.21,NA,NA,NA,NA,225.79,742.26,1.48
2026-06-10 19:00:00,96.75,199.48,31.02,28.04,36.98,79.46,9.98,0.34,69.73,4.79,25.07,NA,2.36,2.71,2.86,37.74,27.34,NA,NA,NA,NA,226.66,742.29,1.42
2026-06-10 20:00:00,93.05,212.2,27.3,23.49,29.22,84.94,10.02,0.53,59.81,4.92,22.88,NA,2.21,2.33,2.67,37.25,30.62,NA,NA,NA,NA,227.28,742.31,1.4
2026-06-10 21:00:00,66.33,195.05,24.08,24.1,26.13,72.74,4.02,0.23,78.72,5.22,21.27,NA,2.11,2.07,2.51,36.21,37.93,NA,NA,NA,NA,225.3,742.26,1.36
2026-06-10 22:00:00,59.9,191.08,27.72,25.19,31.1,69.8,5.01,0.08,77.66,3.99,17.35,NA,1.29,1.74,1.7,34.15,50.55,NA,NA,NA,NA,226.7,742.27,1.27
2026-06-10 23:00:00,54.0,188.13,28.26,25.3,32.13,70.73,5.23,0.0,83.87,3.73,16.46,NA,1.12,1.65,1.52,33.11,54.77,NA,NA,NA,NA,227.69,742.31,1.22
2026-06-11 00:00:00,42.35,161.13,28.73,25.17,32.38,55.21,5.27,0.09,72.55,2.84,15.93,NA,0.94,1.38,1.6,31.24,55.05,1.46,180.03,NA,NA,227.45,742.27,1.14
2026-06-11 01:00:00,45.73,155.05,26.1,24.86,29.01,54.99,7.18,0.02,70.67,2.8,16.11,NA,0.91,1.36,1.53,28.76,56.73,1.0,231.18,NA,NA,227.45,742.28,1.04
2026-06-11 02:00:00,54.2,139.25,25.53,25.0,29.27,55.27,6.28,0.37,77.78,2.93,16.05,NA,0.95,1.37,1.52,27.8,59.8,NA,NA,NA,NA,226.84,742.28,1.0
2026-06-11 03:00:00,48.55,93.9,30.65,23.99,33.71,55.31,0.35,0.23,63.54,3.29,16.6,NA,1.11,1.61,1.62,27.99,59.64,NA,NA,NA,NA,227.33,742.23,1.0
2026-06-11 04:00:00,48.03,65.33,25.85,24.95,28.67,59.54,0.21,0.37,68.34,3.63,16.63,NA,1.2,1.73,1.59,28.36,58.38,NA,NA,NA,NA,226.14,742.28,1.02
2026-06-11 05:00:00,44.43,54.38,27.93,24.47,30.55,60.13,0.44,0.33,56.9,3.67,16.64,NA,1.2,1.78,1.62,28.13,61.53,NA,NA,NA,NA,225.51,742.25,1.01
2026-06-11 06:00:00,37.2,53.8,33.07,25.17,37.61,60.97,0.49,0.19,66.87,3.95,17.88,NA,1.23,1.83,1.69,27.9,64.37,NA,NA,NA,NA,226.13,742.27,1.0
2026-06-11 07:00:00,33.6,58.2,26.3,26.39,30.79,62.06,5.94,0.1,66.88,4.82,21.23,NA,1.34,2.06,1.99,29.26,59.16,NA,NA,NA,NA,226.46,742.26,1.06
2026-06-11 08:00:00,31.8,56.75,25.44,24.49,28.09,68.63,5.78,0.67,64.94,4.56,21.05,NA,1.49,2.18,2.04,30.67,53.27,NA,NA,NA,NA,225.41,742.24,1.12
2026-06-11 09:00:00,30.93,51.65,27.19,24.75,30.07,77.75,6.15,1.1,72.4,3.98,22.43,NA,1.99,2.44,2.43,31.77,49.17,NA,NA,NA,NA,226.78,742.3,1.17
2026-06-11 10:00:00,49.4,63.9,29.63,28.84,29.97,68.25,6.19,0.82,66.6,3.6,21.09,NA,1.92,2.24,2.23,32.69,46.38,NA,NA,NA,NA,226.42,742.27,1.2
2026-06-11 11:00:00,56.97,79.95,31.73,37.56,24.88,46.05,6.4,1.55,82.87,2.97,15.29,NA,1.65,1.71,1.57,34.81,41.34,NA,NA,NA,NA,227.05,742.29,1.3
2026-06-11 12:00:00,49.8,76.4,35.2,34.8,26.29,42.29,6.49,0.54,99.51,2.94,15.87,NA,1.64,1.69,1.58,35.0,40.44,NA,NA,NA,NA,226.1,742.26,1.3
2026-06-11 13:00:00,NA,NA,39.63,38.38,31.97,43.92,1.06,0.54,98.49,2.96,15.91,NA,1.65,1.71,1.56,35.75,37.8,NA,NA,NA,NA,227.33,742.31,1.34
2026-06-11 14:00:00,63.2,64.35,38.94,36.51,30.63,43.97,1.36,0.5,79.65,2.91,15.8,NA,1.67,1.68,1.58,35.72,39.38,NA,NA,NA,NA,226.32,742.28,1.34
2026-06-11 15:00:00,53.1,60.0,35.99,35.67,29.81,45.98,0.17,0.52,78.38,2.98,15.68,NA,1.67,1.73,1.58,35.15,40.61,NA,NA,NA,NA,226.12,742.27,1.31
2026-06-11 16:00:00,49.4,56.68,33.64,24.93,33.94,62.21,0.29,0.58,77.34,2.96,15.82,NA,1.65,1.69,1.57,34.43,44.57,NA,NA,NA,NA,225.13,742.25,1.28
2026-06-11 17:00:00,51.2,58.3,32.68,24.18,32.8,67.57,0.36,0.66,71.97,2.85,15.9,NA,1.62,1.73,1.59,33.62,49.31,NA,NA,NA,NA,224.77,742.26,1.24
2026-06-11 18:00:00,NA,NA,29.02,25.96,30.35,68.97,0.31,0.54,69.31,3.3,16.02,NA,1.72,1.74,1.67,32.15,53.5,NA,NA,NA,NA,224.66,742.21,1.18
2026-06-11 19:00:00,NA,NA,28.41,25.65,29.29,67.64,0.53,0.59,62.53,3.87,18.06,NA,2.0,1.95,1.97,30.88,59.0,NA,NA,NA,NA,227.6,742.31,1.13
2026-06-11 20:00:00,57.6,65.3,29.27,26.56,30.94,73.94,0.46,0.11,66.75,4.04,15.74,NA,1.85,1.56,1.78,30.42,60.64,NA,NA,NA,NA,227.45,742.3,1.11
2026-06-11 21:00:00,46.15,61.93,26.3,25.07,26.4,61.84,1.06,0.04,59.02,4.27,14.27,NA,1.76,1.32,1.66,30.03,62.62,NA,NA,NA,NA,227.68,742.27,1.09
2026-06-11 22:00:00,41.6,62.7,28.1,23.86,27.83,57.77,1.93,0.2,46.78,3.0,10.56,NA,0.95,1.0,0.85,29.55,65.77,NA,NA,NA,NA,229.07,742.28,1.07
2026-06-11 23:00:00,159.8,68.3,29.54,23.83,28.86,57.42,1.19,0.09,52.72,2.84,9.38,NA,0.76,0.96,0.66,29.09,68.5,NA,NA,NA,NA,227.71,742.24,1.05
2026-06-12 00:00:00,95.5,97.6,29.58,25.72,30.58,44.34,1.16,0.23,53.1,1.95,8.84,NA,0.6,0.6,0.71,28.45,74.27,NA,NA,NA,NA,229.58,742.27,1.02
2026-06-12 01:00:00,86.57,91.1,28.45,25.35,28.94,44.35,7.52,0.11,57.72,1.96,9.06,NA,0.61,0.57,0.7,28.15,73.49,NA,NA,NA,NA,227.54,742.29,1.01
2026-06-12 02:00:00,75.6,76.4,32.79,24.74,33.34,43.87,6.91,0.84,43.78,1.94,8.94,NA,0.55,0.63,0.7,27.77,74.88,NA,NA,NA,NA,229.43,742.21,1.0
2026-06-12 03:00:00,NA,NA,31.23,25.53,32.21,44.07,6.85,0.26,52.0,2.28,9.51,NA,0.76,0.84,0.71,27.61,74.6,NA,NA,NA,NA,231.82,742.31,0.99
2026-06-12 04:00:00,NA,NA,31.71,27.54,34.27,48.66,6.48,0.53,51.15,2.63,9.97,NA,0.86,0.99,0.8,27.37,75.64,NA,NA,NA,NA,230.24,742.3,0.98
2026-06-12 05:00:00,NA,NA,30.68,23.79,30.46,48.78,6.6,0.39,49.99,2.61,9.59,NA,0.86,1.03,0.81,27.28,77.25,NA,NA,NA,NA,230.08,742.27,0.97
2026-06-12 06:00:00,NA,NA,29.38,24.96,29.9,50.59,6.32,0.49,64.41,2.91,10.77,NA,0.89,1.09,0.84,27.19,77.28,1.01,117.27,NA,NA,230.53,742.29,0.97
2026-06-12 07:00:00,NA,NA,27.23,24.52,26.93,50.7,7.03,0.4,62.62,3.92,13.71,NA,1.0,1.36,1.13,27.17,77.86,NA,NA,NA,NA,230.64,742.32,0.97
2026-06-12 08:00:00,NA,NA,34.66,23.42,34.28,57.23,7.08,0.88,52.43,3.58,14.66,NA,1.15,1.4,1.19,27.82,71.36,NA,NA,NA,NA,228.32,742.3,1.0
2026-06-12 09:00:00,NA,NA,30.66,24.87,31.24,66.7,4.09,1.58,58.01,2.88,15.01,NA,1.67,1.71,1.6,29.03,65.94,0.14,201.91,NA,NA,226.58,742.22,1.05
2026-06-12 10:00:00,57.0,NA,27.79,24.38,27.83,62.76,3.94,NA,56.12,2.97,15.84,NA,1.64,1.69,1.56,29.1,67.41,NA,NA,NA,NA,227.58,742.3,1.05
2026-06-12 11:00:00,NA,NA,32.56,23.56,31.95,55.62,0.05,NA,41.43,2.97,15.94,NA,1.65,1.67,1.6,30.07,65.2,NA,NA,NA,NA,229.0,742.29,1.09
2026-06-12 12:00:00,NA,16.0,28.43,25.12,28.74,50.72,0.21,NA,54.05,2.95,14.99,NA,1.67,1.71,1.56,31.83,59.59,NA,NA,NA,NA,227.74,742.27,1.17
2026-06-12 13:00:00,35.4,33.97,33.64,33.41,29.74,61.26,NA,1.49,67.55,3.25,18.13,NA,2.07,2.2,1.98,33.61,53.7,5.75,258.32,NA,NA,228.31,742.28,1.25
2026-06-12 14:00:00,36.55,71.1,39.02,37.67,30.02,66.09,NA,0.86,67.48,3.68,20.65,NA,2.42,2.66,2.29,34.5,49.49,4.53,167.8,NA,NA,227.45,742.28,1.28
2026-06-12 15:00:00,40.05,71.73,38.14,39.52,30.31,NA,8.12,0.86,75.72,3.53,20.61,NA,2.44,2.59,2.36,34.42,50.47,4.73,168.37,NA,NA,227.45,742.27,1.28
2026-06-12 16:00:00,42.38,75.88,37.85,39.21,29.94,82.15,8.21,0.15,70.29,3.32,20.7,NA,2.4,2.78,2.25,34.16,51.52,4.88,166.46,NA,NA,227.38,742.29,1.27
2026-06-12 17:00:00,49.43,84.48,31.62,38.92,24.53,82.15,7.78,0.27,38.76,NA,NA,NA,NA,NA,NA,34.01,51.5,4.51,170.26,NA,NA,227.38,742.3,1.26
2026-06-12 18:00:00,58.88,91.82,35.5,37.24,26.95,83.38,7.62,0.68,30.78,4.74,20.42,NA,2.83,2.89,2.8,32.53,61.34,4.9,160.49,NA,NA,228.48,742.27,1.2
2026-06-12 19:00:00,47.13,97.35,37.35,40.13,30.13,82.66,7.28,0.47,24.06,4.6,22.64,NA,2.72,2.9,2.72,31.72,62.85,4.87,157.65,NA,NA,228.96,742.29,1.17
2026-06-12 20:00:00,55.75,96.15,39.5,40.02,31.78,87.1,6.93,0.69,29.7,4.7,20.57,NA,2.64,2.58,2.55,31.41,62.76,4.98,155.42,NA,NA,228.97,742.25,1.15
2026-06-12 21:00:00,80.03,93.05,40.54,36.51,30.7,71.51,3.92,0.65,25.97,4.78,18.69,NA,2.53,2.24,2.41,30.9,66.62,4.79,146.53,NA,NA,228.02,742.3,1.13
2026-06-12 22:00:00,63.3,91.6,35.94,39.81,29.04,70.12,4.64,0.07,16.5,3.75,15.34,NA,1.71,1.94,1.59,30.46,70.72,5.0,160.22,NA,NA,228.61,742.31,1.11
2026-06-12 23:00:00,52.83,89.03,39.37,43.09,33.63,70.03,9.5,0.0,6.58,3.47,14.4,NA,1.54,1.9,1.4,30.12,73.94,5.0,150.95,NA,NA,235.82,742.34,1.09
2026-06-13 00:00:00,49.8,86.3,30.72,40.18,24.19,53.16,9.28,0.69,22.44,2.53,13.61,NA,1.33,1.56,1.42,29.79,75.74,5.0,155.7,NA,NA,233.41,742.31,1.08
2026-06-13 01:00:00,48.0,82.6,36.84,38.15,27.95,53.33,6.83,0.52,20.23,2.61,13.69,NA,1.38,1.56,1.46,29.6,76.78,5.01,148.59,NA,NA,233.71,742.33,1.07
2026-06-13 02:00:00,51.35,95.52,45.54,44.14,39.04,52.35,7.15,1.0,14.58,2.56,13.47,NA,1.35,1.56,1.44,29.56,76.1,5.01,150.97,NA,NA,232.04,742.32,1.07
2026-06-13 03:00:00,52.65,116.1,41.11,40.44,33.17,52.86,4.31,1.22,10.91,2.98,14.22,NA,1.51,1.83,1.5,29.56,75.32,5.04,157.37,NA,NA,231.39,742.32,1.07
2026-06-13 04:00:00,44.98,113.35,38.2,38.99,29.57,58.67,4.86,0.32,15.99,3.27,14.54,NA,1.62,1.92,1.5,29.6,73.9,3.96,111.78,NA,NA,232.1,742.32,1.07
2026-06-13 05:00:00,40.93,107.85,38.95,39.26,30.7,59.25,5.79,0.05,19.6,3.25,14.69,NA,1.62,1.94,1.47,29.53,73.97,5.02,164.16,NA,NA,234.71,742.37,1.07
2026-06-13 06:00:00,39.78,107.5,36.94,39.0,29.41,60.44,5.53,0.36,16.58,3.6,15.79,NA,1.66,2.01,1.6,29.93,72.41,3.8,132.64,NA,NA,231.88,742.29,1.09
2026-06-13 07:00:00,40.18,103.05,41.99,38.72,33.35,60.28,4.06,0.89,19.41,4.54,18.89,NA,1.76,2.27,1.86,29.51,70.84,3.61,122.63,NA,NA,228.65,742.32,1.07
2026-06-13 08:00:00,41.4,99.38,37.39,39.71,30.0,67.68,4.45,0.19,17.85,4.34,18.6,NA,1.89,2.32,1.96,24.4,88.95,4.4,141.9,NA,NA,229.13,742.26,0.85
2026-06-13 09:00:00,30.5,67.25,27.13,34.45,28.84,49.96,4.51,0.08,44.69,3.56,20.16,NA,2.43,2.64,2.36,24.15,94.84,4.96,154.29,NA,NA,371.43,743.48,0.84
2026-06-13 10:00:00,49.6,59.3,23.19,33.86,26.39,43.41,4.23,0.82,44.83,3.6,20.42,NA,2.42,2.64,2.34,25.84,88.44,4.34,162.6,NA,NA,245.2,742.51,0.91
2026-06-13 11:00:00,NA,NA,24.35,34.36,28.21,40.06,4.61,1.42,52.79,3.55,20.49,NA,2.4,2.65,2.32,29.19,72.06,2.08,112.17,NA,NA,254.5,742.54,1.06
2026-06-13 12:00:00,29.7,39.5,27.4,33.02,31.02,36.11,4.67,0.54,39.89,3.5,19.85,NA,2.41,2.64,2.34,31.57,63.01,2.21,104.65,NA,NA,268.66,742.6,1.16
2026-06-13 13:00:00,26.73,33.98,24.49,31.1,26.29,38.03,3.2,1.07,54.95,3.6,20.23,NA,2.41,2.65,2.35,33.27,52.32,2.51,111.68,NA,NA,281.21,742.68,1.23
2026-06-13 14:00:00,19.8,28.1,25.54,31.64,27.89,38.5,3.08,0.73,39.35,3.57,20.12,NA,2.4,2.66,2.32,34.07,48.45,3.9,110.75,NA,NA,276.11,742.63,1.26
2026-06-13 15:00:00,NA,NA,24.98,33.55,28.38,38.36,2.53,0.76,45.93,3.53,20.2,NA,2.42,2.63,2.31,34.55,47.78,3.7,58.37,NA,NA,268.04,742.54,1.29
2026-06-13 16:00:00,NA,NA,26.53,31.41,28.96,43.75,4.23,0.95,54.48,3.63,20.4,NA,2.44,2.59,2.35,34.64,48.3,4.6,55.39,NA,NA,254.04,742.41,1.29
2026-06-13 17:00:00,32.05,40.35,26.59,34.62,30.86,46.22,6.91,1.03,64.83,3.55,20.35,NA,2.4,2.65,2.34,34.23,50.11,3.69,123.85,NA,NA,247.55,742.44,1.27
2026-06-13 18:00:00,32.68,41.28,27.18,32.29,30.36,47.13,7.24,0.23,70.5,3.74,20.62,NA,2.51,2.69,2.42,33.31,49.17,3.34,103.1,NA,NA,239.78,742.37,1.23
2026-06-13 19:00:00,35.68,50.75,27.99,33.84,32.29,48.31,0.81,0.01,50.69,4.66,22.58,NA,2.74,2.9,2.76,32.44,54.48,4.19,98.05,NA,NA,237.3,742.31,1.19
2026-06-13 20:00:00,34.4,60.1,27.61,32.3,30.71,51.14,1.01,0.29,52.82,4.88,20.38,NA,2.63,2.54,2.55,31.84,57.55,4.7,132.62,NA,NA,236.11,742.36,1.17
2026-06-13 21:00:00,NA,NA,26.25,33.18,29.6,42.48,7.33,0.02,52.28,4.85,19.42,NA,2.53,2.26,2.41,30.88,68.37,5.01,151.0,NA,NA,235.5,742.3,1.13
2026-06-13 22:00:00,NA,NA,28.5,30.09,30.46,41.05,7.57,0.51,59.69,3.8,15.65,NA,1.71,1.98,1.59,30.48,66.7,5.02,146.55,NA,NA,237.23,742.38,1.11
2026-06-13 23:00:00,67.0,48.4,29.78,30.91,32.55,42.52,3.09,0.46,40.21,3.4,14.31,NA,1.53,1.91,1.41,30.21,63.79,5.04,143.61,NA,NA,234.37,742.36,1.1
2026-06-14 00:00:00,46.7,48.3,27.33,33.64,31.14,31.07,3.19,0.32,45.41,2.58,13.78,NA,1.35,1.55,1.42,29.88,65.14,5.04,146.54,NA,NA,234.31,742.32,1.08
2026-06-14 01:00:00,43.9,46.8,23.98,33.7,27.16,31.02,6.78,0.14,43.93,2.6,13.93,NA,1.38,1.55,1.46,29.83,68.51,4.58,87.31,NA,NA,235.27,742.34,1.08
2026-06-14 02:00:00,41.4,47.0,27.1,33.71,31.03,30.98,7.15,0.54,39.47,2.5,13.3,NA,1.37,1.52,1.45,29.53,68.91,3.89,100.22,NA,NA,233.77,742.3,1.07
2026-06-14 03:00:00,35.3,41.2,24.75,33.01,27.65,30.98,8.43,0.3,47.91,3.06,14.25,NA,1.52,1.78,1.48,28.99,73.48,4.39,70.79,NA,NA,234.32,742.32,1.05
2026-06-14 04:00:00,30.9,40.9,25.67,32.44,28.51,33.81,8.67,0.19,37.22,3.31,14.22,NA,1.62,1.96,1.46,28.68,77.43,4.45,123.51,NA,NA,235.52,742.3,1.03
2026-06-14 05:00:00,33.38,45.4,27.54,30.68,29.75,35.03,2.88,0.16,36.6,3.31,14.47,NA,1.62,1.97,1.53,28.31,78.05,4.68,143.16,NA,NA,235.99,742.33,1.02
2026-06-14 06:00:00,38.28,50.6,26.92,30.17,28.77,35.49,2.11,0.57,39.65,3.58,15.37,NA,1.66,2.01,1.56,29.14,68.61,4.94,153.6,NA,NA,236.99,742.33,1.05
2026-06-14 07:00:00,44.1,50.35,26.24,33.5,29.97,36.02,0.46,0.53,37.94,4.59,18.77,NA,1.78,2.32,1.88,30.26,63.48,4.9,156.88,NA,NA,246.32,742.43,1.1
2026-06-14 08:00:00,41.0,47.6,30.09,33.86,34.66,39.71,0.48,0.62,36.64,4.28,19.12,NA,1.93,2.33,1.91,32.09,55.72,4.49,152.33,NA,NA,290.22,742.71,1.18
2026-06-14 09:00:00,27.1,42.35,25.62,33.25,29.07,46.19,0.62,0.94,37.14,3.61,19.96,NA,2.44,2.64,2.31,33.59,48.55,4.51,150.45,NA,NA,315.22,742.91,1.25
2026-06-14 10:00:00,23.43,43.33,27.42,32.09,30.47,44.86,0.75,0.45,33.67,3.63,20.23,NA,2.39,2.61,2.37,34.86,42.82,3.65,131.36,NA,NA,299.5,742.78,1.3
2026-06-14 11:00:00,27.53,45.9,25.34,31.36,27.48,40.29,5.58,0.72,57.63,3.63,20.27,NA,2.42,2.62,2.36,35.68,41.47,3.8,126.89,NA,NA,277.17,742.63,1.33
2026-06-14 12:00:00,18.78,47.05,23.79,32.72,26.45,36.28,5.55,0.52,50.57,3.68,20.38,NA,2.41,2.64,2.3,36.61,37.01,4.07,140.82,NA,NA,271.17,742.6,1.38
2026-06-14 13:00:00,14.38,48.98,26.59,33.39,30.17,38.1,11.41,0.37,46.95,3.54,20.68,NA,2.43,2.7,2.34,37.32,32.87,3.92,141.04,NA,NA,265.44,742.56,1.4
2026-06-14 14:00:00,13.58,47.93,27.03,33.07,30.77,39.0,11.92,0.7,39.19,3.56,20.71,NA,2.41,2.63,2.3,37.88,31.93,3.88,140.08,NA,NA,260.61,742.53,1.43
2026-06-14 15:00:00,15.5,49.5,27.02,32.06,29.88,38.57,5.31,0.78,35.82,3.57,20.06,NA,2.42,2.68,2.33,38.06,31.87,3.62,122.9,NA,NA,253.96,742.47,1.44
2026-06-14 16:00:00,16.73,55.5,24.62,33.24,27.7,43.79,5.61,0.55,46.3,3.56,20.34,NA,2.42,2.65,2.32,37.64,32.53,3.99,138.56,NA,NA,244.2,742.4,1.42
2026-06-14 17:00:00,21.3,65.07,25.98,29.99,27.03,46.74,3.63,0.38,48.01,3.6,19.93,NA,2.42,2.64,2.31,37.01,33.72,4.07,134.55,NA,NA,240.12,742.38,1.39
2026-06-14 18:00:00,27.65,78.1,26.71,32.28,29.47,47.47,4.53,0.86,41.59,3.86,21.02,NA,2.5,2.68,2.44,35.79,37.95,4.94,152.22,NA,NA,235.72,742.36,1.34
2026-06-14 19:00:00,22.85,82.2,27.63,32.73,31.11,47.08,4.22,0.87,64.21,4.71,23.02,NA,2.77,2.89,2.69,34.84,39.84,4.97,149.47,NA,NA,232.83,742.35,1.3
2026-06-14 20:00:00,27.18,83.13,28.09,30.57,30.26,51.22,4.85,0.81,51.87,4.61,20.36,NA,2.61,2.55,2.55,34.12,43.72,4.62,89.39,NA,NA,231.7,742.3,1.27
2026-06-14 21:00:00,25.0,84.68,26.47,34.52,30.82,43.75,7.63,0.48,53.64,4.71,19.33,NA,2.51,2.28,2.41,33.71,47.05,4.52,107.72,NA,NA,229.67,742.27,1.25
2026-06-14 22:00:00,22.18,87.93,28.56,32.67,32.07,40.19,7.96,0.71,58.26,3.74,15.18,NA,1.73,1.96,1.59,33.08,49.64,4.97,112.3,NA,NA,230.3,742.32,1.22
2026-06-14 23:00:00,25.73,87.2,25.09,32.4,27.68,41.07,4.83,0.72,50.71,3.37,14.48,NA,1.52,1.92,1.41,32.23,53.29,5.02,120.23,NA,NA,228.97,742.26,1.19
2026-06-15 00:00:00,31.33,85.05,25.19,31.54,27.27,30.95,5.46,0.58,45.95,2.67,13.57,NA,1.34,1.56,1.45,32.1,53.41,5.03,120.22,NA,NA,229.48,742.27,1.18
2026-06-15 01:00:00,32.28,85.9,25.55,32.61,28.51,30.83,2.0,0.34,48.39,2.59,13.8,NA,1.34,1.55,1.42,31.89,54.3,5.03,120.22,NA,NA,228.74,742.27,1.17
2026-06-15 02:00:00,35.15,82.95,25.39,30.84,27.17,30.9,2.0,0.15,41.41,2.57,13.56,NA,1.36,1.52,1.43,32.14,54.2,4.64,79.38,NA,NA,230.22,742.31,1.18
2026-06-15 03:00:00,33.1,76.43,26.56,30.67,28.58,30.6,1.81,0.05,56.18,3.0,13.91,NA,1.52,1.79,1.44,31.61,49.4,4.24,135.76,NA,NA,229.2,742.28,1.16
2026-06-15 04:00:00,28.65,64.75,24.81,32.02,27.34,33.86,1.67,0.62,55.38,3.29,14.44,NA,1.62,1.91,1.5,31.15,47.9,4.2,135.46,NA,NA,229.09,742.31,1.14
2026-06-15 05:00:00,26.2,59.1,27.66,32.3,30.75,34.26,0.03,0.08,53.03,3.34,14.52,NA,1.62,1.95,1.47,30.96,46.56,4.89,150.7,NA,NA,231.27,742.34,1.13
2026-06-15 06:00:00,20.68,63.55,27.42,32.98,30.9,34.66,0.03,1.66,39.26,3.57,15.18,NA,1.66,2.05,1.58,30.76,48.02,4.91,148.48,NA,NA,229.69,742.28,1.12
2026-06-15 07:00:00,21.03,64.85,24.7,35.25,28.94,35.94,4.2,1.64,53.15,4.52,18.42,NA,1.77,2.22,1.85,31.68,45.47,4.8,151.41,NA,NA,234.46,742.31,1.16
2026-06-15 08:00:00,17.9,53.68,25.78,32.18,28.38,39.24,4.19,0.44,60.33,4.31,19.02,NA,1.92,2.36,1.97,33.2,40.87,4.41,145.16,NA,NA,251.73,742.46,1.23
2026-06-15 09:00:00,21.2,47.22,23.76,31.73,25.72,46.06,4.81,0.84,59.95,3.57,20.02,NA,2.43,2.66,2.31,34.63,37.74,3.81,126.05,NA,NA,258.86,742.5,1.29
2026-06-15 10:00:00,27.55,53.7,30.02,35.16,29.21,52.55,4.36,0.61,61.71,3.77,21.03,NA,2.57,2.77,2.46,35.84,34.73,2.31,106.28,NA,NA,255.0,742.44,1.34
2026-06-15 11:00:00,38.8,63.85,36.8,41.21,32.91,56.47,7.59,0.53,NA,3.94,23.22,NA,2.74,2.96,2.64,37.04,32.11,2.27,119.91,NA,NA,244.64,742.43,1.39
2026-06-15 12:00:00,32.22,77.13,39.18,37.66,32.87,51.51,7.15,1.37,NA,3.9,23.57,NA,2.76,2.94,2.68,38.3,29.63,2.47,106.27,NA,NA,241.53,742.37,1.45
2026-06-15 13:00:00,23.95,NA,35.47,40.95,31.32,54.91,1.21,1.48,NA,3.82,23.38,NA,2.75,2.98,2.66,39.0,28.15,2.51,77.03,NA,NA,239.1,742.34,1.48
2026-06-15 14:00:00,18.3,NA,NA,NA,NA,55.44,1.7,0.67,1.15,3.96,23.6,NA,2.75,2.97,2.65,39.24,26.74,2.52,73.01,NA,NA,236.66,742.33,1.49
2026-06-15 15:00:00,NA,NA,NA,NA,NA,55.47,7.37,0.79,NA,4.08,23.48,NA,2.74,2.93,2.62,39.49,24.48,2.43,69.04,NA,NA,234.57,742.34,1.5
2026-06-15 16:00:00,83.3,NA,29.31,36.03,22.85,63.33,7.55,0.93,12.86,3.96,22.85,NA,2.43,2.59,2.35,39.12,23.82,2.7,72.58,NA,NA,231.8,742.32,1.48
2026-06-15 17:00:00,13.43,56.1,34.45,32.52,25.66,70.64,5.01,1.32,22.19,3.88,22.41,NA,1.82,1.85,1.74,38.32,24.03,2.45,94.31,NA,NA,229.38,742.28,1.45
2026-06-15 18:00:00,42.08,92.57,33.59,32.47,24.87,68.92,6.56,0.64,21.12,4.08,22.71,NA,1.89,1.9,1.81,37.35,27.9,2.55,91.79,NA,NA,228.36,742.27,1.4
2026-06-15 19:00:00,86.43,100.33,37.26,32.84,28.09,71.01,6.43,0.19,23.38,4.96,24.55,NA,2.19,2.15,2.21,36.48,33.28,2.71,130.08,NA,NA,227.96,742.27,1.37
2026-06-15 20:00:00,71.33,118.5,30.19,31.76,21.97,77.2,6.37,0.17,28.18,5.16,21.87,NA,2.07,1.77,1.96,35.71,38.17,2.9,150.83,NA,NA,229.05,742.33,1.34
2026-06-15 21:00:00,62.5,118.23,36.23,32.39,26.95,64.87,5.43,0.06,26.69,5.34,20.43,NA,1.94,1.41,1.82,34.81,44.06,2.84,151.82,NA,NA,228.38,742.23,1.29
2026-06-15 22:00:00,76.9,114.9,32.57,31.4,23.44,60.6,5.49,0.77,24.19,3.97,16.46,NA,1.03,1.07,0.92,31.98,44.1,2.97,153.48,NA,NA,226.65,742.26,1.17
2026-06-15 23:00:00,58.93,115.8,33.63,32.9,25.07,61.3,0.02,0.76,9.8,3.77,15.45,NA,0.84,1.0,0.73,31.73,43.1,3.01,149.55,NA,NA,227.06,742.27,1.16
2026-06-16 00:00:00,72.53,90.08,35.03,32.29,25.97,46.89,0.01,1.29,5.39,2.89,14.4,NA,0.64,0.64,0.74,31.9,40.45,3.02,152.98,NA,NA,227.55,742.3,1.17
2026-06-16 01:00:00,36.53,66.05,33.46,34.21,25.6,46.69,0.19,0.69,4.65,2.78,14.33,NA,0.66,0.69,0.76,31.45,42.88,3.02,159.32,NA,NA,227.22,742.25,1.15
2026-06-16 02:00:00,18.3,53.5,32.3,32.88,23.99,47.18,0.48,0.65,1.44,2.78,14.46,NA,0.62,0.67,0.74,31.3,43.78,3.03,160.56,NA,NA,227.38,742.29,1.15
2026-06-16 03:00:00,9.15,58.8,37.36,32.48,27.92,47.15,0.22,0.64,1.39,3.25,15.19,NA,0.83,0.92,0.79,30.45,49.09,3.03,152.45,NA,NA,227.13,742.28,1.11
2026-06-16 04:00:00,4.58,57.15,32.61,33.03,24.36,51.39,0.14,1.63,2.86,3.6,15.57,NA,0.94,1.11,0.88,29.29,53.4,2.96,146.19,NA,NA,227.0,742.25,1.06
2026-06-16 05:00:00,2.28,52.93,34.83,32.44,25.92,51.98,1.87,1.6,1.84,3.55,15.25,NA,0.94,1.11,0.85,28.89,54.81,3.03,146.26,NA,NA,227.73,742.29,1.04
2026-06-16 06:00:00,1.13,53.9,31.93,33.32,23.8,54.12,1.02,0.9,1.32,3.87,16.36,NA,0.98,1.15,0.93,29.95,50.19,3.03,149.25,NA,NA,227.77,742.31,1.09
2026-06-16 07:00:00,0.58,57.35,36.89,32.74,27.99,53.94,4.21,1.0,2.17,4.86,19.78,NA,1.08,1.54,1.24,30.85,47.41,3.0,147.8,NA,NA,228.73,742.31,1.13
2026-06-16 08:00:00,5.97,53.97,33.18,32.62,24.71,59.56,5.24,0.51,2.31,4.67,20.47,NA,1.27,1.57,1.33,32.83,40.86,2.78,134.47,NA,NA,238.48,742.39,1.21
2026-06-16 09:00:00,39.5,62.7,47.08,32.84,35.68,69.0,9.72,0.5,19.28,3.8,22.47,NA,1.81,1.86,1.75,35.04,35.97,2.85,145.45,NA,NA,243.64,742.41,1.31
2026-06-16 10:00:00,34.78,69.7,35.64,31.65,26.49,65.13,3.92,0.62,25.71,3.94,21.69,NA,1.81,1.89,1.74,36.37,34.0,2.9,157.36,NA,NA,241.85,742.36,1.36
2026-06-16 11:00:00,19.63,81.5,31.01,34.71,23.72,59.87,0.8,0.5,5.48,3.95,22.3,NA,1.83,1.86,1.75,38.02,29.91,2.49,132.91,NA,NA,239.16,742.36,1.44
2026-06-16 12:00:00,21.23,81.0,34.95,34.14,27.15,54.86,0.65,0.66,7.64,3.89,21.81,NA,1.83,1.89,1.74,38.97,25.71,2.24,121.41,NA,NA,233.43,742.31,1.47
2026-06-16 13:00:00,21.35,69.28,30.56,31.87,22.05,58.11,1.41,1.31,10.33,3.89,21.98,NA,1.83,1.88,1.75,39.55,24.92,2.44,134.02,NA,NA,234.61,742.34,1.5
2026-06-16 14:00:00,21.2,60.05,30.45,32.0,22.18,59.06,0.31,0.5,15.92,3.84,21.71,NA,1.82,1.9,1.75,39.78,24.54,2.21,115.09,NA,NA,235.95,742.3,1.51
2026-06-16 15:00:00,25.5,74.43,37.77,32.09,28.05,58.0,6.53,0.5,12.69,3.84,22.24,NA,1.82,1.89,1.78,39.54,26.3,2.3,75.71,NA,NA,235.1,742.31,1.5
2026-06-16 16:00:00,32.63,97.35,33.3,35.67,26.12,65.27,6.51,0.82,6.73,3.9,22.03,NA,1.82,1.87,1.71,39.13,23.96,2.61,98.11,NA,NA,235.41,742.39,1.48
2026-06-16 17:00:00,18.83,111.53,38.35,32.2,28.51,70.84,0.14,0.74,8.29,3.85,21.9,NA,1.81,1.91,1.72,38.37,26.09,2.88,80.05,NA,NA,232.93,742.31,1.45
2026-06-16 18:00:00,10.1,117.98,29.51,32.75,21.69,70.67,0.26,1.08,14.15,4.21,22.03,NA,1.92,1.92,1.91,37.32,30.89,2.96,82.29,NA,NA,233.42,742.24,1.4
2026-06-16 19:00:00,9.0,134.03,32.67,32.12,24.01,72.6,0.29,1.13,6.49,4.94,23.78,NA,2.21,2.15,2.16,36.3,32.69,3.01,81.7,NA,NA,234.24,742.31,1.36
2026-06-16 20:00:00,31.48,144.35,28.59,28.72,21.22,69.1,1.41,0.79,4.68,5.2,21.95,NA,2.03,1.74,1.98,35.35,36.29,3.01,77.12,NA,NA,231.6,742.35,1.32
2026-06-16 21:00:00,48.25,153.1,27.73,23.95,20.1,54.09,6.11,2.34,17.52,5.38,19.83,NA,1.94,1.47,1.81,35.03,39.64,3.01,77.72,NA,NA,226.69,742.3,1.31
2026-06-16 22:00:00,53.65,149.38,25.03,26.09,19.06,48.88,6.16,1.13,32.85,4.01,16.06,NA,1.06,1.06,0.92,34.42,43.16,3.02,76.74,NA,NA,119.14,742.32,1.28
2026-06-16 23:00:00,64.13,153.8,24.26,25.8,18.03,48.91,NA,0.74,28.78,3.69,15.31,NA,0.84,0.97,0.72,33.78,45.93,2.98,73.67,NA,NA,56.85,742.27,1.25
2026-06-17 00:00:00,71.48,134.23,27.69,23.88,20.01,37.87,0.01,0.57,20.87,2.79,14.7,NA,0.69,0.66,0.76,33.54,46.47,3.02,77.85,NA,NA,57.65,742.3,1.24
2026-06-17 01:00:00,62.1,126.03,28.43,24.75,21.09,38.55,3.15,0.5,24.96,2.78,14.58,NA,0.63,0.65,0.76,33.01,47.97,2.99,74.32,NA,NA,57.55,742.25,1.22
2026-06-17 02:00:00,52.93,116.58,25.13,24.8,18.49,38.1,3.0,0.77,24.98,2.73,14.56,NA,0.66,0.67,0.77,32.24,51.7,2.96,72.05,NA,NA,57.66,742.29,1.19
2026-06-17 03:00:00,55.88,108.25,29.78,24.69,22.01,38.32,1.02,0.62,26.66,3.29,15.08,NA,0.81,0.94,0.82,31.56,55.5,3.02,83.76,NA,NA,56.77,742.23,1.15
2026-06-17 04:00:00,50.75,102.28,24.15,26.01,18.67,42.41,1.1,1.29,24.3,3.59,15.31,NA,0.94,1.06,0.83,30.74,59.98,3.01,78.55,NA,NA,58.04,742.28,1.12
2026-06-17 05:00:00,58.18,98.08,27.83,27.45,21.79,42.24,1.47,1.25,27.0,3.57,15.6,NA,0.94,1.04,0.82,30.58,60.23,2.88,67.78,NA,NA,59.38,742.34,1.12
2026-06-17 06:00:00,54.88,93.5,28.69,25.27,21.72,42.87,1.46,1.22,29.15,3.89,17.06,NA,0.98,1.18,0.9,31.33,56.72,2.45,54.82,NA,NA,57.01,742.29,1.15
2026-06-17 07:00:00,47.85,98.4,27.96,26.0,21.46,43.77,0.6,0.99,28.0,4.89,20.43,NA,1.1,1.45,1.22,32.02,54.7,3.01,77.54,NA,NA,57.7,742.27,1.17
2026-06-17 08:00:00,50.08,102.6,27.09,25.54,20.43,48.94,0.74,1.46,35.1,4.73,20.26,NA,1.29,1.58,1.31,33.71,47.78,2.61,48.18,NA,NA,58.88,742.29,1.25
2026-06-17 09:00:00,46.3,98.43,26.65,24.42,19.53,56.01,2.46,1.53,41.43,3.81,21.67,NA,1.83,1.83,1.75,35.33,41.85,2.62,63.92,NA,NA,61.21,742.32,1.32
2026-06-17 10:00:00,52.25,100.4,30.56,26.99,22.51,56.0,2.25,0.89,52.25,3.57,20.55,NA,1.76,2.06,1.89,36.31,37.64,2.49,66.93,NA,NA,103.76,742.32,1.36
2026-06-17 11:00:00,50.53,90.28,41.45,35.89,31.6,60.97,4.06,0.81,44.84,2.88,17.22,NA,1.65,2.63,2.24,37.68,30.43,2.73,74.56,NA,NA,237.11,742.34,1.42
2026-06-17 12:00:00,58.57,81.43,36.31,35.83,27.78,55.53,3.83,1.07,42.16,2.93,17.54,NA,1.65,2.63,2.24,37.99,29.61,2.64,88.54,NA,NA,403.51,742.3,1.43
2026-06-17 13:00:00,59.43,77.63,34.66,33.64,26.09,62.63,3.45,1.04,47.17,2.97,16.8,NA,1.67,2.63,2.24,39.01,28.6,1.96,133.7,NA,NA,546.86,742.33,1.48
2026-06-17 14:00:00,43.8,75.98,38.98,31.58,29.4,62.26,3.38,0.83,45.05,2.92,17.11,NA,1.66,2.63,2.21,39.07,28.47,1.81,152.03,NA,NA,608.68,742.29,1.48
2026-06-17 15:00:00,38.13,76.8,17.88,19.29,11.35,49.39,1.06,0.83,51.14,2.96,17.53,NA,1.65,2.61,2.21,39.11,27.84,1.93,163.65,NA,NA,684.52,742.3,1.48
2026-06-17 16:00:00,37.15,NA,20.3,20.1,9.43,58.46,1.03,1.12,48.78,2.39,13.53,NA,1.35,1.5,1.35,38.86,26.32,1.97,168.8,NA,NA,685.64,742.31,1.47
2026-06-17 17:00:00,52.4,NA,22.39,20.24,10.77,62.4,9.59,1.25,45.08,2.49,12.29,NA,1.33,1.31,1.28,38.23,28.79,1.9,151.15,NA,NA,684.35,742.31,1.44
2026-06-17 18:00:00,60.58,97.73,23.86,20.47,11.77,64.55,9.97,1.41,56.45,2.61,13.27,NA,1.39,1.41,1.33,37.55,32.02,2.61,157.33,NA,NA,683.37,742.29,1.42
2026-06-17 19:00:00,49.35,90.55,21.73,19.92,9.77,64.46,0.35,1.41,56.48,3.1,14.2,NA,1.59,1.56,1.58,36.71,35.24,2.44,130.34,NA,NA,682.68,742.29,1.38
2026-06-17 20:00:00,38.98,105.03,21.47,19.69,9.3,70.66,0.51,1.46,26.51,3.47,13.11,NA,1.49,1.3,1.44,36.18,37.42,2.1,125.59,NA,NA,682.92,742.29,1.36
2026-06-17 21:00:00,37.05,110.95,19.34,19.87,7.93,57.27,9.54,1.1,22.65,3.51,11.25,NA,1.41,1.03,1.34,36.01,36.63,1.05,108.3,NA,NA,681.86,742.25,1.35
2026-06-17 22:00:00,39.63,106.33,23.59,18.1,10.69,40.9,9.23,0.5,15.7,2.44,8.44,NA,0.76,0.76,0.67,35.55,36.76,1.46,157.85,NA,NA,91.07,742.34,1.33
2026-06-17 23:00:00,42.3,105.53,24.94,18.04,11.87,43.2,9.08,0.5,16.96,2.36,7.73,NA,0.6,0.71,0.53,34.81,40.47,2.06,106.37,NA,NA,33.42,742.3,1.3
2026-06-18 00:00:00,39.3,93.95,25.72,17.59,12.15,28.89,9.98,0.94,16.89,1.59,7.25,NA,0.48,0.49,0.56,34.16,42.52,2.06,132.25,NA,NA,38.64,742.34,1.27
2026-06-18 01:00:00,40.85,84.13,24.73,21.52,13.23,28.89,0.18,0.54,18.44,1.53,7.35,NA,0.49,0.44,0.57,33.5,44.75,2.29,147.2,NA,NA,43.18,742.4,1.24
2026-06-18 02:00:00,46.1,76.48,21.3,21.58,10.48,28.97,0.09,0.97,20.89,1.54,7.19,NA,0.48,0.48,0.55,33.05,46.18,2.23,166.86,NA,NA,45.72,742.43,1.22
2026-06-18 03:00:00,45.38,69.68,20.05,18.83,11.04,28.62,1.16,0.7,19.48,1.98,7.69,NA,0.6,0.68,0.56,32.66,48.27,2.51,166.33,NA,NA,51.61,742.46,1.21
2026-06-18 04:00:00,46.5,73.55,21.46,18.21,9.17,33.08,1.61,1.17,20.41,2.11,7.81,NA,0.69,0.82,0.65,31.97,51.69,2.5,175.01,NA,NA,55.65,742.5,1.17
2026-06-18 05:00:00,43.98,71.8,25.29,20.29,12.86,32.95,6.37,0.93,17.74,2.13,8.24,NA,0.69,0.78,0.63,31.88,51.39,2.22,146.52,NA,NA,59.26,742.52,1.17
2026-06-18 06:00:00,52.73,96.83,24.55,20.59,12.44,34.04,6.31,1.0,23.12,2.32,8.56,NA,0.71,0.8,0.69,33.25,46.98,2.69,153.21,NA,NA,62.24,742.56,1.23
2026-06-18 07:00:00,60.65,103.65,21.6,22.05,10.75,35.23,1.27,1.92,30.01,3.06,11.06,NA,0.8,1.11,0.87,34.28,44.36,2.57,159.34,NA,NA,33.32,742.37,1.27
2026-06-18 08:00:00,61.55,100.83,26.0,25.9,18.48,46.71,0.89,1.38,34.27,2.95,11.54,NA,0.91,1.1,0.99,35.7,39.02,2.32,179.0,NA,NA,116.44,742.33,1.34
2026-06-18 09:00:00,62.48,98.33,27.54,22.45,19.67,58.75,5.39,1.71,37.59,2.36,12.91,NA,1.32,1.38,1.28,37.57,32.33,1.29,123.81,NA,NA,175.59,742.38,1.42
2026-06-18 10:00:00,71.08,100.28,31.19,27.61,23.47,58.71,4.6,1.07,39.02,2.25,12.08,NA,1.26,1.26,1.18,37.61,31.54,1.2,87.52,NA,NA,262.31,742.34,1.42
2026-06-18 11:00:00,66.73,96.45,32.97,28.05,23.18,57.35,5.34,0.91,43.03,2.05,11.01,NA,1.17,1.14,1.09,39.13,28.51,1.35,168.54,NA,NA,386.25,742.38,1.48
2026-06-18 12:00:00,56.43,83.95,31.49,30.77,23.42,52.44,4.75,1.13,43.03,2.14,11.14,NA,1.17,1.18,1.1,39.22,29.42,1.58,134.9,NA,NA,380.09,742.33,1.49
2026-06-18 13:00:00,57.05,80.05,23.43,19.29,16.9,71.35,4.97,1.14,50.32,2.05,10.84,NA,1.17,1.23,1.11,39.78,28.61,1.03,93.31,NA,NA,697.98,742.36,1.51
2026-06-18 14:00:00,58.0,86.45,12.64,15.64,14.41,71.1,4.37,0.56,40.51,1.99,10.49,NA,1.16,1.18,1.11,40.43,27.74,1.59,95.92,NA,NA,710.44,742.31,1.54
2026-06-18 15:00:00,60.05,90.05,11.75,13.18,18.76,61.46,3.17,0.52,26.79,2.11,10.72,NA,1.15,1.22,1.09,39.99,27.89,2.14,160.87,NA,NA,581.07,742.31,1.52
2026-06-18 16:00:00,49.85,85.23,14.14,14.25,20.92,60.16,4.36,1.07,17.83,2.09,10.92,NA,1.16,1.16,1.11,39.79,27.76,1.94,154.47,NA,NA,306.09,742.32,1.51
2026-06-18 17:00:00,54.78,94.25,17.59,13.23,26.97,68.49,9.53,1.47,4.79,2.11,10.99,NA,1.17,1.19,1.12,39.11,30.6,1.23,71.24,NA,NA,203.97,742.29,1.48
2026-06-18 18:00:00,42.18,104.85,14.96,13.32,24.74,68.0,10.14,1.27,8.9,2.21,11.52,NA,1.22,1.23,1.17,38.17,33.35,1.48,81.23,NA,NA,203.75,742.36,1.44
2026-06-18 19:00:00,42.13,117.53,16.59,16.68,26.21,68.33,2.81,1.38,23.33,2.67,12.65,NA,1.39,1.36,1.4,36.98,37.56,1.42,152.01,NA,NA,202.63,742.26,1.39
2026-06-18 20:00:00,47.18,130.68,11.63,16.63,21.25,73.01,3.42,0.99,24.61,2.77,10.99,NA,1.29,1.11,1.26,36.42,39.43,1.75,129.8,NA,NA,202.6,742.32,1.37
2026-06-18 21:00:00,47.45,127.77,13.87,14.3,23.65,60.88,3.53,1.06,19.95,2.97,10.09,NA,1.23,0.92,1.17,36.06,41.14,1.52,80.92,NA,NA,201.75,742.28,1.35
2026-06-18 22:00:00,52.05,127.43,13.11,13.75,21.98,59.39,4.02,0.94,17.76,2.2,7.29,NA,0.67,0.69,0.59,35.7,42.38,2.09,102.22,NA,NA,201.75,742.28,1.34
2026-06-18 23:00:00,61.17,123.13,13.17,13.27,23.2,56.88,5.85,0.56,16.79,2.01,6.71,NA,0.52,0.69,0.46,35.36,42.85,1.67,176.6,NA,NA,205.59,742.31,1.32
2026-06-19 00:00:00,46.25,103.38,12.15,14.57,20.81,44.47,8.46,0.62,10.64,1.34,6.34,NA,0.41,0.42,0.49,34.82,45.12,2.44,48.79,NA,NA,221.2,742.42,1.3
2026-06-19 01:00:00,41.95,88.05,14.48,16.01,24.99,43.85,5.6,0.74,11.21,1.43,6.24,NA,0.43,0.41,0.5,34.45,44.38,1.88,65.81,NA,NA,226.23,742.43,1.28
2026-06-19 02:00:00,43.2,91.55,19.15,17.69,27.75,44.32,5.69,0.71,9.81,1.34,6.28,NA,0.4,0.44,0.49,33.74,46.05,2.29,70.79,NA,NA,227.34,742.45,1.25
2026-06-19 03:00:00,57.85,82.68,13.15,14.16,23.55,43.85,6.76,0.62,13.65,1.65,6.53,NA,0.53,0.59,0.53,33.2,48.21,1.68,99.45,NA,NA,229.42,742.48,1.23
2026-06-19 04:00:00,68.88,83.45,10.16,13.71,20.77,48.9,6.75,0.97,10.67,1.88,6.77,NA,0.6,0.72,0.56,33.05,48.92,1.74,68.33,NA,NA,233.78,742.51,1.22
2026-06-19 05:00:00,71.43,85.13,12.4,11.99,21.84,49.03,5.09,0.87,6.91,1.85,6.84,NA,0.6,0.71,0.51,32.7,50.91,1.48,77.03,NA,NA,235.24,742.47,1.21
2026-06-19 06:00:00,65.15,83.75,9.86,12.99,20.92,50.22,5.07,1.01,4.2,2.02,7.38,NA,0.62,0.77,0.62,33.23,49.29,2.16,145.01,NA,NA,228.71,742.47,1.23
2026-06-19 07:00:00,65.98,96.78,10.72,15.18,23.11,52.21,6.79,2.66,13.55,2.7,9.9,NA,0.69,0.92,0.74,33.94,49.27,2.73,158.97,NA,NA,202.2,742.26,1.26
2026-06-19 08:00:00,64.85,107.78,17.72,14.84,28.38,56.82,6.96,1.72,17.8,2.57,10.2,NA,0.81,0.97,0.86,35.57,44.64,2.52,162.54,NA,NA,208.27,742.32,1.33
2026-06-19 09:00:00,56.38,115.65,14.42,14.86,23.1,66.74,8.78,2.05,35.4,2.04,11.16,NA,1.15,1.19,1.12,37.62,37.35,2.41,168.3,NA,NA,213.72,742.37,1.42
2026-06-19 10:00:00,48.78,121.43,14.73,14.67,26.0,62.31,7.56,0.85,40.39,2.04,10.89,NA,1.14,1.19,1.26,38.79,34.04,1.69,161.88,NA,NA,221.68,742.37,1.47
2026-06-19 11:00:00,56.18,118.3,21.86,20.52,35.37,52.83,9.75,0.67,32.33,1.75,9.13,NA,1.0,1.04,9.72,40.03,30.37,1.7,157.38,NA,NA,510.54,742.32,1.52
2026-06-19 12:00:00,59.4,98.73,21.93,19.26,38.35,48.12,8.42,0.95,53.49,1.79,9.62,NA,0.99,0.99,9.64,40.56,30.32,1.58,137.47,NA,NA,597.44,742.34,1.54
2026-06-19 13:00:00,55.58,106.13,24.63,18.45,39.4,51.08,0.06,0.53,58.18,1.75,9.29,NA,0.99,1.02,9.39,40.93,29.31,1.54,152.53,NA,NA,676.1,742.32,1.56
2026-06-19 14:00:00,50.55,125.95,13.08,16.5,27.27,48.55,0.04,1.11,57.45,1.82,9.34,NA,1.0,1.02,9.56,41.25,28.33,1.36,104.14,NA,NA,733.2,742.31,1.57
2026-06-19 15:00:00,53.68,118.35,12.53,14.17,23.81,45.13,3.05,0.96,65.45,1.77,9.26,NA,0.99,1.01,9.52,41.36,26.07,1.44,122.41,NA,NA,817.81,742.31,1.58
2026-06-19 16:00:00,54.58,108.55,26.17,24.79,47.26,62.76,2.88,1.27,62.66,1.77,9.53,NA,0.99,0.98,9.42,40.96,25.66,1.25,126.73,NA,NA,409.99,742.31,1.56
2026-06-19 17:00:00,58.83,101.2,21.47,24.46,42.5,67.24,4.43,1.36,71.21,1.76,9.5,NA,1.0,1.01,9.56,39.9,27.71,2.29,167.05,NA,NA,402.44,742.3,1.52
2026-06-19 18:00:00,50.85,102.5,22.85,24.88,40.8,67.5,4.66,1.24,80.76,1.89,9.79,NA,1.05,1.05,10.03,39.47,27.4,0.76,81.54,NA,NA,402.59,742.27,1.5
2026-06-19 19:00:00,52.0,134.1,20.46,23.59,40.1,68.2,5.45,1.49,72.15,2.44,10.89,NA,1.21,1.17,11.79,38.45,29.15,0.73,124.04,NA,NA,401.8,742.28,1.46
2026-06-19 20:00:00,56.93,150.15,20.97,23.81,38.63,73.65,5.99,1.29,65.72,2.5,9.46,NA,1.11,0.94,10.63,37.67,29.91,2.07,176.63,NA,NA,265.71,742.3,1.42
2026-06-19 21:00:00,62.83,130.03,15.95,16.97,25.13,61.26,0.02,0.71,28.92,2.68,8.52,NA,1.06,0.8,10.0,36.64,33.86,2.76,160.28,NA,NA,4.31,742.3,1.37
2026-06-19 22:00:00,57.28,123.9,15.41,17.54,24.7,58.12,NA,0.7,10.62,1.76,6.52,NA,0.57,0.6,5.05,35.77,36.42,2.83,153.15,NA,NA,7.18,742.31,1.34
2026-06-19 23:00:00,56.67,114.87,13.22,19.94,20.7,58.22,0.27,0.66,17.99,1.63,5.92,NA,0.45,0.58,3.98,35.41,36.72,2.63,165.12,NA,NA,6.91,742.29,1.32
2026-06-20 00:00:00,56.5,81.05,12.83,18.12,21.82,43.55,0.37,0.98,23.72,1.2,5.48,NA,0.35,0.34,4.1,35.29,34.69,2.53,166.74,NA,NA,6.78,742.27,1.32
2026-06-20 01:00:00,43.65,64.9,14.16,17.04,23.73,44.45,5.56,0.65,24.07,1.18,5.3,NA,0.37,0.36,4.02,34.66,37.06,2.72,162.82,NA,NA,8.84,742.31,1.29
2026-06-20 02:00:00,43.63,64.45,16.2,16.47,23.36,43.89,6.14,0.77,9.06,1.16,5.47,NA,0.37,0.36,4.07,33.8,40.94,1.55,118.95,NA,NA,7.42,742.3,1.25
2026-06-20 03:00:00,46.73,72.75,20.91,18.14,29.25,44.44,3.24,0.63,6.82,1.43,5.55,NA,0.46,0.52,4.43,33.32,43.08,1.18,65.11,NA,NA,8.41,742.32,1.23
2026-06-20 04:00:00,50.35,83.83,12.35,16.83,21.8,48.84,3.7,0.78,3.77,1.58,5.92,NA,0.51,0.59,4.41,33.05,44.9,1.28,119.13,NA,NA,9.63,742.37,1.22
2026-06-20 05:00:00,57.7,83.0,20.73,17.67,27.47,48.93,6.09,0.52,1.38,1.62,5.84,NA,0.51,0.6,4.73,32.8,46.32,1.75,170.0,NA,NA,10.23,742.31,1.21
2026-06-20 06:00:00,63.97,78.9,13.92,18.79,22.99,50.29,5.56,1.14,1.15,1.73,6.37,NA,0.54,0.63,5.11,33.44,45.96,1.21,119.25,NA,NA,10.81,742.32,1.24
2026-06-20 07:00:00,58.1,83.85,17.36,17.23,25.81,51.17,0.16,1.63,3.61,2.33,8.22,NA,0.6,0.81,6.53,34.34,44.78,2.03,155.09,NA,NA,6.21,742.28,1.28
2026-06-20 08:00:00,45.0,89.58,14.87,17.51,25.91,56.29,0.07,1.12,26.35,2.2,8.55,NA,0.71,0.84,7.29,35.43,45.14,2.66,168.75,NA,NA,4.98,742.34,1.32
2026-06-20 09:00:00,45.68,97.28,22.63,16.14,31.24,65.06,0.07,1.26,96.91,1.79,9.33,NA,1.01,1.03,8.8,36.88,41.15,2.46,177.17,NA,NA,617.55,742.31,1.39
2026-06-20 10:00:00,50.63,114.8,13.37,18.36,27.05,43.5,0.03,0.88,104.58,1.75,9.32,NA,0.99,1.01,0.94,38.37,34.92,2.45,169.1,NA,NA,727.25,742.31,1.45
2026-06-20 11:00:00,43.35,120.03,12.31,14.81,22.69,39.84,1.43,1.13,87.53,1.72,9.31,NA,0.99,1.05,0.95,40.1,29.31,1.59,109.12,NA,NA,726.01,742.32,1.53
2026-06-20 12:00:00,51.3,113.85,15.77,15.73,25.91,37.57,1.28,0.82,90.96,1.81,9.44,NA,0.98,1.03,0.97,40.59,28.15,1.38,135.95,NA,NA,723.58,742.32,1.55
2026-06-20 13:00:00,50.1,104.43,13.56,16.83,24.31,38.11,3.98,0.95,81.79,1.76,9.38,NA,1.0,1.02,0.97,40.27,28.74,1.8,113.68,NA,NA,721.07,742.24,1.53
2026-06-20 14:00:00,48.28,110.18,14.16,15.65,24.87,38.36,4.41,1.06,90.01,1.79,9.52,NA,0.99,1.01,0.96,39.16,32.31,2.5,180.79,NA,NA,721.47,742.25,1.48
2026-06-20 15:00:00,54.8,104.68,11.33,19.58,25.33,38.29,4.66,1.1,89.41,1.8,9.27,NA,1.0,1.05,0.93,41.53,25.06,1.06,100.56,NA,NA,722.35,742.29,1.59
2026-06-20 16:00:00,51.83,102.4,12.33,15.38,24.21,43.12,4.78,1.15,98.18,1.78,9.31,NA,1.0,1.02,0.97,40.61,27.22,1.67,143.06,NA,NA,721.49,742.34,1.55
2026-06-20 17:00:00,60.73,102.23,13.84,16.89,23.09,47.22,7.22,1.25,85.08,1.7,9.57,NA,1.0,0.98,0.96,39.68,27.7,2.33,160.33,NA,NA,720.09,742.29,1.5
2026-06-20 18:00:00,83.2,104.1,16.52,20.36,31.34,55.71,7.92,1.22,60.44,1.83,9.86,NA,1.02,1.1,1.01,38.87,25.24,2.24,166.36,NA,NA,435.61,742.26,1.47
2026-06-20 19:00:00,78.43,107.15,18.32,18.03,31.49,60.51,7.03,1.67,49.39,2.34,11.0,NA,1.18,1.17,1.19,37.98,27.76,2.58,165.48,NA,NA,230.71,742.27,1.44
2026-06-20 20:00:00,64.58,136.9,16.57,28.79,37.37,65.95,7.29,1.94,36.07,3.28,11.95,NA,1.42,1.56,1.55,37.48,30.09,1.64,140.78,NA,NA,68.09,742.25,1.41
2026-06-20 21:00:00,59.2,131.35,23.7,26.92,42.68,51.74,4.93,1.82,40.18,3.51,11.67,NA,1.46,1.6,1.6,36.85,33.3,2.08,168.57,NA,NA,20.67,742.29,1.39
2026-06-20 22:00:00,57.65,111.38,23.27,19.04,35.44,38.74,4.19,0.5,31.31,2.77,9.64,NA,0.97,1.38,1.11,36.43,34.83,1.88,173.41,NA,NA,28.14,742.31,1.37
2026-06-20 23:00:00,50.17,101.57,18.14,20.72,26.35,35.08,2.52,0.5,26.81,2.67,8.8,NA,0.86,1.35,0.99,36.15,35.72,2.39,172.91,NA,NA,36.13,742.36,1.35
2026-06-21 00:00:00,65.05,89.88,14.89,22.87,28.95,22.73,3.15,0.58,25.56,2.18,8.42,NA,0.76,1.15,1.02,35.58,39.05,1.06,86.24,NA,NA,41.82,742.38,1.33
2026-06-21 01:00:00,69.78,98.38,17.04,19.04,31.21,23.2,4.28,0.5,25.99,2.18,8.28,NA,0.76,1.14,1.0,35.22,40.91,1.07,48.94,NA,NA,45.27,742.41,1.32
2026-06-21 02:00:00,72.33,108.18,23.28,18.0,34.42,22.51,4.1,0.67,22.19,2.14,8.36,NA,0.75,1.14,1.02,34.01,45.92,0.72,75.88,NA,NA,49.6,742.44,1.26
2026-06-21 03:00:00,63.8,114.33,16.12,24.81,28.72,23.25,4.33,0.53,20.11,2.43,8.81,NA,0.85,1.29,1.05,33.2,48.79,0.83,144.15,NA,NA,49.89,742.45,1.23
2026-06-21 04:00:00,44.45,115.33,21.63,22.77,36.53,26.95,4.1,0.56,19.7,2.59,8.89,NA,0.91,1.4,1.05,32.93,48.34,0.98,179.99,NA,NA,51.55,742.46,1.21
2026-06-21 05:00:00,35.4,106.13,16.56,20.99,32.04,27.12,6.14,0.52,18.9,2.57,8.86,NA,0.91,1.42,1.06,32.69,48.37,0.91,120.19,NA,NA,51.01,742.44,1.2
2026-06-21 06:00:00,33.1,95.3,24.89,19.51,38.94,28.0,5.85,0.66,17.99,2.75,9.58,NA,0.92,1.4,1.12,32.87,48.17,0.95,99.02,NA,NA,51.73,742.48,1.21
2026-06-21 07:00:00,34.8,92.15,21.21,18.81,33.01,29.19,6.52,0.88,18.7,3.34,11.24,NA,1.01,1.61,1.29,33.35,48.04,0.97,99.26,NA,NA,41.08,742.4,1.23
2026-06-21 08:00:00,40.03,98.45,20.7,28.71,32.92,35.5,6.17,1.17,27.29,3.23,11.59,NA,1.09,1.64,1.34,34.85,45.58,0.93,143.88,NA,NA,144.47,742.31,1.3
2026-06-21 09:00:00,43.25,94.1,21.19,26.27,36.48,46.09,0.06,1.59,40.57,2.77,12.13,NA,1.39,1.8,1.56,36.59,41.29,1.13,88.88,NA,NA,314.42,742.31,1.37
2026-06-21 10:00:00,38.4,98.45,23.22,27.55,39.52,43.13,0.04,0.77,49.17,2.77,12.47,NA,1.39,1.85,1.54,38.25,37.63,1.2,129.19,NA,NA,314.49,742.3,1.44
2026-06-21 11:00:00,39.55,98.7,30.08,27.18,47.59,37.57,6.72,0.52,42.96,2.76,12.31,NA,1.39,1.84,1.56,38.53,36.25,1.66,157.55,NA,NA,312.05,742.28,1.46
2026-06-21 12:00:00,46.8,96.13,14.71,19.74,24.93,24.86,6.87,0.5,70.5,2.75,12.24,NA,1.4,1.82,1.57,39.13,34.3,1.36,111.02,NA,NA,490.69,742.29,1.48
2026-06-21 13:00:00,53.23,93.33,15.22,20.08,23.7,24.59,0.71,0.5,73.89,2.72,12.31,NA,1.4,1.8,1.56,39.4,33.76,1.16,77.8,NA,NA,512.68,742.28,1.49
2026-06-21 14:00:00,59.78,92.28,9.58,17.2,19.37,24.94,0.35,0.87,69.51,2.79,12.48,NA,1.4,1.8,1.53,40.55,29.32,1.26,112.24,NA,NA,512.08,742.26,1.54
2026-06-21 15:00:00,56.3,97.13,9.12,21.26,21.95,25.04,0.18,1.05,68.74,2.8,12.19,NA,1.4,1.82,1.55,41.12,26.02,1.28,103.05,NA,NA,512.44,742.28,1.57
2026-06-21 16:00:00,48.55,97.55,11.96,17.19,19.9,30.13,0.25,0.98,76.41,2.82,12.34,NA,1.4,1.81,1.56,40.86,25.06,1.52,138.98,NA,NA,512.14,742.26,1.56
2026-06-21 17:00:00,46.63,98.75,13.23,14.61,22.64,34.98,9.74,1.51,72.31,2.78,12.37,NA,1.39,1.85,1.55,40.42,25.42,1.14,67.39,NA,NA,511.02,742.22,1.54
2026-06-21 18:00:00,63.03,106.08,13.08,14.27,23.86,35.79,10.11,1.45,69.74,2.91,12.54,NA,1.42,1.85,1.59,39.44,28.02,1.81,55.32,NA,NA,510.16,742.27,1.5
2026-06-21 19:00:00,67.53,122.25,14.65,18.43,26.66,40.67,5.56,1.68,59.54,3.32,14.11,NA,1.58,1.97,1.8,38.48,30.71,1.95,56.93,NA,NA,396.69,742.26,1.46
2026-06-21 20:00:00,52.68,130.88,22.27,24.78,37.02,57.05,4.18,0.83,32.36,3.46,12.64,NA,1.51,1.77,1.68,37.74,32.08,1.44,158.32,NA,NA,30.1,742.25,1.42
2026-06-21 21:00:00,45.2,130.48,18.47,23.88,34.48,46.44,6.98,0.97,32.34,3.58,11.48,NA,1.46,1.58,1.6,37.26,33.42,2.25,144.82,NA,NA,30.33,742.31,1.4
2026-06-21 22:00:00,38.9,127.7,19.8,26.44,37.89,42.56,7.3,0.82,28.65,2.86,9.1,NA,0.97,1.39,1.11,35.99,39.06,2.55,47.33,NA,NA,28.75,742.26,1.35
2026-06-21 23:00:00,42.37,120.5,12.1,14.75,22.43,33.31,7.25,0.63,21.06,2.64,8.76,NA,0.85,1.36,0.99,34.98,42.55,2.62,57.84,NA,NA,20.94,742.27,1.3
2026-06-22 00:00:00,43.85,89.55,8.64,15.1,17.55,22.0,8.08,1.0,22.94,2.23,8.33,NA,0.75,1.16,1.0,34.43,44.74,2.33,59.21,NA,NA,20.2,742.23,1.28
2026-06-22 01:00:00,35.95,75.55,12.29,16.06,22.47,22.35,0.59,0.82,19.92,2.17,8.32,NA,0.75,1.15,1.02,33.76,47.53,2.3,59.63,NA,NA,20.24,742.26,1.25
2026-06-22 02:00:00,35.08,63.53,11.25,15.51,19.82,21.88,0.77,1.24,20.52,2.16,8.34,NA,0.75,1.18,0.99,33.27,49.51,1.33,67.45,NA,NA,20.79,742.3,1.23
2026-06-22 03:00:00,39.5,64.63,12.33,15.12,19.26,22.22,3.96,0.8,20.57,2.43,8.84,NA,0.85,1.3,1.03,33.21,49.91,1.54,62.63,NA,NA,23.04,742.31,1.23
2026-06-22 04:00:00,40.73,62.17,21.7,14.98,30.03,25.26,4.34,0.56,21.72,2.59,9.02,NA,0.91,1.4,1.08,32.83,51.52,2.5,166.8,NA,NA,36.59,742.38,1.21
2026-06-22 05:00:00,64.2,70.47,16.15,15.38,26.07,25.65,5.07,0.5,25.69,2.61,8.9,NA,0.91,1.4,1.07,31.6,57.2,2.79,158.46,NA,NA,45.03,742.44,1.16
2026-06-22 06:00:00,69.82,73.15,10.33,15.03,23.51,26.38,5.14,0.87,25.28,2.75,9.54,NA,0.94,1.44,1.11,32.54,54.07,2.28,163.07,NA,NA,49.59,742.44,1.2
2026-06-22 07:00:00,62.6,82.35,11.22,15.16,23.19,27.17,0.76,1.42,23.13,3.32,11.33,NA,1.0,1.62,1.26,33.62,47.39,2.71,169.03,NA,NA,27.72,742.31,1.25
2026-06-22 08:00:00,52.83,90.08,6.79,16.12,22.39,34.75,0.63,1.18,35.5,3.18,11.73,NA,1.08,1.65,1.31,35.59,40.86,1.89,175.94,NA,NA,113.89,742.25,1.33
2026-06-22 09:00:00,61.08,86.25,11.52,21.54,31.61,50.65,1.37,1.21,58.48,2.73,12.52,NA,1.4,1.82,1.54,37.55,32.22,1.93,158.87,NA,NA,293.11,742.31,1.41
2026-06-22 10:00:00,66.7,84.1,13.13,21.09,33.26,47.85,1.34,NA,48.33,2.76,12.39,NA,1.4,1.81,1.54,38.87,29.44,1.43,62.88,NA,NA,293.89,742.29,1.47
2026-06-22 11:00:00,NA,NA,12.56,20.78,30.76,42.66,6.08,0.93,41.3,2.75,12.58,NA,1.4,1.84,1.55,39.51,27.72,1.61,149.84,NA,NA,292.99,742.32,1.5
2026-06-22 12:00:00,NA,NA,15.29,22.2,34.0,38.22,6.26,0.97,38.41,2.79,12.52,NA,1.38,1.81,1.55,40.53,25.01,1.33,136.07,NA,NA,291.45,742.29,1.55
2026-06-22 13:00:00,27.1,126.3,12.57,18.71,30.2,40.52,5.59,0.87,42.4,2.82,12.44,NA,1.4,1.84,1.55,40.42,24.03,1.75,153.86,NA,NA,291.94,742.25,1.54
2026-06-22 14:00:00,33.75,157.45,13.23,22.47,33.78,40.72,4.86,1.04,48.35,2.81,12.36,NA,1.39,1.82,1.56,40.71,22.78,2.24,161.84,NA,NA,291.2,742.25,1.55
2026-06-22 15:00:00,31.5,141.48,17.94,19.38,33.68,40.2,6.85,1.22,41.19,2.74,12.33,NA,1.39,1.8,1.56,40.86,22.09,1.8,162.53,NA,NA,290.31,742.27,1.56
2026-06-22 16:00:00,30.25,137.38,13.97,21.8,32.78,46.23,7.39,1.05,39.65,2.81,12.39,NA,1.39,1.82,1.56,40.46,22.56,1.96,162.59,NA,NA,461.11,742.28,1.54
2026-06-22 17:00:00,28.3,142.0,13.46,18.67,30.03,52.51,1.4,1.61,42.8,2.79,12.43,NA,1.4,1.82,1.54,40.14,22.3,1.49,119.01,NA,NA,613.14,742.27,1.53
2026-06-22 18:00:00,22.78,144.95,11.04,23.14,32.58,51.61,1.39,1.04,41.2,2.87,12.66,NA,1.44,1.82,1.6,39.09,24.54,2.16,165.47,NA,NA,533.63,742.26,1.48
2026-06-22 19:00:00,19.78,163.6,18.81,22.8,39.35,53.06,3.97,1.35,27.76,3.46,13.95,NA,1.59,1.97,1.8,38.38,27.89,1.48,172.02,NA,NA,191.71,742.31,1.45
2026-06-22 20:00:00,16.08,159.48,12.42,22.25,34.87,57.36,4.46,0.64,31.23,3.4,12.39,NA,1.52,1.74,1.68,37.16,31.04,2.68,161.36,NA,NA,190.24,742.28,1.4
2026-06-22 21:00:00,9.13,140.83,17.36,26.86,40.88,45.19,6.65,0.63,31.09,3.63,11.46,NA,1.45,1.6,1.59,36.37,30.12,2.58,165.68,NA,NA,189.42,742.22,1.37
2026-06-22 22:00:00,5.98,137.53,13.73,19.65,31.72,43.55,5.96,0.89,29.86,2.83,9.19,NA,0.97,1.42,1.11,35.78,30.64,2.03,168.94,NA,NA,75.89,742.31,1.34
2026-06-22 23:00:00,10.1,124.87,13.28,15.23,28.21,44.48,7.29,0.5,32.33,2.66,8.8,NA,0.85,1.32,0.99,35.14,33.46,2.22,171.01,NA,NA,25.99,742.28,1.31
2026-06-23 00:00:00,19.13,115.75,15.01,17.34,30.89,30.67,9.03,0.62,25.39,2.2,8.36,NA,0.76,1.16,1.01,34.3,36.97,2.67,162.0,NA,NA,28.49,742.27,1.28
2026-06-23 01:00:00,21.55,99.83,14.97,16.71,29.99,30.71,0.71,0.51,28.09,2.18,8.41,NA,0.76,1.17,1.01,33.23,40.41,2.6,154.83,NA,NA,33.54,742.31,1.23
2026-06-23 02:00:00,18.33,97.53,14.79,21.55,29.27,30.46,0.76,0.74,26.83,2.17,8.33,NA,0.73,1.15,1.01,32.63,42.89,2.67,149.02,NA,NA,34.61,742.33,1.21
2026-06-23 03:00:00,19.33,118.6,14.15,18.92,29.13,30.38,0.03,0.55,26.63,2.37,8.62,NA,0.86,1.28,1.06,32.06,45.53,2.77,151.32,NA,NA,36.07,742.33,1.17
2026-06-23 04:00:00,18.53,126.13,16.09,17.55,32.05,34.66,0.08,0.68,29.15,2.59,9.0,NA,0.91,1.38,1.07,31.75,47.73,2.87,162.51,NA,NA,43.43,742.34,1.17
2026-06-23 05:00:00,14.75,124.7,15.71,17.03,29.0,35.61,0.72,0.57,27.01,2.58,8.84,NA,0.91,1.41,1.04,31.71,48.69,2.77,162.57,NA,NA,46.83,742.4,1.16
2026-06-23 06:00:00,13.58,131.75,16.08,17.01,30.09,36.12,0.87,0.82,30.74,2.77,9.5,NA,0.93,1.47,1.09,32.52,47.66,2.02,161.15,NA,NA,50.2,742.44,1.2
2026-06-23 07:00:00,12.88,129.8,11.44,19.95,25.56,37.64,0.16,1.5,37.9,3.31,11.22,NA,1.0,1.59,1.26,33.25,46.81,2.57,167.36,NA,NA,54.17,742.3,1.23
2026-06-23 08:00:00,31.63,128.95,22.49,22.15,39.99,51.09,0.07,1.23,53.32,3.2,11.6,NA,1.09,1.65,1.35,34.43,43.41,2.73,167.68,NA,NA,181.12,742.28,1.28
2026-06-23 09:00:00,31.45,128.9,16.61,20.6,35.41,59.49,3.24,1.53,56.6,2.74,12.54,NA,1.4,1.8,1.56,36.7,33.38,1.31,148.11,NA,NA,181.36,742.27,1.38
2026-06-23 10:00:00,36.73,126.98,17.51,24.35,36.83,56.25,2.99,1.94,56.93,2.76,12.22,NA,1.39,1.83,1.56,38.11,28.32,1.53,111.96,NA,NA,290.15,742.31,1.44
2026-06-23 11:00:00,43.15,128.95,23.92,24.57,41.4,50.77,14.26,NA,44.02,2.78,12.48,NA,1.4,1.81,1.57,38.79,27.58,1.15,119.51,NA,NA,476.47,742.24,1.47
2026-06-23 12:00:00,46.63,129.13,NA,NA,NA,46.54,NA,0.0,47.73,2.78,12.43,NA,1.39,1.85,1.55,39.89,24.43,2.0,57.44,NA,NA,477.03,742.3,1.52
2026-06-23 13:00:00,57.55,121.53,86.11,21.86,101.17,48.73,7.78,0.17,NA,2.75,12.42,NA,1.4,1.84,1.56,40.7,21.91,0.96,87.8,NA,NA,476.62,742.26,1.55
2026-06-23 14:00:00,57.28,118.15,31.67,16.07,38.82,NA,7.27,0.31,46.85,2.82,12.24,NA,1.39,1.81,1.54,41.2,20.96,1.19,88.71,NA,NA,477.19,742.3,1.57
2026-06-23 15:00:00,42.55,113.68,9.86,9.3,14.36,48.8,9.39,0.81,40.12,2.89,12.9,NA,1.4,1.75,1.51,40.59,21.63,2.0,158.14,NA,NA,476.55,742.25,1.55
2026-06-23 16:00:00,31.28,98.08,11.67,12.27,20.63,56.82,10.62,0.0,44.05,2.07,9.86,NA,1.0,1.02,0.88,40.7,20.97,1.35,114.92,NA,NA,475.65,742.28,1.55
2026-06-23 17:00:00,29.97,100.53,25.64,20.63,36.97,55.95,2.34,0.0,36.79,1.69,9.24,NA,0.96,0.96,0.91,40.1,20.25,1.83,162.62,NA,NA,434.19,742.31,1.53
2026-06-23 18:00:00,45.0,114.5,13.06,20.77,32.91,37.84,2.86,1.25,24.24,1.57,8.3,NA,0.87,0.88,0.83,39.06,20.9,2.61,158.16,NA,NA,307.41,742.28,1.48
2026-06-23 19:00:00,81.2,111.8,19.09,18.69,37.53,38.48,8.0,2.05,29.01,1.95,9.25,NA,1.0,0.98,0.99,37.79,24.73,1.92,114.83,NA,NA,307.3,742.25,1.42
2026-06-23 20:00:00,68.75,116.2,18.25,18.74,35.13,40.99,8.19,0.46,28.12,2.03,7.43,NA,0.91,0.78,0.9,37.19,26.74,2.24,170.98,NA,NA,308.7,742.28,1.4
2026-06-23 21:00:00,51.9,118.48,18.57,21.48,35.09,33.45,5.85,0.81,29.8,2.14,7.05,NA,0.89,0.67,0.83,36.95,28.14,2.71,173.99,NA,NA,308.22,742.26,1.39
2026-06-23 22:00:00,43.87,134.0,46.58,20.57,57.88,28.94,6.24,0.18,22.36,1.51,5.26,NA,0.5,0.54,0.45,36.53,30.62,2.07,154.77,NA,NA,278.47,742.3,1.37
2026-06-23 23:00:00,50.55,140.4,12.39,20.02,29.02,31.19,NA,0.0,1.5,1.4,4.67,NA,0.38,0.45,0.34,36.58,30.58,2.44,58.73,NA,NA,50.23,742.26,1.37
2026-06-24 00:00:00,59.83,130.03,8.26,16.71,22.09,21.15,0.03,0.06,15.22,0.95,4.6,NA,0.29,0.29,0.33,35.27,35.96,2.63,59.42,NA,NA,36.37,742.32,1.32
2026-06-24 01:00:00,69.08,124.85,10.64,15.19,25.08,20.86,8.29,0.0,14.98,1.02,4.43,NA,0.3,0.31,0.35,33.93,40.96,1.85,64.59,NA,NA,40.26,742.35,1.26
2026-06-24 02:00:00,71.18,151.55,10.09,14.35,24.21,20.82,8.33,0.02,17.91,0.97,4.51,NA,0.28,0.3,0.36,32.71,44.59,1.81,155.36,NA,NA,43.96,742.37,1.21
2026-06-24 03:00:00,71.0,187.83,11.04,15.08,26.06,20.74,NA,0.0,21.97,1.18,4.64,NA,0.37,0.41,0.36,31.24,52.03,2.3,157.15,NA,NA,48.21,742.38,1.15
2026-06-24 04:00:00,69.68,161.53,12.61,15.38,27.41,24.0,NA,0.07,22.14,1.32,5.05,NA,0.43,0.53,0.37,31.5,50.31,1.79,139.0,NA,NA,49.44,742.43,1.15
2026-06-24 05:00:00,62.32,111.98,8.15,15.73,22.25,24.73,1.57,0.03,20.52,1.32,4.98,NA,0.43,0.5,0.37,31.19,51.88,2.35,58.11,NA,NA,48.43,742.45,1.14
2026-06-24 06:00:00,54.9,95.68,14.08,13.89,27.61,25.06,0.97,0.07,18.72,1.46,5.44,NA,0.45,0.54,0.44,31.36,50.97,2.62,64.77,NA,NA,49.33,742.44,1.15
2026-06-24 07:00:00,50.4,71.4,10.72,16.21,23.21,25.41,12.38,0.13,17.98,1.91,7.13,NA,0.5,0.67,0.56,32.23,46.35,1.27,79.45,NA,NA,45.89,742.47,1.19
2026-06-24 08:00:00,47.68,84.9,10.79,16.56,26.53,29.19,10.73,1.25,22.1,1.79,7.23,NA,0.58,0.71,0.62,32.95,45.11,1.11,126.88,NA,NA,25.98,742.3,1.21
2026-06-24 09:00:00,46.33,105.4,16.09,22.38,37.69,36.36,1.53,1.85,23.67,1.5,7.69,NA,0.82,0.87,0.78,34.51,42.09,1.18,118.53,NA,NA,140.2,742.26,1.29
2026-06-24 10:00:00,36.4,100.9,15.22,19.63,34.28,33.73,0.9,0.19,23.38,1.98,10.38,NA,1.07,1.05,1.03,35.78,37.24,2.38,154.42,NA,NA,196.35,742.29,1.34
2026-06-24 11:00:00,45.9,91.43,12.27,15.07,26.12,57.0,11.91,0.17,10.86,2.97,15.34,NA,1.67,1.72,1.61,37.55,32.78,NA,NA,NA,NA,413.87,742.25,1.42
2026-06-24 12:00:00,75.98,88.43,12.31,14.74,23.86,52.48,11.23,0.38,13.6,3.0,15.35,NA,1.65,1.68,1.61,38.75,29.13,0.51,77.9,NA,NA,374.61,742.28,1.47
2026-06-24 13:00:00,NA,NA,10.99,15.77,15.5,55.02,7.68,0.41,17.43,3.09,15.71,NA,1.67,1.65,1.58,39.92,26.82,0.31,138.02,NA,NA,451.22,742.26,1.52
2026-06-24 14:00:00,NA,NA,15.16,15.01,21.99,54.9,7.77,0.38,35.89,2.99,15.98,NA,1.67,1.68,1.57,40.04,27.13,0.38,125.2,NA,NA,631.83,742.31,1.52
2026-06-24 15:00:00,NA,NA,16.14,21.01,24.7,55.09,11.77,0.18,50.86,2.93,15.7,NA,1.66,1.71,1.58,39.92,27.23,0.47,170.21,NA,NA,764.37,742.26,1.51
2026-06-24 16:00:00,23.4,68.52,17.64,21.22,26.53,62.91,15.16,0.56,49.06,2.98,15.17,NA,1.67,1.66,1.61,39.94,26.08,0.52,150.69,NA,NA,764.12,742.27,1.52
2026-06-24 17:00:00,16.8,76.38,16.86,20.52,25.0,67.23,13.86,0.76,56.54,2.88,16.06,NA,1.66,1.7,1.62,39.14,28.03,0.65,164.28,NA,NA,763.78,742.28,1.48
2026-06-24 18:00:00,27.58,83.88,22.44,20.81,30.83,68.38,13.54,0.44,50.55,3.25,15.7,NA,1.74,1.73,1.67,38.33,28.58,0.7,152.09,NA,NA,765.01,742.31,1.44
2026-06-24 19:00:00,38.2,85.65,18.05,20.33,25.85,68.75,6.56,1.35,45.0,4.07,17.94,NA,1.99,1.95,1.98,37.43,29.96,0.8,150.52,NA,NA,730.45,742.25,1.41
2026-06-24 20:00:00,38.68,88.55,16.55,21.52,25.09,66.05,6.58,0.24,23.75,3.86,15.95,NA,1.85,1.54,1.78,36.71,32.91,0.68,148.25,NA,NA,27.83,742.26,1.38
2026-06-24 21:00:00,40.95,109.1,16.96,20.71,24.91,55.11,10.25,0.0,18.71,4.18,14.88,NA,1.76,1.31,1.68,36.59,34.95,0.71,186.92,NA,NA,31.89,742.29,1.38
2026-06-24 22:00:00,35.95,122.6,17.16,21.19,25.58,53.24,12.64,0.08,17.8,3.02,10.47,NA,0.95,1.05,0.84,36.18,37.29,0.73,175.15,NA,NA,34.67,742.34,1.36
2026-06-24 23:00:00,34.1,122.23,21.41,20.16,29.14,52.11,5.61,0.17,22.22,2.82,9.55,NA,0.76,0.96,0.65,35.67,39.59,0.76,166.06,NA,NA,31.26,742.31,1.33
2026-06-25 00:00:00,116.05,120.0,17.69,19.85,24.93,39.58,6.68,0.9,19.62,1.96,9.3,NA,0.6,0.6,0.69,34.89,43.11,0.53,216.23,NA,NA,27.53,742.27,1.3
2026-06-25 01:00:00,75.45,115.35,19.79,20.91,28.4,39.77,13.12,0.89,22.24,1.97,8.93,NA,0.58,0.58,0.71,35.11,41.65,0.64,222.75,NA,NA,26.81,742.27,1.31
2026-06-25 02:00:00,58.22,115.73,17.2,21.09,25.92,39.81,13.65,0.41,23.35,1.96,9.07,NA,0.58,0.6,0.69,34.81,41.9,0.52,44.57,NA,NA,27.03,742.27,1.3
2026-06-25 03:00:00,31.38,122.73,18.41,20.58,26.68,39.68,13.1,0.11,25.17,2.37,9.62,NA,0.75,0.85,0.72,33.16,48.49,0.32,69.65,NA,NA,27.76,742.27,1.23
2026-06-25 04:00:00,17.78,125.35,18.12,20.47,26.16,44.0,13.62,0.86,25.2,2.65,9.54,NA,0.86,1.08,0.74,32.7,49.83,0.3,126.42,NA,NA,26.87,742.23,1.21
2026-06-25 05:00:00,14.35,101.3,19.92,20.49,28.09,44.26,2.92,0.21,23.88,2.63,9.99,NA,0.86,1.01,0.77,32.42,50.64,0.3,120.4,NA,NA,30.93,742.28,1.19
2026-06-25 06:00:00,14.2,82.93,19.58,21.25,28.52,45.0,3.59,0.77,20.12,2.95,10.51,NA,0.89,1.09,0.82,32.94,50.16,0.31,140.64,NA,NA,35.33,742.29,1.21
2026-06-25 07:00:00,31.48,80.57,18.37,20.92,26.84,46.2,4.04,2.54,20.23,3.95,13.92,NA,1.0,1.36,1.12,34.19,47.01,0.3,78.08,NA,NA,27.22,742.25,1.27
2026-06-25 08:00:00,28.83,73.53,19.21,20.91,27.81,50.16,3.4,0.65,26.29,3.72,14.3,NA,1.14,1.43,1.2,35.15,44.78,0.38,132.24,NA,NA,27.64,742.28,1.31
2026-06-25 09:00:00,38.78,71.3,19.04,20.72,27.3,58.74,7.53,0.23,41.5,2.86,15.84,NA,1.65,1.66,1.61,36.41,40.31,0.57,174.75,NA,NA,181.19,742.21,1.37
2026-06-25 10:00:00,22.35,75.33,16.43,21.86,25.43,56.71,5.5,0.56,58.39,2.99,15.31,NA,1.65,1.7,1.6,37.47,36.85,0.66,197.9,NA,NA,382.81,742.24,1.41
2026-06-25 11:00:00,27.78,75.68,18.59,20.42,26.46,50.1,1.38,0.4,57.89,2.94,15.4,NA,1.67,1.65,1.57,38.74,33.71,0.43,124.11,NA,NA,526.76,742.26,1.46
2026-06-25 12:00:00,33.9,75.53,17.86,20.71,26.12,46.37,2.07,0.64,61.46,2.96,15.44,NA,1.63,1.72,1.57,40.14,29.78,0.32,79.19,NA,NA,526.06,742.28,1.53
2026-06-25 13:00:00,26.25,70.82,19.8,20.25,27.68,50.05,6.96,0.5,52.94,3.05,15.75,NA,1.65,1.69,1.59,39.96,31.72,0.43,83.75,NA,NA,526.2,742.25,1.52
2026-06-25 14:00:00,39.93,84.33,19.4,20.98,28.06,49.7,9.29,0.49,60.46,2.93,14.86,NA,1.65,1.71,1.57,39.39,33.62,0.38,89.46,NA,NA,702.3,742.24,1.49
2026-06-25 15:00:00,37.9,99.98,20.57,20.74,28.85,49.78,12.77,0.55,60.96,2.93,16.18,NA,1.66,1.7,1.56,39.65,32.63,0.28,86.1,NA,NA,790.65,742.26,1.5
2026-06-25 16:00:00,28.43,108.53,21.94,20.24,29.45,56.42,13.39,0.51,58.72,2.99,15.54,NA,1.66,1.68,1.57,39.92,29.66,0.39,92.19,NA,NA,790.5,742.27,1.52
2026-06-25 17:00:00,17.73,109.38,26.54,23.54,35.74,57.59,0.21,0.86,52.55,3.02,15.67,NA,1.65,1.67,1.57,39.66,27.76,0.4,120.01,NA,NA,623.67,742.26,1.51
2026-06-25 18:00:00,18.15,113.75,30.65,25.05,39.19,54.4,0.46,0.55,50.6,3.19,16.41,NA,1.73,1.7,1.66,38.49,30.78,0.64,149.22,NA,NA,460.72,742.29,1.46
2026-06-25 19:00:00,11.83,132.08,25.49,27.44,36.04,53.53,1.3,1.47,45.52,4.04,17.58,NA,1.98,1.95,2.01,37.73,34.06,0.6,160.7,NA,NA,459.93,742.24,1.42
2026-06-25 20:00:00,7.45,135.23,29.81,27.29,40.7,59.42,0.12,0.1,41.3,4.12,15.69,NA,1.86,1.6,1.81,37.63,35.51,0.45,237.55,NA,NA,460.26,742.26,1.42
2026-06-25 21:00:00,3.75,142.3,29.45,26.28,39.52,49.93,2.8,0.0,37.76,4.3,14.27,NA,1.77,1.36,1.67,36.95,38.85,0.45,268.11,NA,NA,466.2,742.29,1.39
2026-06-25 22:00:00,2.7,153.8,25.25,26.8,35.75,45.91,6.35,0.22,38.28,3.08,10.55,NA,0.94,1.0,0.84,36.0,41.29,0.47,233.52,NA,NA,468.32,742.34,1.35
2026-06-25 23:00:00,10.6,147.97,17.43,22.27,26.59,47.31,7.86,0.0,18.27,2.76,9.79,NA,0.77,0.97,0.66,35.23,42.94,0.41,179.89,NA,NA,112.32,742.3,1.31
2026-06-26 00:00:00,13.95,128.78,18.15,21.5,25.9,35.46,8.91,0.27,11.43,1.91,8.96,NA,0.58,0.6,0.69,34.46,46.08,0.61,145.42,NA,NA,34.54,742.36,1.28
2026-06-26 01:00:00,52.5,118.55,17.45,20.37,24.54,35.26,7.14,0.03,13.09,1.92,8.94,NA,0.57,0.59,0.69,34.97,45.22,0.58,111.44,NA,NA,34.4,742.31,1.3
2026-06-26 02:00:00,30.63,104.13,18.53,20.12,26.27,34.85,7.45,0.45,13.27,1.92,8.85,NA,0.57,0.62,0.7,34.61,46.92,0.67,73.09,NA,NA,35.23,742.36,1.29
2026-06-26 03:00:00,37.78,95.85,23.31,19.53,30.47,35.53,9.12,0.15,12.26,2.41,9.54,NA,0.75,0.84,0.74,34.67,45.94,0.64,74.39,NA,NA,34.32,742.32,1.29
2026-06-26 04:00:00,19.93,92.5,21.84,20.22,29.7,38.79,9.57,0.3,11.91,2.65,9.91,NA,0.86,1.03,0.82,34.12,48.82,0.52,184.72,NA,NA,35.63,742.28,1.27
2026-06-26 05:00:00,18.38,102.48,18.12,20.86,25.8,39.01,3.58,0.22,10.52,2.63,9.87,NA,0.86,0.99,0.79,33.62,51.49,0.57,147.23,NA,NA,38.63,742.32,1.25
2026-06-26 06:00:00,29.93,118.1,18.79,20.53,26.82,40.25,4.09,0.27,10.64,2.97,11.02,NA,0.89,1.01,0.88,34.11,52.06,0.65,233.25,NA,NA,38.08,742.36,1.27
2026-06-26 07:00:00,25.63,121.78,18.66,21.0,26.51,40.79,2.86,1.21,14.12,3.9,13.76,NA,1.01,1.34,1.09,35.03,50.08,0.19,239.04,NA,NA,31.72,742.3,1.31
2026-06-26 08:00:00,32.08,112.68,21.44,20.42,28.98,45.86,2.73,0.66,15.5,3.65,15.07,NA,1.14,1.37,1.23,35.4,47.84,0.64,25.13,NA,NA,31.55,742.26,1.32
2026-06-26 09:00:00,50.85,103.58,20.74,25.09,31.01,80.71,13.9,1.08,34.89,2.97,16.21,NA,1.66,1.76,1.56,36.26,44.12,0.65,29.54,NA,NA,201.23,742.31,1.36
2026-06-26 10:00:00,39.5,97.98,22.63,24.59,31.99,76.78,12.35,0.22,45.39,3.01,15.56,NA,1.65,1.66,1.58,37.71,39.09,0.51,78.95,NA,NA,267.89,742.25,1.42
2026-06-26 11:00:00,48.6,93.13,23.82,20.78,32.2,57.53,11.18,0.32,60.47,2.92,15.84,NA,1.66,1.71,1.56,39.24,35.1,0.24,181.03,NA,NA,541.25,742.25,1.48
2026-06-26 12:00:00,53.65,91.05,19.23,21.39,28.25,51.98,11.07,0.55,54.09,2.99,15.57,NA,1.65,1.71,1.55,40.27,31.12,0.42,70.86,NA,NA,543.02,742.3,1.53
2026-06-26 13:00:00,NA,NA,18.96,20.55,26.96,55.58,0.8,0.91,63.04,2.89,15.7,NA,1.64,1.69,1.58,41.36,28.18,0.4,76.3,NA,NA,541.9,742.28,1.58
2026-06-26 14:00:00,73.5,80.0,19.67,21.19,27.95,54.69,1.0,0.54,50.11,2.78,15.45,NA,1.66,1.67,1.58,41.8,24.67,0.4,96.18,NA,NA,541.56,742.29,1.6
2026-06-26 15:00:00,68.1,78.3,21.72,20.47,29.21,55.05,0.05,0.63,47.65,2.9,15.52,NA,1.65,1.68,1.59,41.98,23.81,0.31,108.16,NA,NA,541.49,742.29,1.61
2026-06-26 16:00:00,64.57,79.2,16.79,20.51,24.62,62.71,0.03,0.41,62.98,2.91,15.62,NA,1.65,1.63,1.58,42.11,23.72,0.45,80.43,NA,NA,541.79,742.26,1.61
2026-06-26 17:00:00,44.5,78.6,20.95,20.92,29.23,68.07,11.71,0.71,67.07,2.93,15.51,NA,1.67,1.66,1.55,40.93,28.56,0.25,301.66,NA,NA,541.27,742.3,1.56
2026-06-26 18:00:00,44.13,77.83,23.41,24.08,32.82,58.22,12.51,0.89,39.64,2.89,14.78,NA,1.63,1.66,1.61,39.87,31.16,0.43,104.71,NA,NA,434.52,742.28,1.52
2026-06-26 19:00:00,33.7,107.08,24.9,29.14,36.51,47.83,6.52,1.19,42.21,3.19,14.74,NA,1.76,1.76,1.77,38.46,34.16,0.52,75.2,NA,NA,320.96,742.3,1.45
2026-06-26 20:00:00,25.8,128.88,30.85,28.52,42.15,51.29,3.5,0.91,29.09,3.19,12.61,NA,1.68,1.42,1.6,37.63,36.22,0.52,74.53,NA,NA,320.17,742.26,1.42
2026-06-26 21:00:00,39.28,120.7,24.26,28.76,35.77,43.76,10.6,1.04,27.6,3.55,11.09,NA,1.59,1.18,1.51,37.02,37.26,0.64,61.76,NA,NA,320.49,742.27,1.39
2026-06-26 22:00:00,30.85,118.3,20.53,26.99,31.31,41.98,11.53,0.48,21.83,2.22,7.51,NA,0.85,0.89,0.76,36.7,36.84,0.58,79.57,NA,NA,228.98,742.27,1.38
2026-06-26 23:00:00,36.9,117.73,20.85,20.63,29.17,40.92,0.04,0.0,5.25,1.97,6.51,NA,0.68,0.86,0.6,36.55,39.02,0.68,62.29,NA,NA,30.23,742.31,1.37
2026-06-27 00:00:00,30.28,113.98,18.23,20.93,26.61,31.11,0.18,0.24,3.93,1.09,5.96,NA,0.51,0.53,0.61,35.19,44.52,0.57,145.43,NA,NA,38.28,742.34,1.31
2026-06-27 01:00:00,41.45,103.63,18.69,20.68,26.84,30.82,7.05,0.01,8.53,1.04,5.91,NA,0.52,0.54,0.57,34.08,46.73,0.74,188.44,NA,NA,42.96,742.39,1.27
2026-06-27 02:00:00,35.05,90.35,18.63,21.41,27.69,30.77,7.14,0.04,10.64,1.15,6.13,NA,0.53,0.55,0.62,32.39,55.89,0.23,287.0,NA,NA,48.26,742.43,1.19
2026-06-27 03:00:00,29.55,78.27,19.2,21.04,27.65,31.1,9.16,0.01,10.17,1.59,6.65,NA,0.68,0.75,0.67,31.25,61.41,0.29,231.71,NA,NA,50.32,742.44,1.14
2026-06-27 04:00:00,40.7,61.28,19.88,21.56,28.97,34.13,9.49,0.3,9.28,1.8,6.71,NA,0.77,0.9,0.71,31.22,61.9,0.25,157.75,NA,NA,51.81,742.43,1.14
2026-06-27 05:00:00,28.58,59.33,20.97,20.42,29.07,34.31,11.05,0.14,6.89,1.82,6.95,NA,0.77,0.86,0.68,31.28,62.08,0.46,204.05,NA,NA,56.62,742.49,1.15
2026-06-27 06:00:00,40.6,60.68,19.28,19.86,26.85,35.37,11.43,0.13,5.18,2.1,7.98,NA,0.81,0.94,0.74,31.4,62.9,0.39,150.39,NA,NA,57.02,742.47,1.15
2026-06-27 07:00:00,47.82,54.63,17.79,21.31,26.8,35.69,11.07,1.06,6.2,3.07,10.64,NA,0.9,1.14,0.99,32.48,59.72,0.29,310.49,NA,NA,38.35,742.32,1.2
2026-06-27 08:00:00,48.08,58.13,18.33,20.69,26.58,40.28,9.12,0.74,13.14,2.88,11.46,NA,1.02,1.3,1.07,33.66,54.4,0.5,20.34,NA,NA,24.87,742.24,1.25
2026-06-27 09:00:00,36.73,66.68,18.25,20.97,26.88,46.99,1.8,1.21,14.75,2.1,12.8,NA,1.5,1.52,1.4,35.25,49.66,0.55,20.68,NA,NA,25.99,742.28,1.32
2026-06-27 10:00:00,43.23,72.98,18.34,22.71,27.47,50.63,2.04,0.24,38.33,2.22,12.7,NA,1.48,1.54,1.42,36.97,43.99,0.43,181.8,NA,NA,233.95,742.25,1.39
2026-06-27 11:00:00,56.38,71.95,19.9,24.84,29.86,52.61,2.1,0.21,61.65,2.21,12.14,NA,1.51,1.53,1.43,38.48,39.01,0.37,184.81,NA,NA,418.29,742.27,1.45
2026-06-27 12:00:00,55.75,73.53,18.72,20.55,27.15,45.75,2.58,0.36,81.43,2.17,13.09,NA,1.49,1.48,1.44,39.74,34.52,0.27,61.72,NA,NA,709.1,742.29,1.51
2026-06-27 13:00:00,51.28,71.1,18.15,18.68,25.67,46.32,4.1,0.27,87.52,2.22,12.61,NA,1.5,1.55,1.42,40.67,31.45,0.42,89.95,NA,NA,820.99,742.3,1.55
2026-06-27 14:00:00,34.55,70.38,16.17,18.39,23.42,45.7,3.21,1.05,90.02,2.17,12.95,NA,1.52,1.53,1.41,41.28,29.87,0.46,143.35,NA,NA,821.39,742.31,1.58
2026-06-27 15:00:00,41.2,74.15,16.99,18.11,23.61,45.85,4.61,1.16,92.84,2.11,12.06,NA,1.49,1.47,1.43,41.33,28.85,0.48,215.7,NA,NA,820.81,742.32,1.58
2026-06-27 16:00:00,38.15,73.78,16.43,18.64,23.62,50.46,2.01,0.3,107.03,2.2,12.82,NA,1.49,1.55,1.41,40.66,29.79,0.64,198.01,NA,NA,820.79,742.28,1.55
2026-06-27 17:00:00,29.55,79.65,17.83,18.42,25.0,54.46,3.13,1.1,93.91,2.17,13.07,NA,1.49,1.57,1.45,40.5,31.19,0.6,190.9,NA,NA,819.03,742.29,1.54
2026-06-27 18:00:00,46.7,86.95,17.58,20.3,25.58,53.78,5.61,1.0,73.97,2.3,13.08,NA,1.56,1.58,1.52,39.71,33.49,0.65,228.05,NA,NA,766.01,742.26,1.51
2026-06-27 19:00:00,31.5,106.3,29.03,30.62,40.26,54.29,0.39,1.73,46.69,3.28,14.94,NA,1.83,1.76,1.79,38.99,39.6,0.34,289.07,NA,NA,419.92,742.3,1.48
2026-06-27 20:00:00,39.0,117.18,28.95,29.8,39.85,57.36,0.07,1.3,35.01,3.5,12.9,NA,1.68,1.41,1.62,38.03,45.29,0.48,278.3,NA,NA,420.51,742.29,1.43
2026-06-27 21:00:00,28.75,121.93,27.73,30.99,39.68,48.95,5.64,2.23,14.73,3.42,11.57,NA,1.59,1.21,1.5,37.56,46.46,0.34,233.39,NA,NA,117.15,742.27,1.42
2026-06-27 22:00:00,42.85,126.63,29.3,30.33,40.86,48.14,9.11,0.0,6.34,2.26,7.14,NA,0.85,0.9,0.77,34.66,57.87,0.46,156.11,NA,NA,98.96,742.82,1.29
2026-06-27 23:00:00,39.77,144.73,17.84,20.53,25.11,35.34,13.55,0.0,9.88,1.88,6.81,NA,0.69,0.84,0.59,33.66,61.79,0.58,211.93,NA,NA,154.25,743.45,1.25
2026-06-28 00:00:00,43.73,144.98,20.41,19.77,27.77,26.24,12.39,0.37,10.45,1.05,5.96,NA,0.53,0.54,0.62,33.32,63.49,0.46,86.5,NA,NA,22.14,742.41,1.23
2026-06-28 01:00:00,39.4,95.68,18.9,20.98,27.17,26.34,12.73,1.44,8.86,1.17,6.06,NA,0.51,0.52,0.6,32.16,66.32,0.44,58.28,NA,NA,35.17,742.5,1.19
2026-06-28 02:00:00,46.93,73.65,21.59,21.49,30.79,26.65,14.26,0.42,11.22,1.18,5.66,NA,0.53,0.56,0.61,32.25,65.51,0.61,204.55,NA,NA,46.15,742.61,1.19
2026-06-28 03:00:00,46.85,81.23,17.81,21.61,27.02,26.59,10.19,0.24,9.67,1.54,6.62,NA,0.68,0.79,0.7,32.24,64.33,0.68,171.1,NA,NA,54.22,742.66,1.19
2026-06-28 04:00:00,35.73,76.45,18.43,19.9,24.92,29.21,9.66,0.14,8.86,1.89,6.88,NA,0.77,0.9,0.69,31.02,72.24,0.66,221.51,NA,NA,185.7,743.62,1.13
2026-06-28 05:00:00,39.68,71.13,20.79,20.45,28.87,29.57,6.75,0.05,8.68,1.86,6.48,NA,0.77,0.89,0.66,30.71,73.15,0.35,251.45,NA,NA,198.84,743.67,1.12
2026-06-28 06:00:00,56.6,65.78,17.22,19.74,23.55,30.26,6.95,0.28,10.3,2.13,7.5,NA,0.79,0.99,0.78,30.65,72.87,0.43,100.39,NA,NA,227.95,743.91,1.12
2026-06-28 07:00:00,51.9,57.55,21.54,20.12,28.91,30.96,0.91,0.2,11.81,3.07,11.09,NA,0.9,1.2,1.03,29.96,80.28,0.6,22.36,NA,NA,254.99,744.12,1.09
2026-06-28 08:00:00,49.45,67.7,18.96,22.9,28.04,37.91,0.88,0.52,16.12,2.84,11.38,NA,1.04,1.25,1.11,30.44,79.51,0.76,32.31,NA,NA,237.24,743.48,1.11
2026-06-28 09:00:00,53.6,66.0,23.92,26.65,33.71,60.37,10.06,2.45,35.47,2.19,12.53,NA,1.5,1.49,1.44,33.02,65.88,0.63,27.29,NA,NA,358.02,742.62,1.22
2026-06-28 10:00:00,NA,NA,24.89,26.72,35.62,59.41,9.56,0.48,56.59,2.59,14.94,NA,1.58,1.61,1.53,35.01,56.46,0.4,54.61,NA,NA,559.1,742.63,1.31
2026-06-28 11:00:00,47.23,50.7,21.03,26.33,31.23,56.45,6.3,0.51,73.24,2.94,15.31,NA,1.65,1.65,1.56,36.6,50.09,0.34,98.19,NA,NA,682.88,742.62,1.38
2026-06-28 12:00:00,NA,NA,23.14,25.45,31.69,52.33,7.06,0.21,72.95,2.98,15.6,NA,1.67,1.66,1.6,37.57,45.83,0.38,94.4,NA,NA,671.84,742.52,1.42
2026-06-28 13:00:00,38.43,42.87,26.34,24.95,34.99,54.95,12.31,0.21,69.82,2.86,15.68,NA,1.67,1.74,1.59,38.37,43.94,0.29,127.04,NA,NA,664.7,742.47,1.45
2026-06-28 14:00:00,32.8,43.48,20.06,28.24,29.97,55.45,11.9,0.66,69.74,2.88,15.7,NA,1.64,1.68,1.58,39.15,42.24,0.32,54.76,NA,NA,663.99,742.44,1.48
2026-06-28 15:00:00,36.1,46.33,20.45,21.96,28.97,54.6,9.73,0.36,79.63,2.9,16.03,NA,1.65,1.71,1.59,39.2,43.21,0.45,27.35,NA,NA,926.27,742.5,1.48
2026-06-28 16:00:00,44.7,45.33,18.06,20.96,26.02,62.32,11.84,3.54,78.81,2.86,16.01,NA,1.64,1.71,1.58,39.09,42.75,0.46,51.2,NA,NA,979.9,742.52,1.48
2026-06-28 17:00:00,26.78,48.63,15.11,20.88,23.19,67.65,8.56,2.22,49.31,2.92,15.37,NA,1.66,1.69,1.56,39.01,40.37,0.46,69.4,NA,NA,722.04,742.89,1.48
2026-06-28 18:00:00,44.73,76.28,24.2,22.33,31.79,70.91,28.09,1.88,30.67,3.26,15.83,NA,1.75,1.75,1.66,38.27,44.19,0.57,45.98,NA,NA,404.01,742.81,1.44
2026-06-28 19:00:00,32.6,92.43,30.91,32.35,43.22,73.5,9.06,5.45,41.7,4.08,17.71,NA,1.98,1.95,1.98,36.95,52.99,0.49,17.47,NA,NA,141.76,742.38,1.39
2026-06-28 20:00:00,20.73,78.85,21.76,32.61,34.46,78.41,8.38,0.18,45.02,4.12,16.0,NA,1.85,1.59,1.78,36.35,55.35,0.52,5.51,NA,NA,143.61,742.36,1.37
2026-06-28 21:00:00,23.93,73.27,32.42,30.1,43.63,64.45,9.63,0.0,35.47,4.21,14.12,NA,1.77,1.31,1.66,36.12,55.44,0.57,98.27,NA,NA,139.7,742.35,1.35
2026-06-28 22:00:00,20.4,71.88,25.86,30.96,37.5,65.88,11.44,0.82,31.98,2.98,10.25,NA,0.95,0.99,0.84,36.01,52.54,0.6,13.21,NA,NA,140.24,742.36,1.35
2026-06-28 23:00:00,35.3,63.9,19.43,21.95,27.26,59.74,5.04,0.59,16.07,2.8,9.33,NA,0.77,0.91,0.66,35.81,52.3,0.6,125.24,NA,NA,65.25,742.42,1.34
2026-06-29 00:00:00,25.65,63.38,19.76,20.19,27.64,43.99,6.04,0.47,8.01,1.88,8.86,NA,0.61,0.59,0.7,35.33,54.69,0.45,111.96,NA,NA,32.27,742.32,1.32
2026-06-29 01:00:00,29.23,54.85,19.55,21.05,28.18,43.98,7.75,0.69,12.93,2.01,8.81,NA,0.63,0.57,0.68,34.49,61.87,0.45,175.55,NA,NA,34.97,742.35,1.29
2026-06-29 02:00:00,20.28,44.25,18.63,20.68,26.83,44.6,8.35,0.55,10.52,1.92,8.9,NA,0.58,0.6,0.68,33.99,65.8,0.59,18.03,NA,NA,37.72,742.37,1.26
2026-06-29 03:00:00,37.18,46.55,17.99,21.08,26.45,44.21,6.18,0.44,8.52,2.37,9.65,NA,0.77,0.88,0.73,33.72,65.65,0.4,115.37,NA,NA,52.84,742.45,1.25
2026-06-29 04:00:00,43.05,51.65,18.28,20.42,26.33,48.93,8.61,0.35,7.28,2.7,9.76,NA,0.86,0.95,0.76,33.5,64.04,0.69,63.99,NA,NA,168.33,743.31,1.24
2026-06-29 05:00:00,29.3,59.2,17.86,20.89,25.95,48.9,14.61,0.02,13.62,2.64,9.71,NA,0.86,1.06,0.74,29.91,79.1,0.68,198.7,NA,NA,232.56,743.76,1.09
2026-06-29 06:00:00,31.82,51.3,20.1,21.42,29.17,50.43,15.12,0.42,11.99,2.86,10.95,NA,0.9,1.05,0.87,29.46,78.58,0.49,224.72,NA,NA,242.79,743.83,1.07
2026-06-29 07:00:00,20.93,36.08,19.74,21.22,28.64,51.06,6.24,5.31,12.02,3.85,14.7,NA,0.99,1.31,1.06,30.04,78.16,0.44,246.7,NA,NA,43.75,742.44,1.09
2026-06-29 08:00:00,NA,NA,17.44,20.88,25.69,55.78,3.78,1.66,14.05,3.75,13.95,NA,1.14,1.34,1.21,30.79,76.14,0.44,235.54,NA,NA,39.35,742.37,1.13
2026-06-29 09:00:00,22.3,30.83,23.32,25.72,33.48,47.4,3.77,1.72,36.94,3.02,15.51,NA,1.65,1.72,1.57,32.99,66.56,0.32,251.94,NA,NA,195.49,742.44,1.22
2026-06-29 10:00:00,30.2,39.15,27.19,26.76,37.31,40.04,4.06,1.82,40.43,2.86,15.43,NA,1.65,1.66,1.59,33.6,63.52,0.49,265.28,NA,NA,246.94,742.61,1.24
2026-06-29 11:00:00,21.1,50.8,21.12,27.3,32.0,33.61,5.52,2.66,42.99,2.88,16.01,NA,1.65,1.67,1.55,35.24,57.76,0.33,108.7,NA,NA,209.98,742.4,1.32
2026-06-29 12:00:00,18.33,59.15,25.74,24.9,35.79,28.43,4.59,0.77,58.96,2.69,16.31,NA,1.59,1.56,1.48,36.85,53.63,0.2,174.15,NA,NA,336.46,742.35,1.39
2026-06-29 13:00:00,14.03,56.65,20.49,22.77,29.31,31.92,NA,0.24,67.16,2.65,16.56,NA,1.48,1.53,1.41,38.17,48.73,0.25,86.1,NA,NA,489.09,742.42,1.44
2026-06-29 14:00:00,29.4,53.18,24.65,22.02,32.68,31.47,NA,0.26,68.81,2.57,16.36,NA,1.49,1.51,1.42,39.61,43.68,0.37,78.22,NA,NA,490.18,742.44,1.5
2026-06-29 15:00:00,29.28,52.88,18.51,21.87,26.39,33.85,1.4,0.07,69.5,2.69,16.81,NA,1.49,1.54,1.44,40.02,38.91,0.55,174.63,NA,NA,510.92,742.52,1.52
2026-06-29 16:00:00,20.45,63.03,18.31,17.87,24.99,49.87,1.71,0.04,67.37,2.6,16.31,NA,1.48,1.54,1.42,39.41,40.39,0.73,164.24,NA,NA,565.73,742.53,1.49
2026-06-29 17:00:00,15.1,74.13,23.78,20.58,30.52,56.83,1.59,0.09,37.3,2.72,16.27,NA,1.49,1.52,1.43,38.91,43.58,0.73,176.08,NA,NA,374.85,742.58,1.47
2026-06-29 18:00:00,29.63,85.48,21.24,24.29,30.89,53.24,0.85,0.3,30.86,2.82,17.18,NA,1.55,1.56,1.51,37.67,52.28,0.64,196.09,NA,NA,270.71,742.59,1.42
2026-06-29 19:00:00,30.33,77.68,25.99,29.94,38.63,55.76,13.95,0.08,35.55,3.55,18.89,NA,1.76,1.76,1.8,36.25,59.38,0.59,233.45,NA,NA,103.16,742.82,1.36
2026-06-29 20:00:00,28.22,76.03,24.29,29.27,35.01,60.29,14.06,0.97,29.86,3.78,16.81,NA,1.69,1.38,1.62,35.21,65.32,0.54,235.92,NA,NA,98.09,742.77,1.32
2026-06-29 21:00:00,22.6,99.43,29.66,30.43,41.61,48.65,NA,0.95,11.65,3.99,15.52,NA,1.59,1.17,1.5,34.59,66.66,0.32,243.17,NA,NA,67.3,742.6,1.29
2026-06-29 22:00:00,48.83,109.73,26.03,30.27,37.57,45.19,0.1,0.56,12.59,2.74,11.39,NA,0.86,0.93,0.75,34.33,65.98,0.22,235.62,NA,NA,76.04,742.66,1.28
2026-06-29 23:00:00,49.2,93.8,31.09,27.17,40.24,44.5,5.77,0.52,16.82,2.48,10.62,NA,0.68,0.84,0.59,33.94,66.39,0.14,206.16,NA,NA,70.91,742.63,1.26
2026-06-30 00:00:00,33.18,66.55,18.23,20.17,26.05,30.88,5.96,0.43,13.84,1.74,9.89,NA,0.52,0.55,0.64,33.3,65.77,0.54,23.0,NA,NA,70.71,742.59,1.23
2026-06-30 01:00:00,37.78,52.03,17.11,20.03,24.78,30.48,2.88,0.32,15.46,1.81,10.19,NA,0.53,0.57,0.63,32.83,55.28,0.63,77.91,NA,NA,67.39,742.58,1.21
2026-06-30 02:00:00,NA,NA,18.22,20.57,26.47,31.36,3.02,0.38,14.46,1.74,10.01,NA,0.53,0.55,0.64,32.48,55.06,0.35,243.33,NA,NA,63.28,742.56,1.2
2026-06-30 03:00:00,NA,NA,19.66,20.38,27.12,31.24,0.46,0.11,14.18,2.16,10.61,NA,0.68,0.72,0.66,31.74,58.73,0.44,188.51,NA,NA,73.13,742.62,1.16
2026-06-30 04:00:00,NA,NA,17.33,20.12,25.0,35.06,0.52,0.71,16.25,2.41,10.52,NA,0.77,0.89,0.7,31.57,61.06,0.29,113.73,NA,NA,69.46,742.59,1.16
2026-06-30 05:00:00,NA,NA,20.38,20.1,28.11,36.15,3.6,0.41,13.12,2.38,10.85,NA,0.77,0.9,0.68,30.34,73.45,0.33,222.17,NA,NA,118.75,742.88,1.1
2026-06-30 06:00:00,56.0,57.0,15.84,20.14,23.23,36.7,5.68,0.49,11.97,2.63,11.72,NA,0.81,1.0,0.76,30.78,71.46,0.27,151.52,NA,NA,526.83,753.22,1.13
2026-06-30 07:00:00,35.5,40.9,18.22,21.66,27.5,37.28,1.4,1.67,11.54,3.52,14.8,NA,0.91,1.26,0.96,31.02,73.31,0.41,225.26,NA,NA,209.3,747.48,1.13
2026-06-30 08:00:00,NA,NA,19.08,21.74,28.19,44.76,0.12,0.43,13.73,3.23,15.66,NA,1.03,1.23,1.11,30.47,74.08,0.44,185.4,NA,NA,55.15,742.43,1.11
2026-06-30 09:00:00,32.23,42.73,23.15,26.23,34.01,58.65,0.16,0.83,35.61,2.75,16.37,NA,1.48,1.57,1.43,30.94,73.54,0.47,159.45,NA,NA,258.78,742.47,1.13
2026-06-30 10:00:00,29.88,51.13,24.98,29.41,37.22,56.07,0.23,0.12,43.78,2.75,16.43,NA,1.48,1.5,1.44,29.93,78.82,0.77,167.74,NA,NA,382.12,742.65,1.09
2026-06-30 11:00:00,37.2,53.07,28.0,31.24,39.49,52.2,12.83,0.14,56.2,2.6,16.96,NA,1.47,1.55,1.44,30.36,75.72,0.72,174.92,NA,NA,390.11,742.42,1.1
2026-06-30 12:00:00,NA,NA,NA,NA,NA,NA,NA,NA,NA,NA,NA,NA,NA,NA,NA,NA,NA,NA,NA,NA,NA,NA,NA,NA
2026-06-30 13:00:00,NA,NA,29.68,30.66,41.5,48.23,4.23,0.06,58.78,2.76,16.5,NA,1.51,1.52,1.45,31.38,70.18,0.72,189.58,NA,NA,402.57,742.48,1.15
2026-06-30 14:00:00,NA,NA,21.13,25.63,31.46,51.86,4.66,0.25,57.02,2.63,17.04,NA,1.51,1.53,1.42,31.43,70.29,0.74,176.76,NA,NA,389.4,742.4,1.15
2026-06-30 15:00:00,23.72,34.18,18.87,21.17,27.36,54.83,12.45,0.95,60.85,2.62,17.34,NA,1.49,1.53,1.42,31.74,65.3,0.68,173.77,NA,NA,382.84,742.31,1.17
2026-06-30 16:00:00,36.63,37.57,16.71,20.37,24.13,62.21,11.91,0.15,64.33,2.62,16.86,NA,1.5,1.48,1.42,31.78,65.43,0.7,168.63,NA,NA,385.13,742.33,1.17
2026-06-30 17:00:00,22.48,37.38,23.19,24.43,32.69,58.39,6.14,0.42,44.1,2.61,16.54,NA,1.48,1.53,1.45,31.66,66.24,0.7,176.55,NA,NA,284.24,742.35,1.16
2026-06-30 18:00:00,18.4,36.13,24.39,25.68,33.69,53.28,7.77,1.01,30.16,2.85,17.36,NA,1.55,1.6,1.51,31.49,67.72,0.7,180.17,NA,NA,230.97,742.38,1.15
2026-06-30 19:00:00,28.78,34.4,22.66,26.78,33.26,56.04,0.67,0.79,29.85,3.69,18.74,NA,1.78,1.76,1.79,31.37,67.55,0.69,204.29,NA,NA,236.14,742.5,1.15
2026-06-30 20:00:00,14.9,30.2,24.34,27.74,34.84,58.98,0.88,0.23,27.75,3.89,16.59,NA,1.69,1.44,1.62,31.37,67.63,0.51,205.25,NA,NA,182.61,742.43,1.15
2026-06-30 21:00:00,23.2,41.88,27.21,31.57,40.02,48.46,0.81,0.08,23.99,3.99,15.58,NA,1.58,1.23,1.48,31.42,70.59,0.31,252.05,NA,NA,61.67,742.53,1.15
2026-06-30 22:00:00,37.9,50.55,29.94,29.24,41.06,46.9,1.15,0.25,21.76,2.63,10.81,NA,0.85,0.91,0.76,31.12,74.51,0.53,233.2,NA,NA,78.26,742.66,1.14
2026-06-30 23:00:00,23.6,56.5,18.73,20.9,26.65,46.04,6.82,0.17,10.98,2.44,11.06,NA,0.69,0.86,0.6,31.15,72.99,0.57,219.58,NA,NA,74.13,742.65,1.14
2026-07-01 00:00:00,23.9,61.58,21.11,20.81,29.11,35.07,6.61,0.2,9.96,1.73,9.86,NA,0.52,0.52,0.61,30.85,74.98,0.57,226.76,NA,NA,81.67,742.7,1.13
2026-07-01 01:00:00,37.23,52.63,19.55,20.59,27.75,34.9,5.06,0.16,8.67,1.78,9.82,NA,0.53,0.54,0.61,30.92,75.58,0.31,221.73,NA,NA,83.18,742.74,1.13
2026-07-01 02:00:00,41.98,48.85,19.97,21.82,29.04,35.67,5.49,1.12,9.23,1.84,9.93,NA,0.53,0.51,0.61,30.79,77.49,0.33,247.17,NA,NA,91.41,742.85,1.13
2026-07-01 03:00:00,23.8,52.63,19.49,19.88,27.07,35.36,1.17,0.84,9.47,2.08,10.54,NA,0.69,0.76,0.69,30.49,81.74,0.31,220.12,NA,NA,119.38,743.0,1.11
2026-07-01 04:00:00,16.17,62.0,18.12,20.37,26.02,38.47,1.06,0.49,10.0,2.35,10.72,NA,0.77,0.91,0.69,30.44,81.23,0.53,246.67,NA,NA,121.47,743.03,1.11
2026-07-01 05:00:00,11.25,62.83,17.97,20.79,26.32,38.85,9.65,0.52,8.55,2.34,10.91,NA,0.77,0.93,0.68,30.19,82.63,0.46,266.91,NA,NA,125.63,743.07,1.1
2026-07-01 06:00:00,27.58,60.75,18.79,21.34,27.67,40.11,9.38,0.72,8.1,2.64,11.61,NA,0.8,0.98,0.78,30.13,83.44,0.29,257.28,NA,NA,127.33,743.07,1.1
2026-07-01 07:00:00,36.25,56.48,19.26,20.98,27.79,41.26,13.22,0.33,6.34,3.52,15.16,NA,0.89,1.21,0.97,30.84,79.6,0.41,241.85,NA,NA,129.53,743.06,1.13
2026-07-01 08:00:00,22.6,53.38,17.07,20.63,24.6,46.11,12.26,0.93,6.13,3.32,15.47,NA,1.05,1.2,1.1,31.81,74.02,0.19,232.01,NA,NA,103.67,742.88,1.17
2026-07-01 09:00:00,15.75,58.75,22.08,20.78,30.35,53.58,2.47,1.08,7.05,2.68,16.41,NA,1.49,1.56,1.41,33.01,68.53,0.28,137.77,NA,NA,107.57,742.94,1.22
2026-07-01 10:00:00,27.2,69.08,18.96,22.6,26.21,46.42,3.77,0.3,16.47,2.5,14.08,NA,1.41,1.42,1.32,33.21,67.3,0.33,207.22,NA,NA,292.94,743.46,1.23
2026-07-01 11:00:00,41.55,63.28,25.41,24.43,33.99,40.01,0.03,0.09,36.1,2.45,12.5,NA,1.32,1.34,1.25,33.76,65.22,0.2,190.35,NA,NA,360.07,743.38,1.25
2026-07-01 12:00:00,47.93,77.5,25.77,21.95,34.45,39.46,0.04,0.47,59.1,2.27,12.35,NA,1.33,1.4,1.27,32.82,70.02,0.59,104.41,NA,NA,454.5,743.31,1.21
2026-07-01 13:00:00,29.68,81.6,21.26,20.8,29.71,43.53,11.23,0.54,61.87,2.34,12.55,NA,1.33,1.33,1.26,33.22,67.65,0.74,42.91,NA,NA,490.67,743.29,1.23
2026-07-01 14:00:00,32.28,74.27,21.4,20.18,28.97,43.21,12.45,0.45,62.77,2.45,13.01,NA,1.32,1.39,1.26,32.63,67.86,0.5,68.3,NA,NA,478.82,743.11,1.2
2026-07-01 15:00:00,31.93,72.93,26.79,20.2,31.6,43.45,2.73,0.19,62.38,2.4,13.36,NA,1.33,1.34,1.26,30.83,75.69,0.64,159.75,NA,NA,511.35,743.34,1.13
2026-07-01 16:00:00,29.73,60.3,17.15,20.22,23.8,48.84,3.88,1.75,60.32,2.39,12.79,NA,1.34,1.39,1.26,29.95,83.45,0.73,175.36,NA,NA,550.65,743.65,1.09
2026-07-01 17:00:00,33.78,44.88,24.21,19.63,30.89,52.07,5.47,1.45,57.06,2.34,12.85,NA,1.33,1.37,1.3,30.53,79.64,0.52,194.99,NA,NA,562.45,743.73,1.11
2026-07-01 18:00:00,36.85,46.45,33.46,20.6,41.17,52.66,10.99,0.48,58.54,2.59,13.59,NA,1.38,1.41,1.35,30.7,79.54,0.67,192.31,NA,NA,574.61,743.86,1.12
2026-07-01 19:00:00,38.9,48.13,23.01,22.18,30.58,52.61,1.24,0.66,59.45,3.17,14.42,NA,1.63,1.56,1.6,30.55,79.43,0.6,232.17,NA,NA,550.51,743.58,1.11
2026-07-01 20:00:00,45.67,49.9,17.74,22.2,26.94,56.94,0.01,0.94,57.11,3.33,13.03,NA,1.48,1.25,1.41,30.5,81.31,0.52,198.39,NA,NA,506.26,743.29,1.11
2026-07-01 21:00:00,47.5,50.05,45.79,20.73,51.07,48.15,3.13,1.49,54.12,3.34,11.31,NA,1.41,1.03,1.34,30.37,84.43,0.44,179.22,NA,NA,542.24,743.54,1.1
2026-07-01 22:00:00,23.35,62.98,27.62,21.66,34.61,44.7,6.1,0.07,53.14,2.42,7.62,NA,0.76,0.8,0.68,30.06,86.7,0.33,272.33,NA,NA,592.56,743.98,1.09
2026-07-01 23:00:00,11.9,69.6,13.69,21.67,21.92,46.62,4.32,0.06,55.9,2.24,6.45,NA,0.62,0.75,0.53,29.93,88.0,0.32,97.47,NA,NA,585.87,743.95,1.08
2026-07-02 00:00:00,25.73,72.45,17.36,21.31,25.88,36.15,3.31,0.64,55.64,1.57,5.84,NA,0.45,0.5,0.52,29.77,88.34,0.41,252.03,NA,NA,581.8,743.9,1.08
2026-07-02 01:00:00,38.63,66.23,22.18,19.71,29.24,36.46,NA,0.56,55.96,1.58,5.9,NA,0.46,0.49,0.53,29.88,86.23,0.64,211.35,NA,NA,578.59,743.86,1.09
2026-07-02 02:00:00,26.83,46.05,21.87,20.47,29.23,36.04,NA,0.65,56.42,1.57,5.86,NA,0.47,0.5,0.57,29.96,85.91,0.7,224.74,NA,NA,577.04,743.84,1.09
2026-07-02 03:00:00,29.58,55.3,22.08,20.39,29.97,35.72,10.09,0.61,55.75,1.85,6.63,NA,0.61,0.69,0.57,29.75,87.52,0.44,181.68,NA,NA,586.66,743.94,1.08
2026-07-02 04:00:00,22.35,64.35,19.23,19.98,26.59,39.02,9.76,0.5,55.81,2.13,7.0,NA,0.69,0.79,0.61,29.57,88.59,0.33,216.14,NA,NA,589.02,743.98,1.07
2026-07-02 05:00:00,32.9,70.4,17.15,22.82,26.47,39.37,1.75,0.49,55.62,2.12,6.8,NA,0.69,0.81,0.62,29.63,90.05,0.54,221.82,NA,NA,598.33,743.98,1.07
2026-07-02 06:00:00,29.9,75.63,17.48,20.61,25.6,40.35,1.48,0.75,54.78,2.36,7.74,NA,0.71,0.88,0.66,29.63,92.93,0.52,234.67,NA,NA,619.08,744.17,1.08
2026-07-02 07:00:00,18.05,195.58,18.89,21.26,27.78,40.56,9.84,0.72,56.42,3.16,10.62,NA,0.83,1.06,0.86,29.37,92.64,0.59,235.81,NA,NA,640.37,744.35,1.06
2026-07-02 08:00:00,32.25,195.45,18.82,21.22,27.5,45.04,9.48,0.63,55.16,2.9,10.63,NA,0.92,1.13,0.99,29.65,95.56,0.45,182.05,NA,NA,648.25,744.4,1.08
2026-07-02 09:00:00,40.6,93.7,16.86,20.88,25.23,51.26,7.18,0.66,55.08,2.34,12.85,NA,1.31,1.41,1.27,29.55,96.63,0.62,235.72,NA,NA,630.35,768.46,1.07
2026-07-02 10:00:00,24.5,85.55,17.56,19.84,25.06,48.84,7.4,0.75,55.16,2.29,12.62,NA,1.33,1.38,1.25,30.64,86.06,0.53,234.34,NA,NA,NA,767.6,1.12
2026-07-02 11:00:00,27.38,73.98,23.37,19.9,30.97,45.03,14.73,0.68,59.52,2.35,12.78,NA,1.32,1.39,1.29,32.27,75.94,0.56,214.52,NA,NA,298.41,750.22,1.19
2026-07-02 12:00:00,33.1,50.9,18.92,19.91,26.46,37.87,13.26,1.07,61.35,2.17,10.37,NA,1.21,1.23,1.14,33.34,69.45,0.59,241.31,NA,NA,377.36,743.09,1.23
2026-07-02 13:00:00,32.4,44.3,16.88,20.66,25.08,38.46,9.18,0.91,63.29,2.06,9.47,NA,1.15,1.2,1.13,33.59,68.68,0.59,208.66,NA,NA,427.96,743.06,1.24
2026-07-02 14:00:00,25.4,63.13,23.51,21.5,32.56,38.98,8.43,0.45,64.08,2.17,9.57,NA,1.17,1.19,1.08,34.33,64.92,0.64,212.38,NA,NA,418.15,742.89,1.28
2026-07-02 15:00:00,15.53,64.73,18.56,20.69,26.57,38.78,6.12,0.68,62.75,2.11,9.26,NA,1.15,1.19,1.12,35.28,57.66,0.46,217.84,NA,NA,393.99,742.77,1.32
2026-07-02 16:00:00,9.45,65.07,21.09,20.31,29.08,44.33,5.58,0.77,62.55,2.04,9.09,NA,1.15,1.16,1.12,34.92,58.57,0.59,208.59,NA,NA,391.13,742.68,1.3
2026-07-02 17:00:00,27.7,86.37,21.85,20.21,29.76,47.2,5.38,0.74,61.88,2.06,10.14,NA,1.16,1.22,1.09,34.26,65.35,0.63,209.54,NA,NA,425.58,742.94,1.27
2026-07-02 18:00:00,21.3,102.93,19.52,21.22,28.38,48.18,5.08,0.59,59.72,2.22,9.98,NA,1.22,1.23,1.18,33.67,68.34,0.64,222.28,NA,NA,456.46,743.12,1.25
2026-07-02 19:00:00,14.0,75.6,19.43,21.11,27.48,50.43,5.33,0.66,55.11,2.77,10.69,NA,1.37,1.37,1.41,33.24,72.51,0.67,212.34,NA,NA,432.05,743.37,1.23
2026-07-02 20:00:00,16.93,76.4,28.65,28.4,39.83,59.57,6.23,0.37,22.26,2.88,9.56,NA,1.3,1.11,1.23,33.02,72.97,0.57,234.33,NA,NA,187.7,743.47,1.22
2026-07-02 21:00:00,10.25,97.53,44.59,29.8,53.42,51.16,5.9,0.32,19.33,2.97,8.23,NA,1.23,0.94,1.16,32.65,75.32,0.65,222.95,NA,NA,181.41,743.42,1.2
2026-07-02 22:00:00,12.85,95.78,23.55,26.03,34.41,44.66,11.12,0.08,18.46,2.09,5.77,NA,0.67,0.72,0.6,32.3,75.29,0.61,239.6,NA,NA,222.75,743.72,1.19
2026-07-02 23:00:00,28.1,89.0,16.1,19.13,23.5,45.98,8.62,0.06,19.56,1.88,4.96,NA,0.54,0.64,0.46,32.13,73.23,0.64,243.08,NA,NA,203.5,743.61,1.18
2026-07-03 00:00:00,32.15,71.95,18.43,18.18,25.52,35.69,8.35,0.23,18.25,1.46,4.17,NA,0.4,0.41,0.5,31.71,74.24,0.74,189.09,NA,NA,193.47,743.49,1.16
2026-07-03 01:00:00,27.08,67.1,15.38,18.7,22.6,35.28,0.84,0.13,17.78,1.36,4.02,NA,0.41,0.42,0.49,31.24,79.14,0.76,187.68,NA,NA,202.75,743.53,1.14
2026-07-03 02:00:00,NA,NA,NA,NA,NA,NA,NA,NA,NA,NA,NA,NA,NA,NA,NA,NA,NA,NA,NA,NA,NA,NA,NA,NA
2026-07-03 03:00:00,NA,NA,NA,NA,NA,NA,NA,NA,NA,NA,NA,NA,NA,NA,NA,NA,NA,NA,NA,NA,NA,NA,NA,NA
2026-07-03 04:00:00,NA,NA,NA,NA,NA,NA,NA,NA,NA,NA,NA,NA,NA,NA,NA,NA,NA,NA,NA,NA,NA,NA,NA,NA
2026-07-03 05:00:00,NA,NA,NA,NA,NA,NA,NA,NA,NA,NA,NA,NA,NA,NA,NA,NA,NA,NA,NA,NA,NA,NA,NA,NA
2026-07-03 06:00:00,NA,NA,NA,NA,NA,NA,NA,NA,NA,NA,NA,NA,NA,NA,NA,NA,NA,NA,NA,NA,NA,NA,NA,NA
2026-07-03 07:00:00,NA,NA,NA,11.43,2.04,NA,NA,NA,82.83,2.77,10.28,NA,0.68,0.92,0.75,30.65,NA,0.72,170.81,NA,NA,NA,757.53,1.12
2026-07-03 08:00:00,NA,NA,NA,NA,NA,NA,NA,NA,NA,NA,NA,NA,NA,NA,NA,NA,NA,NA,NA,NA,NA,NA,NA,NA
2026-07-03 09:00:00,NA,NA,NA,NA,NA,NA,NA,NA,NA,NA,NA,NA,NA,NA,NA,NA,NA,NA,NA,NA,NA,NA,NA,NA
2026-07-03 10:00:00,NA,NA,NA,NA,NA,NA,NA,NA,NA,NA,NA,NA,NA,NA,NA,NA,NA,NA,NA,NA,NA,NA,NA,NA
2026-07-03 11:00:00,NA,NA,NA,NA,NA,NA,NA,NA,NA,NA,NA,NA,NA,NA,NA,NA,NA,NA,NA,NA,NA,NA,NA,NA
2026-07-03 12:00:00,NA,NA,NA,NA,NA,NA,NA,NA,NA,NA,NA,NA,NA,NA,NA,NA,NA,NA,NA,NA,NA,NA,NA,NA
2026-07-03 13:00:00,NA,NA,NA,NA,NA,NA,NA,NA,NA,NA,NA,NA,NA,NA,NA,NA,NA,NA,NA,NA,NA,NA,NA,NA
2026-07-03 14:00:00,NA,NA,NA,NA,NA,44.37,NA,NA,NA,2.08,9.79,NA,1.17,1.2,1.12,37.65,52.28,0.53,223.49,NA,NA,NA,749.48,1.42
2026-07-03 15:00:00,NA,NA,NA,NA,NA,NA,NA,NA,NA,NA,NA,NA,NA,NA,NA,NA,NA,NA,NA,NA,NA,NA,NA,NA
2026-07-03 16:00:00,5.0,36.0,8.64,19.79,12.8,53.0,NA,NA,41.68,2.06,9.86,NA,1.16,1.2,1.09,38.3,48.65,0.51,229.6,NA,NA,599.17,746.28,1.45
2026-07-03 17:00:00,NA,NA,16.16,18.52,23.4,53.42,NA,0.06,12.24,2.07,9.95,NA,1.16,1.19,1.11,37.85,51.4,0.55,242.34,NA,NA,219.78,743.62,1.43
2026-07-03 18:00:00,35.45,36.0,20.72,19.16,28.47,54.63,4.32,1.14,13.9,2.27,10.28,NA,1.21,1.24,1.16,36.72,56.0,0.41,256.55,NA,NA,173.32,743.37,1.38
2026-07-03 19:00:00,19.9,48.58,18.36,18.68,25.01,55.12,28.38,1.99,12.2,2.86,11.55,NA,1.39,1.37,1.39,34.8,64.61,0.53,19.48,NA,NA,174.91,743.39,1.29
2026-07-03 20:00:00,19.9,59.15,20.83,21.85,29.45,58.62,NA,2.66,10.93,2.96,9.53,NA,1.32,1.08,1.25,34.3,66.24,0.44,68.27,NA,NA,178.92,743.41,1.28
2026-07-03 21:00:00,19.9,65.6,24.26,22.32,33.02,49.18,40.06,2.73,11.55,2.98,8.41,NA,1.24,0.92,1.17,34.15,65.24,0.67,230.59,NA,NA,172.39,743.29,1.27
2026-07-03 22:00:00,19.78,59.8,17.4,19.01,24.78,46.48,NA,0.63,11.25,2.07,5.36,NA,0.66,0.71,0.6,34.21,65.17,0.71,173.27,NA,NA,172.7,743.33,1.27
2026-07-03 23:00:00,16.2,54.87,14.2,16.63,20.95,48.31,8.18,0.71,11.85,1.98,4.67,NA,0.53,0.66,0.47,34.03,66.49,0.69,192.71,NA,NA,194.66,743.52,1.26
2026-07-04 00:00:00,34.3,55.4,14.8,16.32,21.28,35.41,45.19,0.39,11.45,1.35,4.15,NA,0.42,0.42,0.51,33.46,70.12,0.68,205.32,NA,NA,189.6,743.43,1.24
2026-07-04 01:00:00,44.05,53.15,14.83,16.3,21.18,35.14,NA,0.41,10.68,1.3,4.16,NA,0.41,0.42,0.48,33.27,71.35,0.68,201.29,NA,NA,178.59,743.41,1.23
2026-07-04 02:00:00,45.4,53.0,14.75,17.88,22.67,35.75,NA,0.45,10.33,1.42,4.14,NA,0.42,0.43,0.47,33.4,71.68,0.7,211.24,NA,NA,215.82,743.67,1.24
2026-07-04 03:00:00,23.55,41.33,13.23,16.15,19.11,35.27,NA,0.26,11.12,1.66,4.59,NA,0.52,0.57,0.51,33.44,72.08,0.65,229.93,NA,NA,233.93,743.76,1.24
2026-07-04 04:00:00,17.58,54.15,56.44,15.37,59.88,38.65,NA,0.63,11.18,1.86,5.0,NA,0.6,0.73,0.53,33.21,73.94,0.64,232.84,NA,NA,220.14,743.69,1.23
2026-07-04 05:00:00,29.18,57.73,116.52,29.78,128.18,39.11,21.62,0.71,10.85,1.85,5.05,NA,0.6,0.69,0.54,32.9,75.83,0.57,242.78,NA,NA,229.48,743.74,1.21
2026-07-04 06:00:00,16.2,54.8,18.87,12.08,8.9,39.89,29.9,0.55,11.18,2.03,5.44,NA,0.62,0.78,0.59,33.32,74.86,0.63,233.88,NA,NA,207.55,743.56,1.23
2026-07-04 07:00:00,16.83,46.7,83.55,72.58,124.06,41.43,13.67,0.94,10.87,2.68,8.11,NA,0.71,0.93,0.81,34.55,68.37,0.34,240.34,NA,NA,170.82,743.31,1.28
2026-07-04 08:00:00,24.4,38.0,18.18,18.53,12.73,50.14,35.11,0.75,16.43,2.51,8.72,NA,0.8,0.99,0.8,35.56,64.0,0.19,293.92,NA,NA,145.98,743.22,1.33
2026-07-04 09:00:00,12.93,43.38,21.03,19.84,28.17,66.76,13.35,1.03,25.46,2.03,9.5,NA,1.16,1.2,1.13,36.63,58.61,0.33,203.36,NA,NA,146.55,743.18,1.37
2026-07-04 10:00:00,28.55,55.55,19.21,20.21,26.96,62.84,8.67,0.36,25.29,2.04,9.36,NA,1.16,1.18,1.07,37.68,52.89,0.33,257.12,NA,NA,127.69,743.04,1.42
2026-07-04 11:00:00,38.3,59.13,77.58,31.42,80.3,55.05,NA,0.4,34.68,2.03,9.44,NA,1.17,1.19,1.1,38.56,49.95,0.34,246.86,NA,NA,279.79,743.02,1.46
2026-07-04 12:00:00,31.93,49.35,329.78,32.48,172.02,46.84,0.11,0.38,51.55,2.03,9.63,NA,1.17,1.19,1.1,38.68,49.04,0.3,252.84,NA,NA,584.2,742.98,1.46
2026-07-04 13:00:00,39.73,43.05,11.39,20.74,18.13,49.53,NA,0.57,50.77,2.06,9.42,NA,1.17,1.19,1.09,35.92,62.04,0.71,37.72,NA,NA,596.41,743.03,1.35
2026-07-04 14:00:00,40.68,53.08,9.37,21.23,17.31,50.01,NA,0.54,50.82,2.06,9.41,NA,1.16,1.16,1.11,37.94,55.64,0.48,65.13,NA,NA,581.56,742.92,1.43
2026-07-04 15:00:00,45.73,61.03,9.02,20.5,15.43,49.8,NA,0.49,52.08,2.13,9.58,NA,1.17,1.16,1.12,39.13,49.59,0.54,63.26,NA,NA,561.29,742.79,1.48
2026-07-04 16:00:00,49.75,57.48,8.07,20.75,15.68,56.15,NA,0.39,55.14,2.05,9.53,NA,1.17,1.21,1.11,37.75,55.93,0.43,170.9,NA,NA,552.6,742.72,1.42
2026-07-04 17:00:00,32.3,54.85,8.31,20.81,16.0,60.55,NA,0.38,52.95,2.06,9.51,NA,1.17,1.21,1.11,39.01,48.36,0.29,202.04,NA,NA,564.94,742.81,1.48
2026-07-04 18:00:00,41.0,56.6,9.42,23.12,17.79,59.49,NA,1.6,43.43,2.56,11.66,NA,1.27,1.26,1.25,38.28,49.39,0.34,355.26,NA,NA,650.11,744.29,1.45
2026-07-04 19:00:00,45.45,54.95,13.38,28.4,24.11,54.47,8.3,1.83,10.88,2.86,11.53,NA,1.39,1.37,1.39,36.25,59.11,0.6,72.9,NA,NA,NA,744.31,1.36
2026-07-04 20:00:00,26.6,62.88,11.69,29.35,23.61,58.97,8.79,0.81,10.6,3.01,9.69,NA,1.3,1.11,1.27,35.04,61.6,0.5,109.27,NA,NA,NA,742.77,1.31
2026-07-04 21:00:00,41.1,63.8,13.87,28.74,24.89,48.88,8.96,0.83,10.61,3.05,8.41,NA,1.24,0.91,1.17,35.38,60.78,0.57,210.38,NA,NA,NA,743.18,1.32
2026-07-04 22:00:00,48.13,66.05,12.2,25.28,22.0,46.14,8.89,0.6,11.07,2.17,5.26,NA,0.67,0.76,0.58,35.25,63.18,0.71,164.48,NA,NA,325.86,743.42,1.32
2026-07-04 23:00:00,38.7,77.53,11.48,20.91,19.23,46.62,9.24,0.75,11.91,1.96,4.62,NA,0.55,0.66,0.46,35.31,63.57,0.75,154.42,NA,NA,346.51,743.27,1.32
2026-07-05 00:00:00,37.78,85.78,10.71,20.34,17.08,34.78,8.9,0.21,14.0,1.36,4.16,NA,0.42,0.42,0.48,35.62,63.58,0.74,231.59,NA,NA,330.85,743.24,1.33
2026-07-05 01:00:00,39.55,80.35,7.1,21.08,14.45,35.23,8.77,0.06,14.6,1.37,4.32,NA,0.41,0.42,0.48,35.31,64.72,0.34,240.32,NA,NA,321.51,743.06,1.32
2026-07-05 02:00:00,31.0,70.73,11.77,21.36,20.75,35.37,9.35,0.42,15.18,1.38,4.27,NA,0.41,0.42,0.49,34.65,68.88,0.23,245.57,NA,NA,324.54,743.11,1.29
2026-07-05 03:00:00,41.15,64.03,7.7,21.23,15.68,35.54,8.91,0.34,15.35,1.67,4.63,NA,0.52,0.58,0.51,34.3,70.96,0.58,240.82,NA,NA,325.16,743.16,1.27
2026-07-05 04:00:00,47.4,60.25,7.76,20.79,15.49,38.9,8.92,0.52,13.46,1.86,4.87,NA,0.6,0.72,0.56,34.15,72.47,0.43,236.24,NA,NA,325.1,743.18,1.27
2026-07-05 05:00:00,42.5,61.13,10.65,20.72,17.98,39.11,8.85,0.64,13.82,1.85,4.99,NA,0.6,0.69,0.55,33.9,73.88,0.53,230.42,NA,NA,332.24,743.24,1.26
2026-07-05 06:00:00,47.15,62.18,9.63,20.77,16.18,40.07,8.92,0.56,13.54,2.07,5.47,NA,0.62,0.75,0.61,34.06,73.57,0.34,215.36,NA,NA,329.42,743.22,1.27
2026-07-05 07:00:00,28.13,56.35,9.21,21.76,17.68,41.57,8.86,0.72,17.13,2.69,8.64,NA,0.7,0.95,0.76,34.8,71.57,0.43,242.8,NA,NA,321.64,743.1,1.3
2026-07-05 08:00:00,16.83,54.6,9.27,21.01,17.01,44.72,9.29,1.13,15.6,2.54,8.34,NA,0.81,1.01,0.87,36.53,63.16,0.26,245.18,NA,NA,290.59,742.94,1.37
2026-07-05 09:00:00,34.48,55.38,11.52,25.89,21.02,53.49,8.91,1.73,25.67,2.08,9.52,NA,1.17,1.21,1.09,36.56,62.73,0.32,217.19,NA,NA,387.43,742.83,1.37
2026-07-05 10:00:00,23.95,53.7,14.75,28.83,25.61,49.38,8.92,0.36,34.54,2.13,9.54,NA,1.15,1.19,1.09,37.86,57.28,0.23,271.47,NA,NA,452.47,742.77,1.42
2026-07-05 11:00:00,17.8,54.0,12.36,28.81,22.16,45.17,9.05,0.14,39.63,2.03,8.83,NA,1.15,1.18,1.11,39.19,50.49,0.49,160.21,NA,NA,491.81,743.07,1.48
2026-07-05 12:00:00,19.85,53.1,13.45,27.41,22.9,42.59,8.75,0.06,32.18,2.12,9.38,NA,1.15,1.17,1.1,39.8,49.32,0.4,243.99,NA,NA,518.94,743.62,1.51
2026-07-05 13:00:00,13.98,51.75,17.7,28.71,28.27,44.31,8.77,0.08,37.82,2.05,9.6,NA,1.16,1.14,1.09,39.02,53.07,0.71,181.35,NA,NA,206.67,742.93,1.48
2026-07-05 14:00:00,16.63,47.3,11.84,24.73,20.09,44.25,9.13,4.25,61.85,2.1,9.23,NA,1.16,1.2,1.12,40.56,47.63,0.57,210.67,NA,NA,420.23,742.36,1.54
2026-07-05 15:00:00,34.53,40.65,9.22,20.42,16.24,43.89,9.23,4.72,80.49,2.03,9.52,NA,1.16,1.19,1.11,41.62,41.32,0.34,246.58,NA,NA,703.91,742.66,1.59
2026-07-05 16:00:00,23.43,36.0,12.39,19.19,17.98,50.95,8.65,0.7,82.86,2.09,9.66,NA,1.17,1.17,1.11,41.4,40.87,0.51,213.14,NA,NA,698.03,742.62,1.58
2026-07-05 17:00:00,29.4,38.03,13.02,20.85,20.02,54.84,8.86,1.11,83.83,2.04,9.5,NA,1.16,1.18,1.13,40.97,41.47,0.59,235.2,NA,NA,690.21,742.56,1.56
2026-07-05 18:00:00,NA,NA,12.28,20.6,19.2,54.77,8.75,0.19,8.15,2.2,10.4,NA,1.21,1.21,1.17,39.95,45.73,0.63,237.9,NA,NA,155.21,742.69,1.52
2026-07-05 19:00:00,NA,NA,10.61,20.09,16.91,54.71,8.93,0.06,7.59,2.81,11.27,NA,1.39,1.37,1.39,30.26,91.12,0.6,195.01,NA,NA,214.84,749.52,1.1
2026-07-05 20:00:00,NA,NA,7.34,18.23,14.83,59.2,9.19,0.82,5.68,2.87,9.52,NA,1.3,1.08,1.26,30.82,90.82,0.67,204.58,NA,NA,NA,765.22,1.13
2026-07-05 21:00:00,45.5,78.65,7.75,2.04,13.51,48.47,8.93,1.29,7.17,3.0,8.64,NA,1.23,0.9,1.17,32.47,88.82,0.5,181.33,NA,NA,425.53,757.77,1.19
2026-07-05 22:00:00,37.43,90.6,8.23,16.83,15.56,46.85,8.85,0.51,9.59,2.12,5.59,NA,0.67,0.69,0.59,33.59,79.8,0.67,240.64,NA,NA,214.22,743.76,1.24
2026-07-05 23:00:00,20.5,83.3,8.06,20.91,15.73,46.93,8.98,0.09,7.58,1.9,4.82,NA,0.53,0.63,0.46,33.87,74.75,0.45,151.93,NA,NA,137.85,743.56,1.26
2026-07-06 00:00:00,13.77,76.6,10.41,20.45,17.95,35.56,9.01,0.33,6.66,1.36,4.09,NA,0.42,0.43,0.47,33.91,72.91,0.48,174.57,NA,NA,NA,743.5,1.26
2026-07-06 01:00:00,16.1,69.2,9.9,21.53,18.36,35.03,8.61,0.13,6.99,1.32,4.13,NA,0.41,0.43,0.51,33.91,72.72,0.74,191.1,NA,NA,NA,743.51,1.26
2026-07-06 02:00:00,8.08,61.1,9.32,20.56,16.62,35.29,9.1,0.56,6.91,1.4,4.09,NA,0.42,0.43,0.46,33.58,75.87,0.79,180.13,NA,NA,NA,743.55,1.25
2026-07-06 03:00:00,4.68,55.93,9.2,20.11,15.91,35.25,8.98,0.47,6.31,1.64,4.67,NA,0.54,0.6,0.53,33.04,80.26,0.79,184.48,NA,NA,17.63,743.52,1.22
2026-07-06 04:00:00,7.0,58.28,11.51,20.86,19.54,38.9,8.98,0.43,4.49,1.87,5.0,NA,0.6,0.69,0.5,32.64,84.36,0.75,167.83,NA,NA,NA,743.38,1.2
2026-07-06 05:00:00,27.33,63.55,10.71,20.51,18.52,39.27,9.08,0.37,7.16,1.88,4.91,NA,0.6,0.71,0.55,32.41,87.59,0.72,158.03,NA,NA,NA,743.52,1.19
2026-07-06 06:00:00,35.65,67.6,9.06,21.75,17.71,39.93,9.23,0.76,8.21,2.02,5.8,NA,0.61,0.76,0.59,33.43,81.63,0.66,195.54,NA,NA,NA,743.43,1.24
2026-07-06 07:00:00,41.93,65.88,10.67,20.63,18.58,40.53,9.21,0.73,9.11,2.74,8.14,NA,0.69,0.96,0.8,35.06,71.74,0.59,225.39,NA,NA,NA,743.49,1.31
2026-07-06 08:00:00,48.0,61.63,12.75,23.96,20.99,51.07,9.03,0.68,32.18,2.57,8.51,NA,0.83,0.96,0.84,35.76,66.56,0.5,240.38,NA,NA,176.61,743.07,1.34
2026-07-06 09:00:00,31.0,61.18,14.16,27.73,25.64,65.66,8.76,1.05,46.98,2.03,9.55,NA,1.16,1.14,1.12,37.65,55.72,0.4,243.61,NA,NA,197.4,743.36,1.42
2026-07-06 10:00:00,46.5,NA,11.94,26.86,22.16,62.22,8.66,NA,43.86,2.12,9.29,NA,1.15,1.19,1.09,38.93,46.98,0.3,257.42,NA,NA,178.23,743.22,1.47
2026-07-06 11:00:00,NA,NA,9.11,24.23,17.02,58.77,NA,0.68,43.75,2.42,12.97,NA,1.42,1.49,1.35,39.42,46.59,0.29,262.74,NA,NA,290.59,742.98,1.49
2026-07-06 12:00:00,NA,20.95,NA,NA,NA,NA,NA,0.0,60.85,2.77,14.08,NA,1.5,1.51,1.42,38.89,50.65,0.36,238.82,NA,NA,344.7,743.07,1.47
2026-07-06 13:00:00,56.75,34.88,7.65,23.15,15.77,55.13,9.8,1.03,75.02,2.68,13.64,NA,1.49,1.51,1.43,38.64,52.53,0.49,237.21,NA,NA,299.0,742.77,1.46
2026-07-06 14:00:00,44.63,58.05,9.13,23.55,16.58,54.92,NA,1.25,48.64,NA,NA,NA,NA,NA,NA,38.97,50.32,0.49,230.09,NA,NA,292.27,742.7,1.48
2026-07-06 15:00:00,31.9,56.68,11.89,23.23,19.68,55.2,4.18,0.42,46.22,NA,NA,NA,NA,NA,NA,38.86,49.2,0.53,218.92,NA,NA,285.12,742.64,1.47
2026-07-06 16:00:00,25.45,54.88,10.85,24.04,19.11,51.69,NA,0.26,67.98,2.63,14.17,NA,1.5,1.52,1.41,38.49,50.43,0.46,239.26,NA,NA,282.27,742.68,1.46
2026-07-06 17:00:00,26.43,53.15,12.29,25.29,22.2,54.97,5.41,0.55,25.67,2.64,14.59,NA,1.49,1.51,1.42,38.79,51.43,0.38,252.2,NA,NA,287.73,742.71,1.47
2026-07-06 18:00:00,27.58,54.6,12.54,24.91,21.89,55.09,7.24,0.65,29.86,2.97,14.19,NA,1.57,1.6,1.49,37.13,53.94,0.39,231.19,NA,NA,332.67,743.03,1.4
2026-07-06 19:00:00,18.8,55.0,13.2,26.9,21.87,48.99,5.1,1.39,46.55,3.52,16.09,NA,1.76,1.76,1.78,34.34,54.92,0.63,233.38,NA,NA,347.06,743.12,1.28
2026-07-06 20:00:00,NA,NA,12.97,30.94,24.42,44.21,NA,0.91,31.37,3.75,13.91,NA,1.68,1.47,1.63,34.07,55.44,0.64,236.73,NA,NA,319.52,742.9,1.27
2026-07-06 21:00:00,21.8,42.2,14.83,30.71,26.54,37.15,9.34,1.14,29.59,3.86,13.17,NA,1.58,1.24,1.48,33.8,56.87,0.67,230.46,NA,NA,139.48,742.76,1.25
2026-07-06 22:00:00,22.23,48.03,12.67,26.15,21.05,35.27,8.95,0.68,21.26,2.67,9.24,NA,0.84,0.9,0.75,33.35,61.29,0.63,234.99,NA,NA,132.77,743.09,1.23
2026-07-06 23:00:00,22.7,53.1,10.62,21.56,19.07,34.38,8.81,0.65,18.87,2.47,8.81,NA,0.7,0.83,0.59,32.98,63.3,0.68,239.19,NA,NA,136.95,743.12,1.22
2026-07-07 00:00:00,23.53,55.33,9.64,19.95,16.61,26.37,8.75,0.68,20.56,1.78,8.03,NA,0.53,0.53,0.65,32.63,65.28,0.61,241.11,NA,NA,137.83,743.1,1.2
2026-07-07 01:00:00,30.65,51.13,9.67,22.11,19.98,26.46,8.65,1.01,15.21,1.78,8.04,NA,0.54,0.56,0.65,32.32,65.21,0.57,238.89,NA,NA,134.03,743.11,1.19
2026-07-07 02:00:00,26.35,43.8,9.79,20.78,17.71,26.56,8.73,1.12,15.27,1.85,8.18,NA,0.54,0.53,0.62,31.97,66.39,0.63,238.31,NA,NA,130.72,743.08,1.17
2026-07-07 03:00:00,21.45,41.35,9.32,21.19,18.08,26.55,8.76,0.9,14.59,2.14,8.51,NA,0.69,0.73,0.65,31.65,68.48,0.67,239.72,NA,NA,139.4,743.1,1.16
2026-07-07 04:00:00,28.05,39.48,9.32,21.22,17.59,29.22,8.99,0.94,13.86,2.35,8.62,NA,0.77,0.88,0.7,31.22,72.24,0.57,242.73,NA,NA,145.97,743.13,1.14
2026-07-07 05:00:00,33.2,37.2,11.79,21.46,19.72,29.39,9.11,0.85,14.14,2.38,8.84,NA,0.77,0.91,0.7,30.86,70.73,0.45,230.0,NA,NA,153.24,743.23,1.13
2026-07-07 06:00:00,25.75,37.15,10.02,21.41,18.65,30.16,9.02,0.73,15.2,2.66,9.69,NA,0.81,0.97,0.78,30.64,70.83,0.4,233.01,NA,NA,157.03,743.26,1.12
2026-07-07 07:00:00,13.35,34.05,9.54,20.54,16.71,30.34,8.92,0.78,16.0,3.53,12.71,NA,0.91,1.2,0.96,31.05,69.69,0.55,239.27,NA,NA,134.82,743.05,1.13
2026-07-07 08:00:00,15.2,28.53,10.2,20.57,17.63,33.5,8.86,0.49,21.53,3.32,13.07,NA,1.05,1.31,1.09,31.59,67.56,0.49,247.0,NA,NA,146.59,743.15,1.16
2026-07-07 09:00:00,20.9,26.5,18.67,21.8,26.77,39.98,8.97,0.09,17.13,2.6,14.15,NA,1.5,1.55,1.45,31.66,66.81,0.56,235.51,NA,NA,153.49,743.28,1.16
2026-07-07 10:00:00,NA,NA,12.0,21.27,20.55,38.32,8.72,0.05,12.53,2.64,14.25,NA,1.48,1.51,1.42,31.97,66.15,0.48,234.79,NA,NA,266.1,744.02,1.17
2026-07-07 11:00:00,27.48,46.4,15.95,21.49,20.69,45.67,8.18,0.09,61.57,2.7,14.18,NA,1.51,1.5,1.44,30.98,73.91,0.58,236.09,NA,NA,432.7,743.16,1.13
2026-07-07 12:00:00,26.73,55.57,10.0,20.12,16.49,41.39,15.23,0.15,67.8,2.57,14.21,NA,1.49,1.49,1.43,32.09,67.71,0.6,236.47,NA,NA,408.08,742.98,1.18
2026-07-07 13:00:00,34.55,52.98,11.89,20.73,19.85,43.5,12.18,0.43,74.65,2.68,14.06,NA,1.49,1.54,1.41,33.57,59.55,0.54,232.67,NA,NA,383.28,742.77,1.24
2026-07-07 14:00:00,35.55,46.2,10.41,20.71,18.12,44.38,13.89,0.28,77.81,2.69,14.0,NA,1.46,1.56,1.43,32.99,62.39,0.54,224.8,NA,NA,376.08,742.74,1.22
2026-07-07 15:00:00,31.73,44.17,8.48,17.49,14.83,40.96,14.46,0.9,72.74,2.36,12.56,NA,1.33,1.39,1.32,32.26,64.32,0.56,237.44,NA,NA,386.09,742.79,1.19
2026-07-07 16:00:00,30.28,50.7,6.9,14.38,12.59,43.61,NA,0.57,56.93,2.06,10.77,NA,1.17,1.22,1.11,31.95,66.93,0.56,241.58,NA,NA,408.66,742.97,1.17
2026-07-07 17:00:00,33.55,58.08,6.81,14.26,12.3,48.31,NA,0.44,59.38,2.04,11.07,NA,1.15,1.18,1.1,31.3,71.82,0.38,254.9,NA,NA,384.22,742.79,1.14
2026-07-07 18:00:00,32.55,58.63,4.87,14.67,10.32,47.78,NA,0.68,53.71,2.19,11.01,NA,1.21,1.25,1.17,30.14,76.89,0.39,236.7,NA,NA,391.92,742.84,1.1
2026-07-07 19:00:00,25.18,54.6,7.02,14.61,12.27,48.32,NA,0.77,51.17,2.82,12.64,NA,1.39,1.36,1.39,29.94,78.84,0.35,233.04,NA,NA,413.66,743.01,1.09
2026-07-07 20:00:00,24.7,51.3,7.11,14.68,12.45,50.96,NA,0.61,34.18,2.88,11.14,NA,1.3,1.12,1.27,29.78,80.93,0.38,248.07,NA,NA,414.26,743.04,1.08
2026-07-07 21:00:00,22.1,54.4,7.62,14.89,13.28,43.35,NA,1.03,22.89,3.02,10.04,NA,1.24,0.87,1.15,29.51,82.9,0.2,206.05,NA,NA,443.98,743.23,1.07
2026-07-07 22:00:00,25.63,55.93,10.29,15.36,16.25,39.8,NA,0.6,25.02,2.11,7.47,NA,0.66,0.7,0.59,29.23,85.4,0.17,245.88,NA,NA,503.04,743.68,1.05
2026-07-07 23:00:00,33.13,52.27,7.8,14.86,13.02,40.33,9.02,0.63,22.34,1.9,6.7,NA,0.54,0.69,0.46,28.89,87.18,0.3,239.41,NA,NA,370.33,743.66,1.04
2026-07-08 00:00:00,35.03,48.98,8.84,13.72,12.99,30.8,9.17,0.69,25.97,1.35,6.21,NA,0.39,0.42,0.5,28.9,83.9,0.16,195.87,NA,NA,236.23,743.6,1.04
2026-07-08 01:00:00,29.65,51.05,12.93,14.36,17.78,31.01,8.9,0.59,29.31,1.38,6.45,NA,0.42,0.43,0.47,28.74,83.26,0.25,224.02,NA,NA,223.41,743.49,1.04
2026-07-08 02:00:00,20.45,49.25,8.64,14.73,14.23,30.61,8.86,0.58,27.38,1.38,6.39,NA,0.41,0.42,0.45,28.61,83.69,0.36,237.8,NA,NA,224.01,743.47,1.03
2026-07-08 03:00:00,16.5,44.43,15.84,13.8,19.9,31.5,9.02,0.5,24.57,1.6,6.64,NA,0.52,0.59,0.5,28.36,84.43,0.37,239.92,NA,NA,220.21,743.4,1.02
2026-07-08 04:00:00,14.5,43.1,8.59,15.06,14.02,33.94,9.12,0.5,25.48,1.87,6.91,NA,0.6,0.75,0.54,28.09,86.28,0.49,241.41,NA,NA,225.82,743.5,1.01
2026-07-08 05:00:00,20.1,47.4,26.67,14.74,29.78,34.54,8.87,0.92,21.56,1.87,6.84,NA,0.6,0.72,0.55,28.15,87.19,0.52,240.3,NA,NA,233.96,743.64,1.01
2026-07-08 06:00:00,27.2,50.65,15.46,15.16,19.25,35.81,9.06,1.01,22.67,2.07,7.64,NA,0.64,0.72,0.57,28.58,85.99,0.4,251.53,NA,NA,228.26,743.55,1.03
2026-07-08 07:00:00,23.75,47.53,9.44,14.83,15.6,35.93,8.67,0.8,20.27,2.7,10.02,NA,0.7,0.92,0.78,29.45,81.49,0.29,198.65,NA,NA,172.89,743.1,1.07
2026-07-08 08:00:00,23.0,43.88,9.08,17.38,15.89,38.85,8.87,0.93,17.61,2.59,10.25,NA,0.79,0.99,0.84,30.54,74.79,0.13,310.78,NA,NA,153.65,743.01,1.12
2026-07-08 09:00:00,21.8,48.05,15.08,14.05,19.59,45.85,8.72,0.49,20.83,2.16,11.1,NA,1.16,1.19,1.13,31.47,70.79,0.25,260.25,NA,NA,141.4,742.86,1.15
2026-07-08 10:00:00,15.92,57.33,12.92,19.99,19.44,44.17,NA,0.68,45.08,2.03,11.17,NA,1.15,1.18,1.12,31.58,70.34,0.29,268.41,NA,NA,301.89,743.1,1.15
2026-07-08 11:00:00,12.95,57.2,28.77,19.55,35.15,39.6,NA,1.19,51.01,2.08,11.0,NA,1.17,1.19,1.12,32.63,65.07,0.18,296.37,NA,NA,412.23,743.71,1.2
2026-07-08 12:00:00,11.5,56.47,108.71,21.35,122.73,35.26,4.7,1.35,73.53,2.07,10.53,NA,1.16,1.18,1.11,33.35,61.55,0.22,291.44,NA,NA,381.08,743.49,1.23
2026-07-08 13:00:00,11.0,58.63,10.37,22.83,18.55,NA,4.49,0.6,93.98,2.08,10.85,NA,1.15,1.17,1.1,32.58,65.68,0.27,264.94,NA,NA,298.63,742.88,1.2
2026-07-08 14:00:00,13.03,40.2,16.83,24.12,26.99,NA,6.33,0.62,87.27,2.52,13.66,NA,1.42,1.4,1.31,33.27,63.82,0.28,231.05,NA,NA,414.55,742.8,1.23
2026-07-08 15:00:00,20.83,40.13,26.6,21.81,32.71,NA,6.37,0.3,59.03,2.97,15.88,NA,1.66,1.7,1.6,28.34,92.03,0.52,16.23,NA,NA,562.81,743.06,1.02
2026-07-08 16:00:00,18.05,43.15,16.94,24.03,22.9,42.41,3.64,0.52,30.39,2.94,15.45,NA,1.67,1.72,1.55,28.11,93.64,0.4,177.6,NA,NA,771.14,759.51,1.01
2026-07-08 17:00:00,NA,NA,28.55,20.53,33.82,43.93,3.5,0.78,28.59,2.85,16.17,NA,1.65,1.7,1.58,28.63,90.5,0.36,236.85,NA,NA,517.32,755.17,1.03
2026-07-08 18:00:00,NA,NA,192.34,22.19,197.95,43.28,3.42,0.73,20.93,3.17,16.69,NA,1.73,1.77,1.68,28.9,90.0,0.24,188.26,NA,NA,355.1,752.24,1.04
2026-07-08 19:00:00,NA,NA,158.57,16.99,161.18,43.68,6.58,0.5,19.8,3.92,17.78,NA,2.0,1.95,2.0,28.94,90.4,0.24,158.3,NA,NA,NA,744.57,1.04
2026-07-08 20:00:00,NA,NA,NA,28.5,NA,43.28,6.61,0.13,17.32,4.16,16.05,NA,1.85,1.57,1.76,28.9,91.64,0.46,249.14,NA,NA,NA,743.67,1.04
2026-07-08 21:00:00,24.8,38.2,NA,17.31,NA,43.48,6.72,1.65,17.36,4.22,14.43,NA,1.77,1.33,1.67,29.07,89.67,0.26,124.82,NA,NA,NA,743.39,1.05
2026-07-08 22:00:00,18.47,37.98,392.33,31.52,301.3,43.77,4.0,1.83,14.74,3.01,10.88,NA,0.94,0.98,0.84,29.08,86.0,0.29,283.14,NA,NA,NA,743.25,1.05
2026-07-08 23:00:00,19.3,39.47,283.94,20.41,301.51,43.07,4.07,0.17,19.84,2.79,9.25,NA,0.77,0.91,0.66,29.04,86.16,0.28,309.24,NA,NA,NA,743.84,1.05
2026-07-09 00:00:00,33.9,42.9,36.45,23.36,44.0,41.07,4.01,0.27,23.15,1.97,9.23,NA,0.59,0.59,0.68,29.04,86.24,0.3,139.97,NA,NA,NA,743.59,1.05
2026-07-09 01:00:00,NA,NA,70.28,17.57,67.81,40.28,3.89,0.72,25.61,1.99,8.91,NA,0.59,0.59,0.68,28.87,85.65,0.26,245.47,NA,NA,NA,743.45,1.04
2026-07-09 02:00:00,NA,NA,22.78,19.73,27.13,40.29,3.99,0.68,24.5,1.94,8.97,NA,0.58,0.59,0.72,28.79,84.2,0.3,247.21,NA,NA,NA,743.39,1.04
2026-07-09 03:00:00,22.4,37.4,30.33,21.18,35.01,40.25,2.68,0.75,25.44,2.38,9.55,NA,0.77,0.85,0.74,28.77,83.79,0.3,101.19,NA,NA,NA,743.36,1.04
2026-07-09 04:00:00,23.4,35.25,42.32,20.83,44.68,36.17,2.51,0.76,23.26,2.65,9.95,NA,0.86,0.99,0.74,28.56,85.88,0.3,251.92,NA,NA,NA,743.39,1.03
2026-07-09 05:00:00,18.3,34.9,40.93,29.31,47.99,35.57,2.49,0.15,22.77,2.66,9.72,NA,0.86,0.98,0.73,28.45,87.42,0.29,157.43,NA,NA,NA,743.6,1.02
2026-07-09 06:00:00,12.2,37.0,64.12,22.66,63.52,39.54,2.54,0.21,21.6,2.96,10.79,NA,0.88,1.08,0.77,28.5,88.04,0.43,92.88,NA,NA,NA,743.6,1.03
2026-07-09 07:00:00,NA,NA,32.11,21.96,37.28,43.11,4.44,1.17,17.48,3.84,13.86,NA,1.0,1.39,1.09,28.83,87.18,0.55,104.7,NA,NA,NA,743.4,1.04
2026-07-09 08:00:00,NA,NA,21.94,22.98,30.56,48.3,4.5,1.33,21.51,3.68,14.42,NA,1.15,1.3,1.19,29.26,83.81,0.6,17.65,NA,NA,NA,743.19,1.06
2026-07-09 09:00:00,NA,NA,45.95,21.73,51.53,57.92,4.38,1.03,24.77,2.84,15.18,NA,1.67,1.7,1.58,30.08,79.48,0.61,27.38,NA,NA,NA,742.97,1.09
2026-07-09 10:00:00,NA,17.25,40.65,25.32,47.87,58.69,5.55,1.53,48.22,2.41,13.0,NA,1.34,1.37,1.27,31.16,73.62,0.62,24.82,NA,NA,267.95,742.99,1.14
2026-07-09 11:00:00,NA,10.4,NA,13.68,0.0,57.38,5.43,1.1,52.89,2.04,11.02,NA,1.15,1.17,1.11,32.33,69.27,0.3,164.9,NA,NA,333.66,743.03,1.19
2026-07-09 12:00:00,NA,11.03,NA,17.33,0.0,52.56,4.82,1.53,50.36,2.08,11.04,NA,1.16,1.2,1.1,31.68,73.07,0.43,223.51,NA,NA,413.89,742.84,1.16
2026-07-09 13:00:00,NA,11.48,NA,NA,NA,63.6,4.7,0.64,51.72,2.06,10.76,NA,1.15,1.17,1.11,27.14,96.05,0.45,93.0,NA,NA,536.98,746.07,0.97
2026-07-09 14:00:00,16.1,11.6,10.38,21.04,19.12,65.51,6.32,0.55,47.94,1.95,11.49,NA,1.15,1.19,1.13,27.42,99.83,0.66,135.16,NA,NA,589.62,758.84,0.98
2026-07-09 15:00:00,14.68,40.13,28.55,21.9,37.78,30.22,6.57,0.95,45.56,2.11,10.63,NA,1.17,1.15,1.12,29.0,89.79,0.43,256.67,NA,NA,277.51,747.81,1.05
2026-07-09 16:00:00,12.0,29.4,19.81,19.27,23.54,31.44,3.45,0.83,35.77,1.99,10.88,NA,1.15,1.2,1.13,29.5,84.29,0.58,187.56,NA,NA,92.14,743.26,1.07
2026-07-09 17:00:00,12.1,29.28,8.73,20.96,15.94,30.58,3.68,0.51,28.73,2.01,11.15,NA,1.16,1.21,1.1,27.56,94.89,0.53,94.15,NA,NA,380.12,750.77,0.99
2026-07-09 18:00:00,15.1,28.0,16.01,21.24,22.19,30.55,3.49,0.81,24.33,2.19,11.27,NA,1.21,1.21,1.15,27.3,99.81,0.86,225.91,NA,NA,417.61,751.45,0.98
2026-07-09 19:00:00,NA,NA,15.3,24.72,22.25,29.33,6.24,0.82,21.04,2.83,12.72,NA,1.38,1.37,1.38,27.32,98.53,0.55,186.2,NA,NA,194.63,746.7,0.97
2026-07-09 20:00:00,31.2,34.5,19.84,26.57,30.09,31.7,6.55,0.81,20.44,2.76,11.22,NA,1.3,1.13,1.25,27.59,97.8,0.48,329.02,NA,NA,58.07,744.18,0.99
2026-07-09 21:00:00,26.48,38.28,17.88,26.15,27.53,29.76,6.31,0.55,19.14,2.84,10.18,NA,1.23,0.93,1.18,27.9,96.49,0.58,107.33,NA,NA,228.4,748.72,1.0
2026-07-09 22:00:00,20.6,44.07,13.39,26.56,22.74,30.79,3.8,0.25,20.68,2.1,7.55,NA,0.66,0.69,0.58,27.88,93.98,0.6,178.91,NA,NA,318.96,751.14,1.0
2026-07-09 23:00:00,26.97,42.1,19.43,21.01,24.21,31.27,3.78,0.69,23.33,2.0,6.89,NA,0.52,0.64,0.46,27.73,94.54,0.66,140.03,NA,NA,113.94,749.65,0.99
2026-07-10 00:00:00,30.15,41.33,39.95,17.68,39.54,28.13,4.05,0.53,20.36,1.39,6.34,NA,0.41,0.41,0.49,27.59,97.7,0.69,18.03,NA,NA,29.47,749.85,0.99
2026-07-10 01:00:00,24.1,45.9,35.96,22.32,39.46,28.36,3.85,0.84,21.22,1.36,6.23,NA,0.4,0.44,0.49,27.49,96.48,0.7,22.32,NA,NA,NA,748.52,0.98
2026-07-10 02:00:00,27.75,42.43,16.19,18.36,21.89,28.4,3.91,0.78,20.31,1.39,6.26,NA,0.39,0.42,0.49,27.35,95.39,0.81,37.29,NA,NA,NA,748.41,0.98
2026-07-10 03:00:00,16.95,40.25,8.78,19.71,15.1,28.32,2.48,0.95,21.37,1.63,6.52,NA,0.52,0.57,0.49,27.17,96.72,0.78,30.3,NA,NA,45.23,750.22,0.97
2026-07-10 04:00:00,19.73,45.48,118.1,20.91,127.57,25.12,2.67,0.91,23.13,1.84,6.86,NA,0.6,0.68,0.53,27.22,96.74,0.77,40.43,NA,NA,55.14,750.45,0.97
2026-07-10 05:00:00,23.23,48.7,179.63,14.16,179.49,25.14,2.56,1.0,23.4,1.84,6.82,NA,0.6,0.68,0.54,27.11,98.87,0.52,161.2,NA,NA,51.87,750.43,0.96
2026-07-10 06:00:00,19.35,43.5,43.71,21.43,43.8,27.47,2.56,1.14,20.72,2.03,7.61,NA,0.63,0.72,0.6,27.17,99.42,0.69,61.4,NA,NA,88.15,751.37,0.97
2026-07-10 07:00:00,28.15,43.03,96.35,21.38,78.24,29.59,4.65,0.89,25.27,2.68,9.65,NA,0.71,0.94,0.75,27.08,97.95,0.71,58.86,NA,NA,73.68,750.98,0.96
2026-07-10 08:00:00,26.38,37.98,22.6,11.71,5.05,34.02,4.31,1.14,30.29,2.6,9.99,NA,0.82,0.96,0.87,26.84,99.56,0.7,47.34,NA,NA,253.91,750.66,0.95
2026-07-10 09:00:00,17.5,31.08,123.16,1.89,102.56,40.31,4.37,0.8,41.47,2.06,11.04,NA,1.17,1.2,1.11,26.85,99.86,0.65,69.6,NA,NA,578.07,752.14,0.95
2026-07-10 10:00:00,13.28,36.58,87.7,18.89,82.44,41.34,4.97,1.04,39.45,1.89,10.15,NA,1.17,1.09,1.01,27.19,99.85,0.69,64.04,NA,NA,628.32,754.24,0.97
2026-07-10 11:00:00,10.3,38.03,136.1,32.12,114.46,38.96,4.02,0.96,40.63,1.44,7.79,NA,1.16,0.85,0.8,27.59,99.13,0.75,61.81,NA,NA,507.62,753.21,0.99
2026-07-10 12:00:00,15.53,38.15,138.47,45.87,166.53,36.34,3.25,1.37,20.38,1.5,7.77,NA,1.15,0.84,0.8,28.67,90.34,0.78,45.02,NA,NA,776.44,760.28,1.03
2026-07-10 13:00:00,15.88,48.65,73.11,57.09,116.47,44.37,3.17,0.7,25.71,1.41,7.82,NA,1.17,0.86,0.79,30.14,82.64,0.71,54.13,NA,NA,838.93,762.41,1.1
2026-07-10 14:00:00,24.13,56.95,195.78,20.63,193.3,37.6,4.56,0.77,29.04,1.46,7.61,NA,1.14,0.81,0.8,31.05,76.6,0.54,60.22,NA,NA,831.88,764.2,1.14
2026-07-10 15:00:00,27.33,59.2,226.89,24.95,196.48,30.35,4.48,1.1,31.98,1.47,7.77,NA,1.16,0.86,0.78,32.32,68.62,0.57,53.52,NA,NA,862.13,767.62,1.19
2026-07-10 16:00:00,39.93,69.15,72.02,22.64,81.79,29.56,2.46,0.97,29.08,1.53,7.3,NA,1.14,0.85,0.82,32.02,70.72,0.69,50.65,NA,NA,681.67,760.28,1.18
2026-07-10 17:00:00,42.98,72.95,42.65,22.87,52.15,30.46,4.45,0.13,27.84,1.44,7.77,NA,1.16,0.82,0.78,27.25,94.96,0.67,44.36,NA,NA,770.51,762.63,0.97
2026-07-10 18:00:00,36.88,50.73,165.8,23.77,165.82,30.05,5.58,0.6,29.9,1.58,7.8,NA,1.22,0.87,0.84,26.63,97.35,0.65,40.59,NA,NA,468.71,754.58,0.95
2026-07-10 19:00:00,27.45,43.43,202.74,32.28,216.01,30.98,6.64,0.37,31.1,1.98,9.13,NA,1.39,0.97,1.0,27.02,93.91,0.7,22.31,NA,NA,242.75,748.64,0.96
2026-07-10 20:00:00,29.03,42.47,303.3,21.13,335.82,30.14,3.74,0.73,27.47,2.02,8.65,NA,1.33,0.84,0.9,26.97,91.48,0.78,29.65,NA,NA,115.65,746.31,0.96
2026-07-10 21:00:00,30.2,35.28,249.88,0.13,203.95,29.74,NA,0.98,25.74,2.14,7.0,NA,1.24,0.65,0.84,26.88,93.42,0.72,148.81,NA,NA,34.46,746.34,0.96
2026-07-10 22:00:00,36.75,43.2,34.32,39.37,39.56,29.16,16.54,0.52,21.7,1.53,5.19,NA,0.67,0.51,0.42,27.24,92.7,0.59,276.86,NA,NA,32.62,746.29,0.97
2026-07-10 23:00:00,40.4,49.8,23.61,42.81,33.58,29.79,8.71,0.99,28.84,1.43,4.66,NA,0.54,0.47,0.34,27.16,92.79,0.68,291.28,NA,NA,103.75,748.14,0.97
2026-07-11 00:00:00,39.25,42.75,NA,35.48,44.46,29.01,1.27,1.02,32.07,0.97,4.4,NA,0.41,0.32,0.33,26.69,98.74,0.67,179.29,NA,NA,189.74,750.47,0.95
2026-07-11 01:00:00,26.73,37.5,31.71,37.98,44.83,28.53,0.99,0.66,28.7,0.99,4.51,NA,0.39,0.32,0.34,26.69,99.85,0.68,255.98,NA,NA,281.47,752.89,0.95
2026-07-11 02:00:00,26.9,40.63,28.56,29.24,29.31,28.67,NA,0.75,26.25,0.99,4.64,NA,0.4,0.29,0.34,26.78,99.84,0.59,182.44,NA,NA,365.97,755.24,0.95
2026-07-11 03:00:00,28.95,40.5,22.61,38.8,34.45,28.38,NA,0.4,25.69,1.19,4.69,NA,0.54,0.45,0.37,26.89,99.84,0.58,26.22,NA,NA,307.09,753.52,0.96
2026-07-11 04:00:00,26.58,38.93,15.58,33.92,24.58,25.59,5.09,0.41,25.53,1.32,4.79,NA,0.6,0.49,0.38,26.9,98.92,0.56,96.05,NA,NA,402.42,756.08,0.96
2026-07-11 05:00:00,22.28,35.88,18.92,46.02,22.19,24.95,1.11,1.19,32.46,1.33,4.86,NA,0.6,0.51,0.4,26.96,97.44,0.75,55.56,NA,NA,321.89,753.91,0.96
2026-07-11 06:00:00,20.35,32.95,18.68,46.74,22.53,27.63,NA,1.19,31.15,1.47,5.42,NA,0.62,0.5,0.42,27.32,94.19,0.73,58.5,NA,NA,464.95,757.6,0.98
2026-07-11 07:00:00,23.43,35.43,25.98,37.66,39.32,29.57,NA,0.94,28.25,1.93,6.94,NA,0.69,0.66,0.56,28.06,88.48,0.53,47.04,NA,NA,463.64,757.49,1.01
2026-07-11 08:00:00,31.3,35.77,30.8,34.34,33.91,33.91,5.65,1.15,34.47,1.78,7.08,NA,0.8,0.71,0.62,28.88,82.79,0.55,56.5,NA,NA,351.09,754.58,1.04
2026-07-11 09:00:00,32.17,48.8,21.94,31.15,28.67,43.05,1.66,1.65,46.63,1.49,7.79,NA,1.15,0.85,0.79,30.22,76.85,0.29,41.62,NA,NA,325.68,754.11,1.1
2026-07-11 10:00:00,23.83,55.08,26.02,39.87,32.29,40.55,1.26,1.8,43.89,1.43,7.78,NA,1.15,0.85,0.79,32.47,65.61,0.42,47.72,NA,NA,225.8,751.43,1.19
2026-07-11 11:00:00,17.8,55.58,15.07,31.48,25.58,39.12,0.5,0.31,48.1,1.46,7.82,NA,1.16,0.86,0.8,33.04,63.91,0.34,122.82,NA,NA,114.45,748.39,1.22
2026-07-11 12:00:00,20.92,65.33,21.58,38.59,39.22,37.14,7.27,0.7,51.48,1.53,7.86,NA,1.17,0.86,0.78,33.79,61.4,0.63,57.27,NA,NA,443.71,757.15,1.25
2026-07-11 13:00:00,25.55,90.15,28.88,28.98,32.0,44.65,7.1,0.78,53.3,1.51,7.88,NA,1.17,0.87,0.79,34.33,57.68,0.46,58.27,NA,NA,604.74,768.92,1.28
2026-07-11 14:00:00,20.48,97.33,25.75,34.17,26.98,36.94,14.48,0.68,50.59,1.45,7.9,NA,1.15,0.87,0.78,34.78,57.66,0.38,65.28,NA,NA,482.88,768.79,1.3
2026-07-11 15:00:00,21.9,97.93,19.99,21.06,42.41,29.95,16.07,1.06,45.3,1.48,7.86,NA,1.16,0.84,0.81,34.16,60.26,0.6,54.39,NA,NA,NA,780.34,1.27
2026-07-11 16:00:00,22.88,105.73,11.53,35.91,39.53,31.01,8.88,1.07,47.99,1.5,7.63,NA,1.16,0.83,0.78,34.12,61.07,0.62,60.34,NA,NA,868.96,772.31,1.27
2026-07-11 17:00:00,19.13,113.87,25.09,27.6,42.9,30.42,7.97,0.92,47.45,1.45,8.06,NA,1.16,0.85,0.8,33.62,63.12,0.6,56.12,NA,NA,899.11,770.21,1.24
2026-07-11 18:00:00,20.2,122.33,34.29,40.71,56.85,30.16,13.02,1.05,46.59,1.58,8.03,NA,1.21,0.88,0.84,32.87,68.34,0.46,108.83,NA,NA,920.6,770.74,1.21
2026-07-11 19:00:00,32.48,125.28,34.32,40.43,56.84,31.13,14.42,0.99,49.79,1.98,8.7,NA,1.4,0.98,0.98,31.81,76.18,0.8,159.14,NA,NA,820.86,768.06,1.17
2026-07-11 20:00:00,40.98,123.35,17.99,26.67,28.23,30.06,11.77,1.34,43.26,2.14,8.17,NA,1.32,0.79,0.9,31.64,79.2,0.68,199.46,NA,NA,332.12,754.93,1.16
2026-07-11 21:00:00,40.9,125.08,24.2,31.49,26.45,30.51,7.11,1.47,38.35,2.17,7.33,NA,1.23,0.63,0.84,31.65,78.14,0.49,166.36,NA,NA,894.09,771.04,1.16
2026-07-11 22:00:00,34.1,132.65,22.22,41.23,32.62,32.18,0.99,0.11,33.39,1.53,5.43,NA,0.67,0.5,0.42,31.57,75.87,0.56,62.39,NA,NA,611.08,772.35,1.16
2026-07-11 23:00:00,42.4,145.17,20.46,37.95,29.98,35.4,0.5,0.0,22.81,1.34,4.76,NA,0.54,0.46,0.33,31.2,76.72,0.58,61.77,NA,NA,49.69,773.29,1.14
2026-07-12 00:00:00,31.25,143.43,NA,31.46,40.12,32.52,NA,0.0,19.0,0.95,4.5,NA,0.4,0.29,0.33,30.96,74.47,0.77,56.17,NA,NA,107.46,775.16,1.13
2026-07-12 01:00:00,25.35,128.2,28.15,33.6,39.73,32.4,NA,0.94,18.45,0.95,4.52,NA,0.4,0.3,0.35,30.55,71.72,0.76,57.01,NA,NA,97.69,774.87,1.11
2026-07-12 02:00:00,27.23,114.53,25.02,25.83,25.89,32.78,10.05,0.87,17.99,0.97,4.33,NA,0.41,0.31,0.34,30.18,70.52,0.73,57.6,NA,NA,113.05,774.34,1.1
2026-07-12 03:00:00,29.98,111.98,20.32,34.53,31.28,32.28,9.37,0.54,18.22,1.2,4.82,NA,0.52,0.4,0.37,29.79,71.59,0.72,56.84,NA,NA,74.98,772.75,1.08
2026-07-12 04:00:00,43.63,99.68,14.04,29.48,21.94,28.44,4.34,0.46,20.7,1.33,4.98,NA,0.6,0.52,0.36,29.57,71.55,0.71,57.19,NA,NA,26.48,770.52,1.07
2026-07-12 05:00:00,41.63,81.45,17.18,40.75,20.09,28.41,4.14,0.84,22.05,1.33,4.93,NA,0.6,0.52,0.38,29.23,73.27,0.7,58.22,NA,NA,34.28,772.13,1.06
2026-07-12 06:00:00,26.98,78.2,17.08,40.58,19.84,31.39,NA,0.95,20.9,1.48,5.36,NA,0.61,0.52,0.39,29.2,74.47,0.43,184.09,NA,NA,105.79,774.71,1.06
2026-07-12 07:00:00,26.83,72.78,23.07,33.03,34.94,34.47,NA,0.83,21.64,1.95,6.88,NA,0.69,0.67,0.54,29.82,72.34,0.43,36.84,NA,NA,132.31,776.23,1.08
2026-07-12 08:00:00,36.18,70.68,27.24,30.4,29.76,39.47,NA,1.23,24.65,1.87,7.29,NA,0.82,0.7,0.59,31.72,65.7,0.2,158.78,NA,NA,138.85,777.49,1.17
2026-07-12 09:00:00,33.08,74.53,19.52,27.61,25.16,47.01,NA,0.93,24.96,1.49,7.9,NA,1.16,0.86,0.81,33.12,60.82,0.27,92.37,NA,NA,139.78,778.96,1.22
2026-07-12 10:00:00,29.5,81.85,23.42,35.05,28.6,46.68,28.58,0.93,25.53,1.48,7.88,NA,1.16,0.85,0.78,34.24,57.54,0.24,82.44,NA,NA,139.7,779.1,1.27
2026-07-12 11:00:00,28.3,82.85,13.6,28.15,22.87,43.81,27.26,0.94,28.87,1.48,7.95,NA,1.16,0.84,0.8,35.02,55.18,0.29,102.48,NA,NA,124.44,776.75,1.31
2026-07-12 12:00:00,36.83,79.47,19.07,34.13,34.84,43.14,NA,0.33,27.87,1.46,8.1,NA,1.15,0.84,0.81,35.75,52.35,0.35,90.21,NA,NA,117.15,777.49,1.34
2026-07-12 13:00:00,42.38,83.58,25.25,25.66,28.5,52.32,NA,0.85,25.51,1.5,7.86,NA,1.15,0.84,0.79,35.72,53.03,0.26,89.13,NA,NA,136.62,778.31,1.34
2026-07-12 14:00:00,41.73,96.4,23.41,30.65,23.68,41.38,7.26,0.91,27.28,1.49,8.02,NA,1.16,0.85,0.79,35.49,56.62,0.38,71.0,NA,NA,139.54,779.27,1.33
2026-07-12 15:00:00,34.63,108.53,17.46,18.53,37.27,34.62,6.91,1.1,26.49,1.46,7.75,NA,1.17,0.86,0.79,35.19,58.48,0.38,66.36,NA,NA,136.56,780.05,1.31
2026-07-12 16:00:00,45.45,106.13,10.78,32.1,34.42,36.19,3.93,0.96,26.76,1.47,7.94,NA,1.15,0.83,0.79,35.6,54.51,0.57,62.71,NA,NA,140.0,781.63,1.33
2026-07-12 17:00:00,53.38,99.88,22.43,24.37,38.11,34.69,4.0,0.39,24.09,1.48,7.65,NA,1.17,0.85,0.8,35.05,54.56,0.56,59.62,NA,NA,140.0,781.7,1.31
2026-07-12 18:00:00,50.28,98.78,30.86,36.11,50.29,34.8,3.93,0.48,23.15,1.6,7.88,NA,1.22,0.89,0.84,34.33,56.66,0.56,54.96,NA,NA,140.0,782.17,1.28
2026-07-12 19:00:00,37.93,102.78,33.0,39.1,54.64,34.9,6.98,1.03,19.03,2.01,8.81,NA,1.38,0.98,1.01,33.57,59.0,0.58,57.87,NA,NA,117.59,782.45,1.24
2026-07-12 20:00:00,27.43,107.4,23.66,35.78,37.55,34.13,7.13,0.95,14.7,2.09,7.95,NA,1.31,0.79,0.88,33.02,61.47,0.44,50.11,NA,NA,10.0,782.53,1.22
2026-07-12 21:00:00,26.65,116.33,31.99,41.65,35.52,35.11,6.76,0.74,16.99,2.22,7.1,NA,1.23,0.68,0.83,32.53,63.55,0.69,60.03,NA,NA,10.0,782.33,1.2
2026-07-12 22:00:00,26.68,121.03,30.52,56.7,44.53,35.25,4.42,0.43,15.12,1.52,5.14,NA,0.67,0.49,0.42,32.3,63.45,0.68,58.2,NA,NA,10.0,782.5,1.19
2026-07-12 23:00:00,19.63,119.83,30.4,56.7,44.41,35.66,4.44,0.05,13.43,1.39,4.86,NA,0.54,0.47,0.33,31.96,64.0,0.72,55.97,NA,NA,65.69,782.57,1.17
2026-07-13 00:00:00,19.7,101.85,NA,31.6,38.22,37.6,4.38,0.05,14.2,0.94,4.45,NA,0.41,0.3,0.34,31.24,67.16,0.73,59.84,NA,NA,52.5,782.44,1.14
2026-07-13 01:00:00,26.13,98.88,28.27,33.66,39.57,37.38,4.46,0.83,14.06,1.02,4.48,NA,0.41,0.32,0.36,30.83,65.55,0.75,58.88,NA,NA,52.5,782.64,1.13
2026-07-13 02:00:00,27.45,92.8,25.23,26.01,26.15,36.7,4.48,0.69,15.83,0.97,4.48,NA,0.4,0.3,0.33,30.5,64.65,0.76,60.43,NA,NA,52.5,782.57,1.11
2026-07-13 03:00:00,36.63,88.9,20.3,34.69,30.67,37.16,3.08,0.79,17.18,1.23,4.67,NA,0.53,0.41,0.36,30.2,65.21,0.68,60.74,NA,NA,52.5,782.68,1.1
2026-07-13 04:00:00,45.58,82.85,13.51,29.81,21.8,33.24,2.95,0.63,16.06,1.33,4.91,NA,0.6,0.5,0.37,29.92,66.46,0.67,58.67,NA,NA,50.79,779.36,1.09
2026-07-13 05:00:00,45.93,73.83,17.13,40.34,19.94,33.64,3.13,0.01,14.59,1.31,4.92,NA,0.6,0.49,0.39,29.57,68.91,0.7,62.73,NA,NA,52.5,781.78,1.07
2026-07-13 06:00:00,40.8,66.5,16.87,41.46,19.79,37.29,3.07,0.32,10.18,1.48,5.43,NA,0.62,0.51,0.44,29.78,69.05,0.53,59.14,NA,NA,52.5,782.68,1.08
2026-07-13 07:00:00,31.2,82.03,23.89,33.51,35.32,38.64,4.97,0.03,13.79,1.93,6.9,NA,0.7,0.67,0.54,30.42,67.85,0.45,54.58,NA,NA,59.31,782.76,1.11
2026-07-13 08:00:00,22.95,102.25,34.31,38.38,37.99,44.26,4.79,0.06,52.94,1.82,7.2,NA,0.8,0.69,0.6,32.34,62.15,0.32,70.42,NA,NA,265.0,782.94,1.19
2026-07-13 09:00:00,23.17,102.75,24.41,34.91,32.17,50.62,4.99,1.08,68.45,1.49,7.98,NA,1.15,0.84,0.8,33.87,57.27,0.26,94.71,NA,NA,302.5,783.15,1.26
2026-07-13 10:00:00,34.58,104.1,29.63,43.97,35.61,51.88,6.2,1.26,70.6,1.55,8.1,NA,1.11,0.88,0.84,34.9,53.53,0.26,103.96,NA,NA,316.62,782.35,1.3
2026-07-13 11:00:00,42.48,108.78,15.9,33.88,27.09,48.18,6.96,1.0,80.3,1.75,9.27,NA,1.0,1.01,0.96,36.4,47.43,0.3,99.67,NA,NA,356.68,782.99,1.37
2026-07-13 12:00:00,45.28,110.95,19.11,34.42,34.79,48.28,6.1,1.44,83.59,1.74,9.55,NA,0.98,1.03,0.94,36.96,45.89,0.32,134.65,NA,NA,392.5,782.09,1.39
2026-07-13 13:00:00,38.98,110.45,21.11,21.76,24.89,55.96,5.78,0.5,77.82,1.73,9.34,NA,1.0,1.0,0.97,37.43,45.57,0.24,118.0,NA,NA,392.5,782.83,1.41
2026-07-13 14:00:00,37.5,118.58,15.47,15.51,21.88,47.19,8.17,0.45,83.85,1.73,9.63,NA,0.99,1.01,0.97,37.08,45.77,0.28,99.23,NA,NA,392.5,782.6,1.39
2026-07-13 15:00:00,32.93,137.03,18.89,15.09,23.18,39.46,8.12,0.53,83.84,1.75,9.43,NA,0.98,1.01,0.96,37.88,44.32,0.33,93.42,NA,NA,392.5,783.3,1.43
2026-07-13 16:00:00,35.43,138.7,16.67,14.75,21.51,38.94,5.05,0.97,81.22,1.79,9.17,NA,1.0,0.99,0.94,37.29,45.17,0.25,126.94,NA,NA,407.32,782.85,1.4
2026-07-13 17:00:00,35.63,127.4,20.04,15.5,25.56,39.69,4.76,0.58,47.73,1.77,9.44,NA,0.99,1.05,0.95,36.46,48.81,0.52,59.59,NA,NA,439.5,782.75,1.37
2026-07-13 18:00:00,39.4,133.2,27.96,21.03,33.81,42.19,4.65,0.5,37.68,1.94,9.8,NA,1.04,1.09,1.0,35.62,52.4,0.67,52.56,NA,NA,274.9,782.78,1.33
2026-07-13 19:00:00,37.08,146.25,25.85,21.77,33.57,43.64,8.8,0.81,33.91,2.26,10.9,NA,1.21,1.17,1.18,34.92,54.52,0.62,57.82,NA,NA,172.5,782.38,1.3
2026-07-13 20:00:00,32.13,157.95,27.59,24.2,37.15,43.89,8.01,0.98,32.59,2.44,9.67,NA,1.13,0.93,1.08,34.48,55.06,0.63,58.05,NA,NA,172.5,782.74,1.28
2026-07-13 21:00:00,26.65,158.7,23.65,22.09,32.13,44.62,8.14,0.05,27.55,2.54,8.7,NA,1.06,0.79,1.01,33.89,57.71,0.49,65.34,NA,NA,172.5,782.84,1.26
2026-07-13 22:00:00,36.7,160.73,22.38,22.13,29.93,43.73,5.32,0.0,30.83,1.78,6.3,NA,0.57,0.6,0.51,33.42,60.26,0.52,59.77,NA,NA,127.37,782.78,1.23
2026-07-13 23:00:00,45.87,155.73,22.78,22.53,31.87,43.02,5.0,0.77,25.46,1.68,5.74,NA,0.45,0.55,0.4,33.18,61.71,0.69,67.32,NA,NA,87.5,782.93,1.23
2026-07-14 00:00:00,34.25,136.28,18.26,17.28,25.12,41.56,5.25,0.58,23.11,1.18,5.42,NA,0.36,0.36,0.43,32.75,62.7,0.68,61.87,NA,NA,12.5,782.45,1.21
2026-07-14 01:00:00,36.83,138.7,32.13,16.82,35.52,41.26,5.26,0.57,27.95,1.1,5.42,NA,0.35,0.36,0.41,32.3,61.68,0.63,61.01,NA,NA,12.5,782.67,1.19
2026-07-14 02:00:00,40.98,130.08,18.05,16.69,24.32,41.49,5.27,0.47,23.58,1.19,5.36,NA,0.33,0.35,0.43,31.85,62.84,0.68,55.75,NA,NA,12.5,781.72,1.17
2026-07-14 03:00:00,28.63,122.35,16.61,16.82,23.38,41.12,3.61,0.79,24.36,1.45,5.78,NA,0.45,0.5,0.43,31.49,63.7,0.66,59.0,NA,NA,12.5,781.99,1.15
2026-07-14 04:00:00,25.6,118.78,17.85,17.06,24.22,37.97,3.53,0.78,26.98,1.59,5.96,NA,0.51,0.59,0.46,31.04,65.25,0.72,55.26,NA,NA,12.5,782.0,1.13
2026-07-14 05:00:00,29.38,111.73,18.16,16.63,24.35,37.26,3.61,0.77,26.68,1.61,5.87,NA,0.51,0.62,0.46,30.81,65.02,0.69,61.41,NA,NA,12.5,782.05,1.12
2026-07-14 06:00:00,28.15,114.4,17.3,16.92,23.59,41.48,3.65,0.82,29.12,1.77,6.51,NA,0.53,0.62,0.48,30.79,65.1,0.67,60.43,NA,NA,12.5,781.92,1.12
2026-07-14 07:00:00,25.3,120.03,15.96,16.56,21.99,42.05,5.74,0.99,28.68,2.38,8.22,NA,0.6,0.78,0.65,31.97,61.4,0.43,54.57,NA,NA,12.5,781.74,1.17
2026-07-14 08:00:00,26.1,130.13,22.95,21.12,30.06,47.88,5.97,0.2,17.6,2.23,8.43,NA,0.68,0.84,0.73,33.52,56.31,0.25,68.98,NA,NA,97.02,781.24,1.24
2026-07-14 09:00:00,25.98,140.95,26.19,25.13,36.45,55.19,5.95,0.0,23.18,1.72,9.24,NA,0.99,1.01,0.94,34.16,55.21,0.26,93.89,NA,NA,182.5,780.13,1.27
2026-07-14 10:00:00,34.7,129.33,29.44,24.79,38.42,59.0,6.84,0.0,31.86,1.74,9.21,NA,0.99,1.03,0.96,34.91,53.78,0.45,144.31,NA,NA,182.5,779.18,1.3
2026-07-14 11:00:00,52.83,137.98,23.85,22.2,32.17,59.61,6.43,0.0,62.14,1.71,9.61,NA,0.99,1.03,0.96,35.81,51.2,0.59,167.41,NA,NA,182.49,779.29,1.34
2026-07-14 12:00:00,41.9,139.52,18.66,18.49,25.36,56.42,9.36,0.02,62.84,1.76,9.17,NA,0.99,1.0,0.95,37.15,47.57,0.4,136.59,NA,NA,240.58,781.36,1.4
2026-07-14 13:00:00,44.9,149.0,22.85,18.92,29.49,65.41,9.48,1.27,61.78,1.69,9.59,NA,1.0,1.03,0.97,37.32,46.62,0.45,154.31,NA,NA,243.2,780.01,1.4
2026-07-14 14:00:00,49.55,156.08,19.64,18.48,26.14,56.75,11.35,1.21,55.31,1.77,9.34,NA,0.99,1.01,0.95,37.58,44.8,0.35,135.09,NA,NA,243.2,780.45,1.42
2026-07-14 15:00:00,35.08,160.88,22.66,18.43,28.4,48.23,11.44,0.92,59.29,1.78,9.17,NA,1.01,1.03,0.95,34.57,52.69,0.49,187.98,NA,NA,243.2,780.33,1.29
2026-07-14 16:00:00,41.43,141.85,21.41,18.37,28.12,44.48,6.41,0.66,46.58,1.79,9.59,NA,0.99,1.01,0.97,31.2,58.9,0.65,193.44,NA,NA,160.35,779.9,1.14
2026-07-14 17:00:00,55.63,90.57,20.22,18.77,27.51,38.71,4.36,1.82,36.39,1.76,9.15,NA,0.99,1.01,0.96,32.6,54.35,0.53,64.39,NA,NA,77.5,780.16,1.2
2026-07-14 18:00:00,43.0,65.9,21.93,18.97,29.02,39.98,4.35,1.98,32.95,1.87,9.73,NA,1.04,1.07,1.02,32.29,59.06,0.65,192.71,NA,NA,77.5,779.71,1.19
2026-07-14 19:00:00,48.48,62.55,25.1,24.08,34.54,38.91,7.24,1.28,36.11,2.41,10.91,NA,1.2,1.17,1.18,31.72,63.68,0.71,184.5,NA,NA,77.5,780.17,1.16
2026-07-14 20:00:00,47.47,67.53,27.15,24.37,36.48,39.46,7.08,0.8,23.98,2.5,9.77,NA,1.12,0.94,1.08,30.99,62.34,0.71,221.11,NA,NA,75.34,775.32,1.13
2026-07-14 21:00:00,42.0,69.32,26.7,23.45,34.7,39.13,7.79,1.05,19.61,2.54,8.75,NA,1.06,0.8,1.0,30.55,61.02,0.68,193.21,NA,NA,76.35,779.22,1.11
2026-07-14 22:00:00,32.3,66.4,26.51,24.87,36.47,39.39,4.64,0.54,24.24,1.76,6.39,NA,0.57,0.58,0.51,30.77,63.67,0.43,272.37,NA,NA,77.01,777.36,1.13
2026-07-14 23:00:00,31.17,68.47,23.7,20.54,31.31,38.41,4.66,1.12,31.85,1.67,5.69,NA,0.46,0.55,0.39,30.84,63.84,0.58,208.5,NA,NA,44.57,775.12,1.13
2026-07-15 00:00:00,57.3,61.27,16.78,17.43,23.76,36.54,4.74,1.01,29.11,1.12,5.45,NA,0.37,0.36,0.39,30.54,68.09,0.7,112.99,NA,NA,5.65,767.22,1.11
2026-07-15 01:00:00,52.3,61.4,17.96,16.29,23.99,36.63,4.78,1.41,29.49,1.19,5.36,NA,0.33,0.36,0.4,27.51,88.22,0.75,187.95,NA,NA,8.71,770.45,0.98
2026-07-15 02:00:00,46.07,62.8,18.79,16.75,25.11,36.3,4.76,0.81,34.45,1.1,5.41,NA,0.36,0.37,0.42,26.53,93.97,0.3,112.03,NA,NA,NA,763.27,0.94
2026-07-15 03:00:00,NA,NA,17.47,16.53,23.56,36.4,3.19,1.09,31.36,1.41,5.75,NA,0.46,0.49,0.45,27.53,83.55,0.45,129.72,NA,NA,1.56,764.46,0.98
2026-07-15 04:00:00,39.2,47.6,17.55,16.88,24.23,32.84,3.33,1.12,32.65,1.59,5.91,NA,0.51,0.61,0.48,27.65,85.61,0.82,194.85,NA,NA,NA,763.56,0.99
2026-07-15 05:00:00,35.22,45.68,18.8,17.16,25.53,31.63,3.34,1.46,27.17,1.55,5.85,NA,0.51,0.6,0.46,28.22,82.23,0.88,235.51,NA,NA,3.59,767.35,1.01
2026-07-15 06:00:00,37.03,42.6,16.22,16.63,22.5,36.13,3.31,1.64,26.43,1.75,6.37,NA,0.53,0.64,0.52,29.28,76.65,0.65,227.48,NA,NA,10.16,775.31,1.06
2026-07-15 07:00:00,42.95,44.75,21.72,19.61,29.11,40.77,5.24,1.51,32.51,2.3,8.21,NA,0.61,0.79,0.68,29.38,80.46,0.77,273.04,NA,NA,77.48,775.59,1.06
2026-07-15 08:00:00,43.4,48.65,24.39,22.06,32.7,47.82,5.21,1.65,42.92,2.18,8.75,NA,0.69,0.86,0.73,30.76,73.25,0.71,153.57,NA,NA,132.17,776.92,1.13
2026-07-15 09:00:00,39.7,55.45,21.22,22.24,30.28,57.12,5.28,1.63,48.27,1.72,9.61,NA,1.01,0.99,0.96,32.93,61.73,0.41,50.35,NA,NA,131.48,777.97,1.21
2026-07-15 10:00:00,28.85,66.03,22.63,23.89,32.62,59.87,6.24,1.75,52.75,1.88,10.51,NA,1.09,1.1,1.04,34.04,59.41,0.57,137.27,NA,NA,132.5,782.54,1.26
2026-07-15 11:00:00,35.0,78.45,24.64,21.63,31.58,60.41,6.25,1.42,63.39,2.07,12.55,NA,1.33,1.42,1.31,35.01,57.75,0.43,143.61,NA,NA,165.13,783.19,1.31
2026-07-15 12:00:00,47.0,84.83,33.16,22.65,38.81,54.87,5.38,0.59,65.74,2.0,12.28,NA,1.32,1.34,1.25,35.15,58.05,0.63,172.43,NA,NA,178.15,782.86,1.31
2026-07-15 13:00:00,38.78,92.3,19.96,20.99,27.64,67.58,5.38,1.07,65.05,2.1,12.43,NA,1.32,1.35,1.27,35.57,55.22,0.72,173.8,NA,NA,178.15,783.02,1.33
2026-07-15 14:00:00,43.8,88.5,20.13,20.24,27.29,55.5,8.19,1.27,59.71,2.23,12.78,NA,1.22,1.26,1.15,33.28,61.47,0.37,120.72,NA,NA,196.88,782.91,1.23
2026-07-15 15:00:00,51.85,85.15,21.22,18.77,26.93,51.4,11.05,1.32,50.69,2.3,14.61,NA,0.99,1.02,0.95,31.6,65.91,0.61,240.51,NA,NA,233.08,782.58,1.16
2026-07-15 16:00:00,54.08,79.38,19.48,18.75,25.9,52.43,6.11,1.51,51.11,2.3,14.59,NA,0.99,1.04,0.96,33.83,59.2,0.67,203.55,NA,NA,233.08,782.86,1.26
2026-07-15 17:00:00,42.25,82.35,23.74,22.21,31.24,43.1,6.21,1.18,52.17,2.41,14.4,NA,1.0,1.02,0.96,33.95,58.91,0.66,233.56,NA,NA,152.99,782.89,1.26
2026-07-15 18:00:00,53.38,74.85,25.2,21.5,31.55,43.7,6.18,1.4,42.25,2.67,15.39,NA,1.04,1.06,1.01,33.38,61.16,0.62,251.64,NA,NA,147.13,783.05,1.23
2026-07-15 19:00:00,53.95,74.55,27.45,25.16,35.29,43.57,10.64,1.84,24.19,3.21,15.94,NA,1.17,1.17,1.17,32.86,64.51,0.6,261.66,NA,NA,55.43,783.23,1.21
2026-07-15 20:00:00,46.33,78.45,23.84,26.49,33.55,42.78,10.57,1.94,19.37,3.23,14.85,NA,1.11,0.95,1.09,32.45,65.92,0.72,205.92,NA,NA,52.5,782.93,1.19
2026-07-15 21:00:00,46.58,83.78,25.82,26.44,35.32,42.6,10.69,0.63,18.9,3.43,13.68,NA,1.06,0.8,1.0,32.69,65.09,0.55,102.6,NA,NA,52.5,782.86,1.21
2026-07-15 22:00:00,63.97,86.0,25.98,27.11,35.42,43.65,6.75,0.51,21.93,2.36,10.42,NA,0.57,0.58,0.5,31.91,70.25,0.49,258.46,NA,NA,52.5,782.92,1.17
2026-07-15 23:00:00,66.37,91.53,23.33,20.72,30.21,42.21,6.78,0.5,23.54,2.25,9.55,NA,0.46,0.57,0.39,31.91,68.99,0.66,77.82,NA,NA,61.5,782.88,1.17
2026-07-16 00:00:00,44.15,83.83,19.8,18.51,25.9,40.66,6.64,0.5,27.77,1.54,9.2,NA,0.35,0.35,0.4,31.36,66.66,0.65,60.5,NA,NA,62.5,782.84,1.15
2026-07-16 01:00:00,42.4,76.83,20.57,18.78,26.84,41.18,6.92,1.05,35.37,1.6,9.16,NA,0.36,0.35,0.43,29.7,69.78,0.68,175.41,NA,NA,62.5,783.07,1.08
2026-07-16 02:00:00,34.35,60.25,19.4,18.92,26.01,40.2,6.55,0.83,36.89,1.55,9.22,NA,0.36,0.37,0.42,27.45,82.1,0.73,186.29,NA,NA,62.5,783.32,0.98
2026-07-16 03:00:00,29.87,51.5,21.58,18.71,27.45,40.7,4.57,1.41,37.58,1.95,9.64,NA,0.45,0.52,0.43,27.41,83.86,0.74,193.79,NA,NA,62.5,783.15,0.98
2026-07-16 04:00:00,NA,NA,50.35,19.04,47.21,35.83,4.59,1.33,32.1,2.14,9.84,NA,0.51,0.59,0.44,27.15,90.39,0.7,189.76,NA,NA,62.5,783.12,0.97
2026-07-16 05:00:00,42.6,44.2,19.43,19.4,26.4,35.5,4.56,1.4,29.77,2.16,9.72,NA,0.51,0.58,0.47,27.05,90.8,0.46,173.35,NA,NA,62.5,783.14,0.96
2026-07-16 06:00:00,38.35,40.48,18.64,18.41,24.88,39.72,4.64,1.48,29.41,2.38,10.88,NA,0.54,0.65,0.51,27.57,86.81,0.7,232.5,NA,NA,62.5,783.11,0.99
2026-07-16 07:00:00,31.0,34.0,19.1,18.97,25.81,42.24,7.5,1.4,29.3,3.15,13.36,NA,0.62,0.8,0.61,27.02,95.29,0.49,85.25,NA,NA,62.5,782.8,0.96
2026-07-16 08:00:00,23.3,27.7,19.3,19.01,26.05,48.56,7.49,1.62,26.79,2.91,13.62,NA,0.7,0.83,0.74,27.44,93.6,0.37,139.66,NA,NA,62.5,782.04,0.98
2026-07-16 09:00:00,27.1,31.23,18.09,18.68,24.47,58.39,7.45,1.47,27.53,2.36,14.44,NA,0.99,1.03,0.97,28.62,87.78,0.36,112.37,NA,NA,62.5,782.11,1.03
2026-07-16 10:00:00,34.68,39.3,23.6,19.74,29.29,62.42,8.85,1.58,43.93,2.34,14.51,NA,1.0,1.03,0.96,30.68,75.13,0.66,183.33,NA,NA,62.5,783.07,1.12
2026-07-16 11:00:00,36.9,42.4,22.29,23.08,30.8,60.32,8.9,1.24,57.14,2.37,14.63,NA,1.0,1.01,0.96,31.76,70.37,0.59,169.23,NA,NA,62.5,782.77,1.17
2026-07-16 12:00:00,NA,NA,23.72,22.15,31.05,59.28,7.51,1.31,57.0,2.35,14.3,NA,0.99,1.03,0.96,31.92,70.37,0.67,157.33,NA,NA,62.5,782.87,1.17
2026-07-16 13:00:00,38.7,41.8,18.76,17.99,24.75,58.58,6.62,2.23,59.09,2.35,14.65,NA,1.01,1.0,0.96,33.4,66.52,0.39,115.53,NA,NA,62.5,782.93,1.23
2026-07-16 14:00:00,39.2,43.95,18.3,16.55,23.63,47.34,8.19,2.37,57.09,2.4,15.12,NA,0.98,1.01,0.95,33.44,64.13,0.52,133.05,NA,NA,62.5,782.91,1.23
2026-07-16 15:00:00,48.4,53.58,19.38,16.87,24.83,40.43,8.47,0.91,58.03,2.31,14.71,NA,1.0,1.01,0.98,33.28,64.75,0.55,117.96,NA,NA,62.5,782.01,1.23
2026-07-16 16:00:00,52.08,80.93,16.88,16.84,22.78,40.88,4.99,1.14,62.34,2.4,14.61,NA,0.98,1.02,0.93,33.71,62.2,0.43,131.9,NA,NA,101.17,782.4,1.25
2026-07-16 17:00:00,44.75,90.0,22.44,22.09,29.98,43.24,4.98,1.28,38.86,2.41,14.69,NA,0.99,1.04,0.95,33.14,65.09,0.51,135.51,NA,NA,82.5,782.86,1.22
2026-07-16 18:00:00,23.45,84.13,24.62,22.41,31.72,43.64,4.93,0.58,39.35,2.55,14.96,NA,1.04,1.06,1.02,27.55,85.57,0.69,149.7,NA,NA,75.28,782.85,0.98
2026-07-16 19:00:00,16.88,72.98,22.24,23.64,30.88,44.69,8.41,1.31,33.64,3.2,16.36,NA,1.2,1.17,1.19,27.45,82.5,0.51,71.11,NA,NA,72.5,782.49,0.98
2026-07-16 20:00:00,22.35,57.3,23.28,23.54,31.12,45.36,8.73,1.81,21.11,3.34,14.68,NA,1.1,0.95,1.09,27.9,79.29,0.45,87.64,NA,NA,72.5,782.17,1.0
2026-07-16 21:00:00,26.85,54.68,27.42,23.89,34.93,45.01,8.55,1.11,17.95,3.46,13.39,NA,1.06,0.78,1.01,28.63,74.8,0.77,212.7,NA,NA,72.5,781.93,1.03
2026-07-16 22:00:00,29.3,53.18,26.4,22.61,33.06,44.76,5.34,0.55,20.09,2.46,10.31,NA,0.57,0.6,0.5,28.63,79.21,0.7,255.78,NA,NA,72.5,782.11,1.03
2026-07-16 23:00:00,27.93,57.97,14.98,15.2,20.36,48.8,5.54,1.26,17.33,2.26,9.72,NA,0.46,0.57,0.39,28.45,80.67,0.58,271.73,NA,NA,62.39,782.32,1.02
2026-07-17 00:00:00,30.38,51.15,13.81,15.21,19.39,44.49,5.6,1.12,16.87,1.59,9.05,NA,0.36,0.37,0.39,28.43,83.5,0.8,245.82,NA,NA,42.5,782.51,1.02
2026-07-17 01:00:00,18.43,52.03,15.34,15.3,20.85,44.92,5.5,1.16,18.47,1.5,9.2,NA,0.35,0.37,0.4,28.55,80.2,0.68,276.13,NA,NA,42.5,782.54,1.03
2026-07-17 02:00:00,15.7,54.58,16.01,15.23,21.13,44.98,5.65,0.94,19.99,1.55,9.14,NA,0.36,0.35,0.4,28.33,81.42,0.66,162.13,NA,NA,42.5,782.53,1.02
2026-07-17 03:00:00,19.45,57.33,15.43,14.79,20.3,44.77,3.82,1.35,22.63,1.91,9.35,NA,0.46,0.49,0.45,28.17,82.47,0.56,160.37,NA,NA,42.5,782.61,1.01
2026-07-17 04:00:00,19.92,56.7,13.57,15.43,19.51,39.87,3.88,1.26,21.79,2.09,9.73,NA,0.51,0.59,0.46,28.09,83.31,0.67,159.15,NA,NA,42.5,781.99,1.01
2026-07-17 05:00:00,11.1,48.1,15.23,15.71,21.16,39.26,3.91,1.36,19.93,2.09,9.94,NA,0.51,0.61,0.47,28.14,84.54,0.88,208.87,NA,NA,42.5,781.94,1.01
2026-07-17 06:00:00,16.45,42.28,14.86,15.01,20.02,43.61,3.93,1.54,19.78,2.35,10.52,NA,0.54,0.61,0.49,28.55,82.96,0.36,163.35,NA,NA,42.5,782.19,1.03
2026-07-17 07:00:00,25.05,44.15,14.76,15.12,20.19,46.37,6.11,1.37,22.96,3.14,13.59,NA,0.6,0.83,0.69,29.83,73.73,0.37,230.04,NA,NA,42.5,782.8,1.09
2026-07-17 08:00:00,24.3,45.03,18.69,17.72,24.56,53.87,6.25,1.48,39.92,2.88,12.85,NA,0.69,0.84,0.72,31.03,66.7,0.56,114.39,NA,NA,42.5,782.95,1.13
2026-07-17 09:00:00,29.95,53.53,19.88,21.28,27.91,64.72,6.16,1.23,56.12,2.31,14.34,NA,0.99,1.02,0.95,32.26,65.93,0.45,127.37,NA,NA,42.5,783.02,1.19
2026-07-17 10:00:00,20.8,61.83,21.76,20.01,28.16,66.52,7.16,1.31,60.63,2.38,14.18,NA,0.98,1.03,0.95,33.11,62.21,0.51,29.54,NA,NA,42.5,783.23,1.22
2026-07-17 11:00:00,22.5,63.9,17.3,17.12,23.23,64.31,7.48,1.67,80.14,1.9,11.69,NA,0.76,0.79,0.73,34.28,59.28,0.41,26.5,NA,NA,42.5,783.01,1.28
2026-07-17 12:00:00,22.45,60.53,17.52,16.96,23.17,62.1,6.0,1.96,80.35,1.7,3.69,NA,0.03,0.07,0.04,35.43,55.46,0.38,141.8,NA,NA,42.5,782.93,1.32
2026-07-17 13:00:00,23.38,70.08,18.67,16.98,24.36,70.15,4.72,1.64,64.08,1.64,14.34,NA,0.38,0.65,0.5,35.79,54.33,0.56,150.21,NA,NA,42.5,783.25,1.34
2026-07-17 14:00:00,19.33,78.43,17.91,16.7,23.32,70.45,6.45,1.46,55.78,1.56,14.05,NA,0.37,0.61,0.52,34.07,63.14,0.76,166.25,NA,NA,42.5,783.33,1.26
2026-07-17 15:00:00,13.83,73.7,17.53,16.72,23.14,73.56,6.24,1.01,57.0,1.38,12.0,NA,0.31,0.52,0.56,33.04,68.39,0.76,163.78,NA,NA,42.5,783.36,1.22
2026-07-17 16:00:00,20.28,81.4,17.03,16.74,22.78,72.52,3.45,0.86,60.08,1.34,12.63,NA,0.38,0.57,0.59,32.66,71.0,0.75,168.47,NA,NA,42.5,783.2,1.2
2026-07-17 17:00:00,33.55,81.5,18.98,19.79,25.03,67.35,3.51,1.4,55.07,1.44,13.4,NA,0.57,0.76,0.7,32.65,70.97,0.74,169.31,NA,NA,42.5,783.34,1.2
2026-07-17 18:00:00,30.53,76.03,23.45,22.62,31.13,68.2,3.53,1.5,42.79,1.64,13.88,NA,0.72,0.84,0.83,32.43,70.87,0.77,178.71,NA,NA,46.41,783.16,1.19
2026-07-17 19:00:00,26.6,83.5,27.42,24.0,34.87,72.28,6.49,1.54,35.55,2.22,14.49,NA,1.2,1.17,1.2,31.93,75.72,0.41,228.57,NA,NA,52.5,783.26,1.17
2026-07-17 20:00:00,37.53,88.93,26.02,24.11,33.53,75.32,6.29,1.06,31.85,2.92,11.99,NA,1.12,0.96,1.07,31.07,77.63,0.29,263.68,NA,NA,52.5,783.21,1.13
2026-07-17 21:00:00,36.3,85.03,23.34,24.06,31.21,73.83,6.28,1.81,30.19,3.36,9.62,NA,1.07,0.8,0.98,30.68,80.52,0.44,267.21,NA,NA,52.5,783.01,1.12
2026-07-17 22:00:00,18.9,86.0,24.56,23.19,32.33,63.4,4.01,1.63,31.91,2.39,8.31,NA,0.57,0.6,0.51,30.38,83.71,0.43,317.69,NA,NA,52.5,782.81,1.11
2026-07-17 23:00:00,15.87,90.43,21.91,18.21,27.36,56.11,4.0,1.22,31.92,2.22,8.14,NA,0.47,0.54,0.39,30.24,81.25,0.38,227.65,NA,NA,34.37,782.49,1.1
2026-07-18 00:00:00,22.55,65.5,18.98,18.5,24.94,49.68,3.87,1.03,29.99,0.78,7.7,NA,0.35,0.37,0.4,29.92,82.02,0.76,23.96,NA,NA,32.5,782.51,1.09
2026-07-18 01:00:00,27.3,63.35,25.49,18.95,30.1,49.16,3.91,1.36,31.34,0.79,7.96,NA,0.36,0.37,0.4,29.95,78.6,0.65,22.92,NA,NA,32.5,782.71,1.09
2026-07-18 02:00:00,18.18,62.9,47.07,21.67,43.71,49.38,3.86,1.3,29.74,0.74,8.01,NA,0.37,0.36,0.4,29.93,77.87,0.65,188.83,NA,NA,32.5,782.82,1.09
2026-07-18 03:00:00,23.9,64.48,30.84,21.34,33.38,49.84,2.59,1.33,29.3,0.65,7.45,NA,0.45,0.54,0.43,29.65,80.66,0.76,99.62,NA,NA,32.5,782.63,1.08
2026-07-18 04:00:00,39.65,59.4,17.6,18.83,24.08,42.5,2.6,1.17,27.15,0.6,7.21,NA,0.51,0.61,0.47,29.19,84.57,0.74,26.68,NA,NA,32.5,782.62,1.06
2026-07-18 05:00:00,48.78,56.78,20.1,18.03,25.66,41.93,2.54,1.42,25.62,0.6,7.4,NA,0.51,0.61,0.46,29.12,85.65,0.52,65.21,NA,NA,32.5,782.54,1.05
2026-07-18 06:00:00,44.35,47.28,22.78,19.15,28.9,47.41,2.45,1.48,24.56,0.78,7.75,NA,0.54,0.62,0.53,29.51,82.13,0.45,70.25,NA,NA,32.5,782.47,1.07
2026-07-18 07:00:00,37.85,54.55,18.21,18.34,24.41,51.12,4.48,1.46,26.18,1.35,9.86,NA,0.6,0.8,0.64,30.41,75.38,0.47,187.69,NA,NA,32.5,782.58,1.11
2026-07-18 08:00:00,22.8,61.6,18.47,18.33,24.56,58.25,4.6,1.49,29.03,1.4,10.15,NA,0.7,0.84,0.7,30.96,73.74,0.59,184.52,NA,NA,32.5,782.47,1.13
2026-07-18 09:00:00,26.93,71.35,20.83,18.71,26.77,63.72,4.35,1.86,33.7,1.6,13.32,NA,0.99,1.03,0.95,30.88,77.64,0.65,209.86,NA,NA,73.98,782.21,1.13
2026-07-18 10:00:00,37.35,77.58,21.37,19.03,27.75,60.25,5.34,1.87,38.71,1.57,12.89,NA,0.99,1.04,0.95,30.05,75.22,0.65,211.83,NA,NA,82.5,781.28,1.09
2026-07-18 11:00:00,26.3,55.85,20.13,19.21,26.92,58.37,5.52,1.57,39.41,1.52,13.58,NA,0.85,0.95,0.84,29.11,76.57,0.63,212.14,NA,NA,82.5,778.24,1.05
2026-07-18 12:00:00,23.05,39.75,20.85,18.49,26.78,57.04,4.68,0.95,37.63,1.65,14.65,NA,0.39,0.63,0.52,28.8,78.63,0.64,220.12,NA,NA,82.5,778.35,1.04
2026-07-18 13:00:00,29.73,35.08,20.56,18.57,26.18,61.25,4.62,1.39,35.0,1.72,14.41,NA,0.39,0.6,0.5,28.93,78.82,0.48,234.21,NA,NA,82.5,780.57,1.04
2026-07-18 14:00:00,35.03,39.7,20.3,19.27,26.84,64.42,6.41,1.43,36.07,1.62,13.61,NA,0.36,0.6,0.51,29.4,75.53,0.49,247.68,NA,NA,82.5,781.71,1.06
2026-07-18 15:00:00,35.83,43.58,17.82,19.05,24.41,65.51,6.46,1.53,36.27,1.41,11.87,NA,0.32,0.49,0.57,30.13,73.96,0.31,275.56,NA,NA,82.5,779.57,1.1
2026-07-18 16:00:00,49.7,50.0,18.55,19.35,25.41,66.53,3.56,1.41,37.51,1.37,12.45,NA,0.37,0.55,0.61,30.67,71.01,0.47,231.06,NA,NA,82.5,779.38,1.12
2026-07-18 17:00:00,NA,NA,24.78,20.92,30.07,64.39,3.48,1.61,33.01,1.36,13.3,NA,0.58,0.75,0.7,30.85,69.68,0.64,211.32,NA,NA,82.5,780.69,1.13
2026-07-18 18:00:00,NA,NA,22.33,24.56,31.46,61.56,3.48,1.89,24.93,1.6,13.84,NA,0.7,0.86,0.82,30.6,71.34,0.6,226.89,NA,NA,82.5,782.79,1.12
2026-07-18 19:00:00,45.9,54.05,25.75,23.99,33.46,65.56,6.42,1.55,25.36,2.25,14.68,NA,1.19,1.17,1.19,30.34,73.71,0.53,231.25,NA,NA,82.5,781.77,1.1
2026-07-18 20:00:00,38.3,60.45,28.91,25.5,35.94,70.1,6.57,1.54,24.15,2.89,11.71,NA,1.11,0.97,1.08,30.22,75.38,0.38,271.29,NA,NA,82.5,781.56,1.1
2026-07-18 21:00:00,29.33,69.68,49.22,28.35,53.13,66.95,6.37,1.27,19.63,3.43,9.91,NA,1.06,0.81,1.0,30.09,76.81,0.39,190.85,NA,NA,82.5,782.58,1.09
2026-07-18 22:00:00,30.35,76.38,27.23,24.18,33.8,57.78,4.01,0.81,21.39,2.31,8.31,NA,0.57,0.6,0.5,29.84,78.9,0.34,299.13,NA,NA,82.5,782.59,1.09
2026-07-18 23:00:00,32.23,79.37,21.27,19.52,27.62,50.27,4.13,1.58,18.7,2.13,7.9,NA,0.46,0.55,0.4,29.67,80.63,0.47,261.3,NA,NA,82.5,782.53,1.07
2026-07-19 00:00:00,22.58,74.2,18.24,17.1,24.13,44.87,3.97,1.57,18.49,0.75,8.0,NA,0.35,0.36,0.42,29.66,80.92,0.48,69.75,NA,NA,82.5,782.06,1.08
2026-07-19 01:00:00,16.5,73.0,24.55,16.35,27.96,44.24,4.02,1.25,16.51,0.75,7.8,NA,0.35,0.35,0.4,29.85,79.48,0.58,189.28,NA,NA,82.5,782.72,1.09
2026-07-19 02:00:00,18.1,67.7,16.07,17.86,21.46,44.93,3.9,1.05,16.82,0.79,7.95,NA,0.37,0.37,0.42,29.62,79.7,0.71,47.9,NA,NA,82.5,782.59,1.07
2026-07-19 03:00:00,27.55,68.78,27.15,16.94,30.69,44.93,2.53,1.39,19.32,0.66,7.52,NA,0.45,0.5,0.46,29.25,80.57,0.73,41.58,NA,NA,82.5,782.39,1.06
2026-07-19 04:00:00,52.58,74.25,16.52,17.03,22.64,38.52,2.59,1.33,20.19,0.6,7.38,NA,0.51,0.62,0.43,28.96,78.55,0.52,104.32,NA,NA,82.5,782.31,1.05
2026-07-19 05:00:00,61.43,69.27,18.09,17.02,23.88,37.71,2.58,1.23,20.01,0.58,7.38,NA,0.51,0.61,0.44,28.88,77.79,0.63,143.62,NA,NA,82.5,782.62,1.04
2026-07-19 06:00:00,43.95,47.1,17.3,16.97,23.25,42.43,2.49,1.41,19.07,0.77,7.9,NA,0.54,0.67,0.51,29.06,80.1,0.77,211.74,NA,NA,82.5,782.3,1.05
2026-07-19 07:00:00,47.25,54.43,17.36,16.62,22.95,45.66,4.61,1.33,17.57,1.26,9.69,NA,0.59,0.8,0.65,28.82,88.65,0.74,188.47,NA,NA,82.5,782.29,1.04
2026-07-19 08:00:00,49.68,77.13,18.16,17.06,23.51,53.47,4.42,1.19,20.17,1.43,10.51,NA,0.68,0.83,0.74,28.31,96.73,0.7,203.95,NA,NA,82.5,782.39,1.02
2026-07-19 09:00:00,35.53,82.4,18.82,16.78,23.87,57.84,4.48,1.37,20.2,1.73,12.92,NA,0.98,1.03,0.95,28.15,99.81,0.63,227.91,NA,NA,82.5,782.23,1.01
2026-07-19 10:00:00,44.55,67.58,17.51,17.39,23.73,57.22,5.46,1.04,22.74,1.48,12.92,NA,0.99,1.01,0.96,27.25,99.84,0.62,217.89,NA,NA,82.5,782.15,0.97
2026-07-19 11:00:00,37.63,53.4,16.64,16.92,22.65,53.73,5.43,1.63,36.76,1.53,13.46,NA,0.86,0.91,0.84,27.4,99.81,0.52,224.76,NA,NA,82.5,782.54,0.98
2026-07-19 12:00:00,NA,NA,17.61,17.04,23.56,52.43,4.52,1.55,28.27,1.67,14.49,NA,0.38,0.63,0.53,27.66,99.66,0.31,228.76,NA,NA,82.5,782.64,0.99
2026-07-19 13:00:00,20.9,24.7,18.01,16.84,23.66,55.44,4.68,0.52,26.15,1.59,14.01,NA,0.39,0.6,0.53,28.07,96.42,0.56,231.74,NA,NA,81.59,782.43,1.01
2026-07-19 14:00:00,18.3,24.7,17.45,17.18,23.37,60.24,6.4,0.64,28.56,1.61,13.39,NA,0.37,0.59,0.54,28.52,89.71,0.63,211.01,NA,NA,62.5,782.5,1.03
2026-07-19 15:00:00,21.6,22.7,18.67,16.59,23.98,61.8,6.6,1.38,35.79,1.44,11.84,NA,0.32,0.51,0.58,28.91,86.11,0.71,207.22,NA,NA,62.5,782.57,1.04
2026-07-19 16:00:00,24.3,27.65,18.39,16.08,23.12,61.17,3.67,1.27,37.16,1.39,12.5,NA,0.38,0.56,0.58,28.57,88.35,0.78,179.52,NA,NA,62.5,782.47,1.03
2026-07-19 17:00:00,30.5,35.43,17.32,16.98,22.97,60.75,3.63,1.34,37.5,1.38,13.71,NA,0.58,0.73,0.7,28.32,89.79,0.72,203.24,NA,NA,62.5,782.45,1.02
2026-07-19 18:00:00,28.4,28.9,17.41,16.61,22.97,61.92,3.69,1.42,35.16,1.63,13.66,NA,0.72,0.87,0.85,28.34,91.06,0.5,202.59,NA,NA,62.5,782.03,1.02
2026-07-19 19:00:00,29.78,34.48,21.81,18.62,27.19,68.38,6.1,1.21,27.5,2.26,14.66,NA,1.17,1.17,1.21,28.44,91.13,0.44,143.92,NA,NA,62.5,781.04,1.02
2026-07-19 20:00:00,33.35,49.35,22.92,22.29,30.46,74.12,6.11,1.69,18.06,2.91,12.02,NA,1.12,0.93,1.07,28.56,90.08,0.57,102.03,NA,NA,62.5,781.33,1.03
2026-07-19 21:00:00,29.47,58.63,24.44,22.71,31.32,71.44,6.12,0.81,16.1,3.49,9.66,NA,1.06,0.78,1.0,28.65,88.61,0.75,110.54,NA,NA,62.5,781.93,1.03
2026-07-19 22:00:00,24.55,55.28,17.3,16.8,22.98,59.17,4.11,0.69,13.13,2.34,8.1,NA,0.57,0.58,0.51,28.64,87.31,0.44,101.97,NA,NA,62.5,782.06,1.03
2026-07-19 23:00:00,35.83,48.33,21.3,16.43,25.73,53.45,4.02,1.6,16.85,2.2,8.34,NA,0.47,0.55,0.4,27.84,96.12,0.51,164.13,NA,NA,62.5,781.66,0.99
2026-07-20 00:00:00,38.8,40.8,18.97,16.79,24.32,46.35,4.01,1.31,20.5,0.76,7.79,NA,0.37,0.37,0.43,27.08,99.88,0.67,49.42,NA,NA,62.5,780.97,0.96
2026-07-20 01:00:00,38.1,39.6,18.44,16.56,23.38,46.5,4.06,1.26,20.49,0.76,8.1,NA,0.36,0.37,0.42,26.39,99.87,0.56,64.74,NA,NA,62.5,779.65,0.94
2026-07-20 02:00:00,26.75,37.7,18.58,17.0,24.28,46.84,4.02,1.23,21.69,0.74,7.87,NA,0.34,0.36,0.42,26.45,99.85,0.4,106.09,NA,NA,62.5,780.93,0.94
2026-07-20 03:00:00,20.0,41.1,19.6,16.44,24.36,46.55,2.89,1.47,21.54,0.65,7.24,NA,0.45,0.5,0.43,26.31,99.85,0.34,157.27,NA,NA,62.5,780.44,0.93
2026-07-20 04:00:00,16.53,42.15,16.29,17.12,21.83,39.87,2.93,1.4,21.05,0.61,7.27,NA,0.51,0.61,0.46,25.86,99.81,0.38,105.07,NA,NA,62.5,780.2,0.91
2026-07-20 05:00:00,19.5,37.65,22.07,16.33,26.02,39.83,2.98,1.09,19.98,0.58,7.25,NA,0.51,0.6,0.44,25.74,99.54,0.62,77.49,NA,NA,62.5,779.9,0.91
2026-07-20 06:00:00,21.58,37.68,19.93,17.26,25.06,43.98,2.92,1.05,19.95,0.77,7.81,NA,0.53,0.62,0.5,25.69,99.85,0.31,168.13,NA,NA,62.5,779.84,0.9
2026-07-20 07:00:00,14.4,36.83,20.3,16.66,25.35,48.05,4.3,1.6,16.97,1.36,9.42,NA,0.6,0.77,0.68,25.79,99.85,0.45,133.45,NA,NA,62.5,780.07,0.91
2026-07-20 08:00:00,11.38,40.88,17.94,19.08,24.69,55.83,4.59,1.63,21.48,1.35,10.35,NA,0.69,0.84,0.71,25.98,99.85,0.73,184.44,NA,NA,62.5,780.01,0.92
2026-07-20 09:00:00,14.48,49.85,19.74,20.14,26.31,59.42,4.52,1.23,29.84,1.63,12.62,NA,1.0,1.02,0.96,26.55,96.62,0.6,198.43,NA,NA,62.5,780.74,0.94
2026-07-20 10:00:00,15.15,47.23,20.47,19.73,26.41,58.68,5.23,1.41,31.69,1.56,13.18,NA,1.0,1.01,0.95,27.28,90.24,0.45,91.48,NA,NA,62.5,781.25,0.97
2026-07-20 11:00:00,20.4,43.5,21.9,20.08,27.8,54.45,5.2,0.85,29.99,1.4,11.68,NA,0.79,0.85,0.79,26.94,92.91,0.45,59.16,NA,NA,62.5,781.48,0.96
2026-07-20 12:00:00,NA,NA,22.34,19.32,27.79,53.8,4.68,NA,25.08,1.3,11.71,NA,0.31,0.52,0.45,26.6,95.35,0.6,62.64,NA,NA,37.02,764.53,0.94
2026-07-20 13:00:00,NA,10.0,29.95,20.58,34.27,57.39,NA,0.47,26.26,1.25,11.33,NA,0.32,0.52,0.43,26.81,94.9,0.52,72.82,NA,NA,26.94,756.29,0.95
2026-07-20 14:00:00,30.4,40.07,23.73,21.14,30.79,60.75,6.43,0.63,32.19,1.28,10.88,NA,0.31,0.52,0.42,27.27,90.06,0.36,131.55,NA,NA,41.68,764.08,0.97
2026-07-20 15:00:00,NA,NA,25.9,19.77,31.18,61.19,6.48,0.48,31.85,1.04,9.37,NA,0.26,0.43,0.47,27.43,88.7,0.22,95.06,NA,NA,51.33,769.28,0.98
2026-07-20 16:00:00,NA,NA,52.71,19.27,45.41,64.27,3.59,0.41,34.3,1.04,9.44,NA,0.3,0.48,0.51,27.88,84.5,0.21,83.76,NA,NA,49.41,768.36,1.0
2026-07-20 17:00:00,NA,NA,22.69,20.58,29.2,63.44,3.48,0.64,35.4,1.05,10.63,NA,0.49,0.62,0.59,27.31,86.8,0.31,127.71,NA,NA,39.3,762.97,0.97
2026-07-20 18:00:00,NA,NA,24.6,21.69,31.37,62.69,3.5,0.3,29.81,1.19,10.53,NA,0.61,0.7,0.66,26.99,87.57,0.54,147.97,NA,NA,48.14,767.68,0.96
2026-07-20 19:00:00,NA,NA,27.35,23.0,33.75,65.82,6.51,0.37,25.75,1.72,11.78,NA,1.01,0.98,1.0,26.84,88.43,0.82,167.93,NA,NA,50.47,768.94,0.95
2026-07-20 20:00:00,NA,NA,30.24,25.18,37.8,68.63,6.2,0.77,27.27,2.24,9.1,NA,0.94,0.78,0.91,26.79,90.12,0.79,143.41,NA,NA,53.81,770.72,0.95
2026-07-20 21:00:00,NA,NA,32.72,24.04,38.66,66.53,6.13,1.34,21.95,2.46,7.71,NA,0.88,0.68,0.83,26.73,91.61,0.68,199.89,NA,NA,55.08,771.37,0.95
2026-07-20 22:00:00,24.2,38.6,91.19,24.67,83.57,58.38,3.95,0.45,24.62,1.84,6.85,NA,0.47,0.49,0.42,26.89,91.85,0.26,144.92,NA,NA,62.28,780.0,0.96
2026-07-20 23:00:00,40.1,46.1,36.0,18.42,35.69,50.13,3.77,0.6,19.72,1.68,6.4,NA,0.38,0.48,0.33,26.92,91.28,0.42,289.03,NA,NA,38.58,780.14,0.96
2026-07-21 00:00:00,22.13,50.18,21.17,16.34,22.94,44.73,3.99,0.38,20.23,0.58,6.52,NA,0.3,0.29,0.32,26.96,90.31,0.73,187.47,NA,NA,37.5,779.29,0.96
2026-07-21 01:00:00,11.1,44.6,17.69,16.6,22.47,44.87,3.95,0.73,17.82,0.57,6.62,NA,0.29,0.32,0.35,26.92,90.7,0.79,154.5,NA,NA,37.5,780.2,0.96
2026-07-21 02:00:00,6.73,38.3,16.68,16.96,22.11,44.65,4.02,0.88,20.24,0.55,6.33,NA,0.28,0.31,0.34,26.93,90.95,0.82,164.38,NA,NA,37.39,778.3,0.96
2026-07-21 03:00:00,19.5,40.13,21.03,16.02,24.39,44.83,2.49,0.41,18.75,0.5,6.23,NA,0.38,0.44,0.36,26.32,97.7,0.49,221.13,NA,NA,35.9,775.59,0.93
2026-07-21 04:00:00,26.13,35.73,17.55,17.11,23.23,38.45,2.45,0.28,21.14,0.43,6.1,NA,0.43,0.49,0.39,26.29,99.87,0.6,198.08,NA,NA,35.13,774.01,0.93
2026-07-21 05:00:00,31.68,35.58,29.16,16.15,31.34,37.16,2.47,0.3,19.41,0.45,6.03,NA,0.43,0.49,0.39,26.58,99.86,0.65,235.38,NA,NA,34.24,773.48,0.94
2026-07-21 06:00:00,16.93,42.7,16.74,16.44,20.77,42.14,2.49,0.3,14.84,0.55,6.36,NA,0.45,0.53,0.41,26.68,99.85,0.72,240.94,NA,NA,36.37,774.44,0.95
2026-07-21 07:00:00,26.8,37.88,35.58,15.71,32.74,46.64,4.33,0.68,19.07,0.99,7.72,NA,0.5,0.66,0.57,26.39,99.87,0.3,216.12,NA,NA,73.26,773.41,0.94
2026-07-21 08:00:00,26.1,41.78,26.95,16.83,29.45,52.94,4.38,0.58,23.87,1.03,8.35,NA,0.57,0.68,0.62,26.64,99.9,0.36,277.73,NA,NA,108.73,772.84,0.94
2026-07-21 09:00:00,18.13,36.4,39.65,16.41,38.67,57.59,4.45,0.68,27.75,1.2,9.9,NA,0.83,0.84,0.8,27.21,99.03,0.38,232.45,NA,NA,109.84,773.17,0.97
2026-07-21 10:00:00,12.45,32.0,42.4,16.15,40.42,55.27,5.54,0.78,28.72,1.18,10.08,NA,0.83,0.85,0.79,28.16,89.39,0.18,247.29,NA,NA,91.66,761.16,1.01
2026-07-21 11:00:00,29.7,31.33,29.25,17.95,30.24,53.72,5.44,0.2,40.11,1.13,10.46,NA,0.71,0.77,0.72,29.11,82.08,0.33,234.66,NA,NA,222.17,759.13,1.05
2026-07-21 12:00:00,23.0,35.13,26.45,16.0,24.83,51.47,4.53,0.14,NA,1.28,11.2,NA,0.32,0.54,0.41,29.9,83.7,0.25,244.17,NA,NA,218.02,756.93,1.09
2026-07-21 13:00:00,11.98,41.65,19.75,15.87,21.08,55.14,4.45,0.73,NA,1.21,11.2,NA,0.32,0.54,0.43,31.52,70.04,0.24,193.8,NA,NA,212.37,753.99,1.15
2026-07-21 14:00:00,24.93,36.05,58.73,19.93,55.19,NA,6.46,1.06,74.67,1.17,10.84,NA,0.31,0.52,0.42,32.23,65.21,0.39,168.33,NA,NA,289.36,754.73,1.19
2026-07-21 15:00:00,NA,NA,35.46,16.48,36.44,NA,6.57,0.81,80.25,1.04,9.37,NA,0.25,0.42,0.46,32.45,64.44,0.27,199.34,NA,NA,323.18,754.62,1.19
2026-07-21 16:00:00,30.98,40.8,30.43,14.92,30.42,65.91,3.68,0.89,83.02,NA,NA,NA,NA,NA,NA,30.96,69.66,0.48,187.13,NA,NA,515.56,763.59,1.13
2026-07-21 17:00:00,32.18,47.65,41.4,17.17,39.74,59.39,3.34,0.48,55.83,1.05,8.42,NA,0.5,0.65,0.58,30.38,73.85,0.49,220.99,NA,NA,429.26,759.55,1.11
2026-07-21 18:00:00,24.45,46.43,40.31,20.82,40.29,53.23,3.11,0.52,25.79,1.24,8.97,NA,0.6,0.72,0.68,29.47,79.48,0.53,233.0,NA,NA,476.81,762.06,1.07
2026-07-21 19:00:00,37.7,46.58,33.42,22.68,33.96,56.68,5.91,0.49,24.59,1.63,9.78,NA,0.99,0.98,0.99,29.47,81.74,0.48,235.44,NA,NA,395.23,758.04,1.07
2026-07-21 20:00:00,41.7,48.08,21.13,19.8,25.74,60.46,5.68,0.99,21.33,2.22,7.44,NA,0.92,0.79,0.9,29.2,82.73,0.59,238.97,NA,NA,625.19,772.97,1.06
2026-07-21 21:00:00,33.38,47.08,63.21,22.04,58.54,57.12,5.92,0.0,14.28,2.48,5.83,NA,0.88,0.66,0.83,27.73,94.44,0.32,158.74,NA,NA,628.94,775.84,0.99
2026-07-21 22:00:00,23.98,54.93,58.2,23.03,54.6,49.92,3.45,0.1,18.13,1.89,4.7,NA,0.48,0.5,0.42,27.72,93.95,0.51,232.4,NA,NA,540.81,780.18,0.99
2026-07-21 23:00:00,28.17,55.57,49.64,15.31,45.17,43.82,3.56,0.87,20.63,1.59,4.53,NA,0.38,0.47,0.33,27.56,93.45,0.14,295.64,NA,NA,27.5,779.92,0.98
2026-07-22 00:00:00,42.85,55.6,39.25,15.84,34.59,39.56,3.57,0.59,19.16,0.55,4.38,NA,0.28,0.31,0.33,27.5,92.44,0.5,216.68,NA,NA,27.5,779.09,0.98
2026-07-22 01:00:00,44.45,51.88,25.03,14.04,23.85,39.42,3.52,0.83,22.04,0.56,4.56,NA,0.28,0.3,0.37,27.63,89.29,0.52,236.74,NA,NA,27.5,777.88,0.99
2026-07-22 02:00:00,NA,NA,40.03,14.24,36.99,39.68,3.56,0.85,21.11,0.56,4.38,NA,0.3,0.3,0.35,27.52,89.91,0.57,247.99,NA,NA,27.5,778.79,0.98
2026-07-22 03:00:00,NA,NA,26.92,15.25,26.56,39.91,2.26,1.13,22.0,0.49,4.2,NA,0.37,0.42,0.38,27.48,91.21,0.51,244.68,NA,NA,27.5,778.81,0.98
2026-07-22 04:00:00,NA,NA,22.98,16.35,25.85,34.54,2.21,1.12,20.64,0.45,3.79,NA,0.43,0.48,0.38,27.5,91.28,0.48,241.76,NA,NA,27.5,779.02,0.98
2026-07-22 05:00:00,NA,NA,46.61,16.07,42.06,34.15,2.31,1.03,17.72,0.43,3.89,NA,0.43,0.51,0.38,27.33,91.72,0.59,243.18,NA,NA,27.5,779.06,0.97
2026-07-22 06:00:00,36.0,38.1,45.97,15.46,41.6,37.68,2.2,1.12,17.52,0.6,4.46,NA,0.45,0.53,0.41,27.68,89.79,0.58,240.83,NA,NA,27.5,779.06,0.99
2026-07-22 07:00:00,31.58,40.35,27.73,17.67,29.52,41.64,4.14,1.99,21.16,0.98,5.44,NA,0.51,0.67,0.54,28.47,83.15,0.5,236.12,NA,NA,41.49,779.36,1.03
2026-07-22 08:00:00,32.83,36.03,19.14,19.01,25.92,46.38,4.06,2.16,28.57,1.02,6.51,NA,0.6,0.72,0.64,29.25,76.64,0.54,237.19,NA,NA,126.06,760.45,1.05
2026-07-22 09:00:00,21.0,31.6,31.52,18.47,34.38,49.37,4.06,1.14,28.32,1.12,8.09,NA,0.82,0.86,0.79,30.48,70.61,0.44,246.79,NA,NA,155.16,750.4,1.11
2026-07-22 10:00:00,30.68,33.08,28.92,18.8,32.97,49.42,5.06,1.36,27.12,1.23,8.38,NA,0.82,0.84,0.8,30.86,68.16,0.44,237.14,NA,NA,211.5,753.38,1.13
2026-07-22 11:00:00,24.08,38.8,18.65,17.2,22.93,47.79,4.8,0.92,33.01,1.13,8.2,NA,0.7,0.77,0.73,31.46,65.37,0.35,250.88,NA,NA,324.53,759.33,1.15
2026-07-22 12:00:00,15.88,34.28,19.86,16.5,23.95,50.56,4.11,1.05,50.36,1.24,9.38,NA,0.31,0.54,0.42,32.49,61.18,0.38,238.98,NA,NA,314.41,758.78,1.19
2026-07-22 13:00:00,26.3,34.83,17.88,17.53,23.56,54.89,4.17,1.15,47.0,1.25,9.39,NA,0.32,0.52,0.45,32.83,58.98,0.3,245.88,NA,NA,298.49,757.93,1.21
2026-07-22 14:00:00,22.3,31.08,17.24,17.43,22.93,57.8,5.89,1.46,48.11,1.2,8.85,NA,0.31,0.51,0.45,33.63,54.79,0.19,266.55,NA,NA,291.9,757.59,1.25
2026-07-22 15:00:00,11.78,28.38,15.89,16.54,21.45,58.29,5.89,0.82,53.58,1.03,7.37,NA,0.26,0.42,0.46,33.7,54.52,0.29,245.44,NA,NA,312.45,758.68,1.25
2026-07-22 16:00:00,15.93,27.08,19.16,17.08,24.87,58.78,3.18,0.77,52.94,1.05,7.73,NA,0.31,0.46,0.51,32.81,59.59,0.41,243.26,NA,NA,288.67,757.41,1.21
2026-07-22 17:00:00,15.1,35.03,18.04,18.66,24.73,57.22,3.42,1.39,39.66,1.07,8.78,NA,0.48,0.63,0.59,32.3,62.08,0.57,243.23,NA,NA,262.96,757.28,1.19
2026-07-22 18:00:00,25.1,34.58,21.7,20.87,28.34,54.5,3.64,1.44,19.19,1.14,8.73,NA,0.61,0.73,0.64,31.46,65.11,0.47,231.75,NA,NA,230.48,757.0,1.15
2026-07-22 19:00:00,13.85,52.7,18.72,21.02,26.19,56.64,6.44,0.93,17.12,1.68,9.41,NA,0.98,0.98,0.99,31.15,68.1,0.46,243.43,NA,NA,240.08,757.46,1.14
2026-07-22 20:00:00,33.15,49.53,22.53,23.86,31.17,60.03,7.06,0.64,12.91,2.16,7.09,NA,0.92,0.79,0.9,30.6,69.41,0.3,187.02,NA,NA,147.94,756.89,1.12
2026-07-22 21:00:00,44.45,47.9,41.79,24.6,45.15,57.03,6.98,1.75,15.36,2.54,5.81,NA,0.89,0.67,0.83,30.06,68.27,0.36,232.37,NA,NA,112.77,756.07,1.09
2026-07-22 22:00:00,NA,NA,35.25,23.28,39.36,50.1,4.21,0.99,12.79,1.83,4.73,NA,0.47,0.51,0.42,29.52,72.91,0.42,236.03,NA,NA,111.26,755.97,1.07
2026-07-22 23:00:00,46.5,54.2,18.0,14.73,20.5,43.52,4.3,0.52,19.83,1.69,4.5,NA,0.39,0.48,0.33,29.24,76.0,0.51,241.59,NA,NA,56.95,757.23,1.06
2026-07-23 00:00:00,28.35,57.2,14.03,14.26,17.38,39.55,4.41,0.5,20.42,0.58,4.44,NA,0.29,0.3,0.32,28.81,79.95,0.61,237.51,NA,NA,75.42,758.77,1.04
2026-07-23 01:00:00,26.42,53.88,12.84,15.41,18.46,39.69,4.48,1.05,21.07,0.56,4.46,NA,0.3,0.3,0.33,28.54,82.54,0.57,236.18,NA,NA,105.89,760.38,1.03
2026-07-23 02:00:00,32.33,48.38,15.69,14.79,20.44,39.67,4.55,1.01,27.0,0.57,4.42,NA,0.3,0.32,0.37,28.45,82.32,0.62,244.12,NA,NA,101.85,760.17,1.02
2026-07-23 03:00:00,24.8,44.0,17.29,15.47,22.55,39.37,3.14,0.92,22.59,0.52,4.11,NA,0.37,0.43,0.37,28.26,81.65,0.65,245.45,NA,NA,38.88,754.8,1.02
2026-07-23 04:00:00,35.98,39.98,16.56,14.41,20.8,34.55,3.0,0.88,23.5,0.43,3.96,NA,0.43,0.5,0.39,28.1,81.94,0.5,245.06,NA,NA,NA,753.1,1.01
2026-07-23 05:00:00,34.08,39.32,17.52,14.92,22.19,33.98,3.07,1.22,23.65,0.46,3.92,NA,0.43,0.51,0.39,28.06,82.25,0.44,236.52,NA,NA,23.41,754.47,1.01
2026-07-23 06:00:00,33.9,50.93,14.89,14.97,18.77,38.55,3.13,1.19,21.34,0.61,4.15,NA,0.44,0.52,0.42,28.02,82.66,0.4,226.71,NA,NA,108.59,760.54,1.0
2026-07-23 07:00:00,38.4,49.75,17.99,15.32,21.71,42.26,5.14,1.15,24.14,0.94,5.51,NA,0.5,0.65,0.54,28.53,79.57,0.37,229.48,NA,NA,106.44,759.83,1.03
2026-07-23 08:00:00,21.3,53.97,22.3,18.46,27.75,47.71,5.39,1.16,31.46,1.05,6.35,NA,0.58,0.71,0.61,28.92,77.14,0.41,233.47,NA,NA,17.56,753.65,1.04
2026-07-23 09:00:00,17.1,50.48,23.19,18.6,28.65,50.25,5.59,1.11,30.86,1.2,8.27,NA,0.83,0.85,0.8,29.33,74.16,0.3,246.81,NA,NA,21.53,753.86,1.06
2026-07-23 10:00:00,18.2,49.28,23.6,19.31,29.84,48.56,6.42,1.55,32.54,1.16,7.98,NA,0.83,0.87,0.79,29.78,73.02,0.32,214.85,NA,NA,37.8,754.72,1.08
2026-07-23 11:00:00,9.85,56.18,20.4,16.67,25.38,44.26,6.07,2.18,48.39,1.03,7.12,NA,0.7,0.77,0.69,30.7,69.86,0.4,215.87,NA,NA,255.87,756.72,1.12
2026-07-23 12:00:00,14.8,51.68,16.51,16.31,21.8,45.17,5.12,2.07,48.56,1.03,7.54,NA,0.32,0.54,0.43,31.35,67.19,0.4,237.07,NA,NA,277.39,756.79,1.15
2026-07-23 13:00:00,24.45,60.63,19.18,16.5,24.29,47.75,5.12,1.16,48.37,1.02,7.69,NA,0.32,0.51,0.43,31.79,65.13,0.46,237.64,NA,NA,319.09,758.99,1.17
2026-07-23 14:00:00,32.13,53.1,18.96,17.08,24.52,50.86,7.16,1.27,44.29,1.03,7.5,NA,0.31,0.52,0.45,31.91,65.08,0.39,252.69,NA,NA,310.54,758.55,1.17
2026-07-23 15:00:00,39.73,54.48,17.55,16.9,23.13,53.15,7.12,0.83,53.12,0.87,6.25,NA,0.26,0.42,0.47,31.78,65.8,0.43,248.78,NA,NA,300.55,757.99,1.17
2026-07-23 16:00:00,42.25,62.93,18.84,16.98,24.5,52.12,3.8,0.86,46.76,0.89,6.34,NA,0.29,0.46,0.49,28.78,86.23,0.48,105.15,NA,NA,298.2,757.96,1.04
2026-07-23 17:00:00,25.8,62.87,16.92,18.47,23.24,48.28,3.46,1.26,39.08,0.87,7.29,NA,0.48,0.62,0.59,28.23,92.36,0.36,105.65,NA,NA,272.06,759.74,1.01
2026-07-23 18:00:00,21.2,66.32,19.83,18.8,26.22,47.36,3.53,1.09,32.88,1.03,7.46,NA,0.6,0.72,0.69,28.16,88.08,0.21,151.54,NA,NA,135.52,759.21,1.01
2026-07-23 19:00:00,16.9,63.9,20.27,18.98,26.4,49.98,6.48,1.09,31.02,1.45,7.98,NA,0.99,0.98,1.0,27.83,88.83,0.41,224.93,NA,NA,49.03,756.93,1.0
2026-07-23 20:00:00,17.43,55.53,22.81,21.52,30.13,52.33,6.86,0.95,25.69,1.82,6.03,NA,0.92,0.77,0.89,28.13,86.04,0.2,194.44,NA,NA,35.32,757.47,1.01
2026-07-23 21:00:00,14.0,53.03,22.54,22.56,29.89,49.25,6.51,0.55,16.17,2.11,4.71,NA,0.88,0.68,0.83,27.59,92.25,0.48,234.49,NA,NA,29.55,757.8,0.99
2026-07-23 22:00:00,21.8,46.45,23.6,21.26,30.61,44.83,3.93,0.54,12.37,1.53,3.97,NA,0.47,0.51,0.42,27.5,94.79,0.39,125.74,NA,NA,32.67,759.42,0.98
2026-07-23 23:00:00,20.63,49.37,14.23,14.93,19.25,39.07,3.95,1.01,17.34,1.4,3.75,NA,0.37,0.48,0.32,27.54,93.26,0.19,132.46,NA,NA,32.89,759.45,0.98
2026-07-24 00:00:00,16.1,66.35,17.84,14.72,22.05,34.83,3.91,0.8,19.69,0.47,3.74,NA,0.3,0.3,0.34,27.53,94.7,0.44,177.99,NA,NA,34.73,760.34,0.98
2026-07-24 01:00:00,9.73,62.38,13.75,14.2,18.06,34.74,3.91,1.19,19.57,0.47,3.79,NA,0.3,0.31,0.35,27.18,96.36,0.43,197.72,NA,NA,40.27,763.31,0.97
2026-07-24 02:00:00,29.83,53.98,17.39,15.08,21.88,34.55,3.94,1.12,22.39,0.48,3.73,NA,0.29,0.31,0.35,26.25,99.58,0.28,153.38,NA,NA,42.77,764.66,0.93
2026-07-24 03:00:00,38.93,46.98,16.14,15.23,21.16,34.89,2.51,1.15,22.14,0.43,3.45,NA,0.38,0.4,0.37,26.09,99.88,0.22,194.18,NA,NA,32.38,759.1,0.92
2026-07-24 04:00:00,42.4,43.6,16.45,14.47,20.92,30.4,2.54,1.15,20.88,0.39,3.31,NA,0.43,0.51,0.39,26.22,99.88,0.42,208.44,NA,NA,31.0,758.33,0.93
2026-07-24 05:00:00,27.25,39.7,14.2,15.56,19.71,29.78,2.51,1.34,16.34,0.36,3.23,NA,0.43,0.48,0.39,26.23,99.89,0.32,264.2,NA,NA,27.19,756.32,0.93
2026-07-24 06:00:00,35.3,38.0,17.06,15.57,22.47,33.0,2.49,1.38,19.31,0.46,3.59,NA,0.45,0.52,0.43,26.25,99.88,0.35,264.11,NA,NA,23.92,754.63,0.93
2026-07-24 07:00:00,NA,NA,16.38,15.41,21.68,35.94,4.52,1.33,19.87,0.87,4.68,NA,0.51,0.65,0.53,26.61,99.88,0.29,255.07,NA,NA,20.91,753.02,0.94
2026-07-24 08:00:00,NA,NA,17.86,14.77,22.16,41.1,4.45,1.4,16.36,0.89,5.1,NA,0.57,0.74,0.6,27.41,98.56,0.27,296.49,NA,NA,19.89,752.46,0.98
2026-07-24 09:00:00,30.33,33.28,17.5,15.01,22.19,43.71,4.5,1.1,18.37,0.96,6.42,NA,0.83,0.85,0.8,28.64,89.34,0.56,107.38,NA,NA,19.85,752.53,1.03
2026-07-24 10:00:00,33.3,38.8,15.75,15.6,20.85,42.04,5.46,1.29,25.95,0.98,6.96,NA,0.83,0.83,0.78,29.82,80.73,0.45,156.36,NA,NA,91.93,753.34,1.08
2026-07-24 11:00:00,35.2,43.82,18.95,17.54,24.98,40.98,5.56,0.52,22.73,0.89,6.93,NA,0.72,0.76,0.73,31.42,70.5,0.37,13.11,NA,NA,323.23,754.5,1.15
2026-07-24 12:00:00,41.7,43.7,19.25,16.71,24.24,39.52,4.59,0.51,32.44,1.07,7.76,NA,0.32,0.51,0.42,32.43,64.79,0.52,104.1,NA,NA,328.4,757.14,1.19
2026-07-24 13:00:00,25.85,54.9,17.09,16.63,22.36,42.27,4.48,1.13,38.81,1.02,7.85,NA,0.32,0.54,0.41,32.5,64.48,0.32,86.36,NA,NA,331.66,758.89,1.2
2026-07-24 14:00:00,27.78,60.45,18.44,16.89,24.53,44.01,6.64,0.79,8.95,1.02,7.37,NA,0.3,0.5,0.43,32.1,67.05,0.47,14.45,NA,NA,284.1,756.16,1.18
2026-07-24 15:00:00,37.1,55.65,15.87,17.57,22.15,45.14,6.73,0.48,19.29,0.88,6.1,NA,0.25,0.42,0.47,31.75,69.33,0.63,36.52,NA,NA,276.61,756.25,1.16
2026-07-24 16:00:00,29.3,52.7,18.88,16.91,24.43,52.38,3.39,0.85,19.17,1.03,7.56,NA,0.2,0.3,0.32,31.38,69.7,0.32,173.5,NA,NA,276.45,756.23,1.15
2026-07-24 17:00:00,30.55,69.5,66.71,14.94,58.24,51.93,3.45,0.44,20.33,1.04,9.13,NA,0.3,0.38,0.35,30.79,76.64,0.44,233.44,NA,NA,279.16,757.56,1.12
2026-07-24 18:00:00,19.65,93.28,18.81,16.47,23.2,54.05,3.48,0.33,18.51,1.16,8.81,NA,0.36,0.43,0.42,30.09,83.06,0.6,221.72,NA,NA,184.25,759.41,1.09
2026-07-24 19:00:00,16.45,95.28,21.39,16.57,26.13,56.86,6.75,0.84,18.23,1.73,9.74,NA,0.59,0.59,0.6,29.72,82.99,0.49,252.17,NA,NA,57.02,759.03,1.08
2026-07-24 20:00:00,9.73,78.03,21.23,16.84,24.43,59.22,6.65,0.67,17.14,2.29,7.16,NA,0.55,0.49,0.53,29.43,82.12,0.36,240.65,NA,NA,55.0,757.96,1.07
2026-07-24 21:00:00,10.63,66.48,53.27,18.03,49.37,57.12,6.55,0.51,14.36,2.61,5.54,NA,0.53,0.4,0.5,29.05,84.32,0.38,201.22,NA,NA,31.14,758.12,1.05
2026-07-24 22:00:00,6.2,67.85,23.46,16.05,26.03,50.08,3.92,0.22,4.27,1.75,4.73,NA,0.28,0.31,0.26,28.84,84.85,0.26,312.38,NA,NA,30.85,758.43,1.04
2026-07-24 23:00:00,22.2,65.1,24.01,17.13,28.38,44.33,3.86,0.44,3.79,1.68,4.33,NA,0.22,0.3,0.2,28.56,88.82,0.52,240.25,NA,NA,29.45,757.63,1.03
2026-07-25 00:00:00,33.45,65.0,21.91,16.52,26.04,39.52,3.93,0.33,6.71,0.56,4.53,NA,0.17,0.19,0.21,28.48,90.33,0.58,231.43,NA,NA,32.01,758.96,1.02
2026-07-25 01:00:00,30.17,67.73,25.72,16.39,28.3,39.28,3.96,0.39,10.5,0.56,4.48,NA,0.18,0.18,0.21,28.39,91.8,0.12,176.82,NA,NA,32.47,759.19,1.02
2026-07-25 02:00:00,24.55,61.18,16.75,17.34,23.06,39.59,4.04,0.34,10.1,0.56,4.49,NA,0.18,0.18,0.2,28.29,93.2,0.41,232.66,NA,NA,31.86,758.86,1.02
2026-07-25 03:00:00,15.55,55.4,16.07,16.85,21.46,39.25,2.53,0.53,9.49,0.5,4.09,NA,0.23,0.25,0.22,28.19,93.56,0.45,239.86,NA,NA,31.84,758.84,1.01
2026-07-25 04:00:00,9.83,55.65,18.6,16.93,23.37,34.69,2.53,0.55,11.27,0.43,4.03,NA,0.26,0.29,0.22,28.13,93.97,0.44,240.2,NA,NA,32.09,758.96,1.01
2026-07-25 05:00:00,17.88,54.3,17.92,16.08,22.22,33.95,2.49,0.46,11.38,0.45,3.88,NA,0.26,0.32,0.23,28.14,93.72,0.31,299.77,NA,NA,30.29,758.02,1.01
2026-07-25 06:00:00,17.65,72.3,16.44,16.97,22.28,38.23,2.55,0.47,13.64,0.58,4.45,NA,0.27,0.32,0.26,28.26,93.87,0.34,234.73,NA,NA,29.32,757.51,1.01
2026-07-25 07:00:00,29.35,61.6,17.02,19.16,23.65,41.61,4.63,0.74,9.18,1.03,5.98,NA,0.3,0.39,0.34,28.87,90.58,0.43,233.88,NA,NA,112.11,757.65,1.04
2026-07-25 08:00:00,30.4,47.15,23.77,21.53,31.01,46.82,4.37,1.16,6.24,1.02,6.23,NA,0.35,0.43,0.37,30.04,82.66,0.38,256.67,NA,NA,205.65,758.29,1.09
2026-07-25 09:00:00,37.35,41.93,24.5,20.53,30.64,50.88,4.6,0.46,7.53,1.16,7.91,NA,0.5,0.51,0.48,30.76,79.13,0.3,191.24,NA,NA,210.45,760.85,1.12
2026-07-25 10:00:00,34.9,60.93,24.27,21.8,31.87,48.67,5.34,0.68,8.19,1.15,7.9,NA,0.5,0.51,0.47,32.33,69.5,0.39,156.4,NA,NA,213.73,762.65,1.19
2026-07-25 11:00:00,33.95,61.65,20.59,20.17,26.0,46.7,5.54,0.52,9.43,1.26,8.39,NA,0.43,0.46,0.43,33.48,61.34,0.33,160.1,NA,NA,213.13,762.37,1.24
2026-07-25 12:00:00,32.78,62.83,22.09,21.14,29.21,44.86,4.66,0.43,12.61,1.24,8.92,NA,0.19,0.32,0.25,34.21,58.88,0.2,73.41,NA,NA,214.68,763.2,1.27
2026-07-25 13:00:00,17.4,59.55,20.81,18.49,26.12,49.86,4.55,0.65,17.92,1.27,9.1,NA,0.19,0.32,0.25,32.86,64.69,0.35,232.79,NA,NA,231.7,763.45,1.21
2026-07-25 14:00:00,16.78,46.1,17.56,16.45,22.33,55.26,6.8,0.69,22.73,1.25,9.01,NA,0.18,0.31,0.26,33.48,62.47,0.3,240.83,NA,NA,264.77,763.21,1.24
2026-07-25 15:00:00,23.3,25.0,20.88,16.99,25.85,59.35,6.48,0.68,23.55,1.07,7.53,NA,0.15,0.25,0.28,34.36,58.49,0.28,217.28,NA,NA,266.44,764.17,1.28
2026-07-25 16:00:00,23.55,25.48,18.79,16.88,23.62,58.97,3.51,0.56,29.66,1.06,7.84,NA,0.19,0.28,0.3,33.25,59.37,0.36,255.89,NA,NA,266.29,764.17,1.23
2026-07-25 17:00:00,34.6,46.5,19.61,16.84,24.47,59.18,3.4,0.05,6.31,1.04,8.67,NA,0.29,0.39,0.36,32.22,66.81,0.49,141.78,NA,NA,69.46,765.41,1.18
2026-07-25 18:00:00,26.25,53.35,18.64,17.02,24.27,60.7,3.55,0.15,17.32,1.18,8.84,NA,0.36,0.43,0.42,30.63,74.77,0.45,121.95,NA,NA,68.57,765.14,1.12
2026-07-25 19:00:00,24.85,58.7,18.67,16.5,22.99,64.72,6.14,0.37,31.47,1.63,9.52,NA,0.59,0.59,0.6,29.86,74.83,0.76,163.46,NA,NA,69.54,765.63,1.08
2026-07-25 20:00:00,37.4,57.3,17.13,17.26,22.72,67.79,6.64,1.7,13.28,2.26,7.01,NA,0.55,0.47,0.53,30.1,78.65,0.72,194.04,NA,NA,70.22,766.05,1.1
2026-07-25 21:00:00,33.58,62.08,16.17,16.8,21.53,64.16,6.47,0.3,2.59,2.58,5.78,NA,0.53,0.38,0.5,30.07,79.7,0.66,220.78,NA,NA,72.82,767.45,1.09
2026-07-25 22:00:00,22.83,58.18,17.46,16.82,22.83,57.25,3.78,0.0,6.52,1.8,4.62,NA,0.29,0.3,0.25,29.81,77.13,0.64,207.14,NA,NA,72.16,767.07,1.08
2026-07-25 23:00:00,33.3,51.6,14.59,17.35,20.74,49.44,3.93,0.59,15.53,1.64,4.56,NA,0.23,0.29,0.2,30.02,73.97,0.63,234.84,NA,NA,72.89,767.41,1.09
2026-07-26 00:00:00,30.13,59.43,15.91,17.1,21.72,44.19,3.88,1.15,13.65,0.58,4.43,NA,0.18,0.18,0.21,29.85,75.34,0.75,176.5,NA,NA,74.21,768.15,1.08
2026-07-26 01:00:00,22.78,65.28,16.55,16.99,22.06,44.25,3.97,0.29,16.62,0.56,4.52,NA,0.18,0.18,0.21,29.72,76.6,0.79,179.18,NA,NA,73.98,768.04,1.08
2026-07-26 02:00:00,19.48,56.7,16.8,16.9,21.98,44.64,3.94,0.07,12.6,0.58,4.29,NA,0.18,0.19,0.2,29.19,82.87,0.71,197.87,NA,NA,73.71,767.89,1.06
2026-07-26 03:00:00,13.65,56.65,16.64,17.06,22.59,44.32,2.6,0.5,11.86,0.51,4.1,NA,0.23,0.25,0.22,29.1,85.56,0.58,223.57,NA,NA,74.53,768.31,1.05
2026-07-26 04:00:00,9.35,50.1,19.94,16.59,24.77,38.62,2.52,0.39,12.99,0.46,3.97,NA,0.26,0.3,0.24,29.08,86.49,0.67,204.43,NA,NA,75.96,769.06,1.05
2026-07-26 05:00:00,22.95,48.68,19.48,16.73,24.68,38.51,2.54,0.7,12.89,0.44,3.92,NA,0.26,0.31,0.22,29.01,87.46,0.72,208.6,NA,NA,73.67,767.82,1.05
2026-07-26 06:00:00,12.6,61.98,19.62,16.35,24.36,42.87,2.53,0.89,9.99,0.61,4.22,NA,0.27,0.33,0.25,29.84,83.63,0.56,199.81,NA,NA,73.84,767.89,1.08
2026-07-26 07:00:00,12.17,88.85,14.83,17.06,21.01,46.16,4.48,0.51,14.96,1.0,5.79,NA,0.3,0.39,0.34,31.25,76.31,0.39,178.05,NA,NA,76.51,769.33,1.15
2026-07-26 08:00:00,14.93,79.43,16.46,16.87,22.2,52.92,4.39,0.43,16.09,1.05,5.96,NA,0.34,0.41,0.37,32.88,67.7,0.57,158.29,NA,NA,123.46,768.86,1.21
2026-07-26 09:00:00,14.83,57.75,20.11,18.76,25.88,56.87,4.44,0.67,53.0,1.17,8.16,NA,0.5,0.51,0.49,33.32,62.63,0.63,24.32,NA,NA,511.8,768.07,1.23
2026-07-26 10:00:00,7.93,48.9,17.45,19.33,23.97,55.64,5.38,0.88,53.82,1.21,7.99,NA,0.5,0.51,0.48,34.05,59.66,0.62,31.43,NA,NA,527.76,768.94,1.26
2026-07-26 11:00:00,15.58,44.53,20.22,18.55,25.95,52.51,5.43,0.97,57.96,1.16,8.14,NA,0.43,0.46,0.43,34.22,58.12,0.54,35.82,NA,NA,523.43,768.72,1.27
2026-07-26 12:00:00,29.83,55.98,19.82,18.59,25.91,50.33,4.51,0.61,61.8,1.22,9.42,NA,0.19,0.31,0.25,35.65,52.32,0.39,151.71,NA,NA,543.91,769.81,1.33
2026-07-26 13:00:00,24.1,56.13,21.79,18.37,27.23,53.76,4.41,1.33,44.66,1.31,9.36,NA,0.2,0.3,0.26,36.3,49.42,0.28,120.62,NA,NA,572.74,771.46,1.36
2026-07-26 14:00:00,33.38,54.93,20.72,19.34,27.21,56.9,6.39,0.9,45.46,1.24,9.15,NA,0.19,0.31,0.26,36.02,49.59,0.22,181.21,NA,NA,592.11,772.47,1.35
2026-07-26 15:00:00,18.28,43.38,19.63,19.01,25.93,57.77,6.39,0.0,57.2,1.04,7.3,NA,0.16,0.25,0.29,35.91,52.34,0.56,161.4,NA,NA,587.38,772.18,1.35
2026-07-26 16:00:00,11.43,36.05,20.52,18.81,26.49,59.13,3.53,0.29,51.58,1.09,7.67,NA,0.18,0.28,0.3,35.53,52.59,0.54,70.46,NA,NA,569.66,771.25,1.33
2026-07-26 17:00:00,16.7,38.43,16.1,16.29,21.69,55.88,3.66,0.49,21.49,1.04,8.86,NA,0.29,0.38,0.35,33.22,62.35,0.45,70.47,NA,NA,227.24,770.57,1.23
2026-07-26 18:00:00,25.58,61.8,16.14,15.23,21.23,54.02,3.63,0.74,11.38,1.17,8.81,NA,0.37,0.43,0.41,32.31,66.08,0.58,78.94,NA,NA,78.28,770.63,1.19
2026-07-26 19:00:00,31.35,69.75,14.98,14.7,19.8,57.39,6.48,0.66,11.99,1.64,9.49,NA,0.61,0.59,0.6,32.59,66.48,0.68,123.98,NA,NA,77.94,770.42,1.2
2026-07-26 20:00:00,23.98,74.43,15.23,14.96,20.17,58.89,6.35,0.8,8.26,2.11,7.06,NA,0.55,0.48,0.55,32.75,66.86,0.63,110.1,NA,NA,76.86,769.84,1.21
2026-07-26 21:00:00,30.38,83.9,16.61,14.9,21.03,56.49,6.4,0.37,10.32,2.52,5.84,NA,0.54,0.39,0.5,32.22,73.37,0.72,83.77,NA,NA,77.75,770.26,1.19
2026-07-26 22:00:00,32.22,81.52,17.83,15.26,22.3,50.22,4.01,0.04,18.29,1.84,4.89,NA,0.29,0.31,0.26,31.82,74.96,0.7,68.1,NA,NA,78.97,770.87,1.17
2026-07-26 23:00:00,26.8,66.47,17.47,14.79,21.89,44.24,4.01,0.26,23.71,1.62,4.49,NA,0.23,0.28,0.2,31.01,79.34,0.41,66.27,NA,NA,78.49,770.6,1.13
2026-07-27 00:00:00,25.75,56.45,15.5,15.18,20.11,39.92,3.99,0.09,25.13,0.56,4.34,NA,0.18,0.17,0.22,30.82,78.96,0.45,52.08,NA,NA,76.16,769.34,1.13
2026-07-27 01:00:00,26.28,56.5,14.1,14.33,18.54,39.96,3.95,0.83,23.79,0.58,4.39,NA,0.17,0.19,0.21,30.64,80.07,0.61,66.51,NA,NA,76.34,769.44,1.12
2026-07-27 02:00:00,22.45,58.75,15.72,14.98,20.69,39.67,3.95,0.8,26.49,0.56,4.4,NA,0.18,0.18,0.21,30.19,82.68,0.54,92.84,NA,NA,76.68,769.61,1.1
2026-07-27 03:00:00,16.75,52.3,17.46,15.47,22.45,39.91,2.51,1.06,23.91,0.49,4.16,NA,0.23,0.26,0.22,29.77,84.19,0.52,62.72,NA,NA,76.03,769.31,1.08
2026-07-27 04:00:00,29.4,38.15,19.55,14.92,23.09,34.4,2.65,1.17,11.64,0.44,3.93,NA,0.26,0.3,0.23,29.54,86.22,0.5,108.43,NA,NA,78.7,770.8,1.07
2026-07-27 05:00:00,NA,NA,19.59,14.62,23.34,34.07,2.62,0.63,11.32,0.44,3.94,NA,0.26,0.29,0.24,29.63,86.07,0.66,62.37,NA,NA,78.07,770.43,1.07
2026-07-27 06:00:00,38.8,48.1,16.12,15.0,21.0,38.82,2.44,0.7,8.59,0.59,4.34,NA,0.27,0.33,0.25,29.64,87.85,0.38,53.06,NA,NA,75.72,769.15,1.07
2026-07-27 07:00:00,36.38,54.33,17.28,14.29,20.67,41.94,4.44,0.89,7.32,0.97,5.74,NA,0.3,0.39,0.34,29.75,89.0,0.54,66.69,NA,NA,77.45,770.0,1.08
2026-07-27 08:00:00,42.05,65.33,14.62,14.64,18.62,46.39,4.58,0.56,18.76,1.02,6.31,NA,0.34,0.41,0.36,30.14,87.35,0.49,78.48,NA,NA,76.57,769.5,1.1
2026-07-27 09:00:00,26.3,61.08,14.79,14.55,18.41,50.83,4.41,0.51,25.34,1.19,8.05,NA,0.5,0.51,0.48,30.86,82.8,0.31,91.85,NA,NA,76.47,769.45,1.13
2026-07-27 10:00:00,15.7,60.0,19.41,15.41,23.76,53.8,5.48,0.62,26.49,1.21,8.38,NA,0.5,0.51,0.48,31.17,80.01,0.51,123.95,NA,NA,174.18,770.0,1.14
2026-07-27 11:00:00,10.15,59.75,19.18,18.98,25.92,62.48,5.43,0.88,69.99,1.13,8.4,NA,0.42,0.46,0.42,31.7,75.93,0.43,131.64,NA,NA,613.31,771.95,1.16
2026-07-27 12:00:00,14.85,51.75,24.58,18.82,29.57,61.67,4.56,0.3,79.75,1.25,9.39,NA,0.2,0.32,0.25,31.41,75.88,0.51,186.46,NA,NA,634.34,772.99,1.15
2026-07-27 13:00:00,16.5,55.3,19.08,18.16,23.6,64.84,4.66,0.79,92.77,1.26,9.13,NA,0.19,0.33,0.27,31.2,78.36,0.64,180.05,NA,NA,665.35,775.63,1.14
2026-07-27 14:00:00,29.3,65.23,20.42,18.55,26.09,68.9,6.45,1.3,93.88,1.21,9.1,NA,0.18,0.31,0.27,31.64,77.57,0.46,198.34,NA,NA,680.0,777.68,1.16
2026-07-27 15:00:00,18.9,85.43,19.59,18.66,25.44,71.26,6.32,0.37,96.82,1.06,7.38,NA,0.15,0.26,0.28,31.9,77.63,0.68,189.74,NA,NA,680.0,777.04,1.17
2026-07-27 16:00:00,9.63,76.4,20.8,18.6,25.99,70.9,3.53,0.26,87.51,1.04,7.76,NA,0.19,0.29,0.3,32.01,75.49,0.7,180.41,NA,NA,679.64,775.98,1.17
2026-07-27 17:00:00,26.35,61.13,19.03,18.83,24.88,71.72,3.47,0.41,94.54,1.04,8.81,NA,0.3,0.38,0.36,32.07,75.27,0.69,188.81,NA,NA,673.17,775.29,1.18
2026-07-27 18:00:00,32.6,67.77,22.54,18.86,28.11,72.89,3.61,0.57,92.39,1.32,9.41,NA,0.39,0.44,0.42,31.81,76.22,0.65,177.84,NA,NA,617.38,772.11,1.17
2026-07-27 19:00:00,24.33,80.25,17.16,19.17,24.36,76.54,6.43,0.56,82.97,1.71,9.77,NA,0.59,0.59,0.59,31.22,83.15,0.75,185.29,NA,NA,626.97,772.64,1.14
2026-07-27 20:00:00,28.28,95.95,21.09,19.22,27.17,79.05,6.6,0.42,68.11,2.08,7.07,NA,0.57,0.49,0.54,30.64,87.66,0.74,189.96,NA,NA,621.75,772.41,1.12
2026-07-27 21:00:00,31.5,70.05,23.39,18.45,28.55,75.83,6.56,0.62,72.08,2.55,5.73,NA,0.53,0.4,0.5,30.02,84.66,0.8,173.33,NA,NA,628.66,772.71,1.09
2026-07-27 22:00:00,18.18,41.08,20.09,19.22,26.24,68.44,3.8,0.14,75.87,1.84,4.71,NA,0.29,0.31,0.25,29.16,75.88,0.35,154.47,NA,NA,607.69,771.58,1.05
2026-07-27 23:00:00,27.0,34.45,21.41,17.24,26.4,55.89,4.03,0.57,69.18,1.63,4.49,NA,0.23,0.27,0.2,29.42,78.44,0.51,179.11,NA,NA,454.18,771.86,1.06
2026-07-28 00:00:00,27.2,46.55,15.97,15.1,19.99,39.57,3.93,0.68,26.81,0.55,4.37,NA,0.18,0.17,0.2,28.88,80.25,0.79,153.96,NA,NA,55.83,771.85,1.04
2026-07-28 01:00:00,19.88,45.7,16.13,14.9,20.33,39.84,3.95,0.45,22.12,0.57,4.59,NA,0.17,0.17,0.21,28.46,80.44,0.54,209.24,NA,NA,56.73,772.33,1.02
2026-07-28 02:00:00,23.25,41.6,17.44,15.58,22.24,39.75,3.87,0.48,17.13,0.6,4.5,NA,0.18,0.19,0.21,28.72,79.23,0.68,163.29,NA,NA,55.79,771.83,1.03
2026-07-28 03:00:00,29.05,35.53,17.69,14.85,22.1,40.23,2.65,0.67,18.28,0.5,4.02,NA,0.23,0.24,0.22,28.33,81.09,0.76,155.07,NA,NA,56.84,772.39,1.02
2026-07-28 04:00:00,18.38,35.38,15.61,15.04,20.8,34.65,2.53,0.59,19.41,0.45,3.9,NA,0.26,0.3,0.22,27.77,85.47,0.67,140.66,NA,NA,58.03,773.01,1.0
2026-07-28 05:00:00,17.25,33.03,15.45,14.73,20.24,33.97,2.54,0.87,18.44,0.44,3.85,NA,0.26,0.29,0.22,27.83,85.86,0.79,187.45,NA,NA,61.41,775.15,1.0
2026-07-28 06:00:00,11.75,38.43,16.44,14.84,21.06,38.22,2.5,1.08,19.05,0.58,4.33,NA,0.27,0.34,0.25,28.56,82.98,0.51,239.08,NA,NA,62.39,775.8,1.03
2026-07-28 07:00:00,23.55,48.43,15.73,14.75,20.35,41.07,4.49,1.17,15.88,0.99,5.72,NA,0.31,0.4,0.32,30.01,81.46,0.44,221.36,NA,NA,62.19,775.5,1.09
2026-07-28 08:00:00,25.63,60.1,18.99,17.85,24.29,55.74,4.56,1.35,22.8,1.01,6.18,NA,0.35,0.42,0.38,30.85,80.68,0.44,148.06,NA,NA,504.79,775.4,1.13
2026-07-28 09:00:00,23.85,64.68,22.3,18.37,27.24,63.31,4.48,0.55,26.75,1.17,8.02,NA,0.49,0.51,0.48,31.72,75.62,0.46,100.05,NA,NA,621.71,775.95,1.17
2026-07-28 10:00:00,19.98,64.05,19.11,18.71,25.56,60.17,5.62,0.35,46.28,1.26,8.56,NA,0.6,0.64,0.58,32.61,70.56,0.64,40.25,NA,NA,624.62,776.01,1.2
2026-07-28 11:00:00,10.4,65.45,21.49,18.78,27.55,53.5,5.99,0.77,45.73,1.4,9.73,NA,0.7,0.76,0.71,32.35,72.06,0.52,99.24,NA,NA,609.63,774.45,1.19
2026-07-28 12:00:00,8.58,60.3,16.36,18.82,22.87,51.73,5.08,4.84,50.82,1.46,10.89,NA,0.32,0.52,0.43,33.02,67.52,0.42,135.65,NA,NA,595.05,773.87,1.22
2026-07-28 13:00:00,33.93,50.75,18.32,18.96,24.58,54.79,5.18,0.63,52.96,1.45,10.83,NA,0.33,0.54,0.43,32.18,69.62,0.75,175.51,NA,NA,526.78,770.38,1.18
2026-07-28 14:00:00,27.18,56.78,20.78,19.08,27.16,56.79,7.13,1.53,48.1,1.49,10.81,NA,0.3,0.5,0.45,33.62,62.59,0.7,181.21,NA,NA,365.66,761.75,1.25
2026-07-28 15:00:00,20.15,43.58,18.34,18.55,24.65,58.8,7.16,0.12,45.13,1.21,8.73,NA,0.25,0.42,0.47,33.16,66.22,0.66,194.66,NA,NA,87.84,746.88,1.23
2026-07-28 16:00:00,12.78,34.95,19.6,18.15,25.27,59.18,3.85,0.25,52.26,1.2,8.95,NA,0.31,0.48,0.49,32.63,63.73,0.68,194.14,NA,NA,66.36,745.7,1.2
2026-07-28 17:00:00,9.2,38.28,19.88,18.44,25.11,60.37,3.87,1.04,45.11,1.23,10.37,NA,0.48,0.64,0.6,31.06,72.58,0.71,189.54,NA,NA,26.58,743.61,1.14
2026-07-28 18:00:00,36.08,40.83,20.43,19.97,27.01,59.62,4.0,0.99,43.94,1.39,10.71,NA,0.6,0.7,0.68,30.59,76.04,0.47,216.37,NA,NA,23.57,743.46,1.12
2026-07-28 19:00:00,38.28,45.33,23.33,18.69,28.68,63.13,7.11,1.13,47.8,2.01,10.86,NA,0.97,0.98,0.98,30.44,79.04,0.6,234.6,NA,NA,24.47,743.5,1.11
2026-07-28 20:00:00,29.23,55.65,19.66,18.53,25.67,66.48,7.33,1.21,54.88,2.56,8.86,NA,0.93,0.8,0.9,30.38,79.62,0.31,191.59,NA,NA,24.11,743.48,1.11
2026-07-28 21:00:00,41.43,49.88,19.75,18.42,25.43,64.55,7.12,1.05,59.27,3.08,6.49,NA,0.89,0.66,0.83,30.06,82.35,0.31,184.75,NA,NA,29.59,743.78,1.09
2026-07-28 22:00:00,NA,NA,18.57,17.34,24.21,56.92,4.56,0.56,36.1,2.15,5.58,NA,0.47,0.5,0.42,29.79,83.04,0.61,172.23,NA,NA,20.96,743.34,1.08
2026-07-28 23:00:00,41.4,39.0,17.55,16.73,22.79,50.06,4.5,0.97,26.64,1.89,5.23,NA,0.39,0.47,0.33,30.04,78.65,0.77,183.95,NA,NA,19.8,743.27,1.09
2026-07-29 00:00:00,34.38,43.23,19.17,16.26,23.19,44.55,4.33,0.81,25.94,0.65,5.18,NA,0.3,0.3,0.34,29.68,80.15,0.76,192.84,NA,NA,21.23,743.33,1.07
2026-07-29 01:00:00,NA,NA,19.15,17.23,24.62,44.63,4.34,1.3,29.78,0.66,5.18,NA,0.3,0.3,0.35,29.38,84.78,0.73,195.69,NA,NA,22.98,743.43,1.06
2026-07-29 02:00:00,NA,NA,17.07,16.97,22.47,44.67,4.28,1.61,28.09,0.66,5.2,NA,0.28,0.31,0.34,29.13,86.5,0.79,191.57,NA,NA,20.67,743.33,1.05
2026-07-29 03:00:00,41.87,48.1,19.3,17.01,24.55,44.57,2.67,0.68,19.92,0.6,4.69,NA,0.37,0.4,0.38,29.26,84.25,0.72,220.24,NA,NA,15.44,743.05,1.06
2026-07-29 04:00:00,NA,NA,19.23,16.6,23.57,39.26,2.69,0.82,18.26,0.53,4.57,NA,0.43,0.48,0.39,29.14,83.58,0.7,204.53,NA,NA,12.66,742.9,1.05
2026-07-29 05:00:00,26.7,27.3,16.91,15.92,20.5,38.41,2.8,0.81,19.33,0.51,4.73,NA,0.43,0.5,0.38,29.07,83.12,0.67,224.64,NA,NA,14.09,742.99,1.05
2026-07-29 06:00:00,NA,NA,22.12,17.09,25.99,42.0,2.79,0.92,19.23,0.69,5.27,NA,0.45,0.54,0.43,29.74,79.75,0.6,227.51,NA,NA,13.84,742.96,1.08
2026-07-29 07:00:00,31.0,38.87,19.99,19.23,24.41,46.48,5.66,0.99,11.99,1.16,6.83,NA,0.51,0.68,0.56,30.52,77.02,0.55,231.14,NA,NA,14.61,743.0,1.11
2026-07-29 08:00:00,33.73,43.65,29.2,18.92,31.85,53.49,6.16,1.09,10.21,1.22,7.29,NA,0.58,0.73,0.61,31.51,71.27,0.38,239.73,NA,NA,10.71,742.78,1.15
2026-07-29 09:00:00,26.63,40.4,24.41,22.35,31.83,58.37,5.96,0.57,9.81,1.35,9.5,NA,0.83,0.85,0.78,32.3,66.18,0.27,259.5,NA,NA,6.38,742.56,1.19
2026-07-29 10:00:00,36.9,49.1,27.54,22.42,33.55,57.47,6.72,0.7,37.15,1.4,9.31,NA,0.83,0.84,0.8,33.26,60.68,0.34,250.99,NA,NA,135.66,748.17,1.23
2026-07-29 11:00:00,22.2,57.8,21.65,18.15,26.68,58.97,6.67,0.74,49.1,1.33,9.58,NA,0.71,0.79,0.69,34.1,56.17,0.18,276.11,NA,NA,221.74,752.07,1.27
2026-07-29 12:00:00,20.18,62.85,23.93,19.03,28.19,55.95,5.68,0.8,50.02,1.46,10.75,NA,0.32,0.53,0.44,34.17,55.89,0.47,241.3,NA,NA,229.52,752.49,1.27
2026-07-29 13:00:00,19.45,62.7,23.51,18.69,28.58,61.25,5.74,0.63,38.43,1.49,10.69,NA,0.32,0.51,0.4,34.59,53.16,0.52,241.12,NA,NA,236.64,752.87,1.29
2026-07-29 14:00:00,21.0,67.83,20.64,17.79,24.54,62.71,7.68,0.5,43.54,1.42,10.31,NA,0.31,0.49,0.45,34.82,52.81,0.48,232.59,NA,NA,226.52,752.32,1.3
2026-07-29 15:00:00,20.8,71.13,18.53,18.51,23.83,63.24,7.12,1.31,52.08,1.2,8.71,NA,0.27,0.43,0.48,34.35,54.7,0.38,250.69,NA,NA,218.15,751.86,1.27
2026-07-29 16:00:00,25.3,62.98,18.55,17.11,22.81,58.35,3.5,1.04,57.18,1.24,8.78,NA,0.32,0.47,0.5,32.07,67.33,0.76,185.48,NA,NA,199.22,750.85,1.17
2026-07-29 17:00:00,23.67,57.4,19.55,18.46,24.68,57.53,3.54,0.95,56.6,1.25,10.31,NA,0.48,0.63,0.57,33.01,62.8,0.71,177.3,NA,NA,173.91,750.14,1.22
2026-07-29 18:00:00,31.88,65.28,28.5,21.15,34.0,60.17,3.66,1.14,48.0,1.41,10.23,NA,0.59,0.71,0.69,33.16,60.46,0.58,226.61,NA,NA,154.94,750.37,1.23
2026-07-29 19:00:00,21.98,65.93,20.63,20.13,26.5,64.48,6.63,1.19,29.13,1.92,11.62,NA,0.99,0.98,1.0,32.75,60.85,0.67,226.13,NA,NA,166.42,751.0,1.21
2026-07-29 20:00:00,12.8,74.25,20.79,20.91,27.71,66.4,6.63,0.88,30.18,2.58,8.84,NA,0.93,0.79,0.89,32.33,62.9,0.63,224.75,NA,NA,185.22,751.98,1.19
2026-07-29 21:00:00,9.55,79.45,25.22,23.2,31.66,63.76,5.83,1.26,26.61,3.11,6.75,NA,0.88,0.66,0.83,31.97,63.98,0.66,211.65,NA,NA,182.9,751.84,1.17
2026-07-29 22:00:00,29.35,78.23,23.1,22.03,28.63,56.2,3.62,1.01,27.97,2.16,5.66,NA,0.48,0.49,0.42,31.72,66.55,0.68,230.83,NA,NA,112.25,754.22,1.16
2026-07-29 23:00:00,42.27,79.6,18.19,17.17,22.31,49.29,3.41,1.31,29.47,1.91,5.35,NA,0.39,0.46,0.33,31.77,66.65,0.66,237.71,NA,NA,36.28,757.89,1.17
2026-07-30 00:00:00,42.3,75.45,18.37,16.97,23.48,42.56,3.51,1.11,29.13,0.67,5.17,NA,0.29,0.31,0.35,31.18,70.52,0.6,239.54,NA,NA,33.1,759.62,1.14
2026-07-30 01:00:00,30.83,79.02,20.57,16.28,24.91,42.72,3.5,0.96,26.25,0.67,5.09,NA,0.3,0.31,0.36,30.73,72.89,0.57,234.0,NA,NA,39.06,762.82,1.12
2026-07-30 02:00:00,35.18,73.7,17.39,16.89,22.76,42.53,3.62,0.88,30.99,0.67,5.05,NA,0.3,0.3,0.34,30.43,74.41,0.61,240.94,NA,NA,42.1,764.46,1.11
2026-07-30 03:00:00,31.53,69.43,16.93,16.55,22.02,42.48,2.26,1.21,29.15,0.57,4.86,NA,0.39,0.43,0.37,30.03,77.32,0.67,245.43,NA,NA,49.43,768.42,1.09
2026-07-30 04:00:00,28.65,61.08,17.92,16.8,23.31,36.15,2.26,1.18,29.33,0.53,4.68,NA,0.43,0.51,0.38,29.54,80.43,0.62,230.09,NA,NA,56.05,772.03,1.07
2026-07-30 05:00:00,25.3,57.93,16.13,16.22,19.59,35.58,2.26,1.2,26.74,0.51,4.66,NA,0.43,0.49,0.38,29.18,81.66,0.63,224.64,NA,NA,61.44,775.54,1.06
2026-07-30 06:00:00,30.65,63.48,21.74,17.2,26.91,40.36,2.27,1.28,24.16,0.68,5.0,NA,0.44,0.55,0.42,29.38,78.87,0.6,237.27,NA,NA,61.62,775.18,1.07
2026-07-30 07:00:00,40.3,63.43,18.89,16.0,23.34,42.95,3.9,2.16,26.8,1.17,6.41,NA,0.5,0.63,0.56,29.35,78.67,0.58,231.5,NA,NA,62.38,775.75,1.06
2026-07-30 08:00:00,49.67,71.13,25.31,17.97,29.34,50.87,3.97,1.31,30.8,1.18,7.65,NA,0.6,0.73,0.62,30.45,74.9,0.54,242.0,NA,NA,61.78,775.22,1.11
2026-07-30 09:00:00,45.33,84.65,24.25,20.53,30.3,54.74,3.96,1.1,44.77,1.3,9.52,NA,0.83,0.85,0.79,31.5,68.52,0.58,241.41,NA,NA,59.92,774.24,1.15
2026-07-30 10:00:00,33.3,70.95,19.07,19.52,25.52,58.71,6.26,1.22,55.1,1.12,8.2,NA,0.74,0.74,0.73,32.04,65.03,0.48,229.98,NA,NA,65.04,772.19,1.17
2026-07-30 11:00:00,19.03,68.63,21.38,19.04,26.94,64.03,7.98,0.77,56.19,1.01,7.19,NA,0.57,0.61,0.56,32.83,62.04,0.57,236.11,NA,NA,227.32,769.1,1.21
2026-07-30 12:00:00,25.75,77.4,21.05,17.87,26.22,61.91,6.92,1.03,56.5,1.03,7.86,NA,0.26,0.42,0.35,33.35,58.04,0.56,231.65,NA,NA,493.16,767.12,1.23
2026-07-30 13:00:00,15.02,77.38,18.3,19.48,25.23,68.75,7.18,1.31,43.67,1.05,7.57,NA,0.25,0.43,0.35,33.77,56.1,0.48,233.92,NA,NA,500.2,767.51,1.25
2026-07-30 14:00:00,20.75,56.08,21.38,18.67,26.97,70.21,8.82,1.12,59.07,0.99,7.51,NA,0.25,0.42,0.35,34.29,53.09,0.43,238.97,NA,NA,510.3,768.03,1.28
2026-07-30 15:00:00,42.3,51.7,19.06,17.46,24.1,71.71,8.57,NA,54.67,0.9,6.27,NA,0.21,0.33,0.37,33.82,55.44,0.36,245.4,NA,NA,494.07,767.15,1.25
2026-07-30 16:00:00,NA,NA,18.4,18.47,24.03,73.56,6.05,1.01,42.39,0.88,6.69,NA,0.25,0.39,0.4,32.92,59.45,0.29,195.75,NA,NA,492.88,767.18,1.21
2026-07-30 17:00:00,NA,10.65,19.93,19.4,26.94,74.54,NA,1.43,46.98,0.87,7.26,NA,0.39,0.49,0.46,32.85,60.04,0.38,223.39,NA,NA,442.56,770.06,1.21
2026-07-30 18:00:00,NA,NA,NA,NA,NA,73.46,3.14,1.15,41.23,0.99,7.33,NA,0.49,0.57,0.54,32.18,63.27,0.52,240.33,NA,NA,82.77,771.05,1.18
2026-07-30 19:00:00,NA,NA,15.66,18.92,22.4,79.87,5.84,0.72,NA,1.38,8.08,NA,0.79,0.78,0.79,31.66,65.45,0.6,238.98,NA,NA,57.27,772.72,1.16
2026-07-30 20:00:00,48.05,57.25,22.04,18.62,27.71,81.89,5.77,0.64,12.33,1.87,6.25,NA,0.74,0.64,0.71,31.15,67.49,0.58,233.22,NA,NA,50.98,769.31,1.14
2026-07-30 21:00:00,35.45,63.8,21.15,19.1,27.1,77.95,5.92,1.11,12.12,2.07,4.71,NA,0.71,0.53,0.66,30.85,69.68,0.57,238.35,NA,NA,46.17,766.68,1.13
2026-07-30 22:00:00,18.28,52.98,18.99,18.58,25.11,69.41,3.52,0.79,9.17,1.52,3.94,NA,0.38,0.41,0.34,30.53,70.39,0.41,238.92,NA,NA,30.34,765.53,1.11
2026-07-30 23:00:00,9.2,47.7,17.91,16.68,21.37,58.31,3.73,1.11,7.42,1.38,3.72,NA,0.31,0.39,0.26,30.04,72.71,0.47,235.3,NA,NA,16.61,766.91,1.09
2026-07-31 00:00:00,9.17,29.38,20.19,16.37,24.83,55.05,3.61,0.99,5.55,0.46,3.66,NA,0.25,0.23,0.27,29.48,74.88,0.45,241.7,NA,NA,17.79,767.54,1.07
2026-07-31 01:00:00,23.7,24.7,19.33,16.7,23.87,54.85,3.59,1.06,10.69,0.46,3.8,NA,0.24,0.25,0.28,29.13,77.88,0.6,237.51,NA,NA,19.51,768.46,1.05
2026-07-31 02:00:00,NA,NA,19.3,17.13,24.41,54.23,3.48,1.04,14.8,0.47,3.82,NA,0.24,0.23,0.27,28.99,79.3,0.57,239.05,NA,NA,14.24,765.6,1.05
2026-07-31 03:00:00,NA,NA,20.94,16.08,24.96,54.75,2.19,1.34,14.73,0.42,3.4,NA,0.3,0.34,0.31,28.99,78.87,0.46,235.16,NA,NA,5.92,761.12,1.05
2026-07-31 04:00:00,24.5,26.2,19.53,16.6,24.49,47.79,2.25,1.32,14.24,0.38,3.39,NA,0.34,0.39,0.31,28.93,78.16,0.48,244.38,NA,NA,5.27,760.76,1.04
2026-07-31 05:00:00,21.05,30.95,16.69,17.02,22.13,46.62,2.34,0.7,16.8,0.36,3.2,NA,0.34,0.42,0.3,28.87,78.75,0.59,242.52,NA,NA,9.36,762.97,1.04
2026-07-31 06:00:00,17.83,26.18,18.62,16.94,23.01,51.51,2.32,0.7,18.25,0.51,3.73,NA,0.36,0.43,0.32,28.89,78.46,0.55,241.11,NA,NA,12.29,764.53,1.04
2026-07-31 07:00:00,21.45,25.9,16.82,16.28,21.34,57.69,4.06,2.09,19.28,0.84,4.62,NA,0.4,0.52,0.44,28.96,78.73,0.52,247.33,NA,NA,10.23,763.49,1.05
2026-07-31 08:00:00,NA,NA,16.75,16.8,22.4,61.93,4.12,2.01,16.29,0.87,5.22,NA,0.46,0.56,0.5,29.42,76.89,0.54,236.23,NA,NA,35.93,763.55,1.06
2026-07-31 09:00:00,40.0,46.65,21.23,17.59,26.35,64.03,4.42,0.89,26.13,0.94,6.85,NA,0.67,0.69,0.65,29.67,75.58,0.46,241.38,NA,NA,225.85,763.94,1.08
2026-07-31 10:00:00,34.5,53.43,19.57,19.15,25.83,63.29,5.74,0.67,44.63,0.97,6.71,NA,0.66,0.68,0.64,30.35,72.59,0.44,238.04,NA,NA,433.66,763.79,1.11
2026-07-31 11:00:00,27.5,55.45,20.05,18.88,25.31,62.5,6.6,0.55,58.3,1.01,6.84,NA,0.58,0.6,0.57,30.62,72.3,0.33,244.72,NA,NA,418.08,762.94,1.12
2026-07-31 12:00:00,22.7,53.0,21.6,18.59,27.15,58.69,5.8,0.51,67.3,1.0,7.77,NA,0.25,0.43,0.33,31.83,66.48,0.27,264.23,NA,NA,417.27,762.87,1.17
2026-07-31 13:00:00,27.45,63.93,19.3,20.41,26.05,63.31,5.59,0.54,74.55,1.02,7.49,NA,0.26,0.42,0.33,32.13,65.75,0.29,242.39,NA,NA,405.37,762.27,1.18
2026-07-31 14:00:00,23.88,57.93,16.21,19.77,22.66,59.79,9.26,0.58,76.5,0.89,6.66,NA,0.26,0.47,0.38,32.68,62.76,0.25,268.95,NA,NA,427.8,763.45,1.21
2026-07-31 15:00:00,24.28,55.2,21.4,18.11,26.46,54.53,11.46,0.77,77.11,0.69,4.84,NA,0.27,0.43,0.48,32.87,62.94,0.43,237.32,NA,NA,442.63,764.24,1.21
2026-07-31 16:00:00,35.18,64.88,23.45,18.64,28.59,54.1,8.49,0.95,64.44,0.7,5.25,NA,0.31,0.49,0.5,33.24,61.79,0.41,232.41,NA,NA,429.19,763.54,1.23
2026-07-31 17:00:00,25.7,62.4,25.77,19.31,30.95,55.32,8.56,0.93,39.68,0.69,5.8,NA,0.47,0.63,0.59,32.76,63.02,0.37,242.58,NA,NA,421.97,764.14,1.21
2026-07-31 18:00:00,31.85,51.48,20.34,18.17,25.78,55.97,8.45,0.79,30.19,0.77,5.92,NA,0.6,0.72,0.67,31.99,66.3,0.59,242.71,NA,NA,440.25,765.98,1.17
2026-07-31 19:00:00,41.2,52.65,18.1,18.65,24.11,59.33,11.35,0.75,19.52,1.14,6.57,NA,0.97,0.98,0.99,31.37,67.27,0.35,232.71,NA,NA,46.27,766.73,1.15
2026-07-31 20:00:00,47.23,51.35,19.25,18.06,24.66,62.47,11.88,0.59,22.34,1.48,4.84,NA,0.93,0.78,0.9,30.49,69.57,0.41,236.74,NA,NA,42.98,764.96,1.11
2026-07-31 21:00:00,30.8,54.98,21.39,18.11,26.15,59.14,11.45,0.88,18.06,1.71,3.83,NA,0.88,0.67,0.83,29.99,72.64,0.47,239.9,NA,NA,39.6,763.12,1.09
2026-07-31 22:00:00,22.95,53.65,20.46,18.76,26.61,52.54,8.46,1.76,22.65,1.2,3.06,NA,0.47,0.5,0.43,29.46,76.75,0.34,222.9,NA,NA,37.36,762.62,1.07
2026-07-31 23:00:00,32.6,54.57,14.24,18.42,21.05,46.33,3.83,1.11,30.67,1.11,3.02,NA,0.37,0.47,0.33,29.21,79.72,0.24,230.63,NA,NA,39.38,768.43,1.05
2026-08-01 00:00:00,41.25,45.03,21.2,18.45,26.78,41.43,3.97,1.04,30.64,0.4,2.97,NA,0.3,0.3,0.34,29.09,81.62,0.36,228.75,NA,NA,38.51,767.97,1.05
2026-08-01 01:00:00,22.7,39.88,21.4,18.37,27.0,41.45,4.02,0.8,31.26,0.37,3.06,NA,0.3,0.31,0.36,29.01,82.35,0.46,230.55,NA,NA,26.76,761.63,1.05
2026-08-01 02:00:00,26.48,41.83,17.9,18.56,24.09,41.87,3.91,0.72,31.62,0.39,2.98,NA,0.31,0.3,0.34,28.8,83.0,0.44,227.62,NA,NA,33.39,765.19,1.04
2026-08-01 03:00:00,27.85,43.55,19.01,17.93,24.56,41.28,2.56,1.14,29.48,0.33,2.8,NA,0.37,0.42,0.37,28.74,82.73,0.4,238.94,NA,NA,28.75,762.68,1.04
2026-08-01 04:00:00,35.58,49.13,22.03,18.57,27.63,36.33,2.65,0.66,24.48,0.28,2.67,NA,0.43,0.49,0.4,28.48,85.6,0.36,217.19,NA,NA,24.55,760.41,1.03
2026-08-01 05:00:00,23.73,53.65,20.49,18.7,25.66,36.03,2.49,1.28,14.47,0.31,2.58,NA,0.43,0.46,0.37,28.3,87.97,0.38,231.61,NA,NA,25.51,760.88,1.02
2026-08-01 06:00:00,30.88,45.1,21.4,18.6,27.01,40.1,2.45,1.38,14.9,0.4,2.91,NA,0.45,0.54,0.42,28.52,87.83,0.43,235.84,NA,NA,23.27,759.68,1.02
2026-08-01 07:00:00,17.3,47.03,20.29,19.15,26.71,43.49,4.37,1.63,13.15,0.68,3.55,NA,0.5,0.64,0.55,29.04,85.43,0.4,240.47,NA,NA,26.67,761.5,1.05
2026-08-01 08:00:00,35.1,57.53,15.0,19.08,21.63,48.63,4.41,2.09,14.36,0.73,4.15,NA,0.58,0.74,0.61,30.09,79.13,0.31,299.26,NA,NA,24.96,760.62,1.1
2026-08-01 09:00:00,43.18,57.9,18.05,18.23,23.27,53.32,4.44,2.66,36.43,0.77,5.39,NA,0.83,0.83,0.81,31.1,74.26,0.3,276.24,NA,NA,55.46,759.72,1.14
2026-08-01 10:00:00,39.88,63.8,16.36,19.05,23.16,51.57,5.57,2.88,46.14,0.79,5.43,NA,0.82,0.83,0.78,32.17,68.8,0.33,251.58,NA,NA,61.73,761.12,1.18
2026-08-01 11:00:00,48.35,67.4,18.69,19.18,25.49,49.77,5.44,0.75,36.49,0.82,5.51,NA,0.71,0.76,0.71,33.23,62.17,0.34,294.56,NA,NA,59.07,759.69,1.23
2026-08-01 12:00:00,31.43,54.05,19.54,18.32,25.42,48.39,4.48,0.96,43.76,0.83,6.18,NA,0.32,0.55,0.43,33.65,60.07,0.27,279.2,NA,NA,61.14,760.76,1.25
2026-08-01 13:00:00,19.58,43.93,20.75,19.04,26.61,50.76,4.49,0.78,46.89,0.83,6.13,NA,0.32,0.55,0.41,34.44,56.5,0.22,237.08,NA,NA,60.92,760.63,1.28
2026-08-01 14:00:00,30.3,47.95,23.25,18.37,28.16,52.83,6.47,0.87,51.46,0.78,5.85,NA,0.3,0.49,0.44,35.18,53.02,0.28,236.58,NA,NA,229.35,760.88,1.31
2026-08-01 15:00:00,19.03,60.78,25.15,18.64,29.94,54.58,6.69,0.74,57.33,0.69,5.06,NA,0.26,0.43,0.47,34.72,56.67,0.24,126.67,NA,NA,388.83,761.37,1.29
2026-08-01 16:00:00,9.65,64.1,21.77,18.88,26.75,55.28,3.56,0.59,54.3,0.69,5.2,NA,0.32,0.47,0.5,32.17,66.75,0.45,241.9,NA,NA,448.03,764.56,1.18
2026-08-01 17:00:00,28.87,71.17,24.91,19.24,30.45,54.25,3.57,1.0,55.71,0.7,5.73,NA,0.49,0.63,0.57,31.26,71.13,0.26,217.19,NA,NA,475.26,766.02,1.14
2026-08-01 18:00:00,22.5,66.18,24.26,18.51,28.64,56.46,3.49,1.49,48.13,0.78,5.95,NA,0.6,0.71,0.68,31.29,70.98,0.37,236.99,NA,NA,527.69,768.91,1.15
2026-08-01 19:00:00,24.85,77.4,22.96,19.52,29.04,59.09,6.37,0.77,29.76,1.12,6.32,NA,1.02,0.98,1.01,31.0,70.44,0.25,192.09,NA,NA,495.79,767.94,1.13
2026-08-01 20:00:00,14.5,79.75,22.76,18.78,28.2,59.47,6.51,0.65,19.71,1.44,4.78,NA,0.94,0.78,0.9,30.72,73.19,0.63,235.63,NA,NA,424.09,764.67,1.12
2026-08-01 21:00:00,30.42,85.8,24.17,18.77,28.66,55.91,6.24,1.8,14.88,1.77,3.81,NA,0.88,0.65,0.83,30.53,76.03,0.31,266.61,NA,NA,413.07,764.05,1.11
2026-08-01 22:00:00,26.2,83.88,19.02,19.36,25.71,50.67,3.96,0.66,15.75,1.25,3.25,NA,0.48,0.5,0.42,30.52,77.34,0.55,160.85,NA,NA,177.13,762.23,1.11
2026-08-01 23:00:00,29.93,88.57,21.28,18.82,26.53,44.06,3.7,1.43,14.11,1.08,3.08,NA,0.38,0.48,0.33,30.04,74.25,0.76,35.29,NA,NA,38.68,762.62,1.09
2026-08-02 00:00:00,39.08,67.05,19.51,18.72,25.4,39.65,3.95,1.4,21.38,0.38,2.93,NA,0.3,0.28,0.34,30.19,73.58,0.57,17.88,NA,NA,36.65,761.55,1.1
2026-08-02 01:00:00,22.08,54.22,22.04,19.01,27.89,39.32,3.91,1.09,21.45,0.38,2.97,NA,0.29,0.32,0.33,30.0,77.63,0.74,190.61,NA,NA,39.63,763.13,1.09
2026-08-02 02:00:00,38.25,56.9,23.25,19.28,29.19,39.62,3.8,0.99,19.89,0.37,3.0,NA,0.31,0.3,0.34,30.03,79.62,0.6,225.62,NA,NA,40.76,763.74,1.09
2026-08-02 03:00:00,41.5,60.18,21.16,18.9,26.69,40.11,2.49,0.86,21.01,0.33,2.8,NA,0.38,0.44,0.39,29.98,80.24,0.65,186.32,NA,NA,37.12,761.79,1.09
2026-08-02 04:00:00,24.15,70.15,20.06,18.46,25.19,34.75,2.57,0.82,20.89,0.3,2.52,NA,0.43,0.51,0.38,29.6,83.28,0.55,206.69,NA,NA,37.43,761.94,1.07
2026-08-02 05:00:00,28.67,64.2,21.8,17.96,26.09,33.83,2.48,1.46,15.21,0.3,2.61,NA,0.43,0.51,0.35,29.38,86.38,0.75,208.53,NA,NA,37.33,761.86,1.06
2026-08-02 06:00:00,30.9,57.73,19.35,18.42,25.06,38.38,2.51,1.66,12.25,0.38,2.86,NA,0.44,0.55,0.4,29.57,87.11,0.67,243.67,NA,NA,36.15,761.21,1.07
2026-08-02 07:00:00,36.18,63.7,22.91,18.31,27.63,41.09,4.67,1.35,10.3,0.67,3.93,NA,0.5,0.64,0.55,30.14,85.75,0.43,230.64,NA,NA,37.8,762.11,1.1
2026-08-02 08:00:00,41.95,75.03,20.04,18.23,23.99,45.68,4.59,1.41,22.48,0.72,4.13,NA,0.58,0.7,0.6,30.93,80.47,0.47,261.47,NA,NA,39.75,763.19,1.13
2026-08-02 09:00:00,30.13,75.5,22.48,19.28,28.07,50.48,4.62,1.36,25.37,0.78,5.19,NA,0.84,0.85,0.79,31.94,74.48,0.36,242.17,NA,NA,51.34,769.5,1.17
2026-08-02 10:00:00,21.28,79.28,22.51,19.23,28.49,55.28,5.48,1.1,53.43,0.74,5.6,NA,0.83,0.84,0.8,32.81,68.58,0.31,143.56,NA,NA,74.96,768.09,1.21
2026-08-02 11:00:00,16.13,74.48,24.14,18.45,27.87,53.03,5.53,1.43,41.61,0.75,5.56,NA,0.71,0.79,0.72,33.62,63.0,0.34,191.23,NA,NA,73.61,766.94,1.25
2026-08-02 12:00:00,25.18,55.65,20.64,18.67,26.24,53.35,4.62,1.87,71.11,0.81,6.2,NA,0.32,0.52,0.44,34.24,58.42,0.34,295.28,NA,NA,336.64,767.06,1.27
2026-08-02 13:00:00,26.75,43.57,21.06,18.65,26.26,59.94,4.64,1.0,81.24,0.88,6.29,NA,0.33,0.51,0.42,33.83,62.37,0.32,229.01,NA,NA,492.99,766.93,1.25
2026-08-02 14:00:00,23.95,49.88,19.48,18.76,25.61,63.73,6.24,0.83,73.04,0.8,5.83,NA,0.31,0.5,0.45,32.75,70.12,0.19,270.64,NA,NA,438.06,763.95,1.21
2026-08-02 15:00:00,14.9,60.8,22.28,18.51,27.75,66.15,6.57,1.41,64.05,0.69,4.84,NA,0.26,0.43,0.48,32.19,71.24,0.27,236.13,NA,NA,382.83,760.98,1.18
2026-08-02 16:00:00,12.07,56.13,20.81,19.01,26.85,66.0,3.68,1.77,72.22,0.72,5.12,NA,0.32,0.46,0.51,31.49,73.09,0.35,251.81,NA,NA,362.95,759.96,1.15
2026-08-02 17:00:00,49.2,55.78,19.74,20.02,26.52,67.03,3.95,1.03,59.58,0.7,5.68,NA,0.48,0.64,0.58,31.04,76.08,0.39,238.57,NA,NA,386.44,761.64,1.13
2026-08-02 18:00:00,29.5,44.78,21.89,21.99,28.72,64.35,4.54,0.99,35.81,0.79,5.87,NA,0.6,0.72,0.65,30.7,76.72,0.32,247.26,NA,NA,260.63,762.4,1.12
2026-08-02 19:00:00,15.68,40.63,19.28,18.83,25.77,63.96,8.72,0.69,26.3,1.11,6.36,NA,1.0,0.98,0.99,30.26,79.03,0.16,244.94,NA,NA,58.74,763.12,1.1
2026-08-02 20:00:00,37.73,45.45,20.56,19.04,25.31,67.29,8.24,1.25,19.78,1.51,4.58,NA,0.92,0.79,0.9,29.94,81.63,0.3,185.68,NA,NA,37.64,762.12,1.09
2026-08-02 21:00:00,44.9,48.88,20.84,18.66,25.64,63.99,8.26,0.58,14.61,1.79,3.84,NA,0.88,0.67,0.83,29.85,82.93,0.22,139.76,NA,NA,39.95,763.34,1.08
2026-08-02 22:00:00,NA,NA,23.89,18.61,28.52,56.64,5.09,0.84,24.21,1.22,3.18,NA,0.49,0.51,0.42,29.99,82.88,0.46,103.41,NA,NA,39.27,762.95,1.09
2026-08-02 23:00:00,40.23,54.77,34.31,19.04,36.33,43.99,3.68,0.97,13.62,1.08,2.96,NA,0.38,0.49,0.33,29.79,86.55,0.52,23.99,NA,NA,42.96,764.9,1.08
2026-08-03 00:00:00,NA,NA,31.85,18.18,33.54,39.85,3.56,0.83,12.19,0.38,2.99,NA,0.3,0.31,0.35,29.9,83.98,0.52,57.72,NA,NA,41.74,764.22,1.09
2026-08-03 01:00:00,41.0,44.0,21.33,18.25,26.05,40.09,3.5,1.08,12.68,0.39,2.95,NA,0.3,0.29,0.33,29.62,83.19,0.48,120.85,NA,NA,42.85,764.86,1.07
2026-08-03 02:00:00,NA,NA,17.86,18.42,23.26,39.51,3.51,1.0,11.78,0.38,2.99,NA,0.28,0.31,0.36,29.75,81.78,0.64,192.32,NA,NA,38.21,762.32,1.08
2026-08-03 03:00:00,NA,NA,15.27,18.49,21.33,39.41,2.2,1.19,11.87,0.34,2.81,NA,0.38,0.42,0.36,27.94,93.46,0.75,34.38,NA,NA,38.76,762.62,1.0
2026-08-03 04:00:00,NA,NA,21.65,18.69,27.55,34.18,2.21,0.92,8.63,0.3,2.7,NA,0.43,0.5,0.37,26.58,99.86,0.56,145.61,NA,NA,40.11,763.37,0.95
2026-08-03 05:00:00,NA,NA,18.9,18.35,23.86,34.41,2.32,1.46,9.69,0.31,2.66,NA,0.43,0.52,0.37,26.61,99.88,0.52,76.78,NA,NA,43.07,764.82,0.94
2026-08-03 06:00:00,NA,NA,18.79,18.4,23.62,37.91,2.34,1.48,8.13,0.39,2.79,NA,0.45,0.54,0.4,26.44,99.88,0.58,85.07,NA,NA,44.35,765.44,0.94
2026-08-03 07:00:00,NA,NA,21.82,19.54,27.52,41.43,4.01,1.41,5.34,0.65,3.82,NA,0.52,0.64,0.55,26.61,99.88,0.65,234.51,NA,NA,42.59,764.39,0.94
2026-08-03 08:00:00,NA,NA,23.21,19.11,27.86,46.95,3.93,1.77,9.75,0.72,4.15,NA,0.58,0.69,0.6,27.23,99.87,0.49,33.86,NA,NA,43.15,764.56,0.97
2026-08-03 09:00:00,NA,NA,22.72,18.46,28.01,50.62,3.95,1.29,13.53,0.82,5.45,NA,0.83,0.83,0.8,28.19,95.66,0.58,116.57,NA,NA,41.71,763.83,1.01
2026-08-03 10:00:00,61.0,NA,21.43,19.48,27.08,47.88,4.81,1.6,19.25,0.81,5.65,NA,0.75,0.78,0.75,29.02,87.33,0.72,36.8,NA,NA,47.25,763.65,1.05
2026-08-03 11:00:00,63.23,NA,24.61,17.65,28.34,39.74,4.77,1.27,25.86,1.01,6.99,NA,0.43,0.45,0.57,29.79,85.78,0.54,83.1,NA,NA,68.92,764.21,1.08
2026-08-03 12:00:00,41.4,70.8,19.42,18.83,25.28,48.89,4.29,1.29,58.27,0.98,7.71,NA,0.19,0.32,0.34,32.29,71.5,0.33,84.8,NA,NA,288.97,763.23,1.19
2026-08-03 13:00:00,43.68,85.7,21.2,18.81,26.86,60.11,4.06,0.75,70.22,1.01,7.62,NA,0.19,0.32,0.33,33.23,65.34,0.43,108.19,NA,NA,414.4,762.62,1.23
2026-08-03 14:00:00,31.1,90.15,24.19,19.45,30.21,63.05,5.88,1.03,76.11,0.99,7.5,NA,0.19,0.3,0.35,34.14,60.06,0.5,52.03,NA,NA,415.91,762.69,1.27
2026-08-03 15:00:00,47.38,90.98,22.53,18.76,27.8,65.55,5.55,0.5,67.55,0.88,6.11,NA,0.16,0.25,0.37,33.72,61.29,0.44,39.0,NA,NA,414.53,762.65,1.25
2026-08-03 16:00:00,28.23,94.07,25.23,18.3,29.67,65.94,3.2,0.72,63.5,0.86,6.5,NA,0.18,0.27,0.41,33.18,65.41,0.64,25.28,NA,NA,402.82,762.02,1.23
2026-08-03 17:00:00,14.73,96.55,25.77,17.71,29.05,65.76,3.9,0.51,49.26,0.84,7.27,NA,0.28,0.39,0.48,32.48,71.96,0.53,100.91,NA,NA,389.49,762.54,1.19
2026-08-03 18:00:00,35.8,90.9,20.27,19.31,26.58,67.72,3.88,0.63,48.01,0.96,7.51,NA,0.35,0.43,0.55,32.0,73.53,0.7,24.24,NA,NA,370.88,761.76,1.17
2026-08-03 19:00:00,21.8,92.85,20.86,18.28,26.47,71.49,7.24,0.85,39.51,1.39,8.26,NA,0.6,0.59,0.8,30.93,78.07,0.79,33.81,NA,NA,353.87,762.26,1.13
2026-08-03 20:00:00,44.75,104.18,20.44,18.94,26.83,74.45,6.83,0.74,26.44,1.72,6.25,NA,0.56,0.47,0.72,30.23,81.08,0.61,126.04,NA,NA,34.21,760.2,1.1
2026-08-03 21:00:00,26.33,107.53,23.73,18.59,28.47,70.92,7.22,1.48,26.9,2.18,4.85,NA,0.53,0.42,0.66,29.24,90.08,0.38,252.09,NA,NA,28.91,757.42,1.06
2026-08-03 22:00:00,16.1,59.78,21.67,19.2,27.48,62.48,4.07,0.61,15.02,1.54,3.96,NA,0.29,0.3,0.34,28.66,94.23,0.48,252.65,NA,NA,30.94,758.46,1.03
2026-08-03 23:00:00,41.65,40.1,24.65,18.92,29.9,55.76,4.16,1.15,7.57,1.39,3.86,NA,0.23,0.29,0.27,28.7,92.17,0.76,224.64,NA,NA,31.55,758.76,1.03
2026-08-04 00:00:00,NA,NA,20.51,18.97,26.0,50.1,3.91,2.34,16.38,0.48,3.66,NA,0.18,0.19,0.25,28.7,95.22,0.71,256.69,NA,NA,31.64,758.81,1.03
2026-08-04 01:00:00,NA,NA,19.92,19.07,26.19,49.99,3.96,1.01,21.42,0.47,3.69,NA,0.16,0.18,0.29,28.54,97.31,0.53,219.43,NA,NA,30.53,758.22,1.03
2026-08-04 02:00:00,NA,NA,20.3,18.81,25.88,49.57,4.08,0.83,22.35,0.47,3.66,NA,0.18,0.18,0.28,28.58,97.45,0.46,264.34,NA,NA,29.17,757.49,1.03
2026-08-04 03:00:00,NA,NA,15.58,18.84,22.62,49.2,2.5,0.71,21.59,0.4,3.66,NA,0.23,0.25,0.31,28.22,98.0,0.51,238.74,NA,NA,28.1,756.92,1.01
2026-08-04 04:00:00,NA,NA,20.31,18.53,26.01,42.72,2.58,0.5,11.93,0.38,3.26,NA,0.26,0.32,0.3,26.71,99.76,0.52,43.71,NA,NA,26.97,756.36,0.95
2026-08-04 05:00:00,31.8,33.3,18.56,19.12,24.67,42.5,2.49,1.07,8.53,0.35,3.26,NA,0.26,0.3,0.32,25.83,99.9,0.42,205.19,NA,NA,26.09,755.82,0.91
2026-08-04 06:00:00,22.07,25.73,19.72,18.91,25.19,47.65,2.5,1.16,7.34,0.48,3.69,NA,0.27,0.33,0.33,25.94,99.9,0.51,149.97,NA,NA,20.05,752.69,0.92
2026-08-04 07:00:00,NA,NA,19.67,17.63,24.22,50.44,4.53,1.48,7.13,0.84,4.79,NA,0.3,0.4,0.43,25.66,99.9,0.51,38.12,NA,NA,19.99,752.63,0.9
2026-08-04 08:00:00,NA,NA,25.22,18.35,29.33,56.71,4.41,1.39,7.87,0.83,5.05,NA,0.34,0.42,0.48,25.45,99.9,0.33,99.86,NA,NA,18.88,752.06,0.89
2026-08-04 09:00:00,NA,NA,19.93,18.14,25.25,63.38,4.57,1.15,7.7,0.92,6.84,NA,0.5,0.51,0.64,25.44,99.9,0.63,25.78,NA,NA,17.8,751.49,0.89
2026-08-04 10:00:00,NA,NA,22.72,19.29,28.03,60.7,5.51,1.13,6.41,0.93,6.79,NA,0.5,0.52,0.64,25.69,99.9,0.63,28.34,NA,NA,17.31,750.41,0.91
2026-08-04 11:00:00,18.38,22.78,21.53,18.4,26.75,50.61,6.81,0.92,14.36,0.98,7.18,NA,0.43,0.46,0.56,26.08,99.91,0.67,26.45,NA,NA,95.15,749.62,0.92
2026-08-04 12:00:00,16.75,22.73,21.55,18.55,27.03,41.0,7.44,0.63,10.33,0.96,7.15,NA,0.18,0.28,0.32,26.6,99.87,0.73,36.69,NA,NA,172.87,749.78,0.94
2026-08-04 13:00:00,NA,NA,21.44,15.55,25.59,43.07,7.56,1.06,15.31,0.86,6.1,NA,0.13,0.21,0.26,27.67,95.4,0.69,50.51,NA,NA,206.72,751.63,0.99
2026-08-04 14:00:00,NA,NA,16.32,14.77,20.37,44.33,9.28,1.52,26.88,0.83,5.96,NA,0.12,0.2,0.25,28.49,86.57,0.64,43.63,NA,NA,217.27,752.26,1.03
2026-08-04 15:00:00,17.65,23.43,15.54,14.74,20.01,46.52,9.44,1.01,21.46,0.69,4.91,NA,0.11,0.17,0.29,28.74,83.43,0.66,28.99,NA,NA,248.89,753.94,1.04
2026-08-04 16:00:00,12.15,24.53,16.19,15.21,20.56,45.72,6.46,1.32,21.74,0.71,5.23,NA,0.13,0.19,0.29,29.04,81.05,0.7,24.78,NA,NA,261.0,754.6,1.05
2026-08-04 17:00:00,10.5,25.63,16.47,15.14,20.99,45.99,6.45,0.92,46.16,0.7,5.65,NA,0.19,0.26,0.35,29.32,79.33,0.73,27.55,NA,NA,262.94,754.74,1.06
2026-08-04 18:00:00,22.18,25.13,19.07,14.69,22.56,47.05,6.46,0.91,38.31,0.8,5.94,NA,0.23,0.29,0.41,28.96,83.49,0.75,32.11,NA,NA,270.97,755.14,1.05
2026-08-04 19:00:00,25.03,27.57,15.45,14.53,19.28,50.13,7.03,0.51,32.01,1.14,6.48,NA,0.39,0.39,0.59,28.63,86.85,0.74,31.78,NA,NA,228.07,754.44,1.03
2026-08-04 20:00:00,26.15,36.2,19.81,14.71,23.59,51.83,5.35,0.51,21.13,1.45,5.0,NA,0.38,0.31,0.54,28.41,89.73,0.48,62.18,NA,NA,175.1,754.29,1.02
2026-08-04 21:00:00,22.03,49.45,16.8,14.04,20.3,49.73,5.08,0.53,20.53,1.69,3.81,NA,0.36,0.27,0.5,28.23,91.77,0.53,104.2,NA,NA,46.15,753.24,1.01
2026-08-04 22:00:00,14.5,55.9,20.52,14.56,23.19,44.51,3.18,0.5,13.01,1.21,3.34,NA,0.19,0.21,0.26,28.13,92.08,0.71,47.86,NA,NA,46.35,753.28,1.01
2026-08-04 23:00:00,25.03,58.73,18.47,15.42,22.89,38.99,3.27,1.25,9.84,1.11,3.07,NA,0.16,0.19,0.2,27.92,87.92,0.61,60.33,NA,NA,45.84,753.01,1.0
2026-08-05 00:00:00,26.95,46.0,15.83,14.08,18.71,34.59,3.25,1.01,10.72,0.37,3.01,NA,0.12,0.13,0.22,27.8,91.34,0.74,51.15,NA,NA,43.46,751.76,0.99
2026-08-05 01:00:00,32.23,42.18,18.89,15.04,23.13,34.91,3.17,1.05,10.14,0.37,2.97,NA,0.11,0.12,0.21,27.66,93.28,0.8,35.44,NA,NA,42.7,751.35,0.99
2026-08-05 02:00:00,33.18,43.15,17.73,15.84,22.61,34.87,3.15,0.94,9.19,0.37,2.88,NA,0.11,0.12,0.21,27.62,95.18,0.65,44.77,NA,NA,41.64,750.8,0.99
2026-08-05 03:00:00,37.5,38.3,17.3,15.14,21.25,34.63,2.03,1.09,11.98,0.33,2.67,NA,0.15,0.17,0.21,27.67,95.54,0.7,66.11,NA,NA,42.06,751.01,0.99
2026-08-05 04:00:00,37.9,41.5,20.58,15.71,25.06,30.25,1.98,1.06,8.38,0.3,2.65,NA,0.17,0.2,0.23,27.4,98.6,0.65,118.15,NA,NA,40.92,750.45,0.98
2026-08-05 05:00:00,22.65,39.55,17.24,15.03,21.49,29.53,1.98,1.46,10.42,0.3,2.61,NA,0.17,0.2,0.23,27.4,99.8,0.65,208.61,NA,NA,40.98,750.51,0.98
2026-08-05 06:00:00,23.23,33.98,13.81,14.93,18.73,33.31,2.08,1.58,11.84,0.39,2.9,NA,0.18,0.22,0.26,27.73,98.75,0.32,266.93,NA,NA,40.51,750.2,0.99
2026-08-05 07:00:00,16.88,30.65,13.28,14.6,18.17,36.16,3.68,1.38,9.95,0.66,3.91,NA,0.2,0.27,0.33,28.21,93.33,0.36,21.41,NA,NA,39.98,749.93,1.01
2026-08-05 08:00:00,15.63,31.17,18.42,14.97,22.47,41.77,3.69,1.45,12.27,0.7,4.24,NA,0.23,0.29,0.36,28.76,89.16,0.29,249.17,NA,NA,39.36,749.68,1.04
2026-08-05 09:00:00,17.9,37.1,14.85,15.18,19.72,44.73,3.55,1.69,25.66,0.79,5.54,NA,0.33,0.35,0.48,29.39,84.82,0.31,226.7,NA,NA,180.7,750.84,1.07
2026-08-05 10:00:00,28.73,40.35,17.98,16.25,23.15,44.28,4.4,1.96,31.42,0.75,5.28,NA,0.33,0.34,0.48,30.43,78.41,0.16,232.01,NA,NA,206.83,750.51,1.11
2026-08-05 11:00:00,21.13,42.08,18.34,16.44,22.66,47.11,4.48,1.03,39.2,0.79,5.48,NA,0.28,0.32,0.44,31.21,72.88,0.19,269.0,NA,NA,265.48,750.89,1.14
2026-08-05 12:00:00,29.45,36.1,15.13,17.74,21.42,45.57,3.5,1.22,37.49,0.84,5.89,NA,0.13,0.22,0.25,31.81,68.96,0.45,31.33,NA,NA,258.04,750.52,1.17
2026-08-05 13:00:00,18.5,33.48,19.27,16.23,23.37,47.97,3.65,1.26,47.09,0.82,6.05,NA,0.13,0.21,0.26,32.02,68.9,0.62,31.27,NA,NA,250.55,750.11,1.17
2026-08-05 14:00:00,20.38,37.33,19.73,16.82,24.41,54.04,5.92,1.87,48.33,0.78,6.09,NA,0.12,0.2,0.27,32.2,68.12,0.68,35.31,NA,NA,276.37,750.14,1.19
2026-08-05 15:00:00,19.65,43.23,19.73,16.95,24.44,57.49,6.6,1.22,50.51,0.71,4.9,NA,0.11,0.17,0.28,31.88,69.73,0.71,41.09,NA,NA,287.25,749.41,1.17
2026-08-05 16:00:00,27.75,47.8,19.49,16.9,24.76,57.5,3.61,0.87,44.97,0.68,5.14,NA,0.13,0.18,0.31,30.18,81.26,0.37,89.05,NA,NA,289.77,749.55,1.1
2026-08-05 17:00:00,26.03,44.5,18.66,17.06,23.56,58.41,3.54,1.08,33.37,0.7,5.61,NA,0.19,0.25,0.35,29.36,87.31,0.48,164.06,NA,NA,268.17,749.41,1.06
2026-08-05 18:00:00,30.2,37.9,21.23,18.89,26.63,58.51,3.51,0.94,29.42,0.8,5.87,NA,0.24,0.29,0.42,28.3,92.9,0.77,169.92,NA,NA,193.38,749.75,1.02
2026-08-05 19:00:00,NA,NA,21.3,20.76,27.61,62.3,6.75,0.98,18.19,1.14,6.12,NA,0.4,0.39,0.6,28.12,92.94,0.8,186.39,NA,NA,79.88,750.22,1.01
2026-08-05 20:00:00,NA,NA,22.59,20.78,28.75,64.88,6.43,1.59,13.59,1.45,4.89,NA,0.37,0.32,0.54,28.13,95.04,0.85,152.23,NA,NA,15.62,750.41,1.01
2026-08-05 21:00:00,23.5,30.8,27.16,20.11,32.2,60.37,6.54,1.19,17.96,1.68,3.72,NA,0.35,0.26,0.5,28.15,97.6,0.79,174.02,NA,NA,15.75,750.49,1.01
2026-08-05 22:00:00,19.3,35.55,20.64,18.32,26.04,55.94,4.0,0.62,21.22,1.25,3.1,NA,0.19,0.2,0.26,27.87,99.22,0.56,137.72,NA,NA,14.51,749.86,1.0
2026-08-05 23:00:00,24.0,36.27,19.09,16.81,23.89,49.03,3.95,0.82,13.08,1.12,3.05,NA,0.16,0.19,0.2,28.01,97.84,0.33,80.18,NA,NA,14.61,749.84,1.0
2026-08-06 00:00:00,17.78,31.35,15.11,17.83,21.04,44.61,3.99,0.63,11.34,0.4,2.9,NA,0.12,0.12,0.2,27.85,97.8,0.64,65.98,NA,NA,13.81,749.4,1.0
2026-08-06 01:00:00,25.08,28.48,21.51,17.22,25.97,44.3,3.86,1.43,11.27,0.36,3.04,NA,0.12,0.12,0.21,27.57,99.82,0.29,83.32,NA,NA,12.2,748.6,0.99
2026-08-06 02:00:00,15.23,26.25,21.12,16.81,25.54,44.79,3.99,1.3,10.65,0.38,3.01,NA,0.12,0.12,0.22,27.43,99.83,0.28,109.31,NA,NA,14.92,750.03,0.98
2026-08-06 03:00:00,12.33,26.03,19.26,16.95,24.69,44.72,2.53,1.23,9.95,0.33,2.75,NA,0.15,0.17,0.22,27.2,99.86,0.67,160.91,NA,NA,14.9,750.03,0.97
2026-08-06 04:00:00,15.75,27.98,17.65,16.82,22.95,39.6,2.53,1.23,8.38,0.29,2.56,NA,0.17,0.21,0.24,27.15,99.88,0.74,163.13,NA,NA,14.75,749.93,0.97
2026-08-06 05:00:00,18.78,26.55,16.43,16.42,20.98,39.58,2.54,1.28,8.7,0.3,2.48,NA,0.17,0.21,0.24,26.14,99.89,0.62,225.51,NA,NA,15.76,750.42,0.92
2026-08-06 06:00:00,12.3,25.25,21.27,16.34,25.33,43.51,2.55,1.33,10.39,0.38,2.93,NA,0.18,0.21,0.25,26.21,99.9,0.68,200.0,NA,NA,16.78,750.9,0.93
2026-08-06 07:00:00,23.03,24.65,17.46,17.37,22.91,46.01,4.46,1.05,7.71,0.68,3.72,NA,0.21,0.26,0.34,26.59,99.9,0.59,242.1,NA,NA,15.42,750.15,0.94
2026-08-06 08:00:00,NA,NA,15.62,17.52,21.73,52.75,4.55,1.16,9.37,0.69,4.18,NA,0.23,0.28,0.37,26.84,99.9,0.31,206.81,NA,NA,16.62,750.26,0.95
2026-08-06 09:00:00,25.9,NA,21.12,18.91,27.08,51.74,9.5,1.45,25.47,0.74,5.53,NA,0.33,0.34,0.48,27.96,96.73,0.42,230.37,NA,NA,40.18,749.03,1.0
2026-08-06 10:00:00,19.48,23.53,27.5,18.12,30.83,49.51,9.15,1.61,33.04,0.81,5.37,NA,0.33,0.35,0.47,28.13,91.19,0.42,234.31,NA,NA,65.76,749.3,1.01
2026-08-06 11:00:00,15.7,26.83,18.92,19.54,24.84,49.6,4.52,0.87,29.79,0.76,5.43,NA,0.27,0.3,0.4,27.51,95.13,0.58,203.87,NA,NA,155.58,748.98,0.98
2026-08-06 12:00:00,18.45,28.88,19.88,17.77,25.09,44.68,3.78,0.27,40.1,0.84,6.03,NA,0.13,0.22,0.25,26.88,99.89,0.25,79.37,NA,NA,152.89,748.82,0.95
2026-08-06 13:00:00,26.97,28.75,17.56,18.96,24.18,48.8,3.66,0.5,44.86,0.81,6.25,NA,0.13,0.21,0.25,27.52,99.48,0.26,282.97,NA,NA,141.18,748.17,0.98
2026-08-06 14:00:00,26.55,28.5,23.7,18.48,28.55,50.73,5.09,0.63,39.89,0.8,5.93,NA,0.12,0.2,0.26,28.15,91.57,0.37,188.26,NA,NA,133.23,747.77,1.01
2026-08-06 15:00:00,27.08,35.6,24.86,20.87,30.0,46.97,5.1,0.45,45.04,0.55,4.03,NA,0.13,0.22,0.22,28.56,89.52,0.4,253.98,NA,NA,170.76,747.02,1.03
2026-08-06 16:00:00,14.28,38.53,19.68,18.49,25.99,46.6,2.89,0.56,47.39,0.52,3.92,NA,0.12,0.25,0.18,29.04,85.42,0.22,259.15,NA,NA,188.01,746.81,1.05
2026-08-06 17:00:00,7.18,37.13,40.05,18.81,41.08,47.38,2.8,0.35,52.92,0.52,4.18,NA,NA,NA,NA,NA,86.16,0.44,226.35,NA,NA,166.27,746.49,1.04
2026-08-06 18:00:00,7.45,28.28,22.63,19.55,29.1,47.45,2.82,0.53,39.76,0.58,4.48,NA,NA,NA,NA,NA,89.33,0.55,176.65,NA,NA,64.75,745.61,1.03
2026-08-06 19:00:00,19.6,28.18,26.02,18.65,31.28,50.51,5.21,0.4,39.1,0.83,4.88,NA,NA,NA,NA,NA,92.35,0.72,238.82,NA,NA,34.24,744.48,1.02
2026-08-06 20:00:00,15.33,28.25,21.63,19.25,28.33,52.55,5.33,0.4,22.14,1.07,3.72,NA,NA,NA,NA,NA,92.88,0.36,173.72,NA,NA,4.38,744.51,1.02
2026-08-06 21:00:00,24.5,29.53,18.3,19.19,25.41,49.61,5.33,0.51,22.77,1.28,2.94,NA,NA,NA,NA,NA,95.64,0.32,196.71,NA,NA,5.78,745.23,1.0
2026-08-06 22:00:00,28.65,31.63,19.52,18.36,25.96,45.04,3.12,0.0,15.3,0.88,2.37,NA,NA,NA,NA,NA,98.2,0.29,258.52,NA,NA,6.46,745.04,1.0
2026-08-06 23:00:00,27.23,31.67,17.67,14.48,22.35,38.76,3.23,0.76,10.64,0.82,2.25,NA,NA,NA,NA,NA,98.82,0.36,200.08,NA,NA,10.51,745.08,1.0
2026-08-07 00:00:00,25.58,30.9,19.44,14.7,24.07,34.47,3.26,0.54,7.69,0.29,2.24,NA,NA,NA,NA,NA,97.41,0.44,180.38,NA,NA,11.19,745.43,1.0
2026-08-07 01:00:00,28.05,30.05,13.86,14.64,19.09,34.82,3.21,0.88,8.09,0.29,2.31,NA,NA,NA,NA,NA,94.27,0.69,21.41,NA,NA,10.81,745.21,0.99
2026-08-07 02:00:00,23.3,31.0,17.19,14.4,21.3,34.85,3.15,0.76,7.01,0.28,2.23,NA,NA,NA,NA,NA,93.82,0.79,26.99,NA,NA,10.97,745.3,0.98
2026-08-07 03:00:00,30.48,33.25,17.28,15.15,22.48,34.33,2.06,0.81,7.55,0.25,2.06,NA,NA,NA,NA,NA,95.58,0.35,102.01,NA,NA,11.64,745.64,0.97
2026-08-07 04:00:00,NA,NA,18.05,14.35,21.7,30.41,2.03,0.85,6.61,0.24,2.02,NA,NA,NA,NA,NA,98.13,0.61,28.47,NA,NA,11.86,745.75,0.97
2026-08-07 05:00:00,21.38,29.38,15.77,15.96,21.33,29.97,2.04,0.77,7.13,0.22,2.0,NA,NA,NA,NA,NA,99.15,0.23,259.43,NA,NA,12.45,746.08,0.97
2026-08-07 06:00:00,24.05,28.38,16.91,15.44,22.21,33.65,1.97,0.86,8.04,0.28,2.18,NA,NA,NA,NA,NA,98.07,0.38,231.12,NA,NA,11.95,745.8,0.97
2026-08-07 07:00:00,29.2,36.3,20.63,17.76,26.14,38.23,4.34,0.9,11.42,0.51,2.86,NA,NA,NA,NA,NA,90.48,0.45,176.15,NA,NA,57.79,745.42,0.99
2026-08-07 08:00:00,28.08,38.53,16.56,18.67,23.65,44.39,4.78,1.36,20.88,0.54,3.37,NA,NA,NA,NA,NA,82.51,0.32,249.32,NA,NA,69.06,744.33,1.04
2026-08-07 09:00:00,28.95,42.03,19.66,18.45,25.64,48.6,4.97,0.39,19.1,0.56,4.12,NA,NA,NA,NA,NA,78.54,0.25,188.19,NA,NA,79.3,744.82,1.08
2026-08-07 10:00:00,26.43,49.6,19.65,18.83,26.43,46.44,5.95,1.06,34.7,0.59,4.05,NA,NA,NA,NA,NA,73.52,0.44,98.57,NA,NA,116.47,744.34,1.12
2026-08-07 11:00:00,33.6,48.9,18.45,18.98,25.17,44.47,5.98,0.8,46.86,0.6,4.28,NA,NA,NA,NA,NA,67.74,0.3,97.03,NA,NA,135.11,744.02,1.17
2026-08-07 12:00:00,22.6,44.73,20.13,19.3,26.9,44.4,4.87,1.03,53.1,0.62,4.7,NA,NA,NA,NA,NA,64.59,0.24,213.01,NA,NA,135.4,744.04,1.19
2026-08-07 13:00:00,28.08,45.68,21.46,18.71,27.04,47.84,5.24,0.28,52.0,0.62,4.57,NA,NA,NA,NA,NA,66.1,0.24,271.32,NA,NA,134.31,743.98,1.19
2026-08-07 14:00:00,14.93,52.83,16.85,19.23,24.01,51.58,7.42,0.04,62.5,0.62,4.37,NA,NA,NA,NA,NA,62.16,0.28,226.33,NA,NA,213.06,743.98,1.23
2026-08-07 15:00:00,11.1,43.58,19.34,19.7,26.28,54.29,5.8,0.28,63.58,0.52,3.69,NA,NA,NA,NA,NA,62.28,0.42,180.06,NA,NA,286.89,744.12,1.23
2026-08-07 16:00:00,18.1,43.7,20.7,19.53,28.02,54.64,2.88,0.18,54.96,0.55,3.9,NA,NA,NA,NA,NA,62.96,0.25,200.99,NA,NA,287.34,744.13,1.23
2026-08-07 17:00:00,35.48,39.0,19.36,18.81,25.74,55.82,2.81,0.53,44.65,0.53,4.17,NA,NA,NA,NA,NA,68.31,0.31,163.53,NA,NA,287.75,744.16,1.19
2026-08-07 18:00:00,28.43,41.48,18.74,18.84,25.16,55.67,2.88,0.9,41.64,0.6,4.52,NA,NA,NA,NA,NA,73.36,0.61,39.9,NA,NA,286.85,744.11,1.15
2026-08-07 19:00:00,24.08,47.7,22.08,20.11,28.89,59.12,5.32,0.58,31.67,0.84,4.67,NA,NA,NA,NA,NA,75.93,0.31,273.25,NA,NA,175.26,744.04,1.14
2026-08-07 20:00:00,32.18,49.38,24.5,22.58,32.5,61.65,5.24,1.46,27.91,1.1,3.66,NA,NA,NA,NA,NA,77.46,0.65,19.73,NA,NA,33.99,743.97,1.13
2026-08-07 21:00:00,32.98,56.7,24.64,22.47,32.33,59.0,4.88,0.48,31.13,1.26,2.86,NA,NA,NA,NA,NA,79.59,0.4,70.37,NA,NA,32.85,743.91,1.12
2026-08-07 22:00:00,35.38,61.0,22.38,22.55,29.92,53.1,3.14,0.55,31.76,0.91,2.33,NA,NA,NA,NA,NA,84.18,0.72,231.71,NA,NA,35.48,744.05,1.1
2026-08-07 23:00:00,35.97,77.77,33.33,22.63,38.82,48.47,3.16,0.0,16.61,0.82,2.3,NA,NA,NA,NA,NA,86.61,0.39,231.3,NA,NA,34.52,744.0,1.09
2026-08-08 00:00:00,39.13,67.9,18.51,23.27,27.8,43.79,3.11,0.0,10.46,0.27,2.26,NA,NA,NA,NA,NA,89.64,0.47,217.81,NA,NA,32.49,743.86,1.07
2026-08-08 01:00:00,28.85,66.35,21.97,22.12,29.23,43.67,3.24,0.57,9.48,0.29,2.24,NA,NA,NA,NA,NA,91.31,0.59,237.51,NA,NA,32.38,743.91,1.07
2026-08-08 02:00:00,25.43,64.58,25.88,21.76,32.7,43.48,3.13,0.42,8.71,0.28,2.27,NA,NA,NA,NA,NA,93.56,0.49,233.47,NA,NA,29.37,743.81,1.04
2026-08-08 03:00:00,26.25,59.2,22.97,22.63,30.18,43.96,2.05,0.5,8.29,0.26,2.11,NA,NA,NA,NA,NA,96.46,0.28,242.42,NA,NA,29.66,743.8,1.04
2026-08-08 04:00:00,27.83,59.8,25.19,22.04,31.61,39.31,2.03,0.3,6.85,0.21,1.97,NA,NA,NA,NA,NA,96.83,0.51,240.57,NA,NA,30.2,743.84,1.04
2026-08-08 05:00:00,40.83,63.15,23.45,22.53,30.6,39.16,1.93,0.73,6.67,0.22,1.91,NA,NA,NA,NA,NA,94.29,0.26,245.6,NA,NA,30.81,743.86,1.03
2026-08-08 06:00:00,24.73,50.8,25.04,21.83,31.42,42.57,1.93,1.37,13.92,0.29,2.2,NA,NA,NA,NA,NA,90.01,0.33,259.54,NA,NA,30.68,743.84,1.03
2026-08-08 07:00:00,28.7,44.63,24.57,22.89,32.58,45.27,3.56,0.28,16.85,0.5,2.88,NA,NA,NA,NA,NA,87.19,0.18,226.13,NA,NA,31.09,743.84,1.04
2026-08-08 08:00:00,34.73,46.43,21.2,23.26,29.71,49.55,3.44,0.47,35.35,0.51,3.02,NA,NA,NA,NA,NA,82.14,0.2,225.83,NA,NA,97.7,743.79,1.07
2026-08-08 09:00:00,29.98,49.25,22.67,22.96,31.13,52.78,3.67,0.4,43.6,0.58,4.02,NA,NA,NA,NA,NA,76.81,0.3,195.33,NA,NA,111.08,743.82,1.11
2026-08-08 10:00:00,19.85,52.6,23.49,22.47,31.37,51.66,4.34,0.58,44.49,0.57,4.09,NA,NA,NA,NA,NA,71.27,0.2,242.76,NA,NA,116.61,744.11,1.15
2026-08-08 11:00:00,12.65,52.1,20.88,21.1,28.04,51.75,4.31,0.57,55.11,0.61,4.08,NA,NA,NA,NA,NA,67.34,0.22,268.89,NA,NA,165.19,744.07,1.19
2026-08-08 12:00:00,9.93,42.85,18.97,19.11,25.8,48.94,3.56,0.87,59.65,0.62,4.52,NA,NA,NA,NA,NA,61.94,0.25,229.45,NA,NA,234.24,744.0,1.23
2026-08-08 13:00:00,20.8,36.55,20.68,18.36,26.41,50.88,3.69,0.18,66.97,0.64,4.57,NA,NA,NA,NA,NA,59.37,0.22,260.21,NA,NA,228.8,743.7,1.24
2026-08-08 14:00:00,15.33,31.6,18.31,18.52,23.6,52.7,4.97,0.31,65.71,0.59,4.44,NA,NA,NA,NA,NA,61.41,0.24,223.75,NA,NA,228.17,743.68,1.23
2026-08-08 15:00:00,35.1,50.8,21.14,18.9,25.89,55.17,5.16,0.0,63.77,0.54,3.76,NA,NA,NA,NA,NA,60.41,0.27,276.47,NA,NA,226.27,743.57,1.24
2026-08-08 16:00:00,36.05,51.83,18.11,19.77,23.94,55.07,2.8,0.0,67.06,0.51,3.85,NA,NA,NA,NA,NA,60.1,0.4,233.2,NA,NA,234.1,743.99,1.23
2026-08-08 17:00:00,32.43,51.28,19.67,19.13,25.55,54.74,2.85,0.73,66.07,0.55,4.34,NA,NA,NA,NA,NA,62.21,0.28,268.58,NA,NA,237.57,744.15,1.22
2026-08-08 18:00:00,41.68,46.4,25.19,18.07,29.23,55.9,2.75,0.6,67.05,0.6,4.49,NA,NA,NA,NA,NA,67.35,0.35,207.21,NA,NA,240.5,744.3,1.18
2026-08-08 19:00:00,33.58,53.23,17.49,21.71,22.72,58.7,5.28,0.36,52.04,0.83,4.74,NA,NA,NA,NA,NA,70.7,0.48,247.57,NA,NA,136.55,744.12,1.16
2026-08-08 20:00:00,35.58,64.03,23.04,21.07,29.96,62.03,5.09,0.53,35.98,1.08,3.57,NA,NA,NA,NA,NA,71.91,0.29,216.81,NA,NA,33.42,743.92,1.15
2026-08-08 21:00:00,28.67,74.05,21.95,19.87,28.62,58.93,6.57,0.21,22.3,1.27,2.95,NA,NA,NA,NA,NA,75.26,0.38,224.02,NA,NA,3.54,743.93,1.13
2026-08-08 22:00:00,42.05,79.7,21.98,18.51,27.23,52.02,3.95,0.0,18.34,0.87,2.36,NA,NA,NA,NA,NA,77.69,0.6,227.23,NA,NA,16.46,743.81,1.11
2026-08-08 23:00:00,45.97,81.4,21.44,18.64,27.47,48.06,3.85,0.27,21.79,0.84,2.29,NA,NA,NA,NA,NA,76.84,0.66,235.37,NA,NA,28.0,743.74,1.12
2026-08-09 00:00:00,44.98,73.1,19.05,18.82,25.44,43.59,3.77,0.09,20.99,0.28,2.16,NA,NA,NA,NA,NA,78.73,0.5,227.66,NA,NA,28.2,743.88,1.11
2026-08-09 01:00:00,49.85,68.18,17.55,18.99,23.01,43.63,3.88,0.36,20.73,0.28,2.28,NA,NA,NA,NA,NA,81.99,0.46,229.26,NA,NA,28.42,744.0,1.09
2026-08-09 02:00:00,47.7,60.88,23.11,18.79,28.72,43.74,4.06,0.42,19.76,0.28,2.17,NA,NA,NA,NA,NA,84.55,0.36,233.92,NA,NA,28.39,743.97,1.07
2026-08-09 03:00:00,25.93,58.68,19.28,19.17,26.13,43.81,2.5,0.65,17.43,0.25,2.13,NA,NA,NA,NA,NA,86.31,0.37,225.46,NA,NA,28.79,744.15,1.06
2026-08-09 04:00:00,15.43,55.98,21.05,18.03,26.93,39.17,2.71,0.56,14.74,0.22,1.99,NA,NA,NA,NA,NA,87.87,0.43,246.93,NA,NA,28.74,744.14,1.05
2026-08-09 05:00:00,15.2,58.4,16.0,18.29,22.74,38.48,2.49,0.34,13.62,0.23,1.99,NA,NA,NA,NA,NA,89.71,0.49,242.05,NA,NA,28.36,743.94,1.04
2026-08-09 06:00:00,12.03,54.8,19.42,19.02,26.61,41.78,2.55,0.43,13.66,0.28,2.26,NA,NA,NA,NA,NA,87.83,0.57,235.33,NA,NA,28.29,743.88,1.04
2026-08-09 07:00:00,30.2,48.78,16.51,18.09,22.84,44.21,4.54,1.67,17.77,0.48,2.92,NA,NA,NA,NA,NA,79.68,0.5,244.65,NA,NA,28.31,743.93,1.09
2026-08-09 08:00:00,21.53,51.17,17.9,18.86,26.54,48.69,4.46,2.05,27.77,0.67,3.94,NA,NA,NA,NA,NA,72.93,0.41,241.89,NA,NA,53.1,744.44,1.13
2026-08-09 09:00:00,34.03,53.68,17.52,18.69,24.49,50.13,4.43,0.68,38.21,0.94,6.6,NA,NA,NA,NA,NA,66.06,0.49,257.53,NA,NA,68.32,744.46,1.18
2026-08-09 10:00:00,42.58,56.65,18.52,19.39,25.7,49.9,5.45,0.95,33.45,0.95,6.92,NA,NA,NA,NA,NA,65.64,0.48,235.02,NA,NA,61.08,744.07,1.19
2026-08-09 11:00:00,46.25,49.33,19.11,18.41,25.63,48.01,5.49,0.37,39.38,1.0,6.98,NA,NA,NA,NA,NA,62.34,0.51,228.61,NA,NA,54.14,743.74,1.23
2026-08-09 12:00:00,25.97,46.9,19.04,19.19,26.52,50.84,4.72,0.32,65.05,1.01,7.88,NA,NA,NA,NA,NA,62.89,0.6,232.58,NA,NA,93.8,743.82,1.22
2026-08-09 13:00:00,37.9,49.0,22.91,18.26,28.65,60.5,4.58,0.08,87.52,1.03,7.68,NA,NA,NA,NA,NA,66.99,0.59,230.66,NA,NA,129.31,743.74,1.18
2026-08-09 14:00:00,28.92,53.13,17.35,18.47,23.61,63.3,6.39,0.0,57.8,0.98,7.52,NA,NA,NA,NA,NA,66.29,0.65,229.05,NA,NA,129.65,743.75,1.15
2026-08-09 15:00:00,17.13,49.68,27.19,17.28,30.5,65.16,6.58,0.0,60.02,0.89,6.31,NA,NA,NA,NA,NA,65.25,0.49,236.88,NA,NA,221.4,743.81,1.2
2026-08-09 16:00:00,9.7,54.63,24.38,18.77,30.03,65.14,3.51,0.0,48.92,0.87,6.42,NA,NA,NA,NA,NA,65.15,0.56,238.8,NA,NA,229.51,743.74,1.21
2026-08-09 17:00:00,4.9,52.83,22.28,17.68,26.98,65.43,3.4,0.65,44.95,0.92,7.2,NA,NA,NA,NA,NA,65.13,0.38,242.18,NA,NA,230.09,743.78,1.2
2026-08-09 18:00:00,21.03,54.28,19.75,18.95,26.48,68.51,3.67,1.09,25.28,0.98,7.35,NA,NA,NA,NA,NA,68.15,0.49,240.16,NA,NA,175.55,744.8,1.18
2026-08-09 19:00:00,21.88,54.0,21.01,18.18,26.39,71.99,6.52,0.59,30.56,1.43,7.95,NA,NA,NA,NA,NA,70.49,0.45,232.49,NA,NA,142.71,744.44,1.15
2026-08-09 20:00:00,28.5,61.68,20.64,18.96,26.81,74.24,6.41,0.92,24.38,1.87,6.32,NA,NA,NA,NA,NA,72.43,0.63,233.98,NA,NA,82.18,744.09,1.14
2026-08-09 21:00:00,15.13,74.65,22.49,19.22,29.35,71.77,6.46,0.63,26.63,2.19,4.86,NA,NA,NA,NA,NA,74.54,0.56,236.71,NA,NA,4.19,744.37,1.13
2026-08-09 22:00:00,12.98,71.53,22.52,18.85,28.91,63.39,4.18,0.05,14.31,1.56,3.96,NA,NA,NA,NA,NA,75.7,0.63,242.91,NA,NA,5.49,744.48,1.12
2026-08-09 23:00:00,32.6,67.47,18.75,18.44,25.11,56.58,5.4,0.3,12.46,1.37,3.78,NA,NA,NA,NA,NA,77.53,0.66,237.66,NA,NA,14.63,744.63,1.11
2026-08-10 00:00:00,29.28,60.18,23.65,19.82,30.85,49.59,5.39,0.22,18.03,0.49,3.8,NA,NA,NA,NA,NA,78.95,0.62,235.29,NA,NA,15.42,745.02,1.1
2026-08-10 01:00:00,28.8,64.98,21.18,18.69,26.16,49.91,5.41,0.86,23.95,0.5,3.68,NA,NA,NA,NA,NA,80.77,0.56,238.2,NA,NA,15.68,745.14,1.09
2026-08-10 02:00:00,38.48,64.9,21.38,18.87,27.25,49.71,5.5,0.83,23.69,0.48,3.73,NA,NA,NA,NA,NA,83.25,0.56,238.92,NA,NA,14.43,744.44,1.07
2026-08-10 03:00:00,24.43,66.08,22.16,18.23,27.33,49.36,4.11,0.76,15.54,0.4,3.52,NA,NA,NA,NA,NA,83.66,0.59,243.2,NA,NA,14.21,744.37,1.06
2026-08-10 04:00:00,18.73,71.15,18.58,17.94,24.17,43.44,4.09,0.26,6.59,0.37,3.21,NA,NA,NA,NA,NA,84.28,0.54,233.09,NA,NA,14.08,744.32,1.06
2026-08-10 05:00:00,18.13,68.43,18.19,18.9,25.04,42.61,4.14,0.43,6.21,0.38,3.23,NA,NA,NA,NA,NA,84.39,0.68,234.12,NA,NA,14.71,744.66,1.06
2026-08-10 06:00:00,15.15,55.75,21.94,18.37,27.29,47.56,3.92,0.51,7.25,0.5,3.66,NA,NA,NA,NA,NA,84.97,0.56,233.51,NA,NA,17.92,746.3,1.06
2026-08-10 07:00:00,10.98,58.35,14.97,19.85,23.41,50.05,6.27,1.11,19.95,0.79,4.78,NA,NA,NA,NA,NA,82.13,0.54,243.58,NA,NA,107.29,748.38,1.09
2026-08-10 08:00:00,33.68,66.53,20.2,19.31,27.49,59.08,5.87,1.21,34.27,0.87,5.25,NA,NA,NA,NA,NA,78.72,0.3,260.34,NA,NA,210.54,750.7,1.12
2026-08-10 09:00:00,46.32,72.08,18.0,19.02,25.17,63.41,5.87,0.81,56.23,0.97,6.85,NA,NA,NA,NA,NA,77.29,0.36,242.49,NA,NA,234.58,749.37,1.13
2026-08-10 10:00:00,58.78,72.73,22.9,18.74,28.75,59.55,6.88,0.89,58.66,0.95,6.83,NA,NA,NA,NA,NA,74.67,0.37,266.52,NA,NA,251.28,746.89,1.15
2026-08-10 11:00:00,54.78,72.15,18.99,18.63,25.39,54.28,6.97,0.77,59.16,0.99,6.96,NA,NA,NA,NA,NA,70.21,0.36,244.65,NA,NA,260.57,745.36,1.18
2026-08-10 12:00:00,38.05,64.58,23.46,18.51,28.89,51.41,4.64,0.81,67.07,1.1,7.75,NA,NA,NA,NA,NA,66.74,0.41,238.4,NA,NA,341.06,744.88,1.21
2026-08-10 13:00:00,28.4,68.53,17.67,19.33,24.98,54.27,4.67,0.39,64.08,1.02,7.77,NA,NA,NA,NA,NA,64.87,0.24,230.27,NA,NA,334.8,744.53,1.24
2026-08-10 14:00:00,47.22,67.45,20.6,18.12,26.39,56.93,6.33,0.4,66.99,1.0,7.19,NA,NA,NA,NA,NA,64.02,0.25,251.39,NA,NA,329.89,744.3,1.24
2026-08-10 15:00:00,32.5,65.2,20.02,18.97,26.44,58.35,6.62,0.31,46.73,0.84,6.11,NA,NA,NA,NA,NA,78.91,0.22,182.12,NA,NA,324.76,744.06,1.14
2026-08-10 16:00:00,44.4,74.18,16.75,19.53,24.82,58.8,3.58,0.24,36.34,0.87,6.29,NA,NA,NA,NA,NA,78.59,0.43,181.78,NA,NA,320.12,743.8,1.16
2026-08-10 17:00:00,38.03,64.8,19.37,18.4,25.41,60.94,3.68,0.54,32.23,0.87,7.37,NA,NA,NA,NA,NA,84.24,0.32,241.1,NA,NA,311.01,743.69,1.1
2026-08-10 18:00:00,30.6,49.5,22.94,20.12,29.48,61.02,3.6,1.82,23.09,0.98,7.33,NA,NA,NA,NA,NA,81.71,0.47,236.15,NA,NA,177.41,743.65,1.08
2026-08-10 19:00:00,36.53,48.43,22.48,21.7,30.15,65.13,6.64,0.67,34.19,1.39,7.81,NA,NA,NA,NA,NA,80.69,0.48,234.64,NA,NA,94.17,743.66,1.09
2026-08-10 20:00:00,38.13,61.6,23.1,22.44,31.33,67.9,6.51,0.11,25.76,1.79,6.19,NA,NA,NA,NA,NA,80.65,0.39,219.47,NA,NA,27.72,743.68,1.09
2026-08-10 21:00:00,31.4,65.68,24.11,22.17,31.72,63.68,6.55,0.68,24.68,2.15,4.77,NA,NA,NA,NA,NA,81.65,0.44,227.47,NA,NA,26.81,743.63,1.1
2026-08-10 22:00:00,25.53,74.88,25.35,22.48,33.0,57.56,3.97,0.06,17.32,1.47,3.74,NA,NA,NA,NA,NA,83.08,0.33,203.58,NA,NA,25.66,743.57,1.09
2026-08-10 23:00:00,37.0,75.87,22.28,20.1,29.22,49.95,3.71,0.93,14.91,1.38,3.71,NA,NA,NA,NA,NA,85.55,0.33,211.52,NA,NA,25.85,743.58,1.08
2026-08-11 00:00:00,46.58,60.23,22.02,18.9,28.65,44.88,3.94,0.81,10.68,0.47,3.65,NA,NA,NA,NA,NA,84.84,0.37,225.69,NA,NA,26.12,743.58,1.08
2026-08-11 01:00:00,46.9,56.73,19.27,18.76,25.8,45.06,3.93,0.55,7.35,0.47,3.59,NA,NA,NA,NA,NA,85.15,0.42,225.56,NA,NA,26.5,743.58,1.07
2026-08-11 02:00:00,42.2,62.05,20.55,19.07,27.22,44.47,3.8,0.5,3.08,0.49,3.61,NA,NA,NA,NA,NA,87.94,0.33,204.67,NA,NA,26.9,743.63,1.06
2026-08-11 03:00:00,57.43,60.68,21.78,18.93,28.29,44.85,2.55,0.51,8.1,0.41,3.55,NA,NA,NA,NA,NA,87.76,0.54,238.47,NA,NA,27.5,743.62,1.06
2026-08-11 04:00:00,52.53,60.72,22.84,19.63,29.62,38.54,2.51,0.43,6.53,0.37,3.39,NA,NA,NA,NA,NA,86.64,0.64,226.45,NA,NA,27.41,743.62,1.05
2026-08-11 05:00:00,50.5,55.4,21.48,17.49,26.13,38.58,2.54,0.39,5.26,0.38,3.2,NA,NA,NA,NA,NA,89.42,0.62,228.82,NA,NA,27.92,743.73,1.02
2026-08-11 06:00:00,44.17,49.5,31.74,19.25,35.26,42.73,2.53,0.47,4.56,0.48,3.71,NA,NA,NA,NA,NA,83.59,0.65,232.01,NA,NA,29.05,743.7,1.04
2026-08-11 07:00:00,NA,NA,21.84,18.38,26.27,51.71,4.56,1.0,5.21,0.84,4.81,NA,NA,NA,NA,NA,73.44,0.61,247.73,NA,NA,108.71,743.72,1.1
2026-08-11 08:00:00,NA,NA,20.58,18.66,26.84,58.29,4.44,1.26,25.24,0.88,4.99,NA,NA,NA,NA,NA,69.41,0.51,234.27,NA,NA,136.19,743.69,1.13
2026-08-11 09:00:00,33.3,35.6,20.38,18.17,26.19,62.97,4.49,0.44,48.05,0.97,6.57,NA,NA,NA,NA,NA,68.04,0.3,270.01,NA,NA,201.7,743.84,1.17
2026-08-11 10:00:00,NA,NA,21.97,18.95,28.43,60.98,5.79,0.47,58.56,0.97,6.96,NA,NA,NA,NA,NA,68.13,0.3,253.45,NA,NA,240.54,743.78,1.19
2026-08-11 11:00:00,39.8,44.6,22.03,19.23,28.74,59.01,5.84,NA,59.91,0.97,7.03,NA,NA,NA,NA,NA,63.69,0.31,222.82,NA,NA,272.41,743.92,1.23
2026-08-11 12:00:00,NA,NA,23.24,21.12,31.8,55.44,NA,0.49,71.33,1.06,7.66,NA,NA,NA,NA,NA,59.24,0.41,127.24,NA,NA,308.94,745.99,1.28
2026-08-11 13:00:00,39.4,NA,NA,NA,NA,61.58,NA,0.41,72.47,1.04,7.97,NA,NA,NA,NA,NA,55.1,0.33,219.16,NA,NA,274.71,744.09,1.31
2026-08-11 14:00:00,40.15,54.68,NA,NA,NA,63.33,6.42,0.42,74.82,1.02,7.62,NA,NA,NA,NA,NA,55.03,0.4,196.71,NA,NA,273.31,743.99,1.31
2026-08-11 15:00:00,35.3,58.48,26.26,17.97,31.15,65.93,6.38,0.17,70.02,0.92,5.94,NA,NA,NA,NA,NA,55.89,0.33,213.93,NA,NA,277.91,743.95,1.31
2026-08-11 16:00:00,32.6,59.93,22.91,19.11,29.2,65.34,3.65,0.05,NA,0.87,6.59,NA,NA,NA,NA,NA,60.7,0.63,220.4,NA,NA,338.44,743.78,1.26
2026-08-11 17:00:00,43.03,60.38,19.52,18.89,26.58,67.22,3.49,0.69,107.22,0.87,7.05,NA,NA,NA,NA,NA,60.45,0.56,232.99,NA,NA,337.85,743.77,1.26
2026-08-11 18:00:00,51.33,63.22,19.35,19.01,26.39,NA,3.48,0.75,109.15,0.99,7.34,NA,NA,NA,NA,NA,61.59,0.65,214.78,NA,NA,337.54,743.68,1.24
2026-08-11 19:00:00,50.1,61.22,20.1,20.89,27.38,NA,6.37,0.74,58.49,1.17,7.77,NA,NA,NA,NA,NA,62.93,0.64,221.13,NA,NA,169.05,743.69,1.22
2026-08-11 20:00:00,46.2,59.93,30.93,21.74,36.17,75.51,6.44,1.02,22.26,NA,NA,NA,NA,NA,NA,NA,64.76,0.62,236.35,NA,NA,55.82,743.66,1.21
2026-08-11 21:00:00,52.35,64.7,25.39,22.86,33.4,70.27,6.54,0.4,24.99,2.25,4.49,NA,NA,NA,NA,NA,68.09,0.57,240.38,NA,NA,55.25,743.44,1.19
2026-08-11 22:00:00,55.38,69.3,23.27,21.97,29.94,63.59,3.92,0.56,24.28,1.55,4.06,NA,NA,NA,NA,NA,71.76,0.36,175.2,NA,NA,50.8,743.6,1.17
2026-08-11 23:00:00,48.77,72.3,21.21,18.16,26.68,56.41,3.56,0.0,13.63,1.37,3.75,NA,NA,NA,NA,NA,72.77,0.23,247.86,NA,NA,25.24,743.74,1.16
2026-08-12 00:00:00,35.93,70.05,17.73,19.69,24.51,49.75,3.7,0.0,8.57,0.48,3.84,NA,NA,NA,NA,NA,75.21,0.41,230.94,NA,NA,25.23,743.5,1.15
2026-08-12 01:00:00,35.43,66.03,19.68,18.6,25.87,49.0,3.56,0.64,12.07,0.48,3.62,NA,NA,NA,NA,NA,77.43,0.39,264.56,NA,NA,25.31,743.6,1.13
2026-08-12 02:00:00,32.9,64.33,21.61,18.74,28.12,49.6,3.67,0.6,13.31,0.46,3.74,NA,NA,NA,NA,NA,79.12,0.42,80.89,NA,NA,25.35,743.5,1.12
2026-08-12 03:00:00,34.83,56.68,20.81,18.59,27.19,49.71,2.3,0.75,12.39,0.39,3.44,NA,NA,NA,NA,NA,74.96,0.74,37.69,NA,NA,25.36,743.63,1.07
2026-08-12 04:00:00,43.2,50.4,22.32,18.05,27.51,43.77,2.26,0.75,11.17,0.38,3.17,NA,NA,NA,NA,NA,75.92,0.78,200.1,NA,NA,25.75,743.52,1.06
2026-08-12 05:00:00,NA,NA,18.57,18.77,25.42,42.23,2.2,0.52,8.37,0.39,3.31,NA,NA,NA,NA,NA,75.61,0.37,54.85,NA,NA,26.04,743.9,1.06
2026-08-12 06:00:00,42.5,52.85,18.51,18.09,24.92,48.21,2.17,0.62,10.17,0.46,3.64,NA,NA,NA,NA,NA,74.34,0.67,48.41,NA,NA,26.23,743.66,1.07
2026-08-12 07:00:00,44.03,52.8,19.35,18.26,25.61,52.64,4.08,1.7,22.78,0.8,4.68,NA,NA,NA,NA,NA,69.43,0.55,51.9,NA,NA,70.02,743.65,1.12
2026-08-12 08:00:00,45.35,52.03,19.35,18.75,26.13,58.5,4.04,2.01,39.55,0.87,5.37,NA,NA,NA,NA,NA,61.79,0.33,123.11,NA,NA,246.08,743.56,1.19
2026-08-12 09:00:00,44.53,55.93,19.4,19.61,26.34,63.02,3.89,0.74,45.32,0.99,6.89,NA,NA,NA,NA,NA,58.39,0.41,188.92,NA,NA,301.17,743.39,1.23
2026-08-12 10:00:00,43.13,55.63,20.87,18.38,26.89,57.89,5.02,0.79,40.95,0.97,6.91,NA,NA,NA,NA,NA,57.46,0.56,165.76,NA,NA,320.84,743.48,1.25
2026-08-12 11:00:00,38.2,54.55,23.74,18.3,28.92,52.62,4.75,1.03,71.97,1.01,6.94,NA,NA,NA,NA,NA,54.7,0.51,138.85,NA,NA,364.37,743.64,1.3
2026-08-12 12:00:00,46.93,57.53,22.01,18.63,28.33,49.59,4.21,1.57,82.21,1.06,7.66,NA,NA,NA,NA,NA,54.72,0.51,201.92,NA,NA,368.31,743.66,1.29
2026-08-12 13:00:00,37.3,49.3,19.51,19.47,26.71,53.8,4.19,0.63,66.41,1.03,7.9,NA,NA,NA,NA,NA,51.67,0.55,84.45,NA,NA,373.85,743.74,1.33
2026-08-12 14:00:00,42.38,53.0,18.93,18.94,25.57,56.3,6.02,0.73,64.66,1.02,7.38,NA,NA,NA,NA,NA,49.25,0.47,108.32,NA,NA,391.75,743.53,1.36
2026-08-12 15:00:00,53.3,57.63,20.38,17.88,25.67,58.14,7.2,0.36,64.91,0.85,6.25,NA,NA,NA,NA,NA,49.44,0.24,167.43,NA,NA,455.77,743.66,1.35
2026-08-12 16:00:00,53.45,63.5,21.3,19.07,27.84,57.81,4.1,0.68,63.92,0.86,6.41,NA,NA,NA,NA,NA,49.41,0.44,11.02,NA,NA,390.76,743.51,1.35
2026-08-12 17:00:00,49.63,64.7,17.99,18.24,23.57,60.52,4.0,0.49,45.21,0.89,7.25,NA,NA,NA,NA,NA,51.59,0.5,17.75,NA,NA,114.94,743.69,1.33
2026-08-12 18:00:00,39.7,65.55,17.04,19.42,24.6,60.34,3.89,0.09,40.59,1.0,7.35,NA,NA,NA,NA,NA,57.14,0.54,20.92,NA,NA,115.73,743.74,1.29
2026-08-12 19:00:00,30.93,64.6,21.23,18.02,27.13,63.89,7.23,0.59,56.62,1.34,7.74,NA,NA,NA,NA,NA,61.39,0.39,103.78,NA,NA,116.49,743.64,1.26
2026-08-12 20:00:00,34.28,63.88,17.62,17.99,24.02,66.85,7.26,0.36,51.24,1.82,5.95,NA,NA,NA,NA,NA,63.99,0.51,178.25,NA,NA,116.8,743.63,1.24
2026-08-12 21:00:00,45.28,65.93,18.58,18.99,23.91,63.35,7.29,0.58,20.56,2.03,4.63,NA,NA,NA,NA,NA,68.5,0.52,257.33,NA,NA,117.01,743.65,1.22
2026-08-12 22:00:00,47.98,72.13,19.17,19.37,26.49,56.87,4.33,0.84,24.27,1.51,4.03,NA,NA,NA,NA,NA,70.97,0.42,189.16,NA,NA,116.58,743.78,1.2
2026-08-12 23:00:00,41.97,81.3,21.4,19.29,28.01,47.76,4.07,0.42,17.9,1.41,3.66,NA,NA,NA,NA,NA,75.16,0.36,207.92,NA,NA,116.22,743.65,1.18
2026-08-13 00:00:00,43.23,89.3,21.58,19.11,27.76,42.05,4.4,0.19,17.39,0.45,3.77,NA,NA,NA,NA,NA,79.82,0.48,190.84,NA,NA,116.61,743.68,1.15
2026-08-13 01:00:00,46.58,89.2,21.1,18.38,27.25,42.93,4.34,0.52,16.55,0.5,3.72,NA,NA,NA,NA,NA,79.46,0.4,176.5,NA,NA,116.11,743.59,1.15
2026-08-13 02:00:00,38.98,79.13,21.95,18.22,27.21,42.77,4.36,0.55,16.36,0.48,3.71,NA,NA,NA,NA,NA,76.81,0.43,85.13,NA,NA,116.44,743.73,1.15
2026-08-13 03:00:00,36.63,71.93,19.47,18.56,26.07,41.81,2.71,0.81,14.22,0.39,3.41,NA,NA,NA,NA,NA,77.62,0.48,147.97,NA,NA,114.27,744.03,1.13
2026-08-13 04:00:00,39.03,74.68,19.74,18.84,26.24,36.28,2.8,0.72,12.16,0.4,3.33,NA,NA,NA,NA,NA,79.43,0.75,155.51,NA,NA,113.19,743.56,1.12
2026-08-13 05:00:00,47.93,73.15,20.05,18.31,26.13,35.18,2.61,0.57,11.04,0.39,3.26,NA,NA,NA,NA,NA,82.01,0.54,163.5,NA,NA,113.67,743.66,1.11
2026-08-13 06:00:00,47.78,74.8,20.8,18.89,27.56,41.19,2.62,0.68,8.8,0.48,3.6,NA,NA,NA,NA,NA,79.8,0.77,203.84,NA,NA,114.37,743.81,1.14
2026-08-13 07:00:00,44.93,72.78,21.72,19.61,27.67,50.21,4.79,0.77,19.39,0.83,4.67,NA,NA,NA,NA,NA,68.86,0.31,102.02,NA,NA,114.72,743.49,1.22
2026-08-13 08:00:00,53.2,69.32,20.91,19.25,26.88,57.35,4.75,0.65,32.56,0.86,4.92,NA,NA,NA,NA,NA,64.79,0.42,28.34,NA,NA,113.2,743.57,1.25
2026-08-13 09:00:00,57.38,73.25,24.18,19.14,30.02,62.6,4.96,0.45,30.88,0.97,6.75,NA,NA,NA,NA,NA,65.36,0.58,52.45,NA,NA,110.0,743.54,1.25
2026-08-13 10:00:00,52.33,73.78,25.03,18.5,30.3,61.58,6.08,0.64,34.38,0.97,6.55,NA,NA,NA,NA,NA,60.34,0.42,58.89,NA,NA,112.96,743.51,1.29
2026-08-13 11:00:00,38.05,71.35,19.74,19.48,26.54,59.73,6.09,0.64,62.11,1.27,8.29,NA,NA,NA,NA,NA,52.65,0.5,40.6,NA,NA,111.63,743.66,1.35
2026-08-13 12:00:00,42.03,74.88,27.78,20.68,33.32,54.54,5.02,0.54,62.04,1.21,8.99,NA,NA,NA,NA,NA,50.99,0.45,58.25,NA,NA,111.83,743.49,1.37
2026-08-13 13:00:00,49.23,77.55,23.96,18.71,29.37,60.25,4.75,0.82,60.26,1.23,9.27,NA,0.38,0.61,NA,NA,48.28,0.45,61.86,NA,NA,111.68,743.64,1.39
2026-08-13 14:00:00,51.33,67.23,30.49,18.75,33.45,63.22,7.01,1.18,48.97,1.2,8.75,NA,0.38,0.58,NA,NA,52.03,0.58,53.53,NA,NA,106.43,743.56,1.33
2026-08-13 15:00:00,47.8,69.6,19.96,19.26,26.91,66.41,7.01,0.68,41.25,1.05,7.46,NA,0.33,0.51,NA,NA,54.86,0.4,61.81,NA,NA,100.3,743.25,1.31
2026-08-13 16:00:00,36.58,82.98,19.66,19.21,26.66,65.41,3.85,0.82,38.51,1.01,7.9,NA,0.39,0.56,NA,NA,58.58,1.08,65.04,NA,NA,102.07,743.53,1.28
2026-08-13 17:00:00,31.73,86.83,17.9,19.8,25.36,69.11,2.93,0.32,29.54,1.04,8.57,NA,0.6,0.75,NA,NA,61.33,0.88,138.54,NA,NA,110.68,743.47,1.26
2026-08-13 18:00:00,39.27,97.4,19.32,21.25,26.9,73.89,1.8,0.22,12.18,1.25,8.88,NA,0.77,0.89,NA,NA,66.17,1.06,110.93,NA,NA,114.12,743.75,1.24
2026-08-13 19:00:00,47.83,90.9,21.95,20.77,29.26,77.93,3.26,0.1,20.49,1.67,9.46,NA,1.19,1.17,NA,NA,69.14,2.01,185.57,NA,NA,113.14,743.48,1.17
2026-08-13 20:00:00,47.4,73.3,22.03,20.52,29.09,82.7,3.27,0.09,21.27,2.15,7.1,NA,1.11,0.95,NA,NA,59.8,0.96,191.72,NA,NA,117.49,743.94,1.19
2026-08-13 21:00:00,50.48,69.55,21.27,19.82,27.77,77.05,3.32,0.37,23.62,2.46,5.77,NA,1.06,0.79,NA,NA,65.63,0.75,151.35,NA,NA,117.59,743.69,1.18
2026-08-13 22:00:00,56.33,83.82,22.62,19.96,28.37,69.78,1.93,0.01,29.55,1.85,4.65,NA,0.57,0.57,NA,NA,75.76,0.57,175.61,NA,NA,117.82,743.58,1.17
2026-08-13 23:00:00,52.07,95.47,20.88,19.86,26.99,60.91,2.08,0.73,29.89,1.66,4.45,NA,0.46,0.57,NA,NA,74.39,0.77,61.49,NA,NA,116.99,743.69,1.17
2026-08-14 00:00:00,48.33,90.6,23.32,21.9,28.25,54.29,1.96,0.19,30.54,0.57,4.36,NA,0.36,0.37,NA,NA,73.42,1.33,91.05,NA,NA,117.94,743.96,1.15
2026-08-14 01:00:00,53.18,87.3,24.6,21.03,31.34,54.34,2.01,0.55,30.14,0.57,4.45,NA,0.34,0.37,NA,NA,83.14,0.69,256.9,NA,NA,117.9,743.55,1.12
2026-08-14 02:00:00,41.28,75.93,26.51,20.44,32.32,54.56,2.02,0.32,30.63,0.58,4.5,NA,0.33,0.36,NA,NA,91.16,1.36,240.65,NA,NA,119.99,743.73,1.04
2026-08-14 03:00:00,30.13,59.45,24.19,20.35,30.39,54.51,1.28,0.54,28.29,0.49,4.09,NA,0.44,0.49,NA,NA,99.86,0.82,153.83,NA,NA,111.1,743.56,0.94
2026-08-14 04:00:00,32.93,51.5,24.03,20.97,30.78,47.61,1.26,0.43,23.56,0.46,3.71,NA,0.51,0.6,NA,NA,99.9,1.34,103.4,NA,NA,104.64,743.4,0.93
2026-08-14 05:00:00,NA,NA,25.99,21.24,32.06,46.41,1.31,0.91,34.49,0.44,3.93,NA,0.51,0.59,NA,NA,99.87,0.8,218.24,NA,NA,360.1,748.58,0.92
2026-08-14 06:00:00,NA,NA,22.21,20.32,27.95,52.7,1.17,0.93,41.67,0.56,4.22,NA,0.54,0.66,NA,NA,99.84,1.4,170.11,NA,NA,485.95,751.04,0.93
2026-08-14 07:00:00,22.57,30.2,18.06,15.45,22.65,37.78,2.16,0.85,39.39,0.97,5.99,NA,0.61,0.76,NA,NA,99.86,0.86,170.57,NA,NA,566.05,752.8,0.95
2026-08-14 08:00:00,16.33,27.88,16.92,15.14,21.86,41.25,2.15,1.19,41.6,1.03,6.47,NA,0.7,0.83,NA,NA,95.82,1.3,107.66,NA,NA,515.19,751.77,1.0
2026-08-14 09:00:00,13.73,25.95,16.45,15.32,21.24,43.74,2.26,0.9,40.75,1.16,7.79,NA,0.99,1.01,NA,NA,88.06,1.19,219.61,NA,NA,332.65,748.15,1.05
2026-08-14 10:00:00,NA,NA,NA,NA,NA,NA,NA,NA,NA,NA,NA,NA,NA,NA,NA,NA,NA,NA,NA,NA,NA,NA,NA,NA
2026-08-14 11:00:00,NA,NA,NA,NA,NA,NA,NA,NA,NA,NA,NA,NA,NA,NA,NA,NA,NA,NA,NA,NA,NA,NA,NA,NA
2026-08-14 12:00:00,NA,NA,NA,NA,NA,NA,NA,NA,NA,NA,NA,NA,NA,NA,NA,NA,NA,NA,NA,NA,NA,NA,NA,NA
2026-08-14 13:00:00,NA,NA,NA,NA,NA,NA,NA,NA,NA,NA,NA,NA,NA,NA,NA,NA,NA,NA,NA,NA,NA,NA,NA,NA
2026-08-14 14:00:00,NA,NA,NA,NA,NA,NA,NA,NA,NA,NA,NA,NA,NA,NA,NA,NA,NA,NA,NA,NA,NA,NA,NA,NA
2026-08-14 15:00:00,NA,NA,NA,NA,NA,NA,NA,NA,NA,NA,NA,NA,NA,NA,NA,NA,NA,NA,NA,NA,NA,NA,NA,NA
2026-08-14 16:00:00,NA,NA,NA,NA,NA,NA,NA,NA,NA,NA,NA,NA,NA,NA,NA,NA,NA,NA,NA,NA,NA,NA,NA,NA
2026-08-14 17:00:00,NA,NA,NA,NA,NA,NA,NA,NA,NA,NA,NA,NA,NA,NA,NA,NA,NA,NA,NA,NA,NA,NA,NA,NA
2026-08-14 18:00:00,NA,NA,NA,NA,NA,NA,NA,NA,NA,NA,NA,NA,NA,NA,NA,NA,NA,NA,NA,NA,NA,NA,NA,NA
2026-08-14 19:00:00,NA,NA,NA,NA,NA,NA,NA,NA,NA,NA,NA,NA,NA,NA,NA,NA,NA,NA,NA,NA,NA,NA,NA,NA
2026-08-14 20:00:00,NA,NA,NA,NA,NA,NA,NA,NA,NA,NA,NA,NA,NA,NA,NA,NA,NA,NA,NA,NA,NA,NA,NA,NA
2026-08-14 21:00:00,NA,NA,NA,NA,NA,NA,NA,NA,NA,NA,NA,NA,NA,NA,NA,NA,NA,NA,NA,NA,NA,NA,NA,NA
2026-08-14 22:00:00,NA,NA,NA,NA,NA,NA,NA,NA,NA,NA,NA,NA,NA,NA,NA,NA,NA,NA,NA,NA,NA,NA,NA,NA
2026-08-14 23:00:00,NA,NA,NA,NA,NA,NA,NA,NA,NA,NA,NA,NA,NA,NA,NA,NA,NA,NA,NA,NA,NA,NA,NA,NA
2026-08-15 00:00:00,NA,NA,NA,NA,NA,NA,NA,NA,NA,NA,NA,NA,NA,NA,NA,NA,NA,NA,NA,NA,NA,NA,NA,NA
2026-08-15 01:00:00,NA,NA,NA,NA,NA,NA,NA,NA,NA,NA,NA,NA,NA,NA,NA,NA,NA,NA,NA,NA,NA,NA,NA,NA
2026-08-15 02:00:00,NA,NA,NA,NA,NA,NA,NA,NA,NA,NA,NA,NA,NA,NA,NA,NA,NA,NA,NA,NA,NA,NA,NA,NA
2026-08-15 03:00:00,NA,NA,NA,NA,NA,NA,NA,NA,NA,NA,NA,NA,NA,NA,NA,NA,NA,NA,NA,NA,NA,NA,NA,NA
2026-08-15 04:00:00,NA,NA,NA,NA,NA,NA,NA,NA,NA,NA,NA,NA,NA,NA,NA,NA,NA,NA,NA,NA,NA,NA,NA,NA
2026-08-15 05:00:00,NA,NA,NA,NA,NA,NA,NA,NA,NA,NA,NA,NA,NA,NA,NA,NA,NA,NA,NA,NA,NA,NA,NA,NA
2026-08-15 06:00:00,NA,NA,NA,NA,NA,NA,NA,NA,NA,NA,NA,NA,NA,NA,NA,NA,NA,NA,NA,NA,NA,NA,NA,NA
2026-08-15 07:00:00,NA,NA,NA,NA,NA,NA,NA,NA,NA,NA,NA,NA,NA,NA,NA,NA,NA,NA,NA,NA,NA,NA,NA,NA
2026-08-15 08:00:00,NA,NA,NA,NA,NA,NA,NA,NA,NA,NA,NA,NA,NA,NA,NA,NA,NA,NA,NA,NA,NA,NA,NA,NA
2026-08-15 09:00:00,NA,NA,NA,NA,NA,NA,NA,NA,NA,NA,NA,NA,NA,NA,NA,NA,NA,NA,NA,NA,NA,NA,NA,NA
2026-08-15 10:00:00,NA,NA,NA,NA,NA,NA,NA,NA,NA,NA,NA,NA,NA,NA,NA,NA,NA,NA,NA,NA,NA,NA,NA,NA
2026-08-15 11:00:00,NA,NA,NA,NA,NA,NA,NA,NA,NA,NA,NA,NA,NA,NA,NA,NA,NA,NA,NA,NA,NA,NA,NA,NA
2026-08-15 12:00:00,NA,NA,NA,NA,NA,NA,NA,NA,NA,NA,NA,NA,NA,NA,NA,NA,NA,NA,NA,NA,NA,NA,NA,NA
2026-08-15 13:00:00,NA,NA,NA,NA,NA,NA,NA,NA,NA,NA,NA,NA,NA,NA,NA,NA,NA,NA,NA,NA,NA,NA,NA,NA
2026-08-15 14:00:00,NA,NA,NA,NA,NA,NA,NA,NA,NA,NA,NA,NA,NA,NA,NA,NA,NA,NA,NA,NA,NA,NA,NA,NA
2026-08-15 15:00:00,NA,NA,NA,NA,NA,NA,NA,NA,NA,NA,NA,NA,NA,NA,NA,NA,NA,NA,NA,NA,NA,NA,NA,NA
2026-08-15 16:00:00,NA,NA,NA,NA,NA,NA,NA,NA,NA,NA,NA,NA,NA,NA,NA,NA,NA,NA,NA,NA,NA,NA,NA,NA
2026-08-15 17:00:00,NA,NA,NA,NA,NA,NA,NA,NA,NA,NA,NA,NA,NA,NA,NA,NA,NA,NA,NA,NA,NA,NA,NA,NA
2026-08-15 18:00:00,NA,NA,NA,NA,NA,NA,NA,NA,NA,NA,NA,NA,NA,NA,NA,NA,NA,NA,NA,NA,NA,NA,NA,NA
2026-08-15 19:00:00,NA,NA,NA,NA,NA,NA,NA,NA,NA,NA,NA,NA,NA,NA,NA,NA,NA,NA,NA,NA,NA,NA,NA,NA
2026-08-15 20:00:00,NA,NA,NA,NA,NA,NA,NA,NA,NA,NA,NA,NA,NA,NA,NA,NA,NA,NA,NA,NA,NA,NA,NA,NA
2026-08-15 21:00:00,NA,NA,NA,NA,NA,NA,NA,NA,NA,NA,NA,NA,NA,NA,NA,NA,NA,NA,NA,NA,NA,NA,NA,NA
2026-08-15 22:00:00,NA,NA,NA,NA,NA,NA,NA,NA,NA,NA,NA,NA,NA,NA,NA,NA,NA,NA,NA,NA,NA,NA,NA,NA
2026-08-15 23:00:00,NA,NA,NA,NA,NA,NA,NA,NA,NA,NA,NA,NA,NA,NA,NA,NA,NA,NA,NA,NA,NA,NA,NA,NA
2026-08-16 00:00:00,NA,NA,NA,NA,NA,NA,NA,NA,NA,NA,NA,NA,NA,NA,NA,NA,NA,NA,NA,NA,NA,NA,NA,NA
2026-08-16 01:00:00,NA,NA,NA,NA,NA,NA,NA,NA,NA,NA,NA,NA,NA,NA,NA,NA,NA,NA,NA,NA,NA,NA,NA,NA
2026-08-16 02:00:00,NA,NA,NA,NA,NA,NA,NA,NA,NA,NA,NA,NA,NA,NA,NA,NA,NA,NA,NA,NA,NA,NA,NA,NA
2026-08-16 03:00:00,NA,NA,NA,NA,NA,NA,NA,NA,NA,NA,NA,NA,NA,NA,NA,NA,NA,NA,NA,NA,NA,NA,NA,NA
2026-08-16 04:00:00,NA,NA,NA,NA,NA,NA,NA,NA,NA,NA,NA,NA,NA,NA,NA,NA,NA,NA,NA,NA,NA,NA,NA,NA
2026-08-16 05:00:00,NA,NA,NA,NA,NA,NA,NA,NA,NA,NA,NA,NA,NA,NA,NA,NA,NA,NA,NA,NA,NA,NA,NA,NA
2026-08-16 06:00:00,NA,NA,NA,NA,NA,NA,NA,NA,NA,NA,NA,NA,NA,NA,NA,NA,NA,NA,NA,NA,NA,NA,NA,NA
2026-08-16 07:00:00,NA,NA,NA,NA,NA,NA,NA,NA,NA,NA,NA,NA,NA,NA,NA,NA,NA,NA,NA,NA,NA,NA,NA,NA
2026-08-16 08:00:00,NA,NA,NA,NA,NA,NA,NA,NA,NA,NA,NA,NA,NA,NA,NA,NA,NA,NA,NA,NA,NA,NA,NA,NA
2026-08-16 09:00:00,NA,NA,NA,NA,NA,NA,NA,NA,NA,NA,NA,NA,NA,NA,NA,NA,NA,NA,NA,NA,NA,NA,NA,NA
2026-08-16 10:00:00,NA,NA,NA,NA,NA,NA,NA,NA,NA,NA,NA,NA,NA,NA,NA,NA,NA,NA,NA,NA,NA,NA,NA,NA
2026-08-16 11:00:00,NA,NA,NA,NA,NA,NA,NA,NA,NA,NA,NA,NA,NA,NA,NA,NA,NA,NA,NA,NA,NA,NA,NA,NA
2026-08-16 12:00:00,NA,NA,NA,NA,NA,NA,NA,NA,NA,NA,NA,NA,NA,NA,NA,NA,NA,NA,NA,NA,NA,NA,NA,NA
2026-08-16 13:00:00,NA,NA,NA,NA,NA,NA,NA,NA,NA,NA,NA,NA,NA,NA,NA,NA,NA,NA,NA,NA,NA,NA,NA,NA
2026-08-16 14:00:00,NA,NA,NA,NA,NA,NA,NA,NA,NA,NA,NA,NA,NA,NA,NA,NA,NA,NA,NA,NA,NA,NA,NA,NA
2026-08-16 15:00:00,NA,NA,NA,NA,NA,NA,NA,NA,NA,NA,NA,NA,NA,NA,NA,NA,NA,NA,NA,NA,NA,NA,NA,NA
2026-08-16 16:00:00,27.87,36.63,16.45,15.55,21.57,55.53,3.46,0.01,56.91,0.52,4.01,NA,0.2,0.29,NA,NA,78.94,0.57,155.38,NA,NA,308.5,742.87,1.13
2026-08-16 17:00:00,27.43,38.97,16.52,15.88,21.72,56.34,3.89,0.49,53.71,0.51,4.34,NA,0.28,0.4,NA,NA,82.19,0.97,166.32,NA,NA,293.97,743.02,1.1
2026-08-16 18:00:00,21.15,42.85,19.11,16.62,24.01,55.96,4.6,0.56,42.04,0.6,4.47,NA,0.36,0.43,NA,NA,84.79,1.64,165.27,NA,NA,210.56,742.87,1.08
2026-08-16 19:00:00,25.33,45.68,18.06,17.11,23.92,59.07,8.49,0.61,39.1,0.82,4.62,NA,0.59,0.59,NA,NA,85.59,1.32,154.39,NA,NA,210.29,742.84,1.07
2026-08-16 20:00:00,22.8,38.6,20.75,17.31,25.49,60.86,8.22,0.56,40.33,1.1,3.77,NA,0.55,0.47,NA,NA,89.24,1.52,160.66,NA,NA,199.81,742.9,1.06
2026-08-16 21:00:00,13.38,35.55,19.87,17.95,24.97,58.72,8.48,0.61,27.83,1.29,2.86,NA,0.53,0.39,NA,NA,90.82,1.81,164.35,NA,NA,35.9,742.86,1.05
2026-08-16 22:00:00,14.1,36.45,16.84,15.65,22.32,54.09,5.12,0.23,12.94,0.9,2.26,NA,0.28,0.32,NA,NA,90.09,1.05,168.08,NA,NA,27.85,742.93,1.04
2026-08-16 23:00:00,17.83,37.07,17.48,15.71,22.11,49.56,4.97,0.7,12.07,0.83,2.32,NA,0.23,0.28,NA,NA,91.16,0.94,146.46,NA,NA,27.86,742.86,1.04
2026-08-17 00:00:00,11.45,38.38,21.28,14.41,23.89,45.54,5.21,0.58,12.35,0.28,2.28,NA,0.18,0.17,NA,NA,91.55,1.4,159.75,NA,NA,27.65,742.81,1.03
2026-08-17 01:00:00,12.68,40.68,17.84,14.76,22.53,46.05,5.18,0.61,8.95,0.28,2.24,NA,0.17,0.18,NA,NA,89.6,1.05,149.73,NA,NA,27.93,742.85,1.03
2026-08-17 02:00:00,20.73,36.98,18.43,14.18,21.17,45.66,5.24,0.63,5.08,0.28,2.18,NA,0.17,0.19,NA,NA,92.13,0.67,57.23,NA,NA,27.21,742.82,1.02
2026-08-17 03:00:00,21.48,33.1,17.9,15.0,22.23,45.73,3.26,0.62,5.14,0.25,2.08,NA,0.23,0.25,NA,NA,93.62,0.61,65.8,NA,NA,26.51,742.81,1.02
2026-08-17 04:00:00,18.98,30.98,16.64,14.97,21.33,41.86,3.28,0.79,3.94,0.23,1.99,NA,0.26,0.32,NA,NA,92.26,0.47,65.15,NA,NA,27.1,742.87,1.01
2026-08-17 05:00:00,17.03,31.58,15.77,15.3,21.31,41.38,3.2,0.28,2.36,0.22,2.05,NA,0.26,0.3,NA,NA,94.65,0.87,155.26,NA,NA,79.77,744.07,0.97
2026-08-17 06:00:00,9.68,32.4,16.74,15.55,22.11,44.68,3.23,1.13,2.45,0.3,2.14,NA,0.27,0.32,NA,NA,99.87,1.4,182.0,NA,NA,162.46,745.84,0.87
2026-08-17 07:00:00,12.3,28.98,15.57,14.26,19.61,46.85,5.84,0.65,13.31,0.49,2.84,NA,0.3,0.4,NA,NA,99.85,1.6,70.08,NA,NA,324.51,749.11,0.89
2026-08-17 08:00:00,13.92,27.08,14.04,14.94,18.88,51.81,5.61,0.62,15.59,0.51,3.11,NA,0.35,0.43,NA,NA,98.71,1.53,40.47,NA,NA,361.32,749.82,0.91
2026-08-17 09:00:00,9.78,26.05,16.66,15.36,21.81,52.84,3.65,0.63,29.61,0.56,4.01,NA,0.5,0.5,NA,NA,99.83,1.56,49.64,NA,NA,353.6,749.65,0.91
2026-08-17 10:00:00,16.23,33.3,16.21,15.06,20.33,41.3,4.5,0.5,37.76,0.58,3.85,NA,0.5,0.5,NA,NA,99.84,1.58,52.6,NA,NA,337.42,749.06,0.92
2026-08-17 11:00:00,19.48,38.05,17.42,14.83,21.41,34.86,4.46,0.29,34.55,0.6,4.17,NA,0.43,0.46,NA,NA,99.88,0.58,46.76,NA,NA,289.7,748.12,0.91
2026-08-17 12:00:00,20.43,37.68,15.57,14.82,20.44,34.5,3.67,0.45,37.0,0.6,4.67,NA,0.19,0.33,NA,NA,99.9,1.45,53.32,NA,NA,279.94,747.92,0.91
2026-08-17 13:00:00,20.48,36.03,15.75,15.87,21.79,39.68,3.75,0.32,43.7,0.44,3.3,NA,0.14,0.22,NA,NA,99.9,1.05,48.61,NA,NA,321.16,748.07,0.92
2026-08-17 14:00:00,21.08,32.28,15.77,15.2,20.83,42.43,5.15,0.13,46.18,0.41,2.86,NA,0.12,0.21,NA,NA,99.88,0.56,80.44,NA,NA,373.32,749.15,0.94
2026-08-17 15:00:00,25.2,30.5,15.21,15.41,20.89,41.86,5.26,3.05,44.36,0.34,2.57,NA,0.1,0.17,NA,NA,99.9,0.43,106.6,NA,NA,463.16,751.04,0.96
2026-08-17 16:00:00,NA,NA,18.89,14.91,23.31,41.32,2.93,2.9,42.2,0.34,2.65,NA,0.13,0.19,NA,NA,98.09,0.66,108.97,NA,NA,445.35,750.69,0.99
2026-08-17 17:00:00,28.18,40.1,17.01,15.95,22.16,43.26,3.09,2.67,39.39,0.35,2.92,NA,0.19,0.25,NA,NA,97.19,0.97,157.65,NA,NA,192.26,746.47,0.98
2026-08-17 18:00:00,19.38,46.73,20.15,17.0,25.02,43.93,3.57,2.52,40.96,0.39,3.01,NA,0.24,0.29,NA,NA,97.96,0.44,90.9,NA,NA,173.37,746.14,0.98
2026-08-17 19:00:00,14.48,46.5,21.88,16.02,25.69,45.23,6.2,0.7,32.99,0.56,3.17,NA,0.4,0.39,NA,NA,99.21,0.62,68.32,NA,NA,88.07,744.9,0.98
2026-08-17 20:00:00,13.75,42.25,20.85,16.93,25.83,46.88,6.32,0.94,25.53,0.76,2.47,NA,0.37,0.32,NA,NA,98.05,0.58,84.36,NA,NA,35.91,743.69,0.98
2026-08-17 21:00:00,15.28,44.93,16.49,17.79,22.61,45.42,6.46,0.57,26.03,0.86,1.92,NA,0.35,0.26,NA,NA,97.62,0.65,99.9,NA,NA,34.64,743.46,0.98
2026-08-17 22:00:00,23.2,52.9,22.28,17.1,26.59,40.64,4.09,0.61,23.75,0.59,1.58,NA,0.19,0.21,NA,NA,98.26,0.61,100.99,NA,NA,34.06,743.29,0.97
2026-08-17 23:00:00,23.07,55.73,20.18,13.17,23.15,33.16,3.29,0.01,16.03,0.53,1.47,NA,0.16,0.19,NA,NA,97.0,0.67,90.14,NA,NA,24.53,743.22,0.97
2026-08-18 00:00:00,17.65,54.63,13.6,12.3,16.98,29.83,3.1,0.0,9.58,0.19,1.5,NA,0.11,0.12,NA,NA,97.71,0.39,143.47,NA,NA,21.52,743.08,0.98
2026-08-18 01:00:00,18.38,55.35,13.95,13.0,17.99,29.71,3.14,0.59,7.05,0.19,1.44,NA,0.11,0.12,NA,NA,99.28,0.48,81.71,NA,NA,21.14,742.97,0.98
2026-08-18 02:00:00,14.2,52.47,14.79,12.85,18.53,30.16,3.18,0.65,8.28,0.19,1.5,NA,0.12,0.12,NA,NA,99.81,0.6,154.91,NA,NA,23.24,743.44,0.97
2026-08-18 03:00:00,15.63,48.05,13.51,13.0,17.13,29.81,2.06,0.46,7.58,0.16,1.38,NA,0.15,0.17,NA,NA,99.88,1.0,171.62,NA,NA,25.45,743.92,0.97
2026-08-18 04:00:00,18.25,47.9,15.47,13.12,19.34,25.88,2.05,0.41,8.55,0.15,1.31,NA,0.17,0.2,NA,NA,99.86,1.41,162.36,NA,NA,27.17,744.22,0.96
2026-08-18 05:00:00,22.45,46.5,11.88,12.35,15.3,25.52,1.96,0.78,8.91,0.15,1.29,NA,0.17,0.2,NA,NA,99.86,0.7,205.22,NA,NA,26.8,744.14,0.94
2026-08-18 06:00:00,26.83,46.73,17.45,13.14,21.2,28.58,2.09,0.89,9.11,0.19,1.44,NA,0.18,0.21,NA,NA,99.88,0.93,172.31,NA,NA,30.77,744.94,0.94
2026-08-18 07:00:00,27.28,48.45,16.65,13.24,20.13,31.37,3.32,0.54,7.32,0.33,2.0,NA,0.2,0.28,NA,NA,99.48,0.75,238.12,NA,NA,36.29,746.02,0.96
2026-08-18 08:00:00,19.95,43.63,13.02,13.48,16.78,35.28,4.29,0.8,18.6,0.33,2.07,NA,0.23,0.29,NA,NA,99.74,0.56,60.3,NA,NA,164.85,745.95,0.97
2026-08-18 09:00:00,13.83,43.05,13.14,12.69,16.53,37.28,4.23,0.59,14.17,0.4,2.66,NA,0.33,0.34,NA,NA,99.75,0.93,57.07,NA,NA,198.33,745.82,0.97
2026-08-18 10:00:00,12.8,36.6,12.32,11.05,15.36,36.61,2.72,0.31,15.32,0.38,2.76,NA,0.33,0.34,NA,NA,99.61,0.98,197.76,NA,NA,216.99,746.19,0.93
2026-08-18 11:00:00,11.23,32.55,13.11,11.39,16.44,34.33,2.65,1.3,24.98,0.4,2.75,NA,0.28,0.31,NA,NA,99.9,1.04,130.71,NA,NA,142.83,744.13,0.93
2026-08-18 12:00:00,15.88,34.95,13.89,11.23,16.84,33.24,2.28,1.01,32.2,0.43,3.09,NA,0.13,0.21,NA,NA,99.88,0.73,129.08,NA,NA,147.31,744.41,0.97
2026-08-18 13:00:00,27.97,39.27,14.07,11.06,17.23,36.5,2.29,1.05,32.36,0.42,3.01,NA,0.13,0.21,NA,NA,98.11,1.49,190.83,NA,NA,99.65,743.27,1.02
2026-08-18 14:00:00,27.05,32.45,10.23,11.86,14.41,38.19,4.49,0.95,55.22,0.4,2.92,NA,0.13,0.2,NA,NA,85.43,1.45,187.02,NA,NA,156.12,743.12,1.08
2026-08-18 15:00:00,23.53,30.63,11.84,11.39,15.72,43.9,6.55,0.29,54.74,0.34,2.53,NA,0.1,0.17,NA,NA,78.54,1.15,180.6,NA,NA,238.95,743.05,1.12
2026-08-18 16:00:00,NA,NA,NA,NA,NA,NA,NA,NA,NA,NA,NA,NA,NA,NA,NA,NA,NA,NA,NA,NA,NA,NA,NA,NA
2026-08-18 17:00:00,NA,NA,NA,NA,NA,NA,NA,NA,NA,NA,NA,NA,NA,NA,NA,NA,NA,NA,NA,NA,NA,NA,NA,NA
2026-08-18 18:00:00,NA,NA,NA,NA,NA,NA,NA,NA,NA,NA,NA,NA,NA,NA,NA,NA,NA,NA,NA,NA,NA,NA,NA,NA
2026-08-18 19:00:00,NA,NA,NA,NA,NA,NA,NA,NA,NA,NA,NA,NA,NA,NA,NA,NA,NA,NA,NA,NA,NA,NA,NA,NA
2026-08-18 20:00:00,NA,NA,NA,NA,NA,NA,NA,NA,NA,NA,NA,NA,NA,NA,NA,NA,NA,NA,NA,NA,NA,NA,NA,NA
2026-08-18 21:00:00,NA,NA,NA,NA,NA,NA,NA,NA,NA,NA,NA,NA,NA,NA,NA,NA,NA,NA,NA,NA,NA,NA,NA,NA
2026-08-18 22:00:00,NA,NA,NA,NA,NA,NA,NA,NA,NA,NA,NA,NA,NA,NA,NA,NA,NA,NA,NA,NA,NA,NA,NA,NA
2026-08-18 23:00:00,NA,NA,NA,NA,NA,NA,NA,NA,NA,NA,NA,NA,NA,NA,NA,NA,NA,NA,NA,NA,NA,NA,NA,NA
2026-08-19 00:00:00,NA,NA,NA,NA,NA,NA,NA,NA,NA,NA,NA,NA,NA,NA,NA,NA,NA,NA,NA,NA,NA,NA,NA,NA
2026-08-19 01:00:00,NA,NA,NA,NA,NA,NA,NA,NA,NA,NA,NA,NA,NA,NA,NA,NA,NA,NA,NA,NA,NA,NA,NA,NA
2026-08-19 02:00:00,NA,NA,NA,NA,NA,NA,NA,NA,NA,NA,NA,NA,NA,NA,NA,NA,NA,NA,NA,NA,NA,NA,NA,NA
2026-08-19 03:00:00,NA,NA,NA,NA,NA,NA,NA,NA,NA,NA,NA,NA,NA,NA,NA,NA,NA,NA,NA,NA,NA,NA,NA,NA
2026-08-19 04:00:00,NA,NA,NA,NA,NA,NA,NA,NA,NA,NA,NA,NA,NA,NA,NA,NA,NA,NA,NA,NA,NA,NA,NA,NA
2026-08-19 05:00:00,NA,NA,NA,NA,NA,NA,NA,NA,NA,NA,NA,NA,NA,NA,NA,NA,NA,NA,NA,NA,NA,NA,NA,NA
2026-08-19 06:00:00,NA,NA,NA,NA,NA,NA,NA,NA,NA,NA,NA,NA,NA,NA,NA,NA,NA,NA,NA,NA,NA,NA,NA,NA
2026-08-19 07:00:00,NA,NA,NA,NA,NA,NA,NA,NA,NA,NA,NA,NA,NA,NA,NA,NA,NA,NA,NA,NA,NA,NA,NA,NA
2026-08-19 08:00:00,NA,NA,NA,NA,NA,NA,NA,NA,NA,NA,NA,NA,NA,NA,NA,NA,NA,NA,NA,NA,NA,NA,NA,NA
2026-08-19 09:00:00,NA,NA,NA,NA,NA,NA,NA,NA,NA,NA,NA,NA,NA,NA,NA,NA,NA,NA,NA,NA,NA,NA,NA,NA
2026-08-19 10:00:00,22.3,49.3,18.96,15.76,23.41,57.27,5.19,0.69,40.09,0.42,2.71,NA,0.34,0.34,NA,NA,92.19,1.49,190.99,NA,NA,208.75,743.16,1.03
2026-08-19 11:00:00,17.35,51.2,14.89,14.9,19.65,57.75,4.98,0.32,46.42,0.39,2.79,NA,0.28,0.3,NA,NA,87.07,1.66,199.11,NA,NA,266.04,742.95,1.04
2026-08-19 12:00:00,18.0,51.28,13.72,13.46,17.85,55.15,3.98,0.16,43.91,0.42,3.16,NA,0.13,0.21,NA,NA,79.27,1.71,195.27,NA,NA,305.53,743.05,1.09
2026-08-19 13:00:00,28.25,47.53,13.68,13.19,17.91,59.84,4.21,0.72,45.08,0.42,3.01,NA,0.13,0.22,NA,NA,73.86,1.49,203.4,NA,NA,306.64,743.03,1.13
2026-08-19 14:00:00,32.2,42.55,15.47,13.61,19.83,61.83,5.81,0.71,45.0,0.4,3.03,NA,0.12,0.2,NA,NA,70.76,1.68,181.34,NA,NA,307.68,743.13,1.17
2026-08-19 15:00:00,31.58,36.1,15.13,12.62,18.48,63.32,5.85,0.83,46.12,0.34,2.5,NA,0.1,0.18,NA,NA,71.11,1.36,192.46,NA,NA,307.49,743.08,1.17
2026-08-19 16:00:00,25.78,34.98,16.17,13.37,19.93,63.38,3.21,0.81,47.5,0.35,2.57,NA,0.13,0.18,NA,NA,66.39,1.25,197.69,NA,NA,307.49,743.15,1.2
2026-08-19 17:00:00,17.3,37.3,14.48,13.7,18.74,63.4,3.08,0.81,40.2,0.34,2.91,NA,0.19,0.24,NA,NA,65.93,1.06,203.49,NA,NA,307.54,743.09,1.2
2026-08-19 18:00:00,18.78,41.4,15.24,13.46,19.04,64.96,3.16,0.77,30.17,0.39,2.98,NA,0.24,0.29,NA,NA,74.0,1.55,169.63,NA,NA,307.76,742.99,1.15
2026-08-19 19:00:00,18.28,39.28,14.06,13.51,18.09,68.43,6.11,0.22,26.52,0.56,3.16,NA,0.4,0.39,NA,NA,82.4,1.49,171.02,NA,NA,238.8,743.02,1.11
2026-08-19 20:00:00,17.38,36.23,15.83,14.9,19.93,70.54,7.79,0.11,17.92,0.74,2.49,NA,0.37,0.33,NA,NA,84.18,1.47,172.78,NA,NA,43.06,742.95,1.09
2026-08-19 21:00:00,23.25,37.25,15.89,14.29,19.45,67.26,7.76,0.63,18.15,0.87,1.9,NA,0.35,0.27,NA,NA,86.71,1.54,166.83,NA,NA,43.08,742.96,1.07
2026-08-19 22:00:00,25.05,42.7,16.59,14.96,20.52,61.44,4.86,0.28,17.79,0.62,1.51,NA,0.19,0.2,NA,NA,87.81,1.07,197.9,NA,NA,43.32,743.09,1.06
2026-08-19 23:00:00,25.13,46.17,16.32,13.24,19.39,54.08,4.49,0.51,17.91,0.55,1.54,NA,0.15,0.19,NA,NA,86.54,0.51,176.86,NA,NA,39.12,743.2,0.99
2026-08-20 00:00:00,25.0,40.75,11.4,11.01,14.33,45.74,4.8,0.39,12.97,0.19,1.52,NA,0.11,0.12,NA,NA,97.33,0.98,138.33,NA,NA,34.86,743.3,0.95
2026-08-20 01:00:00,33.3,39.28,12.2,11.31,14.91,45.71,4.73,0.51,13.0,0.19,1.51,NA,0.12,0.12,NA,NA,99.89,1.0,153.07,NA,NA,35.41,743.32,0.91
2026-08-20 02:00:00,29.0,34.48,12.67,10.93,15.78,45.39,4.81,0.45,13.58,0.19,1.45,NA,0.12,0.12,NA,NA,99.91,1.38,165.48,NA,NA,36.3,743.58,0.92
2026-08-20 03:00:00,22.9,32.1,12.18,10.92,15.11,45.71,3.02,0.26,13.56,0.16,1.36,NA,0.15,0.17,NA,NA,99.9,1.81,160.03,NA,NA,36.06,743.55,0.94
2026-08-20 04:00:00,NA,NA,12.4,11.07,15.66,41.05,2.97,0.32,13.32,0.15,1.3,NA,0.17,0.2,NA,NA,99.92,1.66,180.53,NA,NA,40.85,743.46,0.93
2026-08-20 05:00:00,23.85,26.7,13.48,11.07,16.45,40.9,3.15,0.54,12.87,0.15,1.33,NA,0.17,0.2,NA,NA,99.93,1.28,184.53,NA,NA,63.75,743.83,0.93
2026-08-20 06:00:00,22.1,26.6,13.21,11.0,16.37,44.57,3.12,0.68,12.52,0.2,1.51,NA,0.18,0.2,NA,NA,99.89,1.38,195.37,NA,NA,68.03,743.94,0.95
2026-08-20 07:00:00,30.2,34.1,14.81,12.87,18.83,47.16,5.29,0.69,18.56,0.33,1.91,NA,0.2,0.27,NA,NA,94.43,1.29,210.92,NA,NA,93.13,743.57,1.02
2026-08-20 08:00:00,30.7,34.0,14.08,13.24,18.33,52.65,5.26,0.93,30.76,0.35,2.01,NA,0.23,0.29,NA,NA,85.87,1.67,239.79,NA,NA,96.47,743.15,1.06
2026-08-20 09:00:00,25.3,36.2,20.86,16.39,25.44,55.98,5.6,0.39,35.69,0.38,2.69,NA,0.34,0.34,NA,NA,80.16,1.72,237.54,NA,NA,130.17,743.12,1.09
2026-08-20 10:00:00,26.37,38.3,16.38,18.4,23.29,54.95,6.31,0.71,51.38,0.52,3.87,NA,0.46,0.49,NA,NA,74.08,1.7,236.25,NA,NA,178.83,743.06,1.13
2026-08-20 11:00:00,NA,NA,22.33,18.77,27.56,51.22,6.63,NA,76.36,0.76,5.51,NA,0.57,0.61,NA,NA,69.28,1.84,223.9,NA,NA,239.9,743.11,1.17
2026-08-20 12:00:00,NA,29.65,19.66,18.93,24.77,50.97,NA,0.36,78.88,0.82,6.17,NA,0.25,0.41,NA,NA,66.83,1.72,228.51,NA,NA,277.46,743.1,1.19
2026-08-20 13:00:00,NA,10.4,23.29,18.4,27.2,54.38,5.36,0.95,66.12,0.8,6.02,NA,0.26,0.42,NA,NA,63.27,0.92,248.98,NA,NA,322.08,743.06,1.23
2026-08-20 14:00:00,21.2,NA,19.46,14.94,22.11,54.46,7.48,0.89,79.96,0.81,5.8,NA,0.24,0.39,NA,NA,64.82,1.17,234.88,NA,NA,398.61,744.43,1.22
2026-08-20 15:00:00,23.58,32.2,21.42,19.51,27.83,57.32,7.85,0.13,NA,0.69,5.01,NA,0.21,0.34,NA,NA,61.51,1.35,243.52,NA,NA,346.84,743.41,1.23
2026-08-20 16:00:00,24.03,34.38,21.58,18.61,26.96,57.47,4.23,0.24,NA,0.72,5.11,NA,0.24,0.37,NA,NA,60.97,1.21,241.24,NA,NA,285.27,742.72,1.23
2026-08-20 17:00:00,22.0,36.08,24.76,18.32,29.36,57.94,4.18,0.32,20.49,0.7,5.67,NA,0.37,0.49,NA,NA,64.89,1.0,233.37,NA,NA,204.96,742.61,1.21
2026-08-20 18:00:00,21.48,47.7,22.87,18.09,27.19,57.96,4.29,0.53,20.22,0.81,6.11,NA,0.48,0.55,NA,NA,69.77,1.34,194.81,NA,NA,168.81,742.7,1.17
2026-08-20 19:00:00,19.93,52.53,19.13,19.37,24.98,60.89,7.5,0.65,16.02,1.1,6.23,NA,0.79,0.78,NA,NA,71.65,0.78,235.94,NA,NA,103.02,742.61,1.16
2026-08-20 20:00:00,21.6,51.53,20.52,17.92,25.63,62.95,7.49,0.87,10.7,1.43,4.99,NA,0.74,0.63,NA,NA,73.15,0.84,256.08,NA,NA,34.03,742.86,1.15
2026-08-20 21:00:00,20.17,66.43,18.81,20.13,26.1,60.46,7.72,0.53,16.93,1.65,3.86,NA,0.71,0.55,NA,NA,75.48,0.69,156.43,NA,NA,43.85,743.01,1.12
2026-08-20 22:00:00,15.6,83.65,20.41,18.91,26.26,55.17,3.67,0.82,12.17,1.24,3.21,NA,0.38,0.41,NA,NA,77.83,0.74,230.37,NA,NA,42.0,743.13,1.11
2026-08-20 23:00:00,18.83,93.17,21.59,18.28,27.11,49.52,2.68,0.26,6.81,1.16,3.15,NA,0.31,0.36,NA,NA,80.21,0.72,195.21,NA,NA,34.2,743.01,1.1
2026-08-21 00:00:00,28.03,99.45,19.84,18.88,26.31,45.63,2.83,0.0,7.48,0.39,3.01,NA,0.24,0.24,NA,NA,88.09,1.18,177.22,NA,NA,52.8,743.42,1.08
2026-08-21 01:00:00,25.43,88.03,20.62,19.42,27.42,45.69,2.72,0.41,14.62,0.39,3.0,NA,0.24,0.24,NA,NA,91.34,0.88,200.19,NA,NA,101.53,744.28,1.06
2026-08-21 02:00:00,18.15,77.7,16.67,19.05,23.74,45.6,2.7,0.3,25.38,0.39,3.06,NA,0.24,0.24,NA,NA,88.34,0.86,205.05,NA,NA,51.03,743.28,1.06
2026-08-21 03:00:00,19.23,66.93,22.09,18.47,27.16,45.99,1.76,0.5,22.29,0.33,2.77,NA,0.3,0.35,NA,NA,88.08,1.04,186.7,NA,NA,47.43,743.35,1.04
2026-08-21 04:00:00,20.0,59.83,25.76,18.75,30.26,40.96,1.73,0.49,27.68,0.3,2.64,NA,0.34,0.42,NA,NA,90.29,1.3,176.37,NA,NA,77.62,743.81,1.03
2026-08-21 05:00:00,17.25,58.5,19.62,18.14,24.94,40.67,1.72,0.36,25.5,0.3,2.65,NA,0.34,0.41,NA,NA,92.03,1.06,188.4,NA,NA,71.44,743.82,1.02
2026-08-21 06:00:00,17.55,51.5,19.4,19.46,26.07,44.47,1.8,0.47,21.42,0.38,2.81,NA,0.35,0.44,NA,NA,92.53,1.31,176.99,NA,NA,31.31,742.97,1.03
2026-08-21 07:00:00,15.13,45.88,20.28,18.27,25.13,46.98,2.99,0.55,22.29,0.7,3.76,NA,0.4,0.54,NA,NA,88.23,1.7,177.13,NA,NA,22.73,742.49,1.06
2026-08-21 08:00:00,10.83,36.43,20.49,19.09,26.16,52.04,3.24,0.85,42.27,0.71,4.02,NA,0.46,0.57,NA,NA,80.18,1.3,205.73,NA,NA,71.73,742.45,1.12
2026-08-21 09:00:00,10.28,37.85,18.21,17.68,23.42,54.32,2.98,0.88,71.08,0.79,5.31,NA,0.66,0.71,NA,NA,74.69,1.36,218.57,NA,NA,110.45,742.53,1.16
2026-08-21 10:00:00,15.0,44.65,20.34,19.13,26.69,55.18,4.66,1.11,55.43,0.8,5.34,NA,0.67,0.71,NA,NA,67.56,1.13,230.51,NA,NA,131.98,742.8,1.22
2026-08-21 11:00:00,15.25,46.13,17.99,19.01,24.15,50.82,5.45,0.84,50.78,0.79,5.69,NA,0.57,0.61,NA,NA,61.99,1.52,213.47,NA,NA,137.49,742.94,1.24
2026-08-21 12:00:00,15.53,47.88,21.55,19.45,27.83,51.78,4.57,0.83,51.72,0.83,6.23,NA,0.26,0.41,NA,NA,59.49,1.07,220.24,NA,NA,121.86,742.59,1.26
2026-08-21 13:00:00,23.35,43.73,21.2,18.88,26.75,53.81,4.5,0.38,54.66,0.83,6.17,NA,0.25,0.42,NA,NA,59.54,1.09,216.43,NA,NA,120.55,742.61,1.27
2026-08-21 14:00:00,20.98,37.28,17.05,16.49,21.81,53.81,6.13,0.34,66.6,0.77,6.01,NA,0.24,0.41,NA,NA,56.36,1.12,194.35,NA,NA,209.63,742.67,1.3
2026-08-21 15:00:00,15.95,36.85,19.54,14.96,23.72,52.97,6.37,0.84,67.97,0.7,4.93,NA,0.21,0.35,NA,NA,55.88,1.73,190.17,NA,NA,250.64,742.4,1.29
2026-08-21 16:00:00,20.0,40.0,19.29,15.24,23.6,52.1,3.53,0.64,60.5,0.7,5.17,NA,0.26,0.38,NA,NA,58.58,1.37,208.0,NA,NA,246.39,742.49,1.26
2026-08-21 17:00:00,22.53,47.8,16.27,16.24,22.17,52.65,3.44,0.52,53.21,0.68,5.83,NA,0.39,0.48,NA,NA,66.88,0.69,217.21,NA,NA,227.79,742.63,1.2
2026-08-21 18:00:00,16.8,53.03,21.73,17.22,26.75,52.86,3.6,0.24,44.53,0.78,5.92,NA,0.46,0.58,NA,NA,91.37,1.59,99.35,NA,NA,465.15,754.75,1.02
2026-08-21 19:00:00,15.33,44.5,20.93,16.44,25.36,53.23,4.3,0.19,22.52,1.1,6.12,NA,0.8,0.78,NA,NA,99.88,1.1,157.68,NA,NA,37.43,763.57,0.94
2026-08-21 20:00:00,18.98,35.98,20.45,16.59,24.94,51.78,3.05,0.82,13.05,1.37,4.75,NA,0.75,0.63,NA,NA,99.9,0.74,123.66,NA,NA,36.49,762.43,0.96
2026-08-21 21:00:00,17.3,29.88,20.81,16.73,25.34,49.95,3.26,0.37,12.14,1.76,3.71,NA,0.71,0.54,NA,NA,99.9,0.66,145.9,NA,NA,28.93,748.59,1.0
2026-08-21 22:00:00,14.8,27.75,24.27,16.13,27.4,45.25,1.91,0.08,6.78,1.2,3.32,NA,0.38,0.4,NA,NA,99.88,0.72,173.2,NA,NA,27.68,746.5,1.0
2026-08-21 23:00:00,17.1,30.4,27.45,16.33,30.64,39.08,2.09,0.51,8.96,1.08,3.16,NA,0.31,0.36,NA,NA,99.88,0.85,184.97,NA,NA,27.47,746.2,1.0
2026-08-22 00:00:00,24.15,37.85,19.67,16.34,24.32,34.58,2.01,0.23,11.67,0.38,2.9,NA,0.25,0.23,NA,NA,99.9,0.61,167.83,NA,NA,27.37,746.11,1.0
2026-08-22 01:00:00,22.1,36.53,20.66,17.37,25.95,34.47,1.95,0.26,11.69,0.38,2.95,NA,0.23,0.24,NA,NA,99.88,0.83,221.69,NA,NA,27.3,745.64,1.01
2026-08-22 02:00:00,18.88,30.9,20.51,17.01,24.64,34.5,1.96,0.2,10.13,0.37,2.97,NA,0.23,0.25,NA,NA,99.88,0.63,218.67,NA,NA,27.18,744.91,1.01
2026-08-22 03:00:00,18.2,26.98,14.91,17.0,20.61,34.62,1.27,0.61,11.12,0.35,2.78,NA,0.31,0.33,NA,NA,99.87,0.77,156.1,NA,NA,27.15,744.93,1.01
2026-08-22 04:00:00,18.2,26.3,16.48,16.95,21.87,30.1,1.3,0.6,13.27,0.29,2.6,NA,0.34,0.39,NA,NA,99.82,0.99,169.54,NA,NA,27.59,745.62,1.01
2026-08-22 05:00:00,23.65,25.5,22.1,16.94,26.68,29.6,1.25,0.3,12.79,0.3,2.7,NA,0.34,0.4,NA,NA,99.67,1.18,174.4,NA,NA,27.27,745.04,1.02
2026-08-22 06:00:00,19.23,27.28,16.23,17.3,21.84,32.94,1.36,0.27,13.78,0.4,2.88,NA,0.36,0.44,NA,NA,96.94,1.94,172.9,NA,NA,27.8,746.03,0.97
2026-08-22 07:00:00,10.93,27.1,18.99,16.25,23.46,35.46,2.22,0.38,16.53,0.67,3.82,NA,0.4,0.55,NA,NA,98.08,1.48,221.88,NA,NA,44.55,748.36,0.93
2026-08-22 08:00:00,6.88,22.33,21.4,17.06,25.93,41.52,2.27,0.51,27.5,0.7,4.42,NA,0.46,0.56,NA,NA,98.92,0.42,235.01,NA,NA,81.27,753.01,0.93
2026-08-22 09:00:00,11.68,19.45,22.13,16.16,26.1,43.8,2.24,1.15,23.13,0.8,5.46,NA,0.66,0.67,NA,NA,99.39,0.59,125.35,NA,NA,82.06,753.08,0.94
2026-08-22 10:00:00,18.4,18.6,17.43,16.97,22.35,42.56,2.74,1.54,31.79,0.77,5.08,NA,0.66,0.69,NA,NA,95.63,1.28,178.83,NA,NA,72.81,751.31,0.97
2026-08-22 11:00:00,9.55,18.7,16.44,16.21,20.99,41.21,2.7,0.57,30.35,0.79,5.58,NA,0.56,0.62,NA,NA,83.78,0.93,126.03,NA,NA,120.9,759.34,1.04
2026-08-22 12:00:00,8.63,21.2,17.99,16.45,22.63,39.0,2.68,0.61,28.41,0.86,6.17,NA,0.25,0.42,NA,NA,75.98,1.18,188.43,NA,NA,83.74,748.54,1.1
2026-08-22 13:00:00,7.6,22.18,19.16,17.11,24.14,42.86,4.58,0.45,38.88,0.83,6.09,NA,0.25,0.4,NA,NA,73.45,1.53,175.75,NA,NA,166.19,742.31,1.11
2026-08-22 14:00:00,8.08,19.3,18.25,17.14,23.52,44.54,6.47,0.42,49.54,0.79,5.87,NA,0.24,0.41,NA,NA,74.53,1.73,184.96,NA,NA,166.1,742.31,1.12
2026-08-22 15:00:00,8.83,17.38,20.23,17.47,25.53,46.62,6.56,0.49,46.99,0.69,4.88,NA,0.21,0.34,NA,NA,72.88,1.65,176.4,NA,NA,165.91,742.18,1.14
2026-08-22 16:00:00,9.7,17.6,20.64,16.36,24.0,45.49,3.42,0.48,40.0,0.67,5.13,NA,0.24,0.38,NA,NA,72.57,1.94,185.65,NA,NA,165.79,742.19,1.13
2026-08-22 17:00:00,9.53,18.13,22.93,16.73,26.91,46.66,3.43,0.78,29.84,0.72,5.77,NA,0.38,0.51,NA,NA,72.39,1.62,169.47,NA,NA,165.7,742.13,1.13
2026-08-22 18:00:00,4.73,22.15,16.22,15.47,19.88,50.48,3.44,0.93,25.12,0.81,5.72,NA,0.48,0.57,NA,NA,76.28,1.26,160.81,NA,NA,143.51,742.27,1.11
2026-08-22 19:00:00,3.0,26.55,17.28,16.62,21.75,64.09,6.63,0.31,26.47,1.11,6.37,NA,0.8,0.78,NA,NA,78.62,1.34,154.4,NA,NA,78.93,742.19,1.09
2026-08-22 20:00:00,5.13,26.35,13.94,16.53,19.27,67.42,6.75,0.53,21.77,1.53,4.89,NA,0.74,0.63,NA,NA,80.68,0.84,195.25,NA,NA,51.84,742.28,1.08
2026-08-22 21:00:00,12.8,31.83,17.27,16.04,22.07,63.26,6.74,0.22,16.22,1.64,3.72,NA,0.71,0.52,NA,NA,83.47,0.15,258.85,NA,NA,7.0,742.2,1.08
2026-08-22 22:00:00,23.53,53.58,21.57,17.58,26.98,58.0,4.07,0.76,15.91,1.2,3.07,NA,0.39,0.41,NA,NA,87.86,0.71,187.05,NA,NA,7.01,742.26,1.05
2026-08-22 23:00:00,28.5,63.4,14.18,16.68,19.46,50.27,4.09,0.56,17.17,1.11,2.97,NA,0.31,0.38,NA,NA,86.2,0.19,179.34,NA,NA,7.0,742.15,1.05
2026-08-23 00:00:00,25.0,53.2,18.06,15.47,22.76,44.34,3.23,0.27,18.65,0.39,3.0,NA,0.23,0.24,NA,NA,88.41,0.46,155.11,NA,NA,7.03,742.36,1.04
2026-08-23 01:00:00,21.38,47.15,14.6,15.32,19.2,45.13,3.19,0.51,19.52,0.39,2.92,NA,0.23,0.24,NA,NA,89.75,0.76,160.53,NA,NA,7.04,742.3,1.03
2026-08-23 02:00:00,21.33,42.53,17.07,15.03,20.91,44.95,3.12,0.43,18.48,0.38,3.09,NA,0.24,0.24,NA,NA,92.77,0.89,157.2,NA,NA,7.07,742.34,1.02
2026-08-23 03:00:00,29.58,39.85,14.84,14.96,19.92,44.65,1.93,0.7,18.32,0.34,2.76,NA,0.29,0.35,NA,NA,96.14,0.96,194.33,NA,NA,7.1,742.51,1.02
2026-08-23 04:00:00,26.05,41.08,15.42,15.25,20.13,38.97,1.93,0.69,19.11,0.3,2.6,NA,0.34,0.41,NA,NA,99.63,1.06,158.07,NA,NA,7.11,742.47,1.01
2026-08-23 05:00:00,15.88,41.33,17.51,15.45,22.57,38.91,1.96,0.5,18.67,0.3,2.61,NA,0.34,0.4,NA,NA,99.83,0.97,164.96,NA,NA,7.12,742.56,1.0
2026-08-23 06:00:00,22.43,45.7,14.41,14.42,18.36,43.47,2.06,0.56,19.32,0.39,3.03,NA,0.36,0.43,NA,NA,98.63,0.86,173.56,NA,NA,7.11,742.37,1.01
2026-08-23 07:00:00,26.3,42.98,16.86,14.75,21.32,46.03,3.43,0.6,19.08,0.67,3.76,NA,0.39,0.55,NA,NA,92.78,1.45,172.5,NA,NA,7.06,742.26,1.04
2026-08-23 08:00:00,17.08,33.57,15.17,14.45,19.5,52.6,3.61,0.82,17.99,0.71,4.22,NA,0.45,0.54,NA,NA,87.14,0.97,145.41,NA,NA,7.05,742.37,1.07
2026-08-23 09:00:00,14.83,30.93,16.04,14.17,19.81,57.17,3.44,0.77,22.17,0.8,5.63,NA,0.66,0.67,NA,NA,81.61,1.28,49.42,NA,NA,70.96,742.37,1.12
2026-08-23 10:00:00,15.3,36.5,15.6,15.05,20.49,54.07,4.3,0.74,30.06,0.8,5.56,NA,0.67,0.67,NA,NA,71.95,1.01,76.5,NA,NA,118.34,742.51,1.17
2026-08-23 11:00:00,18.6,43.05,15.56,15.26,20.69,52.14,4.41,0.3,46.28,0.8,5.44,NA,0.57,0.6,NA,NA,75.26,1.52,191.39,NA,NA,214.93,742.37,1.16
2026-08-23 12:00:00,30.25,43.13,15.78,15.4,20.93,49.11,3.64,0.23,42.1,0.78,6.19,NA,0.26,0.43,NA,NA,70.24,0.96,180.28,NA,NA,215.86,742.57,1.19
2026-08-23 13:00:00,36.2,40.9,17.12,15.59,21.84,53.96,3.74,0.99,39.25,0.82,6.13,NA,0.26,0.42,NA,NA,66.07,0.87,211.68,NA,NA,215.86,742.55,1.23
2026-08-23 14:00:00,21.9,30.8,23.56,14.8,25.97,62.3,6.43,0.77,48.39,0.78,5.95,NA,0.25,0.41,NA,NA,63.72,1.1,152.94,NA,NA,359.54,742.26,1.25
2026-08-23 15:00:00,15.2,34.9,15.33,15.48,20.69,66.42,6.32,0.61,59.71,0.7,4.88,NA,0.21,0.34,NA,NA,63.64,1.06,62.49,NA,NA,369.75,742.37,1.24
2026-08-23 16:00:00,17.1,39.95,18.6,15.36,23.29,64.75,3.45,0.47,59.49,0.69,5.15,NA,0.25,0.38,NA,NA,69.36,1.55,186.1,NA,NA,369.47,742.34,1.16
2026-08-23 17:00:00,24.15,39.45,19.56,15.59,23.96,67.06,3.49,0.58,59.01,0.73,5.84,NA,0.39,0.52,NA,NA,69.29,1.38,192.9,NA,NA,369.59,742.42,1.14
2026-08-23 18:00:00,25.88,36.9,18.37,14.75,22.06,67.84,3.62,0.59,57.82,0.8,5.99,NA,0.46,0.57,NA,NA,78.69,0.92,172.67,NA,NA,372.0,742.83,1.06
2026-08-23 19:00:00,26.1,37.9,17.55,14.77,21.87,59.54,6.58,0.81,35.51,1.14,6.39,NA,0.79,0.78,NA,NA,99.43,1.37,224.25,NA,NA,253.63,758.15,0.92
2026-08-23 20:00:00,NA,NA,15.71,14.97,20.11,59.21,6.45,0.76,30.36,1.4,4.87,NA,0.75,0.62,NA,NA,99.44,0.64,145.85,NA,NA,247.93,764.96,0.92
2026-08-23 21:00:00,NA,NA,15.92,15.13,20.43,56.96,6.4,0.92,36.89,1.72,3.74,NA,0.71,0.52,NA,NA,99.68,0.72,193.95,NA,NA,252.36,765.97,0.93
2026-08-23 22:00:00,21.65,25.15,16.67,14.7,20.78,50.34,3.97,0.85,18.53,1.23,3.16,NA,0.38,0.41,NA,NA,99.53,0.76,224.28,NA,NA,20.08,764.89,0.95
2026-08-23 23:00:00,18.93,25.97,17.9,15.17,22.29,45.15,3.93,0.35,16.08,1.07,3.0,NA,0.3,0.36,NA,NA,99.74,0.62,156.47,NA,NA,17.58,763.73,0.96
2026-08-24 00:00:00,18.75,26.8,21.11,14.72,24.78,39.78,3.95,0.27,14.35,0.37,3.03,NA,0.24,0.24,NA,NA,99.85,0.78,85.96,NA,NA,16.69,761.97,0.96
2026-08-24 01:00:00,24.2,26.0,18.22,15.01,22.39,39.8,3.94,0.5,14.68,0.38,2.97,NA,0.24,0.25,NA,NA,99.85,0.5,91.09,NA,NA,15.86,759.87,0.96
2026-08-24 02:00:00,NA,NA,17.32,15.19,22.16,39.3,3.87,0.46,14.98,0.37,2.91,NA,0.24,0.24,NA,NA,99.84,0.99,145.45,NA,NA,15.77,759.49,0.96
2026-08-24 03:00:00,21.4,22.0,13.93,15.56,19.07,39.39,2.52,0.5,15.46,0.33,2.8,NA,0.3,0.35,NA,NA,99.86,1.47,155.76,NA,NA,15.93,759.36,0.96
2026-08-24 04:00:00,21.4,22.0,18.11,14.77,21.88,34.73,2.55,0.36,16.86,0.3,2.64,NA,0.34,0.38,NA,NA,99.83,1.08,179.31,NA,NA,16.51,760.17,0.95
2026-08-24 05:00:00,NA,NA,15.86,14.62,20.14,33.78,2.51,0.6,17.04,0.31,2.66,NA,0.34,0.38,NA,NA,99.83,0.85,209.17,NA,NA,17.24,761.46,0.95
2026-08-24 06:00:00,NA,NA,16.18,15.15,21.2,37.82,2.57,0.56,16.66,0.39,2.8,NA,0.35,0.44,NA,NA,99.8,1.14,184.77,NA,NA,18.83,764.33,0.97
2026-08-24 07:00:00,NA,NA,19.22,15.12,23.26,41.58,4.51,0.62,23.96,0.67,3.84,NA,0.4,0.56,NA,NA,96.39,0.77,159.46,NA,NA,19.23,764.8,1.0
2026-08-24 08:00:00,18.85,20.15,18.25,17.8,23.19,46.86,5.42,0.99,39.5,0.68,4.1,NA,0.46,0.58,NA,NA,83.82,0.93,204.26,NA,NA,151.21,757.56,1.08
2026-08-24 09:00:00,18.5,20.1,18.57,18.41,24.41,51.49,5.78,0.49,43.9,0.81,5.56,NA,0.66,0.66,NA,NA,75.09,0.61,285.86,NA,NA,88.42,742.9,1.14
2026-08-24 10:00:00,32.55,36.9,20.78,18.92,25.37,51.26,7.99,1.0,51.8,0.77,5.37,NA,0.67,0.65,NA,NA,73.2,1.11,196.78,NA,NA,144.21,742.63,1.17
2026-08-24 11:00:00,34.45,42.78,18.77,17.83,23.82,51.34,9.05,1.35,61.6,0.77,5.59,NA,0.56,0.62,NA,NA,68.26,0.95,250.97,NA,NA,236.11,742.76,1.21
2026-08-24 12:00:00,32.5,56.75,19.94,16.96,25.1,50.89,7.95,1.17,44.61,0.79,6.17,NA,0.26,0.42,NA,NA,65.13,0.96,136.15,NA,NA,266.26,742.49,1.23
2026-08-24 13:00:00,26.83,62.85,18.27,16.24,23.13,53.25,7.87,0.52,44.09,0.95,7.27,NA,0.31,0.48,NA,NA,62.35,0.92,102.13,NA,NA,332.18,742.51,1.25
2026-08-24 14:00:00,20.7,58.6,18.76,16.78,24.23,56.58,10.54,0.49,51.09,0.99,7.21,NA,0.31,0.49,NA,NA,68.44,0.76,137.81,NA,NA,388.95,742.37,1.21
2026-08-24 15:00:00,17.33,60.25,19.91,16.99,25.26,58.56,10.21,0.16,56.92,0.89,6.11,NA,0.26,0.42,NA,NA,71.27,1.3,156.95,NA,NA,463.27,742.32,1.19
2026-08-24 16:00:00,24.6,66.48,14.61,17.16,20.27,58.62,6.57,0.12,59.74,0.87,6.66,NA,0.32,0.46,NA,NA,81.74,1.63,169.02,NA,NA,469.21,743.49,1.11
2026-08-24 17:00:00,34.2,71.43,19.61,18.11,26.0,58.99,6.68,0.44,64.57,0.87,7.22,NA,0.47,0.62,NA,NA,87.71,0.54,167.27,NA,NA,468.18,743.32,1.09
2026-08-24 18:00:00,40.55,69.2,15.66,16.95,21.84,59.14,6.56,0.62,55.89,1.03,7.41,NA,0.6,0.72,NA,NA,89.11,1.26,204.24,NA,NA,412.9,746.69,1.06
2026-08-24 19:00:00,45.23,61.73,18.56,16.48,23.45,63.2,10.65,0.2,33.67,1.43,7.77,NA,1.01,0.98,NA,NA,99.79,0.52,141.02,NA,NA,189.98,760.36,1.0
2026-08-24 20:00:00,39.23,66.4,17.7,17.55,23.78,64.82,10.17,0.97,29.97,1.79,6.22,NA,0.93,0.77,NA,NA,99.13,1.1,192.78,NA,NA,120.64,759.67,1.03
2026-08-24 21:00:00,29.43,71.0,15.24,17.42,20.68,63.51,8.39,0.53,21.75,2.04,4.67,NA,0.88,0.67,NA,NA,96.71,1.09,187.12,NA,NA,16.98,751.36,1.03
2026-08-24 22:00:00,26.83,69.3,20.84,17.8,26.44,56.86,6.06,0.13,20.12,1.54,4.09,NA,0.47,0.52,NA,NA,97.61,1.17,194.5,NA,NA,14.07,746.07,1.01
2026-08-24 23:00:00,23.07,70.6,20.86,17.47,26.03,50.49,5.88,0.61,17.84,1.47,3.73,NA,0.38,0.48,NA,NA,99.22,0.84,158.51,NA,NA,12.65,743.57,1.01
2026-08-25 00:00:00,18.18,63.93,18.73,17.1,24.09,45.39,5.99,0.52,19.3,0.48,3.62,NA,0.3,0.3,NA,NA,99.74,1.26,181.6,NA,NA,12.46,743.25,1.01
2026-08-25 01:00:00,25.38,56.83,20.13,16.57,24.34,45.58,5.99,0.63,20.62,0.44,3.78,NA,0.3,0.29,NA,NA,99.79,1.21,176.23,NA,NA,12.44,743.2,0.99
2026-08-25 02:00:00,33.65,47.78,20.16,16.81,24.65,45.55,6.01,0.63,20.55,0.48,3.63,NA,0.29,0.29,NA,NA,99.82,1.22,183.64,NA,NA,12.42,743.14,0.99
2026-08-25 03:00:00,27.65,45.93,18.34,17.43,23.58,45.64,4.56,0.54,19.72,0.42,3.41,NA,0.38,0.43,NA,NA,99.83,1.18,183.32,NA,NA,12.39,743.1,0.99
2026-08-25 04:00:00,18.98,45.1,17.0,16.6,22.02,40.41,4.46,0.58,21.47,0.36,3.24,NA,0.43,0.52,NA,NA,99.83,1.13,185.58,NA,NA,12.38,743.05,0.99
2026-08-25 05:00:00,27.65,46.13,21.58,16.7,26.35,39.5,4.44,0.43,21.29,0.37,3.28,NA,0.43,0.49,NA,NA,99.45,1.25,191.22,NA,NA,12.38,743.08,0.99
2026-08-25 06:00:00,37.1,50.2,21.44,17.05,26.63,44.29,4.48,0.47,21.79,0.46,3.5,NA,0.45,0.54,NA,NA,99.24,1.11,188.4,NA,NA,12.38,743.13,1.0
2026-08-25 07:00:00,25.0,39.65,16.81,16.39,22.15,46.96,6.55,0.48,18.08,0.81,4.7,NA,0.5,0.65,NA,NA,95.6,1.06,208.02,NA,NA,12.34,743.05,1.01
2026-08-25 08:00:00,21.83,38.13,18.92,16.64,23.64,53.45,6.33,0.46,26.57,0.88,5.27,NA,0.57,0.72,NA,NA,93.84,1.43,208.22,NA,NA,53.26,743.01,1.03
2026-08-25 09:00:00,18.9,36.6,15.45,17.23,21.32,55.81,6.42,0.56,33.41,0.99,7.01,NA,0.82,0.84,NA,NA,88.22,1.34,227.2,NA,NA,79.85,743.03,1.05
2026-08-25 10:00:00,33.0,40.85,19.97,17.55,25.15,55.27,7.42,0.52,40.31,0.97,6.77,NA,0.83,0.84,NA,NA,83.37,1.53,242.97,NA,NA,123.05,742.97,1.06
2026-08-25 11:00:00,29.08,49.6,20.56,20.65,27.36,55.84,5.98,0.37,59.58,0.99,6.92,NA,0.71,0.79,NA,NA,82.04,1.76,232.94,NA,NA,221.17,742.85,1.07
2026-08-25 12:00:00,21.88,54.53,19.65,20.47,26.58,56.71,4.28,0.38,59.67,1.04,7.64,NA,0.32,0.51,NA,NA,81.47,1.53,224.66,NA,NA,237.37,742.76,1.07
2026-08-25 13:00:00,16.73,31.65,25.95,20.63,31.4,60.06,4.59,0.52,66.77,0.98,7.9,NA,0.32,0.53,NA,NA,78.33,1.75,213.72,NA,NA,316.23,742.51,1.09
2026-08-25 14:00:00,16.45,25.73,22.15,20.55,28.33,62.45,6.64,0.43,66.63,0.99,7.06,NA,0.31,0.51,NA,NA,78.97,1.62,210.88,NA,NA,315.97,742.29,1.08
2026-08-25 15:00:00,16.23,23.1,24.11,20.15,29.84,62.33,6.43,0.44,71.1,0.83,6.15,NA,0.26,0.42,NA,NA,87.31,1.53,200.13,NA,NA,320.18,743.13,1.05
2026-08-25 16:00:00,16.43,28.73,19.93,18.43,25.79,59.99,3.05,0.48,54.59,0.89,6.37,NA,0.33,0.48,NA,NA,90.43,1.45,178.76,NA,NA,242.82,742.98,1.05
2026-08-25 17:00:00,14.4,39.75,16.45,17.42,21.92,55.6,3.33,0.51,41.51,0.7,5.94,NA,0.38,0.52,NA,NA,92.83,1.48,170.36,NA,NA,145.6,742.98,1.05
2026-08-25 18:00:00,12.35,39.8,17.6,19.14,24.73,56.29,3.81,0.56,34.61,0.6,4.45,NA,0.36,0.42,NA,NA,94.37,1.75,181.61,NA,NA,71.71,742.9,1.04
2026-08-25 19:00:00,14.1,31.8,21.96,18.09,27.09,60.08,7.06,0.51,34.58,0.86,4.8,NA,0.6,0.59,NA,NA,93.59,1.59,175.69,NA,NA,71.63,742.9,1.04
2026-08-25 20:00:00,15.8,28.65,22.06,18.13,26.98,62.55,6.72,0.77,18.26,1.08,3.72,NA,0.55,0.47,NA,NA,94.1,1.49,180.43,NA,NA,25.32,742.85,1.04
2026-08-25 21:00:00,17.58,27.13,20.07,18.73,25.27,58.83,6.72,0.58,13.01,1.28,2.75,NA,0.53,0.41,NA,NA,94.35,1.73,177.53,NA,NA,15.71,742.96,1.04
2026-08-25 22:00:00,21.1,35.03,19.92,17.12,24.9,53.6,4.41,0.44,12.0,0.91,2.24,NA,0.29,0.31,NA,NA,97.34,1.15,176.85,NA,NA,15.87,743.01,1.03
2026-08-25 23:00:00,17.73,41.7,15.09,14.52,19.46,47.25,4.3,0.35,12.18,0.81,2.35,NA,0.23,0.28,NA,NA,99.81,1.36,181.15,NA,NA,16.24,743.09,1.02
2026-08-26 00:00:00,15.77,33.53,14.56,14.56,18.97,42.68,4.34,0.21,12.76,0.27,2.21,NA,0.17,0.17,NA,NA,99.81,1.33,179.84,NA,NA,15.5,742.92,1.02
2026-08-26 01:00:00,19.7,28.95,18.53,14.32,21.45,42.99,4.31,0.55,11.63,0.28,2.23,NA,0.18,0.19,NA,NA,99.63,0.97,160.59,NA,NA,15.49,742.9,1.02
2026-08-26 02:00:00,16.35,26.15,15.95,14.36,19.99,42.7,4.41,0.47,12.12,0.28,2.17,NA,0.18,0.17,NA,NA,99.84,1.13,190.41,NA,NA,16.04,743.06,1.01
2026-08-26 03:00:00,17.73,25.95,14.11,14.35,18.85,42.55,2.78,0.61,13.72,0.26,2.11,NA,0.23,0.25,NA,NA,98.47,1.13,193.3,NA,NA,15.56,742.95,1.01
2026-08-26 04:00:00,24.8,27.42,15.02,14.75,19.85,37.51,2.83,0.43,13.64,0.23,2.0,NA,0.26,0.28,NA,NA,98.05,1.12,196.61,NA,NA,15.65,743.01,1.01
2026-08-26 05:00:00,26.3,29.5,15.33,15.61,20.81,36.71,2.8,0.56,13.83,0.22,1.96,NA,0.26,0.32,NA,NA,97.08,1.29,196.37,NA,NA,15.62,742.96,1.0
2026-08-26 06:00:00,21.95,29.15,18.31,14.91,22.88,40.38,2.67,0.64,15.68,0.3,2.22,NA,0.27,0.3,NA,NA,96.67,1.32,213.0,NA,NA,15.5,742.98,1.01
2026-08-26 07:00:00,23.6,32.7,16.25,15.21,21.14,44.73,4.97,0.84,16.46,0.49,2.89,NA,0.3,0.4,NA,NA,92.1,1.46,230.38,NA,NA,15.87,742.97,1.02
2026-08-26 08:00:00,24.03,33.03,19.05,17.37,24.73,49.89,4.86,1.56,22.43,0.51,3.11,NA,0.35,0.41,NA,NA,90.19,1.53,237.71,NA,NA,27.48,742.81,1.04
2026-08-26 09:00:00,25.13,32.35,20.12,18.48,25.49,53.65,4.69,0.52,26.8,0.57,4.14,NA,0.5,0.5,NA,NA,90.24,0.79,190.22,NA,NA,42.8,742.88,1.05
2026-08-26 10:00:00,30.98,38.9,24.02,18.55,28.9,51.83,6.01,0.73,27.36,0.58,4.08,NA,0.5,0.5,NA,NA,95.55,0.92,215.74,NA,NA,41.94,742.88,1.05
2026-08-26 11:00:00,26.53,42.65,21.09,17.62,25.27,49.73,6.0,0.68,29.74,0.58,4.19,NA,0.42,0.46,NA,NA,90.8,0.49,124.75,NA,NA,44.28,742.88,1.08
2026-08-26 12:00:00,15.33,48.78,19.67,15.76,24.33,46.97,5.05,0.88,42.04,0.65,4.68,NA,0.19,0.32,NA,NA,96.79,0.52,187.67,NA,NA,150.93,742.93,1.07
2026-08-26 13:00:00,16.75,48.6,14.43,15.01,19.42,51.32,5.11,0.63,47.16,0.62,4.86,NA,0.19,0.32,NA,NA,83.77,1.13,179.59,NA,NA,172.53,742.76,1.15
2026-08-26 14:00:00,18.35,39.55,15.45,14.79,20.21,53.51,7.23,0.82,44.23,0.61,4.55,NA,0.19,0.29,NA,NA,73.84,1.47,195.55,NA,NA,161.41,742.51,1.19
2026-08-26 15:00:00,15.55,38.88,16.31,14.94,21.16,55.93,6.95,0.26,43.55,0.5,3.76,NA,0.15,0.25,NA,NA,87.92,1.19,196.04,NA,NA,177.29,742.81,1.09
2026-08-26 16:00:00,21.68,42.13,15.02,14.49,19.01,55.34,3.98,0.16,47.53,0.51,3.9,NA,0.19,0.29,NA,NA,95.29,1.42,179.01,NA,NA,171.48,742.77,1.04
2026-08-26 17:00:00,27.48,38.7,23.95,15.78,27.57,56.44,3.99,0.33,48.4,0.51,4.38,NA,0.3,0.37,NA,NA,99.84,0.81,134.41,NA,NA,172.22,742.82,0.94
2026-08-26 18:00:00,27.9,35.75,16.88,15.39,21.4,57.29,3.92,0.47,48.28,0.6,4.34,NA,0.35,0.43,NA,NA,99.86,1.26,154.36,NA,NA,643.9,752.0,0.96
2026-08-26 19:00:00,23.03,37.45,17.05,14.28,20.88,59.92,7.02,0.52,46.26,0.86,4.81,NA,0.61,0.59,NA,NA,99.89,1.52,171.2,NA,NA,751.31,754.26,0.97
2026-08-26 20:00:00,19.4,35.18,15.6,14.53,20.21,61.37,7.07,0.69,39.62,1.09,3.58,NA,0.56,0.48,NA,NA,99.9,1.48,174.59,NA,NA,760.37,755.64,0.97
2026-08-26 21:00:00,21.53,34.3,15.12,15.78,20.72,59.51,7.22,0.66,28.14,1.23,2.93,NA,0.53,0.4,NA,NA,99.9,1.22,195.53,NA,NA,6.12,754.35,0.98
2026-08-26 22:00:00,24.48,34.23,15.11,14.93,19.69,53.53,4.45,0.48,28.74,0.91,2.33,NA,0.29,0.31,NA,NA,99.85,1.27,179.72,NA,NA,5.17,752.25,0.99
2026-08-26 23:00:00,27.33,33.93,18.55,15.57,23.38,47.75,4.28,0.61,24.7,0.82,2.31,NA,0.23,0.29,NA,NA,99.83,1.31,183.65,NA,NA,4.47,750.82,0.99
2026-08-27 00:00:00,21.47,36.1,14.71,15.24,19.84,42.85,4.31,0.32,24.3,0.29,2.3,NA,0.17,0.18,NA,NA,99.83,1.4,195.23,NA,NA,2.15,746.32,0.98
2026-08-27 01:00:00,23.4,33.2,21.13,14.69,24.38,42.56,4.29,0.29,26.11,0.3,2.18,NA,0.18,0.18,NA,NA,99.83,1.22,201.61,NA,NA,1.05,744.35,0.99
2026-08-27 02:00:00,22.53,27.2,18.57,15.02,22.43,42.6,4.36,0.0,29.97,0.27,2.24,NA,0.18,0.17,NA,NA,99.81,1.28,236.69,NA,NA,0.31,743.0,0.99
2026-08-27 03:00:00,15.2,24.4,19.52,14.71,23.39,42.48,2.77,0.31,28.41,0.25,2.1,NA,0.23,0.26,NA,NA,99.8,1.29,189.9,NA,NA,0.28,742.97,0.99
2026-08-27 04:00:00,21.47,30.05,18.21,14.28,21.42,36.77,2.75,0.31,28.7,0.21,1.99,NA,0.26,0.3,NA,NA,99.83,1.27,194.59,NA,NA,0.28,742.93,0.98
2026-08-27 05:00:00,15.63,29.45,21.35,14.47,24.07,36.83,2.73,0.61,26.96,0.23,1.89,NA,0.26,0.31,NA,NA,99.79,1.3,206.93,NA,NA,0.28,742.95,0.99
2026-08-27 06:00:00,8.0,30.43,15.61,14.5,19.33,41.24,2.74,0.72,27.97,0.29,2.13,NA,0.27,0.34,NA,NA,96.52,1.16,211.13,NA,NA,0.26,742.93,1.01
2026-08-27 07:00:00,6.57,32.2,15.57,14.85,19.79,43.1,4.78,0.42,29.13,0.49,2.92,NA,0.3,0.39,NA,NA,90.68,1.35,235.76,NA,NA,0.31,742.85,1.04
2026-08-27 08:00:00,11.38,35.05,14.83,17.17,21.0,49.83,4.76,1.35,36.81,0.52,3.14,NA,0.34,0.43,NA,NA,85.75,1.22,236.45,NA,NA,42.22,742.66,1.08
2026-08-27 09:00:00,13.8,37.78,18.47,18.33,24.04,53.44,4.63,0.44,34.44,0.58,4.0,NA,0.5,0.51,NA,NA,81.25,0.87,246.5,NA,NA,78.62,742.62,1.12
2026-08-27 10:00:00,15.78,39.78,20.64,19.77,26.69,50.35,5.8,0.6,34.71,0.6,4.13,NA,0.5,0.51,NA,NA,76.31,1.02,247.68,NA,NA,173.38,742.58,1.15
2026-08-27 11:00:00,19.2,44.6,23.7,20.1,29.54,46.21,6.08,0.23,32.36,0.6,4.23,NA,0.43,0.48,NA,NA,71.36,1.3,241.42,NA,NA,197.21,742.53,1.19
2026-08-27 12:00:00,23.58,50.25,18.55,18.59,24.03,48.59,4.8,0.22,45.28,0.78,5.84,NA,0.25,0.38,NA,NA,69.35,1.12,72.44,NA,NA,230.34,742.36,1.21
2026-08-27 13:00:00,25.88,47.55,20.03,16.17,24.65,57.27,4.19,0.42,53.42,1.06,7.71,NA,0.31,0.52,NA,NA,70.98,1.65,34.76,NA,NA,277.27,742.3,1.19
2026-08-27 14:00:00,18.48,41.0,17.23,16.1,21.2,60.96,5.94,0.51,55.0,0.98,7.45,NA,0.31,0.48,NA,NA,70.8,1.46,151.74,NA,NA,277.61,742.39,1.19
2026-08-27 15:00:00,10.5,36.33,18.47,17.38,24.31,61.95,5.95,0.58,55.35,0.9,6.38,NA,0.27,0.43,NA,NA,76.48,2.08,163.04,NA,NA,277.19,742.34,1.14
2026-08-27 16:00:00,6.83,35.55,16.49,17.39,22.17,62.71,3.18,0.53,47.18,0.87,6.56,NA,0.31,0.47,NA,NA,77.05,2.36,163.86,NA,NA,198.42,742.18,1.13
2026-08-27 17:00:00,16.88,37.93,22.18,16.8,26.67,62.42,3.15,0.43,42.81,0.85,7.1,NA,0.46,0.63,NA,NA,80.79,1.97,169.0,NA,NA,157.07,742.36,1.11
2026-08-27 18:00:00,26.78,36.7,21.42,16.69,25.64,62.8,3.21,0.4,38.77,0.99,7.56,NA,0.59,0.72,NA,NA,86.83,1.86,162.93,NA,NA,157.11,742.29,1.08
2026-08-27 19:00:00,28.2,33.33,15.99,16.89,21.24,67.28,6.02,0.56,39.35,1.34,7.9,NA,0.98,0.98,NA,NA,88.78,1.79,176.72,NA,NA,157.18,742.37,1.07
2026-08-27 20:00:00,23.4,28.33,21.17,19.76,27.03,71.85,5.71,0.62,29.92,1.8,5.93,NA,0.93,0.79,NA,NA,87.24,1.7,163.49,NA,NA,50.6,742.36,1.06
2026-08-27 21:00:00,NA,NA,18.01,20.69,24.37,66.29,5.77,0.72,25.65,2.13,4.9,NA,0.89,0.64,NA,NA,87.02,1.21,180.43,NA,NA,0.52,742.33,1.04
2026-08-27 22:00:00,19.95,21.45,18.99,18.88,24.91,59.98,2.93,0.87,16.5,1.54,4.08,NA,0.47,0.5,NA,NA,87.48,0.5,136.25,NA,NA,18.15,742.49,1.04
2026-08-27 23:00:00,19.23,28.07,16.95,16.64,22.28,51.45,2.73,0.55,14.75,1.41,3.77,NA,0.38,0.46,NA,NA,87.72,0.83,127.11,NA,NA,22.07,742.43,1.04
2026-08-28 00:00:00,22.15,40.18,16.49,15.51,21.53,47.25,2.81,0.42,11.23,0.44,3.76,NA,0.3,0.31,NA,NA,92.9,1.44,172.32,NA,NA,22.12,742.28,1.01
2026-08-28 01:00:00,24.2,34.38,19.56,14.78,23.41,47.57,2.79,0.4,12.0,0.47,3.78,NA,0.3,0.3,NA,NA,95.31,1.49,170.69,NA,NA,22.15,742.35,1.0
2026-08-28 02:00:00,22.3,30.4,18.4,14.6,22.28,47.88,2.77,0.38,13.69,0.47,3.74,NA,0.3,0.29,NA,NA,95.39,1.07,161.44,NA,NA,22.15,742.32,0.99
2026-08-28 03:00:00,NA,NA,17.13,14.6,20.9,47.67,1.69,0.43,15.98,0.43,3.41,NA,0.38,0.43,NA,NA,96.09,1.44,164.89,NA,NA,22.09,742.24,0.99
2026-08-28 04:00:00,NA,NA,18.57,14.63,22.5,41.95,1.77,0.44,15.19,0.36,3.27,NA,0.43,0.49,NA,NA,96.91,1.48,162.8,NA,NA,22.1,742.21,0.99
2026-08-28 05:00:00,NA,NA,14.75,14.61,18.56,40.97,1.72,0.79,19.38,0.38,3.26,NA,0.43,0.51,NA,NA,96.33,1.35,202.8,NA,NA,27.89,743.38,1.0
2026-08-28 06:00:00,NA,NA,19.08,14.96,23.4,46.51,1.87,0.79,18.86,0.48,3.47,NA,0.45,0.56,NA,NA,99.85,1.44,150.39,NA,NA,50.25,747.85,0.97
2026-08-28 07:00:00,NA,NA,13.42,15.21,18.52,48.42,2.95,0.24,20.43,0.8,4.74,NA,0.5,0.69,NA,NA,99.73,1.35,166.97,NA,NA,29.98,744.03,0.98
2026-08-28 08:00:00,NA,NA,16.76,15.06,21.54,55.14,2.98,0.02,18.33,0.85,5.32,NA,0.57,0.71,NA,NA,99.43,1.45,167.34,NA,NA,37.34,745.24,0.99
2026-08-28 09:00:00,NA,NA,24.09,17.99,28.24,59.44,4.35,0.01,26.56,0.96,6.82,NA,0.83,0.84,NA,NA,91.03,1.25,175.61,NA,NA,96.21,742.74,1.05
2026-08-28 10:00:00,NA,NA,28.1,18.41,30.01,59.36,5.33,0.0,18.68,0.99,6.65,NA,0.83,0.86,NA,NA,81.62,1.19,191.82,NA,NA,98.43,742.35,1.12
2026-08-28 11:00:00,18.85,19.5,19.65,19.46,24.63,56.69,5.24,3.72,21.52,0.99,7.13,NA,0.71,0.77,NA,NA,73.57,1.25,149.23,NA,NA,99.04,742.52,1.19
2026-08-28 12:00:00,18.55,25.6,19.67,18.68,25.46,54.33,4.61,3.31,32.78,1.07,7.72,NA,0.33,0.53,NA,NA,71.92,1.28,70.07,NA,NA,98.17,742.38,1.19
2026-08-28 13:00:00,18.3,29.2,18.34,19.18,24.52,56.53,4.69,0.4,33.59,1.04,7.62,NA,0.33,0.54,NA,NA,72.79,1.4,79.77,NA,NA,98.62,742.42,1.2
2026-08-28 14:00:00,18.2,26.4,23.56,18.78,28.61,59.11,6.68,0.17,36.73,1.01,7.49,NA,0.31,0.52,NA,NA,86.18,1.49,140.07,NA,NA,99.76,742.63,1.06
2026-08-28 15:00:00,NA,NA,19.62,18.48,25.78,61.88,6.28,0.68,32.5,0.87,6.17,NA,0.26,0.44,NA,NA,80.22,0.63,63.41,NA,NA,99.41,742.55,1.1
2026-08-28 16:00:00,26.4,29.1,22.4,18.16,27.71,62.92,3.42,1.37,30.22,0.85,6.22,NA,0.26,0.43,NA,NA,76.0,0.56,102.2,NA,NA,98.52,742.41,1.14
2026-08-28 17:00:00,28.73,32.0,21.84,18.32,27.31,62.24,3.53,0.0,35.88,0.86,7.18,NA,0.46,0.65,NA,NA,81.78,0.67,61.17,NA,NA,97.8,742.26,1.13
2026-08-28 18:00:00,37.38,55.55,22.13,21.27,28.54,63.41,3.53,0.0,30.95,1.0,7.28,NA,0.58,0.72,NA,NA,86.15,0.74,61.28,NA,NA,73.18,742.19,1.11
2026-08-28 19:00:00,35.95,71.75,26.01,20.38,31.43,68.06,6.42,0.68,34.77,1.38,7.81,NA,0.98,0.97,NA,NA,91.25,0.8,50.94,NA,NA,NA,742.1,1.09
2026-08-28 20:00:00,38.27,56.8,20.93,20.43,27.85,68.84,6.48,0.22,26.05,1.89,5.62,NA,0.92,0.77,NA,NA,92.76,0.85,48.78,NA,NA,NA,742.14,1.08
2026-08-28 21:00:00,41.15,57.65,27.97,19.58,32.3,65.89,6.79,0.56,23.05,2.15,4.76,NA,0.89,0.63,NA,NA,92.74,0.86,52.5,NA,NA,NA,742.0,1.07
2026-08-28 22:00:00,36.25,69.98,18.25,16.8,22.97,59.36,4.17,0.84,24.11,1.53,4.05,NA,0.48,0.49,NA,NA,93.03,1.13,52.04,NA,NA,NA,742.07,1.07
2026-08-28 23:00:00,32.93,76.67,17.69,14.6,21.3,52.62,3.84,0.55,18.96,1.34,3.94,NA,0.39,0.48,NA,NA,94.54,0.94,63.15,NA,NA,11.9,742.13,1.06
2026-08-29 00:00:00,32.65,83.05,17.41,14.37,20.98,46.9,3.87,0.41,19.68,0.46,3.73,NA,0.3,0.31,NA,NA,97.91,0.78,57.35,NA,NA,25.28,742.3,1.05
2026-08-29 01:00:00,24.33,85.03,17.54,14.7,21.31,47.41,3.85,0.69,19.3,0.45,3.62,NA,0.28,0.29,NA,NA,99.31,0.75,53.63,NA,NA,25.33,742.61,1.04
2026-08-29 02:00:00,21.7,77.78,18.32,14.44,22.28,47.72,3.98,0.61,20.61,0.47,3.81,NA,0.3,0.28,NA,NA,96.76,0.48,56.36,NA,NA,25.33,742.24,1.03
2026-08-29 03:00:00,19.45,67.15,16.61,15.47,21.8,48.03,2.42,0.6,20.02,0.4,3.4,NA,0.39,0.41,NA,NA,91.5,0.33,137.66,NA,NA,25.35,742.32,1.02
2026-08-29 04:00:00,23.78,63.7,16.74,14.79,21.34,41.72,2.37,0.53,17.76,0.36,3.35,NA,0.43,0.52,NA,NA,94.58,0.19,169.49,NA,NA,25.34,742.33,1.01
2026-08-29 05:00:00,27.05,59.58,15.18,14.97,19.94,40.93,2.46,0.59,20.53,0.37,3.35,NA,0.43,0.5,NA,NA,93.86,0.36,41.56,NA,NA,25.3,742.15,1.0
2026-08-29 06:00:00,29.45,55.1,15.46,15.21,20.74,45.36,2.52,0.62,16.33,0.48,3.69,NA,0.45,0.51,NA,NA,92.49,0.48,108.79,NA,NA,25.31,742.2,1.01
2026-08-29 07:00:00,31.65,48.68,17.06,14.79,21.62,50.14,4.29,0.15,16.82,0.89,4.85,NA,0.49,0.67,NA,NA,85.3,1.37,170.59,NA,NA,25.3,742.21,1.05
2026-08-29 08:00:00,23.08,37.93,15.68,14.85,20.31,54.76,4.34,0.25,16.76,0.81,5.49,NA,0.57,0.71,NA,NA,81.55,1.25,170.08,NA,NA,25.32,742.29,1.09
2026-08-29 09:00:00,19.23,38.73,17.53,16.52,22.74,59.51,5.12,0.9,22.42,0.97,6.75,NA,0.83,0.84,NA,NA,77.34,0.69,173.51,NA,NA,59.14,742.41,1.15
2026-08-29 10:00:00,23.4,44.45,20.3,18.71,26.55,59.22,7.22,1.11,28.13,0.95,6.88,NA,0.84,0.87,NA,NA,73.41,1.05,155.41,NA,NA,98.55,742.41,1.19
2026-08-29 11:00:00,34.08,49.48,19.36,17.88,25.32,59.34,6.07,0.79,41.57,1.03,6.98,NA,0.7,0.76,NA,NA,67.77,1.1,161.07,NA,NA,141.19,742.41,1.23
2026-08-29 12:00:00,32.85,51.15,17.07,15.93,21.83,60.87,4.57,0.79,56.9,1.02,7.64,NA,0.32,0.55,NA,NA,67.88,1.26,128.75,NA,NA,175.7,742.36,1.23
2026-08-29 13:00:00,22.7,53.53,18.99,16.88,24.46,63.75,4.61,0.5,56.37,1.0,7.49,NA,0.33,0.55,NA,NA,82.4,1.88,127.32,NA,NA,176.62,742.72,1.12
2026-08-29 14:00:00,24.88,52.15,18.2,17.04,24.0,66.46,6.56,0.37,67.25,1.01,7.22,NA,0.3,0.48,NA,NA,98.51,1.02,187.41,NA,NA,177.37,742.77,1.01
2026-08-29 15:00:00,26.25,44.5,15.48,16.6,20.84,68.22,6.38,0.5,67.38,0.84,6.17,NA,0.26,0.44,NA,NA,93.02,1.41,203.99,NA,NA,177.07,742.84,1.04
2026-08-29 16:00:00,25.4,42.58,18.1,16.68,23.49,68.43,3.53,0.48,63.96,0.87,6.54,NA,0.32,0.48,NA,NA,96.08,0.83,210.7,NA,NA,177.36,742.82,1.02
2026-08-29 17:00:00,29.45,37.48,19.38,16.65,24.47,69.04,3.54,0.49,67.01,0.86,7.31,NA,0.48,0.64,NA,NA,98.71,1.01,154.75,NA,NA,177.11,742.77,1.01
2026-08-29 18:00:00,30.0,33.7,15.58,17.61,21.92,69.31,3.35,0.46,65.91,1.01,7.35,NA,0.6,0.71,NA,NA,99.18,0.59,126.68,NA,NA,176.79,742.74,1.0
2026-08-29 19:00:00,NA,NA,20.21,20.36,27.25,74.02,6.73,0.73,42.08,1.4,7.66,NA,0.98,0.98,NA,NA,97.06,1.22,43.36,NA,NA,68.05,742.69,1.03
2026-08-29 20:00:00,NA,30.45,23.44,21.98,30.73,79.58,8.68,0.94,32.47,1.85,6.06,NA,0.93,0.77,NA,NA,99.73,0.66,146.1,NA,NA,14.67,742.59,1.02
2026-08-29 21:00:00,36.35,55.5,26.03,22.13,32.63,74.44,9.63,1.06,26.72,2.11,4.8,NA,0.89,0.65,NA,NA,99.83,0.72,161.05,NA,NA,24.11,742.51,1.02
2026-08-29 22:00:00,36.88,59.6,21.4,22.37,29.05,66.75,5.93,1.37,26.1,1.49,3.94,NA,0.47,0.5,NA,NA,99.55,0.85,165.2,NA,NA,27.12,742.77,1.03
2026-08-29 23:00:00,33.23,64.1,17.21,16.58,22.46,58.59,2.22,0.31,24.29,1.37,3.68,NA,0.38,0.46,NA,NA,95.58,0.76,100.99,NA,NA,21.47,742.61,1.01
2026-08-30 00:00:00,24.7,75.5,17.22,17.26,23.43,52.02,2.35,0.1,23.5,0.46,3.73,NA,0.29,0.3,NA,NA,91.86,1.43,32.78,NA,NA,21.38,742.58,1.04
2026-08-30 01:00:00,23.13,73.33,19.17,17.23,24.97,52.52,2.48,0.62,22.49,0.47,3.76,NA,0.3,0.29,NA,NA,99.39,2.17,33.2,NA,NA,21.66,742.64,1.03
2026-08-30 02:00:00,22.28,67.4,19.41,17.19,24.87,52.54,2.42,0.31,22.79,0.45,3.79,NA,0.28,0.31,NA,NA,97.93,1.73,33.21,NA,NA,21.36,742.58,1.03
2026-08-30 03:00:00,19.63,70.73,16.98,16.97,22.58,52.32,1.57,0.58,22.95,0.43,3.48,NA,0.39,0.41,NA,NA,96.24,0.8,155.09,NA,NA,21.07,742.54,1.03
2026-08-30 04:00:00,18.85,70.03,18.87,15.79,22.81,46.65,1.5,0.45,25.46,0.37,3.32,NA,0.43,0.51,NA,NA,99.8,1.41,175.36,NA,NA,43.52,746.74,0.98
2026-08-30 05:00:00,15.92,62.98,18.49,16.36,23.43,45.3,1.54,0.63,24.41,0.37,3.26,NA,0.43,0.51,NA,NA,99.89,1.91,170.99,NA,NA,66.18,751.2,0.94
2026-08-30 06:00:00,15.6,59.3,21.49,17.44,26.84,50.84,1.46,0.6,25.22,0.46,3.54,NA,0.45,0.54,NA,NA,99.9,1.33,185.92,NA,NA,38.38,745.82,0.93
2026-08-30 07:00:00,12.85,56.0,19.0,16.61,24.27,54.28,2.63,0.41,22.62,0.85,4.74,NA,0.49,0.67,NA,NA,99.9,1.26,153.38,NA,NA,44.26,746.91,0.94
2026-08-30 08:00:00,13.33,50.5,18.34,16.91,23.69,61.42,2.76,0.55,23.68,0.82,5.28,NA,0.58,0.72,NA,NA,97.81,1.1,190.69,NA,NA,73.75,752.41,0.98
2026-08-30 09:00:00,21.08,46.82,17.79,16.87,22.96,65.68,2.74,0.65,22.5,0.99,6.75,NA,0.82,0.87,NA,NA,90.14,1.68,177.19,NA,NA,47.92,747.34,1.01
2026-08-30 10:00:00,22.35,44.75,18.38,16.61,23.58,64.44,3.29,0.36,25.28,0.97,6.75,NA,0.82,0.85,NA,NA,84.78,1.7,179.55,NA,NA,47.85,742.18,1.05
2026-08-30 11:00:00,20.6,45.18,20.93,16.66,25.7,64.67,3.23,0.67,36.9,1.04,7.0,NA,0.71,0.76,NA,NA,79.99,1.8,162.15,NA,NA,159.06,742.25,1.09
2026-08-30 12:00:00,19.15,49.63,18.85,17.07,24.24,63.25,2.75,1.0,36.08,1.01,7.68,NA,0.32,0.51,NA,NA,77.58,1.79,169.49,NA,NA,159.06,742.26,1.11
2026-08-30 13:00:00,14.65,51.2,19.76,16.62,24.81,66.55,3.12,0.8,41.86,1.03,7.81,NA,0.32,0.53,NA,NA,77.31,2.04,173.35,NA,NA,159.11,742.27,1.12
2026-08-30 14:00:00,13.5,47.08,16.91,16.99,22.5,69.87,6.62,1.6,54.7,0.99,7.52,NA,0.32,0.54,NA,NA,76.3,1.78,178.02,NA,NA,159.11,742.32,1.13
2026-08-30 15:00:00,19.38,43.58,15.53,17.06,21.88,70.94,6.19,0.22,57.08,0.89,6.46,NA,0.27,0.43,NA,NA,71.97,1.73,176.8,NA,NA,159.2,742.28,1.17
2026-08-30 16:00:00,21.9,41.13,18.79,16.67,23.95,70.91,3.53,0.31,59.99,0.88,6.31,NA,0.31,0.47,NA,NA,72.97,1.86,165.78,NA,NA,158.88,742.25,1.15
2026-08-30 17:00:00,18.63,39.58,17.83,18.9,24.47,72.6,3.71,0.04,52.07,0.87,7.13,NA,0.48,0.62,NA,NA,75.97,1.58,163.65,NA,NA,158.8,742.16,1.13
2026-08-30 18:00:00,15.17,52.63,20.97,20.84,27.83,73.76,4.08,0.0,43.19,1.02,7.42,NA,0.58,0.7,NA,NA,81.01,1.53,174.61,NA,NA,158.75,742.21,1.11
2026-08-30 19:00:00,13.9,61.6,22.35,21.77,28.86,77.34,8.02,0.44,33.64,1.39,7.73,NA,0.99,0.97,NA,NA,83.8,1.48,174.61,NA,NA,118.32,742.3,1.08
2026-08-30 20:00:00,14.35,53.13,28.73,25.05,36.08,80.34,7.81,0.22,27.18,1.9,6.04,NA,0.92,0.8,NA,NA,85.67,1.15,190.49,NA,NA,35.6,742.15,1.06
2026-08-30 21:00:00,14.38,51.53,22.96,25.38,32.32,77.09,7.82,0.55,27.51,2.21,4.86,NA,0.89,0.67,NA,NA,87.09,0.94,151.77,NA,NA,35.54,742.05,1.06
2026-08-30 22:00:00,19.73,59.2,27.7,21.94,33.53,68.16,4.37,0.47,28.01,1.5,3.97,NA,0.47,0.5,NA,NA,85.23,1.03,163.45,NA,NA,29.14,742.24,1.05
2026-08-30 23:00:00,24.03,66.63,16.63,17.88,22.16,61.0,3.16,0.92,21.08,1.31,3.83,NA,0.39,0.47,NA,NA,86.74,1.03,158.44,NA,NA,11.58,742.3,1.04
2026-08-31 00:00:00,28.53,70.18,14.64,16.69,20.01,55.28,3.26,0.68,17.72,0.46,3.74,NA,0.3,0.3,NA,NA,87.1,0.68,136.62,NA,NA,11.5,742.14,1.03
2026-08-31 01:00:00,28.38,66.03,17.97,16.42,23.22,56.07,3.16,0.33,15.46,0.49,3.83,NA,0.29,0.3,NA,NA,87.37,0.68,191.25,NA,NA,11.6,742.22,1.03
2026-08-31 02:00:00,25.0,63.25,16.41,16.84,21.92,55.72,3.21,0.34,19.9,0.47,3.67,NA,0.31,0.29,NA,NA,86.77,0.93,203.77,NA,NA,11.56,742.3,1.03
2026-08-31 03:00:00,19.33,68.3,18.81,16.59,23.95,55.73,2.03,0.36,17.99,0.4,3.6,NA,0.38,0.42,NA,NA,89.17,1.15,164.89,NA,NA,11.71,742.22,1.03
2026-08-31 04:00:00,15.45,68.25,18.29,16.85,23.2,49.06,2.01,0.0,6.07,0.37,3.23,NA,0.43,0.5,NA,NA,91.25,0.86,153.46,NA,NA,11.78,742.27,1.01
2026-08-31 05:00:00,20.28,70.7,17.52,16.59,22.85,48.69,2.0,0.47,5.78,0.37,3.25,NA,0.43,0.49,NA,NA,89.72,0.96,205.2,NA,NA,11.7,742.19,1.02
2026-08-31 06:00:00,19.4,78.03,15.96,16.94,21.44,54.21,2.07,0.49,5.16,0.47,3.64,NA,0.44,0.55,NA,NA,90.11,0.69,138.08,NA,NA,11.71,742.24,1.02
2026-08-31 07:00:00,13.93,77.25,19.9,16.98,25.28,57.31,3.58,0.6,7.15,0.82,4.86,NA,0.51,0.67,NA,NA,86.46,0.89,167.17,NA,NA,11.74,742.17,1.04
2026-08-31 08:00:00,15.4,58.35,18.29,18.04,23.72,64.04,4.75,1.26,11.08,0.87,5.1,NA,0.58,0.7,NA,NA,85.91,0.93,170.3,NA,NA,76.48,742.36,1.05
2026-08-31 09:00:00,14.1,57.1,23.01,19.38,28.99,68.0,5.12,0.72,18.1,0.97,7.02,NA,0.83,0.82,NA,NA,86.09,1.28,163.62,NA,NA,98.07,742.34,1.08
2026-08-31 10:00:00,15.48,62.13,24.51,21.35,31.25,64.41,5.86,1.59,29.67,1.02,7.37,NA,0.9,0.92,NA,NA,83.53,1.32,179.19,NA,NA,139.85,742.31,1.09
2026-08-31 11:00:00,NA,NA,25.72,23.91,32.79,59.35,5.53,0.58,29.44,NA,NA,NA,NA,NA,NA,NA,74.93,1.07,166.24,NA,NA,198.42,742.41,1.16
2026-08-31 12:00:00,15.0,NA,23.68,24.75,32.35,56.72,4.34,0.01,41.86,NA,NA,NA,NA,NA,NA,NA,71.4,0.81,80.55,NA,NA,198.87,742.52,1.19
2026-08-31 13:00:00,28.3,44.6,26.08,23.38,33.14,59.96,4.7,NA,34.46,NA,NA,NA,NA,NA,NA,NA,74.14,0.57,117.35,NA,NA,198.54,742.34,1.17
2026-08-31 14:00:00,46.6,84.7,25.42,22.23,32.64,64.7,NA,0.68,39.68,1.2,9.08,NA,0.37,0.6,NA,NA,71.09,1.23,144.32,NA,NA,256.27,742.53,1.17
2026-08-31 15:00:00,47.1,63.7,25.36,17.76,28.87,65.17,NA,0.0,48.3,1.02,7.15,NA,0.31,0.5,NA,NA,77.21,1.22,51.29,NA,NA,328.73,742.84,1.13
2026-08-31 16:00:00,47.48,73.65,NA,NA,NA,65.32,3.49,0.26,48.64,1.04,7.52,NA,0.37,0.54,NA,NA,79.13,0.85,46.5,NA,NA,335.76,744.39,1.11
2026-08-31 17:00:00,32.2,79.7,26.13,18.45,31.05,66.0,3.4,0.74,NA,1.05,8.17,NA,0.58,0.77,NA,NA,76.53,0.51,83.37,NA,NA,329.93,744.87,1.09
2026-08-31 18:00:00,23.18,59.25,22.52,18.91,28.33,67.3,3.24,0.31,NA,1.0,7.45,NA,0.57,0.7,NA,NA,91.77,1.92,190.88,NA,NA,160.17,745.81,1.0
2026-08-31 19:00:00,19.63,57.95,19.43,16.81,24.62,NA,3.91,0.77,19.47,0.85,4.86,NA,0.6,0.59,NA,NA,99.87,1.41,186.0,NA,NA,137.62,768.09,0.92
2026-08-31 20:00:00,22.38,43.03,17.55,17.08,23.56,NA,3.71,0.82,19.46,1.16,3.61,NA,0.55,0.45,NA,NA,99.88,0.51,87.45,NA,NA,167.9,774.08,0.96
2026-08-31 21:00:00,21.08,35.1,18.23,16.7,23.72,42.6,3.91,0.62,17.28,1.26,2.81,NA,0.53,0.41,NA,NA,99.89,0.63,67.99,NA,NA,176.02,775.82,0.97
2026-08-31 22:00:00,NA,NA,18.88,16.2,23.52,37.68,2.34,0.54,18.71,0.92,2.43,NA,0.29,0.3,NA,NA,99.88,1.09,159.86,NA,NA,168.99,774.33,0.97
2026-08-31 23:00:00,30.87,34.5,17.89,16.56,23.04,33.42,2.39,0.65,19.02,0.82,2.21,NA,0.23,0.29,NA,NA,99.85,1.01,193.49,NA,NA,134.82,776.16,0.98
