Timestamp,PM2.5 (µg/m³),PM10 (µg/m³),NO (µg/m³),NO2 (µg/m³),NOx (ppb),NH3 (µg/m³),SO2 (µg/m³),CO (mg/m³),Ozone (µg/m³),Benzene (µg/m³),Toluene (µg/m³),Xylene (µg/m³),O Xylene (µg/m³),Eth-Benzene (µg/m³),MP-Xylene (µg/m³),AT (°C),RH (%),WS (m/s),WD (deg),RF (mm),TOT-RF (mm),SR (W/mt2),BP (mmHg),VWS (m/s)
2026-01-01 00:00:00,28.5,37.5,1.0,4.0,5.0,NA,7.0,0.0,21.75,2.0,3.0,2.0,NA,NA,NA,14.0,89.25,0.0,195.0,0.0,0.0,5.75,NA,0.0
2026-01-01 01:00:00,30.5,40.5,1.0,4.0,5.0,NA,7.0,0.0,21.0,2.0,3.0,2.0,NA,NA,NA,14.0,90.25,0.0,193.75,0.0,0.0,6.0,NA,0.0
2026-01-01 02:00:00,27.75,37.5,1.0,4.0,5.0,NA,7.5,0.0,21.0,2.0,3.5,2.5,NA,NA,NA,13.0,92.5,0.0,196.0,0.0,0.0,6.0,NA,0.0
2026-01-01 03:00:00,26.0,34.5,1.0,4.0,5.0,NA,8.0,0.0,21.0,2.0,3.67,2.67,NA,NA,NA,13.0,93.75,0.0,196.75,0.0,0.0,6.0,NA,0.0
2026-01-01 04:00:00,21.75,29.75,1.0,4.0,5.0,NA,7.0,0.0,21.0,2.0,3.0,2.0,NA,NA,NA,13.0,94.25,0.0,198.25,0.0,0.0,6.0,NA,0.0
2026-01-01 05:00:00,20.0,27.25,1.0,4.0,5.0,NA,7.33,0.0,20.25,2.0,3.0,2.0,NA,NA,NA,13.0,97.0,0.0,152.5,0.0,0.0,6.0,NA,0.0
2026-01-01 06:00:00,20.0,27.75,1.0,4.0,5.0,NA,8.0,0.0,20.0,2.0,3.75,2.75,NA,NA,NA,13.0,NA,0.0,195.0,0.0,0.0,6.0,NA,0.0
2026-01-01 07:00:00,28.5,38.0,1.0,4.0,5.0,NA,8.0,0.0,20.25,2.0,4.0,3.0,NA,NA,NA,13.0,96.0,0.0,190.25,0.0,0.0,6.0,NA,0.0
2026-01-01 08:00:00,51.75,74.25,1.0,4.0,5.0,NA,8.0,0.0,22.0,2.0,4.0,3.0,NA,NA,NA,13.75,90.0,0.0,190.25,0.0,0.0,6.0,NA,0.0
2026-01-01 09:00:00,66.0,92.5,1.0,4.25,6.0,NA,8.0,0.0,24.0,2.0,4.0,3.0,NA,NA,NA,15.25,80.5,0.0,207.75,0.0,0.0,6.0,NA,0.0
2026-01-01 10:00:00,57.5,82.0,1.25,5.0,6.0,NA,7.25,0.0,27.0,2.0,3.25,2.25,NA,NA,NA,17.0,70.0,0.0,197.5,0.0,0.0,6.0,NA,0.0
2026-01-01 11:00:00,55.25,78.25,2.0,5.0,7.0,NA,NA,0.0,29.5,NA,NA,NA,NA,NA,NA,18.5,63.25,0.0,206.25,0.0,0.0,6.0,NA,0.0
2026-01-01 12:00:00,63.0,89.0,2.0,5.75,7.0,NA,8.0,0.0,31.25,2.0,3.5,2.75,NA,NA,NA,19.75,57.0,0.0,225.0,0.0,0.0,6.0,NA,0.0
2026-01-01 13:00:00,67.5,95.25,2.0,6.0,7.5,NA,7.0,0.0,33.0,2.0,3.0,2.0,NA,NA,NA,20.75,51.0,0.0,231.75,0.0,0.0,6.0,NA,0.0
2026-01-01 14:00:00,70.75,99.5,2.0,6.0,7.0,NA,8.0,0.0,32.25,2.0,3.75,2.75,NA,NA,NA,20.25,53.75,0.0,214.75,0.0,0.0,6.0,NA,0.0
2026-01-01 15:00:00,72.0,101.5,2.0,6.0,7.0,NA,8.0,0.0,31.5,2.0,4.0,3.0,NA,NA,NA,19.75,57.0,0.0,235.0,0.0,0.0,6.0,NA,0.0
2026-01-01 16:00:00,75.5,106.25,2.0,5.0,7.0,NA,8.0,0.0,29.75,2.0,4.0,3.0,NA,NA,NA,18.75,63.25,0.0,242.5,0.0,0.0,6.0,NA,0.0
2026-01-01 17:00:00,64.75,91.25,1.5,5.0,6.25,NA,8.0,0.0,27.75,2.0,4.0,3.0,NA,NA,NA,17.5,73.5,0.0,213.5,0.0,0.0,6.0,NA,0.0
2026-01-01 18:00:00,77.0,107.25,1.0,5.0,6.0,NA,8.0,0.0,26.75,2.0,4.0,3.0,NA,NA,NA,17.0,81.25,0.0,214.25,0.0,0.0,6.0,NA,0.0
2026-01-01 19:00:00,89.5,124.0,1.0,5.0,6.0,NA,8.33,0.0,26.0,2.0,4.0,3.0,NA,NA,NA,16.25,83.75,0.0,225.25,0.0,0.0,6.0,NA,0.0
2026-01-01 20:00:00,104.0,144.25,1.0,5.0,6.0,NA,8.25,0.0,26.0,2.0,4.0,3.0,NA,NA,NA,16.0,85.25,0.0,242.25,0.0,0.0,6.0,NA,0.0
2026-01-01 21:00:00,97.25,134.25,1.0,5.0,6.0,NA,8.0,0.0,25.0,2.0,4.0,3.0,NA,NA,NA,16.0,86.75,0.0,215.0,0.0,0.0,6.0,NA,0.0
2026-01-01 22:00:00,94.25,130.25,1.0,4.25,6.0,NA,8.0,0.0,24.5,2.0,4.0,3.0,NA,NA,NA,15.75,89.5,0.0,207.25,0.0,0.0,6.0,NA,0.0
2026-01-01 23:00:00,91.25,126.5,1.0,4.0,6.0,NA,8.0,0.0,24.25,2.0,4.0,3.0,NA,NA,NA,15.25,90.0,0.0,254.75,0.0,0.0,6.0,NA,0.0
2026-01-02 00:00:00,95.25,132.0,1.0,4.0,6.0,NA,8.0,0.0,24.0,2.0,3.5,2.5,NA,NA,NA,15.0,93.25,0.0,221.0,0.0,0.0,6.0,NA,0.0
2026-01-02 01:00:00,107.25,148.5,1.0,4.0,6.0,NA,8.0,0.0,23.25,2.0,4.0,3.0,NA,NA,NA,15.0,95.0,0.0,203.75,0.0,0.0,6.0,NA,0.0
2026-01-02 02:00:00,109.0,150.0,1.0,4.0,5.5,NA,8.0,0.0,23.0,2.0,3.75,2.75,NA,NA,NA,15.0,97.0,0.0,259.0,0.0,0.0,6.0,NA,0.0
2026-01-02 03:00:00,109.75,151.75,1.0,4.0,5.0,NA,10.0,0.0,23.0,2.0,4.67,3.0,NA,NA,NA,14.25,NA,0.0,216.25,0.0,0.0,6.0,NA,0.0
2026-01-02 04:00:00,94.5,131.0,1.0,4.0,5.0,NA,8.0,0.0,22.75,2.0,3.75,2.5,NA,NA,NA,14.0,NA,0.0,252.5,0.0,0.0,6.0,NA,0.0
2026-01-02 05:00:00,89.25,123.5,1.0,4.0,5.0,NA,7.0,0.0,22.0,2.0,3.0,2.0,NA,NA,NA,14.0,NA,0.0,261.0,0.0,0.0,6.0,NA,0.0
2026-01-02 06:00:00,82.75,115.75,1.0,4.0,5.0,NA,7.75,0.0,22.0,2.0,3.0,2.0,NA,NA,NA,14.0,NA,0.0,239.5,0.0,0.0,6.0,NA,0.0
2026-01-02 07:00:00,87.25,121.0,1.0,4.0,5.0,NA,7.33,0.0,22.0,2.0,3.0,2.0,NA,NA,NA,14.0,NA,0.0,262.0,0.0,0.0,6.0,NA,0.0
2026-01-02 08:00:00,88.0,122.25,1.0,4.0,5.25,NA,7.75,0.0,23.0,2.0,3.75,2.75,NA,NA,NA,14.5,93.0,0.0,221.5,0.0,0.0,6.0,NA,0.0
2026-01-02 09:00:00,88.75,123.0,1.0,4.5,6.0,NA,7.67,0.0,24.75,2.0,3.67,2.67,NA,NA,NA,15.75,87.75,0.0,236.5,0.0,0.0,6.25,NA,0.0
2026-01-02 10:00:00,92.5,128.25,1.0,4.75,6.0,NA,7.75,0.0,24.75,2.0,3.75,2.75,NA,NA,NA,15.75,86.0,0.0,233.5,0.0,0.0,6.0,NA,0.0
2026-01-02 11:00:00,86.0,119.5,1.0,4.0,6.0,NA,NA,0.0,24.0,NA,NA,NA,NA,NA,NA,15.0,90.0,0.0,242.25,0.0,0.0,6.0,NA,0.0
2026-01-02 12:00:00,71.5,100.5,1.0,4.0,6.0,NA,8.5,0.0,24.0,2.0,4.0,3.0,NA,NA,NA,15.0,92.5,0.0,243.25,0.0,0.0,6.0,NA,0.0
2026-01-02 13:00:00,70.75,99.75,1.0,4.5,6.0,NA,8.33,0.0,24.75,2.0,4.0,3.0,NA,NA,NA,15.75,88.75,0.0,241.0,0.0,0.0,6.0,NA,0.0
2026-01-02 14:00:00,72.0,101.25,1.0,5.0,6.0,NA,8.0,0.0,25.0,2.0,4.0,3.0,NA,NA,NA,16.0,89.0,0.0,243.0,0.0,0.0,6.0,NA,0.0
2026-01-02 15:00:00,79.0,109.75,1.0,5.0,6.0,NA,8.0,0.0,25.0,2.0,4.0,3.0,NA,NA,NA,16.0,91.0,0.0,265.75,0.0,0.0,6.0,NA,0.0
2026-01-02 16:00:00,74.75,104.0,1.0,4.0,6.0,NA,8.0,0.0,24.5,2.0,4.0,3.0,NA,NA,NA,15.75,94.25,0.0,246.5,0.0,0.0,6.0,NA,0.0
2026-01-02 17:00:00,63.5,90.0,1.0,4.0,6.0,NA,8.0,0.0,24.0,2.0,4.0,3.0,NA,NA,NA,15.0,98.0,0.0,235.25,0.0,0.0,6.0,NA,0.0
2026-01-02 18:00:00,53.25,75.75,1.0,4.0,6.0,NA,7.75,0.0,24.0,2.0,3.75,2.75,NA,NA,NA,15.0,NA,0.0,250.75,0.0,0.0,6.0,NA,0.0
2026-01-02 19:00:00,52.0,75.0,1.0,4.0,6.0,NA,7.0,0.0,24.0,2.0,3.0,2.0,NA,NA,NA,15.0,NA,0.0,244.75,0.0,0.0,6.0,NA,0.0
2026-01-02 20:00:00,52.0,74.25,1.0,4.0,6.0,NA,7.75,0.0,24.25,2.0,3.75,2.75,NA,NA,NA,15.25,NA,0.0,248.5,0.0,0.0,6.0,NA,0.0
2026-01-02 21:00:00,54.75,78.5,1.0,4.0,6.0,NA,8.0,0.0,25.0,2.0,4.0,3.0,NA,NA,NA,16.0,96.5,0.0,237.75,0.0,0.0,6.0,NA,0.0
2026-01-02 22:00:00,54.25,77.25,1.0,4.0,6.0,NA,8.0,0.0,24.5,2.0,4.0,3.0,NA,NA,NA,15.75,94.0,0.0,251.75,0.0,0.0,6.0,NA,0.0
2026-01-02 23:00:00,48.75,70.0,1.0,4.0,6.0,NA,8.0,0.0,24.0,2.0,4.0,3.0,NA,NA,NA,15.0,95.0,0.0,246.5,0.0,0.0,6.0,NA,0.0
2026-01-03 00:00:00,41.5,60.25,1.0,4.0,6.0,NA,7.5,0.0,24.0,2.0,3.5,2.5,NA,NA,NA,15.0,NA,0.0,237.25,0.0,0.0,6.0,NA,0.0
2026-01-03 01:00:00,32.25,48.25,1.0,4.0,6.0,NA,7.0,0.0,23.5,2.0,3.0,2.0,NA,NA,NA,15.0,NA,0.0,230.5,0.0,0.0,6.0,NA,0.0
2026-01-03 02:00:00,22.25,34.75,1.0,4.0,5.0,NA,7.0,0.0,23.0,2.0,3.0,2.0,NA,NA,NA,15.0,NA,0.0,226.25,0.0,0.0,6.0,NA,0.0
2026-01-03 03:00:00,21.75,33.75,1.0,4.0,5.0,NA,7.33,0.0,23.0,2.0,3.0,2.0,NA,NA,NA,15.0,NA,0.0,232.25,0.0,0.0,6.0,NA,0.0
2026-01-03 04:00:00,22.0,34.0,1.0,4.0,5.0,NA,8.0,0.0,23.0,2.0,4.0,3.0,NA,NA,NA,15.0,96.33,0.0,232.0,0.0,0.0,6.0,NA,0.0
2026-01-03 05:00:00,22.5,35.0,1.0,4.0,5.0,NA,8.0,0.0,23.0,2.0,4.0,3.0,NA,NA,NA,14.5,95.5,0.0,232.25,0.0,0.0,6.0,NA,0.0
2026-01-03 06:00:00,18.5,29.75,1.0,4.0,5.0,NA,8.0,0.0,23.0,2.0,4.0,3.0,NA,NA,NA,14.0,95.5,0.0,209.75,0.0,0.0,6.0,NA,0.0
2026-01-03 07:00:00,23.5,36.75,1.0,4.0,5.0,NA,8.0,0.0,23.0,2.0,4.0,3.0,NA,NA,NA,14.0,95.0,0.0,219.75,0.0,0.0,6.0,NA,0.0
2026-01-03 08:00:00,28.5,43.25,1.0,4.0,5.0,NA,8.0,0.0,23.0,2.0,4.0,3.0,NA,NA,NA,15.0,94.0,0.0,221.5,0.0,0.0,6.0,NA,0.0
2026-01-03 09:00:00,28.75,43.0,1.0,4.0,5.75,NA,8.0,0.0,23.0,2.0,4.0,3.0,NA,NA,NA,15.0,90.0,0.0,223.25,0.0,0.0,6.0,NA,0.0
2026-01-03 10:00:00,28.5,43.0,1.0,4.0,6.0,NA,8.0,0.0,24.0,2.0,4.0,3.0,NA,NA,NA,15.0,88.0,0.0,237.5,0.0,0.0,6.0,NA,0.0
2026-01-03 11:00:00,31.75,47.5,1.0,4.0,6.0,NA,NA,0.0,24.0,NA,NA,NA,NA,NA,NA,15.0,87.75,0.0,231.0,0.0,0.0,6.0,NA,0.0
2026-01-03 12:00:00,38.25,56.0,1.0,4.0,6.0,NA,8.0,0.0,24.0,2.0,4.0,3.0,NA,NA,NA,15.0,86.25,0.0,225.5,0.0,0.0,6.0,NA,0.0
2026-01-03 13:00:00,38.5,56.5,1.0,4.0,6.0,NA,8.0,0.0,24.0,2.0,4.0,3.0,NA,NA,NA,15.0,84.75,0.0,229.0,0.0,0.0,6.0,NA,0.0
2026-01-03 14:00:00,37.0,54.25,1.0,5.0,6.0,NA,8.0,0.0,25.5,2.0,4.0,3.0,NA,NA,NA,16.0,77.0,0.0,223.25,0.0,0.0,5.75,NA,0.0
2026-01-03 15:00:00,35.75,52.75,1.0,5.0,6.0,NA,8.0,0.0,26.5,2.0,4.0,3.0,NA,NA,NA,17.0,71.75,0.0,220.75,0.0,0.0,6.0,NA,0.0
2026-01-03 16:00:00,43.5,62.25,1.0,5.0,6.0,NA,8.0,0.0,26.25,2.0,4.0,3.0,NA,NA,NA,16.25,74.0,0.0,140.0,0.0,0.0,6.0,NA,0.0
2026-01-03 17:00:00,57.75,79.5,1.0,4.5,6.0,NA,8.0,0.0,24.5,2.0,4.0,3.0,NA,NA,NA,15.5,80.25,0.0,121.0,0.0,0.0,6.0,NA,0.0
2026-01-03 18:00:00,80.0,109.0,1.0,4.0,5.75,NA,8.0,0.0,23.5,2.0,4.0,3.0,NA,NA,NA,15.0,86.25,0.0,128.75,0.0,0.0,6.0,NA,0.0
2026-01-03 19:00:00,100.25,134.75,1.0,4.0,5.25,NA,8.33,0.0,23.0,2.0,4.0,3.0,NA,NA,NA,15.0,88.5,0.0,114.0,0.0,0.0,6.0,NA,0.0
2026-01-03 20:00:00,128.25,171.0,1.0,4.0,5.0,NA,8.25,0.0,23.0,2.0,4.0,3.0,NA,NA,NA,14.5,88.75,0.0,270.0,0.0,0.0,6.0,NA,0.0
2026-01-03 21:00:00,123.25,165.25,1.0,4.0,5.0,NA,9.0,0.0,22.25,2.0,4.0,3.0,NA,NA,NA,14.0,88.5,0.0,250.75,0.0,0.0,6.0,NA,0.0
2026-01-03 22:00:00,91.5,124.0,1.0,4.0,5.0,NA,7.25,0.0,22.0,2.0,3.25,2.25,NA,NA,NA,14.0,89.0,0.0,233.5,0.0,0.0,6.0,NA,0.0
2026-01-03 23:00:00,80.0,109.25,1.0,4.0,5.0,NA,6.67,0.0,21.75,1.67,3.0,2.0,NA,NA,NA,14.0,89.75,0.0,234.25,0.0,0.0,6.0,NA,0.0
2026-01-04 00:00:00,77.25,104.75,1.0,4.0,5.0,NA,7.5,0.0,21.0,2.0,3.5,2.5,NA,NA,NA,13.5,92.75,0.0,235.5,0.0,0.0,6.0,NA,0.0
2026-01-04 01:00:00,73.25,99.75,1.0,4.0,5.0,NA,8.0,0.0,21.0,2.0,3.67,3.0,NA,NA,NA,13.0,94.0,0.0,212.25,0.0,0.0,6.0,NA,0.0
2026-01-04 02:00:00,67.75,93.0,1.0,4.0,5.0,NA,8.0,0.0,20.25,2.0,3.75,2.75,NA,NA,NA,13.0,95.25,0.0,259.5,0.0,0.0,6.0,NA,0.0
2026-01-04 03:00:00,64.5,88.5,1.0,4.0,5.0,NA,8.0,0.0,20.0,2.0,4.0,3.0,NA,NA,NA,12.75,NA,0.0,250.75,0.0,0.0,6.0,NA,0.0
2026-01-04 04:00:00,66.75,91.5,1.0,4.0,5.0,NA,8.0,0.0,19.0,2.0,4.0,3.0,NA,NA,NA,12.0,NA,0.0,201.5,0.0,0.0,6.0,NA,0.0
2026-01-04 05:00:00,59.25,81.5,1.0,4.0,5.0,NA,8.0,0.0,19.0,2.0,4.0,3.0,NA,NA,NA,12.0,NA,0.0,201.0,0.0,0.0,6.0,NA,0.0
2026-01-04 06:00:00,65.0,88.75,1.0,4.0,5.0,NA,7.25,0.0,19.0,2.0,3.0,2.25,NA,NA,NA,12.0,NA,0.0,201.0,0.0,0.0,6.0,NA,0.0
2026-01-04 07:00:00,72.25,98.75,1.0,4.0,5.0,NA,8.0,0.0,18.75,2.0,3.33,2.67,NA,NA,NA,12.0,98.0,0.0,150.5,0.0,0.0,6.0,NA,0.0
2026-01-04 08:00:00,97.5,132.25,1.0,4.0,5.0,NA,8.0,0.0,20.5,2.0,3.75,2.75,NA,NA,NA,13.0,91.0,0.0,270.0,0.0,0.0,6.0,NA,0.0
2026-01-04 09:00:00,108.0,145.5,1.0,4.25,5.5,NA,8.0,0.0,23.75,2.0,4.0,3.0,NA,NA,NA,15.0,82.25,0.0,216.0,0.0,0.0,6.0,NA,0.0
2026-01-04 10:00:00,100.25,135.5,1.0,5.0,6.0,NA,8.0,0.0,25.75,2.0,3.75,2.75,NA,NA,NA,16.0,71.25,0.0,227.75,0.0,0.0,6.0,NA,0.0
2026-01-04 11:00:00,79.0,108.0,1.0,5.0,6.0,NA,NA,0.0,26.75,NA,NA,NA,NA,NA,NA,16.75,64.75,0.0,235.25,0.0,0.0,6.0,NA,0.0
2026-01-04 12:00:00,63.75,87.5,1.0,5.0,6.0,NA,8.0,0.0,27.25,2.0,4.0,3.0,NA,NA,NA,17.0,61.75,0.0,229.25,0.0,0.0,6.0,NA,0.0
2026-01-04 13:00:00,68.0,92.75,1.5,5.0,6.25,NA,8.0,0.0,28.0,2.0,3.67,3.0,NA,NA,NA,17.5,62.0,0.0,225.25,0.0,0.0,6.0,NA,0.0
2026-01-04 14:00:00,63.5,87.0,1.5,5.0,6.0,NA,8.0,0.0,27.75,2.0,4.0,3.0,NA,NA,NA,17.5,62.25,0.0,233.5,0.0,0.0,6.0,NA,0.0
2026-01-04 15:00:00,65.75,90.25,1.5,5.0,6.25,NA,8.0,0.0,27.75,2.0,4.0,3.0,NA,NA,NA,17.5,61.75,0.0,219.25,0.0,0.0,6.0,NA,0.0
2026-01-04 16:00:00,69.5,95.25,1.0,5.0,6.0,NA,8.0,0.0,26.5,2.0,4.0,3.0,NA,NA,NA,16.75,65.5,0.0,231.25,0.0,0.0,6.0,NA,0.0
2026-01-04 17:00:00,71.0,97.0,1.0,4.75,6.0,NA,7.67,0.0,25.25,2.0,3.67,2.67,NA,NA,NA,16.0,71.5,0.0,255.75,0.0,0.0,6.0,NA,0.0
2026-01-04 18:00:00,93.75,126.5,1.0,4.0,6.0,NA,7.75,0.0,24.0,2.0,3.75,2.75,NA,NA,NA,15.0,75.75,0.0,254.0,0.0,0.0,6.0,NA,0.0
2026-01-04 19:00:00,121.5,163.25,1.0,4.0,5.75,NA,8.0,0.0,23.25,2.0,4.0,3.0,NA,NA,NA,15.0,80.0,0.0,229.5,0.0,0.0,6.0,NA,0.0
2026-01-04 20:00:00,154.5,205.75,1.0,4.0,5.0,NA,9.25,0.0,23.0,2.0,4.0,3.0,NA,NA,NA,14.25,85.0,0.0,201.25,0.0,0.0,6.0,NA,0.0
2026-01-04 21:00:00,211.25,279.75,1.0,4.0,5.0,NA,10.0,0.0,22.5,2.0,4.67,3.0,NA,NA,NA,14.0,86.25,0.0,199.75,0.0,0.0,6.0,NA,0.0
2026-01-04 22:00:00,160.0,213.5,1.0,4.0,5.0,NA,7.75,0.0,22.0,2.0,3.5,2.5,NA,NA,NA,14.0,87.25,0.0,199.0,0.0,0.0,6.0,NA,0.0
2026-01-04 23:00:00,125.25,168.0,1.0,4.0,5.0,NA,6.67,0.0,22.0,1.67,3.0,2.0,NA,NA,NA,14.0,87.75,0.0,205.25,0.0,0.0,6.0,NA,0.0
2026-01-05 00:00:00,102.0,137.0,1.0,4.0,5.0,NA,7.0,0.0,22.0,2.0,3.0,2.0,NA,NA,NA,14.0,87.5,0.0,184.75,0.0,0.0,6.0,NA,0.0
2026-01-05 01:00:00,99.75,134.75,1.0,4.0,5.0,NA,7.0,0.0,22.0,2.0,3.0,2.0,NA,NA,NA,14.0,88.5,0.0,201.0,0.0,0.0,6.0,NA,0.0
2026-01-05 02:00:00,97.25,131.5,1.0,4.0,5.0,NA,7.0,0.0,22.0,2.0,3.0,2.0,NA,NA,NA,14.0,87.75,0.0,201.25,0.0,0.0,6.0,NA,0.0
2026-01-05 03:00:00,92.75,125.75,1.0,4.0,5.0,NA,7.0,0.0,22.0,2.0,3.0,2.0,NA,NA,NA,14.0,84.25,0.0,209.0,0.0,0.0,6.0,NA,0.0
2026-01-05 04:00:00,87.75,118.75,1.0,4.0,5.0,NA,8.0,0.0,22.0,2.0,3.75,2.75,NA,NA,NA,14.0,82.75,0.0,254.0,0.0,0.0,6.0,NA,0.0
2026-01-05 05:00:00,75.75,103.0,1.0,4.0,5.0,NA,8.0,0.0,22.0,2.0,4.0,3.0,NA,NA,NA,14.0,82.5,0.0,249.0,0.0,0.0,6.0,NA,0.0
2026-01-05 06:00:00,70.5,96.5,1.0,4.0,5.0,NA,7.75,0.0,21.0,2.0,3.75,2.75,NA,NA,NA,13.5,85.0,0.0,251.0,0.0,0.0,6.0,NA,0.0
2026-01-05 07:00:00,75.75,103.25,1.0,4.0,5.0,NA,7.33,0.0,21.0,2.0,3.0,2.0,NA,NA,NA,13.0,88.0,0.0,258.25,0.0,0.0,6.0,NA,0.0
2026-01-05 08:00:00,94.5,127.75,1.0,4.0,5.25,NA,8.0,0.0,22.5,2.0,3.5,2.5,NA,NA,NA,14.25,81.5,0.0,264.5,0.0,0.0,6.0,NA,0.0
2026-01-05 09:00:00,95.0,128.5,1.0,4.75,6.0,NA,8.0,0.0,25.25,2.0,3.67,2.67,NA,NA,NA,16.25,65.5,0.0,252.75,0.0,0.0,6.25,NA,0.0
2026-01-05 10:00:00,74.75,101.75,1.0,5.0,6.0,NA,7.25,0.0,26.75,2.0,3.25,2.25,NA,NA,NA,17.0,59.25,0.0,221.0,0.0,0.0,6.5,NA,0.0
2026-01-05 11:00:00,71.75,98.0,1.25,5.0,6.25,NA,NA,0.0,27.25,NA,NA,NA,NA,NA,NA,17.25,58.0,0.0,225.25,0.0,0.0,6.0,NA,0.0
2026-01-05 12:00:00,68.5,94.0,2.0,5.0,7.0,NA,8.0,0.0,29.0,2.0,4.0,3.0,NA,NA,NA,18.0,55.0,0.0,227.0,0.0,0.0,6.0,NA,0.0
2026-01-05 13:00:00,65.5,90.5,2.0,5.0,7.0,NA,8.0,0.0,29.75,2.0,4.0,3.0,NA,NA,NA,19.0,53.5,0.0,237.75,0.0,0.0,6.0,NA,0.0
2026-01-05 14:00:00,57.25,79.0,2.0,5.0,7.0,NA,8.0,0.0,29.75,2.0,3.75,2.75,NA,NA,NA,19.0,54.75,0.0,237.75,0.0,0.0,6.0,NA,0.0
2026-01-05 15:00:00,61.25,84.0,2.0,5.0,7.0,NA,7.33,0.0,29.0,2.0,3.0,2.0,NA,NA,NA,18.0,58.5,0.0,247.75,0.0,0.0,6.0,NA,0.0
2026-01-05 16:00:00,62.75,86.75,1.5,5.0,6.25,NA,8.0,0.0,27.75,2.0,3.75,2.75,NA,NA,NA,17.5,63.25,0.0,245.0,0.0,0.0,6.0,NA,0.0
2026-01-05 17:00:00,68.25,94.0,1.0,5.0,6.0,NA,8.0,0.0,26.0,2.0,4.0,3.0,NA,NA,NA,16.5,73.5,0.0,264.25,0.0,0.0,6.0,NA,0.0
2026-01-05 18:00:00,79.5,108.25,1.0,4.0,5.75,NA,8.0,0.0,24.0,2.0,4.0,3.0,NA,NA,NA,15.25,84.75,0.0,255.5,0.0,0.0,6.0,NA,0.0
2026-01-05 19:00:00,86.25,117.0,1.0,4.0,5.0,NA,7.67,0.0,22.25,2.0,3.33,2.33,NA,NA,NA,14.0,87.75,0.0,275.0,0.0,0.0,6.0,NA,0.0
2026-01-05 20:00:00,83.5,113.0,1.0,4.0,5.0,NA,7.75,0.0,22.0,2.0,3.75,2.75,NA,NA,NA,14.0,87.5,0.0,176.5,0.0,0.0,6.0,NA,0.0
2026-01-05 21:00:00,84.75,114.75,1.0,4.0,5.0,NA,8.0,0.0,22.0,2.0,4.0,3.0,NA,NA,NA,14.0,88.0,0.0,242.5,0.0,0.0,6.0,NA,0.0
2026-01-05 22:00:00,85.0,115.0,1.0,4.0,5.0,NA,7.5,0.0,21.75,2.0,3.5,2.5,NA,NA,NA,14.0,89.5,0.0,179.25,0.0,0.0,6.0,NA,0.0
2026-01-05 23:00:00,75.25,102.75,1.0,4.0,5.0,NA,7.0,0.0,21.0,2.0,3.0,2.0,NA,NA,NA,13.25,93.25,0.0,185.25,0.0,0.0,6.0,NA,0.0
2026-01-06 00:00:00,68.0,93.0,1.0,4.0,5.0,NA,7.75,0.0,20.25,2.0,3.75,2.75,NA,NA,NA,13.0,96.33,0.0,295.25,0.0,0.0,6.0,NA,0.0
2026-01-06 01:00:00,60.75,83.25,1.0,4.0,5.0,NA,8.0,0.0,20.0,2.0,4.0,3.0,NA,NA,NA,13.0,NA,0.0,266.75,0.0,0.0,6.0,NA,0.0
2026-01-06 02:00:00,57.5,79.5,1.0,4.0,5.0,NA,8.0,0.0,20.0,2.0,3.75,2.75,NA,NA,NA,13.0,NA,0.0,300.5,0.0,0.0,6.0,NA,0.0
2026-01-06 03:00:00,53.0,73.75,1.0,4.0,5.0,NA,7.67,0.0,20.0,2.0,3.0,2.0,NA,NA,NA,12.5,NA,0.0,253.5,0.0,0.0,6.0,NA,0.0
2026-01-06 04:00:00,53.75,74.75,1.0,4.0,5.0,NA,7.75,0.0,19.0,2.0,3.5,2.75,NA,NA,NA,12.0,NA,0.0,157.0,0.0,0.0,6.0,NA,0.0
2026-01-06 05:00:00,56.75,78.5,1.0,4.0,5.0,NA,8.0,0.0,19.0,2.0,3.67,2.67,NA,NA,NA,12.0,NA,0.0,306.0,0.0,0.0,6.0,NA,0.0
2026-01-06 06:00:00,58.75,80.75,1.0,4.0,5.0,NA,8.0,0.0,19.0,2.0,3.0,2.25,NA,NA,NA,12.0,98.5,0.0,267.75,0.0,0.0,6.0,NA,0.0
2026-01-06 07:00:00,55.5,76.75,1.0,4.0,5.0,NA,7.0,0.0,19.0,2.0,3.0,2.0,NA,NA,NA,12.0,97.75,0.0,200.5,0.0,0.0,6.0,NA,0.0
2026-01-06 08:00:00,57.5,80.0,1.0,4.0,5.0,NA,8.0,0.0,19.25,2.0,4.0,3.0,NA,NA,NA,12.0,98.0,0.0,208.0,0.0,0.0,6.5,NA,0.0
2026-01-06 09:00:00,66.0,90.5,1.0,4.0,5.0,NA,8.0,0.0,20.0,2.0,4.0,3.0,NA,NA,NA,13.0,NA,0.0,204.25,0.0,0.0,7.0,NA,0.0
2026-01-06 10:00:00,75.75,102.5,1.0,4.0,5.0,NA,8.0,0.0,21.5,2.0,4.0,3.0,NA,NA,NA,13.75,92.33,0.0,195.0,0.0,0.0,7.0,NA,0.0
2026-01-06 11:00:00,84.75,115.5,1.0,4.0,5.5,NA,NA,0.0,23.0,NA,NA,NA,NA,NA,NA,14.75,85.0,0.0,234.75,0.0,0.0,6.75,NA,0.0
2026-01-06 12:00:00,92.5,125.0,1.0,4.5,6.0,NA,8.25,0.0,24.75,2.0,4.0,3.0,NA,NA,NA,15.75,78.0,0.0,215.0,0.0,0.0,6.0,NA,0.0
2026-01-06 13:00:00,99.25,134.0,1.0,5.0,6.0,NA,8.0,0.0,25.75,2.0,4.0,3.0,NA,NA,NA,16.0,74.25,0.0,255.0,0.0,0.0,6.0,NA,0.0
2026-01-06 14:00:00,89.5,121.0,1.0,5.0,6.0,NA,8.0,0.0,26.0,2.0,4.0,3.0,NA,NA,NA,17.0,72.5,0.0,209.5,0.0,0.0,6.0,NA,0.0
2026-01-06 15:00:00,87.0,117.25,1.0,5.0,6.0,NA,8.0,0.0,26.0,2.0,4.0,3.0,NA,NA,NA,16.0,75.75,0.0,282.25,0.0,0.0,6.5,NA,0.0
2026-01-06 16:00:00,87.75,118.75,1.0,4.75,6.0,NA,8.0,0.0,25.0,2.0,4.0,3.0,NA,NA,NA,15.75,80.25,0.0,235.75,0.0,0.0,6.25,NA,0.0
2026-01-06 17:00:00,89.0,120.75,1.0,4.0,5.5,NA,8.0,0.0,23.25,2.0,4.0,3.0,NA,NA,NA,15.0,87.75,0.0,297.75,0.0,0.0,6.0,NA,0.0
2026-01-06 18:00:00,103.33,139.0,1.0,4.0,5.67,NA,8.0,0.0,23.0,2.0,4.0,3.0,NA,NA,NA,15.0,89.67,0.0,294.33,0.0,0.0,6.0,NA,0.0
2026-01-06 19:00:00,98.0,131.75,1.0,4.0,5.75,NA,8.0,0.0,23.0,2.0,3.67,2.67,NA,NA,NA,15.0,89.75,0.0,231.0,0.0,0.0,6.0,NA,0.0
2026-01-06 20:00:00,85.5,116.0,1.0,4.0,5.0,NA,7.75,0.0,23.0,2.0,3.75,2.75,NA,NA,NA,15.0,88.25,0.0,315.25,0.0,0.0,6.0,NA,0.0
2026-01-06 21:00:00,74.25,100.75,1.0,4.0,5.0,NA,7.33,0.0,23.0,2.0,3.33,2.33,NA,NA,NA,14.75,87.75,0.0,225.25,0.0,0.0,6.0,NA,0.0
2026-01-06 22:00:00,70.25,96.5,1.0,4.0,5.0,NA,7.5,0.0,23.0,2.0,3.0,2.0,NA,NA,NA,14.0,88.0,0.0,246.75,0.0,0.0,6.0,NA,0.0
2026-01-06 23:00:00,67.5,92.5,1.0,4.0,5.0,NA,7.0,0.0,22.0,2.0,3.0,2.0,NA,NA,NA,14.0,87.25,0.0,286.5,0.0,0.0,6.0,NA,0.0
2026-01-07 00:00:00,65.25,89.5,1.0,4.0,5.0,NA,8.0,0.0,22.0,2.0,4.0,3.0,NA,NA,NA,14.0,87.0,0.0,245.0,0.0,0.0,6.0,NA,0.0
2026-01-07 01:00:00,62.5,86.0,1.0,4.0,5.0,NA,8.0,0.0,22.0,2.0,4.0,3.0,NA,NA,NA,14.0,87.0,0.0,180.75,0.0,0.0,6.0,NA,0.0
2026-01-07 02:00:00,60.25,82.75,1.0,4.0,5.0,NA,8.0,0.0,21.5,2.0,4.0,3.0,NA,NA,NA,14.0,86.75,0.0,224.75,0.0,0.0,6.0,NA,0.0
2026-01-07 03:00:00,54.25,75.0,1.0,4.0,5.0,NA,8.0,0.0,21.75,2.0,3.67,3.0,NA,NA,NA,14.0,87.75,0.0,273.75,0.0,0.0,6.0,NA,0.0
2026-01-07 04:00:00,68.0,92.5,1.0,4.0,5.0,NA,7.75,0.0,21.0,2.0,3.25,2.5,NA,NA,NA,13.0,89.5,0.0,244.75,0.0,0.0,6.0,NA,0.0
2026-01-07 05:00:00,91.0,123.0,1.0,4.0,5.0,NA,7.67,0.0,21.0,2.0,3.0,2.0,NA,NA,NA,13.0,90.5,0.0,253.0,0.0,0.0,6.0,NA,0.0
2026-01-07 06:00:00,94.75,128.75,1.0,4.0,5.0,NA,8.0,0.0,21.0,2.0,3.75,2.75,NA,NA,NA,13.0,89.5,0.0,260.5,0.0,0.0,6.0,NA,0.0
2026-01-07 07:00:00,86.25,116.75,1.0,4.0,5.0,NA,8.0,0.0,21.25,2.0,4.0,3.0,NA,NA,NA,14.0,87.75,0.0,130.0,0.0,0.0,6.0,NA,0.0
2026-01-07 08:00:00,81.5,110.75,1.0,4.0,5.0,NA,8.0,0.0,22.0,2.0,4.0,3.0,NA,NA,NA,14.0,86.0,0.0,188.5,0.0,0.0,6.25,NA,0.0
2026-01-07 09:00:00,82.75,112.75,1.0,4.0,5.0,NA,8.0,0.0,22.5,2.0,4.0,3.0,NA,NA,NA,14.25,82.25,0.0,173.75,0.0,0.0,7.0,NA,0.0
2026-01-07 10:00:00,80.5,109.5,1.0,4.0,5.75,NA,8.0,0.0,23.0,2.0,4.0,3.0,NA,NA,NA,15.0,78.5,0.0,287.25,0.0,0.0,6.25,NA,0.0
2026-01-07 11:00:00,83.5,113.0,1.0,4.0,6.0,NA,NA,0.0,24.25,NA,NA,NA,NA,NA,NA,15.25,76.0,0.0,252.5,0.0,0.0,6.0,NA,0.0
2026-01-07 12:00:00,84.0,113.75,1.0,5.0,6.0,NA,8.0,0.0,26.25,2.0,4.0,3.0,NA,NA,NA,16.75,67.75,0.0,219.5,0.0,0.0,6.0,NA,0.0
2026-01-07 13:00:00,79.75,108.75,1.0,5.0,6.0,NA,9.0,0.0,27.0,2.0,4.0,3.0,NA,NA,NA,17.0,65.5,0.0,257.0,0.0,0.0,6.0,NA,0.0
2026-01-07 14:00:00,75.5,103.25,1.5,5.0,6.0,NA,8.25,0.0,27.5,2.0,4.0,3.0,NA,NA,NA,17.5,63.5,0.0,216.25,0.0,0.0,6.0,NA,0.0
2026-01-07 15:00:00,74.25,101.25,1.25,5.0,6.0,NA,7.67,0.0,27.5,2.0,3.67,2.67,NA,NA,NA,17.25,64.75,0.0,222.5,0.0,0.0,6.0,NA,0.0
2026-01-07 16:00:00,69.25,96.5,1.0,5.0,6.0,NA,7.75,0.0,26.5,2.0,3.75,2.75,NA,NA,NA,16.75,69.25,0.0,273.0,0.0,0.0,6.0,NA,0.0
2026-01-07 17:00:00,74.0,103.75,1.0,4.75,6.0,NA,8.0,0.0,24.75,2.0,4.0,3.0,NA,NA,NA,15.75,76.75,0.0,164.25,0.0,0.0,6.0,NA,0.0
2026-01-07 18:00:00,86.5,120.0,1.0,4.0,6.0,NA,8.0,0.0,24.0,2.0,4.0,3.0,NA,NA,NA,15.0,81.5,0.0,345.0,0.0,0.0,6.0,NA,0.0
2026-01-07 19:00:00,110.75,152.75,1.0,4.0,5.5,NA,7.0,0.0,23.0,2.0,3.0,2.0,NA,NA,NA,15.0,85.25,0.0,280.33,0.0,0.0,6.0,NA,0.0
2026-01-07 20:00:00,108.0,148.5,1.0,4.0,5.0,NA,8.0,0.0,22.5,2.0,3.75,2.75,NA,NA,NA,14.0,88.5,0.0,178.25,0.0,0.0,6.0,NA,0.0
2026-01-07 21:00:00,103.5,142.75,1.0,4.0,5.0,NA,7.67,0.0,21.25,2.0,3.67,2.67,NA,NA,NA,13.75,93.5,0.0,298.5,0.0,0.0,6.0,NA,0.0
2026-01-07 22:00:00,83.75,116.75,1.0,4.0,5.0,NA,7.75,0.0,20.5,2.0,3.75,2.75,NA,NA,NA,13.0,96.0,0.0,262.75,0.0,0.0,6.0,NA,0.0
2026-01-07 23:00:00,71.5,100.75,1.0,4.0,5.0,NA,8.0,0.0,20.0,2.0,3.33,2.33,NA,NA,NA,13.0,NA,0.0,189.5,0.0,0.0,6.0,NA,0.0
2026-01-08 00:00:00,69.25,97.25,1.0,4.0,5.0,NA,7.75,0.0,19.5,2.0,3.75,2.75,NA,NA,NA,12.25,NA,0.0,198.75,0.0,0.0,6.0,NA,0.0
2026-01-08 01:00:00,68.75,96.5,1.0,4.0,5.0,NA,8.0,0.0,19.0,2.0,3.67,2.67,NA,NA,NA,12.0,NA,0.0,220.0,0.0,0.0,6.0,NA,0.0
2026-01-08 02:00:00,65.5,91.75,1.0,3.5,4.5,NA,8.0,0.0,18.5,2.0,3.75,2.75,NA,NA,NA,12.0,97.5,0.0,284.75,0.0,0.0,6.0,NA,0.0
2026-01-08 03:00:00,48.0,69.25,1.0,3.0,4.0,NA,8.0,0.0,18.0,2.0,4.0,3.0,NA,NA,NA,11.75,97.0,0.0,226.0,0.0,0.0,6.0,NA,0.0
2026-01-08 04:00:00,33.75,50.25,1.0,3.0,4.0,NA,8.0,0.0,18.0,2.0,4.0,3.0,NA,NA,NA,12.0,98.0,0.0,145.75,0.0,0.0,6.0,NA,0.0
2026-01-08 05:00:00,30.25,45.25,1.0,3.0,4.0,NA,8.0,0.0,18.0,2.0,3.33,3.0,NA,NA,NA,12.0,98.0,0.0,239.25,0.0,0.0,6.0,NA,0.0
2026-01-08 06:00:00,27.25,41.5,1.0,3.0,4.0,NA,8.0,0.0,18.0,2.0,3.5,2.75,NA,NA,NA,12.0,97.0,0.0,197.75,0.0,0.0,6.0,NA,0.0
2026-01-08 07:00:00,25.25,38.5,1.0,3.0,4.0,NA,8.0,0.0,18.0,2.0,4.0,3.0,NA,NA,NA,11.75,98.0,0.0,223.75,0.0,0.0,6.0,NA,0.0
2026-01-08 08:00:00,31.0,46.5,1.0,3.0,4.0,NA,8.0,0.0,18.0,2.0,4.0,3.0,NA,NA,NA,12.0,NA,0.0,297.5,0.0,0.0,6.0,NA,0.0
2026-01-08 09:00:00,40.5,58.5,1.0,3.75,5.0,NA,8.33,0.0,18.75,2.0,4.0,3.0,NA,NA,NA,12.0,94.0,0.0,192.5,0.0,0.0,6.0,NA,0.0
2026-01-08 10:00:00,47.25,68.25,1.0,4.0,5.0,NA,8.25,0.0,20.5,2.0,4.0,3.0,NA,NA,NA,13.25,87.0,0.0,223.0,0.0,0.0,6.0,NA,0.0
2026-01-08 11:00:00,57.5,81.25,1.0,4.0,5.5,NA,NA,0.0,22.5,NA,NA,NA,NA,NA,NA,14.5,77.75,0.0,238.5,0.0,0.0,6.0,NA,0.0
2026-01-08 12:00:00,53.75,76.0,1.0,5.0,6.0,NA,8.25,0.0,25.75,2.0,4.0,3.0,NA,NA,NA,16.25,66.75,0.0,181.25,0.0,0.0,6.0,NA,0.0
2026-01-08 13:00:00,60.0,84.75,1.75,5.0,6.25,NA,8.0,0.0,28.0,2.0,4.0,3.0,NA,NA,NA,17.75,57.5,0.0,202.25,0.0,0.0,6.0,NA,0.0
2026-01-08 14:00:00,61.75,87.75,2.0,5.0,6.75,NA,8.0,0.0,28.25,2.0,4.0,3.0,NA,NA,NA,18.0,56.0,0.0,189.0,0.0,0.0,6.0,NA,0.0
2026-01-08 15:00:00,69.75,98.5,2.0,5.0,6.5,NA,7.67,0.0,28.0,2.0,3.33,2.33,NA,NA,NA,18.0,54.5,0.0,215.75,0.0,0.0,7.0,NA,0.0
2026-01-08 16:00:00,58.5,82.5,1.0,5.0,6.0,NA,7.0,0.0,27.25,2.0,3.0,2.0,NA,NA,NA,17.0,57.75,0.0,220.5,0.0,0.0,7.0,NA,0.0
2026-01-08 17:00:00,79.5,110.75,1.0,4.5,6.0,NA,7.0,0.0,25.0,2.0,3.0,2.0,NA,NA,NA,15.75,69.75,0.0,221.0,0.0,0.0,7.0,NA,0.0
2026-01-08 18:00:00,103.0,142.0,1.0,4.0,5.75,NA,7.75,0.0,23.75,2.0,3.75,2.75,NA,NA,NA,15.0,78.25,0.0,211.0,0.0,0.0,6.25,NA,0.0
2026-01-08 19:00:00,138.25,189.75,1.0,4.0,5.0,NA,8.0,0.0,23.0,2.0,4.0,3.0,NA,NA,NA,14.25,84.0,0.0,218.75,0.0,0.0,6.0,NA,0.0
2026-01-08 20:00:00,123.75,170.0,1.0,4.0,5.0,NA,8.0,0.0,22.25,2.0,3.5,2.75,NA,NA,NA,14.0,86.0,0.0,245.75,0.0,0.0,6.0,NA,0.0
2026-01-08 21:00:00,117.25,160.75,1.0,4.0,5.0,NA,7.67,0.0,21.5,2.0,3.33,2.33,NA,NA,NA,13.75,91.0,0.0,230.75,0.0,0.0,6.0,NA,0.0
2026-01-08 22:00:00,91.75,127.0,1.0,4.0,5.0,NA,8.0,0.0,20.5,2.0,3.5,2.5,NA,NA,NA,13.0,96.0,0.0,239.0,0.0,0.0,6.0,NA,0.0
2026-01-08 23:00:00,103.0,142.25,1.0,4.0,5.0,NA,7.0,0.0,19.75,2.0,3.0,2.0,NA,NA,NA,12.75,NA,0.0,242.25,0.0,0.0,6.0,NA,0.0
2026-01-09 00:00:00,95.5,132.5,1.0,4.0,5.0,NA,7.25,0.0,19.0,2.0,3.25,2.25,NA,NA,NA,12.0,98.0,0.0,237.25,0.0,0.0,6.0,NA,0.0
2026-01-09 01:00:00,59.0,83.75,1.0,4.0,5.0,NA,7.0,0.0,19.0,2.0,3.0,2.0,NA,NA,NA,12.0,97.25,0.0,274.25,0.0,0.0,6.0,NA,0.0
2026-01-09 02:00:00,41.0,59.5,1.0,4.0,5.0,NA,7.0,0.0,19.0,2.0,3.0,2.0,NA,NA,NA,12.0,97.25,0.0,175.0,0.0,0.0,6.0,NA,0.0
2026-01-09 03:00:00,39.0,57.0,1.0,3.25,4.5,NA,7.0,0.0,18.0,2.0,3.0,2.0,NA,NA,NA,12.0,97.5,0.0,276.5,0.0,0.0,6.0,NA,0.0
2026-01-09 04:00:00,39.75,57.75,1.0,3.0,4.0,NA,7.0,0.0,18.0,2.0,3.0,2.0,NA,NA,NA,11.75,97.0,0.0,266.25,0.0,0.0,6.0,NA,0.0
2026-01-09 05:00:00,41.0,59.75,1.0,3.0,4.0,NA,7.0,0.0,18.0,2.0,3.0,2.0,NA,NA,NA,11.0,97.25,0.0,192.75,0.0,0.0,6.0,NA,0.0
2026-01-09 06:00:00,42.75,61.75,1.0,3.0,4.0,NA,7.75,0.0,17.0,2.0,3.5,2.5,NA,NA,NA,11.0,97.0,0.0,238.5,0.0,0.0,6.0,NA,0.0
2026-01-09 07:00:00,41.25,59.5,1.0,3.0,4.0,NA,8.0,0.0,17.0,2.0,3.33,2.33,NA,NA,NA,11.0,97.5,0.0,223.5,0.0,0.0,6.0,NA,0.0
2026-01-09 08:00:00,41.0,59.75,1.0,3.25,4.25,NA,7.25,0.0,17.75,2.0,3.0,2.0,NA,NA,NA,11.25,99.0,0.0,185.0,0.0,0.0,6.0,NA,0.0
2026-01-09 09:00:00,46.5,67.25,1.0,4.0,5.0,NA,8.0,0.0,21.5,2.0,3.67,2.67,NA,NA,NA,13.75,82.25,0.0,196.0,0.0,0.0,6.25,NA,0.0
2026-01-09 10:00:00,68.0,96.0,1.0,4.0,5.25,NA,8.0,0.0,23.0,2.0,4.0,3.0,NA,NA,NA,14.75,72.75,0.0,155.75,0.0,0.0,7.0,NA,0.0
2026-01-09 11:00:00,86.0,120.0,1.0,4.75,5.75,NA,NA,0.0,25.25,NA,NA,NA,NA,NA,NA,16.25,65.5,0.0,153.5,0.0,0.0,7.0,NA,0.0
2026-01-09 12:00:00,96.25,133.25,1.75,5.0,6.25,NA,8.25,0.0,27.75,2.0,4.0,3.0,NA,NA,NA,17.75,53.0,0.0,177.0,0.0,0.0,7.0,NA,0.0
2026-01-09 13:00:00,81.25,113.25,2.0,5.0,7.0,NA,8.0,0.0,29.0,2.0,4.0,3.0,NA,NA,NA,18.0,47.0,0.0,240.5,0.0,0.0,7.0,NA,0.0
2026-01-09 14:00:00,63.5,90.0,2.0,5.0,7.0,NA,8.0,0.0,29.25,2.0,4.0,3.0,NA,NA,NA,18.75,44.75,0.0,185.75,0.0,0.0,7.0,NA,0.0
2026-01-09 15:00:00,51.5,74.0,2.0,5.0,7.0,NA,7.33,0.0,29.75,2.0,3.0,2.0,NA,NA,NA,19.0,44.5,0.0,168.5,0.0,0.0,7.0,NA,0.0
2026-01-09 16:00:00,42.25,61.5,2.0,5.0,6.75,NA,7.75,0.0,28.5,2.0,3.75,2.75,NA,NA,NA,18.0,46.0,0.0,214.75,0.0,0.0,7.0,NA,0.0
2026-01-09 17:00:00,47.0,67.25,1.0,5.0,6.0,NA,7.67,0.0,26.5,2.0,3.33,2.33,NA,NA,NA,16.75,54.5,0.0,255.5,0.0,0.0,7.0,NA,0.0
2026-01-09 18:00:00,69.0,96.75,1.0,5.0,6.0,NA,7.75,0.0,25.5,2.0,3.5,2.5,NA,NA,NA,16.0,61.25,0.0,182.0,0.0,0.0,6.25,NA,0.0
2026-01-09 19:00:00,100.75,139.75,1.0,4.25,6.0,NA,8.33,0.0,24.5,2.0,4.0,3.0,NA,NA,NA,15.5,69.0,0.0,173.0,0.0,0.0,6.0,NA,0.0
2026-01-09 20:00:00,110.0,151.25,1.0,4.0,6.0,NA,8.5,0.0,23.75,2.0,4.0,3.0,NA,NA,NA,15.0,76.25,0.0,261.75,0.0,0.0,6.0,NA,0.0
2026-01-09 21:00:00,102.25,140.75,1.0,4.0,5.0,NA,8.0,0.0,23.0,2.0,4.0,3.0,NA,NA,NA,14.5,81.0,0.0,211.25,0.0,0.0,6.0,NA,0.0
2026-01-09 22:00:00,96.5,133.75,1.0,4.0,5.0,NA,7.75,0.0,23.0,2.0,3.75,2.75,NA,NA,NA,14.0,83.0,0.0,349.75,0.0,0.0,6.0,NA,0.0
2026-01-09 23:00:00,90.0,124.25,1.0,4.0,5.0,NA,7.33,0.0,22.0,2.0,3.0,2.0,NA,NA,NA,14.0,86.5,0.0,238.5,0.0,0.0,6.0,NA,0.0
2026-01-10 00:00:00,89.0,124.0,1.0,4.0,5.0,NA,7.75,0.0,22.0,2.0,3.0,2.0,NA,NA,NA,14.0,88.5,0.0,188.75,0.0,0.0,6.0,NA,0.0
2026-01-10 01:00:00,76.0,106.0,1.0,4.0,5.0,NA,8.0,0.0,21.25,2.0,3.67,2.67,NA,NA,NA,13.75,89.25,0.0,313.25,0.0,0.0,6.0,NA,0.0
2026-01-10 02:00:00,64.25,90.75,1.0,4.0,5.0,NA,7.75,0.0,21.0,2.0,3.5,2.5,NA,NA,NA,13.0,90.5,0.0,147.75,0.0,0.0,6.0,NA,0.0
2026-01-10 03:00:00,66.5,93.25,1.0,4.0,5.0,NA,7.0,0.0,20.25,2.0,3.0,2.0,NA,NA,NA,13.0,94.0,0.0,338.0,0.0,0.0,6.0,NA,0.0
2026-01-10 04:00:00,67.75,95.0,1.0,4.0,5.0,NA,8.0,0.0,20.0,2.0,3.75,2.75,NA,NA,NA,13.0,98.0,0.0,214.75,0.0,0.0,6.0,NA,0.0
2026-01-10 05:00:00,75.0,105.5,1.0,4.0,5.0,NA,8.0,0.0,20.0,2.0,4.0,3.0,NA,NA,NA,13.0,NA,0.0,265.0,0.0,0.0,6.0,NA,0.0
2026-01-10 06:00:00,64.0,90.5,1.0,4.0,5.0,NA,7.75,0.0,20.0,2.0,3.75,2.75,NA,NA,NA,12.75,NA,0.0,224.0,0.0,0.0,6.0,NA,0.0
2026-01-10 07:00:00,65.75,93.25,1.0,4.0,5.0,NA,7.33,0.0,20.0,2.0,3.0,2.0,NA,NA,NA,12.75,94.0,0.0,215.75,0.0,0.0,6.0,NA,0.0
2026-01-10 08:00:00,78.25,109.5,1.0,4.0,5.25,NA,8.0,0.0,22.25,2.0,3.75,2.75,NA,NA,NA,14.0,83.75,0.0,207.75,0.0,0.0,6.0,NA,0.0
2026-01-10 09:00:00,97.5,135.5,1.0,5.0,6.0,NA,8.0,0.0,26.5,2.0,4.0,3.0,NA,NA,NA,16.5,64.5,0.0,269.25,0.0,0.0,6.0,NA,0.0
2026-01-10 10:00:00,114.5,157.75,2.0,5.25,7.0,NA,8.0,0.0,30.0,2.0,4.0,3.0,NA,NA,NA,19.0,48.75,0.0,179.25,0.0,0.0,6.25,NA,0.0
2026-01-10 11:00:00,73.5,102.75,2.0,6.0,7.0,NA,NA,0.0,32.25,NA,NA,NA,NA,NA,NA,20.0,43.75,0.0,255.5,0.0,0.0,7.0,NA,0.0
2026-01-10 12:00:00,66.0,93.25,2.0,6.0,7.75,NA,8.0,0.0,33.5,2.0,3.75,2.75,NA,NA,NA,21.25,42.25,0.0,245.75,0.0,0.0,7.0,NA,0.0
2026-01-10 13:00:00,51.0,72.75,2.0,6.0,8.0,NA,8.0,0.0,34.5,2.0,4.0,3.0,NA,NA,NA,22.0,41.25,0.0,223.75,0.0,0.0,6.75,NA,0.0
2026-01-10 14:00:00,47.0,67.25,2.0,6.0,8.0,NA,8.0,0.0,35.0,2.0,4.0,3.0,NA,NA,NA,22.0,40.75,0.0,220.0,0.0,0.0,6.0,NA,0.0
2026-01-10 15:00:00,59.25,84.0,2.0,6.0,8.0,NA,8.0,0.0,34.25,2.0,4.0,3.0,NA,NA,NA,21.75,42.5,0.0,191.25,0.0,0.0,6.0,NA,0.0
2026-01-10 16:00:00,40.0,58.25,2.0,6.0,7.25,NA,8.0,0.0,32.75,2.0,4.0,3.0,NA,NA,NA,20.5,46.0,0.0,149.5,0.0,0.0,6.0,NA,0.0
2026-01-10 17:00:00,36.75,54.25,2.0,5.25,7.0,NA,8.0,0.0,30.5,2.0,4.0,3.0,NA,NA,NA,19.25,51.25,0.0,234.75,0.0,0.0,6.25,NA,0.0
2026-01-10 18:00:00,77.75,108.75,2.0,5.0,7.0,NA,8.0,0.0,29.25,2.0,4.0,3.0,NA,NA,NA,18.5,54.25,0.0,186.25,0.0,0.0,5.0,NA,0.0
2026-01-10 19:00:00,98.5,136.25,1.75,5.0,6.5,NA,8.33,0.0,28.25,2.0,4.0,3.0,NA,NA,NA,17.75,59.0,0.0,106.5,0.0,0.0,5.25,NA,0.0
2026-01-10 20:00:00,125.25,172.25,1.0,5.0,6.0,NA,8.25,0.0,27.0,2.0,4.0,3.0,NA,NA,NA,17.0,62.75,0.0,254.0,0.0,0.0,5.25,NA,0.0
2026-01-10 21:00:00,154.25,210.25,1.0,5.0,6.0,NA,8.0,0.0,27.0,2.0,4.0,3.0,NA,NA,NA,17.0,63.5,0.0,173.75,0.0,0.0,5.0,NA,0.0
2026-01-10 22:00:00,132.0,181.25,1.0,5.0,6.0,NA,8.0,0.0,26.0,2.0,4.0,3.0,NA,NA,NA,16.0,68.5,0.0,156.25,0.0,0.0,5.0,NA,0.0
2026-01-10 23:00:00,155.75,213.25,1.0,5.0,6.0,NA,9.0,0.0,26.0,2.0,4.0,3.0,NA,NA,NA,16.0,68.75,0.0,219.5,0.0,0.0,5.75,NA,0.0
2026-01-11 00:00:00,125.25,172.0,1.0,5.0,6.0,NA,8.25,0.0,25.0,2.0,4.0,3.0,NA,NA,NA,16.0,69.25,0.0,156.5,0.0,0.0,6.0,NA,0.0
2026-01-11 01:00:00,98.25,136.25,1.0,4.25,6.0,NA,8.0,0.0,24.25,2.0,4.0,3.0,NA,NA,NA,15.25,71.5,0.0,200.0,0.0,0.0,6.0,NA,0.0
2026-01-11 02:00:00,82.75,115.5,1.0,4.0,6.0,NA,8.0,0.0,24.0,2.0,3.75,2.75,NA,NA,NA,15.0,70.5,0.0,220.5,0.0,0.0,6.0,NA,0.0
2026-01-11 03:00:00,62.0,87.75,1.0,4.0,6.0,NA,7.33,0.0,23.5,2.0,3.0,2.0,NA,NA,NA,15.0,72.5,0.0,177.75,0.0,0.0,6.0,NA,0.0
2026-01-11 04:00:00,55.5,79.75,1.0,4.0,6.0,NA,7.0,0.0,23.0,2.0,3.0,2.0,NA,NA,NA,15.0,72.25,0.0,199.25,0.0,0.0,6.0,NA,0.0
2026-01-11 05:00:00,54.25,77.25,1.0,4.0,5.0,NA,7.0,0.0,23.0,2.0,3.0,2.0,NA,NA,NA,14.5,74.5,0.0,129.5,0.0,0.0,6.0,NA,0.0
2026-01-11 06:00:00,63.75,90.0,1.0,4.0,5.0,NA,7.0,0.0,22.0,2.0,3.0,2.0,NA,NA,NA,14.0,76.75,0.0,174.75,0.0,0.0,6.0,NA,0.0
2026-01-11 07:00:00,69.5,97.25,1.0,4.0,5.0,NA,7.0,0.0,22.0,2.0,3.0,2.0,NA,NA,NA,14.0,78.75,0.0,196.5,0.0,0.0,6.0,NA,0.0
2026-01-11 08:00:00,79.0,110.0,1.0,4.25,5.75,NA,7.5,0.0,24.25,2.0,3.25,2.25,NA,NA,NA,15.25,72.25,0.0,263.25,0.0,0.0,6.0,NA,0.0
2026-01-11 09:00:00,87.5,121.5,1.5,5.0,6.5,NA,8.0,0.0,28.25,2.0,4.0,3.0,NA,NA,NA,17.75,59.75,0.0,198.75,0.0,0.0,5.75,NA,0.0
2026-01-11 10:00:00,107.25,148.25,2.0,5.75,7.0,NA,8.0,0.0,31.5,2.0,4.0,3.0,NA,NA,NA,19.75,49.75,0.0,169.25,0.0,0.0,6.0,NA,0.0
2026-01-11 11:00:00,108.25,149.25,2.0,6.0,7.5,NA,NA,0.0,33.25,NA,NA,NA,NA,NA,NA,21.0,44.75,0.0,194.5,0.0,0.0,5.0,NA,0.0
2026-01-11 12:00:00,84.5,116.75,2.0,6.0,8.0,NA,8.5,0.0,34.25,2.0,4.0,3.0,NA,NA,NA,21.25,43.75,0.0,210.5,0.0,0.0,5.0,NA,0.0
2026-01-11 13:00:00,59.75,84.25,2.0,6.0,8.0,NA,8.0,0.0,35.0,2.0,4.0,3.0,NA,NA,NA,22.0,41.75,0.0,223.0,0.0,0.0,5.0,NA,0.0
2026-01-11 14:00:00,38.25,55.75,2.0,6.0,8.0,NA,8.25,0.0,34.75,2.0,4.0,3.0,NA,NA,NA,22.0,42.5,0.0,193.5,0.0,0.0,5.0,NA,0.0
2026-01-11 15:00:00,37.75,55.5,2.0,6.0,8.0,NA,10.0,0.0,33.75,2.33,4.67,3.33,NA,NA,NA,21.0,44.0,0.0,176.0,0.0,0.0,5.0,NA,0.0
2026-01-11 16:00:00,38.0,56.0,2.0,6.0,7.25,NA,7.75,0.0,32.5,2.25,3.5,2.25,NA,NA,NA,20.5,46.5,0.0,233.25,0.0,0.0,5.0,NA,0.0
2026-01-11 17:00:00,44.0,63.5,2.0,5.25,7.0,NA,7.67,0.0,30.5,2.0,3.67,2.67,NA,NA,NA,19.25,50.5,0.0,192.5,0.0,0.0,5.0,NA,0.0
2026-01-11 18:00:00,45.75,65.75,2.0,5.0,7.0,NA,8.75,0.0,29.0,2.0,4.0,3.0,NA,NA,NA,18.25,54.5,0.0,147.75,0.0,0.0,5.75,NA,0.0
2026-01-11 19:00:00,54.75,77.5,1.75,5.0,6.25,NA,8.33,0.0,28.0,2.0,4.0,3.0,NA,NA,NA,17.75,58.25,0.0,121.33,0.0,0.0,5.5,NA,0.0
2026-01-11 20:00:00,67.25,94.75,1.0,5.0,6.0,NA,7.5,0.0,27.0,2.0,3.5,2.5,NA,NA,NA,17.0,60.25,0.0,287.0,0.0,0.0,5.25,NA,0.0
2026-01-11 21:00:00,70.75,99.0,1.0,5.0,6.0,NA,7.0,0.0,26.25,2.0,3.0,2.0,NA,NA,NA,16.75,62.25,0.0,207.0,0.0,0.0,5.75,NA,0.0
2026-01-11 22:00:00,72.0,100.75,1.0,5.0,6.0,NA,7.5,0.0,25.75,1.75,3.0,2.0,NA,NA,NA,16.0,64.0,0.0,268.25,0.0,0.0,5.0,NA,0.0
2026-01-11 23:00:00,66.75,94.0,1.0,4.5,6.0,NA,7.67,0.0,24.5,2.0,3.33,2.33,NA,NA,NA,15.5,66.0,0.0,301.5,0.0,0.0,6.0,NA,0.0
2026-01-12 00:00:00,56.5,80.75,1.0,4.0,6.0,NA,7.25,0.0,23.75,2.0,3.25,2.25,NA,NA,NA,15.0,68.75,0.0,209.5,0.0,0.0,6.0,NA,0.0
2026-01-12 01:00:00,49.75,72.0,1.0,4.0,5.0,NA,7.0,0.0,23.0,2.0,3.0,2.0,NA,NA,NA,14.5,70.5,0.0,312.5,0.0,0.0,6.0,NA,0.0
2026-01-12 02:00:00,47.0,67.5,1.0,4.0,5.0,NA,7.25,0.0,22.5,2.0,3.0,2.0,NA,NA,NA,14.0,70.0,0.0,226.75,0.0,0.0,6.0,NA,0.0
2026-01-12 03:00:00,43.5,62.75,1.0,4.0,5.0,NA,7.0,0.0,22.0,2.0,3.0,2.0,NA,NA,NA,14.0,69.25,0.0,316.0,0.0,0.0,6.0,NA,0.0
2026-01-12 04:00:00,44.5,64.5,1.0,4.0,5.0,NA,7.25,0.0,21.0,2.0,3.25,2.25,NA,NA,NA,13.25,71.25,0.0,309.75,0.0,0.0,6.0,NA,0.0
2026-01-12 05:00:00,48.5,69.25,1.0,4.0,5.0,NA,7.33,0.0,20.25,2.0,3.0,2.0,NA,NA,NA,13.0,73.5,0.0,328.5,0.0,0.0,6.0,NA,0.0
2026-01-12 06:00:00,52.5,74.5,1.0,4.0,5.0,NA,7.75,0.0,20.0,2.0,3.75,2.75,NA,NA,NA,13.0,75.75,0.0,278.75,0.0,0.0,5.75,NA,0.0
2026-01-12 07:00:00,59.25,83.75,1.0,4.0,5.0,NA,8.0,0.0,20.25,2.0,4.0,3.0,NA,NA,NA,12.5,76.5,0.0,300.25,0.0,0.0,6.0,NA,0.0
2026-01-12 08:00:00,73.25,102.5,1.0,4.25,5.5,NA,8.0,0.0,22.75,2.0,3.75,2.75,NA,NA,NA,14.75,67.25,0.0,343.75,0.0,0.0,5.75,NA,0.0
2026-01-12 09:00:00,92.0,127.75,1.25,5.0,6.0,NA,8.0,0.0,26.75,2.0,4.0,3.0,NA,NA,NA,17.0,58.0,0.0,244.25,0.0,0.0,6.0,NA,0.0
2026-01-12 10:00:00,99.25,137.25,2.0,5.0,6.75,NA,8.0,0.0,29.0,2.0,4.0,3.0,NA,NA,NA,18.5,53.25,0.0,241.5,0.0,0.0,6.75,NA,0.0
2026-01-12 11:00:00,101.75,140.75,2.0,6.0,7.0,NA,NA,0.0,31.25,NA,NA,NA,NA,NA,NA,19.75,46.25,0.0,203.0,0.0,0.0,7.0,NA,0.0
2026-01-12 12:00:00,82.0,114.75,2.0,6.0,7.0,NA,7.75,0.0,32.25,2.0,3.25,2.25,NA,NA,NA,20.25,43.0,0.0,189.75,0.0,0.0,7.0,NA,0.0
2026-01-12 13:00:00,60.75,86.5,2.0,6.0,7.25,NA,7.0,0.0,33.0,2.0,3.0,2.0,NA,NA,NA,21.0,41.25,0.0,232.0,0.0,0.0,7.0,NA,0.0
2026-01-12 14:00:00,48.25,69.0,2.0,6.0,8.0,NA,7.0,0.0,33.25,2.0,3.0,2.0,NA,NA,NA,21.0,40.0,0.0,264.5,0.0,0.0,6.75,NA,0.0
2026-01-12 15:00:00,45.5,66.0,2.0,6.0,7.5,NA,7.0,0.0,33.25,2.0,3.0,2.0,NA,NA,NA,21.0,39.25,0.0,212.5,0.0,0.0,7.0,NA,0.0
2026-01-12 16:00:00,37.25,54.5,2.0,6.0,7.0,NA,7.5,0.0,31.5,2.0,3.25,2.5,NA,NA,NA,19.75,41.5,0.0,238.25,0.0,0.0,7.0,NA,0.0
2026-01-12 17:00:00,46.0,66.25,2.0,5.0,7.0,NA,7.67,0.0,29.25,2.0,3.33,2.33,NA,NA,NA,18.5,46.25,0.0,263.0,0.0,0.0,7.0,NA,0.0
2026-01-12 18:00:00,63.0,88.75,2.0,5.0,6.75,NA,8.0,0.0,28.25,2.0,3.75,2.75,NA,NA,NA,18.0,49.75,0.0,14.0,0.0,0.0,6.25,NA,0.0
2026-01-12 19:00:00,82.5,114.75,1.25,5.0,6.0,NA,8.67,0.0,27.25,2.0,4.0,3.0,NA,NA,NA,17.25,52.5,0.0,68.75,0.0,0.0,6.0,NA,0.0
2026-01-12 20:00:00,97.25,134.75,1.0,5.0,6.0,NA,8.25,0.0,26.25,2.0,4.0,3.0,NA,NA,NA,17.0,56.25,0.0,84.25,0.0,0.0,6.0,NA,0.0
2026-01-12 21:00:00,111.25,153.5,1.0,5.0,6.0,NA,8.0,0.0,25.5,2.0,4.0,3.0,NA,NA,NA,16.0,60.5,0.0,104.0,0.0,0.0,6.0,NA,0.0
2026-01-12 22:00:00,112.5,155.0,1.0,4.25,6.0,NA,7.25,0.0,24.5,2.0,3.25,2.25,NA,NA,NA,15.75,64.25,0.0,234.0,0.0,0.0,5.75,NA,0.0
2026-01-12 23:00:00,106.0,146.25,1.0,4.0,6.0,NA,7.0,0.0,24.0,2.0,3.0,2.0,NA,NA,NA,15.0,66.5,0.0,260.5,0.0,0.0,6.0,NA,0.0
2026-01-13 00:00:00,94.5,131.0,1.0,4.0,5.5,NA,7.5,0.0,23.25,2.0,3.25,2.25,NA,NA,NA,15.0,69.0,0.0,319.25,0.0,0.0,6.0,NA,0.0
2026-01-13 01:00:00,90.5,125.25,1.0,4.0,5.0,NA,7.0,0.0,22.75,2.0,3.0,2.0,NA,NA,NA,14.0,70.5,0.0,333.25,0.0,0.0,6.0,NA,0.0
2026-01-13 02:00:00,79.5,111.0,1.0,4.0,5.0,NA,7.0,0.0,22.0,2.0,3.0,2.0,NA,NA,NA,14.0,70.5,0.0,280.5,0.0,0.0,6.0,NA,0.0
2026-01-13 03:00:00,69.25,96.75,1.0,4.0,5.0,NA,7.0,0.0,21.75,2.0,3.0,2.0,NA,NA,NA,14.0,70.0,0.0,324.5,0.0,0.0,6.0,NA,0.0
2026-01-13 04:00:00,64.0,90.5,1.0,4.0,5.0,NA,7.5,0.0,21.0,2.0,3.0,2.5,NA,NA,NA,13.0,72.25,0.0,332.0,0.0,0.0,6.0,NA,0.0
2026-01-13 05:00:00,64.75,91.75,1.0,4.0,5.0,NA,7.67,0.0,20.0,2.0,3.0,2.0,NA,NA,NA,13.0,76.5,0.0,288.5,0.0,0.0,6.0,NA,0.0
2026-01-13 06:00:00,68.5,96.5,1.0,4.0,5.0,NA,7.75,0.0,19.5,2.0,3.75,2.75,NA,NA,NA,12.5,80.5,0.0,312.75,0.0,0.0,6.0,NA,0.0
2026-01-13 07:00:00,75.0,105.33,1.0,4.0,5.0,NA,8.0,0.0,20.0,2.0,4.0,3.0,NA,NA,NA,12.33,80.67,0.0,333.33,0.0,0.0,6.0,NA,0.0
2026-01-13 08:00:00,88.25,122.75,1.0,4.0,5.25,NA,8.0,0.0,22.5,2.0,4.0,3.0,NA,NA,NA,14.5,69.0,0.0,228.0,0.0,0.0,6.0,NA,0.0
2026-01-13 09:00:00,87.5,121.75,1.0,4.75,6.0,NA,8.0,0.0,25.25,2.0,4.0,3.0,NA,NA,NA,15.75,59.0,0.0,218.33,0.0,0.0,7.0,NA,0.0
2026-01-13 10:00:00,91.5,127.25,1.25,5.0,6.25,NA,8.0,0.0,27.5,2.0,3.75,2.75,NA,NA,NA,17.25,52.5,0.0,221.75,0.0,0.0,7.0,NA,0.0
2026-01-13 11:00:00,83.25,115.75,2.0,5.0,7.0,NA,NA,0.0,30.25,NA,NA,NA,NA,NA,NA,18.75,45.75,0.0,167.75,0.0,0.0,7.0,NA,0.0
2026-01-13 12:00:00,69.75,97.5,2.0,6.0,7.0,NA,12.5,0.0,31.25,3.0,5.75,4.0,NA,NA,NA,20.0,42.0,0.0,159.25,0.0,0.0,7.0,NA,0.0
2026-01-13 13:00:00,61.0,86.25,2.0,6.0,7.0,NA,9.67,0.0,32.25,2.33,4.67,3.0,NA,NA,NA,20.0,41.25,0.0,205.75,0.0,0.0,7.0,NA,0.0
2026-01-13 14:00:00,51.5,73.5,2.0,6.0,7.0,NA,7.25,0.0,32.0,1.75,3.0,2.0,NA,NA,NA,20.0,40.0,0.0,185.25,0.0,0.0,6.75,NA,0.0
2026-01-13 15:00:00,57.5,81.75,2.0,6.0,7.0,NA,3.67,0.0,31.75,1.0,1.67,1.0,NA,NA,NA,20.0,38.75,0.0,141.0,0.0,0.0,7.0,NA,0.0
2026-01-13 16:00:00,40.25,58.5,2.0,5.5,7.0,NA,7.5,0.0,30.5,1.75,3.25,2.5,NA,NA,NA,19.25,41.75,0.0,230.5,0.0,0.0,7.0,NA,0.0
2026-01-13 17:00:00,43.25,62.75,2.0,5.0,6.75,NA,9.0,0.0,28.5,2.0,4.0,3.0,NA,NA,NA,18.25,47.5,0.0,148.5,0.0,0.0,6.75,NA,0.0
2026-01-13 18:00:00,61.0,87.0,1.0,5.0,6.0,NA,7.5,0.0,27.25,2.0,3.5,2.5,NA,NA,NA,17.0,50.75,0.0,137.25,0.0,0.0,6.0,NA,0.0
2026-01-13 19:00:00,77.0,107.5,1.0,5.0,6.0,NA,7.0,0.0,26.25,2.0,3.0,2.0,NA,NA,NA,16.75,54.5,0.0,128.0,0.0,0.0,6.0,NA,0.0
2026-01-13 20:00:00,88.5,123.75,1.0,5.0,6.0,NA,8.25,0.0,25.75,2.0,3.75,2.75,NA,NA,NA,16.0,58.0,0.0,267.25,0.0,0.0,5.5,NA,0.0
2026-01-13 21:00:00,106.75,147.0,1.0,4.5,6.0,NA,9.0,0.0,24.75,2.0,4.0,3.0,NA,NA,NA,15.75,61.75,0.0,177.75,0.0,0.0,6.0,NA,0.0
2026-01-13 22:00:00,121.25,167.0,1.0,4.0,6.0,NA,8.25,0.0,24.0,2.0,4.0,3.0,NA,NA,NA,15.0,66.0,0.0,182.25,0.0,0.0,5.75,NA,0.0
2026-01-13 23:00:00,140.5,192.75,1.0,4.0,5.75,NA,8.0,0.0,23.25,2.0,4.0,3.0,NA,NA,NA,15.0,68.0,0.0,61.5,0.0,0.0,5.75,NA,0.0
2026-01-14 00:00:00,112.75,155.25,1.0,4.0,5.0,NA,7.5,0.0,23.0,2.0,3.0,2.0,NA,NA,NA,14.5,71.0,0.0,191.0,0.0,0.0,5.75,NA,0.0
2026-01-14 01:00:00,114.25,157.0,1.0,4.0,5.0,NA,7.0,0.0,22.5,2.0,3.0,2.0,NA,NA,NA,14.0,72.25,0.0,91.5,0.0,0.0,6.0,NA,0.0
2026-01-14 02:00:00,91.5,126.75,1.0,4.0,5.0,NA,7.25,0.0,22.0,2.0,3.0,2.0,NA,NA,NA,14.0,73.5,0.0,188.25,0.0,0.0,6.0,NA,0.0
2026-01-14 03:00:00,73.75,103.0,1.0,4.0,5.0,NA,6.67,0.0,21.5,1.67,3.0,2.0,NA,NA,NA,14.0,75.25,0.0,225.25,0.0,0.0,6.0,NA,0.0
2026-01-14 04:00:00,66.0,93.0,1.0,4.0,5.0,NA,7.0,0.0,21.0,2.0,3.0,2.0,NA,NA,NA,13.5,78.25,0.0,99.0,0.0,0.0,6.0,NA,0.0
2026-01-14 05:00:00,68.0,95.5,1.0,4.0,5.0,NA,7.0,0.0,21.0,2.0,3.0,2.0,NA,NA,NA,13.0,80.75,0.0,191.0,0.0,0.0,6.0,NA,0.0
2026-01-14 06:00:00,74.25,104.0,1.0,4.0,5.0,NA,7.25,0.0,20.0,2.0,3.0,2.0,NA,NA,NA,13.0,82.0,0.0,195.5,0.0,0.0,6.0,NA,0.0
2026-01-14 07:00:00,74.5,104.5,1.0,4.0,5.0,NA,7.33,0.0,20.0,2.0,3.33,2.33,NA,NA,NA,13.0,82.25,0.0,181.25,0.0,0.0,6.0,NA,0.0
2026-01-14 08:00:00,87.25,121.5,1.0,4.0,5.25,NA,7.75,0.0,22.5,2.0,3.5,2.5,NA,NA,NA,14.0,74.75,0.0,147.75,0.0,0.0,5.75,NA,0.0
2026-01-14 09:00:00,109.25,151.25,1.0,5.0,6.0,NA,8.0,0.0,25.75,2.0,3.33,2.33,NA,NA,NA,16.5,62.0,0.0,181.25,0.0,0.0,7.0,NA,0.0
2026-01-14 10:00:00,105.0,145.25,2.0,5.0,6.75,NA,8.0,0.0,28.5,2.0,3.5,2.5,NA,NA,NA,18.0,47.75,0.0,266.0,0.0,0.0,7.0,NA,0.0
2026-01-14 11:00:00,84.0,116.75,2.0,5.25,7.0,NA,NA,0.0,30.0,NA,NA,NA,NA,NA,NA,19.25,42.75,0.0,170.0,0.0,0.0,7.0,NA,0.0
2026-01-14 12:00:00,62.0,87.75,2.0,5.75,7.0,NA,8.25,0.0,32.0,2.0,4.0,3.0,NA,NA,NA,20.0,37.25,0.0,231.0,0.0,0.0,7.0,NA,0.0
2026-01-14 13:00:00,47.75,68.25,2.0,6.0,7.25,NA,7.67,0.0,33.0,2.0,3.67,2.67,NA,NA,NA,20.5,35.75,0.0,179.0,0.0,0.0,7.0,NA,0.0
2026-01-14 14:00:00,45.25,66.0,2.0,6.0,8.0,NA,7.0,0.0,33.25,2.0,3.0,2.0,NA,NA,NA,21.0,34.5,0.0,243.0,0.0,0.0,6.75,NA,0.0
2026-01-14 15:00:00,42.5,61.5,2.0,6.0,7.0,NA,7.0,0.0,32.5,2.0,3.0,2.0,NA,NA,NA,20.5,36.75,0.0,221.25,0.0,0.0,7.0,NA,0.0
2026-01-14 16:00:00,43.0,62.75,2.0,5.75,7.0,NA,8.0,0.0,31.25,2.0,3.75,2.75,NA,NA,NA,19.75,40.5,0.0,218.5,0.0,0.0,7.0,NA,0.0
2026-01-14 17:00:00,42.25,61.0,2.0,5.0,7.0,NA,8.0,0.0,29.25,2.0,4.0,3.0,NA,NA,NA,18.5,45.0,0.0,95.0,0.0,0.0,7.0,NA,0.0
2026-01-14 18:00:00,61.75,87.0,1.5,5.0,6.25,NA,8.0,0.0,27.75,2.0,4.0,3.0,NA,NA,NA,17.5,49.25,0.0,134.75,0.0,0.0,7.0,NA,0.0
2026-01-14 19:00:00,77.0,107.5,1.0,5.0,6.0,NA,8.0,0.0,26.75,2.0,4.0,3.0,NA,NA,NA,17.0,51.75,0.0,192.5,0.0,0.0,6.0,NA,0.0
2026-01-14 20:00:00,83.25,116.0,1.0,5.0,6.0,NA,8.0,0.0,26.0,2.0,4.0,3.0,NA,NA,NA,16.25,55.25,0.0,47.5,0.0,0.0,6.0,NA,0.0
2026-01-14 21:00:00,101.0,139.75,1.0,5.0,6.0,NA,8.0,0.0,25.75,2.0,4.0,3.0,NA,NA,NA,16.0,56.75,0.0,136.67,0.0,0.0,6.0,NA,0.0
2026-01-14 22:00:00,106.33,147.0,1.0,5.0,6.0,NA,8.0,0.0,25.0,2.0,4.0,3.0,NA,NA,NA,16.0,60.0,0.0,177.67,0.0,0.0,5.33,NA,0.0
2026-01-14 23:00:00,114.0,157.5,1.0,4.5,6.0,NA,8.0,0.0,24.5,2.0,4.0,3.0,NA,NA,NA,15.5,60.5,0.0,107.75,0.0,0.0,5.75,NA,0.0
2026-01-15 00:00:00,92.25,128.25,1.0,4.0,6.0,NA,8.0,0.0,24.0,2.0,4.0,3.0,NA,NA,NA,15.0,65.25,0.0,22.5,0.0,0.0,6.0,NA,0.0
2026-01-15 01:00:00,105.5,145.25,1.0,4.0,5.25,NA,8.0,0.0,23.0,2.0,4.0,3.0,NA,NA,NA,14.75,69.0,0.0,229.0,0.0,0.0,5.75,NA,0.0
2026-01-15 02:00:00,86.25,119.75,1.0,4.0,5.0,NA,8.0,0.0,22.0,2.0,3.75,2.75,NA,NA,NA,14.0,71.25,0.0,178.0,0.0,0.0,5.75,NA,0.0
2026-01-15 03:00:00,68.25,96.0,1.0,4.0,5.0,NA,8.0,0.0,21.75,2.0,3.67,2.67,NA,NA,NA,14.0,73.25,0.0,307.75,0.0,0.0,5.5,NA,0.0
2026-01-15 04:00:00,65.25,92.25,1.0,4.0,5.0,NA,8.0,0.0,21.0,2.0,3.75,2.75,NA,NA,NA,13.0,76.75,0.0,37.25,0.0,0.0,6.0,NA,0.0
2026-01-15 05:00:00,66.75,94.5,1.0,4.0,5.0,NA,8.0,0.0,20.0,2.0,4.0,3.0,NA,NA,NA,13.0,79.75,0.0,69.75,0.0,0.0,6.0,NA,0.0
2026-01-15 06:00:00,68.75,96.75,1.0,4.0,5.0,NA,8.0,0.0,19.75,2.0,4.0,3.0,NA,NA,NA,12.75,83.5,0.0,27.5,0.0,0.0,6.0,NA,0.0
2026-01-15 07:00:00,100.5,138.75,1.0,4.0,5.0,NA,8.0,0.0,19.75,2.0,4.0,3.0,NA,NA,NA,12.5,84.0,0.0,199.0,0.0,0.0,5.5,NA,0.0
2026-01-15 08:00:00,261.0,353.5,1.0,4.0,5.25,NA,8.0,0.0,22.0,2.0,4.0,3.0,NA,NA,NA,14.0,75.75,0.0,199.75,0.0,0.0,5.75,NA,0.0
2026-01-15 09:00:00,152.25,208.25,1.0,4.75,6.0,NA,8.0,0.0,25.5,2.0,4.0,3.0,NA,NA,NA,16.5,63.5,0.0,189.75,0.0,0.0,5.75,NA,0.0
2026-01-15 10:00:00,122.5,169.0,1.75,5.0,6.75,NA,7.25,0.0,28.25,2.0,3.25,2.25,NA,NA,NA,17.75,53.5,0.0,275.0,0.0,0.0,5.75,NA,0.0
2026-01-15 11:00:00,100.0,139.0,2.0,5.0,7.0,NA,NA,0.0,30.0,NA,NA,NA,NA,NA,NA,19.0,49.25,0.0,260.25,0.0,0.0,5.75,NA,0.0
2026-01-15 12:00:00,92.75,129.0,2.0,5.5,7.0,NA,7.0,0.0,31.25,2.0,3.0,2.0,NA,NA,NA,19.5,44.75,0.0,190.5,0.0,0.0,5.5,NA,0.0
2026-01-15 13:00:00,78.0,109.0,2.0,6.0,7.0,NA,7.0,0.0,32.0,2.0,3.0,2.0,NA,NA,NA,20.0,40.5,0.0,180.25,0.0,0.0,5.5,NA,0.0
2026-01-15 14:00:00,55.25,78.5,2.0,6.0,7.0,NA,7.75,0.0,32.25,2.0,3.75,2.75,NA,NA,NA,20.25,39.0,0.0,174.0,0.0,0.0,5.75,NA,0.0
2026-01-15 15:00:00,58.75,83.0,2.0,6.0,7.0,NA,8.0,0.0,31.75,2.0,4.0,3.0,NA,NA,NA,20.0,42.25,0.0,198.25,0.0,0.0,7.25,NA,0.0
2026-01-15 16:00:00,53.5,76.5,2.0,5.25,7.0,NA,8.0,0.0,30.5,2.0,4.0,3.0,NA,NA,NA,19.25,45.25,0.0,216.5,0.0,0.0,6.75,NA,0.0
2026-01-15 17:00:00,60.5,85.25,2.0,5.0,6.75,NA,8.0,0.0,28.75,2.0,4.0,3.0,NA,NA,NA,18.25,52.0,0.0,158.0,0.0,0.0,5.75,NA,0.0
2026-01-15 18:00:00,81.0,113.25,1.25,5.0,6.0,NA,8.0,0.0,27.5,2.0,4.0,3.0,NA,NA,NA,17.25,54.5,0.0,181.0,0.0,0.0,6.0,NA,0.0
2026-01-15 19:00:00,89.25,124.0,1.0,5.0,6.0,NA,8.33,0.0,26.5,2.0,4.0,3.0,NA,NA,NA,17.0,58.25,0.0,252.25,0.0,0.0,6.0,NA,0.0
2026-01-15 20:00:00,124.0,170.5,1.0,5.0,6.0,NA,8.25,0.0,26.0,2.0,4.0,3.0,NA,NA,NA,16.25,61.25,0.0,233.33,0.0,0.0,6.0,NA,0.0
2026-01-15 21:00:00,146.75,200.75,1.0,4.75,6.0,NA,8.67,0.0,24.75,2.0,4.0,3.0,NA,NA,NA,16.0,65.25,0.0,242.75,0.0,0.0,5.75,NA,0.0
2026-01-15 22:00:00,142.0,194.5,1.0,4.0,5.75,NA,8.0,0.0,23.5,2.0,3.75,2.75,NA,NA,NA,14.75,69.25,0.0,241.0,0.0,0.0,5.25,NA,0.0
2026-01-15 23:00:00,101.25,140.0,1.0,4.0,5.0,NA,7.0,0.0,22.0,2.0,3.0,2.0,NA,NA,NA,14.0,74.75,0.0,243.5,0.0,0.0,6.0,NA,0.0
2026-01-16 00:00:00,83.0,115.5,1.0,4.0,5.0,NA,7.0,0.0,21.5,1.75,3.0,2.0,NA,NA,NA,14.0,79.25,0.0,93.0,0.0,0.0,5.75,NA,0.0
2026-01-16 01:00:00,83.75,116.5,1.0,4.0,5.0,NA,7.0,0.0,21.0,2.0,3.0,2.0,NA,NA,NA,13.0,83.5,0.0,76.75,0.0,0.0,6.0,NA,0.0
2026-01-16 02:00:00,91.0,126.25,1.0,4.0,5.0,NA,7.75,0.0,20.25,2.0,3.75,2.75,NA,NA,NA,13.0,87.25,0.0,167.75,0.0,0.0,6.0,NA,0.0
2026-01-16 03:00:00,91.75,127.5,1.0,4.0,5.0,NA,8.0,0.0,20.0,2.0,4.0,3.0,NA,NA,NA,13.0,89.0,0.0,248.0,0.0,0.0,6.0,NA,0.0
2026-01-16 04:00:00,84.25,117.0,1.0,4.0,5.0,NA,8.0,0.0,19.5,2.0,4.0,3.0,NA,NA,NA,12.5,92.5,0.0,164.5,0.0,0.0,6.0,NA,0.0
2026-01-16 05:00:00,84.75,117.75,1.0,4.0,5.0,NA,8.0,0.0,19.0,2.0,4.0,3.0,NA,NA,NA,12.0,98.0,0.0,195.0,0.0,0.0,6.0,NA,0.0
2026-01-16 06:00:00,89.5,124.5,1.0,3.0,4.5,NA,7.5,0.0,18.0,2.0,3.5,2.5,NA,NA,NA,11.75,NA,0.0,259.0,0.0,0.0,5.75,NA,0.0
2026-01-16 07:00:00,86.5,120.5,1.0,3.0,4.0,NA,7.0,0.0,17.75,2.0,3.0,2.0,NA,NA,NA,11.0,NA,0.0,200.0,0.0,0.0,6.0,NA,0.0
2026-01-16 08:00:00,78.75,109.75,1.0,3.0,4.0,NA,7.75,0.0,18.0,2.0,3.75,2.75,NA,NA,NA,11.25,NA,0.0,185.0,0.0,0.0,6.5,NA,0.0
2026-01-16 09:00:00,81.5,114.25,1.0,4.0,5.0,NA,9.0,0.0,18.5,2.0,4.0,3.0,NA,NA,NA,12.0,NA,0.0,108.0,0.0,0.0,7.0,NA,0.0
2026-01-16 10:00:00,99.5,136.75,1.0,4.0,5.0,NA,8.25,0.0,20.75,2.0,4.0,3.0,NA,NA,NA,13.25,88.0,0.0,202.75,0.0,0.0,7.0,NA,0.0
2026-01-16 11:00:00,112.25,154.5,1.0,4.5,6.0,NA,NA,0.0,24.75,NA,NA,NA,NA,NA,NA,15.5,70.25,0.0,233.0,0.0,0.0,7.0,NA,0.0
2026-01-16 12:00:00,116.5,161.0,1.0,5.0,6.0,NA,8.25,0.0,26.25,2.0,4.0,3.0,NA,NA,NA,16.25,65.5,0.0,254.75,0.0,0.0,7.0,NA,0.0
2026-01-16 13:00:00,113.0,156.0,1.5,5.0,6.5,NA,8.0,0.0,27.25,2.0,4.0,3.0,NA,NA,NA,17.5,61.75,0.0,261.75,0.0,0.0,7.25,NA,0.0
2026-01-16 14:00:00,106.0,146.25,2.0,5.0,6.75,NA,8.0,0.0,28.75,2.0,4.0,3.0,NA,NA,NA,18.25,58.5,0.0,284.75,0.0,0.0,7.0,NA,0.0
2026-01-16 15:00:00,110.25,151.5,2.0,5.0,7.0,NA,8.0,0.0,29.75,2.0,3.33,2.33,NA,NA,NA,19.0,52.5,0.0,279.25,0.0,0.0,7.0,NA,0.0
2026-01-16 16:00:00,78.75,110.25,2.0,5.0,7.0,NA,7.75,0.0,28.75,2.0,3.25,2.25,NA,NA,NA,18.25,55.0,0.0,258.5,0.0,0.0,7.0,NA,0.0
2026-01-16 17:00:00,78.25,109.25,1.0,5.0,6.0,NA,7.33,0.0,26.5,2.0,3.33,2.33,NA,NA,NA,16.75,67.25,0.0,171.75,0.0,0.0,7.0,NA,0.0
2026-01-16 18:00:00,104.25,144.75,1.0,4.25,6.0,NA,8.0,0.0,24.5,2.0,4.0,3.0,NA,NA,NA,15.5,80.25,0.0,199.5,0.0,0.0,6.25,NA,0.0
2026-01-16 19:00:00,136.75,187.5,1.0,4.0,6.0,NA,8.67,0.0,23.5,2.0,4.0,3.0,NA,NA,NA,15.0,85.5,0.0,188.5,0.0,0.0,6.0,NA,0.0
2026-01-16 20:00:00,159.25,216.5,1.0,4.0,5.0,NA,8.75,0.0,23.0,2.0,4.0,3.0,NA,NA,NA,14.5,89.5,0.0,261.5,0.0,0.0,6.0,NA,0.0
2026-01-16 21:00:00,268.0,362.75,1.0,4.0,5.0,NA,9.33,0.0,22.75,2.0,4.0,3.0,NA,NA,NA,14.5,91.25,0.0,19.0,0.0,0.0,6.0,NA,0.0
2026-01-16 22:00:00,284.25,384.0,1.0,4.0,5.0,NA,7.75,0.0,22.0,2.0,3.5,2.5,NA,NA,NA,14.0,94.5,0.0,10.5,0.0,0.0,6.0,NA,0.0
2026-01-16 23:00:00,285.0,384.0,1.0,4.0,5.0,NA,7.0,0.0,21.0,2.0,3.0,2.0,NA,NA,NA,13.5,NA,0.0,14.25,0.0,0.0,6.0,NA,0.0
2026-01-17 00:00:00,284.75,384.25,1.0,4.0,5.0,NA,8.5,0.0,20.75,2.0,4.0,3.0,NA,NA,NA,13.0,NA,0.0,16.0,0.0,0.0,6.0,NA,0.0
2026-01-17 01:00:00,284.75,384.0,1.0,4.0,5.0,NA,9.0,0.0,20.0,2.0,4.0,3.0,NA,NA,NA,13.0,NA,0.0,157.75,0.0,0.0,6.0,NA,0.0
2026-01-17 02:00:00,284.75,384.0,1.0,4.0,5.0,NA,7.75,0.0,20.0,2.0,3.5,2.5,NA,NA,NA,12.75,NA,0.0,274.75,0.0,0.0,6.0,NA,0.0
2026-01-17 03:00:00,284.5,384.25,1.0,4.0,5.0,NA,6.33,0.0,19.0,1.33,3.0,2.0,NA,NA,NA,12.0,99.0,0.0,269.75,0.0,0.0,6.0,NA,0.0
2026-01-17 04:00:00,284.75,384.75,1.0,3.75,5.0,NA,6.75,0.0,18.75,1.75,3.0,2.0,NA,NA,NA,12.0,98.0,0.0,270.5,0.0,0.0,6.0,NA,0.0
2026-01-17 05:00:00,284.75,384.25,1.0,3.0,4.0,NA,7.0,0.0,17.75,2.0,3.0,2.0,NA,NA,NA,11.0,97.5,0.0,271.25,0.0,0.0,6.0,NA,0.0
2026-01-17 06:00:00,284.75,384.0,1.0,3.0,4.0,NA,7.25,0.0,17.0,2.0,3.25,2.25,NA,NA,NA,11.0,97.0,0.0,289.0,0.0,0.0,6.0,NA,0.0
2026-01-17 07:00:00,284.75,384.0,1.0,3.0,4.0,NA,7.0,0.0,17.75,2.0,3.0,2.0,NA,NA,NA,11.0,97.0,0.0,282.5,0.0,0.0,6.0,NA,0.0
2026-01-17 08:00:00,91.75,126.75,1.0,3.25,4.5,NA,7.5,0.0,18.25,2.0,3.0,2.25,NA,NA,NA,11.75,98.33,0.0,268.75,0.0,0.0,6.0,NA,0.0
2026-01-17 09:00:00,52.5,71.0,1.0,4.0,5.0,NA,7.67,0.0,21.25,2.0,3.33,2.33,NA,NA,NA,13.5,94.0,0.0,284.5,0.0,0.0,6.25,NA,0.0
2026-01-17 10:00:00,37.25,47.5,1.0,4.75,6.0,NA,8.0,0.0,25.5,2.0,3.25,2.25,NA,NA,NA,16.0,77.0,0.0,237.0,0.0,0.0,7.0,NA,0.0
2026-01-17 11:00:00,123.75,151.5,2.0,5.5,7.0,NA,NA,0.0,30.75,NA,NA,NA,NA,NA,NA,19.25,61.25,0.0,203.5,0.0,0.0,212.0,NA,0.0
2026-01-17 12:00:00,203.0,246.5,2.0,6.0,7.0,NA,7.75,0.0,31.5,2.0,3.75,2.75,NA,NA,NA,20.0,53.5,0.0,160.0,0.0,0.0,28.25,NA,0.0
2026-01-17 13:00:00,235.0,285.0,2.0,6.0,7.0,NA,8.0,0.0,32.75,2.0,4.0,3.0,NA,NA,NA,20.5,51.0,0.0,216.25,0.0,0.0,6.5,NA,0.0
2026-01-17 14:00:00,96.75,119.0,2.0,6.0,7.5,NA,7.25,0.0,33.0,2.0,3.0,2.0,NA,NA,NA,21.0,45.75,0.0,183.25,0.0,0.0,6.0,NA,0.0
2026-01-17 15:00:00,53.0,66.25,2.0,6.0,7.0,NA,7.0,0.0,32.5,2.0,3.0,2.0,NA,NA,NA,20.5,50.0,0.0,252.5,0.0,0.0,7.0,NA,0.0
2026-01-17 16:00:00,55.0,69.0,2.0,5.75,7.0,NA,7.0,0.0,31.5,2.0,3.0,2.0,NA,NA,NA,19.75,55.25,0.0,257.75,0.0,0.0,7.0,NA,0.0
2026-01-17 17:00:00,53.25,67.25,2.0,5.0,7.0,NA,7.33,0.0,29.5,2.0,3.33,2.33,NA,NA,NA,18.5,58.25,0.0,221.25,0.0,0.0,7.0,NA,0.0
2026-01-17 18:00:00,58.25,72.5,1.5,5.0,6.25,NA,8.0,0.0,27.5,2.0,4.0,3.0,NA,NA,NA,17.5,63.75,0.0,291.0,0.0,0.0,6.5,NA,0.0
2026-01-17 19:00:00,71.25,88.75,1.0,5.0,6.0,NA,8.0,0.0,26.5,2.0,4.0,3.0,NA,NA,NA,17.0,70.25,0.0,143.75,0.0,0.0,6.0,NA,0.0
2026-01-17 20:00:00,109.5,134.5,1.0,5.0,6.0,NA,8.5,0.0,25.25,2.0,4.0,3.0,NA,NA,NA,16.0,77.0,0.0,101.75,0.0,0.0,6.0,NA,0.0
2026-01-17 21:00:00,120.25,147.0,1.0,4.25,6.0,NA,10.0,0.0,24.5,2.67,5.0,3.0,NA,NA,NA,15.5,82.25,0.0,197.75,0.0,0.0,6.0,NA,0.0
2026-01-17 22:00:00,140.0,170.75,1.0,4.0,6.0,NA,8.75,0.0,23.75,2.25,4.25,3.0,NA,NA,NA,15.0,87.5,0.0,26.75,0.0,0.0,6.0,NA,0.0
2026-01-17 23:00:00,119.25,146.25,1.0,4.0,5.25,NA,8.0,0.0,23.0,2.0,4.0,3.0,NA,NA,NA,14.5,91.75,0.0,203.5,0.0,0.0,6.0,NA,0.0
2026-01-18 00:00:00,119.5,146.25,1.0,4.0,5.0,NA,8.0,0.0,22.0,2.0,3.75,2.75,NA,NA,NA,14.0,97.0,0.0,200.0,0.0,0.0,6.0,NA,0.0
2026-01-18 01:00:00,128.25,156.5,1.0,4.0,5.0,NA,8.0,0.0,21.5,2.0,4.0,3.0,NA,NA,NA,14.0,NA,0.0,200.0,0.0,0.0,6.0,NA,0.0
2026-01-18 02:00:00,145.5,177.5,1.0,4.0,5.0,NA,8.0,0.0,21.0,2.0,4.0,3.0,NA,NA,NA,13.0,NA,0.0,200.0,0.0,0.0,6.0,NA,0.0
2026-01-18 03:00:00,124.0,151.75,1.0,4.0,5.0,NA,8.0,0.0,20.5,2.0,4.0,3.0,NA,NA,NA,13.0,NA,0.0,200.0,0.0,0.0,6.0,NA,0.0
2026-01-18 04:00:00,117.5,143.5,1.0,4.0,5.0,NA,7.5,0.0,20.0,2.0,3.5,2.5,NA,NA,NA,12.75,NA,0.0,200.25,0.0,0.0,6.0,NA,0.0
2026-01-18 05:00:00,218.5,265.25,1.0,4.0,5.0,NA,7.0,0.0,19.0,2.0,3.0,2.0,NA,NA,NA,12.0,99.0,0.0,200.0,0.0,0.0,6.0,NA,0.0
2026-01-18 06:00:00,234.5,284.25,1.0,3.75,5.0,NA,7.75,0.0,18.75,2.0,3.75,2.75,NA,NA,NA,12.0,98.0,0.0,200.0,0.0,0.0,6.0,NA,0.0
2026-01-18 07:00:00,114.0,140.25,1.0,3.25,5.0,NA,8.0,0.0,18.25,2.0,4.0,3.0,NA,NA,NA,12.0,98.5,0.0,202.25,0.0,0.0,6.5,NA,0.0
2026-01-18 08:00:00,57.75,75.5,1.0,4.0,5.0,NA,7.25,0.0,21.25,2.0,3.25,2.25,NA,NA,NA,13.5,90.0,0.0,203.25,0.0,0.0,7.0,NA,0.0
2026-01-18 09:00:00,65.25,85.75,1.25,4.75,6.0,NA,6.0,0.0,26.25,1.0,3.0,2.0,NA,NA,NA,16.5,74.0,0.0,213.75,0.0,0.0,7.0,NA,0.0
2026-01-18 10:00:00,91.25,118.25,2.0,5.0,7.0,NA,7.25,0.0,29.5,1.75,3.5,2.5,NA,NA,NA,18.75,60.0,0.0,220.25,0.0,0.0,7.0,NA,0.0
2026-01-18 11:00:00,NA,NA,NA,NA,NA,NA,NA,NA,NA,NA,NA,NA,NA,NA,NA,NA,NA,NA,NA,NA,NA,NA,NA,NA
2026-01-18 12:00:00,NA,NA,NA,NA,NA,NA,NA,NA,NA,NA,NA,NA,NA,NA,NA,NA,NA,NA,NA,NA,NA,NA,NA,NA
2026-01-18 13:00:00,51.5,68.5,2.0,6.0,8.0,NA,11.0,0.0,34.5,3.0,5.0,4.0,NA,NA,NA,21.5,45.5,0.0,156.0,0.0,0.0,6.5,NA,0.0
2026-01-18 14:00:00,41.5,55.75,2.0,6.0,8.0,NA,7.75,0.0,34.0,2.0,3.5,2.25,NA,NA,NA,21.75,44.75,0.0,162.5,0.0,0.0,6.0,NA,0.0
2026-01-18 15:00:00,38.25,51.25,2.0,6.0,8.0,NA,9.33,0.0,34.0,2.33,4.0,3.0,NA,NA,NA,21.0,44.75,0.0,183.75,0.0,0.0,6.25,NA,0.0
2026-01-18 16:00:00,32.75,44.75,2.0,6.0,7.25,NA,89.75,0.0,32.75,24.25,42.75,31.75,NA,NA,NA,20.5,49.0,0.0,198.0,0.0,0.0,7.0,NA,0.0
2026-01-18 17:00:00,40.0,53.75,2.0,5.5,7.0,NA,82.0,0.0,31.0,23.0,40.33,29.67,NA,NA,NA,19.5,54.75,0.0,214.75,0.0,0.0,7.0,NA,0.0
2026-01-18 18:00:00,56.0,74.0,2.0,5.0,7.0,NA,23.0,0.0,29.75,6.25,11.25,8.5,NA,NA,NA,19.0,57.5,0.0,197.25,0.0,0.0,7.0,NA,0.0
2026-01-18 19:00:00,58.0,77.0,2.0,5.0,7.0,NA,30.67,0.0,29.0,8.33,15.0,11.0,NA,NA,NA,18.25,61.75,0.0,199.75,0.0,0.0,7.0,NA,0.0
2026-01-18 20:00:00,74.5,97.25,2.0,5.0,6.75,NA,6.75,0.0,28.5,1.5,3.25,2.5,NA,NA,NA,18.0,63.75,0.0,186.5,0.0,0.0,7.0,NA,0.0
2026-01-18 21:00:00,61.25,80.75,1.25,5.0,6.0,NA,2.0,0.0,27.25,0.0,0.5,0.0,NA,NA,NA,17.25,70.25,0.0,230.0,0.0,0.0,7.0,NA,0.0
2026-01-18 22:00:00,112.25,144.5,1.0,5.0,6.0,NA,2.0,0.0,27.25,0.5,0.5,0.5,NA,NA,NA,17.0,68.0,0.0,125.0,0.0,0.0,7.0,NA,0.0
2026-01-18 23:00:00,81.5,105.0,1.0,5.0,6.0,NA,NA,0.0,26.25,NA,NA,NA,NA,NA,NA,16.5,75.5,0.0,205.75,0.0,0.0,7.0,NA,0.0
2026-01-19 00:00:00,90.75,117.25,1.0,5.0,6.0,NA,2.0,0.0,26.75,0.33,0.67,0.67,NA,NA,NA,17.0,69.75,0.0,185.25,0.0,0.0,7.0,NA,0.0
2026-01-19 01:00:00,50.0,65.75,1.0,5.0,6.0,NA,NA,0.0,26.25,NA,NA,NA,NA,NA,NA,17.0,70.5,0.0,185.5,0.0,0.0,7.0,NA,0.0
2026-01-19 02:00:00,35.25,47.5,1.0,5.0,6.0,NA,4.33,0.0,26.0,0.67,2.0,1.33,NA,NA,NA,16.5,72.5,0.0,198.0,0.0,0.0,7.0,NA,0.0
2026-01-19 03:00:00,32.25,43.5,1.0,5.0,6.0,NA,1.0,0.0,25.75,0.0,0.33,0.33,NA,NA,NA,16.25,74.75,0.0,206.75,0.0,0.0,7.0,NA,0.0
2026-01-19 04:00:00,32.75,44.75,1.0,5.0,6.0,NA,5.25,0.0,25.0,1.25,2.25,1.5,NA,NA,NA,16.0,78.5,0.0,171.5,0.0,0.0,7.0,NA,0.0
2026-01-19 05:00:00,36.5,49.25,1.0,4.25,6.0,NA,4.67,0.0,24.75,1.0,2.0,1.67,NA,NA,NA,15.75,80.75,0.0,192.0,0.0,0.0,7.0,NA,0.0
2026-01-19 06:00:00,34.25,46.5,1.0,4.5,6.0,NA,6.25,0.0,24.5,1.75,2.75,1.75,NA,NA,NA,15.5,80.75,0.0,229.25,0.0,0.0,7.0,NA,0.0
2026-01-19 07:00:00,47.5,63.5,1.0,4.25,6.0,NA,6.33,0.0,24.25,1.33,2.67,2.0,NA,NA,NA,15.5,83.5,0.0,240.25,0.0,0.0,7.0,NA,0.0
2026-01-19 08:00:00,64.0,84.25,1.0,5.0,6.0,NA,7.25,0.0,25.75,1.75,3.5,2.5,NA,NA,NA,16.25,81.0,0.0,221.25,0.0,0.0,7.0,NA,0.0
2026-01-19 09:00:00,76.5,99.25,2.0,5.0,6.75,NA,6.33,0.0,29.25,1.33,3.0,2.0,NA,NA,NA,18.5,64.75,0.0,180.75,0.0,0.0,7.0,NA,0.0
2026-01-19 10:00:00,61.5,81.0,2.0,5.5,7.0,NA,6.75,0.0,31.25,1.5,3.0,2.0,NA,NA,NA,19.5,57.0,0.0,200.75,0.0,0.0,7.0,NA,0.0
2026-01-19 11:00:00,44.25,59.75,2.0,6.0,7.5,NA,NA,0.0,33.25,NA,NA,NA,NA,NA,NA,20.75,51.0,0.0,197.5,0.0,0.0,6.0,NA,0.0
2026-01-19 12:00:00,34.25,46.0,2.0,6.0,8.0,NA,7.0,0.0,35.75,1.75,3.25,2.25,NA,NA,NA,22.25,43.5,0.0,192.5,0.0,0.0,6.0,NA,0.0
2026-01-19 13:00:00,28.75,39.75,2.0,6.25,8.0,NA,8.0,0.0,36.5,2.0,4.0,3.0,NA,NA,NA,23.0,40.0,0.0,188.75,0.0,0.0,6.25,NA,0.0
2026-01-19 14:00:00,25.5,35.5,2.0,6.5,8.0,NA,7.25,0.0,37.25,2.0,3.0,2.0,NA,NA,NA,23.25,39.25,0.0,198.0,0.0,0.0,6.0,NA,0.0
2026-01-19 15:00:00,32.5,45.5,2.0,6.0,8.0,NA,7.33,0.0,37.0,2.0,3.33,2.33,NA,NA,NA,23.0,41.75,0.0,194.75,0.0,0.0,7.0,NA,0.0
2026-01-19 16:00:00,50.75,71.5,2.0,6.0,8.0,NA,7.5,0.0,35.5,2.0,3.5,2.5,NA,NA,NA,22.25,44.5,0.0,151.75,0.0,0.0,7.0,NA,0.0
2026-01-19 17:00:00,53.5,74.75,2.0,6.0,7.5,NA,7.0,0.0,33.0,2.0,3.0,2.0,NA,NA,NA,20.75,51.0,0.0,214.75,0.0,0.0,7.0,NA,0.0
2026-01-19 18:00:00,51.25,72.5,2.0,6.0,7.0,NA,7.25,0.0,32.0,2.0,3.25,2.25,NA,NA,NA,20.0,55.5,0.0,201.5,0.0,0.0,6.25,NA,0.0
2026-01-19 19:00:00,65.75,91.25,2.0,5.75,7.0,NA,7.33,0.0,31.25,2.0,3.33,2.33,NA,NA,NA,19.75,57.75,0.0,230.5,0.0,0.0,6.0,NA,0.0
2026-01-19 20:00:00,102.0,139.5,2.0,5.0,7.0,NA,8.0,0.0,30.75,2.0,3.75,3.0,NA,NA,NA,19.0,60.0,0.0,246.75,0.0,0.0,6.0,NA,0.0
2026-01-19 21:00:00,100.75,138.0,2.0,5.0,7.0,NA,9.0,0.0,30.0,2.0,4.0,3.0,NA,NA,NA,19.0,61.5,0.0,153.25,0.0,0.0,6.0,NA,0.0
2026-01-19 22:00:00,96.5,132.5,2.0,5.0,7.0,NA,8.25,0.0,29.0,2.0,4.0,3.0,NA,NA,NA,18.0,69.0,0.0,272.75,0.0,0.0,6.0,NA,0.0
2026-01-19 23:00:00,107.25,146.75,2.0,5.0,6.75,NA,9.0,0.0,28.5,2.0,4.0,3.0,NA,NA,NA,18.0,70.25,0.0,161.25,0.0,0.0,6.0,NA,0.0
2026-01-20 00:00:00,100.25,137.5,1.5,5.0,6.0,NA,7.75,0.0,27.75,2.0,3.5,2.5,NA,NA,NA,17.5,72.0,0.0,309.33,0.0,0.0,6.0,NA,0.0
2026-01-20 01:00:00,63.25,88.0,1.0,5.0,6.0,NA,7.0,0.0,27.0,2.0,3.0,2.0,NA,NA,NA,17.0,73.5,0.0,231.25,0.0,0.0,6.0,NA,0.0
2026-01-20 02:00:00,52.75,74.0,1.0,5.0,6.0,NA,7.5,0.0,26.25,2.0,3.25,2.25,NA,NA,NA,17.0,74.75,0.0,252.75,0.0,0.0,6.0,NA,0.0
2026-01-20 03:00:00,48.5,68.75,1.0,5.0,6.0,NA,7.33,0.0,26.0,2.0,3.0,2.0,NA,NA,NA,16.25,75.0,0.0,110.75,0.0,0.0,6.0,NA,0.0
2026-01-20 04:00:00,47.25,67.25,1.0,5.0,6.0,NA,7.25,0.0,25.25,2.0,3.25,2.25,NA,NA,NA,16.0,77.75,0.0,222.25,0.0,0.0,6.0,NA,0.0
2026-01-20 05:00:00,47.0,67.0,1.0,4.0,6.0,NA,7.0,0.0,24.5,2.0,3.0,2.0,NA,NA,NA,15.5,82.75,0.0,107.25,0.0,0.0,6.0,NA,0.0
2026-01-20 06:00:00,50.5,71.25,1.0,4.0,6.0,NA,7.0,0.0,24.25,2.0,3.0,2.0,NA,NA,NA,15.25,83.25,0.0,97.25,0.0,0.0,6.0,NA,0.0
2026-01-20 07:00:00,49.25,70.25,1.0,4.0,6.0,NA,7.0,0.0,24.25,2.0,3.0,2.0,NA,NA,NA,15.25,83.25,0.0,164.5,0.0,0.0,6.0,NA,0.0
2026-01-20 08:00:00,67.75,94.25,1.0,5.0,6.0,NA,7.75,0.0,26.5,2.0,3.75,2.75,NA,NA,NA,16.75,74.75,0.0,200.0,0.0,0.0,6.75,NA,0.0
2026-01-20 09:00:00,83.0,114.5,2.0,5.25,7.0,NA,8.33,0.0,29.75,2.0,4.0,3.0,NA,NA,NA,18.75,62.75,0.0,201.5,0.0,0.0,7.0,NA,0.0
2026-01-20 10:00:00,87.5,120.5,2.0,6.0,7.5,NA,8.0,0.0,32.75,2.0,3.75,2.75,NA,NA,NA,20.5,51.5,0.0,226.75,0.0,0.0,7.0,NA,0.0
2026-01-20 11:00:00,68.0,94.0,2.0,6.0,8.0,NA,NA,0.0,34.75,NA,NA,NA,NA,NA,NA,22.0,45.75,0.0,214.5,0.0,0.0,6.25,NA,0.0
2026-01-20 12:00:00,58.0,81.25,2.0,6.0,8.0,NA,6.25,0.0,36.0,1.5,2.75,2.0,NA,NA,NA,22.75,43.25,0.0,256.5,0.0,0.0,6.0,NA,0.0
2026-01-20 13:00:00,52.75,74.75,2.0,6.25,8.0,NA,6.0,0.0,36.75,1.0,3.0,2.0,NA,NA,NA,23.0,40.5,0.0,154.75,0.0,0.0,6.0,NA,0.0
2026-01-20 14:00:00,41.5,60.0,2.0,6.0,8.0,NA,7.25,0.0,37.0,1.75,3.5,2.5,NA,NA,NA,23.0,40.25,0.0,203.5,0.0,0.0,6.0,NA,0.0
2026-01-20 15:00:00,34.25,50.0,2.0,6.0,8.0,NA,8.0,0.0,36.5,2.0,4.0,3.0,NA,NA,NA,23.0,40.25,0.0,202.25,0.0,0.0,6.0,NA,0.0
2026-01-20 16:00:00,34.75,50.75,2.0,6.0,8.0,NA,7.75,0.0,35.5,2.0,3.75,2.75,NA,NA,NA,22.0,44.25,0.0,213.0,0.0,0.0,6.75,NA,0.0
2026-01-20 17:00:00,43.0,61.5,2.0,6.0,7.5,NA,8.0,0.0,33.0,2.0,4.0,3.0,NA,NA,NA,20.75,50.25,0.0,142.25,0.0,0.0,6.0,NA,0.0
2026-01-20 18:00:00,62.5,87.25,2.0,6.0,7.0,NA,8.5,0.0,31.75,2.0,4.0,3.0,NA,NA,NA,20.0,53.75,0.0,18.25,0.0,0.0,6.0,NA,0.0
2026-01-20 19:00:00,62.75,87.5,2.0,5.5,7.0,NA,9.67,0.0,31.0,2.0,4.67,3.0,NA,NA,NA,19.5,56.0,0.0,185.25,0.0,0.0,6.0,NA,0.0
2026-01-20 20:00:00,67.25,94.0,2.0,5.0,7.0,NA,8.5,0.0,30.0,2.0,4.25,3.0,NA,NA,NA,19.0,59.5,0.0,170.5,0.0,0.0,6.0,NA,0.0
2026-01-20 21:00:00,73.75,102.0,2.0,5.0,7.0,NA,8.33,0.0,29.25,2.0,4.0,3.0,NA,NA,NA,18.75,62.0,0.0,157.0,0.0,0.0,6.0,NA,0.0
2026-01-20 22:00:00,83.75,114.5,2.0,5.0,7.0,NA,8.25,0.0,28.75,2.0,4.0,3.0,NA,NA,NA,18.0,63.75,0.0,91.75,0.0,0.0,6.0,NA,0.0
2026-01-20 23:00:00,74.5,103.0,2.0,5.0,6.5,NA,8.33,0.0,28.0,2.0,4.0,3.0,NA,NA,NA,18.0,64.25,0.0,187.25,0.0,0.0,6.0,NA,0.0
2026-01-21 00:00:00,71.25,98.25,1.0,5.0,6.0,NA,8.0,0.0,27.75,2.0,4.0,3.0,NA,NA,NA,17.0,66.0,0.0,117.0,0.0,0.0,6.0,NA,0.0
2026-01-21 01:00:00,94.5,129.5,1.0,5.0,6.0,NA,8.33,0.0,26.75,2.0,4.0,3.0,NA,NA,NA,17.0,69.0,0.0,165.0,0.0,0.0,6.0,NA,0.0
2026-01-21 02:00:00,70.0,97.25,1.0,5.0,6.0,NA,7.5,0.0,26.0,2.0,3.5,2.5,NA,NA,NA,17.0,71.25,0.0,186.5,0.0,0.0,6.0,NA,0.0
2026-01-21 03:00:00,52.0,72.75,1.0,5.0,6.0,NA,7.0,0.0,26.0,2.0,3.0,2.0,NA,NA,NA,16.75,69.0,0.0,176.5,0.0,0.0,6.0,NA,0.0
2026-01-21 04:00:00,44.5,63.25,1.0,5.0,6.0,NA,7.0,0.0,25.25,2.0,3.0,2.0,NA,NA,NA,16.0,71.75,0.0,216.25,0.0,0.0,6.0,NA,0.0
2026-01-21 05:00:00,37.0,54.0,1.0,4.75,6.0,NA,7.0,0.0,25.0,2.0,3.0,2.0,NA,NA,NA,16.0,75.5,0.0,267.67,0.0,0.0,6.0,NA,0.0
2026-01-21 06:00:00,42.0,60.75,1.0,4.0,6.0,NA,7.75,0.0,24.0,2.0,3.75,2.75,NA,NA,NA,15.0,77.75,0.0,314.25,0.0,0.0,6.0,NA,0.0
2026-01-21 07:00:00,50.0,70.75,1.0,4.25,6.0,NA,8.0,0.0,24.25,2.0,4.0,3.0,NA,NA,NA,15.25,78.0,0.0,291.25,0.0,0.0,6.0,NA,0.0
2026-01-21 08:00:00,65.5,91.0,1.0,5.0,6.0,NA,8.0,0.0,26.5,2.0,4.0,3.0,NA,NA,NA,16.5,71.0,0.0,274.75,0.0,0.0,6.5,NA,0.0
2026-01-21 09:00:00,74.0,102.75,2.0,5.0,7.0,NA,8.0,0.0,29.5,2.0,4.0,3.0,NA,NA,NA,18.5,59.25,0.0,321.75,0.0,0.0,7.0,NA,0.0
2026-01-21 10:00:00,69.0,96.25,2.0,6.0,7.25,NA,7.75,0.0,32.5,2.0,3.75,2.75,NA,NA,NA,20.5,50.75,0.0,270.0,0.0,0.0,6.5,NA,0.0
2026-01-21 11:00:00,62.0,86.75,2.0,6.0,8.0,NA,NA,0.0,35.0,NA,NA,NA,NA,NA,NA,22.0,44.5,0.0,255.0,0.0,0.0,6.0,NA,0.0
2026-01-21 12:00:00,62.75,88.5,2.0,6.0,8.0,NA,6.75,0.0,36.5,1.5,3.25,2.25,NA,NA,NA,22.75,38.25,0.0,176.25,0.0,0.0,6.0,NA,0.0
2026-01-21 13:00:00,60.75,85.5,2.0,6.0,8.0,NA,6.33,0.0,37.0,1.0,3.0,2.0,NA,NA,NA,23.0,35.5,0.0,206.75,0.0,0.0,6.25,NA,0.0
2026-01-21 14:00:00,28.75,42.25,2.0,6.0,8.0,NA,7.75,0.0,37.0,1.75,3.75,2.75,NA,NA,NA,23.0,35.25,0.0,168.5,0.0,0.0,6.0,NA,0.0
2026-01-21 15:00:00,28.25,42.0,2.0,6.0,8.0,NA,8.0,0.0,36.5,2.0,4.0,3.0,NA,NA,NA,23.0,36.75,0.0,196.25,0.0,0.0,6.0,NA,0.0
2026-01-21 16:00:00,29.0,43.75,2.0,6.0,8.0,NA,8.0,0.0,35.25,2.0,4.0,3.0,NA,NA,NA,22.0,39.5,0.0,125.5,0.0,0.0,7.0,NA,0.0
2026-01-21 17:00:00,33.5,49.0,2.0,6.0,7.5,NA,8.0,0.0,33.25,2.0,3.67,2.67,NA,NA,NA,21.0,42.5,0.0,227.75,0.0,0.0,7.0,NA,0.0
2026-01-21 18:00:00,35.75,52.5,2.0,6.0,7.0,NA,8.0,0.0,31.75,2.0,4.0,3.0,NA,NA,NA,20.0,47.5,0.0,116.5,0.0,0.0,7.0,NA,0.0
2026-01-21 19:00:00,48.25,68.25,2.0,5.0,7.0,NA,8.0,0.0,30.25,2.0,4.0,3.0,NA,NA,NA,19.0,51.75,0.0,154.25,0.0,0.0,6.75,NA,0.0
2026-01-21 20:00:00,81.25,111.75,2.0,5.0,7.0,NA,8.0,0.0,30.0,2.0,4.0,3.0,NA,NA,NA,19.0,54.25,0.0,113.25,0.0,0.0,6.0,NA,0.0
2026-01-21 21:00:00,80.75,111.5,2.0,5.0,7.0,NA,9.0,0.0,28.75,2.0,4.0,3.0,NA,NA,NA,18.25,59.0,0.0,272.25,0.0,0.0,6.0,NA,0.0
2026-01-21 22:00:00,99.5,136.25,2.0,5.0,6.75,NA,8.25,0.0,28.0,2.0,4.0,3.0,NA,NA,NA,18.0,63.75,0.0,193.0,0.0,0.0,6.0,NA,0.0
2026-01-21 23:00:00,106.25,144.75,2.0,5.0,6.0,NA,8.67,0.0,28.0,2.0,4.0,3.0,NA,NA,NA,17.75,66.0,0.0,233.5,0.0,0.0,6.0,NA,0.0
2026-01-22 00:00:00,115.75,157.25,1.0,5.0,6.0,NA,8.25,0.0,27.0,2.0,4.0,3.0,NA,NA,NA,17.0,69.0,0.0,200.5,0.0,0.0,6.0,NA,0.0
2026-01-22 01:00:00,104.75,142.75,1.0,5.0,6.0,NA,8.0,0.0,26.75,2.0,4.0,3.0,NA,NA,NA,17.0,71.25,0.0,194.0,0.0,0.0,6.0,NA,0.0
2026-01-22 02:00:00,76.75,106.0,1.0,5.0,6.0,NA,8.0,0.0,26.0,2.0,4.0,3.0,NA,NA,NA,16.75,72.0,0.0,320.0,0.0,0.0,6.0,NA,0.0
2026-01-22 03:00:00,47.75,68.0,1.0,5.0,6.0,NA,7.0,0.0,25.25,2.0,3.0,2.0,NA,NA,NA,16.0,76.25,0.0,263.25,0.0,0.0,6.0,NA,0.0
2026-01-22 04:00:00,53.5,75.25,1.0,4.5,6.0,NA,7.0,0.0,25.0,1.75,3.0,2.0,NA,NA,NA,16.0,79.25,0.0,272.0,0.0,0.0,6.0,NA,0.0
2026-01-22 05:00:00,55.5,78.0,1.0,4.0,6.0,NA,7.0,0.0,24.25,2.0,3.0,2.0,NA,NA,NA,15.25,80.5,0.0,201.0,0.0,0.0,6.0,NA,0.0
2026-01-22 06:00:00,56.75,79.75,1.0,4.0,5.75,NA,7.75,0.0,23.5,2.0,3.75,2.75,NA,NA,NA,15.0,84.25,0.0,105.5,0.0,0.0,6.0,NA,0.0
2026-01-22 07:00:00,57.0,80.0,1.0,4.0,5.5,NA,8.0,0.0,23.25,2.0,4.0,3.0,NA,NA,NA,15.0,86.25,0.0,277.0,0.0,0.0,6.0,NA,0.0
2026-01-22 08:00:00,76.0,105.25,1.0,4.75,6.0,NA,7.5,0.0,25.75,2.0,3.25,2.5,NA,NA,NA,16.25,76.75,0.0,209.25,0.0,0.0,6.75,NA,0.0
2026-01-22 09:00:00,90.25,124.0,2.0,5.25,7.0,NA,8.0,0.0,30.0,2.0,3.67,2.67,NA,NA,NA,19.0,61.0,0.0,203.0,0.0,0.0,7.0,NA,0.0
2026-01-22 10:00:00,90.75,124.75,2.0,6.0,7.75,NA,7.25,0.0,33.75,2.0,3.25,2.25,NA,NA,NA,21.0,49.0,0.0,212.75,0.0,0.0,6.0,NA,0.0
2026-01-22 11:00:00,83.25,114.5,2.0,6.0,8.0,NA,NA,0.0,34.75,NA,NA,NA,NA,NA,NA,21.75,44.75,0.0,234.75,0.0,0.0,6.0,NA,0.0
2026-01-22 12:00:00,62.75,87.75,2.0,6.0,8.0,NA,7.0,0.0,36.0,2.0,3.0,2.0,NA,NA,NA,22.75,41.75,0.0,259.75,0.0,0.0,6.0,NA,0.0
2026-01-22 13:00:00,54.75,77.75,2.0,6.0,8.0,NA,7.0,0.0,36.5,2.0,3.0,2.0,NA,NA,NA,23.0,42.5,0.0,251.75,0.0,0.0,6.0,NA,0.0
2026-01-22 14:00:00,42.75,61.25,2.0,6.0,8.0,NA,7.0,0.0,36.5,2.0,3.0,2.0,NA,NA,NA,23.0,42.25,0.0,135.75,0.0,0.0,6.0,NA,0.0
2026-01-22 15:00:00,40.0,57.25,2.0,6.0,8.0,NA,7.0,0.0,36.0,2.0,3.0,2.0,NA,NA,NA,23.0,42.75,0.0,220.0,0.0,0.0,6.75,NA,0.0
2026-01-22 16:00:00,36.5,53.0,2.0,6.0,8.0,NA,7.75,0.0,35.25,2.0,3.5,2.5,NA,NA,NA,22.25,44.75,0.0,261.0,0.0,0.0,7.0,NA,0.0
2026-01-22 17:00:00,36.0,53.0,2.0,6.0,7.5,NA,8.67,0.0,33.0,2.0,4.0,3.0,NA,NA,NA,20.5,50.75,0.0,177.25,0.0,0.0,7.0,NA,0.0
2026-01-22 18:00:00,49.0,69.5,2.0,6.0,7.0,NA,7.75,0.0,31.25,2.0,3.5,2.25,NA,NA,NA,20.0,54.0,0.0,178.0,0.0,0.0,7.0,NA,0.0
2026-01-22 19:00:00,64.0,89.25,2.0,5.5,7.0,NA,7.0,0.0,30.75,2.0,3.0,2.0,NA,NA,NA,19.5,56.5,0.0,213.25,0.0,0.0,6.75,NA,0.0
2026-01-22 20:00:00,100.0,136.25,2.0,5.0,7.0,NA,8.5,0.0,29.0,2.25,4.0,2.75,NA,NA,NA,18.0,67.5,0.0,235.75,0.0,0.0,6.0,NA,0.0
2026-01-22 21:00:00,133.75,181.25,2.0,5.0,7.0,NA,10.67,0.0,28.75,3.0,5.0,4.0,NA,NA,NA,18.0,66.0,0.0,237.75,0.0,0.0,6.0,NA,0.0
2026-01-22 22:00:00,131.75,179.0,2.0,5.0,6.5,NA,9.0,0.0,28.0,2.0,4.0,3.0,NA,NA,NA,18.0,67.0,0.0,234.0,0.0,0.0,6.0,NA,0.0
2026-01-22 23:00:00,103.75,141.75,1.25,5.0,6.0,NA,9.0,0.0,27.5,2.0,4.0,3.0,NA,NA,NA,17.25,68.0,0.0,223.5,0.0,0.0,6.0,NA,0.0
2026-01-23 00:00:00,83.5,114.5,1.25,5.0,6.0,NA,7.25,0.0,27.25,1.75,3.5,2.5,NA,NA,NA,17.25,69.0,0.0,200.5,0.0,0.0,6.0,NA,0.0
2026-01-23 01:00:00,68.75,96.25,1.0,5.0,6.0,NA,5.33,0.0,26.5,1.0,2.33,1.67,NA,NA,NA,17.0,69.0,0.0,194.5,0.0,0.0,6.0,NA,0.0
2026-01-23 02:00:00,54.0,75.75,1.0,5.0,6.0,NA,7.25,0.0,26.0,1.75,3.0,2.25,NA,NA,NA,17.0,64.5,0.0,194.5,0.0,0.0,6.0,NA,0.0
2026-01-23 03:00:00,43.25,61.75,1.0,5.0,6.0,NA,7.0,0.0,25.5,2.0,3.0,2.0,NA,NA,NA,16.25,66.75,0.0,202.25,0.0,0.0,6.0,NA,0.0
2026-01-23 04:00:00,44.5,63.5,1.0,5.0,6.0,NA,7.25,0.0,25.75,2.0,3.0,2.0,NA,NA,NA,16.0,65.5,0.0,197.25,0.0,0.0,6.0,NA,0.0
2026-01-23 05:00:00,52.75,74.5,1.0,5.0,6.0,NA,7.0,0.0,25.0,2.0,3.0,2.0,NA,NA,NA,16.0,66.0,0.0,198.25,0.0,0.0,6.0,NA,0.0
2026-01-23 06:00:00,50.5,71.75,1.0,4.5,6.0,NA,7.5,0.0,25.0,2.0,3.25,2.25,NA,NA,NA,16.0,67.5,0.0,188.25,0.0,0.0,6.0,NA,0.0
2026-01-23 07:00:00,52.75,74.5,1.0,4.25,6.0,NA,7.0,0.0,24.5,2.0,3.0,2.0,NA,NA,NA,15.5,65.75,0.0,191.5,0.0,0.0,6.0,NA,0.0
2026-01-23 08:00:00,58.25,81.5,1.0,5.0,6.0,NA,7.75,0.0,26.5,2.0,3.5,2.5,NA,NA,NA,16.75,61.0,0.0,200.75,0.0,0.0,6.75,NA,0.0
2026-01-23 09:00:00,67.75,94.25,1.75,5.0,6.5,NA,8.0,0.0,28.25,2.0,4.0,3.0,NA,NA,NA,17.75,61.0,0.0,215.5,0.0,0.0,7.0,NA,0.0
2026-01-23 10:00:00,69.0,95.25,2.0,5.25,7.0,NA,8.0,0.0,30.0,2.0,3.5,2.75,NA,NA,NA,19.25,58.25,0.0,203.75,0.0,0.0,6.0,NA,0.0
2026-01-23 11:00:00,64.75,90.75,2.0,6.0,7.0,NA,7.5,0.0,32.25,2.0,3.0,2.0,NA,NA,NA,20.25,53.5,0.0,210.75,0.0,0.0,6.0,NA,0.0
2026-01-23 12:00:00,60.5,84.75,2.0,6.0,7.5,NA,7.5,0.0,33.25,2.0,3.5,2.5,NA,NA,NA,21.0,49.75,0.0,210.5,0.0,0.0,6.0,NA,0.0
2026-01-23 13:00:00,48.75,69.25,2.0,6.0,8.0,NA,7.0,0.0,34.5,2.0,3.0,2.0,NA,NA,NA,22.0,45.5,0.0,211.25,0.0,0.0,6.0,NA,0.0
2026-01-23 14:00:00,41.0,59.25,2.0,6.0,8.0,NA,7.75,0.0,35.0,2.0,3.75,2.75,NA,NA,NA,22.0,45.5,0.0,204.5,0.0,0.0,6.0,NA,0.0
2026-01-23 15:00:00,42.75,60.75,2.0,6.0,8.0,NA,8.0,0.0,34.25,2.0,4.0,3.0,NA,NA,NA,21.5,48.75,0.0,200.0,0.0,0.0,6.0,NA,0.0
2026-01-23 16:00:00,45.5,64.5,2.0,6.0,8.0,NA,8.0,0.0,33.5,2.0,4.0,3.0,NA,NA,NA,21.0,51.75,0.0,204.0,0.0,0.0,6.0,NA,0.0
2026-01-23 17:00:00,51.25,72.5,2.0,6.0,7.0,NA,8.0,0.0,32.5,2.0,4.0,3.0,NA,NA,NA,20.25,56.0,0.0,196.75,0.0,0.0,6.0,NA,0.0
2026-01-23 18:00:00,185.0,257.25,2.0,5.75,7.0,NA,8.0,0.0,31.0,2.0,4.0,3.0,NA,NA,NA,19.5,60.75,0.0,198.5,0.0,0.0,6.0,NA,0.0
2026-01-23 19:00:00,77.5,110.75,2.0,5.0,7.0,NA,8.0,0.0,30.25,2.0,4.0,3.0,NA,NA,NA,19.0,63.25,0.0,198.5,0.0,0.0,6.0,NA,0.0
2026-01-23 20:00:00,63.25,92.0,2.0,5.0,7.0,NA,8.0,0.0,30.0,2.0,3.75,2.75,NA,NA,NA,19.0,64.5,0.0,197.25,0.0,0.0,6.0,NA,0.0
2026-01-23 21:00:00,60.0,87.25,2.0,5.0,7.0,NA,7.33,0.0,29.0,2.0,3.0,2.0,NA,NA,NA,18.25,65.75,0.0,206.75,0.0,0.0,6.0,NA,0.0
2026-01-23 22:00:00,53.75,78.25,2.0,5.0,7.0,NA,7.0,0.0,29.0,2.0,3.0,2.0,NA,NA,NA,18.0,66.75,0.0,191.75,0.0,0.0,6.0,NA,0.0
2026-01-23 23:00:00,50.0,73.5,2.0,5.0,7.0,NA,7.0,0.0,28.75,2.0,3.0,2.0,NA,NA,NA,18.0,67.5,0.0,202.75,0.0,0.0,6.0,NA,0.0
2026-01-24 00:00:00,50.75,74.75,2.0,5.0,7.0,NA,8.0,0.0,29.0,2.0,4.0,3.0,NA,NA,NA,18.0,63.5,0.0,181.5,0.0,0.0,6.0,NA,0.0
2026-01-24 01:00:00,45.75,67.75,2.0,5.0,7.0,NA,8.0,0.0,28.75,2.0,4.0,3.0,NA,NA,NA,18.0,62.25,0.0,182.5,0.0,0.0,6.0,NA,0.0
2026-01-24 02:00:00,41.5,62.5,1.75,5.0,6.25,NA,8.0,0.0,28.0,2.0,4.0,3.0,NA,NA,NA,17.75,69.5,0.0,194.75,0.0,0.0,6.0,NA,0.0
2026-01-24 03:00:00,34.0,51.5,1.0,5.0,6.0,NA,7.67,0.0,27.25,2.0,3.33,2.67,NA,NA,NA,17.0,74.0,0.0,193.0,0.0,0.0,6.0,NA,0.0
2026-01-24 04:00:00,29.5,45.75,1.0,5.0,6.0,NA,7.25,0.0,27.5,2.0,3.0,2.0,NA,NA,NA,17.0,73.0,0.0,187.5,0.0,0.0,6.0,NA,0.0
2026-01-24 05:00:00,23.5,37.25,1.0,5.0,6.0,NA,8.0,0.0,27.75,2.0,4.0,3.0,NA,NA,NA,17.0,70.75,0.0,199.5,0.0,0.0,6.0,NA,0.0
2026-01-24 06:00:00,23.75,37.75,1.5,5.0,6.0,NA,7.75,0.0,27.75,2.0,3.75,2.75,NA,NA,NA,17.5,68.25,0.0,193.25,0.0,0.0,6.0,NA,0.0
2026-01-24 07:00:00,23.25,37.25,1.25,5.0,6.0,NA,8.0,0.0,27.75,2.0,4.0,3.0,NA,NA,NA,17.0,69.25,0.0,163.5,0.0,0.0,6.0,NA,0.0
2026-01-24 08:00:00,29.0,44.75,2.0,5.0,6.25,NA,8.0,0.0,28.25,2.0,4.0,3.0,NA,NA,NA,18.0,69.25,0.0,156.5,0.0,0.0,6.0,NA,0.0
2026-01-24 09:00:00,35.75,53.75,2.0,5.0,7.0,NA,8.0,0.0,30.0,2.0,4.0,3.0,NA,NA,NA,18.75,65.5,0.0,161.5,0.0,0.0,6.0,NA,0.0
2026-01-24 10:00:00,39.5,59.25,2.0,6.0,7.0,NA,8.0,0.0,31.75,2.0,4.0,3.0,NA,NA,NA,20.25,59.5,0.0,180.75,0.0,0.0,6.0,NA,0.0
2026-01-24 11:00:00,40.75,60.75,2.0,6.0,8.0,NA,NA,0.0,33.75,NA,NA,NA,NA,NA,NA,21.0,55.0,0.0,202.75,0.0,0.0,6.0,NA,0.0
2026-01-24 12:00:00,37.5,56.5,2.0,6.0,8.0,NA,8.0,0.0,35.5,2.0,4.0,3.0,NA,NA,NA,22.25,49.5,0.0,231.5,0.0,0.0,5.75,NA,0.0
2026-01-24 13:00:00,40.5,60.25,2.0,6.0,8.0,NA,7.33,0.0,36.0,2.0,3.0,2.0,NA,NA,NA,22.75,45.75,0.0,225.0,0.0,0.0,5.75,NA,0.0
2026-01-24 14:00:00,29.0,45.0,2.0,6.0,8.0,NA,8.5,0.0,36.0,2.0,3.75,2.75,NA,NA,NA,22.5,44.0,0.0,183.0,0.0,0.0,6.0,NA,0.0
2026-01-24 15:00:00,27.0,42.0,2.0,6.0,8.0,NA,8.0,0.0,36.0,2.0,3.67,2.67,NA,NA,NA,22.5,42.25,0.0,288.75,0.0,0.0,6.0,NA,0.0
2026-01-24 16:00:00,27.0,42.0,2.0,6.0,8.0,NA,8.0,0.0,34.5,2.0,3.5,2.5,NA,NA,NA,21.75,46.5,0.0,304.5,0.0,0.0,6.0,NA,0.0
2026-01-24 17:00:00,34.75,52.5,2.0,6.0,7.25,NA,8.0,0.0,32.75,2.0,3.67,2.67,NA,NA,NA,20.5,61.0,0.0,240.75,0.0,0.0,6.0,NA,0.0
2026-01-24 18:00:00,55.0,80.75,2.0,6.0,7.0,NA,8.0,0.0,31.25,2.0,4.0,3.0,NA,NA,NA,19.75,67.75,0.0,244.75,0.0,0.0,6.0,NA,0.0
2026-01-24 19:00:00,71.75,103.25,2.0,5.0,7.0,NA,9.0,0.0,30.25,2.0,4.0,3.0,NA,NA,NA,19.0,71.5,0.0,253.5,0.0,0.0,6.0,NA,0.0
2026-01-24 20:00:00,69.0,100.0,2.0,5.0,7.0,NA,8.75,0.0,29.5,2.0,4.0,3.0,NA,NA,NA,18.75,73.5,0.0,233.5,0.0,0.0,6.0,NA,0.0
2026-01-24 21:00:00,59.5,86.75,2.0,5.0,7.0,NA,9.0,0.0,29.0,2.0,4.0,3.0,NA,NA,NA,18.0,74.25,0.0,253.75,0.0,0.0,6.0,NA,0.0
2026-01-24 22:00:00,45.0,66.75,2.0,5.0,6.5,NA,7.75,0.0,28.25,2.0,3.5,2.5,NA,NA,NA,18.0,78.5,0.0,251.75,0.0,0.0,6.0,NA,0.0
2026-01-24 23:00:00,36.0,54.5,1.25,5.0,6.0,NA,7.0,0.0,27.5,2.0,3.0,2.0,NA,NA,NA,17.25,82.5,0.0,251.75,0.0,0.0,6.0,NA,0.0
2026-01-25 00:00:00,32.5,49.5,1.0,5.0,6.0,NA,7.75,0.0,27.0,2.0,3.75,2.75,NA,NA,NA,17.0,84.5,0.0,240.25,0.0,0.0,6.0,NA,0.0
2026-01-25 01:00:00,26.75,42.25,1.0,5.0,6.0,NA,8.0,0.0,26.5,2.0,4.0,3.0,NA,NA,NA,17.0,86.25,0.0,235.25,0.0,0.0,6.0,NA,0.0
2026-01-25 02:00:00,23.25,36.75,1.0,5.0,6.0,NA,8.0,0.0,26.0,2.0,3.75,2.75,NA,NA,NA,16.25,88.0,0.0,237.0,0.0,0.0,6.0,NA,0.0
2026-01-25 03:00:00,18.5,30.75,1.0,5.0,6.0,NA,8.0,0.0,25.25,2.0,3.67,2.67,NA,NA,NA,16.0,88.75,0.0,251.75,0.0,0.0,6.0,NA,0.0
2026-01-25 04:00:00,18.75,31.0,1.0,4.75,6.0,NA,8.0,0.0,25.0,2.0,3.25,2.25,NA,NA,NA,16.0,87.25,0.0,263.0,0.0,0.0,6.0,NA,0.0
2026-01-25 05:00:00,18.0,30.25,1.0,4.0,6.0,NA,8.0,0.0,24.0,2.0,3.33,2.33,NA,NA,NA,15.0,86.0,0.0,264.5,0.0,0.0,6.0,NA,0.0
2026-01-25 06:00:00,19.0,31.75,1.0,4.0,6.0,NA,8.0,0.0,23.5,2.0,3.75,2.75,NA,NA,NA,15.0,86.0,0.0,247.5,0.0,0.0,6.0,NA,0.0
2026-01-25 07:00:00,20.75,33.75,1.0,4.0,6.0,NA,8.0,0.0,23.5,2.0,3.33,2.67,NA,NA,NA,15.0,84.25,0.0,235.25,0.0,0.0,6.0,NA,0.0
2026-01-25 08:00:00,27.0,42.0,1.0,4.5,6.0,NA,8.0,0.0,24.75,2.0,3.75,2.75,NA,NA,NA,15.75,76.75,0.0,236.0,0.0,0.0,6.0,NA,0.0
2026-01-25 09:00:00,28.0,43.0,1.25,5.0,6.0,NA,8.0,0.0,27.0,2.0,3.67,2.67,NA,NA,NA,17.0,68.25,0.0,232.25,0.0,0.0,6.0,NA,0.0
2026-01-25 10:00:00,30.5,47.5,2.0,5.0,7.0,NA,8.0,0.0,29.25,2.0,4.0,3.0,NA,NA,NA,18.5,60.5,0.0,236.5,0.0,0.0,6.0,NA,0.0
2026-01-25 11:00:00,26.5,41.0,2.0,5.75,7.0,NA,NA,0.0,31.75,NA,NA,NA,NA,NA,NA,20.0,54.75,0.0,256.0,0.0,0.0,6.0,NA,0.0
2026-01-25 12:00:00,22.5,35.75,2.0,6.0,8.0,NA,8.0,0.0,34.0,2.0,4.0,3.0,NA,NA,NA,21.25,51.25,0.0,247.0,0.0,0.0,6.0,NA,0.0
2026-01-25 13:00:00,25.5,40.25,2.0,6.0,8.0,NA,7.0,0.0,34.0,2.0,3.0,2.0,NA,NA,NA,21.25,51.25,0.0,226.0,0.0,0.0,6.0,NA,0.0
2026-01-25 14:00:00,23.25,36.75,2.0,6.0,8.0,NA,7.5,0.0,34.75,2.0,3.0,2.25,NA,NA,NA,22.0,49.75,0.0,221.5,0.0,0.0,6.0,NA,0.0
2026-01-25 15:00:00,26.5,41.25,2.0,6.0,8.0,NA,7.0,0.0,34.25,2.0,3.0,2.0,NA,NA,NA,21.5,49.25,0.0,238.25,0.0,0.0,6.0,NA,0.0
2026-01-25 16:00:00,20.75,33.25,2.0,6.0,7.5,NA,8.0,0.0,33.0,2.0,4.0,3.0,NA,NA,NA,20.75,50.75,0.0,237.0,0.0,0.0,6.0,NA,0.0
2026-01-25 17:00:00,18.25,30.25,2.0,5.75,7.0,NA,8.0,0.0,31.5,2.0,4.0,3.0,NA,NA,NA,19.75,55.75,0.0,231.25,0.0,0.0,6.0,NA,0.0
2026-01-25 18:00:00,25.0,39.5,2.0,5.0,7.0,NA,8.0,0.0,30.0,2.0,4.0,3.0,NA,NA,NA,19.0,60.25,0.0,241.25,0.0,0.0,6.0,NA,0.0
2026-01-25 19:00:00,27.75,42.75,2.0,5.0,7.0,NA,8.0,0.0,29.0,2.0,4.0,3.0,NA,NA,NA,18.25,64.75,0.0,264.25,0.0,0.0,6.0,NA,0.0
2026-01-25 20:00:00,33.25,51.0,2.0,5.0,7.0,NA,8.0,0.0,28.5,2.0,4.0,3.0,NA,NA,NA,18.0,67.75,0.0,257.75,0.0,0.0,6.0,NA,0.0
2026-01-25 21:00:00,43.75,65.0,1.75,5.0,6.25,NA,8.0,0.0,28.0,2.0,4.0,3.0,NA,NA,NA,17.75,70.75,0.0,230.0,0.0,0.0,6.0,NA,0.0
2026-01-25 22:00:00,42.25,63.0,1.0,5.0,6.0,NA,8.0,0.0,27.0,2.0,4.0,3.0,NA,NA,NA,17.0,75.25,0.0,215.5,0.0,0.0,6.0,NA,0.0
2026-01-25 23:00:00,49.75,73.25,1.0,5.0,6.0,NA,8.0,0.0,26.25,2.0,4.0,3.0,NA,NA,NA,16.75,74.75,0.0,231.25,0.0,0.0,6.0,NA,0.0
2026-01-26 00:00:00,37.0,55.75,1.0,5.0,6.0,NA,8.0,0.0,26.0,2.0,4.0,3.0,NA,NA,NA,16.0,73.0,0.0,219.0,0.0,0.0,6.0,NA,0.0
2026-01-26 01:00:00,34.0,51.5,1.0,5.0,6.0,NA,7.67,0.0,25.0,2.0,3.33,2.33,NA,NA,NA,16.0,72.25,0.0,225.0,0.0,0.0,6.0,NA,0.0
2026-01-26 02:00:00,30.5,47.5,1.0,4.25,6.0,NA,7.75,0.0,24.5,2.0,3.5,2.5,NA,NA,NA,15.75,72.25,0.0,218.5,0.0,0.0,6.0,NA,0.0
2026-01-26 03:00:00,30.0,47.0,1.0,4.0,6.0,NA,7.0,0.0,24.0,2.0,3.0,2.0,NA,NA,NA,15.0,72.25,0.0,218.75,0.0,0.0,6.0,NA,0.0
2026-01-26 04:00:00,30.75,47.0,1.0,4.0,6.0,NA,7.75,0.0,24.0,2.0,3.75,2.75,NA,NA,NA,15.0,72.0,0.0,218.5,0.0,0.0,6.0,NA,0.0
2026-01-26 05:00:00,29.25,45.25,1.0,4.0,5.75,NA,8.0,0.0,23.0,2.0,4.0,3.0,NA,NA,NA,15.0,72.5,0.0,214.0,0.0,0.0,6.0,NA,0.0
2026-01-26 06:00:00,29.5,46.0,1.0,4.0,5.0,NA,7.75,0.0,23.0,2.0,3.5,2.5,NA,NA,NA,14.5,73.0,0.0,212.25,0.0,0.0,6.0,NA,0.0
2026-01-26 07:00:00,30.0,46.0,1.0,4.0,5.25,NA,8.0,0.0,23.25,2.0,3.33,2.33,NA,NA,NA,14.75,71.75,0.0,220.75,0.0,0.0,6.0,NA,0.0
2026-01-26 08:00:00,48.25,71.25,1.0,4.75,6.0,NA,8.0,0.0,25.0,2.0,4.0,3.0,NA,NA,NA,16.0,66.0,0.0,222.5,0.0,0.0,6.0,NA,0.0
2026-01-26 09:00:00,57.25,81.5,1.75,5.0,6.5,NA,8.0,0.0,28.25,2.0,4.0,3.0,NA,NA,NA,18.0,56.75,0.0,216.25,0.0,0.0,6.0,NA,0.0
2026-01-26 10:00:00,44.75,64.5,2.0,5.0,7.0,NA,7.5,0.0,30.25,2.0,3.5,2.5,NA,NA,NA,19.0,50.75,0.0,220.25,0.0,0.0,6.0,NA,0.0
2026-01-26 11:00:00,36.75,54.25,2.0,6.0,7.0,NA,NA,0.0,32.25,NA,NA,NA,NA,NA,NA,20.25,45.0,0.0,234.0,0.0,0.0,6.0,NA,0.0
2026-01-26 12:00:00,33.25,49.5,2.0,6.0,8.0,NA,8.0,0.0,33.0,2.0,3.5,2.5,NA,NA,NA,21.0,44.5,0.0,233.25,0.0,0.0,6.0,NA,0.0
2026-01-26 13:00:00,33.0,49.0,2.0,6.0,8.0,NA,8.0,0.0,34.0,2.0,3.67,2.67,NA,NA,NA,21.0,43.75,0.0,232.25,0.0,0.0,6.0,NA,0.0
2026-01-26 14:00:00,24.25,36.75,2.0,6.0,8.0,NA,7.75,0.0,34.0,2.0,3.75,2.75,NA,NA,NA,21.5,44.0,0.0,231.75,0.0,0.0,6.0,NA,0.0
2026-01-26 15:00:00,19.5,30.75,2.0,6.0,8.0,NA,8.0,0.0,34.0,2.0,4.0,3.0,NA,NA,NA,21.0,45.0,0.0,237.75,0.0,0.0,6.0,NA,0.0
2026-01-26 16:00:00,18.25,29.75,2.0,6.0,7.5,NA,8.0,0.0,32.75,2.0,4.0,3.0,NA,NA,NA,20.75,47.5,0.0,243.75,0.0,0.0,6.0,NA,0.0
2026-01-26 17:00:00,21.5,33.5,2.0,5.75,7.0,NA,8.0,0.0,31.25,2.0,4.0,3.0,NA,NA,NA,19.75,51.0,0.0,230.75,0.0,0.0,6.0,NA,0.0
2026-01-26 18:00:00,27.25,41.25,2.0,5.0,7.0,NA,8.0,0.0,30.0,2.0,4.0,3.0,NA,NA,NA,19.0,55.5,0.0,229.75,0.0,0.0,6.0,NA,0.0
2026-01-26 19:00:00,43.0,63.0,2.0,5.0,7.0,NA,8.0,0.0,29.0,2.0,4.0,3.0,NA,NA,NA,18.25,60.5,0.0,236.5,0.0,0.0,6.0,NA,0.0
2026-01-26 20:00:00,52.0,75.5,2.0,5.0,7.0,NA,8.0,0.0,28.5,2.0,4.0,3.0,NA,NA,NA,18.0,63.5,0.0,221.0,0.0,0.0,6.0,NA,0.0
2026-01-26 21:00:00,62.0,84.25,1.75,5.0,6.0,NA,8.0,0.0,28.0,2.0,4.0,3.0,NA,NA,NA,17.75,64.75,0.0,241.5,0.0,0.0,6.0,NA,0.0
2026-01-26 22:00:00,57.5,75.75,1.0,5.0,6.0,NA,8.0,0.0,27.0,2.0,4.0,3.0,NA,NA,NA,17.0,64.75,0.0,242.25,0.0,0.0,6.0,NA,0.0
2026-01-26 23:00:00,57.75,76.0,1.0,5.0,6.0,NA,8.0,0.0,27.0,2.0,4.0,3.0,NA,NA,NA,17.0,67.0,0.0,242.5,0.0,0.0,6.0,NA,0.0
2026-01-27 00:00:00,59.75,77.75,1.0,5.0,6.0,NA,7.75,0.0,26.75,2.0,3.25,2.25,NA,NA,NA,17.0,61.5,0.0,237.5,0.0,0.0,6.0,NA,0.0
2026-01-27 01:00:00,44.0,58.75,1.0,5.0,6.0,NA,7.0,0.0,26.0,2.0,3.0,2.0,NA,NA,NA,16.75,60.5,0.0,252.75,0.0,0.0,6.0,NA,0.0
2026-01-27 02:00:00,36.75,49.75,1.0,5.0,6.0,NA,7.75,0.0,26.0,2.0,3.5,2.5,NA,NA,NA,16.0,63.5,0.0,260.0,0.0,0.0,6.0,NA,0.0
2026-01-27 03:00:00,43.75,58.5,1.0,5.0,6.0,NA,7.33,0.0,25.5,2.0,3.33,2.33,NA,NA,NA,16.0,63.75,0.0,259.5,0.0,0.0,6.0,NA,0.0
2026-01-27 04:00:00,41.25,54.75,1.0,5.0,6.0,NA,8.0,0.0,25.0,2.0,3.25,2.25,NA,NA,NA,16.0,65.0,0.0,216.25,0.0,0.0,6.0,NA,0.0
2026-01-27 05:00:00,45.75,61.0,1.0,4.5,6.0,NA,8.0,0.0,24.5,2.0,3.33,2.33,NA,NA,NA,15.5,66.0,0.0,174.75,0.0,0.0,6.0,NA,0.0
2026-01-27 06:00:00,42.5,56.75,1.0,4.0,6.0,NA,7.0,0.0,24.0,2.0,3.0,2.0,NA,NA,NA,15.0,67.75,0.0,163.0,0.0,0.0,6.0,NA,0.0
2026-01-27 07:00:00,47.25,63.0,1.0,4.5,6.0,NA,7.0,0.0,24.75,2.0,3.0,2.0,NA,NA,NA,15.75,67.5,0.0,164.25,0.0,0.0,6.0,NA,0.0
2026-01-27 08:00:00,73.25,95.5,1.0,5.0,6.0,NA,7.75,0.0,26.75,2.0,3.5,2.5,NA,NA,NA,16.75,61.5,0.0,138.75,0.0,0.0,6.0,NA,0.0
2026-01-27 09:00:00,89.25,115.0,1.75,5.0,6.75,NA,7.33,0.0,28.25,2.0,3.33,2.33,NA,NA,NA,17.75,57.25,0.0,186.25,0.0,0.0,6.25,NA,0.0
2026-01-27 10:00:00,77.0,99.75,2.0,5.0,7.0,NA,7.75,0.0,30.0,2.0,3.75,2.75,NA,NA,NA,19.0,53.75,0.0,203.25,0.0,0.0,6.0,NA,0.0
2026-01-27 11:00:00,70.5,91.5,2.0,5.75,7.0,NA,NA,0.0,31.25,NA,NA,NA,NA,NA,NA,19.75,49.25,0.0,196.0,0.0,0.0,6.0,NA,0.0
2026-01-27 12:00:00,58.75,77.5,2.0,6.0,7.25,NA,8.0,0.0,33.25,2.0,3.75,2.75,NA,NA,NA,21.0,46.0,0.0,191.75,0.0,0.0,6.0,NA,0.0
2026-01-27 13:00:00,43.75,59.0,2.0,6.0,8.0,NA,7.0,0.0,34.0,2.0,3.0,2.0,NA,NA,NA,21.5,44.75,0.0,212.5,0.0,0.0,6.0,NA,0.0
2026-01-27 14:00:00,39.5,53.5,2.0,6.0,8.0,NA,7.25,0.0,34.25,2.0,3.0,2.0,NA,NA,NA,21.75,47.0,0.0,206.75,0.0,0.0,6.0,NA,0.0
2026-01-27 15:00:00,39.75,53.75,2.0,6.0,8.0,NA,7.0,0.0,34.0,2.0,3.0,2.0,NA,NA,NA,21.5,49.25,0.0,180.0,0.0,0.0,6.0,NA,0.0
2026-01-27 16:00:00,45.25,60.75,2.0,6.0,7.25,NA,7.5,0.0,33.0,2.0,3.25,2.25,NA,NA,NA,21.0,53.25,0.0,193.75,0.0,0.0,6.0,NA,0.0
2026-01-27 17:00:00,56.5,74.25,2.0,6.0,7.0,NA,8.0,0.0,32.0,2.0,4.0,3.0,NA,NA,NA,20.0,56.5,0.0,153.25,0.0,0.0,6.0,NA,0.0
2026-01-27 18:00:00,60.5,79.0,2.0,6.0,7.0,NA,8.0,0.0,32.0,2.0,4.0,3.0,NA,NA,NA,20.0,57.0,0.0,113.75,0.0,0.0,5.25,NA,0.0
2026-01-27 19:00:00,74.67,97.0,2.0,5.67,7.0,NA,8.5,0.0,31.33,2.0,4.0,3.0,NA,NA,NA,19.67,60.0,0.0,184.67,0.0,0.0,5.0,NA,0.0
2026-01-27 20:00:00,80.5,104.25,2.0,5.0,7.0,NA,8.0,0.0,30.0,2.0,4.0,3.0,NA,NA,NA,19.0,65.0,0.0,228.25,0.0,0.0,5.0,NA,0.0
2026-01-27 21:00:00,60.5,79.25,2.0,5.0,7.0,NA,8.0,0.0,28.75,2.0,4.0,3.0,NA,NA,NA,18.25,75.5,0.0,207.5,0.0,0.0,5.0,NA,0.0
2026-01-27 22:00:00,52.0,69.0,2.0,5.0,7.0,NA,7.75,0.0,28.0,2.0,3.25,2.25,NA,NA,NA,18.0,78.0,0.0,216.0,0.0,0.0,5.0,NA,0.0
2026-01-27 23:00:00,49.25,65.25,2.0,5.0,7.0,NA,7.0,0.0,28.0,2.0,3.0,2.0,NA,NA,NA,18.0,77.5,0.0,175.25,0.0,0.0,5.0,NA,0.0
2026-01-28 00:00:00,45.5,60.75,2.0,5.0,6.5,NA,7.25,0.0,28.0,2.0,3.0,2.0,NA,NA,NA,18.0,76.75,0.0,185.0,0.0,0.0,5.0,NA,0.0
2026-01-28 01:00:00,43.25,58.25,2.0,5.0,6.0,NA,7.33,0.0,28.0,2.0,3.0,2.0,NA,NA,NA,18.0,78.25,0.0,187.25,0.0,0.0,5.0,NA,0.0
2026-01-28 02:00:00,31.0,43.0,2.0,5.0,6.0,NA,7.75,0.0,28.0,2.0,3.75,2.75,NA,NA,NA,18.0,80.0,0.0,198.75,0.0,0.0,5.0,NA,0.0
2026-01-28 03:00:00,26.75,37.5,1.25,5.0,6.0,NA,8.0,0.0,27.25,2.0,4.0,3.0,NA,NA,NA,17.25,82.25,0.0,241.75,0.0,0.0,5.0,NA,0.0
2026-01-28 04:00:00,31.25,42.5,1.0,5.0,6.0,NA,8.0,0.0,27.0,2.0,4.0,3.0,NA,NA,NA,17.0,77.75,0.0,215.5,0.0,0.0,5.0,NA,0.0
2026-01-28 05:00:00,10.5,16.75,1.0,5.0,6.0,NA,8.0,0.0,26.0,2.0,4.0,3.0,NA,NA,NA,16.75,88.0,0.0,205.5,0.0,0.0,6.25,NA,0.0
2026-01-28 06:00:00,5.5,10.5,1.0,5.0,6.0,NA,8.0,0.0,26.0,2.0,4.0,3.0,NA,NA,NA,16.0,95.5,0.0,193.75,0.0,0.0,5.25,NA,0.0
2026-01-28 07:00:00,5.0,10.0,1.0,5.0,6.0,NA,8.0,0.0,26.0,2.0,4.0,3.0,NA,NA,NA,16.5,95.0,0.0,190.25,0.0,0.0,5.0,NA,0.0
2026-01-28 08:00:00,6.0,11.75,1.0,5.0,6.0,NA,8.0,0.0,26.75,2.0,4.0,3.0,NA,NA,NA,17.0,92.75,0.0,194.0,0.0,0.0,5.0,NA,0.0
2026-01-28 09:00:00,8.0,14.0,1.5,5.0,6.5,NA,8.0,0.0,27.75,2.0,4.0,3.0,NA,NA,NA,17.5,88.75,0.0,179.0,0.0,0.0,6.0,NA,0.0
2026-01-28 10:00:00,6.0,11.5,2.0,5.0,7.0,NA,8.0,0.0,28.75,2.0,4.0,3.0,NA,NA,NA,18.0,85.75,0.0,198.75,0.0,0.0,6.5,NA,0.0
2026-01-28 11:00:00,7.75,13.5,2.0,5.0,7.0,NA,NA,0.0,29.5,NA,NA,NA,NA,NA,NA,18.5,83.25,0.0,200.5,0.0,0.0,6.5,NA,0.0
2026-01-28 12:00:00,8.0,13.25,2.0,5.0,7.0,NA,8.25,0.0,29.75,2.0,4.0,3.0,NA,NA,NA,19.0,81.5,0.0,188.25,0.0,0.0,6.0,NA,0.0
2026-01-28 13:00:00,8.75,14.25,2.0,5.75,7.0,NA,8.0,0.0,31.0,2.0,4.0,3.0,NA,NA,NA,19.75,75.5,0.0,186.25,0.0,0.0,6.25,NA,0.0
2026-01-28 14:00:00,8.25,14.0,2.0,6.0,7.0,NA,8.0,0.0,32.0,2.0,4.0,3.0,NA,NA,NA,20.0,72.25,0.0,211.0,0.0,0.0,6.25,NA,0.0
2026-01-28 15:00:00,7.25,12.25,2.0,6.0,7.0,NA,8.0,0.0,31.25,2.0,4.0,3.0,NA,NA,NA,20.0,72.25,0.0,232.75,0.0,0.0,7.0,NA,0.0
2026-01-28 16:00:00,9.5,15.5,2.0,5.0,7.0,NA,8.0,0.0,30.5,2.0,4.0,3.0,NA,NA,NA,19.0,77.0,0.0,220.25,0.0,0.0,6.5,NA,0.0
2026-01-28 17:00:00,14.25,22.0,2.0,5.0,7.0,NA,8.0,0.0,29.25,2.0,4.0,3.0,NA,NA,NA,18.5,81.75,0.0,247.5,0.0,0.0,7.0,NA,0.0
2026-01-28 18:00:00,16.75,24.75,2.0,5.0,7.0,NA,8.0,0.0,28.25,2.0,4.0,3.0,NA,NA,NA,18.0,87.5,0.0,249.25,0.0,0.0,6.0,NA,0.0
2026-01-28 19:00:00,25.5,35.5,1.75,5.0,6.0,NA,8.0,0.0,28.0,2.0,4.0,3.0,NA,NA,NA,17.75,90.5,0.0,252.75,0.0,0.0,6.0,NA,0.0
2026-01-28 20:00:00,29.5,40.5,1.0,5.0,6.0,NA,8.0,0.0,27.0,2.0,4.0,3.0,NA,NA,NA,17.0,94.75,0.0,219.5,0.0,0.0,6.0,NA,0.0
2026-01-28 21:00:00,34.25,46.25,1.0,5.0,6.0,NA,8.0,0.0,27.0,2.0,4.0,3.0,NA,NA,NA,17.0,95.0,0.0,226.5,0.0,0.0,6.0,NA,0.0
2026-01-28 22:00:00,28.0,38.5,1.0,5.0,6.0,NA,8.0,0.0,26.0,2.0,4.0,3.0,NA,NA,NA,17.0,96.67,0.0,225.25,0.0,0.0,6.0,NA,0.0
2026-01-28 23:00:00,29.25,40.5,1.0,5.0,6.0,NA,8.0,0.0,26.0,2.0,4.0,3.0,NA,NA,NA,16.5,97.5,0.0,221.0,0.0,0.0,6.0,NA,0.0
2026-01-29 00:00:00,27.25,37.5,1.0,5.0,6.0,NA,7.5,0.0,25.75,2.0,3.0,2.0,NA,NA,NA,16.0,NA,0.0,231.75,0.0,0.0,6.0,NA,0.0
2026-01-29 01:00:00,25.0,34.5,1.0,5.0,6.0,NA,7.0,0.0,25.0,2.0,3.0,2.0,NA,NA,NA,16.0,NA,0.0,224.0,0.0,0.0,6.0,NA,0.0
2026-01-29 02:00:00,19.75,28.75,1.0,5.0,6.0,NA,7.75,0.0,25.0,2.0,3.5,2.5,NA,NA,NA,16.0,NA,0.0,223.75,0.0,0.0,6.0,NA,0.0
2026-01-29 03:00:00,18.25,26.25,1.0,4.75,6.0,NA,8.0,0.0,25.0,2.0,3.67,3.0,NA,NA,NA,16.0,NA,0.0,223.5,0.0,0.0,6.0,NA,0.0
2026-01-29 04:00:00,17.25,25.75,1.0,4.0,6.0,NA,7.75,0.0,24.25,2.0,3.75,2.75,NA,NA,NA,15.5,NA,0.0,227.0,0.0,0.0,6.0,NA,0.0
2026-01-29 05:00:00,15.25,22.5,1.0,4.0,6.0,NA,8.0,0.0,24.0,2.0,4.0,3.0,NA,NA,NA,15.0,NA,0.0,231.5,0.0,0.0,6.0,NA,0.0
2026-01-29 06:00:00,19.0,27.5,1.0,4.0,6.0,NA,8.0,0.0,24.0,2.0,3.33,2.33,NA,NA,NA,15.0,NA,0.0,233.25,0.0,0.0,6.0,NA,0.0
2026-01-29 07:00:00,26.5,34.25,1.0,4.0,6.0,NA,NA,0.0,24.0,NA,NA,NA,NA,NA,NA,15.0,NA,0.0,227.25,0.0,0.0,6.0,NA,0.0
2026-01-29 08:00:00,32.0,40.75,1.0,4.75,6.0,NA,8.0,0.0,25.0,2.0,4.0,3.0,NA,NA,NA,15.75,92.0,0.0,235.25,0.0,0.0,6.75,NA,0.0
2026-01-29 09:00:00,41.25,51.5,1.5,5.0,6.5,NA,8.0,0.0,28.5,2.0,4.0,3.0,NA,NA,NA,17.75,80.5,0.0,242.75,0.0,0.0,7.0,NA,0.0
2026-01-29 10:00:00,57.25,70.5,2.0,6.0,7.0,NA,8.0,0.0,31.25,2.0,3.5,2.5,NA,NA,NA,19.75,68.25,0.0,244.75,0.0,0.0,7.0,NA,0.0
2026-01-29 11:00:00,53.0,66.0,2.0,6.0,7.0,NA,NA,0.0,31.5,NA,NA,NA,NA,NA,NA,19.75,68.0,0.0,252.75,0.0,0.0,7.0,NA,0.0
2026-01-29 12:00:00,39.25,49.25,2.0,6.0,7.0,NA,8.0,0.0,31.75,2.0,3.75,2.75,NA,NA,NA,20.0,66.0,0.0,259.0,0.0,0.0,7.0,NA,0.0
2026-01-29 13:00:00,32.75,41.25,2.0,6.0,7.0,NA,8.0,0.0,32.0,2.0,4.0,3.0,NA,NA,NA,20.0,64.25,0.0,255.25,0.0,0.0,7.25,NA,0.0
2026-01-29 14:00:00,32.0,41.0,2.0,6.0,7.0,NA,8.0,0.0,32.0,2.0,4.0,3.0,NA,NA,NA,20.0,64.5,0.0,244.75,0.0,0.0,6.25,NA,0.0
2026-01-29 15:00:00,32.0,41.0,2.0,6.0,7.0,NA,9.0,0.0,32.0,2.0,4.0,3.0,NA,NA,NA,20.0,64.5,0.0,233.5,0.0,0.0,6.0,NA,0.0
2026-01-29 16:00:00,31.25,39.25,2.0,5.5,7.0,NA,8.0,0.0,30.75,2.0,3.5,2.5,NA,NA,NA,19.25,69.25,0.0,246.5,0.0,0.0,41.0,NA,0.0
2026-01-29 17:00:00,31.75,40.75,1.75,5.0,6.5,NA,7.33,0.0,28.25,2.0,3.0,2.0,NA,NA,NA,17.75,80.25,0.0,225.0,0.0,0.0,8.25,NA,0.0
2026-01-29 18:00:00,36.5,46.0,1.0,5.0,6.0,NA,7.0,0.0,26.5,2.0,3.0,2.0,NA,NA,NA,17.0,86.0,0.0,240.5,0.0,0.0,6.0,NA,0.0
2026-01-29 19:00:00,38.5,48.5,1.0,5.0,6.0,NA,7.0,0.0,26.0,2.0,3.0,2.0,NA,NA,NA,16.25,87.5,0.0,228.25,0.0,0.0,6.0,NA,0.0
2026-01-29 20:00:00,37.75,47.25,1.0,5.0,6.0,NA,7.0,0.0,25.25,2.0,3.0,2.0,NA,NA,NA,16.0,88.5,0.0,222.75,0.0,0.0,6.0,NA,0.0
2026-01-29 21:00:00,36.25,46.0,1.0,4.25,6.0,NA,7.0,0.0,24.75,2.0,3.0,2.0,NA,NA,NA,16.0,89.5,0.0,231.5,0.0,0.0,6.0,NA,0.0
2026-01-29 22:00:00,32.5,41.25,1.0,4.0,6.0,NA,7.0,0.0,24.0,2.0,3.0,2.0,NA,NA,NA,15.25,89.25,0.0,234.5,0.0,0.0,6.0,NA,0.0
2026-01-29 23:00:00,28.5,36.5,1.0,4.0,6.0,NA,7.0,0.0,24.0,2.0,3.0,2.0,NA,NA,NA,15.0,89.5,0.0,235.0,0.0,0.0,6.0,NA,0.0
2026-01-30 00:00:00,28.0,36.5,1.0,4.0,6.0,NA,7.0,0.0,24.0,2.0,3.0,2.0,NA,NA,NA,15.0,89.0,0.0,220.0,0.0,0.0,6.0,NA,0.0
2026-01-30 01:00:00,29.0,37.75,1.0,4.0,6.0,NA,7.33,0.0,24.0,2.0,3.0,2.0,NA,NA,NA,15.0,90.25,0.0,231.25,0.0,0.0,6.0,NA,0.0
2026-01-30 02:00:00,33.5,43.0,1.0,4.0,6.0,NA,7.75,0.0,23.5,2.0,3.5,2.5,NA,NA,NA,15.0,91.25,0.0,238.25,0.0,0.0,6.0,NA,0.0
2026-01-30 03:00:00,33.25,42.5,1.0,4.0,6.0,NA,8.0,0.0,23.5,2.0,4.0,3.0,NA,NA,NA,15.0,91.0,0.0,229.0,0.0,0.0,6.0,NA,0.0
2026-01-30 04:00:00,36.5,46.5,1.0,4.0,6.0,NA,8.0,0.0,24.0,2.0,4.0,3.0,NA,NA,NA,15.0,90.0,0.0,222.25,0.0,0.0,6.0,NA,0.0
2026-01-30 05:00:00,40.5,51.25,1.0,4.0,6.0,NA,8.0,0.0,24.0,2.0,4.0,3.0,NA,NA,NA,15.0,89.5,0.0,248.0,0.0,0.0,6.0,NA,0.0
2026-01-30 06:00:00,33.75,43.0,1.0,4.0,6.0,NA,8.0,0.0,24.5,2.0,4.0,3.0,NA,NA,NA,15.5,93.0,0.0,223.25,0.0,0.0,6.0,NA,0.0
2026-01-30 07:00:00,44.25,55.0,1.0,4.0,6.0,NA,8.0,0.0,24.0,2.0,4.0,3.0,NA,NA,NA,15.0,97.5,0.0,228.25,0.0,0.0,6.0,NA,0.0
2026-01-30 08:00:00,43.0,54.25,1.0,4.0,6.0,NA,8.0,0.0,24.25,2.0,4.0,3.0,NA,NA,NA,15.25,93.75,0.0,218.25,0.0,0.0,21.0,NA,0.0
2026-01-30 09:00:00,45.25,56.75,1.0,5.0,6.0,NA,7.67,0.0,25.25,2.0,3.0,2.0,NA,NA,NA,16.0,88.75,0.0,232.5,0.0,0.0,72.25,NA,0.0
2026-01-30 10:00:00,47.75,59.5,1.0,5.0,6.0,NA,7.75,0.0,26.0,2.0,3.75,2.75,NA,NA,NA,16.5,83.5,0.0,218.75,0.0,0.0,122.5,NA,0.0
2026-01-30 11:00:00,49.0,60.75,1.5,5.0,6.5,NA,NA,0.0,28.0,2.0,4.0,3.0,NA,NA,NA,17.75,75.25,0.0,231.25,0.0,0.0,302.0,NA,0.0
2026-01-30 12:00:00,44.5,55.75,2.0,5.25,7.0,NA,8.25,0.0,30.5,2.0,3.75,2.75,NA,NA,NA,19.25,63.5,0.0,232.75,0.0,0.0,440.0,NA,0.0
2026-01-30 13:00:00,39.5,49.75,2.0,5.75,7.0,NA,7.0,0.0,31.25,2.0,3.0,2.0,NA,NA,NA,19.75,59.5,0.0,223.0,0.0,0.0,409.0,NA,0.0
2026-01-30 14:00:00,39.0,49.0,2.0,6.0,7.0,NA,7.0,0.0,31.75,2.0,3.0,2.0,NA,NA,NA,20.0,57.75,0.0,235.0,0.0,0.0,354.75,NA,0.0
2026-01-30 15:00:00,46.75,58.5,2.0,6.0,7.0,NA,7.0,0.0,31.75,2.0,3.0,2.0,NA,NA,NA,19.75,59.5,0.0,231.75,0.0,0.0,241.25,NA,0.0
2026-01-30 16:00:00,39.25,49.5,2.0,5.0,7.0,NA,7.0,0.0,30.0,2.0,3.0,2.0,NA,NA,NA,18.75,64.0,0.0,233.5,0.0,0.0,102.25,NA,0.0
2026-01-30 17:00:00,33.75,43.0,1.25,5.0,6.25,NA,7.33,0.0,27.0,2.0,3.0,2.0,NA,NA,NA,17.0,77.0,0.0,246.5,0.0,0.0,7.75,NA,0.0
2026-01-30 18:00:00,31.5,40.0,1.0,4.75,6.0,NA,8.0,0.0,25.25,2.0,3.75,2.75,NA,NA,NA,16.0,86.25,0.0,229.75,0.0,0.0,6.5,NA,0.0
2026-01-30 19:00:00,37.0,47.0,1.0,4.0,6.0,NA,8.0,0.0,24.0,2.0,4.0,3.0,NA,NA,NA,15.0,90.0,0.0,259.25,0.0,0.0,6.0,NA,0.0
2026-01-30 20:00:00,42.25,52.5,1.0,4.0,6.0,NA,7.25,0.0,23.75,2.0,3.25,2.25,NA,NA,NA,15.0,92.5,0.0,234.5,0.0,0.0,6.0,NA,0.0
2026-01-30 21:00:00,37.75,47.75,1.0,4.0,5.25,NA,7.0,0.0,23.0,2.0,3.0,2.0,NA,NA,NA,15.0,95.33,0.0,232.75,0.0,0.0,6.0,NA,0.0
2026-01-30 22:00:00,37.0,46.75,1.0,4.0,5.0,NA,7.0,0.0,23.0,2.0,3.0,2.0,NA,NA,NA,14.5,NA,0.0,225.5,0.0,0.0,6.0,NA,0.0
2026-01-30 23:00:00,37.0,46.0,1.0,4.0,5.0,NA,7.0,0.0,22.5,2.0,3.0,2.0,NA,NA,NA,14.0,NA,0.0,203.0,0.0,0.0,6.0,NA,0.0
2026-01-31 00:00:00,38.0,48.0,1.0,4.0,5.0,NA,7.0,0.0,22.0,2.0,3.0,2.0,NA,NA,NA,14.0,NA,0.0,201.0,0.0,0.0,6.0,NA,0.0
2026-01-31 01:00:00,37.25,47.25,1.0,4.0,5.0,NA,7.0,0.0,22.0,2.0,3.0,2.0,NA,NA,NA,14.0,NA,0.0,201.0,0.0,0.0,6.0,NA,0.0
2026-01-31 02:00:00,49.25,61.75,1.0,4.0,5.0,NA,7.0,0.0,21.5,2.0,3.0,2.0,NA,NA,NA,14.0,NA,0.0,201.0,0.0,0.0,6.0,NA,0.0
2026-01-31 03:00:00,42.25,53.5,1.0,4.0,5.0,NA,7.0,0.0,21.0,2.0,3.0,2.0,NA,NA,NA,13.5,99.0,0.0,201.0,0.0,0.0,6.0,NA,0.0
2026-01-31 04:00:00,39.25,49.5,1.0,4.0,5.0,NA,7.0,0.0,21.0,2.0,3.0,2.0,NA,NA,NA,13.25,98.0,0.0,201.0,0.0,0.0,6.0,NA,0.0
2026-01-31 05:00:00,33.0,42.0,1.0,4.0,5.0,NA,7.0,0.0,20.5,2.0,3.0,2.0,NA,NA,NA,13.0,98.25,0.0,200.5,0.0,0.0,6.0,NA,0.0
2026-01-31 06:00:00,35.5,44.5,1.0,4.0,5.0,NA,7.0,0.0,20.0,2.0,3.0,2.0,NA,NA,NA,13.0,97.75,0.0,195.0,0.0,0.0,6.0,NA,0.0
2026-01-31 07:00:00,19.25,25.75,1.0,4.0,5.0,NA,7.0,0.0,20.25,2.0,3.0,2.0,NA,NA,NA,13.0,98.0,0.0,172.0,0.0,0.0,24.75,NA,0.0
2026-01-31 08:00:00,26.5,34.25,1.0,4.0,5.0,NA,7.0,0.0,21.0,2.0,3.0,2.0,NA,NA,NA,13.0,98.0,0.0,180.5,0.0,0.0,36.75,NA,0.0
2026-01-31 09:00:00,33.25,42.75,1.0,4.0,5.0,NA,7.0,0.0,21.5,2.0,3.0,2.0,NA,NA,NA,13.75,98.0,0.0,189.25,0.0,0.0,50.0,NA,0.0
2026-01-31 10:00:00,46.0,57.0,1.0,4.0,5.25,NA,7.0,0.0,22.75,2.0,3.0,2.0,NA,NA,NA,14.5,92.0,0.0,197.5,0.0,0.0,209.0,NA,0.0
2026-01-31 11:00:00,50.5,62.5,1.0,4.75,6.0,NA,NA,0.0,25.25,2.0,4.0,3.0,NA,NA,NA,15.75,83.5,0.0,202.75,0.0,0.0,340.75,NA,0.0
2026-01-31 12:00:00,46.75,58.75,1.0,5.0,6.0,NA,7.0,0.0,26.75,2.0,3.0,2.0,NA,NA,NA,17.0,77.0,0.0,202.5,0.0,0.0,347.75,NA,0.0
2026-01-31 13:00:00,44.25,55.25,2.0,5.0,6.75,NA,7.0,0.0,28.0,2.0,3.0,2.0,NA,NA,NA,18.0,71.25,0.0,195.25,0.0,0.0,276.5,NA,0.0
2026-01-31 14:00:00,44.75,55.75,2.0,5.0,7.0,NA,7.5,0.0,29.0,2.0,3.25,2.25,NA,NA,NA,18.25,68.25,0.0,214.0,0.0,0.0,218.25,NA,0.0
2026-01-31 15:00:00,48.0,59.5,2.0,5.0,7.0,NA,8.0,0.0,30.0,2.0,3.33,2.33,NA,NA,NA,19.0,65.0,0.0,226.0,0.0,0.0,159.5,NA,0.0
2026-01-31 16:00:00,47.75,59.75,2.0,5.0,7.0,NA,7.25,0.0,29.25,2.0,3.25,2.25,NA,NA,NA,18.5,67.75,0.0,219.5,0.0,0.0,65.75,NA,0.0
2026-01-31 17:00:00,43.75,54.75,1.25,5.0,6.0,NA,7.0,0.0,27.0,2.0,3.0,2.0,NA,NA,NA,17.25,79.0,0.0,204.5,0.0,0.0,7.25,NA,0.0
2026-01-31 18:00:00,48.5,60.5,1.0,5.0,6.0,NA,7.25,0.0,25.5,2.0,3.0,2.0,NA,NA,NA,16.0,87.5,0.0,195.5,0.0,0.0,6.25,NA,0.0
2026-01-31 19:00:00,70.75,87.0,1.0,4.5,6.0,NA,8.0,0.0,25.0,2.0,4.0,3.0,NA,NA,NA,16.0,90.5,0.0,159.75,0.0,0.0,6.0,NA,0.0
2026-01-31 20:00:00,79.25,96.5,1.0,4.0,6.0,NA,8.0,0.0,24.25,2.0,4.0,3.0,NA,NA,NA,15.25,92.75,0.0,233.0,0.0,0.0,6.0,NA,0.0
2026-01-31 21:00:00,76.5,93.5,1.0,4.0,6.0,NA,8.0,0.0,24.0,2.0,4.0,3.0,NA,NA,NA,15.0,95.0,0.0,201.0,0.0,0.0,6.0,NA,0.0
2026-01-31 22:00:00,86.5,105.25,1.0,4.0,6.0,NA,7.25,0.0,24.0,2.0,3.25,2.25,NA,NA,NA,15.0,97.0,0.0,201.0,0.0,0.0,6.0,NA,0.0
2026-01-31 23:00:00,83.0,101.33,1.0,4.0,6.0,NA,7.0,0.0,24.0,2.0,3.0,2.0,NA,NA,NA,15.0,96.5,0.0,201.67,0.0,0.0,6.0,NA,0.0
2026-02-01 00:00:00,84.5,102.5,1.0,4.0,5.75,NA,7.0,0.0,23.5,2.0,3.0,2.0,NA,NA,NA,15.0,96.0,0.0,224.25,0.0,0.0,6.0,NA,0.0
2026-02-01 01:00:00,81.5,100.0,1.0,4.0,5.0,NA,7.0,0.0,23.0,2.0,3.0,2.0,NA,NA,NA,14.25,NA,0.0,219.25,0.0,0.0,6.0,NA,0.0
2026-02-01 02:00:00,64.5,79.25,1.0,4.0,5.0,NA,7.0,0.0,22.0,2.0,3.0,2.0,NA,NA,NA,14.0,NA,0.0,304.0,0.0,0.0,6.0,NA,0.0
2026-02-01 03:00:00,61.0,75.25,1.0,4.0,5.0,NA,7.0,0.0,22.0,2.0,3.0,2.0,NA,NA,NA,14.0,NA,0.0,262.75,0.0,0.0,6.0,NA,0.0
2026-02-01 04:00:00,52.25,65.5,1.0,4.0,5.0,NA,7.0,0.0,22.0,2.0,3.0,2.0,NA,NA,NA,14.0,NA,0.0,284.25,0.0,0.0,6.0,NA,0.0
2026-02-01 05:00:00,45.0,56.0,1.0,4.0,5.0,NA,7.0,0.0,21.0,2.0,3.0,2.0,NA,NA,NA,14.0,NA,0.0,272.75,0.0,0.0,6.0,NA,0.0
2026-02-01 06:00:00,46.5,57.5,1.0,4.0,5.0,NA,7.0,0.0,21.0,2.0,3.0,2.0,NA,NA,NA,13.0,98.5,0.0,201.5,0.0,0.0,6.25,NA,0.0
2026-02-01 07:00:00,49.75,61.5,1.0,4.0,5.0,NA,7.0,0.0,21.25,2.0,3.0,2.0,NA,NA,NA,13.5,98.0,0.0,200.0,0.0,0.0,31.0,NA,0.0
2026-02-01 08:00:00,62.25,76.75,1.0,4.0,5.0,NA,7.5,0.0,22.25,2.0,3.0,2.0,NA,NA,NA,14.0,NA,0.0,212.25,0.0,0.0,58.75,NA,0.0
2026-02-01 09:00:00,63.25,78.0,1.0,4.75,6.0,NA,8.0,0.0,25.5,2.0,3.67,3.0,NA,NA,NA,16.25,85.0,0.0,152.0,0.0,0.0,219.0,NA,0.0
2026-02-01 10:00:00,64.0,78.75,1.75,5.0,6.5,NA,7.25,0.0,28.75,2.0,3.25,2.25,NA,NA,NA,18.0,74.25,0.0,226.25,0.0,0.0,313.5,NA,0.0
2026-02-01 11:00:00,71.75,87.75,2.0,5.75,7.0,NA,NA,0.0,31.25,2.0,3.0,2.0,NA,NA,NA,19.75,64.5,0.0,215.5,0.0,0.0,383.5,NA,0.0
2026-02-01 12:00:00,60.75,75.0,2.0,6.0,7.5,NA,7.25,0.0,32.75,2.0,3.0,2.25,NA,NA,NA,20.75,55.5,0.0,220.75,0.0,0.0,408.0,NA,0.0
2026-02-01 13:00:00,50.0,62.25,2.0,6.0,8.0,NA,8.0,0.0,34.75,2.0,4.0,3.0,NA,NA,NA,22.0,44.25,0.0,235.5,0.0,0.0,376.75,NA,0.0
2026-02-01 14:00:00,40.25,50.5,2.0,6.0,8.0,NA,7.75,0.0,35.75,2.0,3.25,2.25,NA,NA,NA,22.25,41.75,0.0,222.25,0.0,0.0,297.25,NA,0.0
2026-02-01 15:00:00,44.25,55.75,2.0,6.0,8.0,NA,7.0,0.0,35.25,2.0,3.0,2.0,NA,NA,NA,22.0,46.75,0.0,206.75,0.0,0.0,187.0,NA,0.0
2026-02-01 16:00:00,52.0,64.0,2.0,6.0,8.0,NA,7.0,0.0,34.0,2.0,3.0,2.0,NA,NA,NA,21.25,49.25,0.0,206.25,0.0,0.0,73.25,NA,0.0
2026-02-01 17:00:00,39.75,50.25,2.0,6.0,7.0,NA,6.67,0.0,32.0,1.67,3.0,2.0,NA,NA,NA,20.25,55.25,0.0,259.75,0.0,0.0,7.25,NA,0.0
2026-02-01 18:00:00,38.0,48.0,2.0,5.25,7.0,NA,7.0,0.0,30.5,1.75,3.0,2.0,NA,NA,NA,19.25,62.75,0.0,303.5,0.0,0.0,6.0,NA,0.0
2026-02-01 19:00:00,64.25,78.5,2.0,5.0,7.0,NA,7.0,0.0,29.25,2.0,3.0,2.0,NA,NA,NA,18.5,70.75,0.0,298.0,0.0,0.0,6.0,NA,0.0
2026-02-01 20:00:00,95.75,117.0,2.0,5.0,6.5,NA,7.75,0.0,28.25,2.0,3.5,2.5,NA,NA,NA,18.0,77.0,0.0,246.0,0.0,0.0,6.0,NA,0.0
2026-02-01 21:00:00,104.25,126.75,1.25,5.0,6.0,NA,8.67,0.0,27.75,2.0,4.0,3.0,NA,NA,NA,17.25,80.75,0.0,207.0,0.0,0.0,6.0,NA,0.0
2026-02-01 22:00:00,116.25,141.0,1.25,5.0,6.0,NA,8.25,0.0,27.5,2.0,4.0,3.0,NA,NA,NA,17.0,80.75,0.0,201.0,0.0,0.0,6.0,NA,0.0
2026-02-01 23:00:00,86.25,105.0,1.0,5.0,6.0,NA,8.0,0.0,27.0,2.0,4.0,3.0,NA,NA,NA,17.0,81.75,0.0,263.0,0.0,0.0,6.0,NA,0.0
2026-02-02 00:00:00,86.25,105.25,1.0,5.0,6.0,NA,7.25,0.0,26.5,2.0,3.25,2.25,NA,NA,NA,17.0,86.0,0.0,225.25,0.0,0.0,6.0,NA,0.0
2026-02-02 01:00:00,85.25,104.25,1.0,5.0,6.0,NA,7.0,0.0,26.0,2.0,3.0,2.0,NA,NA,NA,17.0,88.75,0.0,223.25,0.0,0.0,6.0,NA,0.0
2026-02-02 02:00:00,70.25,85.75,1.0,5.0,6.0,NA,7.0,0.0,26.0,2.0,3.0,2.0,NA,NA,NA,16.75,90.0,0.0,247.0,0.0,0.0,6.0,NA,0.0
2026-02-02 03:00:00,55.75,69.0,1.0,5.0,6.0,NA,7.0,0.0,26.0,2.0,3.0,2.0,NA,NA,NA,16.0,91.25,0.0,232.5,0.0,0.0,6.0,NA,0.0
2026-02-02 04:00:00,48.75,60.75,1.0,5.0,6.0,NA,7.0,0.0,26.0,2.0,3.0,2.0,NA,NA,NA,16.0,92.0,0.0,231.5,0.0,0.0,6.0,NA,0.0
2026-02-02 05:00:00,47.25,58.5,1.0,5.0,6.0,NA,7.0,0.0,25.5,2.0,3.0,2.0,NA,NA,NA,16.0,93.5,0.0,223.75,0.0,0.0,6.0,NA,0.0
2026-02-02 06:00:00,44.5,55.5,1.0,5.0,6.0,NA,7.25,0.0,25.0,2.0,3.0,2.0,NA,NA,NA,16.0,96.5,0.0,211.5,0.0,0.0,6.0,NA,0.0
2026-02-02 07:00:00,51.0,63.75,1.0,5.0,6.0,NA,7.33,0.0,25.5,2.0,3.0,2.0,NA,NA,NA,16.0,95.67,0.0,255.5,0.0,0.0,18.75,NA,0.0
2026-02-02 08:00:00,60.0,74.5,1.5,5.0,6.25,NA,7.25,0.0,27.5,2.0,3.25,2.25,NA,NA,NA,17.5,88.75,0.0,232.25,0.0,0.0,104.5,NA,0.0
2026-02-02 09:00:00,64.75,79.75,2.0,5.75,7.0,NA,8.0,0.0,31.0,2.0,3.67,2.67,NA,NA,NA,19.25,76.75,0.0,218.25,0.0,0.0,213.25,NA,0.0
2026-02-02 10:00:00,68.0,83.75,2.0,6.0,7.5,NA,7.25,0.0,33.75,2.0,3.0,2.25,NA,NA,NA,21.25,68.0,0.0,222.5,0.0,0.0,308.75,NA,0.0
2026-02-02 11:00:00,63.0,78.0,2.0,6.0,8.0,NA,7.0,0.0,36.25,2.0,3.0,2.0,NA,NA,NA,22.5,58.75,0.0,221.75,0.0,0.0,368.0,NA,0.0
2026-02-02 12:00:00,54.25,67.25,2.0,6.75,8.0,NA,6.75,0.0,37.25,1.75,3.0,2.0,NA,NA,NA,23.5,53.5,0.0,217.0,0.0,0.0,389.25,NA,0.0
2026-02-02 13:00:00,40.0,50.25,2.0,7.0,8.5,NA,6.0,0.0,38.0,1.0,3.0,2.0,NA,NA,NA,24.0,50.25,0.0,219.0,0.0,0.0,367.5,NA,0.0
2026-02-02 14:00:00,30.0,38.5,2.0,7.0,8.25,NA,6.75,0.0,38.0,1.75,3.0,2.0,NA,NA,NA,24.0,50.5,0.0,226.0,0.0,0.0,274.25,NA,0.0
2026-02-02 15:00:00,35.0,44.75,2.0,7.0,8.0,NA,7.0,0.0,37.5,2.0,3.0,2.0,NA,NA,NA,23.5,48.5,0.0,232.25,0.0,0.0,194.25,NA,0.0
2026-02-02 16:00:00,30.75,39.0,2.0,6.0,8.0,NA,7.0,0.0,35.5,2.0,3.0,2.0,NA,NA,NA,22.5,53.25,0.0,255.25,0.0,0.0,54.25,NA,0.0
2026-02-02 17:00:00,23.0,29.25,2.0,6.0,8.0,NA,7.0,0.0,34.25,2.0,3.0,2.0,NA,NA,NA,21.5,62.25,0.0,254.75,0.0,0.0,7.25,NA,0.0
2026-02-02 18:00:00,30.75,39.5,2.0,6.0,7.25,NA,7.0,0.0,33.0,2.0,3.0,2.0,NA,NA,NA,21.0,68.0,0.0,245.25,0.0,0.0,6.25,NA,0.0
2026-02-02 19:00:00,50.25,62.75,2.0,6.0,7.0,NA,7.0,0.0,32.0,2.0,3.0,2.0,NA,NA,NA,20.0,71.75,0.0,251.25,0.0,0.0,6.0,NA,0.0
2026-02-02 20:00:00,54.0,66.75,2.0,6.0,7.0,NA,7.5,0.0,31.5,2.0,3.0,2.0,NA,NA,NA,20.0,75.5,0.0,264.5,0.0,0.0,6.0,NA,0.0
2026-02-02 21:00:00,50.5,62.5,2.0,5.25,7.0,NA,7.0,0.0,31.0,2.0,3.0,2.0,NA,NA,NA,19.0,78.75,0.0,228.25,0.0,0.0,6.0,NA,0.0
2026-02-02 22:00:00,55.25,68.25,2.0,5.0,7.0,NA,8.0,0.0,30.0,2.0,3.5,2.5,NA,NA,NA,19.0,79.75,0.0,236.5,0.0,0.0,6.0,NA,0.0
2026-02-02 23:00:00,44.75,56.0,2.0,5.0,7.0,NA,8.0,0.0,29.75,2.0,3.33,2.67,NA,NA,NA,19.0,81.5,0.0,207.0,0.0,0.0,6.0,NA,0.0
2026-02-03 00:00:00,49.75,61.75,2.0,5.0,7.0,NA,7.75,0.0,29.0,2.0,3.0,2.0,NA,NA,NA,18.0,85.5,0.0,124.5,0.0,0.0,6.0,NA,0.0
2026-02-03 01:00:00,46.5,58.5,2.0,5.0,6.75,NA,7.33,0.0,28.25,2.0,3.0,2.0,NA,NA,NA,18.0,87.75,0.0,200.0,0.0,0.0,6.0,NA,0.0
2026-02-03 02:00:00,47.75,59.75,1.5,5.0,6.0,NA,7.75,0.0,28.0,2.0,3.25,2.25,NA,NA,NA,17.5,91.25,0.0,246.25,0.0,0.0,6.0,NA,0.0
2026-02-03 03:00:00,46.25,57.25,1.0,5.0,6.0,NA,8.0,0.0,27.25,2.0,3.33,2.67,NA,NA,NA,17.0,95.25,0.0,260.5,0.0,0.0,6.0,NA,0.0
2026-02-03 04:00:00,43.75,54.5,1.0,5.0,6.0,NA,7.25,0.0,27.0,2.0,3.0,2.25,NA,NA,NA,17.0,NA,0.0,228.25,0.0,0.0,6.0,NA,0.0
2026-02-03 05:00:00,44.75,55.75,1.0,5.0,6.0,NA,7.0,0.0,26.25,2.0,3.0,2.0,NA,NA,NA,16.5,NA,0.0,188.75,0.0,0.0,6.0,NA,0.0
2026-02-03 06:00:00,45.0,56.0,1.0,5.0,6.0,NA,7.0,0.0,25.25,2.0,3.0,2.0,NA,NA,NA,16.0,NA,0.0,250.25,0.0,0.0,6.5,NA,0.0
2026-02-03 07:00:00,39.5,49.5,1.0,5.0,6.0,NA,7.0,0.0,25.0,2.0,3.0,2.0,NA,NA,NA,16.0,NA,0.0,234.0,0.0,0.0,20.5,NA,0.0
2026-02-03 08:00:00,45.0,56.0,1.0,5.0,6.0,NA,7.0,0.0,26.0,2.0,3.0,2.0,NA,NA,NA,16.25,98.0,0.0,218.0,0.0,0.0,28.5,NA,0.0
2026-02-03 09:00:00,56.5,70.0,1.0,5.0,6.0,NA,7.0,0.0,26.25,2.0,3.0,2.0,NA,NA,NA,16.75,95.5,0.0,219.25,0.0,0.0,11.25,NA,0.0
2026-02-03 10:00:00,82.5,100.75,1.0,5.0,6.0,NA,7.0,0.0,25.0,2.0,3.0,2.0,NA,NA,NA,16.0,NA,0.0,225.5,0.0,0.0,8.0,NA,0.0
2026-02-03 11:00:00,33.5,42.5,1.0,5.0,6.0,NA,NA,0.0,25.0,2.0,3.0,2.0,NA,NA,NA,16.0,NA,0.0,224.0,0.0,0.0,26.75,NA,0.0
2026-02-03 12:00:00,28.5,37.25,1.25,5.0,6.0,NA,7.0,0.0,26.75,1.75,3.0,2.0,NA,NA,NA,16.75,89.0,0.0,197.75,0.0,0.0,143.75,NA,0.0
2026-02-03 13:00:00,19.5,25.75,2.0,5.25,7.0,NA,8.0,0.0,30.0,2.0,3.67,2.67,NA,NA,NA,19.0,78.25,0.0,192.75,0.0,0.0,273.5,NA,0.0
2026-02-03 14:00:00,17.0,22.25,2.0,6.0,7.0,NA,7.0,0.0,31.5,2.0,3.0,2.0,NA,NA,NA,19.75,71.5,0.0,199.25,0.0,0.0,281.25,NA,0.0
2026-02-03 15:00:00,10.0,15.0,2.0,6.0,7.25,NA,7.0,0.0,32.0,2.0,3.0,2.0,NA,NA,NA,20.5,68.5,0.0,177.0,0.0,0.0,190.0,NA,0.0
2026-02-03 16:00:00,10.75,15.5,2.0,6.0,7.0,NA,7.0,0.0,32.25,2.0,3.0,2.0,NA,NA,NA,20.25,67.5,0.0,229.25,0.0,0.0,91.5,NA,0.0
2026-02-03 17:00:00,17.0,23.0,2.0,5.25,7.0,NA,7.0,0.0,30.25,2.0,3.0,2.0,NA,NA,NA,19.25,74.75,0.0,203.0,0.0,0.0,8.5,NA,0.0
2026-02-03 18:00:00,26.75,34.5,2.0,5.0,7.0,NA,7.5,0.0,28.75,2.0,3.5,2.5,NA,NA,NA,18.25,82.0,0.0,201.25,0.0,0.0,6.25,NA,0.0
2026-02-03 19:00:00,81.0,98.5,2.0,5.0,7.0,NA,8.67,0.0,28.0,2.0,4.0,3.0,NA,NA,NA,18.0,87.25,0.0,201.0,0.0,0.0,6.0,NA,0.0
2026-02-03 20:00:00,72.5,88.25,2.0,5.0,6.75,NA,8.25,0.0,28.0,2.0,4.0,3.0,NA,NA,NA,18.0,88.75,0.0,234.5,0.0,0.0,6.0,NA,0.0
2026-02-03 21:00:00,77.75,94.75,1.5,5.0,6.0,NA,8.0,0.0,27.75,2.0,4.0,3.0,NA,NA,NA,17.5,92.75,0.0,238.25,0.0,0.0,6.0,NA,0.0
2026-02-03 22:00:00,65.0,79.75,1.0,5.0,6.0,NA,7.5,0.0,27.0,2.0,3.25,2.25,NA,NA,NA,17.0,96.0,0.0,250.75,0.0,0.0,6.0,NA,0.0
2026-02-03 23:00:00,54.25,67.5,1.0,5.0,6.0,NA,7.0,0.0,26.5,2.0,3.0,2.0,NA,NA,NA,16.75,NA,0.0,233.5,0.0,0.0,6.0,NA,0.0
2026-02-04 00:00:00,37.25,46.75,1.0,5.0,6.0,NA,7.0,0.0,25.25,2.0,3.0,2.0,NA,NA,NA,16.0,NA,0.0,199.0,0.0,0.0,6.0,NA,0.0
2026-02-04 01:00:00,41.0,51.75,1.0,4.5,6.0,NA,6.0,0.0,25.0,1.0,3.0,2.0,NA,NA,NA,16.0,NA,0.0,243.5,0.0,0.0,6.0,NA,0.0
2026-02-04 02:00:00,50.0,62.0,1.0,4.0,6.0,NA,6.75,0.0,24.0,1.75,3.0,2.0,NA,NA,NA,15.25,NA,0.0,255.0,0.0,0.0,6.0,NA,0.0
2026-02-04 03:00:00,47.0,58.0,1.0,4.0,6.0,NA,7.0,0.0,24.0,2.0,3.0,2.0,NA,NA,NA,15.0,NA,0.0,210.0,0.0,0.0,6.0,NA,0.0
2026-02-04 04:00:00,42.75,53.75,1.0,4.0,6.0,NA,7.0,0.0,24.0,2.0,3.0,2.0,NA,NA,NA,15.0,NA,0.0,230.5,0.0,0.0,6.0,NA,0.0
2026-02-04 05:00:00,34.25,43.5,1.0,4.0,5.5,NA,7.0,0.0,23.0,2.0,3.0,2.0,NA,NA,NA,15.0,98.5,0.0,234.5,0.0,0.0,6.0,NA,0.0
2026-02-04 06:00:00,31.25,40.0,1.0,4.0,5.5,NA,7.0,0.0,23.0,2.0,3.0,2.0,NA,NA,NA,15.0,98.0,0.0,236.5,0.0,0.0,6.0,NA,0.0
2026-02-04 07:00:00,30.75,39.25,1.0,4.0,5.0,NA,7.0,0.0,23.0,2.0,3.0,2.0,NA,NA,NA,14.5,98.0,0.0,235.0,0.0,0.0,6.5,NA,0.0
2026-02-04 08:00:00,30.0,38.25,1.0,4.0,5.0,NA,7.0,0.0,23.0,2.0,3.0,2.0,NA,NA,NA,14.25,98.0,0.0,264.25,0.0,0.0,53.0,NA,0.0
2026-02-04 09:00:00,25.5,32.75,1.0,4.25,6.0,NA,7.0,0.0,24.0,2.0,3.0,2.0,NA,NA,NA,15.25,NA,0.0,248.0,0.0,0.0,178.5,NA,0.0
2026-02-04 10:00:00,32.0,40.25,1.0,5.0,6.0,NA,7.25,0.0,26.5,2.0,3.0,2.25,NA,NA,NA,16.75,85.5,0.0,250.0,0.0,0.0,375.5,NA,0.0
2026-02-04 11:00:00,30.25,38.5,1.75,5.0,6.75,NA,NA,0.0,29.0,2.0,3.0,2.0,NA,NA,NA,18.25,72.0,0.0,240.75,0.0,0.0,455.25,NA,0.0
2026-02-04 12:00:00,28.25,36.25,2.0,6.0,7.0,NA,7.5,0.0,32.0,2.0,3.25,2.25,NA,NA,NA,20.25,57.75,0.0,222.25,0.0,0.0,498.5,NA,0.0
2026-02-04 13:00:00,30.5,38.75,2.0,6.0,7.75,NA,8.0,0.0,33.0,2.0,3.67,3.0,NA,NA,NA,21.0,52.0,0.0,226.5,0.0,0.0,476.75,NA,0.0
2026-02-04 14:00:00,28.25,36.25,2.0,6.0,8.0,NA,7.0,0.0,34.25,2.0,3.0,2.0,NA,NA,NA,22.0,45.75,0.0,245.25,0.0,0.0,416.0,NA,0.0
2026-02-04 15:00:00,21.75,28.25,2.0,6.0,8.0,NA,7.0,0.0,34.5,2.0,3.0,2.0,NA,NA,NA,22.0,44.0,0.0,233.25,0.0,0.0,299.25,NA,0.0
2026-02-04 16:00:00,15.75,21.75,2.0,6.0,7.75,NA,7.0,0.0,33.5,2.0,3.0,2.0,NA,NA,NA,21.0,47.0,0.0,252.25,0.0,0.0,119.5,NA,0.0
2026-02-04 17:00:00,21.0,28.0,2.0,5.75,7.0,NA,7.0,0.0,31.5,2.0,3.0,2.0,NA,NA,NA,19.75,53.0,0.0,249.25,0.0,0.0,7.25,NA,0.0
2026-02-04 18:00:00,23.75,30.75,2.0,5.0,7.0,NA,7.5,0.0,29.5,2.0,3.25,2.25,NA,NA,NA,18.5,64.75,0.0,226.75,0.0,0.0,6.0,NA,0.0
2026-02-04 19:00:00,44.75,56.25,2.0,5.0,6.75,NA,8.0,0.0,28.25,2.0,4.0,3.0,NA,NA,NA,18.0,74.25,0.0,229.75,0.0,0.0,6.0,NA,0.0
2026-02-04 20:00:00,61.0,75.75,1.5,5.0,6.0,NA,8.0,0.0,27.75,2.0,3.75,2.75,NA,NA,NA,17.5,76.75,0.0,211.5,0.0,0.0,6.0,NA,0.0
2026-02-04 21:00:00,70.0,85.75,1.0,5.0,6.0,NA,8.0,0.0,27.0,2.0,4.0,3.0,NA,NA,NA,17.0,81.5,0.0,218.75,0.0,0.0,6.0,NA,0.0
2026-02-04 22:00:00,73.5,90.5,1.0,5.0,6.0,NA,7.25,0.0,26.5,2.0,3.25,2.25,NA,NA,NA,17.0,87.75,0.0,220.75,0.0,0.0,6.0,NA,0.0
2026-02-04 23:00:00,50.5,63.0,1.0,5.0,6.0,NA,7.0,0.0,26.0,2.0,3.0,2.0,NA,NA,NA,16.5,87.5,0.0,251.5,0.0,0.0,6.0,NA,0.0
2026-02-05 00:00:00,40.0,50.25,1.0,5.0,6.0,NA,7.0,0.0,25.0,2.0,3.0,2.0,NA,NA,NA,16.0,89.75,0.0,248.0,0.0,0.0,6.0,NA,0.0
2026-02-05 01:00:00,42.5,53.5,1.0,4.0,6.0,NA,7.0,0.0,24.25,2.0,3.0,2.0,NA,NA,NA,15.5,92.5,0.0,247.0,0.0,0.0,6.0,NA,0.0
2026-02-05 02:00:00,46.5,57.5,1.0,4.0,6.0,NA,7.0,0.0,24.0,2.0,3.0,2.0,NA,NA,NA,15.0,94.0,0.0,217.25,0.0,0.0,6.0,NA,0.0
2026-02-05 03:00:00,51.25,63.25,1.0,4.0,6.0,NA,7.0,0.0,23.75,2.0,3.0,2.0,NA,NA,NA,15.0,96.25,0.0,222.0,0.0,0.0,6.0,NA,0.0
2026-02-05 04:00:00,58.0,71.75,1.0,4.0,6.0,NA,7.0,0.0,23.25,2.0,3.0,2.0,NA,NA,NA,15.0,99.0,0.0,228.75,0.0,0.0,6.0,NA,0.0
2026-02-05 05:00:00,64.25,79.0,1.0,4.0,6.0,NA,7.0,0.0,23.25,2.0,3.0,2.0,NA,NA,NA,15.0,98.0,0.0,255.5,0.0,0.0,6.0,NA,0.0
2026-02-05 06:00:00,71.0,87.75,1.0,4.0,5.0,NA,7.0,0.0,23.0,2.0,3.0,2.0,NA,NA,NA,14.5,NA,0.0,233.5,0.0,0.0,6.0,NA,0.0
2026-02-05 07:00:00,64.25,79.5,1.0,4.0,5.0,NA,7.67,0.0,22.25,2.0,3.0,2.0,NA,NA,NA,14.0,NA,0.0,256.25,0.0,0.0,19.5,NA,0.0
2026-02-05 08:00:00,51.0,63.25,1.0,4.0,5.0,NA,7.0,0.0,22.25,2.0,3.0,2.0,NA,NA,NA,14.25,NA,0.0,234.25,0.0,0.0,88.0,NA,0.0
2026-02-05 09:00:00,50.0,62.75,1.0,4.75,6.0,NA,7.0,0.0,25.75,2.0,3.0,2.0,NA,NA,NA,16.25,87.25,0.0,246.0,0.0,0.0,271.5,NA,0.0
2026-02-05 10:00:00,58.75,72.75,2.0,5.0,6.75,NA,7.25,0.0,29.0,2.0,3.0,2.0,NA,NA,NA,18.5,71.5,0.0,249.0,0.0,0.0,398.0,NA,0.0
2026-02-05 11:00:00,54.75,68.25,2.0,5.75,7.0,NA,NA,0.0,31.25,2.0,3.0,2.0,NA,NA,NA,19.75,61.0,0.0,246.5,0.0,0.0,485.0,NA,0.0
2026-02-05 12:00:00,46.25,57.5,2.0,6.0,8.0,NA,7.75,0.0,33.75,2.0,3.0,2.0,NA,NA,NA,21.0,48.25,0.0,231.5,0.0,0.0,513.25,NA,0.0
2026-02-05 13:00:00,36.25,45.75,2.0,6.0,8.0,NA,7.33,0.0,34.75,2.0,3.0,2.33,NA,NA,NA,22.0,44.0,0.0,243.75,0.0,0.0,480.0,NA,0.0
2026-02-05 14:00:00,28.0,35.25,2.0,6.0,8.0,NA,7.0,0.0,35.25,2.0,3.0,2.0,NA,NA,NA,22.0,42.0,0.0,244.75,0.0,0.0,399.0,NA,0.0
2026-02-05 15:00:00,23.5,30.5,2.0,6.0,8.0,NA,7.0,0.0,35.0,2.0,3.0,2.0,NA,NA,NA,22.0,44.75,0.0,246.5,0.0,0.0,285.5,NA,0.0
2026-02-05 16:00:00,30.75,39.5,2.0,6.0,8.0,NA,7.0,0.0,34.25,2.0,3.0,2.0,NA,NA,NA,21.5,45.25,0.0,242.25,0.0,0.0,119.75,NA,0.0
2026-02-05 17:00:00,28.0,35.75,2.0,6.0,7.0,NA,7.0,0.0,32.0,2.0,3.0,2.0,NA,NA,NA,20.25,50.0,0.0,225.25,0.0,0.0,7.75,NA,0.0
2026-02-05 18:00:00,40.33,50.67,2.0,5.33,7.0,NA,7.0,0.0,30.33,2.0,3.0,2.0,NA,NA,NA,19.33,55.33,0.0,218.67,0.0,0.0,6.0,NA,0.0
2026-02-05 19:00:00,53.5,66.0,2.0,5.0,7.0,NA,7.0,0.0,29.25,2.0,3.0,2.0,NA,NA,NA,18.5,61.25,0.0,222.25,0.0,0.0,6.0,NA,0.0
2026-02-05 20:00:00,79.25,97.5,2.0,5.0,7.0,NA,7.25,0.0,29.0,2.0,3.0,2.0,NA,NA,NA,18.0,64.0,0.0,226.75,0.0,0.0,6.0,NA,0.0
2026-02-05 21:00:00,74.5,91.25,2.0,5.0,7.0,NA,8.0,0.0,28.5,2.0,4.0,3.0,NA,NA,NA,18.0,64.0,0.0,223.25,0.0,0.0,6.0,NA,0.0
2026-02-05 22:00:00,53.25,65.75,1.5,5.0,6.0,NA,8.0,0.0,27.75,2.0,4.0,3.0,NA,NA,NA,17.5,66.5,0.0,217.5,0.0,0.0,6.0,NA,0.0
2026-02-05 23:00:00,55.25,69.0,1.0,5.0,6.0,NA,8.0,0.0,27.0,2.0,4.0,3.0,NA,NA,NA,17.0,69.25,0.0,211.75,0.0,0.0,6.0,NA,0.0
2026-02-06 00:00:00,52.5,65.5,1.0,5.0,6.0,NA,7.25,0.0,27.0,2.0,3.25,2.25,NA,NA,NA,17.0,68.0,0.0,230.0,0.0,0.0,6.0,NA,0.0
2026-02-06 01:00:00,43.5,54.5,1.0,5.0,6.0,NA,7.0,0.0,26.25,2.0,3.0,2.0,NA,NA,NA,17.0,70.25,0.0,220.75,0.0,0.0,6.0,NA,0.0
2026-02-06 02:00:00,41.25,51.25,1.0,5.0,6.0,NA,7.0,0.0,26.0,2.0,3.0,2.0,NA,NA,NA,16.75,68.5,0.0,222.5,0.0,0.0,6.0,NA,0.0
2026-02-06 03:00:00,35.0,44.0,1.0,5.0,6.0,NA,6.67,0.0,25.25,1.33,3.0,2.0,NA,NA,NA,16.0,71.75,0.0,213.5,0.0,0.0,6.0,NA,0.0
2026-02-06 04:00:00,34.75,44.0,1.0,4.5,6.0,NA,6.75,0.0,24.75,1.75,3.0,2.0,NA,NA,NA,15.75,73.5,0.0,229.0,0.0,0.0,6.0,NA,0.0
2026-02-06 05:00:00,33.25,42.25,1.0,4.0,6.0,NA,7.0,0.0,24.0,2.0,3.0,2.0,NA,NA,NA,15.0,75.0,0.0,230.25,0.0,0.0,6.0,NA,0.0
2026-02-06 06:00:00,31.25,39.5,1.0,4.0,6.0,NA,7.0,0.0,24.0,2.0,3.0,2.0,NA,NA,NA,15.0,75.75,0.0,219.75,0.0,0.0,6.0,NA,0.0
2026-02-06 07:00:00,39.25,49.5,1.0,4.25,6.0,NA,7.33,0.0,24.5,2.0,3.0,2.0,NA,NA,NA,15.5,75.75,0.0,219.75,0.0,0.0,32.0,NA,0.0
2026-02-06 08:00:00,56.5,70.25,1.0,5.0,6.0,NA,7.0,0.0,26.5,2.0,3.0,2.0,NA,NA,NA,16.75,68.5,0.0,216.5,0.0,0.0,149.75,NA,0.0
2026-02-06 09:00:00,66.0,81.5,2.0,5.0,6.75,NA,7.0,0.0,29.0,2.0,3.0,2.0,NA,NA,NA,18.5,61.25,0.0,236.25,0.0,0.0,285.75,NA,0.0
2026-02-06 10:00:00,58.25,71.75,2.0,5.5,7.0,NA,7.0,0.0,31.25,2.0,3.0,2.0,NA,NA,NA,19.5,55.75,0.0,246.0,0.0,0.0,394.0,NA,0.0
2026-02-06 11:00:00,52.75,65.75,2.0,6.0,7.25,NA,NA,0.0,33.0,2.0,3.0,2.0,NA,NA,NA,20.75,49.5,0.0,239.75,0.0,0.0,470.75,NA,0.0
2026-02-06 12:00:00,45.0,56.25,2.0,6.0,8.0,NA,7.0,0.0,34.75,2.0,3.0,2.0,NA,NA,NA,21.75,43.75,0.0,240.75,0.0,0.0,506.0,NA,0.0
2026-02-06 13:00:00,34.5,43.75,2.0,6.0,8.0,NA,7.0,0.0,35.5,2.0,3.0,2.0,NA,NA,NA,22.25,38.75,0.0,228.75,0.0,0.0,484.25,NA,0.0
2026-02-06 14:00:00,29.5,37.75,2.0,6.0,8.0,NA,7.25,0.0,36.0,2.0,3.0,2.0,NA,NA,NA,22.5,37.75,0.0,253.75,0.0,0.0,411.5,NA,0.0
2026-02-06 15:00:00,36.0,45.0,2.0,6.0,8.0,NA,8.0,0.0,35.75,2.0,3.67,2.67,NA,NA,NA,22.25,38.5,0.0,261.5,0.0,0.0,292.5,NA,0.0
2026-02-06 16:00:00,36.0,45.25,2.0,6.0,8.0,NA,7.25,0.0,34.75,2.0,3.0,2.0,NA,NA,NA,21.75,41.0,0.0,243.25,0.0,0.0,112.0,NA,0.0
2026-02-06 17:00:00,63.75,78.75,2.0,6.0,7.25,NA,8.0,0.0,33.0,2.0,4.0,3.0,NA,NA,NA,20.5,46.75,0.0,231.5,0.0,0.0,7.5,NA,0.0
2026-02-06 18:00:00,51.0,63.5,2.0,6.0,7.0,NA,8.0,0.0,31.25,2.0,4.0,3.0,NA,NA,NA,20.0,51.5,0.0,227.25,0.0,0.0,6.5,NA,0.0
2026-02-06 19:00:00,57.5,71.25,2.0,5.25,7.0,NA,8.0,0.0,30.5,2.0,4.0,3.0,NA,NA,NA,19.0,56.25,0.0,232.0,0.0,0.0,6.0,NA,0.0
2026-02-06 20:00:00,82.0,100.0,2.0,5.0,7.0,NA,8.0,0.0,29.75,2.0,3.5,2.5,NA,NA,NA,18.75,61.75,0.0,242.25,0.0,0.0,6.0,NA,0.0
2026-02-06 21:00:00,103.25,125.75,2.0,5.0,6.75,NA,8.0,0.0,28.5,2.0,4.0,3.0,NA,NA,NA,18.0,67.25,0.0,200.0,0.0,0.0,6.0,NA,0.0
2026-02-06 22:00:00,126.75,153.25,2.0,5.0,6.0,NA,8.25,0.0,28.0,2.0,4.0,3.0,NA,NA,NA,18.0,70.25,0.0,210.75,0.0,0.0,6.0,NA,0.0
2026-02-06 23:00:00,91.75,112.0,2.0,5.0,6.0,NA,8.0,0.0,28.0,2.0,4.0,3.0,NA,NA,NA,18.0,70.25,0.0,226.25,0.0,0.0,6.0,NA,0.0
2026-02-07 00:00:00,66.0,81.5,1.5,5.0,6.0,NA,7.25,0.0,27.75,2.0,3.25,2.25,NA,NA,NA,17.5,69.75,0.0,251.25,0.0,0.0,6.0,NA,0.0
2026-02-07 01:00:00,50.0,61.5,1.0,5.0,6.0,NA,7.0,0.0,26.5,2.0,3.0,2.0,NA,NA,NA,16.75,75.25,0.0,236.0,0.0,0.0,6.0,NA,0.0
2026-02-07 02:00:00,42.75,53.75,1.0,5.0,6.0,NA,7.0,0.0,26.0,2.0,3.0,2.0,NA,NA,NA,16.25,76.0,0.0,229.25,0.0,0.0,6.0,NA,0.0
2026-02-07 03:00:00,37.75,47.75,1.0,5.0,6.0,NA,7.0,0.0,26.0,2.0,3.0,2.0,NA,NA,NA,16.0,75.25,0.0,242.25,0.0,0.0,6.0,NA,0.0
2026-02-07 04:00:00,35.25,44.25,1.0,5.0,6.0,NA,7.0,0.0,25.5,2.0,3.0,2.0,NA,NA,NA,16.0,77.25,0.0,235.75,0.0,0.0,6.0,NA,0.0
2026-02-07 05:00:00,40.75,51.0,1.0,5.0,6.0,NA,7.0,0.0,25.0,2.0,3.0,2.0,NA,NA,NA,16.0,80.25,0.0,212.25,0.0,0.0,6.0,NA,0.0
2026-02-07 06:00:00,49.0,61.0,1.0,4.25,6.0,NA,7.0,0.0,24.25,2.0,3.0,2.0,NA,NA,NA,15.5,82.25,0.0,221.25,0.0,0.0,6.0,NA,0.0
2026-02-07 07:00:00,52.75,65.5,1.0,4.5,6.0,NA,7.0,0.0,24.75,2.0,3.0,2.0,NA,NA,NA,15.75,81.25,0.0,214.0,0.0,0.0,30.25,NA,0.0
2026-02-07 08:00:00,59.75,73.75,1.0,5.0,6.0,NA,7.0,0.0,26.5,2.0,3.0,2.0,NA,NA,NA,16.75,72.5,0.0,218.0,0.0,0.0,144.25,NA,0.0
2026-02-07 09:00:00,61.0,75.0,2.0,5.0,7.0,NA,7.0,0.0,29.25,2.0,3.0,2.0,NA,NA,NA,18.5,63.25,0.0,243.0,0.0,0.0,284.75,NA,0.0
2026-02-07 10:00:00,53.5,66.75,2.0,5.75,7.0,NA,7.0,0.0,31.5,2.0,3.0,2.0,NA,NA,NA,20.0,56.5,0.0,234.75,0.0,0.0,373.75,NA,0.0
2026-02-07 11:00:00,50.5,62.5,2.0,6.0,8.0,NA,NA,0.0,34.0,2.0,3.5,2.5,NA,NA,NA,21.75,49.75,0.0,242.75,0.0,0.0,398.0,NA,0.0
2026-02-07 12:00:00,46.5,57.75,2.0,6.0,8.0,NA,7.25,0.0,35.5,2.0,3.25,2.25,NA,NA,NA,22.0,46.0,0.0,252.5,0.0,0.0,454.75,NA,0.0
2026-02-07 13:00:00,40.0,50.0,2.0,6.0,8.0,NA,7.0,0.0,36.0,2.0,3.0,2.0,NA,NA,NA,22.75,43.25,0.0,247.5,0.0,0.0,435.25,NA,0.0
2026-02-07 14:00:00,39.75,49.75,2.0,6.0,8.0,NA,7.0,0.0,36.75,2.0,3.0,2.0,NA,NA,NA,23.0,42.25,0.0,232.5,0.0,0.0,401.25,NA,0.0
2026-02-07 15:00:00,40.0,50.0,2.0,6.0,8.0,NA,7.0,0.0,36.0,2.0,3.0,2.0,NA,NA,NA,22.75,43.5,0.0,233.0,0.0,0.0,265.75,NA,0.0
2026-02-07 16:00:00,42.5,53.5,2.0,6.0,8.0,NA,8.0,0.0,35.25,2.0,3.0,2.5,NA,NA,NA,22.25,45.5,0.0,240.0,0.0,0.0,98.75,NA,0.0
2026-02-07 17:00:00,45.0,56.5,2.0,6.0,8.0,NA,7.33,0.0,33.75,2.0,3.33,2.33,NA,NA,NA,21.25,48.5,0.0,227.25,0.0,0.0,12.5,NA,0.0
2026-02-07 18:00:00,47.75,59.75,2.0,6.0,7.0,NA,7.0,0.0,32.25,2.0,3.0,2.0,NA,NA,NA,20.25,53.0,0.0,204.75,0.0,0.0,5.5,NA,0.0
2026-02-07 19:00:00,67.0,82.5,2.0,5.75,7.0,NA,7.0,0.0,31.25,2.0,3.0,2.0,NA,NA,NA,19.75,57.0,0.0,200.0,0.0,0.0,5.0,NA,0.0
2026-02-07 20:00:00,72.5,88.5,2.0,5.0,7.0,NA,7.0,0.0,30.5,2.0,3.0,2.0,NA,NA,NA,19.0,59.5,0.0,220.5,0.0,0.0,6.0,NA,0.0
2026-02-07 21:00:00,71.25,87.25,2.0,5.0,7.0,NA,8.0,0.0,30.0,2.0,3.67,2.67,NA,NA,NA,19.0,61.75,0.0,206.0,0.0,0.0,6.0,NA,0.0
2026-02-07 22:00:00,72.75,89.5,2.0,5.0,7.0,NA,8.0,0.0,30.0,2.0,3.75,2.75,NA,NA,NA,19.0,62.0,0.0,211.25,0.0,0.0,6.0,NA,0.0
2026-02-07 23:00:00,65.25,79.5,2.0,5.0,7.0,NA,8.0,0.0,29.5,2.0,4.0,3.0,NA,NA,NA,19.0,63.0,0.0,207.5,0.0,0.0,6.0,NA,0.0
2026-02-08 00:00:00,68.25,84.0,2.0,5.0,7.0,NA,8.0,0.0,29.0,2.0,4.0,3.0,NA,NA,NA,18.25,63.0,0.0,235.75,0.0,0.0,6.0,NA,0.0
2026-02-08 01:00:00,47.5,59.0,2.0,5.0,6.75,NA,7.0,0.0,28.5,2.0,3.0,2.0,NA,NA,NA,18.0,64.5,0.0,244.75,0.0,0.0,6.0,NA,0.0
2026-02-08 02:00:00,36.0,45.5,1.25,5.0,6.0,NA,7.0,0.0,27.25,2.0,3.0,2.0,NA,NA,NA,17.25,69.75,0.0,234.25,0.0,0.0,6.0,NA,0.0
2026-02-08 03:00:00,35.0,44.0,1.0,5.0,6.0,NA,7.0,0.0,26.25,2.0,3.0,2.0,NA,NA,NA,16.75,75.25,0.0,229.5,0.0,0.0,6.0,NA,0.0
2026-02-08 04:00:00,38.5,48.25,1.0,5.0,6.0,NA,7.0,0.0,26.0,2.0,3.0,2.0,NA,NA,NA,16.0,79.75,0.0,227.5,0.0,0.0,6.0,NA,0.0
2026-02-08 05:00:00,40.75,51.5,1.0,5.0,6.0,NA,7.0,0.0,25.5,2.0,3.0,2.0,NA,NA,NA,16.0,82.75,0.0,229.75,0.0,0.0,6.0,NA,0.0
2026-02-08 06:00:00,46.25,57.5,1.0,5.0,6.0,NA,7.0,0.0,25.0,2.0,3.0,2.0,NA,NA,NA,16.0,85.25,0.0,231.0,0.0,0.0,6.0,NA,0.0
2026-02-08 07:00:00,48.5,60.25,1.0,5.0,6.0,NA,7.0,0.0,25.25,2.0,3.0,2.0,NA,NA,NA,16.0,85.5,0.0,221.0,0.0,0.0,32.75,NA,0.0
2026-02-08 08:00:00,59.25,73.0,1.25,5.0,6.25,NA,7.0,0.0,27.0,2.0,3.0,2.0,NA,NA,NA,17.25,76.75,0.0,235.75,0.0,0.0,149.0,NA,0.0
2026-02-08 09:00:00,65.25,80.25,2.0,5.0,7.0,NA,7.0,0.0,29.25,2.0,3.0,2.0,NA,NA,NA,18.25,69.25,0.0,237.25,0.0,0.0,285.25,NA,0.0
2026-02-08 10:00:00,60.0,74.0,2.0,6.0,7.25,NA,7.75,0.0,32.5,2.0,3.5,2.5,NA,NA,NA,20.75,58.5,0.0,220.5,0.0,0.0,411.0,NA,0.0
2026-02-08 11:00:00,57.25,70.5,2.0,6.0,8.0,NA,NA,0.0,35.25,2.0,3.5,2.5,NA,NA,NA,22.0,42.25,0.0,248.25,0.0,0.0,491.0,NA,0.0
2026-02-08 12:00:00,38.0,47.5,2.0,6.0,8.0,NA,7.25,0.0,37.0,2.0,3.25,2.25,NA,NA,NA,23.0,36.75,0.0,230.75,0.0,0.0,515.25,NA,0.0
2026-02-08 13:00:00,27.25,35.25,2.0,7.0,8.0,NA,7.0,0.0,37.0,2.0,3.0,2.0,NA,NA,NA,23.25,33.5,0.0,239.0,0.0,0.0,501.5,NA,0.0
2026-02-08 14:00:00,32.25,41.5,2.0,6.75,8.0,NA,7.0,0.0,37.0,2.0,3.0,2.0,NA,NA,NA,23.0,34.25,0.0,226.25,0.0,0.0,422.75,NA,0.0
2026-02-08 15:00:00,34.0,43.5,2.0,6.0,8.0,NA,7.0,0.0,37.0,2.0,3.0,2.0,NA,NA,NA,23.0,36.75,0.0,219.5,0.0,0.0,302.75,NA,0.0
2026-02-08 16:00:00,37.5,47.25,2.0,6.0,8.0,NA,7.25,0.0,35.75,2.0,3.25,2.25,NA,NA,NA,22.5,40.0,0.0,240.75,0.0,0.0,113.25,NA,0.0
2026-02-08 17:00:00,33.75,42.75,2.0,6.0,8.0,NA,8.0,0.0,34.25,2.0,3.67,2.67,NA,NA,NA,21.5,44.75,0.0,223.5,0.0,0.0,8.75,NA,0.0
2026-02-08 18:00:00,43.5,54.25,2.0,6.0,7.0,NA,7.25,0.0,32.75,2.0,3.0,2.0,NA,NA,NA,20.5,50.0,0.0,263.25,0.0,0.0,6.0,NA,0.0
2026-02-08 19:00:00,58.5,72.5,2.0,6.0,7.0,NA,7.0,0.0,31.75,2.0,3.0,2.0,NA,NA,NA,20.0,54.0,0.0,262.0,0.0,0.0,5.75,NA,0.0
2026-02-08 20:00:00,74.25,91.25,2.0,5.0,7.0,NA,7.75,0.0,30.5,2.0,3.25,2.25,NA,NA,NA,19.0,59.0,0.0,281.0,0.0,0.0,5.0,NA,0.0
2026-02-08 21:00:00,77.75,95.75,2.0,5.0,7.0,NA,8.0,0.0,29.75,2.0,4.0,3.0,NA,NA,NA,18.75,63.0,0.0,275.75,0.0,0.0,5.0,NA,0.0
2026-02-08 22:00:00,79.75,97.75,2.0,5.0,7.0,NA,7.5,0.0,28.75,2.0,3.25,2.25,NA,NA,NA,18.0,68.25,0.0,269.25,0.0,0.0,5.25,NA,0.0
2026-02-08 23:00:00,95.5,116.0,2.0,5.0,6.75,NA,8.0,0.0,28.0,2.0,4.0,3.0,NA,NA,NA,18.0,70.0,0.0,292.25,0.0,0.0,6.0,NA,0.0
2026-02-09 00:00:00,94.5,115.5,1.75,5.0,6.5,NA,8.0,0.0,28.0,2.0,4.0,3.0,NA,NA,NA,17.75,71.25,0.0,268.0,0.0,0.0,6.0,NA,0.0
2026-02-09 01:00:00,135.5,164.25,1.0,5.0,6.0,NA,8.33,0.0,26.5,2.0,4.0,3.0,NA,NA,NA,17.0,81.25,0.0,233.75,0.0,0.0,6.0,NA,0.0
2026-02-09 02:00:00,122.75,148.25,1.0,5.0,6.0,NA,8.25,0.0,26.0,2.0,4.0,3.0,NA,NA,NA,17.0,82.25,0.0,216.25,0.0,0.0,6.0,NA,0.0
2026-02-09 03:00:00,82.5,100.75,1.0,5.0,6.0,NA,7.0,0.0,25.5,2.0,3.0,2.0,NA,NA,NA,16.0,84.25,0.0,199.75,0.0,0.0,6.0,NA,0.0
2026-02-09 04:00:00,73.5,90.5,1.0,5.0,6.0,NA,7.0,0.0,25.0,2.0,3.0,2.0,NA,NA,NA,16.0,85.25,0.0,199.25,0.0,0.0,6.0,NA,0.0
2026-02-09 05:00:00,62.25,77.0,1.0,5.0,6.0,NA,7.0,0.0,25.0,2.0,3.0,2.0,NA,NA,NA,16.0,85.75,0.0,199.0,0.0,0.0,6.0,NA,0.0
2026-02-09 06:00:00,62.75,77.0,1.0,4.25,6.0,NA,7.0,0.0,24.25,2.0,3.0,2.0,NA,NA,NA,15.5,86.75,0.0,199.0,0.0,0.0,6.0,NA,0.0
2026-02-09 07:00:00,64.75,79.75,1.0,4.75,6.0,NA,7.0,0.0,25.5,2.0,3.0,2.0,NA,NA,NA,16.0,85.75,0.0,199.0,0.0,0.0,33.75,NA,0.0
2026-02-09 08:00:00,87.75,107.0,1.75,5.0,6.75,NA,8.0,0.0,28.75,2.0,3.75,2.75,NA,NA,NA,18.0,70.5,0.0,224.75,0.0,0.0,156.75,NA,0.0
2026-02-09 09:00:00,96.75,117.5,2.0,6.0,7.25,NA,8.0,0.0,32.5,2.0,3.67,3.0,NA,NA,NA,20.5,54.75,0.0,236.25,0.0,0.0,288.5,NA,0.0
2026-02-09 10:00:00,66.5,81.5,2.0,6.0,8.0,NA,7.0,0.0,34.5,2.0,3.0,2.0,NA,NA,NA,21.75,45.75,0.0,194.0,0.0,0.0,394.25,NA,0.0
2026-02-09 11:00:00,43.75,55.0,2.0,6.0,8.0,NA,NA,0.0,35.75,1.0,3.0,2.0,NA,NA,NA,22.75,42.25,0.0,243.0,0.0,0.0,459.0,NA,0.0
2026-02-09 12:00:00,42.75,53.5,2.0,7.0,8.25,NA,6.75,0.0,37.5,1.75,3.0,2.0,NA,NA,NA,23.5,37.25,0.0,219.75,0.0,0.0,480.75,NA,0.0
2026-02-09 13:00:00,41.25,51.25,2.0,6.75,8.25,NA,7.0,0.0,37.5,2.0,3.0,2.0,NA,NA,NA,23.75,34.25,0.0,228.0,0.0,0.0,480.0,NA,0.0
2026-02-09 14:00:00,26.0,34.25,2.0,7.0,8.5,NA,7.0,0.0,38.0,2.0,3.0,2.0,NA,NA,NA,24.0,35.5,0.0,233.75,0.0,0.0,412.25,NA,0.0
2026-02-09 15:00:00,21.5,28.5,2.0,7.0,8.5,NA,7.0,0.0,37.75,2.0,3.0,2.0,NA,NA,NA,24.0,33.25,0.0,226.5,0.0,0.0,294.0,NA,0.0
2026-02-09 16:00:00,21.0,27.75,2.0,6.0,8.0,NA,7.0,0.0,36.5,2.0,3.0,2.0,NA,NA,NA,23.0,36.0,0.0,229.5,0.0,0.0,73.0,NA,0.0
2026-02-09 17:00:00,26.5,34.25,2.0,6.0,8.0,NA,7.0,0.0,34.75,2.0,3.0,2.0,NA,NA,NA,21.75,39.75,0.0,234.25,0.0,0.0,7.5,NA,0.0
2026-02-09 18:00:00,35.75,45.25,2.0,6.0,7.25,NA,7.0,0.0,33.0,2.0,3.0,2.0,NA,NA,NA,20.75,45.5,0.0,215.0,0.0,0.0,5.25,NA,0.0
2026-02-09 19:00:00,49.0,60.75,2.0,6.0,7.0,NA,7.0,0.0,32.0,2.0,3.0,2.0,NA,NA,NA,20.0,49.5,0.0,227.75,0.0,0.0,5.0,NA,0.0
2026-02-09 20:00:00,63.25,77.75,2.0,5.75,7.0,NA,7.25,0.0,31.0,2.0,3.0,2.0,NA,NA,NA,19.75,53.0,0.0,238.75,0.0,0.0,5.0,NA,0.0
2026-02-09 21:00:00,64.5,79.25,2.0,5.0,7.0,NA,8.0,0.0,29.75,2.0,4.0,3.0,NA,NA,NA,18.75,57.0,0.0,260.75,0.0,0.0,5.0,NA,0.0
2026-02-09 22:00:00,65.25,80.75,2.0,5.0,7.0,NA,8.0,0.0,29.0,2.0,4.0,3.0,NA,NA,NA,18.0,60.5,0.0,270.25,0.0,0.0,5.0,NA,0.0
2026-02-09 23:00:00,71.25,87.0,2.0,5.0,7.0,NA,8.67,0.0,28.25,2.0,4.0,3.0,NA,NA,NA,18.0,64.25,0.0,253.5,0.0,0.0,5.0,NA,0.0
2026-02-10 00:00:00,78.0,95.0,1.75,5.0,6.0,NA,7.75,0.0,28.0,2.0,3.5,2.5,NA,NA,NA,17.5,66.5,0.0,224.0,0.0,0.0,5.0,NA,0.0
2026-02-10 01:00:00,66.0,81.25,1.0,5.0,6.0,NA,7.0,0.0,27.0,2.0,3.0,2.0,NA,NA,NA,17.0,69.0,0.0,218.25,0.0,0.0,5.0,NA,0.0
2026-02-10 02:00:00,66.5,82.5,1.0,5.0,6.0,NA,7.0,0.0,26.5,2.0,3.0,2.0,NA,NA,NA,17.0,73.5,0.0,204.25,0.0,0.0,5.0,NA,0.0
2026-02-10 03:00:00,68.0,83.75,1.0,5.0,6.0,NA,7.0,0.0,26.0,2.0,3.0,2.0,NA,NA,NA,16.5,76.25,0.0,232.75,0.0,0.0,5.25,NA,0.0
2026-02-10 04:00:00,65.5,80.5,1.0,5.0,6.0,NA,7.0,0.0,25.5,2.0,3.0,2.0,NA,NA,NA,16.0,79.25,0.0,193.75,0.0,0.0,5.0,NA,0.0
2026-02-10 05:00:00,67.5,83.25,1.0,4.75,6.0,NA,7.0,0.0,25.0,2.0,3.0,2.0,NA,NA,NA,16.0,81.0,0.0,180.75,0.0,0.0,5.25,NA,0.0
2026-02-10 06:00:00,87.0,106.5,1.0,4.75,6.0,NA,7.5,0.0,24.75,2.0,3.0,2.0,NA,NA,NA,15.75,82.5,0.0,119.75,0.0,0.0,5.0,NA,0.0
2026-02-10 07:00:00,78.5,96.0,1.0,4.75,6.0,NA,7.33,0.0,25.0,2.0,3.0,2.0,NA,NA,NA,16.0,81.75,0.0,108.75,0.0,0.0,35.75,NA,0.0
2026-02-10 08:00:00,96.25,117.75,1.75,5.0,6.5,NA,7.25,0.0,28.5,2.0,3.25,2.25,NA,NA,NA,18.0,71.0,0.0,151.5,0.0,0.0,151.5,NA,0.0
2026-02-10 09:00:00,140.0,168.75,2.0,5.75,7.0,NA,8.0,0.0,31.5,2.0,3.33,2.33,NA,NA,NA,20.0,60.25,0.0,233.5,0.0,0.0,282.25,NA,0.0
2026-02-10 10:00:00,139.0,168.25,2.0,6.0,8.0,NA,7.5,0.0,34.75,2.0,3.25,2.5,NA,NA,NA,22.0,48.25,0.0,231.0,0.0,0.0,405.0,NA,0.0
2026-02-10 11:00:00,66.75,81.75,2.0,6.0,8.0,NA,NA,0.0,36.25,2.0,3.5,2.5,NA,NA,NA,22.75,41.5,0.0,219.0,0.0,0.0,454.0,NA,0.0
2026-02-10 12:00:00,58.5,72.25,2.0,6.75,8.0,NA,7.0,0.0,37.5,2.0,3.0,2.0,NA,NA,NA,23.5,37.0,0.0,235.5,0.0,0.0,501.75,NA,0.0
2026-02-10 13:00:00,46.0,57.5,2.0,7.0,8.75,NA,7.0,0.0,39.0,2.0,3.0,2.0,NA,NA,NA,24.5,36.0,0.0,241.5,0.0,0.0,464.75,NA,0.0
2026-02-10 14:00:00,34.5,43.75,2.0,7.0,9.0,NA,7.0,0.0,39.0,2.0,3.0,2.0,NA,NA,NA,24.0,35.5,0.0,230.5,0.0,0.0,393.0,NA,0.0
2026-02-10 15:00:00,35.75,45.25,2.0,7.0,8.5,NA,6.67,0.0,38.5,1.67,3.0,2.0,NA,NA,NA,24.0,36.25,0.0,230.0,0.0,0.0,278.25,NA,0.0
2026-02-10 16:00:00,33.25,42.5,2.0,6.25,8.0,NA,6.75,0.0,36.75,1.75,3.0,2.0,NA,NA,NA,23.0,39.25,0.0,249.0,0.0,0.0,95.25,NA,0.0
2026-02-10 17:00:00,32.0,40.25,2.0,6.0,8.0,NA,7.0,0.0,35.0,2.0,3.0,2.0,NA,NA,NA,21.75,44.75,0.0,250.25,0.0,0.0,8.0,NA,0.0
2026-02-10 18:00:00,42.0,52.75,2.0,6.0,7.75,NA,8.0,0.0,33.25,2.0,4.0,3.0,NA,NA,NA,21.0,50.0,0.0,223.5,0.0,0.0,6.25,NA,0.0
2026-02-10 19:00:00,81.25,99.25,2.0,6.0,7.0,NA,8.0,0.0,32.5,2.0,4.0,3.0,NA,NA,NA,20.5,51.75,0.0,215.75,0.0,0.0,6.0,NA,0.0
2026-02-10 20:00:00,71.25,87.75,2.0,6.0,7.0,NA,8.0,0.0,31.75,2.0,4.0,3.0,NA,NA,NA,20.0,55.5,0.0,226.5,0.0,0.0,5.5,NA,0.0
2026-02-10 21:00:00,70.0,86.5,2.0,5.5,7.0,NA,8.0,0.0,31.0,2.0,4.0,3.0,NA,NA,NA,19.5,58.25,0.0,226.75,0.0,0.0,5.0,NA,0.0
2026-02-10 22:00:00,73.5,89.75,2.0,5.0,7.0,NA,8.0,0.0,30.25,2.0,4.0,3.0,NA,NA,NA,19.0,60.25,0.0,223.25,0.0,0.0,5.0,NA,0.0
2026-02-10 23:00:00,65.25,80.5,2.0,5.0,7.0,NA,8.0,0.0,29.5,2.0,4.0,3.0,NA,NA,NA,19.0,62.25,0.0,209.5,0.0,0.0,6.0,NA,0.0
2026-02-11 00:00:00,65.75,81.5,2.0,5.0,7.0,NA,7.25,0.0,29.0,2.0,3.25,2.25,NA,NA,NA,18.0,66.0,0.0,207.75,0.0,0.0,6.0,NA,0.0
2026-02-11 01:00:00,68.75,84.5,2.0,5.0,7.0,NA,7.0,0.0,28.5,2.0,3.0,2.0,NA,NA,NA,18.0,68.75,0.0,236.0,0.0,0.0,6.0,NA,0.0
2026-02-11 02:00:00,61.0,75.25,2.0,5.0,6.25,NA,7.75,0.0,28.0,2.0,3.75,2.75,NA,NA,NA,18.0,71.0,0.0,238.0,0.0,0.0,6.0,NA,0.0
2026-02-11 03:00:00,57.25,71.0,1.0,5.0,6.0,NA,8.0,0.0,27.75,2.0,4.0,3.0,NA,NA,NA,17.0,73.0,0.0,237.25,0.0,0.0,6.0,NA,0.0
2026-02-11 04:00:00,55.25,68.25,1.0,5.0,6.0,NA,8.0,0.0,27.0,2.0,4.0,3.0,NA,NA,NA,17.0,76.0,0.0,217.75,0.0,0.0,6.0,NA,0.0
2026-02-11 05:00:00,57.75,71.5,1.0,5.0,6.0,NA,8.0,0.0,27.0,2.0,4.0,3.0,NA,NA,NA,17.0,79.25,0.0,237.5,0.0,0.0,6.0,NA,0.0
2026-02-11 06:00:00,64.0,79.0,1.0,5.0,6.0,NA,7.5,0.0,26.0,2.0,3.5,2.5,NA,NA,NA,16.75,81.75,0.0,250.0,0.0,0.0,5.75,NA,0.0
2026-02-11 07:00:00,77.25,94.75,1.0,5.0,6.0,NA,7.67,0.0,26.5,2.0,3.33,2.33,NA,NA,NA,16.75,81.75,0.0,258.5,0.0,0.0,33.0,NA,0.0
2026-02-11 08:00:00,81.25,99.25,2.0,5.0,6.75,NA,8.0,0.0,29.25,2.0,4.0,3.0,NA,NA,NA,18.5,72.0,0.0,302.5,0.0,0.0,142.5,NA,0.0
2026-02-11 09:00:00,85.75,104.75,2.0,5.75,7.25,NA,8.0,0.0,32.25,2.0,4.0,3.0,NA,NA,NA,20.0,61.0,0.0,295.5,0.0,0.0,265.25,NA,0.0
2026-02-11 10:00:00,80.5,98.25,2.0,6.0,8.0,NA,7.5,0.0,34.75,2.0,3.5,2.5,NA,NA,NA,22.0,52.5,0.0,216.75,0.0,0.0,363.0,NA,0.0
2026-02-11 11:00:00,76.5,93.5,2.0,6.25,8.0,NA,NA,0.0,36.25,NA,NA,NA,NA,NA,NA,22.75,48.25,0.0,215.75,0.0,0.0,449.5,NA,0.0
2026-02-11 12:00:00,74.75,91.25,2.0,7.0,8.5,NA,6.5,0.0,38.0,1.5,3.0,2.0,NA,NA,NA,24.0,43.75,0.0,229.75,0.0,0.0,497.25,NA,0.0
2026-02-11 13:00:00,55.0,68.5,2.0,7.0,8.5,NA,6.67,0.0,38.0,1.33,3.0,2.0,NA,NA,NA,24.0,41.75,0.0,227.0,0.0,0.0,466.25,NA,0.0
2026-02-11 14:00:00,42.5,53.75,2.0,7.0,9.0,NA,7.5,0.0,38.5,1.75,3.5,2.5,NA,NA,NA,24.0,38.0,0.0,243.75,0.0,0.0,394.5,NA,0.0
2026-02-11 15:00:00,37.5,47.75,2.0,7.0,9.0,NA,8.0,0.0,38.5,2.0,4.0,3.0,NA,NA,NA,24.0,39.5,0.0,242.25,0.0,0.0,262.0,NA,0.0
2026-02-11 16:00:00,40.5,50.5,2.0,6.75,8.0,NA,8.0,0.0,37.5,2.0,4.0,3.0,NA,NA,NA,23.5,40.0,0.0,257.75,0.0,0.0,92.0,NA,0.0
2026-02-11 17:00:00,39.5,50.0,2.0,6.0,8.0,NA,8.0,0.0,35.5,2.0,4.0,3.0,NA,NA,NA,22.5,44.0,0.0,249.5,0.0,0.0,9.0,NA,0.0
2026-02-11 18:00:00,46.25,57.75,2.0,6.0,8.0,NA,8.0,0.0,34.25,2.0,4.0,3.0,NA,NA,NA,21.5,50.25,0.0,236.75,0.0,0.0,5.25,NA,0.0
2026-02-11 19:00:00,69.75,85.25,2.0,6.0,7.25,NA,8.0,0.0,33.0,2.0,4.0,3.0,NA,NA,NA,21.0,54.5,0.0,247.0,0.0,0.0,5.0,NA,0.0
2026-02-11 20:00:00,92.0,112.5,2.0,6.0,7.0,NA,8.0,0.0,32.0,2.0,4.0,3.0,NA,NA,NA,20.0,59.0,0.0,224.0,0.0,0.0,6.75,NA,0.0
2026-02-11 21:00:00,99.25,120.25,2.0,6.0,7.0,NA,9.0,0.0,31.25,2.0,4.0,3.0,NA,NA,NA,20.0,62.75,0.0,244.75,0.0,0.0,7.0,NA,0.0
2026-02-11 22:00:00,100.0,121.0,2.0,5.0,7.0,NA,8.25,0.0,30.5,2.0,4.0,3.0,NA,NA,NA,19.0,68.75,0.0,249.0,0.0,0.0,7.0,NA,0.0
2026-02-11 23:00:00,94.0,115.0,2.0,5.0,7.0,NA,8.0,0.0,29.5,2.0,4.0,3.0,NA,NA,NA,18.5,73.25,0.0,205.0,0.0,0.0,7.0,NA,0.0
2026-02-12 00:00:00,88.0,108.0,2.0,5.0,7.0,NA,9.0,0.0,29.0,2.0,4.0,3.0,NA,NA,NA,18.0,75.0,0.0,204.0,0.0,0.0,7.0,NA,0.0
2026-02-12 01:00:00,NA,NA,NA,NA,NA,NA,NA,NA,NA,NA,NA,NA,NA,NA,NA,NA,NA,NA,NA,NA,NA,NA,NA,NA
2026-02-12 02:00:00,NA,NA,NA,NA,NA,NA,NA,NA,NA,NA,NA,NA,NA,NA,NA,NA,NA,NA,NA,NA,NA,NA,NA,NA
2026-02-12 03:00:00,NA,NA,NA,NA,NA,NA,NA,NA,NA,NA,NA,NA,NA,NA,NA,NA,NA,NA,NA,NA,NA,NA,NA,NA
2026-02-12 04:00:00,NA,NA,NA,NA,NA,NA,NA,NA,NA,NA,NA,NA,NA,NA,NA,NA,NA,NA,NA,NA,NA,NA,NA,NA
2026-02-12 05:00:00,NA,NA,NA,NA,NA,NA,NA,NA,NA,NA,NA,NA,NA,NA,NA,NA,NA,NA,NA,NA,NA,NA,NA,NA
2026-02-12 06:00:00,NA,NA,NA,NA,NA,NA,NA,NA,NA,NA,NA,NA,NA,NA,NA,NA,NA,NA,NA,NA,NA,NA,NA,NA
2026-02-12 07:00:00,NA,NA,NA,NA,NA,NA,NA,NA,NA,NA,NA,NA,NA,NA,NA,NA,NA,NA,NA,NA,NA,NA,NA,NA
2026-02-12 08:00:00,NA,NA,NA,NA,NA,NA,NA,NA,NA,NA,NA,NA,NA,NA,NA,NA,NA,NA,NA,NA,NA,NA,NA,NA
2026-02-12 09:00:00,75.5,140.5,2.0,6.0,7.0,NA,NA,0.0,32.0,NA,NA,NA,NA,NA,NA,20.0,61.5,0.0,229.5,0.0,0.0,357.0,NA,0.0
2026-02-12 10:00:00,80.25,160.75,2.0,6.0,7.5,NA,7.5,0.0,33.5,2.0,3.5,2.5,NA,NA,NA,21.25,56.5,0.0,230.75,0.0,0.0,435.75,NA,0.0
2026-02-12 11:00:00,75.0,115.25,2.0,6.0,8.0,NA,6.5,0.0,35.25,1.5,3.0,2.0,NA,NA,NA,22.0,50.75,0.0,225.75,0.0,0.0,498.0,NA,0.0
2026-02-12 12:00:00,64.25,94.25,2.0,6.75,8.0,NA,7.75,0.0,37.75,2.0,3.75,2.75,NA,NA,NA,23.75,43.25,0.0,233.25,0.0,0.0,530.25,NA,0.0
2026-02-12 13:00:00,53.25,78.75,2.0,7.0,8.5,NA,8.33,0.0,38.5,2.0,4.0,3.0,NA,NA,NA,24.0,39.25,0.0,258.25,0.0,0.0,497.0,NA,0.0
2026-02-12 14:00:00,45.75,68.25,2.0,7.0,9.0,NA,8.0,0.0,38.75,2.0,4.0,3.0,NA,NA,NA,24.0,36.5,0.0,234.25,0.0,0.0,415.0,NA,0.0
2026-02-12 15:00:00,45.75,68.0,2.0,7.0,9.0,NA,7.33,0.0,38.5,2.0,3.33,2.33,NA,NA,NA,24.0,36.0,0.0,235.75,0.0,0.0,292.5,NA,0.0
2026-02-12 16:00:00,42.5,63.75,2.0,6.5,8.0,NA,8.0,0.0,37.0,2.0,3.75,2.75,NA,NA,NA,23.25,37.5,0.0,246.0,0.0,0.0,104.75,NA,0.0
2026-02-12 17:00:00,35.0,53.5,2.0,6.0,8.0,NA,9.0,0.0,35.5,2.0,4.0,3.0,NA,NA,NA,22.5,38.75,0.0,273.25,0.0,0.0,14.25,NA,0.0
2026-02-12 18:00:00,38.0,57.75,2.0,6.0,8.0,NA,8.5,0.0,33.75,2.0,4.0,3.0,NA,NA,NA,21.25,42.25,0.0,250.75,0.0,0.0,6.0,NA,0.0
2026-02-12 19:00:00,58.75,86.25,2.0,6.0,7.25,NA,8.0,0.0,32.75,2.0,4.0,3.0,NA,NA,NA,20.75,45.5,0.0,243.0,0.0,0.0,5.75,NA,0.0
2026-02-12 20:00:00,66.25,97.0,2.0,6.0,7.0,NA,8.5,0.0,32.0,2.0,4.0,3.0,NA,NA,NA,20.0,49.25,0.0,262.75,0.0,0.0,6.0,NA,0.0
2026-02-12 21:00:00,75.0,109.0,2.0,6.0,7.0,NA,9.33,0.0,31.0,2.0,4.0,3.0,NA,NA,NA,19.75,52.5,0.0,262.75,0.0,0.0,5.5,NA,0.0
2026-02-12 22:00:00,93.33,134.0,2.0,5.0,7.0,NA,9.33,0.0,30.33,2.0,4.0,3.0,NA,NA,NA,19.0,56.0,0.0,205.67,0.0,0.0,5.33,NA,0.0
2026-02-12 23:00:00,95.25,137.25,2.0,5.0,7.0,NA,9.0,0.0,29.75,2.0,4.0,3.0,NA,NA,NA,19.0,59.5,0.0,206.25,0.0,0.0,5.25,NA,0.0
2026-02-13 00:00:00,94.5,135.5,2.0,5.0,7.0,NA,8.5,0.0,29.0,2.0,4.0,3.0,NA,NA,NA,18.25,61.75,0.0,230.25,0.0,0.0,5.5,NA,0.0
2026-02-13 01:00:00,66.75,97.5,2.0,5.0,7.0,NA,8.0,0.0,28.5,2.0,4.0,3.0,NA,NA,NA,18.0,63.5,0.0,224.5,0.0,0.0,6.0,NA,0.0
2026-02-13 02:00:00,58.0,85.5,2.0,5.0,6.0,NA,8.0,0.0,28.0,2.0,4.0,3.0,NA,NA,NA,18.0,65.0,0.0,232.25,0.0,0.0,6.0,NA,0.0
2026-02-13 03:00:00,56.75,83.5,1.5,5.0,6.0,NA,8.0,0.0,27.75,2.0,4.0,3.0,NA,NA,NA,17.5,62.25,0.0,223.0,0.0,0.0,6.0,NA,0.0
2026-02-13 04:00:00,47.25,70.75,1.0,5.0,6.0,NA,8.5,0.0,27.0,2.0,4.0,3.0,NA,NA,NA,17.0,64.0,0.0,240.0,0.0,0.0,6.0,NA,0.0
2026-02-13 05:00:00,45.0,67.75,1.0,5.0,6.0,NA,8.33,0.0,26.0,2.0,4.0,3.0,NA,NA,NA,16.75,67.5,0.0,232.25,0.0,0.0,6.0,NA,0.0
2026-02-13 06:00:00,46.75,70.5,1.0,5.0,6.0,NA,8.0,0.0,26.0,2.0,4.0,3.0,NA,NA,NA,16.0,71.25,0.0,206.75,0.0,0.0,6.0,NA,0.0
2026-02-13 07:00:00,89.25,128.25,1.0,5.0,6.0,NA,8.0,0.0,26.25,2.0,4.0,3.0,NA,NA,NA,16.5,70.75,0.0,212.75,0.0,0.0,64.0,NA,0.0
2026-02-13 08:00:00,87.0,125.75,2.0,5.0,7.0,NA,8.75,0.0,29.0,2.0,4.0,3.0,NA,NA,NA,18.25,63.25,0.0,226.75,0.0,0.0,169.5,NA,0.0
2026-02-13 09:00:00,86.0,123.5,2.0,5.75,7.0,NA,9.0,0.0,31.75,2.0,4.0,3.0,NA,NA,NA,19.75,56.5,0.0,233.0,0.0,0.0,323.75,NA,0.0
2026-02-13 10:00:00,73.0,105.75,2.0,6.0,8.0,NA,8.75,0.0,33.75,2.0,4.0,3.0,NA,NA,NA,21.25,52.0,0.0,226.25,0.0,0.0,401.0,NA,0.0
2026-02-13 11:00:00,69.25,101.25,2.0,6.0,8.0,NA,NA,0.0,34.25,NA,NA,NA,NA,NA,NA,22.0,49.25,0.0,239.75,0.0,0.0,442.75,NA,0.0
2026-02-13 12:00:00,52.5,78.25,2.0,6.0,8.0,NA,8.25,0.0,36.25,2.0,4.0,3.0,NA,NA,NA,23.0,40.5,0.0,236.0,0.0,0.0,507.5,NA,0.0
2026-02-13 13:00:00,38.75,58.5,2.0,7.0,8.0,NA,8.0,0.0,37.5,2.0,4.0,3.0,NA,NA,NA,23.5,35.5,0.0,223.75,0.0,0.0,507.25,NA,0.0
2026-02-13 14:00:00,32.75,50.75,2.0,7.0,8.0,NA,8.0,0.0,37.5,2.0,4.0,3.0,NA,NA,NA,23.75,34.75,0.0,236.75,0.0,0.0,385.5,NA,0.0
2026-02-13 15:00:00,34.0,52.75,2.0,6.75,8.0,NA,8.33,0.0,37.25,2.0,4.0,3.0,NA,NA,NA,23.5,35.75,0.0,243.0,0.0,0.0,291.0,NA,0.0
2026-02-13 16:00:00,36.75,56.5,2.0,6.0,8.0,NA,9.0,0.0,36.5,2.0,4.0,3.0,NA,NA,NA,23.0,36.75,0.0,236.0,0.0,0.0,110.25,NA,0.0
2026-02-13 17:00:00,31.75,49.0,2.0,6.0,8.0,NA,9.0,0.0,34.75,2.0,4.0,3.0,NA,NA,NA,21.75,40.0,0.0,233.0,0.0,0.0,21.0,NA,0.0
2026-02-13 18:00:00,47.25,70.25,2.0,6.0,7.5,NA,8.75,0.0,33.25,2.0,4.0,3.0,NA,NA,NA,21.0,44.5,0.0,240.0,0.0,0.0,6.5,NA,0.0
2026-02-13 19:00:00,66.5,97.25,2.0,6.0,7.0,NA,9.0,0.0,32.0,2.0,4.0,3.0,NA,NA,NA,20.0,48.25,0.0,232.5,0.0,0.0,6.0,NA,0.0
2026-02-13 20:00:00,79.5,114.5,2.0,6.0,7.0,NA,9.0,0.0,31.0,2.0,4.0,3.0,NA,NA,NA,20.0,51.5,0.0,234.75,0.0,0.0,6.0,NA,0.0
2026-02-13 21:00:00,75.0,109.0,2.0,5.25,7.0,NA,9.33,0.0,30.75,2.0,4.0,3.0,NA,NA,NA,19.0,53.75,0.0,228.0,0.0,0.0,6.0,NA,0.0
2026-02-13 22:00:00,70.5,102.75,2.0,5.0,7.0,NA,9.25,0.0,30.0,2.0,4.0,3.0,NA,NA,NA,19.0,56.5,0.0,242.0,0.0,0.0,5.75,NA,0.0
2026-02-13 23:00:00,71.75,104.5,2.0,5.0,7.0,NA,9.0,0.0,29.5,2.0,4.0,3.0,NA,NA,NA,18.75,58.75,0.0,230.0,0.0,0.0,5.75,NA,0.0
2026-02-14 00:00:00,75.5,110.0,2.0,5.0,7.0,NA,9.0,0.0,29.0,2.0,4.0,3.0,NA,NA,NA,18.0,60.25,0.0,252.0,0.0,0.0,5.75,NA,0.0
2026-02-14 01:00:00,64.75,95.25,2.0,5.0,6.75,NA,8.67,0.0,28.25,2.0,4.0,3.0,NA,NA,NA,18.0,63.0,0.0,239.0,0.0,0.0,6.0,NA,0.0
2026-02-14 02:00:00,75.0,108.5,1.75,5.0,6.0,NA,8.75,0.0,28.0,2.0,4.0,3.0,NA,NA,NA,17.5,65.5,0.0,243.5,0.0,0.0,6.0,NA,0.0
2026-02-14 03:00:00,67.5,98.25,1.0,5.0,6.0,NA,8.0,0.0,27.5,2.0,4.0,3.0,NA,NA,NA,17.0,66.5,0.0,213.25,0.0,0.0,6.0,NA,0.0
2026-02-14 04:00:00,97.25,138.75,1.0,5.0,6.0,NA,9.0,0.0,27.0,2.0,4.0,3.0,NA,NA,NA,17.0,69.5,0.0,225.25,0.0,0.0,6.0,NA,0.0
2026-02-14 05:00:00,69.75,101.25,1.0,5.0,6.0,NA,9.0,0.0,26.75,2.0,4.0,3.0,NA,NA,NA,17.0,69.75,0.0,233.25,0.0,0.0,6.0,NA,0.0
2026-02-14 06:00:00,49.25,73.25,1.0,5.0,6.0,NA,9.0,0.0,26.0,2.0,4.0,3.0,NA,NA,NA,17.0,70.75,0.0,223.25,0.0,0.0,6.0,NA,0.0
2026-02-14 07:00:00,55.75,82.25,1.0,5.0,6.0,NA,9.0,0.0,26.5,2.0,4.0,3.0,NA,NA,NA,16.75,70.5,0.0,214.5,0.0,0.0,48.0,NA,0.0
2026-02-14 08:00:00,74.5,107.75,2.0,5.0,6.75,NA,8.75,0.0,29.5,2.0,4.0,3.0,NA,NA,NA,18.5,63.0,0.0,238.5,0.0,0.0,181.75,NA,0.0
2026-02-14 09:00:00,82.25,119.0,2.0,6.0,7.25,NA,9.0,0.0,32.25,2.0,4.0,3.0,NA,NA,NA,20.25,54.75,0.0,218.75,0.0,0.0,321.25,NA,0.0
2026-02-14 10:00:00,82.25,119.0,2.0,6.0,8.0,NA,9.0,0.0,34.75,2.0,4.0,3.0,NA,NA,NA,22.0,48.75,0.0,227.0,0.0,0.0,434.0,NA,0.0
2026-02-14 11:00:00,76.75,111.25,2.0,6.0,8.0,NA,NA,0.0,36.5,NA,NA,NA,NA,NA,NA,22.75,46.5,0.0,230.25,0.0,0.0,502.75,NA,0.0
2026-02-14 12:00:00,68.25,99.5,2.0,6.75,8.0,NA,9.0,0.0,37.5,2.0,4.0,3.0,NA,NA,NA,23.75,42.0,0.0,246.0,0.0,0.0,518.5,NA,0.0
2026-02-14 13:00:00,52.33,77.33,2.0,7.0,8.33,NA,9.0,0.0,38.0,2.0,4.0,3.0,NA,NA,NA,24.0,39.33,0.0,240.0,0.0,0.0,509.33,NA,0.0
2026-02-14 14:00:00,48.25,72.25,2.0,7.0,8.75,NA,9.0,0.0,38.25,2.0,4.0,3.0,NA,NA,NA,24.0,38.75,0.0,231.0,0.0,0.0,425.25,NA,0.0
2026-02-14 15:00:00,46.5,69.5,2.0,7.0,8.25,NA,9.0,0.0,38.0,2.0,4.0,3.0,NA,NA,NA,24.0,39.75,0.0,235.75,0.0,0.0,296.25,NA,0.0
2026-02-14 16:00:00,45.25,67.5,2.0,6.5,8.0,NA,9.0,0.0,36.75,2.0,4.0,3.0,NA,NA,NA,23.25,41.0,0.0,238.25,0.0,0.0,88.75,NA,0.0
2026-02-14 17:00:00,46.75,69.5,2.0,6.0,8.0,NA,9.0,0.0,35.5,2.0,4.0,3.0,NA,NA,NA,22.25,42.75,0.0,244.75,0.0,0.0,8.75,NA,0.0
2026-02-14 18:00:00,48.0,71.75,2.0,6.0,8.0,NA,9.0,0.0,33.75,2.0,4.0,3.0,NA,NA,NA,21.25,47.0,0.0,229.25,0.0,0.0,6.0,NA,0.0
2026-02-14 19:00:00,68.5,99.75,2.0,6.0,7.25,NA,10.0,0.0,33.0,2.33,5.0,3.0,NA,NA,NA,21.0,49.5,0.0,231.75,0.0,0.0,6.0,NA,0.0
2026-02-14 20:00:00,72.0,104.75,2.0,6.0,7.0,NA,10.25,0.0,32.0,2.5,5.0,3.25,NA,NA,NA,20.0,52.0,0.0,232.5,0.0,0.0,6.0,NA,0.0
2026-02-14 21:00:00,91.0,130.25,2.0,5.75,7.0,NA,10.0,0.0,31.0,3.0,5.0,3.0,NA,NA,NA,19.5,55.0,0.0,202.25,0.0,0.0,6.0,NA,0.0
2026-02-14 22:00:00,111.25,158.25,2.0,5.0,7.0,NA,9.25,0.0,30.5,2.0,4.25,3.0,NA,NA,NA,19.0,56.25,0.0,224.0,0.0,0.0,6.0,NA,0.0
2026-02-14 23:00:00,89.75,129.5,2.0,5.0,7.0,NA,9.0,0.0,29.75,2.0,4.0,3.0,NA,NA,NA,19.0,59.25,0.0,208.25,0.0,0.0,6.0,NA,0.0
2026-02-15 00:00:00,87.75,126.0,2.0,5.0,7.0,NA,9.0,0.0,29.0,2.0,4.0,3.0,NA,NA,NA,18.25,61.25,0.0,219.5,0.0,0.0,6.0,NA,0.0
2026-02-15 01:00:00,80.5,116.5,2.0,5.0,7.0,NA,9.0,0.0,29.0,2.0,4.0,3.0,NA,NA,NA,18.0,62.25,0.0,223.5,0.0,0.0,6.0,NA,0.0
2026-02-15 02:00:00,85.75,123.75,2.0,5.0,7.0,NA,8.75,0.0,28.0,2.0,4.0,3.0,NA,NA,NA,18.0,63.75,0.0,231.5,0.0,0.0,6.0,NA,0.0
2026-02-15 03:00:00,69.5,100.75,1.75,5.0,6.0,NA,8.0,0.0,28.0,2.0,4.0,3.0,NA,NA,NA,17.75,66.0,0.0,219.0,0.0,0.0,6.0,NA,0.0
2026-02-15 04:00:00,89.75,129.25,1.0,5.0,6.0,NA,8.75,0.0,27.0,2.0,4.0,3.0,NA,NA,NA,17.0,67.25,0.0,227.25,0.0,0.0,6.0,NA,0.0
2026-02-15 05:00:00,59.25,87.5,1.0,5.0,6.0,NA,9.0,0.0,27.0,2.0,4.0,3.0,NA,NA,NA,17.0,69.0,0.0,221.75,0.0,0.0,6.0,NA,0.0
2026-02-15 06:00:00,55.0,81.0,1.0,5.0,6.0,NA,9.0,0.0,27.0,2.0,4.0,3.0,NA,NA,NA,17.0,70.75,0.0,224.75,0.0,0.0,6.0,NA,0.0
2026-02-15 07:00:00,58.25,85.25,1.0,5.0,6.0,NA,9.0,0.0,27.0,2.0,4.0,3.0,NA,NA,NA,17.0,73.0,0.0,236.0,0.0,0.0,46.5,NA,0.0
2026-02-15 08:00:00,90.25,130.25,2.0,5.0,6.75,NA,9.0,0.0,29.5,2.0,4.0,3.0,NA,NA,NA,18.5,65.5,0.0,202.5,0.0,0.0,177.0,NA,0.0
2026-02-15 09:00:00,100.0,143.0,2.0,6.0,7.25,NA,9.33,0.0,32.5,2.0,4.0,3.0,NA,NA,NA,20.5,56.5,0.0,215.75,0.0,0.0,314.25,NA,0.0
2026-02-15 10:00:00,84.5,122.25,2.0,6.0,8.0,NA,8.5,0.0,35.5,2.0,4.0,3.0,NA,NA,NA,22.5,50.75,0.0,215.0,0.0,0.0,429.0,NA,0.0
2026-02-15 11:00:00,73.25,106.0,2.0,6.5,8.0,NA,NA,0.0,37.25,NA,NA,NA,NA,NA,NA,23.25,45.5,0.0,214.5,0.0,0.0,500.5,NA,0.0
2026-02-15 12:00:00,68.5,100.5,2.0,7.0,8.5,NA,8.75,0.0,38.0,2.0,4.0,3.0,NA,NA,NA,24.0,42.75,0.0,217.25,0.0,0.0,520.75,NA,0.0
2026-02-15 13:00:00,63.0,92.25,2.0,7.0,9.0,NA,9.0,0.0,38.75,2.0,4.0,3.0,NA,NA,NA,24.5,41.5,0.0,233.0,0.0,0.0,502.25,NA,0.0
2026-02-15 14:00:00,51.75,76.5,2.0,7.0,9.0,NA,9.0,0.0,40.0,2.0,4.0,3.0,NA,NA,NA,25.0,39.75,0.0,225.5,0.0,0.0,415.75,NA,0.0
2026-02-15 15:00:00,45.5,68.0,2.0,7.0,9.0,NA,9.0,0.0,39.0,2.0,4.0,3.0,NA,NA,NA,24.25,40.75,0.0,240.0,0.0,0.0,286.5,NA,0.0
2026-02-15 16:00:00,39.75,60.0,2.0,7.0,8.25,NA,9.0,0.0,37.75,2.0,4.0,3.0,NA,NA,NA,23.75,42.5,0.0,240.75,0.0,0.0,85.75,NA,0.0
2026-02-15 17:00:00,43.5,66.0,2.0,6.25,8.0,NA,10.0,0.0,36.5,2.0,4.0,3.0,NA,NA,NA,22.75,46.0,0.0,235.25,0.0,0.0,10.0,NA,0.0
2026-02-15 18:00:00,57.0,83.5,2.0,6.0,8.0,NA,9.25,0.0,35.0,2.0,4.0,3.0,NA,NA,NA,22.0,50.0,0.0,221.25,0.0,0.0,6.0,NA,0.0
2026-02-15 19:00:00,80.75,116.5,2.0,6.0,8.0,NA,10.0,0.0,34.0,2.33,5.0,3.0,NA,NA,NA,21.25,54.0,0.0,244.0,0.0,0.0,6.0,NA,0.0
2026-02-15 20:00:00,77.0,112.25,2.0,6.0,7.25,NA,10.25,0.0,32.5,2.25,5.0,3.25,NA,NA,NA,20.5,59.0,0.0,234.5,0.0,0.0,6.0,NA,0.0
2026-02-15 21:00:00,107.75,153.5,2.0,6.0,7.0,NA,10.0,0.0,31.5,2.33,5.0,3.0,NA,NA,NA,19.75,64.5,0.0,281.25,0.0,0.0,6.0,NA,0.0
2026-02-15 22:00:00,113.25,161.75,2.0,5.0,7.0,NA,10.0,0.0,30.5,2.5,5.0,3.0,NA,NA,NA,19.0,69.75,0.0,325.25,0.0,0.0,6.0,NA,0.0
2026-02-15 23:00:00,100.0,143.5,2.0,5.0,7.0,NA,10.0,0.0,30.0,2.33,5.0,3.0,NA,NA,NA,19.0,73.5,0.0,311.0,0.0,0.0,6.0,NA,0.0
2026-02-16 00:00:00,92.0,132.0,2.0,5.0,7.0,NA,9.25,0.0,30.0,2.0,4.25,3.0,NA,NA,NA,19.0,72.5,0.0,244.5,0.0,0.0,6.0,NA,0.0
2026-02-16 01:00:00,86.0,124.0,2.0,5.0,7.0,NA,9.0,0.0,29.0,2.0,4.0,3.0,NA,NA,NA,18.0,76.75,0.0,224.0,0.0,0.0,6.0,NA,0.0
2026-02-16 02:00:00,67.5,98.5,2.0,5.0,6.5,NA,9.0,0.0,28.0,2.0,4.0,3.0,NA,NA,NA,18.0,81.25,0.0,291.0,0.0,0.0,6.0,NA,0.0
2026-02-16 03:00:00,69.0,100.5,1.5,5.0,6.0,NA,9.0,0.0,27.75,2.0,4.0,3.0,NA,NA,NA,17.25,82.75,0.0,303.0,0.0,0.0,6.0,NA,0.0
2026-02-16 04:00:00,61.25,89.75,1.0,5.0,6.0,NA,9.0,0.0,27.5,2.0,4.0,3.0,NA,NA,NA,17.0,82.75,0.0,251.5,0.0,0.0,6.0,NA,0.0
2026-02-16 05:00:00,55.75,82.75,1.0,5.0,6.0,NA,9.0,0.0,27.0,2.0,4.0,3.0,NA,NA,NA,17.0,83.75,0.0,283.75,0.0,0.0,6.0,NA,0.0
2026-02-16 06:00:00,71.5,103.75,1.0,5.0,6.0,NA,9.0,0.0,27.0,2.0,4.0,3.0,NA,NA,NA,17.0,84.0,0.0,242.0,0.0,0.0,6.0,NA,0.0
2026-02-16 07:00:00,73.25,106.25,1.25,5.0,6.25,NA,9.33,0.0,27.5,2.0,4.0,3.0,NA,NA,NA,17.25,81.75,0.0,204.5,0.0,0.0,49.75,NA,0.0
2026-02-16 08:00:00,100.75,144.25,2.0,5.5,7.0,NA,10.0,0.0,31.25,2.0,4.25,3.0,NA,NA,NA,19.75,67.25,0.0,222.25,0.0,0.0,195.25,NA,0.0
2026-02-16 09:00:00,95.25,136.5,2.0,6.0,8.0,NA,10.0,0.0,35.5,2.0,4.67,3.0,NA,NA,NA,22.25,53.0,0.0,216.5,0.0,0.0,342.75,NA,0.0
2026-02-16 10:00:00,75.75,109.75,2.0,6.75,8.0,NA,9.0,0.0,37.25,2.0,4.0,3.0,NA,NA,NA,23.25,48.0,0.0,224.5,0.0,0.0,439.0,NA,0.0
2026-02-16 11:00:00,76.5,110.5,2.0,7.0,9.0,NA,NA,0.0,39.0,NA,NA,NA,NA,NA,NA,24.25,44.5,0.0,217.25,0.0,0.0,509.25,NA,0.0
2026-02-16 12:00:00,71.75,104.25,2.0,7.0,9.0,NA,9.0,0.0,39.75,2.0,4.0,3.0,NA,NA,NA,25.0,40.0,0.0,230.5,0.0,0.0,548.75,NA,0.0
2026-02-16 13:00:00,57.0,84.0,2.0,7.0,9.0,NA,8.33,0.0,40.5,2.0,4.0,3.0,NA,NA,NA,25.25,36.75,0.0,236.75,0.0,0.0,514.0,NA,0.0
2026-02-16 14:00:00,45.5,68.0,2.0,7.0,9.0,NA,8.75,0.0,40.75,2.0,4.0,3.0,NA,NA,NA,25.5,34.5,0.0,227.75,0.0,0.0,444.0,NA,0.0
2026-02-16 15:00:00,38.75,58.75,2.0,7.0,9.0,NA,9.0,0.0,41.0,2.0,4.0,3.0,NA,NA,NA,25.75,33.25,0.0,219.0,0.0,0.0,305.5,NA,0.0
2026-02-16 16:00:00,33.5,51.75,2.0,7.0,9.0,NA,9.5,0.0,39.5,2.0,4.25,3.0,NA,NA,NA,24.75,34.5,0.0,229.5,0.0,0.0,79.75,NA,0.0
2026-02-16 17:00:00,42.5,64.0,2.0,6.75,8.25,NA,10.0,0.0,37.75,2.0,5.0,3.0,NA,NA,NA,23.75,34.5,0.0,246.75,0.0,0.0,7.25,NA,0.0
2026-02-16 18:00:00,46.75,69.5,2.0,6.0,8.0,NA,10.0,0.0,35.75,2.0,5.0,3.0,NA,NA,NA,22.5,37.75,0.0,247.75,0.0,0.0,7.0,NA,0.0
2026-02-16 19:00:00,56.5,83.75,2.0,6.0,8.0,NA,10.0,0.0,34.75,3.0,5.0,3.0,NA,NA,NA,22.0,42.25,0.0,275.75,0.0,0.0,6.0,NA,0.0
2026-02-16 20:00:00,63.25,93.0,2.0,6.0,7.75,NA,10.0,0.0,33.75,2.5,4.75,3.0,NA,NA,NA,21.25,46.25,0.0,296.75,0.0,0.0,6.0,NA,0.0
2026-02-16 21:00:00,98.75,141.75,2.0,6.0,7.0,NA,10.0,0.0,32.5,3.0,5.0,3.0,NA,NA,NA,20.5,50.0,0.0,286.5,0.0,0.0,6.0,NA,0.0
2026-02-16 22:00:00,192.75,270.75,2.0,6.0,7.0,NA,10.25,0.0,31.25,2.25,4.75,3.25,NA,NA,NA,20.0,55.0,0.0,299.75,0.0,0.0,6.0,NA,0.0
2026-02-16 23:00:00,206.25,289.5,2.0,5.25,7.0,NA,11.0,0.0,30.75,3.0,5.0,3.67,NA,NA,NA,19.25,59.75,0.0,282.75,0.0,0.0,6.0,NA,0.0
2026-02-17 00:00:00,192.25,270.25,2.0,5.0,7.0,NA,10.5,0.0,30.0,2.25,4.75,3.25,NA,NA,NA,19.0,62.5,0.0,280.5,0.0,0.0,5.75,NA,0.0
2026-02-17 01:00:00,149.25,210.5,2.0,5.0,7.0,NA,10.0,0.0,29.25,2.0,4.67,3.0,NA,NA,NA,18.5,64.5,0.0,290.75,0.0,0.0,6.0,NA,0.0
2026-02-17 02:00:00,103.0,146.75,2.0,5.0,7.0,NA,9.0,0.0,28.5,2.0,4.0,3.0,NA,NA,NA,18.0,66.5,0.0,277.0,0.0,0.0,6.0,NA,0.0
2026-02-17 03:00:00,89.5,128.75,2.0,5.0,6.75,NA,9.0,0.0,28.25,2.0,4.0,3.0,NA,NA,NA,18.0,69.25,0.0,278.0,0.0,0.0,6.0,NA,0.0
2026-02-17 04:00:00,93.75,134.75,2.0,5.0,6.0,NA,9.5,0.0,28.0,2.0,4.25,3.0,NA,NA,NA,18.0,71.5,0.0,280.75,0.0,0.0,6.0,NA,0.0
2026-02-17 05:00:00,71.5,104.0,2.0,5.0,6.25,NA,10.0,0.0,28.0,2.0,4.67,3.0,NA,NA,NA,18.0,70.0,0.0,283.75,0.0,0.0,6.0,NA,0.0
2026-02-17 06:00:00,68.0,99.0,2.0,5.0,6.25,NA,9.5,0.0,28.0,2.0,4.5,3.0,NA,NA,NA,18.0,68.75,0.0,291.0,0.0,0.0,6.0,NA,0.0
2026-02-17 07:00:00,75.5,109.25,2.0,5.0,7.0,NA,10.0,0.0,29.25,2.0,4.67,3.0,NA,NA,NA,18.5,64.75,0.0,159.0,0.0,0.0,57.25,NA,0.0
2026-02-17 08:00:00,100.5,143.75,2.0,6.0,7.5,NA,9.75,0.0,32.75,2.0,4.0,3.0,NA,NA,NA,20.75,55.5,0.0,192.25,0.0,0.0,195.5,NA,0.0
2026-02-17 09:00:00,144.75,204.5,2.0,6.0,8.0,NA,7.33,0.0,34.75,2.0,3.33,2.33,NA,NA,NA,21.75,50.0,0.0,192.75,0.0,0.0,333.25,NA,0.0
2026-02-17 10:00:00,116.5,165.5,2.0,6.25,8.0,NA,8.25,0.0,37.0,2.0,3.75,2.75,NA,NA,NA,23.0,46.25,0.0,196.75,0.0,0.0,449.5,NA,0.0
2026-02-17 11:00:00,107.5,153.75,2.0,7.0,8.75,NA,NA,0.0,39.25,NA,NA,NA,NA,NA,NA,24.5,39.25,0.0,196.25,0.0,0.0,515.0,NA,0.0
2026-02-17 12:00:00,70.75,103.5,2.0,7.0,9.0,NA,9.0,0.0,41.0,2.0,4.0,3.0,NA,NA,NA,25.75,35.75,0.0,220.25,0.0,0.0,521.75,NA,0.0
2026-02-17 13:00:00,58.0,85.0,2.0,7.0,9.0,NA,9.0,0.0,41.5,2.0,4.0,3.0,NA,NA,NA,25.75,33.5,0.0,204.0,0.0,0.0,504.5,NA,0.0
2026-02-17 14:00:00,42.25,64.0,2.0,7.0,9.0,NA,9.75,0.0,41.75,2.0,4.75,3.0,NA,NA,NA,26.0,32.25,0.0,229.0,0.0,0.0,424.75,NA,0.0
2026-02-17 15:00:00,39.0,59.25,2.0,7.0,9.0,NA,10.0,0.0,41.25,2.0,5.0,3.0,NA,NA,NA,26.0,31.5,0.0,228.75,0.0,0.0,307.5,NA,0.0
2026-02-17 16:00:00,30.25,47.5,2.0,7.0,9.0,NA,10.0,0.0,39.75,2.0,5.0,3.0,NA,NA,NA,24.75,36.25,0.0,195.5,0.0,0.0,77.75,NA,0.0
2026-02-17 17:00:00,42.0,63.5,2.0,6.75,8.0,NA,10.0,0.0,37.5,2.0,5.0,3.0,NA,NA,NA,23.5,41.5,0.0,195.5,0.0,0.0,9.5,NA,0.0
2026-02-17 18:00:00,57.0,84.25,2.0,6.0,8.0,NA,10.0,0.0,35.5,2.25,5.0,3.0,NA,NA,NA,22.25,42.25,0.0,173.0,0.0,0.0,6.0,NA,0.0
2026-02-17 19:00:00,56.5,83.5,2.0,6.0,8.0,NA,10.5,0.0,34.75,3.0,5.0,3.5,NA,NA,NA,21.75,44.75,0.0,173.0,0.0,0.0,6.0,NA,0.0
2026-02-17 20:00:00,101.0,145.25,2.0,6.0,8.0,NA,11.0,0.0,33.0,3.0,5.0,4.0,NA,NA,NA,21.0,49.75,0.0,199.0,0.0,0.0,6.0,NA,0.0
2026-02-17 21:00:00,96.0,137.5,2.0,6.0,7.25,NA,11.0,0.0,33.0,3.0,5.0,4.0,NA,NA,NA,21.0,53.0,0.0,208.75,0.0,0.0,6.0,NA,0.0
2026-02-17 22:00:00,139.0,196.5,2.0,6.0,7.0,NA,10.5,0.0,32.0,2.75,5.0,3.5,NA,NA,NA,20.0,53.75,0.0,203.75,0.0,0.0,6.0,NA,0.0
2026-02-17 23:00:00,120.0,170.75,2.0,5.75,7.0,NA,11.5,0.0,31.5,3.0,5.5,4.0,NA,NA,NA,19.75,54.25,0.0,179.75,0.0,0.0,6.0,NA,0.0
2026-02-18 00:00:00,91.0,130.75,2.0,5.25,7.0,NA,10.5,0.0,31.0,2.25,5.25,3.25,NA,NA,NA,19.0,54.25,0.0,181.0,0.0,0.0,6.0,NA,0.0
2026-02-18 01:00:00,63.5,93.0,2.0,5.0,7.0,NA,10.0,0.0,30.5,2.0,5.0,3.0,NA,NA,NA,19.0,59.5,0.0,181.0,0.0,0.0,6.0,NA,0.0
2026-02-18 02:00:00,85.25,122.75,2.0,5.0,7.0,NA,10.25,0.0,29.25,2.75,5.0,3.25,NA,NA,NA,18.25,68.5,0.0,181.75,0.0,0.0,6.0,NA,0.0
2026-02-18 03:00:00,117.0,167.0,2.0,5.0,7.0,NA,11.0,0.0,29.0,3.0,5.0,4.0,NA,NA,NA,18.0,69.75,0.0,179.0,0.0,0.0,6.0,NA,0.0
2026-02-18 04:00:00,99.5,142.5,2.0,5.0,6.75,NA,10.25,0.0,28.25,2.75,5.0,3.25,NA,NA,NA,18.0,74.25,0.0,176.5,0.0,0.0,6.0,NA,0.0
2026-02-18 05:00:00,107.25,152.75,2.0,5.0,6.0,NA,10.0,0.0,28.0,2.75,5.0,3.0,NA,NA,NA,17.75,77.75,0.0,183.75,0.0,0.0,6.0,NA,0.0
2026-02-18 06:00:00,126.5,179.75,2.0,5.0,6.0,NA,10.0,0.0,28.0,2.75,5.0,3.0,NA,NA,NA,18.0,78.75,0.0,198.75,0.0,0.0,6.0,NA,0.0
2026-02-18 07:00:00,118.25,164.5,2.0,5.0,6.5,NA,10.75,0.0,28.25,3.0,5.0,3.75,NA,NA,NA,18.0,72.0,0.0,243.75,0.0,0.0,47.0,NA,0.0
2026-02-18 08:00:00,65.75,82.0,2.0,5.5,7.25,NA,9.75,0.0,31.5,2.25,4.5,3.0,NA,NA,NA,19.75,62.75,0.0,223.0,0.0,0.0,169.25,NA,0.0
2026-02-18 09:00:00,81.5,100.75,2.0,6.25,8.0,NA,8.25,0.0,35.5,2.0,3.75,2.75,NA,NA,NA,22.25,50.5,0.0,215.75,0.0,0.0,304.0,NA,0.0
2026-02-18 10:00:00,72.75,90.0,2.0,7.0,8.75,NA,7.0,0.0,39.0,1.75,3.25,2.25,NA,NA,NA,24.5,43.5,0.0,203.75,0.0,0.0,414.0,NA,0.0
2026-02-18 11:00:00,57.0,71.5,2.0,7.0,9.0,NA,NA,0.0,39.5,NA,NA,NA,NA,NA,NA,24.75,42.25,0.0,217.75,0.0,0.0,476.5,NA,0.0
2026-02-18 12:00:00,42.0,53.5,2.0,7.0,9.0,NA,7.75,0.0,41.0,2.0,3.75,2.75,NA,NA,NA,25.75,40.75,0.0,197.0,0.0,0.0,450.5,NA,0.0
2026-02-18 13:00:00,34.75,44.0,2.0,7.0,9.0,NA,8.0,0.0,40.5,2.0,4.0,3.0,NA,NA,NA,25.5,41.0,0.0,187.0,0.0,0.0,447.75,NA,0.0
2026-02-18 14:00:00,27.0,35.25,2.0,7.0,9.0,NA,8.75,0.0,40.5,2.0,4.0,3.0,NA,NA,NA,25.5,42.5,0.0,182.25,0.0,0.0,368.5,NA,0.0
2026-02-18 15:00:00,29.5,38.25,2.0,7.0,9.0,NA,9.0,0.0,40.0,2.0,4.0,3.0,NA,NA,NA,25.0,43.25,0.0,209.75,0.0,0.0,229.25,NA,0.0
2026-02-18 16:00:00,29.0,38.0,2.0,7.0,9.0,NA,9.0,0.0,39.25,2.0,4.0,3.0,NA,NA,NA,24.5,42.75,0.0,221.75,0.0,0.0,70.25,NA,0.0
2026-02-18 17:00:00,27.25,36.25,2.0,6.75,8.25,NA,9.0,0.0,37.5,2.0,4.0,3.0,NA,NA,NA,23.5,45.25,0.0,248.5,0.0,0.0,9.0,NA,0.0
2026-02-18 18:00:00,30.5,39.5,2.0,6.0,8.0,NA,9.5,0.0,36.0,2.0,4.25,3.0,NA,NA,NA,23.0,47.25,0.0,272.25,0.0,0.0,6.75,NA,0.0
2026-02-18 19:00:00,45.75,57.25,2.0,6.0,8.0,NA,10.33,0.0,35.0,2.67,5.0,3.33,NA,NA,NA,21.75,56.25,0.0,246.75,0.0,0.0,6.75,NA,0.0
2026-02-18 20:00:00,51.75,64.75,2.0,6.0,8.0,NA,9.0,0.0,33.75,2.0,4.25,3.0,NA,NA,NA,21.0,64.5,0.0,229.75,0.0,0.0,6.0,NA,0.0
2026-02-18 21:00:00,47.25,59.75,2.0,6.0,7.25,NA,9.0,0.0,33.0,2.0,4.0,3.0,NA,NA,NA,20.75,68.5,0.0,226.5,0.0,0.0,6.0,NA,0.0
2026-02-18 22:00:00,47.0,59.75,2.0,6.0,7.0,NA,8.5,0.0,32.0,2.0,4.0,3.0,NA,NA,NA,20.0,71.25,0.0,230.0,0.0,0.0,6.0,NA,0.0
2026-02-18 23:00:00,48.75,61.75,2.0,6.0,7.0,NA,9.0,0.0,31.0,2.0,4.0,3.0,NA,NA,NA,20.0,72.5,0.0,236.0,0.0,0.0,6.0,NA,0.0
2026-02-19 00:00:00,47.0,59.25,2.0,5.5,7.0,NA,9.0,0.0,31.0,2.0,4.0,3.0,NA,NA,NA,19.0,69.75,0.0,240.25,0.0,0.0,6.0,NA,0.0
2026-02-19 01:00:00,38.25,49.5,2.0,5.0,7.0,NA,9.0,0.0,30.5,2.0,4.0,3.0,NA,NA,NA,19.0,68.0,0.0,240.25,0.0,0.0,6.0,NA,0.0
2026-02-19 02:00:00,35.0,44.75,2.0,5.0,7.0,NA,9.0,0.0,30.0,2.0,4.0,3.0,NA,NA,NA,19.0,67.5,0.0,249.5,0.0,0.0,6.0,NA,0.0
2026-02-19 03:00:00,31.5,40.75,2.0,5.0,7.0,NA,9.0,0.0,30.0,2.0,4.0,3.0,NA,NA,NA,19.0,67.25,0.0,228.75,0.0,0.0,6.0,NA,0.0
2026-02-19 04:00:00,20.5,27.25,2.0,5.0,7.0,NA,9.0,0.0,30.0,2.0,4.0,3.0,NA,NA,NA,19.0,66.5,0.0,209.5,0.0,0.0,6.0,NA,0.0
2026-02-19 05:00:00,15.5,21.5,2.0,5.0,7.0,NA,7.67,0.0,30.25,2.0,3.67,2.67,NA,NA,NA,19.0,65.75,0.0,208.5,0.0,0.0,6.0,NA,0.0
2026-02-19 06:00:00,18.5,25.25,2.0,5.0,7.0,NA,8.5,0.0,30.0,2.0,4.0,3.0,NA,NA,NA,19.0,71.25,0.0,212.0,0.0,0.0,6.0,NA,0.0
2026-02-19 07:00:00,25.0,32.75,2.0,5.0,7.0,NA,8.67,0.0,30.0,2.0,4.0,3.0,NA,NA,NA,19.0,71.25,0.0,227.0,0.0,0.0,21.0,NA,0.0
2026-02-19 08:00:00,33.25,43.0,2.0,5.75,7.0,NA,9.0,0.0,31.5,2.0,4.0,3.0,NA,NA,NA,19.75,64.0,0.0,228.25,0.0,0.0,122.25,NA,0.0
2026-02-19 09:00:00,32.5,41.5,2.0,6.0,7.0,NA,8.67,0.0,32.25,2.0,4.0,3.0,NA,NA,NA,20.25,58.75,0.0,215.5,0.0,0.0,158.0,NA,0.0
2026-02-19 10:00:00,31.25,40.25,2.0,6.0,8.0,NA,8.75,0.0,35.0,2.0,4.0,3.0,NA,NA,NA,21.75,51.5,0.0,221.75,0.0,0.0,266.0,NA,0.0
2026-02-19 11:00:00,33.75,43.5,2.0,6.75,8.5,NA,7.0,0.0,38.0,2.0,3.0,2.0,NA,NA,NA,24.0,45.25,0.0,211.75,0.0,0.0,466.5,NA,0.0
2026-02-19 12:00:00,26.25,35.0,2.0,7.0,9.0,NA,8.25,0.0,40.5,1.75,3.75,2.75,NA,NA,NA,25.25,39.5,0.0,229.5,0.0,0.0,515.75,NA,0.0
2026-02-19 13:00:00,24.25,32.25,2.0,7.0,9.0,NA,8.0,0.0,41.25,2.0,4.0,3.0,NA,NA,NA,26.0,38.25,0.0,223.25,0.0,0.0,476.75,NA,0.0
2026-02-19 14:00:00,20.5,27.5,2.0,7.0,9.0,NA,8.0,0.0,42.0,2.0,4.0,3.0,NA,NA,NA,26.0,37.5,0.0,219.0,0.0,0.0,395.75,NA,0.0
2026-02-19 15:00:00,17.25,23.75,2.0,7.0,9.0,NA,9.0,0.0,41.25,2.0,4.0,3.0,NA,NA,NA,26.0,38.75,0.0,202.75,0.0,0.0,260.5,NA,0.0
2026-02-19 16:00:00,26.5,35.0,2.0,7.0,9.0,NA,9.0,0.0,40.0,2.0,4.0,3.0,NA,NA,NA,25.0,40.75,0.0,236.75,0.0,0.0,87.5,NA,0.0
2026-02-19 17:00:00,17.75,24.75,2.0,7.0,8.5,NA,9.67,0.0,38.0,2.0,4.67,3.0,NA,NA,NA,23.75,44.75,0.0,233.25,0.0,0.0,12.5,NA,0.0
2026-02-19 18:00:00,23.0,31.0,2.0,6.0,8.0,NA,9.75,0.0,36.25,2.0,4.5,3.0,NA,NA,NA,23.0,49.5,0.0,247.75,0.0,0.0,6.25,NA,0.0
2026-02-19 19:00:00,35.25,45.0,2.0,6.0,8.0,NA,10.0,0.0,35.25,2.0,5.0,3.0,NA,NA,NA,22.0,52.5,0.0,238.0,0.0,0.0,6.0,NA,0.0
2026-02-19 20:00:00,36.5,47.0,2.0,6.0,8.0,NA,9.75,0.0,34.75,2.0,4.5,3.0,NA,NA,NA,22.0,55.25,0.0,240.75,0.0,0.0,6.0,NA,0.0
2026-02-19 21:00:00,34.25,43.5,2.0,6.0,8.0,NA,11.67,0.0,34.0,3.0,5.33,4.0,NA,NA,NA,21.0,57.5,0.0,258.75,0.0,0.0,6.0,NA,0.0
2026-02-19 22:00:00,33.0,43.0,2.0,6.0,8.0,NA,10.25,0.0,33.25,2.5,5.0,3.25,NA,NA,NA,21.0,58.75,0.0,233.0,0.0,0.0,6.0,NA,0.0
2026-02-19 23:00:00,27.75,36.75,2.0,6.0,7.0,NA,10.0,0.0,32.75,2.0,4.33,3.0,NA,NA,NA,20.5,61.25,0.0,239.25,0.0,0.0,6.0,NA,0.0
2026-02-20 00:00:00,27.0,35.25,2.0,6.0,7.0,NA,9.75,0.0,32.0,2.0,4.25,3.0,NA,NA,NA,20.0,64.0,0.0,234.75,0.0,0.0,6.0,NA,0.0
2026-02-20 01:00:00,23.5,31.0,2.0,5.5,7.0,NA,9.0,0.0,30.75,2.0,4.0,3.0,NA,NA,NA,19.25,69.5,0.0,273.0,0.0,0.0,6.0,NA,0.0
2026-02-20 02:00:00,26.5,34.5,2.0,5.0,7.0,NA,9.0,0.0,30.75,2.0,4.0,3.0,NA,NA,NA,19.0,70.5,0.0,229.75,0.0,0.0,6.0,NA,0.0
2026-02-20 03:00:00,25.25,33.5,2.0,5.0,7.0,NA,9.67,0.0,30.0,2.0,4.0,3.0,NA,NA,NA,19.0,71.75,0.0,233.5,0.0,0.0,6.0,NA,0.0
2026-02-20 04:00:00,18.25,24.5,2.0,5.0,7.0,NA,9.75,0.0,30.0,2.0,4.0,3.0,NA,NA,NA,19.0,71.75,0.0,228.0,0.0,0.0,6.0,NA,0.0
2026-02-20 05:00:00,16.0,22.25,2.0,5.0,7.0,NA,9.0,0.0,30.0,2.0,4.0,3.0,NA,NA,NA,19.0,70.0,0.0,222.0,0.0,0.0,6.0,NA,0.0
2026-02-20 06:00:00,29.75,36.5,2.0,5.0,7.0,NA,9.0,0.0,29.0,2.0,4.0,3.0,NA,NA,NA,18.25,73.5,0.0,226.5,0.0,0.0,6.0,NA,0.0
2026-02-20 07:00:00,48.0,56.75,2.0,5.0,7.0,NA,9.0,0.0,29.25,2.0,4.0,3.0,NA,NA,NA,18.5,72.25,0.0,240.5,0.0,0.0,52.5,NA,0.0
2026-02-20 08:00:00,59.75,70.5,2.0,6.0,7.5,NA,9.0,0.0,32.5,2.0,4.0,3.0,NA,NA,NA,20.75,60.25,0.0,234.75,0.0,0.0,187.0,NA,0.0
2026-02-20 09:00:00,68.25,80.25,2.0,6.0,8.0,NA,8.67,0.0,35.75,2.0,4.0,3.0,NA,NA,NA,22.5,50.5,0.0,211.25,0.0,0.0,330.0,NA,0.0
2026-02-20 10:00:00,63.0,74.0,2.0,7.0,9.0,NA,8.75,0.0,39.25,2.0,4.0,3.0,NA,NA,NA,24.75,43.75,0.0,195.25,0.0,0.0,434.5,NA,0.0
2026-02-20 11:00:00,61.25,72.25,2.0,7.0,9.0,NA,NA,0.0,41.0,NA,NA,NA,NA,NA,NA,25.75,40.0,0.0,204.75,0.0,0.0,507.25,NA,0.0
2026-02-20 12:00:00,43.75,52.25,2.0,7.0,9.0,NA,10.0,0.0,41.75,2.0,5.0,3.0,NA,NA,NA,26.0,37.75,0.0,225.5,0.0,0.0,528.25,NA,0.0
2026-02-20 13:00:00,39.25,47.25,2.0,7.0,9.0,NA,9.0,0.0,42.25,2.0,4.0,3.0,NA,NA,NA,26.75,37.75,0.0,229.0,0.0,0.0,480.75,NA,0.0
2026-02-20 14:00:00,35.0,42.5,2.0,7.0,9.0,NA,9.25,0.0,42.0,2.0,4.0,3.0,NA,NA,NA,26.0,37.25,0.0,229.5,0.0,0.0,415.5,NA,0.0
2026-02-20 15:00:00,42.0,50.5,2.0,7.0,9.0,NA,10.0,0.0,41.75,2.0,5.0,3.0,NA,NA,NA,26.0,36.5,0.0,228.25,0.0,0.0,283.25,NA,0.0
2026-02-20 16:00:00,39.5,47.5,2.0,7.0,9.0,NA,10.0,0.0,40.5,2.75,5.0,3.0,NA,NA,NA,25.5,40.0,0.0,244.75,0.0,0.0,70.75,NA,0.0
2026-02-20 17:00:00,38.5,46.5,2.0,7.0,8.75,NA,10.0,0.0,38.75,2.0,5.0,3.0,NA,NA,NA,24.5,43.0,0.0,235.0,0.0,0.0,11.5,NA,0.0
2026-02-20 18:00:00,48.5,57.75,2.0,6.75,8.0,NA,10.25,0.0,37.25,2.5,5.0,3.25,NA,NA,NA,23.5,48.25,0.0,243.0,0.0,0.0,5.75,NA,0.0
2026-02-20 19:00:00,60.5,71.75,2.0,6.0,8.0,NA,11.0,0.0,36.25,3.0,5.0,4.0,NA,NA,NA,22.75,51.5,0.0,237.75,0.0,0.0,5.0,NA,0.0
2026-02-20 20:00:00,75.0,87.75,2.0,6.0,8.0,NA,10.25,0.0,35.25,2.25,4.5,3.25,NA,NA,NA,22.0,53.0,0.0,245.0,0.0,0.0,6.0,NA,0.0
2026-02-20 21:00:00,64.0,75.25,2.0,6.0,8.0,NA,10.67,0.0,34.25,3.0,5.0,3.67,NA,NA,NA,22.0,55.75,0.0,239.5,0.0,0.0,6.0,NA,0.0
2026-02-20 22:00:00,63.25,74.75,2.0,6.0,8.0,NA,10.0,0.0,33.75,2.5,4.75,3.25,NA,NA,NA,21.0,56.75,0.0,223.0,0.0,0.0,6.0,NA,0.0
2026-02-20 23:00:00,65.25,76.75,2.0,6.0,7.0,NA,9.0,0.0,33.0,2.0,4.0,3.0,NA,NA,NA,21.0,59.75,0.0,227.5,0.0,0.0,6.0,NA,0.0
2026-02-21 00:00:00,57.25,67.5,2.0,6.0,7.0,NA,9.5,0.0,32.25,2.0,4.25,3.0,NA,NA,NA,20.25,61.5,0.0,230.75,0.0,0.0,6.0,NA,0.0
2026-02-21 01:00:00,50.75,60.5,2.0,6.0,7.0,NA,10.0,0.0,32.0,2.0,4.67,3.0,NA,NA,NA,20.0,63.25,0.0,239.5,0.0,0.0,6.0,NA,0.0
2026-02-21 02:00:00,43.25,51.25,2.0,5.75,7.0,NA,9.75,0.0,31.0,2.0,4.5,3.0,NA,NA,NA,19.75,65.5,0.0,231.5,0.0,0.0,6.0,NA,0.0
2026-02-21 03:00:00,41.5,50.0,2.0,5.0,7.0,NA,10.0,0.0,30.75,2.0,4.0,3.0,NA,NA,NA,19.0,67.75,0.0,238.25,0.0,0.0,6.0,NA,0.0
2026-02-21 04:00:00,39.5,47.25,2.0,5.0,7.0,NA,9.75,0.0,30.0,2.0,4.0,3.0,NA,NA,NA,19.0,70.0,0.0,227.0,0.0,0.0,6.0,NA,0.0
2026-02-21 05:00:00,46.5,55.25,2.0,5.0,7.0,NA,9.0,0.0,29.25,2.0,4.0,3.0,NA,NA,NA,18.5,72.0,0.0,229.5,0.0,0.0,6.0,NA,0.0
2026-02-21 06:00:00,48.0,57.0,2.0,5.0,7.0,NA,9.75,0.0,29.0,2.5,4.75,3.0,NA,NA,NA,18.0,74.5,0.0,222.0,0.0,0.0,6.0,NA,0.0
2026-02-21 07:00:00,56.75,67.25,2.0,5.0,7.0,NA,10.0,0.0,29.25,2.0,5.0,3.0,NA,NA,NA,18.5,74.0,0.0,225.0,0.0,0.0,52.75,NA,0.0
2026-02-21 08:00:00,68.5,80.25,2.0,5.75,7.25,NA,10.0,0.0,32.5,2.0,5.0,3.0,NA,NA,NA,20.25,65.5,0.0,226.75,0.0,0.0,186.25,NA,0.0
2026-02-21 09:00:00,67.5,79.5,2.0,6.0,8.0,NA,9.5,0.0,35.25,2.0,4.5,3.0,NA,NA,NA,22.5,57.5,0.0,235.75,0.0,0.0,323.5,NA,0.0
2026-02-21 10:00:00,72.25,85.0,2.0,6.75,8.25,NA,9.0,0.0,37.75,2.0,4.0,3.0,NA,NA,NA,23.75,51.25,0.0,225.5,0.0,0.0,432.25,NA,0.0
2026-02-21 11:00:00,67.25,78.75,2.0,7.0,9.0,NA,9.0,0.0,39.25,2.0,4.0,3.0,NA,NA,NA,24.25,47.25,0.0,231.25,0.0,0.0,489.75,NA,0.0
2026-02-21 12:00:00,66.75,78.5,2.0,7.0,9.0,NA,9.0,0.0,40.0,2.0,4.0,3.0,NA,NA,NA,25.0,43.5,0.0,235.25,0.0,0.0,511.75,NA,0.0
2026-02-21 13:00:00,84.75,99.25,2.0,7.0,9.0,NA,9.0,0.0,40.0,2.0,4.0,3.0,NA,NA,NA,25.0,42.25,0.0,231.75,0.0,0.0,465.75,NA,0.0
2026-02-21 14:00:00,64.75,76.25,2.0,7.0,9.0,NA,9.75,0.0,40.75,2.0,4.5,3.0,NA,NA,NA,25.25,40.25,0.0,236.75,0.0,0.0,401.0,NA,0.0
2026-02-21 15:00:00,49.75,58.75,2.0,7.0,9.0,NA,10.0,0.0,39.5,2.5,5.0,3.0,NA,NA,NA,25.0,41.5,0.0,230.0,0.0,0.0,281.25,NA,0.0
2026-02-21 16:00:00,58.0,68.5,2.0,7.0,9.0,NA,10.0,0.0,38.5,2.25,5.0,3.0,NA,NA,NA,24.25,42.75,0.0,226.75,0.0,0.0,73.25,NA,0.0
2026-02-21 17:00:00,56.5,66.75,2.0,6.75,8.0,NA,10.0,0.0,37.5,2.5,5.0,3.0,NA,NA,NA,23.5,46.75,0.0,232.75,0.0,0.0,12.75,NA,0.0
2026-02-21 18:00:00,55.5,65.5,2.0,6.0,8.0,NA,10.0,0.0,36.0,3.0,5.0,3.0,NA,NA,NA,22.5,51.5,0.0,217.25,0.0,0.0,6.25,NA,0.0
2026-02-21 19:00:00,63.25,74.5,2.0,6.0,8.0,NA,10.5,0.0,34.75,3.0,5.0,3.5,NA,NA,NA,22.0,56.25,0.0,215.25,0.0,0.0,6.0,NA,0.0
2026-02-21 20:00:00,68.25,80.25,2.0,6.0,8.0,NA,10.75,0.0,34.0,3.0,5.0,3.75,NA,NA,NA,21.0,59.5,0.0,216.25,0.0,0.0,6.0,NA,0.0
2026-02-21 21:00:00,63.75,75.0,2.0,6.0,8.0,NA,10.75,0.0,33.5,3.0,5.0,3.75,NA,NA,NA,21.0,57.75,0.0,214.0,0.0,0.0,6.0,NA,0.0
2026-02-21 22:00:00,57.0,67.0,2.0,6.0,7.25,NA,10.0,0.0,33.0,2.5,4.75,3.25,NA,NA,NA,21.0,57.25,0.0,222.75,0.0,0.0,6.0,NA,0.0
2026-02-21 23:00:00,56.75,66.75,2.0,6.0,7.0,NA,9.0,0.0,32.5,2.0,4.0,3.0,NA,NA,NA,20.5,57.25,0.0,238.5,0.0,0.0,6.0,NA,0.0
2026-02-22 00:00:00,49.25,58.5,2.0,6.0,7.0,NA,10.0,0.0,32.0,2.75,4.75,3.25,NA,NA,NA,20.0,59.0,0.0,231.0,0.0,0.0,6.0,NA,0.0
2026-02-22 01:00:00,44.5,52.75,2.0,6.0,7.0,NA,9.75,0.0,31.5,2.0,4.75,3.0,NA,NA,NA,20.0,60.5,0.0,234.0,0.0,0.0,6.0,NA,0.0
2026-02-22 02:00:00,40.5,48.25,2.0,5.5,7.0,NA,10.0,0.0,30.75,2.5,4.75,3.25,NA,NA,NA,19.25,64.25,0.0,212.0,0.0,0.0,6.0,NA,0.0
2026-02-22 03:00:00,53.0,62.5,2.0,5.0,7.0,NA,10.0,0.0,30.0,3.0,5.0,3.0,NA,NA,NA,19.0,65.75,0.0,211.5,0.0,0.0,6.0,NA,0.0
2026-02-22 04:00:00,47.25,55.5,2.0,5.0,7.0,NA,10.0,0.0,29.75,2.75,5.0,3.0,NA,NA,NA,19.0,67.5,0.0,202.0,0.0,0.0,6.0,NA,0.0
2026-02-22 05:00:00,50.75,60.0,2.0,5.0,7.0,NA,10.0,0.0,29.0,2.5,5.0,3.0,NA,NA,NA,18.25,69.5,0.0,221.5,0.0,0.0,6.0,NA,0.0
2026-02-22 06:00:00,48.75,58.25,2.0,5.0,7.0,NA,10.5,0.0,29.0,2.75,5.0,3.5,NA,NA,NA,18.0,72.0,0.0,204.25,0.0,0.0,6.0,NA,0.0
2026-02-22 07:00:00,57.5,68.25,2.0,5.0,7.0,NA,11.0,0.0,29.25,3.0,5.0,4.0,NA,NA,NA,18.25,72.5,0.0,279.5,0.0,0.0,52.25,NA,0.0
2026-02-22 08:00:00,75.25,88.0,2.0,5.75,7.25,NA,10.25,0.0,31.5,2.75,5.0,3.25,NA,NA,NA,20.0,63.75,0.0,215.75,0.0,0.0,188.5,NA,0.0
2026-02-22 09:00:00,82.25,96.25,2.0,6.0,8.0,NA,10.25,0.0,35.5,3.0,5.0,3.25,NA,NA,NA,22.25,55.75,0.0,213.0,0.0,0.0,331.5,NA,0.0
2026-02-22 10:00:00,72.75,85.5,2.0,6.5,8.25,NA,10.0,0.0,37.75,2.5,5.0,3.25,NA,NA,NA,23.5,50.75,0.0,229.5,0.0,0.0,444.0,NA,0.0
2026-02-22 11:00:00,61.25,72.0,2.0,7.0,9.0,NA,9.0,0.0,39.25,2.0,4.0,3.0,NA,NA,NA,24.75,45.0,0.0,231.0,0.0,0.0,513.0,NA,0.0
2026-02-22 12:00:00,57.5,68.25,2.0,7.0,9.0,NA,9.5,0.0,40.25,2.0,4.0,3.0,NA,NA,NA,25.0,39.75,0.0,222.5,0.0,0.0,554.75,NA,0.0
2026-02-22 13:00:00,51.75,61.0,2.0,7.0,9.0,NA,9.0,0.0,41.0,2.0,4.0,3.0,NA,NA,NA,25.25,38.25,0.0,233.0,0.0,0.0,501.25,NA,0.0
2026-02-22 14:00:00,41.5,48.75,2.0,7.0,9.0,NA,9.75,0.0,41.0,2.25,4.5,3.0,NA,NA,NA,25.25,35.5,0.0,244.0,0.0,0.0,418.5,NA,0.0
2026-02-22 15:00:00,33.75,40.75,2.0,7.0,9.0,NA,10.75,0.0,40.75,3.0,5.0,4.0,NA,NA,NA,25.25,36.0,0.0,248.25,0.0,0.0,295.0,NA,0.0
2026-02-22 16:00:00,31.0,37.5,2.0,7.0,9.0,NA,10.25,0.0,39.25,3.0,5.0,3.25,NA,NA,NA,24.5,38.25,0.0,244.75,0.0,0.0,56.75,NA,0.0
2026-02-22 17:00:00,30.0,37.0,2.0,7.0,8.25,NA,10.25,0.0,37.75,3.0,5.0,3.25,NA,NA,NA,23.75,41.25,0.0,246.0,0.0,0.0,12.0,NA,0.0
2026-02-22 18:00:00,36.0,43.0,2.0,6.0,8.0,NA,10.75,0.0,36.25,3.0,5.0,3.75,NA,NA,NA,23.0,44.5,0.0,255.75,0.0,0.0,6.0,NA,0.0
2026-02-22 19:00:00,51.5,61.0,2.0,6.0,8.0,NA,10.0,0.0,35.25,3.0,5.0,3.25,NA,NA,NA,22.0,49.0,0.0,247.0,0.0,0.0,6.0,NA,0.0
2026-02-22 20:00:00,58.25,68.75,2.0,6.0,8.0,NA,10.75,0.0,34.75,3.0,5.0,3.75,NA,NA,NA,22.0,51.25,0.0,245.75,0.0,0.0,6.0,NA,0.0
2026-02-22 21:00:00,59.75,70.75,2.0,6.0,8.0,NA,11.0,0.0,34.0,3.0,5.0,4.0,NA,NA,NA,21.0,54.75,0.0,261.25,0.0,0.0,5.75,NA,0.0
2026-02-22 22:00:00,60.0,71.0,2.0,6.0,7.5,NA,10.25,0.0,33.25,3.0,5.0,3.25,NA,NA,NA,21.0,57.0,0.0,264.0,0.0,0.0,6.0,NA,0.0
2026-02-22 23:00:00,75.5,88.5,2.0,6.0,7.0,NA,10.5,0.0,32.0,3.0,5.0,3.5,NA,NA,NA,20.0,61.25,0.0,235.25,0.0,0.0,6.0,NA,0.0
2026-02-23 00:00:00,89.0,104.0,2.0,6.0,7.0,NA,10.25,0.0,31.0,3.0,5.0,3.25,NA,NA,NA,20.0,64.75,0.0,237.0,0.0,0.0,6.0,NA,0.0
2026-02-23 01:00:00,92.0,107.75,2.0,5.75,7.0,NA,10.75,0.0,31.0,3.0,5.0,4.0,NA,NA,NA,19.5,66.25,0.0,244.25,0.0,0.0,6.0,NA,0.0
2026-02-23 02:00:00,76.5,89.0,2.0,5.0,7.0,NA,10.75,0.0,30.5,3.0,5.0,3.75,NA,NA,NA,19.0,68.5,0.0,261.25,0.0,0.0,6.0,NA,0.0
2026-02-23 03:00:00,71.0,83.5,2.0,5.0,7.0,NA,10.75,0.0,30.0,3.0,5.0,4.0,NA,NA,NA,19.0,70.5,0.0,302.0,0.0,0.0,6.0,NA,0.0
2026-02-23 04:00:00,65.0,76.75,2.0,5.0,7.0,NA,10.25,0.0,30.0,3.0,5.0,3.25,NA,NA,NA,19.0,71.0,0.0,296.5,0.0,0.0,5.75,NA,0.0
2026-02-23 05:00:00,59.75,70.75,2.0,5.0,7.0,NA,10.25,0.0,28.75,3.0,5.0,3.75,NA,NA,NA,18.25,76.5,0.0,291.25,0.0,0.0,5.5,NA,0.0
2026-02-23 06:00:00,83.25,96.75,2.0,5.0,7.0,NA,10.75,0.0,28.25,3.0,5.0,3.75,NA,NA,NA,18.0,77.25,0.0,260.0,0.0,0.0,5.0,NA,0.0
2026-02-23 07:00:00,66.75,78.25,2.0,5.0,7.0,NA,11.0,0.0,29.5,3.0,5.0,4.0,NA,NA,NA,18.5,71.75,0.0,278.0,0.0,0.0,61.0,NA,0.0
2026-02-23 08:00:00,78.75,92.25,2.0,5.75,7.0,NA,10.5,0.0,32.0,2.75,5.0,3.5,NA,NA,NA,19.75,62.5,0.0,287.75,0.0,0.0,195.75,NA,0.0
2026-02-23 09:00:00,74.25,86.75,2.0,6.0,8.0,NA,9.0,0.0,35.25,2.0,4.0,3.0,NA,NA,NA,22.25,54.25,0.0,242.5,0.0,0.0,331.0,NA,0.0
2026-02-23 10:00:00,74.0,87.0,2.0,7.0,8.5,NA,10.5,0.0,38.75,2.75,5.0,3.5,NA,NA,NA,24.25,44.0,0.0,247.5,0.0,0.0,442.5,NA,0.0
2026-02-23 11:00:00,56.75,67.0,2.0,7.0,9.0,NA,9.0,0.0,41.0,2.5,4.5,3.0,NA,NA,NA,25.5,39.5,0.0,220.0,0.0,0.0,491.5,NA,0.0
2026-02-23 12:00:00,49.75,59.5,2.0,7.0,9.0,NA,9.75,0.0,41.5,2.5,4.75,3.0,NA,NA,NA,26.0,38.0,0.0,218.75,0.0,0.0,511.75,NA,0.0
2026-02-23 13:00:00,49.25,59.0,2.0,7.0,9.0,NA,10.25,0.0,41.25,3.0,5.0,3.5,NA,NA,NA,26.0,38.0,0.0,226.5,0.0,0.0,491.25,NA,0.0
2026-02-23 14:00:00,43.0,51.25,2.0,7.0,9.0,NA,10.25,0.0,41.25,2.5,4.5,3.25,NA,NA,NA,26.0,38.0,0.0,242.0,0.0,0.0,402.25,NA,0.0
2026-02-23 15:00:00,41.0,49.0,2.0,7.0,9.0,NA,9.75,0.0,41.0,2.25,4.75,3.0,NA,NA,NA,26.0,37.75,0.0,234.5,0.0,0.0,290.0,NA,0.0
2026-02-23 16:00:00,38.5,46.25,2.0,7.0,9.0,NA,10.75,0.0,40.5,2.75,4.75,3.75,NA,NA,NA,25.25,38.75,0.0,227.75,0.0,0.0,61.5,NA,0.0
2026-02-23 17:00:00,33.75,40.75,2.0,7.0,8.75,NA,10.5,0.0,38.5,3.0,5.0,3.5,NA,NA,NA,24.25,42.25,0.0,237.0,0.0,0.0,12.5,NA,0.0
2026-02-23 18:00:00,54.25,64.5,2.0,6.25,8.0,NA,10.0,0.0,36.75,3.0,5.0,3.25,NA,NA,NA,23.0,45.5,0.0,230.5,0.0,0.0,6.25,NA,0.0
2026-02-23 19:00:00,78.25,91.25,2.0,6.0,8.0,NA,10.0,0.0,35.75,3.0,5.0,3.0,NA,NA,NA,22.5,48.75,0.0,255.5,0.0,0.0,6.0,NA,0.0
2026-02-23 20:00:00,105.5,122.75,2.0,6.0,8.0,NA,10.75,0.0,34.75,3.0,5.0,4.0,NA,NA,NA,22.0,52.0,0.0,259.75,0.0,0.0,6.0,NA,0.0
2026-02-23 21:00:00,130.75,151.25,2.0,6.0,8.0,NA,11.0,0.0,34.0,3.0,5.0,4.0,NA,NA,NA,21.0,56.5,0.0,272.0,0.0,0.0,5.75,NA,0.0
2026-02-23 22:00:00,141.75,164.5,2.0,6.0,7.5,NA,11.0,0.0,33.0,3.0,5.0,4.0,NA,NA,NA,21.0,58.75,0.0,169.75,0.0,0.0,6.0,NA,0.0
2026-02-23 23:00:00,107.5,125.25,2.0,6.0,7.0,NA,11.5,0.0,32.0,3.0,5.25,4.0,NA,NA,NA,20.0,61.75,0.0,335.0,0.0,0.0,6.0,NA,0.0
2026-02-24 00:00:00,123.75,144.0,2.0,6.0,7.0,NA,11.25,0.0,32.25,3.0,5.25,4.0,NA,NA,NA,20.0,64.25,0.0,332.25,0.0,0.0,6.0,NA,0.0
2026-02-24 01:00:00,159.0,183.5,2.0,6.0,7.0,NA,11.5,0.0,31.5,3.0,5.0,4.0,NA,NA,NA,20.0,69.5,0.0,308.75,0.0,0.0,6.0,NA,0.0
2026-02-24 02:00:00,148.5,171.75,2.0,5.75,7.0,NA,11.0,0.0,31.0,3.0,5.0,4.0,NA,NA,NA,19.25,69.25,0.0,307.0,0.0,0.0,6.0,NA,0.0
2026-02-24 03:00:00,95.75,111.75,2.0,5.25,7.0,NA,11.0,0.0,31.0,3.0,5.0,4.0,NA,NA,NA,19.0,67.25,0.0,280.75,0.0,0.0,6.0,NA,0.0
2026-02-24 04:00:00,72.75,85.5,2.0,5.25,7.0,NA,10.5,0.0,31.0,3.0,5.0,3.5,NA,NA,NA,19.0,64.5,0.0,315.25,0.0,0.0,6.0,NA,0.0
2026-02-24 05:00:00,49.5,59.0,2.0,5.0,7.0,NA,10.0,0.0,30.5,2.5,5.0,3.0,NA,NA,NA,19.0,65.25,0.0,318.0,0.0,0.0,6.0,NA,0.0
2026-02-24 06:00:00,51.25,60.25,2.0,5.0,7.0,NA,9.75,0.0,30.0,2.0,4.5,3.0,NA,NA,NA,19.0,67.75,0.0,219.0,0.0,0.0,6.0,NA,0.0
2026-02-24 07:00:00,69.25,81.0,2.0,5.0,7.0,NA,9.25,0.0,29.75,2.0,4.0,3.0,NA,NA,NA,19.0,73.5,0.0,200.75,0.0,0.0,51.75,NA,0.0
2026-02-24 08:00:00,100.5,117.0,2.0,6.0,7.5,NA,10.5,0.0,32.5,2.75,4.75,3.75,NA,NA,NA,20.5,62.25,0.0,210.5,0.0,0.0,177.75,NA,0.0
2026-02-24 09:00:00,106.25,123.25,2.0,6.5,8.0,NA,11.0,0.0,36.5,3.0,5.0,4.0,NA,NA,NA,22.75,51.5,0.0,212.25,0.0,0.0,312.5,NA,0.0
2026-02-24 10:00:00,79.25,92.75,2.0,7.0,8.75,NA,10.25,0.0,38.5,2.75,4.75,3.25,NA,NA,NA,24.5,47.5,0.0,244.0,0.0,0.0,418.75,NA,0.0
2026-02-24 11:00:00,58.5,69.0,2.0,7.0,9.0,NA,NA,0.0,40.0,2.0,4.0,3.0,NA,NA,NA,25.0,44.5,0.0,233.5,0.0,0.0,477.0,NA,0.0
2026-02-24 12:00:00,51.5,60.75,2.0,7.0,9.0,NA,7.75,0.0,41.0,2.0,3.5,2.25,NA,NA,NA,25.75,41.25,0.0,227.75,0.0,0.0,467.25,NA,0.0
2026-02-24 13:00:00,51.75,60.75,2.0,7.0,9.0,NA,7.0,0.0,41.75,2.0,3.0,2.0,NA,NA,NA,26.25,38.0,0.0,240.0,0.0,0.0,411.5,NA,0.0
2026-02-24 14:00:00,43.25,52.25,2.0,7.0,9.0,NA,7.0,0.0,42.0,2.0,3.0,2.0,NA,NA,NA,26.25,36.0,0.0,228.5,0.0,0.0,408.5,NA,0.0
2026-02-24 15:00:00,40.5,48.5,2.0,7.0,9.0,NA,7.0,0.0,41.75,2.0,3.0,2.0,NA,NA,NA,26.0,37.25,0.0,216.5,0.0,0.0,289.75,NA,0.0
2026-02-24 16:00:00,48.25,57.5,2.0,7.0,9.0,NA,7.0,0.0,40.25,2.0,3.0,2.0,NA,NA,NA,25.25,36.5,0.0,253.0,0.0,0.0,54.0,NA,0.0
2026-02-24 17:00:00,39.5,47.75,2.0,7.0,9.0,NA,7.0,0.0,39.0,2.0,3.0,2.0,NA,NA,NA,24.5,36.75,0.0,241.25,0.0,0.0,11.5,NA,0.0
2026-02-24 18:00:00,50.25,60.0,2.0,6.75,8.0,NA,7.75,0.0,37.5,2.0,3.5,2.5,NA,NA,NA,23.5,41.5,0.0,210.5,0.0,0.0,6.25,NA,0.0
2026-02-24 19:00:00,54.0,64.0,2.0,6.0,8.0,NA,8.0,0.0,36.0,2.0,4.0,3.0,NA,NA,NA,23.0,45.25,0.0,199.0,0.0,0.0,6.0,NA,0.0
2026-02-24 20:00:00,68.75,80.5,2.0,6.0,8.0,NA,8.0,0.0,35.25,2.0,4.0,3.0,NA,NA,NA,22.0,48.5,0.0,199.0,0.0,0.0,6.0,NA,0.0
2026-02-24 21:00:00,114.25,132.5,2.0,6.0,8.0,NA,8.0,0.0,34.75,2.0,4.0,3.0,NA,NA,NA,22.0,50.5,0.0,198.0,0.0,0.0,5.25,NA,0.0
2026-02-24 22:00:00,103.5,120.25,2.0,6.0,8.0,NA,7.5,0.0,34.5,2.0,3.5,2.5,NA,NA,NA,22.0,53.0,0.0,198.0,0.0,0.0,5.0,NA,0.0
2026-02-24 23:00:00,101.75,118.75,2.0,6.0,8.0,NA,8.0,0.0,33.75,2.0,4.0,3.0,NA,NA,NA,21.0,56.25,0.0,198.75,0.0,0.0,5.0,NA,0.0
2026-02-25 00:00:00,112.75,131.0,2.0,6.0,7.0,NA,7.5,0.0,33.0,2.0,3.25,2.5,NA,NA,NA,21.0,59.5,0.0,198.5,0.0,0.0,6.0,NA,0.0
2026-02-25 01:00:00,109.0,127.0,2.0,6.0,7.0,NA,8.0,0.0,32.5,2.0,4.0,3.0,NA,NA,NA,20.25,58.25,0.0,199.0,0.0,0.0,6.0,NA,0.0
2026-02-25 02:00:00,87.25,101.75,2.0,6.0,7.0,NA,7.25,0.0,32.0,2.0,3.25,2.25,NA,NA,NA,20.0,60.75,0.0,199.75,0.0,0.0,6.0,NA,0.0
2026-02-25 03:00:00,79.75,92.75,2.0,6.0,7.0,NA,7.0,0.0,31.75,2.0,3.0,2.0,NA,NA,NA,20.0,64.5,0.0,287.75,0.0,0.0,6.0,NA,0.0
2026-02-25 04:00:00,77.25,90.25,2.0,5.5,7.0,NA,7.0,0.0,30.75,2.0,3.0,2.0,NA,NA,NA,19.25,68.5,0.0,153.25,0.0,0.0,6.0,NA,0.0
2026-02-25 05:00:00,83.0,97.0,2.0,5.0,7.0,NA,7.0,0.0,30.75,2.0,3.0,2.0,NA,NA,NA,19.0,68.25,0.0,211.0,0.0,0.0,6.0,NA,0.0
2026-02-25 06:00:00,71.75,84.25,2.0,5.0,7.0,NA,7.25,0.0,30.0,2.0,3.25,2.25,NA,NA,NA,19.0,69.75,0.0,248.75,0.0,0.0,6.0,NA,0.0
2026-02-25 07:00:00,76.25,89.25,2.0,5.5,7.0,NA,7.0,0.0,30.75,2.0,3.0,2.0,NA,NA,NA,19.25,68.5,0.0,240.5,0.0,0.0,56.0,NA,0.0
2026-02-25 08:00:00,102.25,118.75,2.0,6.0,7.75,NA,7.25,0.0,34.0,2.0,3.0,2.0,NA,NA,NA,21.25,59.5,0.0,207.25,0.0,0.0,193.75,NA,0.0
2026-02-25 09:00:00,107.0,124.75,2.0,6.5,8.0,NA,8.0,0.0,37.0,2.0,3.0,2.33,NA,NA,NA,23.25,52.75,0.0,228.5,0.0,0.0,326.25,NA,0.0
2026-02-25 10:00:00,99.75,116.25,2.0,7.0,9.0,NA,8.0,0.0,39.75,2.0,3.75,2.75,NA,NA,NA,24.5,47.25,0.0,228.0,0.0,0.0,434.5,NA,0.0
2026-02-25 11:00:00,86.75,101.25,2.0,7.0,9.0,NA,8.0,0.0,41.0,2.0,4.0,3.0,NA,NA,NA,25.5,43.75,0.0,220.75,0.0,0.0,514.25,NA,0.0
2026-02-25 12:00:00,69.5,81.75,2.0,7.0,9.0,NA,7.0,0.0,41.5,2.0,3.0,2.0,NA,NA,NA,26.0,37.5,0.0,234.0,0.0,0.0,547.0,NA,0.0
2026-02-25 13:00:00,53.75,63.5,2.0,7.0,9.0,NA,7.0,0.0,42.25,2.0,3.0,2.0,NA,NA,NA,26.5,32.5,0.0,229.25,0.0,0.0,522.0,NA,0.0
2026-02-25 14:00:00,50.25,59.25,2.0,7.0,9.0,NA,7.25,0.0,42.5,2.0,3.0,2.0,NA,NA,NA,26.5,33.0,0.0,228.75,0.0,0.0,434.75,NA,0.0
2026-02-25 15:00:00,58.75,69.5,2.0,7.0,9.0,NA,8.0,0.0,41.5,2.0,3.67,3.0,NA,NA,NA,26.0,34.25,0.0,225.5,0.0,0.0,291.25,NA,0.0
2026-02-25 16:00:00,60.75,71.75,2.0,7.0,9.0,NA,7.5,0.0,40.5,2.0,3.0,2.25,NA,NA,NA,25.5,34.5,0.0,243.0,0.0,0.0,44.25,NA,0.0
2026-02-25 17:00:00,44.5,53.0,2.0,7.0,9.0,NA,7.33,0.0,39.0,2.0,3.33,2.33,NA,NA,NA,24.5,35.5,0.0,241.75,0.0,0.0,9.5,NA,0.0
2026-02-25 18:00:00,44.75,53.5,2.0,6.75,8.0,NA,8.0,0.0,37.5,2.0,3.75,2.75,NA,NA,NA,23.5,40.5,0.0,236.5,0.0,0.0,6.25,NA,0.0
2026-02-25 19:00:00,60.25,71.0,2.0,6.0,8.0,NA,7.67,0.0,36.25,2.0,3.67,2.67,NA,NA,NA,23.0,43.25,0.0,235.75,0.0,0.0,6.0,NA,0.0
2026-02-25 20:00:00,91.75,107.0,2.0,6.0,8.0,NA,8.25,0.0,35.75,2.0,3.75,2.75,NA,NA,NA,22.0,46.75,0.0,240.0,0.0,0.0,6.25,NA,0.0
2026-02-25 21:00:00,78.75,92.0,2.0,6.0,8.0,NA,8.0,0.0,34.75,2.0,4.0,3.0,NA,NA,NA,22.0,49.0,0.0,224.75,0.0,0.0,6.0,NA,0.0
2026-02-25 22:00:00,95.75,111.5,2.0,6.0,8.0,NA,7.75,0.0,34.0,2.0,3.25,2.25,NA,NA,NA,21.0,52.25,0.0,239.25,0.0,0.0,6.0,NA,0.0
2026-02-25 23:00:00,79.5,93.25,2.0,6.0,7.75,NA,7.67,0.0,33.0,2.0,3.33,2.33,NA,NA,NA,21.0,54.25,0.0,239.5,0.0,0.0,6.0,NA,0.0
2026-02-26 00:00:00,67.5,79.5,2.0,6.0,7.0,NA,7.75,0.0,32.5,2.0,3.0,2.25,NA,NA,NA,20.5,56.75,0.0,208.75,0.0,0.0,6.0,NA,0.0
2026-02-26 01:00:00,79.25,92.75,2.0,6.0,7.0,NA,8.0,0.0,31.0,2.0,3.67,2.67,NA,NA,NA,20.0,61.5,0.0,246.5,0.0,0.0,6.25,NA,0.0
2026-02-26 02:00:00,63.0,74.0,2.0,5.75,7.0,NA,7.0,0.0,31.0,2.0,3.0,2.0,NA,NA,NA,19.0,63.5,0.0,235.0,0.0,0.0,6.0,NA,0.0
2026-02-26 03:00:00,83.25,97.25,2.0,5.0,7.0,NA,7.0,0.0,30.0,2.0,3.0,2.0,NA,NA,NA,19.0,67.75,0.0,201.0,0.0,0.0,6.0,NA,0.0
2026-02-26 04:00:00,85.25,99.25,2.0,5.0,7.0,NA,7.5,0.0,29.75,2.0,3.25,2.25,NA,NA,NA,19.0,67.0,0.0,208.0,0.0,0.0,6.0,NA,0.0
2026-02-26 05:00:00,72.0,84.25,2.0,5.0,7.0,NA,8.0,0.0,29.25,2.0,3.67,3.0,NA,NA,NA,18.5,65.75,0.0,230.5,0.0,0.0,6.0,NA,0.0
2026-02-26 06:00:00,60.5,71.75,2.0,5.0,7.0,NA,7.25,0.0,29.0,2.0,3.25,2.25,NA,NA,NA,18.0,67.0,0.0,222.0,0.0,0.0,6.0,NA,0.0
2026-02-26 07:00:00,72.0,84.0,2.0,5.0,7.0,NA,7.0,0.0,29.5,2.0,3.0,2.0,NA,NA,NA,18.5,64.5,0.0,209.75,0.0,0.0,68.5,NA,0.0
2026-02-26 08:00:00,83.5,97.5,2.0,5.75,7.25,NA,7.75,0.0,32.25,2.0,3.5,2.5,NA,NA,NA,20.0,58.0,0.0,230.25,0.0,0.0,206.75,NA,0.0
2026-02-26 09:00:00,85.25,99.75,2.0,6.0,8.0,NA,8.0,0.0,35.5,2.0,4.0,3.0,NA,NA,NA,22.25,52.0,0.0,221.0,0.0,0.0,348.75,NA,0.0
2026-02-26 10:00:00,81.0,94.75,2.0,7.0,8.25,NA,7.25,0.0,37.75,2.0,3.0,2.0,NA,NA,NA,23.5,47.75,0.0,230.25,0.0,0.0,461.25,NA,0.0
2026-02-26 11:00:00,69.75,82.0,2.0,7.0,9.0,NA,NA,0.0,39.5,2.0,3.0,2.0,NA,NA,NA,24.5,42.0,0.0,232.75,0.0,0.0,536.75,NA,0.0
2026-02-26 12:00:00,55.0,65.25,2.0,7.0,9.0,NA,7.0,0.0,40.5,2.0,3.0,2.0,NA,NA,NA,25.5,36.75,0.0,236.25,0.0,0.0,559.5,NA,0.0
2026-02-26 13:00:00,72.0,84.25,2.0,7.0,9.0,NA,7.0,0.0,41.25,2.0,3.0,2.0,NA,NA,NA,26.0,34.0,0.0,233.5,0.0,0.0,532.0,NA,0.0
2026-02-26 14:00:00,95.75,111.25,2.0,7.0,9.0,NA,7.75,0.0,42.0,2.0,3.75,2.75,NA,NA,NA,26.0,32.25,0.0,239.75,0.0,0.0,445.5,NA,0.0
2026-02-26 15:00:00,67.0,79.5,2.0,7.0,9.0,NA,8.0,0.0,41.75,2.0,4.0,3.0,NA,NA,NA,26.0,32.0,0.0,242.0,0.0,0.0,303.0,NA,0.0
2026-02-26 16:00:00,45.5,54.0,2.0,7.0,9.0,NA,8.0,0.0,40.75,2.0,3.75,2.75,NA,NA,NA,25.75,32.5,0.0,238.5,0.0,0.0,36.75,NA,0.0
2026-02-26 17:00:00,39.5,47.5,2.0,7.0,9.0,NA,8.0,0.0,39.25,2.0,3.67,2.67,NA,NA,NA,24.5,36.5,0.0,233.5,0.0,0.0,10.0,NA,0.0
2026-02-26 18:00:00,51.5,60.75,2.0,6.5,8.0,NA,7.25,0.0,37.0,2.0,3.0,2.0,NA,NA,NA,23.25,44.0,0.0,223.25,0.0,0.0,7.5,NA,0.0
2026-02-26 19:00:00,75.5,88.25,2.0,6.0,8.0,NA,7.0,0.0,35.75,2.0,3.0,2.0,NA,NA,NA,22.5,46.75,0.0,201.0,0.0,0.0,6.0,NA,0.0
2026-02-26 20:00:00,80.75,94.25,2.0,6.0,8.0,NA,7.0,0.0,35.0,2.0,3.0,2.0,NA,NA,NA,22.0,45.5,0.0,222.0,0.0,0.0,6.0,NA,0.0
2026-02-26 21:00:00,64.75,76.25,2.0,6.0,8.0,NA,7.33,0.0,34.75,2.0,3.0,2.0,NA,NA,NA,22.0,44.25,0.0,243.75,0.0,0.0,6.0,NA,0.0
2026-02-26 22:00:00,64.5,75.5,2.0,6.0,7.75,NA,7.25,0.0,33.5,2.0,3.0,2.25,NA,NA,NA,21.0,48.25,0.0,268.75,0.0,0.0,6.0,NA,0.0
2026-02-26 23:00:00,79.0,92.5,2.0,6.0,7.5,NA,7.0,0.0,32.75,2.0,3.0,2.0,NA,NA,NA,20.75,48.25,0.0,223.5,0.0,0.0,6.0,NA,0.0
2026-02-27 00:00:00,78.5,91.5,2.0,6.0,7.0,NA,7.5,0.0,32.0,2.0,3.0,2.5,NA,NA,NA,20.0,50.5,0.0,200.0,0.0,0.0,6.0,NA,0.0
2026-02-27 01:00:00,63.25,74.5,2.0,6.0,7.0,NA,8.0,0.0,32.0,2.0,3.67,2.67,NA,NA,NA,20.0,51.75,0.0,215.5,0.0,0.0,6.0,NA,0.0
2026-02-27 02:00:00,55.75,66.0,2.0,6.0,7.0,NA,7.25,0.0,31.75,2.0,3.25,2.25,NA,NA,NA,20.0,54.0,0.0,229.0,0.0,0.0,6.0,NA,0.0
2026-02-27 03:00:00,47.0,55.5,2.0,5.75,7.0,NA,7.0,0.0,31.0,2.0,3.0,2.0,NA,NA,NA,19.75,56.0,0.0,215.0,0.0,0.0,6.0,NA,0.0
2026-02-27 04:00:00,47.5,56.5,2.0,5.0,7.0,NA,7.0,0.0,30.0,2.0,3.0,2.0,NA,NA,NA,19.0,58.75,0.0,201.0,0.0,0.0,6.0,NA,0.0
2026-02-27 05:00:00,53.0,63.0,2.0,5.0,7.0,NA,7.0,0.0,29.5,2.0,3.0,2.0,NA,NA,NA,18.5,63.5,0.0,201.0,0.0,0.0,6.0,NA,0.0
2026-02-27 06:00:00,65.25,77.0,2.0,5.0,7.0,NA,7.0,0.0,29.0,2.0,3.0,2.0,NA,NA,NA,18.0,64.5,0.0,200.5,0.0,0.0,6.25,NA,0.0
2026-02-27 07:00:00,67.25,79.25,2.0,5.0,7.0,NA,7.0,0.0,30.0,2.0,3.0,2.0,NA,NA,NA,18.75,61.0,0.0,204.75,0.0,0.0,68.75,NA,0.0
2026-02-27 08:00:00,80.0,93.25,2.0,6.0,7.5,NA,7.5,0.0,32.5,2.0,3.5,2.5,NA,NA,NA,20.75,53.0,0.0,234.25,0.0,0.0,210.5,NA,0.0
2026-02-27 09:00:00,86.25,101.0,2.0,6.5,8.0,NA,8.0,0.0,36.5,2.0,4.0,3.0,NA,NA,NA,23.0,48.0,0.0,213.5,0.0,0.0,351.0,NA,0.0
2026-02-27 10:00:00,88.0,102.25,2.0,7.0,9.0,NA,8.0,0.0,39.5,2.0,3.75,3.0,NA,NA,NA,24.75,45.25,0.0,237.0,0.0,0.0,464.75,NA,0.0
2026-02-27 11:00:00,77.25,90.5,2.0,7.0,9.0,NA,NA,0.0,40.75,2.0,3.5,2.5,NA,NA,NA,25.75,40.75,0.0,225.0,0.0,0.0,534.5,NA,0.0
2026-02-27 12:00:00,62.25,73.5,2.0,7.0,9.0,NA,8.25,0.0,41.25,2.0,3.75,2.75,NA,NA,NA,26.0,36.5,0.0,242.75,0.0,0.0,559.75,NA,0.0
2026-02-27 13:00:00,58.25,68.5,2.0,7.0,9.0,NA,9.0,0.0,42.0,2.0,4.0,3.0,NA,NA,NA,26.0,34.5,0.0,229.5,0.0,0.0,531.75,NA,0.0
2026-02-27 14:00:00,61.5,72.5,2.0,7.0,9.0,NA,9.0,0.0,42.25,2.0,4.0,3.0,NA,NA,NA,26.5,34.0,0.0,238.25,0.0,0.0,448.0,NA,0.0
2026-02-27 15:00:00,54.75,64.5,2.0,7.0,9.0,NA,9.0,0.0,42.5,2.0,4.0,3.0,NA,NA,NA,27.0,34.25,0.0,256.75,0.0,0.0,294.0,NA,0.0
2026-02-27 16:00:00,44.5,53.0,2.0,7.0,9.0,NA,9.0,0.0,41.25,2.0,4.0,3.0,NA,NA,NA,26.0,34.0,0.0,238.0,0.0,0.0,44.25,NA,0.0
2026-02-27 17:00:00,41.0,48.5,2.0,7.0,9.0,NA,9.0,0.0,40.5,2.0,4.0,3.0,NA,NA,NA,25.25,36.0,0.0,238.25,0.0,0.0,11.25,NA,0.0
2026-02-27 18:00:00,44.5,53.25,2.0,7.0,8.75,NA,9.0,0.0,38.5,2.0,4.0,3.0,NA,NA,NA,24.0,39.25,0.0,225.75,0.0,0.0,6.25,NA,0.0
2026-02-27 19:00:00,65.75,77.25,2.0,7.0,8.0,NA,9.0,0.0,37.5,2.0,4.0,3.0,NA,NA,NA,23.75,41.25,0.0,231.25,0.0,0.0,6.0,NA,0.0
2026-02-27 20:00:00,87.0,101.75,2.0,6.0,8.0,NA,9.0,0.0,36.5,2.0,4.0,3.0,NA,NA,NA,23.0,43.75,0.0,233.0,0.0,0.0,6.0,NA,0.0
2026-02-27 21:00:00,74.5,87.75,2.0,6.0,8.0,NA,9.0,0.0,35.5,2.0,4.0,3.0,NA,NA,NA,22.5,46.75,0.0,233.25,0.0,0.0,6.0,NA,0.0
2026-02-27 22:00:00,103.0,120.25,2.0,6.0,8.0,NA,9.0,0.0,34.25,2.0,4.0,3.0,NA,NA,NA,21.75,53.25,0.0,246.5,0.0,0.0,6.0,NA,0.0
2026-02-27 23:00:00,107.25,125.0,2.0,6.0,8.0,NA,9.0,0.0,33.75,2.0,4.0,3.0,NA,NA,NA,21.0,54.5,0.0,198.75,0.0,0.0,6.0,NA,0.0
2026-02-28 00:00:00,87.25,102.5,2.0,6.0,7.5,NA,9.0,0.0,33.0,2.0,4.0,3.0,NA,NA,NA,21.0,55.5,0.0,203.0,0.0,0.0,6.0,NA,0.0
2026-02-28 01:00:00,85.25,99.75,2.0,6.0,7.0,NA,8.67,0.0,32.25,2.0,4.0,3.0,NA,NA,NA,20.25,55.75,0.0,178.75,0.0,0.0,6.0,NA,0.0
2026-02-28 02:00:00,63.75,75.0,2.0,6.0,7.0,NA,9.0,0.0,31.0,2.0,4.0,3.0,NA,NA,NA,20.0,58.5,0.0,251.5,0.0,0.0,6.0,NA,0.0
2026-02-28 03:00:00,72.0,84.0,2.0,5.25,7.0,NA,9.0,0.0,31.0,2.0,4.0,3.0,NA,NA,NA,19.25,61.5,0.0,260.5,0.0,0.0,6.0,NA,0.0
2026-02-28 04:00:00,72.25,85.25,2.0,5.0,7.0,NA,9.0,0.0,31.0,2.0,4.0,3.0,NA,NA,NA,19.0,63.0,0.0,277.75,0.0,0.0,6.0,NA,0.0
2026-02-28 05:00:00,71.25,83.25,2.0,5.0,7.0,NA,9.0,0.0,30.25,2.0,4.0,3.0,NA,NA,NA,19.0,64.75,0.0,237.0,0.0,0.0,6.0,NA,0.0
2026-02-28 06:00:00,76.0,89.0,2.0,5.0,7.0,NA,9.0,0.0,30.0,2.0,4.0,3.0,NA,NA,NA,19.0,67.75,0.0,289.25,0.0,0.0,6.25,NA,0.0
2026-02-28 07:00:00,89.0,104.5,2.0,5.5,7.0,NA,9.0,0.0,31.0,2.0,4.0,3.0,NA,NA,NA,19.5,64.0,0.0,254.25,0.0,0.0,68.5,NA,0.0
2026-02-28 08:00:00,104.5,121.5,2.0,6.0,7.75,NA,9.0,0.0,34.25,2.0,4.0,3.0,NA,NA,NA,21.5,53.5,0.0,215.25,0.0,0.0,178.25,NA,0.0
2026-02-28 09:00:00,101.0,117.25,2.0,6.75,8.25,NA,9.0,0.0,37.25,2.0,4.0,3.0,NA,NA,NA,23.5,45.5,0.0,213.75,0.0,0.0,327.25,NA,0.0
2026-02-28 10:00:00,96.5,112.5,2.0,7.0,9.0,NA,9.0,0.0,39.75,2.0,4.0,3.0,NA,NA,NA,24.75,40.75,0.0,237.25,0.0,0.0,441.25,NA,0.0
2026-02-28 11:00:00,70.0,81.75,2.0,7.0,9.0,NA,NA,0.0,40.75,2.0,4.0,3.0,NA,NA,NA,25.5,39.25,0.0,246.25,0.0,0.0,511.25,NA,0.0
2026-02-28 12:00:00,58.25,68.5,2.0,7.0,9.0,NA,8.0,0.0,42.75,2.0,4.0,3.0,NA,NA,NA,26.75,36.5,0.0,244.25,0.0,0.0,523.75,NA,0.0
2026-02-28 13:00:00,59.75,70.5,2.0,7.25,9.5,NA,8.0,0.0,43.0,2.0,4.0,3.0,NA,NA,NA,27.0,33.75,0.0,231.25,0.0,0.0,447.5,NA,0.0
2026-02-28 14:00:00,54.0,63.75,2.0,7.0,9.0,NA,9.0,0.0,42.25,2.0,4.0,3.0,NA,NA,NA,26.5,33.75,0.0,260.0,0.0,0.0,280.0,NA,0.0
2026-02-28 15:00:00,55.75,65.75,2.0,7.0,9.0,NA,8.33,0.0,42.0,2.0,4.0,3.0,NA,NA,NA,26.25,34.75,0.0,242.25,0.0,0.0,197.75,NA,0.0
2026-02-28 16:00:00,52.5,62.5,2.0,7.0,9.0,NA,9.0,0.0,42.0,2.0,4.0,3.0,NA,NA,NA,26.0,36.0,0.0,258.75,0.0,0.0,74.5,NA,0.0
2026-02-28 17:00:00,53.75,63.75,2.0,7.0,9.0,NA,9.0,0.0,40.5,2.0,4.0,3.0,NA,NA,NA,25.5,37.75,0.0,228.0,0.0,0.0,14.5,NA,0.0
2026-02-28 18:00:00,72.75,85.25,2.0,7.0,9.0,NA,9.0,0.0,39.0,2.0,4.0,3.0,NA,NA,NA,24.5,39.25,0.0,240.5,0.0,0.0,6.5,NA,0.0
2026-02-28 19:00:00,83.5,97.5,2.0,6.75,8.25,NA,9.0,0.0,37.5,2.0,4.0,3.0,NA,NA,NA,23.5,47.0,0.0,219.5,0.0,0.0,6.0,NA,0.0
2026-02-28 20:00:00,79.75,93.5,2.0,6.0,8.0,NA,9.0,0.0,36.25,2.0,4.0,3.0,NA,NA,NA,23.0,52.5,0.0,253.0,0.0,0.0,6.0,NA,0.0
2026-02-28 21:00:00,105.0,122.25,2.0,6.0,8.0,NA,9.0,0.0,35.75,2.0,4.0,3.0,NA,NA,NA,22.25,53.5,0.0,247.0,0.0,0.0,6.0,NA,0.0
2026-02-28 22:00:00,129.75,150.25,2.0,6.0,8.0,NA,9.0,0.0,35.5,2.0,4.0,3.0,NA,NA,NA,22.0,54.75,0.0,244.5,0.0,0.0,6.0,NA,0.0
2026-02-28 23:00:00,95.33,111.67,2.0,6.0,8.0,NA,9.0,0.0,35.0,2.0,4.0,3.0,NA,NA,NA,22.0,55.0,0.0,248.33,0.0,0.0,6.0,NA,0.0
2026-03-01 00:00:00,77.5,90.75,2.0,6.0,8.0,NA,9.0,0.0,35.0,2.0,4.0,3.0,NA,NA,NA,22.0,55.0,0.0,234.0,0.0,0.0,6.0,NA,0.0
2026-03-01 01:00:00,73.5,86.5,2.0,6.0,8.0,NA,9.0,0.0,34.25,2.0,4.0,3.0,NA,NA,NA,22.0,55.0,0.0,237.75,0.0,0.0,6.0,NA,0.0
2026-03-01 02:00:00,61.0,72.25,2.0,6.0,8.0,NA,8.0,0.0,34.0,2.0,4.0,3.0,NA,NA,NA,21.5,54.75,0.0,227.5,0.0,0.0,6.0,NA,0.0
2026-03-01 03:00:00,54.25,64.0,2.0,6.0,7.5,NA,8.0,0.0,33.0,2.0,4.0,3.0,NA,NA,NA,21.0,56.0,0.0,218.5,0.0,0.0,6.0,NA,0.0
2026-03-01 04:00:00,51.25,60.5,2.0,6.0,7.0,NA,8.0,0.0,32.75,2.0,4.0,3.0,NA,NA,NA,20.75,57.25,0.0,227.5,0.0,0.0,6.0,NA,0.0
2026-03-01 05:00:00,52.75,62.5,2.0,6.0,7.0,NA,8.0,0.0,31.75,2.0,4.0,3.0,NA,NA,NA,20.0,60.0,0.0,227.25,0.0,0.0,6.0,NA,0.0
2026-03-01 06:00:00,57.5,68.0,2.0,5.5,7.0,NA,8.67,0.0,31.0,2.0,4.0,3.0,NA,NA,NA,19.5,62.75,0.0,222.5,0.0,0.0,6.25,NA,0.0
2026-03-01 07:00:00,58.25,69.0,2.0,6.0,7.0,NA,8.67,0.0,31.5,2.0,4.0,3.0,NA,NA,NA,19.75,62.5,0.0,230.0,0.0,0.0,73.25,NA,0.0
2026-03-01 08:00:00,73.25,85.75,2.0,6.0,7.75,NA,9.0,0.0,34.0,2.0,4.0,3.0,NA,NA,NA,21.5,55.75,0.0,234.0,0.0,0.0,220.0,NA,0.0
2026-03-01 09:00:00,70.0,82.0,2.0,6.5,8.25,NA,9.0,0.0,37.0,2.0,4.0,3.0,NA,NA,NA,23.25,49.25,0.0,238.75,0.0,0.0,365.5,NA,0.0
2026-03-01 10:00:00,69.0,81.0,2.0,7.0,9.0,NA,9.0,0.0,40.0,2.0,4.0,3.0,NA,NA,NA,25.25,42.25,0.0,247.5,0.0,0.0,483.5,NA,0.0
2026-03-01 11:00:00,59.5,69.75,2.0,7.0,9.0,NA,NA,0.0,42.5,2.0,4.0,3.0,NA,NA,NA,26.5,34.75,0.0,233.0,0.0,0.0,558.5,NA,0.0
2026-03-01 12:00:00,53.75,63.75,2.0,7.75,10.0,NA,8.0,0.0,43.75,2.0,4.0,3.0,NA,NA,NA,27.0,31.5,0.0,217.0,0.0,0.0,581.0,NA,0.0
2026-03-01 13:00:00,87.0,101.5,2.0,8.0,10.0,NA,8.0,0.0,44.0,2.0,4.0,3.0,NA,NA,NA,27.25,29.25,0.0,222.0,0.0,0.0,554.25,NA,0.0
2026-03-01 14:00:00,114.25,132.75,2.0,8.0,10.0,NA,9.0,0.0,44.0,2.0,4.0,3.0,NA,NA,NA,27.75,27.0,0.0,231.75,0.0,0.0,468.0,NA,0.0
2026-03-01 15:00:00,99.0,115.5,2.0,7.75,10.0,NA,9.0,0.0,43.5,2.0,4.0,3.0,NA,NA,NA,27.0,26.25,0.0,244.25,0.0,0.0,306.75,NA,0.0
2026-03-01 16:00:00,139.0,161.0,2.0,7.0,9.0,NA,9.0,0.0,42.75,2.0,4.0,3.0,NA,NA,NA,26.75,27.0,0.0,249.75,0.0,0.0,36.75,NA,0.0
2026-03-01 17:00:00,79.75,93.5,2.0,7.0,9.0,NA,9.0,0.0,41.0,2.0,4.0,3.0,NA,NA,NA,25.75,28.75,0.0,247.75,0.0,0.0,10.5,NA,0.0
2026-03-01 18:00:00,46.25,55.25,2.0,7.0,9.0,NA,9.0,0.0,39.25,2.0,4.0,3.0,NA,NA,NA,24.5,32.0,0.0,223.75,0.0,0.0,6.0,NA,0.0
2026-03-01 19:00:00,61.75,73.25,2.0,7.0,8.25,NA,9.0,0.0,37.75,2.0,4.0,3.0,NA,NA,NA,23.75,35.75,0.0,210.0,0.0,0.0,6.0,NA,0.0
2026-03-01 20:00:00,74.25,87.0,2.0,6.25,8.0,NA,9.0,0.0,36.75,2.0,4.0,3.0,NA,NA,NA,23.0,40.5,0.0,213.0,0.0,0.0,6.0,NA,0.0
2026-03-01 21:00:00,88.0,103.0,2.0,6.0,8.0,NA,9.0,0.0,35.5,2.0,4.0,3.0,NA,NA,NA,22.25,44.5,0.0,199.0,0.0,0.0,6.0,NA,0.0
2026-03-01 22:00:00,86.0,100.5,2.0,6.0,8.0,NA,8.67,0.0,35.25,2.0,4.0,3.0,NA,NA,NA,22.0,44.25,0.0,231.75,0.0,0.0,6.0,NA,0.0
2026-03-01 23:00:00,83.75,97.75,2.0,6.0,8.0,NA,9.0,0.0,35.0,2.0,4.0,3.0,NA,NA,NA,22.0,44.5,0.0,223.25,0.0,0.0,6.75,NA,0.0
2026-03-02 00:00:00,76.0,88.5,2.0,6.0,8.0,NA,9.0,0.0,34.5,2.0,4.0,3.0,NA,NA,NA,21.75,45.25,0.0,246.0,0.0,0.0,6.0,NA,0.0
2026-03-02 01:00:00,56.0,66.25,2.0,6.0,7.75,NA,9.0,0.0,33.5,2.0,4.0,3.0,NA,NA,NA,21.0,48.0,0.0,244.25,0.0,0.0,6.0,NA,0.0
2026-03-02 02:00:00,47.5,56.25,2.0,6.0,7.0,NA,9.0,0.0,32.25,2.0,4.0,3.0,NA,NA,NA,20.25,51.5,0.0,247.25,0.0,0.0,6.0,NA,0.0
2026-03-02 03:00:00,49.5,59.25,2.0,6.0,7.0,NA,9.0,0.0,32.0,2.0,4.0,3.0,NA,NA,NA,20.0,54.0,0.0,251.0,0.0,0.0,6.0,NA,0.0
2026-03-02 04:00:00,44.0,52.25,2.0,5.25,7.0,NA,9.0,0.0,31.0,2.0,4.0,3.0,NA,NA,NA,19.25,57.75,0.0,238.0,0.0,0.0,6.0,NA,0.0
2026-03-02 05:00:00,41.25,49.75,2.0,5.0,7.0,NA,9.0,0.0,31.0,2.0,4.0,3.0,NA,NA,NA,19.0,60.75,0.0,222.25,0.0,0.0,6.0,NA,0.0
2026-03-02 06:00:00,45.25,53.75,2.0,5.0,7.0,NA,9.0,0.0,30.0,2.0,4.0,3.0,NA,NA,NA,19.0,63.5,0.0,219.75,0.0,0.0,6.25,NA,0.0
2026-03-02 07:00:00,72.75,85.25,2.0,5.25,7.0,NA,9.0,0.0,30.5,2.0,4.0,3.0,NA,NA,NA,19.25,61.25,0.0,220.0,0.0,0.0,79.75,NA,0.0
2026-03-02 08:00:00,69.75,82.0,2.0,6.0,7.5,NA,8.25,0.0,33.25,2.0,4.0,3.0,NA,NA,NA,20.75,54.25,0.0,221.75,0.0,0.0,229.75,NA,0.0
2026-03-02 09:00:00,78.25,91.75,2.0,6.0,8.0,NA,8.0,0.0,36.0,2.0,4.0,3.0,NA,NA,NA,22.5,48.75,0.0,238.0,0.0,0.0,370.75,NA,0.0
2026-03-02 10:00:00,94.75,110.0,2.0,7.0,8.5,NA,8.5,0.0,38.0,2.0,4.0,3.0,NA,NA,NA,23.75,46.0,0.0,242.5,0.0,0.0,484.75,NA,0.0
2026-03-02 11:00:00,87.5,102.0,2.0,7.0,9.0,NA,NA,0.0,40.5,2.0,4.0,3.0,NA,NA,NA,25.25,41.5,0.0,255.0,0.0,0.0,553.5,NA,0.0
2026-03-02 12:00:00,71.25,83.5,2.0,7.0,9.0,NA,9.0,0.0,42.0,2.0,4.0,3.0,NA,NA,NA,26.5,36.5,0.0,235.0,0.0,0.0,566.5,NA,0.0
2026-03-02 13:00:00,70.25,82.75,2.0,7.0,9.25,NA,9.33,0.0,43.0,2.0,4.0,3.0,NA,NA,NA,27.0,34.0,0.0,245.5,0.0,0.0,528.75,NA,0.0
2026-03-02 14:00:00,76.5,89.5,2.0,7.0,9.75,NA,8.5,0.0,43.0,2.0,4.0,2.75,NA,NA,NA,27.0,30.25,0.0,263.25,0.0,0.0,467.5,NA,0.0
2026-03-02 15:00:00,144.0,166.5,2.0,7.5,9.75,NA,6.33,0.0,43.0,1.33,3.0,2.0,NA,NA,NA,27.0,27.75,0.0,261.25,0.0,0.0,311.0,NA,0.0
2026-03-02 16:00:00,96.5,112.5,2.0,7.0,9.0,NA,8.5,0.0,42.25,1.75,3.75,2.75,NA,NA,NA,26.5,29.75,0.0,249.5,0.0,0.0,35.5,NA,0.0
2026-03-02 17:00:00,74.25,87.5,2.0,7.0,9.0,NA,10.0,0.0,41.0,2.0,5.0,3.0,NA,NA,NA,25.5,32.5,0.0,231.75,0.0,0.0,10.0,NA,0.0
2026-03-02 18:00:00,63.5,74.25,2.0,7.0,9.0,NA,8.5,0.0,39.25,2.25,4.0,2.75,NA,NA,NA,24.5,36.25,0.0,231.75,0.0,0.0,6.0,NA,0.0
2026-03-02 19:00:00,68.0,80.0,2.0,7.0,8.25,NA,7.0,0.0,37.75,2.0,3.0,2.0,NA,NA,NA,24.0,41.0,0.0,250.5,0.0,0.0,6.0,NA,0.0
2026-03-02 20:00:00,79.5,93.0,2.0,6.25,8.0,NA,8.25,0.0,37.0,2.0,3.75,2.75,NA,NA,NA,23.0,45.0,0.0,229.75,0.0,0.0,6.0,NA,0.0
2026-03-02 21:00:00,85.25,99.25,2.0,6.0,8.0,NA,9.0,0.0,36.25,2.0,4.0,3.0,NA,NA,NA,23.0,45.75,0.0,239.0,0.0,0.0,6.0,NA,0.0
2026-03-02 22:00:00,80.0,93.25,2.0,6.0,8.0,NA,9.0,0.0,36.0,2.0,4.0,3.0,NA,NA,NA,23.0,46.25,0.0,249.0,0.0,0.0,6.0,NA,0.0
2026-03-02 23:00:00,66.75,78.75,2.0,6.0,8.0,NA,9.0,0.0,35.25,2.0,4.0,3.0,NA,NA,NA,22.0,49.0,0.0,262.0,0.0,0.0,6.0,NA,0.0
2026-03-03 00:00:00,63.25,75.0,2.0,6.0,8.0,NA,9.0,0.0,35.0,2.0,4.0,3.0,NA,NA,NA,22.0,49.5,0.0,240.75,0.0,0.0,6.0,NA,0.0
2026-03-03 01:00:00,68.25,80.25,2.0,6.0,8.0,NA,9.0,0.0,34.25,2.0,4.0,3.0,NA,NA,NA,22.0,47.75,0.0,222.75,0.0,0.0,6.0,NA,0.0
2026-03-03 02:00:00,63.75,75.0,2.0,6.0,8.0,NA,8.0,0.0,34.0,2.0,4.0,3.0,NA,NA,NA,21.5,47.25,0.0,238.0,0.0,0.0,6.0,NA,0.0
2026-03-03 03:00:00,53.5,63.75,2.0,6.0,7.25,NA,8.0,0.0,32.5,2.0,4.0,3.0,NA,NA,NA,20.5,52.25,0.0,228.5,0.0,0.0,6.0,NA,0.0
2026-03-03 04:00:00,55.5,65.5,2.0,5.75,7.0,NA,8.75,0.0,31.25,2.0,4.0,3.0,NA,NA,NA,19.75,56.5,0.0,212.25,0.0,0.0,6.0,NA,0.0
2026-03-03 05:00:00,58.5,68.75,2.0,5.0,7.0,NA,9.0,0.0,30.25,2.0,4.0,3.0,NA,NA,NA,19.0,59.75,0.0,216.25,0.0,0.0,6.0,NA,0.0
2026-03-03 06:00:00,59.0,70.0,2.0,5.0,7.0,NA,9.0,0.0,30.0,2.0,4.0,3.0,NA,NA,NA,19.0,62.0,0.0,203.5,0.0,0.0,6.5,NA,0.0
2026-03-03 07:00:00,74.75,87.25,2.0,5.5,7.0,NA,9.0,0.0,31.0,2.0,4.0,3.0,NA,NA,NA,19.5,59.0,0.0,209.25,0.0,0.0,83.0,NA,0.0
2026-03-03 08:00:00,78.75,92.0,2.0,6.0,7.5,NA,9.0,0.0,33.5,2.0,4.0,3.0,NA,NA,NA,21.0,54.0,0.0,225.75,0.0,0.0,233.25,NA,0.0
2026-03-03 09:00:00,82.25,96.25,2.0,6.0,8.0,NA,9.0,0.0,36.0,2.0,4.0,3.0,NA,NA,NA,22.5,49.25,0.0,226.75,0.0,0.0,372.5,NA,0.0
2026-03-03 10:00:00,86.5,100.5,2.0,7.0,8.5,NA,9.25,0.0,38.25,2.0,4.0,3.0,NA,NA,NA,23.75,44.5,0.0,234.25,0.0,0.0,477.75,NA,0.0
2026-03-03 11:00:00,78.25,91.5,2.0,7.0,9.0,NA,9.5,0.0,40.25,2.0,4.0,3.0,NA,NA,NA,25.25,40.0,0.0,248.75,0.0,0.0,537.75,NA,0.0
2026-03-03 12:00:00,83.75,97.75,2.0,7.0,9.0,NA,9.0,0.0,41.5,2.0,4.0,3.0,NA,NA,NA,26.0,38.25,0.0,244.25,0.0,0.0,555.0,NA,0.0
2026-03-03 13:00:00,104.75,122.25,2.0,7.0,9.0,NA,8.33,0.0,42.0,2.0,4.0,3.0,NA,NA,NA,26.5,36.5,0.0,260.5,0.0,0.0,517.0,NA,0.0
2026-03-03 14:00:00,88.25,102.75,2.0,7.0,9.0,NA,8.25,0.0,42.75,2.0,3.75,2.75,NA,NA,NA,27.0,34.5,0.0,228.75,0.0,0.0,448.0,NA,0.0
2026-03-03 15:00:00,87.5,102.5,2.0,7.0,9.0,NA,10.0,0.0,42.75,2.67,5.0,3.33,NA,NA,NA,26.75,34.75,0.0,240.75,0.0,0.0,289.0,NA,0.0
2026-03-03 16:00:00,63.0,74.5,2.0,7.0,9.0,NA,8.25,0.0,42.0,2.25,4.0,2.75,NA,NA,NA,26.25,34.5,0.0,235.25,0.0,0.0,41.5,NA,0.0
2026-03-03 17:00:00,54.75,64.5,2.0,7.0,9.0,NA,7.0,0.0,40.5,2.0,3.0,2.0,NA,NA,NA,25.5,37.75,0.0,250.5,0.0,0.0,11.25,NA,0.0
2026-03-03 18:00:00,49.0,58.0,2.0,7.0,9.0,NA,8.0,0.0,38.75,2.0,3.75,2.75,NA,NA,NA,24.25,42.25,0.0,251.0,0.0,0.0,6.25,NA,0.0
2026-03-03 19:00:00,68.75,80.5,2.0,7.0,8.0,NA,8.0,0.0,37.75,2.0,4.0,3.0,NA,NA,NA,23.75,45.25,0.0,254.5,0.0,0.0,6.0,NA,0.0
2026-03-03 20:00:00,83.25,97.0,2.0,6.25,8.0,NA,8.75,0.0,37.0,2.0,4.0,3.0,NA,NA,NA,23.0,46.5,0.0,206.75,0.0,0.0,6.0,NA,0.0
2026-03-03 21:00:00,98.0,114.5,2.0,6.0,8.0,NA,9.0,0.0,36.0,2.0,4.0,3.0,NA,NA,NA,23.0,47.0,0.0,210.0,0.0,0.0,6.0,NA,0.0
2026-03-03 22:00:00,83.25,97.0,2.0,6.0,8.0,NA,9.0,0.0,36.0,2.0,4.0,3.0,NA,NA,NA,22.25,47.5,0.0,280.5,0.0,0.0,6.0,NA,0.0
2026-03-03 23:00:00,70.5,82.75,2.0,6.0,8.0,NA,9.0,0.0,35.0,2.0,4.0,3.0,NA,NA,NA,22.0,48.25,0.0,309.75,0.0,0.0,6.0,NA,0.0
2026-03-04 00:00:00,67.25,78.5,2.0,6.0,8.0,NA,9.0,0.0,34.25,2.0,4.0,3.0,NA,NA,NA,21.75,50.25,0.0,286.75,0.0,0.0,6.0,NA,0.0
2026-03-04 01:00:00,71.25,83.5,2.0,6.0,8.0,NA,8.67,0.0,34.0,2.0,4.0,3.0,NA,NA,NA,21.0,50.75,0.0,241.0,0.0,0.0,6.0,NA,0.0
2026-03-04 02:00:00,69.5,81.5,2.0,6.0,7.75,NA,8.5,0.0,33.0,2.0,4.0,3.0,NA,NA,NA,21.0,51.25,0.0,243.75,0.0,0.0,6.0,NA,0.0
2026-03-04 03:00:00,60.5,70.75,2.0,6.0,7.0,NA,8.33,0.0,32.5,2.0,4.0,3.0,NA,NA,NA,20.25,53.75,0.0,230.25,0.0,0.0,6.0,NA,0.0
2026-03-04 04:00:00,60.75,71.0,2.0,6.0,7.0,NA,8.75,0.0,31.25,2.0,4.0,3.0,NA,NA,NA,20.0,56.5,0.0,222.25,0.0,0.0,6.0,NA,0.0
2026-03-04 05:00:00,56.75,67.25,2.0,6.0,7.0,NA,9.0,0.0,31.0,2.0,4.0,3.0,NA,NA,NA,20.0,58.25,0.0,243.5,0.0,0.0,6.0,NA,0.0
2026-03-04 06:00:00,56.25,67.0,2.0,5.25,7.0,NA,8.67,0.0,31.0,2.0,4.0,3.0,NA,NA,NA,19.25,60.75,0.0,262.5,0.0,0.0,6.5,NA,0.0
2026-03-04 07:00:00,70.0,82.5,2.0,5.75,7.0,NA,8.0,0.0,31.5,2.0,4.0,3.0,NA,NA,NA,19.75,60.5,0.0,256.5,0.0,0.0,74.75,NA,0.0
2026-03-04 08:00:00,74.5,87.0,2.0,6.0,7.5,NA,8.33,0.0,33.75,2.0,4.0,3.0,NA,NA,NA,21.0,56.0,0.0,223.25,0.0,0.0,213.0,NA,0.0
2026-03-04 09:00:00,74.5,87.0,2.0,6.5,8.25,NA,9.0,0.0,37.5,2.0,4.0,3.0,NA,NA,NA,23.5,49.0,0.0,199.25,0.0,0.0,347.75,NA,0.0
2026-03-04 10:00:00,82.75,96.5,2.0,7.0,9.0,NA,9.0,0.0,39.75,2.0,4.0,3.0,NA,NA,NA,25.0,45.0,0.0,230.5,0.0,0.0,456.25,NA,0.0
2026-03-04 11:00:00,85.75,99.75,2.0,7.0,9.0,NA,NA,0.0,42.0,2.0,4.0,3.0,NA,NA,NA,26.5,41.25,0.0,209.75,0.0,0.0,519.25,NA,0.0
2026-03-04 12:00:00,76.5,89.75,2.0,7.0,9.0,NA,8.5,0.0,43.0,2.0,4.0,3.0,NA,NA,NA,27.0,40.0,0.0,231.0,0.0,0.0,537.75,NA,0.0
2026-03-04 13:00:00,72.0,84.75,2.0,7.5,9.5,NA,8.0,0.0,43.25,2.0,4.0,3.0,NA,NA,NA,27.0,40.75,0.0,221.0,0.0,0.0,497.5,NA,0.0
2026-03-04 14:00:00,60.75,71.75,2.0,8.0,10.0,NA,9.0,0.0,44.0,2.0,4.0,3.0,NA,NA,NA,27.25,40.5,0.0,219.5,0.0,0.0,408.25,NA,0.0
2026-03-04 15:00:00,54.25,64.0,2.0,7.25,9.5,NA,9.0,0.0,43.0,2.0,4.0,3.0,NA,NA,NA,27.0,42.0,0.0,223.0,0.0,0.0,276.25,NA,0.0
2026-03-04 16:00:00,46.25,55.25,2.0,7.0,9.0,NA,8.0,0.0,42.25,2.0,4.0,3.0,NA,NA,NA,26.5,44.25,0.0,231.0,0.0,0.0,56.5,NA,0.0
2026-03-04 17:00:00,46.75,55.5,2.0,7.0,9.0,NA,8.0,0.0,41.0,2.0,4.0,3.0,NA,NA,NA,25.5,45.5,0.0,245.5,0.0,0.0,13.75,NA,0.0
2026-03-04 18:00:00,48.0,56.75,2.0,7.0,9.0,NA,8.0,0.0,38.75,2.0,4.0,3.0,NA,NA,NA,24.25,52.0,0.0,241.75,0.0,0.0,6.0,NA,0.0
2026-03-04 19:00:00,56.5,66.5,2.0,7.0,8.0,NA,8.0,0.0,38.0,2.0,4.0,3.0,NA,NA,NA,24.0,55.0,0.0,239.75,0.0,0.0,6.0,NA,0.0
2026-03-04 20:00:00,63.0,74.0,2.0,7.0,8.0,NA,8.75,0.0,37.0,2.0,4.0,3.0,NA,NA,NA,23.25,55.5,0.0,248.75,0.0,0.0,6.0,NA,0.0
2026-03-04 21:00:00,67.0,78.5,2.0,6.0,8.0,NA,9.0,0.0,36.75,2.0,4.0,3.0,NA,NA,NA,23.0,58.5,0.0,244.5,0.0,0.0,6.0,NA,0.0
2026-03-04 22:00:00,69.5,81.5,2.0,6.0,8.0,NA,9.0,0.0,35.75,2.0,4.0,3.0,NA,NA,NA,22.25,63.0,0.0,315.75,0.0,0.0,6.0,NA,0.0
2026-03-04 23:00:00,76.0,89.0,2.0,6.0,8.0,NA,9.0,0.0,35.0,2.0,4.0,3.0,NA,NA,NA,22.0,65.25,0.0,211.5,0.0,0.0,6.0,NA,0.0
2026-03-05 00:00:00,66.5,78.25,2.0,6.0,8.0,NA,9.0,0.0,35.0,2.0,4.0,3.0,NA,NA,NA,22.0,66.75,0.0,200.0,0.0,0.0,6.0,NA,0.0
2026-03-05 01:00:00,61.25,71.75,2.0,6.0,8.0,NA,9.0,0.0,34.0,2.0,4.0,3.0,NA,NA,NA,21.5,68.75,0.0,200.0,0.0,0.0,6.0,NA,0.0
2026-03-05 02:00:00,59.75,70.25,2.0,6.0,8.0,NA,9.0,0.0,34.0,2.0,4.0,3.0,NA,NA,NA,21.25,69.75,0.0,200.0,0.0,0.0,6.0,NA,0.0
2026-03-05 03:00:00,57.25,67.5,2.0,6.0,7.75,NA,9.0,0.0,33.5,2.0,4.0,3.0,NA,NA,NA,21.0,73.25,0.0,200.0,0.0,0.0,6.0,NA,0.0
2026-03-05 04:00:00,62.25,73.5,2.0,6.0,7.0,NA,9.0,0.0,33.0,2.0,4.0,3.0,NA,NA,NA,21.0,76.75,0.0,200.25,0.0,0.0,6.0,NA,0.0
2026-03-05 05:00:00,63.0,74.75,2.0,6.0,7.0,NA,9.0,0.0,32.0,2.0,4.0,3.0,NA,NA,NA,20.0,79.5,0.0,200.0,0.0,0.0,6.0,NA,0.0
2026-03-05 06:00:00,64.75,76.25,2.0,6.0,7.0,NA,9.0,0.0,32.0,2.0,4.0,3.0,NA,NA,NA,20.0,81.25,0.0,199.25,0.0,0.0,6.0,NA,0.0
2026-03-05 07:00:00,70.25,82.0,2.0,6.0,7.5,NA,9.0,0.0,33.0,2.0,4.0,3.0,NA,NA,NA,20.75,78.0,0.0,199.0,0.0,0.0,50.5,NA,0.0
2026-03-05 08:00:00,83.0,97.5,2.0,6.0,8.0,NA,9.0,0.0,35.5,2.0,4.0,3.0,NA,NA,NA,22.5,68.75,0.0,199.0,0.0,0.0,166.75,NA,0.0
2026-03-05 09:00:00,97.5,113.75,2.0,7.0,8.75,NA,9.0,0.0,38.5,2.0,4.0,3.0,NA,NA,NA,24.0,58.5,0.0,233.25,0.0,0.0,288.75,NA,0.0
2026-03-05 10:00:00,91.5,106.75,2.0,7.0,9.0,NA,9.0,0.0,40.5,2.0,4.0,3.0,NA,NA,NA,25.5,52.5,0.0,254.5,0.0,0.0,395.0,NA,0.0
2026-03-05 11:00:00,90.5,106.0,2.0,7.0,9.0,NA,NA,0.0,41.75,2.0,4.0,3.0,NA,NA,NA,26.0,49.25,0.0,246.75,0.0,0.0,451.0,NA,0.0
2026-03-05 12:00:00,79.0,93.0,2.0,7.0,9.0,NA,8.5,0.0,42.75,2.0,4.0,3.0,NA,NA,NA,27.0,45.5,0.0,265.0,0.0,0.0,467.25,NA,0.0
2026-03-05 13:00:00,72.75,85.0,2.0,7.75,10.0,NA,8.0,0.0,43.75,2.0,4.0,3.0,NA,NA,NA,27.5,43.25,0.0,240.25,0.0,0.0,432.75,NA,0.0
2026-03-05 14:00:00,68.5,80.5,2.0,7.25,9.75,NA,8.75,0.0,43.25,2.0,4.0,3.0,NA,NA,NA,27.25,43.75,0.0,237.5,0.0,0.0,346.75,NA,0.0
2026-03-05 15:00:00,74.25,87.0,2.25,8.0,10.0,NA,9.0,0.0,44.75,2.0,4.0,3.0,NA,NA,NA,28.0,41.75,0.0,226.25,0.0,0.0,235.5,NA,0.0
2026-03-05 16:00:00,68.25,80.25,2.0,7.25,9.25,NA,9.0,0.0,42.25,2.0,4.0,3.0,NA,NA,NA,26.5,46.25,0.0,205.5,0.0,0.0,75.5,NA,0.0
2026-03-05 17:00:00,67.0,79.0,2.0,7.0,9.0,NA,8.33,0.0,41.25,2.0,4.0,3.0,NA,NA,NA,26.0,49.0,0.0,196.5,0.0,0.0,17.25,NA,0.0
2026-03-05 18:00:00,74.0,86.5,2.0,7.0,9.0,NA,9.0,0.0,40.0,2.0,4.0,3.0,NA,NA,NA,25.0,51.5,0.0,169.75,0.0,0.0,6.75,NA,0.0
2026-03-05 19:00:00,80.0,93.75,2.0,7.0,9.0,NA,8.67,0.0,39.25,2.0,4.0,3.0,NA,NA,NA,24.75,54.75,0.0,174.5,0.0,0.0,6.0,NA,0.0
2026-03-05 20:00:00,90.5,105.5,2.0,7.0,8.75,NA,9.0,0.0,38.5,2.0,4.0,3.0,NA,NA,NA,24.0,58.75,0.0,144.25,0.0,0.0,6.0,NA,0.0
2026-03-05 21:00:00,105.5,122.5,2.0,7.0,8.0,NA,9.0,0.0,38.0,2.0,4.0,3.0,NA,NA,NA,24.0,59.75,0.0,198.75,0.0,0.0,6.0,NA,0.0
2026-03-05 22:00:00,98.5,114.25,2.0,6.75,8.0,NA,9.0,0.0,37.0,2.0,4.0,3.0,NA,NA,NA,23.0,57.25,0.0,179.5,0.0,0.0,6.0,NA,0.0
2026-03-05 23:00:00,92.25,107.75,2.0,6.0,8.0,NA,9.0,0.0,36.75,2.0,4.0,3.0,NA,NA,NA,23.0,57.5,0.0,191.5,0.0,0.0,6.0,NA,0.0
2026-03-06 00:00:00,84.25,98.25,2.0,6.0,8.0,NA,9.0,0.0,36.0,2.0,4.0,3.0,NA,NA,NA,23.0,58.75,0.0,196.25,0.0,0.0,6.0,NA,0.0
2026-03-06 01:00:00,80.0,93.25,2.0,6.0,8.0,NA,9.0,0.0,35.25,2.0,4.0,3.0,NA,NA,NA,22.0,60.75,0.0,192.0,0.0,0.0,6.0,NA,0.0
2026-03-06 02:00:00,76.75,90.0,2.0,6.0,8.0,NA,8.33,0.0,34.75,2.0,4.0,3.0,NA,NA,NA,22.0,63.5,0.0,195.0,0.0,0.0,6.0,NA,0.0
2026-03-06 03:00:00,77.0,90.75,2.0,6.0,8.0,NA,8.0,0.0,34.0,2.0,4.0,3.0,NA,NA,NA,21.25,66.5,0.0,185.75,0.0,0.0,6.0,NA,0.0
2026-03-06 04:00:00,78.0,91.0,2.0,6.0,8.0,NA,9.0,0.0,34.0,2.0,4.0,3.0,NA,NA,NA,21.0,67.33,0.0,196.33,0.0,0.0,6.0,NA,0.0
2026-03-06 05:00:00,78.75,92.75,2.0,6.0,8.0,NA,9.0,0.0,33.75,2.0,4.0,3.0,NA,NA,NA,21.0,68.25,0.0,195.0,0.0,0.0,6.0,NA,0.0
2026-03-06 06:00:00,79.0,93.0,2.0,6.0,7.25,NA,9.0,0.0,33.0,2.0,4.0,3.0,NA,NA,NA,21.0,70.5,0.0,196.0,0.0,0.0,6.0,NA,0.0
2026-03-06 07:00:00,82.5,96.25,2.0,6.0,7.5,NA,9.0,0.0,33.25,2.0,4.0,3.0,NA,NA,NA,21.0,70.25,0.0,201.0,0.0,0.0,53.5,NA,0.0
2026-03-06 08:00:00,88.0,103.0,2.0,6.0,8.0,NA,9.0,0.0,35.0,2.0,4.0,3.0,NA,NA,NA,22.0,62.5,0.0,199.5,0.0,0.0,172.75,NA,0.0
2026-03-06 09:00:00,85.75,100.5,2.0,6.75,8.0,NA,9.0,0.0,37.5,2.0,4.0,3.0,NA,NA,NA,23.5,55.25,0.0,206.5,0.0,0.0,306.5,NA,0.0
2026-03-06 10:00:00,76.25,88.75,2.0,7.0,9.0,NA,8.33,0.0,39.5,2.0,4.0,3.0,NA,NA,NA,24.75,51.75,0.0,203.0,0.0,0.0,415.75,NA,0.0
2026-03-06 11:00:00,69.75,82.0,2.0,7.0,9.0,NA,NA,0.0,41.25,2.0,4.0,3.0,NA,NA,NA,25.75,47.75,0.0,196.25,0.0,0.0,480.0,NA,0.0
2026-03-06 12:00:00,63.0,73.25,2.0,7.0,9.0,NA,8.0,0.0,42.25,2.0,4.0,3.0,NA,NA,NA,26.5,43.75,0.0,192.5,0.0,0.0,502.75,NA,0.0
2026-03-06 13:00:00,54.25,64.25,2.0,7.25,9.5,NA,9.0,0.0,43.0,2.0,4.0,3.0,NA,NA,NA,27.0,40.75,0.0,202.75,0.0,0.0,476.75,NA,0.0
2026-03-06 14:00:00,47.0,55.25,2.0,7.0,9.0,NA,9.0,0.0,43.0,2.0,4.0,3.0,NA,NA,NA,27.0,41.0,0.0,196.5,0.0,0.0,387.0,NA,0.0
2026-03-06 15:00:00,46.0,54.75,2.0,7.0,9.5,NA,8.67,0.0,43.0,2.0,4.0,3.0,NA,NA,NA,27.0,40.25,0.0,192.25,0.0,0.0,250.0,NA,0.0
2026-03-06 16:00:00,45.25,54.0,2.0,7.0,9.0,NA,9.0,0.0,42.5,2.0,4.0,3.0,NA,NA,NA,26.5,42.5,0.0,191.25,0.0,0.0,60.25,NA,0.0
2026-03-06 17:00:00,50.25,59.25,2.0,7.0,9.0,NA,9.0,0.0,41.5,2.0,4.0,3.0,NA,NA,NA,26.0,43.25,0.0,187.0,0.0,0.0,13.25,NA,0.0
2026-03-06 18:00:00,63.0,73.75,2.0,7.0,9.0,NA,8.0,0.0,40.25,2.0,4.0,3.0,NA,NA,NA,25.25,47.0,0.0,191.25,0.0,0.0,6.0,NA,0.0
2026-03-06 19:00:00,80.5,94.25,2.0,7.0,9.0,NA,9.0,0.0,39.25,2.0,4.0,3.0,NA,NA,NA,24.75,50.75,0.0,159.25,0.0,0.0,6.0,NA,0.0
2026-03-06 20:00:00,100.25,116.5,2.0,7.0,9.0,NA,9.0,0.0,39.0,2.0,4.0,3.0,NA,NA,NA,24.0,52.5,0.0,180.0,0.0,0.0,6.0,NA,0.0
2026-03-06 21:00:00,91.75,107.0,2.0,7.0,8.75,NA,9.0,0.0,38.0,2.0,4.0,3.0,NA,NA,NA,24.0,55.25,0.0,186.0,0.0,0.0,6.0,NA,0.0
2026-03-06 22:00:00,85.75,99.75,2.0,7.0,8.0,NA,9.0,0.0,37.75,2.0,4.0,3.0,NA,NA,NA,24.0,57.5,0.0,185.0,0.0,0.0,6.0,NA,0.0
2026-03-06 23:00:00,81.5,95.5,2.0,6.25,8.0,NA,9.0,0.0,37.0,2.0,4.0,3.0,NA,NA,NA,23.0,60.0,0.0,191.75,0.0,0.0,6.0,NA,0.0
2026-03-07 00:00:00,83.75,98.5,2.0,6.0,8.0,NA,9.0,0.0,36.0,2.0,4.0,3.0,NA,NA,NA,23.0,61.0,0.0,187.75,0.0,0.0,6.0,NA,0.0
2026-03-07 01:00:00,80.5,94.0,2.0,6.0,8.0,NA,8.67,0.0,36.0,2.0,4.0,3.0,NA,NA,NA,23.0,61.0,0.0,195.75,0.0,0.0,6.0,NA,0.0
2026-03-07 02:00:00,73.25,86.25,2.0,6.0,8.0,NA,9.0,0.0,36.0,2.0,4.0,3.0,NA,NA,NA,22.75,61.75,0.0,192.25,0.0,0.0,6.0,NA,0.0
2026-03-07 03:00:00,68.75,80.75,2.0,6.0,8.0,NA,9.0,0.0,35.0,2.0,4.0,3.0,NA,NA,NA,22.0,64.5,0.0,174.25,0.0,0.0,6.0,NA,0.0
2026-03-07 04:00:00,70.5,82.5,2.0,6.0,8.0,NA,9.0,0.0,34.75,2.0,4.0,3.0,NA,NA,NA,22.0,66.5,0.0,152.5,0.0,0.0,6.0,NA,0.0
2026-03-07 05:00:00,70.5,82.75,2.0,6.0,8.0,NA,9.0,0.0,34.0,2.0,4.0,3.0,NA,NA,NA,21.75,66.25,0.0,147.75,0.0,0.0,6.0,NA,0.0
2026-03-07 06:00:00,64.0,75.75,2.0,6.0,8.0,NA,9.0,0.0,34.0,2.0,4.0,3.0,NA,NA,NA,21.0,68.25,0.0,138.0,0.0,0.0,6.0,NA,0.0
2026-03-07 07:00:00,77.5,90.25,2.0,6.0,8.0,NA,9.0,0.0,34.5,2.0,4.0,3.0,NA,NA,NA,21.75,66.5,0.0,234.5,0.0,0.0,57.5,NA,0.0
2026-03-07 08:00:00,106.5,124.25,2.0,6.5,8.25,NA,9.0,0.0,37.0,2.0,4.0,3.0,NA,NA,NA,23.25,59.5,0.0,173.0,0.0,0.0,179.75,NA,0.0
2026-03-07 09:00:00,95.5,111.0,2.0,7.0,9.0,NA,9.0,0.0,38.75,2.0,4.0,3.0,NA,NA,NA,24.5,53.25,0.0,192.0,0.0,0.0,310.25,NA,0.0
2026-03-07 10:00:00,77.5,90.75,2.0,7.0,9.0,NA,9.0,0.0,41.25,2.0,4.0,3.0,NA,NA,NA,25.75,49.0,0.0,239.0,0.0,0.0,416.25,NA,0.0
2026-03-07 11:00:00,71.5,83.75,2.0,7.0,9.0,NA,NA,0.0,42.5,2.0,4.0,3.0,NA,NA,NA,27.0,45.0,0.0,207.75,0.0,0.0,479.5,NA,0.0
2026-03-07 12:00:00,63.25,74.25,2.0,8.0,10.0,NA,9.0,0.0,44.5,2.0,4.0,3.0,NA,NA,NA,28.0,41.5,0.0,234.25,0.0,0.0,502.75,NA,0.0
2026-03-07 13:00:00,55.25,65.25,2.75,8.0,10.0,NA,9.0,0.0,45.5,2.0,4.0,3.0,NA,NA,NA,28.5,39.0,0.0,234.75,0.0,0.0,460.5,NA,0.0
2026-03-07 14:00:00,54.0,64.0,2.5,8.0,10.0,NA,9.0,0.0,45.25,2.0,4.0,3.0,NA,NA,NA,28.0,38.75,0.0,213.25,0.0,0.0,364.25,NA,0.0
2026-03-07 15:00:00,58.25,68.25,2.5,8.0,10.0,NA,8.33,0.0,45.25,2.0,4.0,3.0,NA,NA,NA,28.0,38.0,0.0,237.75,0.0,0.0,236.25,NA,0.0
2026-03-07 16:00:00,54.75,64.75,2.0,8.0,10.0,NA,9.0,0.0,44.0,2.0,4.0,3.0,NA,NA,NA,27.25,39.5,0.0,198.0,0.0,0.0,66.5,NA,0.0
2026-03-07 17:00:00,55.0,65.0,2.0,7.0,9.25,NA,8.67,0.0,42.5,2.0,4.0,3.0,NA,NA,NA,26.5,44.5,0.0,197.5,0.0,0.0,13.5,NA,0.0
2026-03-07 18:00:00,62.75,74.0,2.0,7.0,9.0,NA,9.0,0.0,40.75,2.0,4.0,3.0,NA,NA,NA,25.5,47.5,0.0,246.75,0.0,0.0,6.0,NA,0.0
2026-03-07 19:00:00,69.0,81.33,2.0,7.0,9.0,NA,9.0,0.0,40.0,2.0,4.0,3.0,NA,NA,NA,25.0,49.67,0.0,263.0,0.0,0.0,6.0,NA,0.0
2026-03-07 20:00:00,82.75,96.75,2.0,7.0,9.0,NA,8.0,0.0,39.75,2.0,4.0,3.0,NA,NA,NA,25.0,51.0,0.0,173.5,0.0,0.0,6.0,NA,0.0
2026-03-07 21:00:00,109.0,126.5,2.0,7.0,9.0,NA,8.0,0.0,38.75,2.0,4.0,3.0,NA,NA,NA,24.25,53.25,0.0,114.5,0.0,0.0,6.0,NA,0.0
2026-03-07 22:00:00,107.75,125.0,2.0,7.0,8.5,NA,9.0,0.0,38.0,2.0,4.0,3.0,NA,NA,NA,24.0,55.0,0.0,111.75,0.0,0.0,6.0,NA,0.0
2026-03-07 23:00:00,97.0,113.0,2.0,7.0,8.0,NA,9.0,0.0,37.5,2.0,4.0,3.0,NA,NA,NA,23.75,59.5,0.0,108.0,0.0,0.0,6.0,NA,0.0
2026-03-08 00:00:00,132.0,153.0,2.0,6.0,8.0,NA,9.0,0.0,36.75,2.0,4.0,3.0,NA,NA,NA,23.0,62.0,0.0,108.0,0.0,0.0,6.0,NA,0.0
2026-03-08 01:00:00,133.75,155.0,2.0,6.0,8.0,NA,9.0,0.0,36.0,2.0,4.0,3.0,NA,NA,NA,22.75,65.0,0.0,108.25,0.0,0.0,6.0,NA,0.0
2026-03-08 02:00:00,103.0,119.75,2.0,6.0,8.0,NA,8.67,0.0,36.0,2.0,4.0,3.0,NA,NA,NA,22.0,67.0,0.0,104.5,0.0,0.0,6.0,NA,0.0
2026-03-08 03:00:00,108.5,126.0,2.0,6.0,8.0,NA,9.0,0.0,36.0,2.0,4.0,3.0,NA,NA,NA,22.0,66.5,0.0,173.25,0.0,0.0,6.0,NA,0.0
2026-03-08 04:00:00,97.25,113.5,2.0,6.0,8.0,NA,8.33,0.0,35.0,2.0,4.0,3.0,NA,NA,NA,22.0,68.75,0.0,252.0,0.0,0.0,6.0,NA,0.0
2026-03-08 05:00:00,98.5,114.25,2.0,6.0,8.0,NA,9.0,0.0,34.75,2.0,4.0,3.0,NA,NA,NA,22.0,72.5,0.0,251.75,0.0,0.0,6.0,NA,0.0
2026-03-08 06:00:00,109.25,127.0,2.0,6.0,8.0,NA,8.0,0.0,34.5,2.0,4.0,3.0,NA,NA,NA,22.0,73.5,0.0,246.5,0.0,0.0,6.0,NA,0.0
2026-03-08 07:00:00,108.5,125.5,2.0,6.0,8.0,NA,9.0,0.0,35.5,2.0,4.0,3.0,NA,NA,NA,22.25,72.25,0.0,265.75,0.0,0.0,54.75,NA,0.0
2026-03-08 08:00:00,127.0,147.5,2.0,6.5,8.0,NA,9.0,0.0,37.25,2.0,4.0,3.0,NA,NA,NA,23.25,65.75,0.0,287.25,0.0,0.0,171.0,NA,0.0
2026-03-08 09:00:00,128.25,148.5,2.0,7.0,9.0,NA,9.0,0.0,40.5,2.0,4.0,3.0,NA,NA,NA,25.5,55.0,0.0,228.75,0.0,0.0,295.25,NA,0.0
2026-03-08 10:00:00,98.0,113.75,2.0,7.0,9.25,NA,9.0,0.0,42.75,2.0,4.0,3.0,NA,NA,NA,26.75,48.75,0.0,251.75,0.0,0.0,395.75,NA,0.0
2026-03-08 11:00:00,81.75,95.5,2.0,8.0,10.0,NA,NA,0.0,44.0,2.0,4.0,3.0,NA,NA,NA,27.75,45.5,0.0,223.0,0.0,0.0,441.0,NA,0.0
2026-03-08 12:00:00,80.75,94.25,2.0,8.0,10.0,NA,9.0,0.0,44.75,2.0,4.0,3.0,NA,NA,NA,28.0,44.0,0.0,229.0,0.0,0.0,473.25,NA,0.0
2026-03-08 13:00:00,60.5,71.0,3.0,8.0,10.0,NA,9.0,0.0,46.0,2.0,4.0,3.0,NA,NA,NA,29.0,41.5,0.0,229.5,0.0,0.0,473.0,NA,0.0
2026-03-08 14:00:00,52.75,62.75,3.0,8.0,10.0,NA,9.0,0.0,46.0,2.0,4.0,3.0,NA,NA,NA,29.0,40.25,0.0,233.0,0.0,0.0,359.25,NA,0.0
2026-03-08 15:00:00,53.75,63.75,3.0,8.0,10.0,NA,9.0,0.0,45.25,2.0,4.0,3.0,NA,NA,NA,28.25,42.75,0.0,218.25,0.0,0.0,240.0,NA,0.0
2026-03-08 16:00:00,58.5,69.25,2.0,8.0,10.0,NA,9.0,0.0,44.5,2.0,4.0,3.0,NA,NA,NA,27.75,44.25,0.0,257.75,0.0,0.0,71.5,NA,0.0
2026-03-08 17:00:00,57.25,67.5,2.0,7.25,9.5,NA,8.33,0.0,42.75,2.0,4.0,3.0,NA,NA,NA,27.0,47.25,0.0,242.25,0.0,0.0,16.0,NA,0.0
2026-03-08 18:00:00,56.75,67.0,2.0,7.0,9.0,NA,8.67,0.0,41.75,2.0,4.0,3.0,NA,NA,NA,26.0,50.0,0.0,253.5,0.0,0.0,6.0,NA,0.0
2026-03-08 19:00:00,62.25,73.75,2.0,7.0,9.0,NA,9.0,0.0,40.75,2.0,4.0,3.0,NA,NA,NA,25.25,52.75,0.0,265.75,0.0,0.0,6.0,NA,0.0
2026-03-08 20:00:00,70.75,83.5,2.0,7.0,9.0,NA,8.67,0.0,40.0,2.0,4.0,3.0,NA,NA,NA,25.0,54.5,0.0,270.75,0.0,0.0,6.0,NA,0.0
2026-03-08 21:00:00,88.5,103.75,2.0,7.0,9.0,NA,9.0,0.0,39.25,2.0,4.0,3.0,NA,NA,NA,24.75,58.75,0.0,289.75,0.0,0.0,6.0,NA,0.0
2026-03-08 22:00:00,148.75,172.25,2.0,7.0,9.0,NA,8.0,0.0,38.5,2.0,4.0,3.0,NA,NA,NA,24.0,61.25,0.0,210.0,0.0,0.0,6.0,NA,0.0
2026-03-08 23:00:00,125.0,145.25,2.0,7.0,8.25,NA,8.0,0.0,38.0,2.0,4.0,3.0,NA,NA,NA,24.0,63.25,0.0,219.5,0.0,0.0,6.0,NA,0.0
2026-03-09 00:00:00,117.5,136.5,2.0,7.0,8.0,NA,9.0,0.0,37.75,2.0,4.0,3.0,NA,NA,NA,23.75,65.5,0.0,294.75,0.0,0.0,6.0,NA,0.0
2026-03-09 01:00:00,106.75,124.0,2.0,6.25,8.0,NA,9.0,0.0,37.0,2.0,4.0,3.0,NA,NA,NA,23.0,67.75,0.0,283.25,0.0,0.0,6.0,NA,0.0
2026-03-09 02:00:00,110.25,128.0,2.0,6.0,8.0,NA,9.0,0.0,37.0,2.0,4.0,3.0,NA,NA,NA,23.0,65.5,0.0,276.5,0.0,0.0,6.0,NA,0.0
2026-03-09 03:00:00,93.75,109.0,2.0,6.0,8.0,NA,9.0,0.0,36.0,2.0,4.0,3.0,NA,NA,NA,22.5,71.0,0.0,305.75,0.0,0.0,6.0,NA,0.0
2026-03-09 04:00:00,91.0,106.25,2.0,6.0,8.0,NA,8.0,0.0,35.5,2.0,4.0,3.0,NA,NA,NA,22.0,72.5,0.0,307.0,0.0,0.0,6.0,NA,0.0
2026-03-09 05:00:00,78.25,91.5,2.0,6.0,8.0,NA,8.0,0.0,35.0,2.0,4.0,3.0,NA,NA,NA,22.0,73.75,0.0,318.5,0.0,0.0,6.25,NA,0.0
2026-03-09 06:00:00,82.0,96.0,2.0,6.0,8.0,NA,8.0,0.0,35.0,2.0,4.0,3.0,NA,NA,NA,22.0,75.25,0.0,297.25,0.0,0.0,6.0,NA,0.0
2026-03-09 07:00:00,79.5,92.75,2.0,6.0,8.0,NA,8.0,0.0,35.75,2.0,3.33,2.33,NA,NA,NA,22.5,73.25,0.0,314.0,0.0,0.0,51.25,NA,0.0
2026-03-09 08:00:00,91.0,105.75,2.0,6.75,8.0,NA,8.5,0.0,37.5,2.0,4.0,3.0,NA,NA,NA,23.5,67.0,0.0,304.0,0.0,0.0,163.75,NA,0.0
2026-03-09 09:00:00,101.0,117.5,2.0,7.0,9.0,NA,9.0,0.0,39.75,2.0,4.0,3.0,NA,NA,NA,24.75,60.0,0.0,287.0,0.0,0.0,284.5,NA,0.0
2026-03-09 10:00:00,100.5,117.25,2.0,7.0,9.0,NA,8.0,0.0,41.75,2.0,4.0,3.0,NA,NA,NA,26.25,53.5,0.0,226.25,0.0,0.0,392.5,NA,0.0
2026-03-09 11:00:00,94.75,110.75,2.0,7.25,9.25,NA,NA,0.0,43.25,2.0,4.0,3.0,NA,NA,NA,27.0,51.5,0.0,216.0,0.0,0.0,457.5,NA,0.0
2026-03-09 12:00:00,86.25,101.25,2.0,8.0,10.0,NA,9.0,0.0,44.75,2.0,4.0,3.0,NA,NA,NA,28.0,47.75,0.0,226.75,0.0,0.0,476.75,NA,0.0
2026-03-09 13:00:00,76.5,89.75,2.5,8.0,10.0,NA,9.0,0.0,45.25,2.0,4.0,3.0,NA,NA,NA,28.25,45.0,0.0,216.5,0.0,0.0,430.75,NA,0.0
2026-03-09 14:00:00,64.5,76.0,3.0,8.0,10.0,NA,8.75,0.0,46.0,2.0,4.0,3.0,NA,NA,NA,28.75,41.5,0.0,235.5,0.0,0.0,359.0,NA,0.0
2026-03-09 15:00:00,56.0,66.0,3.0,8.0,10.0,NA,8.67,0.0,46.5,2.0,4.0,3.0,NA,NA,NA,29.0,40.5,0.0,246.25,0.0,0.0,248.0,NA,0.0
2026-03-09 16:00:00,53.25,63.25,2.75,8.0,10.0,NA,8.33,0.0,45.5,2.0,4.0,3.0,NA,NA,NA,28.25,41.75,0.0,293.25,0.0,0.0,64.5,NA,0.0
2026-03-09 17:00:00,54.5,64.5,2.0,7.75,9.75,NA,9.0,0.0,44.0,2.0,4.0,3.0,NA,NA,NA,27.75,44.75,0.0,269.0,0.0,0.0,15.25,NA,0.0
2026-03-09 18:00:00,66.0,77.75,2.0,7.0,9.0,NA,8.0,0.0,42.25,2.0,4.0,3.0,NA,NA,NA,26.25,52.25,0.0,195.0,0.0,0.0,6.0,NA,0.0
2026-03-09 19:00:00,81.75,95.5,2.0,7.0,9.0,NA,8.33,0.0,40.25,2.0,4.0,3.0,NA,NA,NA,25.0,65.25,0.0,195.75,0.0,0.0,6.0,NA,0.0
2026-03-09 20:00:00,116.0,134.5,2.0,7.0,8.5,NA,8.33,0.0,38.25,2.0,4.0,3.0,NA,NA,NA,24.0,77.0,0.0,196.25,0.0,0.0,6.0,NA,0.0
2026-03-09 21:00:00,103.75,121.0,2.0,6.75,8.0,NA,8.0,0.0,37.0,2.0,4.0,3.0,NA,NA,NA,23.25,79.25,0.0,199.0,0.0,0.0,6.0,NA,0.0
2026-03-09 22:00:00,91.5,106.75,2.0,6.0,8.0,NA,9.0,0.0,36.5,2.0,4.0,3.0,NA,NA,NA,23.0,81.25,0.0,194.25,0.0,0.0,6.0,NA,0.0
2026-03-09 23:00:00,90.0,105.25,2.0,6.0,8.0,NA,9.0,0.0,36.0,2.0,4.0,3.0,NA,NA,NA,23.0,82.75,0.0,195.25,0.0,0.0,6.0,NA,0.0
2026-03-10 00:00:00,87.5,102.5,2.0,6.0,8.0,NA,8.75,0.0,35.5,2.0,4.0,3.0,NA,NA,NA,22.0,84.5,0.0,192.5,0.0,0.0,6.0,NA,0.0
2026-03-10 01:00:00,89.33,104.33,2.0,6.0,8.0,NA,9.0,0.0,35.0,2.0,4.0,3.0,NA,NA,NA,22.0,85.67,0.0,188.0,0.0,0.0,6.0,NA,0.0
2026-03-10 02:00:00,85.75,99.75,2.0,6.0,8.0,NA,9.0,0.0,35.0,2.0,4.0,3.0,NA,NA,NA,22.0,86.0,0.0,185.75,0.0,0.0,6.0,NA,0.0
2026-03-10 03:00:00,85.0,99.0,2.0,6.0,8.0,NA,9.0,0.0,34.75,2.0,4.0,3.0,NA,NA,NA,22.0,86.75,0.0,193.25,0.0,0.0,6.0,NA,0.0
2026-03-10 04:00:00,85.75,100.0,2.0,6.0,8.0,NA,8.67,0.0,34.0,2.0,4.0,3.0,NA,NA,NA,21.75,87.75,0.0,190.25,0.0,0.0,6.0,NA,0.0
2026-03-10 05:00:00,89.25,104.25,2.0,6.0,8.0,NA,9.0,0.0,34.0,2.0,4.0,3.0,NA,NA,NA,21.0,88.5,0.0,189.25,0.0,0.0,6.0,NA,0.0
2026-03-10 06:00:00,90.0,105.0,2.0,6.0,8.0,NA,9.0,0.0,34.0,2.0,4.0,3.0,NA,NA,NA,21.0,89.0,0.0,189.75,0.0,0.0,6.0,NA,0.0
2026-03-10 07:00:00,92.5,108.5,2.0,6.0,8.0,NA,9.0,0.0,34.5,2.0,4.0,3.0,NA,NA,NA,21.75,88.25,0.0,194.5,0.0,0.0,44.25,NA,0.0
2026-03-10 08:00:00,99.0,115.25,2.0,6.0,8.0,NA,8.0,0.0,35.5,2.0,4.0,3.0,NA,NA,NA,22.25,84.0,0.0,192.5,0.0,0.0,140.5,NA,0.0
2026-03-10 09:00:00,105.25,122.25,2.0,6.75,8.25,NA,8.33,0.0,37.25,2.0,4.0,3.0,NA,NA,NA,23.5,78.25,0.0,191.75,0.0,0.0,249.75,NA,0.0
2026-03-10 10:00:00,90.5,107.75,2.0,7.0,9.0,NA,8.67,0.0,40.0,2.0,4.0,3.0,NA,NA,NA,25.25,68.25,0.0,196.0,0.0,0.0,351.0,NA,0.0
2026-03-10 11:00:00,89.75,107.0,2.0,7.5,9.5,NA,NA,0.0,43.25,2.0,4.0,3.0,NA,NA,NA,26.75,59.0,0.0,234.0,0.0,0.0,406.0,NA,0.0
2026-03-10 12:00:00,87.5,104.5,2.0,8.0,10.0,NA,8.33,0.0,44.0,2.0,4.0,3.0,NA,NA,NA,28.0,54.75,0.0,213.75,0.0,0.0,421.75,NA,0.0
2026-03-10 13:00:00,89.75,107.5,2.0,8.0,10.0,NA,8.0,0.0,44.75,2.0,4.0,3.0,NA,NA,NA,28.0,54.0,0.0,210.5,0.0,0.0,297.5,NA,0.0
2026-03-10 14:00:00,84.75,101.0,2.0,8.0,10.0,NA,8.0,0.0,44.25,2.0,4.0,3.0,NA,NA,NA,27.75,54.0,0.0,228.75,0.0,0.0,165.0,NA,0.0
2026-03-10 15:00:00,84.5,101.0,2.0,8.0,10.0,NA,8.0,0.0,44.0,2.0,4.0,3.0,NA,NA,NA,27.5,54.75,0.0,193.0,0.0,0.0,97.75,NA,0.0
2026-03-10 16:00:00,87.5,105.25,2.0,7.5,9.75,NA,9.0,0.0,43.25,2.0,4.0,3.0,NA,NA,NA,27.0,57.0,0.0,186.75,0.0,0.0,61.5,NA,0.0
2026-03-10 17:00:00,92.25,110.25,2.0,7.0,9.0,NA,9.0,0.0,42.5,2.0,4.0,3.0,NA,NA,NA,26.75,59.75,0.0,144.25,0.0,0.0,12.5,NA,0.0
2026-03-10 18:00:00,92.75,110.5,2.0,7.0,9.0,NA,9.0,0.0,41.25,2.0,4.0,3.0,NA,NA,NA,25.75,67.0,0.0,191.75,0.0,0.0,6.5,NA,0.0
2026-03-10 19:00:00,93.75,111.75,2.0,7.0,9.0,NA,9.0,0.0,40.0,2.0,4.0,3.0,NA,NA,NA,25.0,70.75,0.0,193.5,0.0,0.0,6.0,NA,0.0
2026-03-10 20:00:00,105.25,125.0,2.0,7.0,9.0,NA,9.0,0.0,39.25,2.0,4.0,3.0,NA,NA,NA,24.75,74.5,0.0,194.5,0.0,0.0,6.0,NA,0.0
2026-03-10 21:00:00,103.5,122.75,2.0,7.0,9.0,NA,9.0,0.0,39.0,2.0,4.0,3.0,NA,NA,NA,24.0,76.25,0.0,190.0,0.0,0.0,6.0,NA,0.0
2026-03-10 22:00:00,95.25,114.0,2.0,7.0,9.0,NA,9.0,0.0,38.25,2.0,4.0,3.0,NA,NA,NA,24.0,77.5,0.0,188.5,0.0,0.0,6.0,NA,0.0
2026-03-10 23:00:00,90.5,107.75,2.0,7.0,8.0,NA,9.0,0.0,38.0,2.0,4.0,3.0,NA,NA,NA,24.0,79.75,0.0,198.75,0.0,0.0,6.0,NA,0.0
2026-03-11 00:00:00,93.25,111.25,2.0,7.0,8.0,NA,8.33,0.0,37.25,2.0,4.0,3.0,NA,NA,NA,23.5,81.0,0.0,204.5,0.0,0.0,6.0,NA,0.0
2026-03-11 01:00:00,95.75,113.75,2.0,6.25,8.0,NA,8.33,0.0,37.0,2.0,4.0,3.0,NA,NA,NA,23.0,82.5,0.0,209.75,0.0,0.0,6.0,NA,0.0
2026-03-11 02:00:00,92.5,110.25,2.0,6.0,8.0,NA,9.0,0.0,37.0,2.0,4.0,3.0,NA,NA,NA,23.0,83.0,0.0,207.75,0.0,0.0,6.0,NA,0.0
2026-03-11 03:00:00,82.5,98.75,2.0,6.0,8.0,NA,9.0,0.0,36.25,2.0,4.0,3.0,NA,NA,NA,23.0,85.25,0.0,292.25,0.0,0.0,6.0,NA,0.0
2026-03-11 04:00:00,82.75,98.75,2.0,6.0,8.0,NA,8.33,0.0,36.0,2.0,4.0,3.0,NA,NA,NA,23.0,86.25,0.0,300.25,0.0,0.0,6.0,NA,0.0
2026-03-11 05:00:00,77.0,92.25,2.0,6.0,8.0,NA,8.0,0.0,36.0,2.0,4.0,3.0,NA,NA,NA,22.75,86.5,0.0,229.25,0.0,0.0,6.0,NA,0.0
2026-03-11 06:00:00,79.0,94.5,2.0,6.0,8.0,NA,9.0,0.0,35.0,2.0,4.0,3.0,NA,NA,NA,22.0,89.75,0.0,185.0,0.0,0.0,6.25,NA,0.0
2026-03-11 07:00:00,89.5,106.25,2.0,6.0,8.0,NA,9.0,0.0,35.75,2.0,4.0,3.0,NA,NA,NA,22.5,88.5,0.0,272.75,0.0,0.0,50.0,NA,0.0
2026-03-11 08:00:00,86.75,103.75,2.0,6.5,8.0,NA,9.0,0.0,37.25,2.0,4.0,3.0,NA,NA,NA,23.25,84.0,0.0,266.0,0.0,0.0,159.75,NA,0.0
2026-03-11 09:00:00,86.75,103.75,2.0,7.0,9.0,NA,8.33,0.0,40.5,2.0,4.0,3.0,NA,NA,NA,25.25,71.25,0.0,238.5,0.0,0.0,289.25,NA,0.0
2026-03-11 10:00:00,94.0,111.75,2.0,7.0,9.0,NA,8.67,0.0,42.0,2.0,4.0,3.0,NA,NA,NA,26.0,61.25,0.0,230.75,0.0,0.0,390.0,NA,0.0
2026-03-11 11:00:00,85.0,101.75,2.0,7.5,9.5,NA,NA,0.0,43.75,2.0,4.0,3.0,NA,NA,NA,27.5,55.75,0.0,240.75,0.0,0.0,454.75,NA,0.0
2026-03-11 12:00:00,75.25,90.5,2.5,8.0,10.0,NA,8.33,0.0,45.0,2.0,4.0,3.0,NA,NA,NA,28.0,50.0,0.0,246.0,0.0,0.0,464.5,NA,0.0
2026-03-11 13:00:00,69.75,83.75,3.0,8.0,10.0,NA,8.0,0.0,46.0,2.0,4.0,3.0,NA,NA,NA,28.25,46.25,0.0,246.75,0.0,0.0,431.25,NA,0.0
2026-03-11 14:00:00,68.0,81.75,3.0,8.0,10.0,NA,8.67,0.0,46.0,2.0,4.0,3.0,NA,NA,NA,29.0,42.75,0.0,272.25,0.0,0.0,360.25,NA,0.0
2026-03-11 15:00:00,71.5,86.25,3.0,8.0,10.0,NA,8.67,0.0,46.0,2.0,4.0,3.0,NA,NA,NA,29.0,39.5,0.0,244.75,0.0,0.0,272.5,NA,0.0
2026-03-11 16:00:00,63.5,76.5,3.0,8.0,10.0,NA,9.0,0.0,46.0,2.0,4.0,3.0,NA,NA,NA,28.75,37.75,0.0,242.5,0.0,0.0,75.0,NA,0.0
2026-03-11 17:00:00,51.5,62.5,2.25,8.0,10.0,NA,9.0,0.0,44.5,2.0,4.0,3.0,NA,NA,NA,28.0,38.0,0.0,254.25,0.0,0.0,15.25,NA,0.0
2026-03-11 18:00:00,51.75,62.75,2.0,7.5,9.5,NA,8.67,0.0,43.25,2.0,4.0,3.0,NA,NA,NA,27.0,41.25,0.0,252.5,0.0,0.0,6.0,NA,0.0
2026-03-11 19:00:00,77.75,93.5,2.0,7.0,9.0,NA,9.0,0.0,42.25,2.0,4.0,3.0,NA,NA,NA,26.25,43.75,0.0,225.75,0.0,0.0,6.0,NA,0.0
2026-03-11 20:00:00,97.5,116.25,2.0,7.0,9.0,NA,8.33,0.0,41.5,2.0,4.0,3.0,NA,NA,NA,25.75,46.0,0.0,296.75,0.0,0.0,6.0,NA,0.0
2026-03-11 21:00:00,100.5,119.75,2.0,7.0,9.0,NA,8.0,0.0,39.75,2.0,4.0,3.0,NA,NA,NA,25.0,53.0,0.0,279.25,0.0,0.0,6.0,NA,0.0
2026-03-11 22:00:00,123.25,146.75,2.0,7.0,9.0,NA,9.0,0.0,38.75,2.0,4.0,3.0,NA,NA,NA,24.25,57.75,0.0,265.0,0.0,0.0,6.0,NA,0.0
2026-03-11 23:00:00,179.0,211.25,2.0,7.0,8.25,NA,9.0,0.0,38.0,2.0,4.0,3.0,NA,NA,NA,24.0,60.5,0.0,314.5,0.0,0.0,6.0,NA,0.0
2026-03-12 00:00:00,106.0,126.25,2.0,7.0,8.0,NA,9.0,0.0,37.75,2.0,4.0,3.0,NA,NA,NA,23.75,60.75,0.0,307.25,0.0,0.0,6.0,NA,0.0
2026-03-12 01:00:00,89.5,107.5,2.0,6.0,8.0,NA,8.0,0.0,36.5,2.0,4.0,3.0,NA,NA,NA,23.0,64.5,0.0,244.5,0.0,0.0,6.0,NA,0.0
2026-03-12 02:00:00,101.0,120.5,2.0,6.0,8.0,NA,9.0,0.0,36.0,2.0,4.0,3.0,NA,NA,NA,23.0,64.0,0.0,218.25,0.0,0.0,6.0,NA,0.0
2026-03-12 03:00:00,85.75,103.0,2.0,6.0,8.0,NA,9.0,0.0,35.5,2.0,4.0,3.0,NA,NA,NA,22.25,63.75,0.0,251.25,0.0,0.0,6.0,NA,0.0
2026-03-12 04:00:00,79.75,95.75,2.0,6.0,8.0,NA,9.0,0.0,35.0,2.0,4.0,3.0,NA,NA,NA,22.0,59.25,0.0,210.75,0.0,0.0,6.0,NA,0.0
2026-03-12 05:00:00,63.5,76.5,2.0,6.0,8.0,NA,8.33,0.0,35.0,2.0,4.0,3.0,NA,NA,NA,22.0,56.25,0.0,216.75,0.0,0.0,6.0,NA,0.0
2026-03-12 06:00:00,54.0,65.25,2.0,6.0,8.0,NA,8.0,0.0,34.0,2.0,4.0,3.0,NA,NA,NA,22.0,56.5,0.0,215.0,0.0,0.0,8.5,NA,0.0
2026-03-12 07:00:00,62.75,76.0,2.0,6.0,8.0,NA,8.0,0.0,35.75,2.0,4.0,3.0,NA,NA,NA,22.5,53.5,0.0,223.25,0.0,0.0,101.25,NA,0.0
2026-03-12 08:00:00,73.5,88.25,2.0,7.0,8.75,NA,8.0,0.0,38.75,2.0,4.0,3.0,NA,NA,NA,24.25,46.25,0.0,231.0,0.0,0.0,227.0,NA,0.0
2026-03-12 09:00:00,79.5,94.75,2.0,7.0,9.0,NA,8.0,0.0,41.75,2.0,4.0,3.0,NA,NA,NA,26.5,42.25,0.0,241.5,0.0,0.0,319.0,NA,0.0
2026-03-12 10:00:00,80.0,96.0,2.25,7.75,9.75,NA,9.0,0.0,44.0,2.0,4.0,3.0,NA,NA,NA,27.5,40.75,0.0,240.5,0.0,0.0,438.5,NA,0.0
2026-03-12 11:00:00,71.25,85.75,3.0,8.0,10.0,NA,NA,0.0,45.75,2.0,4.5,3.0,NA,NA,NA,28.75,36.75,0.0,230.0,0.0,0.0,513.5,NA,0.0
2026-03-12 12:00:00,68.0,81.5,3.0,8.0,10.0,NA,8.33,0.0,47.0,2.0,4.0,3.0,NA,NA,NA,29.25,33.0,0.0,262.5,0.0,0.0,533.75,NA,0.0
2026-03-12 13:00:00,68.0,82.0,3.0,8.0,10.0,NA,8.0,0.0,47.25,2.0,4.0,3.0,NA,NA,NA,29.75,31.0,0.0,255.75,0.0,0.0,509.25,NA,0.0
2026-03-12 14:00:00,75.0,90.5,3.0,8.0,10.0,NA,9.0,0.0,47.25,2.0,4.0,3.0,NA,NA,NA,30.0,31.75,0.0,253.5,0.0,0.0,423.0,NA,0.0
2026-03-12 15:00:00,73.5,88.0,3.0,8.0,10.0,NA,9.0,0.0,46.5,2.0,4.0,3.0,NA,NA,NA,29.0,32.5,0.0,263.25,0.0,0.0,189.0,NA,0.0
2026-03-12 16:00:00,54.0,65.5,3.0,8.0,10.0,NA,8.0,0.0,46.0,2.0,4.0,3.0,NA,NA,NA,29.0,33.5,0.0,273.75,0.0,0.0,97.25,NA,0.0
2026-03-12 17:00:00,50.0,61.0,2.5,8.0,10.0,NA,8.0,0.0,45.0,2.0,4.0,3.0,NA,NA,NA,28.25,35.0,0.0,254.75,0.0,0.0,20.25,NA,0.0
2026-03-12 18:00:00,53.5,64.75,2.0,7.5,9.5,NA,8.33,0.0,43.0,2.0,4.0,3.0,NA,NA,NA,27.0,38.75,0.0,229.0,0.0,0.0,6.25,NA,0.0
2026-03-12 19:00:00,69.75,84.0,2.0,7.0,9.0,NA,8.33,0.0,41.5,2.0,4.0,3.0,NA,NA,NA,26.0,44.25,0.0,200.0,0.0,0.0,6.0,NA,0.0
2026-03-12 20:00:00,89.25,106.0,2.0,7.0,9.0,NA,9.0,0.0,40.25,2.0,4.0,3.0,NA,NA,NA,25.0,46.75,0.0,200.0,0.0,0.0,6.0,NA,0.0
2026-03-12 21:00:00,83.25,100.25,2.0,7.0,9.0,NA,9.0,0.0,39.0,2.0,4.0,3.0,NA,NA,NA,25.0,48.75,0.0,200.0,0.0,0.0,6.0,NA,0.0
2026-03-12 22:00:00,96.75,115.25,2.0,7.0,9.0,NA,9.0,0.0,39.0,2.0,4.0,3.0,NA,NA,NA,24.5,48.5,0.0,206.75,0.0,0.0,6.0,NA,0.0
2026-03-12 23:00:00,100.75,120.5,2.0,7.0,9.0,NA,9.0,0.0,39.0,2.0,4.0,3.0,NA,NA,NA,24.0,48.0,0.0,238.5,0.0,0.0,6.0,NA,0.0
2026-03-13 00:00:00,99.25,117.75,2.0,7.0,8.75,NA,9.0,0.0,38.75,2.0,4.0,3.0,NA,NA,NA,24.0,48.75,0.0,183.0,0.0,0.0,6.0,NA,0.0
2026-03-13 01:00:00,107.5,128.25,2.0,7.0,8.0,NA,9.0,0.0,37.75,2.0,4.0,3.0,NA,NA,NA,23.75,50.5,0.0,221.0,0.0,0.0,6.0,NA,0.0
2026-03-13 02:00:00,101.25,120.5,2.0,7.0,8.0,NA,8.67,0.0,37.25,2.0,4.0,3.0,NA,NA,NA,23.5,49.0,0.0,258.5,0.0,0.0,6.0,NA,0.0
2026-03-13 03:00:00,71.75,86.25,2.0,6.0,8.0,NA,8.33,0.0,36.5,2.0,4.0,3.0,NA,NA,NA,22.75,50.75,0.0,230.25,0.0,0.0,6.0,NA,0.0
2026-03-13 04:00:00,68.75,82.75,2.0,6.0,8.0,NA,8.67,0.0,35.0,2.0,4.0,3.0,NA,NA,NA,22.0,54.0,0.0,204.5,0.0,0.0,6.0,NA,0.0
2026-03-13 05:00:00,77.5,93.25,2.0,6.0,8.0,NA,8.33,0.0,35.0,2.0,4.0,3.0,NA,NA,NA,22.0,53.75,0.0,214.5,0.0,0.0,6.0,NA,0.0
2026-03-13 06:00:00,73.0,88.25,2.0,6.0,8.0,NA,9.0,0.0,34.5,2.0,4.0,3.0,NA,NA,NA,22.0,53.5,0.0,253.0,0.0,0.0,9.0,NA,0.0
2026-03-13 07:00:00,69.5,83.5,2.0,6.0,8.0,NA,9.0,0.0,35.5,2.0,4.0,3.0,NA,NA,NA,22.5,52.25,0.0,273.0,0.0,0.0,95.0,NA,0.0
2026-03-13 08:00:00,88.75,106.25,2.0,7.0,8.5,NA,9.0,0.0,38.25,2.0,4.0,3.0,NA,NA,NA,24.0,49.5,0.0,247.25,0.0,0.0,233.75,NA,0.0
2026-03-13 09:00:00,85.25,102.25,2.0,7.5,9.5,NA,9.0,0.0,43.5,2.0,4.0,3.0,NA,NA,NA,27.0,44.25,0.0,195.0,0.0,0.0,370.25,NA,0.0
2026-03-13 10:00:00,72.0,86.5,3.0,8.0,10.0,NA,9.0,0.0,46.0,2.0,4.0,3.0,NA,NA,NA,29.0,40.25,0.0,203.75,0.0,0.0,477.0,NA,0.0
2026-03-13 11:00:00,70.0,84.75,3.0,8.0,10.0,NA,NA,0.0,46.25,2.0,4.5,3.0,NA,NA,NA,29.0,38.25,0.0,224.25,0.0,0.0,526.5,NA,0.0
2026-03-13 12:00:00,56.25,68.5,3.0,8.0,10.0,NA,9.0,0.0,46.75,2.0,4.0,3.0,NA,NA,NA,29.25,36.25,0.0,240.5,0.0,0.0,559.5,NA,0.0
2026-03-13 13:00:00,51.75,62.75,3.0,8.0,10.0,NA,8.0,0.0,47.25,2.0,4.0,3.0,NA,NA,NA,29.75,33.5,0.0,232.0,0.0,0.0,510.0,NA,0.0
2026-03-13 14:00:00,51.5,62.5,3.0,8.0,10.0,NA,8.0,0.0,47.25,2.0,4.0,3.0,NA,NA,NA,29.75,33.5,0.0,238.0,0.0,0.0,413.75,NA,0.0
2026-03-13 15:00:00,60.0,72.5,3.0,8.0,10.0,NA,8.0,0.0,47.0,2.0,4.0,3.0,NA,NA,NA,29.25,34.75,0.0,243.75,0.0,0.0,305.5,NA,0.0
2026-03-13 16:00:00,56.0,68.0,3.0,8.0,10.0,NA,8.67,0.0,46.5,2.0,4.0,3.0,NA,NA,NA,29.0,33.75,0.0,263.0,0.0,0.0,71.75,NA,0.0
2026-03-13 17:00:00,49.0,59.25,2.5,8.0,10.0,NA,8.33,0.0,45.0,2.0,4.0,3.0,NA,NA,NA,28.0,34.5,0.0,268.0,0.0,0.0,14.5,NA,0.0
2026-03-13 18:00:00,49.25,60.0,2.0,7.5,9.75,NA,9.0,0.0,43.5,2.0,4.0,3.0,NA,NA,NA,27.25,38.5,0.0,258.75,0.0,0.0,6.5,NA,0.0
2026-03-13 19:00:00,65.25,78.75,2.0,7.0,9.0,NA,8.67,0.0,42.5,2.0,4.0,3.0,NA,NA,NA,26.5,41.75,0.0,234.25,0.0,0.0,6.0,NA,0.0
2026-03-13 20:00:00,66.25,79.5,2.0,7.0,9.0,NA,9.0,0.0,41.25,2.0,4.0,3.0,NA,NA,NA,26.0,44.25,0.0,250.25,0.0,0.0,6.0,NA,0.0
2026-03-13 21:00:00,60.0,72.0,2.0,7.0,9.0,NA,9.0,0.0,40.0,2.0,4.0,3.0,NA,NA,NA,25.0,46.0,0.0,260.25,0.0,0.0,6.0,NA,0.0
2026-03-13 22:00:00,59.75,72.5,2.0,7.0,9.0,NA,8.67,0.0,39.25,2.0,4.0,3.0,NA,NA,NA,24.75,48.0,0.0,236.0,0.0,0.0,6.0,NA,0.0
2026-03-13 23:00:00,56.5,68.0,2.0,7.0,9.0,NA,8.67,0.0,38.5,2.0,4.0,3.0,NA,NA,NA,24.0,48.0,0.0,222.5,0.0,0.0,6.0,NA,0.0
2026-03-14 00:00:00,45.75,55.75,2.0,7.0,8.25,NA,9.0,0.0,38.0,2.0,4.0,3.0,NA,NA,NA,24.0,47.75,0.0,230.5,0.0,0.0,6.0,NA,0.0
2026-03-14 01:00:00,40.5,50.5,2.0,6.5,8.0,NA,9.0,0.0,37.0,2.0,4.0,3.0,NA,NA,NA,23.0,49.5,0.0,222.5,0.0,0.0,6.0,NA,0.0
2026-03-14 02:00:00,38.5,47.5,2.0,6.0,8.0,NA,9.0,0.0,36.0,2.0,4.0,3.0,NA,NA,NA,23.0,51.5,0.0,227.0,0.0,0.0,6.0,NA,0.0
2026-03-14 03:00:00,31.75,39.25,2.0,6.0,8.0,NA,9.0,0.0,35.75,2.0,4.0,3.0,NA,NA,NA,22.0,55.25,0.0,213.25,0.0,0.0,6.0,NA,0.0
2026-03-14 04:00:00,26.75,33.75,2.0,6.0,8.0,NA,9.0,0.0,35.0,2.0,4.0,3.0,NA,NA,NA,22.0,58.5,0.0,239.5,0.0,0.0,6.0,NA,0.0
2026-03-14 05:00:00,31.25,38.5,2.0,6.0,8.0,NA,9.0,0.0,34.5,2.0,4.0,3.0,NA,NA,NA,21.75,58.25,0.0,243.0,0.0,0.0,6.0,NA,0.0
2026-03-14 06:00:00,30.25,37.5,2.0,6.0,8.0,NA,8.67,0.0,34.0,2.0,4.0,3.0,NA,NA,NA,21.0,61.0,0.0,230.25,0.0,0.0,14.25,NA,0.0
2026-03-14 07:00:00,37.75,46.5,2.0,6.0,8.0,NA,8.33,0.0,34.75,2.0,4.0,3.0,NA,NA,NA,22.0,58.5,0.0,235.0,0.0,0.0,97.0,NA,0.0
2026-03-14 08:00:00,42.5,52.25,2.0,6.75,8.25,NA,9.0,0.0,38.0,2.0,4.0,3.0,NA,NA,NA,23.75,50.5,0.0,219.5,0.0,0.0,237.25,NA,0.0
2026-03-14 09:00:00,45.75,55.75,2.0,7.0,9.0,NA,9.0,0.0,40.5,2.0,4.0,3.0,NA,NA,NA,25.5,45.5,0.0,213.25,0.0,0.0,375.0,NA,0.0
2026-03-14 10:00:00,49.5,60.25,2.0,7.0,9.0,NA,8.33,0.0,42.75,2.0,4.0,3.0,NA,NA,NA,27.0,37.75,0.0,227.0,0.0,0.0,448.25,NA,0.0
2026-03-14 11:00:00,48.75,59.25,2.0,8.0,10.0,NA,NA,0.0,44.0,2.0,4.0,3.0,NA,NA,NA,27.75,34.0,0.0,221.0,0.0,0.0,527.5,NA,0.0
2026-03-14 12:00:00,49.0,60.0,2.5,8.0,10.0,NA,9.0,0.0,44.75,2.0,4.0,3.0,NA,NA,NA,28.0,31.25,0.0,232.75,0.0,0.0,528.75,NA,0.0
2026-03-14 13:00:00,46.5,57.25,3.0,8.0,10.0,NA,9.0,0.0,45.25,2.0,4.0,3.0,NA,NA,NA,28.25,31.5,0.0,237.25,0.0,0.0,477.0,NA,0.0
2026-03-14 14:00:00,33.25,40.75,3.0,8.0,10.0,NA,8.0,0.0,46.0,2.0,4.0,3.0,NA,NA,NA,29.0,30.5,0.0,239.25,0.0,0.0,428.5,NA,0.0
2026-03-14 15:00:00,39.5,49.25,3.0,8.0,10.0,NA,8.0,0.0,46.0,2.0,4.0,3.0,NA,NA,NA,29.0,31.25,0.0,233.5,0.0,0.0,261.75,NA,0.0
2026-03-14 16:00:00,32.5,40.75,2.0,8.0,10.0,NA,8.0,0.0,44.5,2.0,4.0,3.0,NA,NA,NA,28.0,33.5,0.0,236.25,0.0,0.0,88.5,NA,0.0
2026-03-14 17:00:00,37.0,45.75,2.0,7.75,9.75,NA,8.33,0.0,43.5,2.0,4.0,3.0,NA,NA,NA,27.25,34.5,0.0,253.0,0.0,0.0,18.5,NA,0.0
2026-03-14 18:00:00,44.0,53.75,2.0,7.0,9.0,NA,9.0,0.0,42.25,2.0,4.0,3.0,NA,NA,NA,26.25,37.5,0.0,251.5,0.0,0.0,6.0,NA,0.0
2026-03-14 19:00:00,50.25,61.0,2.0,7.0,9.0,NA,9.0,0.0,41.0,2.0,4.0,3.0,NA,NA,NA,26.0,40.0,0.0,264.75,0.0,0.0,6.0,NA,0.0
2026-03-14 20:00:00,58.0,70.5,2.0,7.0,9.0,NA,9.0,0.0,40.25,2.0,4.0,3.0,NA,NA,NA,25.0,42.5,0.0,243.0,0.0,0.0,6.0,NA,0.0
2026-03-14 21:00:00,60.75,73.75,2.0,7.0,9.0,NA,9.0,0.0,40.0,2.0,4.0,3.0,NA,NA,NA,25.0,43.75,0.0,270.5,0.0,0.0,6.0,NA,0.0
2026-03-14 22:00:00,61.75,74.75,2.0,7.0,9.0,NA,9.0,0.0,39.25,2.0,4.0,3.0,NA,NA,NA,24.75,46.5,0.0,249.5,0.0,0.0,6.0,NA,0.0
2026-03-14 23:00:00,77.75,93.0,2.0,7.0,9.0,NA,9.0,0.0,39.0,2.0,4.0,3.0,NA,NA,NA,24.0,47.25,0.0,239.5,0.0,0.0,6.0,NA,0.0
2026-03-15 00:00:00,57.0,69.5,2.0,7.0,9.0,NA,8.67,0.0,38.75,2.0,4.0,3.0,NA,NA,NA,24.0,45.5,0.0,219.25,0.0,0.0,6.0,NA,0.0
2026-03-15 01:00:00,42.0,51.75,2.0,7.0,8.25,NA,8.0,0.0,38.0,2.0,4.0,3.0,NA,NA,NA,24.0,45.25,0.0,176.75,0.0,0.0,6.0,NA,0.0
2026-03-15 02:00:00,35.75,44.0,2.0,7.0,8.0,NA,9.0,0.0,37.5,2.0,4.0,3.0,NA,NA,NA,23.5,45.0,0.0,198.0,0.0,0.0,6.0,NA,0.0
2026-03-15 03:00:00,34.0,42.25,2.0,6.5,8.0,NA,8.0,0.0,37.0,2.0,4.0,3.0,NA,NA,NA,23.0,45.25,0.0,133.75,0.0,0.0,6.0,NA,0.0
2026-03-15 04:00:00,37.25,45.5,2.0,6.0,8.0,NA,8.33,0.0,36.0,2.0,4.0,3.0,NA,NA,NA,23.0,48.75,0.0,188.5,0.0,0.0,6.0,NA,0.0
2026-03-15 05:00:00,44.75,54.5,2.0,6.0,8.0,NA,8.67,0.0,35.0,2.0,4.0,3.0,NA,NA,NA,22.0,53.75,0.0,237.25,0.0,0.0,6.0,NA,0.0
2026-03-15 06:00:00,58.25,70.5,2.0,6.0,8.0,NA,9.0,0.0,35.0,2.0,4.0,3.0,NA,NA,NA,22.0,55.25,0.0,230.25,0.0,0.0,6.0,NA,0.0
2026-03-15 07:00:00,196.5,231.75,2.0,6.0,8.0,NA,9.0,0.0,35.5,2.0,4.0,3.0,NA,NA,NA,22.25,55.75,0.0,192.25,0.0,0.0,88.25,NA,0.0
2026-03-15 08:00:00,78.0,93.75,2.0,7.0,8.25,NA,8.0,0.0,37.75,2.0,4.0,3.0,NA,NA,NA,23.5,48.5,0.0,188.75,0.0,0.0,220.75,NA,0.0
2026-03-15 09:00:00,39.5,49.0,2.0,7.0,9.0,NA,8.0,0.0,40.5,2.0,4.0,3.0,NA,NA,NA,25.5,40.25,0.0,197.5,0.0,0.0,351.25,NA,0.0
2026-03-15 10:00:00,37.75,46.25,2.0,7.0,9.0,NA,9.0,0.0,40.5,2.0,4.0,3.0,NA,NA,NA,25.0,38.75,0.0,205.0,0.0,0.0,164.0,NA,0.0
2026-03-15 11:00:00,54.25,65.75,2.0,7.0,9.0,NA,NA,0.0,40.75,2.0,4.0,3.0,NA,NA,NA,25.25,41.25,0.0,207.25,0.0,0.0,187.25,NA,0.0
2026-03-15 12:00:00,75.0,89.5,2.0,7.0,9.0,NA,9.0,0.0,41.5,2.0,4.0,3.0,NA,NA,NA,26.0,41.25,0.0,203.5,0.0,0.0,282.25,NA,0.0
2026-03-15 13:00:00,64.0,76.75,2.0,7.0,9.0,NA,9.0,0.0,42.25,2.0,4.0,3.0,NA,NA,NA,26.5,39.75,0.0,197.0,0.0,0.0,506.75,NA,0.0
2026-03-15 14:00:00,46.5,57.0,2.0,7.0,9.25,NA,9.0,0.0,43.0,2.0,4.0,3.0,NA,NA,NA,27.0,40.5,0.0,191.0,0.0,0.0,406.5,NA,0.0
2026-03-15 15:00:00,43.25,53.25,2.0,7.0,9.0,NA,9.0,0.0,42.0,2.0,4.0,3.0,NA,NA,NA,27.0,39.75,0.0,196.75,0.0,0.0,298.25,NA,0.0
2026-03-15 16:00:00,36.25,45.0,2.0,7.0,9.0,NA,8.0,0.0,42.0,2.0,4.0,3.0,NA,NA,NA,26.25,42.0,0.0,183.75,0.0,0.0,81.75,NA,0.0
2026-03-15 17:00:00,38.5,47.25,2.0,7.0,9.0,NA,8.0,0.0,41.0,2.0,4.0,3.0,NA,NA,NA,25.75,41.25,0.0,195.75,0.0,0.0,17.5,NA,0.0
2026-03-15 18:00:00,60.5,72.75,2.0,6.5,8.25,NA,9.0,0.0,37.0,2.0,4.0,3.0,NA,NA,NA,23.25,48.0,0.0,205.5,0.0,0.0,6.0,NA,0.0
2026-03-15 19:00:00,76.75,91.75,2.0,6.0,8.0,NA,9.0,0.0,35.0,2.0,4.0,3.0,NA,NA,NA,22.0,51.25,0.0,188.25,0.0,0.0,6.0,NA,0.0
2026-03-15 20:00:00,51.75,62.75,2.0,6.0,8.0,NA,8.0,0.0,35.0,2.0,4.0,3.0,NA,NA,NA,22.0,51.25,0.0,196.0,0.0,0.0,6.0,NA,0.0
2026-03-15 21:00:00,37.5,46.0,2.0,6.0,8.0,NA,8.0,0.0,35.0,2.0,4.0,3.0,NA,NA,NA,22.0,50.0,0.0,193.75,0.0,0.0,6.0,NA,0.0
2026-03-15 22:00:00,30.75,38.75,2.0,6.0,8.0,NA,8.33,0.0,34.75,2.0,4.0,3.0,NA,NA,NA,22.0,50.0,0.0,198.75,0.0,0.0,6.0,NA,0.0
2026-03-15 23:00:00,29.25,36.25,2.0,6.0,8.0,NA,8.0,0.0,34.0,2.0,4.0,3.0,NA,NA,NA,21.25,52.0,0.0,197.5,0.0,0.0,6.0,NA,0.0
2026-03-16 00:00:00,21.25,27.5,2.0,6.0,8.0,NA,9.0,0.0,33.75,2.0,4.0,3.0,NA,NA,NA,21.0,53.75,0.0,196.75,0.0,0.0,6.0,NA,0.0
2026-03-16 01:00:00,16.75,22.25,2.0,6.0,8.0,NA,9.0,0.0,33.0,2.0,4.0,3.0,NA,NA,NA,21.0,53.75,0.0,198.0,0.0,0.0,6.0,NA,0.0
2026-03-16 02:00:00,12.75,17.5,2.0,6.0,8.0,NA,8.0,0.0,33.0,2.0,4.0,3.0,NA,NA,NA,21.0,52.75,0.0,192.75,0.0,0.0,6.0,NA,0.0
2026-03-16 03:00:00,10.25,14.75,2.0,6.0,7.75,NA,8.0,0.0,33.5,2.0,4.0,3.0,NA,NA,NA,21.0,52.75,0.0,178.75,0.0,0.0,6.0,NA,0.0
2026-03-16 04:00:00,14.25,19.25,2.0,6.0,7.0,NA,9.0,0.0,32.25,2.0,4.0,3.0,NA,NA,NA,20.25,58.0,0.0,183.25,0.0,0.0,6.0,NA,0.0
2026-03-16 05:00:00,17.75,23.5,2.0,5.5,7.0,NA,9.0,0.0,31.0,2.0,4.0,3.0,NA,NA,NA,19.5,62.0,0.0,236.5,0.0,0.0,6.0,NA,0.0
2026-03-16 06:00:00,25.75,32.5,2.0,6.0,7.0,NA,9.0,0.0,31.0,2.0,4.0,3.0,NA,NA,NA,20.0,59.0,0.0,195.25,0.0,0.0,10.0,NA,0.0
2026-03-16 07:00:00,16.75,22.0,2.0,6.0,7.25,NA,9.0,0.0,32.75,2.0,4.0,3.0,NA,NA,NA,20.5,54.75,0.0,182.5,0.0,0.0,92.0,NA,0.0
2026-03-16 08:00:00,20.5,26.25,2.0,6.0,8.0,NA,9.0,0.0,35.25,2.0,4.0,3.0,NA,NA,NA,22.25,48.0,0.0,189.5,0.0,0.0,191.75,NA,0.0
2026-03-16 09:00:00,27.0,34.0,2.0,6.75,8.5,NA,9.0,0.0,38.0,2.0,4.0,3.0,NA,NA,NA,23.75,43.25,0.0,196.0,0.0,0.0,303.25,NA,0.0
2026-03-16 10:00:00,50.5,61.75,2.0,7.0,9.0,NA,9.0,0.0,41.0,2.0,4.0,3.0,NA,NA,NA,25.75,37.75,0.0,199.75,0.0,0.0,455.25,NA,0.0
2026-03-16 11:00:00,41.0,50.5,2.0,7.0,9.0,NA,NA,0.0,42.25,2.0,4.0,3.0,NA,NA,NA,26.25,35.5,0.0,204.5,0.0,0.0,519.0,NA,0.0
2026-03-16 12:00:00,33.75,42.0,2.0,7.5,9.75,NA,8.33,0.0,43.25,2.0,4.0,3.0,NA,NA,NA,27.0,36.75,0.0,219.75,0.0,0.0,531.75,NA,0.0
2026-03-16 13:00:00,30.75,38.5,2.0,8.0,10.0,NA,8.0,0.0,44.25,2.0,4.0,3.0,NA,NA,NA,27.75,37.25,0.0,238.0,0.0,0.0,481.0,NA,0.0
2026-03-16 14:00:00,30.5,38.0,2.5,8.0,10.0,NA,9.0,0.0,45.25,2.0,4.0,3.0,NA,NA,NA,28.25,37.0,0.0,227.0,0.0,0.0,426.25,NA,0.0
2026-03-16 15:00:00,33.5,41.5,2.5,8.0,10.0,NA,9.0,0.0,45.0,2.0,4.0,3.0,NA,NA,NA,28.0,37.25,0.0,243.0,0.0,0.0,290.75,NA,0.0
2026-03-16 16:00:00,34.0,42.0,2.0,8.0,10.0,NA,9.0,0.0,44.5,2.0,4.0,3.0,NA,NA,NA,28.0,38.5,0.0,250.25,0.0,0.0,81.25,NA,0.0
2026-03-16 17:00:00,40.0,49.0,2.0,7.75,9.75,NA,9.0,0.0,44.0,2.0,4.0,3.0,NA,NA,NA,27.5,39.25,0.0,242.75,0.0,0.0,18.25,NA,0.0
2026-03-16 18:00:00,49.5,60.5,2.0,7.0,9.0,NA,9.0,0.0,41.5,2.0,4.0,3.0,NA,NA,NA,26.25,43.25,0.0,207.0,0.0,0.0,6.75,NA,0.0
2026-03-16 19:00:00,58.75,71.25,2.0,7.0,9.0,NA,9.0,0.0,40.5,2.0,4.0,3.0,NA,NA,NA,25.25,46.0,0.0,185.5,0.0,0.0,6.0,NA,0.0
2026-03-16 20:00:00,84.25,100.5,2.0,7.0,9.0,NA,9.0,0.0,39.25,2.0,4.0,3.0,NA,NA,NA,24.75,46.0,0.0,173.75,0.0,0.0,6.0,NA,0.0
2026-03-16 21:00:00,63.0,75.5,2.0,7.0,9.0,NA,9.0,0.0,38.25,2.0,4.0,3.0,NA,NA,NA,24.0,47.5,0.0,175.5,0.0,0.0,6.0,NA,0.0
2026-03-16 22:00:00,54.75,65.75,2.0,7.0,8.25,NA,9.0,0.0,38.0,2.0,4.0,3.0,NA,NA,NA,24.0,47.5,0.0,169.0,0.0,0.0,6.0,NA,0.0
2026-03-16 23:00:00,47.25,58.0,2.0,7.0,8.0,NA,9.0,0.0,37.25,2.0,4.0,3.0,NA,NA,NA,23.5,47.5,0.0,167.5,0.0,0.0,6.0,NA,0.0
2026-03-17 00:00:00,44.25,54.25,2.0,7.0,8.0,NA,9.0,0.0,37.0,2.0,4.0,3.0,NA,NA,NA,23.0,46.75,0.0,145.5,0.0,0.0,6.0,NA,0.0
2026-03-17 01:00:00,39.25,48.0,2.0,6.75,8.0,NA,9.0,0.0,37.0,2.0,4.0,3.0,NA,NA,NA,23.0,46.5,0.0,149.0,0.0,0.0,6.0,NA,0.0
2026-03-17 02:00:00,40.75,49.75,2.0,6.0,8.0,NA,9.0,0.0,35.25,2.0,4.0,3.0,NA,NA,NA,22.25,52.5,0.0,199.0,0.0,0.0,6.0,NA,0.0
2026-03-17 03:00:00,44.5,54.25,2.0,6.0,8.0,NA,9.0,0.0,35.0,2.0,4.0,3.0,NA,NA,NA,22.0,52.25,0.0,176.25,0.0,0.0,6.0,NA,0.0
2026-03-17 04:00:00,45.75,55.75,2.0,6.0,8.0,NA,8.0,0.0,35.0,2.0,4.0,3.0,NA,NA,NA,22.0,52.5,0.0,181.0,0.0,0.0,6.0,NA,0.0
2026-03-17 05:00:00,46.0,56.0,2.0,6.0,8.0,NA,8.0,0.0,34.0,2.0,4.0,3.0,NA,NA,NA,21.25,54.5,0.0,195.0,0.0,0.0,6.0,NA,0.0
2026-03-17 06:00:00,46.75,57.0,2.0,6.0,8.0,NA,8.0,0.0,34.0,2.0,4.0,3.0,NA,NA,NA,21.0,54.75,0.0,243.0,0.0,0.0,10.75,NA,0.0
2026-03-17 07:00:00,49.75,60.75,2.0,6.0,8.0,NA,8.67,0.0,35.25,2.0,4.0,3.0,NA,NA,NA,22.25,50.25,0.0,232.75,0.0,0.0,99.75,NA,0.0
2026-03-17 08:00:00,51.0,62.0,2.0,6.5,8.0,NA,9.0,0.0,37.0,2.0,4.0,3.0,NA,NA,NA,23.25,47.0,0.0,305.75,0.0,0.0,239.0,NA,0.0
2026-03-17 09:00:00,48.5,58.75,2.0,7.0,9.0,NA,9.0,0.0,39.75,2.0,4.0,3.0,NA,NA,NA,25.0,44.25,0.0,286.25,0.0,0.0,372.0,NA,0.0
2026-03-17 10:00:00,56.5,69.25,2.0,7.0,9.25,NA,9.0,0.0,42.5,2.0,4.0,3.0,NA,NA,NA,26.5,42.25,0.0,270.0,0.0,0.0,451.75,NA,0.0
2026-03-17 11:00:00,51.5,62.5,2.5,8.0,10.0,NA,NA,0.0,45.25,2.5,5.0,3.5,NA,NA,NA,28.5,37.5,0.0,224.5,0.0,0.0,540.5,NA,0.0
2026-03-17 12:00:00,46.75,57.0,3.0,8.0,10.0,NA,7.67,0.0,46.75,2.0,3.33,2.33,NA,NA,NA,29.0,32.75,0.0,232.0,0.0,0.0,558.75,NA,0.0
2026-03-17 13:00:00,41.75,51.0,3.0,8.0,10.0,NA,6.67,0.0,47.75,1.67,3.0,2.0,NA,NA,NA,29.75,30.25,0.0,230.0,0.0,0.0,506.75,NA,0.0
2026-03-17 14:00:00,38.25,46.5,3.0,8.0,10.25,NA,8.33,0.0,47.25,2.0,4.0,3.0,NA,NA,NA,29.75,29.0,0.0,248.75,0.0,0.0,368.0,NA,0.0
2026-03-17 15:00:00,39.75,48.75,3.0,8.0,10.0,NA,8.0,0.0,47.25,2.0,4.0,3.0,NA,NA,NA,29.5,30.0,0.0,235.25,0.0,0.0,289.75,NA,0.0
2026-03-17 16:00:00,40.0,49.25,3.0,8.0,10.0,NA,9.0,0.0,46.5,2.0,4.0,3.0,NA,NA,NA,29.25,30.5,0.0,228.25,0.0,0.0,100.75,NA,0.0
2026-03-17 17:00:00,43.5,53.25,2.5,8.0,10.0,NA,9.0,0.0,44.75,2.0,4.0,3.0,NA,NA,NA,27.75,35.5,0.0,217.0,0.0,0.0,30.25,NA,0.0
2026-03-17 18:00:00,50.0,60.75,2.0,7.0,9.0,NA,8.33,0.0,41.25,2.0,4.0,3.0,NA,NA,NA,26.0,42.75,0.0,189.75,0.0,0.0,5.75,NA,0.0
2026-03-17 19:00:00,63.0,75.75,2.0,7.0,9.0,NA,8.0,0.0,40.25,2.0,4.0,3.0,NA,NA,NA,25.0,43.0,0.0,176.75,0.0,0.0,6.0,NA,0.0
2026-03-17 20:00:00,65.5,79.0,2.0,7.0,9.0,NA,8.0,0.0,39.5,2.0,4.0,3.0,NA,NA,NA,25.0,44.0,0.0,178.0,0.0,0.0,6.0,NA,0.0
2026-03-17 21:00:00,63.25,76.5,2.0,7.0,9.0,NA,9.0,0.0,39.0,2.0,4.0,3.0,NA,NA,NA,24.25,45.0,0.0,166.5,0.0,0.0,6.0,NA,0.0
2026-03-17 22:00:00,58.75,70.75,2.0,7.0,9.0,NA,9.0,0.0,39.0,2.0,4.0,3.0,NA,NA,NA,24.0,43.5,0.0,169.75,0.0,0.0,5.75,NA,0.0
2026-03-17 23:00:00,52.0,63.25,2.0,7.0,8.75,NA,9.0,0.0,38.25,2.0,4.0,3.0,NA,NA,NA,24.0,43.0,0.0,167.0,0.0,0.0,6.0,NA,0.0
2026-03-18 00:00:00,47.5,58.5,2.0,7.0,8.25,NA,9.0,0.0,37.5,2.0,4.0,3.0,NA,NA,NA,23.75,45.0,0.0,169.5,0.0,0.0,6.0,NA,0.0
2026-03-18 01:00:00,47.75,58.25,2.0,6.0,8.0,NA,9.0,0.0,36.75,2.0,4.0,3.0,NA,NA,NA,23.0,47.25,0.0,163.75,0.0,0.0,6.0,NA,0.0
2026-03-18 02:00:00,44.5,54.5,2.0,6.0,8.0,NA,9.0,0.0,36.0,2.0,4.0,3.0,NA,NA,NA,23.0,46.75,0.0,151.0,0.0,0.0,6.0,NA,0.0
2026-03-18 03:00:00,44.0,54.0,2.0,6.0,8.0,NA,9.33,0.0,36.0,2.0,4.0,3.0,NA,NA,NA,22.5,48.5,0.0,183.25,0.0,0.0,6.0,NA,0.0
2026-03-18 04:00:00,47.5,58.25,2.0,6.0,8.0,NA,9.0,0.0,35.0,2.0,4.0,3.0,NA,NA,NA,22.0,50.0,0.0,202.25,0.0,0.0,6.0,NA,0.0
2026-03-18 05:00:00,50.5,61.5,2.0,6.0,8.0,NA,8.67,0.0,34.25,2.0,4.0,3.0,NA,NA,NA,21.75,51.75,0.0,195.0,0.0,0.0,6.0,NA,0.0
2026-03-18 06:00:00,56.25,68.0,2.0,6.0,8.0,NA,9.0,0.0,34.25,2.0,4.0,3.0,NA,NA,NA,21.5,52.25,0.0,193.25,0.0,0.0,17.25,NA,0.0
2026-03-18 07:00:00,67.75,81.75,2.0,6.0,8.0,NA,9.0,0.0,35.0,2.0,4.0,3.0,NA,NA,NA,22.0,53.25,0.0,236.0,0.0,0.0,80.0,NA,0.0
2026-03-18 08:00:00,91.25,109.5,2.0,6.5,8.5,NA,8.67,0.0,38.25,2.0,4.0,3.0,NA,NA,NA,23.5,46.0,0.0,245.25,0.0,0.0,226.0,NA,0.0
2026-03-18 09:00:00,65.0,78.75,2.0,7.25,9.25,NA,8.67,0.0,43.0,2.0,4.0,3.0,NA,NA,NA,26.75,37.25,0.0,220.75,0.0,0.0,354.5,NA,0.0
2026-03-18 10:00:00,55.0,66.75,2.0,7.5,9.5,NA,8.0,0.0,43.5,2.0,4.0,3.0,NA,NA,NA,27.5,37.0,0.0,270.75,0.0,0.0,446.75,NA,0.0
2026-03-18 11:00:00,44.5,53.75,3.0,8.0,10.0,NA,10.0,0.0,46.5,2.0,4.0,3.0,NA,NA,NA,29.0,33.25,0.0,249.25,0.0,0.0,502.5,NA,0.0
2026-03-18 12:00:00,44.75,54.25,3.0,8.0,10.0,NA,8.75,0.0,47.5,2.0,4.0,3.0,NA,NA,NA,29.5,30.5,0.0,217.25,0.0,0.0,428.0,NA,0.0
2026-03-18 13:00:00,42.0,51.5,3.0,8.0,10.0,NA,7.0,0.0,47.5,2.0,3.0,2.0,NA,NA,NA,30.0,30.75,0.0,202.75,0.0,0.0,469.25,NA,0.0
2026-03-18 14:00:00,52.25,64.0,3.0,8.0,10.0,NA,7.75,0.0,47.0,2.0,3.75,2.75,NA,NA,NA,29.0,33.25,0.0,217.25,0.0,0.0,390.75,NA,0.0
2026-03-18 15:00:00,55.0,66.75,3.0,8.0,10.0,NA,8.0,0.0,46.25,2.0,4.0,3.0,NA,NA,NA,29.0,32.25,0.0,208.25,0.0,0.0,277.0,NA,0.0
2026-03-18 16:00:00,48.0,58.25,3.0,8.0,10.0,NA,8.5,0.0,45.5,2.0,4.0,3.0,NA,NA,NA,28.5,32.5,0.0,194.75,0.0,0.0,83.5,NA,0.0
2026-03-18 17:00:00,42.5,51.75,2.0,7.75,9.75,NA,9.0,0.0,44.0,2.0,4.0,3.0,NA,NA,NA,27.5,35.75,0.0,197.5,0.0,0.0,18.25,NA,0.0
2026-03-18 18:00:00,57.5,69.75,2.0,7.0,9.0,NA,8.75,0.0,42.25,2.0,4.0,3.0,NA,NA,NA,26.25,38.5,0.0,181.25,0.0,0.0,6.0,NA,0.0
2026-03-18 19:00:00,67.5,82.0,2.0,7.0,9.0,NA,8.0,0.0,40.75,2.0,4.0,3.0,NA,NA,NA,25.5,41.5,0.0,164.75,0.0,0.0,6.0,NA,0.0
2026-03-18 20:00:00,80.25,96.5,2.0,7.0,9.0,NA,8.0,0.0,39.5,2.0,4.0,3.0,NA,NA,NA,25.0,43.75,0.0,192.0,0.0,0.0,6.0,NA,0.0
2026-03-18 21:00:00,77.0,92.75,2.0,7.0,9.0,NA,8.0,0.0,38.75,2.0,4.0,3.0,NA,NA,NA,24.25,44.75,0.0,165.0,0.0,0.0,6.0,NA,0.0
2026-03-18 22:00:00,79.5,94.5,2.0,7.0,8.25,NA,8.0,0.0,38.0,2.0,4.0,3.0,NA,NA,NA,24.0,45.0,0.0,174.5,0.0,0.0,6.0,NA,0.0
2026-03-18 23:00:00,74.0,89.0,2.0,7.0,8.0,NA,8.5,0.0,38.0,2.0,4.0,3.0,NA,NA,NA,24.0,41.25,0.0,212.5,0.0,0.0,6.0,NA,0.0
2026-03-19 00:00:00,60.25,72.5,2.0,7.0,8.0,NA,9.0,0.0,37.0,2.0,4.0,3.0,NA,NA,NA,23.0,41.0,0.0,208.5,0.0,0.0,6.0,NA,0.0
2026-03-19 01:00:00,51.25,62.25,2.0,6.0,8.0,NA,10.0,0.0,36.75,2.5,4.75,3.0,NA,NA,NA,23.0,42.25,0.0,221.0,0.0,0.0,6.0,NA,0.0
2026-03-19 02:00:00,48.25,58.25,2.0,6.0,8.0,NA,9.25,0.0,36.0,2.0,4.25,3.0,NA,NA,NA,23.0,44.75,0.0,251.0,0.0,0.0,6.0,NA,0.0
2026-03-19 03:00:00,56.5,68.75,2.0,6.0,8.0,NA,9.0,0.0,35.25,2.0,4.0,3.0,NA,NA,NA,22.25,50.25,0.0,232.5,0.0,0.0,6.0,NA,0.0
2026-03-19 04:00:00,48.25,59.0,2.0,6.0,8.0,NA,8.25,0.0,34.0,2.0,4.0,3.0,NA,NA,NA,21.0,53.5,0.0,222.0,0.0,0.0,6.0,NA,0.0
2026-03-19 05:00:00,40.25,49.75,2.0,6.0,8.0,NA,8.0,0.0,34.0,2.0,4.0,3.0,NA,NA,NA,21.0,53.5,0.0,196.0,0.0,0.0,6.0,NA,0.0
2026-03-19 06:00:00,36.5,44.75,2.0,6.0,8.0,NA,8.5,0.0,34.0,2.0,4.0,3.0,NA,NA,NA,21.5,51.25,0.0,156.25,0.0,0.0,10.75,NA,0.0
2026-03-19 07:00:00,36.75,45.75,2.0,6.0,8.0,NA,8.25,0.0,35.75,2.0,4.0,3.0,NA,NA,NA,22.5,48.0,0.0,201.0,0.0,0.0,99.0,NA,0.0
2026-03-19 08:00:00,40.25,49.5,2.0,7.0,8.5,NA,8.5,0.0,38.0,2.0,4.0,3.0,NA,NA,NA,23.75,43.5,0.0,179.5,0.0,0.0,232.5,NA,0.0
2026-03-19 09:00:00,45.25,56.0,2.0,7.0,9.0,NA,8.25,0.0,41.25,2.0,4.0,3.0,NA,NA,NA,25.75,39.0,0.0,195.75,0.0,0.0,368.0,NA,0.0
2026-03-19 10:00:00,53.75,65.5,2.0,8.0,10.0,NA,8.5,0.0,43.75,2.0,4.0,3.0,NA,NA,NA,27.5,34.75,0.0,175.75,0.0,0.0,465.25,NA,0.0
2026-03-19 11:00:00,56.0,68.0,3.0,8.0,10.0,NA,10.0,0.0,46.5,2.25,4.75,3.0,NA,NA,NA,28.75,28.25,0.0,234.0,0.0,0.0,544.5,NA,0.0
2026-03-19 12:00:00,39.0,47.5,3.0,8.0,10.25,NA,8.5,0.0,47.75,2.0,4.25,3.0,NA,NA,NA,30.0,27.75,0.0,214.25,0.0,0.0,501.5,NA,0.0
2026-03-19 13:00:00,34.25,42.25,3.0,8.0,10.75,NA,7.0,0.0,48.25,2.0,3.0,2.0,NA,NA,NA,30.25,28.0,0.0,213.5,0.0,0.0,489.75,NA,0.0
2026-03-19 14:00:00,29.5,36.75,3.0,8.0,11.0,NA,8.25,0.0,48.75,2.0,3.75,2.75,NA,NA,NA,30.0,27.25,0.0,197.5,0.0,0.0,426.0,NA,0.0
2026-03-19 15:00:00,25.5,32.0,3.0,8.0,10.0,NA,8.0,0.0,48.0,2.0,4.0,3.0,NA,NA,NA,30.0,28.25,0.0,214.75,0.0,0.0,300.5,NA,0.0
2026-03-19 16:00:00,20.75,26.75,3.0,8.0,10.0,NA,8.75,0.0,46.75,2.0,4.0,3.0,NA,NA,NA,29.0,30.5,0.0,210.0,0.0,0.0,85.0,NA,0.0
2026-03-19 17:00:00,24.25,30.75,2.25,8.0,10.0,NA,9.0,0.0,44.5,2.0,4.0,3.0,NA,NA,NA,27.75,32.75,0.0,196.0,0.0,0.0,15.75,NA,0.0
2026-03-19 18:00:00,38.25,46.75,2.0,7.0,9.0,NA,8.5,0.0,42.0,2.0,4.0,3.0,NA,NA,NA,26.25,38.0,0.0,192.25,0.0,0.0,6.5,NA,0.0
2026-03-19 19:00:00,52.75,64.5,2.0,7.0,9.0,NA,8.0,0.0,40.5,2.0,4.0,3.0,NA,NA,NA,25.25,40.25,0.0,168.25,0.0,0.0,6.0,NA,0.0
2026-03-19 20:00:00,61.0,74.0,2.0,7.0,9.0,NA,8.0,0.0,39.75,2.0,4.0,3.0,NA,NA,NA,25.0,41.75,0.0,217.5,0.0,0.0,6.0,NA,0.0
2026-03-19 21:00:00,60.25,73.25,2.0,7.0,9.0,NA,8.0,0.0,38.75,2.0,4.0,3.0,NA,NA,NA,24.0,43.5,0.0,204.0,0.0,0.0,6.0,NA,0.0
2026-03-19 22:00:00,53.5,65.25,2.0,7.0,8.0,NA,8.0,0.0,38.0,2.0,4.0,3.0,NA,NA,NA,24.0,45.0,0.0,191.0,0.0,0.0,6.0,NA,0.0
2026-03-19 23:00:00,49.5,59.75,2.0,7.0,8.0,NA,8.0,0.0,37.25,2.0,3.75,2.75,NA,NA,NA,23.25,46.0,0.0,188.0,0.0,0.0,6.0,NA,0.0
2026-03-20 00:00:00,45.5,55.5,2.0,6.25,8.0,NA,9.0,0.0,37.0,2.0,4.25,3.0,NA,NA,NA,23.0,46.75,0.0,196.5,0.0,0.0,6.0,NA,0.0
2026-03-20 01:00:00,43.25,53.0,2.0,6.0,8.0,NA,10.75,0.0,36.0,3.0,5.0,3.75,NA,NA,NA,22.75,48.75,0.0,232.75,0.0,0.0,6.0,NA,0.0
2026-03-20 02:00:00,43.75,53.75,2.0,6.0,8.0,NA,9.75,0.0,36.0,2.25,4.25,3.25,NA,NA,NA,22.0,49.25,0.0,251.0,0.0,0.0,6.0,NA,0.0
2026-03-20 03:00:00,45.75,55.75,2.0,6.0,8.0,NA,9.0,0.0,35.25,2.0,4.0,3.0,NA,NA,NA,22.0,51.75,0.0,240.5,0.0,0.0,6.0,NA,0.0
2026-03-20 04:00:00,51.0,62.0,2.0,6.0,8.0,NA,7.75,0.0,34.0,2.0,3.5,2.5,NA,NA,NA,21.25,55.5,0.0,237.75,0.0,0.0,6.0,NA,0.0
2026-03-20 05:00:00,50.25,60.75,2.0,6.0,7.5,NA,7.0,0.0,33.0,2.0,3.0,2.0,NA,NA,NA,21.0,60.25,0.0,208.75,0.0,0.0,6.0,NA,0.0
2026-03-20 06:00:00,42.25,51.5,2.0,6.0,7.0,NA,7.75,0.0,33.0,2.0,3.75,2.75,NA,NA,NA,21.0,60.75,0.0,172.5,0.0,0.0,6.0,NA,0.0
2026-03-20 07:00:00,47.75,58.5,2.0,6.0,8.0,NA,8.75,0.0,33.75,2.0,4.0,3.0,NA,NA,NA,21.0,59.25,0.0,206.25,0.0,0.0,58.25,NA,0.0
2026-03-20 08:00:00,65.25,78.75,2.0,6.0,8.0,NA,9.25,0.0,35.5,2.0,4.0,3.0,NA,NA,NA,22.25,57.25,0.0,211.75,0.0,0.0,172.5,NA,0.0
2026-03-20 09:00:00,67.25,81.25,2.0,6.0,8.0,NA,10.0,0.0,35.75,2.0,4.5,3.0,NA,NA,NA,22.75,57.25,0.0,225.0,0.0,0.0,90.25,NA,0.0
2026-03-20 10:00:00,89.75,107.5,2.0,6.0,7.0,NA,9.25,0.0,31.25,2.0,4.25,3.0,NA,NA,NA,20.0,84.0,0.0,177.25,0.0,0.0,23.25,NA,0.0
2026-03-20 11:00:00,44.25,54.5,2.0,6.0,7.0,NA,9.0,0.0,32.25,2.0,4.0,3.0,NA,NA,NA,20.25,82.25,0.0,237.25,0.0,0.0,74.25,NA,0.0
2026-03-20 12:00:00,32.75,40.75,2.0,6.0,8.0,NA,9.0,0.0,35.25,2.0,4.0,3.0,NA,NA,NA,21.75,71.75,0.0,239.25,0.0,0.0,338.0,NA,0.0
2026-03-20 13:00:00,34.5,42.5,2.0,6.0,8.0,NA,8.0,0.0,35.5,2.0,4.0,3.0,NA,NA,NA,22.0,66.0,0.0,224.5,0.0,0.0,153.25,NA,0.0
2026-03-20 14:00:00,25.75,32.75,2.0,6.0,7.5,NA,8.75,0.0,33.25,2.0,4.0,3.0,NA,NA,NA,20.75,78.0,0.0,244.25,0.0,0.0,11.25,NA,0.0
2026-03-20 15:00:00,24.75,31.75,2.0,6.0,7.0,NA,8.75,0.0,32.0,2.0,4.0,3.0,NA,NA,NA,20.0,85.0,0.0,236.0,0.0,0.0,73.75,NA,0.0
2026-03-20 16:00:00,20.75,26.75,2.0,6.0,7.0,NA,8.0,0.0,32.5,2.0,4.0,3.0,NA,NA,NA,20.5,83.25,0.0,220.0,0.0,0.0,42.5,NA,0.0
2026-03-20 17:00:00,23.33,28.33,2.0,6.0,7.0,NA,8.0,0.0,32.0,2.0,4.0,3.0,NA,NA,NA,20.0,89.0,0.0,203.0,0.0,0.0,6.67,NA,0.0
2026-03-20 18:00:00,26.75,32.75,2.0,6.0,7.0,NA,8.75,0.0,31.75,2.0,4.0,3.0,NA,NA,NA,20.0,89.5,0.0,189.5,0.0,0.0,6.25,NA,0.0
2026-03-20 19:00:00,34.0,40.75,2.0,6.0,7.0,NA,9.0,0.0,31.0,2.0,4.0,3.0,NA,NA,NA,19.75,87.75,0.0,191.0,0.0,0.0,6.0,NA,0.0
2026-03-20 20:00:00,24.75,30.75,2.0,5.0,7.0,NA,9.0,0.0,31.0,2.0,4.0,3.0,NA,NA,NA,19.0,88.0,0.0,212.5,0.0,0.0,6.0,NA,0.0
2026-03-20 21:00:00,21.25,26.5,2.0,5.0,7.0,NA,8.0,0.0,30.25,2.0,4.0,3.0,NA,NA,NA,19.0,88.75,0.0,226.25,0.0,0.0,6.0,NA,0.0
2026-03-20 22:00:00,22.75,28.5,2.0,5.0,7.0,NA,8.0,0.0,30.0,2.0,4.0,3.0,NA,NA,NA,19.0,94.0,0.0,217.75,0.0,0.0,6.0,NA,0.0
2026-03-20 23:00:00,37.0,44.5,2.0,5.0,7.0,NA,8.0,0.0,30.25,2.0,4.0,3.0,NA,NA,NA,19.0,95.0,0.0,275.5,0.0,0.0,6.0,NA,0.0
2026-03-21 00:00:00,36.0,43.5,2.0,5.0,7.0,NA,8.25,0.0,30.0,2.0,4.0,3.0,NA,NA,NA,19.0,98.0,0.0,291.0,0.0,0.0,6.25,NA,0.0
2026-03-21 01:00:00,27.25,33.5,2.0,5.0,7.0,NA,8.0,0.0,29.75,2.0,4.0,3.0,NA,NA,NA,19.0,NA,0.0,252.25,0.0,0.0,6.0,NA,0.0
2026-03-21 02:00:00,14.75,19.0,2.0,5.0,7.0,NA,8.5,0.0,29.5,2.0,4.0,3.0,NA,NA,NA,19.0,NA,0.0,247.25,0.0,0.0,6.0,NA,0.0
2026-03-21 03:00:00,7.0,10.0,2.0,5.0,7.0,NA,9.0,0.0,29.0,2.0,4.0,3.0,NA,NA,NA,19.0,96.33,0.0,263.25,0.0,0.0,6.0,NA,0.0
2026-03-21 04:00:00,2.5,4.75,2.0,5.0,7.0,NA,8.25,0.0,29.0,2.0,4.0,3.0,NA,NA,NA,19.0,97.25,0.0,200.25,0.0,0.0,6.0,NA,0.0
2026-03-21 05:00:00,2.75,5.75,2.0,5.0,7.0,NA,8.0,0.0,30.0,2.0,4.0,3.0,NA,NA,NA,19.0,98.5,0.0,213.5,0.0,0.0,6.0,NA,0.0
2026-03-21 06:00:00,13.25,17.25,2.0,5.0,7.0,NA,8.75,0.0,29.5,2.0,4.0,3.0,NA,NA,NA,19.0,95.75,0.0,252.25,0.0,0.0,6.0,NA,0.0
2026-03-21 07:00:00,17.5,22.5,2.0,5.0,7.0,NA,8.0,0.0,29.0,2.0,4.0,3.0,NA,NA,NA,18.0,95.0,0.0,237.75,0.0,0.0,8.0,NA,0.0
2026-03-21 08:00:00,18.0,23.0,2.0,5.25,7.0,NA,8.75,0.0,30.0,2.0,4.0,3.0,NA,NA,NA,19.25,91.0,0.0,236.75,0.0,0.0,141.0,NA,0.0
2026-03-21 09:00:00,21.5,26.5,2.0,6.0,7.75,NA,8.5,0.0,34.5,2.0,4.0,3.0,NA,NA,NA,21.5,73.0,0.0,222.0,0.0,0.0,424.75,NA,0.0
2026-03-21 10:00:00,19.25,24.25,2.0,6.0,8.0,NA,8.5,0.0,35.75,2.0,4.0,3.0,NA,NA,NA,22.5,63.5,0.0,227.0,0.0,0.0,486.25,NA,0.0
2026-03-21 11:00:00,13.5,17.5,2.0,6.0,8.0,NA,10.0,0.0,35.75,2.0,4.0,3.0,NA,NA,NA,22.5,60.5,0.0,224.5,0.0,0.0,251.25,NA,0.0
2026-03-21 12:00:00,12.0,15.75,2.0,6.0,8.0,NA,8.75,0.0,35.75,2.0,4.25,3.0,NA,NA,NA,22.5,62.5,0.0,210.75,0.0,0.0,256.5,NA,0.0
2026-03-21 13:00:00,17.75,22.75,2.0,6.25,8.0,NA,8.0,0.0,35.5,2.0,4.0,3.0,NA,NA,NA,22.25,64.75,0.0,198.5,0.0,0.0,459.5,NA,0.0
2026-03-21 14:00:00,26.75,32.25,2.0,7.0,8.25,NA,8.0,0.0,37.75,2.0,4.0,3.0,NA,NA,NA,23.75,55.5,0.0,198.0,0.0,0.0,395.0,NA,0.0
2026-03-21 15:00:00,20.75,25.0,2.0,6.5,8.25,NA,8.5,0.0,36.75,2.0,4.0,3.0,NA,NA,NA,23.25,57.0,0.0,211.0,0.0,0.0,190.0,NA,0.0
2026-03-21 16:00:00,23.75,28.25,2.0,6.0,8.0,NA,8.0,0.0,35.75,2.0,4.0,3.0,NA,NA,NA,22.0,61.0,0.0,195.0,0.0,0.0,74.25,NA,0.0
2026-03-21 17:00:00,23.25,28.25,2.0,6.0,8.0,NA,9.0,0.0,35.25,2.0,4.0,3.0,NA,NA,NA,22.0,63.5,0.0,175.75,0.0,0.0,11.5,NA,0.0
2026-03-21 18:00:00,28.25,33.5,2.0,6.0,8.0,NA,8.5,0.0,34.25,2.0,4.0,3.0,NA,NA,NA,22.0,64.5,0.0,184.5,0.0,0.0,6.0,NA,0.0
2026-03-21 19:00:00,38.25,45.0,2.0,6.0,8.0,NA,7.25,0.0,34.0,2.0,3.0,2.25,NA,NA,NA,21.0,64.5,0.0,191.75,0.0,0.0,6.0,NA,0.0
2026-03-21 20:00:00,41.25,48.5,2.0,6.0,8.0,NA,7.75,0.0,33.5,2.0,3.75,2.75,NA,NA,NA,21.0,66.5,0.0,187.75,0.0,0.0,6.0,NA,0.0
2026-03-21 21:00:00,43.5,50.75,2.0,6.0,7.5,NA,8.5,0.0,33.0,2.0,4.0,3.0,NA,NA,NA,21.0,69.75,0.0,212.75,0.0,0.0,6.0,NA,0.0
2026-03-21 22:00:00,58.25,67.25,2.0,6.0,7.0,NA,9.0,0.0,33.0,2.0,4.0,3.0,NA,NA,NA,21.0,69.5,0.0,189.0,0.0,0.0,6.0,NA,0.0
2026-03-21 23:00:00,45.75,53.5,2.0,6.0,7.0,NA,9.0,0.0,32.25,2.0,4.0,3.0,NA,NA,NA,20.0,74.5,0.0,185.75,0.0,0.0,6.0,NA,0.0
2026-03-22 00:00:00,39.75,46.75,2.0,6.0,7.0,NA,8.5,0.0,32.0,2.0,4.0,3.0,NA,NA,NA,20.0,77.5,0.0,194.5,0.0,0.0,6.0,NA,0.0
2026-03-22 01:00:00,39.0,46.0,2.0,6.0,7.0,NA,8.0,0.0,31.0,2.0,4.0,3.0,NA,NA,NA,20.0,81.33,0.0,198.0,0.0,0.0,6.0,NA,0.0
2026-03-22 02:00:00,43.25,50.25,2.0,5.25,7.0,NA,7.5,0.0,31.0,2.0,3.5,2.5,NA,NA,NA,19.0,83.75,0.0,182.0,0.0,0.0,6.0,NA,0.0
2026-03-22 03:00:00,40.5,47.75,2.0,5.0,7.0,NA,7.0,0.0,30.0,2.0,3.0,2.0,NA,NA,NA,19.0,86.5,0.0,99.75,0.0,0.0,6.0,NA,0.0
2026-03-22 04:00:00,48.25,56.25,2.0,5.0,7.0,NA,7.75,0.0,30.0,2.0,3.75,2.75,NA,NA,NA,19.0,88.0,0.0,165.0,0.0,0.0,6.0,NA,0.0
2026-03-22 05:00:00,40.5,47.75,2.0,5.0,7.0,NA,8.0,0.0,30.0,2.0,4.0,3.0,NA,NA,NA,19.0,89.25,0.0,191.5,0.0,0.0,6.0,NA,0.0
2026-03-22 06:00:00,39.75,46.75,2.0,5.0,7.0,NA,8.75,0.0,30.0,2.0,4.0,3.0,NA,NA,NA,19.0,89.0,0.0,242.5,0.0,0.0,16.0,NA,0.0
2026-03-22 07:00:00,40.0,47.0,2.0,5.75,7.0,NA,9.0,0.0,31.5,2.0,4.0,3.0,NA,NA,NA,19.75,84.25,0.0,222.25,0.0,0.0,124.5,NA,0.0
2026-03-22 08:00:00,32.25,38.5,2.0,6.0,8.0,NA,8.75,0.0,34.0,2.0,4.0,3.0,NA,NA,NA,21.5,71.5,0.0,222.0,0.0,0.0,284.0,NA,0.0
2026-03-22 09:00:00,32.25,38.25,2.0,6.75,8.0,NA,9.0,0.0,37.25,2.0,4.0,3.0,NA,NA,NA,23.5,57.25,0.0,209.25,0.0,0.0,440.25,NA,0.0
2026-03-22 10:00:00,30.25,36.25,2.0,7.0,8.75,NA,8.25,0.0,38.5,2.0,4.0,3.0,NA,NA,NA,24.0,51.75,0.0,219.75,0.0,0.0,526.75,NA,0.0
2026-03-22 11:00:00,22.25,27.0,2.0,7.0,9.0,NA,7.0,0.0,39.75,2.0,3.75,2.75,NA,NA,NA,25.0,46.5,0.0,225.5,0.0,0.0,564.75,NA,0.0
2026-03-22 12:00:00,22.75,26.75,2.0,7.0,9.0,NA,7.75,0.0,40.75,2.0,3.75,2.75,NA,NA,NA,25.5,43.0,0.0,216.25,0.0,0.0,624.5,NA,0.0
2026-03-22 13:00:00,22.0,27.0,2.0,7.0,9.0,NA,8.0,0.0,41.75,2.0,4.0,3.0,NA,NA,NA,26.0,39.75,0.0,235.5,0.0,0.0,598.0,NA,0.0
2026-03-22 14:00:00,20.25,25.25,2.0,7.0,9.0,NA,8.5,0.0,42.25,2.0,4.0,3.0,NA,NA,NA,26.5,37.25,0.0,223.25,0.0,0.0,499.0,NA,0.0
2026-03-22 15:00:00,24.0,28.75,2.0,7.0,9.0,NA,9.0,0.0,42.75,2.0,4.0,3.0,NA,NA,NA,27.0,36.25,0.0,232.5,0.0,0.0,368.75,NA,0.0
2026-03-22 16:00:00,24.75,29.75,2.0,7.0,9.0,NA,9.0,0.0,42.0,2.0,4.0,3.0,NA,NA,NA,26.25,37.0,0.0,235.75,0.0,0.0,96.25,NA,0.0
2026-03-22 17:00:00,39.5,46.25,2.0,7.0,9.0,NA,9.0,0.0,40.75,2.0,4.0,3.0,NA,NA,NA,25.75,37.25,0.0,245.5,0.0,0.0,17.0,NA,0.0
2026-03-22 18:00:00,36.0,43.0,2.0,7.0,9.0,NA,8.25,0.0,39.25,2.0,4.0,3.0,NA,NA,NA,24.5,38.75,0.0,251.25,0.0,0.0,6.0,NA,0.0
2026-03-22 19:00:00,48.75,56.5,2.0,7.0,8.5,NA,7.5,0.0,37.75,2.0,3.0,2.0,NA,NA,NA,24.0,40.75,0.0,252.25,0.0,0.0,6.0,NA,0.0
2026-03-22 20:00:00,65.5,75.5,2.0,6.5,8.0,NA,8.25,0.0,37.0,2.0,3.75,2.75,NA,NA,NA,23.0,43.0,0.0,256.25,0.0,0.0,6.0,NA,0.0
2026-03-22 21:00:00,75.75,86.75,2.0,6.0,8.0,NA,9.25,0.0,36.75,2.0,4.0,3.0,NA,NA,NA,23.0,44.25,0.0,253.0,0.0,0.0,6.0,NA,0.0
2026-03-22 22:00:00,71.75,82.0,2.0,6.0,8.0,NA,9.25,0.0,35.75,2.0,4.25,3.0,NA,NA,NA,22.5,47.25,0.0,246.75,0.0,0.0,6.0,NA,0.0
2026-03-22 23:00:00,93.75,107.25,2.0,6.0,8.0,NA,10.75,0.0,35.0,3.0,5.0,3.75,NA,NA,NA,22.0,49.25,0.0,254.25,0.0,0.0,6.0,NA,0.0
2026-03-23 00:00:00,66.75,77.25,2.0,6.0,8.0,NA,9.5,0.0,34.75,2.25,4.25,3.25,NA,NA,NA,22.0,50.75,0.0,214.25,0.0,0.0,6.0,NA,0.0
2026-03-23 01:00:00,61.0,70.25,2.0,6.0,8.0,NA,9.0,0.0,34.0,2.0,4.0,3.0,NA,NA,NA,21.0,52.5,0.0,246.25,0.0,0.0,6.0,NA,0.0
2026-03-23 02:00:00,48.0,56.25,2.0,6.0,8.0,NA,8.5,0.0,33.5,2.0,3.75,2.75,NA,NA,NA,21.0,54.25,0.0,209.25,0.0,0.0,6.0,NA,0.0
2026-03-23 03:00:00,42.5,49.75,2.0,6.0,7.5,NA,7.0,0.0,33.0,2.0,3.0,2.0,NA,NA,NA,21.0,55.75,0.0,292.25,0.0,0.0,6.0,NA,0.0
2026-03-23 04:00:00,43.75,50.75,2.0,6.0,7.0,NA,8.5,0.0,32.25,2.0,3.75,2.75,NA,NA,NA,20.0,61.0,0.0,266.5,0.0,0.0,6.0,NA,0.0
2026-03-23 05:00:00,54.75,63.25,2.0,6.0,7.0,NA,9.0,0.0,31.75,2.0,4.0,3.0,NA,NA,NA,20.0,64.5,0.0,211.25,0.0,0.0,6.0,NA,0.0
2026-03-23 06:00:00,57.0,66.25,2.0,6.0,7.0,NA,9.0,0.0,32.25,2.0,4.0,3.0,NA,NA,NA,20.25,62.0,0.0,199.25,0.0,0.0,19.25,NA,0.0
2026-03-23 07:00:00,68.75,79.0,2.0,6.0,8.0,NA,10.0,0.0,34.5,2.0,4.75,3.0,NA,NA,NA,22.0,54.0,0.0,199.0,0.0,0.0,132.25,NA,0.0
2026-03-23 08:00:00,102.25,117.25,2.0,6.75,8.25,NA,8.75,0.0,37.75,2.0,4.25,3.0,NA,NA,NA,23.75,48.5,0.0,231.75,0.0,0.0,273.75,NA,0.0
2026-03-23 09:00:00,75.5,87.0,2.0,7.0,9.0,NA,7.75,0.0,39.75,2.0,3.25,2.25,NA,NA,NA,25.0,45.0,0.0,254.75,0.0,0.0,416.75,NA,0.0
2026-03-23 10:00:00,44.25,51.0,2.0,7.0,9.0,NA,7.75,0.0,41.75,2.0,3.75,2.75,NA,NA,NA,26.0,41.75,0.0,230.0,0.0,0.0,504.5,NA,0.0
2026-03-23 11:00:00,49.5,57.5,2.0,7.0,9.0,NA,7.0,0.0,42.5,2.0,3.0,2.0,NA,NA,NA,27.0,38.0,0.0,233.0,0.0,0.0,423.25,NA,0.0
2026-03-23 12:00:00,48.5,56.5,2.0,7.75,9.75,NA,7.75,0.0,43.25,2.0,3.75,2.75,NA,NA,NA,27.0,37.0,0.0,243.5,0.0,0.0,464.25,NA,0.0
2026-03-23 13:00:00,40.0,46.5,2.0,7.0,9.0,NA,7.75,0.0,42.0,2.0,3.25,2.5,NA,NA,NA,26.25,39.75,0.0,225.0,0.0,0.0,228.25,NA,0.0
2026-03-23 14:00:00,41.75,49.25,2.0,7.0,9.0,NA,8.75,0.0,41.25,2.0,4.0,3.0,NA,NA,NA,26.0,41.75,0.0,223.0,0.0,0.0,255.75,NA,0.0
2026-03-23 15:00:00,45.5,53.0,2.0,7.0,9.0,NA,10.0,0.0,41.75,2.0,4.25,3.0,NA,NA,NA,26.25,40.25,0.0,240.0,0.0,0.0,256.25,NA,0.0
2026-03-23 16:00:00,41.67,48.67,2.0,7.0,9.0,NA,9.33,0.0,40.0,2.0,4.33,3.0,NA,NA,NA,25.33,45.33,0.0,210.67,0.0,0.0,70.0,NA,0.0
2026-03-23 17:00:00,44.25,52.25,2.0,7.0,8.5,NA,9.75,0.0,38.25,2.25,4.5,3.0,NA,NA,NA,24.0,50.0,0.0,223.0,0.0,0.0,22.0,NA,0.0
2026-03-23 18:00:00,40.75,47.75,2.0,7.0,8.0,NA,9.0,0.0,37.5,2.25,4.25,3.0,NA,NA,NA,23.5,50.0,0.0,268.0,0.0,0.0,6.25,NA,0.0
2026-03-23 19:00:00,41.0,48.0,2.0,6.0,8.0,NA,7.25,0.0,36.5,2.0,3.0,2.0,NA,NA,NA,23.0,53.5,0.0,198.25,0.0,0.0,6.25,NA,0.0
2026-03-23 20:00:00,53.0,61.75,2.0,6.0,8.0,NA,8.25,0.0,35.5,2.0,3.75,2.75,NA,NA,NA,22.25,57.25,0.0,205.0,0.0,0.0,6.0,NA,0.0
2026-03-23 21:00:00,57.5,66.5,2.0,6.0,8.0,NA,9.0,0.0,34.75,2.0,4.0,3.0,NA,NA,NA,22.0,60.5,0.0,170.75,0.0,0.0,6.0,NA,0.0
2026-03-23 22:00:00,64.0,73.75,2.0,6.0,8.0,NA,9.25,0.0,34.0,2.0,4.25,3.0,NA,NA,NA,21.25,62.5,0.0,170.25,0.0,0.0,6.0,NA,0.0
2026-03-23 23:00:00,58.0,67.25,2.0,6.0,8.0,NA,10.0,0.0,33.75,2.5,5.0,3.0,NA,NA,NA,21.0,64.0,0.0,165.0,0.0,0.0,6.0,NA,0.0
2026-03-24 00:00:00,54.5,63.5,2.0,6.0,7.25,NA,9.25,0.0,32.75,2.25,4.25,3.0,NA,NA,NA,20.75,66.5,0.0,248.25,0.0,0.0,6.0,NA,0.0
2026-03-24 01:00:00,50.75,59.5,2.0,6.0,7.0,NA,8.5,0.0,32.0,2.0,4.0,3.0,NA,NA,NA,20.0,68.75,0.0,253.0,0.0,0.0,6.0,NA,0.0
2026-03-24 02:00:00,41.5,48.5,2.0,6.0,7.0,NA,7.75,0.0,32.0,2.0,3.75,2.75,NA,NA,NA,20.0,70.0,0.0,256.0,0.0,0.0,6.0,NA,0.0
2026-03-24 03:00:00,56.5,65.0,2.0,6.0,7.0,NA,6.25,0.0,32.0,1.25,3.0,2.0,NA,NA,NA,20.0,72.25,0.0,257.75,0.0,0.0,6.0,NA,0.0
2026-03-24 04:00:00,53.75,62.0,2.0,6.0,7.0,NA,8.25,0.0,32.0,1.75,3.75,2.75,NA,NA,NA,20.0,73.5,0.0,252.0,0.0,0.0,6.0,NA,0.0
2026-03-24 05:00:00,50.0,58.25,2.0,6.0,7.0,NA,9.0,0.0,31.0,2.0,4.0,3.0,NA,NA,NA,20.0,74.25,0.0,258.75,0.0,0.0,6.25,NA,0.0
2026-03-24 06:00:00,52.5,61.25,2.0,6.0,7.0,NA,8.75,0.0,31.25,2.0,4.0,3.0,NA,NA,NA,19.5,75.25,0.0,252.0,0.0,0.0,21.0,NA,0.0
2026-03-24 07:00:00,55.5,64.5,2.0,6.0,7.5,NA,9.0,0.0,33.5,2.0,4.0,3.0,NA,NA,NA,21.0,67.0,0.0,272.5,0.0,0.0,148.75,NA,0.0
2026-03-24 08:00:00,61.75,71.5,2.0,6.5,8.0,NA,8.25,0.0,37.0,2.0,4.0,3.0,NA,NA,NA,23.25,56.0,0.0,242.25,0.0,0.0,308.25,NA,0.0
2026-03-24 09:00:00,46.75,54.25,2.0,7.0,9.0,NA,8.75,0.0,40.0,2.0,4.0,3.0,NA,NA,NA,25.0,49.0,0.0,198.5,0.0,0.0,445.25,NA,0.0
2026-03-24 10:00:00,36.25,42.75,2.0,7.0,9.0,NA,9.0,0.0,41.5,2.0,4.0,3.0,NA,NA,NA,26.25,45.0,0.0,220.5,0.0,0.0,552.25,NA,0.0
2026-03-24 11:00:00,31.5,37.5,2.0,7.0,9.25,NA,9.0,0.0,42.5,2.0,4.0,3.0,NA,NA,NA,26.5,41.75,0.0,240.75,0.0,0.0,620.0,NA,0.0
2026-03-24 12:00:00,32.25,37.75,2.0,7.5,9.75,NA,8.25,0.0,43.5,2.0,4.0,3.0,NA,NA,NA,27.0,40.0,0.0,241.0,0.0,0.0,636.25,NA,0.0
2026-03-24 13:00:00,34.75,40.75,2.0,8.0,10.0,NA,7.25,0.0,44.25,2.0,3.25,2.25,NA,NA,NA,27.75,38.25,0.0,229.75,0.0,0.0,534.5,NA,0.0
2026-03-24 14:00:00,36.75,42.75,2.0,8.0,10.0,NA,8.25,0.0,44.75,2.0,4.0,3.0,NA,NA,NA,28.0,37.0,0.0,225.25,0.0,0.0,507.5,NA,0.0
2026-03-24 15:00:00,34.5,40.5,2.0,8.0,10.0,NA,9.0,0.0,44.25,2.0,4.0,3.0,NA,NA,NA,27.75,37.25,0.0,247.0,0.0,0.0,318.25,NA,0.0
2026-03-24 16:00:00,41.75,49.5,2.0,7.75,10.0,NA,9.0,0.0,43.5,2.0,4.0,3.0,NA,NA,NA,27.0,38.0,0.0,240.0,0.0,0.0,110.75,NA,0.0
2026-03-24 17:00:00,44.75,51.75,2.0,7.0,9.0,NA,10.0,0.0,42.5,2.0,4.0,3.0,NA,NA,NA,26.5,39.25,0.0,236.0,0.0,0.0,21.0,NA,0.0
2026-03-24 18:00:00,39.25,46.0,2.0,7.0,9.0,NA,8.75,0.0,40.75,2.0,4.0,3.0,NA,NA,NA,25.75,40.75,0.0,260.5,0.0,0.0,6.5,NA,0.0
2026-03-24 19:00:00,52.5,61.0,2.0,7.0,9.0,NA,7.25,0.0,39.75,2.0,3.0,2.0,NA,NA,NA,25.0,43.75,0.0,245.5,0.0,0.0,6.0,NA,0.0
2026-03-24 20:00:00,75.75,87.25,2.0,7.0,9.0,NA,7.75,0.0,39.0,2.0,3.75,2.75,NA,NA,NA,24.25,46.25,0.0,241.0,0.0,0.0,6.0,NA,0.0
2026-03-24 21:00:00,86.0,98.75,2.0,7.0,8.25,NA,8.0,0.0,38.0,2.0,4.0,3.0,NA,NA,NA,24.0,48.0,0.0,235.75,0.0,0.0,6.0,NA,0.0
2026-03-24 22:00:00,79.5,91.5,2.0,7.0,8.0,NA,8.75,0.0,37.0,2.0,4.0,3.0,NA,NA,NA,23.0,50.25,0.0,247.75,0.0,0.0,6.0,NA,0.0
2026-03-24 23:00:00,79.75,91.75,2.0,6.0,8.0,NA,9.0,0.0,36.75,2.0,4.0,3.0,NA,NA,NA,23.0,52.75,0.0,296.75,0.0,0.0,6.0,NA,0.0
2026-03-25 00:00:00,84.25,97.0,2.0,6.0,8.0,NA,9.0,0.0,36.0,2.0,4.0,3.0,NA,NA,NA,22.5,54.75,0.0,311.0,0.0,0.0,6.0,NA,0.0
2026-03-25 01:00:00,68.75,79.0,2.0,6.0,8.0,NA,9.5,0.0,35.5,2.0,4.0,3.0,NA,NA,NA,22.0,55.75,0.0,283.75,0.0,0.0,6.0,NA,0.0
2026-03-25 02:00:00,53.0,61.75,2.0,6.0,8.0,NA,8.75,0.0,35.0,2.0,4.0,3.0,NA,NA,NA,22.0,57.0,0.0,255.5,0.0,0.0,6.0,NA,0.0
2026-03-25 03:00:00,56.25,65.0,2.0,6.0,8.0,NA,7.25,0.0,34.5,2.0,3.25,2.25,NA,NA,NA,21.75,58.75,0.0,247.25,0.0,0.0,6.0,NA,0.0
2026-03-25 04:00:00,55.0,63.5,2.0,6.0,8.0,NA,8.25,0.0,33.75,2.0,3.75,2.75,NA,NA,NA,21.0,61.0,0.0,236.75,0.0,0.0,6.0,NA,0.0
2026-03-25 05:00:00,56.5,65.25,2.0,6.0,7.0,NA,9.0,0.0,33.0,2.0,4.0,3.0,NA,NA,NA,20.25,64.25,0.0,221.75,0.0,0.0,6.0,NA,0.0
2026-03-25 06:00:00,53.5,62.25,2.0,6.0,7.25,NA,8.5,0.0,33.25,2.0,4.0,3.0,NA,NA,NA,21.0,62.25,0.0,231.75,0.0,0.0,28.5,NA,0.0
2026-03-25 07:00:00,54.75,63.75,2.0,6.0,8.0,NA,9.0,0.0,35.75,2.0,4.0,3.0,NA,NA,NA,22.5,56.0,0.0,240.75,0.0,0.0,157.75,NA,0.0
2026-03-25 08:00:00,54.75,63.75,2.0,6.75,8.5,NA,8.25,0.0,38.25,2.0,4.0,3.0,NA,NA,NA,24.0,49.5,0.0,221.0,0.0,0.0,327.25,NA,0.0
2026-03-25 09:00:00,48.25,56.25,2.0,7.0,9.0,NA,8.25,0.0,40.75,2.0,4.0,3.0,NA,NA,NA,25.5,43.75,0.0,236.5,0.0,0.0,468.75,NA,0.0
2026-03-25 10:00:00,44.5,51.75,2.0,7.0,9.0,NA,8.25,0.0,42.25,2.0,4.0,3.0,NA,NA,NA,26.5,38.75,0.0,244.0,0.0,0.0,577.5,NA,0.0
2026-03-25 11:00:00,36.75,54.0,2.0,7.5,9.75,NA,8.0,0.0,43.25,2.0,4.0,3.0,NA,NA,NA,27.0,35.5,0.0,231.5,0.0,0.0,636.5,NA,0.0
2026-03-25 12:00:00,35.5,58.0,2.0,8.0,10.0,NA,8.5,0.0,44.0,2.0,4.0,3.0,NA,NA,NA,27.75,33.25,0.0,239.5,0.0,0.0,647.75,NA,0.0
2026-03-25 13:00:00,36.0,58.75,2.25,8.0,10.0,NA,8.5,0.0,45.0,2.0,4.0,3.0,NA,NA,NA,28.0,31.75,0.0,240.0,0.0,0.0,606.75,NA,0.0
2026-03-25 14:00:00,32.5,53.5,3.0,8.0,10.0,NA,8.25,0.0,45.25,2.0,4.0,3.0,NA,NA,NA,28.25,30.25,0.0,230.5,0.0,0.0,515.0,NA,0.0
2026-03-25 15:00:00,43.25,69.5,3.0,8.0,10.0,NA,8.0,0.0,45.75,2.0,4.0,3.0,NA,NA,NA,28.5,29.0,0.0,246.5,0.0,0.0,389.0,NA,0.0
2026-03-25 16:00:00,40.0,64.75,2.5,8.0,10.0,NA,8.75,0.0,45.0,2.0,4.0,3.0,NA,NA,NA,28.0,28.0,0.0,224.0,0.0,0.0,95.0,NA,0.0
2026-03-25 17:00:00,318.75,468.25,2.0,7.75,10.0,NA,9.0,0.0,44.0,2.0,4.0,3.0,NA,NA,NA,27.5,28.5,0.0,246.5,0.0,0.0,11.25,NA,0.0
2026-03-25 18:00:00,78.75,120.5,2.0,7.0,9.0,NA,8.5,0.0,42.25,2.0,4.0,3.0,NA,NA,NA,26.25,30.5,0.0,241.0,0.0,0.0,6.5,NA,0.0
2026-03-25 19:00:00,43.25,69.5,2.0,7.0,9.0,NA,7.5,0.0,40.75,2.0,3.0,2.0,NA,NA,NA,25.75,32.5,0.0,245.0,0.0,0.0,6.0,NA,0.0
2026-03-25 20:00:00,73.25,112.75,2.0,7.0,9.0,NA,8.0,0.0,40.0,2.0,3.75,2.75,NA,NA,NA,25.0,33.5,0.0,246.25,0.0,0.0,6.0,NA,0.0
2026-03-25 21:00:00,77.25,118.5,2.0,7.0,9.0,NA,8.5,0.0,39.25,2.0,4.0,3.0,NA,NA,NA,24.75,34.75,0.0,223.75,0.0,0.0,6.0,NA,0.0
2026-03-25 22:00:00,75.25,115.5,2.0,7.0,9.0,NA,9.0,0.0,38.25,2.0,4.0,3.0,NA,NA,NA,24.0,36.25,0.0,230.5,0.0,0.0,6.0,NA,0.0
2026-03-25 23:00:00,76.0,116.75,2.0,7.0,8.0,NA,9.0,0.0,38.0,2.0,4.0,3.0,NA,NA,NA,24.0,37.5,0.0,253.25,0.0,0.0,6.0,NA,0.0
2026-03-26 00:00:00,68.0,105.0,2.0,6.25,8.0,NA,9.0,0.0,36.75,2.0,4.0,3.0,NA,NA,NA,23.0,40.0,0.0,232.25,0.0,0.0,6.0,NA,0.0
2026-03-26 01:00:00,62.5,97.0,2.0,6.0,8.0,NA,9.0,0.0,36.0,2.0,4.0,3.0,NA,NA,NA,22.5,41.5,0.0,252.0,0.0,0.0,6.0,NA,0.0
2026-03-26 02:00:00,48.25,76.25,2.0,6.0,8.0,NA,9.0,0.0,35.5,2.0,4.0,3.0,NA,NA,NA,22.0,43.25,0.0,266.25,0.0,0.0,6.0,NA,0.0
2026-03-26 03:00:00,44.25,70.5,2.0,6.0,8.0,NA,9.25,0.0,35.0,2.0,4.0,3.0,NA,NA,NA,22.0,45.5,0.0,247.25,0.0,0.0,6.0,NA,0.0
2026-03-26 04:00:00,47.5,76.0,2.0,6.0,8.0,NA,9.25,0.0,34.0,2.0,4.25,3.0,NA,NA,NA,21.25,48.25,0.0,233.5,0.0,0.0,6.0,NA,0.0
2026-03-26 05:00:00,48.75,77.75,2.0,6.0,8.0,NA,9.0,0.0,34.0,2.0,4.0,3.0,NA,NA,NA,21.0,48.25,0.0,236.0,0.0,0.0,6.0,NA,0.0
2026-03-26 06:00:00,44.75,71.0,2.0,6.0,8.0,NA,8.5,0.0,34.25,2.0,4.0,3.0,NA,NA,NA,21.25,49.0,0.0,201.0,0.0,0.0,24.25,NA,0.0
2026-03-26 07:00:00,64.5,100.0,2.0,6.25,8.0,NA,8.0,0.0,36.5,2.0,4.0,3.0,NA,NA,NA,23.0,46.25,0.0,227.75,0.0,0.0,149.25,NA,0.0
2026-03-26 08:00:00,79.0,121.25,2.0,7.0,9.0,NA,8.75,0.0,39.25,2.0,4.0,3.0,NA,NA,NA,24.75,43.0,0.0,222.5,0.0,0.0,304.5,NA,0.0
2026-03-26 09:00:00,65.5,101.5,2.0,7.0,9.0,NA,8.25,0.0,42.25,2.0,4.0,3.0,NA,NA,NA,26.5,40.5,0.0,229.75,0.0,0.0,439.0,NA,0.0
2026-03-26 10:00:00,55.25,86.5,2.0,8.0,10.0,NA,8.0,0.0,44.0,2.0,4.0,3.0,NA,NA,NA,27.25,37.25,0.0,241.5,0.0,0.0,545.0,NA,0.0
2026-03-26 11:00:00,45.25,72.0,2.5,8.0,10.0,NA,7.0,0.0,45.25,2.0,3.5,2.5,NA,NA,NA,28.25,34.25,0.0,224.0,0.0,0.0,607.0,NA,0.0
2026-03-26 12:00:00,42.0,67.5,3.0,8.0,10.0,NA,8.25,0.0,46.0,2.0,3.75,2.75,NA,NA,NA,29.0,33.0,0.0,237.5,0.0,0.0,624.25,NA,0.0
2026-03-26 13:00:00,40.0,64.5,3.0,8.0,10.0,NA,8.0,0.0,47.25,2.0,4.0,3.0,NA,NA,NA,29.5,32.25,0.0,246.25,0.0,0.0,580.0,NA,0.0
2026-03-26 14:00:00,39.0,63.25,3.0,8.0,10.5,NA,8.0,0.0,48.0,2.0,4.0,3.0,NA,NA,NA,30.0,29.75,0.0,241.75,0.0,0.0,500.75,NA,0.0
2026-03-26 15:00:00,39.75,64.5,3.0,8.0,10.75,NA,8.0,0.0,48.5,2.0,4.0,3.0,NA,NA,NA,30.0,29.0,0.0,255.75,0.0,0.0,350.25,NA,0.0
2026-03-26 16:00:00,37.75,61.75,3.0,8.0,10.0,NA,8.0,0.0,47.5,2.0,4.0,3.0,NA,NA,NA,29.75,29.5,0.0,260.5,0.0,0.0,115.5,NA,0.0
2026-03-26 17:00:00,40.5,66.0,3.0,8.0,10.0,NA,8.0,0.0,46.25,2.0,4.0,3.0,NA,NA,NA,29.0,30.75,0.0,246.5,0.0,0.0,30.25,NA,0.0
2026-03-26 18:00:00,45.5,72.5,2.25,8.0,10.0,NA,8.0,0.0,44.5,2.0,4.0,3.0,NA,NA,NA,27.75,33.25,0.0,244.25,0.0,0.0,6.5,NA,0.0
2026-03-26 19:00:00,65.0,101.0,2.0,7.25,9.5,NA,8.0,0.0,43.25,2.0,4.0,3.0,NA,NA,NA,27.0,35.75,0.0,243.5,0.0,0.0,6.5,NA,0.0
2026-03-26 20:00:00,80.0,122.0,2.0,7.0,9.0,NA,8.75,0.0,42.25,2.0,4.0,3.0,NA,NA,NA,26.25,36.75,0.0,251.5,0.0,0.0,6.0,NA,0.0
2026-03-26 21:00:00,76.75,117.5,2.0,7.0,9.0,NA,9.0,0.0,42.0,2.0,4.0,3.0,NA,NA,NA,26.0,37.25,0.0,264.25,0.0,0.0,6.0,NA,0.0
2026-03-26 22:00:00,68.0,105.0,2.0,7.0,9.0,NA,9.0,0.0,41.0,2.0,4.0,3.0,NA,NA,NA,26.0,37.75,0.0,254.25,0.0,0.0,6.0,NA,0.0
2026-03-26 23:00:00,59.0,92.5,2.0,7.0,9.0,NA,9.0,0.0,40.25,2.0,4.0,3.0,NA,NA,NA,25.0,39.0,0.0,251.75,0.0,0.0,6.0,NA,0.0
2026-03-27 00:00:00,55.5,86.75,2.0,7.0,9.0,NA,9.0,0.0,40.0,2.0,4.0,3.0,NA,NA,NA,25.0,38.75,0.0,224.75,0.0,0.0,6.0,NA,0.0
2026-03-27 01:00:00,43.0,68.75,2.0,7.0,9.0,NA,9.0,0.0,39.75,2.0,4.0,3.0,NA,NA,NA,25.0,40.25,0.0,225.0,0.0,0.0,6.0,NA,0.0
2026-03-27 02:00:00,37.5,61.75,2.0,7.0,9.0,NA,9.25,0.0,39.0,2.0,4.0,3.0,NA,NA,NA,24.5,41.5,0.0,226.75,0.0,0.0,6.0,NA,0.0
2026-03-27 03:00:00,32.5,53.5,2.0,7.0,9.0,NA,10.0,0.0,38.75,2.0,4.5,3.0,NA,NA,NA,24.0,43.0,0.0,242.25,0.0,0.0,6.0,NA,0.0
2026-03-27 04:00:00,33.5,55.25,2.0,7.0,8.0,NA,9.25,0.0,37.5,2.0,4.25,3.0,NA,NA,NA,24.0,45.25,0.0,255.5,0.0,0.0,6.0,NA,0.0
2026-03-27 05:00:00,35.75,58.75,2.0,7.0,8.0,NA,8.75,0.0,37.5,2.0,4.0,3.0,NA,NA,NA,23.5,46.25,0.0,229.5,0.0,0.0,6.0,NA,0.0
2026-03-27 06:00:00,42.75,68.5,2.0,6.5,8.0,NA,9.0,0.0,37.0,2.0,4.0,3.0,NA,NA,NA,23.0,48.0,0.0,218.5,0.0,0.0,8.5,NA,0.0
2026-03-27 07:00:00,49.0,77.75,2.0,6.75,8.0,NA,9.75,0.0,37.0,2.0,4.25,3.0,NA,NA,NA,23.0,49.0,0.0,227.25,0.0,0.0,25.25,NA,0.0
2026-03-27 08:00:00,64.75,100.5,2.0,6.25,8.0,NA,9.25,0.0,36.5,2.0,4.25,3.0,NA,NA,NA,23.0,56.75,0.0,274.25,0.0,0.0,94.5,NA,0.0
2026-03-27 09:00:00,57.0,89.5,2.0,7.0,8.5,NA,9.5,0.0,39.5,2.0,4.0,3.0,NA,NA,NA,24.75,49.5,0.0,199.5,0.0,0.0,309.5,NA,0.0
2026-03-27 10:00:00,55.25,86.25,2.5,7.75,9.75,NA,8.25,0.0,44.25,2.0,4.0,3.0,NA,NA,NA,27.5,39.25,0.0,233.75,0.0,0.0,380.5,NA,0.0
2026-03-27 11:00:00,46.5,74.0,2.0,7.5,9.5,NA,7.0,0.0,42.75,2.0,3.25,2.25,NA,NA,NA,27.0,40.5,0.0,229.5,0.0,0.0,153.25,NA,0.0
2026-03-27 12:00:00,43.5,70.25,2.0,7.0,9.0,NA,8.5,0.0,39.75,2.0,4.0,3.0,NA,NA,NA,24.75,47.5,0.0,225.25,0.0,0.0,59.75,NA,0.0
2026-03-27 13:00:00,36.75,59.75,2.0,7.0,9.0,NA,9.0,0.0,39.75,2.0,4.0,3.0,NA,NA,NA,25.0,48.75,0.0,206.75,0.0,0.0,366.25,NA,0.0
2026-03-27 14:00:00,28.25,47.0,2.0,6.5,8.5,NA,9.0,0.0,38.75,2.0,4.0,3.0,NA,NA,NA,24.25,53.5,0.0,177.75,0.0,0.0,69.75,NA,0.0
2026-03-27 15:00:00,23.0,40.25,2.0,7.0,8.0,NA,8.75,0.0,38.0,2.0,4.0,3.0,NA,NA,NA,24.0,55.5,0.0,236.5,0.0,0.0,40.75,NA,0.0
2026-03-27 16:00:00,30.75,51.5,2.0,7.0,8.25,NA,7.75,0.0,38.0,2.0,3.75,2.75,NA,NA,NA,24.0,53.75,0.0,193.25,0.0,0.0,33.0,NA,0.0
2026-03-27 17:00:00,34.75,56.75,2.0,6.5,8.0,NA,7.25,0.0,37.25,2.0,3.0,2.25,NA,NA,NA,23.25,57.75,0.0,231.5,0.0,0.0,20.75,NA,0.0
2026-03-27 18:00:00,25.5,44.0,2.0,6.5,8.0,NA,8.25,0.0,37.25,2.0,3.75,2.75,NA,NA,NA,23.25,58.0,0.0,222.25,0.0,0.0,6.25,NA,0.0
2026-03-27 19:00:00,41.0,66.0,2.0,6.0,8.0,NA,9.0,0.0,36.75,2.0,4.0,3.0,NA,NA,NA,23.0,58.0,0.0,258.0,0.0,0.0,6.0,NA,0.0
2026-03-27 20:00:00,49.0,77.75,2.0,6.0,8.0,NA,9.0,0.0,36.0,2.0,4.0,3.0,NA,NA,NA,23.0,62.75,0.0,253.0,0.0,0.0,6.0,NA,0.0
2026-03-27 21:00:00,49.25,78.25,2.0,6.0,8.0,NA,9.25,0.0,36.5,2.0,4.0,3.0,NA,NA,NA,23.0,61.5,0.0,242.25,0.0,0.0,6.0,NA,0.0
2026-03-27 22:00:00,46.25,73.75,2.0,6.0,8.0,NA,9.25,0.0,36.0,2.0,4.0,3.0,NA,NA,NA,23.0,60.5,0.0,234.25,0.0,0.0,6.0,NA,0.0
2026-03-27 23:00:00,40.0,65.25,2.0,6.0,8.0,NA,9.0,0.0,35.5,2.0,4.0,3.0,NA,NA,NA,22.25,64.5,0.0,247.25,0.0,0.0,6.0,NA,0.0
2026-03-28 00:00:00,61.25,95.5,2.0,6.0,8.0,NA,8.5,0.0,35.0,2.0,4.0,3.0,NA,NA,NA,22.0,68.0,0.0,226.5,0.0,0.0,6.0,NA,0.0
2026-03-28 01:00:00,50.75,80.0,2.0,6.0,8.0,NA,9.0,0.0,35.0,2.0,4.0,3.0,NA,NA,NA,22.0,69.25,0.0,206.25,0.0,0.0,6.0,NA,0.0
2026-03-28 02:00:00,54.0,84.75,2.0,6.0,8.0,NA,8.75,0.0,34.75,2.0,4.0,3.0,NA,NA,NA,22.0,72.0,0.0,202.0,0.0,0.0,6.0,NA,0.0
2026-03-28 03:00:00,51.5,81.25,2.0,6.0,8.0,NA,9.0,0.0,34.0,2.0,4.0,3.0,NA,NA,NA,21.25,72.0,0.0,205.5,0.0,0.0,6.0,NA,0.0
2026-03-28 04:00:00,37.0,60.25,2.0,6.0,8.0,NA,9.0,0.0,34.0,2.0,4.0,3.0,NA,NA,NA,21.0,70.25,0.0,254.0,0.0,0.0,6.0,NA,0.0
2026-03-28 05:00:00,36.75,59.5,2.0,6.0,8.0,NA,8.25,0.0,34.0,2.0,4.0,3.0,NA,NA,NA,21.0,68.75,0.0,201.0,0.0,0.0,6.0,NA,0.0
2026-03-28 06:00:00,43.75,69.75,2.0,6.0,8.0,NA,8.25,0.0,33.5,2.0,4.0,3.0,NA,NA,NA,21.25,69.75,0.0,184.75,0.0,0.0,20.25,NA,0.0
2026-03-28 07:00:00,42.5,68.5,2.0,6.25,8.0,NA,8.0,0.0,36.25,2.0,4.0,3.0,NA,NA,NA,22.75,61.25,0.0,258.5,0.0,0.0,141.0,NA,0.0
2026-03-28 08:00:00,56.5,88.5,2.0,7.0,8.75,NA,8.25,0.0,38.5,2.0,4.0,3.0,NA,NA,NA,24.25,52.0,0.0,235.25,0.0,0.0,297.5,NA,0.0
2026-03-28 09:00:00,51.25,80.75,2.0,7.0,9.0,NA,8.0,0.0,41.5,2.0,4.0,3.0,NA,NA,NA,26.0,46.5,0.0,242.25,0.0,0.0,432.5,NA,0.0
2026-03-28 10:00:00,46.75,74.75,2.0,7.5,9.75,NA,9.0,0.0,43.5,2.0,4.0,3.0,NA,NA,NA,27.0,41.5,0.0,226.0,0.0,0.0,536.25,NA,0.0
2026-03-28 11:00:00,35.0,57.0,2.25,8.0,10.0,NA,8.0,0.0,45.0,2.0,4.0,3.0,NA,NA,NA,28.0,39.5,0.0,224.0,0.0,0.0,595.75,NA,0.0
2026-03-28 12:00:00,28.75,48.5,3.0,8.0,10.0,NA,9.0,0.0,45.25,2.0,4.0,3.0,NA,NA,NA,28.25,38.0,0.0,223.25,0.0,0.0,585.0,NA,0.0
2026-03-28 13:00:00,38.25,62.5,3.0,8.0,10.0,NA,9.0,0.0,45.5,2.0,4.0,3.0,NA,NA,NA,28.5,37.75,0.0,239.5,0.0,0.0,482.75,NA,0.0
2026-03-28 14:00:00,34.5,56.5,3.0,8.0,10.0,NA,8.75,0.0,45.75,2.0,4.0,3.0,NA,NA,NA,28.75,37.75,0.0,218.75,0.0,0.0,374.25,NA,0.0
2026-03-28 15:00:00,34.25,56.5,2.5,8.0,10.0,NA,7.75,0.0,45.0,2.0,3.75,2.75,NA,NA,NA,28.25,37.75,0.0,241.5,0.0,0.0,188.75,NA,0.0
2026-03-28 16:00:00,35.0,57.5,2.5,8.0,10.0,NA,7.5,0.0,45.25,1.75,3.5,2.5,NA,NA,NA,28.0,37.5,0.0,233.5,0.0,0.0,136.0,NA,0.0
2026-03-28 17:00:00,31.75,52.75,2.0,8.0,10.0,NA,7.0,0.0,44.0,2.0,3.0,2.0,NA,NA,NA,27.75,38.25,0.0,237.25,0.0,0.0,19.5,NA,0.0
2026-03-28 18:00:00,33.0,54.75,2.0,7.0,9.25,NA,7.75,0.0,42.5,2.0,3.5,2.5,NA,NA,NA,26.5,40.5,0.0,228.25,0.0,0.0,6.0,NA,0.0
2026-03-28 19:00:00,35.75,58.5,2.0,7.0,9.0,NA,8.0,0.0,41.5,2.0,4.0,3.0,NA,NA,NA,26.0,43.0,0.0,204.25,0.0,0.0,6.0,NA,0.0
2026-03-28 20:00:00,53.25,83.0,2.0,7.0,9.0,NA,8.0,0.0,41.0,2.0,4.0,3.0,NA,NA,NA,25.75,44.25,0.0,141.5,0.0,0.0,6.0,NA,0.0
2026-03-28 21:00:00,70.5,109.25,2.0,7.0,9.0,NA,8.0,0.0,40.0,2.0,4.0,3.0,NA,NA,NA,25.0,47.5,0.0,200.0,0.0,0.0,6.0,NA,0.0
2026-03-28 22:00:00,85.75,131.25,2.0,7.0,9.0,NA,8.5,0.0,39.75,2.0,4.0,3.0,NA,NA,NA,25.0,49.25,0.0,210.25,0.0,0.0,6.0,NA,0.0
2026-03-28 23:00:00,81.25,124.75,2.0,7.0,9.0,NA,9.0,0.0,39.0,2.0,4.0,3.0,NA,NA,NA,24.25,51.0,0.0,199.0,0.0,0.0,6.0,NA,0.0
2026-03-29 00:00:00,86.75,132.0,2.0,7.0,8.5,NA,9.0,0.0,38.0,2.0,4.0,3.0,NA,NA,NA,24.0,52.75,0.0,202.25,0.0,0.0,6.0,NA,0.0
2026-03-29 01:00:00,85.25,130.5,2.0,7.0,8.0,NA,9.0,0.0,37.5,2.0,4.0,3.0,NA,NA,NA,23.5,54.0,0.0,194.75,0.0,0.0,6.0,NA,0.0
2026-03-29 02:00:00,67.0,103.75,2.0,6.25,8.0,NA,9.0,0.0,37.0,2.0,4.0,3.0,NA,NA,NA,23.0,54.75,0.0,181.0,0.0,0.0,6.0,NA,0.0
2026-03-29 03:00:00,53.75,84.75,2.0,6.0,8.0,NA,9.0,0.0,36.75,2.0,4.0,3.0,NA,NA,NA,23.0,55.5,0.0,187.0,0.0,0.0,6.0,NA,0.0
2026-03-29 04:00:00,51.25,81.25,2.0,6.0,8.0,NA,8.75,0.0,36.0,2.0,4.0,3.0,NA,NA,NA,23.0,56.5,0.0,195.0,0.0,0.0,6.0,NA,0.0
2026-03-29 05:00:00,51.0,81.0,2.0,6.0,8.0,NA,8.0,0.0,35.25,2.0,4.0,3.0,NA,NA,NA,22.0,60.5,0.0,197.0,0.0,0.0,6.0,NA,0.0
2026-03-29 06:00:00,63.75,99.0,2.0,6.0,8.0,NA,8.0,0.0,34.25,2.0,4.0,3.0,NA,NA,NA,21.25,66.75,0.25,196.75,0.0,0.0,21.5,NA,0.0
2026-03-29 07:00:00,80.75,123.75,2.0,6.0,8.0,NA,8.0,0.0,34.25,2.0,4.0,3.0,NA,NA,NA,21.5,69.75,0.0,195.75,0.0,0.0,134.5,NA,0.0
2026-03-29 08:00:00,94.25,142.5,2.0,6.25,8.0,NA,8.75,0.0,36.5,2.0,4.0,3.0,NA,NA,NA,22.75,64.75,0.0,192.75,0.0,0.0,287.75,NA,0.0
2026-03-29 09:00:00,90.75,138.75,2.0,7.0,9.0,NA,9.0,0.0,39.25,2.0,4.0,3.0,NA,NA,NA,24.5,56.0,0.0,198.5,0.0,0.0,414.0,NA,0.0
2026-03-29 10:00:00,88.25,134.5,2.0,7.0,9.0,NA,8.5,0.0,41.75,2.0,4.0,3.0,NA,NA,NA,26.0,48.75,0.0,193.5,0.0,0.0,518.25,NA,0.0
2026-03-29 11:00:00,70.0,108.25,2.25,7.75,9.75,NA,7.0,0.0,44.5,2.0,3.5,2.5,NA,NA,NA,28.0,42.5,0.0,235.75,0.0,0.0,581.0,NA,0.0
2026-03-29 12:00:00,55.25,87.0,3.0,8.0,10.0,NA,8.0,0.0,46.5,2.0,3.75,2.75,NA,NA,NA,29.0,38.0,0.0,214.25,0.0,0.0,577.25,NA,0.0
2026-03-29 13:00:00,45.25,72.0,3.0,8.0,10.5,NA,8.0,0.0,48.5,2.0,4.0,3.0,NA,NA,NA,30.0,35.0,0.0,236.25,0.0,0.0,552.25,NA,0.0
2026-03-29 14:00:00,39.75,64.0,3.0,8.0,11.0,NA,8.0,0.0,48.25,2.0,4.0,3.0,NA,NA,NA,30.0,34.0,0.0,208.0,0.0,0.0,472.5,NA,0.0
2026-03-29 15:00:00,35.0,57.5,3.0,8.0,10.5,NA,8.0,0.0,48.5,2.0,4.0,3.0,NA,NA,NA,30.5,33.75,0.0,216.5,0.0,0.0,335.0,NA,0.0
2026-03-29 16:00:00,42.5,68.0,3.0,8.0,10.5,NA,8.0,0.0,48.0,2.0,4.0,3.0,NA,NA,NA,30.0,34.75,0.0,202.5,0.0,0.0,118.25,NA,0.0
2026-03-29 17:00:00,35.5,58.0,2.5,8.0,10.0,NA,8.0,0.0,45.5,2.0,4.0,3.0,NA,NA,NA,28.5,40.25,0.0,196.0,0.0,0.0,23.75,NA,0.0
2026-03-29 18:00:00,57.0,88.25,2.0,7.5,9.5,NA,8.5,0.0,43.25,2.0,4.0,3.0,NA,NA,NA,27.0,45.25,0.0,164.5,0.0,0.0,6.0,NA,0.0
2026-03-29 19:00:00,60.0,94.0,2.0,7.0,9.0,NA,8.25,0.0,42.25,2.0,4.0,3.0,NA,NA,NA,26.75,46.0,0.0,176.5,0.0,0.0,6.0,NA,0.0
2026-03-29 20:00:00,69.5,107.75,2.0,7.0,9.0,NA,9.0,0.0,42.0,2.0,4.0,3.0,NA,NA,NA,26.0,46.5,0.0,173.25,0.0,0.0,6.0,NA,0.0
2026-03-29 21:00:00,74.0,114.0,2.0,7.0,9.0,NA,9.0,0.0,41.5,2.0,4.0,3.0,NA,NA,NA,26.0,47.75,0.0,189.5,0.0,0.0,6.0,NA,0.0
2026-03-29 22:00:00,86.0,131.75,2.0,7.0,9.0,NA,9.0,0.0,40.5,2.0,4.0,3.0,NA,NA,NA,25.25,49.75,0.0,191.0,0.0,0.0,6.0,NA,0.0
2026-03-29 23:00:00,80.25,123.0,2.0,7.0,9.0,NA,9.0,0.0,40.0,2.0,4.0,3.0,NA,NA,NA,25.0,50.0,0.0,193.75,0.0,0.0,6.0,NA,0.0
2026-03-30 00:00:00,63.75,98.75,2.0,7.0,9.0,NA,8.5,0.0,39.5,2.0,4.0,3.0,NA,NA,NA,25.0,50.0,0.0,194.5,0.0,0.0,6.0,NA,0.0
2026-03-30 01:00:00,60.0,93.25,2.0,7.0,8.75,NA,8.0,0.0,38.75,2.0,4.0,3.0,NA,NA,NA,24.0,52.0,0.0,198.5,0.0,0.0,6.0,NA,0.0
2026-03-30 02:00:00,54.0,85.25,2.0,7.0,8.0,NA,8.75,0.0,37.5,2.0,4.0,3.0,NA,NA,NA,23.5,55.5,0.0,200.0,0.0,0.0,6.0,NA,0.0
2026-03-30 03:00:00,52.25,82.75,2.0,6.0,8.0,NA,9.0,0.0,37.0,2.0,4.0,3.0,NA,NA,NA,23.0,57.0,0.0,194.5,0.0,0.0,6.0,NA,0.0
2026-03-30 04:00:00,53.0,83.5,2.0,6.0,8.0,NA,8.75,0.0,37.0,2.0,4.0,3.0,NA,NA,NA,23.0,56.75,0.0,198.75,0.0,0.0,6.0,NA,0.0
2026-03-30 05:00:00,55.75,87.5,2.0,6.0,8.0,NA,8.0,0.0,36.5,2.0,4.0,3.0,NA,NA,NA,23.0,59.0,0.0,194.5,0.0,0.0,6.0,NA,0.0
2026-03-30 06:00:00,57.75,90.5,2.0,6.0,8.0,NA,8.5,0.0,36.0,2.0,4.0,3.0,NA,NA,NA,23.0,61.5,0.0,195.5,0.0,0.0,19.5,NA,0.0
2026-03-30 07:00:00,74.25,114.25,2.0,6.5,8.0,NA,8.5,0.0,36.75,2.0,4.0,3.0,NA,NA,NA,23.25,60.75,0.0,186.5,0.0,0.0,130.75,NA,0.0
2026-03-30 08:00:00,85.25,130.0,2.0,7.0,9.0,NA,8.25,0.0,39.25,2.0,4.0,3.0,NA,NA,NA,24.75,55.5,0.0,193.75,0.0,0.0,279.5,NA,0.0
2026-03-30 09:00:00,85.25,129.75,2.0,7.0,9.0,NA,8.0,0.0,41.5,2.0,4.0,3.0,NA,NA,NA,26.0,51.0,0.0,209.25,0.0,0.0,409.25,NA,0.0
2026-03-30 10:00:00,85.0,130.0,2.25,8.0,10.0,NA,8.5,0.0,44.75,2.0,4.0,3.0,NA,NA,NA,28.0,44.75,0.0,194.0,0.0,0.0,511.5,NA,0.0
2026-03-30 11:00:00,80.0,122.5,3.0,8.0,10.25,NA,9.0,0.0,47.75,2.0,4.0,3.0,NA,NA,NA,30.0,39.5,0.0,219.25,0.0,0.0,572.0,NA,0.0
2026-03-30 12:00:00,69.5,107.25,3.0,8.5,11.0,NA,8.75,0.0,49.5,2.0,4.0,3.0,NA,NA,NA,30.5,36.5,0.0,174.75,0.0,0.0,567.5,NA,0.0
2026-03-30 13:00:00,62.0,96.75,3.0,8.75,11.0,NA,8.0,0.0,50.0,2.0,4.0,3.0,NA,NA,NA,31.0,35.25,0.0,203.0,0.0,0.0,529.5,NA,0.0
2026-03-30 14:00:00,55.0,86.5,3.0,9.0,11.0,NA,9.0,0.0,50.25,2.25,4.25,3.0,NA,NA,NA,31.25,34.5,0.0,232.25,0.0,0.0,435.25,NA,0.0
2026-03-30 15:00:00,52.25,82.75,3.0,8.25,10.75,NA,10.0,0.0,48.5,3.0,5.0,3.67,NA,NA,NA,30.25,37.25,0.0,221.25,0.0,0.0,209.0,NA,0.0
2026-03-30 16:00:00,70.0,108.0,3.0,8.0,10.0,NA,9.0,0.0,46.25,2.0,4.0,3.0,NA,NA,NA,29.0,43.0,0.0,192.0,0.0,0.0,104.0,NA,0.0
2026-03-30 17:00:00,70.25,108.5,3.0,8.0,10.0,NA,9.0,0.0,45.0,2.0,4.0,3.0,NA,NA,NA,28.0,45.0,0.0,190.0,0.0,0.0,49.5,NA,0.0
2026-03-30 18:00:00,66.75,103.75,2.0,8.0,10.0,NA,7.67,0.0,44.25,2.0,3.67,2.67,NA,NA,NA,28.0,47.0,0.0,192.75,0.0,0.0,6.25,NA,0.0
2026-03-30 19:00:00,74.5,114.0,2.0,8.0,10.0,NA,7.0,0.0,43.75,2.0,3.0,2.0,NA,NA,NA,27.25,47.75,0.0,224.0,0.0,0.0,6.0,NA,0.0
2026-03-30 20:00:00,76.75,118.0,2.0,7.0,9.25,NA,8.67,0.0,43.0,2.0,4.0,3.0,NA,NA,NA,27.0,49.5,0.0,223.75,0.0,0.0,6.0,NA,0.0
2026-03-30 21:00:00,87.0,133.25,2.0,7.0,9.0,NA,9.33,0.0,42.25,2.0,4.0,3.0,NA,NA,NA,26.5,49.5,0.0,252.25,0.0,0.0,6.0,NA,0.0
2026-03-30 22:00:00,133.75,200.5,2.0,7.0,9.0,NA,9.0,0.0,41.5,2.0,4.0,3.0,NA,NA,NA,26.25,41.25,0.0,225.0,0.0,0.0,6.0,NA,0.0
2026-03-30 23:00:00,135.5,203.0,2.0,7.0,9.0,NA,9.0,0.0,40.25,2.0,4.0,3.0,NA,NA,NA,25.0,44.5,0.0,221.5,0.0,0.0,6.0,NA,0.0
2026-03-31 00:00:00,111.75,168.5,2.0,7.0,9.0,NA,9.0,0.0,39.5,2.0,4.0,3.0,NA,NA,NA,25.0,46.25,0.0,223.5,0.0,0.0,6.0,NA,0.0
2026-03-31 01:00:00,131.5,197.5,2.0,7.0,9.0,NA,9.0,0.0,39.0,2.0,4.0,3.0,NA,NA,NA,24.25,47.25,0.0,217.5,0.0,0.0,6.0,NA,0.0
2026-03-31 02:00:00,172.0,255.5,2.0,7.0,9.0,NA,9.0,0.0,38.5,2.0,4.0,3.0,NA,NA,NA,24.0,46.5,0.0,221.0,0.0,0.0,6.0,NA,0.0
2026-03-31 03:00:00,134.75,200.0,2.0,7.0,8.25,NA,9.0,0.0,38.0,2.0,4.0,3.0,NA,NA,NA,24.0,47.25,0.0,221.5,0.0,0.0,6.0,NA,0.0
2026-03-31 04:00:00,82.5,121.75,2.0,7.0,8.0,NA,9.0,0.0,37.75,2.0,4.0,3.0,NA,NA,NA,24.0,48.25,0.0,218.75,0.0,0.0,6.0,NA,0.0
2026-03-31 05:00:00,63.0,95.0,2.0,7.0,8.0,NA,9.0,0.0,37.0,2.0,4.0,3.0,NA,NA,NA,23.0,49.25,0.0,224.5,0.0,0.0,6.0,NA,0.0
2026-03-31 06:00:00,59.0,88.25,2.0,6.0,8.0,NA,9.0,0.0,37.0,2.0,4.0,3.0,NA,NA,NA,23.0,51.25,0.0,239.5,0.0,0.0,7.25,NA,0.0
2026-03-31 07:00:00,46.0,70.75,2.0,6.75,8.5,NA,8.0,0.0,37.75,2.0,4.0,3.0,NA,NA,NA,24.0,48.25,0.0,215.0,0.0,0.0,117.75,NA,0.0
2026-03-31 08:00:00,33.5,52.5,2.0,7.0,9.0,NA,9.0,0.0,41.25,2.0,4.0,3.0,NA,NA,NA,25.75,43.75,0.0,209.0,0.0,0.0,322.25,NA,0.0
2026-03-31 09:00:00,31.25,50.0,2.25,7.75,9.75,NA,8.33,0.0,43.75,2.0,4.0,3.0,NA,NA,NA,27.5,39.75,0.0,192.75,0.0,0.0,459.25,NA,0.0
2026-03-31 10:00:00,29.5,47.5,3.0,8.0,10.0,NA,8.0,0.0,46.0,2.0,4.0,3.0,NA,NA,NA,29.0,36.25,0.0,235.5,0.0,0.0,568.0,NA,0.0
2026-03-31 11:00:00,26.75,43.5,3.0,8.0,10.25,NA,NA,0.0,47.5,2.0,3.0,2.0,NA,NA,NA,29.75,34.75,0.0,232.25,0.0,0.0,626.75,NA,0.0
2026-03-31 12:00:00,23.5,38.75,3.0,8.0,11.0,NA,8.0,0.0,49.0,2.0,4.0,3.0,NA,NA,NA,30.75,31.75,0.0,229.0,0.0,0.0,639.5,NA,0.0
2026-03-31 13:00:00,20.5,34.25,3.0,8.25,11.0,NA,7.67,0.0,49.75,2.0,3.33,2.33,NA,NA,NA,31.0,30.5,0.0,224.25,0.0,0.0,601.0,NA,0.0
2026-03-31 14:00:00,20.0,34.75,3.0,8.5,11.0,NA,8.0,0.0,49.75,2.0,4.0,3.0,NA,NA,NA,31.0,30.0,0.0,227.25,0.0,0.0,510.75,NA,0.0
2026-03-31 15:00:00,15.0,27.25,3.0,8.5,11.0,NA,8.0,0.0,49.75,2.0,4.0,3.0,NA,NA,NA,31.0,30.0,0.0,228.25,0.0,0.0,396.0,NA,0.0
2026-03-31 16:00:00,16.5,28.75,3.0,8.0,11.0,NA,9.0,0.0,48.75,2.0,4.0,3.0,NA,NA,NA,30.25,30.5,0.0,259.0,0.0,0.0,109.0,NA,0.0
2026-03-31 17:00:00,15.75,28.0,3.0,8.0,10.0,NA,10.0,0.0,47.5,2.0,4.67,3.0,NA,NA,NA,29.75,32.0,0.0,242.75,0.0,0.0,9.75,NA,0.0
2026-03-31 18:00:00,16.25,28.75,3.0,8.0,10.0,NA,9.0,0.0,45.75,2.0,4.0,3.0,NA,NA,NA,28.5,33.75,0.0,255.5,0.0,0.0,6.0,NA,0.0
2026-03-31 19:00:00,23.75,39.25,2.25,8.0,10.0,NA,9.0,0.0,45.0,2.0,4.0,3.0,NA,NA,NA,28.0,35.0,0.0,268.25,0.0,0.0,6.0,NA,0.0
2026-03-31 20:00:00,32.0,51.25,2.0,8.0,10.0,NA,9.0,0.0,44.25,2.0,4.0,3.0,NA,NA,NA,28.0,36.25,0.0,249.0,0.0,0.0,6.0,NA,0.0
2026-03-31 21:00:00,29.75,47.75,2.0,7.5,9.75,NA,9.33,0.0,43.25,2.0,4.33,3.0,NA,NA,NA,27.0,37.5,0.0,236.75,0.0,0.0,6.0,NA,0.0
2026-03-31 22:00:00,30.75,48.75,2.0,7.0,9.0,NA,9.33,0.0,42.25,2.0,4.0,3.0,NA,NA,NA,26.5,38.0,0.0,216.0,0.0,0.0,6.0,NA,0.0
2026-03-31 23:00:00,44.67,69.33,2.0,7.0,9.0,NA,10.0,0.0,41.33,2.0,4.33,3.0,NA,NA,NA,26.0,39.67,0.0,219.67,0.0,0.0,6.0,NA,0.0
2026-04-01 00:00:00,48.0,73.25,2.0,7.0,8.75,NA,8.67,0.0,39.5,2.0,4.0,3.0,NA,NA,NA,24.5,46.0,0.0,201.75,0.0,0.0,6.0,NA,0.0
2026-04-01 01:00:00,200.0,285.75,2.0,6.0,8.0,NA,7.67,0.0,35.25,2.0,3.67,2.67,NA,NA,NA,22.0,61.5,0.0,207.5,0.0,0.0,6.0,NA,0.0
2026-04-01 02:00:00,40.5,62.5,2.0,6.0,8.0,NA,8.33,0.0,36.25,2.0,4.0,3.0,NA,NA,NA,22.75,57.75,0.0,206.0,0.0,0.0,6.0,NA,0.0
2026-04-01 03:00:00,5.75,13.25,2.0,6.25,8.0,NA,8.33,0.0,37.0,2.0,4.0,3.0,NA,NA,NA,23.0,53.75,0.0,194.5,0.0,0.0,6.0,NA,0.0
2026-04-01 04:00:00,17.5,30.25,2.0,6.0,7.5,NA,9.0,0.0,33.25,2.0,4.0,3.0,NA,NA,NA,21.25,72.25,0.0,203.75,0.0,0.0,6.0,NA,0.0
2026-04-01 05:00:00,11.0,9.0,2.0,6.0,8.0,NA,9.33,0.0,33.5,2.0,4.0,3.0,NA,NA,NA,21.0,73.0,0.0,199.25,0.0,0.0,6.0,NA,0.0
2026-04-01 06:00:00,NA,4.5,2.0,6.0,7.25,NA,9.0,0.0,33.25,2.0,4.0,3.0,NA,NA,NA,20.75,78.5,0.0,205.75,0.0,0.0,5.25,NA,0.0
2026-04-01 07:00:00,3.0,8.75,2.0,6.0,7.25,NA,9.0,0.0,32.5,2.0,4.0,3.0,NA,NA,NA,20.25,80.25,0.0,219.75,0.0,0.0,43.5,NA,0.0
2026-04-01 08:00:00,1.0,3.0,2.0,6.0,8.0,NA,8.67,0.0,35.0,2.0,4.0,3.0,NA,NA,NA,22.25,68.75,0.0,250.5,0.0,0.0,135.5,NA,0.0
2026-04-01 09:00:00,NA,2.0,2.0,6.75,8.75,NA,9.0,0.0,39.25,2.0,4.0,3.0,NA,NA,NA,24.5,58.75,0.0,199.25,0.0,0.0,350.5,NA,0.0
2026-04-01 10:00:00,2.33,8.25,2.0,7.5,9.5,NA,9.33,0.0,43.0,2.0,4.33,3.0,NA,NA,NA,27.0,49.75,0.0,196.0,0.0,0.0,605.75,NA,0.0
2026-04-01 11:00:00,1.33,7.0,3.0,8.0,10.0,NA,NA,0.0,45.25,3.0,5.0,4.0,NA,NA,NA,28.25,44.75,0.0,209.25,0.0,0.0,666.0,NA,0.0
2026-04-01 12:00:00,5.75,14.0,3.0,8.0,10.0,NA,8.0,0.0,46.25,2.0,4.0,3.0,NA,NA,NA,29.0,39.5,0.0,229.75,0.0,0.0,648.5,NA,0.0
2026-04-01 13:00:00,6.75,14.25,3.0,8.0,10.0,NA,7.67,0.0,46.75,2.0,3.33,2.67,NA,NA,NA,29.0,38.75,0.0,238.0,0.0,0.0,636.0,NA,0.0
2026-04-01 14:00:00,3.75,8.75,3.0,8.0,10.0,NA,8.67,0.0,47.25,2.0,4.0,3.0,NA,NA,NA,30.0,37.0,0.0,235.0,0.0,0.0,556.25,NA,0.0
2026-04-01 15:00:00,9.5,16.25,3.0,8.0,10.0,NA,8.0,0.0,47.5,2.0,4.0,3.0,NA,NA,NA,30.0,36.0,0.0,245.0,0.0,0.0,420.25,NA,0.0
2026-04-01 16:00:00,12.75,19.75,3.0,8.0,10.0,NA,8.0,0.0,47.0,2.0,4.0,3.0,NA,NA,NA,29.25,36.75,0.0,234.5,0.0,0.0,137.25,NA,0.0
2026-04-01 17:00:00,14.25,21.75,2.75,8.0,10.0,NA,7.33,0.0,45.5,2.0,3.33,2.33,NA,NA,NA,28.5,37.75,0.0,233.0,0.0,0.0,19.5,NA,0.0
2026-04-01 18:00:00,13.5,21.25,2.0,7.75,10.0,NA,8.0,0.0,43.75,2.0,4.0,3.0,NA,NA,NA,27.25,39.5,0.0,228.75,0.0,0.0,6.25,NA,0.0
2026-04-01 19:00:00,16.5,25.25,2.0,7.0,9.0,NA,8.0,0.0,43.0,2.0,4.0,3.0,NA,NA,NA,27.0,41.0,0.0,248.0,0.0,0.0,6.0,NA,0.0
2026-04-01 20:00:00,30.75,42.75,2.0,7.0,9.0,NA,8.33,0.0,42.0,2.0,4.0,3.0,NA,NA,NA,26.5,41.75,0.0,255.0,0.0,0.0,6.0,NA,0.0
2026-04-01 21:00:00,34.0,47.0,2.0,7.0,9.0,NA,9.33,0.0,41.5,2.0,4.0,3.0,NA,NA,NA,26.0,42.75,0.0,243.5,0.0,0.0,6.0,NA,0.0
2026-04-01 22:00:00,42.0,57.25,2.0,7.0,9.0,NA,9.0,0.0,40.5,2.0,4.0,3.0,NA,NA,NA,25.25,44.0,0.0,218.75,0.0,0.0,6.0,NA,0.0
2026-04-01 23:00:00,32.5,45.25,2.0,7.0,9.0,NA,10.0,0.0,40.0,2.0,4.67,3.0,NA,NA,NA,25.0,45.25,0.0,272.75,0.0,0.0,6.0,NA,0.0
2026-04-02 00:00:00,28.25,39.75,2.0,7.0,9.0,NA,9.33,0.0,39.0,2.0,4.33,3.0,NA,NA,NA,24.5,47.25,0.0,248.25,0.0,0.0,6.0,NA,0.0
2026-04-02 01:00:00,26.25,37.5,2.0,7.0,9.0,NA,9.67,0.0,38.25,2.0,4.67,3.0,NA,NA,NA,24.0,48.5,0.0,246.25,0.0,0.0,6.0,NA,0.0
2026-04-02 02:00:00,24.5,35.0,2.0,7.0,8.0,NA,9.0,0.0,38.0,2.0,4.0,3.0,NA,NA,NA,24.0,48.5,0.0,234.75,0.0,0.0,6.0,NA,0.0
2026-04-02 03:00:00,25.75,36.5,2.0,7.0,8.0,NA,9.67,0.0,37.25,2.0,4.33,3.0,NA,NA,NA,23.5,49.25,0.0,215.75,0.0,0.0,6.0,NA,0.0
2026-04-02 04:00:00,35.0,48.0,2.0,6.5,8.0,NA,9.0,0.0,37.0,2.0,4.0,3.0,NA,NA,NA,23.0,48.25,0.0,230.75,0.0,0.0,6.0,NA,0.0
2026-04-02 05:00:00,28.25,39.75,2.0,6.0,8.0,NA,9.67,0.0,36.75,2.0,4.0,3.0,NA,NA,NA,23.0,50.0,0.0,263.0,0.0,0.0,6.0,NA,0.0
2026-04-02 06:00:00,30.25,42.25,2.0,6.0,8.0,NA,8.33,0.0,36.25,2.0,4.0,3.0,NA,NA,NA,23.0,54.5,0.0,303.25,0.0,0.0,49.75,NA,0.0
2026-04-02 07:00:00,40.25,55.0,2.0,7.0,8.75,NA,8.0,0.0,39.25,2.0,4.0,3.0,NA,NA,NA,24.5,49.5,0.0,198.5,0.0,0.0,206.75,NA,0.0
2026-04-02 08:00:00,59.5,79.5,2.0,7.0,9.0,NA,8.33,0.0,41.75,2.0,4.0,3.0,NA,NA,NA,26.0,44.75,0.0,238.25,0.0,0.0,376.5,NA,0.0
2026-04-02 09:00:00,57.75,77.0,2.25,8.0,10.0,NA,6.67,0.0,44.75,1.67,3.0,2.0,NA,NA,NA,28.0,38.75,0.0,232.75,0.0,0.0,518.25,NA,0.0
2026-04-02 10:00:00,47.0,63.75,3.0,8.0,10.0,NA,8.67,0.0,46.25,2.0,4.0,3.0,NA,NA,NA,29.0,36.0,0.0,249.0,0.0,0.0,601.0,NA,0.0
2026-04-02 11:00:00,28.75,40.25,3.0,8.0,10.0,NA,NA,0.0,47.5,2.0,4.0,3.0,NA,NA,NA,30.0,35.5,0.0,238.25,0.0,0.0,669.25,NA,0.0
2026-04-02 12:00:00,24.5,34.75,3.0,8.0,10.75,NA,8.33,0.0,48.25,2.0,4.0,3.0,NA,NA,NA,30.0,34.75,0.0,245.25,0.0,0.0,656.25,NA,0.0
2026-04-02 13:00:00,24.75,35.5,3.0,8.0,11.0,NA,8.0,0.0,49.0,2.0,4.0,3.0,NA,NA,NA,30.75,34.0,0.0,260.0,0.0,0.0,647.5,NA,0.0
2026-04-02 14:00:00,21.75,31.5,3.0,8.0,11.0,NA,8.33,0.0,49.0,2.0,4.0,3.0,NA,NA,NA,30.75,33.5,0.0,230.0,0.0,0.0,462.25,NA,0.0
2026-04-02 15:00:00,21.5,31.0,3.0,8.0,11.0,NA,8.0,0.0,49.0,2.0,4.0,3.0,NA,NA,NA,30.75,33.25,0.0,254.5,0.0,0.0,402.0,NA,0.0
2026-04-02 16:00:00,23.75,34.0,3.0,8.0,11.0,NA,8.67,0.0,48.5,2.0,4.0,3.0,NA,NA,NA,30.25,33.25,0.0,271.75,0.0,0.0,137.5,NA,0.0
2026-04-02 17:00:00,20.75,30.75,3.0,8.0,10.0,NA,8.67,0.0,47.0,2.0,4.0,3.0,NA,NA,NA,29.5,34.0,0.0,255.0,0.0,0.0,20.75,NA,0.0
2026-04-02 18:00:00,22.25,32.25,3.0,8.0,10.0,NA,9.0,0.0,45.5,2.0,4.0,3.0,NA,NA,NA,28.5,36.25,0.0,260.75,0.0,0.0,6.25,NA,0.0
2026-04-02 19:00:00,37.25,51.0,2.0,8.0,10.0,NA,8.0,0.0,44.5,2.0,4.0,3.0,NA,NA,NA,28.0,38.0,0.0,257.75,0.0,0.0,6.0,NA,0.0
2026-04-02 20:00:00,47.5,64.0,2.0,8.0,10.0,NA,8.67,0.0,44.0,2.0,4.0,3.0,NA,NA,NA,28.0,39.0,0.0,233.5,0.0,0.0,6.0,NA,0.0
2026-04-02 21:00:00,48.0,64.75,2.0,8.0,10.0,NA,9.0,0.0,43.75,2.0,4.0,3.0,NA,NA,NA,27.25,39.75,0.0,239.0,0.0,0.0,3.5,NA,0.0
2026-04-02 22:00:00,49.5,66.5,2.0,7.0,9.0,NA,9.0,0.0,43.0,2.0,4.0,3.0,NA,NA,NA,27.0,41.0,0.0,246.25,0.0,0.0,3.0,NA,0.0
2026-04-02 23:00:00,45.75,61.25,2.0,7.0,9.0,NA,9.0,0.0,42.0,2.0,4.0,3.0,NA,NA,NA,26.25,43.0,0.0,264.75,0.0,0.0,3.0,NA,0.0
2026-04-03 00:00:00,81.75,107.5,2.0,7.0,9.0,NA,9.0,0.0,41.0,2.0,4.0,3.0,NA,NA,NA,26.0,44.75,0.0,249.25,0.0,0.0,3.75,NA,0.0
2026-04-03 01:00:00,47.5,63.75,2.0,7.0,9.0,NA,9.0,0.0,41.0,2.0,4.0,3.0,NA,NA,NA,26.0,44.0,0.0,236.5,0.0,0.0,4.0,NA,0.0
2026-04-03 02:00:00,35.75,49.25,2.0,7.0,9.0,NA,9.67,0.0,40.25,2.0,4.0,3.0,NA,NA,NA,25.0,45.25,0.0,287.25,0.0,0.0,3.5,NA,0.0
2026-04-03 03:00:00,33.75,46.5,2.0,7.0,9.0,NA,10.33,0.0,40.0,2.67,5.0,3.33,NA,NA,NA,25.0,46.75,0.0,237.0,0.0,0.0,3.25,NA,0.0
2026-04-03 04:00:00,33.0,46.0,2.0,7.0,9.0,NA,9.33,0.0,39.25,2.0,4.33,3.0,NA,NA,NA,24.75,48.25,0.0,247.5,0.0,0.0,3.0,NA,0.0
2026-04-03 05:00:00,35.5,49.5,2.0,7.0,9.0,NA,9.67,0.0,38.25,2.0,4.0,3.0,NA,NA,NA,24.0,50.5,0.0,251.75,0.0,0.0,3.0,NA,0.0
2026-04-03 06:00:00,52.0,69.75,2.0,7.0,9.0,NA,9.0,0.0,38.25,2.0,4.0,3.0,NA,NA,NA,24.0,50.25,0.0,206.75,0.0,0.0,18.75,NA,0.0
2026-04-03 07:00:00,67.75,90.25,2.0,7.0,9.0,NA,8.67,0.0,39.5,2.0,4.0,3.0,NA,NA,NA,25.0,47.25,0.0,217.5,0.0,0.0,77.0,NA,0.0
2026-04-03 08:00:00,50.5,68.0,2.0,7.0,9.0,NA,8.0,0.0,40.25,2.0,3.67,3.0,NA,NA,NA,25.0,45.75,0.0,238.75,0.0,0.0,216.5,NA,0.0
2026-04-03 09:00:00,51.25,69.0,2.0,7.0,9.0,NA,7.0,0.0,41.25,1.67,3.0,2.0,NA,NA,NA,26.0,43.75,0.0,231.75,0.0,0.0,228.75,NA,0.0
2026-04-03 10:00:00,38.25,52.75,2.0,7.0,9.25,NA,8.0,0.0,42.75,2.0,4.0,3.0,NA,NA,NA,26.75,42.25,0.0,234.0,0.0,0.0,315.0,NA,0.0
2026-04-03 11:00:00,37.0,50.75,2.0,7.75,9.75,NA,NA,0.0,43.75,2.0,3.0,2.0,NA,NA,NA,27.0,42.0,0.0,242.25,0.0,0.0,277.5,NA,0.0
2026-04-03 12:00:00,36.0,50.0,2.0,7.0,9.0,NA,8.0,0.0,42.5,2.0,4.0,3.0,NA,NA,NA,26.75,42.5,0.0,227.75,0.0,0.0,205.25,NA,0.0
2026-04-03 13:00:00,35.75,49.25,2.25,7.75,10.0,NA,8.0,0.0,44.25,2.0,3.67,3.0,NA,NA,NA,27.75,39.75,0.0,213.25,0.0,0.0,457.25,NA,0.0
2026-04-03 14:00:00,29.0,40.75,3.0,8.0,10.0,NA,8.0,0.0,46.5,2.0,4.0,3.0,NA,NA,NA,29.25,36.0,0.0,212.25,0.0,0.0,573.5,NA,0.0
2026-04-03 15:00:00,26.25,37.25,3.0,8.0,11.0,NA,8.0,0.0,48.25,2.0,4.0,3.0,NA,NA,NA,30.0,33.5,0.0,226.5,0.0,0.0,428.0,NA,0.0
2026-04-03 16:00:00,19.75,29.0,3.0,8.0,11.0,NA,9.0,0.0,48.25,2.0,4.0,3.0,NA,NA,NA,30.0,32.0,0.0,214.75,0.0,0.0,146.75,NA,0.0
2026-04-03 17:00:00,24.25,34.75,3.0,8.0,10.0,NA,9.0,0.0,47.25,2.0,4.0,3.0,NA,NA,NA,29.5,32.75,0.0,214.5,0.0,0.0,24.0,NA,0.0
2026-04-03 18:00:00,35.75,49.25,2.5,8.0,10.0,NA,9.0,0.0,45.0,2.0,4.0,3.0,NA,NA,NA,28.25,35.25,0.0,235.0,0.0,0.0,3.75,NA,0.0
2026-04-03 19:00:00,37.5,51.5,2.0,8.0,10.0,NA,9.0,0.0,43.75,2.0,4.0,3.0,NA,NA,NA,27.25,38.0,0.0,263.0,0.0,0.0,3.0,NA,0.0
2026-04-03 20:00:00,40.5,55.25,2.0,7.75,10.0,NA,9.0,0.0,43.5,2.0,4.0,3.0,NA,NA,NA,27.0,39.5,0.0,269.75,0.0,0.0,3.0,NA,0.0
2026-04-03 21:00:00,57.5,76.75,2.0,7.0,9.0,NA,9.33,0.0,42.25,2.0,4.0,3.0,NA,NA,NA,26.25,41.75,0.0,258.0,0.0,0.0,3.0,NA,0.0
2026-04-03 22:00:00,83.0,109.0,2.0,7.0,9.0,NA,9.0,0.0,41.0,2.0,4.0,3.0,NA,NA,NA,26.0,45.75,0.0,266.0,0.0,0.0,3.0,NA,0.0
2026-04-03 23:00:00,98.0,128.0,2.0,7.0,9.0,NA,10.0,0.0,41.0,2.33,5.0,3.0,NA,NA,NA,25.25,46.0,0.0,213.5,0.0,0.0,3.0,NA,0.0
2026-04-04 00:00:00,101.75,133.0,2.0,7.0,9.0,NA,9.33,0.0,40.0,2.0,4.0,3.0,NA,NA,NA,25.0,47.25,0.0,224.75,0.0,0.0,3.0,NA,0.0
2026-04-04 01:00:00,103.75,135.75,2.0,7.0,8.75,NA,10.0,0.0,39.0,2.33,5.0,3.0,NA,NA,NA,24.5,52.0,0.0,227.75,0.0,0.0,3.0,NA,0.0
2026-04-04 02:00:00,124.25,161.25,2.0,7.0,8.0,NA,9.0,0.0,37.25,2.0,4.0,3.0,NA,NA,NA,23.25,57.25,0.0,209.5,0.0,0.0,3.0,NA,0.0
2026-04-04 03:00:00,121.0,157.25,2.0,6.0,8.0,NA,8.33,0.0,37.0,2.0,4.0,3.0,NA,NA,NA,23.0,58.75,0.0,219.25,0.0,0.0,3.0,NA,0.0
2026-04-04 04:00:00,114.25,149.0,2.0,6.0,8.0,NA,9.0,0.0,36.5,2.0,4.0,3.0,NA,NA,NA,23.0,59.5,0.0,244.5,0.0,0.0,3.0,NA,0.0
2026-04-04 05:00:00,96.0,125.25,2.0,6.0,8.0,NA,9.0,0.0,36.0,2.0,4.0,3.0,NA,NA,NA,23.0,59.75,0.0,228.0,0.0,0.0,3.0,NA,0.0
2026-04-04 06:00:00,88.75,116.75,2.0,6.0,8.0,NA,8.67,0.0,36.25,2.0,4.0,3.0,NA,NA,NA,23.0,60.0,0.0,204.5,0.0,0.0,25.0,NA,0.0
2026-04-04 07:00:00,95.75,125.5,2.0,6.5,8.0,NA,8.0,0.0,37.25,2.0,4.0,3.0,NA,NA,NA,23.25,59.75,0.0,244.0,0.0,0.0,146.0,NA,0.0
2026-04-04 08:00:00,94.75,124.5,2.0,7.0,8.75,NA,9.0,0.0,39.25,2.0,4.0,3.0,NA,NA,NA,24.5,55.25,0.0,212.25,0.0,0.0,328.75,NA,0.0
2026-04-04 09:00:00,90.25,118.5,2.0,7.0,9.0,NA,8.33,0.0,41.5,2.0,4.0,3.0,NA,NA,NA,25.75,48.25,0.0,240.0,0.0,0.0,501.5,NA,0.0
2026-04-04 10:00:00,65.25,86.5,2.0,7.75,10.0,NA,7.67,0.0,44.25,2.0,3.67,2.67,NA,NA,NA,27.75,42.25,0.0,214.5,0.0,0.0,550.25,NA,0.0
2026-04-04 11:00:00,50.0,67.25,3.0,8.0,10.0,NA,NA,0.0,45.75,2.0,3.0,2.0,NA,NA,NA,28.75,39.0,0.0,222.5,0.0,0.0,583.25,NA,0.0
2026-04-04 12:00:00,43.75,59.0,3.0,8.0,10.0,NA,8.67,0.0,47.5,2.0,4.0,3.0,NA,NA,NA,29.75,34.75,0.0,221.25,0.0,0.0,524.5,NA,0.0
2026-04-04 13:00:00,27.75,39.25,3.0,8.0,10.0,NA,8.0,0.0,47.0,2.0,4.0,3.0,NA,NA,NA,29.0,35.0,0.0,220.5,0.0,0.0,383.5,NA,0.0
2026-04-04 14:00:00,24.0,34.5,3.0,8.0,10.0,NA,9.0,0.0,47.25,2.0,4.0,3.0,NA,NA,NA,29.5,35.0,0.0,223.25,0.0,0.0,482.25,NA,0.0
2026-04-04 15:00:00,23.25,33.5,3.0,8.0,10.25,NA,8.33,0.0,47.75,2.0,4.0,3.0,NA,NA,NA,30.0,34.0,0.0,199.75,0.0,0.0,368.5,NA,0.0
2026-04-04 16:00:00,27.5,39.25,3.0,8.0,10.0,NA,9.0,0.0,46.0,2.0,4.0,3.0,NA,NA,NA,29.0,36.0,0.0,234.5,0.0,0.0,53.0,NA,0.0
2026-04-04 17:00:00,35.0,48.5,2.25,8.0,10.0,NA,9.67,0.0,44.5,2.0,4.0,3.0,NA,NA,NA,27.75,38.25,0.0,236.0,0.0,0.0,4.5,NA,0.0
2026-04-04 18:00:00,42.75,58.25,2.0,6.5,8.5,NA,9.0,0.0,38.0,2.0,4.0,3.0,NA,NA,NA,23.75,48.25,0.0,195.25,0.0,0.0,3.25,NA,0.0
2026-04-04 19:00:00,26.0,12.25,2.0,6.25,8.0,NA,9.0,0.0,35.5,2.0,4.0,3.0,NA,NA,NA,22.5,58.25,0.0,243.0,0.0,0.0,3.0,NA,0.0
2026-04-04 20:00:00,9.0,15.0,2.0,6.0,7.5,NA,9.33,0.0,33.0,2.0,4.33,3.0,NA,NA,NA,20.75,73.5,0.0,194.75,0.0,0.0,3.0,NA,0.0
2026-04-04 21:00:00,4.0,9.0,2.0,6.0,7.25,NA,10.33,0.0,33.0,3.0,5.0,3.33,NA,NA,NA,21.0,72.5,0.0,181.25,0.0,0.0,3.0,NA,0.0
2026-04-04 22:00:00,NA,NA,2.0,6.0,7.75,NA,9.0,0.0,33.75,2.0,4.0,3.0,NA,NA,NA,21.0,68.25,0.0,215.0,0.0,0.0,3.0,NA,0.0
2026-04-04 23:00:00,NA,NA,2.0,6.0,8.0,NA,9.0,0.0,34.0,2.0,4.0,3.0,NA,NA,NA,21.0,67.0,0.0,176.25,0.0,0.0,3.0,NA,0.0
2026-04-05 00:00:00,NA,NA,2.0,6.0,8.0,NA,8.67,0.0,33.75,2.0,4.0,3.0,NA,NA,NA,21.0,65.25,0.0,196.0,0.0,0.0,3.0,NA,0.0
2026-04-05 01:00:00,NA,NA,2.0,6.0,8.0,NA,8.67,0.0,33.5,2.0,4.0,3.0,NA,NA,NA,21.0,65.25,0.0,195.75,0.0,0.0,3.0,NA,0.0
2026-04-05 02:00:00,NA,NA,2.0,6.0,8.0,NA,8.67,0.0,33.0,2.0,4.0,3.0,NA,NA,NA,21.0,65.25,0.0,197.5,0.0,0.0,3.0,NA,0.0
2026-04-05 03:00:00,NA,NA,2.0,6.0,7.25,NA,9.0,0.0,33.0,2.0,4.0,3.0,NA,NA,NA,21.0,67.5,0.0,141.0,0.0,0.0,3.0,NA,0.0
2026-04-05 04:00:00,NA,NA,2.0,6.0,7.0,NA,9.0,0.0,32.0,2.0,4.0,3.0,NA,NA,NA,20.0,71.5,0.0,153.5,0.0,0.0,3.0,NA,0.0
2026-04-05 05:00:00,NA,NA,2.0,6.0,7.0,NA,9.0,0.0,32.0,2.0,4.0,3.0,NA,NA,NA,20.0,73.25,0.0,183.0,0.0,0.0,3.0,NA,0.0
2026-04-05 06:00:00,NA,2.5,2.0,6.0,7.25,NA,9.0,0.0,32.5,2.0,4.0,3.0,NA,NA,NA,20.5,71.0,0.0,218.0,0.0,0.0,44.0,NA,0.0
2026-04-05 07:00:00,4.75,10.0,2.0,6.0,8.0,NA,8.67,0.0,35.25,2.0,4.0,3.0,NA,NA,NA,22.25,62.5,0.0,267.0,0.0,0.0,229.0,NA,0.0
2026-04-05 08:00:00,3.0,5.0,2.0,6.75,8.25,NA,9.0,0.0,37.75,2.0,4.0,3.0,NA,NA,NA,23.5,56.0,0.0,216.75,0.0,0.0,391.75,NA,0.0
2026-04-05 09:00:00,1.75,6.25,2.0,7.0,9.0,NA,8.33,0.0,39.25,2.0,4.0,3.0,NA,NA,NA,25.0,49.0,0.0,235.25,0.0,0.0,528.75,NA,0.0
2026-04-05 10:00:00,2.75,7.75,2.0,7.0,9.0,NA,8.0,0.0,41.25,2.0,4.0,3.0,NA,NA,NA,26.0,45.5,0.0,232.0,0.0,0.0,633.5,NA,0.0
2026-04-05 11:00:00,1.33,5.25,2.0,7.25,9.25,NA,NA,0.0,42.5,2.0,4.0,3.0,NA,NA,NA,26.5,43.5,0.0,209.0,0.0,0.0,687.75,NA,0.0
2026-04-05 12:00:00,1.0,5.0,2.0,8.0,10.0,NA,8.0,0.0,43.5,2.0,4.0,3.0,NA,NA,NA,27.0,40.75,0.0,218.75,0.0,0.0,697.25,NA,0.0
2026-04-05 13:00:00,NA,3.0,2.25,8.0,10.0,NA,8.0,0.0,44.75,2.0,4.0,3.0,NA,NA,NA,28.0,38.75,0.0,212.0,0.0,0.0,651.0,NA,0.0
2026-04-05 14:00:00,1.0,4.0,2.0,8.0,10.0,NA,8.67,0.0,45.0,2.0,4.0,3.0,NA,NA,NA,28.0,37.75,0.0,210.25,0.0,0.0,571.75,NA,0.0
2026-04-05 15:00:00,2.25,6.75,3.0,8.0,10.0,NA,9.0,0.0,45.25,2.0,4.0,3.0,NA,NA,NA,28.25,36.0,0.0,211.25,0.0,0.0,419.25,NA,0.0
2026-04-05 16:00:00,3.0,7.5,2.0,7.75,9.75,NA,9.0,0.0,43.75,2.0,4.0,3.0,NA,NA,NA,27.75,38.5,0.0,203.25,0.0,0.0,116.0,NA,0.0
2026-04-05 17:00:00,6.5,12.25,2.0,7.0,9.0,NA,9.0,0.0,42.0,2.0,4.0,3.0,NA,NA,NA,26.25,40.0,0.0,233.75,0.0,0.0,18.5,NA,0.0
2026-04-05 18:00:00,11.25,18.0,2.0,7.0,9.0,NA,9.0,0.0,41.25,2.0,4.0,3.0,NA,NA,NA,26.0,41.75,0.0,245.75,0.0,0.0,3.0,NA,0.0
2026-04-05 19:00:00,18.0,26.75,2.0,7.0,9.0,NA,9.0,0.0,40.0,2.0,4.0,3.0,NA,NA,NA,25.25,43.25,0.0,246.5,0.0,0.0,3.0,NA,0.0
2026-04-05 20:00:00,24.0,34.5,2.0,6.75,8.5,NA,8.33,0.0,37.5,2.0,4.0,3.0,NA,NA,NA,23.5,43.25,0.0,228.75,0.0,0.0,3.0,NA,0.0
2026-04-05 21:00:00,24.25,35.0,2.0,6.0,8.0,NA,9.0,0.0,35.75,2.0,4.0,3.0,NA,NA,NA,22.25,48.75,0.0,250.25,0.0,0.0,3.0,NA,0.0
2026-04-05 22:00:00,7.75,13.75,2.0,6.0,8.0,NA,9.0,0.0,35.0,2.0,4.0,3.0,NA,NA,NA,22.0,50.5,0.0,222.0,0.0,0.0,3.0,NA,0.0
2026-04-05 23:00:00,7.5,13.5,2.0,6.0,8.0,NA,9.67,0.0,34.25,2.0,4.0,3.0,NA,NA,NA,21.5,52.0,0.0,249.5,0.0,0.0,3.0,NA,0.0
2026-04-06 00:00:00,14.0,21.75,2.0,6.0,8.0,NA,9.33,0.0,34.0,2.0,4.0,3.0,NA,NA,NA,21.0,53.25,0.0,262.0,0.0,0.0,3.0,NA,0.0
2026-04-06 01:00:00,12.75,20.0,2.0,6.0,8.0,NA,9.0,0.0,33.75,2.0,4.0,3.0,NA,NA,NA,21.0,53.25,0.0,260.25,0.0,0.0,3.5,NA,0.0
2026-04-06 02:00:00,6.0,11.5,2.0,6.0,7.5,NA,9.0,0.0,33.0,2.0,4.0,3.0,NA,NA,NA,21.0,56.25,0.0,233.5,0.0,0.0,3.0,NA,0.0
2026-04-06 03:00:00,8.5,15.25,2.0,6.0,7.0,NA,8.67,0.0,32.0,2.0,4.0,3.0,NA,NA,NA,20.0,57.75,0.0,235.5,0.0,0.0,3.0,NA,0.0
2026-04-06 04:00:00,5.0,5.0,2.0,6.0,7.0,NA,9.0,0.0,32.0,2.0,4.0,3.0,NA,NA,NA,20.0,56.75,0.0,242.25,0.0,0.0,3.0,NA,0.0
2026-04-06 05:00:00,1.0,4.75,2.0,6.0,7.0,NA,9.0,0.0,32.75,2.0,4.0,3.0,NA,NA,NA,20.25,56.0,0.0,206.0,0.0,0.0,3.0,NA,0.0
2026-04-06 06:00:00,9.5,16.0,2.0,6.0,7.0,NA,8.67,0.0,32.25,2.0,4.0,3.0,NA,NA,NA,20.25,58.0,0.0,217.75,0.0,0.0,57.0,NA,0.0
2026-04-06 07:00:00,13.5,20.5,2.0,6.0,8.0,NA,8.33,0.0,34.5,2.0,4.0,3.0,NA,NA,NA,21.75,54.0,0.0,206.25,0.0,0.0,222.0,NA,0.0
2026-04-06 08:00:00,20.25,29.5,2.0,6.75,8.25,NA,8.0,0.0,37.5,2.0,4.0,3.0,NA,NA,NA,23.5,46.75,0.0,241.75,0.0,0.0,387.75,NA,0.0
2026-04-06 09:00:00,25.5,36.25,2.0,7.0,9.0,NA,9.0,0.0,40.25,2.0,4.0,3.0,NA,NA,NA,25.25,41.5,0.0,230.75,0.0,0.0,528.5,NA,0.0
2026-04-06 10:00:00,26.0,37.0,2.0,7.0,9.25,NA,10.0,0.0,42.25,2.67,4.67,3.0,NA,NA,NA,26.5,38.75,0.0,239.75,0.0,0.0,630.0,NA,0.0
2026-04-06 11:00:00,19.75,29.5,2.0,8.0,10.0,NA,NA,0.0,43.75,3.0,5.0,3.5,NA,NA,NA,27.5,37.25,0.0,222.5,0.0,0.0,674.25,NA,0.0
2026-04-06 12:00:00,21.75,31.5,2.5,8.0,10.0,NA,8.33,0.0,44.75,2.0,4.0,3.0,NA,NA,NA,28.0,35.5,0.0,221.25,0.0,0.0,683.25,NA,0.0
2026-04-06 13:00:00,18.75,27.75,3.0,8.0,10.0,NA,7.0,0.0,45.0,2.0,3.0,2.0,NA,NA,NA,28.0,33.75,0.0,226.0,0.0,0.0,677.25,NA,0.0
2026-04-06 14:00:00,33.0,46.0,3.0,8.0,10.0,NA,8.67,0.0,46.0,2.0,4.0,3.0,NA,NA,NA,29.0,31.5,0.0,234.75,0.0,0.0,576.75,NA,0.0
2026-04-06 15:00:00,26.5,37.75,3.0,8.0,10.0,NA,9.0,0.0,45.75,2.0,4.0,3.0,NA,NA,NA,28.75,30.5,0.0,231.5,0.0,0.0,444.5,NA,0.0
2026-04-06 16:00:00,24.25,34.25,2.5,8.0,10.0,NA,8.67,0.0,45.0,2.0,4.0,3.0,NA,NA,NA,28.0,30.25,0.0,234.75,0.0,0.0,153.75,NA,0.0
2026-04-06 17:00:00,24.25,34.75,2.0,7.75,10.0,NA,8.0,0.0,43.75,2.0,4.0,3.0,NA,NA,NA,27.5,30.75,0.0,226.5,0.0,0.0,17.75,NA,0.0
2026-04-06 18:00:00,25.0,36.0,2.0,7.0,9.0,NA,8.0,0.0,42.0,2.0,4.0,3.0,NA,NA,NA,26.25,32.5,0.0,221.25,0.0,0.0,3.25,NA,0.0
2026-04-06 19:00:00,30.25,42.0,2.0,7.0,9.0,NA,8.0,0.0,41.0,2.0,4.0,3.0,NA,NA,NA,25.75,35.0,0.0,215.5,0.0,0.0,3.0,NA,0.0
2026-04-06 20:00:00,39.5,54.25,2.0,7.0,9.0,NA,8.67,0.0,40.5,2.0,4.0,3.0,NA,NA,NA,25.0,37.25,0.0,250.0,0.0,0.0,3.5,NA,0.0
2026-04-06 21:00:00,40.75,55.25,2.0,7.0,9.0,NA,9.0,0.0,39.75,2.0,4.0,3.0,NA,NA,NA,25.0,39.25,0.0,248.0,0.0,0.0,4.0,NA,0.0
2026-04-06 22:00:00,45.75,62.0,2.0,7.0,9.0,NA,9.0,0.0,39.0,2.0,4.0,3.0,NA,NA,NA,24.25,40.75,0.0,238.75,0.0,0.0,4.0,NA,0.0
2026-04-06 23:00:00,40.0,54.25,2.0,7.0,8.75,NA,9.0,0.0,38.5,2.0,4.0,3.0,NA,NA,NA,24.0,42.0,0.0,193.75,0.0,0.0,4.0,NA,0.0
2026-04-07 00:00:00,59.5,78.75,2.0,7.0,8.0,NA,9.0,0.0,37.75,2.0,4.0,3.0,NA,NA,NA,24.0,43.75,0.0,208.5,0.0,0.0,3.75,NA,0.0
2026-04-07 01:00:00,49.0,66.5,2.0,6.75,8.0,NA,9.67,0.0,37.0,2.0,4.0,3.0,NA,NA,NA,23.0,44.0,0.0,189.0,0.0,0.0,3.0,NA,0.0
2026-04-07 02:00:00,32.5,44.75,2.0,6.5,8.0,NA,9.0,0.0,37.0,2.0,4.0,3.0,NA,NA,NA,23.0,44.5,0.0,218.25,0.0,0.0,3.25,NA,0.0
2026-04-07 03:00:00,30.75,43.5,2.0,6.0,8.0,NA,9.0,0.0,36.25,2.0,4.0,3.0,NA,NA,NA,23.0,45.0,0.0,221.25,0.0,0.0,3.25,NA,0.0
2026-04-07 04:00:00,32.0,44.75,2.0,6.0,8.0,NA,8.67,0.0,36.0,2.0,4.0,3.0,NA,NA,NA,22.75,47.5,0.0,210.0,0.0,0.0,3.25,NA,0.0
2026-04-07 05:00:00,33.0,45.75,2.0,6.0,8.0,NA,9.0,0.0,36.0,2.0,4.0,3.0,NA,NA,NA,22.0,49.5,0.0,206.75,0.0,0.0,3.5,NA,0.0
2026-04-07 06:00:00,40.75,56.0,2.0,6.0,8.0,NA,9.0,0.0,35.5,2.0,4.0,3.0,NA,NA,NA,22.5,48.25,0.0,212.5,0.0,0.0,28.25,NA,0.0
2026-04-07 07:00:00,37.75,52.0,2.0,6.75,8.25,NA,9.0,0.0,37.75,2.0,4.0,3.0,NA,NA,NA,23.5,44.0,0.0,202.25,0.0,0.0,133.25,NA,0.0
2026-04-07 08:00:00,52.0,69.5,2.0,7.0,9.0,NA,9.0,0.0,40.25,2.0,4.0,3.0,NA,NA,NA,25.25,40.0,0.0,212.75,0.0,0.0,315.5,NA,0.0
2026-04-07 09:00:00,45.5,61.0,2.0,7.25,9.25,NA,10.0,0.0,41.75,2.0,4.67,3.0,NA,NA,NA,26.25,39.25,0.0,241.0,0.0,0.0,465.0,NA,0.0
2026-04-07 10:00:00,34.0,46.75,2.0,8.0,10.0,NA,9.0,0.0,44.5,2.0,4.0,3.0,NA,NA,NA,28.0,34.5,0.0,216.25,0.0,0.0,599.5,NA,0.0
2026-04-07 11:00:00,24.25,34.75,3.0,8.0,10.0,NA,NA,0.0,46.25,2.0,4.0,3.0,NA,NA,NA,28.75,31.75,0.0,176.25,0.0,0.0,654.25,NA,0.0
2026-04-07 12:00:00,29.0,40.5,3.0,8.0,10.0,NA,9.0,0.0,46.0,2.0,4.0,3.0,NA,NA,NA,28.75,31.0,0.0,215.0,0.0,0.0,599.25,NA,0.0
2026-04-07 13:00:00,28.75,40.25,3.0,8.0,10.0,NA,8.0,0.0,46.5,2.0,4.0,3.0,NA,NA,NA,29.5,30.0,0.0,217.25,0.0,0.0,553.5,NA,0.0
2026-04-07 14:00:00,19.75,29.0,3.0,8.0,10.0,NA,8.67,0.0,45.5,2.0,4.0,3.0,NA,NA,NA,28.5,31.0,0.0,231.75,0.0,0.0,322.0,NA,0.0
2026-04-07 15:00:00,16.0,24.5,3.0,8.0,10.0,NA,9.0,0.0,46.5,2.0,4.0,3.0,NA,NA,NA,29.5,30.75,0.0,248.25,0.0,0.0,384.25,NA,0.0
2026-04-07 16:00:00,15.5,23.5,2.25,8.0,10.0,NA,9.0,0.0,45.25,2.0,4.0,3.0,NA,NA,NA,28.25,31.5,0.0,212.0,0.0,0.0,127.75,NA,0.0
2026-04-07 17:00:00,14.0,22.0,2.0,8.0,10.0,NA,9.0,0.0,43.75,2.0,4.0,3.0,NA,NA,NA,27.25,33.75,0.0,198.0,0.0,0.0,32.0,NA,0.0
2026-04-07 18:00:00,21.0,30.75,2.0,7.0,9.25,NA,8.67,0.0,42.0,2.0,4.0,3.0,NA,NA,NA,26.5,36.75,0.0,162.75,0.0,0.0,4.0,NA,0.0
2026-04-07 19:00:00,192.75,248.25,2.0,6.0,8.0,NA,8.0,0.0,35.5,2.0,4.0,3.0,NA,NA,NA,22.25,54.5,0.0,205.75,0.0,0.0,3.0,NA,0.0
2026-04-07 20:00:00,86.25,113.25,2.0,6.0,7.75,NA,8.67,0.0,33.75,2.0,4.0,3.0,NA,NA,NA,21.0,65.75,0.0,176.25,0.0,0.0,3.5,NA,0.0
2026-04-07 21:00:00,36.0,15.25,2.0,6.0,8.0,NA,10.0,0.0,34.5,2.0,4.0,3.0,NA,NA,NA,21.5,66.75,0.0,190.75,0.0,0.0,4.0,NA,0.0
2026-04-07 22:00:00,2.5,7.5,2.0,6.0,8.0,NA,9.0,0.0,34.25,2.0,4.0,3.0,NA,NA,NA,21.75,66.0,0.0,189.0,0.0,0.0,4.0,NA,0.0
2026-04-07 23:00:00,8.25,14.75,2.0,6.0,8.0,NA,8.67,0.0,33.5,2.0,4.0,3.0,NA,NA,NA,21.0,66.5,0.0,175.75,0.0,0.0,4.0,NA,0.0
2026-04-08 00:00:00,5.5,10.75,2.0,6.0,8.0,NA,8.67,0.0,33.25,2.0,4.0,3.0,NA,NA,NA,21.0,67.75,0.0,162.25,0.0,0.0,4.0,NA,0.0
2026-04-08 01:00:00,12.25,19.5,2.0,6.0,7.0,NA,9.33,0.0,32.75,2.0,4.0,3.0,NA,NA,NA,20.75,72.0,0.0,239.25,0.0,0.0,3.5,NA,0.0
2026-04-08 02:00:00,9.25,15.75,2.0,6.0,7.0,NA,8.67,0.0,32.0,2.0,4.0,3.0,NA,NA,NA,20.25,78.0,0.0,213.25,0.0,0.0,3.25,NA,0.0
2026-04-08 03:00:00,3.75,9.0,2.0,6.0,7.0,NA,9.0,0.0,31.75,2.0,4.0,3.0,NA,NA,NA,20.0,79.25,0.0,208.0,0.0,0.0,3.75,NA,0.0
2026-04-08 04:00:00,1.75,6.25,2.0,6.0,7.0,NA,8.33,0.0,32.0,2.0,4.0,3.0,NA,NA,NA,20.0,78.75,0.0,202.0,0.0,0.0,3.5,NA,0.0
2026-04-08 05:00:00,1.0,4.25,2.0,6.0,7.0,NA,8.0,0.0,31.5,2.0,4.0,3.0,NA,NA,NA,20.0,82.5,0.0,203.5,0.0,0.0,4.0,NA,0.0
2026-04-08 06:00:00,1.0,4.75,2.0,6.0,7.0,NA,9.0,0.0,31.5,2.0,4.0,3.0,NA,NA,NA,20.0,84.0,0.0,186.75,0.0,0.0,5.0,NA,0.0
2026-04-08 07:00:00,NA,4.25,2.0,5.5,7.0,NA,8.67,0.0,31.0,2.0,4.0,3.0,NA,NA,NA,19.25,83.5,0.0,203.5,0.0,0.0,45.75,NA,0.0
2026-04-08 08:00:00,4.0,10.5,2.0,6.0,7.25,NA,9.33,0.0,32.5,2.0,4.0,3.0,NA,NA,NA,20.5,76.25,0.0,205.5,0.0,0.0,181.25,NA,0.0
2026-04-08 09:00:00,4.75,19.75,2.0,6.0,8.0,NA,10.33,0.0,34.0,2.67,5.0,3.33,NA,NA,NA,21.0,71.0,0.0,180.0,0.0,0.0,183.75,NA,0.0
2026-04-08 10:00:00,5.75,21.75,2.0,6.0,7.75,NA,10.0,0.0,33.25,2.0,5.0,3.0,NA,NA,NA,21.0,72.75,0.0,176.75,0.0,0.0,104.0,NA,0.0
2026-04-08 11:00:00,12.75,33.25,2.0,6.0,8.0,NA,NA,0.0,34.25,3.0,5.5,4.0,NA,NA,NA,21.5,70.0,0.0,217.75,0.0,0.0,233.5,NA,0.0
2026-04-08 12:00:00,13.0,33.25,2.0,6.0,8.0,NA,9.33,0.0,35.5,2.0,4.33,3.0,NA,NA,NA,22.25,63.75,0.0,192.25,0.0,0.0,340.0,NA,0.0
2026-04-08 13:00:00,11.25,30.75,2.0,6.0,8.0,NA,9.0,0.0,35.5,2.0,4.0,3.0,NA,NA,NA,22.25,62.5,0.0,196.0,0.0,0.0,223.75,NA,0.0
2026-04-08 14:00:00,11.0,31.0,2.0,6.0,8.0,NA,8.0,0.0,36.0,2.0,3.67,2.67,NA,NA,NA,23.0,62.0,0.0,202.5,0.0,0.0,231.25,NA,0.0
2026-04-08 15:00:00,15.0,37.25,2.0,6.75,8.0,NA,6.33,0.0,37.25,1.0,3.0,2.0,NA,NA,NA,23.5,57.75,0.0,195.75,0.0,0.0,398.5,NA,0.0
2026-04-08 16:00:00,14.25,36.25,2.0,7.0,8.25,NA,8.67,0.0,38.0,2.0,4.0,3.0,NA,NA,NA,24.0,55.0,0.0,196.0,0.0,0.0,165.0,NA,0.0
2026-04-08 17:00:00,18.25,42.75,2.0,6.25,8.0,NA,8.0,0.0,36.75,2.0,4.0,3.0,NA,NA,NA,23.0,55.75,0.0,193.0,0.0,0.0,16.25,NA,0.0
2026-04-08 18:00:00,24.0,53.75,2.0,6.0,8.0,NA,8.67,0.0,35.5,2.0,4.0,3.0,NA,NA,NA,22.0,59.5,0.0,190.75,0.0,0.0,3.5,NA,0.0
2026-04-08 19:00:00,22.25,50.25,2.0,6.0,8.0,NA,8.0,0.0,34.5,2.0,4.0,3.0,NA,NA,NA,21.5,63.5,0.0,167.25,0.0,0.0,3.5,NA,0.0
2026-04-08 20:00:00,23.0,51.0,2.0,6.0,7.25,NA,8.0,0.0,31.75,2.0,4.0,3.0,NA,NA,NA,20.0,74.75,0.0,191.5,0.0,0.0,3.0,NA,0.0
2026-04-08 21:00:00,4.25,19.0,2.0,5.0,7.0,NA,8.0,0.0,30.0,2.0,4.0,3.0,NA,NA,NA,19.0,84.5,0.0,195.5,0.0,0.0,3.5,NA,0.0
2026-04-08 22:00:00,NA,5.5,2.0,5.0,7.0,NA,9.33,0.0,31.0,2.0,4.33,3.0,NA,NA,NA,19.0,80.5,0.0,171.5,0.0,0.0,3.0,NA,0.0
2026-04-08 23:00:00,NA,10.0,2.0,5.0,7.0,NA,10.0,0.0,31.0,2.33,5.0,3.0,NA,NA,NA,19.0,79.0,0.0,179.5,0.0,0.0,3.0,NA,0.0
2026-04-09 00:00:00,4.25,19.0,2.0,5.0,7.0,NA,9.0,0.0,30.25,2.0,4.0,3.0,NA,NA,NA,19.0,80.5,0.0,143.5,0.0,0.0,3.25,NA,0.0
2026-04-09 01:00:00,6.25,22.25,2.0,5.0,7.0,NA,9.0,0.0,30.0,2.0,4.0,3.0,NA,NA,NA,19.0,81.5,0.0,161.25,0.0,0.0,3.0,NA,0.0
2026-04-09 02:00:00,5.25,20.0,2.0,5.0,7.0,NA,9.0,0.0,30.0,2.0,4.0,3.0,NA,NA,NA,19.0,82.25,0.0,169.25,0.0,0.0,3.0,NA,0.0
2026-04-09 03:00:00,2.25,15.0,2.0,5.0,7.0,NA,9.0,0.0,29.0,2.0,4.0,3.0,NA,NA,NA,18.25,83.5,0.0,218.25,0.0,0.0,3.0,NA,0.0
2026-04-09 04:00:00,3.75,18.5,2.0,5.0,7.0,NA,9.0,0.0,29.0,2.0,4.0,3.0,NA,NA,NA,18.0,84.75,0.0,205.25,0.0,0.0,3.25,NA,0.0
2026-04-09 05:00:00,4.0,18.5,2.0,5.0,7.0,NA,9.0,0.0,29.0,2.0,4.0,3.0,NA,NA,NA,18.0,87.25,0.0,214.0,0.0,0.0,3.0,NA,0.0
2026-04-09 06:00:00,13.5,34.5,2.0,5.0,7.0,NA,9.0,0.0,29.25,2.0,4.0,3.0,NA,NA,NA,18.5,85.75,0.0,300.5,0.0,0.0,60.25,NA,0.0
2026-04-09 07:00:00,20.5,47.5,2.0,6.0,7.25,NA,8.67,0.0,32.25,2.0,4.0,3.0,NA,NA,NA,20.5,75.0,0.0,223.5,0.0,0.0,228.5,NA,0.0
2026-04-09 08:00:00,25.25,55.0,2.0,6.0,8.0,NA,9.0,0.0,35.0,2.0,4.0,3.0,NA,NA,NA,21.75,64.5,0.0,189.5,0.0,0.0,392.0,NA,0.0
2026-04-09 09:00:00,17.5,41.75,2.0,6.5,8.0,NA,9.0,0.0,36.75,2.0,4.0,3.0,NA,NA,NA,23.0,57.0,0.0,221.25,0.0,0.0,530.5,NA,0.0
2026-04-09 10:00:00,16.0,39.5,2.0,7.0,8.75,NA,9.33,0.0,39.0,2.0,4.0,3.0,NA,NA,NA,24.25,50.25,0.0,237.75,0.0,0.0,632.25,NA,0.0
2026-04-09 11:00:00,20.25,46.5,2.0,7.0,9.0,NA,NA,0.0,40.0,3.0,5.0,3.5,NA,NA,NA,25.0,46.75,0.0,227.75,0.0,0.0,689.75,NA,0.0
2026-04-09 12:00:00,16.5,40.0,2.0,7.0,9.0,NA,8.33,0.0,40.5,2.0,4.0,3.0,NA,NA,NA,25.5,43.5,0.0,236.75,0.0,0.0,708.75,NA,0.0
2026-04-09 13:00:00,16.5,39.75,2.0,7.0,9.0,NA,7.33,0.0,42.0,2.0,3.0,2.0,NA,NA,NA,26.25,37.75,0.0,235.0,0.0,0.0,660.0,NA,0.0
2026-04-09 14:00:00,22.75,51.0,2.0,7.0,9.0,NA,8.0,0.0,42.25,2.0,4.0,3.0,NA,NA,NA,26.25,36.5,0.0,224.75,0.0,0.0,416.0,NA,0.0
2026-04-09 15:00:00,22.25,50.0,2.0,7.0,9.0,NA,8.0,0.0,42.25,2.0,4.0,3.0,NA,NA,NA,26.25,35.0,0.0,231.0,0.0,0.0,433.75,NA,0.0
2026-04-09 16:00:00,23.75,53.25,2.0,7.0,9.0,NA,9.0,0.0,42.0,2.0,4.0,3.0,NA,NA,NA,26.0,34.25,0.0,238.25,0.0,0.0,168.5,NA,0.0
2026-04-09 17:00:00,26.75,57.5,2.0,7.0,9.0,NA,9.0,0.0,41.25,2.0,4.0,3.0,NA,NA,NA,25.75,34.0,0.0,249.25,0.0,0.0,22.0,NA,0.0
2026-04-09 18:00:00,33.75,70.5,2.0,7.0,9.0,NA,9.0,0.0,39.5,2.0,4.0,3.0,NA,NA,NA,24.75,36.5,0.0,234.75,0.0,0.0,3.75,NA,0.0
2026-04-09 19:00:00,39.25,79.5,2.0,7.0,8.75,NA,9.0,0.0,38.25,2.0,4.0,3.0,NA,NA,NA,24.0,39.25,0.0,222.0,0.0,0.0,3.0,NA,0.0
2026-04-09 20:00:00,54.5,106.25,2.0,7.0,8.0,NA,9.0,0.0,37.5,2.0,4.0,3.0,NA,NA,NA,23.5,41.5,0.0,230.25,0.0,0.0,3.0,NA,0.0
2026-04-09 21:00:00,66.5,128.0,2.0,6.0,8.0,NA,9.33,0.0,36.75,2.0,4.0,3.0,NA,NA,NA,23.0,43.0,0.0,268.0,0.0,0.0,3.0,NA,0.0
2026-04-09 22:00:00,61.5,119.0,2.0,6.0,8.0,NA,9.67,0.0,36.0,2.0,4.0,3.0,NA,NA,NA,22.75,45.0,0.0,261.75,0.0,0.0,2.75,NA,0.0
2026-04-09 23:00:00,63.5,122.25,2.0,6.0,8.0,NA,10.0,0.0,35.0,2.33,5.0,3.0,NA,NA,NA,22.0,47.0,0.0,274.0,0.0,0.0,3.0,NA,0.0
2026-04-10 00:00:00,56.0,109.25,2.0,6.0,8.0,NA,9.33,0.0,34.5,2.0,4.0,3.0,NA,NA,NA,21.75,49.75,0.0,236.5,0.0,0.0,3.0,NA,0.0
2026-04-10 01:00:00,66.0,126.75,2.0,6.0,8.0,NA,8.33,0.0,34.0,2.0,4.0,3.0,NA,NA,NA,21.0,51.25,0.0,233.75,0.0,0.0,3.0,NA,0.0
2026-04-10 02:00:00,99.0,184.5,2.0,6.0,8.0,NA,8.0,0.0,33.0,2.0,4.0,3.0,NA,NA,NA,21.0,51.75,0.0,250.25,0.0,0.0,3.0,NA,0.0
2026-04-10 03:00:00,51.5,101.75,2.0,6.0,7.25,NA,8.0,0.0,33.0,2.0,4.0,3.0,NA,NA,NA,21.0,54.0,0.0,200.75,0.0,0.0,3.0,NA,0.0
2026-04-10 04:00:00,42.75,86.25,2.0,6.0,7.0,NA,8.33,0.0,33.0,2.0,4.0,3.0,NA,NA,NA,20.75,52.5,0.0,219.75,0.0,0.0,3.0,NA,0.0
2026-04-10 05:00:00,34.0,70.75,2.0,6.0,7.0,NA,9.0,0.0,32.0,2.0,4.0,3.0,NA,NA,NA,20.0,53.25,0.0,203.25,0.0,0.0,2.75,NA,0.0
2026-04-10 06:00:00,36.25,75.0,2.0,6.0,7.25,NA,9.0,0.0,32.75,2.0,4.0,3.0,NA,NA,NA,20.75,51.5,0.0,206.25,0.0,0.0,58.75,NA,0.0
2026-04-10 07:00:00,47.25,94.0,2.0,6.0,8.0,NA,9.0,0.0,35.0,2.0,4.0,3.0,NA,NA,NA,21.75,47.75,0.0,217.0,0.0,0.0,219.75,NA,0.0
2026-04-10 08:00:00,42.75,86.0,2.0,6.25,8.0,NA,9.0,0.0,36.75,2.0,4.0,3.0,NA,NA,NA,23.25,44.75,0.0,249.0,0.0,0.0,380.5,NA,0.0
2026-04-10 09:00:00,40.5,82.25,2.0,7.0,9.0,NA,9.0,0.0,39.0,2.0,4.0,3.0,NA,NA,NA,24.5,39.75,0.0,266.0,0.0,0.0,521.0,NA,0.0
2026-04-10 10:00:00,46.75,93.0,2.0,7.0,9.0,NA,9.0,0.0,41.25,2.0,4.0,3.0,NA,NA,NA,25.75,35.75,0.0,252.0,0.0,0.0,626.5,NA,0.0
2026-04-10 11:00:00,52.25,102.75,2.0,7.0,9.0,NA,NA,0.0,42.0,2.0,4.0,3.0,NA,NA,NA,26.0,34.0,0.0,232.75,0.0,0.0,680.25,NA,0.0
2026-04-10 12:00:00,63.0,121.0,2.0,7.0,9.0,NA,9.0,0.0,42.5,2.0,4.0,3.0,NA,NA,NA,26.75,33.25,0.0,212.5,0.0,0.0,691.0,NA,0.0
2026-04-10 13:00:00,65.0,125.0,2.0,8.0,10.0,NA,9.0,0.0,43.25,2.0,4.0,3.0,NA,NA,NA,27.0,31.75,0.0,213.75,0.0,0.0,655.75,NA,0.0
2026-04-10 14:00:00,48.25,96.0,2.0,7.5,9.75,NA,9.0,0.0,43.25,2.0,4.0,3.0,NA,NA,NA,27.0,30.25,0.0,211.75,0.0,0.0,580.75,NA,0.0
2026-04-10 15:00:00,45.5,91.0,2.0,8.0,10.0,NA,8.33,0.0,43.75,2.0,4.0,3.0,NA,NA,NA,27.0,30.0,0.0,218.0,0.0,0.0,449.0,NA,0.0
2026-04-10 16:00:00,38.0,77.0,2.0,7.0,9.0,NA,8.33,0.0,43.0,2.0,4.0,3.0,NA,NA,NA,27.0,31.0,0.0,238.0,0.0,0.0,106.33,NA,0.0
2026-04-10 17:00:00,40.5,82.0,2.0,7.0,9.0,NA,8.0,0.0,42.0,2.0,4.0,3.0,NA,NA,NA,26.25,32.25,0.0,235.0,0.0,0.0,20.0,NA,0.0
2026-04-10 18:00:00,36.25,74.75,2.0,7.0,9.0,NA,9.0,0.0,40.5,2.0,4.0,3.0,NA,NA,NA,25.25,34.0,0.0,224.25,0.0,0.0,3.5,NA,0.0
2026-04-10 19:00:00,43.5,87.25,2.0,7.0,9.0,NA,9.0,0.0,40.0,2.0,4.0,3.0,NA,NA,NA,25.0,35.5,0.0,233.25,0.0,0.0,3.0,NA,0.0
2026-04-10 20:00:00,45.75,91.75,2.0,7.0,9.0,NA,9.0,0.0,39.0,2.0,4.0,3.0,NA,NA,NA,24.5,36.75,0.0,216.0,0.0,0.0,3.0,NA,0.0
2026-04-10 21:00:00,55.75,108.5,2.0,7.0,9.0,NA,9.0,0.0,38.75,2.0,4.0,3.0,NA,NA,NA,24.0,37.75,0.0,214.25,0.0,0.0,3.0,NA,0.0
2026-04-10 22:00:00,59.0,114.75,2.0,7.0,8.0,NA,9.0,0.0,38.0,2.0,4.0,3.0,NA,NA,NA,24.0,39.25,0.0,200.75,0.0,0.0,2.75,NA,0.0
2026-04-10 23:00:00,76.25,145.0,2.0,6.25,8.0,NA,9.0,0.0,37.0,2.0,4.0,3.0,NA,NA,NA,23.0,40.75,0.0,193.5,0.0,0.0,3.0,NA,0.0
2026-04-11 00:00:00,80.75,152.5,2.0,6.0,8.0,NA,9.0,0.0,37.0,2.0,4.0,3.0,NA,NA,NA,23.0,40.75,0.0,218.0,0.0,0.0,3.0,NA,0.0
2026-04-11 01:00:00,85.0,160.25,2.0,6.0,8.0,NA,8.0,0.0,36.5,2.0,4.0,3.0,NA,NA,NA,22.75,41.5,0.0,243.0,0.0,0.0,3.0,NA,0.0
2026-04-11 02:00:00,60.25,116.5,2.0,6.0,8.0,NA,9.0,0.0,35.0,2.0,4.0,3.0,NA,NA,NA,22.0,44.5,0.0,249.0,0.0,0.0,3.0,NA,0.0
2026-04-11 03:00:00,53.5,105.25,2.0,6.0,8.0,NA,9.0,0.0,34.25,2.0,4.0,3.0,NA,NA,NA,21.75,46.25,0.0,230.75,0.0,0.0,3.0,NA,0.0
2026-04-11 04:00:00,53.0,104.0,2.0,6.0,8.0,NA,9.0,0.0,35.0,2.0,4.0,3.0,NA,NA,NA,22.0,44.75,0.0,232.25,0.0,0.0,3.0,NA,0.0
2026-04-11 05:00:00,47.0,93.25,2.0,6.0,8.0,NA,9.0,0.0,34.0,2.0,4.0,3.0,NA,NA,NA,21.25,46.75,0.0,209.0,0.0,0.0,3.0,NA,0.0
2026-04-11 06:00:00,57.0,111.0,2.0,6.0,8.0,NA,9.0,0.0,34.25,2.0,4.0,3.0,NA,NA,NA,21.5,47.5,0.0,206.75,0.0,0.0,65.25,NA,0.0
2026-04-11 07:00:00,61.5,118.25,2.0,6.0,8.0,NA,8.67,0.0,36.0,2.0,4.0,3.0,NA,NA,NA,22.5,44.5,0.0,221.0,0.0,0.0,229.5,NA,0.0
2026-04-11 08:00:00,54.5,106.75,2.0,7.0,8.5,NA,9.0,0.0,38.0,2.0,4.0,3.0,NA,NA,NA,24.0,41.0,0.0,232.75,0.0,0.0,394.0,NA,0.0
2026-04-11 09:00:00,49.25,97.25,2.0,7.0,9.0,NA,9.0,0.0,40.5,2.0,4.0,3.0,NA,NA,NA,25.5,37.25,0.0,236.5,0.0,0.0,525.5,NA,0.0
2026-04-11 10:00:00,49.5,97.25,2.0,7.25,9.5,NA,8.33,0.0,43.0,2.0,4.0,3.0,NA,NA,NA,26.75,34.0,0.0,241.0,0.0,0.0,619.0,NA,0.0
2026-04-11 11:00:00,47.25,93.75,2.0,8.0,10.0,NA,NA,0.0,44.25,2.0,4.0,3.0,NA,NA,NA,27.75,33.0,0.0,244.25,0.0,0.0,673.5,NA,0.0
2026-04-11 12:00:00,55.0,107.5,3.0,8.0,10.0,NA,8.67,0.0,45.25,2.0,4.0,3.0,NA,NA,NA,28.25,32.5,0.0,226.75,0.0,0.0,677.0,NA,0.0
2026-04-11 13:00:00,60.25,116.75,3.0,8.0,10.0,NA,9.0,0.0,46.5,2.0,4.0,3.0,NA,NA,NA,29.0,29.75,0.0,210.5,0.0,0.0,631.5,NA,0.0
2026-04-11 14:00:00,97.5,182.25,3.0,8.0,10.0,NA,9.0,0.0,47.25,2.0,4.0,3.0,NA,NA,NA,29.75,28.25,0.0,221.75,0.0,0.0,543.5,NA,0.0
2026-04-11 15:00:00,92.75,173.25,3.0,8.0,10.0,NA,9.0,0.0,47.0,2.0,4.0,3.0,NA,NA,NA,29.75,28.0,0.0,199.0,0.0,0.0,408.25,NA,0.0
2026-04-11 16:00:00,72.25,137.5,3.0,8.0,10.0,NA,9.0,0.0,47.0,2.0,4.0,3.0,NA,NA,NA,29.0,28.75,0.0,194.75,0.0,0.0,170.5,NA,0.0
2026-04-11 17:00:00,72.0,137.5,3.0,8.0,10.0,NA,8.75,0.0,45.75,2.0,4.0,3.0,NA,NA,NA,28.75,30.25,0.0,252.0,0.0,0.0,33.75,NA,0.0
2026-04-11 18:00:00,91.5,171.5,2.0,8.0,10.0,NA,9.0,0.0,44.25,2.0,4.0,3.0,NA,NA,NA,27.75,32.0,0.0,222.5,0.0,0.0,3.75,NA,0.0
2026-04-11 19:00:00,90.75,169.75,2.0,7.0,9.0,NA,9.0,0.0,42.5,2.0,4.0,3.0,NA,NA,NA,26.75,34.75,0.0,211.5,0.0,0.0,3.0,NA,0.0
2026-04-11 20:00:00,106.0,196.5,2.0,7.0,9.0,NA,9.0,0.0,42.0,2.0,4.0,3.0,NA,NA,NA,26.0,36.0,0.0,227.25,0.0,0.0,3.0,NA,0.0
2026-04-11 21:00:00,92.75,173.5,2.0,7.0,9.0,NA,9.67,0.0,41.0,2.0,4.5,3.0,NA,NA,NA,25.75,36.25,0.0,239.25,0.0,0.0,3.0,NA,0.0
2026-04-11 22:00:00,86.25,161.75,2.0,7.0,9.0,NA,9.0,0.0,40.0,2.0,4.0,3.0,NA,NA,NA,25.0,37.75,0.0,244.75,0.0,0.0,3.0,NA,0.0
2026-04-11 23:00:00,90.75,170.0,2.0,7.0,9.0,NA,9.0,0.0,40.0,2.0,4.0,3.0,NA,NA,NA,25.0,37.25,0.0,230.5,0.0,0.0,3.0,NA,0.0
2026-04-12 00:00:00,90.25,169.25,2.0,7.0,9.0,NA,9.0,0.0,39.25,2.0,4.0,3.0,NA,NA,NA,24.5,38.0,0.0,228.25,0.0,0.0,3.0,NA,0.0
2026-04-12 01:00:00,87.5,164.75,2.0,7.0,9.0,NA,9.5,0.0,38.25,2.0,4.0,3.0,NA,NA,NA,24.0,39.75,0.0,218.5,0.0,0.0,3.0,NA,0.0
2026-04-12 02:00:00,89.75,168.25,2.0,7.0,8.0,NA,9.0,0.0,38.0,2.0,4.0,3.0,NA,NA,NA,24.0,40.5,0.0,230.25,0.0,0.0,3.0,NA,0.0
2026-04-12 03:00:00,89.25,167.0,2.0,7.0,8.0,NA,9.0,0.0,38.0,2.0,4.0,3.0,NA,NA,NA,24.0,41.25,0.0,227.25,0.0,0.0,3.0,NA,0.0
2026-04-12 04:00:00,81.25,153.25,2.0,6.75,8.0,NA,9.0,0.0,37.0,2.0,4.0,3.0,NA,NA,NA,23.25,42.25,0.0,228.25,0.0,0.0,3.0,NA,0.0
2026-04-12 05:00:00,69.5,132.75,2.0,6.0,8.0,NA,9.0,0.0,36.75,2.0,4.0,3.0,NA,NA,NA,23.0,44.0,0.0,233.75,0.0,0.0,3.0,NA,0.0
2026-04-12 06:00:00,71.0,135.5,2.0,6.0,8.0,NA,9.0,0.0,36.5,2.0,4.0,3.0,NA,NA,NA,23.0,45.0,0.0,213.25,0.0,0.0,37.0,NA,0.0
2026-04-12 07:00:00,79.5,150.5,2.0,7.0,8.75,NA,9.0,0.0,38.5,2.0,4.0,3.0,NA,NA,NA,24.5,42.5,0.0,234.0,0.0,0.0,196.75,NA,0.0
2026-04-12 08:00:00,78.0,148.0,2.0,7.0,9.0,NA,9.0,0.0,41.75,2.0,4.0,3.0,NA,NA,NA,26.0,39.0,0.0,212.0,0.0,0.0,364.5,NA,0.0
2026-04-12 09:00:00,78.0,148.0,2.0,8.0,10.0,NA,9.0,0.0,44.25,2.0,4.0,3.0,NA,NA,NA,27.5,35.5,0.0,228.25,0.0,0.0,501.0,NA,0.0
2026-04-12 10:00:00,80.25,151.25,3.0,8.0,10.0,NA,9.0,0.0,46.75,2.0,4.0,3.0,NA,NA,NA,29.25,31.0,0.0,216.75,0.0,0.0,603.5,NA,0.0
2026-04-12 11:00:00,68.25,130.75,3.0,8.0,11.0,NA,NA,0.0,48.75,2.0,4.0,3.0,NA,NA,NA,30.25,28.75,0.0,207.0,0.0,0.0,653.5,NA,0.0
2026-04-12 12:00:00,62.5,120.75,3.0,8.0,10.25,NA,9.0,0.0,48.0,2.0,4.0,3.0,NA,NA,NA,30.0,29.0,0.0,227.75,0.0,0.0,659.0,NA,0.0
2026-04-12 13:00:00,64.5,124.25,3.0,8.0,11.0,NA,9.0,0.0,48.5,2.0,4.0,3.0,NA,NA,NA,30.0,29.0,0.0,221.75,0.0,0.0,619.75,NA,0.0
2026-04-12 14:00:00,66.75,128.5,3.0,8.0,11.0,NA,9.0,0.0,48.75,2.0,4.0,3.0,NA,NA,NA,30.0,28.25,0.0,245.5,0.0,0.0,534.75,NA,0.0
2026-04-12 15:00:00,64.25,123.25,3.0,8.0,11.0,NA,9.0,0.0,48.5,2.0,4.0,3.0,NA,NA,NA,30.0,28.0,0.0,230.25,0.0,0.0,401.75,NA,0.0
2026-04-12 16:00:00,73.75,140.0,3.0,8.0,10.0,NA,9.0,0.0,47.5,2.0,4.0,3.0,NA,NA,NA,30.0,28.25,0.0,244.75,0.0,0.0,172.5,NA,0.0
2026-04-12 17:00:00,75.0,142.25,3.0,8.0,10.0,NA,9.0,0.0,46.5,2.0,4.0,3.0,NA,NA,NA,29.0,29.75,0.0,259.5,0.0,0.0,38.0,NA,0.0
2026-04-12 18:00:00,73.0,138.5,2.5,8.0,10.0,NA,9.0,0.0,45.25,2.0,4.0,3.0,NA,NA,NA,28.25,31.75,0.0,242.75,0.0,0.0,5.0,NA,0.0
2026-04-12 19:00:00,81.0,153.0,2.0,8.0,10.0,NA,9.0,0.0,43.75,2.0,4.0,3.0,NA,NA,NA,27.25,33.75,0.0,245.5,0.0,0.0,3.0,NA,0.0
2026-04-12 20:00:00,111.0,205.25,2.0,7.0,9.5,NA,9.0,0.0,43.0,2.0,4.0,3.0,NA,NA,NA,27.0,34.0,0.0,245.25,0.0,0.0,3.0,NA,0.0
2026-04-12 21:00:00,111.75,206.75,2.0,7.0,9.0,NA,9.0,0.0,42.25,2.0,4.0,3.0,NA,NA,NA,26.5,33.25,0.0,249.5,0.0,0.0,3.0,NA,0.0
2026-04-12 22:00:00,98.75,184.25,2.0,7.0,9.0,NA,9.0,0.0,41.25,2.0,4.0,3.0,NA,NA,NA,26.0,34.0,0.0,238.75,0.0,0.0,3.0,NA,0.0
2026-04-12 23:00:00,95.25,177.5,2.0,7.0,9.0,NA,9.33,0.0,40.25,2.0,4.0,3.0,NA,NA,NA,25.0,35.0,0.0,243.75,0.0,0.0,3.0,NA,0.0
2026-04-13 00:00:00,97.5,182.25,2.0,7.0,9.0,NA,9.0,0.0,39.25,2.0,4.0,3.0,NA,NA,NA,24.75,36.5,0.0,249.0,0.0,0.0,3.0,NA,0.0
2026-04-13 01:00:00,96.25,179.5,2.0,7.0,9.0,NA,9.0,0.0,38.25,2.0,4.0,3.0,NA,NA,NA,24.0,38.0,0.0,224.5,0.0,0.0,3.0,NA,0.0
2026-04-13 02:00:00,88.25,166.0,2.0,7.0,8.0,NA,9.0,0.0,38.0,2.0,4.0,3.0,NA,NA,NA,24.0,39.25,0.0,223.0,0.0,0.0,3.0,NA,0.0
2026-04-13 03:00:00,80.0,151.0,2.0,6.75,8.0,NA,9.0,0.0,37.25,2.0,4.0,3.0,NA,NA,NA,23.25,40.75,0.0,229.5,0.0,0.0,3.0,NA,0.0
2026-04-13 04:00:00,76.0,144.25,2.0,6.0,8.0,NA,9.0,0.0,37.0,2.0,4.0,3.0,NA,NA,NA,23.0,42.0,0.0,247.75,0.0,0.0,3.0,NA,0.0
2026-04-13 05:00:00,73.5,139.75,2.0,6.0,8.0,NA,9.0,0.0,35.5,2.0,4.0,3.0,NA,NA,NA,22.25,44.5,0.0,220.0,0.0,0.0,3.0,NA,0.0
2026-04-13 06:00:00,84.25,158.25,2.0,6.25,8.0,NA,9.0,0.0,36.0,2.0,4.0,3.0,NA,NA,NA,22.5,45.0,0.0,191.25,0.0,0.0,69.25,NA,0.0
2026-04-13 07:00:00,93.75,175.0,2.0,7.0,9.0,NA,9.0,0.0,39.25,2.0,4.0,3.0,NA,NA,NA,24.75,41.5,0.0,198.25,0.0,0.0,240.25,NA,0.0
2026-04-13 08:00:00,90.75,169.25,2.0,7.0,9.0,NA,9.0,0.0,41.75,2.0,4.0,3.0,NA,NA,NA,26.0,38.5,0.0,218.75,0.0,0.0,404.75,NA,0.0
2026-04-13 09:00:00,65.5,120.5,2.0,7.5,9.75,NA,9.0,0.0,43.5,2.0,4.0,3.0,NA,NA,NA,27.25,34.5,0.0,233.5,0.0,0.0,542.25,NA,0.0
2026-04-13 10:00:00,34.5,64.5,2.0,8.0,10.0,NA,9.0,0.0,44.5,2.0,4.0,3.0,NA,NA,NA,28.0,32.0,0.0,241.0,0.0,0.0,643.5,NA,0.0
2026-04-13 11:00:00,37.25,68.0,3.0,8.0,10.0,NA,NA,0.0,46.75,2.0,4.0,3.0,NA,NA,NA,29.0,27.5,0.0,275.25,0.0,0.0,695.0,NA,0.0
2026-04-13 12:00:00,53.25,94.0,3.0,8.0,10.0,NA,9.0,0.0,47.5,2.0,4.0,3.0,NA,NA,NA,29.75,25.75,0.0,261.75,0.0,0.0,709.5,NA,0.0
2026-04-13 13:00:00,67.25,116.5,3.0,8.0,10.25,NA,8.67,0.0,48.0,2.0,4.0,3.0,NA,NA,NA,30.0,25.0,0.0,257.5,0.0,0.0,665.25,NA,0.0
2026-04-13 14:00:00,42.5,77.0,3.0,8.0,10.5,NA,8.67,0.0,48.25,2.0,4.0,3.0,NA,NA,NA,30.0,25.0,0.0,234.0,0.0,0.0,566.5,NA,0.0
2026-04-13 15:00:00,39.75,72.5,3.0,8.0,10.0,NA,9.0,0.0,48.0,2.0,4.0,3.0,NA,NA,NA,30.0,25.75,0.0,237.75,0.0,0.0,420.75,NA,0.0
2026-04-13 16:00:00,35.75,66.0,3.0,8.0,10.0,NA,9.0,0.0,47.5,2.0,4.0,3.0,NA,NA,NA,29.75,26.5,0.0,254.25,0.0,0.0,166.75,NA,0.0
2026-04-13 17:00:00,36.0,66.25,3.0,8.0,10.0,NA,9.0,0.0,46.25,2.0,4.0,3.0,NA,NA,NA,29.0,28.25,0.0,240.5,0.0,0.0,23.0,NA,0.0
2026-04-13 18:00:00,39.5,72.0,2.25,8.0,10.0,NA,8.33,0.0,44.5,2.0,4.0,3.0,NA,NA,NA,28.0,29.75,0.0,231.5,0.0,0.0,4.25,NA,0.0
2026-04-13 19:00:00,45.75,82.5,2.0,7.5,9.75,NA,8.0,0.0,43.25,2.0,4.0,3.0,NA,NA,NA,27.0,30.5,0.0,249.0,0.0,0.0,3.75,NA,0.0
2026-04-13 20:00:00,46.5,83.25,2.0,7.0,9.0,NA,9.0,0.0,42.25,2.0,4.0,3.0,NA,NA,NA,26.5,31.25,0.0,250.75,0.0,0.0,3.0,NA,0.0
2026-04-13 21:00:00,54.75,96.75,2.0,7.0,9.0,NA,9.0,0.0,41.75,2.0,4.0,3.0,NA,NA,NA,26.0,32.0,0.0,239.25,0.0,0.0,2.75,NA,0.0
2026-04-13 22:00:00,50.25,89.5,2.0,7.0,9.0,NA,9.0,0.0,41.0,2.0,4.0,3.0,NA,NA,NA,25.75,32.75,0.0,255.25,0.0,0.0,2.75,NA,0.0
2026-04-13 23:00:00,59.75,104.5,2.0,7.0,9.0,NA,9.0,0.0,40.0,2.0,4.0,3.0,NA,NA,NA,25.0,34.0,0.0,246.0,0.0,0.0,3.0,NA,0.0
2026-04-14 00:00:00,56.0,98.25,2.0,7.0,9.0,NA,9.0,0.0,40.0,2.0,4.0,3.0,NA,NA,NA,25.0,34.0,0.0,240.25,0.0,0.0,3.0,NA,0.0
2026-04-14 01:00:00,48.0,86.5,2.0,7.0,9.0,NA,9.67,0.0,38.75,2.0,4.0,3.0,NA,NA,NA,24.25,35.75,0.0,247.0,0.0,0.0,3.0,NA,0.0
2026-04-14 02:00:00,45.25,81.5,2.0,7.0,8.25,NA,9.0,0.0,38.0,2.0,4.0,3.0,NA,NA,NA,24.0,37.5,0.0,252.75,0.0,0.0,2.75,NA,0.0
2026-04-14 03:00:00,50.0,89.0,2.0,7.0,8.0,NA,9.0,0.0,37.5,2.0,4.0,3.0,NA,NA,NA,23.5,39.75,0.0,238.25,0.0,0.0,2.75,NA,0.0
2026-04-14 04:00:00,58.75,103.0,2.0,6.25,8.0,NA,9.0,0.0,37.0,2.0,4.0,3.0,NA,NA,NA,23.0,39.75,0.0,218.0,0.0,0.0,3.0,NA,0.0
2026-04-14 05:00:00,72.75,125.5,2.0,6.0,8.0,NA,9.0,0.0,36.0,2.0,4.0,3.0,NA,NA,NA,22.75,42.25,0.0,200.0,0.0,0.0,3.0,NA,0.0
2026-04-14 06:00:00,55.25,97.0,2.0,6.5,8.0,NA,9.0,0.0,36.75,2.0,4.0,3.0,NA,NA,NA,23.0,41.75,0.0,210.75,0.0,0.0,70.0,NA,0.0
2026-04-14 07:00:00,49.25,88.0,2.0,7.0,9.0,NA,9.0,0.0,40.5,2.0,4.0,3.0,NA,NA,NA,25.5,37.25,0.0,199.0,0.0,0.0,238.5,NA,0.0
2026-04-14 08:00:00,52.5,93.0,2.0,7.5,9.5,NA,9.0,0.0,43.0,2.0,4.0,3.0,NA,NA,NA,27.0,34.0,0.0,234.25,0.0,0.0,391.0,NA,0.0
2026-04-14 09:00:00,56.5,99.25,3.0,8.0,10.0,NA,8.33,0.0,46.0,2.0,4.0,3.0,NA,NA,NA,29.0,30.5,0.0,220.75,0.0,0.0,521.5,NA,0.0
2026-04-14 10:00:00,45.25,81.5,3.0,8.0,10.5,NA,8.33,0.0,48.0,2.0,4.0,3.0,NA,NA,NA,30.0,28.5,0.0,224.25,0.0,0.0,625.5,NA,0.0
2026-04-14 11:00:00,33.0,61.5,3.0,8.0,11.0,NA,NA,0.0,49.0,2.0,4.0,3.0,NA,NA,NA,30.5,27.0,0.0,235.0,0.0,0.0,683.75,NA,0.0
2026-04-14 12:00:00,20.0,40.75,3.0,8.5,11.0,NA,8.0,0.0,49.5,2.0,4.0,3.0,NA,NA,NA,31.0,25.5,0.0,225.0,0.0,0.0,690.0,NA,0.0
2026-04-14 13:00:00,24.25,47.25,3.0,9.0,11.0,NA,8.0,0.0,50.25,2.0,4.0,3.0,NA,NA,NA,31.25,25.0,0.0,240.25,0.0,0.0,641.25,NA,0.0
2026-04-14 14:00:00,25.25,49.75,3.0,9.0,11.0,NA,9.0,0.0,50.5,2.0,4.0,3.0,NA,NA,NA,31.5,25.0,0.0,237.0,0.0,0.0,544.0,NA,0.0
2026-04-14 15:00:00,30.25,56.75,3.0,9.0,11.0,NA,9.0,0.0,50.5,2.0,4.0,3.0,NA,NA,NA,31.5,25.25,0.0,217.25,0.0,0.0,402.25,NA,0.0
2026-04-14 16:00:00,29.25,55.75,3.0,9.0,11.0,NA,9.0,0.0,50.0,2.0,4.0,3.0,NA,NA,NA,31.0,25.5,0.0,228.75,0.0,0.0,170.25,NA,0.0
2026-04-14 17:00:00,40.25,74.25,3.0,8.0,10.75,NA,9.0,0.0,48.5,2.0,4.0,3.0,NA,NA,NA,30.25,26.75,0.0,229.0,0.0,0.0,28.5,NA,0.0
2026-04-14 18:00:00,34.0,63.5,3.0,8.0,10.0,NA,9.0,0.0,46.5,2.0,4.0,3.0,NA,NA,NA,29.25,29.0,0.0,223.5,0.0,0.0,3.75,NA,0.0
2026-04-14 19:00:00,54.5,96.25,2.75,8.0,10.0,NA,9.0,0.0,45.25,2.0,4.0,3.0,NA,NA,NA,28.25,30.25,0.0,248.75,0.0,0.0,3.25,NA,0.0
2026-04-14 20:00:00,56.25,99.25,2.0,8.0,10.0,NA,9.67,0.0,44.0,2.0,4.0,3.0,NA,NA,NA,27.5,32.0,0.0,236.0,0.0,0.0,3.0,NA,0.0
2026-04-14 21:00:00,75.75,130.75,2.0,8.0,10.0,NA,10.0,0.0,44.0,2.0,5.0,3.0,NA,NA,NA,27.5,31.0,0.0,227.0,0.0,0.0,3.0,NA,0.0
2026-04-14 22:00:00,56.0,98.75,2.0,7.75,9.75,NA,9.0,0.0,43.25,2.0,4.0,3.0,NA,NA,NA,27.0,32.0,0.0,232.75,0.0,0.0,2.5,NA,0.0
2026-04-14 23:00:00,51.25,90.5,2.0,7.0,9.0,NA,9.0,0.0,43.0,2.0,4.0,3.0,NA,NA,NA,27.0,32.0,0.0,255.5,0.0,0.0,3.0,NA,0.0
2026-04-15 00:00:00,45.5,81.5,2.0,7.0,9.0,NA,9.0,0.0,42.0,2.0,4.0,3.0,NA,NA,NA,26.25,33.25,0.0,237.5,0.0,0.0,3.0,NA,0.0
2026-04-15 01:00:00,40.75,74.25,2.0,7.0,9.0,NA,9.67,0.0,40.75,2.0,4.67,3.0,NA,NA,NA,25.5,36.5,0.0,276.25,0.0,0.0,2.75,NA,0.0
2026-04-15 02:00:00,42.5,76.75,2.0,7.0,9.0,NA,9.0,0.0,40.0,2.0,4.0,3.0,NA,NA,NA,25.0,37.75,0.0,311.0,0.0,0.0,3.0,NA,0.0
2026-04-15 03:00:00,42.25,76.25,2.0,7.0,9.0,NA,9.67,0.0,39.25,2.0,4.67,3.0,NA,NA,NA,25.0,38.75,0.0,264.25,0.0,0.0,3.0,NA,0.0
2026-04-15 04:00:00,38.5,71.0,2.0,7.0,9.0,NA,9.0,0.0,39.5,2.0,4.0,3.0,NA,NA,NA,25.0,38.25,0.0,213.5,0.0,0.0,3.0,NA,0.0
2026-04-15 05:00:00,39.0,71.5,2.0,7.0,9.0,NA,9.0,0.0,38.5,2.0,4.0,3.0,NA,NA,NA,24.0,41.0,0.0,188.0,0.0,0.0,3.0,NA,0.0
2026-04-15 06:00:00,52.5,92.5,2.0,7.0,9.0,NA,9.0,0.0,39.25,2.0,4.0,3.0,NA,NA,NA,24.5,39.5,0.0,207.0,0.0,0.0,59.5,NA,0.0
2026-04-15 07:00:00,63.5,110.25,2.0,7.0,9.0,NA,8.33,0.0,41.25,2.0,4.0,3.0,NA,NA,NA,25.75,37.25,0.0,264.0,0.0,0.0,196.5,NA,0.0
2026-04-15 08:00:00,70.5,121.75,2.25,7.75,9.75,NA,8.33,0.0,44.5,2.0,4.0,3.0,NA,NA,NA,27.75,34.0,0.0,188.0,0.0,0.0,346.75,NA,0.0
2026-04-15 09:00:00,63.25,110.0,3.0,8.0,10.0,NA,7.67,0.0,47.75,2.0,3.67,2.67,NA,NA,NA,29.75,31.5,0.0,233.25,0.0,0.0,487.0,NA,0.0
2026-04-15 10:00:00,56.75,99.75,3.0,8.5,11.0,NA,8.67,0.0,49.5,2.0,4.0,3.0,NA,NA,NA,31.0,28.0,0.0,228.0,0.0,0.0,590.5,NA,0.0
2026-04-15 11:00:00,38.5,70.75,3.0,9.0,11.0,NA,NA,0.0,50.75,2.0,4.0,3.0,NA,NA,NA,31.75,25.75,0.0,225.25,0.0,0.0,652.0,NA,0.0
2026-04-15 12:00:00,21.5,43.0,3.0,9.0,11.0,NA,9.0,0.0,51.0,2.0,4.0,3.0,NA,NA,NA,32.0,25.75,0.0,240.75,0.0,0.0,659.5,NA,0.0
2026-04-15 13:00:00,26.0,50.33,3.0,9.0,11.0,NA,8.0,0.0,51.33,2.0,4.0,3.0,NA,NA,NA,32.0,26.0,0.0,220.67,0.0,0.0,630.33,NA,0.0
2026-04-15 14:00:00,26.25,50.5,3.0,9.0,11.0,NA,9.0,0.0,52.0,2.0,4.0,3.0,NA,NA,NA,32.25,24.5,0.0,239.5,0.0,0.0,538.0,NA,0.0
2026-04-15 15:00:00,24.0,47.5,3.0,9.0,11.0,NA,9.0,0.0,52.0,2.0,4.0,3.0,NA,NA,NA,32.5,24.25,0.0,231.5,0.0,0.0,399.25,NA,0.0
2026-04-15 16:00:00,26.0,50.0,3.0,9.0,11.0,NA,9.0,0.0,51.5,2.0,4.0,3.0,NA,NA,NA,32.0,25.0,0.0,227.5,0.0,0.0,165.75,NA,0.0
2026-04-15 17:00:00,27.0,52.0,3.0,8.5,11.0,NA,8.33,0.0,49.5,2.0,4.0,3.0,NA,NA,NA,31.25,26.0,0.0,227.25,0.0,0.0,27.75,NA,0.0
2026-04-15 18:00:00,24.75,49.0,3.0,8.0,10.5,NA,9.0,0.0,48.5,2.0,4.0,3.0,NA,NA,NA,30.0,26.25,0.0,238.0,0.0,0.0,3.75,NA,0.0
2026-04-15 19:00:00,36.75,67.5,3.0,8.0,10.0,NA,9.0,0.0,46.75,2.0,4.0,3.0,NA,NA,NA,29.25,27.75,0.0,194.5,0.0,0.0,3.0,NA,0.0
2026-04-15 20:00:00,44.0,79.5,3.0,8.0,10.0,NA,8.33,0.0,46.0,2.0,4.0,3.0,NA,NA,NA,29.0,28.25,0.0,208.0,0.0,0.0,3.0,NA,0.0
2026-04-15 21:00:00,52.0,92.25,2.5,8.0,10.0,NA,9.0,0.0,44.75,2.0,4.0,3.0,NA,NA,NA,28.0,30.0,0.0,275.5,0.0,0.0,3.0,NA,0.0
2026-04-15 22:00:00,49.5,88.0,2.0,8.0,10.0,NA,9.0,0.0,44.0,2.0,4.0,3.0,NA,NA,NA,27.75,30.75,0.0,310.25,0.0,0.0,3.0,NA,0.0
2026-04-15 23:00:00,54.25,96.25,2.0,7.0,9.0,NA,9.0,0.0,42.75,2.0,4.0,3.0,NA,NA,NA,27.0,32.5,0.0,256.0,0.0,0.0,3.0,NA,0.0
2026-04-16 00:00:00,52.5,93.25,2.0,7.0,9.25,NA,9.0,0.0,43.0,2.0,4.0,3.0,NA,NA,NA,27.0,30.0,0.0,143.5,0.0,0.0,3.0,NA,0.0
2026-04-16 01:00:00,35.75,65.5,2.0,7.0,9.0,NA,9.0,0.0,41.75,2.0,4.0,3.0,NA,NA,NA,26.25,31.75,0.0,159.5,0.0,0.0,3.0,NA,0.0
2026-04-16 02:00:00,32.25,61.0,2.0,7.0,9.0,NA,9.0,0.0,41.0,2.0,4.0,3.0,NA,NA,NA,26.0,32.75,0.0,200.75,0.0,0.0,3.0,NA,0.0
2026-04-16 03:00:00,36.75,68.0,2.0,7.0,9.0,NA,9.33,0.0,39.25,2.0,4.0,3.0,NA,NA,NA,24.5,39.75,0.0,151.75,0.0,0.0,3.0,NA,0.0
2026-04-16 04:00:00,54.25,95.5,2.0,7.0,9.0,NA,9.0,0.0,39.0,2.0,4.0,3.0,NA,NA,NA,24.25,37.75,0.0,149.0,0.0,0.0,3.0,NA,0.0
2026-04-16 05:00:00,42.5,77.0,2.0,7.0,9.0,NA,9.0,0.0,39.0,2.0,4.0,3.0,NA,NA,NA,24.75,38.5,0.0,151.0,0.0,0.0,3.0,NA,0.0
2026-04-16 06:00:00,41.75,75.75,2.0,7.0,9.0,NA,9.0,0.0,39.75,2.0,4.0,3.0,NA,NA,NA,24.75,41.25,0.0,169.5,0.0,0.0,58.25,NA,0.0
2026-04-16 07:00:00,53.0,94.0,2.0,7.5,9.5,NA,9.0,0.0,43.25,2.0,4.0,3.0,NA,NA,NA,27.0,34.25,0.0,185.5,0.0,0.0,212.75,NA,0.0
2026-04-16 08:00:00,58.5,102.25,3.0,8.0,10.0,NA,8.33,0.0,46.5,2.0,4.0,3.0,NA,NA,NA,29.0,31.0,0.0,215.5,0.0,0.0,368.25,NA,0.0
2026-04-16 09:00:00,64.25,111.5,3.0,8.0,11.0,NA,8.0,0.0,48.5,2.0,3.75,3.0,NA,NA,NA,30.5,28.25,0.0,216.0,0.0,0.0,497.25,NA,0.0
2026-04-16 10:00:00,48.25,85.5,3.0,8.0,11.0,NA,8.67,0.0,49.25,2.0,4.0,3.0,NA,NA,NA,30.5,26.5,0.0,180.25,0.0,0.0,603.75,NA,0.0
2026-04-16 11:00:00,37.75,69.5,3.0,9.0,11.0,NA,NA,0.0,50.5,2.0,4.0,3.0,NA,NA,NA,31.5,26.0,0.0,237.75,0.0,0.0,648.25,NA,0.0
2026-04-16 12:00:00,32.25,60.75,3.0,9.0,11.0,NA,8.67,0.0,52.0,2.0,4.0,3.0,NA,NA,NA,32.75,24.5,0.0,209.25,0.0,0.0,682.0,NA,0.0
2026-04-16 13:00:00,26.75,51.75,3.0,9.0,11.25,NA,8.0,0.0,52.25,2.0,4.0,3.0,NA,NA,NA,33.0,23.0,0.0,220.5,0.0,0.0,660.0,NA,0.0
2026-04-16 14:00:00,27.25,52.5,3.0,9.0,11.0,NA,9.0,0.0,52.25,2.0,4.0,3.0,NA,NA,NA,33.0,22.75,0.0,220.0,0.0,0.0,562.0,NA,0.0
2026-04-16 15:00:00,17.5,36.5,3.0,9.0,11.0,NA,9.0,0.0,52.5,2.0,4.0,3.0,NA,NA,NA,33.0,22.75,0.0,220.0,0.0,0.0,396.75,NA,0.0
2026-04-16 16:00:00,15.0,33.25,3.0,9.0,11.0,NA,9.0,0.0,52.25,2.0,4.0,3.0,NA,NA,NA,32.25,22.75,0.0,230.75,0.0,0.0,170.25,NA,0.0
2026-04-16 17:00:00,17.5,36.5,3.0,9.0,11.0,NA,9.0,0.0,50.5,2.0,4.0,3.0,NA,NA,NA,31.75,23.25,0.0,237.0,0.0,0.0,21.0,NA,0.0
2026-04-16 18:00:00,20.5,42.25,3.0,8.0,10.75,NA,9.0,0.0,48.5,2.0,4.0,3.0,NA,NA,NA,30.5,24.25,0.0,236.5,0.0,0.0,5.0,NA,0.0
2026-04-16 19:00:00,29.0,55.75,3.0,8.0,10.0,NA,9.0,0.0,46.75,2.0,4.0,3.0,NA,NA,NA,29.25,26.5,0.0,232.75,0.0,0.0,4.0,NA,0.0
2026-04-16 20:00:00,38.5,70.0,3.0,8.0,10.0,NA,9.33,0.0,46.0,2.0,4.33,3.0,NA,NA,NA,29.0,29.0,0.0,176.5,0.0,0.0,3.0,NA,0.0
2026-04-16 21:00:00,73.25,126.5,2.75,8.0,10.0,NA,10.0,0.0,45.0,2.0,5.0,3.0,NA,NA,NA,28.0,30.25,0.0,157.75,0.0,0.0,3.0,NA,0.0
2026-04-16 22:00:00,75.75,130.0,2.0,8.0,10.0,NA,9.67,0.0,44.0,2.0,4.0,3.0,NA,NA,NA,27.75,33.0,0.0,178.0,0.0,0.0,3.0,NA,0.0
2026-04-16 23:00:00,91.5,155.5,2.0,7.0,9.25,NA,10.0,0.0,43.0,2.0,4.0,3.0,NA,NA,NA,27.0,35.75,0.0,184.0,0.0,0.0,3.0,NA,0.0
2026-04-17 00:00:00,100.0,169.0,2.0,7.0,9.0,NA,9.0,0.0,42.0,2.0,4.0,3.0,NA,NA,NA,26.5,36.5,0.0,178.0,0.0,0.0,3.0,NA,0.0
2026-04-17 01:00:00,77.25,132.25,2.0,7.0,9.0,NA,9.5,0.0,41.0,2.0,4.0,3.0,NA,NA,NA,25.75,37.25,0.0,183.0,0.0,0.0,3.0,NA,0.0
2026-04-17 02:00:00,61.0,107.0,2.0,7.0,9.0,NA,9.0,0.0,40.0,2.0,4.0,3.0,NA,NA,NA,25.0,37.5,0.0,178.5,0.0,0.0,3.0,NA,0.0
2026-04-17 03:00:00,55.75,98.75,2.0,7.0,9.0,NA,9.0,0.0,39.0,2.0,4.0,3.0,NA,NA,NA,25.0,37.75,0.0,165.5,0.0,0.0,3.0,NA,0.0
2026-04-17 04:00:00,50.75,91.0,2.0,7.0,9.0,NA,9.0,0.0,39.25,2.0,4.0,3.0,NA,NA,NA,24.5,36.75,0.0,181.25,0.0,0.0,3.0,NA,0.0
2026-04-17 05:00:00,36.33,67.0,2.0,7.0,9.0,NA,8.33,0.0,39.33,2.0,4.0,3.0,NA,NA,NA,24.67,35.0,0.0,175.67,0.0,0.0,3.0,NA,0.0
2026-04-17 06:00:00,36.0,66.25,2.0,6.75,8.25,NA,9.0,0.0,37.5,2.0,4.0,3.0,NA,NA,NA,23.5,43.0,0.0,189.5,0.0,0.0,57.0,NA,0.0
2026-04-17 07:00:00,69.25,119.75,2.0,6.5,8.0,NA,8.25,0.0,37.25,2.0,4.0,3.0,NA,NA,NA,23.5,53.5,0.0,186.75,0.0,0.0,211.75,NA,0.0
2026-04-17 08:00:00,84.0,143.5,2.0,7.0,8.75,NA,9.0,0.0,38.5,2.0,4.0,3.0,NA,NA,NA,24.5,55.75,0.0,187.0,0.0,0.0,282.0,NA,0.0
2026-04-17 09:00:00,82.75,141.0,2.0,7.0,9.0,NA,9.0,0.0,41.25,2.0,4.0,3.0,NA,NA,NA,26.0,53.25,0.0,184.25,0.0,0.0,437.0,NA,0.0
2026-04-17 10:00:00,82.5,141.25,2.25,8.0,10.0,NA,8.67,0.0,44.5,2.0,4.0,3.0,NA,NA,NA,27.75,48.5,0.0,189.5,0.0,0.0,530.75,NA,0.0
2026-04-17 11:00:00,81.5,139.75,3.0,8.0,10.0,NA,NA,0.0,47.0,NA,NA,NA,NA,NA,NA,29.25,41.0,0.0,190.5,0.0,0.0,614.75,NA,0.0
2026-04-17 12:00:00,59.75,105.0,3.0,8.25,11.0,NA,8.75,0.0,49.0,2.25,4.25,3.0,NA,NA,NA,30.75,35.0,0.0,197.0,0.0,0.0,619.0,NA,0.0
2026-04-17 13:00:00,47.5,85.0,3.0,9.0,11.0,NA,8.33,0.0,51.0,2.0,4.0,3.0,NA,NA,NA,31.75,32.75,0.0,240.25,0.0,0.0,554.75,NA,0.0
2026-04-17 14:00:00,44.75,80.5,3.0,9.0,11.0,NA,8.75,0.0,52.0,2.0,4.0,3.0,NA,NA,NA,32.0,30.0,0.0,209.5,0.0,0.0,473.25,NA,0.0
2026-04-17 15:00:00,40.5,74.5,3.0,9.0,11.0,NA,9.0,0.0,52.0,2.0,4.0,3.0,NA,NA,NA,32.5,26.75,0.0,253.5,0.0,0.0,363.75,NA,0.0
2026-04-17 16:00:00,36.0,67.0,3.0,9.0,11.0,NA,8.5,0.0,51.0,2.0,4.0,3.0,NA,NA,NA,32.0,27.25,0.0,236.5,0.0,0.0,147.25,NA,0.0
2026-04-17 17:00:00,37.0,68.25,3.0,8.25,11.0,NA,8.0,0.0,49.5,2.0,4.0,3.0,NA,NA,NA,30.75,29.5,0.0,238.5,0.0,0.0,33.0,NA,0.0
2026-04-17 18:00:00,32.0,60.25,3.0,8.0,10.25,NA,8.75,0.0,47.75,2.0,4.0,3.0,NA,NA,NA,30.0,30.0,0.0,231.25,0.0,0.0,3.75,NA,0.0
2026-04-17 19:00:00,41.25,74.75,3.0,8.0,10.0,NA,8.33,0.0,46.25,2.0,4.0,3.0,NA,NA,NA,28.75,34.25,0.0,144.75,0.0,0.0,3.0,NA,0.0
2026-04-17 20:00:00,61.0,106.75,2.75,8.0,10.0,NA,8.75,0.0,45.0,2.0,4.0,3.0,NA,NA,NA,28.0,39.0,0.0,142.5,0.0,0.0,3.0,NA,0.0
2026-04-17 21:00:00,87.0,148.5,2.0,8.0,10.0,NA,9.0,0.0,45.0,2.0,4.0,3.0,NA,NA,NA,28.0,40.5,0.0,194.75,0.0,0.0,3.0,NA,0.0
2026-04-17 22:00:00,78.0,133.75,2.0,8.0,10.0,NA,9.0,0.0,44.0,2.0,4.0,3.0,NA,NA,NA,28.0,39.75,0.0,175.5,0.0,0.0,3.0,NA,0.0
2026-04-17 23:00:00,67.5,117.25,2.0,8.0,10.0,NA,9.0,0.0,44.0,2.0,4.0,3.0,NA,NA,NA,27.75,37.0,0.0,165.5,0.0,0.0,3.0,NA,0.0
2026-04-18 00:00:00,52.5,92.5,2.0,7.5,9.5,NA,9.0,0.0,43.25,2.0,4.0,3.0,NA,NA,NA,27.0,36.25,0.0,209.5,0.0,0.0,3.0,NA,0.0
2026-04-18 01:00:00,48.25,85.5,2.0,7.0,9.0,NA,9.0,0.0,42.5,2.0,4.0,3.0,NA,NA,NA,26.5,37.25,0.0,216.5,0.0,0.0,3.0,NA,0.0
2026-04-18 02:00:00,50.5,89.5,2.0,7.0,9.0,NA,9.0,0.0,41.25,2.0,4.0,3.0,NA,NA,NA,26.0,39.0,0.0,234.0,0.0,0.0,3.0,NA,0.0
2026-04-18 03:00:00,52.75,93.5,2.0,7.0,9.0,NA,9.0,0.0,41.0,2.0,4.0,3.0,NA,NA,NA,26.0,39.5,0.0,210.0,0.0,0.0,3.0,NA,0.0
2026-04-18 04:00:00,59.75,104.5,2.0,7.0,9.0,NA,9.0,0.0,40.25,2.0,4.0,3.0,NA,NA,NA,25.0,40.5,0.0,205.25,0.0,0.0,3.0,NA,0.0
2026-04-18 05:00:00,63.0,110.25,2.0,7.0,9.0,NA,9.0,0.0,40.0,2.0,4.0,3.0,NA,NA,NA,25.0,40.0,0.0,239.75,0.0,0.0,3.0,NA,0.0
2026-04-18 06:00:00,66.5,115.0,2.0,7.0,9.0,NA,9.0,0.0,40.0,2.0,4.0,3.0,NA,NA,NA,25.0,43.0,0.0,259.0,0.0,0.0,56.0,NA,0.0
2026-04-18 07:00:00,75.0,128.75,2.0,7.0,9.0,NA,9.0,0.0,41.5,2.0,4.0,3.0,NA,NA,NA,26.0,42.0,0.0,238.0,0.0,0.0,204.75,NA,0.0
2026-04-18 08:00:00,84.5,143.75,2.5,8.0,10.0,NA,9.0,0.0,45.5,2.0,4.0,3.0,NA,NA,NA,28.75,37.0,0.0,195.5,0.0,0.0,354.25,NA,0.0
2026-04-18 09:00:00,80.75,138.0,3.0,8.0,10.75,NA,9.0,0.0,48.25,2.0,4.0,3.0,NA,NA,NA,30.25,32.0,0.0,173.0,0.0,0.0,474.75,NA,0.0
2026-04-18 10:00:00,63.0,110.0,3.0,8.75,11.0,NA,9.0,0.0,50.0,2.0,4.0,3.0,NA,NA,NA,31.25,30.5,0.0,221.5,0.0,0.0,573.5,NA,0.0
2026-04-18 11:00:00,49.75,88.5,3.0,9.0,11.0,NA,NA,0.0,51.0,NA,NA,NA,NA,NA,NA,32.0,28.5,0.0,232.75,0.0,0.0,635.75,NA,0.0
2026-04-18 12:00:00,39.0,71.25,3.0,9.0,11.0,NA,8.0,0.0,52.0,2.0,4.0,3.0,NA,NA,NA,32.25,28.5,0.0,229.5,0.0,0.0,640.5,NA,0.0
2026-04-18 13:00:00,41.75,75.75,3.0,9.0,11.25,NA,8.33,0.0,52.75,2.0,4.0,3.0,NA,NA,NA,33.0,27.25,0.0,232.25,0.0,0.0,607.75,NA,0.0
2026-04-18 14:00:00,51.5,91.0,3.0,9.0,12.0,NA,8.5,0.0,53.25,2.0,4.0,3.0,NA,NA,NA,33.25,26.25,0.0,220.75,0.0,0.0,518.75,NA,0.0
2026-04-18 15:00:00,55.5,98.25,3.0,9.0,11.75,NA,8.33,0.0,53.0,2.0,4.0,3.0,NA,NA,NA,33.0,26.0,0.0,225.5,0.0,0.0,382.25,NA,0.0
2026-04-18 16:00:00,65.5,114.0,3.0,9.0,11.0,NA,8.75,0.0,52.5,2.0,4.0,3.0,NA,NA,NA,33.0,26.5,0.0,236.0,0.0,0.0,165.25,NA,0.0
2026-04-18 17:00:00,55.25,97.5,3.0,9.0,11.0,NA,9.0,0.0,51.5,2.0,4.0,3.0,NA,NA,NA,32.0,28.25,0.0,224.5,0.0,0.0,27.25,NA,0.0
2026-04-18 18:00:00,55.0,97.0,3.0,8.25,11.0,NA,9.0,0.0,49.5,2.0,4.0,3.0,NA,NA,NA,30.75,30.0,0.0,226.75,0.0,0.0,3.75,NA,0.0
2026-04-18 19:00:00,68.5,118.5,3.0,8.0,10.5,NA,9.0,0.0,48.0,2.0,4.0,3.0,NA,NA,NA,30.0,31.5,0.0,221.5,0.0,0.0,3.0,NA,0.0
2026-04-18 20:00:00,69.75,120.75,3.0,8.0,10.0,NA,9.0,0.0,47.25,2.0,4.0,3.0,NA,NA,NA,29.75,32.5,0.0,245.75,0.0,0.0,3.0,NA,0.0
2026-04-18 21:00:00,60.5,105.5,3.0,8.0,10.0,NA,9.0,0.0,46.5,2.0,4.0,3.0,NA,NA,NA,29.0,33.75,0.0,247.25,0.0,0.0,3.0,NA,0.0
2026-04-18 22:00:00,64.0,111.25,3.0,8.0,10.0,NA,9.0,0.0,46.0,2.0,4.0,3.0,NA,NA,NA,29.0,34.0,0.0,238.0,0.0,0.0,3.0,NA,0.0
2026-04-18 23:00:00,65.0,113.0,2.75,8.0,10.0,NA,9.0,0.0,45.25,2.0,4.0,3.0,NA,NA,NA,28.25,35.5,0.0,220.5,0.0,0.0,3.0,NA,0.0
2026-04-19 00:00:00,69.5,120.5,2.0,8.0,10.0,NA,9.0,0.0,45.0,2.0,4.0,3.0,NA,NA,NA,28.0,35.0,0.0,224.25,0.0,0.0,3.0,NA,0.0
2026-04-19 01:00:00,50.5,89.75,2.0,8.0,10.0,NA,9.0,0.0,44.25,2.0,4.0,3.0,NA,NA,NA,28.0,36.0,0.0,218.5,0.0,0.0,3.0,NA,0.0
2026-04-19 02:00:00,44.75,80.5,2.0,7.75,9.75,NA,9.0,0.0,43.5,2.0,4.0,3.0,NA,NA,NA,27.25,37.25,0.0,234.5,0.0,0.0,3.0,NA,0.0
2026-04-19 03:00:00,42.25,76.5,2.0,7.0,9.0,NA,9.33,0.0,41.75,2.0,4.0,3.0,NA,NA,NA,26.25,39.75,0.0,220.25,0.0,0.0,3.0,NA,0.0
2026-04-19 04:00:00,46.25,82.75,2.0,7.0,9.0,NA,9.25,0.0,41.0,2.0,4.0,3.0,NA,NA,NA,26.0,41.5,0.0,224.5,0.0,0.0,3.0,NA,0.0
2026-04-19 05:00:00,44.5,79.75,2.0,7.0,9.0,NA,9.0,0.0,40.75,2.0,4.0,3.0,NA,NA,NA,25.0,42.25,0.0,208.5,0.0,0.0,3.0,NA,0.0
2026-04-19 06:00:00,89.75,153.25,2.0,7.0,9.0,NA,9.0,0.0,40.75,2.0,4.0,3.0,NA,NA,NA,25.5,44.25,0.0,189.25,0.0,0.0,60.25,NA,0.0
2026-04-19 07:00:00,70.0,120.5,2.25,7.5,9.75,NA,9.0,0.0,44.0,2.0,4.0,3.0,NA,NA,NA,27.5,39.5,0.0,210.75,0.0,0.0,218.75,NA,0.0
2026-04-19 08:00:00,67.5,116.75,3.0,8.0,10.0,NA,8.5,0.0,46.25,2.0,4.0,3.0,NA,NA,NA,29.0,38.0,0.0,222.75,0.0,0.0,369.5,NA,0.0
2026-04-19 09:00:00,70.5,121.25,3.0,8.0,11.0,NA,8.0,0.0,49.0,2.0,4.0,3.0,NA,NA,NA,30.75,34.0,0.0,224.25,0.0,0.0,503.75,NA,0.0
2026-04-19 10:00:00,59.5,104.25,3.0,9.0,11.0,NA,8.0,0.0,51.75,2.0,4.0,3.0,NA,NA,NA,32.25,30.75,0.0,208.0,0.0,0.0,597.5,NA,0.0
2026-04-19 11:00:00,53.75,94.25,3.0,9.0,11.0,NA,NA,0.0,52.5,NA,NA,NA,NA,NA,NA,32.5,28.75,0.0,214.75,0.0,0.0,664.0,NA,0.0
2026-04-19 12:00:00,41.75,76.0,3.0,9.0,12.0,NA,9.0,0.0,53.75,2.0,4.0,3.0,NA,NA,NA,33.5,27.5,0.0,232.0,0.0,0.0,654.25,NA,0.0
2026-04-19 13:00:00,49.25,88.25,3.0,9.0,12.0,NA,9.0,0.0,54.0,2.0,4.0,3.0,NA,NA,NA,34.0,25.75,0.0,226.75,0.0,0.0,611.75,NA,0.0
2026-04-19 14:00:00,54.5,96.75,3.0,9.0,12.0,NA,9.0,0.0,54.0,2.0,4.0,3.0,NA,NA,NA,34.0,24.5,0.0,235.25,0.0,0.0,540.0,NA,0.0
2026-04-19 15:00:00,49.5,88.25,3.0,9.0,12.0,NA,9.0,0.0,54.25,2.0,4.0,3.0,NA,NA,NA,34.0,24.0,0.0,254.75,0.0,0.0,411.25,NA,0.0
2026-04-19 16:00:00,45.5,81.75,3.0,9.0,12.0,NA,9.0,0.0,53.75,2.0,4.0,3.0,NA,NA,NA,33.5,24.0,0.0,250.25,0.0,0.0,169.75,NA,0.0
2026-04-19 17:00:00,37.25,68.25,3.0,9.0,11.0,NA,8.67,0.0,52.5,2.0,4.0,3.0,NA,NA,NA,32.75,25.0,0.0,222.5,0.0,0.0,29.5,NA,0.0
2026-04-19 18:00:00,35.25,65.25,3.0,9.0,11.0,NA,9.0,0.0,50.5,2.0,4.0,3.0,NA,NA,NA,31.5,27.0,0.0,239.5,0.0,0.0,3.75,NA,0.0
2026-04-19 19:00:00,42.75,77.25,3.0,8.0,11.0,NA,9.0,0.0,49.25,2.0,4.0,3.0,NA,NA,NA,31.0,28.0,0.0,236.25,0.0,0.0,3.25,NA,0.0
2026-04-19 20:00:00,51.5,91.75,3.0,8.0,10.5,NA,9.0,0.0,48.25,2.0,4.0,3.0,NA,NA,NA,30.0,29.0,0.0,244.0,0.0,0.0,3.0,NA,0.0
2026-04-19 21:00:00,56.5,99.5,3.0,8.0,10.0,NA,9.0,0.0,47.0,2.0,4.0,3.0,NA,NA,NA,29.25,30.25,0.0,226.0,0.0,0.0,3.0,NA,0.0
2026-04-19 22:00:00,63.0,110.0,3.0,8.0,10.0,NA,9.0,0.0,46.25,2.0,4.0,3.0,NA,NA,NA,29.0,31.75,0.0,243.5,0.0,0.0,4.75,NA,0.0
2026-04-19 23:00:00,53.75,94.75,3.0,8.0,10.0,NA,9.0,0.0,46.0,2.0,4.0,3.0,NA,NA,NA,29.0,32.0,0.0,253.5,0.0,0.0,3.25,NA,0.0
2026-04-20 00:00:00,60.25,105.25,2.25,8.0,10.0,NA,9.0,0.0,45.25,2.0,4.0,3.0,NA,NA,NA,28.0,34.25,0.0,244.0,0.0,0.0,3.0,NA,0.0
2026-04-20 01:00:00,61.75,107.25,2.0,8.0,10.0,NA,10.0,0.0,43.75,2.0,4.67,3.0,NA,NA,NA,27.5,36.25,0.0,261.75,0.0,0.0,3.0,NA,0.0
2026-04-20 02:00:00,45.75,81.5,2.0,7.0,9.5,NA,9.5,0.0,43.0,2.0,4.5,3.0,NA,NA,NA,27.0,37.5,0.0,259.5,0.0,0.0,3.0,NA,0.0
2026-04-20 03:00:00,37.75,69.25,2.0,7.0,9.0,NA,10.67,0.0,42.0,3.0,5.0,3.67,NA,NA,NA,26.0,39.0,0.0,252.5,0.0,0.0,3.0,NA,0.0
2026-04-20 04:00:00,50.0,89.5,2.0,7.0,9.0,NA,9.75,0.0,42.0,2.25,4.25,3.25,NA,NA,NA,26.0,40.0,0.0,248.75,0.0,0.0,3.0,NA,0.0
2026-04-20 05:00:00,43.5,78.5,2.0,7.0,9.0,NA,10.0,0.0,41.25,2.0,5.0,3.0,NA,NA,NA,26.0,41.25,0.0,269.25,0.0,0.0,3.0,NA,0.0
2026-04-20 06:00:00,47.25,84.75,2.0,7.0,9.0,NA,9.25,0.0,42.0,2.0,4.25,3.0,NA,NA,NA,26.25,39.5,0.0,203.0,0.0,0.0,59.0,NA,0.0
2026-04-20 07:00:00,64.25,111.75,2.5,8.0,10.0,NA,8.33,0.0,44.75,2.0,4.0,3.0,NA,NA,NA,28.0,36.5,0.0,219.75,0.0,0.0,201.5,NA,0.0
2026-04-20 08:00:00,71.25,122.75,3.0,8.0,10.75,NA,8.0,0.0,48.25,2.0,3.75,2.75,NA,NA,NA,30.5,32.5,0.0,165.0,0.0,0.0,352.25,NA,0.0
2026-04-20 09:00:00,67.75,117.25,3.0,8.75,11.0,NA,7.0,0.0,50.25,1.67,3.0,2.0,NA,NA,NA,31.5,31.75,0.0,168.5,0.0,0.0,475.25,NA,0.0
2026-04-20 10:00:00,83.5,142.75,3.0,9.0,11.0,NA,9.25,0.0,51.75,2.0,4.25,2.75,NA,NA,NA,32.5,30.75,0.0,170.75,0.0,0.0,567.5,NA,0.0
2026-04-20 11:00:00,71.33,123.0,3.0,9.0,11.33,NA,NA,0.0,53.33,NA,NA,NA,NA,NA,NA,33.0,27.67,0.0,218.67,0.0,0.0,635.33,NA,0.0
2026-04-20 12:00:00,54.5,96.25,3.0,9.0,11.75,NA,9.25,0.0,53.0,2.0,4.25,3.0,NA,NA,NA,33.0,27.0,0.0,220.25,0.0,0.0,568.75,NA,0.0
2026-04-20 13:00:00,53.25,94.25,3.0,9.0,12.0,NA,8.33,0.0,53.75,2.0,4.0,3.0,NA,NA,NA,33.25,25.25,0.0,219.75,0.0,0.0,590.75,NA,0.0
2026-04-20 14:00:00,54.0,95.25,3.0,9.0,12.0,NA,8.75,0.0,54.0,2.0,4.0,3.0,NA,NA,NA,33.75,24.25,0.0,225.5,0.0,0.0,482.5,NA,0.0
2026-04-20 15:00:00,54.75,96.75,3.0,9.0,12.0,NA,8.0,0.0,53.25,2.0,4.0,3.0,NA,NA,NA,33.0,24.0,0.0,219.75,0.0,0.0,387.0,NA,0.0
2026-04-20 16:00:00,50.75,90.5,3.0,9.0,11.25,NA,8.75,0.0,53.0,2.0,4.0,3.0,NA,NA,NA,33.0,23.75,0.0,243.5,0.0,0.0,161.0,NA,0.0
2026-04-20 17:00:00,46.5,84.0,3.0,9.0,11.0,NA,8.0,0.0,51.75,2.0,4.0,3.0,NA,NA,NA,32.25,24.5,0.0,250.5,0.0,0.0,26.75,NA,0.0
2026-04-20 18:00:00,33.25,61.75,3.0,8.75,11.0,NA,8.5,0.0,50.0,2.0,4.0,3.0,NA,NA,NA,31.25,26.25,0.0,253.0,0.0,0.0,5.0,NA,0.0
2026-04-20 19:00:00,48.0,85.75,3.0,8.0,11.0,NA,9.0,0.0,48.75,2.0,4.0,3.0,NA,NA,NA,30.5,27.75,0.0,238.75,0.0,0.0,4.5,NA,0.0
2026-04-20 20:00:00,67.25,116.25,3.0,8.0,10.0,NA,9.0,0.0,47.75,2.0,4.0,3.0,NA,NA,NA,30.0,29.0,0.0,247.0,0.0,0.0,4.0,NA,0.0
2026-04-20 21:00:00,62.25,108.25,3.0,8.0,10.0,NA,9.0,0.0,46.75,2.0,4.0,3.0,NA,NA,NA,29.0,29.75,0.0,256.75,0.0,0.0,4.0,NA,0.0
2026-04-20 22:00:00,56.75,99.25,3.0,8.0,10.0,NA,9.0,0.0,46.0,2.0,4.0,3.0,NA,NA,NA,29.0,30.0,0.0,228.75,0.0,0.0,4.0,NA,0.0
2026-04-20 23:00:00,51.75,91.25,3.0,8.0,10.0,NA,9.0,0.0,45.75,2.0,4.0,3.0,NA,NA,NA,28.75,30.0,0.0,217.75,0.0,0.0,4.0,NA,0.0
2026-04-21 00:00:00,43.0,77.5,2.25,8.0,10.0,NA,9.0,0.0,44.75,2.0,4.0,3.0,NA,NA,NA,28.0,30.75,0.0,204.75,0.0,0.0,4.0,NA,0.0
2026-04-21 01:00:00,34.75,64.5,2.0,8.0,10.0,NA,9.0,0.0,44.0,2.0,4.0,3.0,NA,NA,NA,27.25,31.75,0.0,208.5,0.0,0.0,4.0,NA,0.0
2026-04-21 02:00:00,34.0,63.75,2.0,7.75,9.75,NA,9.0,0.0,43.5,2.0,4.0,3.0,NA,NA,NA,27.0,32.0,0.0,225.5,0.0,0.0,4.0,NA,0.0
2026-04-21 03:00:00,51.25,90.5,2.0,7.0,9.0,NA,9.0,0.0,42.25,2.0,4.0,3.0,NA,NA,NA,26.25,33.75,0.0,232.5,0.0,0.0,4.0,NA,0.0
2026-04-21 04:00:00,47.0,84.0,2.0,7.0,9.0,NA,9.0,0.0,41.25,2.0,4.0,3.0,NA,NA,NA,26.0,34.5,0.0,240.25,0.0,0.0,4.0,NA,0.0
2026-04-21 05:00:00,38.25,70.0,2.0,7.0,9.0,NA,9.0,0.0,40.75,2.0,4.0,3.0,NA,NA,NA,25.5,36.0,0.0,219.5,0.0,0.0,4.0,NA,0.0
2026-04-21 06:00:00,49.75,89.25,2.0,7.0,9.0,NA,9.0,0.0,40.5,2.0,4.0,3.0,NA,NA,NA,25.5,36.75,0.0,224.0,0.0,0.0,58.0,NA,0.0
2026-04-21 07:00:00,47.75,85.25,2.0,7.25,9.5,NA,9.0,0.0,43.0,2.0,4.0,3.0,NA,NA,NA,26.75,34.5,0.0,225.0,0.0,0.0,213.75,NA,0.0
2026-04-21 08:00:00,49.5,88.25,2.75,8.0,10.0,NA,9.0,0.0,45.5,2.0,4.0,3.0,NA,NA,NA,28.5,32.0,0.0,215.75,0.0,0.0,376.0,NA,0.0
2026-04-21 09:00:00,48.0,85.5,3.0,8.25,10.75,NA,9.0,0.0,48.75,2.0,4.0,3.0,NA,NA,NA,30.5,29.25,0.0,207.75,0.0,0.0,516.0,NA,0.0
2026-04-21 10:00:00,48.25,86.5,3.0,9.0,11.0,NA,9.0,0.0,50.25,2.0,4.0,3.0,NA,NA,NA,31.25,26.25,0.0,224.0,0.0,0.0,615.0,NA,0.0
2026-04-21 11:00:00,46.0,82.5,3.0,9.0,11.0,NA,NA,0.0,51.25,NA,NA,NA,NA,NA,NA,32.0,25.0,0.0,227.25,0.0,0.0,665.25,NA,0.0
2026-04-21 12:00:00,49.0,87.25,3.0,9.0,11.0,NA,9.0,0.0,52.0,2.0,4.0,3.0,NA,NA,NA,32.75,24.25,0.0,245.0,0.0,0.0,666.75,NA,0.0
2026-04-21 13:00:00,46.0,82.5,3.0,9.0,11.0,NA,9.0,0.0,52.25,2.0,4.0,3.0,NA,NA,NA,33.0,24.0,0.0,216.0,0.0,0.0,614.75,NA,0.0
2026-04-21 14:00:00,60.5,106.0,3.0,9.0,11.0,NA,9.0,0.0,52.25,2.0,4.0,3.0,NA,NA,NA,33.0,24.0,0.0,259.0,0.0,0.0,525.5,NA,0.0
2026-04-21 15:00:00,96.5,163.25,3.0,9.0,11.0,NA,9.0,0.0,52.0,2.0,4.0,3.0,NA,NA,NA,32.5,24.5,0.0,237.75,0.0,0.0,392.5,NA,0.0
2026-04-21 16:00:00,70.25,121.75,3.0,9.0,11.0,NA,9.0,0.0,51.25,2.0,4.0,3.0,NA,NA,NA,32.0,25.0,0.0,239.0,0.0,0.0,162.0,NA,0.0
2026-04-21 17:00:00,59.5,104.5,3.0,8.75,11.0,NA,9.0,0.0,50.25,2.0,4.0,3.0,NA,NA,NA,31.25,25.25,0.0,232.75,0.0,0.0,33.25,NA,0.0
2026-04-21 18:00:00,50.0,89.0,3.0,8.0,10.75,NA,9.0,0.0,48.5,2.0,4.0,3.0,NA,NA,NA,30.25,26.5,0.0,239.25,0.0,0.0,4.75,NA,0.0
2026-04-21 19:00:00,48.0,85.75,3.0,8.0,10.0,NA,9.0,0.0,47.25,2.0,4.0,3.0,NA,NA,NA,29.5,27.75,0.0,233.5,0.0,0.0,3.0,NA,0.0
2026-04-21 20:00:00,57.5,100.5,3.0,8.0,10.0,NA,9.0,0.0,46.25,2.0,4.0,3.0,NA,NA,NA,29.0,28.75,0.0,254.25,0.0,0.0,3.0,NA,0.0
2026-04-21 21:00:00,65.0,112.5,3.0,8.0,10.0,NA,9.0,0.0,45.5,2.0,4.0,3.0,NA,NA,NA,28.5,29.5,0.0,249.5,0.0,0.0,3.0,NA,0.0
2026-04-21 22:00:00,70.75,122.25,2.0,8.0,10.0,NA,9.5,0.0,45.0,2.0,4.0,3.0,NA,NA,NA,28.0,30.0,0.0,268.25,0.0,0.0,3.0,NA,0.0
2026-04-21 23:00:00,133.0,221.75,2.0,8.0,10.0,NA,9.0,0.0,44.75,2.0,4.0,3.0,NA,NA,NA,28.0,30.0,0.0,246.75,0.0,0.0,3.0,NA,0.0
2026-04-22 00:00:00,85.0,145.25,2.0,8.0,10.0,NA,9.0,0.0,44.0,2.0,4.0,3.0,NA,NA,NA,27.75,30.5,0.0,239.5,0.0,0.0,3.0,NA,0.0
2026-04-22 01:00:00,57.75,101.75,2.0,7.25,9.5,NA,9.0,0.0,43.25,2.0,4.0,3.0,NA,NA,NA,27.0,32.0,0.0,241.25,0.0,0.0,3.75,NA,0.0
2026-04-22 02:00:00,53.5,94.5,2.0,7.0,9.0,NA,8.25,0.0,42.75,2.0,4.0,3.0,NA,NA,NA,27.0,33.5,0.0,201.5,0.0,0.0,5.0,NA,0.0
2026-04-22 03:00:00,47.75,85.5,2.0,7.0,9.0,NA,8.33,0.0,41.5,2.0,4.0,3.0,NA,NA,NA,26.0,35.75,0.0,109.75,0.0,0.0,4.0,NA,0.0
2026-04-22 04:00:00,55.75,98.75,2.0,7.0,9.0,NA,9.25,0.0,40.0,2.0,4.0,3.0,NA,NA,NA,25.0,38.5,0.0,206.25,0.0,0.0,4.25,NA,0.0
2026-04-22 05:00:00,53.5,93.75,2.0,7.0,9.0,NA,9.0,0.0,39.5,2.0,4.0,3.0,NA,NA,NA,25.0,38.75,0.0,241.0,0.0,0.0,3.5,NA,0.0
2026-04-22 06:00:00,50.25,89.0,2.0,7.0,9.0,NA,9.0,0.0,40.25,2.0,4.0,3.0,NA,NA,NA,25.25,37.5,0.0,190.0,0.0,0.0,66.75,NA,0.0
2026-04-22 07:00:00,64.5,112.0,2.0,7.5,9.5,NA,8.33,0.0,42.75,2.0,4.0,3.0,NA,NA,NA,27.0,34.5,0.0,195.0,0.0,0.0,214.75,NA,0.0
2026-04-22 08:00:00,61.25,106.75,2.75,8.0,10.0,NA,9.0,0.0,45.5,2.0,4.0,3.0,NA,NA,NA,28.5,32.25,0.0,210.5,0.0,0.0,366.5,NA,0.0
2026-04-22 09:00:00,61.0,107.0,3.0,8.0,10.25,NA,9.0,0.0,47.75,2.0,4.0,3.0,NA,NA,NA,29.75,31.25,0.0,220.5,0.0,0.0,496.25,NA,0.0
2026-04-22 10:00:00,63.5,111.25,3.0,8.25,11.0,NA,9.0,0.0,49.5,2.0,4.0,3.0,NA,NA,NA,31.0,29.75,0.0,220.0,0.0,0.0,596.5,NA,0.0
2026-04-22 11:00:00,64.0,112.0,3.0,9.0,11.0,NA,NA,0.0,51.0,NA,NA,NA,NA,NA,NA,31.75,27.75,0.0,217.0,0.0,0.0,657.0,NA,0.0
2026-04-22 12:00:00,60.75,106.25,3.0,9.0,11.0,NA,9.0,0.0,52.25,2.0,4.0,3.0,NA,NA,NA,32.75,26.5,0.0,225.5,0.0,0.0,661.5,NA,0.0
2026-04-22 13:00:00,63.0,110.0,3.0,9.0,11.0,NA,9.0,0.0,52.75,2.0,4.0,3.0,NA,NA,NA,33.0,25.0,0.0,205.75,0.0,0.0,630.25,NA,0.0
2026-04-22 14:00:00,74.25,128.0,3.0,9.0,11.0,NA,8.5,0.0,53.0,2.0,4.0,3.0,NA,NA,NA,33.0,24.5,0.0,199.5,0.0,0.0,550.0,NA,0.0
2026-04-22 15:00:00,63.25,109.75,3.0,9.0,11.0,NA,8.0,0.0,53.0,2.0,4.0,3.0,NA,NA,NA,33.0,25.0,0.0,220.75,0.0,0.0,408.25,NA,0.0
2026-04-22 16:00:00,52.0,92.25,3.0,9.0,11.0,NA,8.5,0.0,52.0,2.0,4.0,3.0,NA,NA,NA,32.75,25.0,0.0,245.0,0.0,0.0,163.0,NA,0.0
2026-04-22 17:00:00,52.75,93.75,3.0,9.0,11.0,NA,9.0,0.0,51.0,2.0,4.0,3.0,NA,NA,NA,31.75,26.0,0.0,174.0,0.0,0.0,33.0,NA,0.0
2026-04-22 18:00:00,48.75,87.25,3.0,8.25,11.0,NA,9.0,0.0,49.5,2.0,4.0,3.0,NA,NA,NA,30.75,26.5,0.0,237.75,0.0,0.0,4.0,NA,0.0
2026-04-22 19:00:00,51.25,91.0,3.0,8.0,10.5,NA,9.0,0.0,48.25,2.0,4.0,3.0,NA,NA,NA,30.0,27.5,0.0,238.25,0.0,0.0,3.0,NA,0.0
2026-04-22 20:00:00,59.25,104.0,3.0,8.0,10.0,NA,9.0,0.0,47.0,2.0,4.0,3.0,NA,NA,NA,29.25,28.5,0.0,249.5,0.0,0.0,3.0,NA,0.0
2026-04-22 21:00:00,60.0,105.0,3.0,8.0,10.0,NA,9.0,0.0,46.5,2.0,4.0,3.0,NA,NA,NA,29.0,29.0,0.0,263.5,0.0,0.0,3.0,NA,0.0
2026-04-22 22:00:00,58.5,103.0,3.0,8.0,10.0,NA,9.0,0.0,45.75,2.0,4.0,3.0,NA,NA,NA,28.5,29.75,0.0,219.25,0.0,0.0,3.0,NA,0.0
2026-04-22 23:00:00,58.0,102.0,3.0,8.0,10.0,NA,9.0,0.0,45.0,2.0,4.0,3.0,NA,NA,NA,28.0,30.25,0.0,190.75,0.0,0.0,3.0,NA,0.0
2026-04-23 00:00:00,57.0,100.25,2.0,8.0,10.0,NA,9.0,0.0,44.75,2.0,4.0,3.0,NA,NA,NA,28.0,31.0,0.0,191.0,0.0,0.0,3.0,NA,0.0
2026-04-23 01:00:00,50.25,89.75,2.0,7.5,9.75,NA,9.0,0.0,43.75,2.0,4.0,3.0,NA,NA,NA,27.5,34.5,0.0,212.75,0.0,0.0,3.0,NA,0.0
2026-04-23 02:00:00,56.0,98.5,2.0,7.0,9.0,NA,9.0,0.0,41.75,2.0,4.0,3.0,NA,NA,NA,26.0,36.0,0.0,288.75,0.0,0.0,3.0,NA,0.0
2026-04-23 03:00:00,45.0,81.25,2.0,7.0,9.0,NA,9.0,0.0,41.0,2.0,4.0,3.0,NA,NA,NA,26.0,36.25,0.0,243.0,0.0,0.0,3.0,NA,0.0
2026-04-23 04:00:00,42.25,76.75,2.0,7.0,9.0,NA,9.25,0.0,40.5,2.0,4.0,3.0,NA,NA,NA,25.25,38.0,0.0,191.75,0.0,0.0,3.0,NA,0.0
2026-04-23 05:00:00,42.75,77.0,2.0,7.0,9.0,NA,9.0,0.0,40.0,2.0,4.0,3.0,NA,NA,NA,25.0,39.5,0.0,302.0,0.0,0.0,3.25,NA,0.0
2026-04-23 06:00:00,52.25,92.5,2.0,7.0,9.0,NA,9.0,0.0,41.0,2.0,4.0,3.0,NA,NA,NA,25.75,38.75,0.0,198.25,0.0,0.0,65.75,NA,0.0
2026-04-23 07:00:00,77.75,133.25,2.25,7.75,9.75,NA,9.0,0.0,43.75,2.0,4.0,3.0,NA,NA,NA,27.5,35.25,0.0,212.75,0.0,0.0,213.75,NA,0.0
2026-04-23 08:00:00,74.25,127.25,3.0,8.0,10.0,NA,8.5,0.0,47.0,2.0,4.0,3.0,NA,NA,NA,29.5,32.0,0.0,213.25,0.0,0.0,367.25,NA,0.0
2026-04-23 09:00:00,76.5,131.25,3.0,8.5,11.0,NA,8.0,0.0,49.25,2.0,4.0,3.0,NA,NA,NA,30.75,29.75,0.0,208.0,0.0,0.0,496.5,NA,0.0
2026-04-23 10:00:00,62.75,109.5,3.0,9.0,11.0,NA,8.75,0.0,51.25,2.0,4.0,3.0,NA,NA,NA,32.0,27.5,0.0,224.25,0.0,0.0,593.75,NA,0.0
2026-04-23 11:00:00,75.75,130.5,3.0,9.0,11.0,NA,NA,0.0,52.75,NA,NA,NA,NA,NA,NA,33.0,27.0,0.0,214.0,0.0,0.0,641.25,NA,0.0
2026-04-23 12:00:00,64.5,112.5,3.0,9.0,12.0,NA,9.0,0.0,53.5,2.0,4.0,3.0,NA,NA,NA,33.5,25.75,0.0,219.5,0.0,0.0,645.25,NA,0.0
2026-04-23 13:00:00,63.25,110.25,3.0,9.0,12.0,NA,9.0,0.0,54.0,2.0,4.0,3.0,NA,NA,NA,34.0,24.5,0.0,212.75,0.0,0.0,610.5,NA,0.0
2026-04-23 14:00:00,52.75,93.0,3.0,9.0,12.0,NA,9.0,0.0,54.0,2.0,4.0,3.0,NA,NA,NA,34.0,24.0,0.0,223.0,0.0,0.0,525.5,NA,0.0
2026-04-23 15:00:00,207.75,341.5,3.0,9.0,12.0,NA,9.0,0.0,53.75,2.0,4.0,3.0,NA,NA,NA,33.5,24.25,0.0,215.25,0.0,0.0,395.5,NA,0.0
2026-04-23 16:00:00,200.0,328.75,3.0,9.0,11.5,NA,9.0,0.0,53.0,2.0,4.0,3.0,NA,NA,NA,33.0,25.0,0.0,223.0,0.0,0.0,165.75,NA,0.0
2026-04-23 17:00:00,64.25,111.75,3.0,9.0,11.0,NA,9.0,0.0,51.75,2.0,4.0,3.0,NA,NA,NA,32.25,25.25,0.0,224.25,0.0,0.0,32.25,NA,0.0
2026-04-23 18:00:00,38.25,70.25,3.0,8.75,11.0,NA,9.0,0.0,50.0,2.0,4.0,3.0,NA,NA,NA,31.25,26.25,0.0,214.75,0.0,0.0,4.5,NA,0.0
2026-04-23 19:00:00,45.75,82.5,3.0,8.0,11.0,NA,9.0,0.0,48.75,2.0,4.0,3.0,NA,NA,NA,30.25,27.0,0.0,204.75,0.0,0.0,3.0,NA,0.0
2026-04-23 20:00:00,61.75,108.0,3.0,8.0,10.0,NA,9.0,0.0,48.0,2.0,4.0,3.0,NA,NA,NA,30.0,27.75,0.0,209.0,0.0,0.0,3.0,NA,0.0
2026-04-23 21:00:00,58.0,101.75,3.0,8.0,10.0,NA,9.0,0.0,47.25,2.0,4.0,3.0,NA,NA,NA,29.75,27.5,0.0,226.75,0.0,0.0,3.0,NA,0.0
2026-04-23 22:00:00,45.75,82.0,3.0,8.0,10.0,NA,9.0,0.0,46.5,2.0,4.0,3.0,NA,NA,NA,29.0,28.0,0.0,217.0,0.0,0.0,3.0,NA,0.0
2026-04-23 23:00:00,33.75,62.25,3.0,8.0,10.0,NA,9.0,0.0,45.5,2.0,4.0,3.0,NA,NA,NA,28.5,28.75,0.0,258.75,0.0,0.0,3.0,NA,0.0
2026-04-24 00:00:00,44.25,79.75,2.5,8.0,10.0,NA,9.0,0.0,44.75,2.0,4.0,3.0,NA,NA,NA,28.0,30.75,0.0,192.0,0.0,0.0,3.0,NA,0.0
2026-04-24 01:00:00,41.75,75.5,2.0,8.0,10.0,NA,9.0,0.0,44.0,2.0,4.0,3.0,NA,NA,NA,27.75,31.5,0.0,208.25,0.0,0.0,3.0,NA,0.0
2026-04-24 02:00:00,32.5,61.25,2.0,7.0,9.0,NA,9.0,0.0,42.5,2.0,4.0,3.0,NA,NA,NA,27.0,33.75,0.0,229.25,0.0,0.0,3.0,NA,0.0
2026-04-24 03:00:00,28.5,54.5,2.0,7.0,9.0,NA,9.0,0.0,42.0,2.0,4.0,3.0,NA,NA,NA,26.0,35.5,0.0,224.75,0.0,0.0,3.0,NA,0.0
2026-04-24 04:00:00,49.25,87.0,2.0,7.0,9.0,NA,9.0,0.0,41.5,2.0,4.0,3.0,NA,NA,NA,26.0,36.0,0.0,236.0,0.0,0.0,3.0,NA,0.0
2026-04-24 05:00:00,34.25,64.0,2.0,7.0,9.0,NA,9.0,0.0,41.0,2.0,4.0,3.0,NA,NA,NA,26.0,35.25,0.0,277.75,0.0,0.0,3.0,NA,0.0
2026-04-24 06:00:00,32.75,61.0,2.0,7.0,9.0,NA,8.75,0.0,42.0,2.0,4.0,3.0,NA,NA,NA,26.5,37.5,0.0,248.25,0.0,0.0,70.25,NA,0.0
2026-04-24 07:00:00,55.0,96.75,2.0,7.25,9.5,NA,8.0,0.0,42.75,2.0,4.0,3.0,NA,NA,NA,26.75,36.25,0.0,112.75,0.0,0.0,223.75,NA,0.0
2026-04-24 08:00:00,60.25,105.5,3.0,8.0,10.0,NA,8.5,0.0,46.25,2.0,4.0,3.0,NA,NA,NA,28.75,33.0,0.0,182.75,0.0,0.0,377.25,NA,0.0
2026-04-24 09:00:00,62.75,109.5,3.0,8.0,10.75,NA,8.0,0.0,48.75,2.0,4.0,3.0,NA,NA,NA,30.25,29.75,0.0,271.75,0.0,0.0,509.0,NA,0.0
2026-04-24 10:00:00,52.5,93.5,3.0,8.75,11.0,NA,9.25,0.0,51.5,2.0,4.25,3.0,NA,NA,NA,32.25,27.5,0.0,196.0,0.0,0.0,597.5,NA,0.0
2026-04-24 11:00:00,41.25,75.25,3.0,9.0,11.5,NA,NA,0.0,53.0,NA,NA,NA,NA,NA,NA,33.0,24.75,0.0,227.0,0.0,0.0,646.25,NA,0.0
2026-04-24 12:00:00,35.75,65.25,3.0,9.0,12.0,NA,9.25,0.0,53.5,2.25,4.25,3.0,NA,NA,NA,33.5,23.75,0.0,238.0,0.0,0.0,665.75,NA,0.0
2026-04-24 13:00:00,23.0,46.0,3.0,9.0,12.0,NA,8.33,0.0,54.25,2.0,4.0,3.0,NA,NA,NA,34.0,23.75,0.0,248.0,0.0,0.0,614.75,NA,0.0
2026-04-24 14:00:00,19.75,40.75,3.0,9.0,12.0,NA,8.75,0.0,54.5,2.0,4.0,3.0,NA,NA,NA,34.0,23.0,0.0,217.5,0.0,0.0,527.5,NA,0.0
2026-04-24 15:00:00,20.25,41.75,3.0,9.0,12.0,NA,9.0,0.0,54.5,2.0,4.0,3.0,NA,NA,NA,34.0,23.75,0.0,241.75,0.0,0.0,384.5,NA,0.0
2026-04-24 16:00:00,24.75,48.5,3.0,9.0,12.0,NA,9.0,0.0,54.0,2.0,4.0,3.0,NA,NA,NA,34.0,24.0,0.0,223.75,0.0,0.0,152.25,NA,0.0
2026-04-24 17:00:00,26.75,51.5,3.0,9.0,11.25,NA,9.0,0.0,52.75,2.0,4.0,3.0,NA,NA,NA,33.0,24.25,0.0,217.5,0.0,0.0,30.25,NA,0.0
2026-04-24 18:00:00,30.0,57.0,3.0,9.0,11.0,NA,9.0,0.0,50.5,2.0,4.0,3.0,NA,NA,NA,31.75,26.5,0.0,205.25,0.0,0.0,4.5,NA,0.0
2026-04-24 19:00:00,35.5,65.75,3.0,8.0,11.0,NA,9.0,0.0,49.0,2.0,4.0,3.0,NA,NA,NA,30.75,27.75,0.0,191.5,0.0,0.0,3.0,NA,0.0
2026-04-24 20:00:00,48.75,86.75,3.0,8.0,10.5,NA,9.0,0.0,48.0,2.0,4.0,3.0,NA,NA,NA,30.0,29.25,0.0,190.25,0.0,0.0,2.5,NA,0.0
2026-04-24 21:00:00,58.0,101.5,3.0,8.0,10.0,NA,10.0,0.0,47.25,2.0,4.33,3.0,NA,NA,NA,29.75,31.25,0.0,190.75,0.0,0.0,3.0,NA,0.0
2026-04-24 22:00:00,60.5,106.0,3.0,8.0,10.0,NA,9.5,0.0,47.0,2.0,4.0,3.0,NA,NA,NA,29.5,30.75,0.0,192.25,0.0,0.0,3.5,NA,0.0
2026-04-24 23:00:00,66.75,116.0,3.0,8.0,10.0,NA,10.0,0.0,46.25,2.0,4.67,3.0,NA,NA,NA,29.0,34.75,0.0,190.5,0.0,0.0,3.0,NA,0.0
2026-04-25 00:00:00,110.5,186.0,3.0,8.0,10.0,NA,9.25,0.0,45.5,2.0,4.25,3.0,NA,NA,NA,28.5,34.25,0.0,302.5,0.0,0.0,3.0,NA,0.0
2026-04-25 01:00:00,84.75,144.75,2.0,8.0,10.0,NA,9.0,0.0,45.0,2.0,4.0,3.0,NA,NA,NA,28.0,34.25,0.0,330.75,0.0,0.0,3.0,NA,0.0
2026-04-25 02:00:00,70.75,122.25,2.0,8.0,10.0,NA,9.0,0.0,44.5,2.0,4.0,3.0,NA,NA,NA,27.75,39.5,0.0,221.0,0.0,0.0,3.25,NA,0.0
2026-04-25 03:00:00,86.5,147.25,2.0,7.25,9.5,NA,9.0,0.0,43.0,2.0,4.0,3.0,NA,NA,NA,27.0,41.5,0.0,151.0,0.0,0.0,3.0,NA,0.0
2026-04-25 04:00:00,86.5,147.75,2.0,7.0,9.0,NA,8.5,0.0,42.5,2.0,4.0,3.0,NA,NA,NA,26.5,36.75,0.0,185.0,0.0,0.0,3.0,NA,0.0
2026-04-25 05:00:00,53.0,94.0,2.0,7.0,9.0,NA,7.67,0.0,41.0,2.0,3.33,2.33,NA,NA,NA,26.0,37.25,0.0,205.0,0.0,0.0,3.25,NA,0.0
2026-04-25 06:00:00,50.0,89.25,2.0,7.0,9.25,NA,8.75,0.0,42.25,2.0,4.0,3.0,NA,NA,NA,26.5,34.75,0.0,187.25,0.0,0.0,61.0,NA,0.0
2026-04-25 07:00:00,45.75,82.5,2.0,8.0,10.0,NA,9.0,0.0,44.0,2.0,4.0,3.0,NA,NA,NA,27.5,35.0,0.0,178.75,0.0,0.0,189.0,NA,0.0
2026-04-25 08:00:00,73.75,127.0,2.5,8.0,10.0,NA,9.0,0.0,44.5,2.0,4.0,3.0,NA,NA,NA,27.75,35.5,0.0,180.0,0.0,0.0,324.0,NA,0.0
2026-04-25 09:00:00,74.75,129.0,3.0,8.25,10.5,NA,9.0,0.0,48.25,2.0,4.0,3.0,NA,NA,NA,30.0,32.5,0.0,216.0,0.0,0.0,448.25,NA,0.0
2026-04-25 10:00:00,73.75,127.0,3.0,9.0,11.0,NA,9.0,0.0,51.25,2.0,4.0,3.0,NA,NA,NA,32.0,29.25,0.0,212.25,0.0,0.0,542.75,NA,0.0
2026-04-25 11:00:00,50.0,89.0,3.0,9.0,11.5,NA,NA,0.0,53.0,NA,NA,NA,NA,NA,NA,33.0,26.5,0.0,209.0,0.0,0.0,591.25,NA,0.0
2026-04-25 12:00:00,40.0,73.25,3.0,9.0,12.0,NA,8.0,0.0,54.25,2.0,4.0,3.0,NA,NA,NA,34.0,25.25,0.0,235.5,0.0,0.0,623.0,NA,0.0
2026-04-25 13:00:00,34.75,64.25,3.0,9.0,12.0,NA,8.0,0.0,55.5,2.0,4.0,3.0,NA,NA,NA,34.5,25.0,0.0,218.5,0.0,0.0,577.75,NA,0.0
2026-04-25 14:00:00,33.5,62.5,3.0,9.0,12.0,NA,8.67,0.0,56.0,2.0,4.0,3.0,NA,NA,NA,35.0,25.0,0.0,216.5,0.0,0.0,473.25,NA,0.0
2026-04-25 15:00:00,34.5,64.25,3.0,9.0,12.0,NA,9.0,0.0,55.0,2.0,4.0,3.0,NA,NA,NA,34.0,26.0,0.0,223.0,0.0,0.0,354.0,NA,0.0
2026-04-25 16:00:00,38.5,70.5,3.0,9.0,12.0,NA,9.0,0.0,54.5,2.0,4.0,3.0,NA,NA,NA,34.0,26.0,0.0,210.0,0.0,0.0,144.25,NA,0.0
2026-04-25 17:00:00,43.25,78.0,3.0,9.0,11.75,NA,9.0,0.0,53.5,2.0,4.0,3.0,NA,NA,NA,33.25,26.5,0.0,221.0,0.0,0.0,33.75,NA,0.0
2026-04-25 18:00:00,39.5,72.0,3.0,9.0,11.0,NA,8.5,0.0,51.75,2.0,4.0,3.0,NA,NA,NA,32.25,28.5,0.0,221.0,0.0,0.0,3.75,NA,0.0
2026-04-25 19:00:00,54.25,95.75,3.0,9.0,11.0,NA,8.0,0.0,50.5,2.0,4.0,3.0,NA,NA,NA,31.5,30.5,0.0,205.0,0.0,0.0,3.25,NA,0.0
2026-04-25 20:00:00,79.0,135.75,3.0,8.25,11.0,NA,8.75,0.0,49.25,2.0,4.0,3.0,NA,NA,NA,31.0,32.0,0.0,225.0,0.0,0.0,3.0,NA,0.0
2026-04-25 21:00:00,82.25,140.25,3.0,8.0,10.75,NA,9.0,0.0,48.0,2.0,4.0,3.0,NA,NA,NA,30.0,33.0,0.0,202.75,0.0,0.0,3.0,NA,0.0
2026-04-25 22:00:00,71.75,123.75,3.0,8.0,10.0,NA,9.0,0.0,48.0,2.0,4.0,3.0,NA,NA,NA,30.0,32.75,0.0,230.0,0.0,0.0,3.0,NA,0.0
2026-04-25 23:00:00,58.25,101.5,3.0,8.0,10.0,NA,9.33,0.0,47.5,2.0,4.0,3.0,NA,NA,NA,30.0,33.0,0.0,249.5,0.0,0.0,4.0,NA,0.0
2026-04-26 00:00:00,48.25,87.0,3.0,8.0,10.0,NA,9.25,0.0,47.0,2.0,4.25,3.0,NA,NA,NA,29.0,33.5,0.0,231.5,0.0,0.0,3.0,NA,0.0
2026-04-26 01:00:00,78.5,135.0,3.0,8.0,10.0,NA,9.0,0.0,46.25,2.0,4.0,3.0,NA,NA,NA,29.0,35.0,0.0,182.25,0.0,0.0,3.0,NA,0.0
2026-04-26 02:00:00,65.5,113.5,2.25,8.0,10.0,NA,8.75,0.0,45.0,2.0,4.0,3.0,NA,NA,NA,28.0,37.5,0.0,155.75,0.0,0.0,3.0,NA,0.0
2026-04-26 03:00:00,46.0,82.5,2.0,8.0,10.0,NA,8.0,0.0,44.0,2.0,4.0,3.0,NA,NA,NA,27.75,38.25,0.0,163.75,0.0,0.0,3.0,NA,0.0
2026-04-26 04:00:00,44.75,80.75,2.0,7.25,9.25,NA,8.75,0.0,42.75,2.0,4.0,3.0,NA,NA,NA,27.0,43.75,0.0,141.75,0.0,0.0,3.0,NA,0.0
2026-04-26 05:00:00,60.25,105.0,2.0,7.0,9.0,NA,9.0,0.0,41.25,2.0,4.0,3.0,NA,NA,NA,26.0,54.25,0.0,181.25,0.0,0.0,3.5,NA,0.0
2026-04-26 06:00:00,73.0,125.75,2.0,7.0,9.0,NA,9.0,0.0,41.0,2.0,4.0,3.0,NA,NA,NA,26.0,58.25,0.0,181.0,0.0,0.0,63.25,NA,0.0
2026-04-26 07:00:00,81.75,139.0,2.0,7.0,9.25,NA,9.0,0.0,42.0,2.0,4.0,3.0,NA,NA,NA,26.5,56.5,0.0,188.25,0.0,0.0,204.25,NA,0.0
2026-04-26 08:00:00,88.0,149.5,2.5,8.0,10.0,NA,9.0,0.0,45.5,2.0,4.0,3.0,NA,NA,NA,28.25,48.25,0.0,182.75,0.0,0.0,353.5,NA,0.0
2026-04-26 09:00:00,87.25,148.75,3.0,8.25,11.0,NA,9.0,0.0,49.25,2.0,4.0,3.0,NA,NA,NA,30.75,37.75,0.0,233.25,0.0,0.0,485.75,NA,0.0
2026-04-26 10:00:00,67.75,117.5,3.0,9.0,11.0,NA,8.5,0.0,51.25,2.0,4.0,3.0,NA,NA,NA,32.0,33.0,0.0,211.75,0.0,0.0,593.75,NA,0.0
2026-04-26 11:00:00,54.75,95.75,3.0,9.0,11.5,NA,NA,0.0,53.0,NA,NA,NA,NA,NA,NA,33.25,30.75,0.0,211.0,0.0,0.0,642.0,NA,0.0
2026-04-26 12:00:00,53.0,93.75,3.0,9.0,12.0,NA,8.0,0.0,54.5,2.0,4.0,3.0,NA,NA,NA,33.75,28.25,0.0,199.75,0.0,0.0,635.75,NA,0.0
2026-04-26 13:00:00,55.5,97.5,3.0,9.0,12.0,NA,8.0,0.0,55.0,2.0,4.0,3.0,NA,NA,NA,34.5,26.75,0.0,221.25,0.0,0.0,595.75,NA,0.0
2026-04-26 14:00:00,46.75,83.25,3.0,9.0,12.0,NA,8.75,0.0,55.5,2.0,4.0,3.0,NA,NA,NA,34.5,26.5,0.0,202.75,0.0,0.0,477.5,NA,0.0
2026-04-26 15:00:00,45.75,81.75,3.0,9.0,12.0,NA,10.0,0.0,55.0,2.0,4.0,3.0,NA,NA,NA,34.25,26.0,0.0,211.75,0.0,0.0,355.0,NA,0.0
2026-04-26 16:00:00,52.75,93.0,3.0,9.0,12.0,NA,9.0,0.0,54.25,2.0,4.0,3.0,NA,NA,NA,34.0,25.5,0.0,212.25,0.0,0.0,147.0,NA,0.0
2026-04-26 17:00:00,46.25,82.5,3.0,9.0,11.5,NA,9.0,0.0,53.0,2.0,4.0,3.0,NA,NA,NA,33.0,28.25,0.0,210.5,0.0,0.0,36.5,NA,0.0
2026-04-26 18:00:00,48.25,86.0,3.0,9.0,11.0,NA,9.0,0.0,51.25,2.0,4.0,3.0,NA,NA,NA,32.0,30.75,0.0,221.25,0.0,0.0,4.25,NA,0.0
2026-04-26 19:00:00,55.0,97.25,3.0,9.0,11.0,NA,8.0,0.0,50.0,2.0,4.0,3.0,NA,NA,NA,31.25,31.0,0.0,218.0,0.0,0.0,3.0,NA,0.0
2026-04-26 20:00:00,61.0,106.5,3.0,8.0,11.0,NA,8.75,0.0,49.75,2.0,4.0,3.0,NA,NA,NA,31.0,32.0,0.0,194.5,0.0,0.0,3.0,NA,0.0
2026-04-26 21:00:00,61.25,107.25,3.0,8.0,11.0,NA,9.0,0.0,49.0,2.0,4.0,3.0,NA,NA,NA,30.5,32.25,0.0,200.0,0.0,0.0,3.0,NA,0.0
2026-04-26 22:00:00,67.0,116.25,3.0,8.0,10.5,NA,9.5,0.0,48.5,2.25,4.5,3.0,NA,NA,NA,30.0,33.0,0.0,232.5,0.0,0.0,3.0,NA,0.0
2026-04-26 23:00:00,71.0,122.25,2.0,7.25,9.25,NA,10.0,0.0,42.5,2.5,5.0,3.0,NA,NA,NA,26.5,53.25,0.0,189.5,0.0,0.0,3.0,NA,0.0
2026-04-27 00:00:00,143.0,237.5,2.0,7.0,9.0,NA,9.25,0.0,41.0,2.0,4.0,3.0,NA,NA,NA,25.5,58.0,0.0,189.5,0.0,0.0,3.0,NA,0.0
2026-04-27 01:00:00,106.5,179.75,2.0,7.0,9.0,NA,8.75,0.0,40.0,2.0,4.0,3.0,NA,NA,NA,25.0,59.5,0.0,191.0,0.0,0.0,3.0,NA,0.0
2026-04-27 02:00:00,74.0,127.5,2.0,7.0,9.0,NA,8.75,0.0,39.0,2.0,4.0,3.0,NA,NA,NA,24.5,61.5,0.0,188.5,0.0,0.0,3.0,NA,0.0
2026-04-27 03:00:00,55.5,97.75,2.0,7.0,8.5,NA,8.0,0.0,38.0,2.0,4.0,3.0,NA,NA,NA,24.0,64.0,0.0,191.75,0.0,0.0,3.0,NA,0.0
2026-04-27 04:00:00,42.75,77.75,2.0,7.0,8.0,NA,8.75,0.0,37.5,2.0,4.0,3.0,NA,NA,NA,23.5,66.5,0.0,188.0,0.0,0.0,3.0,NA,0.0
2026-04-27 05:00:00,33.75,63.0,2.0,6.0,8.0,NA,9.0,0.0,37.0,2.0,4.0,3.0,NA,NA,NA,23.0,67.25,0.0,181.75,0.0,0.0,3.75,NA,0.0
2026-04-27 06:00:00,25.25,49.0,2.0,6.0,8.0,NA,9.0,0.0,36.75,2.0,4.0,3.0,NA,NA,NA,23.0,66.25,0.0,183.75,0.0,0.0,63.5,NA,0.0
2026-04-27 07:00:00,22.25,44.75,2.0,6.75,8.0,NA,9.33,0.0,37.5,2.0,4.0,3.0,NA,NA,NA,23.5,63.25,0.0,187.25,0.0,0.0,205.75,NA,0.0
2026-04-27 08:00:00,24.5,48.75,2.0,7.0,9.0,NA,9.0,0.0,39.0,2.0,4.0,3.0,NA,NA,NA,24.5,59.75,0.0,186.0,0.0,0.0,359.5,NA,0.0
2026-04-27 09:00:00,27.0,52.5,2.0,7.0,9.0,NA,9.33,0.0,41.5,2.0,4.0,3.0,NA,NA,NA,25.75,54.75,0.0,196.25,0.0,0.0,488.75,NA,0.0
2026-04-27 10:00:00,33.25,62.0,2.0,7.75,9.75,NA,9.5,0.0,44.0,2.0,4.5,3.0,NA,NA,NA,27.5,50.5,0.0,185.0,0.0,0.0,579.25,NA,0.0
2026-04-27 11:00:00,35.75,66.5,3.0,8.0,10.0,NA,NA,0.0,45.75,NA,NA,NA,NA,NA,NA,28.75,46.0,0.0,194.75,0.0,0.0,625.5,NA,0.0
2026-04-27 12:00:00,39.75,72.75,3.0,8.25,11.0,NA,9.0,0.0,49.5,2.25,4.25,3.0,NA,NA,NA,30.75,40.0,0.0,201.0,0.0,0.0,628.25,NA,0.0
2026-04-27 13:00:00,45.25,81.75,3.0,9.0,11.0,NA,8.0,0.0,50.25,2.0,4.0,3.0,NA,NA,NA,31.25,37.25,0.0,215.5,0.0,0.0,585.5,NA,0.0
2026-04-27 14:00:00,45.25,81.5,3.0,9.0,11.0,NA,9.0,0.0,52.25,2.0,4.0,3.0,NA,NA,NA,33.0,34.0,0.0,215.75,0.0,0.0,492.25,NA,0.0
2026-04-27 15:00:00,42.0,76.0,3.0,9.0,11.0,NA,8.0,0.0,53.0,2.0,4.0,3.0,NA,NA,NA,33.0,32.25,0.0,235.0,0.0,0.0,383.75,NA,0.0
2026-04-27 16:00:00,38.5,70.0,3.0,9.0,11.0,NA,8.75,0.0,51.75,2.0,4.0,3.0,NA,NA,NA,32.25,32.75,0.0,223.5,0.0,0.0,145.0,NA,0.0
2026-04-27 17:00:00,42.25,76.0,3.0,9.0,11.0,NA,8.33,0.0,51.0,2.0,4.0,3.0,NA,NA,NA,32.0,33.75,0.0,223.0,0.0,0.0,56.5,NA,0.0
2026-04-27 18:00:00,43.75,78.5,3.0,8.75,11.0,NA,8.25,0.0,50.0,2.0,4.0,3.0,NA,NA,NA,31.0,34.25,0.0,241.25,0.0,0.0,4.25,NA,0.0
2026-04-27 19:00:00,50.75,90.25,3.0,8.0,10.5,NA,8.0,0.0,47.75,2.0,4.0,3.0,NA,NA,NA,29.75,41.0,0.0,206.0,0.0,0.0,3.0,NA,0.0
2026-04-27 20:00:00,64.0,111.25,3.0,8.0,10.0,NA,8.75,0.0,46.25,2.0,4.0,3.0,NA,NA,NA,29.0,44.5,0.0,180.5,0.0,0.0,3.0,NA,0.0
2026-04-27 21:00:00,60.25,105.5,3.0,8.0,10.0,NA,9.0,0.0,46.0,2.0,4.0,3.0,NA,NA,NA,29.0,44.5,0.0,183.5,0.0,0.0,3.0,NA,0.0
2026-04-27 22:00:00,52.75,93.5,3.0,8.0,10.0,NA,8.25,0.0,45.0,2.0,4.0,3.0,NA,NA,NA,28.0,43.75,0.0,182.0,0.0,0.0,3.0,NA,0.0
2026-04-27 23:00:00,53.75,95.25,2.0,7.25,9.25,NA,8.33,0.0,42.75,2.0,4.0,3.0,NA,NA,NA,27.0,51.25,0.0,184.5,0.0,0.0,3.0,NA,0.0
2026-04-28 00:00:00,84.75,144.5,2.0,7.0,9.0,NA,8.75,0.0,41.25,2.0,4.0,3.0,NA,NA,NA,26.0,57.5,0.0,186.0,0.0,0.0,3.0,NA,0.0
2026-04-28 01:00:00,61.75,107.5,2.0,7.0,9.0,NA,9.0,0.0,40.75,2.0,4.0,3.0,NA,NA,NA,25.5,60.25,0.0,183.75,0.0,0.0,3.0,NA,0.0
2026-04-28 02:00:00,40.75,73.5,2.0,7.0,9.0,NA,8.5,0.0,40.0,2.0,4.0,3.0,NA,NA,NA,25.0,62.5,0.0,185.75,0.0,0.0,3.0,NA,0.0
2026-04-28 03:00:00,33.5,62.0,2.0,7.0,9.0,NA,8.0,0.0,39.0,2.0,4.0,3.0,NA,NA,NA,24.75,64.25,0.0,185.25,0.0,0.0,3.0,NA,0.0
2026-04-28 04:00:00,27.75,54.25,2.0,7.0,9.0,NA,8.75,0.0,38.25,2.0,4.0,3.0,NA,NA,NA,24.0,67.0,0.0,185.25,0.0,0.0,3.0,NA,0.0
2026-04-28 05:00:00,24.75,48.75,2.0,7.0,8.0,NA,9.0,0.0,38.0,2.0,4.0,3.0,NA,NA,NA,24.0,69.25,0.0,188.0,0.0,0.0,5.5,NA,0.0
2026-04-28 06:00:00,20.75,42.5,2.0,7.0,8.0,NA,9.0,0.0,37.75,2.0,4.0,3.0,NA,NA,NA,24.0,71.75,0.0,193.25,0.0,0.0,59.0,NA,0.0
2026-04-28 07:00:00,21.75,43.75,2.0,7.0,8.5,NA,9.0,0.0,38.25,2.0,4.0,3.0,NA,NA,NA,24.0,69.5,0.0,187.5,0.0,0.0,194.75,NA,0.0
2026-04-28 08:00:00,26.25,51.5,2.0,7.0,9.0,NA,9.0,0.0,39.5,2.0,4.0,3.0,NA,NA,NA,25.0,64.5,0.0,186.75,0.0,0.0,345.0,NA,0.0
2026-04-28 09:00:00,25.75,49.75,2.0,7.0,9.0,NA,9.33,0.0,41.25,2.0,4.0,3.0,NA,NA,NA,26.0,60.25,0.0,185.5,0.0,0.0,477.5,NA,0.0
2026-04-28 10:00:00,29.5,56.25,2.0,7.5,9.75,NA,10.0,0.0,43.0,2.25,4.75,3.0,NA,NA,NA,26.75,55.25,0.0,184.5,0.0,0.0,553.5,NA,0.0
2026-04-28 11:00:00,37.25,68.5,2.5,8.0,10.0,NA,NA,0.0,45.5,NA,NA,NA,NA,NA,NA,28.5,49.25,0.0,191.25,0.0,0.0,620.0,NA,0.0
2026-04-28 12:00:00,42.75,77.25,3.0,8.0,10.25,NA,8.75,0.0,47.25,2.0,4.25,3.0,NA,NA,NA,29.25,46.0,0.0,192.0,0.0,0.0,639.25,NA,0.0
2026-04-28 13:00:00,43.0,78.25,3.0,8.25,11.0,NA,8.0,0.0,49.25,2.0,4.0,3.0,NA,NA,NA,31.0,41.75,0.0,216.75,0.0,0.0,592.0,NA,0.0
2026-04-28 14:00:00,38.5,71.25,3.0,9.0,11.0,NA,8.75,0.0,50.75,2.0,4.0,3.0,NA,NA,NA,31.75,39.0,0.0,230.25,0.0,0.0,502.75,NA,0.0
2026-04-28 15:00:00,36.75,67.75,3.0,9.0,11.0,NA,9.0,0.0,51.25,2.0,4.0,3.0,NA,NA,NA,32.0,36.5,0.0,231.75,0.0,0.0,370.0,NA,0.0
2026-04-28 16:00:00,39.5,72.25,3.0,9.0,11.0,NA,8.5,0.0,51.25,2.0,4.0,3.0,NA,NA,NA,32.0,36.0,0.0,227.5,0.0,0.0,137.75,NA,0.0
2026-04-28 17:00:00,45.0,81.5,3.0,9.0,11.0,NA,8.0,0.0,50.5,2.0,4.0,3.0,NA,NA,NA,31.5,36.0,0.0,230.75,0.0,0.0,27.5,NA,0.0
2026-04-28 18:00:00,45.0,81.25,3.0,8.25,11.0,NA,9.0,0.0,49.25,2.0,4.0,3.0,NA,NA,NA,31.0,36.0,0.0,243.25,0.0,0.0,4.75,NA,0.0
2026-04-28 19:00:00,53.25,94.25,3.0,8.0,11.0,NA,9.0,0.0,49.0,2.0,4.0,3.0,NA,NA,NA,31.0,37.0,0.0,195.25,0.0,0.0,3.0,NA,0.0
2026-04-28 20:00:00,57.5,100.75,3.0,8.0,10.25,NA,9.0,0.0,47.25,2.0,4.0,3.0,NA,NA,NA,29.5,44.0,0.0,185.0,0.0,0.0,3.0,NA,0.0
2026-04-28 21:00:00,70.0,121.5,2.5,8.0,10.0,NA,9.0,0.0,45.25,2.0,4.0,3.0,NA,NA,NA,28.0,51.25,0.0,159.75,0.0,0.0,3.0,NA,0.0
2026-04-28 22:00:00,55.75,98.5,2.0,8.0,10.0,NA,9.25,0.0,44.0,2.0,4.0,3.0,NA,NA,NA,27.75,53.0,0.0,161.75,0.0,0.0,3.0,NA,0.0
2026-04-28 23:00:00,53.0,94.0,2.0,8.0,10.0,NA,10.0,0.0,44.0,2.0,4.33,3.0,NA,NA,NA,27.0,52.75,0.0,172.75,0.0,0.0,3.0,NA,0.0
2026-04-29 00:00:00,53.0,94.0,2.0,7.75,10.0,NA,9.25,0.0,43.5,2.0,4.0,3.0,NA,NA,NA,27.0,52.5,0.0,175.5,0.0,0.0,3.0,NA,0.0
2026-04-29 01:00:00,50.5,89.75,2.0,7.0,9.0,NA,9.0,0.0,43.0,2.0,4.0,3.0,NA,NA,NA,27.0,54.5,0.0,177.25,0.0,0.0,3.0,NA,0.0
2026-04-29 02:00:00,49.0,88.0,2.0,7.0,9.0,NA,9.0,0.0,42.0,2.0,4.0,3.0,NA,NA,NA,26.25,55.5,0.0,192.5,0.0,0.0,3.0,NA,0.0
2026-04-29 03:00:00,49.0,87.5,2.0,7.0,9.0,NA,9.0,0.0,42.0,2.0,4.0,3.0,NA,NA,NA,26.0,55.0,0.0,184.0,0.0,0.0,3.0,NA,0.0
2026-04-29 04:00:00,45.5,82.0,2.0,7.0,9.0,NA,9.0,0.0,41.25,2.0,4.0,3.0,NA,NA,NA,25.75,58.25,0.0,194.25,0.0,0.0,3.0,NA,0.0
2026-04-29 05:00:00,45.75,82.25,2.0,7.0,9.0,NA,9.0,0.0,41.0,2.0,4.0,3.0,NA,NA,NA,26.0,57.75,0.0,231.75,0.0,0.0,3.75,NA,0.0
2026-04-29 06:00:00,46.0,82.75,2.0,7.0,9.0,NA,9.0,0.0,41.0,2.0,4.0,3.0,NA,NA,NA,25.75,59.0,0.0,181.75,0.0,0.0,51.75,NA,0.0
2026-04-29 07:00:00,58.75,103.25,2.0,7.0,9.0,NA,9.0,0.0,41.0,2.0,4.0,3.0,NA,NA,NA,26.0,60.0,0.0,186.25,0.0,0.0,168.75,NA,0.0
2026-04-29 08:00:00,71.75,123.75,2.0,7.0,9.0,NA,9.0,0.0,42.25,2.0,4.0,3.0,NA,NA,NA,26.5,58.5,0.0,190.75,0.0,0.0,309.5,NA,0.0
2026-04-29 09:00:00,69.75,120.5,2.5,8.0,10.0,NA,9.0,0.0,44.75,2.0,4.0,3.0,NA,NA,NA,28.0,53.75,0.0,179.75,0.0,0.0,427.75,NA,0.0
2026-04-29 10:00:00,66.75,116.0,3.0,8.0,10.25,NA,8.5,0.0,47.75,2.0,4.0,3.0,NA,NA,NA,29.75,48.5,0.0,183.0,0.0,0.0,502.25,NA,0.0
2026-04-29 11:00:00,68.5,118.5,3.0,8.0,11.0,NA,NA,0.0,48.75,NA,NA,NA,NA,NA,NA,30.5,46.0,0.0,209.75,0.0,0.0,462.25,NA,0.0
2026-04-29 12:00:00,65.5,113.25,3.0,8.5,11.0,NA,8.75,0.0,49.5,2.0,4.0,3.0,NA,NA,NA,31.0,44.25,0.0,190.25,0.0,0.0,548.0,NA,0.0
2026-04-29 13:00:00,66.75,116.0,3.0,8.0,10.25,NA,9.0,0.0,47.5,2.0,4.0,3.0,NA,NA,NA,29.75,50.0,0.0,204.25,0.0,0.0,41.5,NA,0.0
2026-04-29 14:00:00,209.5,344.5,2.0,7.5,9.5,NA,9.25,0.0,43.25,2.0,4.25,3.0,NA,NA,NA,27.25,54.25,0.0,182.75,0.0,0.0,37.25,NA,0.0
2026-04-29 15:00:00,115.0,192.75,2.0,7.0,9.25,NA,10.0,0.0,43.0,2.0,5.0,3.0,NA,NA,NA,27.0,43.25,0.0,181.25,0.0,0.0,72.5,NA,0.0
2026-04-29 16:00:00,45.5,81.75,2.75,8.0,10.0,NA,9.25,0.0,45.25,2.0,4.25,3.0,NA,NA,NA,28.5,41.0,0.0,191.75,0.0,0.0,165.0,NA,0.0
2026-04-29 17:00:00,28.5,54.25,3.0,8.0,10.0,NA,9.0,0.0,46.0,2.0,4.0,3.0,NA,NA,NA,29.0,43.0,0.0,194.75,0.0,0.0,50.0,NA,0.0
2026-04-29 18:00:00,33.25,62.5,2.5,8.0,10.0,NA,9.0,0.0,45.25,2.0,4.0,3.0,NA,NA,NA,28.0,45.0,0.0,226.0,0.0,0.0,5.25,NA,0.0
2026-04-29 19:00:00,40.0,73.25,2.0,8.0,10.0,NA,9.0,0.0,44.75,2.0,4.0,3.0,NA,NA,NA,28.0,50.5,0.0,208.75,0.0,0.0,3.0,NA,0.0
2026-04-29 20:00:00,52.0,92.0,2.0,8.0,10.0,NA,9.25,0.0,44.0,2.0,4.0,3.0,NA,NA,NA,28.0,52.25,0.0,164.0,0.0,0.0,2.5,NA,0.0
2026-04-29 21:00:00,54.0,95.75,2.0,8.0,10.0,NA,10.0,0.0,44.0,2.0,5.0,3.0,NA,NA,NA,27.5,51.0,0.0,155.5,0.0,0.0,3.0,NA,0.0
2026-04-29 22:00:00,44.75,80.5,2.0,7.5,9.75,NA,9.0,0.0,42.75,2.0,4.25,3.0,NA,NA,NA,26.75,52.25,0.0,179.75,0.0,0.0,2.75,NA,0.0
2026-04-29 23:00:00,69.25,120.0,2.0,7.0,9.0,NA,8.0,0.0,39.5,2.0,4.0,3.0,NA,NA,NA,24.75,55.75,0.0,190.25,0.0,0.0,2.75,NA,0.0
2026-04-30 00:00:00,70.0,121.25,2.0,6.75,8.0,NA,8.5,0.0,37.5,2.0,4.0,3.0,NA,NA,NA,23.5,58.5,0.0,191.5,0.0,0.0,3.0,NA,0.0
2026-04-30 01:00:00,22.25,45.25,2.0,6.0,8.0,NA,8.0,0.0,36.25,2.0,4.0,3.0,NA,NA,NA,23.0,63.5,0.0,195.5,0.0,0.0,3.0,NA,0.0
2026-04-30 02:00:00,11.5,26.75,2.0,6.0,8.0,NA,9.25,0.0,36.0,2.0,4.0,3.0,NA,NA,NA,22.0,67.25,0.0,197.5,0.0,0.0,2.75,NA,0.0
2026-04-30 03:00:00,16.0,34.5,2.0,6.0,8.0,NA,10.0,0.0,35.5,2.0,4.67,3.0,NA,NA,NA,22.0,69.25,0.0,187.25,0.0,0.0,2.25,NA,0.0
2026-04-30 04:00:00,15.25,34.0,2.0,6.0,8.0,NA,9.25,0.0,35.0,2.0,4.0,3.0,NA,NA,NA,22.0,69.5,0.0,179.75,0.0,0.0,2.25,NA,0.0
2026-04-30 05:00:00,15.5,34.0,2.0,6.0,8.0,NA,9.0,0.0,35.0,2.0,4.0,3.0,NA,NA,NA,22.0,70.5,0.0,174.0,0.0,0.0,8.0,NA,0.0
2026-04-30 06:00:00,4.5,16.25,2.0,6.0,8.0,NA,9.0,0.0,35.25,2.0,4.0,3.0,NA,NA,NA,22.0,69.75,0.0,175.25,0.0,0.0,45.75,NA,0.0
2026-04-30 07:00:00,2.5,13.0,2.0,6.0,8.0,NA,8.67,0.0,35.0,2.0,4.0,3.0,NA,NA,NA,22.0,70.5,0.0,189.0,0.0,0.0,16.5,NA,0.0
2026-04-30 08:00:00,8.0,22.0,2.0,6.0,8.0,NA,8.25,0.0,35.25,2.0,4.0,3.0,NA,NA,NA,22.25,70.0,0.0,196.5,0.0,0.0,164.5,NA,0.0
2026-04-30 09:00:00,26.0,51.0,2.0,7.0,8.0,NA,8.67,0.0,37.25,2.0,4.0,3.0,NA,NA,NA,23.25,62.5,0.0,190.75,0.0,0.0,277.0,NA,0.0
2026-04-30 10:00:00,27.25,52.5,2.0,7.0,8.0,NA,9.0,0.0,37.25,2.0,4.0,3.0,NA,NA,NA,23.25,62.5,0.0,205.0,0.0,0.0,232.0,NA,0.0
2026-04-30 11:00:00,30.25,57.0,2.0,7.0,9.0,NA,NA,0.0,39.0,NA,NA,NA,NA,NA,NA,24.0,59.25,0.0,198.75,0.0,0.0,276.25,NA,0.0
2026-04-30 12:00:00,41.75,75.75,2.0,7.0,9.0,NA,9.0,0.0,39.5,2.0,4.0,3.0,NA,NA,NA,24.75,57.25,0.0,200.25,0.0,0.0,380.5,NA,0.0
2026-04-30 13:00:00,36.25,67.0,2.0,7.0,9.0,NA,9.0,0.0,41.0,2.0,4.0,3.0,NA,NA,NA,25.75,53.75,0.0,204.0,0.0,0.0,577.75,NA,0.0
2026-04-30 14:00:00,23.0,45.75,2.0,7.0,9.0,NA,9.0,0.0,42.0,2.0,4.0,3.0,NA,NA,NA,26.25,52.75,0.0,200.5,0.0,0.0,522.75,NA,0.0
2026-04-30 15:00:00,17.75,38.0,2.0,7.0,9.0,NA,9.0,0.0,42.75,2.0,4.0,3.0,NA,NA,NA,27.0,49.5,0.0,203.75,0.0,0.0,408.0,NA,0.0
2026-04-30 16:00:00,14.25,31.75,2.0,7.0,9.0,NA,9.0,0.0,42.5,2.0,4.0,3.0,NA,NA,NA,26.75,50.25,0.0,210.25,0.0,0.0,147.5,NA,0.0
2026-04-30 17:00:00,14.25,32.0,2.0,7.0,9.0,NA,9.0,0.0,41.5,2.0,4.0,3.0,NA,NA,NA,26.0,52.75,0.0,217.5,0.0,0.0,29.75,NA,0.0
2026-04-30 18:00:00,13.75,31.25,2.0,7.0,9.0,NA,9.0,0.0,40.75,2.0,4.0,3.0,NA,NA,NA,25.5,55.0,0.0,202.75,0.0,0.0,3.75,NA,0.0
2026-04-30 19:00:00,19.75,41.0,2.0,7.0,9.0,NA,9.0,0.0,40.0,2.0,4.0,3.0,NA,NA,NA,25.0,56.0,0.0,221.75,0.0,0.0,3.0,NA,0.0
2026-04-30 20:00:00,27.75,53.25,2.0,7.0,9.0,NA,9.0,0.0,40.0,2.0,4.0,3.0,NA,NA,NA,25.0,55.75,0.0,225.0,0.0,0.0,3.0,NA,0.0
2026-04-30 21:00:00,23.0,45.75,2.0,6.75,8.75,NA,9.0,0.0,39.0,2.0,4.0,3.0,NA,NA,NA,24.5,58.25,0.0,235.25,0.0,0.0,3.0,NA,0.0
2026-04-30 22:00:00,83.25,142.5,2.0,6.0,8.0,NA,9.0,0.0,33.75,2.0,4.0,3.0,NA,NA,NA,21.25,81.75,0.0,184.75,0.0,0.0,3.25,NA,0.0
2026-04-30 23:00:00,55.0,35.0,2.0,6.0,7.0,NA,8.33,0.0,33.0,2.0,4.0,3.0,NA,NA,NA,21.0,85.67,0.0,192.67,0.0,0.0,3.0,NA,0.0
2026-05-01 00:00:00,NA,1.0,2.0,6.0,7.0,NA,9.0,0.0,33.0,2.0,4.0,3.0,NA,NA,NA,21.0,82.25,0.0,189.75,0.0,0.0,3.0,NA,0.0
2026-05-01 01:00:00,NA,NA,2.0,6.0,7.0,NA,8.0,0.0,33.0,2.0,4.0,3.0,NA,NA,NA,21.0,83.5,0.0,188.75,0.0,0.0,3.0,NA,0.0
2026-05-01 02:00:00,NA,NA,2.0,6.0,7.0,NA,9.0,0.0,33.0,2.0,4.0,3.0,NA,NA,NA,21.0,84.5,0.0,185.5,0.0,0.0,3.0,NA,0.0
2026-05-01 03:00:00,NA,NA,2.0,6.0,7.0,NA,9.0,0.0,33.0,2.0,4.0,3.0,NA,NA,NA,21.0,85.5,0.0,192.25,0.0,0.0,3.0,NA,0.0
2026-05-01 04:00:00,NA,NA,2.0,6.0,7.0,NA,9.0,0.0,33.0,2.0,4.0,3.0,NA,NA,NA,21.0,83.75,0.0,186.0,0.0,0.0,3.0,NA,0.0
2026-05-01 05:00:00,NA,NA,2.0,6.0,7.0,NA,9.0,0.0,33.0,2.0,4.0,3.0,NA,NA,NA,21.0,82.0,0.0,181.5,0.0,0.0,3.0,NA,0.0
2026-05-01 06:00:00,NA,NA,2.0,6.0,7.25,NA,9.0,0.0,33.25,2.0,4.0,3.0,NA,NA,NA,21.0,82.0,0.0,180.75,0.0,0.0,71.75,NA,0.0
2026-05-01 07:00:00,NA,NA,2.0,6.0,8.0,NA,9.0,0.0,34.75,2.0,4.0,3.0,NA,NA,NA,22.0,76.0,0.0,186.75,0.0,0.0,209.75,NA,0.0
2026-05-01 08:00:00,NA,2.67,2.0,6.5,8.0,NA,9.0,0.0,37.0,2.0,4.0,3.0,NA,NA,NA,23.25,68.5,0.0,190.0,0.0,0.0,361.75,NA,0.0
2026-05-01 09:00:00,2.5,6.25,2.0,7.0,8.75,NA,9.0,0.0,38.5,2.0,4.0,3.0,NA,NA,NA,24.25,63.25,0.0,188.0,0.0,0.0,502.0,NA,0.0
2026-05-01 10:00:00,3.0,8.5,2.0,7.0,9.0,NA,9.0,0.0,39.5,2.0,4.0,3.0,NA,NA,NA,24.75,61.0,0.0,192.25,0.0,0.0,606.0,NA,0.0
2026-05-01 11:00:00,7.5,14.0,2.0,7.0,9.0,NA,NA,0.0,41.0,NA,NA,NA,NA,NA,NA,25.75,56.5,0.0,194.0,0.0,0.0,658.75,NA,0.0
2026-05-01 12:00:00,8.75,15.75,2.0,7.0,9.0,NA,8.75,0.0,42.0,2.0,4.0,3.0,NA,NA,NA,26.25,54.5,0.0,191.75,0.0,0.0,661.25,NA,0.0
2026-05-01 13:00:00,8.75,15.5,2.0,7.0,9.25,NA,9.0,0.0,42.75,2.0,4.0,3.0,NA,NA,NA,26.75,52.0,0.0,195.25,0.0,0.0,621.5,NA,0.0
2026-05-01 14:00:00,7.0,13.0,2.0,7.0,9.5,NA,9.0,0.0,43.0,2.0,4.0,3.0,NA,NA,NA,27.0,50.25,0.0,193.0,0.0,0.0,527.0,NA,0.0
2026-05-01 15:00:00,7.0,13.0,2.0,7.75,10.0,NA,9.0,0.0,43.5,2.0,4.0,3.0,NA,NA,NA,27.0,47.0,0.0,199.75,0.0,0.0,399.0,NA,0.0
2026-05-01 16:00:00,7.25,13.75,2.0,8.0,10.0,NA,9.0,0.0,43.5,2.0,4.0,3.0,NA,NA,NA,27.25,46.5,0.0,193.25,0.0,0.0,158.0,NA,0.0
2026-05-01 17:00:00,9.5,16.5,2.0,7.0,9.25,NA,9.0,0.0,43.0,2.0,4.0,3.0,NA,NA,NA,27.0,48.0,0.0,182.25,0.0,0.0,37.25,NA,0.0
2026-05-01 18:00:00,10.0,17.25,2.0,7.0,9.0,NA,8.75,0.0,42.0,2.0,4.0,3.0,NA,NA,NA,26.25,51.0,0.0,191.5,0.0,0.0,4.25,NA,0.0
2026-05-01 19:00:00,15.0,23.5,2.0,7.0,9.0,NA,8.0,0.0,41.0,2.0,4.0,3.0,NA,NA,NA,26.0,54.5,0.0,190.75,0.0,0.0,3.0,NA,0.0
2026-05-01 20:00:00,22.0,32.0,2.0,7.0,9.0,NA,9.0,0.0,40.25,2.0,4.0,3.0,NA,NA,NA,25.0,57.0,0.0,185.75,0.0,0.0,3.0,NA,0.0
2026-05-01 21:00:00,28.0,40.0,2.0,7.0,9.0,NA,9.0,0.0,40.0,2.0,4.0,3.0,NA,NA,NA,25.0,58.75,0.0,181.25,0.0,0.0,3.0,NA,0.0
2026-05-01 22:00:00,23.75,34.5,2.0,7.0,9.0,NA,9.0,0.0,38.75,2.0,4.0,3.0,NA,NA,NA,24.25,62.0,0.0,189.75,0.0,0.0,3.0,NA,0.0
2026-05-01 23:00:00,20.25,30.25,2.0,7.0,8.25,NA,8.67,0.0,38.0,2.0,4.0,3.0,NA,NA,NA,24.0,63.75,0.0,188.75,0.0,0.0,3.0,NA,0.0
2026-05-02 00:00:00,15.0,24.0,2.0,6.75,8.0,NA,9.0,0.0,37.25,2.0,4.0,3.0,NA,NA,NA,23.25,65.5,0.0,188.75,0.0,0.0,3.0,NA,0.0
2026-05-02 01:00:00,12.5,20.5,2.0,6.0,8.0,NA,9.0,0.0,36.75,2.0,4.0,3.0,NA,NA,NA,23.0,68.75,0.0,188.0,0.0,0.0,3.0,NA,0.0
2026-05-02 02:00:00,10.25,17.75,2.0,6.0,8.0,NA,9.0,0.0,36.0,2.0,4.0,3.0,NA,NA,NA,22.5,73.25,0.0,186.0,0.0,0.0,3.0,NA,0.0
2026-05-02 03:00:00,13.5,21.75,2.0,6.0,8.0,NA,9.0,0.0,35.25,2.0,4.0,3.0,NA,NA,NA,22.0,73.5,0.0,188.5,0.0,0.0,3.0,NA,0.0
2026-05-02 04:00:00,9.75,17.0,2.0,6.0,8.0,NA,9.0,0.0,35.0,2.0,4.0,3.0,NA,NA,NA,22.0,74.5,0.0,191.75,0.0,0.0,3.0,NA,0.0
2026-05-02 05:00:00,5.75,11.75,2.0,6.0,8.0,NA,9.0,0.0,34.25,2.0,4.0,3.0,NA,NA,NA,22.0,75.5,0.0,191.25,0.0,0.0,3.25,NA,0.0
2026-05-02 06:00:00,6.0,11.75,2.0,6.0,8.0,NA,9.0,0.0,34.25,2.0,4.0,3.0,NA,NA,NA,22.0,75.0,0.0,190.75,0.0,0.0,57.5,NA,0.0
2026-05-02 07:00:00,7.75,13.75,2.0,6.0,8.0,NA,9.0,0.0,35.25,2.0,4.0,3.0,NA,NA,NA,22.0,71.75,0.0,188.75,0.0,0.0,176.0,NA,0.0
2026-05-02 08:00:00,8.0,14.5,2.0,6.25,8.0,NA,10.0,0.0,37.0,2.0,4.25,3.0,NA,NA,NA,23.25,65.25,0.0,191.0,0.0,0.0,362.25,NA,0.0
2026-05-02 09:00:00,13.0,20.75,2.0,7.0,8.75,NA,10.0,0.0,38.25,2.0,4.0,3.0,NA,NA,NA,24.25,60.5,0.0,192.25,0.0,0.0,498.5,NA,0.0
2026-05-02 10:00:00,15.5,24.5,2.0,7.0,9.0,NA,9.0,0.0,40.25,2.0,4.0,3.0,NA,NA,NA,25.25,55.75,0.0,189.5,0.0,0.0,598.0,NA,0.0
2026-05-02 11:00:00,23.75,34.75,2.0,7.0,9.0,NA,NA,0.0,41.5,NA,NA,NA,NA,NA,NA,26.0,51.75,0.0,185.5,0.0,0.0,647.0,NA,0.0
2026-05-02 12:00:00,20.0,30.25,2.0,7.0,9.0,NA,9.0,0.0,42.75,2.0,4.0,3.0,NA,NA,NA,26.75,48.75,0.0,193.25,0.0,0.0,656.75,NA,0.0
2026-05-02 13:00:00,19.0,28.25,2.0,7.5,9.75,NA,9.0,0.0,43.25,2.0,4.0,3.0,NA,NA,NA,27.0,47.25,0.0,196.75,0.0,0.0,613.75,NA,0.0
2026-05-02 14:00:00,13.75,22.0,2.0,8.0,10.0,NA,9.0,0.0,44.0,2.0,4.0,3.0,NA,NA,NA,28.0,46.0,0.0,195.5,0.0,0.0,525.25,NA,0.0
2026-05-02 15:00:00,17.25,27.0,2.0,8.0,10.0,NA,9.0,0.0,44.75,2.0,4.0,3.0,NA,NA,NA,28.0,45.5,0.0,193.75,0.0,0.0,393.0,NA,0.0
2026-05-02 16:00:00,18.0,28.0,2.0,8.0,10.0,NA,9.0,0.0,44.75,2.0,4.0,3.0,NA,NA,NA,28.0,45.25,0.0,196.25,0.0,0.0,160.25,NA,0.0
2026-05-02 17:00:00,21.75,32.25,2.0,8.0,10.0,NA,9.0,0.0,44.25,2.0,4.0,3.0,NA,NA,NA,27.5,46.0,0.0,194.25,0.0,0.0,38.0,NA,0.0
2026-05-02 18:00:00,27.75,40.0,2.0,7.5,9.75,NA,9.0,0.0,43.25,2.0,4.0,3.0,NA,NA,NA,27.0,48.0,0.0,183.75,0.0,0.0,4.5,NA,0.0
2026-05-02 19:00:00,34.75,49.0,2.0,7.0,9.0,NA,9.0,0.0,42.75,2.0,4.0,3.0,NA,NA,NA,27.0,50.0,0.0,179.75,0.0,0.0,3.0,NA,0.0
2026-05-02 20:00:00,37.75,52.5,2.0,7.0,9.0,NA,9.0,0.0,42.0,2.0,4.0,3.0,NA,NA,NA,26.0,51.25,0.0,180.0,0.0,0.0,3.0,NA,0.0
2026-05-02 21:00:00,42.25,59.0,2.0,7.0,9.0,NA,9.0,0.0,41.5,2.0,4.0,3.0,NA,NA,NA,26.0,52.75,0.0,190.0,0.0,0.0,3.0,NA,0.0
2026-05-02 22:00:00,44.75,62.25,2.0,7.0,9.0,NA,9.0,0.0,40.75,2.0,4.0,3.0,NA,NA,NA,25.75,54.25,0.0,190.0,0.0,0.0,3.0,NA,0.0
2026-05-02 23:00:00,40.75,56.25,2.0,7.0,9.0,NA,9.0,0.0,39.5,2.0,4.0,3.0,NA,NA,NA,25.0,59.0,0.0,193.5,0.0,0.0,3.0,NA,0.0
2026-05-03 00:00:00,33.25,47.25,2.0,7.0,9.0,NA,9.0,0.0,38.75,2.0,4.0,3.0,NA,NA,NA,24.25,63.5,0.0,190.0,0.0,0.0,3.0,NA,0.0
2026-05-03 01:00:00,26.0,37.5,2.0,7.0,8.5,NA,9.0,0.0,38.0,2.0,4.0,3.0,NA,NA,NA,24.0,66.75,0.0,188.5,0.0,0.0,3.0,NA,0.0
2026-05-03 02:00:00,25.75,37.0,2.0,7.0,8.0,NA,9.0,0.0,38.0,2.0,4.0,3.0,NA,NA,NA,24.0,69.5,0.0,194.75,0.0,0.0,3.0,NA,0.0
2026-05-03 03:00:00,22.5,33.0,2.0,7.0,8.0,NA,9.0,0.0,38.0,2.0,4.0,3.0,NA,NA,NA,24.0,70.5,0.0,187.5,0.0,0.0,3.0,NA,0.0
2026-05-03 04:00:00,19.5,29.5,2.0,6.75,8.0,NA,9.0,0.0,36.75,2.0,4.0,3.0,NA,NA,NA,23.25,70.5,0.0,190.75,0.0,0.0,3.0,NA,0.0
2026-05-03 05:00:00,97.0,129.0,2.0,6.0,7.0,NA,9.0,0.0,32.5,2.0,4.0,3.0,NA,NA,NA,20.5,86.25,0.0,190.75,0.0,0.0,4.0,NA,0.0
2026-05-03 06:00:00,65.0,88.0,2.0,6.0,7.25,NA,9.0,0.0,33.0,2.0,4.0,3.0,NA,NA,NA,21.0,79.75,0.0,193.75,0.0,0.0,13.75,NA,0.0
2026-05-03 07:00:00,NA,NA,2.0,6.0,8.0,NA,9.0,0.0,34.5,2.0,4.0,3.0,NA,NA,NA,21.5,77.25,0.0,197.25,0.0,0.0,208.0,NA,0.0
2026-05-03 08:00:00,NA,NA,2.0,6.5,8.0,NA,9.0,0.0,36.75,2.0,4.0,3.0,NA,NA,NA,23.25,69.0,0.0,188.5,0.0,0.0,344.25,NA,0.0
2026-05-03 09:00:00,NA,NA,2.0,7.0,9.0,NA,9.0,0.0,39.0,2.0,4.0,3.0,NA,NA,NA,24.25,59.25,0.0,188.75,0.0,0.0,409.0,NA,0.0
2026-05-03 10:00:00,NA,NA,2.0,7.0,9.0,NA,8.5,0.0,39.75,2.0,4.0,3.0,NA,NA,NA,24.75,59.75,0.0,195.75,0.0,0.0,589.5,NA,0.0
2026-05-03 11:00:00,NA,2.5,2.0,7.0,9.0,NA,NA,0.0,40.5,NA,NA,NA,NA,NA,NA,25.25,58.25,0.0,195.25,0.0,0.0,663.0,NA,0.0
2026-05-03 12:00:00,1.0,5.5,2.0,7.0,9.0,NA,9.0,0.0,41.0,2.0,4.0,3.0,NA,NA,NA,26.0,56.75,0.0,193.25,0.0,0.0,663.75,NA,0.0
2026-05-03 13:00:00,1.0,6.0,2.0,7.0,9.0,NA,9.0,0.0,42.25,2.0,4.0,3.0,NA,NA,NA,26.5,54.0,0.0,192.5,0.0,0.0,629.5,NA,0.0
2026-05-03 14:00:00,1.75,6.0,2.0,7.0,9.0,NA,8.5,0.0,42.25,2.0,4.0,3.0,NA,NA,NA,26.75,54.75,0.0,191.5,0.0,0.0,550.75,NA,0.0
2026-05-03 15:00:00,3.5,8.5,2.0,7.0,9.0,NA,8.33,0.0,43.0,2.0,4.0,3.0,NA,NA,NA,27.0,54.75,0.0,191.5,0.0,0.0,426.0,NA,0.0
2026-05-03 16:00:00,5.75,11.5,2.0,7.0,9.0,NA,8.75,0.0,43.0,2.0,4.0,3.0,NA,NA,NA,27.0,54.0,0.0,185.25,0.0,0.0,167.25,NA,0.0
2026-05-03 17:00:00,3.5,8.75,2.0,7.0,9.0,NA,9.0,0.0,42.25,2.0,4.0,3.0,NA,NA,NA,26.25,56.0,0.0,190.5,0.0,0.0,36.0,NA,0.0
2026-05-03 18:00:00,9.0,15.75,2.0,7.0,9.0,NA,9.0,0.0,41.25,2.0,4.0,3.0,NA,NA,NA,26.0,58.25,0.0,189.25,0.0,0.0,5.0,NA,0.0
2026-05-03 19:00:00,16.75,26.25,2.0,7.0,9.0,NA,9.0,0.0,40.5,2.0,4.0,3.0,NA,NA,NA,25.25,61.25,0.0,192.25,0.0,0.0,4.0,NA,0.0
2026-05-03 20:00:00,22.25,33.0,2.0,7.0,9.0,NA,9.0,0.0,40.0,2.0,4.0,3.0,NA,NA,NA,25.0,63.5,0.0,192.25,0.0,0.0,3.25,NA,0.0
2026-05-03 21:00:00,23.0,34.0,2.0,7.0,9.0,NA,9.0,0.0,39.0,2.0,4.0,3.0,NA,NA,NA,24.75,66.5,0.0,191.25,0.0,0.0,3.0,NA,0.0
2026-05-03 22:00:00,27.75,40.0,2.0,7.0,9.0,NA,9.0,0.0,38.5,2.0,4.0,3.0,NA,NA,NA,24.0,69.5,0.0,195.75,0.0,0.0,3.0,NA,0.0
2026-05-03 23:00:00,29.75,42.75,2.0,7.0,8.0,NA,8.67,0.0,38.0,2.0,4.0,3.0,NA,NA,NA,24.0,71.75,0.0,192.25,0.0,0.0,3.0,NA,0.0
2026-05-04 00:00:00,26.25,38.0,2.0,6.5,8.0,NA,8.75,0.0,37.0,2.0,4.0,3.0,NA,NA,NA,23.0,72.5,0.0,199.0,0.0,0.0,3.0,NA,0.0
2026-05-04 01:00:00,21.75,32.0,2.0,6.0,8.0,NA,9.0,0.0,36.75,2.0,4.0,3.0,NA,NA,NA,23.0,70.75,0.0,192.25,0.0,0.0,3.0,NA,0.0
2026-05-04 02:00:00,14.75,23.25,2.0,6.0,8.0,NA,9.0,0.0,36.0,2.0,4.0,3.0,NA,NA,NA,23.0,73.75,0.0,203.75,0.0,0.0,3.0,NA,0.0
2026-05-04 03:00:00,9.75,16.5,2.0,6.0,8.0,NA,9.0,0.0,36.0,2.0,4.0,3.0,NA,NA,NA,22.25,74.25,0.0,198.0,0.0,0.0,3.0,NA,0.0
2026-05-04 04:00:00,7.25,13.75,2.0,6.0,8.0,NA,9.0,0.0,35.25,2.0,4.0,3.0,NA,NA,NA,22.0,76.5,0.0,193.75,0.0,0.0,3.0,NA,0.0
2026-05-04 05:00:00,10.25,17.25,2.0,6.0,8.0,NA,9.0,0.0,35.0,2.0,4.0,3.0,NA,NA,NA,22.0,78.25,0.0,194.25,0.0,0.0,3.75,NA,0.0
2026-05-04 06:00:00,12.5,20.5,2.0,6.0,8.0,NA,9.0,0.0,35.5,2.0,4.0,3.0,NA,NA,NA,22.25,77.5,0.0,192.75,0.0,0.0,61.75,NA,0.0
2026-05-04 07:00:00,17.25,26.0,2.0,6.25,8.0,NA,9.0,0.0,36.75,2.0,4.0,3.0,NA,NA,NA,23.0,74.0,0.0,200.25,0.0,0.0,203.75,NA,0.0
2026-05-04 08:00:00,21.5,31.5,2.0,6.75,8.0,NA,9.0,0.0,37.0,2.0,4.0,3.0,NA,NA,NA,23.25,72.25,0.0,197.5,0.0,0.0,85.0,NA,0.0
2026-05-04 09:00:00,19.5,28.75,2.0,5.25,7.0,NA,9.0,0.0,31.0,2.0,4.0,3.0,NA,NA,NA,19.0,94.0,0.0,201.25,0.0,0.0,4.0,NA,0.0
2026-05-04 10:00:00,8.0,15.0,2.0,5.75,7.0,NA,9.0,0.0,31.25,2.0,4.0,3.0,NA,NA,NA,19.75,96.0,0.0,209.0,0.0,0.0,42.0,NA,0.0
2026-05-04 11:00:00,1.0,5.0,2.0,6.0,7.5,NA,9.0,0.0,33.25,2.0,4.0,3.0,NA,NA,NA,20.75,87.5,0.0,192.75,0.0,0.0,279.0,NA,0.0
2026-05-04 12:00:00,7.0,12.75,2.0,6.0,8.0,NA,9.0,0.0,34.75,2.0,4.0,3.0,NA,NA,NA,21.75,79.25,0.0,192.5,0.0,0.0,550.75,NA,0.0
2026-05-04 13:00:00,10.5,17.0,2.0,6.0,8.0,NA,8.67,0.0,36.25,2.0,4.0,3.0,NA,NA,NA,22.75,72.75,0.25,197.5,0.0,0.0,596.5,NA,0.0
2026-05-04 14:00:00,17.75,25.75,2.0,7.0,8.5,NA,8.75,0.0,38.0,2.0,4.0,3.0,NA,NA,NA,24.0,66.75,0.0,193.75,0.0,0.0,368.25,NA,0.0
2026-05-04 15:00:00,24.75,34.5,2.0,7.0,8.5,NA,9.0,0.0,38.25,2.0,4.0,3.0,NA,NA,NA,24.25,66.0,0.0,199.25,0.0,0.0,273.5,NA,0.0
2026-05-04 16:00:00,31.0,42.25,2.0,7.0,8.25,NA,9.0,0.0,38.0,2.0,4.0,3.0,NA,NA,NA,24.0,66.75,0.0,194.25,0.0,0.0,164.5,NA,0.0
2026-05-04 17:00:00,30.5,42.0,2.0,7.0,8.0,NA,9.0,0.0,38.0,2.0,4.0,3.0,NA,NA,NA,24.0,68.0,0.0,174.0,0.0,0.0,45.0,NA,0.0
2026-05-04 18:00:00,44.75,60.0,2.0,6.5,8.0,NA,9.0,0.0,37.25,2.0,4.0,3.0,NA,NA,NA,23.25,69.75,0.0,178.25,0.0,0.0,6.25,NA,0.0
2026-05-04 19:00:00,58.75,77.0,2.0,6.0,8.0,NA,9.0,0.0,36.25,2.0,4.0,3.0,NA,NA,NA,23.0,72.25,0.0,203.75,0.0,0.0,5.0,NA,0.0
2026-05-04 20:00:00,51.75,68.0,2.0,6.0,8.0,NA,8.0,0.0,36.0,2.0,4.0,3.0,NA,NA,NA,22.75,74.5,0.0,200.0,0.0,0.0,3.0,NA,0.0
2026-05-04 21:00:00,58.75,77.5,2.0,6.0,8.0,NA,8.0,0.0,35.0,2.0,4.0,3.0,NA,NA,NA,22.0,76.0,0.0,211.5,0.0,0.0,3.0,NA,0.0
2026-05-04 22:00:00,38.0,51.0,2.0,6.0,8.0,NA,8.5,0.0,35.0,2.0,4.0,3.0,NA,NA,NA,22.0,74.0,0.0,196.25,0.0,0.0,3.0,NA,0.0
2026-05-04 23:00:00,38.25,51.75,2.0,6.0,8.0,NA,9.0,0.0,35.0,2.0,4.0,3.0,NA,NA,NA,22.0,74.5,0.0,178.0,0.0,0.0,3.0,NA,0.0
2026-05-05 00:00:00,45.0,59.75,2.0,6.0,8.0,NA,9.0,0.0,34.25,2.0,4.0,3.0,NA,NA,NA,22.0,75.75,0.0,169.25,0.0,0.0,3.0,NA,0.0
2026-05-05 01:00:00,57.75,75.75,2.0,6.0,8.0,NA,9.0,0.0,34.0,2.0,4.0,3.0,NA,NA,NA,22.0,76.75,0.0,195.25,0.0,0.0,3.0,NA,0.0
2026-05-05 02:00:00,40.5,54.25,2.0,6.0,8.0,NA,9.0,0.0,34.0,2.0,4.0,3.0,NA,NA,NA,21.0,77.75,0.0,157.75,0.0,0.0,3.0,NA,0.0
2026-05-05 03:00:00,41.25,55.5,2.0,6.0,7.5,NA,9.0,0.0,33.25,2.0,4.0,3.0,NA,NA,NA,21.0,83.25,0.0,166.5,0.0,0.0,3.0,NA,0.0
2026-05-05 04:00:00,39.0,52.75,2.0,6.0,7.0,NA,9.0,0.0,33.0,2.0,4.0,3.0,NA,NA,NA,21.0,81.75,0.0,184.25,0.0,0.0,3.0,NA,0.0
2026-05-05 05:00:00,33.5,45.5,2.0,6.0,7.0,NA,9.0,0.0,33.0,2.0,4.0,3.0,NA,NA,NA,21.0,79.25,0.0,178.5,0.0,0.0,3.0,NA,0.0
2026-05-05 06:00:00,27.25,38.0,2.0,6.0,7.0,NA,9.0,0.0,32.75,2.0,4.0,3.0,NA,NA,NA,20.75,80.0,0.0,193.75,0.0,0.0,4.25,NA,0.0
2026-05-05 07:00:00,26.75,37.5,2.0,6.0,7.0,NA,9.0,0.0,31.75,2.0,4.0,3.0,NA,NA,NA,20.0,87.5,0.0,200.0,0.0,0.0,10.0,NA,0.0
2026-05-05 08:00:00,26.25,36.5,2.0,6.0,7.0,NA,8.75,0.0,32.0,2.0,4.0,3.0,NA,NA,NA,20.0,90.0,0.0,207.25,0.0,0.0,71.0,NA,0.0
2026-05-05 09:00:00,19.0,27.25,2.0,6.0,7.5,NA,9.0,0.0,33.0,2.0,4.0,3.0,NA,NA,NA,20.75,85.25,0.0,188.5,0.0,0.0,215.0,NA,0.0
2026-05-05 10:00:00,22.75,32.25,2.0,6.0,8.0,NA,9.0,0.0,34.75,2.0,4.0,3.0,NA,NA,NA,21.75,79.0,0.0,187.5,0.0,0.0,311.5,NA,0.0
2026-05-05 11:00:00,29.0,39.75,2.25,7.5,9.5,NA,NA,0.0,43.0,NA,NA,NA,NA,NA,NA,26.75,72.0,0.0,196.25,0.0,0.0,548.25,NA,0.0
2026-05-05 12:00:00,32.5,44.0,3.0,8.0,10.0,NA,9.25,0.0,46.0,2.0,4.25,3.0,NA,NA,NA,28.25,71.75,0.0,195.75,0.0,0.0,400.5,NA,0.0
2026-05-05 13:00:00,35.5,48.25,3.0,8.0,10.0,NA,8.0,0.0,46.0,2.0,4.0,3.0,NA,NA,NA,29.0,69.75,0.0,197.75,0.0,0.0,375.0,NA,0.0
2026-05-05 14:00:00,34.75,47.0,2.5,7.75,9.5,NA,9.0,0.0,43.5,2.0,4.0,3.0,NA,NA,NA,27.25,69.5,0.0,195.75,0.0,0.0,94.75,NA,0.0
2026-05-05 15:00:00,45.25,60.25,2.0,7.0,8.0,NA,10.0,0.0,37.0,2.0,4.33,3.0,NA,NA,NA,23.0,70.25,0.0,179.0,0.0,0.0,72.0,NA,0.0
2026-05-05 16:00:00,46.0,61.5,2.0,7.0,8.0,NA,9.0,0.0,37.5,2.0,4.0,3.0,NA,NA,NA,23.75,70.25,0.0,196.25,0.0,0.0,89.25,NA,0.0
2026-05-05 17:00:00,56.25,73.75,2.0,6.75,8.0,NA,8.67,0.0,37.5,2.0,4.0,3.0,NA,NA,NA,23.5,69.5,0.0,219.0,0.0,0.0,41.25,NA,0.0
2026-05-05 18:00:00,52.5,69.75,2.0,6.0,8.0,NA,8.75,0.0,37.0,2.0,4.0,3.0,NA,NA,NA,23.0,70.5,0.0,241.5,0.0,0.0,4.5,NA,0.0
2026-05-05 19:00:00,70.5,91.75,2.0,6.0,8.0,NA,8.0,0.0,37.0,2.0,4.0,3.0,NA,NA,NA,23.0,73.0,0.0,204.25,0.0,0.0,3.75,NA,0.0
2026-05-05 20:00:00,87.75,113.0,2.0,6.0,8.0,NA,8.75,0.0,36.0,2.0,4.0,3.0,NA,NA,NA,23.0,74.25,0.0,290.5,0.0,0.0,3.0,NA,0.0
2026-05-05 21:00:00,90.25,116.5,2.0,6.0,8.0,NA,9.0,0.0,36.0,2.0,4.0,3.0,NA,NA,NA,23.0,74.75,0.0,198.25,0.0,0.0,3.0,NA,0.0
2026-05-05 22:00:00,88.0,113.75,2.0,6.0,8.0,NA,9.0,0.0,36.0,2.0,4.0,3.0,NA,NA,NA,23.0,75.0,0.0,163.0,0.0,0.0,3.0,NA,0.0
2026-05-05 23:00:00,100.25,129.0,2.0,6.0,8.0,NA,9.0,0.0,35.25,2.0,4.0,3.0,NA,NA,NA,22.0,80.5,0.0,256.5,0.0,0.0,3.0,NA,0.0
2026-05-06 00:00:00,127.75,163.5,2.0,6.0,8.0,NA,9.0,0.0,34.75,2.0,4.0,3.0,NA,NA,NA,22.0,83.75,0.0,325.0,0.0,0.0,3.0,NA,0.0
2026-05-06 01:00:00,187.25,237.75,2.0,6.0,8.0,NA,9.0,0.0,34.25,2.0,4.0,3.0,NA,NA,NA,22.0,85.5,0.0,331.5,0.0,0.0,3.0,NA,0.0
2026-05-06 02:00:00,150.25,191.25,2.0,6.0,8.0,NA,9.0,0.0,34.0,2.0,4.0,3.0,NA,NA,NA,21.25,86.5,0.0,344.25,0.0,0.0,3.0,NA,0.0
2026-05-06 03:00:00,108.5,139.5,2.0,6.0,8.0,NA,9.0,0.0,34.0,2.0,4.0,3.0,NA,NA,NA,21.0,88.25,0.0,282.5,0.0,0.0,3.25,NA,0.0
2026-05-06 04:00:00,86.5,111.5,2.0,6.0,8.0,NA,9.25,0.0,33.0,2.0,4.0,3.0,NA,NA,NA,21.0,89.25,0.0,194.0,0.0,0.0,3.25,NA,0.0
2026-05-06 05:00:00,102.0,131.5,2.0,6.0,7.5,NA,9.0,0.0,33.0,2.0,4.0,3.0,NA,NA,NA,21.0,89.0,0.0,193.25,0.0,0.0,8.0,NA,0.0
2026-05-06 06:00:00,86.5,111.75,2.0,6.0,8.0,NA,9.25,0.0,34.75,2.0,4.0,3.0,NA,NA,NA,22.0,82.75,0.0,199.0,0.0,0.0,94.75,NA,0.0
2026-05-06 07:00:00,71.0,93.0,2.0,7.0,8.33,NA,9.0,0.0,38.33,2.0,4.0,3.0,NA,NA,NA,24.33,69.67,0.0,199.67,0.0,0.0,264.67,NA,0.0
2026-05-06 08:00:00,75.75,98.25,2.0,7.0,9.0,NA,8.75,0.0,40.75,2.0,4.0,3.0,NA,NA,NA,25.5,58.75,0.0,192.5,0.0,0.0,400.75,NA,0.0
2026-05-06 09:00:00,61.25,80.0,2.0,7.0,9.0,NA,8.0,0.0,41.75,2.0,4.0,3.0,NA,NA,NA,26.0,53.25,0.0,201.0,0.0,0.0,518.5,NA,0.0
2026-05-06 10:00:00,57.0,74.75,2.0,7.25,9.5,NA,8.0,0.0,43.0,2.0,4.0,3.0,NA,NA,NA,26.75,49.0,0.0,241.5,0.0,0.0,613.0,NA,0.0
2026-05-06 11:00:00,61.5,81.0,2.0,8.0,10.0,NA,NA,0.0,44.5,NA,NA,NA,NA,NA,NA,27.75,45.0,0.0,216.25,0.0,0.0,663.0,NA,0.0
2026-05-06 12:00:00,56.75,75.0,2.25,8.0,10.0,NA,8.75,0.0,44.75,2.0,4.0,3.0,NA,NA,NA,28.0,42.75,0.0,212.75,0.0,0.0,672.75,NA,0.0
2026-05-06 13:00:00,49.25,65.25,2.75,8.0,10.0,NA,9.0,0.0,45.5,2.0,4.0,3.0,NA,NA,NA,28.5,41.25,0.0,229.75,0.0,0.0,643.5,NA,0.0
2026-05-06 14:00:00,53.0,70.25,2.75,8.0,10.0,NA,9.0,0.0,45.5,2.0,4.0,3.0,NA,NA,NA,28.5,43.25,0.0,231.0,0.0,0.0,443.0,NA,0.0
2026-05-06 15:00:00,62.5,82.0,3.0,8.0,10.0,NA,8.67,0.0,45.75,2.0,4.0,3.0,NA,NA,NA,28.75,42.25,0.0,248.0,0.0,0.0,428.75,NA,0.0
2026-05-06 16:00:00,61.5,80.0,2.25,8.0,10.0,NA,9.0,0.0,44.5,2.0,4.0,3.0,NA,NA,NA,28.0,44.5,0.0,230.0,0.0,0.0,120.75,NA,0.0
2026-05-06 17:00:00,64.0,84.0,2.0,8.0,10.0,NA,9.0,0.0,43.75,2.0,4.0,3.0,NA,NA,NA,27.25,46.5,0.0,249.25,0.0,0.0,28.75,NA,0.0
2026-05-06 18:00:00,73.5,95.5,2.0,7.0,9.0,NA,8.25,0.0,42.75,2.0,4.0,3.0,NA,NA,NA,26.75,47.75,0.0,250.0,0.0,0.0,4.0,NA,0.0
2026-05-06 19:00:00,84.25,109.0,2.0,7.0,9.0,NA,8.0,0.0,41.75,2.0,4.0,3.0,NA,NA,NA,26.0,50.5,0.0,261.25,0.0,0.0,3.0,NA,0.0
2026-05-06 20:00:00,103.25,133.0,2.0,7.0,9.0,NA,8.75,0.0,41.0,2.0,4.0,3.0,NA,NA,NA,26.0,53.75,0.0,269.25,0.0,0.0,3.0,NA,0.0
2026-05-06 21:00:00,134.5,172.25,2.0,7.0,9.0,NA,8.67,0.0,40.75,2.0,4.0,3.0,NA,NA,NA,25.25,55.0,0.0,193.75,0.0,0.0,3.0,NA,0.0
2026-05-06 22:00:00,163.75,208.75,2.0,7.0,9.0,NA,9.0,0.0,39.75,2.0,4.0,3.0,NA,NA,NA,25.0,59.5,0.0,186.0,0.0,0.0,3.0,NA,0.0
2026-05-06 23:00:00,141.75,180.75,2.0,6.25,8.0,NA,8.33,0.0,36.75,2.0,4.0,3.0,NA,NA,NA,23.25,60.25,0.0,198.5,0.0,0.0,3.0,NA,0.0
2026-05-07 00:00:00,58.5,77.0,2.0,6.0,8.0,NA,8.75,0.0,35.25,2.0,4.0,3.0,NA,NA,NA,22.0,63.75,0.0,201.5,0.0,0.0,3.0,NA,0.0
2026-05-07 01:00:00,35.0,47.5,2.0,6.0,8.0,NA,9.0,0.0,35.0,2.0,4.0,3.0,NA,NA,NA,22.0,65.75,0.0,208.0,0.0,0.0,3.0,NA,0.0
2026-05-07 02:00:00,29.5,40.75,2.0,6.0,8.0,NA,9.0,0.0,34.0,2.0,4.0,3.0,NA,NA,NA,21.5,68.5,0.0,199.5,0.0,0.0,3.0,NA,0.0
2026-05-07 03:00:00,25.0,35.0,2.0,6.0,8.0,NA,9.0,0.0,34.0,2.0,4.0,3.0,NA,NA,NA,21.0,71.75,0.0,198.5,0.0,0.0,3.0,NA,0.0
2026-05-07 04:00:00,22.25,31.5,2.0,6.0,8.0,NA,9.0,0.0,34.0,2.0,4.0,3.0,NA,NA,NA,21.25,71.25,0.0,196.25,0.0,0.0,3.0,NA,0.0
2026-05-07 05:00:00,88.25,113.5,2.0,5.25,7.25,NA,9.0,0.0,31.25,2.0,4.0,3.0,NA,NA,NA,19.75,81.75,0.0,209.75,0.0,0.0,4.0,NA,0.0
2026-05-07 06:00:00,27.5,38.25,2.0,6.0,7.0,NA,8.5,0.0,31.0,2.0,4.0,3.0,NA,NA,NA,20.0,87.0,0.0,195.75,0.0,0.0,7.75,NA,0.0
2026-05-07 07:00:00,11.0,17.25,2.0,6.0,7.0,NA,9.0,0.0,32.25,2.0,4.0,3.0,NA,NA,NA,20.0,84.0,0.0,198.75,0.0,0.0,93.75,NA,0.0
2026-05-07 08:00:00,10.0,16.25,2.0,6.0,7.5,NA,9.0,0.0,33.75,2.0,4.0,3.0,NA,NA,NA,21.5,77.0,0.0,237.75,0.0,0.0,318.25,NA,0.0
2026-05-07 09:00:00,14.75,22.25,2.0,6.75,8.25,NA,9.0,0.0,37.75,2.0,4.0,3.0,NA,NA,NA,23.75,62.0,0.0,204.0,0.0,0.0,504.75,NA,0.0
2026-05-07 10:00:00,21.25,30.0,2.0,7.0,9.0,NA,9.5,0.0,40.0,2.0,4.0,3.0,NA,NA,NA,25.0,53.25,0.0,245.25,0.0,0.0,393.75,NA,0.0
2026-05-07 11:00:00,30.25,41.25,2.0,7.0,9.0,NA,NA,0.0,40.25,NA,NA,NA,NA,NA,NA,25.0,50.25,0.0,215.25,0.0,0.0,512.75,NA,0.0
2026-05-07 12:00:00,32.0,43.75,2.0,7.0,9.0,NA,9.0,0.0,41.0,2.0,4.0,3.0,NA,NA,NA,26.0,43.75,0.0,203.25,0.0,0.0,511.75,NA,0.0
2026-05-07 13:00:00,27.75,38.75,2.0,7.0,9.0,NA,9.33,0.0,41.25,2.0,4.0,3.0,NA,NA,NA,26.0,44.5,0.0,239.75,0.0,0.0,371.75,NA,0.0
2026-05-07 14:00:00,30.25,41.5,2.0,7.0,9.0,NA,9.0,0.0,42.5,2.0,4.0,3.0,NA,NA,NA,26.5,43.75,0.0,225.5,0.0,0.0,408.25,NA,0.0
2026-05-07 15:00:00,35.25,47.5,2.0,7.0,9.0,NA,9.0,0.0,41.5,2.0,4.0,3.0,NA,NA,NA,26.0,45.0,0.0,218.75,0.0,0.0,177.5,NA,0.0
2026-05-07 16:00:00,45.75,60.75,2.0,7.0,9.0,NA,9.0,0.0,39.25,2.0,4.0,3.0,NA,NA,NA,25.0,51.75,0.0,209.25,0.0,0.0,94.0,NA,0.0
2026-05-07 17:00:00,52.0,68.75,2.0,7.0,9.0,NA,9.0,0.0,39.0,2.0,4.0,3.0,NA,NA,NA,24.0,54.25,0.0,194.5,0.0,0.0,49.5,NA,0.0
2026-05-07 18:00:00,74.25,96.5,2.0,7.0,8.5,NA,9.5,0.0,38.25,2.0,4.0,3.0,NA,NA,NA,24.0,58.0,0.0,189.25,0.0,0.0,7.0,NA,0.0
2026-05-07 19:00:00,90.0,116.25,2.0,6.5,8.0,NA,8.67,0.0,37.0,2.0,4.0,3.0,NA,NA,NA,23.0,64.0,0.0,177.5,0.0,0.0,3.0,NA,0.0
2026-05-07 20:00:00,92.25,119.25,2.0,6.0,8.0,NA,8.0,0.0,37.0,2.0,4.0,3.0,NA,NA,NA,23.0,67.5,0.0,169.0,0.0,0.0,3.0,NA,0.0
2026-05-07 21:00:00,81.0,104.75,2.0,6.25,8.0,NA,8.0,0.0,36.75,2.0,4.0,3.0,NA,NA,NA,23.0,69.25,0.0,207.0,0.0,0.0,3.0,NA,0.0
2026-05-07 22:00:00,94.5,122.0,2.0,6.0,8.0,NA,8.75,0.0,36.0,2.0,4.0,3.0,NA,NA,NA,22.75,75.0,0.0,220.25,0.0,0.0,3.0,NA,0.0
2026-05-07 23:00:00,89.75,115.75,2.0,6.0,8.0,NA,9.67,0.0,35.25,2.33,4.33,3.0,NA,NA,NA,22.0,77.75,0.0,192.0,0.0,0.0,3.0,NA,0.0
2026-05-08 00:00:00,103.75,133.75,2.0,6.0,8.0,NA,9.5,0.0,35.0,2.0,4.25,3.0,NA,NA,NA,22.0,80.5,0.0,230.25,0.0,0.0,3.0,NA,0.0
2026-05-08 01:00:00,111.25,143.0,2.0,6.0,8.0,NA,10.0,0.0,35.0,2.0,5.0,3.0,NA,NA,NA,22.0,80.75,0.0,167.75,0.0,0.0,3.0,NA,0.0
2026-05-08 02:00:00,95.5,123.0,2.0,6.0,8.0,NA,9.25,0.0,34.75,2.25,4.25,3.0,NA,NA,NA,22.0,81.5,0.0,158.5,0.0,0.0,3.0,NA,0.0
2026-05-08 03:00:00,90.25,116.5,2.0,6.0,8.0,NA,9.0,0.0,34.0,2.0,4.0,3.0,NA,NA,NA,21.0,86.5,0.0,142.75,0.0,0.0,3.0,NA,0.0
2026-05-08 04:00:00,80.0,104.0,2.0,6.0,8.0,NA,8.0,0.0,34.0,2.0,4.0,3.0,NA,NA,NA,21.75,83.75,0.0,177.0,0.0,0.0,3.0,NA,0.0
2026-05-08 05:00:00,65.75,86.0,2.0,6.0,8.0,NA,7.33,0.0,35.0,2.0,3.33,2.33,NA,NA,NA,22.0,78.5,0.0,190.75,0.0,0.0,3.75,NA,0.0
2026-05-08 06:00:00,64.25,84.25,2.0,6.0,8.0,NA,7.75,0.0,35.0,2.0,3.75,2.75,NA,NA,NA,22.0,78.25,0.0,189.25,0.0,0.0,59.0,NA,0.0
2026-05-08 07:00:00,65.0,85.0,2.0,6.25,8.0,NA,8.0,0.0,36.25,2.0,4.0,3.0,NA,NA,NA,22.75,71.0,0.0,191.25,0.0,0.0,236.25,NA,0.0
2026-05-08 08:00:00,72.0,94.0,2.0,7.0,8.75,NA,8.5,0.0,38.75,2.0,4.0,3.0,NA,NA,NA,24.5,62.5,0.0,193.5,0.0,0.0,397.25,NA,0.0
2026-05-08 09:00:00,65.75,86.25,2.0,7.0,9.0,NA,8.0,0.0,40.0,2.0,4.0,3.0,NA,NA,NA,25.0,56.25,0.0,197.5,0.0,0.0,521.75,NA,0.0
2026-05-08 10:00:00,26.33,40.33,2.0,7.0,9.0,NA,8.67,0.0,41.67,2.0,4.0,3.0,NA,NA,NA,26.0,54.67,0.0,196.33,0.0,0.0,618.33,NA,0.0
2026-05-08 11:00:00,21.75,35.5,2.0,7.0,9.0,NA,9.0,0.0,42.25,2.0,4.0,3.0,NA,NA,NA,26.25,52.75,0.0,203.5,0.0,0.0,629.75,NA,0.0
2026-05-08 12:00:00,20.25,33.5,2.0,7.25,9.5,NA,9.0,0.0,43.25,2.0,4.0,3.0,NA,NA,NA,27.0,50.25,0.0,202.25,0.0,0.0,635.75,NA,0.0
2026-05-08 13:00:00,20.5,33.5,2.0,8.0,10.0,NA,9.0,0.0,44.5,2.0,4.0,3.0,NA,NA,NA,28.0,47.0,0.0,216.25,0.0,0.0,611.0,NA,0.0
2026-05-08 14:00:00,15.75,27.0,2.5,8.0,10.0,NA,9.25,0.0,45.0,2.0,4.0,3.0,NA,NA,NA,28.0,45.75,0.0,199.5,0.0,0.0,525.75,NA,0.0
2026-05-08 15:00:00,21.75,35.75,2.5,8.0,10.0,NA,10.0,0.0,45.0,2.0,4.67,3.0,NA,NA,NA,28.0,44.5,0.0,207.0,0.0,0.0,399.0,NA,0.0
2026-05-08 16:00:00,19.75,32.75,2.25,8.0,10.0,NA,9.25,0.0,45.0,2.0,4.25,3.0,NA,NA,NA,28.0,44.0,0.0,196.5,0.0,0.0,151.0,NA,0.0
2026-05-08 17:00:00,22.5,36.5,2.0,8.0,10.0,NA,8.33,0.0,43.75,2.0,4.0,3.0,NA,NA,NA,27.75,45.5,0.0,199.0,0.0,0.0,32.0,NA,0.0
2026-05-08 18:00:00,29.0,45.5,2.0,7.0,9.0,NA,8.25,0.0,42.5,2.0,3.75,2.75,NA,NA,NA,26.75,50.25,0.0,180.25,0.0,0.0,5.25,NA,0.0
2026-05-08 19:00:00,36.0,55.5,2.0,7.0,9.0,NA,7.67,0.0,41.75,2.0,3.0,2.0,NA,NA,NA,26.0,52.75,0.0,174.0,0.0,0.0,4.75,NA,0.0
2026-05-08 20:00:00,45.0,67.75,2.0,7.0,9.0,NA,8.0,0.0,41.0,2.0,3.75,2.75,NA,NA,NA,26.0,55.75,0.0,154.75,0.0,0.0,3.0,NA,0.0
2026-05-08 21:00:00,44.5,67.5,2.0,7.0,9.0,NA,8.0,0.0,41.0,2.0,4.0,3.0,NA,NA,NA,26.0,55.5,0.0,168.5,0.0,0.0,3.0,NA,0.0
2026-05-08 22:00:00,61.0,89.5,2.0,7.0,9.0,NA,8.25,0.0,40.5,2.0,4.0,3.0,NA,NA,NA,25.0,55.75,0.0,179.75,0.0,0.0,3.0,NA,0.0
2026-05-08 23:00:00,56.5,83.0,2.0,7.0,9.0,NA,8.33,0.0,39.5,2.0,4.0,3.0,NA,NA,NA,25.0,57.25,0.0,188.5,0.0,0.0,3.0,NA,0.0
2026-05-09 00:00:00,43.25,65.0,2.0,7.0,9.0,NA,8.5,0.0,38.75,2.0,4.0,3.0,NA,NA,NA,24.0,62.25,0.0,190.75,0.0,0.0,3.0,NA,0.0
2026-05-09 01:00:00,35.25,54.0,2.0,7.0,8.0,NA,9.0,0.0,38.0,2.0,4.0,3.0,NA,NA,NA,24.0,66.5,0.0,191.25,0.0,0.0,3.0,NA,0.0
2026-05-09 02:00:00,37.75,57.75,2.0,6.5,8.0,NA,9.0,0.0,37.0,2.0,4.0,3.0,NA,NA,NA,23.0,71.25,0.0,190.5,0.0,0.0,2.75,NA,0.0
2026-05-09 03:00:00,38.25,58.5,2.0,6.0,8.0,NA,9.0,0.0,36.5,2.0,4.0,3.0,NA,NA,NA,23.0,75.25,0.0,188.5,0.0,0.0,3.0,NA,0.0
2026-05-09 04:00:00,35.5,54.5,2.0,6.0,8.0,NA,9.0,0.0,36.0,2.0,4.0,3.0,NA,NA,NA,22.75,76.25,0.0,192.75,0.0,0.0,3.0,NA,0.0
2026-05-09 05:00:00,29.0,45.5,2.0,6.0,8.0,NA,9.0,0.0,35.25,2.0,4.0,3.0,NA,NA,NA,22.0,77.0,0.0,190.5,0.0,0.0,3.75,NA,0.0
2026-05-09 06:00:00,29.75,45.75,2.0,6.0,8.0,NA,9.0,0.0,35.5,2.0,4.0,3.0,NA,NA,NA,22.0,75.0,0.0,192.5,0.0,0.0,59.0,NA,0.0
2026-05-09 07:00:00,27.75,43.75,2.0,6.0,8.0,NA,9.0,0.0,36.25,2.0,4.0,3.0,NA,NA,NA,23.0,71.0,0.0,190.75,0.0,0.0,210.25,NA,0.0
2026-05-09 08:00:00,29.25,45.75,2.0,6.75,8.25,NA,9.0,0.0,37.5,2.0,4.0,3.0,NA,NA,NA,23.75,66.5,0.0,193.5,0.0,0.0,357.5,NA,0.0
2026-05-09 09:00:00,33.75,52.5,2.0,7.0,9.0,NA,9.0,0.0,39.0,2.0,4.0,3.0,NA,NA,NA,24.5,62.75,0.0,196.75,0.0,0.0,347.0,NA,0.0
2026-05-09 10:00:00,330.5,459.75,2.0,7.0,9.0,NA,9.0,0.0,39.5,2.0,4.0,3.0,NA,NA,NA,25.0,60.5,0.0,196.5,0.0,0.0,329.75,NA,0.0
2026-05-09 11:00:00,196.5,276.5,2.0,7.0,9.0,NA,9.0,0.0,41.0,2.0,4.0,3.0,NA,NA,NA,25.5,58.25,0.0,194.5,0.0,0.0,507.0,NA,0.0
2026-05-09 12:00:00,24.0,44.25,2.0,7.0,9.0,NA,9.0,0.0,42.25,2.0,4.0,3.0,NA,NA,NA,26.5,54.0,0.0,202.5,0.0,0.0,647.5,NA,0.0
2026-05-09 13:00:00,20.5,38.5,2.0,7.25,9.5,NA,9.0,0.0,43.25,2.0,4.0,3.0,NA,NA,NA,27.0,51.5,0.0,195.75,0.0,0.0,599.5,NA,0.0
2026-05-09 14:00:00,21.25,39.5,2.0,8.0,10.0,NA,9.0,0.0,44.25,2.0,4.0,3.0,NA,NA,NA,28.0,48.25,0.0,200.25,0.0,0.0,516.25,NA,0.0
2026-05-09 15:00:00,29.0,51.0,2.0,8.0,10.0,NA,9.0,0.0,44.0,2.0,4.0,3.0,NA,NA,NA,28.0,47.0,0.0,193.25,0.0,0.0,392.75,NA,0.0
2026-05-09 16:00:00,29.25,51.25,2.0,8.0,10.0,NA,9.0,0.0,44.0,2.0,4.0,3.0,NA,NA,NA,27.75,46.75,0.0,190.0,0.0,0.0,164.25,NA,0.0
2026-05-09 17:00:00,31.5,55.0,2.0,8.0,10.0,NA,9.0,0.0,43.75,2.0,4.0,3.0,NA,NA,NA,27.0,47.5,0.0,183.0,0.0,0.0,41.75,NA,0.0
2026-05-09 18:00:00,30.75,53.25,2.0,7.0,9.0,NA,9.0,0.0,42.75,2.0,4.0,3.0,NA,NA,NA,27.0,50.0,0.0,177.75,0.0,0.0,5.0,NA,0.0
2026-05-09 19:00:00,27.5,49.0,2.0,7.0,9.0,NA,9.0,0.0,42.0,2.0,4.0,3.0,NA,NA,NA,26.0,52.0,0.0,161.75,0.0,0.0,3.0,NA,0.0
2026-05-09 20:00:00,41.5,69.25,2.0,7.0,9.0,NA,9.0,0.0,41.25,2.0,4.0,3.0,NA,NA,NA,26.0,53.0,0.0,160.5,0.0,0.0,3.0,NA,0.0
2026-05-09 21:00:00,40.75,68.75,2.0,7.0,9.0,NA,9.0,0.0,41.0,2.0,4.0,3.0,NA,NA,NA,26.0,52.75,0.0,168.0,0.0,0.0,3.0,NA,0.0
2026-05-09 22:00:00,43.5,72.75,2.0,7.0,9.0,NA,9.0,0.0,41.0,2.0,4.0,3.0,NA,NA,NA,25.5,52.75,0.0,186.0,0.0,0.0,3.0,NA,0.0
2026-05-09 23:00:00,34.25,58.75,2.0,7.0,9.0,NA,8.67,0.0,40.0,2.0,4.0,3.0,NA,NA,NA,25.0,54.25,0.0,183.5,0.0,0.0,3.0,NA,0.0
2026-05-10 00:00:00,30.75,53.5,2.0,7.0,9.0,NA,9.0,0.0,39.25,2.0,4.0,3.0,NA,NA,NA,24.75,56.75,0.0,190.5,0.0,0.0,3.0,NA,0.0
2026-05-10 01:00:00,31.0,53.75,2.0,7.0,9.0,NA,9.0,0.0,38.75,2.0,4.0,3.0,NA,NA,NA,24.0,59.5,0.0,187.25,0.0,0.0,3.0,NA,0.0
2026-05-10 02:00:00,29.25,51.75,2.0,7.0,8.5,NA,9.0,0.0,38.0,2.0,4.0,3.0,NA,NA,NA,24.0,62.75,0.0,190.25,0.0,0.0,3.0,NA,0.0
2026-05-10 03:00:00,26.5,46.75,2.0,7.0,8.0,NA,9.0,0.0,37.75,2.0,4.0,3.0,NA,NA,NA,24.0,65.75,0.0,188.75,0.0,0.0,3.0,NA,0.0
2026-05-10 04:00:00,26.0,46.75,2.0,6.5,8.0,NA,9.0,0.0,37.0,2.0,4.0,3.0,NA,NA,NA,23.0,68.5,0.0,184.75,0.0,0.0,3.0,NA,0.0
2026-05-10 05:00:00,25.25,45.0,2.0,6.0,8.0,NA,9.0,0.0,37.0,2.0,4.0,3.0,NA,NA,NA,23.0,70.75,0.0,189.25,0.0,0.0,4.0,NA,0.0
2026-05-10 06:00:00,25.75,46.0,2.0,6.5,8.0,NA,9.0,0.0,37.25,2.0,4.0,3.0,NA,NA,NA,23.25,70.0,0.0,190.5,0.0,0.0,75.5,NA,0.0
2026-05-10 07:00:00,29.25,51.0,2.0,7.0,8.75,NA,9.0,0.0,38.5,2.0,4.0,3.0,NA,NA,NA,24.0,66.5,0.0,188.5,0.0,0.0,222.0,NA,0.0
2026-05-10 08:00:00,26.25,47.0,2.0,7.0,9.0,NA,9.0,0.0,40.25,2.0,4.0,3.0,NA,NA,NA,25.5,62.0,0.0,191.25,0.0,0.0,372.5,NA,0.0
2026-05-10 09:00:00,23.0,42.0,2.0,7.0,9.0,NA,9.0,0.0,41.75,2.0,4.0,3.0,NA,NA,NA,26.0,57.25,0.0,192.0,0.0,0.0,517.25,NA,0.0
2026-05-10 10:00:00,23.0,41.5,2.0,7.5,9.5,NA,9.0,0.0,43.25,2.0,4.0,3.0,NA,NA,NA,27.0,53.5,0.0,187.5,0.0,0.0,605.5,NA,0.0
2026-05-10 11:00:00,20.75,38.5,2.0,8.0,10.0,NA,NA,0.0,44.0,NA,NA,NA,NA,NA,NA,27.75,51.0,0.0,188.25,0.0,0.0,653.0,NA,0.0
2026-05-10 12:00:00,20.5,38.0,2.25,8.0,10.0,NA,9.0,0.0,45.0,2.0,4.0,3.0,NA,NA,NA,28.0,49.25,0.0,186.75,0.0,0.0,652.25,NA,0.0
2026-05-10 13:00:00,26.75,48.0,2.75,8.0,10.0,NA,9.0,0.0,45.0,2.0,4.0,3.0,NA,NA,NA,28.0,48.0,0.0,192.25,0.0,0.0,601.75,NA,0.0
2026-05-10 14:00:00,29.75,51.5,3.0,8.0,10.0,NA,8.25,0.0,45.75,2.0,4.0,3.0,NA,NA,NA,28.75,44.75,0.0,189.0,0.0,0.0,514.75,NA,0.0
2026-05-10 15:00:00,32.33,56.0,3.0,8.0,10.0,NA,8.0,0.0,46.0,2.0,4.0,3.0,NA,NA,NA,29.0,43.33,0.0,191.67,0.0,0.0,384.0,NA,0.0
2026-05-10 16:00:00,28.5,50.25,3.0,8.0,10.0,NA,8.75,0.0,46.0,2.0,4.0,3.0,NA,NA,NA,29.0,41.0,0.0,181.0,0.0,0.0,163.25,NA,0.0
2026-05-10 17:00:00,29.0,51.5,2.5,8.0,10.0,NA,9.0,0.0,45.25,2.0,4.0,3.0,NA,NA,NA,28.25,41.25,0.0,179.5,0.0,0.0,38.25,NA,0.0
2026-05-10 18:00:00,37.5,63.75,2.0,8.0,10.0,NA,9.0,0.0,44.25,2.0,4.0,3.0,NA,NA,NA,28.0,43.0,0.0,187.0,0.0,0.0,5.5,NA,0.0
2026-05-10 19:00:00,43.25,72.75,2.0,8.0,10.0,NA,9.0,0.0,43.75,2.0,4.0,3.0,NA,NA,NA,27.0,44.25,0.0,135.5,0.0,0.0,3.0,NA,0.0
2026-05-10 20:00:00,52.25,85.75,2.0,7.25,9.25,NA,9.0,0.0,43.0,2.0,4.0,3.0,NA,NA,NA,27.0,47.0,0.0,137.75,0.0,0.0,3.0,NA,0.0
2026-05-10 21:00:00,59.75,97.25,2.0,7.0,9.0,NA,9.0,0.0,42.5,2.0,4.0,3.0,NA,NA,NA,26.75,49.0,0.0,147.25,0.0,0.0,3.0,NA,0.0
2026-05-10 22:00:00,56.75,92.75,2.0,7.0,9.0,NA,9.0,0.0,42.0,2.0,4.0,3.0,NA,NA,NA,26.0,50.75,0.0,150.5,0.0,0.0,3.0,NA,0.0
2026-05-10 23:00:00,51.0,83.5,2.0,7.0,9.0,NA,9.0,0.0,41.25,2.0,4.0,3.0,NA,NA,NA,26.0,52.75,0.0,174.25,0.0,0.0,3.0,NA,0.0
2026-05-11 00:00:00,48.25,80.25,2.0,7.0,9.0,NA,8.75,0.0,40.5,2.0,4.0,3.0,NA,NA,NA,25.25,57.5,0.0,194.25,0.0,0.0,3.0,NA,0.0
2026-05-11 01:00:00,41.75,69.75,2.0,7.0,9.0,NA,8.33,0.0,39.75,2.0,4.0,3.0,NA,NA,NA,25.0,60.0,0.0,189.0,0.0,0.0,3.0,NA,0.0
2026-05-11 02:00:00,35.0,59.75,2.0,7.0,9.0,NA,8.75,0.0,39.0,2.0,4.0,3.0,NA,NA,NA,24.25,61.25,0.0,187.0,0.0,0.0,3.0,NA,0.0
2026-05-11 03:00:00,29.75,52.0,2.0,7.0,9.0,NA,9.0,0.0,38.5,2.0,4.0,3.0,NA,NA,NA,24.0,62.0,0.0,187.0,0.0,0.0,3.0,NA,0.0
2026-05-11 04:00:00,24.75,44.25,2.0,7.0,8.25,NA,9.0,0.0,38.0,2.0,4.0,3.0,NA,NA,NA,24.0,63.5,0.0,187.5,0.0,0.0,3.0,NA,0.0
2026-05-11 05:00:00,25.25,45.5,2.0,7.0,8.0,NA,9.0,0.0,37.5,2.0,4.0,3.0,NA,NA,NA,23.5,66.0,0.0,190.75,0.0,0.0,5.0,NA,0.0
2026-05-11 06:00:00,24.75,44.25,2.0,7.0,8.25,NA,9.0,0.0,38.0,2.0,4.0,3.0,NA,NA,NA,24.0,65.5,0.0,194.5,0.0,0.0,80.0,NA,0.0
2026-05-11 07:00:00,25.25,45.5,2.0,7.0,9.0,NA,9.0,0.0,39.5,2.0,4.0,3.0,NA,NA,NA,24.75,60.25,0.0,193.0,0.0,0.0,229.75,NA,0.0
2026-05-11 08:00:00,29.75,52.25,2.0,7.0,9.0,NA,9.0,0.0,41.0,2.0,4.0,3.0,NA,NA,NA,25.75,55.5,0.0,195.5,0.0,0.0,383.25,NA,0.0
2026-05-11 09:00:00,27.75,48.75,2.0,7.0,9.25,NA,8.67,0.0,42.5,2.0,4.0,3.0,NA,NA,NA,26.5,51.25,0.0,197.0,0.0,0.0,523.0,NA,0.0
2026-05-11 10:00:00,22.75,42.0,2.0,8.0,10.0,NA,9.5,0.0,44.0,2.0,4.0,3.0,NA,NA,NA,27.5,47.5,0.0,191.75,0.0,0.0,613.75,NA,0.0
2026-05-11 11:00:00,21.75,40.5,2.0,8.0,10.0,NA,NA,0.0,45.0,NA,NA,NA,NA,NA,NA,28.0,45.5,0.0,202.5,0.0,0.0,659.25,NA,0.0
2026-05-11 12:00:00,24.0,43.75,3.0,8.0,10.0,NA,9.5,0.0,46.0,2.0,4.25,3.0,NA,NA,NA,29.0,42.25,0.0,188.25,0.0,0.0,663.25,NA,0.0
2026-05-11 13:00:00,24.25,44.25,3.0,8.0,10.0,NA,9.0,0.0,47.0,2.0,4.0,3.0,NA,NA,NA,29.0,40.5,0.0,200.5,0.0,0.0,619.75,NA,0.0
2026-05-11 14:00:00,23.0,42.5,3.0,8.0,10.0,NA,9.0,0.0,47.5,2.0,4.0,3.0,NA,NA,NA,29.75,39.5,0.0,210.5,0.0,0.0,522.75,NA,0.0
2026-05-11 15:00:00,25.0,45.25,3.0,8.0,10.25,NA,9.0,0.0,47.75,2.0,4.0,3.0,NA,NA,NA,29.75,38.5,0.0,202.75,0.0,0.0,401.25,NA,0.0
2026-05-11 16:00:00,23.75,43.0,3.0,8.0,10.0,NA,9.0,0.0,47.0,2.0,4.0,3.0,NA,NA,NA,29.25,39.5,0.0,176.75,0.0,0.0,151.5,NA,0.0
2026-05-11 17:00:00,29.75,54.5,3.0,8.0,10.0,NA,9.0,0.0,45.5,2.0,4.0,3.0,NA,NA,NA,28.5,41.5,0.0,178.0,0.0,0.0,27.75,NA,0.0
2026-05-11 18:00:00,30.75,57.25,2.25,8.0,10.0,NA,9.0,0.0,44.75,2.0,4.0,3.0,NA,NA,NA,28.0,43.0,0.0,165.5,0.0,0.0,5.5,NA,0.0
2026-05-11 19:00:00,36.5,65.5,2.0,8.0,10.0,NA,8.0,0.0,44.0,2.0,4.0,3.0,NA,NA,NA,27.5,46.25,0.0,167.5,0.0,0.0,4.5,NA,0.0
2026-05-11 20:00:00,52.25,90.75,2.0,7.75,10.0,NA,8.25,0.0,43.5,2.0,4.0,3.0,NA,NA,NA,27.0,48.5,0.0,168.0,0.0,0.0,4.0,NA,0.0
2026-05-11 21:00:00,61.75,106.0,2.0,7.0,9.5,NA,8.0,0.0,43.0,2.0,4.0,3.0,NA,NA,NA,27.0,48.5,0.0,168.25,0.0,0.0,4.0,NA,0.0
2026-05-11 22:00:00,57.75,99.5,2.0,7.0,9.0,NA,8.75,0.0,42.5,2.0,4.0,3.0,NA,NA,NA,26.75,49.5,0.0,155.5,0.0,0.0,4.0,NA,0.0
2026-05-11 23:00:00,50.0,87.5,2.0,7.0,9.0,NA,9.0,0.0,42.0,2.0,4.0,3.0,NA,NA,NA,26.0,50.5,0.0,176.25,0.0,0.0,4.0,NA,0.0
2026-05-12 00:00:00,49.0,85.25,2.0,7.0,9.0,NA,9.0,0.0,42.0,2.0,4.0,3.0,NA,NA,NA,26.0,49.75,0.0,189.75,0.0,0.0,4.0,NA,0.0
2026-05-12 01:00:00,33.75,61.5,2.0,7.0,9.0,NA,9.0,0.0,41.0,2.0,4.0,3.0,NA,NA,NA,26.0,50.0,0.0,194.0,0.0,0.0,4.0,NA,0.0
2026-05-12 02:00:00,27.5,52.0,2.0,7.0,9.0,NA,8.75,0.0,40.5,2.0,4.0,3.0,NA,NA,NA,25.25,51.0,0.0,189.5,0.0,0.0,4.0,NA,0.0
2026-05-12 03:00:00,27.0,51.0,2.0,7.0,9.0,NA,8.67,0.0,40.0,2.0,4.0,3.0,NA,NA,NA,25.0,55.5,0.0,195.75,0.0,0.0,4.0,NA,0.0
2026-05-12 04:00:00,33.0,59.5,2.0,7.0,9.0,NA,9.0,0.0,39.0,2.0,4.0,3.0,NA,NA,NA,24.75,58.5,0.0,189.25,0.0,0.0,4.0,NA,0.0
2026-05-12 05:00:00,37.5,67.5,2.0,7.0,9.0,NA,9.0,0.0,39.0,2.0,4.0,3.0,NA,NA,NA,24.0,60.75,0.0,190.5,0.0,0.0,4.75,NA,0.0
2026-05-12 06:00:00,46.5,81.0,2.0,7.0,9.0,NA,9.0,0.0,39.0,2.0,4.0,3.0,NA,NA,NA,24.5,61.5,0.0,194.0,0.0,0.0,64.5,NA,0.0
2026-05-12 07:00:00,52.0,90.0,2.0,7.0,9.0,NA,9.0,0.0,40.25,2.0,4.0,3.0,NA,NA,NA,25.25,59.75,0.0,199.25,0.0,0.0,188.0,NA,0.0
2026-05-12 08:00:00,55.5,95.25,2.0,7.0,9.0,NA,8.5,0.0,41.5,2.0,4.0,3.0,NA,NA,NA,26.25,55.75,0.0,194.0,0.0,0.0,323.75,NA,0.0
2026-05-12 09:00:00,48.25,85.0,2.0,7.5,9.75,NA,9.0,0.0,43.5,2.0,4.0,3.0,NA,NA,NA,27.0,52.5,0.0,195.75,0.0,0.0,462.0,NA,0.0
2026-05-12 10:00:00,47.25,83.25,2.5,8.0,10.0,NA,9.25,0.0,45.0,2.0,4.0,3.0,NA,NA,NA,28.25,50.0,0.0,192.75,0.0,0.0,543.25,NA,0.0
2026-05-12 11:00:00,46.25,81.5,3.0,8.0,10.0,NA,NA,0.0,46.25,NA,NA,NA,NA,NA,NA,29.0,47.25,0.0,193.5,0.0,0.0,589.5,NA,0.0
2026-05-12 12:00:00,40.5,72.25,3.0,8.0,10.0,NA,8.75,0.0,47.25,2.0,4.0,3.0,NA,NA,NA,29.75,45.0,0.0,195.0,0.0,0.0,584.75,NA,0.0
2026-05-12 13:00:00,45.25,80.0,3.0,8.0,10.5,NA,8.33,0.0,48.0,2.0,4.0,3.0,NA,NA,NA,30.0,43.5,0.0,199.25,0.0,0.0,494.0,NA,0.0
2026-05-12 14:00:00,41.75,73.75,3.0,8.0,10.5,NA,9.0,0.0,48.0,2.0,4.0,3.0,NA,NA,NA,30.0,43.75,0.0,195.25,0.0,0.0,476.5,NA,0.0
2026-05-12 15:00:00,42.75,76.25,3.0,8.0,10.25,NA,9.0,0.0,47.5,2.0,4.0,3.0,NA,NA,NA,30.0,44.0,0.0,211.25,0.0,0.0,355.75,NA,0.0
2026-05-12 16:00:00,39.75,70.75,3.0,8.0,10.0,NA,9.0,0.0,47.0,2.0,4.0,3.0,NA,NA,NA,29.25,44.25,0.0,207.25,0.0,0.0,158.0,NA,0.0
2026-05-12 17:00:00,42.25,75.0,3.0,8.0,10.0,NA,9.0,0.0,46.5,2.0,4.0,3.0,NA,NA,NA,29.0,46.0,0.0,181.5,0.0,0.0,36.25,NA,0.0
2026-05-12 18:00:00,48.25,84.5,2.75,8.0,10.0,NA,9.0,0.0,45.25,2.0,4.0,3.0,NA,NA,NA,28.0,48.25,0.0,193.75,0.0,0.0,5.75,NA,0.0
2026-05-12 19:00:00,59.75,102.25,2.0,8.0,10.0,NA,9.0,0.0,44.75,2.0,4.0,3.0,NA,NA,NA,28.0,49.5,0.0,185.75,0.0,0.0,5.0,NA,0.0
2026-05-12 20:00:00,59.5,102.75,2.0,8.0,10.0,NA,9.25,0.0,44.0,2.0,4.25,3.0,NA,NA,NA,27.75,51.0,0.0,163.75,0.0,0.0,3.5,NA,0.0
2026-05-12 21:00:00,66.75,113.0,2.0,8.0,10.0,NA,10.0,0.0,43.75,2.33,5.0,3.0,NA,NA,NA,27.0,51.5,0.0,162.5,0.0,0.0,3.0,NA,0.0
2026-05-12 22:00:00,63.75,108.75,2.0,7.25,9.5,NA,9.25,0.0,43.0,2.0,4.25,3.0,NA,NA,NA,27.0,52.75,0.0,188.0,0.0,0.0,3.0,NA,0.0
2026-05-12 23:00:00,54.5,93.5,2.0,7.0,9.0,NA,9.0,0.0,42.5,2.0,4.0,3.0,NA,NA,NA,26.75,54.0,0.0,185.25,0.0,0.0,3.0,NA,0.0
2026-05-13 00:00:00,47.25,83.25,2.0,7.0,9.0,NA,9.0,0.0,41.75,2.0,4.0,3.0,NA,NA,NA,26.0,55.75,0.0,190.75,0.0,0.0,3.0,NA,0.0
2026-05-13 01:00:00,40.0,71.5,2.0,7.0,9.0,NA,9.0,0.0,41.0,2.0,4.0,3.0,NA,NA,NA,26.0,56.75,0.0,187.75,0.0,0.0,3.0,NA,0.0
2026-05-13 02:00:00,36.5,66.0,2.0,7.0,9.0,NA,9.0,0.0,40.5,2.0,4.0,3.0,NA,NA,NA,25.25,58.5,0.0,184.5,0.0,0.0,3.0,NA,0.0
2026-05-13 03:00:00,40.25,71.75,2.0,7.0,9.0,NA,9.33,0.0,40.0,2.0,4.0,3.0,NA,NA,NA,25.0,62.5,0.0,176.0,0.0,0.0,3.0,NA,0.0
2026-05-13 04:00:00,42.75,75.5,2.0,7.0,9.0,NA,9.0,0.0,39.25,2.0,4.0,3.0,NA,NA,NA,25.0,66.5,0.0,191.0,0.0,0.0,3.0,NA,0.0
2026-05-13 05:00:00,46.0,81.0,2.0,7.0,9.0,NA,9.0,0.0,39.0,2.0,4.0,3.0,NA,NA,NA,24.25,70.75,0.0,196.25,0.0,0.0,4.75,NA,0.0
2026-05-13 06:00:00,53.75,93.0,2.0,7.0,9.0,NA,9.0,0.0,39.5,2.0,4.0,3.0,NA,NA,NA,25.0,71.25,0.0,191.0,0.0,0.0,64.25,NA,0.0
2026-05-13 07:00:00,50.75,89.0,2.0,7.0,9.0,NA,9.0,0.0,41.0,2.0,4.0,3.0,NA,NA,NA,25.75,67.5,0.0,191.5,0.0,0.0,189.75,NA,0.0
2026-05-13 08:00:00,53.0,92.0,2.0,7.0,9.0,NA,9.0,0.0,42.25,2.0,4.0,3.0,NA,NA,NA,26.75,64.25,0.0,192.25,0.0,0.0,337.0,NA,0.0
2026-05-13 09:00:00,52.25,90.5,2.0,7.5,9.75,NA,9.0,0.0,43.5,2.0,4.0,3.0,NA,NA,NA,27.25,62.0,0.0,203.0,0.0,0.0,472.5,NA,0.0
2026-05-13 10:00:00,57.0,98.0,2.25,8.0,10.0,NA,9.0,0.0,44.75,2.0,4.0,3.0,NA,NA,NA,28.0,58.0,0.0,196.25,0.0,0.0,561.5,NA,0.0
2026-05-13 11:00:00,56.5,97.5,3.0,8.0,10.0,NA,NA,0.0,46.75,NA,NA,NA,NA,NA,NA,29.25,53.25,0.0,200.75,0.0,0.0,620.25,NA,0.0
2026-05-13 12:00:00,54.5,94.25,3.0,8.0,10.5,NA,9.0,0.0,48.0,2.0,4.0,3.0,NA,NA,NA,30.0,49.75,0.0,193.5,0.0,0.0,611.75,NA,0.0
2026-05-13 13:00:00,52.0,90.0,3.0,8.0,10.75,NA,8.0,0.0,48.75,2.0,4.0,3.0,NA,NA,NA,30.75,47.5,0.0,175.75,0.0,0.0,466.0,NA,0.0
2026-05-13 14:00:00,58.0,100.0,3.0,8.0,10.0,NA,8.5,0.0,46.25,2.0,4.0,3.0,NA,NA,NA,29.0,51.25,0.0,199.5,0.0,0.0,29.75,NA,0.0
2026-05-13 15:00:00,123.75,202.75,2.0,7.75,10.0,NA,8.33,0.0,44.0,2.0,4.0,3.0,NA,NA,NA,27.5,42.75,0.0,204.5,0.0,0.0,319.25,NA,0.0
2026-05-13 16:00:00,93.5,155.5,3.0,8.0,10.0,NA,8.75,0.0,46.0,2.0,4.0,3.0,NA,NA,NA,29.0,33.5,0.0,205.0,0.0,0.0,190.75,NA,0.0
2026-05-13 17:00:00,32.5,59.75,3.0,8.0,10.0,NA,9.0,0.0,45.5,2.0,4.0,3.0,NA,NA,NA,28.25,34.25,0.0,231.75,0.0,0.0,30.75,NA,0.0
2026-05-13 18:00:00,22.25,44.0,2.25,8.0,10.0,NA,9.0,0.0,44.75,2.0,4.0,3.0,NA,NA,NA,28.0,35.5,0.0,232.75,0.0,0.0,5.5,NA,0.0
2026-05-13 19:00:00,40.5,72.5,2.0,8.0,10.0,NA,9.0,0.0,44.0,2.0,4.0,3.0,NA,NA,NA,27.25,37.75,0.0,173.5,0.0,0.0,4.0,NA,0.0
2026-05-13 20:00:00,68.5,116.25,2.0,7.25,9.75,NA,8.25,0.0,43.0,2.0,4.0,3.0,NA,NA,NA,27.0,39.5,0.0,166.5,0.0,0.0,4.0,NA,0.0
2026-05-13 21:00:00,82.25,138.25,2.0,7.0,9.0,NA,8.0,0.0,42.0,2.0,4.0,3.0,NA,NA,NA,26.5,43.0,0.0,184.75,0.0,0.0,4.0,NA,0.0
2026-05-13 22:00:00,110.0,181.25,2.0,7.0,9.0,NA,8.75,0.0,41.0,2.0,4.0,3.0,NA,NA,NA,26.0,46.0,0.0,127.25,0.0,0.0,4.0,NA,0.0
2026-05-13 23:00:00,71.0,120.5,2.0,7.0,9.0,NA,9.0,0.0,40.75,2.0,4.0,3.0,NA,NA,NA,25.0,49.25,0.0,290.25,0.0,0.0,4.0,NA,0.0
2026-05-14 00:00:00,120.75,197.75,2.0,7.0,9.0,NA,9.0,0.0,41.0,2.0,4.0,3.0,NA,NA,NA,25.5,48.75,0.0,196.75,0.0,0.0,4.0,NA,0.0
2026-05-14 01:00:00,92.5,154.0,2.0,7.0,9.0,NA,9.0,0.0,40.25,2.0,4.0,3.0,NA,NA,NA,25.25,50.5,0.0,193.75,0.0,0.0,4.0,NA,0.0
2026-05-14 02:00:00,67.25,114.25,2.0,7.0,8.75,NA,9.0,0.0,38.75,2.0,4.0,3.0,NA,NA,NA,24.25,58.25,0.0,184.75,0.0,0.0,4.0,NA,0.0
2026-05-14 03:00:00,31.0,57.25,2.0,7.0,8.0,NA,8.0,0.0,37.75,2.0,4.0,3.0,NA,NA,NA,23.75,60.5,0.0,203.5,0.0,0.0,4.0,NA,0.0
2026-05-14 04:00:00,17.5,35.75,2.0,6.25,8.0,NA,8.75,0.0,36.75,2.0,4.0,3.0,NA,NA,NA,23.0,61.5,0.0,194.75,0.0,0.0,4.0,NA,0.0
2026-05-14 05:00:00,13.0,28.75,2.0,6.0,8.0,NA,8.33,0.0,36.0,2.0,4.0,3.0,NA,NA,NA,22.5,66.75,0.0,204.5,0.0,0.0,6.0,NA,0.0
2026-05-14 06:00:00,19.75,39.75,2.0,6.0,8.0,NA,8.75,0.0,36.25,2.0,4.0,3.0,NA,NA,NA,23.0,67.25,0.0,192.75,0.0,0.0,72.0,NA,0.0
2026-05-14 07:00:00,47.25,83.25,2.0,6.25,8.0,NA,9.0,0.0,36.75,2.0,4.0,3.0,NA,NA,NA,23.25,68.5,0.0,196.5,0.0,0.0,219.5,NA,0.0
2026-05-14 08:00:00,70.75,119.75,2.0,7.0,8.75,NA,9.0,0.0,39.25,2.0,4.0,3.0,NA,NA,NA,24.5,64.0,0.0,196.0,0.0,0.0,378.25,NA,0.0
2026-05-14 09:00:00,74.0,124.5,2.0,7.0,9.0,NA,9.0,0.0,41.25,2.0,4.0,3.0,NA,NA,NA,26.0,58.75,0.0,192.5,0.0,0.0,507.0,NA,0.0
2026-05-14 10:00:00,72.25,121.75,2.0,8.0,10.0,NA,9.0,0.0,43.75,2.0,4.0,3.0,NA,NA,NA,27.5,52.5,0.0,191.25,0.0,0.0,589.5,NA,0.0
2026-05-14 11:00:00,67.0,114.0,2.75,8.0,10.0,NA,9.0,0.0,45.25,2.0,4.0,3.0,NA,NA,NA,28.5,49.25,0.0,195.75,0.0,0.0,612.5,NA,0.0
2026-05-14 12:00:00,61.0,104.5,3.0,8.0,10.0,NA,9.0,0.0,47.0,2.0,4.0,3.0,NA,NA,NA,29.25,47.75,0.0,200.25,0.0,0.0,621.25,NA,0.0
2026-05-14 13:00:00,55.0,94.75,3.0,8.0,10.5,NA,9.0,0.0,48.0,2.0,4.0,3.0,NA,NA,NA,30.0,46.0,0.0,205.25,0.0,0.0,582.75,NA,0.0
2026-05-14 14:00:00,52.0,90.25,3.0,8.0,10.75,NA,8.75,0.0,48.75,2.0,4.0,3.0,NA,NA,NA,30.25,44.75,0.0,204.25,0.0,0.0,502.75,NA,0.0
2026-05-14 15:00:00,49.0,85.5,3.0,8.0,10.5,NA,8.67,0.0,48.25,2.0,4.0,3.0,NA,NA,NA,30.0,45.0,0.0,200.5,0.0,0.0,377.5,NA,0.0
2026-05-14 16:00:00,42.5,75.0,3.0,8.0,10.0,NA,9.0,0.0,47.0,2.0,4.0,3.0,NA,NA,NA,29.5,47.25,0.0,193.5,0.0,0.0,160.5,NA,0.0
2026-05-14 17:00:00,40.0,71.25,3.0,8.0,10.0,NA,9.0,0.0,46.5,2.0,4.0,3.0,NA,NA,NA,29.0,47.75,0.0,170.0,0.0,0.0,35.75,NA,0.0
2026-05-14 18:00:00,41.75,74.0,2.5,8.0,10.0,NA,9.0,0.0,45.25,2.0,4.0,3.0,NA,NA,NA,28.25,51.5,0.0,185.75,0.0,0.0,5.25,NA,0.0
2026-05-14 19:00:00,43.5,76.5,2.0,8.0,10.0,NA,9.0,0.0,44.0,2.0,4.0,3.0,NA,NA,NA,27.75,54.0,0.0,167.5,0.0,0.0,3.75,NA,0.0
2026-05-14 20:00:00,45.0,79.75,2.0,8.0,10.0,NA,9.0,0.0,43.75,2.0,4.0,3.0,NA,NA,NA,27.0,54.0,0.0,174.5,0.0,0.0,4.0,NA,0.0
2026-05-14 21:00:00,49.25,86.75,2.0,7.5,9.75,NA,8.0,0.0,43.0,2.0,4.0,3.0,NA,NA,NA,27.0,54.75,0.0,176.75,0.0,0.0,4.0,NA,0.0
2026-05-14 22:00:00,49.25,85.5,2.0,7.0,9.0,NA,8.75,0.0,42.5,2.0,4.0,3.0,NA,NA,NA,26.75,59.25,0.0,181.75,0.0,0.0,4.0,NA,0.0
2026-05-14 23:00:00,52.25,90.75,2.0,7.0,9.0,NA,9.0,0.0,42.0,2.0,4.0,3.0,NA,NA,NA,26.0,60.25,0.0,189.0,0.0,0.0,4.0,NA,0.0
2026-05-15 00:00:00,46.25,81.0,2.0,7.0,9.0,NA,8.5,0.0,42.0,2.0,4.0,3.0,NA,NA,NA,26.0,60.5,0.0,195.0,0.0,0.0,4.0,NA,0.0
2026-05-15 01:00:00,38.25,68.0,2.0,7.0,9.0,NA,8.0,0.0,41.0,2.0,4.0,3.0,NA,NA,NA,25.5,63.25,0.0,196.5,0.0,0.0,4.0,NA,0.0
2026-05-15 02:00:00,37.0,66.75,2.0,7.0,9.0,NA,8.75,0.0,40.5,2.0,4.0,3.0,NA,NA,NA,25.0,65.25,0.0,196.5,0.0,0.0,4.0,NA,0.0
2026-05-15 03:00:00,31.75,58.25,2.0,7.0,9.0,NA,9.0,0.0,40.0,2.0,4.0,3.0,NA,NA,NA,25.0,66.25,0.0,197.25,0.0,0.0,4.0,NA,0.0
2026-05-15 04:00:00,35.5,64.5,2.0,7.0,9.0,NA,9.0,0.0,39.25,2.0,4.0,3.0,NA,NA,NA,25.0,69.0,0.0,199.0,0.0,0.0,4.0,NA,0.0
2026-05-15 05:00:00,36.0,65.0,2.0,7.0,9.0,NA,9.0,0.0,39.0,2.0,4.0,3.0,NA,NA,NA,24.0,70.75,0.0,186.5,0.0,0.0,5.5,NA,0.0
2026-05-15 06:00:00,38.5,68.25,2.0,7.0,9.0,NA,9.0,0.0,40.0,2.0,4.0,3.0,NA,NA,NA,25.0,69.25,0.0,162.0,0.0,0.0,70.25,NA,0.0
2026-05-15 07:00:00,40.5,72.75,2.0,7.25,9.25,NA,9.0,0.0,42.75,2.0,4.0,3.0,NA,NA,NA,26.75,60.25,0.0,120.75,0.0,0.0,197.0,NA,0.0
2026-05-15 08:00:00,44.25,78.75,2.0,7.25,9.25,NA,9.0,0.0,42.75,2.0,4.0,3.0,NA,NA,NA,26.5,62.25,0.0,166.5,0.0,0.0,81.75,NA,0.0
2026-05-15 09:00:00,63.25,107.75,2.0,7.0,9.0,NA,9.0,0.0,41.5,2.0,4.0,3.0,NA,NA,NA,26.0,65.0,0.0,256.25,0.0,0.0,117.25,NA,0.0
2026-05-15 10:00:00,62.75,107.25,2.0,7.25,9.25,NA,9.0,0.0,42.75,2.0,4.0,3.0,NA,NA,NA,27.0,62.0,0.0,203.5,0.0,0.0,333.75,NA,0.0
2026-05-15 11:00:00,61.25,105.25,3.0,8.0,10.0,NA,NA,0.0,46.0,2.0,4.5,3.0,NA,NA,NA,28.75,53.5,0.0,186.0,0.0,0.0,476.25,NA,0.0
2026-05-15 12:00:00,59.25,101.75,3.0,8.0,10.0,NA,9.0,0.0,47.75,2.0,4.0,3.0,NA,NA,NA,30.0,46.0,0.0,201.5,0.0,0.0,535.75,NA,0.0
2026-05-15 13:00:00,48.75,85.5,3.0,8.0,10.25,NA,9.0,0.0,48.25,2.0,4.0,3.0,NA,NA,NA,30.0,44.75,0.0,192.5,0.0,0.0,571.75,NA,0.0
2026-05-15 14:00:00,51.25,89.5,3.0,8.0,11.0,NA,8.75,0.0,49.25,2.0,4.0,3.0,NA,NA,NA,30.5,41.75,0.0,202.75,0.0,0.0,497.0,NA,0.0
2026-05-15 15:00:00,48.75,84.75,3.2,9.0,11.3,NA,8.93,0.88,50.18,2.5,4.4,3.3,NA,NA,NA,31.53,40.75,0.33,218.0,0.0,0.0,387.25,NA,-0.15
2026-05-15 16:00:00,49.25,86.0,3.2,8.9,11.2,NA,9.15,0.88,49.85,2.58,4.48,3.33,NA,NA,NA,31.33,40.75,0.45,228.5,0.0,0.0,169.25,NA,-0.15
2026-05-15 17:00:00,52.5,90.75,3.13,8.8,11.05,NA,9.13,0.87,48.95,2.6,4.47,3.33,NA,NA,NA,30.75,40.25,0.48,250.5,0.0,0.0,33.0,NA,-0.14
2026-05-15 18:00:00,54.75,94.75,3.1,8.6,10.8,NA,9.1,0.86,47.8,2.58,4.45,3.32,NA,NA,NA,30.05,41.25,0.6,275.0,0.0,0.0,4.75,NA,-0.08
2026-05-15 19:00:00,44.0,77.25,3.0,8.38,10.55,NA,9.03,0.84,46.55,2.53,4.4,3.3,NA,NA,NA,29.28,46.0,0.65,204.25,0.0,0.0,4.0,NA,-0.05
2026-05-15 20:00:00,75.75,127.5,2.93,8.15,10.28,NA,9.28,0.82,45.13,2.6,4.55,3.38,NA,NA,NA,28.4,53.25,0.53,153.0,0.0,0.0,3.75,NA,-0.04
2026-05-15 21:00:00,62.5,107.25,2.9,8.0,10.1,NA,9.1,0.81,44.4,2.57,4.43,3.3,NA,NA,NA,27.98,54.75,0.6,141.0,0.0,0.0,4.0,NA,-0.04
2026-05-15 22:00:00,52.25,90.5,2.9,8.0,10.08,NA,9.28,0.81,44.13,2.58,4.53,3.4,NA,NA,NA,27.78,56.0,0.68,114.25,0.0,0.0,4.0,NA,-0.05
2026-05-15 23:00:00,75.5,126.75,2.8,7.9,9.9,NA,9.57,0.8,43.4,2.67,4.67,3.5,NA,NA,NA,27.3,58.25,0.7,239.75,0.0,0.0,4.0,NA,-0.04
2026-05-16 00:00:00,67.25,113.75,2.8,7.75,9.75,NA,9.3,0.79,42.68,2.63,4.58,3.4,NA,NA,NA,26.88,60.5,0.6,281.0,0.0,0.0,4.0,NA,-0.04
2026-05-16 01:00:00,56.5,97.5,2.8,7.7,9.7,NA,9.23,0.79,42.25,2.6,4.53,3.37,NA,NA,NA,26.65,61.75,0.75,289.25,0.0,0.0,4.0,NA,-0.04
2026-05-16 02:00:00,50.0,87.25,2.73,7.65,9.63,NA,9.17,0.78,41.93,2.6,4.5,3.32,NA,NA,NA,26.48,61.75,0.73,299.0,0.0,0.0,4.0,NA,-0.04
2026-05-16 03:00:00,46.5,81.75,2.7,7.63,9.6,NA,9.17,0.78,41.8,2.57,4.47,3.33,NA,NA,NA,26.35,61.0,0.65,306.0,0.0,0.0,4.0,NA,-0.04
2026-05-16 04:00:00,40.25,71.75,2.68,7.48,9.43,NA,9.5,0.78,40.88,2.65,4.65,3.45,NA,NA,NA,25.78,65.25,0.55,188.75,0.0,0.0,4.0,NA,-0.03
2026-05-16 05:00:00,45.75,81.0,2.6,7.35,9.25,NA,9.47,0.77,40.13,2.63,4.63,3.43,NA,NA,NA,25.3,70.0,0.58,173.0,0.0,0.0,5.5,NA,-0.04
2026-05-16 06:00:00,61.0,104.25,2.73,7.58,9.53,NA,9.45,0.78,41.45,2.63,4.63,3.43,NA,NA,NA,26.15,65.25,0.73,124.25,0.0,0.0,76.5,NA,-0.04
2026-05-16 07:00:00,63.75,108.75,2.88,8.08,10.15,NA,9.53,0.81,44.55,2.67,4.67,3.47,NA,NA,NA,28.05,56.0,0.68,132.0,0.0,0.0,215.25,NA,-0.03
2026-05-16 08:00:00,62.25,106.5,3.05,8.5,10.68,NA,9.85,0.85,47.18,2.75,4.8,3.6,NA,NA,NA,29.68,48.25,0.6,149.25,0.0,0.0,366.25,NA,-0.03
2026-05-16 09:00:00,59.5,102.0,3.18,8.83,11.15,NA,9.7,0.87,49.33,2.7,4.77,3.57,NA,NA,NA,30.98,41.0,0.53,227.25,0.0,0.0,493.75,NA,-0.06
2026-05-16 10:00:00,53.0,91.75,3.23,9.05,11.4,NA,9.25,0.88,50.7,2.6,4.53,3.35,NA,NA,NA,31.83,36.75,0.55,210.25,0.0,0.0,584.75,NA,-0.1
2026-05-16 11:00:00,47.75,83.75,3.3,9.17,11.58,NA,NA,0.89,51.6,2.45,4.25,3.2,NA,NA,NA,32.43,34.5,0.4,230.5,0.0,0.0,642.75,NA,-0.12
2026-05-16 12:00:00,47.75,83.75,3.3,9.25,11.7,NA,8.78,0.9,52.1,2.48,4.28,3.2,NA,NA,NA,32.68,33.25,0.43,223.5,0.0,0.0,642.5,NA,-0.13
2026-05-16 13:00:00,48.75,84.75,3.4,9.43,11.85,NA,8.93,0.91,52.88,2.5,4.37,3.3,NA,NA,NA,33.18,32.25,0.33,232.25,0.0,0.0,600.0,NA,-0.12
2026-05-16 14:00:00,49.75,87.5,3.4,9.43,11.83,NA,9.23,0.92,52.95,2.6,4.53,3.35,NA,NA,NA,33.23,31.5,0.33,229.75,0.0,0.0,520.25,NA,-0.13
2026-05-16 15:00:00,56.0,97.0,3.4,9.45,11.88,NA,9.2,0.92,53.18,2.6,4.5,3.3,NA,NA,NA,33.35,31.0,0.35,248.75,0.0,0.0,397.75,NA,-0.13
2026-05-16 16:00:00,41.75,74.5,3.32,9.3,11.73,NA,9.28,0.9,52.43,2.6,4.55,3.4,NA,NA,NA,32.85,31.0,0.28,241.75,0.0,0.0,174.25,NA,-0.13
2026-05-16 17:00:00,43.25,75.75,3.28,9.18,11.53,NA,9.07,0.89,51.38,2.57,4.4,3.33,NA,NA,NA,32.23,32.75,0.38,246.5,0.0,0.0,32.0,NA,-0.13
2026-05-16 18:00:00,50.75,88.25,3.2,8.95,11.23,NA,9.23,0.88,49.93,2.55,4.48,3.38,NA,NA,NA,31.38,33.5,0.48,251.75,0.0,0.0,4.5,NA,-0.04
2026-05-16 19:00:00,55.25,95.0,3.1,8.73,10.98,NA,9.73,0.86,48.65,2.7,4.8,3.57,NA,NA,NA,30.58,36.0,0.65,233.5,0.0,0.0,3.25,NA,-0.02
2026-05-16 20:00:00,72.75,123.0,3.05,8.55,10.75,NA,9.5,0.85,47.43,2.68,4.63,3.45,NA,NA,NA,29.83,38.5,0.8,205.25,0.0,0.0,3.25,NA,-0.02
2026-05-16 21:00:00,108.0,178.75,3.0,8.38,10.58,NA,9.67,0.84,46.55,2.7,4.73,3.5,NA,NA,NA,29.28,39.5,0.78,210.75,0.0,0.0,3.75,NA,-0.03
2026-05-16 22:00:00,89.75,150.0,3.0,8.3,10.45,NA,8.95,0.84,46.03,2.53,4.38,3.28,NA,NA,NA,28.95,39.25,0.78,220.75,0.0,0.0,3.0,NA,-0.02
2026-05-16 23:00:00,70.75,120.25,2.93,8.2,10.3,NA,8.83,0.82,45.45,2.47,4.37,3.27,NA,NA,NA,28.6,40.0,0.78,216.0,0.0,0.0,3.5,NA,-0.03
2026-05-17 00:00:00,69.75,118.25,2.9,8.13,10.23,NA,9.05,0.81,44.95,2.58,4.45,3.3,NA,NA,NA,28.3,40.75,0.83,192.25,0.0,0.0,3.5,NA,-0.03
2026-05-17 01:00:00,61.5,105.5,2.9,8.1,10.17,NA,9.0,0.81,44.6,2.5,4.4,3.3,NA,NA,NA,28.08,41.0,0.68,233.25,0.0,0.0,3.25,NA,-0.02
2026-05-17 02:00:00,46.0,81.0,2.9,8.0,10.05,NA,9.3,0.81,44.08,2.6,4.55,3.4,NA,NA,NA,27.75,41.75,0.7,244.25,0.0,0.0,3.0,NA,-0.01
2026-05-17 03:00:00,41.5,74.5,2.8,7.9,9.93,NA,9.47,0.8,43.5,2.67,4.63,3.47,NA,NA,NA,27.4,43.0,0.65,235.0,0.0,0.0,3.25,NA,-0.02
2026-05-17 04:00:00,38.5,69.0,2.8,7.78,9.78,NA,9.43,0.79,42.68,2.65,4.65,3.45,NA,NA,NA,26.88,46.75,0.35,170.25,0.0,0.0,3.25,NA,-0.02
2026-05-17 05:00:00,50.75,88.25,2.7,7.65,9.6,NA,9.37,0.78,41.88,2.63,4.6,3.43,NA,NA,NA,26.42,49.0,0.55,279.75,0.0,0.0,5.5,NA,-0.01
2026-05-17 06:00:00,64.75,110.5,2.8,7.78,9.78,NA,9.28,0.79,42.63,2.6,4.53,3.4,NA,NA,NA,26.85,48.0,0.48,256.5,0.0,0.0,84.25,NA,-0.01
2026-05-17 07:00:00,60.25,103.5,2.95,8.18,10.3,NA,9.53,0.82,45.25,2.63,4.63,3.43,NA,NA,NA,28.5,44.25,0.73,211.0,0.0,0.0,232.5,NA,-0.01
2026-05-17 08:00:00,76.75,129.0,3.08,8.6,10.85,NA,9.58,0.86,48.08,2.7,4.7,3.5,NA,NA,NA,30.23,39.0,0.7,211.75,0.0,0.0,373.25,NA,-0.04
2026-05-17 09:00:00,69.75,118.5,3.18,8.95,11.25,NA,9.53,0.88,49.95,2.67,4.67,3.47,NA,NA,NA,31.38,35.5,0.4,231.25,0.0,0.0,497.0,NA,-0.03
2026-05-17 10:00:00,69.75,118.5,3.3,9.13,11.48,NA,9.15,0.89,51.2,2.58,4.48,3.32,NA,NA,NA,32.13,33.75,0.33,234.5,0.0,0.0,583.0,NA,-0.04
2026-05-17 11:00:00,60.0,103.0,3.3,9.28,11.73,NA,NA,0.9,52.23,2.5,4.3,3.25,NA,NA,NA,32.75,32.5,0.23,246.5,0.0,0.0,628.5,NA,-0.05
2026-05-17 12:00:00,80.0,134.5,3.4,9.43,11.83,NA,9.25,0.92,52.97,2.58,4.5,3.35,NA,NA,NA,33.23,31.5,0.23,255.75,0.0,0.0,633.25,NA,-0.05
2026-05-17 13:00:00,89.0,148.5,3.4,9.55,12.0,NA,9.3,0.93,53.8,2.6,4.57,3.4,NA,NA,NA,33.75,30.0,0.25,229.25,0.0,0.0,591.5,NA,-0.04
2026-05-17 14:00:00,295.25,472.75,3.43,9.6,12.08,NA,9.13,0.93,54.1,2.6,4.43,3.3,NA,NA,NA,33.93,30.0,0.13,276.0,0.0,0.0,510.5,NA,-0.05
2026-05-17 15:00:00,124.5,203.75,3.4,9.58,12.03,NA,9.07,0.93,53.85,2.57,4.43,3.33,NA,NA,NA,33.75,30.25,0.15,229.5,0.0,0.0,391.25,NA,-0.05
2026-05-17 16:00:00,84.25,140.5,3.4,9.45,11.9,NA,9.52,0.92,53.28,2.68,4.65,3.45,NA,NA,NA,33.4,31.5,0.25,232.0,0.0,0.0,172.5,NA,-0.05
2026-05-17 17:00:00,293.5,469.75,3.32,9.3,11.7,NA,9.6,0.9,52.15,2.7,4.7,3.5,NA,NA,NA,32.73,32.25,0.35,241.75,0.0,0.0,41.75,NA,-0.04
2026-05-17 18:00:00,120.0,197.5,3.25,9.05,11.35,NA,9.18,0.89,50.63,2.6,4.5,3.35,NA,NA,NA,31.75,33.75,0.43,233.5,0.0,0.0,6.5,NA,-0.04
2026-05-17 19:00:00,84.25,141.25,3.15,8.83,11.13,NA,9.07,0.87,49.25,2.57,4.4,3.3,NA,NA,NA,30.95,35.25,0.63,211.25,0.0,0.0,4.0,NA,-0.05
2026-05-17 20:00:00,293.75,470.25,3.1,8.73,10.98,NA,9.52,0.86,48.58,2.65,4.68,3.5,NA,NA,NA,30.53,36.25,0.73,214.0,0.0,0.0,4.0,NA,-0.05
2026-05-17 21:00:00,141.5,230.5,3.1,8.6,10.83,NA,9.87,0.86,47.95,2.77,4.87,3.6,NA,NA,NA,30.15,38.25,0.8,194.0,0.0,0.0,4.0,NA,-0.06
2026-05-17 22:00:00,49.5,82.25,3.1,8.53,10.73,NA,9.08,0.85,47.43,2.55,4.48,3.35,NA,NA,NA,29.8,40.0,0.8,193.75,0.0,0.0,4.0,NA,-0.06
2026-05-17 23:00:00,54.75,89.25,3.03,8.48,10.67,NA,8.87,0.85,47.13,2.5,4.33,3.27,NA,NA,NA,29.63,40.5,0.8,193.75,0.0,0.0,4.0,NA,-0.05
2026-05-18 00:00:00,58.5,95.0,3.0,8.33,10.5,NA,9.4,0.84,46.18,2.63,4.63,3.43,NA,NA,NA,29.05,43.5,0.63,243.25,0.0,0.0,4.0,NA,-0.04
2026-05-18 01:00:00,48.75,81.25,2.9,8.15,10.25,NA,9.57,0.82,45.05,2.67,4.67,3.5,NA,NA,NA,28.35,44.5,0.65,283.5,0.0,0.0,4.0,NA,-0.05
2026-05-18 02:00:00,34.25,59.25,2.9,8.08,10.17,NA,9.33,0.81,44.6,2.63,4.58,3.4,NA,NA,NA,28.1,45.5,0.38,287.5,0.0,0.0,4.0,NA,-0.04
2026-05-18 03:00:00,33.75,57.75,2.88,8.0,10.03,NA,9.2,0.8,43.93,2.6,4.53,3.33,NA,NA,NA,27.68,47.0,0.48,275.75,0.0,0.0,4.0,NA,-0.04
2026-05-18 04:00:00,33.0,56.25,2.8,7.9,9.95,NA,9.1,0.8,43.6,2.58,4.48,3.32,NA,NA,NA,27.45,46.75,0.43,259.75,0.0,0.0,3.75,NA,-0.03
2026-05-18 05:00:00,36.25,61.25,2.8,7.9,9.9,NA,8.83,0.8,43.43,2.5,4.33,3.23,NA,NA,NA,27.35,45.75,0.53,221.75,0.0,0.0,6.0,NA,-0.05
2026-05-18 06:00:00,50.5,83.25,2.88,8.05,10.15,NA,9.15,0.81,44.38,2.58,4.43,3.35,NA,NA,NA,27.98,44.0,0.5,247.0,0.0,0.0,79.5,NA,-0.04
2026-05-18 07:00:00,54.5,89.5,3.05,8.48,10.68,NA,9.4,0.84,47.05,2.6,4.6,3.4,NA,NA,NA,29.58,40.5,0.65,218.5,0.0,0.0,215.25,NA,-0.04
2026-05-18 08:00:00,165.0,255.0,3.15,8.8,11.05,NA,9.3,0.87,49.1,2.63,4.55,3.35,NA,NA,NA,30.85,37.75,0.68,211.75,0.0,0.0,348.0,NA,-0.08
2026-05-18 09:00:00,185.0,284.75,3.32,9.25,11.63,NA,8.6,0.9,51.93,2.43,4.2,3.17,NA,NA,NA,32.58,35.5,0.48,217.25,0.0,0.0,464.75,NA,-0.12
2026-05-18 10:00:00,98.75,155.25,3.4,9.45,11.88,NA,8.95,0.92,53.15,2.5,4.38,3.25,NA,NA,NA,33.35,35.75,0.43,192.25,0.0,0.0,557.75,NA,-0.17
2026-05-18 11:00:00,149.0,231.75,3.32,9.33,11.73,NA,NA,0.9,52.48,2.7,4.75,3.5,NA,NA,NA,32.95,37.75,0.45,188.5,0.0,0.0,592.25,NA,-0.19
2026-05-18 12:00:00,185.0,285.0,3.3,9.23,11.6,NA,9.27,0.89,51.78,2.6,4.55,3.35,NA,NA,NA,32.53,39.5,0.45,193.5,0.0,0.0,599.0,NA,-0.15
2026-05-18 13:00:00,185.0,285.0,3.32,9.33,11.75,NA,8.9,0.9,52.45,2.53,4.33,3.23,NA,NA,NA,32.88,39.0,0.53,192.75,0.0,0.0,543.25,NA,-0.15
2026-05-18 14:00:00,65.0,104.75,3.35,9.38,11.78,NA,9.35,0.91,52.65,2.58,4.55,3.4,NA,NA,NA,33.03,38.75,0.5,192.75,0.0,0.0,451.75,NA,-0.15
2026-05-18 15:00:00,45.5,75.5,3.4,9.43,11.85,NA,9.27,0.92,52.98,2.6,4.53,3.37,NA,NA,NA,33.2,38.0,0.5,182.5,0.0,0.0,328.5,NA,-0.15
2026-05-18 16:00:00,41.75,69.5,3.4,9.48,11.93,NA,9.55,0.92,53.4,2.65,4.68,3.5,NA,NA,NA,33.5,38.0,0.52,214.75,0.0,0.0,158.25,NA,-0.16
2026-05-18 17:00:00,40.25,68.0,3.35,9.35,11.8,NA,9.1,0.91,52.65,2.57,4.43,3.33,NA,NA,NA,33.03,33.0,0.43,232.75,0.0,0.0,31.5,NA,-0.15
2026-05-18 18:00:00,27.25,48.5,3.3,9.2,11.55,NA,8.8,0.9,51.7,2.48,4.28,3.2,NA,NA,NA,32.45,30.0,0.38,244.25,0.0,0.0,4.75,NA,-0.11
2026-05-18 19:00:00,29.25,51.0,3.2,8.95,11.28,NA,9.13,0.88,50.15,2.57,4.43,3.3,NA,NA,NA,31.53,32.25,0.5,232.75,0.0,0.0,4.75,NA,-0.14
2026-05-18 20:00:00,39.0,65.75,3.18,8.85,11.15,NA,9.23,0.87,49.4,2.6,4.5,3.35,NA,NA,NA,31.03,34.0,0.45,251.0,0.0,0.0,4.75,NA,-0.14
2026-05-18 21:00:00,39.0,65.5,3.1,8.78,11.0,NA,9.1,0.87,48.88,2.57,4.43,3.33,NA,NA,NA,30.73,34.25,0.53,211.5,0.0,0.0,4.0,NA,-0.1
2026-05-18 22:00:00,32.25,55.75,3.1,8.63,10.85,NA,9.15,0.86,48.08,2.58,4.48,3.38,NA,NA,NA,30.2,35.5,0.55,128.0,0.0,0.0,4.0,NA,-0.09
2026-05-18 23:00:00,32.75,55.75,3.03,8.38,10.58,NA,9.07,0.84,46.65,2.57,4.43,3.3,NA,NA,NA,29.33,40.25,0.73,131.25,0.0,0.0,4.0,NA,-0.09
2026-05-19 00:00:00,52.5,86.75,3.0,8.0,10.0,NA,9.5,0.0,45.5,2.0,4.0,3.0,NA,NA,NA,28.5,43.5,0.0,194.5,0.0,0.0,4.0,NA,0.0
2026-05-19 01:00:00,54.0,88.5,2.5,8.0,10.0,NA,9.67,0.0,45.0,2.0,4.0,3.0,NA,NA,NA,28.0,43.25,0.0,195.75,0.0,0.0,4.0,NA,0.0
2026-05-19 02:00:00,45.5,75.25,2.0,8.0,10.0,NA,8.5,0.0,45.0,2.0,4.0,3.0,NA,NA,NA,28.0,45.75,0.0,204.0,0.0,0.0,4.0,NA,0.0
2026-05-19 03:00:00,38.75,65.5,2.9,8.13,10.23,NA,9.0,0.81,44.93,2.5,4.37,412.5,NA,NA,NA,28.28,45.25,0.7,176.25,NA,NA,4.0,NA,-0.1
2026-05-19 04:00:00,33.75,58.75,2.9,8.08,10.15,NA,9.1,0.81,44.65,2.58,4.45,415.63,NA,NA,NA,28.13,46.5,0.85,180.0,NA,NA,4.0,NA,-0.09
2026-05-19 05:00:00,36.5,62.25,2.8,7.83,9.83,NA,9.13,0.8,42.98,2.6,4.43,412.5,NA,NA,NA,27.05,54.75,0.8,195.25,NA,NA,5.25,NA,-0.09
2026-05-19 06:00:00,41.5,69.75,2.7,7.6,9.55,NA,9.33,0.78,41.6,2.6,4.57,425.0,NA,NA,NA,26.23,64.25,0.6,198.5,NA,NA,64.0,NA,-0.09
2026-05-19 07:00:00,43.75,72.75,2.78,7.7,9.7,NA,9.33,0.79,42.25,2.6,4.57,425.0,NA,NA,NA,26.63,70.5,0.6,197.5,NA,NA,186.75,NA,-0.09
2026-05-19 08:00:00,39.25,66.25,2.85,7.93,9.98,NA,9.2,0.8,43.73,2.6,4.53,418.75,NA,NA,NA,27.53,69.25,0.55,201.5,NA,NA,323.75,NA,-0.09
2026-05-19 09:00:00,34.5,59.25,2.93,8.18,10.28,NA,9.37,0.82,45.2,2.63,4.6,3.43,NA,NA,NA,28.45,65.75,0.55,209.75,0.0,0.0,448.0,NA,-0.12
2026-05-19 10:00:00,35.0,60.5,3.0,8.43,10.6,NA,9.13,0.85,46.65,2.55,4.48,3.35,NA,NA,NA,29.35,61.75,0.65,205.25,0.0,0.0,539.25,NA,-0.15
2026-05-19 11:00:00,33.5,58.0,3.1,8.6,10.83,NA,NA,0.86,48.0,2.6,4.5,3.35,NA,NA,NA,30.2,56.75,0.6,197.25,0.0,0.0,589.25,NA,-0.16
2026-05-19 12:00:00,34.0,58.25,3.15,8.78,11.05,NA,9.38,0.87,49.03,2.6,4.57,3.38,NA,NA,NA,30.8,54.0,0.6,198.25,0.0,0.0,581.75,NA,-0.16
2026-05-19 13:00:00,37.25,63.25,3.2,8.93,11.23,NA,9.37,0.87,49.88,2.6,4.6,3.4,NA,NA,NA,31.33,51.25,0.55,202.25,0.0,0.0,543.25,NA,-0.15
2026-05-19 14:00:00,37.0,63.25,3.25,9.08,11.43,NA,9.08,0.89,50.95,2.55,4.45,3.32,NA,NA,NA,32.0,48.75,0.53,193.0,0.0,0.0,459.75,NA,-0.16
2026-05-19 15:00:00,37.0,63.25,3.3,9.2,11.55,NA,8.83,0.89,51.48,2.5,4.3,3.2,NA,NA,NA,32.3,47.0,0.6,205.75,0.0,0.0,337.5,NA,-0.16
2026-05-19 16:00:00,37.0,63.5,3.28,9.1,11.48,NA,9.05,0.89,51.05,2.58,4.4,3.3,NA,NA,NA,32.03,48.25,0.48,189.75,0.0,0.0,159.5,NA,-0.16
2026-05-19 17:00:00,38.75,65.75,3.2,8.93,11.2,NA,9.0,0.88,49.83,2.5,4.4,3.3,NA,NA,NA,31.3,50.0,0.65,198.75,0.0,0.0,39.25,NA,-0.16
2026-05-19 18:00:00,39.75,66.75,3.1,8.75,11.0,NA,8.98,0.87,48.75,2.53,4.35,3.28,NA,NA,NA,30.63,51.5,0.73,189.0,0.0,0.0,4.75,NA,-0.1
2026-05-19 19:00:00,41.75,70.25,3.1,8.63,10.88,NA,9.47,0.86,48.15,2.63,4.63,3.47,NA,NA,NA,30.25,52.75,0.63,208.25,0.0,0.0,4.0,NA,-0.1
2026-05-19 20:00:00,41.25,70.25,3.1,8.6,10.8,NA,9.08,0.85,47.75,2.55,4.43,3.33,NA,NA,NA,30.03,53.0,0.68,199.5,0.0,0.0,4.0,NA,-0.09
2026-05-19 21:00:00,46.0,76.75,3.03,8.5,10.67,NA,8.87,0.85,47.18,2.5,4.33,3.23,NA,NA,NA,29.65,53.25,0.8,195.0,0.0,0.0,4.0,NA,-0.08
2026-05-19 22:00:00,41.25,69.5,3.0,8.38,10.55,NA,9.2,0.84,46.5,2.58,4.53,3.35,NA,NA,NA,29.28,55.0,0.7,194.25,0.0,0.0,4.0,NA,-0.08
2026-05-19 23:00:00,38.5,65.5,2.98,8.25,10.38,NA,9.27,0.83,45.7,2.6,4.53,3.4,NA,NA,NA,28.75,56.75,0.65,205.5,0.0,0.0,4.0,NA,-0.09
2026-05-20 00:00:00,36.5,62.5,2.9,8.17,10.28,NA,9.23,0.82,45.18,2.6,4.5,3.32,NA,NA,NA,28.42,58.25,0.58,200.5,0.0,0.0,4.0,NA,-0.09
2026-05-20 01:00:00,34.25,59.5,2.9,8.13,10.2,NA,9.2,0.82,44.83,2.6,4.5,3.3,NA,NA,NA,28.2,58.25,0.63,201.5,0.0,0.0,4.0,NA,-0.08
2026-05-20 02:00:00,32.25,55.5,2.9,8.0,10.08,NA,9.03,0.81,44.15,2.53,4.4,3.3,NA,NA,NA,27.78,59.75,0.73,200.25,0.0,0.0,4.0,NA,-0.08
2026-05-20 03:00:00,29.5,51.75,2.8,7.88,9.93,NA,8.87,0.8,43.38,2.5,4.33,3.23,NA,NA,NA,27.3,62.75,0.55,204.25,0.0,0.0,4.0,NA,-0.08
2026-05-20 04:00:00,29.0,51.0,2.8,7.8,9.8,NA,9.5,0.79,42.8,2.68,4.68,3.48,NA,NA,NA,26.98,64.75,0.75,198.25,0.0,0.0,4.0,NA,-0.08
2026-05-20 05:00:00,34.0,58.75,2.8,7.8,9.8,NA,9.87,0.79,42.75,2.77,4.8,3.6,NA,NA,NA,26.95,66.0,0.73,180.5,0.0,0.0,5.25,NA,-0.07
2026-05-20 06:00:00,34.25,58.25,2.8,7.7,9.7,NA,8.95,0.79,42.33,2.53,4.4,3.28,NA,NA,NA,26.65,70.5,0.8,194.5,0.0,0.0,66.25,NA,-0.07
2026-05-20 07:00:00,40.0,67.25,2.82,7.93,9.93,NA,8.77,0.8,43.43,2.5,4.3,3.2,NA,NA,NA,27.35,68.25,0.7,190.75,0.0,0.0,192.25,NA,-0.08
2026-05-20 08:00:00,39.25,66.0,2.93,8.13,10.25,NA,9.23,0.82,44.93,2.58,4.5,3.33,NA,NA,NA,28.3,64.25,0.7,202.25,0.0,0.0,328.25,NA,-0.1
2026-05-20 09:00:00,38.0,64.25,3.1,8.63,10.85,NA,9.63,0.86,48.05,2.67,4.7,3.5,NA,NA,NA,30.2,56.25,0.58,207.75,0.0,0.0,439.75,NA,-0.12
2026-05-20 10:00:00,41.25,69.5,3.25,9.15,11.5,NA,8.83,0.89,51.15,2.48,4.33,3.23,NA,NA,NA,32.1,47.5,0.6,210.5,0.0,0.0,519.75,NA,-0.14
2026-05-20 11:00:00,48.25,80.0,3.38,9.45,11.88,NA,8.3,0.92,53.05,2.3,4.05,3.0,NA,NA,NA,33.28,41.0,0.48,231.25,0.0,0.0,570.0,NA,-0.16
2026-05-20 12:00:00,46.5,77.0,3.43,9.63,12.13,NA,9.08,0.93,54.3,2.53,4.43,3.28,NA,NA,NA,34.03,36.25,0.48,216.5,0.0,0.0,592.25,NA,-0.16
2026-05-20 13:00:00,45.0,75.25,3.5,9.67,12.2,NA,9.0,0.94,54.73,2.53,4.37,3.27,NA,NA,NA,34.3,33.75,0.4,222.0,0.0,0.0,572.25,NA,-0.16
2026-05-20 14:00:00,36.5,62.25,3.5,9.83,12.35,NA,9.3,0.94,55.48,2.58,4.55,3.38,NA,NA,NA,34.8,32.5,0.4,227.5,0.0,0.0,486.0,NA,-0.16
2026-05-20 15:00:00,35.0,60.0,3.5,9.88,12.4,NA,9.37,0.94,55.78,2.6,4.6,3.4,NA,NA,NA,34.9,29.75,0.53,214.5,0.0,0.0,360.25,NA,-0.15
2026-05-20 16:00:00,36.75,62.5,3.5,9.85,12.38,NA,9.2,0.94,55.58,2.6,4.5,3.32,NA,NA,NA,34.85,28.25,0.53,217.25,0.0,0.0,154.25,NA,-0.15
2026-05-20 17:00:00,34.5,58.75,3.48,9.68,12.18,NA,9.33,0.93,54.58,2.6,4.57,3.4,NA,NA,NA,34.2,28.75,0.43,244.25,0.0,0.0,37.75,NA,-0.15
2026-05-20 18:00:00,38.25,64.75,3.35,9.35,11.78,NA,8.7,0.91,52.65,2.43,4.25,3.18,NA,NA,NA,33.03,32.75,0.53,231.0,0.0,0.0,5.5,NA,-0.11
2026-05-20 19:00:00,47.5,78.75,3.25,9.1,11.45,NA,9.03,0.89,50.98,2.5,4.4,3.27,NA,NA,NA,32.03,36.0,0.6,221.75,0.0,0.0,4.0,NA,-0.09
2026-05-20 20:00:00,58.25,94.5,3.2,8.95,11.25,NA,9.35,0.88,50.2,2.6,4.57,3.43,NA,NA,NA,31.53,36.0,0.6,224.25,0.0,0.0,4.0,NA,-0.09
2026-05-20 21:00:00,49.0,80.75,3.2,8.88,11.15,NA,9.33,0.87,49.58,2.6,4.6,3.4,NA,NA,NA,31.13,36.5,0.6,232.75,0.0,0.0,4.0,NA,-0.08
2026-05-20 22:00:00,42.75,71.25,3.1,8.73,11.0,NA,9.23,0.86,48.73,2.6,4.53,3.35,NA,NA,NA,30.6,38.25,0.68,263.25,0.0,0.0,4.0,NA,-0.08
2026-05-20 23:00:00,39.5,66.5,3.1,8.58,10.8,NA,9.47,0.85,47.78,2.6,4.6,3.47,NA,NA,NA,30.0,39.75,0.78,240.0,0.0,0.0,4.0,NA,-0.08
2026-05-21 00:00:00,41.0,69.0,3.07,8.5,10.7,NA,9.03,0.85,47.27,2.53,4.4,3.3,NA,NA,NA,29.7,40.0,0.53,281.33,0.0,0.0,4.0,NA,-0.08
2026-05-21 01:00:00,39.25,66.5,3.0,8.4,10.58,NA,9.17,0.84,46.58,2.6,4.47,3.33,NA,NA,NA,29.3,41.0,0.58,236.25,0.0,0.0,4.0,NA,-0.08
2026-05-21 02:00:00,44.25,73.75,2.98,8.28,10.38,NA,9.23,0.83,45.73,2.58,4.5,3.35,NA,NA,NA,28.75,42.0,0.5,201.75,0.0,0.0,4.0,NA,-0.08
2026-05-21 03:00:00,30.75,53.5,2.9,8.08,10.17,NA,8.97,0.81,44.7,2.5,4.4,3.3,NA,NA,NA,28.13,45.5,0.43,171.5,0.0,0.0,4.0,NA,-0.08
2026-05-21 04:00:00,36.5,61.75,2.8,7.8,9.83,NA,9.18,0.8,42.88,2.58,4.5,3.35,NA,NA,NA,27.05,65.0,0.6,194.5,0.0,0.0,4.0,NA,-0.07
2026-05-21 05:00:00,34.5,59.5,2.8,7.7,9.7,NA,9.07,0.79,42.2,2.53,4.43,3.3,NA,NA,NA,26.58,72.75,0.6,195.0,0.0,0.0,5.75,NA,-0.07
2026-05-21 06:00:00,35.0,60.5,2.75,7.73,9.68,NA,9.55,0.79,42.18,2.65,4.68,3.5,NA,NA,NA,26.6,73.75,0.48,207.25,0.0,0.0,78.75,NA,-0.08
2026-05-21 07:00:00,39.75,67.0,2.88,8.03,10.13,NA,9.67,0.81,44.43,2.7,4.77,3.53,NA,NA,NA,27.95,66.25,0.58,207.25,0.0,0.0,223.5,NA,-0.05
2026-05-21 08:00:00,47.75,78.75,3.08,8.55,10.75,NA,9.67,0.85,47.58,2.7,4.78,3.55,NA,NA,NA,29.9,56.0,0.38,206.0,0.0,0.0,367.25,NA,-0.09
2026-05-21 09:00:00,46.5,76.75,3.25,9.05,11.38,NA,9.73,0.89,50.7,2.7,4.77,3.57,NA,NA,NA,31.83,40.0,0.55,230.75,0.0,0.0,506.0,NA,-0.11
2026-05-21 10:00:00,42.25,71.0,3.35,9.35,11.75,NA,8.88,0.91,52.53,2.5,4.38,3.25,NA,NA,NA,32.95,31.75,0.3,238.75,0.0,0.0,608.75,NA,-0.14
2026-05-21 11:00:00,39.5,66.5,3.4,9.53,11.95,NA,NA,0.92,53.48,2.2,3.9,2.9,NA,NA,NA,33.58,31.5,0.3,254.25,0.0,0.0,650.5,NA,-0.16
2026-05-21 12:00:00,39.75,67.0,3.48,9.7,12.2,NA,8.8,0.94,54.73,2.48,4.3,3.22,NA,NA,NA,34.3,29.25,0.33,231.0,0.0,0.0,649.5,NA,-0.16
2026-05-21 13:00:00,35.0,59.5,3.53,9.88,12.43,NA,8.8,0.95,55.88,2.47,4.3,3.2,NA,NA,NA,35.0,27.5,0.38,228.25,0.0,0.0,623.75,NA,-0.16
2026-05-21 14:00:00,41.75,70.0,3.6,9.93,12.5,NA,9.0,0.95,56.18,2.55,4.4,3.28,NA,NA,NA,35.18,25.75,0.4,222.75,0.0,0.0,548.25,NA,-0.16
2026-05-21 15:00:00,39.75,67.0,3.55,9.9,12.48,NA,8.93,0.95,56.0,2.5,4.4,3.3,NA,NA,NA,35.08,26.25,0.43,225.25,0.0,0.0,416.5,NA,-0.16
2026-05-21 16:00:00,38.25,65.25,3.5,9.8,12.33,NA,9.23,0.94,55.33,2.6,4.48,3.38,NA,NA,NA,34.7,27.25,0.48,225.75,0.0,0.0,169.25,NA,-0.16
2026-05-21 17:00:00,35.5,61.5,3.45,9.6,12.1,NA,9.5,0.93,54.15,2.63,4.63,3.47,NA,NA,NA,33.95,28.0,0.45,226.75,0.0,0.0,39.0,NA,-0.16
2026-05-21 18:00:00,42.0,70.75,3.35,9.35,11.75,NA,9.38,0.91,52.48,2.63,4.6,3.43,NA,NA,NA,32.93,30.0,0.6,236.5,0.0,0.0,6.0,NA,-0.11
2026-05-21 19:00:00,50.75,84.0,3.3,9.15,11.5,NA,9.57,0.89,51.23,2.67,4.7,3.5,NA,NA,NA,32.18,32.75,0.65,238.5,0.0,0.0,4.0,NA,-0.09
2026-05-21 20:00:00,56.25,92.0,3.2,9.0,11.33,NA,9.53,0.88,50.4,2.65,4.68,3.48,NA,NA,NA,31.65,34.25,0.73,214.0,0.0,0.0,4.0,NA,-0.1
2026-05-21 21:00:00,73.0,117.5,3.2,8.9,11.2,NA,9.47,0.88,49.88,2.6,4.6,3.43,NA,NA,NA,31.3,35.0,0.78,203.0,0.0,0.0,4.0,NA,-0.09
2026-05-21 22:00:00,84.5,134.0,3.15,8.83,11.1,NA,9.4,0.87,49.2,2.63,4.63,3.43,NA,NA,NA,30.9,36.25,0.73,231.0,0.0,0.0,4.0,NA,-0.09
2026-05-21 23:00:00,95.25,149.5,3.1,8.65,10.88,NA,9.53,0.86,48.1,2.67,4.67,3.47,NA,NA,NA,30.23,39.25,0.8,196.25,0.0,0.0,4.0,NA,-0.09
2026-05-22 00:00:00,83.5,133.0,3.05,8.5,10.7,NA,9.5,0.85,47.2,2.65,4.63,3.45,NA,NA,NA,29.68,40.5,0.8,196.25,0.0,0.0,4.0,NA,-0.09
2026-05-22 01:00:00,71.0,114.0,3.0,8.4,10.58,NA,9.53,0.84,46.68,2.63,4.63,3.5,NA,NA,NA,29.35,41.75,0.83,196.0,0.0,0.0,4.0,NA,-0.08
2026-05-22 02:00:00,67.25,107.75,2.95,8.2,10.28,NA,9.4,0.82,45.28,2.65,4.63,3.43,NA,NA,NA,28.48,46.0,0.68,195.25,0.0,0.0,4.0,NA,-0.08
2026-05-22 03:00:00,67.75,108.75,2.78,7.7,9.7,NA,8.87,0.79,42.4,2.5,4.37,3.27,NA,NA,NA,26.73,61.5,0.68,192.25,0.0,0.0,4.0,NA,-0.09
2026-05-22 04:00:00,41.0,68.5,2.7,7.57,9.53,NA,9.13,0.78,41.4,2.58,4.45,3.32,NA,NA,NA,26.1,71.5,0.6,197.5,0.0,0.0,4.0,NA,-0.09
2026-05-22 05:00:00,28.25,50.0,2.7,7.5,9.4,NA,9.07,0.78,41.0,2.57,4.43,3.3,NA,NA,NA,25.88,76.75,0.55,194.75,0.0,0.0,5.5,NA,-0.08
2026-05-22 06:00:00,19.75,37.0,2.7,7.5,9.45,NA,9.3,0.78,41.08,2.6,4.53,3.38,NA,NA,NA,25.88,77.75,0.65,198.5,0.0,0.0,73.25,NA,-0.09
2026-05-22 07:00:00,18.0,34.25,2.75,7.68,9.65,NA,9.27,0.79,42.05,2.6,4.53,3.37,NA,NA,NA,26.5,74.25,0.65,195.5,0.0,0.0,202.75,NA,-0.09
2026-05-22 08:00:00,17.25,34.0,2.82,7.9,9.9,NA,9.13,0.8,43.33,2.6,4.45,3.3,NA,NA,NA,27.33,69.75,0.55,198.0,0.0,0.0,340.0,NA,-0.11
2026-05-22 09:00:00,24.75,45.0,2.93,8.13,10.23,NA,9.23,0.82,44.88,2.6,4.5,3.37,NA,NA,NA,28.25,65.25,0.38,223.0,0.0,0.0,471.0,NA,-0.11
2026-05-22 10:00:00,23.5,42.75,3.08,8.63,10.85,NA,8.73,0.86,48.0,2.45,4.28,3.18,NA,NA,NA,30.18,56.0,0.55,200.75,0.0,0.0,556.25,NA,-0.14
2026-05-22 11:00:00,31.5,54.25,3.25,9.08,11.43,NA,NA,0.89,50.98,2.2,3.85,2.9,NA,NA,NA,32.0,46.75,0.38,248.75,0.0,0.0,604.0,NA,-0.16
2026-05-22 12:00:00,33.0,57.0,3.4,9.43,11.83,NA,8.85,0.91,52.85,2.5,4.33,3.25,NA,NA,NA,33.18,41.0,0.6,207.5,0.0,0.0,602.0,NA,-0.16
2026-05-22 13:00:00,40.5,68.0,3.45,9.63,12.13,NA,9.17,0.93,54.28,2.57,4.47,3.33,NA,NA,NA,34.05,35.25,0.48,228.75,0.0,0.0,574.5,NA,-0.16
2026-05-22 14:00:00,37.75,64.0,3.5,9.73,12.23,NA,9.13,0.94,54.78,2.58,4.48,3.32,NA,NA,NA,34.35,32.25,0.43,221.75,0.0,0.0,502.75,NA,-0.16
2026-05-22 15:00:00,33.5,57.25,3.5,9.73,12.23,NA,8.9,0.94,54.9,2.5,4.33,3.27,NA,NA,NA,34.4,32.0,0.48,224.75,0.0,0.0,366.25,NA,-0.16
2026-05-22 16:00:00,37.25,63.75,3.5,9.7,12.2,NA,9.13,0.94,54.75,2.58,4.48,3.33,NA,NA,NA,34.33,30.25,0.53,237.75,0.0,0.0,155.0,NA,-0.16
2026-05-22 17:00:00,39.0,65.75,3.4,9.53,12.03,NA,9.33,0.93,53.73,2.6,4.57,3.4,NA,NA,NA,33.68,28.5,0.48,235.5,0.0,0.0,43.0,NA,-0.16
2026-05-22 18:00:00,58.25,95.0,3.32,9.28,11.68,NA,9.28,0.9,52.08,2.6,4.55,3.38,NA,NA,NA,32.68,28.25,0.63,233.5,0.0,0.0,7.0,NA,-0.15
2026-05-22 19:00:00,46.75,77.0,3.23,9.05,11.38,NA,9.67,0.88,50.73,2.7,4.77,3.53,NA,NA,NA,31.83,29.5,0.55,224.75,0.0,0.0,4.25,NA,-0.1
2026-05-22 20:00:00,49.75,81.5,3.2,8.9,11.15,NA,9.73,0.87,49.65,2.73,4.75,3.55,NA,NA,NA,31.18,31.75,0.63,220.5,0.0,0.0,4.0,NA,-0.09
2026-05-22 21:00:00,55.25,89.75,3.13,8.75,11.05,NA,9.57,0.87,48.98,2.67,4.67,3.5,NA,NA,NA,30.78,33.5,0.63,242.25,0.0,0.0,4.0,NA,-0.09
2026-05-22 22:00:00,46.75,77.5,3.08,8.63,10.85,NA,9.48,0.86,47.9,2.63,4.63,3.43,NA,NA,NA,30.13,35.5,0.55,208.25,0.0,0.0,4.0,NA,-0.1
2026-05-22 23:00:00,62.0,101.25,3.0,8.33,10.43,NA,9.67,0.83,46.05,2.7,4.73,3.53,NA,NA,NA,28.93,39.5,0.4,208.25,0.0,0.0,4.0,NA,-0.09
2026-05-23 00:00:00,75.25,120.25,3.0,8.33,10.45,NA,9.33,0.84,46.13,2.63,4.6,3.4,NA,NA,NA,29.03,38.75,0.7,206.25,0.0,0.0,4.25,NA,-0.1
2026-05-23 01:00:00,51.75,85.0,2.9,8.2,10.3,NA,9.1,0.82,45.23,2.57,4.43,3.3,NA,NA,NA,28.48,47.25,0.33,255.5,0.0,0.0,4.0,NA,-0.1
2026-05-23 02:00:00,38.5,65.25,2.9,8.15,10.25,NA,9.08,0.82,45.05,2.55,4.45,3.3,NA,NA,NA,28.33,49.25,0.45,299.5,0.0,0.0,4.0,NA,-0.09
2026-05-23 03:00:00,35.25,60.5,2.9,8.08,10.17,NA,8.8,0.81,44.6,2.5,4.33,3.23,NA,NA,NA,28.1,50.25,0.48,285.25,0.0,0.0,4.0,NA,-0.1
2026-05-23 04:00:00,36.75,62.5,2.88,7.98,10.05,NA,9.2,0.81,43.98,2.58,4.5,3.35,NA,NA,NA,27.68,51.5,0.63,257.75,0.0,0.0,4.0,NA,-0.09
2026-05-23 05:00:00,33.5,58.0,2.9,8.0,10.05,NA,9.37,0.81,44.05,2.6,4.57,3.4,NA,NA,NA,27.73,49.25,0.48,306.25,0.0,0.0,6.0,NA,-0.09
2026-05-23 06:00:00,32.25,55.25,2.93,8.13,10.23,NA,9.25,0.82,44.98,2.6,4.55,3.38,NA,NA,NA,28.3,46.25,0.65,233.5,0.0,0.0,74.75,NA,-0.1
2026-05-23 07:00:00,45.5,75.25,3.08,8.5,10.75,NA,9.43,0.85,47.45,2.63,4.63,3.43,NA,NA,NA,29.85,45.75,0.6,165.5,0.0,0.0,203.75,NA,-0.09
2026-05-23 08:00:00,53.75,88.25,3.23,8.95,11.28,NA,9.35,0.88,50.13,2.63,4.58,3.4,NA,NA,NA,31.45,38.5,0.65,183.25,0.0,0.0,339.0,NA,-0.1
2026-05-23 09:00:00,50.0,83.25,3.3,9.13,11.48,NA,9.47,0.89,51.18,2.63,4.63,3.43,NA,NA,NA,32.13,36.5,0.55,216.0,0.0,0.0,473.75,NA,-0.09
2026-05-23 10:00:00,56.0,91.5,3.35,9.35,11.75,NA,9.43,0.9,52.48,2.63,4.6,3.4,NA,NA,NA,32.95,35.5,0.55,224.25,0.0,0.0,555.25,NA,-0.14
2026-05-23 11:00:00,50.25,83.0,3.43,9.53,12.0,NA,NA,0.92,53.75,2.45,4.2,3.15,NA,NA,NA,33.7,33.0,0.43,227.0,0.0,0.0,609.75,NA,-0.14
2026-05-23 12:00:00,46.5,77.5,3.5,9.67,12.2,NA,8.63,0.94,54.78,2.43,4.23,3.15,NA,NA,NA,34.35,30.0,0.48,225.25,0.0,0.0,610.5,NA,-0.15
2026-05-23 13:00:00,55.75,91.25,3.5,9.8,12.3,NA,8.53,0.94,55.18,2.4,4.17,3.1,NA,NA,NA,34.6,29.0,0.28,244.0,0.0,0.0,569.75,NA,-0.14
2026-05-23 14:00:00,68.0,110.0,3.5,9.8,12.3,NA,8.95,0.94,55.35,2.53,4.38,3.28,NA,NA,NA,34.7,29.0,0.2,242.75,0.0,0.0,451.0,NA,-0.1
2026-05-23 15:00:00,74.25,119.75,3.5,9.7,12.2,NA,9.53,0.93,54.58,2.67,4.67,3.47,NA,NA,NA,34.23,30.0,0.28,231.25,0.0,0.0,340.75,NA,-0.1
2026-05-23 16:00:00,83.5,132.25,3.43,9.63,12.1,NA,9.43,0.93,54.23,2.6,4.6,3.4,NA,NA,NA,34.0,30.0,0.3,211.25,0.0,0.0,161.0,NA,-0.09
2026-05-23 17:00:00,66.25,106.5,3.4,9.48,11.9,NA,9.37,0.92,53.3,2.6,4.6,3.4,NA,NA,NA,33.45,30.75,0.35,229.0,0.0,0.0,48.75,NA,-0.12
2026-05-23 18:00:00,82.0,116.75,3.3,9.23,11.63,NA,9.38,0.9,51.88,2.6,4.57,3.43,NA,NA,NA,32.55,33.0,0.6,228.0,0.0,0.0,6.0,NA,-0.14
2026-05-23 19:00:00,96.25,133.0,3.23,9.0,11.33,NA,8.97,0.88,50.45,2.5,4.4,3.3,NA,NA,NA,31.7,35.25,0.6,218.25,0.0,0.0,4.5,NA,-0.1
2026-05-23 20:00:00,110.0,152.0,3.2,8.9,11.2,NA,9.23,0.87,49.65,2.58,4.53,3.35,NA,NA,NA,31.18,36.0,0.63,232.0,0.0,0.0,4.75,NA,-0.1
2026-05-23 21:00:00,115.5,159.25,3.13,8.75,11.0,NA,9.33,0.87,48.88,2.6,4.6,3.4,NA,NA,NA,30.7,37.25,0.8,201.5,0.0,0.0,4.5,NA,-0.1
2026-05-23 22:00:00,105.75,145.75,3.1,8.63,10.85,NA,9.5,0.86,48.0,2.63,4.65,3.5,NA,NA,NA,30.18,38.25,0.63,222.25,0.0,0.0,4.5,NA,-0.1
2026-05-23 23:00:00,107.25,148.0,3.05,8.48,10.67,NA,10.1,0.85,47.25,2.83,4.97,3.67,NA,NA,NA,29.7,39.5,0.6,221.5,0.0,0.0,4.75,NA,-0.1
2026-05-24 00:00:00,96.25,133.75,3.0,8.33,10.53,NA,9.95,0.84,46.28,2.75,4.88,3.63,NA,NA,NA,29.1,41.5,0.53,237.75,0.0,0.0,4.5,NA,-0.1
2026-05-24 01:00:00,92.25,127.5,3.0,8.3,10.4,NA,10.2,0.83,45.83,2.83,4.97,3.7,NA,NA,NA,28.83,42.0,0.78,203.25,0.0,0.0,4.0,NA,-0.09
2026-05-24 02:00:00,83.5,116.25,3.0,8.2,10.4,NA,9.33,0.82,45.6,2.63,4.55,3.43,NA,NA,NA,28.7,42.0,0.68,212.75,0.0,0.0,4.0,NA,-0.08
2026-05-24 03:00:00,82.0,114.0,2.9,8.15,10.25,NA,8.83,0.82,45.1,2.47,4.37,3.27,NA,NA,NA,28.38,43.25,0.75,201.25,0.0,0.0,4.25,NA,-0.08
2026-05-24 04:00:00,81.0,113.25,2.9,8.03,10.1,NA,9.2,0.81,44.35,2.55,4.5,3.33,NA,NA,NA,27.93,44.5,0.8,201.25,0.0,0.0,4.0,NA,-0.08
2026-05-24 05:00:00,83.5,116.5,2.9,8.0,10.0,NA,9.33,0.8,43.9,2.6,4.57,3.4,NA,NA,NA,27.65,46.0,0.7,203.75,0.0,0.0,6.25,NA,-0.07
2026-05-24 06:00:00,89.75,124.5,2.9,8.08,10.15,NA,9.25,0.81,44.48,2.58,4.53,3.35,NA,NA,NA,28.0,44.5,0.48,233.25,0.0,0.0,75.0,NA,-0.07
2026-05-24 07:00:00,101.0,139.75,3.03,8.4,10.58,NA,9.17,0.84,46.7,2.6,4.5,3.37,NA,NA,NA,29.4,40.75,0.65,215.75,0.0,0.0,221.25,NA,-0.11
2026-05-24 08:00:00,89.5,124.25,3.1,8.7,10.9,NA,8.83,0.86,48.35,2.5,4.33,3.25,NA,NA,NA,30.4,38.75,0.58,213.25,0.0,0.0,362.25,NA,-0.1
2026-05-24 09:00:00,89.25,123.5,3.18,8.88,11.13,NA,8.68,0.87,49.53,2.43,4.25,3.2,NA,NA,NA,31.13,37.75,0.5,221.5,0.0,0.0,474.75,NA,-0.09
2026-05-24 10:00:00,82.25,114.75,3.32,9.28,11.7,NA,8.55,0.9,52.2,2.4,4.2,3.15,NA,NA,NA,32.75,34.75,0.6,226.25,0.0,0.0,576.75,NA,-0.1
2026-05-24 11:00:00,72.0,101.25,3.4,9.48,11.88,NA,NA,0.91,53.15,2.17,3.8,2.8,NA,NA,NA,33.33,31.75,0.48,218.0,0.0,0.0,619.25,NA,-0.1
2026-05-24 12:00:00,67.75,96.0,3.45,9.65,12.15,NA,8.78,0.93,54.25,2.45,4.28,3.2,NA,NA,NA,34.03,29.25,0.4,209.5,0.0,0.0,614.0,NA,-0.11
2026-05-24 13:00:00,64.25,94.75,3.5,9.73,12.23,NA,8.97,0.94,54.95,2.53,4.4,3.27,NA,NA,NA,34.43,27.5,0.4,216.0,0.0,0.0,576.25,NA,-0.09
2026-05-24 14:00:00,38.75,66.0,3.5,9.8,12.3,NA,8.9,0.94,55.28,2.5,4.35,3.25,NA,NA,NA,34.68,28.0,0.38,213.5,0.0,0.0,492.0,NA,-0.1
2026-05-24 15:00:00,51.75,85.0,3.5,9.7,12.2,NA,9.28,0.94,54.9,2.6,4.55,3.38,NA,NA,NA,34.4,28.0,0.38,218.0,0.0,0.0,364.75,NA,-0.09
2026-05-24 16:00:00,60.75,99.0,3.45,9.63,12.1,NA,9.48,0.93,54.2,2.6,4.6,3.45,NA,NA,NA,34.0,28.0,0.33,215.0,0.0,0.0,166.0,NA,-0.06
2026-05-24 17:00:00,52.5,86.0,3.4,9.5,11.9,NA,9.6,0.92,53.33,2.7,4.73,3.5,NA,NA,NA,33.45,29.25,0.48,217.75,0.0,0.0,51.75,NA,-0.09
2026-05-24 18:00:00,44.25,73.75,3.3,9.23,11.65,NA,9.25,0.9,51.8,2.6,4.53,3.4,NA,NA,NA,32.48,30.75,0.58,212.5,0.0,0.0,7.75,NA,-0.09
2026-05-24 19:00:00,44.67,74.0,3.23,9.03,11.37,NA,8.6,0.88,50.6,2.4,4.2,3.2,NA,NA,NA,31.77,31.33,0.67,211.33,0.0,0.0,4.0,NA,-0.1
2026-05-24 20:00:00,39.75,67.25,3.2,8.9,11.2,NA,8.88,0.88,49.88,2.5,4.33,3.23,NA,NA,NA,31.3,32.0,0.78,205.0,0.0,0.0,4.0,NA,-0.08
2026-05-24 21:00:00,47.25,78.5,3.15,8.83,11.1,NA,9.1,0.87,49.23,2.57,4.43,3.27,NA,NA,NA,30.93,33.25,0.8,197.75,0.0,0.0,4.25,NA,-0.08
2026-05-24 22:00:00,43.0,71.75,3.1,8.7,10.93,NA,9.4,0.86,48.48,2.63,4.58,3.4,NA,NA,NA,30.45,34.0,0.8,195.75,0.0,0.0,4.0,NA,-0.08
2026-05-24 23:00:00,44.25,73.75,3.1,8.6,10.83,NA,10.3,0.86,47.98,2.88,5.0,3.73,NA,NA,NA,30.15,35.0,0.8,196.0,0.0,0.0,4.5,NA,-0.09
2026-05-25 00:00:00,43.25,72.5,3.03,8.45,10.65,NA,9.73,0.85,47.0,2.73,4.78,3.55,NA,NA,NA,29.55,37.5,0.65,258.75,0.0,0.0,5.0,NA,-0.1
2026-05-25 01:00:00,35.25,60.25,3.0,8.3,10.45,NA,9.6,0.84,46.08,2.7,4.73,3.5,NA,NA,NA,29.0,38.0,0.8,278.5,0.0,0.0,4.5,NA,-0.1
2026-05-25 02:00:00,27.25,48.75,3.0,8.4,10.53,NA,9.45,0.84,46.48,2.63,4.6,3.45,NA,NA,NA,29.23,36.75,0.65,226.0,0.0,0.0,4.25,NA,-0.09
2026-05-25 03:00:00,26.0,46.0,3.0,8.33,10.45,NA,8.63,0.83,46.15,2.43,4.2,3.17,NA,NA,NA,29.03,37.5,0.8,195.0,0.0,0.0,4.0,NA,-0.07
2026-05-25 04:00:00,24.25,44.25,3.0,8.3,10.43,NA,9.08,0.83,45.93,2.55,4.45,3.3,NA,NA,NA,28.9,37.0,0.78,209.25,0.0,0.0,4.0,NA,-0.06
2026-05-25 05:00:00,39.5,67.0,2.93,8.2,10.33,NA,9.37,0.82,45.43,2.6,4.6,3.4,NA,NA,NA,28.58,38.25,0.75,195.0,0.0,0.0,6.25,NA,-0.05
2026-05-25 06:00:00,37.0,63.25,2.9,8.03,10.13,NA,9.83,0.81,44.3,2.73,4.8,3.58,NA,NA,NA,27.88,44.5,0.7,191.75,0.0,0.0,69.0,NA,-0.06
2026-05-25 07:00:00,47.0,78.0,2.88,8.0,10.05,NA,9.83,0.81,44.05,2.77,4.8,3.6,NA,NA,NA,27.73,46.25,0.65,197.0,0.0,0.0,176.75,NA,-0.07
2026-05-25 08:00:00,53.25,87.0,2.98,8.3,10.45,NA,9.4,0.83,46.08,2.63,4.6,3.43,NA,NA,NA,29.0,44.0,0.48,216.0,0.0,0.0,290.75,NA,-0.06
2026-05-25 09:00:00,55.75,90.75,3.18,8.93,11.23,NA,9.05,0.88,49.85,2.53,4.43,3.3,NA,NA,NA,31.3,35.5,0.58,233.75,0.0,0.0,406.5,NA,-0.13
2026-05-25 10:00:00,52.5,86.75,3.3,9.17,11.53,NA,8.8,0.89,51.48,2.45,4.33,3.23,NA,NA,NA,32.28,33.0,0.45,231.25,0.0,0.0,514.25,NA,-0.14
2026-05-25 11:00:00,64.75,104.25,3.38,9.4,11.8,NA,NA,0.91,52.8,2.25,3.9,2.95,NA,NA,NA,33.13,32.25,0.45,226.5,0.0,0.0,580.0,NA,-0.16
2026-05-25 12:00:00,66.25,107.0,3.45,9.63,12.1,NA,8.53,0.93,54.25,2.4,4.15,3.08,NA,NA,NA,34.03,30.25,0.38,215.0,0.0,0.0,597.0,NA,-0.15
2026-05-25 13:00:00,74.5,119.0,3.5,9.78,12.3,NA,8.87,0.94,55.18,2.5,4.33,3.23,NA,NA,NA,34.58,30.25,0.55,216.75,0.0,0.0,529.5,NA,-0.14
2026-05-25 14:00:00,76.0,122.0,3.5,9.78,12.3,NA,9.48,0.94,55.13,2.65,4.63,3.45,NA,NA,NA,34.55,31.0,0.48,218.25,0.0,0.0,453.0,NA,-0.14
2026-05-25 15:00:00,79.5,126.25,3.5,9.7,12.2,NA,9.47,0.94,54.78,2.63,4.63,3.43,NA,NA,NA,34.33,32.0,0.43,224.5,0.0,0.0,340.5,NA,-0.14
2026-05-25 16:00:00,79.0,126.0,3.43,9.63,12.13,NA,9.55,0.93,54.28,2.65,4.68,3.48,NA,NA,NA,34.0,31.5,0.45,231.5,0.0,0.0,158.75,NA,-0.13
2026-05-25 17:00:00,86.75,137.75,3.4,9.5,11.93,NA,9.53,0.92,53.43,2.67,4.67,3.47,NA,NA,NA,33.48,32.5,0.63,223.5,0.0,0.0,58.75,NA,-0.13
2026-05-25 18:00:00,80.5,128.25,3.32,9.3,11.7,NA,9.23,0.9,52.28,2.6,4.53,3.35,NA,NA,NA,32.8,32.0,0.53,223.25,0.0,0.0,7.25,NA,-0.1
2026-05-25 19:00:00,74.75,119.25,3.3,9.17,11.55,NA,9.17,0.89,51.45,2.6,4.5,3.33,NA,NA,NA,32.3,33.0,0.78,212.5,0.0,0.0,4.0,NA,-0.09
2026-05-25 20:00:00,90.0,142.5,3.25,9.08,11.43,NA,9.18,0.89,50.85,2.6,4.48,3.32,NA,NA,NA,31.95,34.5,0.75,212.25,0.0,0.0,4.0,NA,-0.06
2026-05-25 21:00:00,83.75,133.5,3.2,8.98,11.3,NA,9.13,0.88,50.18,2.6,4.43,3.3,NA,NA,NA,31.53,36.25,0.7,197.0,0.0,0.0,4.0,NA,-0.05
2026-05-25 22:00:00,95.75,151.25,3.15,8.85,11.1,NA,9.4,0.87,49.23,2.63,4.63,3.43,NA,NA,NA,30.93,35.75,0.65,237.25,0.0,0.0,4.0,NA,-0.06
2026-05-25 23:00:00,85.25,135.25,3.05,8.55,10.78,NA,9.4,0.85,47.63,2.63,4.63,3.43,NA,NA,NA,29.93,38.0,0.48,210.0,0.0,0.0,4.0,NA,-0.05
2026-05-26 00:00:00,168.5,260.25,2.9,8.05,10.13,NA,9.5,0.81,44.45,2.63,4.63,3.48,NA,NA,NA,27.98,40.0,0.33,183.75,0.0,0.0,4.0,NA,-0.05
2026-05-26 01:00:00,130.0,202.5,2.93,8.23,10.33,NA,9.47,0.83,45.48,2.6,4.6,3.43,NA,NA,NA,28.58,36.5,0.35,199.75,0.0,0.0,4.0,NA,-0.06
2026-05-26 02:00:00,42.0,70.25,3.0,8.3,10.4,NA,9.4,0.83,45.95,2.63,4.6,3.4,NA,NA,NA,28.92,35.5,0.55,170.25,0.0,0.0,4.0,NA,-0.05
2026-05-26 03:00:00,14.25,28.75,3.0,8.28,10.4,NA,8.8,0.83,45.83,2.5,4.33,3.23,NA,NA,NA,28.85,35.5,0.45,206.75,0.0,0.0,4.0,NA,-0.05
2026-05-26 04:00:00,11.25,25.0,2.9,8.17,10.28,NA,9.0,0.82,45.03,2.55,4.38,3.28,NA,NA,NA,28.35,37.5,0.33,156.25,0.0,0.0,4.0,NA,-0.04
2026-05-26 05:00:00,11.0,25.0,2.82,7.88,9.88,NA,8.7,0.8,43.22,2.43,4.23,3.17,NA,NA,NA,27.25,41.5,0.23,240.0,0.0,0.0,11.75,NA,-0.04
2026-05-26 06:00:00,17.75,34.25,2.8,7.83,9.83,NA,8.78,0.79,43.0,2.48,4.3,3.2,NA,NA,NA,27.05,43.75,0.28,248.5,0.0,0.0,82.5,NA,-0.04
2026-05-26 07:00:00,30.0,52.0,2.85,8.0,10.08,NA,8.57,0.81,44.13,2.43,4.2,3.1,NA,NA,NA,27.8,43.0,0.28,230.5,0.0,0.0,197.25,NA,-0.04
2026-05-26 08:00:00,33.25,57.5,2.98,8.33,10.48,NA,9.18,0.83,46.05,2.55,4.5,3.35,NA,NA,NA,28.98,41.25,0.3,237.5,0.0,0.0,354.5,NA,-0.07
2026-05-26 09:00:00,35.75,61.5,3.13,8.68,10.93,NA,9.47,0.86,48.43,2.6,4.6,3.4,NA,NA,NA,30.43,37.5,0.33,249.25,0.0,0.0,483.0,NA,-0.13
2026-05-26 10:00:00,35.25,60.75,3.25,9.05,11.38,NA,9.18,0.88,50.65,2.58,4.48,3.32,NA,NA,NA,31.8,34.75,0.33,243.5,0.0,0.0,585.5,NA,-0.14
2026-05-26 11:00:00,36.75,62.0,3.35,9.38,11.78,NA,NA,0.91,52.72,2.5,4.3,3.25,NA,NA,NA,33.08,33.0,0.48,222.0,0.0,0.0,620.25,NA,-0.15
2026-05-26 12:00:00,48.75,81.0,3.43,9.55,12.03,NA,9.03,0.93,53.8,2.55,4.4,3.28,NA,NA,NA,33.7,32.25,0.4,239.25,0.0,0.0,613.5,NA,-0.15
2026-05-26 13:00:00,52.75,87.5,3.48,9.7,12.23,NA,9.1,0.94,54.85,2.57,4.43,3.3,NA,NA,NA,34.38,30.5,0.48,217.25,0.0,0.0,579.75,NA,-0.15
2026-05-26 14:00:00,49.75,82.25,3.38,9.55,12.2,NA,9.18,0.71,55.03,2.43,4.38,3.28,NA,NA,NA,34.38,29.0,0.3,220.75,0.0,0.0,501.5,NA,-0.11
2026-05-26 15:00:00,54.25,88.75,3.5,9.73,12.25,NA,9.3,0.94,55.05,2.6,4.53,3.4,NA,NA,NA,34.53,26.5,0.3,219.75,0.0,0.0,406.75,NA,-0.15
2026-05-26 16:00:00,45.25,75.5,3.45,9.65,12.15,NA,9.35,0.93,54.33,2.6,4.57,3.43,NA,NA,NA,34.1,27.25,0.33,219.25,0.0,0.0,168.5,NA,-0.15
2026-05-26 17:00:00,37.25,63.5,3.4,9.48,11.9,NA,9.5,0.92,53.38,2.63,4.63,3.43,NA,NA,NA,33.45,26.5,0.48,230.5,0.0,0.0,31.25,NA,-0.14
2026-05-26 18:00:00,24.25,43.75,3.32,9.28,11.65,NA,9.53,0.9,51.9,2.65,4.65,3.48,NA,NA,NA,32.58,27.0,0.5,235.5,0.0,0.0,5.75,NA,-0.12
2026-05-26 19:00:00,25.25,46.0,3.23,9.03,11.35,NA,9.43,0.88,50.53,2.6,4.6,3.4,NA,NA,NA,31.73,28.75,0.78,218.0,0.0,0.0,4.0,NA,-0.09
2026-05-26 20:00:00,34.75,59.75,3.18,8.85,11.13,NA,9.3,0.87,49.4,2.63,4.58,3.4,NA,NA,NA,31.03,29.75,0.83,231.25,0.0,0.0,4.0,NA,-0.08
2026-05-26 21:00:00,28.5,50.25,3.18,8.85,11.15,NA,9.3,0.87,49.43,2.6,4.57,3.37,NA,NA,NA,31.05,30.75,0.65,158.5,0.0,0.0,4.0,NA,-0.08
2026-05-26 22:00:00,45.75,76.0,3.03,8.45,10.65,NA,8.98,0.84,46.98,2.53,4.38,3.28,NA,NA,NA,29.58,34.25,0.58,217.5,0.0,0.0,4.0,NA,-0.08
2026-05-26 23:00:00,76.25,121.75,3.0,8.3,10.48,NA,9.0,0.84,46.08,2.53,4.4,3.27,NA,NA,NA,28.95,35.25,0.55,234.75,0.0,0.0,4.0,NA,-0.09
2026-05-27 00:00:00,51.25,83.75,2.93,8.17,10.28,NA,9.15,0.82,45.13,2.58,4.45,3.32,NA,NA,NA,28.43,43.0,0.48,201.25,0.0,0.0,4.0,NA,-0.08
2026-05-27 01:00:00,39.25,66.0,2.82,7.88,9.9,NA,9.2,0.8,43.33,2.6,4.5,3.33,NA,NA,NA,27.3,54.0,0.45,202.25,0.0,0.0,4.0,NA,-0.08
2026-05-27 02:00:00,35.0,60.0,2.73,7.68,9.65,NA,9.1,0.79,42.03,2.58,4.45,3.35,NA,NA,NA,26.48,59.75,0.38,202.25,0.0,0.0,5.0,NA,-0.12
2026-05-27 03:00:00,26.75,47.75,2.7,7.55,9.5,NA,8.7,0.78,41.35,2.43,4.27,3.2,NA,NA,NA,26.05,62.0,0.5,201.25,0.0,0.0,4.5,NA,-0.11
2026-05-27 04:00:00,25.0,45.0,2.7,7.5,9.43,NA,8.95,0.78,41.05,2.53,4.38,3.25,NA,NA,NA,25.88,62.75,0.6,204.0,0.0,0.0,4.0,NA,-0.09
2026-05-27 05:00:00,25.0,44.25,2.7,7.48,9.4,NA,8.93,0.77,40.8,2.5,4.37,3.27,NA,NA,NA,25.73,63.5,0.65,197.25,0.0,0.0,6.0,NA,-0.09
2026-05-27 06:00:00,25.75,46.75,2.7,7.48,9.43,NA,9.3,0.78,40.93,2.58,4.53,3.38,NA,NA,NA,25.8,64.25,0.63,188.25,0.0,0.0,85.0,NA,-0.08
2026-05-27 07:00:00,27.0,47.75,2.73,7.63,9.6,NA,9.83,0.78,41.78,2.7,4.77,3.57,NA,NA,NA,26.35,62.75,0.48,195.25,0.0,0.0,215.75,NA,-0.09
2026-05-27 08:00:00,23.5,43.0,2.8,7.85,9.88,NA,9.78,0.8,43.15,2.73,4.8,3.58,NA,NA,NA,27.2,61.0,0.6,197.0,0.0,0.0,362.75,NA,-0.13
2026-05-27 09:00:00,21.25,39.5,2.9,8.05,10.15,NA,9.3,0.81,44.4,2.6,4.57,3.4,NA,NA,NA,27.95,57.25,0.55,201.75,0.0,0.0,485.0,NA,-0.14
2026-05-27 10:00:00,27.75,49.0,3.03,8.48,10.68,NA,8.9,0.84,47.03,2.5,4.35,3.25,NA,NA,NA,29.58,53.25,0.58,204.5,0.0,0.0,540.75,NA,-0.15
2026-05-27 11:00:00,29.75,52.5,3.28,9.15,11.53,NA,NA,0.89,51.4,2.6,4.55,3.35,NA,NA,NA,32.25,50.25,0.53,203.0,0.0,0.0,500.0,NA,-0.15
2026-05-27 12:00:00,161.0,249.0,3.75,10.5,13.2,NA,9.08,0.99,59.73,2.55,4.43,3.3,NA,NA,NA,37.4,45.75,0.53,196.5,0.0,0.0,511.0,NA,-0.15
2026-05-27 13:00:00,53.5,87.0,3.88,10.9,13.73,NA,9.03,1.02,62.28,2.53,4.43,3.3,NA,NA,NA,38.95,43.75,0.55,199.5,0.0,0.0,490.5,NA,-0.15
2026-05-27 14:00:00,30.25,53.0,3.93,10.95,13.83,NA,9.2,1.03,62.63,2.58,4.5,3.35,NA,NA,NA,39.18,42.5,0.58,205.75,0.0,0.0,406.0,NA,-0.15
2026-05-27 15:00:00,32.0,55.75,3.9,10.85,13.65,NA,9.07,1.02,62.0,2.57,4.43,3.3,NA,NA,NA,38.75,41.75,0.6,204.25,0.0,0.0,268.5,NA,-0.15
2026-05-27 16:00:00,33.0,56.75,3.9,10.8,13.6,NA,8.9,1.02,61.7,2.5,4.35,3.28,NA,NA,NA,38.58,41.0,0.6,197.75,0.0,0.0,87.75,NA,-0.15
2026-05-27 17:00:00,30.5,53.5,3.8,10.65,13.4,NA,8.77,1.01,60.68,2.5,4.3,3.2,NA,NA,NA,37.98,42.0,0.68,203.25,0.0,0.0,67.25,NA,-0.15
2026-05-27 18:00:00,26.25,46.75,3.8,10.55,13.3,NA,9.05,1.0,60.15,2.55,4.43,3.3,NA,NA,NA,37.65,43.25,0.75,196.0,0.0,0.0,73.5,NA,-0.14
2026-05-27 19:00:00,25.75,46.0,3.82,10.65,13.38,NA,9.67,1.0,60.58,2.7,4.77,3.57,NA,NA,NA,37.88,44.25,0.63,192.25,0.0,0.0,96.25,NA,-0.09
2026-05-27 20:00:00,28.5,50.25,3.9,10.88,13.67,NA,9.58,1.02,62.13,2.7,4.73,3.5,NA,NA,NA,38.85,45.75,0.65,199.0,0.0,0.0,108.0,NA,-0.09
2026-05-27 21:00:00,34.0,59.5,3.98,11.05,13.9,NA,9.6,1.03,63.1,2.67,4.7,3.47,NA,NA,NA,39.45,46.75,0.63,203.25,0.0,0.0,113.25,NA,-0.09
2026-05-27 22:00:00,32.5,56.25,3.85,10.73,13.5,NA,9.25,1.01,61.13,2.6,4.53,3.35,NA,NA,NA,38.23,49.5,0.6,198.25,0.0,0.0,120.25,NA,-0.09
2026-05-27 23:00:00,29.5,51.75,3.7,10.35,13.05,NA,9.23,0.98,58.83,2.6,4.5,3.33,NA,NA,NA,36.85,52.75,0.6,196.25,0.0,0.0,128.5,NA,-0.08
2026-05-28 00:00:00,23.25,42.5,3.7,10.25,12.88,NA,9.15,0.97,58.08,2.6,4.48,3.3,NA,NA,NA,36.4,56.5,0.53,202.25,0.0,0.0,138.25,NA,-0.09
2026-05-28 01:00:00,24.5,44.25,3.63,10.2,12.8,NA,9.1,0.96,57.68,2.6,4.47,3.3,NA,NA,NA,36.13,59.0,0.65,197.75,0.0,0.0,137.75,NA,-0.09
2026-05-28 02:00:00,16.0,32.0,3.6,10.1,12.7,NA,9.03,0.96,57.13,2.53,4.4,3.3,NA,NA,NA,35.8,62.0,0.67,200.0,0.0,0.0,4.0,NA,-0.1
2026-05-28 03:00:00,16.75,32.0,3.6,10.0,12.58,NA,8.93,0.95,56.58,2.5,4.33,3.27,NA,NA,NA,35.45,65.25,0.75,199.75,0.0,0.0,4.25,NA,-0.1
2026-05-28 04:00:00,14.5,29.25,3.6,10.08,12.67,NA,9.08,0.96,57.15,2.58,4.43,3.3,NA,NA,NA,35.8,68.75,0.75,194.75,0.0,0.0,4.0,NA,-0.09
2026-05-28 05:00:00,9.0,21.25,3.6,10.0,12.6,NA,8.97,0.95,56.78,2.53,4.4,3.3,NA,NA,NA,35.55,72.5,0.8,194.0,0.0,0.0,7.25,NA,-0.1
2026-05-28 06:00:00,10.25,22.5,3.6,10.0,12.6,NA,9.1,0.95,56.7,2.58,4.43,3.3,NA,NA,NA,35.55,72.5,0.73,197.75,0.0,0.0,70.5,NA,-0.09
2026-05-28 07:00:00,11.75,25.5,3.63,10.15,12.75,NA,9.23,0.96,57.4,2.6,4.53,3.37,NA,NA,NA,35.95,71.0,0.7,194.25,0.0,0.0,184.75,NA,-0.1
2026-05-28 08:00:00,17.0,32.75,3.68,10.3,12.95,NA,9.13,0.97,58.48,2.6,4.43,3.32,NA,NA,NA,36.6,68.75,0.75,200.0,0.0,0.0,303.25,NA,-0.11
2026-05-28 09:00:00,32.5,50.75,3.8,10.6,13.3,NA,9.23,1.0,60.23,2.6,4.5,3.37,NA,NA,NA,37.7,64.25,0.8,204.25,0.0,0.0,447.75,NA,-0.13
2026-05-28 10:00:00,57.0,81.0,3.9,10.88,13.68,NA,9.28,1.02,62.03,2.6,4.57,3.38,NA,NA,NA,38.78,59.5,0.67,203.5,0.0,0.0,541.0,NA,-0.17
2026-05-28 11:00:00,89.75,124.75,4.0,11.2,14.08,NA,NA,1.04,64.0,2.55,4.4,3.3,NA,NA,NA,40.03,55.25,0.65,210.5,0.0,0.0,578.25,NA,-0.21
2026-05-28 12:00:00,96.5,133.75,4.07,11.38,14.3,NA,9.2,1.05,65.18,2.6,4.48,3.38,NA,NA,NA,40.73,52.25,0.58,204.5,0.0,0.0,573.5,NA,-0.18
2026-05-28 13:00:00,104.0,143.5,4.1,11.48,14.45,NA,9.3,1.06,65.9,2.6,4.53,3.4,NA,NA,NA,41.18,50.5,0.6,204.0,0.0,0.0,538.5,NA,-0.13
2026-05-28 14:00:00,98.25,136.75,4.18,11.6,14.63,NA,9.2,1.08,66.7,2.6,4.5,3.32,NA,NA,NA,41.7,48.75,0.55,207.75,0.0,0.0,458.0,NA,-0.18
2026-05-28 15:00:00,80.75,112.25,4.2,11.73,14.73,NA,9.2,1.08,67.27,2.6,4.5,3.3,NA,NA,NA,42.05,48.0,0.58,205.75,0.0,0.0,347.75,NA,-0.18
2026-05-28 16:00:00,64.5,90.25,4.25,11.85,14.9,NA,9.2,1.09,68.2,2.6,4.5,3.3,NA,NA,NA,42.58,48.0,0.55,203.25,0.0,0.0,153.25,NA,-0.18
2026-05-28 17:00:00,55.25,78.5,4.3,11.9,14.93,NA,9.33,1.09,68.35,2.6,4.57,3.4,NA,NA,NA,42.7,48.5,0.63,202.0,0.0,0.0,46.25,NA,-0.18
2026-05-28 18:00:00,54.75,78.75,4.2,11.8,14.85,NA,9.28,1.09,67.85,2.6,4.55,3.4,NA,NA,NA,42.4,49.25,0.78,204.25,0.0,0.0,7.25,NA,-0.18
2026-05-28 19:00:00,55.25,79.0,4.2,11.65,14.65,NA,9.2,1.08,66.95,2.6,4.5,3.33,NA,NA,NA,41.8,50.75,0.78,203.0,0.0,0.0,6.0,NA,-0.18
2026-05-28 20:00:00,59.25,84.0,4.1,11.55,14.53,NA,9.15,1.06,66.25,2.6,4.5,3.3,NA,NA,NA,41.4,51.0,0.63,205.5,0.0,0.0,6.0,NA,-0.19
2026-05-28 21:00:00,54.75,78.25,4.1,11.43,14.4,NA,9.17,1.06,65.65,2.6,4.47,3.3,NA,NA,NA,41.05,51.5,0.7,198.75,0.0,0.0,6.0,NA,-0.18
2026-05-28 22:00:00,48.0,69.25,4.1,11.35,14.28,NA,9.15,1.05,65.05,2.6,4.45,3.3,NA,NA,NA,40.68,53.0,0.6,205.75,0.0,0.0,6.0,NA,-0.18
2026-05-28 23:00:00,49.5,70.5,4.07,11.28,14.23,NA,9.13,1.05,64.8,2.6,4.5,3.3,NA,NA,NA,40.5,55.0,0.45,176.0,0.0,0.0,6.0,NA,-0.18
2026-05-29 00:00:00,39.75,57.5,3.95,11.03,13.9,NA,9.3,1.03,63.13,2.6,4.55,3.38,NA,NA,NA,39.48,61.75,0.45,200.25,0.0,0.0,6.0,NA,-0.18
2026-05-29 01:00:00,49.0,70.25,3.9,10.8,13.63,NA,9.5,1.02,61.78,2.63,4.63,3.43,NA,NA,NA,38.65,68.25,0.53,176.0,0.0,0.0,6.0,NA,-0.18
2026-05-29 02:00:00,25.75,39.25,3.88,10.75,13.53,NA,9.35,1.02,61.45,2.6,4.53,3.43,NA,NA,NA,38.43,68.25,0.5,202.75,0.0,0.0,6.0,NA,-0.18
2026-05-29 03:00:00,24.5,38.0,3.48,9.68,12.15,NA,9.3,0.93,54.58,2.6,4.57,3.4,NA,NA,NA,34.23,86.5,0.55,211.25,0.0,0.0,6.0,NA,-0.17
2026-05-29 04:00:00,13.0,23.0,3.55,9.93,12.48,NA,9.25,0.95,56.15,2.6,4.57,3.38,NA,NA,NA,35.18,77.25,0.58,220.0,0.0,0.0,5.5,NA,-0.16
2026-05-29 05:00:00,NA,NA,3.6,10.03,12.6,NA,9.17,0.96,56.73,2.6,4.5,3.3,NA,NA,NA,35.53,73.75,0.5,188.0,0.0,0.0,6.0,NA,-0.17
2026-05-29 06:00:00,NA,NA,3.6,10.03,12.6,NA,9.1,0.95,56.63,2.6,4.4,3.3,NA,NA,NA,35.47,79.5,0.55,215.25,0.0,0.0,48.0,NA,-0.17
2026-05-29 07:00:00,NA,NA,3.68,10.23,12.88,NA,9.1,0.97,58.03,2.6,4.43,3.3,NA,NA,NA,36.33,78.75,0.43,202.25,0.0,0.0,194.25,NA,-0.16
2026-05-29 08:00:00,10.67,16.0,3.83,10.63,13.4,NA,9.15,1.0,60.68,2.6,4.48,3.32,NA,NA,NA,37.93,68.0,0.53,201.0,0.0,0.0,425.5,NA,-0.17
2026-05-29 09:00:00,15.5,27.75,3.9,10.9,13.73,NA,9.2,1.02,62.33,2.6,4.5,3.33,NA,NA,NA,38.98,60.75,0.6,200.75,0.0,0.0,529.75,NA,-0.18
2026-05-29 10:00:00,19.25,33.0,3.9,10.98,13.8,NA,8.98,1.02,62.55,2.53,4.4,3.28,NA,NA,NA,39.15,59.25,0.63,207.0,0.0,0.0,628.5,NA,-0.15
2026-05-29 11:00:00,16.5,29.0,3.9,10.95,13.8,NA,NA,1.02,62.63,2.4,4.25,3.15,NA,NA,NA,39.2,56.0,0.73,205.0,0.0,0.0,676.25,NA,-0.16
2026-05-29 12:00:00,21.0,35.75,4.13,11.5,14.5,NA,9.08,1.06,66.0,2.55,4.43,3.3,NA,NA,NA,41.25,54.75,0.55,209.5,0.0,0.0,681.75,NA,-0.16
2026-05-29 13:00:00,21.25,35.25,4.15,11.63,14.65,NA,9.2,1.07,66.8,2.6,4.5,3.37,NA,NA,NA,41.75,57.0,0.63,205.5,0.0,0.0,636.25,NA,-0.16
2026-05-29 14:00:00,19.5,33.25,4.1,11.48,14.4,NA,9.25,1.06,65.78,2.6,4.53,3.38,NA,NA,NA,41.08,57.25,0.7,207.75,0.0,0.0,463.0,NA,-0.16
2026-05-29 15:00:00,17.25,30.5,4.1,11.5,14.5,NA,9.33,1.06,66.08,2.6,4.57,3.4,NA,NA,NA,41.28,55.75,0.73,205.0,0.0,0.0,433.25,NA,-0.16
2026-05-29 16:00:00,17.0,30.0,4.1,11.48,14.48,NA,9.15,1.06,65.83,2.55,4.48,3.32,NA,NA,NA,41.15,55.75,0.63,209.25,0.0,0.0,190.5,NA,-0.17
2026-05-29 17:00:00,17.0,29.25,4.1,11.38,14.3,NA,9.0,1.05,65.13,2.5,4.4,3.3,NA,NA,NA,40.73,55.0,0.7,201.25,0.0,0.0,45.75,NA,-0.17
2026-05-29 18:00:00,18.75,32.25,4.0,11.25,14.15,NA,9.08,1.04,64.38,2.58,4.4,3.3,NA,NA,NA,40.25,54.25,0.55,202.0,0.0,0.0,8.0,NA,-0.13
2026-05-29 19:00:00,22.75,37.75,4.0,11.13,13.98,NA,9.2,1.04,63.55,2.6,4.5,3.37,NA,NA,NA,39.73,57.25,0.6,200.5,0.0,0.0,5.0,NA,-0.11
2026-05-29 20:00:00,34.0,53.75,3.9,10.93,13.75,NA,9.1,1.02,62.45,2.58,4.43,3.32,NA,NA,NA,39.08,60.0,0.55,200.25,0.0,0.0,4.75,NA,-0.11
2026-05-29 21:00:00,36.75,57.25,3.9,10.8,13.63,NA,9.03,1.02,61.82,2.5,4.4,3.3,NA,NA,NA,38.68,62.75,0.63,199.75,0.0,0.0,4.5,NA,-0.1
2026-05-29 22:00:00,31.0,49.5,3.85,10.78,13.55,NA,9.2,1.01,61.43,2.6,4.48,3.32,NA,NA,NA,38.45,64.75,0.63,196.0,0.0,0.0,4.75,NA,-0.1
2026-05-29 23:00:00,29.25,46.5,3.8,10.7,13.43,NA,9.23,1.01,60.9,2.6,4.5,3.33,NA,NA,NA,38.1,67.75,0.7,192.25,0.0,0.0,4.75,NA,-0.11
2026-05-30 00:00:00,38.25,59.5,3.8,10.67,13.43,NA,9.17,1.01,60.9,2.6,4.5,3.35,NA,NA,NA,38.13,67.5,0.55,212.75,0.0,0.0,5.0,NA,-0.11
2026-05-30 01:00:00,56.0,84.75,3.7,10.33,13.03,NA,9.23,0.97,58.75,2.6,4.53,3.4,NA,NA,NA,36.78,73.25,0.65,210.25,0.0,0.0,4.5,NA,-0.1
2026-05-30 02:00:00,20.25,34.25,3.7,10.35,13.03,NA,9.4,0.98,58.85,2.6,4.6,3.4,NA,NA,NA,36.83,73.25,0.52,231.75,0.0,0.0,4.75,NA,-0.1
2026-05-30 03:00:00,8.75,18.0,3.75,10.5,13.18,NA,9.5,0.99,59.53,2.67,4.6,3.5,NA,NA,NA,37.28,73.0,0.6,198.0,0.0,0.0,4.25,NA,-0.1
2026-05-30 04:00:00,9.75,19.75,3.73,10.38,13.08,NA,9.18,0.98,59.03,2.6,4.48,3.32,NA,NA,NA,36.98,74.0,0.65,194.25,0.0,0.0,4.0,NA,-0.09
2026-05-30 05:00:00,10.0,20.0,3.7,10.3,12.98,NA,9.13,0.97,58.55,2.6,4.47,3.3,NA,NA,NA,36.65,75.75,0.6,196.75,0.0,0.0,5.5,NA,-0.1
2026-05-30 06:00:00,26.75,43.5,3.7,10.4,13.08,NA,9.23,0.98,59.13,2.6,4.53,3.35,NA,NA,NA,37.0,75.25,0.55,205.5,0.0,0.0,54.25,NA,-0.1
2026-05-30 07:00:00,39.25,60.5,3.75,10.48,13.17,NA,9.2,0.98,59.45,2.6,4.5,3.33,NA,NA,NA,37.25,74.25,0.63,185.0,0.0,0.0,74.5,NA,-0.1
2026-05-30 08:00:00,45.0,68.75,3.8,10.53,13.23,NA,9.13,0.99,59.75,2.6,4.48,3.3,NA,NA,NA,37.4,73.75,0.58,185.75,0.0,0.0,97.5,NA,-0.1
2026-05-30 09:00:00,46.0,70.25,3.8,10.65,13.38,NA,9.1,1.0,60.63,2.6,4.4,3.3,NA,NA,NA,37.95,70.25,0.73,199.25,0.0,0.0,258.0,NA,-0.14
2026-05-30 10:00:00,42.5,65.75,3.9,10.85,13.65,NA,9.1,1.02,61.93,2.58,4.45,3.3,NA,NA,NA,38.78,63.75,0.65,201.25,0.0,0.0,400.5,NA,-0.18
2026-05-30 11:00:00,36.75,57.75,4.0,11.17,14.0,NA,NA,1.04,63.8,2.55,4.4,3.3,NA,NA,NA,39.85,57.0,0.7,204.0,0.0,0.0,600.75,NA,-0.16
2026-05-30 12:00:00,29.25,46.75,4.0,11.2,14.1,NA,9.05,1.04,64.05,2.55,4.4,3.3,NA,NA,NA,40.08,53.75,0.55,207.75,0.0,0.0,663.25,NA,-0.15
2026-05-30 13:00:00,28.5,46.0,4.0,11.28,14.17,NA,8.93,1.04,64.55,2.5,4.37,3.3,NA,NA,NA,40.33,53.25,0.7,202.75,0.0,0.0,602.0,NA,-0.15
2026-05-30 14:00:00,31.0,49.25,4.05,11.25,14.18,NA,9.13,1.05,64.6,2.58,4.45,3.28,NA,NA,NA,40.38,52.5,0.73,206.25,0.0,0.0,528.5,NA,-0.15
2026-05-30 15:00:00,27.25,44.0,4.07,11.38,14.28,NA,9.17,1.05,65.08,2.6,4.5,3.3,NA,NA,NA,40.68,51.5,0.55,211.0,0.0,0.0,369.5,NA,-0.18
2026-05-30 16:00:00,29.75,48.0,4.0,11.17,14.1,NA,9.13,1.04,64.1,2.58,4.43,3.3,NA,NA,NA,40.1,50.75,0.53,211.5,0.0,0.0,125.5,NA,-0.16
2026-05-30 17:00:00,33.5,52.25,2.98,8.33,10.48,NA,9.17,0.83,46.0,2.6,4.47,3.3,NA,NA,NA,28.93,49.25,0.6,193.5,0.0,0.0,37.75,NA,-0.16
2026-05-30 18:00:00,412.5,583.5,2.88,7.95,10.03,NA,9.35,0.81,43.9,2.6,4.57,3.38,NA,NA,NA,27.63,52.25,0.63,192.0,0.0,0.0,4.75,NA,-0.11
2026-05-30 19:00:00,483.5,683.0,2.7,7.5,9.43,NA,9.4,0.78,40.98,2.6,4.6,3.4,NA,NA,NA,25.88,61.25,0.58,189.25,0.0,0.0,4.0,NA,-0.1
2026-05-30 20:00:00,144.5,208.25,2.63,7.38,9.28,NA,9.27,0.77,40.18,2.6,4.53,3.35,NA,NA,NA,25.35,63.25,0.58,181.5,0.0,0.0,4.25,NA,-0.09
2026-05-30 21:00:00,83.5,123.0,2.6,7.2,9.05,NA,9.2,0.75,39.15,2.6,4.5,3.37,NA,NA,NA,24.68,67.75,0.45,185.5,0.0,0.0,4.0,NA,-0.1
2026-05-30 22:00:00,41.25,64.25,2.53,7.1,8.93,NA,9.23,0.74,38.58,2.6,4.53,3.32,NA,NA,NA,24.4,72.0,0.48,190.25,0.0,0.0,4.0,NA,-0.1
2026-05-30 23:00:00,38.0,58.75,2.5,7.0,8.83,NA,9.37,0.74,38.05,2.6,4.6,3.4,NA,NA,NA,24.03,74.75,0.48,190.5,0.0,0.0,4.25,NA,-0.1
2026-05-31 00:00:00,29.75,47.5,2.5,6.95,8.75,NA,9.28,0.73,37.5,2.6,4.55,3.38,NA,NA,NA,23.7,76.25,0.45,194.25,0.0,0.0,4.25,NA,-0.1
2026-05-31 01:00:00,22.0,36.75,2.48,6.88,8.65,NA,9.2,0.73,37.08,2.6,4.5,3.3,NA,NA,NA,23.43,77.75,0.5,186.25,0.0,0.0,4.0,NA,-0.1
2026-05-31 02:00:00,17.75,31.25,2.4,6.8,8.6,NA,9.2,0.72,36.68,2.6,4.5,3.3,NA,NA,NA,23.2,79.0,0.48,202.75,0.0,0.0,4.75,NA,-0.13
2026-05-31 03:00:00,14.75,26.5,2.4,6.8,8.53,NA,9.23,0.72,36.5,2.6,4.53,3.37,NA,NA,NA,23.1,79.25,0.45,191.25,0.0,0.0,4.0,NA,-0.1
2026-05-31 04:00:00,8.25,17.25,2.4,6.73,8.5,NA,9.23,0.72,36.35,2.6,4.53,3.35,NA,NA,NA,22.98,80.5,0.53,173.25,0.0,0.0,4.0,NA,-0.1
2026-05-31 05:00:00,9.5,19.25,2.4,6.8,8.6,NA,9.17,0.72,36.73,2.6,4.5,3.3,NA,NA,NA,23.23,79.0,0.4,163.75,0.0,0.0,6.25,NA,-0.1
2026-05-31 06:00:00,16.75,29.25,2.53,7.0,8.83,NA,9.25,0.74,38.0,2.6,4.53,3.38,NA,NA,NA,24.0,74.75,0.48,240.25,0.0,0.0,87.75,NA,-0.1
2026-05-31 07:00:00,19.5,33.5,2.6,7.3,9.15,NA,9.27,0.76,39.58,2.6,4.53,3.4,NA,NA,NA,25.03,69.75,0.63,179.0,0.0,0.0,220.5,NA,-0.09
2026-05-31 08:00:00,27.5,45.0,2.75,7.68,9.63,NA,9.13,0.79,42.08,2.6,4.43,3.3,NA,NA,NA,26.5,64.0,0.58,186.5,0.0,0.0,377.75,NA,-0.09
2026-05-31 09:00:00,28.25,45.75,2.85,7.95,10.0,NA,9.0,0.8,43.78,2.5,4.4,3.3,NA,NA,NA,27.58,59.75,0.53,205.75,0.0,0.0,525.75,NA,-0.1
2026-05-31 10:00:00,39.0,60.75,2.98,8.33,10.45,NA,9.05,0.83,46.18,2.55,4.4,3.3,NA,NA,NA,29.03,51.0,0.63,200.0,0.0,0.0,634.25,NA,-0.1
2026-05-31 11:00:00,27.5,44.5,3.1,8.6,10.83,NA,NA,0.86,47.93,2.5,4.35,3.25,NA,NA,NA,30.13,46.0,0.48,214.75,0.0,0.0,675.75,NA,-0.1
2026-05-31 12:00:00,26.75,43.0,3.13,8.7,10.93,NA,9.03,0.86,48.43,2.55,4.4,3.3,NA,NA,NA,30.43,45.0,0.48,203.75,0.0,0.0,517.75,NA,-0.09
2026-05-31 13:00:00,33.75,53.5,3.15,8.8,11.1,NA,9.0,0.87,49.15,2.5,4.4,3.3,NA,NA,NA,30.85,43.5,0.35,224.5,0.0,0.0,611.25,NA,-0.09
2026-05-31 14:00:00,32.5,50.75,3.2,8.95,11.28,NA,9.15,0.88,50.08,2.58,4.48,3.32,NA,NA,NA,31.45,41.0,0.35,222.75,0.0,0.0,474.0,NA,-0.09
2026-05-31 15:00:00,37.75,59.0,3.13,8.68,10.95,NA,9.2,0.86,48.4,2.6,4.5,3.3,NA,NA,NA,30.43,43.25,0.45,213.0,0.0,0.0,380.5,NA,-0.09
2026-05-31 16:00:00,107.0,155.75,2.73,7.65,9.6,NA,9.23,0.78,41.95,2.6,4.5,3.32,NA,NA,NA,26.45,54.5,0.3,217.0,0.0,0.0,65.25,NA,-0.1
2026-05-31 17:00:00,159.75,229.5,2.5,7.05,8.85,NA,9.2,0.74,38.05,2.6,4.5,3.3,NA,NA,NA,24.05,64.25,0.43,195.0,0.0,0.0,15.75,NA,-0.11
2026-05-31 18:00:00,40.5,62.75,2.7,7.6,9.53,NA,9.23,0.78,41.5,2.6,4.5,3.38,NA,NA,NA,26.13,51.75,0.45,215.0,0.0,0.0,13.75,NA,-0.11
2026-05-31 19:00:00,14.25,26.5,2.58,7.23,9.08,NA,9.37,0.75,39.3,2.6,4.6,3.4,NA,NA,NA,24.8,64.0,0.43,190.5,0.0,0.0,4.75,NA,-0.11
2026-05-31 20:00:00,25.75,42.25,2.6,7.2,9.08,NA,9.23,0.76,39.18,2.6,4.53,3.32,NA,NA,NA,24.75,67.75,0.4,201.75,0.0,0.0,4.25,NA,-0.1
2026-05-31 21:00:00,23.75,40.0,2.53,7.05,8.88,NA,9.23,0.74,38.25,2.6,4.53,3.37,NA,NA,NA,24.15,75.25,0.68,207.0,0.0,0.0,4.0,NA,-0.09
2026-05-31 22:00:00,27.25,44.75,2.55,7.07,8.95,NA,9.3,0.74,38.55,2.6,4.55,3.4,NA,NA,NA,24.35,74.75,0.65,193.75,0.0,0.0,4.0,NA,-0.1
2026-05-31 23:00:00,32.0,50.67,2.5,7.03,8.83,NA,9.33,0.73,38.13,2.6,4.57,3.4,NA,NA,NA,24.07,74.67,0.5,242.0,0.0,0.0,4.0,NA,-0.11
2026-06-01 00:00:00,24.5,40.75,2.5,7.0,8.8,NA,9.15,0.73,37.7,2.6,4.45,3.32,NA,NA,NA,23.83,76.25,0.8,200.75,0.0,0.0,4.25,NA,-0.11
2026-06-01 01:00:00,18.75,33.0,2.5,7.0,8.8,NA,9.07,0.73,37.88,2.57,4.4,3.3,NA,NA,NA,23.93,75.25,0.83,197.0,0.0,0.0,4.25,NA,-0.1
2026-06-01 02:00:00,26.25,42.75,2.5,7.05,8.85,NA,9.1,0.74,38.15,2.6,4.45,3.3,NA,NA,NA,24.13,74.5,0.75,197.5,0.0,0.0,4.0,NA,-0.1
2026-06-01 03:00:00,25.5,41.5,2.5,7.0,8.8,NA,9.17,0.73,38.0,2.6,4.5,3.3,NA,NA,NA,24.0,75.75,0.78,187.25,0.0,0.0,4.0,NA,-0.09
2026-06-01 04:00:00,32.75,51.25,2.5,7.0,8.8,NA,9.08,0.73,37.83,2.55,4.43,3.3,NA,NA,NA,23.95,77.25,0.7,156.0,0.0,0.0,4.0,NA,-0.1
2026-06-01 05:00:00,33.0,52.25,2.5,7.03,8.83,NA,8.97,0.74,38.0,2.5,4.4,3.3,NA,NA,NA,24.0,76.25,0.5,239.0,0.0,0.0,29.25,NA,-0.09
2026-06-01 06:00:00,35.25,55.5,2.55,7.1,8.95,NA,9.1,0.75,38.7,2.58,4.45,3.3,NA,NA,NA,24.43,76.25,0.58,221.5,0.0,0.0,82.5,NA,-0.1
2026-06-01 07:00:00,32.25,51.0,2.6,7.3,9.18,NA,9.1,0.76,39.65,2.6,4.47,3.3,NA,NA,NA,25.03,71.0,0.45,210.5,0.0,0.0,193.75,NA,-0.09
2026-06-01 08:00:00,25.25,40.75,2.63,7.38,9.3,NA,9.05,0.77,40.2,2.55,4.43,3.3,NA,NA,NA,25.38,67.0,0.55,209.5,0.0,0.0,271.75,NA,-0.1
2026-06-01 09:00:00,26.0,42.0,2.8,7.8,9.83,NA,9.0,0.8,43.05,2.5,4.4,3.3,NA,NA,NA,27.15,57.25,0.5,191.5,0.0,0.0,396.0,NA,-0.16
2026-06-01 10:00:00,35.25,55.5,2.8,7.83,9.88,NA,8.93,0.8,43.1,2.5,4.38,3.28,NA,NA,NA,27.15,57.5,0.5,175.5,0.0,0.0,200.5,NA,-0.15
2026-06-01 11:00:00,53.0,80.0,2.85,7.95,9.98,NA,NA,0.8,43.68,2.45,4.25,3.2,NA,NA,NA,27.5,57.75,0.48,205.5,0.0,0.0,343.25,NA,-0.16
2026-06-01 12:00:00,41.25,63.75,2.98,8.18,10.3,NA,9.05,0.82,45.3,2.55,4.43,3.28,NA,NA,NA,28.5,55.0,0.45,195.25,0.0,0.0,425.75,NA,-0.16
2026-06-01 13:00:00,32.0,50.75,3.03,8.43,10.58,NA,9.1,0.85,46.78,2.6,4.4,3.3,NA,NA,NA,29.43,49.5,0.5,209.0,0.0,0.0,589.0,NA,-0.16
2026-06-01 14:00:00,41.0,63.5,3.1,8.58,10.8,NA,9.1,0.85,47.58,2.6,4.43,3.3,NA,NA,NA,29.92,43.0,0.48,204.25,0.0,0.0,579.25,NA,-0.16
2026-06-01 15:00:00,36.5,57.0,3.08,8.58,10.78,NA,9.0,0.85,47.48,2.5,4.4,3.3,NA,NA,NA,29.83,42.25,0.4,204.0,0.0,0.0,476.75,NA,-0.16
2026-06-01 16:00:00,27.5,44.25,3.0,8.35,10.5,NA,9.08,0.84,46.3,2.58,4.43,3.3,NA,NA,NA,29.13,44.75,0.5,195.25,0.0,0.0,178.25,NA,-0.16
2026-06-01 17:00:00,27.75,44.5,2.98,8.28,10.38,NA,9.0,0.82,45.65,2.5,4.4,3.3,NA,NA,NA,28.73,45.75,0.58,193.75,0.0,0.0,60.5,NA,-0.16
2026-06-01 18:00:00,34.25,53.5,3.0,8.28,10.43,NA,9.13,0.84,46.0,2.6,4.48,3.3,NA,NA,NA,28.93,48.75,0.53,182.25,0.0,0.0,9.0,NA,-0.14
2026-06-01 19:00:00,55.25,83.0,3.0,8.25,10.38,NA,9.23,0.82,45.7,2.6,4.5,3.37,NA,NA,NA,28.73,48.25,0.68,204.0,0.0,0.0,4.25,NA,-0.11
2026-06-01 20:00:00,67.5,100.75,2.9,8.15,10.25,NA,9.15,0.82,45.13,2.58,4.5,3.32,NA,NA,NA,28.38,51.5,0.73,189.5,0.0,0.0,4.5,NA,-0.1
2026-06-01 21:00:00,75.75,112.0,2.9,8.05,10.15,NA,9.0,0.81,44.5,2.5,4.4,3.3,NA,NA,NA,28.0,54.0,0.65,151.25,0.0,0.0,4.5,NA,-0.1
2026-06-01 22:00:00,76.0,112.5,2.82,7.95,9.98,NA,9.17,0.8,43.75,2.6,4.48,3.3,NA,NA,NA,27.55,55.0,0.6,184.25,0.0,0.0,5.0,NA,-0.12
2026-06-01 23:00:00,58.0,87.75,2.8,7.9,9.9,NA,9.2,0.8,43.35,2.6,4.5,3.33,NA,NA,NA,27.28,55.25,0.55,148.75,0.0,0.0,5.0,NA,-0.13
2026-06-02 00:00:00,54.0,81.25,2.8,7.8,9.8,NA,9.2,0.79,42.73,2.6,4.5,3.35,NA,NA,NA,26.92,55.5,0.55,156.75,0.0,0.0,5.0,NA,-0.13
2026-06-02 01:00:00,36.75,57.5,2.8,7.73,9.78,NA,9.37,0.79,42.58,2.6,4.6,3.4,NA,NA,NA,26.8,56.5,0.68,162.0,0.0,0.0,5.5,NA,-0.16
2026-06-02 02:00:00,29.75,48.0,2.8,7.7,9.7,NA,9.4,0.79,42.2,2.6,4.6,3.4,NA,NA,NA,26.63,58.0,0.65,156.0,0.0,0.0,4.5,NA,-0.11
2026-06-02 03:00:00,22.75,38.0,2.73,7.65,9.63,NA,9.53,0.78,41.88,2.67,4.67,3.5,NA,NA,NA,26.43,61.25,0.43,162.5,0.0,0.0,5.25,NA,-0.15
2026-06-02 04:00:00,26.25,43.0,2.7,7.63,9.58,NA,9.33,0.78,41.68,2.63,4.6,3.43,NA,NA,NA,26.28,65.0,0.78,209.0,0.0,0.0,5.75,NA,-0.16
2026-06-02 05:00:00,31.25,50.0,2.7,7.6,9.6,NA,9.27,0.78,41.68,2.6,4.57,3.37,NA,NA,NA,26.28,67.5,0.6,266.0,0.0,0.0,7.25,NA,-0.12
2026-06-02 06:00:00,36.75,57.25,2.8,7.83,9.83,NA,9.17,0.79,42.98,2.6,4.48,3.32,NA,NA,NA,27.05,66.5,0.63,193.5,0.0,0.0,91.5,NA,-0.12
2026-06-02 07:00:00,41.25,63.5,2.95,8.2,10.35,NA,9.1,0.83,45.53,2.6,4.4,3.3,NA,NA,NA,28.65,58.5,0.55,180.0,0.0,0.0,231.5,NA,-0.11
2026-06-02 08:00:00,46.25,70.5,3.08,8.55,10.75,NA,9.2,0.85,47.58,2.6,4.5,3.3,NA,NA,NA,29.9,49.25,0.53,169.25,0.0,0.0,364.5,NA,-0.16
2026-06-02 09:00:00,52.5,79.25,3.23,8.95,11.3,NA,8.97,0.88,50.23,2.53,4.4,3.3,NA,NA,NA,31.55,44.0,0.53,186.5,0.0,0.0,424.25,NA,-0.17
2026-06-02 10:00:00,75.5,111.25,3.28,9.15,11.53,NA,8.93,0.89,51.4,2.5,4.38,3.28,NA,NA,NA,32.25,42.5,0.6,210.0,0.0,0.0,580.5,NA,-0.16
2026-06-02 11:00:00,68.0,101.0,3.32,9.33,11.75,NA,NA,0.91,52.4,2.4,4.25,3.15,NA,NA,NA,32.88,40.75,0.63,199.75,0.0,0.0,618.0,NA,-0.16
2026-06-02 12:00:00,64.5,96.25,3.4,9.5,11.93,NA,9.08,0.92,53.33,2.55,4.43,3.33,NA,NA,NA,33.48,39.0,0.6,201.25,0.0,0.0,581.25,NA,-0.16
2026-06-02 13:00:00,49.75,75.75,3.32,9.33,11.73,NA,9.3,0.9,52.3,2.6,4.6,3.4,NA,NA,NA,32.8,39.0,0.6,200.0,0.0,0.0,526.5,NA,-0.16
2026-06-02 14:00:00,53.0,80.5,3.35,9.4,11.85,NA,9.23,0.91,52.93,2.6,4.5,3.35,NA,NA,NA,33.18,38.5,0.45,242.75,0.0,0.0,393.25,NA,-0.16
2026-06-02 15:00:00,57.5,86.75,3.45,9.6,12.08,NA,9.23,0.93,54.08,2.6,4.53,3.33,NA,NA,NA,33.93,36.5,0.35,216.25,0.0,0.0,409.0,NA,-0.16
2026-06-02 16:00:00,52.25,79.5,3.4,9.48,11.88,NA,9.1,0.92,53.2,2.55,4.48,3.32,NA,NA,NA,33.38,36.5,0.65,216.0,0.0,0.0,187.25,NA,-0.16
2026-06-02 17:00:00,60.75,91.0,3.32,9.25,11.65,NA,8.9,0.9,51.9,2.5,4.4,3.3,NA,NA,NA,32.58,39.75,0.6,219.75,0.0,0.0,62.0,NA,-0.16
2026-06-02 18:00:00,65.25,97.25,3.2,8.98,11.28,NA,9.08,0.88,50.15,2.58,4.43,3.3,NA,NA,NA,31.48,43.75,0.6,224.75,0.0,0.0,9.75,NA,-0.14
2026-06-02 19:00:00,68.75,102.25,3.15,8.8,11.08,NA,9.27,0.87,49.1,2.6,4.53,3.37,NA,NA,NA,30.85,46.25,0.6,227.5,0.0,0.0,4.25,NA,-0.11
2026-06-02 20:00:00,73.25,108.25,3.1,8.7,10.98,NA,9.25,0.86,48.6,2.6,4.55,3.4,NA,NA,NA,30.53,47.0,0.55,213.25,0.0,0.0,4.25,NA,-0.1
2026-06-02 21:00:00,91.0,133.5,3.1,8.58,10.8,NA,9.2,0.85,47.73,2.6,4.5,3.33,NA,NA,NA,30.03,49.5,0.53,182.25,0.0,0.0,4.0,NA,-0.1
2026-06-02 22:00:00,87.75,128.75,3.0,8.43,10.6,NA,9.1,0.84,46.75,2.6,4.43,3.3,NA,NA,NA,29.38,52.25,0.5,171.0,0.0,0.0,4.0,NA,-0.1
2026-06-02 23:00:00,74.0,109.25,3.0,8.4,10.53,NA,9.1,0.84,46.45,2.6,4.43,3.3,NA,NA,NA,29.23,52.75,0.48,160.5,0.0,0.0,4.25,NA,-0.11
2026-06-03 00:00:00,64.25,96.0,3.0,8.35,10.5,NA,9.23,0.84,46.35,2.6,4.53,3.35,NA,NA,NA,29.15,52.5,0.73,124.0,0.0,0.0,5.25,NA,-0.13
2026-06-03 01:00:00,57.0,86.0,3.0,8.3,10.48,NA,9.4,0.84,46.18,2.6,4.6,3.4,NA,NA,NA,29.03,53.25,0.78,125.75,0.0,0.0,5.0,NA,-0.11
2026-06-03 02:00:00,62.75,94.25,2.93,8.18,10.28,NA,9.25,0.83,45.33,2.6,4.53,3.38,NA,NA,NA,28.5,56.75,0.6,229.75,0.0,0.0,4.5,NA,-0.1
2026-06-03 03:00:00,74.25,110.25,2.9,8.17,10.28,NA,9.33,0.82,45.18,2.6,4.57,3.4,NA,NA,NA,28.45,56.75,0.75,188.25,0.0,0.0,4.0,NA,-0.1
2026-06-03 04:00:00,58.25,87.25,2.9,8.17,10.28,NA,9.23,0.82,45.08,2.6,4.53,3.38,NA,NA,NA,28.38,56.5,0.65,183.0,0.0,0.0,4.0,NA,-0.1
2026-06-03 05:00:00,82.0,120.0,2.9,8.13,10.2,NA,9.33,0.82,44.93,2.6,4.57,3.4,NA,NA,NA,28.28,59.5,0.78,195.75,0.0,0.0,6.5,NA,-0.09
2026-06-03 06:00:00,74.25,110.0,2.95,8.23,10.33,NA,9.13,0.82,45.43,2.6,4.5,3.32,NA,NA,NA,28.58,60.0,0.58,240.25,0.0,0.0,83.0,NA,-0.1
2026-06-03 07:00:00,79.5,117.25,3.15,8.75,10.98,NA,9.1,0.86,48.78,2.6,4.4,3.3,NA,NA,NA,30.65,51.25,0.7,168.0,0.0,0.0,221.25,NA,-0.1
2026-06-03 08:00:00,70.5,104.75,3.25,9.03,11.38,NA,9.15,0.89,50.63,2.6,4.45,3.3,NA,NA,NA,31.8,46.25,0.45,245.0,0.0,0.0,356.75,NA,-0.13
2026-06-03 09:00:00,60.5,90.25,3.33,9.28,11.65,NA,9.07,0.9,52.1,2.6,4.43,3.3,NA,NA,NA,32.7,43.5,0.4,188.0,0.0,0.0,475.25,NA,-0.15
2026-06-03 10:00:00,61.5,92.25,3.45,9.6,12.05,NA,9.15,0.93,53.98,2.6,4.48,3.3,NA,NA,NA,33.85,40.5,0.6,188.75,0.0,0.0,565.0,NA,-0.15
2026-06-03 11:00:00,70.5,104.0,3.43,9.6,12.1,NA,NA,0.93,54.18,2.55,4.4,3.3,NA,NA,NA,33.95,39.0,0.53,221.25,0.0,0.0,614.25,NA,-0.16
2026-06-03 12:00:00,64.25,96.0,3.4,9.6,12.1,NA,9.25,0.93,54.13,2.6,4.53,3.35,NA,NA,NA,33.95,39.0,0.45,230.75,0.0,0.0,634.5,NA,-0.16
2026-06-03 13:00:00,67.5,100.75,3.5,9.67,12.2,NA,9.33,0.93,54.7,2.6,4.57,3.4,NA,NA,NA,34.3,36.75,0.43,215.25,0.0,0.0,606.75,NA,-0.16
2026-06-03 14:00:00,69.0,102.0,3.45,9.6,12.1,NA,9.3,0.93,54.3,2.6,4.6,3.4,NA,NA,NA,34.03,37.0,0.4,239.0,0.0,0.0,508.25,NA,-0.16
2026-06-03 15:00:00,64.0,95.25,3.5,9.65,12.15,NA,9.3,0.93,54.53,2.6,4.6,3.4,NA,NA,NA,34.18,36.25,0.58,224.0,0.0,0.0,399.0,NA,-0.17
2026-06-03 16:00:00,57.25,86.25,3.4,9.55,12.0,NA,9.18,0.93,53.78,2.6,4.45,3.32,NA,NA,NA,33.73,37.5,0.58,218.5,0.0,0.0,188.25,NA,-0.16
2026-06-03 17:00:00,73.75,109.5,3.35,9.33,11.73,NA,9.13,0.9,52.4,2.6,4.47,3.3,NA,NA,NA,32.88,40.0,0.43,225.5,0.0,0.0,47.75,NA,-0.16
2026-06-03 18:00:00,69.5,103.0,3.28,9.1,11.4,NA,9.25,0.89,50.9,2.6,4.53,3.38,NA,NA,NA,31.93,42.5,0.53,227.25,0.0,0.0,5.25,NA,-0.11
2026-06-03 19:00:00,69.5,102.75,3.2,8.98,11.3,NA,9.33,0.88,50.25,2.6,4.6,3.4,NA,NA,NA,31.55,43.25,0.48,223.0,0.0,0.0,4.5,NA,-0.11
2026-06-03 20:00:00,106.5,155.5,3.2,8.9,11.2,NA,9.28,0.87,49.8,2.6,4.55,3.38,NA,NA,NA,31.3,43.5,0.65,222.75,0.0,0.0,4.25,NA,-0.1
2026-06-03 21:00:00,98.0,143.0,3.2,8.85,11.13,NA,9.2,0.87,49.38,2.6,4.5,3.3,NA,NA,NA,31.0,45.5,0.58,243.25,0.0,0.0,4.0,NA,-0.1
2026-06-03 22:00:00,75.0,111.25,3.1,8.8,11.1,NA,9.2,0.87,49.08,2.6,4.5,3.32,NA,NA,NA,30.85,46.5,0.67,268.25,0.0,0.0,4.75,NA,-0.1
2026-06-03 23:00:00,66.0,98.5,3.1,8.75,11.03,NA,9.23,0.87,48.8,2.6,4.5,3.4,NA,NA,NA,30.65,48.0,0.58,198.75,0.0,0.0,4.5,NA,-0.11
2026-06-04 00:00:00,83.5,122.75,3.1,8.63,10.85,NA,9.3,0.86,48.05,2.6,4.55,3.4,NA,NA,NA,30.2,50.0,0.83,197.25,0.0,0.0,5.0,NA,-0.1
2026-06-04 01:00:00,85.25,125.25,3.05,8.53,10.73,NA,9.4,0.85,47.4,2.6,4.6,3.4,NA,NA,NA,29.8,52.25,0.8,197.0,0.0,0.0,4.75,NA,-0.11
2026-06-04 02:00:00,92.25,135.0,3.0,8.43,10.6,NA,9.4,0.84,46.8,2.6,4.6,3.4,NA,NA,NA,29.45,52.75,0.8,197.0,0.0,0.0,4.5,NA,-0.1
2026-06-04 03:00:00,58.25,87.25,3.0,8.4,10.58,NA,9.4,0.84,46.63,2.6,4.6,3.4,NA,NA,NA,29.33,53.25,0.8,197.0,0.0,0.0,4.25,NA,-0.1
2026-06-04 04:00:00,53.75,81.5,3.0,8.38,10.53,NA,9.28,0.84,46.45,2.6,4.55,3.38,NA,NA,NA,29.23,53.75,0.8,197.5,0.0,0.0,4.5,NA,-0.11
2026-06-04 05:00:00,41.5,63.5,3.0,8.4,10.6,NA,9.2,0.84,46.73,2.6,4.5,3.3,NA,NA,NA,29.38,53.75,0.8,196.75,0.0,0.0,6.75,NA,-0.1
2026-06-04 06:00:00,89.5,131.5,3.08,8.55,10.78,NA,9.3,0.85,47.73,2.6,4.57,3.38,NA,NA,NA,29.98,51.0,0.73,227.25,0.0,0.0,86.25,NA,-0.09
2026-06-04 07:00:00,69.5,103.75,3.23,9.03,11.33,NA,9.4,0.88,50.43,2.6,4.6,3.4,NA,NA,NA,31.67,46.25,0.8,196.75,0.0,0.0,229.5,NA,-0.1
2026-06-04 08:00:00,65.75,98.0,3.35,9.33,11.73,NA,9.23,0.9,52.3,2.6,4.53,3.38,NA,NA,NA,32.8,42.75,0.58,233.5,0.0,0.0,356.0,NA,-0.12
2026-06-04 09:00:00,66.0,98.25,3.32,9.33,11.73,NA,9.2,0.9,52.4,2.6,4.5,3.3,NA,NA,NA,32.85,43.25,0.38,224.25,0.0,0.0,465.75,NA,-0.14
2026-06-04 10:00:00,77.75,115.25,3.4,9.43,11.83,NA,9.13,0.92,52.98,2.6,4.48,3.3,NA,NA,NA,33.23,41.25,0.4,250.5,0.0,0.0,455.25,NA,-0.15
2026-06-04 11:00:00,68.25,101.25,3.38,9.4,11.88,NA,NA,0.91,53.0,2.55,4.4,3.3,NA,NA,NA,33.25,41.5,0.43,241.0,0.0,0.0,340.0,NA,-0.16
2026-06-04 12:00:00,66.75,98.75,3.45,9.53,11.98,NA,9.18,0.93,53.68,2.58,4.48,3.32,NA,NA,NA,33.65,39.75,0.53,229.5,0.0,0.0,373.0,NA,-0.16
2026-06-04 13:00:00,75.5,111.25,3.25,9.08,11.4,NA,9.3,0.89,50.95,2.6,4.53,3.4,NA,NA,NA,32.0,44.5,0.38,194.5,0.0,0.0,503.75,NA,-0.16
2026-06-04 14:00:00,76.0,113.0,3.38,9.45,11.85,NA,9.23,0.92,53.03,2.6,4.53,3.35,NA,NA,NA,33.3,41.0,0.5,196.25,0.0,0.0,530.5,NA,-0.16
2026-06-04 15:00:00,57.5,86.25,3.43,9.6,12.08,NA,9.17,0.93,53.98,2.6,4.5,3.3,NA,NA,NA,33.85,40.0,0.33,219.0,0.0,0.0,408.5,NA,-0.16
2026-06-04 16:00:00,69.0,102.25,3.4,9.5,11.98,NA,9.2,0.92,53.63,2.6,4.5,3.38,NA,NA,NA,33.65,40.25,0.53,192.75,0.0,0.0,188.5,NA,-0.16
2026-06-04 17:00:00,40.75,57.5,3.38,9.4,11.83,NA,9.3,0.91,52.85,2.6,4.6,3.4,NA,NA,NA,33.15,41.0,0.63,211.0,0.0,0.0,50.0,NA,-0.16
2026-06-04 18:00:00,33.25,45.25,3.3,9.18,11.58,NA,9.25,0.89,51.53,2.6,4.55,3.4,NA,NA,NA,32.33,41.0,0.65,196.5,0.0,0.0,6.25,NA,-0.1
2026-06-04 19:00:00,45.0,60.25,3.3,9.1,11.43,NA,9.23,0.89,50.93,2.6,4.53,3.37,NA,NA,NA,31.98,40.5,0.63,228.75,0.0,0.0,4.0,NA,-0.11
2026-06-04 20:00:00,39.75,53.75,3.23,8.98,11.28,NA,9.3,0.88,50.23,2.6,4.57,3.4,NA,NA,NA,31.53,44.75,0.63,181.75,0.0,0.0,4.0,NA,-0.1
2026-06-04 21:00:00,79.25,103.25,3.15,8.83,11.08,NA,9.17,0.87,49.13,2.6,4.5,3.3,NA,NA,NA,30.85,49.25,0.63,203.5,0.0,0.0,4.0,NA,-0.1
2026-06-04 22:00:00,78.75,102.0,3.1,8.8,11.0,NA,9.3,0.87,48.9,2.6,4.55,3.4,NA,NA,NA,30.7,49.5,0.67,205.75,0.0,0.0,4.0,NA,-0.1
2026-06-04 23:00:00,55.25,72.25,3.1,8.73,10.98,NA,9.2,0.86,48.65,2.6,4.5,3.4,NA,NA,NA,30.58,49.0,0.73,208.25,0.0,0.0,4.0,NA,-0.1
2026-06-05 00:00:00,51.0,67.75,3.1,8.65,10.88,NA,9.23,0.86,48.23,2.6,4.5,3.38,NA,NA,NA,30.33,50.25,0.7,221.0,0.0,0.0,4.0,NA,-0.1
2026-06-05 01:00:00,54.75,72.25,3.1,8.58,10.78,NA,9.27,0.85,47.78,2.6,4.53,3.4,NA,NA,NA,30.0,51.25,0.73,204.25,0.0,0.0,4.25,NA,-0.1
2026-06-05 02:00:00,51.75,68.25,3.08,8.5,10.7,NA,9.3,0.85,47.35,2.6,4.6,3.4,NA,NA,NA,29.78,52.25,0.5,227.75,0.0,0.0,4.25,NA,-0.1
2026-06-05 03:00:00,66.0,86.5,2.95,8.28,10.38,NA,9.4,0.83,45.73,2.6,4.6,3.4,NA,NA,NA,28.75,51.25,0.35,230.25,0.0,0.0,4.0,NA,-0.1
2026-06-05 04:00:00,69.0,90.0,2.9,8.1,10.2,NA,9.28,0.81,44.75,2.6,4.55,3.38,NA,NA,NA,28.18,51.5,0.4,227.75,0.0,0.0,4.0,NA,-0.09
2026-06-05 05:00:00,33.75,46.0,2.9,8.0,10.1,NA,9.27,0.81,44.23,2.6,4.53,3.37,NA,NA,NA,27.83,54.5,0.48,228.0,0.0,0.0,12.0,NA,-0.09
2026-06-05 06:00:00,23.5,33.0,2.9,8.03,10.1,NA,9.2,0.81,44.33,2.6,4.5,3.32,NA,NA,NA,27.9,56.0,0.43,230.25,0.0,0.0,38.75,NA,-0.14
2026-06-05 07:00:00,23.0,32.0,2.85,7.95,9.98,NA,9.2,0.8,43.73,2.6,4.5,3.3,NA,NA,NA,27.58,57.5,0.5,212.25,0.0,0.0,28.5,NA,-0.14
2026-06-05 08:00:00,18.0,26.0,3.0,8.38,10.55,NA,9.17,0.84,46.48,2.6,4.5,3.3,NA,NA,NA,29.2,50.0,0.45,189.75,0.0,0.0,141.5,NA,-0.14
2026-06-05 09:00:00,21.25,30.25,3.2,8.93,11.25,NA,9.2,0.88,49.95,2.6,4.5,3.3,NA,NA,NA,31.35,43.25,0.4,222.25,0.0,0.0,364.25,NA,-0.14
2026-06-05 10:00:00,21.0,30.0,3.35,9.4,11.78,NA,9.1,0.91,52.73,2.58,4.45,3.3,NA,NA,NA,33.08,38.5,0.55,202.75,0.0,0.0,547.5,NA,-0.15
2026-06-05 11:00:00,33.5,45.75,3.32,9.27,11.65,NA,NA,0.9,51.98,2.5,4.3,3.25,NA,NA,NA,32.63,45.25,0.4,203.5,0.0,0.0,590.0,NA,-0.16
2026-06-05 12:00:00,35.75,48.25,3.3,9.23,11.63,NA,9.1,0.9,51.85,2.58,4.43,3.3,NA,NA,NA,32.53,44.75,0.4,224.0,0.0,0.0,605.5,NA,-0.16
2026-06-05 13:00:00,41.25,55.5,3.4,9.4,11.8,NA,9.2,0.9,52.8,2.6,4.5,3.37,NA,NA,NA,33.1,41.5,0.53,225.0,0.0,0.0,582.25,NA,-0.16
2026-06-05 14:00:00,37.25,50.5,3.4,9.53,11.98,NA,9.1,0.92,53.55,2.6,4.4,3.3,NA,NA,NA,33.58,41.5,0.5,216.25,0.0,0.0,510.75,NA,-0.17
2026-06-05 15:00:00,32.75,44.75,3.4,9.58,12.03,NA,9.1,0.93,53.9,2.6,4.4,3.3,NA,NA,NA,33.8,41.25,0.5,228.0,0.0,0.0,392.25,NA,-0.16
2026-06-05 16:00:00,31.25,43.0,3.35,9.33,11.78,NA,9.18,0.91,52.63,2.6,4.45,3.32,NA,NA,NA,33.0,43.75,0.38,242.0,0.0,0.0,181.0,NA,-0.17
2026-06-05 17:00:00,35.25,48.0,3.25,9.13,11.45,NA,9.17,0.89,51.05,2.6,4.5,3.3,NA,NA,NA,32.05,47.5,0.43,218.5,0.0,0.0,56.25,NA,-0.16
2026-06-05 18:00:00,46.5,62.0,3.2,8.9,11.2,NA,9.25,0.88,49.73,2.6,4.55,3.38,NA,NA,NA,31.25,52.0,0.5,208.0,0.0,0.0,8.0,NA,-0.13
2026-06-05 19:00:00,46.25,61.5,3.13,8.78,11.05,NA,9.37,0.87,49.0,2.6,4.6,3.4,NA,NA,NA,30.75,54.0,0.58,223.25,0.0,0.0,4.0,NA,-0.1
2026-06-05 20:00:00,51.5,67.75,3.1,8.7,10.95,NA,9.4,0.86,48.55,2.6,4.6,3.4,NA,NA,NA,30.53,56.0,0.65,220.25,0.0,0.0,4.0,NA,-0.11
2026-06-05 21:00:00,53.0,70.0,3.1,8.73,11.0,NA,9.33,0.86,48.73,2.6,4.6,3.4,NA,NA,NA,30.63,52.75,0.67,220.5,0.0,0.0,4.25,NA,-0.11
2026-06-05 22:00:00,48.0,63.5,3.1,8.65,10.9,NA,9.3,0.86,48.23,2.6,4.5,3.4,NA,NA,NA,30.33,55.25,0.65,222.75,0.0,0.0,4.25,NA,-0.11
2026-06-05 23:00:00,52.75,69.5,3.1,8.6,10.8,NA,9.23,0.85,47.75,2.6,4.5,3.4,NA,NA,NA,30.0,56.0,0.67,224.5,0.0,0.0,4.0,NA,-0.09
2026-06-06 00:00:00,56.5,74.5,3.03,8.45,10.63,NA,9.3,0.85,46.95,2.6,4.55,3.4,NA,NA,NA,29.5,58.5,0.7,215.25,0.0,0.0,4.0,NA,-0.1
2026-06-06 01:00:00,58.0,76.75,3.0,8.3,10.45,NA,9.4,0.84,46.05,2.6,4.6,3.4,NA,NA,NA,28.95,62.5,0.65,226.75,0.0,0.0,4.25,NA,-0.1
2026-06-06 02:00:00,58.0,76.0,2.95,8.23,10.35,NA,9.3,0.82,45.5,2.6,4.53,3.4,NA,NA,NA,28.65,65.25,0.75,216.75,0.0,0.0,4.0,NA,-0.1
2026-06-06 03:00:00,60.5,79.25,2.9,8.15,10.23,NA,9.3,0.82,45.08,2.6,4.57,3.4,NA,NA,NA,28.35,65.0,0.8,210.75,0.0,0.0,4.0,NA,-0.1
2026-06-06 04:00:00,61.0,80.0,2.9,8.15,10.23,NA,9.33,0.82,45.03,2.6,4.6,3.4,NA,NA,NA,28.35,64.0,0.73,214.0,0.0,0.0,4.0,NA,-0.1
2026-06-06 05:00:00,66.0,85.75,2.9,8.2,10.3,NA,9.23,0.82,45.38,2.6,4.5,3.33,NA,NA,NA,28.55,63.0,0.8,211.25,0.0,0.0,4.0,NA,-0.09
2026-06-06 06:00:00,66.75,87.0,3.0,8.33,10.45,NA,9.2,0.83,46.15,2.6,4.5,3.35,NA,NA,NA,29.05,61.5,0.78,217.5,0.0,0.0,70.0,NA,-0.09
2026-06-06 07:00:00,77.75,100.75,3.1,8.63,10.88,NA,9.2,0.86,48.15,2.6,4.5,3.33,NA,NA,NA,30.25,56.5,0.73,226.25,0.0,0.0,224.5,NA,-0.1
2026-06-06 08:00:00,78.75,102.25,3.18,8.85,11.13,NA,9.17,0.87,49.48,2.6,4.5,3.3,NA,NA,NA,31.05,53.25,0.6,223.25,0.0,0.0,365.75,NA,-0.1
2026-06-06 09:00:00,65.5,85.25,3.2,8.93,11.25,NA,9.2,0.88,50.03,2.6,4.5,3.3,NA,NA,NA,31.4,50.5,0.5,215.25,0.0,0.0,477.5,NA,-0.08
2026-06-06 10:00:00,61.75,81.25,3.28,9.2,11.6,NA,9.13,0.89,51.65,2.6,4.5,3.3,NA,NA,NA,32.4,46.25,0.5,217.5,0.0,0.0,561.5,NA,-0.13
2026-06-06 11:00:00,51.0,67.5,3.4,9.45,11.88,NA,NA,0.92,53.1,2.5,4.35,3.3,NA,NA,NA,33.33,41.5,0.4,219.0,0.0,0.0,619.5,NA,-0.14
2026-06-06 12:00:00,54.0,70.75,3.4,9.48,11.95,NA,9.15,0.92,53.4,2.6,4.48,3.3,NA,NA,NA,33.5,39.75,0.43,234.75,0.0,0.0,613.75,NA,-0.1
2026-06-06 13:00:00,48.25,63.75,3.4,9.6,12.08,NA,9.1,0.93,54.0,2.6,4.43,3.3,NA,NA,NA,33.82,39.5,0.48,215.75,0.0,0.0,520.0,NA,-0.09
2026-06-06 14:00:00,50.5,67.0,3.45,9.63,12.13,NA,9.17,0.93,54.33,2.6,4.48,3.3,NA,NA,NA,34.05,40.0,0.5,209.75,0.0,0.0,493.5,NA,-0.1
2026-06-06 15:00:00,59.75,78.25,3.4,9.6,12.1,NA,9.1,0.93,54.05,2.6,4.43,3.3,NA,NA,NA,33.9,40.0,0.53,224.75,0.0,0.0,393.75,NA,-0.14
2026-06-06 16:00:00,78.75,102.0,3.4,9.53,11.98,NA,9.2,0.92,53.65,2.6,4.5,3.35,NA,NA,NA,33.65,39.75,0.43,228.25,0.0,0.0,193.25,NA,-0.13
2026-06-06 17:00:00,56.0,74.25,3.4,9.45,11.85,NA,9.2,0.92,53.05,2.6,4.5,3.37,NA,NA,NA,33.25,39.75,0.5,222.25,0.0,0.0,50.75,NA,-0.13
2026-06-06 18:00:00,46.5,61.75,3.3,9.28,11.7,NA,9.25,0.9,52.15,2.6,4.53,3.38,NA,NA,NA,32.7,40.25,0.68,215.25,0.0,0.0,7.5,NA,-0.11
2026-06-06 19:00:00,48.0,64.0,3.3,9.15,11.53,NA,9.2,0.89,51.3,2.6,4.5,3.3,NA,NA,NA,32.23,42.0,0.73,170.75,0.0,0.0,4.0,NA,-0.09
2026-06-06 20:00:00,52.25,69.0,3.28,9.1,11.43,NA,9.25,0.89,50.93,2.6,4.53,3.4,NA,NA,NA,31.98,43.5,0.48,142.25,0.0,0.0,4.0,NA,-0.09
2026-06-06 21:00:00,72.0,93.5,3.2,9.03,11.33,NA,9.23,0.88,50.45,2.6,4.5,3.4,NA,NA,NA,31.68,44.75,0.67,191.75,0.0,0.0,4.0,NA,-0.09
2026-06-06 22:00:00,79.25,102.5,3.2,8.9,11.17,NA,9.23,0.87,49.73,2.6,4.5,3.32,NA,NA,NA,31.23,46.0,0.7,188.25,0.0,0.0,4.0,NA,-0.09
2026-06-06 23:00:00,75.75,98.75,3.1,8.6,10.85,NA,9.2,0.86,48.0,2.6,4.5,3.33,NA,NA,NA,30.18,51.75,0.5,203.25,0.0,0.0,4.0,NA,-0.09
2026-06-07 00:00:00,79.25,102.75,3.0,8.4,10.55,NA,9.15,0.84,46.55,2.6,4.48,3.3,NA,NA,NA,29.28,56.5,0.6,201.5,0.0,0.0,4.0,NA,-0.09
2026-06-07 01:00:00,66.5,87.0,2.95,8.25,10.35,NA,9.1,0.83,45.58,2.6,4.43,3.3,NA,NA,NA,28.7,59.5,0.63,191.25,0.0,0.0,4.0,NA,-0.09
2026-06-07 02:00:00,47.25,63.0,2.9,8.1,10.2,NA,9.2,0.81,44.83,2.6,4.5,3.3,NA,NA,NA,28.23,61.5,0.75,189.5,0.0,0.0,4.0,NA,-0.09
2026-06-07 03:00:00,35.5,48.25,2.9,8.0,10.1,NA,9.23,0.81,44.3,2.6,4.5,3.33,NA,NA,NA,27.9,64.0,0.53,174.5,0.0,0.0,4.0,NA,-0.09
2026-06-07 04:00:00,30.75,42.0,2.9,8.0,10.03,NA,9.33,0.8,43.93,2.6,4.6,3.4,NA,NA,NA,27.68,66.0,0.73,180.75,0.0,0.0,4.0,NA,-0.09
2026-06-07 05:00:00,27.25,38.25,2.88,7.98,10.0,NA,9.4,0.8,43.83,2.6,4.6,3.4,NA,NA,NA,27.58,67.5,0.73,139.25,0.0,0.0,6.0,NA,-0.08
2026-06-07 06:00:00,37.5,50.5,2.9,8.05,10.1,NA,9.3,0.81,44.38,2.6,4.55,3.38,NA,NA,NA,27.95,66.5,0.67,181.0,0.0,0.0,86.25,NA,-0.08
2026-06-07 07:00:00,40.25,53.75,2.95,8.18,10.3,NA,9.27,0.82,45.33,2.6,4.57,3.4,NA,NA,NA,28.53,63.75,0.6,194.5,0.0,0.0,214.75,NA,-0.08
2026-06-07 08:00:00,51.5,68.0,3.03,8.45,10.63,NA,9.38,0.85,46.9,2.6,4.57,3.4,NA,NA,NA,29.5,60.5,0.68,186.75,0.0,0.0,350.75,NA,-0.09
2026-06-07 09:00:00,48.0,63.75,3.18,8.88,11.13,NA,9.3,0.87,49.4,2.6,4.57,3.4,NA,NA,NA,31.03,55.0,0.43,223.25,0.0,0.0,463.25,NA,-0.07
2026-06-07 10:00:00,52.75,69.5,3.38,9.48,11.88,NA,9.28,0.92,53.18,2.6,4.5,3.38,NA,NA,NA,33.33,46.25,0.63,204.5,0.0,0.0,541.0,NA,-0.08
2026-06-07 11:00:00,56.5,74.25,3.48,9.73,12.23,NA,NA,0.93,54.9,2.6,4.4,3.3,NA,NA,NA,34.43,41.75,0.33,236.25,0.0,0.0,588.0,NA,-0.09
2026-06-07 12:00:00,51.25,67.5,3.55,9.88,12.45,NA,9.15,0.95,55.9,2.6,4.48,3.3,NA,NA,NA,35.0,39.75,0.45,220.5,0.0,0.0,557.0,NA,-0.09
2026-06-07 13:00:00,54.25,71.75,3.55,9.93,12.45,NA,9.17,0.95,55.98,2.6,4.47,3.3,NA,NA,NA,35.05,38.0,0.48,219.75,0.0,0.0,569.0,NA,-0.09
2026-06-07 14:00:00,59.25,78.0,3.6,10.0,12.53,NA,9.15,0.95,56.48,2.6,4.48,3.3,NA,NA,NA,35.35,36.5,0.53,219.25,0.0,0.0,499.75,NA,-0.09
2026-06-07 15:00:00,64.25,84.0,3.58,9.9,12.48,NA,9.17,0.95,56.18,2.6,4.47,3.3,NA,NA,NA,35.23,36.75,0.45,224.75,0.0,0.0,382.0,NA,-0.08
2026-06-07 16:00:00,66.75,86.75,3.53,9.88,12.43,NA,9.17,0.95,55.83,2.6,4.48,3.35,NA,NA,NA,34.98,36.0,0.5,226.25,0.0,0.0,191.75,NA,-0.08
2026-06-07 17:00:00,72.75,94.5,3.5,9.75,12.25,NA,9.3,0.94,54.93,2.6,4.57,3.4,NA,NA,NA,34.45,36.0,0.5,222.0,0.0,0.0,56.25,NA,-0.08
2026-06-07 18:00:00,67.25,87.75,3.4,9.55,12.0,NA,9.38,0.93,53.75,2.6,4.6,3.4,NA,NA,NA,33.7,37.75,0.63,221.0,0.0,0.0,8.5,NA,-0.09
2026-06-07 19:00:00,80.25,103.5,3.35,9.35,11.78,NA,9.4,0.91,52.65,2.6,4.6,3.4,NA,NA,NA,33.03,40.5,0.67,212.25,0.0,0.0,4.0,NA,-0.1
2026-06-07 20:00:00,96.0,123.75,3.3,9.23,11.63,NA,9.3,0.9,51.9,2.6,4.57,3.4,NA,NA,NA,32.55,41.75,0.68,221.5,0.0,0.0,4.0,NA,-0.1
2026-06-07 21:00:00,99.0,127.0,3.3,9.2,11.55,NA,9.3,0.89,51.48,2.6,4.53,3.37,NA,NA,NA,32.33,42.0,0.78,201.0,0.0,0.0,4.0,NA,-0.09
2026-06-07 22:00:00,94.75,122.0,3.3,9.13,11.45,NA,9.2,0.89,51.1,2.6,4.5,3.3,NA,NA,NA,32.05,42.75,0.75,209.25,0.0,0.0,4.0,NA,-0.09
2026-06-07 23:00:00,90.5,116.75,3.2,9.05,11.38,NA,9.27,0.88,50.68,2.6,4.53,3.4,NA,NA,NA,31.83,44.0,0.8,197.0,0.0,0.0,4.0,NA,-0.1
2026-06-08 00:00:00,98.5,127.0,3.2,8.98,11.28,NA,9.3,0.88,50.2,2.6,4.57,3.4,NA,NA,NA,31.55,45.0,0.83,197.0,0.0,0.0,4.0,NA,-0.1
2026-06-08 01:00:00,78.0,101.25,3.2,8.9,11.2,NA,9.47,0.87,49.75,2.6,4.6,3.43,NA,NA,NA,31.25,44.75,0.83,197.0,0.0,0.0,4.0,NA,-0.09
2026-06-08 02:00:00,71.5,92.75,3.15,8.8,11.08,NA,9.3,0.87,49.15,2.6,4.57,3.4,NA,NA,NA,30.85,47.0,0.78,199.0,0.0,0.0,4.0,NA,-0.09
2026-06-08 03:00:00,66.75,87.25,3.1,8.78,11.03,NA,9.33,0.87,48.93,2.6,4.6,3.4,NA,NA,NA,30.73,46.0,0.58,221.25,0.0,0.0,4.0,NA,-0.09
2026-06-08 04:00:00,57.5,75.0,3.1,8.67,10.93,NA,9.28,0.86,48.33,2.6,4.53,3.4,NA,NA,NA,30.38,48.25,0.63,216.5,0.0,0.0,4.0,NA,-0.09
2026-06-08 05:00:00,56.0,74.0,3.1,8.7,10.9,NA,9.23,0.86,48.35,2.6,4.53,3.37,NA,NA,NA,30.4,49.0,0.63,214.75,0.0,0.0,4.0,NA,-0.08
2026-06-08 06:00:00,56.75,74.75,3.1,8.7,10.95,NA,9.17,0.86,48.53,2.6,4.48,3.32,NA,NA,NA,30.48,49.0,0.68,179.25,0.0,0.0,18.75,NA,-0.08
2026-06-08 07:00:00,66.25,86.75,3.25,9.05,11.35,NA,9.3,0.88,50.65,2.6,4.57,3.4,NA,NA,NA,31.83,45.25,0.68,166.25,0.0,0.0,210.75,NA,-0.08
2026-06-08 08:00:00,68.0,88.75,3.4,9.48,11.9,NA,9.2,0.91,53.23,2.6,4.5,3.32,NA,NA,NA,33.38,41.0,0.48,149.75,0.0,0.0,350.25,NA,-0.09
2026-06-08 09:00:00,68.5,89.5,3.5,9.73,12.23,NA,9.1,0.94,54.95,2.58,4.4,3.3,NA,NA,NA,34.45,37.5,0.48,215.75,0.0,0.0,478.75,NA,-0.13
2026-06-08 10:00:00,78.25,101.75,3.38,9.4,11.85,NA,9.0,0.91,53.03,2.5,4.37,3.3,NA,NA,NA,33.25,41.5,0.5,229.5,0.0,0.0,343.25,NA,-0.15
2026-06-08 11:00:00,102.75,132.75,3.4,9.4,11.83,NA,NA,0.91,52.85,2.5,4.3,3.2,NA,NA,NA,33.15,43.5,0.48,231.25,0.0,0.0,472.0,NA,-0.15
2026-06-08 12:00:00,79.25,102.5,3.45,9.6,12.05,NA,9.18,0.93,54.0,2.58,4.53,3.38,NA,NA,NA,33.9,39.75,0.43,225.0,0.0,0.0,611.75,NA,-0.16
2026-06-08 13:00:00,62.25,81.75,3.55,9.93,12.5,NA,9.27,0.95,56.13,2.6,4.57,3.4,NA,NA,NA,35.18,37.25,0.48,219.0,0.0,0.0,580.0,NA,-0.16
2026-06-08 14:00:00,63.25,83.0,3.65,10.17,12.78,NA,9.2,0.97,57.7,2.6,4.5,3.32,NA,NA,NA,36.13,37.75,0.45,219.5,0.0,0.0,503.25,NA,-0.17
2026-06-08 15:00:00,89.5,116.25,3.63,10.2,12.8,NA,9.13,0.96,57.68,2.6,4.47,3.3,NA,NA,NA,36.13,38.5,0.43,229.25,0.0,0.0,392.75,NA,-0.17
2026-06-08 16:00:00,85.5,114.5,3.65,10.2,12.8,NA,9.17,0.96,57.68,2.6,4.5,3.3,NA,NA,NA,36.15,38.25,0.48,222.75,0.0,0.0,181.25,NA,-0.17
2026-06-08 17:00:00,90.25,121.0,3.68,10.35,13.0,NA,9.17,0.98,58.73,2.6,4.5,3.3,NA,NA,NA,36.78,39.25,0.6,220.25,0.0,0.0,60.0,NA,-0.17
2026-06-08 18:00:00,91.0,122.0,3.68,10.25,12.93,NA,9.38,0.97,58.23,2.6,4.57,3.43,NA,NA,NA,36.48,40.5,0.73,215.25,0.0,0.0,9.25,NA,-0.18
2026-06-08 19:00:00,103.5,137.5,3.5,9.73,12.23,NA,9.67,0.94,54.85,2.7,4.73,3.5,NA,NA,NA,34.38,43.0,0.7,211.75,0.0,0.0,5.5,NA,-0.15
2026-06-08 20:00:00,120.25,158.5,3.45,9.63,12.13,NA,9.43,0.93,54.28,2.63,4.63,3.43,NA,NA,NA,34.03,44.0,0.68,216.5,0.0,0.0,4.25,NA,-0.12
2026-06-08 21:00:00,112.5,149.0,3.45,9.6,12.1,NA,9.33,0.93,54.22,2.6,4.6,3.4,NA,NA,NA,34.03,44.25,0.8,198.75,0.0,0.0,5.0,NA,-0.11
2026-06-08 22:00:00,103.25,137.0,3.4,9.58,12.0,NA,9.23,0.92,53.78,2.6,4.5,3.35,NA,NA,NA,33.7,45.0,0.8,198.0,0.0,0.0,5.0,NA,-0.12
2026-06-08 23:00:00,95.25,126.5,3.4,9.43,11.85,NA,9.27,0.91,53.03,2.6,4.53,3.4,NA,NA,NA,33.28,46.5,0.38,268.25,0.0,0.0,5.0,NA,-0.12
2026-06-09 00:00:00,89.75,119.0,3.3,9.23,11.63,NA,9.43,0.9,51.88,2.6,4.6,3.43,NA,NA,NA,32.58,48.75,0.43,301.75,0.0,0.0,5.0,NA,-0.12
2026-06-09 01:00:00,76.25,102.25,3.3,9.2,11.6,NA,9.5,0.89,51.6,2.6,4.6,3.47,NA,NA,NA,32.38,50.75,0.45,263.5,0.0,0.0,5.0,NA,-0.12
2026-06-09 02:00:00,60.5,82.25,3.3,9.17,11.58,NA,9.38,0.89,51.53,2.6,4.6,3.43,NA,NA,NA,32.35,53.5,0.4,277.5,0.0,0.0,4.75,NA,-0.11
2026-06-09 03:00:00,47.0,64.75,3.2,8.9,11.25,NA,9.3,0.88,49.95,2.6,4.57,3.4,NA,NA,NA,31.38,53.75,0.5,218.5,0.0,0.0,5.0,NA,-0.13
2026-06-09 04:00:00,33.0,46.75,3.2,9.0,11.33,NA,9.23,0.88,50.38,2.6,4.53,3.38,NA,NA,NA,31.65,48.0,0.43,237.75,0.0,0.0,5.0,NA,-0.11
2026-06-09 05:00:00,42.5,58.75,3.15,8.78,11.05,NA,9.23,0.87,49.0,2.6,4.5,3.37,NA,NA,NA,30.75,49.25,0.4,206.5,0.0,0.0,6.25,NA,-0.11
2026-06-09 06:00:00,29.25,41.75,3.1,8.68,10.88,NA,9.23,0.86,48.25,2.6,4.53,3.38,NA,NA,NA,30.3,49.5,0.28,280.5,0.0,0.0,99.25,NA,-0.09
2026-06-09 07:00:00,30.25,43.0,3.2,8.95,11.25,NA,9.27,0.88,50.05,2.6,4.53,3.4,NA,NA,NA,31.43,47.25,0.38,266.0,0.0,0.0,255.75,NA,-0.1
2026-06-09 08:00:00,21.75,32.25,3.38,9.4,11.83,NA,9.33,0.92,52.98,2.6,4.55,3.4,NA,NA,NA,33.25,42.5,0.5,221.5,0.0,0.0,407.75,NA,-0.11
2026-06-09 09:00:00,30.25,42.75,3.53,9.93,12.48,NA,9.43,0.95,56.18,2.6,4.6,3.4,NA,NA,NA,35.2,40.25,0.45,214.75,0.0,0.0,525.75,NA,-0.15
2026-06-09 10:00:00,49.0,67.75,3.58,9.95,12.53,NA,9.18,0.96,56.38,2.55,4.48,3.35,NA,NA,NA,35.35,40.0,0.58,218.75,0.0,0.0,589.0,NA,-0.17
2026-06-09 11:00:00,56.5,77.0,3.7,10.35,13.02,NA,NA,0.98,58.78,2.5,4.4,3.3,NA,NA,NA,36.83,39.5,0.43,234.5,0.0,0.0,619.5,NA,-0.18
2026-06-09 12:00:00,61.75,84.25,3.8,10.55,13.33,NA,9.1,1.0,60.3,2.58,4.48,3.3,NA,NA,NA,37.75,39.5,0.6,218.75,0.0,0.0,610.0,NA,-0.19
2026-06-09 13:00:00,59.5,80.75,3.85,10.75,13.55,NA,9.2,1.01,61.43,2.6,4.5,3.33,NA,NA,NA,38.43,37.5,0.48,225.0,0.0,0.0,546.5,NA,-0.18
2026-06-09 14:00:00,53.5,73.25,3.9,10.8,13.63,NA,9.15,1.01,61.68,2.6,4.48,3.32,NA,NA,NA,38.58,36.25,0.5,226.75,0.0,0.0,437.5,NA,-0.17
2026-06-09 15:00:00,67.25,91.0,3.9,10.88,13.73,NA,9.1,1.02,62.2,2.6,4.4,3.3,NA,NA,NA,38.9,36.0,0.53,227.25,0.0,0.0,375.0,NA,-0.18
2026-06-09 16:00:00,66.75,89.75,3.8,10.58,13.35,NA,9.35,1.0,60.38,2.6,4.57,3.38,NA,NA,NA,37.75,37.5,0.55,219.5,0.0,0.0,105.25,NA,-0.18
2026-06-09 17:00:00,80.25,107.5,3.63,10.15,12.78,NA,9.33,0.96,57.5,2.6,4.57,3.4,NA,NA,NA,36.0,39.25,0.58,223.0,0.0,0.0,52.25,NA,-0.21
2026-06-09 18:00:00,54.0,74.25,4.63,12.88,16.17,NA,14.85,1.16,74.45,4.13,7.2,5.35,NA,NA,NA,41.25,37.75,0.75,248.0,0.0,0.0,8.75,NA,-0.2
2026-06-09 19:00:00,63.5,86.25,5.18,14.53,18.25,NA,16.55,1.28,84.78,4.63,8.1,6.03,NA,NA,NA,NA,38.0,0.75,279.75,0.0,0.0,6.0,NA,-0.18
2026-06-09 20:00:00,71.25,95.75,5.0,13.93,17.55,NA,16.28,1.24,81.25,4.58,7.95,5.95,NA,NA,NA,47.5,39.5,0.73,257.25,0.0,0.0,5.75,NA,-0.17
2026-06-09 21:00:00,76.25,102.0,4.6,12.8,16.13,NA,15.78,1.16,74.05,4.43,7.73,5.73,NA,NA,NA,46.18,40.5,0.75,202.75,0.0,0.0,5.25,NA,-0.17
2026-06-09 22:00:00,70.25,94.5,4.5,12.6,15.9,NA,15.88,1.15,73.03,4.45,7.75,5.78,NA,NA,NA,45.6,40.75,0.78,205.25,0.0,0.0,6.0,NA,-0.17
2026-06-09 23:00:00,54.75,74.5,4.5,12.53,15.78,NA,16.08,1.14,72.45,4.5,7.88,5.88,NA,NA,NA,45.2,45.5,0.45,257.0,0.0,0.0,6.0,NA,-0.17
2026-06-10 00:00:00,89.25,118.25,3.83,10.63,13.4,NA,16.2,1.0,60.68,4.53,7.93,5.93,NA,NA,NA,37.98,47.75,0.58,279.75,0.0,0.0,6.0,NA,-0.17
2026-06-10 01:00:00,94.25,125.5,3.7,10.3,12.95,NA,16.48,0.97,58.43,4.6,8.08,6.0,NA,NA,NA,36.58,46.0,0.75,211.0,0.0,0.0,6.25,NA,-0.18
2026-06-10 02:00:00,57.75,78.0,3.63,10.2,12.83,NA,16.28,0.96,57.75,4.55,8.0,5.93,NA,NA,NA,36.15,48.75,0.68,217.5,0.0,0.0,6.0,NA,-0.17
2026-06-10 03:00:00,74.5,100.25,3.6,10.13,12.73,NA,16.42,0.96,57.25,4.6,8.03,6.0,NA,NA,NA,35.85,47.0,0.63,222.25,0.0,0.0,6.0,NA,-0.16
2026-06-10 04:00:00,98.5,130.75,3.6,10.0,12.6,NA,16.08,0.95,56.7,4.5,7.88,5.85,NA,NA,NA,35.53,48.25,0.78,239.75,0.0,0.0,6.0,NA,-0.17
2026-06-10 05:00:00,102.0,135.0,3.6,10.0,12.6,NA,15.9,0.95,56.7,4.43,7.8,5.8,NA,NA,NA,35.53,50.0,0.73,211.25,0.0,0.0,7.25,NA,-0.17
2026-06-10 06:00:00,115.5,152.75,3.6,10.1,12.7,NA,16.1,0.96,57.15,4.5,7.88,5.88,NA,NA,NA,35.78,52.5,0.55,206.5,0.0,0.0,67.75,NA,-0.17
2026-06-10 07:00:00,102.75,136.5,3.78,10.5,13.18,NA,16.18,0.99,59.58,4.53,7.93,5.9,NA,NA,NA,37.33,56.75,0.53,160.5,0.0,0.0,198.75,NA,-0.17
2026-06-10 08:00:00,77.25,103.5,3.88,10.75,13.53,NA,16.1,1.01,61.35,4.5,7.85,5.88,NA,NA,NA,38.38,58.25,0.55,190.5,0.0,0.0,336.75,NA,-0.16
2026-06-10 09:00:00,74.75,100.5,4.33,12.05,15.13,NA,16.35,1.1,69.3,4.6,8.03,5.98,NA,NA,NA,43.33,49.25,0.48,199.5,0.0,0.0,444.25,NA,-0.17
2026-06-10 10:00:00,96.5,128.25,4.38,12.18,15.35,NA,15.6,1.11,70.28,4.35,7.68,5.68,NA,NA,NA,43.9,45.75,0.53,241.5,0.0,0.0,457.0,NA,-0.18
2026-06-10 11:00:00,107.5,142.25,5.33,14.85,18.65,NA,NA,1.31,86.75,4.1,7.0,5.3,NA,NA,NA,40.3,40.25,0.58,211.0,0.0,0.0,560.25,NA,-0.18
2026-06-10 12:00:00,112.0,148.25,5.75,16.0,20.18,NA,9.6,1.39,94.23,2.68,4.73,3.48,NA,NA,NA,NA,37.25,0.5,229.0,0.0,0.0,556.25,NA,-0.18
2026-06-10 13:00:00,93.25,124.0,5.98,16.68,20.95,NA,9.7,1.44,98.25,2.7,4.8,3.53,NA,NA,NA,NA,36.75,0.55,219.5,0.0,0.0,481.25,NA,-0.18
2026-06-10 14:00:00,74.0,99.0,6.1,17.05,21.42,NA,9.48,1.47,100.53,2.63,4.63,3.45,NA,NA,NA,NA,36.25,0.45,211.5,0.0,0.0,467.5,NA,-0.21
2026-06-10 15:00:00,76.75,102.75,6.18,17.18,21.63,NA,9.37,1.47,101.4,2.6,4.6,3.4,NA,NA,NA,NA,34.5,0.48,226.25,0.0,0.0,359.75,NA,-0.21
2026-06-10 16:00:00,74.25,99.75,6.25,17.35,21.83,NA,9.43,1.49,102.68,2.6,4.6,3.43,NA,NA,NA,NA,33.25,0.63,229.0,0.0,0.0,175.25,NA,-0.2
2026-06-10 17:00:00,80.5,108.0,6.13,17.05,21.45,NA,9.4,1.46,100.68,2.6,4.6,3.4,NA,NA,NA,NA,32.75,0.65,215.5,0.0,0.0,62.5,NA,-0.2
2026-06-10 18:00:00,78.5,105.25,6.08,16.98,21.35,NA,9.4,1.46,100.13,2.6,4.57,3.4,NA,NA,NA,NA,35.5,0.78,219.75,0.0,0.0,9.25,NA,-0.18
2026-06-10 19:00:00,89.75,119.75,5.6,15.6,19.65,NA,9.6,1.36,91.65,2.67,4.7,3.53,NA,NA,NA,NA,36.75,0.83,197.25,0.0,0.0,4.0,NA,-0.11
2026-06-10 20:00:00,77.75,104.5,5.45,15.23,19.15,NA,9.63,1.33,89.2,2.7,4.73,3.53,NA,NA,NA,NA,39.25,0.65,208.25,0.0,0.0,4.0,NA,-0.1
2026-06-10 21:00:00,93.5,124.5,5.48,15.28,19.23,NA,9.6,1.34,89.58,2.7,4.7,3.5,NA,NA,NA,NA,45.75,0.75,197.5,0.0,0.0,4.0,NA,-0.1
2026-06-10 22:00:00,124.0,163.5,5.4,15.1,19.0,NA,9.55,1.33,88.38,2.65,4.65,3.5,NA,NA,NA,NA,54.5,0.65,194.0,0.0,0.0,4.0,NA,-0.1
2026-06-10 23:00:00,79.0,106.0,5.2,14.55,18.3,NA,9.43,1.29,85.0,2.6,4.6,3.4,NA,NA,NA,45.7,56.75,0.68,197.75,0.0,0.0,4.0,NA,-0.1
2026-06-11 00:00:00,53.0,72.25,4.0,11.2,14.1,NA,9.48,1.04,64.13,2.6,4.6,3.43,NA,NA,NA,40.13,56.5,0.48,198.0,0.0,0.0,4.25,NA,-0.11
2026-06-11 01:00:00,153.5,201.75,3.95,11.05,13.88,NA,9.5,1.03,62.98,2.63,4.63,3.5,NA,NA,NA,39.43,59.25,0.6,192.25,0.0,0.0,4.0,NA,-0.09
2026-06-11 02:00:00,57.0,77.75,3.8,10.63,13.38,NA,9.63,1.0,60.5,2.68,4.73,3.5,NA,NA,NA,37.88,61.25,0.35,186.0,0.0,0.0,4.0,NA,-0.09
2026-06-11 03:00:00,9.0,15.5,3.3,9.28,11.67,NA,9.77,0.9,52.15,2.7,4.8,3.6,NA,NA,NA,32.68,61.25,0.53,177.5,0.0,0.0,4.0,NA,-0.1
2026-06-11 04:00:00,1.75,6.5,3.32,9.28,11.68,NA,9.7,0.9,52.13,2.7,4.75,3.53,NA,NA,NA,32.7,61.5,0.53,206.25,0.0,0.0,4.0,NA,-0.09
2026-06-11 05:00:00,11.25,19.0,3.38,9.35,11.75,NA,9.77,0.9,52.55,2.73,4.77,3.57,NA,NA,NA,32.98,59.75,0.65,214.5,0.0,0.0,4.0,NA,-0.09
2026-06-11 06:00:00,18.75,28.5,3.3,9.2,11.6,NA,9.78,0.89,51.7,2.73,4.8,3.6,NA,NA,NA,32.43,61.75,0.7,204.75,0.0,0.0,38.25,NA,-0.09
2026-06-11 07:00:00,19.25,29.25,3.32,9.3,11.7,NA,9.57,0.9,52.15,2.67,4.67,3.5,NA,NA,NA,32.7,61.25,0.65,204.0,0.0,0.0,256.5,NA,-0.09
2026-06-11 08:00:00,24.25,35.5,3.4,9.48,11.93,NA,9.5,0.92,53.33,2.68,4.65,3.48,NA,NA,NA,33.43,58.0,0.68,197.75,0.0,0.0,376.25,NA,-0.11
2026-06-11 09:00:00,18.5,28.75,3.5,9.7,12.2,NA,9.53,0.93,54.65,2.67,4.67,3.5,NA,NA,NA,34.25,55.0,0.55,205.0,0.0,0.0,496.25,NA,-0.15
2026-06-11 10:00:00,19.5,29.25,3.53,9.83,12.38,NA,9.58,0.94,55.6,2.65,4.68,3.5,NA,NA,NA,34.88,52.75,0.6,207.25,0.0,0.0,495.0,NA,-0.16
2026-06-11 11:00:00,21.5,32.0,3.6,10.03,12.63,NA,NA,0.96,56.83,NA,NA,NA,NA,NA,NA,35.6,50.75,0.6,209.25,0.0,0.0,592.0,NA,-0.17
2026-06-11 12:00:00,25.25,37.0,3.68,10.25,12.88,NA,9.48,0.97,58.1,2.63,4.63,3.48,NA,NA,NA,36.4,49.75,0.53,215.75,0.0,0.0,634.25,NA,-0.19
2026-06-11 13:00:00,22.25,33.0,3.7,10.35,13.03,NA,9.37,0.98,58.85,2.6,4.6,3.4,NA,NA,NA,36.88,48.5,0.65,202.0,0.0,0.0,608.5,NA,-0.2
2026-06-11 14:00:00,20.25,30.5,3.75,10.43,13.13,NA,9.53,0.98,59.28,2.68,4.7,3.48,NA,NA,NA,37.13,46.75,0.63,202.75,0.0,0.0,525.25,NA,-0.21
2026-06-11 15:00:00,19.75,29.75,3.65,10.2,12.8,NA,9.87,0.97,57.8,2.73,4.8,3.6,NA,NA,NA,36.2,48.5,0.63,202.5,0.0,0.0,347.25,NA,-0.18
2026-06-11 16:00:00,18.25,28.0,3.93,10.95,13.78,NA,11.13,1.03,62.58,3.13,5.45,4.05,NA,NA,NA,39.15,50.25,0.53,211.25,0.0,0.0,184.5,NA,-0.19
2026-06-11 17:00:00,18.75,28.0,3.0,8.35,10.52,NA,9.97,0.83,46.4,2.8,4.9,3.6,NA,NA,NA,29.17,53.5,0.73,203.25,0.0,0.0,58.25,NA,-0.19
2026-06-11 18:00:00,23.5,34.25,2.82,7.85,9.85,NA,9.68,0.8,43.15,2.73,4.75,3.55,NA,NA,NA,27.18,57.0,0.6,197.0,0.0,0.0,9.5,NA,-0.11
2026-06-11 19:00:00,21.5,32.0,2.7,7.63,9.6,NA,9.5,0.78,41.7,2.67,4.63,3.47,NA,NA,NA,26.3,62.0,0.78,195.0,0.0,0.0,4.0,NA,-0.08
2026-06-11 20:00:00,22.0,32.75,2.7,7.6,9.5,NA,9.43,0.78,41.43,2.6,4.6,3.43,NA,NA,NA,26.13,63.25,0.7,198.5,0.0,0.0,4.0,NA,-0.07
2026-06-11 21:00:00,21.75,32.0,2.7,7.5,9.43,NA,9.4,0.78,41.03,2.6,4.6,3.4,NA,NA,NA,25.88,64.0,0.73,193.5,0.0,0.0,4.0,NA,-0.06
2026-06-11 22:00:00,17.75,27.0,2.68,7.43,9.35,NA,9.48,0.77,40.53,2.6,4.6,3.48,NA,NA,NA,25.58,66.25,0.67,192.25,0.0,0.0,4.0,NA,-0.07
2026-06-11 23:00:00,18.75,28.0,2.6,7.33,9.2,NA,9.43,0.76,39.9,2.6,4.6,3.43,NA,NA,NA,25.2,70.25,0.65,189.75,0.0,0.0,4.0,NA,-0.05
2026-06-12 00:00:00,13.5,21.5,2.6,7.28,9.13,NA,9.48,0.76,39.48,2.63,4.63,3.48,NA,NA,NA,24.9,73.25,0.65,199.5,0.0,0.0,4.0,NA,-0.06
2026-06-12 01:00:00,9.75,16.75,2.6,7.2,9.08,NA,9.5,0.76,39.15,2.6,4.6,3.47,NA,NA,NA,24.7,73.0,0.63,199.75,0.0,0.0,4.0,NA,-0.08
2026-06-12 02:00:00,11.5,19.25,2.6,7.13,9.0,NA,9.53,0.74,38.75,2.68,4.68,3.5,NA,NA,NA,24.48,74.25,0.6,195.75,0.0,0.0,4.0,NA,-0.06
2026-06-12 03:00:00,10.25,17.5,2.55,7.1,8.98,NA,9.6,0.74,38.63,2.7,4.7,3.5,NA,NA,NA,24.38,73.25,0.75,192.25,0.0,0.0,4.0,NA,-0.06
2026-06-12 04:00:00,6.75,12.75,2.5,7.05,8.88,NA,9.5,0.74,38.25,2.68,4.68,3.5,NA,NA,NA,24.13,75.5,0.75,189.25,0.0,0.0,4.0,NA,-0.06
2026-06-12 05:00:00,7.25,13.75,2.5,7.05,8.88,NA,9.6,0.74,38.23,2.67,4.7,3.5,NA,NA,NA,24.18,76.25,0.45,169.25,0.0,0.0,4.25,NA,-0.06
2026-06-12 06:00:00,9.5,16.5,2.5,7.1,8.9,NA,9.65,0.74,38.35,2.7,4.73,3.5,NA,NA,NA,24.23,76.25,0.38,201.25,0.0,0.0,14.75,NA,-0.06
2026-06-12 07:00:00,13.0,21.0,2.6,7.18,9.03,NA,9.83,0.75,38.98,2.7,4.8,3.6,NA,NA,NA,24.6,72.25,0.43,201.5,0.0,0.0,64.25,NA,-0.06
2026-06-12 08:00:00,21.75,32.25,2.65,7.3,9.2,NA,9.65,0.76,39.83,2.7,4.73,3.53,NA,NA,NA,25.13,69.25,0.63,190.25,0.0,0.0,246.25,NA,-0.14
2026-06-12 09:00:00,25.5,37.75,2.7,7.5,9.43,NA,9.7,0.78,40.95,2.7,4.73,3.53,NA,NA,NA,25.88,65.5,0.68,194.0,0.0,0.0,323.0,NA,-0.13
2026-06-12 10:00:00,36.0,51.5,2.63,7.4,9.3,NA,9.63,0.77,40.25,2.68,4.73,3.53,NA,NA,NA,25.4,68.0,0.75,199.0,0.0,0.0,85.0,NA,-0.14
2026-06-12 11:00:00,59.0,80.75,2.7,7.53,9.48,NA,NA,0.78,41.2,NA,NA,NA,NA,NA,NA,26.03,65.75,0.67,194.0,0.0,0.0,202.0,NA,-0.15
2026-06-12 12:00:00,42.75,60.0,2.8,7.88,9.9,NA,9.58,0.8,43.28,2.68,4.68,3.5,NA,NA,NA,27.28,61.0,0.67,203.0,0.0,0.0,502.75,NA,-0.16
2026-06-12 13:00:00,39.0,55.0,2.93,8.18,10.28,NA,9.57,0.82,45.23,2.67,4.7,3.5,NA,NA,NA,28.45,55.75,0.6,200.75,0.0,0.0,583.0,NA,-0.16
2026-06-12 14:00:00,44.0,61.75,3.05,8.48,10.68,NA,9.4,0.85,47.23,2.6,4.6,3.4,NA,NA,NA,29.7,50.75,0.58,201.75,0.0,0.0,474.75,NA,-0.15
2026-06-12 15:00:00,40.5,57.25,3.08,8.48,10.67,NA,9.37,0.85,47.28,2.6,4.6,3.4,NA,NA,NA,29.75,51.0,0.48,185.5,0.0,0.0,287.0,NA,-0.16
2026-06-12 16:00:00,41.75,58.5,3.03,8.4,10.6,NA,9.53,0.84,46.65,2.68,4.65,3.48,NA,NA,NA,29.38,52.0,0.63,191.5,0.0,0.0,169.0,NA,-0.16
2026-06-12 17:00:00,37.25,53.5,3.0,8.28,10.4,NA,9.67,0.82,45.75,2.7,4.77,3.53,NA,NA,NA,28.8,53.0,0.65,194.5,0.0,0.0,71.5,NA,-0.16
2026-06-12 18:00:00,46.25,64.5,2.88,8.0,10.08,NA,9.53,0.81,44.23,2.65,4.68,3.5,NA,NA,NA,27.88,60.75,0.45,181.5,0.0,0.0,10.5,NA,-0.15
2026-06-12 19:00:00,52.25,72.5,2.8,7.83,9.85,NA,9.2,0.8,43.05,2.6,4.5,3.37,NA,NA,NA,27.15,63.0,0.48,183.0,0.0,0.0,4.0,NA,-0.11
2026-06-12 20:00:00,52.5,72.5,2.8,7.75,9.75,NA,9.38,0.79,42.53,2.6,4.57,3.4,NA,NA,NA,26.78,64.25,0.6,195.5,0.0,0.0,4.0,NA,-0.09
2026-06-12 21:00:00,52.75,73.5,2.73,7.65,9.65,NA,9.53,0.79,41.98,2.67,4.67,3.5,NA,NA,NA,26.45,68.25,0.55,164.75,0.0,0.0,4.0,NA,-0.09
2026-06-12 22:00:00,46.25,64.5,2.7,7.6,9.53,NA,9.7,0.78,41.5,2.7,4.78,3.58,NA,NA,NA,26.18,72.5,0.55,174.5,0.0,0.0,4.0,NA,-0.08
2026-06-12 23:00:00,41.0,57.75,2.7,7.5,9.45,NA,9.8,0.78,41.13,2.7,4.8,3.6,NA,NA,NA,25.95,75.0,0.55,162.5,0.0,0.0,4.0,NA,-0.07
2026-06-13 00:00:00,38.5,54.5,2.7,7.5,9.4,NA,9.65,0.77,40.93,2.7,4.73,3.53,NA,NA,NA,25.8,75.5,0.43,166.0,0.0,0.0,4.0,NA,-0.07
2026-06-13 01:00:00,42.75,59.75,2.7,7.5,9.4,NA,9.67,0.77,40.93,2.7,4.77,3.53,NA,NA,NA,25.8,74.75,0.5,158.25,0.0,0.0,4.0,NA,-0.06
2026-06-13 02:00:00,55.25,76.25,2.7,7.45,9.38,NA,9.58,0.77,40.68,2.7,4.73,3.53,NA,NA,NA,25.68,75.25,0.48,143.25,0.0,0.0,4.0,NA,-0.06
2026-06-13 03:00:00,67.25,92.5,2.68,7.4,9.33,NA,9.6,0.77,40.48,2.7,4.7,3.5,NA,NA,NA,25.53,75.25,0.6,180.25,0.0,0.0,4.0,NA,-0.06
2026-06-13 04:00:00,63.75,87.25,2.7,7.4,9.33,NA,9.53,0.77,40.6,2.65,4.65,3.5,NA,NA,NA,25.6,74.0,0.75,188.0,0.0,0.0,4.0,NA,-0.06
2026-06-13 05:00:00,59.5,81.75,2.7,7.4,9.3,NA,9.47,0.77,40.43,2.6,4.6,3.43,NA,NA,NA,25.5,74.75,0.68,179.25,0.0,0.0,6.25,NA,-0.06
2026-06-13 06:00:00,56.5,77.75,2.7,7.48,9.38,NA,9.43,0.77,40.83,2.63,4.63,3.45,NA,NA,NA,25.75,73.0,0.83,194.25,0.0,0.0,50.5,NA,-0.05
2026-06-13 07:00:00,55.75,76.75,2.73,7.58,9.55,NA,9.2,0.78,41.48,2.6,4.5,3.3,NA,NA,NA,26.13,69.5,0.5,186.5,0.0,0.0,84.75,NA,-0.07
2026-06-13 08:00:00,247.5,326.25,2.43,6.83,8.55,NA,9.75,0.72,36.75,2.73,4.75,3.55,NA,NA,NA,23.23,77.25,0.25,233.25,0.0,0.0,6.5,NA,-0.07
2026-06-13 09:00:00,70.25,95.75,2.4,6.7,8.4,NA,10.1,0.71,35.83,2.83,4.93,3.67,NA,NA,NA,22.65,86.25,0.55,198.75,0.0,0.0,52.5,NA,-0.15
2026-06-13 10:00:00,7.0,11.0,2.45,6.85,8.6,NA,9.53,0.72,36.88,2.68,4.68,3.5,NA,NA,NA,23.3,84.25,0.63,199.75,0.0,0.0,163.0,NA,-0.15
2026-06-13 11:00:00,9.75,17.0,2.63,7.35,9.23,NA,NA,0.76,39.95,NA,NA,NA,NA,NA,NA,25.2,74.0,0.68,195.0,0.0,0.0,435.0,NA,-0.16
2026-06-13 12:00:00,16.5,25.75,2.75,7.7,9.7,NA,9.48,0.79,42.28,2.65,4.63,3.43,NA,NA,NA,26.65,65.75,0.7,194.5,0.0,0.0,475.5,NA,-0.16
2026-06-13 13:00:00,22.0,32.75,2.85,8.0,10.05,NA,9.4,0.81,44.13,2.6,4.6,3.4,NA,NA,NA,27.8,57.75,0.6,208.25,0.0,0.0,656.25,NA,-0.17
2026-06-13 14:00:00,22.75,34.25,3.0,8.4,10.58,NA,9.48,0.84,46.63,2.65,4.65,3.48,NA,NA,NA,29.33,50.25,0.43,211.25,0.0,0.0,528.75,NA,-0.17
2026-06-13 15:00:00,23.75,35.5,3.03,8.48,10.68,NA,9.63,0.85,47.0,2.7,4.7,3.5,NA,NA,NA,29.58,47.5,0.45,220.0,0.0,0.0,399.25,NA,-0.15
2026-06-13 16:00:00,47.25,65.75,3.1,8.6,10.8,NA,9.48,0.85,47.68,2.63,4.63,3.45,NA,NA,NA,29.98,46.25,0.5,217.0,0.0,0.0,183.75,NA,-0.16
2026-06-13 17:00:00,31.0,44.25,3.0,8.43,10.6,NA,9.4,0.85,46.68,2.6,4.6,3.4,NA,NA,NA,29.35,50.5,0.65,221.25,0.0,0.0,61.75,NA,-0.15
2026-06-13 18:00:00,36.25,51.5,2.93,8.13,10.25,NA,9.53,0.82,44.95,2.68,4.68,3.48,NA,NA,NA,28.28,57.5,0.6,217.0,0.0,0.0,9.75,NA,-0.13
2026-06-13 19:00:00,33.75,48.0,2.9,8.0,10.05,NA,9.67,0.81,44.08,2.7,4.77,3.53,NA,NA,NA,27.75,56.0,0.7,213.0,0.0,0.0,5.0,NA,-0.13
2026-06-13 20:00:00,33.75,48.75,2.8,7.88,9.9,NA,9.63,0.8,43.4,2.7,4.73,3.53,NA,NA,NA,27.33,61.75,0.65,254.75,0.0,0.0,5.0,NA,-0.13
2026-06-13 21:00:00,36.0,51.5,2.78,7.7,9.7,NA,9.7,0.79,42.23,2.7,4.73,3.5,NA,NA,NA,26.6,69.0,0.58,218.25,0.0,0.0,5.0,NA,-0.13
2026-06-13 22:00:00,28.0,40.75,2.8,7.7,9.7,NA,9.7,0.79,42.25,2.7,4.8,3.58,NA,NA,NA,26.63,65.0,0.7,222.0,0.0,0.0,4.25,NA,-0.11
2026-06-13 23:00:00,26.5,39.0,2.8,7.7,9.73,NA,9.83,0.79,42.28,2.7,4.8,3.6,NA,NA,NA,26.65,61.75,0.8,196.0,0.0,0.0,4.0,NA,-0.09
2026-06-14 00:00:00,37.25,53.25,2.7,7.65,9.6,NA,9.58,0.78,41.85,2.63,4.65,3.48,NA,NA,NA,26.38,62.75,0.8,196.5,0.0,0.0,4.0,NA,-0.08
2026-06-14 01:00:00,39.75,56.0,2.7,7.6,9.58,NA,9.47,0.78,41.68,2.6,4.6,3.47,NA,NA,NA,26.3,63.5,0.8,196.0,0.0,0.0,4.0,NA,-0.08
2026-06-14 02:00:00,52.25,71.75,2.7,7.53,9.45,NA,9.58,0.78,41.1,2.7,4.7,3.5,NA,NA,NA,25.9,68.25,0.8,195.75,0.0,0.0,4.0,NA,-0.08
2026-06-14 03:00:00,57.5,79.25,2.68,7.4,9.35,NA,9.87,0.77,40.55,2.73,4.83,3.57,NA,NA,NA,25.55,70.5,0.73,206.25,0.0,0.0,4.0,NA,-0.08
2026-06-14 04:00:00,49.25,68.5,2.6,7.33,9.2,NA,9.8,0.76,39.8,2.73,4.83,3.6,NA,NA,NA,25.13,75.5,0.65,219.0,0.0,0.0,4.0,NA,-0.09
2026-06-14 05:00:00,34.5,49.25,2.6,7.23,9.1,NA,10.03,0.76,39.33,2.8,4.9,3.6,NA,NA,NA,24.85,78.0,0.67,213.5,0.0,0.0,4.25,NA,-0.08
2026-06-14 06:00:00,41.0,58.0,2.65,7.45,9.38,NA,9.7,0.77,40.6,2.73,4.78,3.53,NA,NA,NA,25.6,70.25,0.6,226.5,0.0,0.0,80.25,NA,-0.08
2026-06-14 07:00:00,37.75,53.5,2.82,7.85,9.88,NA,9.33,0.8,43.13,2.6,4.57,3.4,NA,NA,NA,27.2,57.75,0.63,225.0,0.0,0.0,237.25,NA,-0.08
2026-06-14 08:00:00,31.75,45.5,2.95,8.18,10.3,NA,9.25,0.82,45.35,2.6,4.55,3.35,NA,NA,NA,28.55,51.5,0.5,235.5,0.0,0.0,395.0,NA,-0.08
2026-06-14 09:00:00,37.5,53.0,3.08,8.5,10.7,NA,9.07,0.85,47.28,2.57,4.43,3.3,NA,NA,NA,29.7,47.25,0.53,223.75,0.0,0.0,521.5,NA,-0.07
2026-06-14 10:00:00,34.75,50.0,3.1,8.6,10.85,NA,9.15,0.86,48.05,2.58,4.48,3.32,NA,NA,NA,30.2,45.0,0.43,226.75,0.0,0.0,588.75,NA,-0.08
2026-06-14 11:00:00,38.0,53.75,3.1,8.67,10.93,NA,NA,0.86,48.38,NA,NA,NA,NA,NA,NA,30.38,44.25,0.4,230.25,0.0,0.0,630.5,NA,-0.08
2026-06-14 12:00:00,38.0,54.0,3.2,8.83,11.13,NA,9.38,0.87,49.3,2.58,4.55,3.43,NA,NA,NA,30.97,42.25,0.35,211.25,0.0,0.0,622.75,NA,-0.08
2026-06-14 13:00:00,72.25,98.25,3.2,8.9,11.23,NA,9.43,0.88,49.83,2.6,4.6,3.43,NA,NA,NA,31.33,38.25,0.38,232.5,0.0,0.0,615.25,NA,-0.08
2026-06-14 14:00:00,48.0,67.0,3.2,9.05,11.38,NA,9.45,0.88,50.6,2.6,4.6,3.43,NA,NA,NA,31.78,37.5,0.4,222.25,0.0,0.0,532.5,NA,-0.08
2026-06-14 15:00:00,53.25,74.0,3.2,9.03,11.38,NA,9.53,0.88,50.68,2.63,4.63,3.47,NA,NA,NA,31.8,38.0,0.35,219.75,0.0,0.0,412.0,NA,-0.07
2026-06-14 16:00:00,63.5,87.0,3.2,8.98,11.3,NA,9.5,0.88,50.35,2.63,4.63,3.48,NA,NA,NA,31.63,38.5,0.48,217.75,0.0,0.0,197.0,NA,-0.07
2026-06-14 17:00:00,63.25,86.5,3.18,8.83,11.1,NA,9.6,0.87,49.32,2.7,4.7,3.5,NA,NA,NA,30.98,40.75,0.38,236.0,0.0,0.0,64.25,NA,-0.06
2026-06-14 18:00:00,60.25,83.0,3.1,8.65,10.85,NA,9.5,0.86,48.05,2.65,4.65,3.48,NA,NA,NA,30.23,43.25,0.43,239.5,0.0,0.0,10.25,NA,-0.08
2026-06-14 19:00:00,65.75,90.5,3.0,8.45,10.65,NA,9.4,0.85,46.98,2.6,4.6,3.4,NA,NA,NA,29.55,44.5,0.58,240.5,0.0,0.0,4.0,NA,-0.08
2026-06-14 20:00:00,68.0,92.75,3.0,8.33,10.48,NA,9.48,0.84,46.18,2.6,4.6,3.48,NA,NA,NA,29.03,46.75,0.7,220.25,0.0,0.0,4.0,NA,-0.08
2026-06-14 21:00:00,88.0,119.0,2.93,8.2,10.33,NA,9.5,0.82,45.45,2.63,4.63,3.47,NA,NA,NA,28.6,49.0,0.63,233.5,0.0,0.0,4.0,NA,-0.09
2026-06-14 22:00:00,89.5,120.5,2.9,8.13,10.23,NA,9.65,0.81,44.83,2.7,4.73,3.5,NA,NA,NA,28.23,50.75,0.8,228.5,0.0,0.0,4.0,NA,-0.09
2026-06-14 23:00:00,76.75,104.0,2.9,8.1,10.17,NA,9.7,0.81,44.68,2.7,4.77,3.5,NA,NA,NA,28.13,51.25,0.8,233.0,0.0,0.0,4.0,NA,-0.08
2026-06-15 00:00:00,96.75,129.5,2.9,8.1,10.2,NA,9.55,0.81,44.68,2.7,4.7,3.5,NA,NA,NA,28.15,51.25,0.8,225.0,0.0,0.0,4.0,NA,-0.08
2026-06-15 01:00:00,74.25,101.25,2.9,8.0,10.1,NA,9.57,0.81,44.2,2.7,4.7,3.5,NA,NA,NA,27.83,53.0,0.8,225.0,0.0,0.0,4.0,NA,-0.07
2026-06-15 02:00:00,81.75,110.25,2.88,8.0,10.08,NA,9.55,0.81,44.18,2.68,4.68,3.5,NA,NA,NA,27.83,53.75,0.83,217.0,0.0,0.0,4.0,NA,-0.07
2026-06-15 03:00:00,83.25,112.25,2.8,7.85,9.88,NA,9.67,0.8,43.23,2.7,4.73,3.53,NA,NA,NA,27.25,53.5,0.55,226.25,0.0,0.0,4.0,NA,-0.08
2026-06-15 04:00:00,56.0,77.0,2.8,7.8,9.8,NA,9.9,0.79,42.68,2.78,4.83,3.6,NA,NA,NA,26.9,52.5,0.5,242.25,0.0,0.0,4.0,NA,-0.08
2026-06-15 05:00:00,44.25,61.75,2.8,7.75,9.8,NA,10.07,0.79,42.6,2.8,4.9,3.67,NA,NA,NA,26.85,51.0,0.6,222.75,0.0,0.0,4.0,NA,-0.07
2026-06-15 06:00:00,41.25,58.25,2.8,7.8,9.83,NA,9.8,0.79,42.78,2.73,4.78,3.58,NA,NA,NA,26.93,50.75,0.63,218.25,0.0,0.0,33.25,NA,-0.06
2026-06-15 07:00:00,46.0,64.0,2.88,8.05,10.13,NA,9.57,0.81,44.45,2.7,4.7,3.5,NA,NA,NA,27.98,46.75,0.55,221.25,0.0,0.0,205.5,NA,-0.07
2026-06-15 08:00:00,42.5,59.5,3.0,8.33,10.5,NA,9.25,0.84,46.25,2.6,4.53,3.35,NA,NA,NA,29.08,43.75,0.55,228.5,0.0,0.0,323.5,NA,-0.07
2026-06-15 09:00:00,44.5,62.25,3.05,8.6,10.78,NA,9.03,0.86,47.73,2.53,4.4,3.3,NA,NA,NA,30.03,41.5,0.55,229.0,0.0,0.0,460.75,NA,-0.14
2026-06-15 10:00:00,47.5,66.25,3.2,8.85,11.13,NA,9.38,0.87,49.38,2.63,4.6,3.43,NA,NA,NA,31.0,40.25,0.58,214.5,0.0,0.0,528.75,NA,-0.15
2026-06-15 11:00:00,66.5,91.0,3.2,8.98,11.28,NA,NA,0.88,50.18,NA,NA,NA,NA,NA,NA,31.53,39.25,0.35,210.5,0.0,0.0,594.0,NA,-0.17
2026-06-15 12:00:00,66.75,91.5,3.3,9.17,11.55,NA,9.33,0.89,51.43,2.6,4.55,3.38,NA,NA,NA,32.28,38.25,0.43,216.25,0.0,0.0,603.25,NA,-0.17
2026-06-15 13:00:00,92.5,125.0,3.3,9.28,11.67,NA,9.13,0.9,52.0,2.6,4.43,3.3,NA,NA,NA,32.63,36.75,0.53,234.0,0.0,0.0,585.75,NA,-0.17
2026-06-15 14:00:00,75.25,102.5,3.3,9.3,11.7,NA,9.45,0.9,52.3,2.68,4.63,3.45,NA,NA,NA,32.82,36.0,0.43,224.25,0.0,0.0,517.5,NA,-0.17
2026-06-15 15:00:00,78.75,107.25,3.35,9.35,11.8,NA,9.6,0.9,52.58,2.7,4.7,3.5,NA,NA,NA,33.0,34.75,0.55,217.5,0.0,0.0,371.5,NA,-0.17
2026-06-15 16:00:00,87.0,117.25,3.3,9.2,11.58,NA,9.95,0.89,51.55,2.8,4.88,3.63,NA,NA,NA,32.38,35.0,0.5,231.5,0.0,0.0,184.25,NA,-0.2
2026-06-15 17:00:00,86.25,116.75,3.25,9.08,11.4,NA,9.57,0.89,50.78,2.7,4.7,3.5,NA,NA,NA,31.88,34.75,0.45,227.5,0.0,0.0,65.75,NA,-0.19
2026-06-15 18:00:00,82.25,111.5,3.15,8.85,11.1,NA,9.5,0.87,49.33,2.65,4.65,3.48,NA,NA,NA,30.95,37.25,0.63,232.0,0.0,0.0,9.0,NA,-0.18
2026-06-15 19:00:00,88.5,119.0,3.1,8.67,10.9,NA,9.4,0.86,48.33,2.6,4.6,3.4,NA,NA,NA,30.4,40.5,0.6,226.25,0.0,0.0,4.75,NA,-0.14
2026-06-15 20:00:00,90.25,121.75,3.1,8.58,10.78,NA,9.48,0.85,47.63,2.65,4.65,3.45,NA,NA,NA,29.95,44.25,0.53,232.5,0.0,0.0,4.0,NA,-0.13
2026-06-15 21:00:00,95.25,128.75,3.0,8.35,10.5,NA,9.57,0.84,46.35,2.7,4.7,3.5,NA,NA,NA,29.18,47.75,0.33,230.5,0.0,0.0,5.0,NA,-0.14
2026-06-15 22:00:00,144.5,192.25,2.82,7.9,9.93,NA,9.53,0.8,43.5,2.68,4.68,3.5,NA,NA,NA,27.38,49.0,0.4,213.25,0.0,0.0,5.0,NA,-0.14
2026-06-15 23:00:00,91.5,123.25,2.8,7.88,9.9,NA,9.67,0.8,43.25,2.7,4.77,3.5,NA,NA,NA,27.28,48.25,0.53,222.25,0.0,0.0,4.75,NA,-0.13
2026-06-16 00:00:00,54.75,76.0,2.8,7.85,9.85,NA,9.6,0.8,43.1,2.7,4.7,3.5,NA,NA,NA,27.18,48.5,0.45,174.0,0.0,0.0,5.0,NA,-0.13
2026-06-16 01:00:00,47.75,66.5,2.8,7.8,9.8,NA,9.47,0.79,42.65,2.63,4.63,3.47,NA,NA,NA,26.9,49.25,0.6,193.5,0.0,0.0,5.0,NA,-0.13
2026-06-16 02:00:00,36.25,51.75,2.8,7.8,9.8,NA,9.5,0.79,42.83,2.65,4.65,3.48,NA,NA,NA,26.98,49.0,0.55,207.25,0.0,0.0,5.0,NA,-0.13
2026-06-16 03:00:00,39.0,55.75,2.8,7.73,9.73,NA,9.6,0.79,42.38,2.67,4.67,3.47,NA,NA,NA,26.73,51.0,0.5,220.75,0.0,0.0,5.0,NA,-0.13
2026-06-16 04:00:00,40.25,57.0,2.7,7.53,9.43,NA,9.65,0.78,41.05,2.7,4.75,3.53,NA,NA,NA,25.9,54.75,0.58,232.0,0.0,0.0,5.0,NA,-0.13
2026-06-16 05:00:00,38.5,54.5,2.7,7.43,9.4,NA,9.7,0.77,40.65,2.7,4.8,3.57,NA,NA,NA,25.63,55.75,0.65,219.75,0.0,0.0,6.5,NA,-0.13
2026-06-16 06:00:00,49.25,68.75,2.73,7.65,9.6,NA,9.55,0.78,41.8,2.65,4.68,3.5,NA,NA,NA,26.33,53.25,0.8,202.25,0.0,0.0,74.0,NA,-0.13
2026-06-16 07:00:00,55.0,76.0,2.88,8.1,10.15,NA,9.37,0.81,44.68,2.6,4.6,3.4,NA,NA,NA,28.13,47.75,0.8,201.0,0.0,0.0,226.0,NA,-0.13
2026-06-16 08:00:00,68.75,94.0,3.05,8.53,10.73,NA,9.4,0.85,47.38,2.6,4.6,3.4,NA,NA,NA,29.78,42.75,0.63,190.25,0.0,0.0,368.25,NA,-0.14
2026-06-16 09:00:00,61.25,84.5,3.15,8.83,11.08,NA,9.5,0.87,49.2,2.6,4.6,3.4,NA,NA,NA,30.88,40.75,0.58,212.75,0.0,0.0,474.0,NA,-0.16
2026-06-16 10:00:00,70.25,96.0,3.28,9.1,11.45,NA,9.35,0.89,50.98,2.6,4.57,3.4,NA,NA,NA,32.0,39.5,0.55,205.5,0.0,0.0,556.25,NA,-0.18
2026-06-16 11:00:00,81.5,110.5,3.3,9.23,11.63,NA,NA,0.9,51.78,NA,NA,NA,NA,NA,NA,32.48,37.0,0.5,215.75,0.0,0.0,612.0,NA,-0.2
2026-06-16 12:00:00,81.75,111.0,3.3,9.17,11.58,NA,9.33,0.89,51.63,2.6,4.55,3.38,NA,NA,NA,32.4,35.5,0.53,227.0,0.0,0.0,619.75,NA,-0.19
2026-06-16 13:00:00,77.75,105.25,3.38,9.4,11.8,NA,9.47,0.92,52.88,2.6,4.6,3.43,NA,NA,NA,33.15,34.75,0.48,218.25,0.0,0.0,579.0,NA,-0.19
2026-06-16 14:00:00,77.0,104.75,3.38,9.38,11.8,NA,9.6,0.91,52.73,2.7,4.73,3.5,NA,NA,NA,33.08,34.25,0.43,241.25,0.0,0.0,510.25,NA,-0.2
2026-06-16 15:00:00,94.0,126.75,3.3,9.3,11.7,NA,9.7,0.9,52.25,2.7,4.8,3.57,NA,NA,NA,32.8,35.75,0.43,238.0,0.0,0.0,385.25,NA,-0.19
2026-06-16 16:00:00,111.5,149.5,3.3,9.25,11.65,NA,9.67,0.9,52.1,2.7,4.78,3.53,NA,NA,NA,32.7,35.25,0.43,229.5,0.0,0.0,193.25,NA,-0.19
2026-06-16 17:00:00,103.0,138.75,3.23,9.03,11.38,NA,9.7,0.88,50.65,2.7,4.8,3.6,NA,NA,NA,31.8,37.5,0.38,227.0,0.0,0.0,63.5,NA,-0.19
2026-06-16 18:00:00,95.5,128.5,3.15,8.8,11.05,NA,9.6,0.87,49.13,2.7,4.7,3.5,NA,NA,NA,30.88,40.0,0.48,216.0,0.0,0.0,10.25,NA,-0.17
2026-06-16 19:00:00,93.0,125.25,3.1,8.63,10.83,NA,9.33,0.86,47.98,2.6,4.6,3.4,NA,NA,NA,30.15,41.0,0.48,214.5,0.0,0.0,5.0,NA,-0.14
2026-06-16 20:00:00,95.0,128.25,3.05,8.5,10.7,NA,9.55,0.85,47.3,2.68,4.68,3.48,NA,NA,NA,29.75,42.75,0.63,227.75,0.0,0.0,5.0,NA,-0.14
2026-06-16 21:00:00,95.75,129.0,3.0,8.43,10.63,NA,9.6,0.84,46.8,2.7,4.7,3.5,NA,NA,NA,29.45,45.25,0.6,221.25,0.0,0.0,5.0,NA,-0.14
2026-06-16 22:00:00,95.75,129.0,3.0,8.35,10.53,NA,9.58,0.84,46.33,2.68,4.68,3.5,NA,NA,NA,29.15,47.0,0.63,226.0,0.0,0.0,5.0,NA,-0.14
2026-06-16 23:00:00,94.25,127.25,3.0,8.3,10.5,NA,9.57,0.84,46.2,2.7,4.7,3.5,NA,NA,NA,29.03,48.0,0.65,239.75,0.0,0.0,5.0,NA,-0.14
2026-06-17 00:00:00,93.25,125.25,3.0,8.25,10.38,NA,9.43,0.83,45.73,2.6,4.6,3.43,NA,NA,NA,28.78,49.25,0.7,227.25,0.0,0.0,5.0,NA,-0.14
2026-06-17 01:00:00,88.75,120.0,2.9,8.15,10.25,NA,9.47,0.82,45.08,2.6,4.6,3.4,NA,NA,NA,28.35,50.5,0.6,222.5,0.0,0.0,5.0,NA,-0.13
2026-06-17 02:00:00,78.75,107.25,2.9,8.03,10.13,NA,9.53,0.81,44.4,2.68,4.65,3.5,NA,NA,NA,27.95,52.75,0.6,214.5,0.0,0.0,5.0,NA,-0.14
2026-06-17 03:00:00,77.5,105.0,2.85,7.95,9.98,NA,9.73,0.8,43.73,2.7,4.77,3.57,NA,NA,NA,27.53,53.75,0.53,211.0,0.0,0.0,5.0,NA,-0.13
2026-06-17 04:00:00,72.0,98.25,2.8,7.83,9.83,NA,9.7,0.8,42.95,2.7,4.75,3.55,NA,NA,NA,27.08,56.25,0.6,212.75,0.0,0.0,5.0,NA,-0.14
2026-06-17 05:00:00,73.5,99.5,2.8,7.78,9.8,NA,9.7,0.79,42.68,2.7,4.73,3.5,NA,NA,NA,26.9,57.75,0.55,207.25,0.0,0.0,11.25,NA,-0.14
2026-06-17 06:00:00,77.25,105.0,2.82,7.88,9.93,NA,9.65,0.8,43.45,2.7,4.78,3.53,NA,NA,NA,27.33,56.75,0.65,193.25,0.0,0.0,98.25,NA,-0.13
2026-06-17 07:00:00,83.0,112.75,2.93,8.18,10.25,NA,9.47,0.82,45.18,2.6,4.6,3.47,NA,NA,NA,28.43,53.5,0.55,180.25,0.0,0.0,164.75,NA,-0.13
2026-06-17 08:00:00,82.75,112.0,3.08,8.58,10.83,NA,9.35,0.85,47.88,2.6,4.57,3.4,NA,NA,NA,30.08,47.0,0.55,166.0,0.0,0.0,308.0,NA,-0.14
2026-06-17 09:00:00,84.75,114.5,3.18,8.9,11.2,NA,9.43,0.87,49.8,2.63,4.63,3.43,NA,NA,NA,31.28,43.0,0.58,194.5,0.0,0.0,412.0,NA,-0.16
2026-06-17 10:00:00,68.5,89.0,3.25,9.08,11.43,NA,9.4,0.89,50.85,2.63,4.6,3.43,NA,NA,NA,31.95,40.75,0.5,218.5,0.0,0.0,526.25,NA,-0.19
2026-06-17 11:00:00,66.25,86.5,3.32,9.25,11.63,NA,NA,0.9,51.85,NA,NA,NA,NA,NA,NA,32.55,38.0,0.55,217.5,0.0,0.0,535.75,NA,-0.2
2026-06-17 12:00:00,59.5,78.5,3.3,9.28,11.67,NA,9.33,0.9,52.05,2.6,4.55,3.38,NA,NA,NA,32.68,36.75,0.55,215.25,0.0,0.0,617.75,NA,-0.2
2026-06-17 13:00:00,53.0,70.25,3.3,9.28,11.7,NA,9.4,0.9,52.23,2.6,4.6,3.4,NA,NA,NA,32.78,36.25,0.55,220.5,0.0,0.0,589.75,NA,-0.17
2026-06-17 14:00:00,49.5,65.75,3.32,9.33,11.75,NA,9.58,0.9,52.4,2.68,4.68,3.48,NA,NA,NA,32.88,36.5,0.43,222.25,0.0,0.0,490.25,NA,-0.19
2026-06-17 15:00:00,62.5,82.25,3.3,9.3,11.7,NA,9.6,0.9,52.08,2.7,4.7,3.5,NA,NA,NA,32.7,36.25,0.48,227.0,0.0,0.0,381.25,NA,-0.2
2026-06-17 16:00:00,52.5,69.25,3.3,9.25,11.65,NA,9.55,0.9,51.98,2.68,4.68,3.5,NA,NA,NA,32.6,35.5,0.58,217.5,0.0,0.0,178.75,NA,-0.2
2026-06-17 17:00:00,43.0,57.5,3.25,9.13,11.45,NA,9.53,0.89,50.98,2.7,4.7,3.5,NA,NA,NA,31.98,38.0,0.6,221.25,0.0,0.0,58.5,NA,-0.19
2026-06-17 18:00:00,36.25,52.5,3.18,8.85,11.15,NA,9.65,0.87,49.55,2.7,4.7,3.5,NA,NA,NA,31.13,40.0,0.55,228.75,0.0,0.0,9.0,NA,-0.18
2026-06-17 19:00:00,35.0,51.75,3.1,8.75,11.0,NA,9.6,0.87,48.78,2.7,4.7,3.5,NA,NA,NA,30.63,41.5,0.53,186.0,0.0,0.0,4.25,NA,-0.11
2026-06-17 20:00:00,37.5,54.5,3.1,8.63,10.88,NA,9.6,0.86,48.05,2.7,4.7,3.5,NA,NA,NA,30.2,43.25,0.75,294.25,0.0,0.0,4.0,NA,-0.1
2026-06-17 21:00:00,38.0,56.0,3.1,8.58,10.8,NA,9.67,0.85,47.73,2.7,4.77,3.5,NA,NA,NA,30.0,44.25,0.73,219.75,0.0,0.0,4.25,NA,-0.1
2026-06-17 22:00:00,49.0,70.5,3.05,8.5,10.67,NA,9.63,0.85,47.2,2.7,4.73,3.53,NA,NA,NA,29.68,45.25,0.73,230.0,0.0,0.0,4.0,NA,-0.11
2026-06-17 23:00:00,45.25,64.75,3.0,8.4,10.58,NA,9.47,0.84,46.6,2.63,4.63,3.47,NA,NA,NA,29.33,47.25,0.68,259.5,0.0,0.0,4.0,NA,-0.1
2026-06-18 00:00:00,52.25,74.0,3.0,8.35,10.5,NA,9.43,0.84,46.3,2.6,4.6,3.4,NA,NA,NA,29.15,47.25,0.63,242.5,0.0,0.0,4.0,NA,-0.1
2026-06-18 01:00:00,48.0,69.5,3.0,8.3,10.4,NA,9.47,0.82,45.8,2.6,4.6,3.43,NA,NA,NA,28.83,48.75,0.75,205.25,0.0,0.0,4.0,NA,-0.09
2026-06-18 02:00:00,33.75,50.0,2.95,8.23,10.35,NA,9.63,0.82,45.48,2.68,4.7,3.5,NA,NA,NA,28.63,48.75,0.78,219.25,0.0,0.0,4.0,NA,-0.1
2026-06-18 03:00:00,27.75,42.0,2.9,8.1,10.17,NA,9.8,0.81,44.73,2.7,4.8,3.6,NA,NA,NA,28.13,50.25,0.8,198.5,0.0,0.0,4.0,NA,-0.09
2026-06-18 04:00:00,21.25,32.75,2.9,8.0,10.08,NA,9.75,0.81,44.13,2.73,4.75,3.55,NA,NA,NA,27.78,51.0,0.78,254.75,0.0,0.0,4.0,NA,-0.09
2026-06-18 05:00:00,17.5,28.0,2.9,8.0,10.05,NA,9.57,0.81,44.05,2.7,4.7,3.5,NA,NA,NA,27.73,50.75,0.7,183.25,0.0,0.0,6.25,NA,-0.09
2026-06-18 06:00:00,20.25,32.0,2.93,8.18,10.3,NA,9.55,0.82,45.3,2.68,4.68,3.48,NA,NA,NA,28.5,48.5,0.75,232.5,0.0,0.0,87.25,NA,-0.09
2026-06-18 07:00:00,27.75,42.25,3.08,8.58,10.75,NA,9.4,0.85,47.65,2.6,4.6,3.4,NA,NA,NA,29.98,45.75,0.75,222.25,0.0,0.0,218.25,NA,-0.1
2026-06-18 08:00:00,38.0,55.5,3.15,8.83,11.13,NA,9.33,0.87,49.3,2.6,4.57,3.4,NA,NA,NA,30.95,42.75,0.8,212.0,0.0,0.0,343.0,NA,-0.11
2026-06-18 09:00:00,33.75,50.25,3.28,9.15,11.5,NA,9.43,0.89,51.2,2.6,4.6,3.4,NA,NA,NA,32.15,38.5,0.53,207.0,0.0,0.0,487.0,NA,-0.16
2026-06-18 10:00:00,38.75,56.25,3.25,9.13,11.5,NA,9.25,0.89,51.1,2.63,4.55,3.35,NA,NA,NA,32.08,38.25,0.6,223.0,0.0,0.0,356.0,NA,-0.19
2026-06-18 11:00:00,47.75,66.75,3.32,9.28,11.65,NA,NA,0.9,52.13,NA,NA,NA,NA,NA,NA,32.73,36.75,0.5,220.75,0.0,0.0,538.75,NA,-0.19
2026-06-18 12:00:00,50.25,70.0,3.32,9.33,11.75,NA,9.3,0.9,52.5,2.6,4.55,3.4,NA,NA,NA,32.93,36.0,0.5,224.25,0.0,0.0,474.75,NA,-0.19
2026-06-18 13:00:00,53.5,75.0,3.3,9.28,11.73,NA,9.23,0.9,52.2,2.6,4.5,3.37,NA,NA,NA,32.73,37.25,0.48,221.0,0.0,0.0,467.25,NA,-0.18
2026-06-18 14:00:00,49.0,68.75,3.38,9.38,11.8,NA,9.25,0.91,52.65,2.6,4.55,3.4,NA,NA,NA,33.03,37.25,0.5,229.0,0.0,0.0,508.5,NA,-0.17
2026-06-18 15:00:00,56.25,78.0,3.4,9.43,11.85,NA,9.3,0.92,53.03,2.6,4.6,3.4,NA,NA,NA,33.25,36.0,0.5,222.5,0.0,0.0,397.0,NA,-0.17
2026-06-18 16:00:00,50.5,70.75,3.35,9.33,11.8,NA,9.15,0.91,52.55,2.6,4.48,3.32,NA,NA,NA,32.95,36.5,0.55,223.25,0.0,0.0,168.0,NA,-0.16
2026-06-18 17:00:00,49.0,69.0,3.3,9.17,11.53,NA,9.03,0.89,51.45,2.53,4.4,3.3,NA,NA,NA,32.28,37.5,0.6,220.0,0.0,0.0,68.25,NA,-0.16
2026-06-18 18:00:00,56.5,78.0,3.2,8.95,11.28,NA,9.15,0.88,50.18,2.6,4.48,3.3,NA,NA,NA,31.53,40.0,0.6,223.75,0.0,0.0,16.0,NA,-0.16
2026-06-18 19:00:00,57.5,79.5,3.13,8.75,11.0,NA,9.37,0.87,48.83,2.6,4.57,3.4,NA,NA,NA,30.68,43.5,0.63,216.5,0.0,0.0,4.75,NA,-0.11
2026-06-18 20:00:00,63.0,86.5,3.1,8.67,10.9,NA,9.25,0.86,48.25,2.6,4.53,3.4,NA,NA,NA,30.33,45.25,0.6,273.0,0.0,0.0,4.0,NA,-0.1
2026-06-18 21:00:00,63.75,87.75,3.1,8.6,10.85,NA,9.37,0.86,48.05,2.6,4.6,3.4,NA,NA,NA,30.18,46.0,0.8,245.25,0.0,0.0,4.0,NA,-0.1
2026-06-18 22:00:00,80.75,110.25,3.1,8.6,10.8,NA,9.25,0.85,47.78,2.6,4.53,3.35,NA,NA,NA,30.05,46.0,0.55,240.33,0.0,0.0,4.0,NA,-0.1
2026-06-18 23:00:00,74.0,100.75,3.1,8.58,10.78,NA,9.1,0.85,47.53,2.6,4.4,3.3,NA,NA,NA,29.88,46.0,0.63,192.25,0.0,0.0,4.25,NA,-0.1
2026-06-19 00:00:00,61.0,83.75,3.08,8.53,10.73,NA,9.17,0.85,47.33,2.6,4.48,3.3,NA,NA,NA,29.78,46.75,0.78,193.75,0.0,0.0,4.75,NA,-0.11
2026-06-19 01:00:00,73.5,100.5,3.0,8.4,10.55,NA,9.2,0.84,46.58,2.6,4.5,3.37,NA,NA,NA,29.3,50.0,0.65,265.0,0.0,0.0,5.0,NA,-0.11
2026-06-19 02:00:00,73.5,100.75,2.93,8.2,10.3,NA,9.33,0.82,45.35,2.6,4.55,3.4,NA,NA,NA,28.55,50.25,0.43,250.5,0.0,0.0,5.0,NA,-0.11
2026-06-19 03:00:00,62.25,85.25,2.9,8.1,10.2,NA,9.4,0.81,44.7,2.6,4.6,3.4,NA,NA,NA,28.15,51.25,0.68,276.5,0.0,0.0,5.0,NA,-0.11
2026-06-19 04:00:00,63.25,87.0,2.9,8.1,10.17,NA,9.25,0.81,44.55,2.6,4.53,3.35,NA,NA,NA,28.05,52.0,0.65,304.0,0.0,0.0,4.25,NA,-0.1
2026-06-19 05:00:00,47.75,67.0,2.9,8.03,10.1,NA,9.23,0.81,44.45,2.6,4.5,3.37,NA,NA,NA,28.0,52.75,0.63,264.25,0.0,0.0,5.0,NA,-0.09
2026-06-19 06:00:00,63.0,86.75,2.9,8.15,10.25,NA,9.3,0.82,45.05,2.6,4.53,3.4,NA,NA,NA,28.35,51.5,0.6,222.0,0.0,0.0,64.5,NA,-0.1
2026-06-19 07:00:00,56.0,77.5,3.03,8.45,10.63,NA,9.4,0.84,46.85,2.6,4.6,3.4,NA,NA,NA,29.48,48.75,0.63,231.25,0.0,0.0,190.75,NA,-0.1
2026-06-19 08:00:00,63.25,87.5,3.18,8.95,11.28,NA,9.35,0.88,50.1,2.6,4.6,3.4,NA,NA,NA,31.45,43.75,0.68,210.25,0.0,0.0,325.75,NA,-0.12
2026-06-19 09:00:00,66.25,91.25,3.3,9.2,11.58,NA,9.27,0.9,51.68,2.6,4.53,3.4,NA,NA,NA,32.4,40.75,0.5,212.25,0.0,0.0,446.25,NA,-0.15
2026-06-19 10:00:00,70.25,96.25,3.4,9.48,11.88,NA,9.8,0.92,53.13,2.75,4.78,3.55,NA,NA,NA,33.33,38.75,0.48,205.0,0.0,0.0,530.5,NA,-0.19
2026-06-19 11:00:00,73.5,101.0,3.4,9.45,11.88,NA,NA,0.92,53.08,NA,NA,NA,NA,NA,NA,33.3,38.25,0.48,205.0,0.0,0.0,582.5,NA,-0.18
2026-06-19 12:00:00,83.5,113.5,3.4,9.48,11.9,NA,9.05,0.92,53.33,2.58,4.38,3.28,NA,NA,NA,33.45,37.5,0.5,222.5,0.0,0.0,559.5,NA,-0.17
2026-06-19 13:00:00,85.0,115.5,3.4,9.53,11.95,NA,9.1,0.92,53.45,2.57,4.4,3.3,NA,NA,NA,33.53,37.75,0.48,225.25,0.0,0.0,561.0,NA,-0.2
2026-06-19 14:00:00,78.0,106.5,3.4,9.53,12.0,NA,9.15,0.92,53.63,2.6,4.5,3.32,NA,NA,NA,33.63,38.0,0.48,226.5,0.0,0.0,409.0,NA,-0.19
2026-06-19 15:00:00,77.75,106.75,3.4,9.6,12.05,NA,9.37,0.93,54.03,2.6,4.6,3.4,NA,NA,NA,33.88,36.75,0.4,228.0,0.0,0.0,377.0,NA,-0.17
2026-06-19 16:00:00,64.5,88.0,3.4,9.5,11.95,NA,9.15,0.92,53.5,2.6,4.48,3.32,NA,NA,NA,33.58,36.25,0.48,230.5,0.0,0.0,183.75,NA,-0.21
2026-06-19 17:00:00,60.0,79.75,3.35,9.35,11.8,NA,9.03,0.91,52.7,2.53,4.4,3.3,NA,NA,NA,33.08,36.75,0.55,218.5,0.0,0.0,61.0,NA,-0.18
2026-06-19 18:00:00,54.25,72.5,3.3,9.2,11.6,NA,9.13,0.89,51.68,2.58,4.45,3.3,NA,NA,NA,32.43,38.25,0.6,230.25,0.0,0.0,9.5,NA,-0.17
2026-06-19 19:00:00,50.5,67.5,3.23,9.05,11.38,NA,9.2,0.88,50.7,2.6,4.5,3.3,NA,NA,NA,31.83,39.0,0.63,219.25,0.0,0.0,4.5,NA,-0.11
2026-06-19 20:00:00,59.25,77.75,3.2,8.95,11.25,NA,9.38,0.88,49.98,2.6,4.57,3.38,NA,NA,NA,31.35,39.25,0.6,218.0,0.0,0.0,4.0,NA,-0.08
2026-06-19 21:00:00,52.25,69.5,3.15,8.8,11.05,NA,9.43,0.87,49.05,2.6,4.6,3.43,NA,NA,NA,30.83,41.25,0.65,222.25,0.0,0.0,4.0,NA,-0.08
2026-06-19 22:00:00,54.25,72.0,3.1,8.7,11.0,NA,9.25,0.86,48.58,2.6,4.53,3.38,NA,NA,NA,30.53,42.0,0.68,212.5,0.0,0.0,4.0,NA,-0.08
2026-06-19 23:00:00,51.75,69.25,3.1,8.7,10.9,NA,9.17,0.86,48.4,2.6,4.5,3.3,NA,NA,NA,30.4,41.5,0.6,217.5,0.0,0.0,4.0,NA,-0.09
2026-06-20 00:00:00,40.25,54.75,3.1,8.6,10.83,NA,9.3,0.86,47.88,2.6,4.57,3.38,NA,NA,NA,30.08,42.0,0.6,219.25,0.0,0.0,4.25,NA,-0.1
2026-06-20 01:00:00,33.75,46.0,3.05,8.48,10.7,NA,9.33,0.85,47.2,2.6,4.6,3.4,NA,NA,NA,29.7,43.0,0.65,216.25,0.0,0.0,4.25,NA,-0.09
2026-06-20 02:00:00,31.0,42.5,3.0,8.38,10.53,NA,9.3,0.84,46.43,2.6,4.53,3.4,NA,NA,NA,29.18,45.25,0.75,209.0,0.0,0.0,4.0,NA,-0.09
2026-06-20 03:00:00,41.0,55.5,2.95,8.2,10.35,NA,9.27,0.82,45.4,2.6,4.5,3.4,NA,NA,NA,28.58,47.5,0.75,211.25,0.0,0.0,4.0,NA,-0.08
2026-06-20 04:00:00,65.5,86.0,2.9,8.13,10.23,NA,9.28,0.82,44.98,2.6,4.55,3.4,NA,NA,NA,28.3,48.75,0.68,223.75,0.0,0.0,4.0,NA,-0.08
2026-06-20 05:00:00,45.75,61.0,2.9,8.1,10.2,NA,9.4,0.81,44.6,2.6,4.6,3.4,NA,NA,NA,28.1,50.0,0.63,221.0,0.0,0.0,6.5,NA,-0.07
2026-06-20 06:00:00,49.25,65.25,2.93,8.2,10.3,NA,9.18,0.82,45.2,2.6,4.5,3.32,NA,NA,NA,28.43,49.75,0.65,214.5,0.0,0.0,77.25,NA,-0.07
2026-06-20 07:00:00,85.75,111.5,3.03,8.45,10.68,NA,9.23,0.85,46.98,2.6,4.53,3.37,NA,NA,NA,29.55,48.0,0.63,225.5,0.0,0.0,209.5,NA,-0.08
2026-06-20 08:00:00,63.5,83.25,3.18,8.9,11.18,NA,9.25,0.88,49.78,2.6,4.53,3.38,NA,NA,NA,31.25,44.75,0.63,207.5,0.0,0.0,335.0,NA,-0.08
2026-06-20 09:00:00,63.75,84.25,3.35,9.35,11.73,NA,9.23,0.9,52.3,2.6,4.5,3.4,NA,NA,NA,32.83,41.25,0.45,189.0,0.0,0.0,461.5,NA,-0.08
2026-06-20 10:00:00,69.75,91.25,3.4,9.5,11.93,NA,9.2,0.92,53.38,2.6,4.5,3.32,NA,NA,NA,33.5,39.0,0.55,206.0,0.0,0.0,554.5,NA,-0.12
2026-06-20 11:00:00,74.0,96.75,3.4,9.6,12.05,NA,NA,0.93,53.98,NA,NA,NA,NA,NA,NA,33.85,37.5,0.45,208.25,0.0,0.0,595.75,NA,-0.13
2026-06-20 12:00:00,69.5,91.25,3.4,9.58,12.05,NA,9.17,0.93,54.0,2.6,4.48,3.3,NA,NA,NA,33.83,36.75,0.43,233.75,0.0,0.0,563.25,NA,-0.11
2026-06-20 13:00:00,66.5,87.5,3.45,9.63,12.08,NA,9.13,0.93,54.18,2.6,4.43,3.3,NA,NA,NA,33.95,36.75,0.58,211.25,0.0,0.0,341.0,NA,-0.12
2026-06-20 14:00:00,109.5,141.5,3.33,9.33,11.73,NA,9.23,0.9,52.33,2.6,4.53,3.38,NA,NA,NA,32.85,39.25,0.5,207.0,0.0,0.0,354.75,NA,-0.13
2026-06-20 15:00:00,43.0,58.25,3.4,9.53,12.0,NA,9.33,0.92,53.68,2.6,4.6,3.4,NA,NA,NA,33.68,37.25,0.53,222.0,0.0,0.0,279.75,NA,-0.12
2026-06-20 16:00:00,40.5,55.0,3.4,9.53,11.95,NA,9.33,0.92,53.45,2.6,4.6,3.4,NA,NA,NA,33.5,37.5,0.43,227.25,0.0,0.0,201.0,NA,-0.11
2026-06-20 17:00:00,56.0,74.25,3.35,9.35,11.75,NA,9.4,0.91,52.55,2.6,4.6,3.4,NA,NA,NA,32.98,37.25,0.45,228.5,0.0,0.0,74.75,NA,-0.11
2026-06-20 18:00:00,57.5,76.25,3.3,9.2,11.58,NA,9.3,0.89,51.58,2.6,4.53,3.38,NA,NA,NA,32.4,36.25,0.53,224.5,0.0,0.0,11.0,NA,-0.09
2026-06-20 19:00:00,53.75,71.75,3.2,9.03,11.35,NA,9.1,0.88,50.43,2.6,4.43,3.3,NA,NA,NA,31.68,38.0,0.7,222.5,0.0,0.0,4.0,NA,-0.08
2026-06-20 20:00:00,61.5,81.0,3.2,8.9,11.2,NA,9.2,0.87,49.73,2.6,4.5,3.35,NA,NA,NA,31.25,39.75,0.73,220.25,0.0,0.0,4.0,NA,-0.08
2026-06-20 21:00:00,72.25,94.75,3.13,8.75,11.05,NA,9.33,0.87,48.93,2.6,4.6,3.4,NA,NA,NA,30.75,41.5,0.6,218.5,0.0,0.0,4.0,NA,-0.07
2026-06-20 22:00:00,74.0,96.75,3.1,8.67,10.9,NA,9.18,0.86,48.28,2.6,4.45,3.32,NA,NA,NA,30.3,43.0,0.67,228.25,0.0,0.0,4.25,NA,-0.08
2026-06-20 23:00:00,74.0,96.75,3.1,8.6,10.8,NA,9.0,0.86,47.95,2.5,4.4,3.3,NA,NA,NA,30.13,43.75,0.68,218.5,0.0,0.0,4.25,NA,-0.09
2026-06-21 00:00:00,70.0,92.0,3.1,8.55,10.75,NA,9.15,0.85,47.53,2.6,4.48,3.3,NA,NA,NA,29.88,45.0,0.65,226.0,0.0,0.0,4.0,NA,-0.09
2026-06-21 01:00:00,71.75,94.25,3.05,8.5,10.7,NA,9.23,0.85,47.23,2.6,4.5,3.37,NA,NA,NA,29.7,46.5,0.75,213.75,0.0,0.0,4.0,NA,-0.1
2026-06-21 02:00:00,72.75,95.0,3.0,8.4,10.55,NA,9.25,0.84,46.55,2.6,4.55,3.38,NA,NA,NA,29.3,48.0,0.65,215.5,0.0,0.0,4.25,NA,-0.09
2026-06-21 03:00:00,70.75,92.75,2.9,8.15,10.25,NA,9.47,0.82,45.1,2.63,4.63,3.47,NA,NA,NA,28.38,52.0,0.65,219.0,0.0,0.0,4.0,NA,-0.09
2026-06-21 04:00:00,84.25,109.75,2.9,8.1,10.2,NA,9.38,0.81,44.8,2.63,4.6,3.43,NA,NA,NA,28.15,52.0,0.6,220.25,0.0,0.0,4.0,NA,-0.07
2026-06-21 05:00:00,60.25,79.5,2.9,8.0,10.1,NA,9.3,0.81,44.43,2.6,4.6,3.4,NA,NA,NA,27.98,52.0,0.6,211.5,0.0,0.0,6.75,NA,-0.07
2026-06-21 06:00:00,44.0,59.0,2.9,8.1,10.2,NA,9.28,0.82,44.85,2.6,4.57,3.4,NA,NA,NA,28.23,51.25,0.65,217.5,0.0,0.0,56.5,NA,-0.08
2026-06-21 07:00:00,41.0,55.25,2.93,8.23,10.33,NA,9.13,0.82,45.43,2.6,4.43,3.3,NA,NA,NA,28.58,50.5,0.53,213.0,0.0,0.0,195.25,NA,-0.07
2026-06-21 08:00:00,41.0,55.0,3.03,8.4,10.58,NA,9.17,0.84,46.63,2.6,4.48,3.3,NA,NA,NA,29.3,49.75,0.53,220.25,0.0,0.0,345.0,NA,-0.07
2026-06-21 09:00:00,41.75,56.5,3.15,8.83,11.1,NA,9.3,0.87,49.3,2.6,4.6,3.4,NA,NA,NA,30.98,46.0,0.5,212.5,0.0,0.0,480.75,NA,-0.07
2026-06-21 10:00:00,48.25,64.5,3.28,9.13,11.43,NA,9.3,0.89,51.0,2.6,4.55,3.4,NA,NA,NA,32.03,43.5,0.55,214.25,0.0,0.0,554.5,NA,-0.07
2026-06-21 11:00:00,56.0,74.25,3.3,9.25,11.65,NA,9.2,0.9,52.05,2.6,4.5,3.35,NA,NA,NA,32.68,41.75,0.43,223.75,0.0,0.0,604.25,NA,-0.08
2026-06-21 12:00:00,66.25,87.5,3.38,9.38,11.78,NA,9.15,0.92,52.68,2.6,4.48,3.32,NA,NA,NA,33.05,39.75,0.43,224.75,0.0,0.0,652.0,NA,-0.08
2026-06-21 13:00:00,60.5,80.0,3.32,9.35,11.8,NA,9.1,0.91,52.65,2.6,4.43,3.3,NA,NA,NA,33.0,39.25,0.53,216.75,0.0,0.0,457.0,NA,-0.08
2026-06-21 14:00:00,58.25,77.0,3.4,9.5,11.93,NA,9.17,0.92,53.43,2.6,4.48,3.32,NA,NA,NA,33.53,37.75,0.53,216.75,0.0,0.0,542.0,NA,-0.08
2026-06-21 15:00:00,70.0,92.0,3.4,9.6,12.08,NA,9.2,0.93,54.1,2.6,4.5,3.3,NA,NA,NA,33.9,36.0,0.5,217.5,0.0,0.0,419.75,NA,-0.08
2026-06-21 16:00:00,66.25,87.5,3.4,9.55,12.0,NA,9.13,0.93,53.75,2.6,4.45,3.3,NA,NA,NA,33.7,35.25,0.45,232.5,0.0,0.0,195.25,NA,-0.08
2026-06-21 17:00:00,55.0,73.0,3.4,9.45,11.85,NA,9.1,0.91,53.1,2.6,4.43,3.3,NA,NA,NA,33.28,35.75,0.6,216.25,0.0,0.0,71.75,NA,-0.08
2026-06-21 18:00:00,48.75,65.0,3.3,9.25,11.63,NA,9.2,0.9,51.85,2.6,4.5,3.3,NA,NA,NA,32.55,37.25,0.67,209.25,0.0,0.0,12.25,NA,-0.08
2026-06-21 19:00:00,71.5,94.0,3.23,9.05,11.4,NA,9.15,0.88,50.73,2.6,4.45,3.3,NA,NA,NA,31.85,39.5,0.78,205.75,0.0,0.0,4.0,NA,-0.08
2026-06-21 20:00:00,73.5,95.75,3.2,8.95,11.25,NA,9.25,0.88,50.08,2.6,4.5,3.38,NA,NA,NA,31.45,40.0,0.65,220.0,0.0,0.0,4.0,NA,-0.08
2026-06-21 21:00:00,56.25,75.0,3.2,8.9,11.2,NA,9.28,0.87,49.68,2.6,4.55,3.4,NA,NA,NA,31.2,41.0,0.75,219.75,0.0,0.0,4.0,NA,-0.08
2026-06-21 22:00:00,64.75,84.75,3.13,8.65,10.88,NA,9.13,0.86,48.25,2.6,4.45,3.32,NA,NA,NA,30.3,44.5,0.28,241.25,0.0,0.0,4.0,NA,-0.09
2026-06-21 23:00:00,63.75,83.75,3.0,8.43,10.6,NA,9.08,0.84,46.78,2.58,4.4,3.3,NA,NA,NA,29.4,47.75,0.48,235.5,0.0,0.0,4.0,NA,-0.09
2026-06-22 00:00:00,40.5,54.75,3.0,8.33,10.53,NA,9.3,0.84,46.23,2.6,4.55,3.38,NA,NA,NA,29.08,49.75,0.48,217.5,0.0,0.0,4.0,NA,-0.08
2026-06-22 01:00:00,35.0,48.0,3.0,8.28,10.38,NA,9.45,0.82,45.73,2.63,4.63,3.45,NA,NA,NA,28.75,50.75,0.67,205.0,0.0,0.0,4.0,NA,-0.09
2026-06-22 02:00:00,27.5,38.0,2.9,8.2,10.3,NA,9.4,0.82,45.33,2.63,4.6,3.43,NA,NA,NA,28.53,51.5,0.73,209.5,0.0,0.0,4.0,NA,-0.09
2026-06-22 03:00:00,26.0,36.75,2.9,8.2,10.3,NA,9.6,0.82,45.13,2.68,4.7,3.53,NA,NA,NA,28.4,52.0,0.8,195.5,0.0,0.0,4.0,NA,-0.08
2026-06-22 04:00:00,30.5,42.25,2.9,8.13,10.23,NA,9.45,0.82,44.9,2.63,4.65,3.43,NA,NA,NA,28.28,52.75,0.53,227.75,0.0,0.0,4.25,NA,-0.09
2026-06-22 05:00:00,36.5,50.0,2.9,8.0,10.1,NA,9.38,0.81,44.32,2.6,4.6,3.4,NA,NA,NA,27.92,54.0,0.53,226.5,0.0,0.0,6.75,NA,-0.1
2026-06-22 06:00:00,51.25,67.75,2.95,8.2,10.35,NA,9.35,0.82,45.38,2.6,4.6,3.4,NA,NA,NA,28.58,52.25,0.67,217.75,0.0,0.0,84.25,NA,-0.08
2026-06-22 07:00:00,59.25,78.75,3.08,8.5,10.7,NA,9.17,0.85,47.38,2.6,4.47,3.33,NA,NA,NA,29.78,46.5,0.58,224.5,0.0,0.0,213.25,NA,-0.06
2026-06-22 08:00:00,43.25,58.25,3.2,8.95,11.25,NA,9.17,0.88,50.1,2.6,4.48,3.3,NA,NA,NA,31.45,41.5,0.7,203.5,0.0,0.0,352.0,NA,-0.07
2026-06-22 09:00:00,37.25,50.75,3.28,9.15,11.55,NA,9.3,0.89,51.28,2.6,4.57,3.4,NA,NA,NA,32.2,39.0,0.6,217.25,0.0,0.0,475.75,NA,-0.11
2026-06-22 10:00:00,45.5,61.25,3.3,9.2,11.58,NA,9.1,0.89,51.58,2.55,4.48,3.32,NA,NA,NA,32.38,37.75,0.55,223.5,0.0,0.0,560.5,NA,-0.2
2026-06-22 11:00:00,53.0,70.25,3.3,9.33,11.75,NA,NA,0.9,52.33,NA,NA,NA,NA,NA,NA,32.85,37.0,0.55,222.5,0.0,0.0,618.25,NA,-0.19
2026-06-22 12:00:00,59.25,78.5,3.4,9.4,11.8,NA,9.13,0.92,52.88,2.58,4.48,3.35,NA,NA,NA,33.15,36.0,0.45,216.5,0.0,0.0,581.75,NA,-0.16
2026-06-22 13:00:00,71.0,93.5,3.38,9.4,11.83,NA,9.17,0.91,52.88,2.6,4.5,3.3,NA,NA,NA,33.15,35.5,0.48,220.5,0.0,0.0,556.75,NA,-0.16
2026-06-22 14:00:00,61.75,81.5,3.4,9.5,11.95,NA,9.1,0.92,53.5,2.6,4.4,3.3,NA,NA,NA,33.55,34.0,0.35,230.0,0.0,0.0,520.75,NA,-0.2
2026-06-22 15:00:00,85.0,110.75,3.4,9.5,11.93,NA,9.1,0.92,53.35,2.6,4.4,3.3,NA,NA,NA,33.48,34.0,0.58,220.0,0.0,0.0,408.25,NA,-0.19
2026-06-22 16:00:00,83.25,108.5,3.4,9.43,11.88,NA,9.28,0.92,53.13,2.6,4.53,3.38,NA,NA,NA,33.3,33.5,0.48,227.75,0.0,0.0,191.0,NA,-0.16
2026-06-22 17:00:00,65.75,86.5,3.3,9.3,11.7,NA,9.3,0.9,52.3,2.6,4.6,3.4,NA,NA,NA,32.83,34.0,0.43,226.75,0.0,0.0,64.25,NA,-0.18
2026-06-22 18:00:00,63.5,83.75,3.28,9.15,11.5,NA,9.3,0.89,51.18,2.6,4.57,3.4,NA,NA,NA,32.13,35.5,0.58,220.5,0.0,0.0,9.0,NA,-0.18
2026-06-22 19:00:00,59.75,79.0,3.2,8.98,11.33,NA,9.33,0.88,50.4,2.6,4.6,3.4,NA,NA,NA,31.65,37.25,0.68,215.75,0.0,0.0,4.25,NA,-0.11
2026-06-22 20:00:00,61.5,81.25,3.2,8.88,11.15,NA,9.43,0.87,49.5,2.6,4.6,3.4,NA,NA,NA,31.1,39.0,0.6,224.25,0.0,0.0,4.0,NA,-0.08
2026-06-22 21:00:00,60.0,79.25,3.1,8.75,11.05,NA,9.4,0.87,48.83,2.6,4.6,3.4,NA,NA,NA,30.68,38.0,0.55,225.75,0.0,0.0,4.0,NA,-0.08
2026-06-22 22:00:00,53.25,70.5,3.1,8.63,10.83,NA,9.15,0.86,47.93,2.6,4.53,3.32,NA,NA,NA,30.1,39.25,0.5,222.75,0.0,0.0,4.0,NA,-0.05
2026-06-22 23:00:00,55.25,73.25,3.03,8.45,10.65,NA,9.23,0.85,47.05,2.6,4.5,3.33,NA,NA,NA,29.58,41.25,0.55,220.75,0.0,0.0,4.0,NA,-0.08
2026-06-23 00:00:00,64.25,84.75,3.0,8.38,10.5,NA,9.2,0.84,46.4,2.6,4.53,3.35,NA,NA,NA,29.18,43.25,0.67,215.0,0.0,0.0,4.0,NA,-0.05
2026-06-23 01:00:00,70.5,92.25,3.0,8.3,10.43,NA,9.17,0.84,46.03,2.6,4.47,3.3,NA,NA,NA,28.92,44.25,0.67,217.25,0.0,0.0,4.0,NA,-0.08
2026-06-23 02:00:00,64.25,84.25,2.98,8.25,10.35,NA,9.23,0.82,45.55,2.6,4.53,3.35,NA,NA,NA,28.65,45.75,0.7,201.5,0.0,0.0,4.0,NA,-0.08
2026-06-23 03:00:00,58.75,77.0,2.9,8.13,10.23,NA,9.3,0.81,44.88,2.6,4.57,3.4,NA,NA,NA,28.25,47.5,0.65,207.0,0.0,0.0,4.0,NA,-0.08
2026-06-23 04:00:00,50.5,67.75,2.9,8.05,10.13,NA,9.43,0.81,44.35,2.63,4.63,3.43,NA,NA,NA,27.93,48.75,0.7,216.75,0.0,0.0,4.0,NA,-0.07
2026-06-23 05:00:00,48.0,64.0,2.88,7.98,10.0,NA,9.67,0.8,43.85,2.7,4.73,3.5,NA,NA,NA,27.63,50.5,0.67,206.0,0.0,0.0,6.75,NA,-0.06
2026-06-23 06:00:00,137.75,177.0,2.9,8.05,10.1,NA,9.53,0.81,44.35,2.63,4.65,3.45,NA,NA,NA,27.93,50.5,0.63,221.75,0.0,0.0,87.75,NA,-0.03
2026-06-23 07:00:00,236.0,300.0,2.95,8.3,10.43,NA,9.4,0.83,45.93,2.6,4.6,3.4,NA,NA,NA,28.9,48.5,0.63,215.25,0.0,0.0,224.5,NA,-0.11
2026-06-23 08:00:00,58.0,76.0,3.05,8.5,10.73,NA,9.3,0.85,47.35,2.6,4.55,3.35,NA,NA,NA,29.75,47.0,0.58,222.25,0.0,0.0,366.5,NA,-0.1
2026-06-23 09:00:00,53.5,72.25,3.15,8.78,11.08,NA,9.08,0.87,49.08,2.58,4.4,3.3,NA,NA,NA,30.83,41.0,0.53,213.0,0.0,0.0,495.0,NA,-0.11
2026-06-23 10:00:00,50.0,68.75,3.23,9.05,11.35,NA,9.03,0.88,50.58,2.55,4.43,3.3,NA,NA,NA,31.78,37.75,0.43,218.0,0.0,0.0,587.25,NA,-0.17
2026-06-23 11:00:00,69.75,93.75,3.25,9.1,11.43,NA,NA,0.89,50.93,NA,NA,NA,NA,NA,NA,31.98,37.5,0.45,227.0,0.0,0.0,633.0,NA,-0.2
2026-06-23 12:00:00,60.5,82.25,3.35,9.33,11.7,NA,9.1,0.9,52.28,2.58,4.45,3.28,NA,NA,NA,32.8,35.25,0.58,223.0,0.0,0.0,634.75,NA,-0.19
2026-06-23 13:00:00,57.25,78.25,3.4,9.4,11.83,NA,9.1,0.91,52.83,2.6,4.43,3.3,NA,NA,NA,33.15,34.0,0.5,227.0,0.0,0.0,607.5,NA,-0.2
2026-06-23 14:00:00,59.75,81.25,3.4,9.48,11.9,NA,9.23,0.92,53.35,2.6,4.5,3.38,NA,NA,NA,33.48,33.0,0.5,213.5,0.0,0.0,526.5,NA,-0.18
2026-06-23 15:00:00,47.25,65.0,3.4,9.48,11.9,NA,9.2,0.92,53.28,2.6,4.5,3.3,NA,NA,NA,33.4,33.0,0.53,225.0,0.0,0.0,371.5,NA,-0.16
2026-06-23 16:00:00,50.5,69.0,3.3,9.35,11.68,NA,9.15,0.69,53.18,2.45,4.38,3.22,NA,NA,NA,33.28,33.25,0.3,220.75,0.0,0.0,194.25,NA,-0.13
2026-06-23 17:00:00,45.25,62.5,3.32,9.33,11.73,NA,9.27,0.9,52.38,2.6,4.53,3.4,NA,NA,NA,32.85,33.0,0.6,224.75,0.0,0.0,57.0,NA,-0.18
2026-06-23 18:00:00,37.75,53.0,3.28,9.15,11.5,NA,9.28,0.89,51.28,2.6,4.57,3.38,NA,NA,NA,32.15,33.25,0.63,225.0,0.0,0.0,7.5,NA,-0.16
2026-06-23 19:00:00,32.25,46.0,3.2,8.98,11.3,NA,9.33,0.88,50.28,2.6,4.6,3.4,NA,NA,NA,31.58,34.75,0.7,219.25,0.0,0.0,4.25,NA,-0.11
2026-06-23 20:00:00,36.25,50.75,3.15,8.83,11.13,NA,9.38,0.87,49.3,2.6,4.6,3.4,NA,NA,NA,30.98,37.25,0.78,236.5,0.0,0.0,4.0,NA,-0.08
2026-06-23 21:00:00,38.75,54.5,3.2,8.8,11.1,NA,9.37,0.87,49.35,2.6,4.6,3.4,NA,NA,NA,31.0,38.0,0.68,177.75,0.0,0.0,4.0,NA,-0.08
2026-06-23 22:00:00,43.75,60.75,3.1,8.75,11.03,NA,9.23,0.86,48.85,2.6,4.5,3.35,NA,NA,NA,30.68,38.75,0.83,212.75,0.0,0.0,4.25,NA,-0.11
2026-06-23 23:00:00,59.67,81.33,3.1,8.63,10.9,NA,9.2,0.86,48.13,2.6,4.5,3.4,NA,NA,NA,30.23,40.67,0.43,265.33,0.0,0.0,5.0,NA,-0.14
2026-06-24 00:00:00,74.0,100.0,3.0,8.43,10.63,NA,9.3,0.84,46.87,2.6,4.6,3.4,NA,NA,NA,29.47,43.0,0.47,272.67,0.0,0.0,4.0,NA,-0.09
2026-06-24 01:00:00,73.0,98.0,2.95,8.23,10.35,NA,9.33,0.82,45.58,2.6,4.6,3.4,NA,NA,NA,28.68,46.5,0.55,218.25,0.0,0.0,4.0,NA,-0.08
2026-06-24 02:00:00,113.25,150.0,2.9,8.1,10.18,NA,9.5,0.81,44.65,2.6,4.6,3.43,NA,NA,NA,28.1,48.25,0.45,219.0,0.0,0.0,4.0,NA,-0.08
2026-06-24 03:00:00,160.5,210.5,2.82,7.93,9.95,NA,9.47,0.8,43.65,2.6,4.6,3.47,NA,NA,NA,27.5,51.5,0.6,209.75,0.0,0.0,4.0,NA,-0.08
2026-06-24 04:00:00,59.0,80.25,2.8,7.88,9.88,NA,9.45,0.8,43.33,2.6,4.6,3.43,NA,NA,NA,27.3,52.25,0.58,208.5,0.0,0.0,4.25,NA,-0.09
2026-06-24 05:00:00,23.75,34.5,2.8,7.8,9.8,NA,9.5,0.8,42.98,2.6,4.6,3.5,NA,NA,NA,27.08,53.0,0.58,223.0,0.0,0.0,4.0,NA,-0.07
2026-06-24 06:00:00,33.0,46.0,2.8,7.8,9.8,NA,9.3,0.79,42.73,2.6,4.53,3.4,NA,NA,NA,26.93,55.0,0.47,230.33,0.0,0.0,14.33,NA,-0.07
2026-06-24 07:00:00,34.0,48.0,2.9,8.0,10.1,NA,9.3,0.81,44.15,2.6,4.5,3.4,NA,NA,NA,27.75,50.0,0.75,209.5,0.0,0.0,55.5,NA,-0.07
2026-06-24 08:00:00,35.0,49.0,2.93,8.15,10.28,NA,9.23,0.82,45.1,2.6,4.5,3.38,NA,NA,NA,28.35,47.5,0.58,218.75,0.0,0.0,217.0,NA,-0.11
2026-06-24 09:00:00,40.0,55.5,3.03,8.45,10.63,NA,9.13,0.84,46.83,2.6,4.47,3.3,NA,NA,NA,29.45,45.75,0.55,219.5,0.0,0.0,395.75,NA,-0.12
2026-06-24 10:00:00,36.33,50.67,3.13,8.83,11.13,NA,9.03,0.87,49.4,2.53,4.4,3.3,NA,NA,NA,31.03,40.0,0.6,218.0,0.0,0.0,564.0,NA,-0.18
2026-06-24 11:00:00,27.5,39.5,3.3,9.15,11.5,NA,NA,0.89,51.35,NA,NA,NA,NA,NA,NA,32.2,38.5,0.5,217.5,0.0,0.0,627.5,NA,-0.18
2026-06-24 12:00:00,28.75,40.75,3.32,9.28,11.65,NA,9.13,0.9,52.0,2.58,4.45,3.28,NA,NA,NA,32.65,37.5,0.58,219.0,0.0,0.0,629.75,NA,-0.2
2026-06-24 13:00:00,33.5,47.75,3.35,9.35,11.75,NA,9.07,0.9,52.5,2.53,4.4,3.3,NA,NA,NA,32.95,37.0,0.45,192.5,0.0,0.0,475.25,NA,-0.21
2026-06-24 14:00:00,27.5,39.5,3.35,9.3,11.7,NA,9.28,0.9,52.23,2.58,4.55,3.38,NA,NA,NA,32.75,36.75,0.58,215.5,0.0,0.0,393.5,NA,-0.18
2026-06-24 15:00:00,31.25,44.5,3.38,9.35,11.8,NA,9.43,0.92,52.75,2.6,4.6,3.43,NA,NA,NA,33.1,36.25,0.53,205.75,0.0,0.0,391.5,NA,-0.2
2026-06-24 16:00:00,34.5,48.5,3.4,9.4,11.85,NA,15.17,0.92,52.93,4.23,7.4,5.5,NA,NA,NA,33.2,34.75,0.52,210.25,0.0,0.0,200.75,NA,-0.19
2026-06-24 17:00:00,35.75,50.75,3.3,9.25,11.63,NA,9.53,0.9,51.98,2.7,4.7,3.5,NA,NA,NA,32.65,36.0,0.6,226.25,0.0,0.0,67.0,NA,-0.2
2026-06-24 18:00:00,37.25,52.25,3.23,9.0,11.33,NA,8.95,0.88,50.38,2.5,4.38,3.3,NA,NA,NA,31.63,37.25,0.53,204.75,0.0,0.0,9.75,NA,-0.2
2026-06-24 19:00:00,38.0,53.5,3.2,8.8,11.1,NA,8.93,0.87,49.3,2.5,4.4,3.3,NA,NA,NA,30.98,38.0,0.65,237.5,0.0,0.0,4.0,NA,-0.1
2026-06-24 20:00:00,41.5,57.5,3.1,8.75,11.0,NA,9.05,0.87,48.78,2.55,4.4,3.3,NA,NA,NA,30.65,40.25,0.7,190.5,0.0,0.0,4.0,NA,-0.08
2026-06-24 21:00:00,55.25,75.0,3.1,8.63,10.85,NA,9.1,0.86,48.15,2.6,4.4,3.3,NA,NA,NA,30.28,43.0,0.55,163.25,0.0,0.0,4.25,NA,-0.09
2026-06-24 22:00:00,52.0,71.25,3.1,8.6,10.8,NA,8.98,0.85,47.78,2.53,4.38,3.3,NA,NA,NA,30.03,44.0,0.65,142.75,0.0,0.0,4.0,NA,-0.08
2026-06-24 23:00:00,46.75,64.75,3.08,8.53,10.75,NA,8.93,0.85,47.38,2.5,4.4,3.3,NA,NA,NA,29.8,44.75,0.68,176.0,0.0,0.0,4.0,NA,-0.09
2026-06-25 00:00:00,57.75,79.0,3.0,8.45,10.6,NA,9.03,0.85,46.93,2.55,4.4,3.3,NA,NA,NA,29.48,45.5,0.65,178.75,0.0,0.0,4.0,NA,-0.09
2026-06-25 01:00:00,54.25,74.25,3.0,8.4,10.6,NA,9.1,0.84,46.85,2.6,4.4,3.3,NA,NA,NA,29.48,45.0,0.68,178.5,0.0,0.0,4.0,NA,-0.09
2026-06-25 02:00:00,49.0,67.25,3.0,8.33,10.53,NA,9.15,0.84,46.33,2.6,4.48,3.3,NA,NA,NA,29.13,46.75,0.33,237.25,0.0,0.0,4.0,NA,-0.1
2026-06-25 03:00:00,59.0,80.0,2.93,8.18,10.28,NA,9.3,0.82,45.28,2.6,4.53,3.4,NA,NA,NA,28.48,49.5,0.63,213.75,0.0,0.0,4.0,NA,-0.09
2026-06-25 04:00:00,58.5,79.5,2.9,8.05,10.15,NA,9.25,0.81,44.43,2.6,4.53,3.32,NA,NA,NA,27.98,51.5,0.7,207.75,0.0,0.0,4.0,NA,-0.09
2026-06-25 05:00:00,39.5,55.5,2.9,8.0,10.08,NA,9.23,0.81,44.18,2.6,4.5,3.33,NA,NA,NA,27.83,52.25,0.78,211.25,0.0,0.0,4.5,NA,-0.08
2026-06-25 06:00:00,26.75,39.25,2.9,8.08,10.15,NA,9.15,0.81,44.63,2.6,4.45,3.32,NA,NA,NA,28.08,52.0,0.78,219.25,0.0,0.0,76.75,NA,-0.08
2026-06-25 07:00:00,26.0,37.75,3.03,8.43,10.6,NA,8.93,0.85,46.7,2.5,4.4,3.3,NA,NA,NA,29.38,48.25,0.7,224.25,0.0,0.0,212.25,NA,-0.07
2026-06-25 08:00:00,33.25,47.0,3.1,8.6,10.8,NA,9.0,0.86,47.98,2.5,4.4,3.3,NA,NA,NA,30.15,46.0,0.55,226.5,0.0,0.0,356.5,NA,-0.08
2026-06-25 09:00:00,25.0,36.25,3.2,8.98,11.28,NA,8.9,0.88,50.25,2.5,4.33,3.27,NA,NA,NA,31.58,42.5,0.63,200.0,0.0,0.0,423.0,NA,-0.11
2026-06-25 10:00:00,38.75,54.5,3.3,9.18,11.55,NA,8.98,0.89,51.43,2.53,4.38,3.3,NA,NA,NA,32.28,40.5,0.58,199.75,0.0,0.0,557.75,NA,-0.19
2026-06-25 11:00:00,42.75,59.0,3.35,9.33,11.78,NA,NA,0.91,52.55,NA,NA,NA,NA,NA,NA,32.98,38.25,0.55,202.25,0.0,0.0,579.0,NA,-0.2
2026-06-25 12:00:00,48.75,67.5,3.38,9.53,12.0,NA,9.08,0.92,53.58,2.58,4.4,3.3,NA,NA,NA,33.6,37.25,0.58,223.0,0.0,0.0,490.5,NA,-0.21
2026-06-25 13:00:00,49.75,68.25,3.4,9.43,11.83,NA,9.1,0.92,52.93,2.6,4.47,3.3,NA,NA,NA,33.2,37.5,0.58,223.75,0.0,0.0,358.25,NA,-0.2
2026-06-25 14:00:00,45.75,63.25,3.35,9.33,11.7,NA,8.98,0.91,52.3,2.53,4.4,3.3,NA,NA,NA,32.85,39.5,0.45,233.25,0.0,0.0,341.5,NA,-0.18
2026-06-25 15:00:00,54.75,74.5,3.3,9.2,11.58,NA,9.0,0.89,51.53,2.5,4.4,3.3,NA,NA,NA,32.38,40.0,0.63,216.75,0.0,0.0,248.75,NA,-0.2
2026-06-25 16:00:00,48.0,66.5,3.35,9.35,11.75,NA,11.0,0.91,52.53,3.08,5.4,4.0,NA,NA,NA,32.95,38.0,0.55,226.5,0.0,0.0,246.0,NA,-0.18
2026-06-25 17:00:00,40.75,56.25,3.3,9.28,11.67,NA,11.17,0.9,52.1,3.1,5.47,4.07,NA,NA,NA,32.7,36.25,0.7,222.5,0.0,0.0,59.0,NA,-0.16
2026-06-25 18:00:00,38.25,53.5,3.23,9.05,11.35,NA,11.4,0.88,50.63,3.18,5.57,4.18,NA,NA,NA,31.78,38.25,0.63,226.25,0.0,0.0,9.5,NA,-0.2
2026-06-25 19:00:00,42.25,58.75,3.2,8.93,11.2,NA,11.23,0.88,49.85,3.17,5.5,4.1,NA,NA,NA,31.33,40.0,0.73,225.25,0.0,0.0,4.25,NA,-0.1
2026-06-25 20:00:00,55.75,76.0,3.13,8.78,11.05,NA,11.28,0.87,49.03,3.18,5.48,4.07,NA,NA,NA,30.8,43.75,0.68,185.0,0.0,0.0,3.75,NA,-0.07
2026-06-25 21:00:00,85.75,114.25,3.1,8.7,10.93,NA,11.33,0.86,48.4,3.2,5.53,4.13,NA,NA,NA,30.4,44.25,0.48,210.0,0.0,0.0,3.0,NA,-0.05
2026-06-25 22:00:00,79.75,106.75,3.1,8.53,10.73,NA,11.4,0.85,47.48,3.2,5.57,4.15,NA,NA,NA,29.83,46.0,0.63,235.0,0.0,0.0,4.0,NA,-0.06
2026-06-25 23:00:00,62.0,83.75,3.05,8.5,10.67,NA,11.5,0.85,47.18,3.2,5.67,4.2,NA,NA,NA,29.65,46.25,0.7,197.75,0.0,0.0,4.0,NA,-0.06
2026-06-26 00:00:00,59.5,80.75,3.0,8.45,10.65,NA,11.38,0.85,46.9,3.2,5.55,4.13,NA,NA,NA,29.53,47.25,0.68,211.75,0.0,0.0,4.0,NA,-0.06
2026-06-26 01:00:00,48.0,66.0,3.0,8.4,10.55,NA,11.3,0.84,46.48,3.2,5.5,4.1,NA,NA,NA,29.25,48.5,0.5,232.75,0.0,0.0,4.0,NA,-0.07
2026-06-26 02:00:00,67.75,91.25,3.0,8.33,10.5,NA,11.58,0.84,46.32,3.28,5.68,4.25,NA,NA,NA,29.13,49.0,0.7,237.75,0.0,0.0,4.0,NA,-0.07
2026-06-26 03:00:00,38.5,53.5,3.0,8.3,10.5,NA,11.77,0.84,46.18,3.3,5.77,4.3,NA,NA,NA,29.08,49.5,0.8,214.75,0.0,0.0,4.0,NA,-0.06
2026-06-26 04:00:00,35.25,49.75,3.0,8.33,10.48,NA,11.5,0.84,46.2,3.23,5.63,4.23,NA,NA,NA,29.1,49.25,0.65,256.0,0.0,0.0,4.0,NA,-0.06
2026-06-26 05:00:00,36.0,50.5,3.0,8.28,10.4,NA,11.4,0.82,45.73,3.2,5.6,4.2,NA,NA,NA,28.75,50.75,0.8,276.25,0.0,0.0,4.5,NA,-0.05
2026-06-26 06:00:00,34.5,48.5,2.9,8.17,10.28,NA,11.4,0.82,45.15,3.2,5.57,4.18,NA,NA,NA,28.4,54.0,0.65,188.0,0.0,0.0,72.75,NA,-0.06
2026-06-26 07:00:00,57.5,78.5,3.0,8.28,10.4,NA,11.1,0.83,45.83,3.1,5.43,4.03,NA,NA,NA,28.85,53.0,0.58,199.75,0.0,0.0,203.0,NA,-0.06
2026-06-26 08:00:00,57.5,78.25,3.05,8.48,10.65,NA,11.3,0.85,47.03,3.18,5.53,4.13,NA,NA,NA,29.58,50.0,0.35,216.75,0.0,0.0,341.25,NA,-0.05
2026-06-26 09:00:00,49.5,67.5,3.13,8.7,10.98,NA,11.37,0.86,48.6,3.2,5.57,4.17,NA,NA,NA,30.58,47.0,0.28,234.25,0.0,0.0,454.75,NA,-0.05
2026-06-26 10:00:00,50.5,69.25,3.2,8.98,11.3,NA,11.35,0.88,50.25,3.2,5.53,4.13,NA,NA,NA,31.53,44.0,0.43,213.0,0.0,0.0,552.0,NA,-0.06
2026-06-26 11:00:00,46.75,64.5,3.3,9.2,11.58,NA,NA,0.89,51.63,3.15,5.45,4.1,NA,NA,NA,32.43,41.5,0.43,212.0,0.0,0.0,602.5,NA,-0.09
2026-06-26 12:00:00,41.25,57.25,3.38,9.43,11.83,NA,11.6,0.91,52.98,3.28,5.68,4.28,NA,NA,NA,33.23,38.25,0.45,209.5,0.0,0.0,620.75,NA,-0.15
2026-06-26 13:00:00,39.25,55.0,3.35,9.35,11.78,NA,11.47,0.91,52.6,3.23,5.6,4.17,NA,NA,NA,33.0,38.5,0.48,221.75,0.0,0.0,391.5,NA,-0.17
2026-06-26 14:00:00,37.75,52.75,3.32,9.33,11.77,NA,11.43,0.91,52.53,3.2,5.57,4.18,NA,NA,NA,32.95,37.75,0.53,226.0,0.0,0.0,337.5,NA,-0.16
2026-06-26 15:00:00,38.5,54.0,3.38,9.45,11.9,NA,11.5,0.92,53.18,3.2,5.6,4.2,NA,NA,NA,33.35,36.5,0.53,199.5,0.0,0.0,299.0,NA,-0.14
2026-06-26 16:00:00,36.25,50.75,3.3,9.28,11.67,NA,11.63,0.9,52.18,3.28,5.68,4.28,NA,NA,NA,32.78,38.25,0.55,215.5,0.0,0.0,90.0,NA,-0.13
2026-06-26 17:00:00,40.75,56.5,3.3,9.2,11.58,NA,11.6,0.89,51.55,3.27,5.67,4.27,NA,NA,NA,32.35,39.0,0.43,215.0,0.0,0.0,46.0,NA,-0.05
2026-06-26 18:00:00,42.25,59.0,3.3,9.1,11.48,NA,11.45,0.89,51.15,3.2,5.63,4.2,NA,NA,NA,32.1,39.75,0.5,268.25,0.0,0.0,4.5,NA,-0.08
2026-06-26 19:00:00,42.75,59.25,3.23,8.98,11.3,NA,11.6,0.88,50.33,3.3,5.7,4.23,NA,NA,NA,31.58,41.0,0.73,209.75,0.0,0.0,3.0,NA,-0.03
2026-06-26 20:00:00,55.5,75.75,3.18,8.85,11.13,NA,11.7,0.87,49.35,3.3,5.7,4.3,NA,NA,NA,31.0,42.5,0.63,223.0,0.0,0.0,3.0,NA,-0.03
2026-06-26 21:00:00,61.25,83.0,3.1,8.8,11.0,NA,11.77,0.87,48.88,3.3,5.77,4.3,NA,NA,NA,30.7,43.0,0.65,207.25,0.0,0.0,3.0,NA,-0.03
2026-06-26 22:00:00,55.25,75.5,3.1,8.7,10.93,NA,11.45,0.86,48.48,3.23,5.6,4.18,NA,NA,NA,30.45,43.75,0.73,214.75,0.0,0.0,3.0,NA,-0.03
2026-06-26 23:00:00,75.75,101.5,3.1,8.67,10.88,NA,11.3,0.86,48.3,3.2,5.5,4.1,NA,NA,NA,30.33,44.5,0.6,263.5,0.0,0.0,3.0,NA,-0.02
2026-06-27 00:00:00,65.0,87.75,3.03,8.48,10.67,NA,11.45,0.85,47.08,3.23,5.6,4.18,NA,NA,NA,29.58,47.25,0.6,194.25,0.0,0.0,3.0,NA,-0.02
2026-06-27 01:00:00,49.5,67.25,2.9,8.03,10.1,NA,11.83,0.81,44.33,3.3,5.8,4.33,NA,NA,NA,27.9,54.0,0.45,182.5,0.0,0.0,3.0,NA,-0.02
2026-06-27 02:00:00,21.0,31.0,2.78,7.7,9.67,NA,11.35,0.79,42.13,3.18,5.58,4.15,NA,NA,NA,26.55,62.25,0.58,199.25,0.0,0.0,3.0,NA,-0.01
2026-06-27 03:00:00,11.75,19.25,2.7,7.68,9.6,NA,11.3,0.78,41.85,3.2,5.53,4.13,NA,NA,NA,26.38,62.5,0.58,212.0,0.0,0.0,3.0,NA,-0.02
2026-06-27 04:00:00,5.0,10.5,2.8,7.7,9.7,NA,11.45,0.79,42.15,3.2,5.6,4.2,NA,NA,NA,26.58,60.75,0.55,217.5,0.0,0.0,3.0,NA,-0.01
2026-06-27 05:00:00,2.0,4.75,2.73,7.68,9.63,NA,11.13,0.79,41.98,3.13,5.43,4.03,NA,NA,NA,26.45,62.0,0.63,199.25,0.0,0.0,3.25,NA,-0.0
2026-06-27 06:00:00,6.5,12.5,2.7,7.6,9.58,NA,11.23,0.78,41.63,3.18,5.48,4.07,NA,NA,NA,26.23,63.75,0.55,194.25,0.0,0.0,66.5,NA,-0.01
2026-06-27 07:00:00,9.5,16.5,2.75,7.73,9.73,NA,11.23,0.79,42.45,3.17,5.5,4.1,NA,NA,NA,26.73,61.5,0.6,205.0,0.0,0.0,183.5,NA,-0.01
2026-06-27 08:00:00,15.0,23.5,2.93,8.15,10.25,NA,12.18,0.82,45.0,3.43,5.98,4.43,NA,NA,NA,28.3,56.25,0.38,226.5,0.0,0.0,320.0,NA,-0.13
2026-06-27 09:00:00,25.75,38.0,3.05,8.5,10.73,NA,11.57,0.85,47.4,3.23,5.67,4.23,NA,NA,NA,29.8,50.75,0.38,230.25,0.0,0.0,444.5,NA,-0.05
2026-06-27 10:00:00,32.25,46.0,3.2,8.93,11.23,NA,11.3,0.88,49.95,3.2,5.5,4.1,NA,NA,NA,31.35,46.25,0.45,205.75,0.0,0.0,535.75,NA,-0.1
2026-06-27 11:00:00,30.25,42.75,3.25,9.05,11.4,NA,NA,0.89,50.78,NA,NA,NA,NA,NA,NA,31.88,43.75,0.55,202.75,0.0,0.0,597.25,NA,-0.1
2026-06-27 12:00:00,32.5,46.0,3.3,9.2,11.58,NA,11.1,0.89,51.63,3.13,5.43,4.03,NA,NA,NA,32.4,42.0,0.53,201.0,0.0,0.0,596.0,NA,-0.11
2026-06-27 13:00:00,32.75,46.0,3.35,9.35,11.75,NA,11.03,0.9,52.48,3.1,5.4,4.0,NA,NA,NA,32.9,41.5,0.5,195.5,0.0,0.0,444.25,NA,-0.09
2026-06-27 14:00:00,30.25,43.25,3.32,9.33,11.78,NA,11.2,0.9,52.45,3.13,5.5,4.1,NA,NA,NA,32.93,41.5,0.53,179.5,0.0,0.0,365.25,NA,-0.05
2026-06-27 15:00:00,29.0,42.0,3.4,9.45,11.88,NA,11.1,0.92,53.13,3.1,5.4,4.0,NA,NA,NA,33.33,38.5,0.48,195.75,0.0,0.0,339.5,NA,-0.06
2026-06-27 16:00:00,35.75,50.25,3.38,9.48,11.93,NA,11.35,0.92,53.33,3.18,5.57,4.18,NA,NA,NA,33.43,38.75,0.63,201.5,0.0,0.0,142.75,NA,-0.06
2026-06-27 17:00:00,41.75,57.5,3.3,9.25,11.65,NA,11.37,0.9,51.93,3.2,5.57,4.13,NA,NA,NA,32.6,40.0,0.58,169.75,0.0,0.0,57.25,NA,-0.12
2026-06-27 18:00:00,41.25,57.5,3.28,9.15,11.5,NA,11.53,0.89,51.23,3.25,5.65,4.23,NA,NA,NA,32.15,42.0,0.58,179.5,0.0,0.0,6.25,NA,-0.08
2026-06-27 19:00:00,51.0,70.0,3.2,8.95,11.25,NA,11.7,0.88,50.1,3.3,5.7,4.3,NA,NA,NA,31.45,47.25,0.58,190.75,0.0,0.0,3.75,NA,-0.05
2026-06-27 20:00:00,60.5,82.0,3.2,8.9,11.17,NA,11.45,0.87,49.63,3.23,5.63,4.23,NA,NA,NA,31.18,47.75,0.6,190.75,0.0,0.0,3.25,NA,-0.04
2026-06-27 21:00:00,61.0,83.0,3.1,8.8,11.0,NA,11.33,0.87,48.93,3.2,5.53,4.13,NA,NA,NA,30.73,49.75,0.68,197.25,0.0,0.0,3.0,NA,-0.03
2026-06-27 22:00:00,58.75,79.25,3.05,8.55,10.73,NA,11.55,0.85,47.43,3.23,5.65,4.23,NA,NA,NA,29.8,51.75,0.65,201.75,0.0,0.0,3.75,NA,-0.04
2026-06-27 23:00:00,98.0,130.75,2.9,8.13,10.23,NA,11.7,0.82,44.95,3.3,5.73,4.3,NA,NA,NA,28.28,57.25,0.8,192.25,0.0,0.0,4.0,NA,-0.07
2026-06-28 00:00:00,26.0,37.75,2.88,8.05,10.13,NA,11.53,0.81,44.4,3.23,5.65,4.23,NA,NA,NA,27.95,57.75,0.53,211.5,0.0,0.0,4.0,NA,-0.07
2026-06-28 01:00:00,41.75,58.0,2.8,7.85,9.88,NA,12.0,0.8,43.18,3.37,5.87,4.37,NA,NA,NA,27.23,62.5,0.45,239.25,0.0,0.0,4.0,NA,-0.07
2026-06-28 02:00:00,24.75,36.0,2.8,7.83,9.85,NA,11.25,0.8,43.03,3.18,5.53,4.1,NA,NA,NA,27.1,63.5,0.7,202.75,0.0,0.0,4.0,NA,-0.05
2026-06-28 03:00:00,19.25,29.0,2.8,7.83,9.83,NA,10.9,0.8,43.03,3.07,5.33,3.93,NA,NA,NA,27.1,65.25,0.68,198.25,0.0,0.0,4.0,NA,-0.04
2026-06-28 04:00:00,15.75,24.75,2.7,7.57,9.53,NA,11.13,0.78,41.43,3.13,5.48,4.07,NA,NA,NA,26.13,71.25,0.73,190.75,0.0,0.0,4.0,NA,-0.04
2026-06-28 05:00:00,51.75,70.75,2.7,7.48,9.43,NA,10.8,0.77,40.9,3.0,5.3,3.9,NA,NA,NA,25.8,72.75,0.78,193.5,0.0,0.0,3.25,NA,-0.03
2026-06-28 06:00:00,17.25,26.75,2.68,7.43,9.33,NA,11.88,0.77,40.58,3.3,5.78,4.3,NA,NA,NA,25.58,74.75,0.45,216.5,0.0,0.0,8.5,NA,-0.06
2026-06-28 07:00:00,10.25,18.0,2.68,7.43,9.35,NA,12.37,0.77,40.58,3.47,6.07,4.5,NA,NA,NA,25.58,75.25,0.38,208.75,0.0,0.0,56.5,NA,-0.08
2026-06-28 08:00:00,11.5,18.75,2.75,7.6,9.58,NA,11.45,0.79,41.73,3.23,5.6,4.18,NA,NA,NA,26.3,73.0,0.53,245.25,0.0,0.0,244.25,NA,-0.04
2026-06-28 09:00:00,9.25,16.0,2.95,8.2,10.33,NA,10.8,0.82,45.28,3.03,5.3,3.93,NA,NA,NA,28.48,62.25,0.58,224.5,0.0,0.0,409.75,NA,-0.04
2026-06-28 10:00:00,14.0,22.25,3.1,8.58,10.8,NA,11.25,0.85,47.73,3.15,5.5,4.1,NA,NA,NA,30.03,52.5,0.43,219.75,0.0,0.0,559.75,NA,-0.04
2026-06-28 11:00:00,15.0,24.0,3.18,8.9,11.18,NA,NA,0.87,49.72,NA,NA,NA,NA,NA,NA,31.23,49.0,0.6,216.25,0.0,0.0,600.75,NA,-0.05
2026-06-28 12:00:00,16.0,25.0,3.2,9.0,11.3,NA,11.48,0.88,50.33,3.2,5.63,4.2,NA,NA,NA,31.63,47.0,0.55,215.5,0.0,0.0,584.75,NA,-0.05
2026-06-28 13:00:00,20.25,30.25,3.25,9.13,11.45,NA,11.53,0.89,51.0,3.23,5.67,4.23,NA,NA,NA,32.03,45.25,0.6,214.5,0.0,0.0,534.0,NA,-0.06
2026-06-28 14:00:00,22.25,33.0,3.3,9.17,11.55,NA,11.13,0.89,51.45,3.13,5.45,4.08,NA,NA,NA,32.3,44.75,0.58,204.75,0.0,0.0,475.25,NA,-0.13
2026-06-28 15:00:00,27.25,39.5,3.2,8.98,11.3,NA,10.57,0.88,50.38,2.97,5.17,3.87,NA,NA,NA,31.63,47.25,0.53,223.25,0.0,0.0,304.25,NA,-0.16
2026-06-28 16:00:00,24.75,36.0,3.2,9.0,11.35,NA,11.25,0.88,50.48,3.15,5.53,4.13,NA,NA,NA,31.7,47.0,0.43,227.25,0.0,0.0,156.25,NA,-0.16
2026-06-28 17:00:00,30.0,43.0,3.2,8.98,11.3,NA,11.57,0.88,50.18,3.23,5.67,4.2,NA,NA,NA,31.5,46.75,0.43,253.5,0.0,0.0,75.0,NA,-0.17
2026-06-28 18:00:00,27.75,40.0,3.13,8.7,10.98,NA,11.4,0.86,48.55,3.2,5.6,4.18,NA,NA,NA,30.53,51.5,0.35,223.0,0.0,0.0,13.5,NA,-0.08
2026-06-28 19:00:00,33.75,47.25,3.05,8.53,10.73,NA,11.4,0.85,47.33,3.2,5.57,4.17,NA,NA,NA,29.75,56.25,0.35,216.75,0.0,0.0,4.0,NA,-0.07
2026-06-28 20:00:00,29.25,42.0,3.0,8.45,10.65,NA,11.45,0.85,46.95,3.23,5.63,4.2,NA,NA,NA,29.53,57.0,0.35,213.25,0.0,0.0,4.0,NA,-0.08
2026-06-28 21:00:00,31.25,44.25,3.0,8.4,10.6,NA,11.63,0.84,46.65,3.3,5.7,4.23,NA,NA,NA,29.33,57.25,0.4,215.0,0.0,0.0,4.0,NA,-0.07
2026-06-28 22:00:00,24.75,36.25,3.0,8.4,10.6,NA,11.38,0.84,46.68,3.23,5.58,4.15,NA,NA,NA,29.38,54.75,0.33,205.0,0.0,0.0,4.0,NA,-0.07
2026-06-28 23:00:00,26.25,38.25,3.0,8.33,10.45,NA,11.37,0.84,46.15,3.2,5.57,4.17,NA,NA,NA,29.0,57.25,0.58,210.75,0.0,0.0,4.0,NA,-0.07
2026-06-29 00:00:00,25.25,37.25,2.95,8.23,10.33,NA,11.35,0.82,45.48,3.2,5.55,4.15,NA,NA,NA,28.6,61.25,0.5,201.25,0.0,0.0,4.0,NA,-0.05
2026-06-29 01:00:00,21.5,31.75,2.9,8.08,10.15,NA,11.3,0.81,44.6,3.2,5.5,4.1,NA,NA,NA,28.08,67.25,0.55,204.5,0.0,0.0,4.0,NA,-0.05
2026-06-29 02:00:00,20.0,30.0,2.9,8.0,10.1,NA,11.33,0.81,44.4,3.2,5.55,4.15,NA,NA,NA,27.93,65.25,0.43,202.25,0.0,0.0,4.0,NA,-0.05
2026-06-29 03:00:00,19.0,28.75,2.9,8.0,10.05,NA,11.33,0.81,44.03,3.2,5.53,4.13,NA,NA,NA,27.73,65.25,0.63,210.5,0.0,0.0,4.0,NA,-0.06
2026-06-29 04:00:00,19.75,29.75,2.88,7.95,9.98,NA,11.45,0.81,43.75,3.2,5.63,4.2,NA,NA,NA,27.55,66.5,0.38,209.0,0.0,0.0,4.0,NA,-0.05
2026-06-29 05:00:00,20.75,31.25,2.63,7.35,9.23,NA,11.53,0.76,39.93,3.27,5.67,4.2,NA,NA,NA,25.2,79.0,0.5,189.0,0.0,0.0,5.5,NA,-0.07
2026-06-29 06:00:00,6.75,12.75,2.6,7.23,9.1,NA,11.63,0.76,39.3,3.28,5.7,4.25,NA,NA,NA,24.8,80.5,0.75,191.0,0.0,0.0,39.5,NA,-0.05
2026-06-29 07:00:00,1.0,5.0,2.6,7.33,9.2,NA,11.33,0.76,39.75,3.2,5.53,4.13,NA,NA,NA,25.1,80.25,0.83,193.75,0.0,0.0,137.5,NA,-0.07
2026-06-29 08:00:00,NA,2.33,2.7,7.48,9.38,NA,11.48,0.77,40.85,3.2,5.65,4.18,NA,NA,NA,25.78,77.0,0.68,202.0,0.0,0.0,246.5,NA,-0.14
2026-06-29 09:00:00,2.0,6.25,2.8,7.8,9.85,NA,11.5,0.8,43.05,3.2,5.63,4.2,NA,NA,NA,27.1,69.5,0.55,201.0,0.0,0.0,430.5,NA,-0.17
2026-06-29 10:00:00,9.0,16.25,2.9,8.13,10.23,NA,11.55,0.82,44.88,3.23,5.68,4.2,NA,NA,NA,28.25,63.0,0.68,208.75,0.0,0.0,511.75,NA,-0.18
2026-06-29 11:00:00,14.25,22.25,2.95,8.23,10.35,NA,NA,0.83,45.55,NA,NA,NA,NA,NA,NA,28.68,60.75,0.55,216.75,0.0,0.0,541.75,NA,-0.19
2026-06-29 12:00:00,15.0,24.0,3.08,8.55,10.75,NA,11.68,0.86,47.63,3.28,5.73,4.28,NA,NA,NA,29.93,55.75,0.38,236.0,0.0,0.0,553.75,NA,-0.19
2026-06-29 13:00:00,19.5,29.25,3.13,8.7,10.95,NA,11.63,0.86,48.45,3.3,5.7,4.3,NA,NA,NA,30.45,54.5,0.58,216.0,0.0,0.0,481.75,NA,-0.18
2026-06-29 14:00:00,22.25,32.25,3.2,8.95,11.25,NA,11.45,0.88,50.0,3.23,5.6,4.18,NA,NA,NA,31.38,50.75,0.5,210.5,0.0,0.0,457.75,NA,-0.17
2026-06-29 15:00:00,26.5,37.5,3.3,9.13,11.53,NA,11.13,0.89,51.35,3.1,5.43,4.03,NA,NA,NA,32.25,47.75,0.45,233.75,0.0,0.0,365.25,NA,-0.17
2026-06-29 16:00:00,26.0,37.0,3.28,9.15,11.5,NA,11.4,0.89,51.3,3.2,5.55,4.15,NA,NA,NA,32.2,45.75,0.6,210.75,0.0,0.0,197.5,NA,-0.17
2026-06-29 17:00:00,33.5,46.25,3.2,8.95,11.25,NA,11.3,0.88,50.03,3.2,5.5,4.1,NA,NA,NA,31.4,50.0,0.55,168.0,0.0,0.0,86.25,NA,-0.16
2026-06-29 18:00:00,34.25,47.0,3.1,8.6,10.85,NA,11.4,0.86,47.98,3.2,5.57,4.18,NA,NA,NA,30.18,57.25,0.68,200.5,0.0,0.0,14.0,NA,-0.14
2026-06-29 19:00:00,32.25,44.75,3.0,8.38,10.53,NA,11.13,0.84,46.53,3.13,5.47,4.07,NA,NA,NA,29.28,61.5,0.7,198.5,0.0,0.0,4.0,NA,-0.08
2026-06-29 20:00:00,31.25,43.25,2.93,8.2,10.3,NA,11.38,0.82,45.28,3.18,5.57,4.18,NA,NA,NA,28.48,67.25,0.75,197.25,0.0,0.0,4.0,NA,-0.06
2026-06-29 21:00:00,24.25,35.0,2.9,8.1,10.2,NA,11.5,0.81,44.83,3.2,5.6,4.2,NA,NA,NA,28.25,67.0,0.65,196.75,0.0,0.0,4.0,NA,-0.06
2026-06-29 22:00:00,17.75,26.25,2.9,8.1,10.17,NA,11.3,0.81,44.58,3.2,5.53,4.13,NA,NA,NA,28.08,67.25,0.63,204.75,0.0,0.0,3.75,NA,-0.06
2026-06-29 23:00:00,22.0,31.75,2.9,8.0,10.08,NA,11.13,0.81,44.1,3.1,5.47,4.07,NA,NA,NA,27.75,68.0,0.65,197.5,0.0,0.0,4.0,NA,-0.06
2026-06-30 00:00:00,23.25,33.25,2.8,7.9,9.93,NA,11.45,0.8,43.48,3.23,5.63,4.2,NA,NA,NA,27.38,70.0,0.65,205.0,0.0,0.0,5.0,NA,-0.15
2026-06-30 01:00:00,22.25,32.25,2.8,7.88,9.9,NA,11.73,0.8,43.23,3.3,5.73,4.3,NA,NA,NA,27.25,61.25,0.45,233.0,0.0,0.0,5.0,NA,-0.15
2026-06-30 02:00:00,11.25,18.25,2.8,7.75,9.75,NA,11.53,0.79,42.65,3.25,5.65,4.23,NA,NA,NA,26.88,58.5,0.65,199.75,0.0,0.0,4.0,NA,-0.06
2026-06-30 03:00:00,8.25,14.25,2.8,7.7,9.7,NA,11.73,0.79,42.28,3.3,5.73,4.3,NA,NA,NA,26.65,59.75,0.58,202.25,0.0,0.0,3.25,NA,-0.04
2026-06-30 04:00:00,13.0,19.75,2.73,7.65,9.65,NA,11.28,0.79,41.95,3.18,5.5,4.1,NA,NA,NA,26.45,62.75,0.58,197.75,0.0,0.0,3.75,NA,-0.04
2026-06-30 05:00:00,17.25,26.0,2.73,7.63,9.63,NA,11.1,0.78,41.83,3.1,5.4,4.0,NA,NA,NA,26.38,65.25,0.53,204.5,0.0,0.0,4.0,NA,-0.04
2026-06-30 06:00:00,20.25,29.5,2.7,7.53,9.45,NA,11.2,0.78,41.2,3.15,5.48,4.07,NA,NA,NA,25.98,72.75,0.55,196.0,0.0,0.0,32.0,NA,-0.04
2026-06-30 07:00:00,21.5,31.0,2.7,7.5,9.4,NA,11.17,0.77,40.85,3.13,5.47,4.07,NA,NA,NA,25.78,72.0,0.58,194.75,0.0,0.0,60.0,NA,-0.03
2026-06-30 08:00:00,13.5,21.25,2.7,7.53,9.48,NA,11.93,0.78,41.1,3.33,5.83,4.35,NA,NA,NA,25.93,70.25,0.67,247.5,0.0,0.0,58.25,NA,-0.1
2026-06-30 09:00:00,20.5,29.75,2.78,7.7,9.67,NA,11.83,0.79,42.22,3.3,5.8,4.3,NA,NA,NA,26.6,69.0,0.68,210.75,0.0,0.0,98.0,NA,-0.14
2026-06-30 10:00:00,32.75,45.0,2.78,7.7,9.7,NA,11.85,0.79,42.23,3.32,5.78,4.33,NA,NA,NA,26.6,69.5,0.43,243.75,0.0,0.0,169.75,NA,-0.17
2026-06-30 11:00:00,28.5,39.75,2.8,7.9,9.9,NA,12.0,0.8,43.35,3.3,5.8,4.3,NA,NA,NA,27.33,64.5,0.58,192.75,0.0,0.0,273.75,NA,-0.17
2026-06-30 12:00:00,15.0,22.75,2.8,7.85,9.9,NA,11.25,0.8,43.23,3.18,5.53,4.1,NA,NA,NA,27.23,65.5,0.6,190.75,0.0,0.0,145.75,NA,-0.16
2026-06-30 13:00:00,20.25,28.75,2.8,7.9,9.93,NA,11.17,0.8,43.35,3.1,5.47,4.07,NA,NA,NA,27.33,65.25,0.58,197.75,0.0,0.0,207.75,NA,-0.16
2026-06-30 14:00:00,18.0,26.0,2.9,8.0,10.05,NA,11.58,0.81,43.98,3.25,5.65,4.25,NA,NA,NA,27.68,61.75,0.5,252.0,0.0,0.0,176.5,NA,-0.13
2026-06-30 15:00:00,13.5,20.75,2.9,8.05,10.1,NA,11.73,0.81,44.33,3.3,5.73,4.3,NA,NA,NA,27.9,59.75,0.48,213.75,0.0,0.0,231.25,NA,-0.14
2026-06-30 16:00:00,13.25,20.5,2.82,7.95,10.05,NA,11.58,0.8,43.93,3.25,5.7,4.23,NA,NA,NA,27.65,60.0,0.55,219.0,0.0,0.0,148.25,NA,-0.15
2026-06-30 17:00:00,9.75,16.0,2.8,7.85,9.88,NA,11.63,0.8,43.28,3.27,5.7,4.27,NA,NA,NA,27.28,62.25,0.6,216.0,0.0,0.0,43.5,NA,-0.16
2026-06-30 18:00:00,6.25,11.25,2.8,7.75,9.75,NA,11.35,0.79,42.6,3.18,5.57,4.18,NA,NA,NA,26.85,64.25,0.45,183.25,0.0,0.0,9.0,NA,-0.14
2026-06-30 19:00:00,13.25,20.75,2.73,7.68,9.63,NA,10.9,0.79,41.95,3.07,5.33,3.93,NA,NA,NA,26.43,67.25,0.55,179.25,0.0,0.0,4.25,NA,-0.12
2026-06-30 20:00:00,18.67,27.0,2.7,7.6,9.6,NA,11.43,0.78,41.73,3.2,5.6,4.17,NA,NA,NA,26.27,70.33,0.57,181.0,0.0,0.0,4.33,NA,-0.12
2026-06-30 21:00:00,26.75,37.25,2.7,7.6,9.6,NA,11.83,0.78,41.58,3.3,5.8,4.3,NA,NA,NA,26.23,72.75,0.55,218.0,0.0,0.0,4.0,NA,-0.11
2026-06-30 22:00:00,28.0,39.0,2.7,7.6,9.6,NA,11.55,0.78,41.6,3.23,5.63,4.23,NA,NA,NA,26.25,71.5,0.67,195.0,0.0,0.0,4.0,NA,-0.1
2026-06-30 23:00:00,23.33,32.67,2.7,7.6,9.57,NA,11.53,0.78,41.53,3.2,5.63,4.2,NA,NA,NA,26.17,72.0,0.5,182.33,0.0,0.0,4.67,NA,-0.11
2026-08-01 00:00:00,17.5,30.75,2.6,7.4,9.25,NA,11.65,0.77,40.1,3.28,5.7,4.28,NA,NA,NA,25.33,86.25,0.67,200.5,0.0,0.0,5.5,NA,-0.17
2026-08-01 01:00:00,15.75,28.0,2.6,7.4,9.2,NA,11.73,0.77,40.03,3.3,5.73,4.3,NA,NA,NA,25.3,86.5,0.6,195.25,0.0,0.0,5.5,NA,-0.16
2026-08-01 02:00:00,16.0,28.0,2.6,7.3,9.2,NA,11.65,0.76,39.93,3.3,5.73,4.28,NA,NA,NA,25.2,87.0,0.67,202.75,0.0,0.0,6.0,NA,-0.17
2026-08-01 03:00:00,14.75,26.25,2.6,7.3,9.2,NA,11.6,0.76,39.83,3.3,5.7,4.2,NA,NA,NA,25.15,87.5,0.7,195.25,0.0,0.0,6.0,NA,-0.18
2026-08-01 04:00:00,15.0,27.25,2.6,7.3,9.17,NA,11.73,0.76,39.6,3.3,5.75,4.3,NA,NA,NA,24.98,89.0,0.65,198.0,0.0,0.0,5.5,NA,-0.16
2026-08-01 05:00:00,19.25,32.5,2.6,7.2,9.1,NA,11.77,0.76,39.32,3.3,5.77,4.3,NA,NA,NA,24.83,90.75,0.63,192.75,0.0,0.0,5.75,NA,-0.17
2026-08-01 06:00:00,22.25,37.0,2.6,7.28,9.13,NA,11.7,0.76,39.53,3.3,5.7,4.3,NA,NA,NA,24.95,90.25,0.65,184.75,0.0,0.0,15.5,NA,-0.16
2026-08-01 07:00:00,23.0,38.5,2.6,7.38,9.23,NA,11.6,0.77,40.03,3.3,5.7,4.23,NA,NA,NA,25.28,89.0,0.78,197.25,0.0,0.0,67.5,NA,-0.16
2026-08-01 08:00:00,26.0,42.25,2.7,7.45,9.35,NA,11.65,0.77,40.78,3.3,5.7,4.28,NA,NA,NA,25.73,86.25,0.6,203.25,0.0,0.0,159.0,NA,-0.17
2026-08-01 09:00:00,25.75,41.75,2.73,7.58,9.55,NA,11.63,0.78,41.53,3.3,5.7,4.27,NA,NA,NA,26.18,83.0,0.63,200.0,0.0,0.0,314.25,NA,-0.16
2026-08-01 10:00:00,24.75,41.0,2.8,7.8,9.8,NA,11.7,0.79,42.73,3.3,5.7,4.3,NA,NA,NA,26.95,77.5,0.63,210.25,0.0,0.0,408.5,NA,-0.19
2026-08-01 11:00:00,30.75,49.25,2.85,7.95,10.03,NA,NA,0.8,43.88,NA,NA,NA,NA,NA,NA,27.63,73.0,0.73,205.25,0.0,0.0,462.0,NA,-0.2
2026-08-01 12:00:00,30.5,48.5,2.9,8.15,10.23,NA,11.63,0.82,44.9,3.3,5.7,4.23,NA,NA,NA,28.28,68.0,0.65,211.0,0.0,0.0,509.75,NA,-0.2
2026-08-01 13:00:00,30.75,49.0,2.95,8.25,10.35,NA,11.6,0.83,45.65,3.27,5.7,4.23,NA,NA,NA,28.73,65.0,0.7,204.75,0.0,0.0,541.0,NA,-0.2
2026-08-01 14:00:00,31.0,49.75,2.98,8.25,10.38,NA,11.58,0.82,45.55,3.23,5.7,4.2,NA,NA,NA,28.65,66.5,0.73,200.0,0.0,0.0,347.0,NA,-0.19
2026-08-01 15:00:00,36.75,57.5,2.88,8.03,10.13,NA,11.6,0.81,44.38,3.25,5.68,4.23,NA,NA,NA,27.95,71.75,0.73,199.25,0.0,0.0,176.75,NA,-0.2
2026-08-01 16:00:00,36.5,57.5,2.78,7.73,9.7,NA,11.68,0.79,42.4,3.28,5.7,4.28,NA,NA,NA,26.7,77.25,0.75,196.75,0.0,0.0,57.5,NA,-0.2
2026-08-01 17:00:00,34.5,54.25,2.78,7.7,9.67,NA,12.03,0.79,42.08,3.37,5.9,4.4,NA,NA,NA,26.55,77.25,0.75,200.0,0.0,0.0,28.75,NA,-0.2
2026-08-01 18:00:00,42.5,65.75,2.8,7.75,9.75,NA,11.9,0.79,42.55,3.32,5.83,4.33,NA,NA,NA,26.83,73.25,0.67,197.25,0.0,0.0,12.25,NA,-0.19
2026-08-01 19:00:00,46.5,71.25,2.8,7.7,9.7,NA,11.87,0.79,42.3,3.3,5.8,4.3,NA,NA,NA,26.65,75.5,0.63,202.75,0.0,0.0,5.75,NA,-0.18
2026-08-01 20:00:00,43.0,66.25,2.78,7.7,9.67,NA,11.8,0.79,42.13,3.3,5.8,4.3,NA,NA,NA,26.55,78.25,0.65,194.0,0.0,0.0,6.0,NA,-0.17
2026-08-01 21:00:00,49.5,75.25,2.7,7.7,9.6,NA,11.73,0.78,41.95,3.3,5.77,4.3,NA,NA,NA,26.42,80.25,0.68,197.25,0.0,0.0,5.75,NA,-0.16
2026-08-01 22:00:00,48.5,74.0,2.7,7.6,9.6,NA,11.63,0.78,41.73,3.3,5.7,4.3,NA,NA,NA,26.3,82.0,0.6,210.5,0.0,0.0,6.0,NA,-0.18
2026-08-01 23:00:00,41.5,64.0,2.7,7.57,9.48,NA,11.78,0.78,41.38,3.3,5.78,4.3,NA,NA,NA,26.1,83.25,0.4,254.75,0.0,0.0,6.0,NA,-0.18
2026-08-02 00:00:00,29.0,46.5,2.7,7.5,9.45,NA,11.75,0.78,41.08,3.3,5.75,4.3,NA,NA,NA,25.9,81.25,0.7,240.75,0.0,0.0,6.0,NA,-0.18
2026-08-02 01:00:00,18.0,30.75,2.7,7.5,9.43,NA,11.8,0.78,41.05,3.3,5.8,4.3,NA,NA,NA,25.9,82.75,0.8,201.75,0.0,0.0,6.0,NA,-0.18
2026-08-02 02:00:00,18.5,32.0,2.7,7.6,9.55,NA,11.68,0.78,41.5,3.3,5.73,4.28,NA,NA,NA,26.15,82.5,0.58,178.25,0.0,0.0,5.5,NA,-0.17
2026-08-02 03:00:00,27.0,44.25,2.7,7.6,9.5,NA,11.43,0.78,41.4,3.2,5.6,4.2,NA,NA,NA,26.1,84.75,0.63,221.25,0.0,0.0,5.75,NA,-0.16
2026-08-02 04:00:00,28.25,45.5,2.7,7.5,9.43,NA,11.7,0.78,40.98,3.3,5.73,4.28,NA,NA,NA,25.88,87.0,0.55,184.5,0.0,0.0,5.75,NA,-0.17
2026-08-02 05:00:00,25.75,42.25,2.7,7.45,9.38,NA,11.83,0.77,40.65,3.3,5.8,4.3,NA,NA,NA,25.68,89.25,0.4,147.5,0.0,0.0,5.75,NA,-0.17
2026-08-02 06:00:00,31.0,49.25,2.7,7.43,9.38,NA,11.8,0.77,40.63,3.3,5.78,4.3,NA,NA,NA,25.65,90.75,0.68,170.25,0.0,0.0,18.25,NA,-0.17
2026-08-02 07:00:00,40.25,62.0,2.7,7.53,9.45,NA,11.6,0.78,41.13,3.25,5.7,4.23,NA,NA,NA,25.93,89.0,0.65,198.75,0.0,0.0,94.0,NA,-0.18
2026-08-02 08:00:00,38.0,59.25,2.7,7.63,9.6,NA,11.58,0.78,41.83,3.25,5.7,4.23,NA,NA,NA,26.38,86.5,0.7,201.25,0.0,0.0,134.75,NA,-0.17
2026-08-02 09:00:00,36.75,57.0,2.8,7.8,9.8,NA,11.45,0.79,42.82,3.2,5.63,4.18,NA,NA,NA,27.0,81.5,0.68,200.25,0.0,0.0,324.5,NA,-0.17
2026-08-02 10:00:00,32.75,51.5,2.88,7.98,10.05,NA,11.63,0.81,44.0,3.28,5.68,4.28,NA,NA,NA,27.7,74.75,0.7,207.0,0.0,0.0,349.25,NA,-0.16
2026-08-02 11:00:00,406.0,574.75,2.9,8.15,10.25,NA,11.5,0.82,44.95,3.25,5.65,4.25,NA,NA,NA,28.3,69.0,0.65,203.75,0.0,0.0,354.75,NA,-0.17
2026-08-02 12:00:00,485.25,686.0,2.9,8.13,10.23,NA,11.78,0.82,44.83,3.3,5.78,4.3,NA,NA,NA,28.23,69.25,0.68,213.25,0.0,0.0,280.75,NA,-0.18
2026-08-02 13:00:00,485.75,686.0,2.9,8.03,10.13,NA,11.78,0.81,44.25,3.3,5.78,4.3,NA,NA,NA,27.88,73.25,0.63,205.0,0.0,0.0,253.0,NA,-0.18
2026-08-02 14:00:00,485.5,685.75,2.8,7.83,9.83,NA,11.8,0.79,42.88,3.3,5.8,4.3,NA,NA,NA,27.03,78.25,0.68,205.5,0.0,0.0,199.5,NA,-0.18
2026-08-02 15:00:00,486.0,686.0,2.8,7.78,9.78,NA,11.85,0.79,42.65,3.3,5.8,4.3,NA,NA,NA,26.88,77.5,0.58,207.5,0.0,0.0,176.25,NA,-0.18
2026-08-02 16:00:00,486.0,686.0,2.8,7.7,9.7,NA,11.88,0.79,42.28,3.3,5.8,4.3,NA,NA,NA,26.65,80.0,0.63,195.5,0.0,0.0,79.75,NA,-0.18
2026-08-02 17:00:00,683.0,804.0,2.73,7.7,9.65,NA,11.9,0.79,42.03,3.3,5.8,4.3,NA,NA,NA,26.5,81.5,0.65,201.75,0.0,0.0,15.25,NA,-0.19
2026-08-02 18:00:00,NA,NA,2.7,7.63,9.6,NA,11.55,0.78,41.73,3.23,5.68,4.23,NA,NA,NA,26.3,82.25,0.65,205.25,0.0,0.0,6.0,NA,-0.19
2026-08-02 19:00:00,100.75,122.0,2.7,7.57,9.53,NA,11.17,0.78,41.45,3.1,5.47,4.07,NA,NA,NA,26.13,84.5,0.67,200.25,0.0,0.0,5.25,NA,-0.15
2026-08-02 20:00:00,23.75,33.5,2.7,7.5,9.45,NA,11.0,0.78,41.13,3.1,5.43,4.03,NA,NA,NA,25.95,85.5,0.55,207.75,0.0,0.0,5.25,NA,-0.17
2026-08-02 21:00:00,23.0,32.75,2.7,7.5,9.48,NA,10.9,0.78,41.13,3.1,5.37,4.0,NA,NA,NA,25.92,85.5,0.65,201.75,0.0,0.0,5.25,NA,-0.15
2026-08-02 22:00:00,20.75,29.75,2.7,7.5,9.4,NA,11.0,0.77,40.9,3.1,5.4,4.0,NA,NA,NA,25.8,88.5,0.68,205.0,0.0,0.0,5.0,NA,-0.15
2026-08-02 23:00:00,16.75,24.25,2.7,7.48,9.4,NA,11.0,0.77,40.75,3.1,5.4,4.0,NA,NA,NA,25.7,90.25,0.63,214.0,0.0,0.0,5.75,NA,-0.17
2026-08-03 00:00:00,15.75,23.5,2.7,7.5,9.4,NA,11.1,0.77,40.8,3.1,5.45,4.05,NA,NA,NA,25.7,90.75,0.48,272.0,0.0,0.0,5.5,NA,-0.16
2026-08-03 01:00:00,20.25,29.0,2.7,7.5,9.4,NA,11.23,0.77,40.83,3.13,5.5,4.1,NA,NA,NA,25.75,88.75,0.75,266.0,0.0,0.0,6.0,NA,-0.18
2026-08-03 02:00:00,14.25,22.0,2.63,7.4,9.33,NA,10.9,0.77,40.35,3.05,5.35,3.97,NA,NA,NA,25.48,89.5,0.73,203.75,0.0,0.0,5.25,NA,-0.16
2026-08-03 03:00:00,9.75,15.75,2.6,7.23,9.08,NA,11.0,0.75,39.28,3.07,5.4,4.0,NA,NA,NA,24.8,91.75,0.38,224.5,0.0,0.0,5.5,NA,-0.15
2026-08-03 04:00:00,5.0,10.0,2.5,7.0,8.83,NA,10.93,0.73,38.0,3.08,5.35,3.97,NA,NA,NA,24.0,96.0,0.67,238.5,0.0,0.0,5.25,NA,-0.16
2026-08-03 05:00:00,NA,NA,2.5,7.0,8.8,NA,10.57,0.73,38.0,2.97,5.2,3.87,NA,NA,NA,24.0,NA,0.7,217.0,0.0,0.0,5.75,NA,-0.16
2026-08-03 06:00:00,NA,NA,2.5,7.0,8.8,NA,11.15,0.73,37.98,3.13,5.45,4.05,NA,NA,NA,24.0,NA,0.6,219.75,0.0,0.0,5.75,NA,-0.17
2026-08-03 07:00:00,NA,NA,2.5,7.0,8.8,NA,11.47,0.74,38.0,3.2,5.6,4.2,NA,NA,NA,24.03,NA,0.8,194.0,0.0,0.0,7.75,NA,-0.18
2026-08-03 08:00:00,NA,NA,2.53,7.07,8.93,NA,11.3,0.74,38.45,3.2,5.53,4.13,NA,NA,NA,24.28,97.33,0.7,202.5,0.0,0.0,65.75,NA,-0.18
2026-08-03 09:00:00,NA,NA,2.6,7.28,9.13,NA,11.17,0.76,39.45,3.13,5.47,4.07,NA,NA,NA,24.93,91.75,0.78,203.25,0.0,0.0,148.0,NA,-0.2
2026-08-03 10:00:00,NA,1.5,2.68,7.43,9.33,NA,10.93,0.77,40.45,3.08,5.35,3.98,NA,NA,NA,25.53,88.75,0.73,214.75,0.0,0.0,125.25,NA,-0.2
2026-08-03 11:00:00,3.0,9.5,2.78,7.75,9.75,NA,NA,0.79,42.5,NA,NA,NA,NA,NA,NA,26.8,82.75,0.65,229.25,0.0,0.0,479.75,NA,-0.2
2026-08-03 12:00:00,6.25,17.0,2.93,8.15,10.28,NA,10.93,0.82,45.15,3.08,5.33,3.93,NA,NA,NA,28.43,72.0,0.5,243.0,0.0,0.0,576.0,NA,-0.2
2026-08-03 13:00:00,10.5,23.25,2.98,8.28,10.45,NA,10.77,0.83,45.93,3.0,5.23,3.9,NA,NA,NA,28.9,67.0,0.38,239.0,0.0,0.0,588.5,NA,-0.2
2026-08-03 14:00:00,9.5,22.25,3.08,8.48,10.67,NA,10.95,0.85,47.2,3.08,5.35,3.97,NA,NA,NA,29.65,61.0,0.58,231.25,0.0,0.0,527.0,NA,-0.2
2026-08-03 15:00:00,7.5,19.25,2.95,8.28,10.4,NA,11.13,0.83,45.9,3.13,5.47,4.07,NA,NA,NA,28.88,63.75,0.43,252.25,0.0,0.0,231.0,NA,-0.2
2026-08-03 16:00:00,11.25,24.0,2.93,8.1,10.2,NA,11.0,0.82,44.88,3.1,5.4,4.0,NA,NA,NA,28.23,69.0,0.63,230.5,0.0,0.0,122.0,NA,-0.2
2026-08-03 17:00:00,22.0,40.75,2.82,7.93,9.95,NA,10.93,0.8,43.55,3.07,5.37,3.97,NA,NA,NA,27.45,75.75,0.68,208.25,0.0,0.0,40.75,NA,-0.2
2026-08-03 18:00:00,20.5,38.0,2.8,7.8,9.83,NA,11.03,0.8,42.95,3.08,5.38,3.98,NA,NA,NA,27.08,78.25,0.7,213.25,0.0,0.0,6.25,NA,-0.19
2026-08-03 19:00:00,27.75,49.75,2.8,7.73,9.73,NA,10.9,0.79,42.48,3.07,5.37,3.97,NA,NA,NA,26.78,82.25,0.65,201.5,0.0,0.0,5.25,NA,-0.16
2026-08-03 20:00:00,34.25,58.75,2.7,7.58,9.5,NA,10.95,0.78,41.4,3.08,5.38,3.98,NA,NA,NA,26.1,85.5,0.68,206.75,0.0,0.0,6.0,NA,-0.19
2026-08-03 21:00:00,16.75,33.25,2.58,7.13,8.98,NA,10.87,0.75,38.78,3.03,5.3,3.9,NA,NA,NA,24.5,98.0,0.73,203.5,0.0,0.0,5.0,NA,-0.13
2026-08-03 22:00:00,9.0,6.25,2.6,7.23,9.13,NA,11.38,0.76,39.35,3.2,5.58,4.15,NA,NA,NA,24.85,93.5,0.6,190.0,0.0,0.0,5.0,NA,-0.12
2026-08-03 23:00:00,NA,1.25,2.6,7.3,9.2,NA,11.7,0.76,39.85,3.3,5.7,4.3,NA,NA,NA,25.15,92.25,0.5,161.25,0.0,0.0,5.0,NA,-0.12
2026-08-04 00:00:00,NA,3.25,2.6,7.3,9.2,NA,11.25,0.76,39.7,3.18,5.5,4.08,NA,NA,NA,25.05,95.25,0.73,192.0,0.0,0.0,5.25,NA,-0.12
2026-08-04 01:00:00,2.0,8.75,2.6,7.25,9.1,NA,11.17,0.76,39.43,3.1,5.47,4.07,NA,NA,NA,24.88,96.0,0.67,189.75,0.0,0.0,4.75,NA,-0.11
2026-08-04 02:00:00,1.0,6.0,2.6,7.2,9.1,NA,11.1,0.76,39.28,3.1,5.43,4.03,NA,NA,NA,24.8,96.0,0.63,180.5,0.0,0.0,4.25,NA,-0.09
2026-08-04 03:00:00,NA,2.33,2.6,7.2,9.08,NA,11.2,0.76,39.15,3.1,5.5,4.1,NA,NA,NA,24.7,96.0,0.73,187.0,0.0,0.0,3.75,NA,-0.03
2026-08-04 04:00:00,NA,1.25,2.55,7.1,8.95,NA,11.13,0.74,38.6,3.1,5.43,4.03,NA,NA,NA,24.35,NA,0.55,219.75,0.0,0.0,4.0,NA,-0.07
2026-08-04 05:00:00,NA,2.0,2.5,6.93,8.73,NA,11.17,0.73,37.5,3.1,5.47,4.07,NA,NA,NA,23.7,NA,0.67,211.0,0.0,0.0,4.5,NA,-0.11
2026-08-04 06:00:00,NA,1.0,2.43,6.83,8.63,NA,11.08,0.72,36.9,3.1,5.43,4.03,NA,NA,NA,23.33,NA,0.6,192.5,0.0,0.0,5.5,NA,-0.16
2026-08-04 07:00:00,NA,NA,2.4,6.8,8.58,NA,11.0,0.72,36.7,3.1,5.4,4.0,NA,NA,NA,23.2,NA,0.73,201.5,0.0,0.0,4.75,NA,-0.11
2026-08-04 08:00:00,5.67,6.0,2.4,6.73,8.5,NA,10.98,0.72,36.33,3.1,5.38,3.98,NA,NA,NA,22.95,NA,0.73,206.25,0.0,0.0,5.75,NA,-0.18
2026-08-04 09:00:00,4.0,6.25,2.4,6.8,8.5,NA,11.6,0.72,36.4,3.23,5.7,4.23,NA,NA,NA,23.0,NA,0.65,206.25,0.0,0.0,6.0,NA,-0.18
2026-08-04 10:00:00,1.5,2.75,2.4,6.8,8.55,NA,11.33,0.72,36.6,3.18,5.58,4.13,NA,NA,NA,23.15,NA,0.63,209.25,0.0,0.0,5.25,NA,-0.13
2026-08-04 11:00:00,3.75,5.75,2.43,6.83,8.6,NA,NA,0.72,36.83,NA,NA,NA,NA,NA,NA,23.3,NA,0.6,224.25,0.0,0.0,40.25,NA,-0.2
2026-08-04 12:00:00,4.0,6.5,2.5,6.95,8.73,NA,10.98,0.73,37.55,3.1,5.38,3.97,NA,NA,NA,23.7,96.0,0.55,233.0,0.0,0.0,145.0,NA,-0.2
2026-08-04 13:00:00,3.5,5.75,2.58,7.23,9.05,NA,10.7,0.75,39.18,3.0,5.23,3.9,NA,NA,NA,24.73,91.25,0.65,218.5,0.0,0.0,204.25,NA,-0.21
2026-08-04 14:00:00,2.25,4.25,2.6,7.3,9.2,NA,11.08,0.76,39.8,3.1,5.4,4.03,NA,NA,NA,25.13,87.5,0.58,237.75,0.0,0.0,197.25,NA,-0.21
2026-08-04 15:00:00,7.75,10.5,2.6,7.3,9.2,NA,11.4,0.76,39.88,3.2,5.6,4.2,NA,NA,NA,25.18,86.0,0.53,237.5,0.0,0.0,141.0,NA,-0.21
2026-08-04 16:00:00,17.75,21.5,2.6,7.38,9.23,NA,11.05,0.77,39.98,3.1,5.43,4.03,NA,NA,NA,25.25,86.25,0.53,250.5,0.0,0.0,121.5,NA,-0.2
2026-08-04 17:00:00,22.25,26.25,2.6,7.33,9.2,NA,10.7,0.76,39.98,3.0,5.23,3.9,NA,NA,NA,25.23,86.25,0.55,252.5,0.0,0.0,50.75,NA,-0.21
2026-08-04 18:00:00,21.5,29.5,2.6,7.3,9.2,NA,11.0,0.76,39.7,3.08,5.38,3.98,NA,NA,NA,25.08,87.5,0.55,258.75,0.0,0.0,7.25,NA,-0.16
2026-08-04 19:00:00,26.0,37.75,2.6,7.25,9.1,NA,10.9,0.76,39.4,3.07,5.37,3.97,NA,NA,NA,24.85,89.5,0.68,234.0,0.0,0.0,4.75,NA,-0.11
2026-08-04 20:00:00,38.75,54.25,2.6,7.2,9.1,NA,11.18,0.76,39.25,3.13,5.48,4.07,NA,NA,NA,24.78,91.0,0.65,186.25,0.0,0.0,4.25,NA,-0.09
2026-08-04 21:00:00,41.75,58.0,2.6,7.2,9.05,NA,11.13,0.75,39.05,3.1,5.47,4.07,NA,NA,NA,24.65,93.25,0.73,188.75,0.0,0.0,4.0,NA,-0.07
2026-08-04 22:00:00,82.25,110.0,2.6,7.2,9.0,NA,11.13,0.74,38.9,3.1,5.43,4.03,NA,NA,NA,24.6,96.0,0.75,195.75,0.0,0.0,5.0,NA,-0.12
2026-08-04 23:00:00,38.25,53.75,2.6,7.15,9.0,NA,11.1,0.74,38.82,3.1,5.4,4.0,NA,NA,NA,24.53,96.0,0.78,226.75,0.0,0.0,5.5,NA,-0.14
2026-08-05 00:00:00,24.5,35.5,2.6,7.1,9.0,NA,11.2,0.74,38.7,3.18,5.48,4.07,NA,NA,NA,24.42,94.5,0.55,255.0,0.0,0.0,5.25,NA,-0.15
2026-08-05 01:00:00,15.25,24.25,2.55,7.1,8.95,NA,11.33,0.74,38.63,3.2,5.5,4.1,NA,NA,NA,24.38,94.5,0.67,234.25,0.0,0.0,5.75,NA,-0.16
2026-08-05 02:00:00,8.25,15.25,2.5,7.1,8.9,NA,11.33,0.74,38.4,3.2,5.53,4.13,NA,NA,NA,24.3,96.0,0.8,217.5,0.0,0.0,6.0,NA,-0.18
2026-08-05 03:00:00,5.5,11.5,2.5,7.1,8.9,NA,11.37,0.74,38.4,3.2,5.53,4.13,NA,NA,NA,24.28,96.0,0.65,248.5,0.0,0.0,5.75,NA,-0.15
2026-08-05 04:00:00,6.0,11.75,2.5,7.1,8.9,NA,11.23,0.74,38.35,3.13,5.5,4.1,NA,NA,NA,24.2,96.25,0.8,240.0,0.0,0.0,5.5,NA,-0.15
2026-08-05 05:00:00,5.25,11.0,2.5,7.07,8.9,NA,11.2,0.74,38.28,3.17,5.5,4.1,NA,NA,NA,24.23,97.75,0.8,251.5,0.0,0.0,5.25,NA,-0.13
2026-08-05 06:00:00,17.0,26.0,2.5,7.1,8.9,NA,11.13,0.74,38.43,3.1,5.43,4.03,NA,NA,NA,24.28,97.25,0.75,226.0,0.0,0.0,24.5,NA,-0.14
2026-08-05 07:00:00,21.25,31.75,2.6,7.18,9.03,NA,11.07,0.75,38.9,3.1,5.4,4.0,NA,NA,NA,24.58,95.75,0.7,191.5,0.0,0.0,68.5,NA,-0.15
2026-08-05 08:00:00,22.75,33.25,2.6,7.25,9.1,NA,11.1,0.76,39.35,3.1,5.4,4.0,NA,NA,NA,24.85,92.75,0.75,194.5,0.0,0.0,90.75,NA,-0.19
2026-08-05 09:00:00,18.25,27.5,2.6,7.35,9.25,NA,11.1,0.77,39.98,3.1,5.4,4.0,NA,NA,NA,25.23,88.75,0.75,210.0,0.0,0.0,190.0,NA,-0.17
2026-08-05 10:00:00,17.5,26.5,2.7,7.45,9.38,NA,11.2,0.77,40.68,3.15,5.5,4.1,NA,NA,NA,25.68,86.25,0.7,217.75,0.0,0.0,221.25,NA,-0.19
2026-08-05 11:00:00,21.5,32.25,2.7,7.63,9.58,NA,NA,0.79,41.7,NA,NA,NA,NA,NA,NA,26.33,80.75,0.7,210.25,0.0,0.0,335.75,NA,-0.19
2026-08-05 12:00:00,20.5,30.75,2.8,7.85,9.9,NA,11.13,0.8,43.3,3.1,5.48,4.07,NA,NA,NA,27.25,75.0,0.6,205.75,0.0,0.0,495.5,NA,-0.13
2026-08-05 13:00:00,28.0,40.5,2.82,7.93,9.98,NA,11.23,0.8,43.63,3.2,5.5,4.1,NA,NA,NA,27.45,73.75,0.68,214.5,0.0,0.0,524.0,NA,-0.2
2026-08-05 14:00:00,30.0,42.75,2.88,8.0,10.08,NA,11.25,0.81,44.05,3.2,5.5,4.1,NA,NA,NA,27.75,71.25,0.58,221.75,0.0,0.0,484.25,NA,-0.2
2026-08-05 15:00:00,37.25,51.75,2.8,7.83,9.88,NA,11.23,0.8,43.15,3.17,5.5,4.1,NA,NA,NA,27.18,74.25,0.65,216.25,0.0,0.0,140.75,NA,-0.19
2026-08-05 16:00:00,40.25,56.0,2.8,7.73,9.75,NA,11.33,0.79,42.5,3.18,5.53,4.13,NA,NA,NA,26.8,78.5,0.63,220.0,0.0,0.0,55.25,NA,-0.16
2026-08-05 17:00:00,31.5,44.75,2.7,7.5,9.4,NA,11.47,0.78,40.93,3.2,5.63,4.2,NA,NA,NA,25.83,86.5,0.45,234.5,0.0,0.0,18.5,NA,-0.2
2026-08-05 18:00:00,28.5,40.75,2.6,7.33,9.23,NA,11.35,0.76,39.93,3.2,5.55,4.15,NA,NA,NA,25.2,89.25,0.6,236.5,0.0,0.0,5.25,NA,-0.14
2026-08-05 19:00:00,19.0,29.0,2.6,7.3,9.2,NA,11.13,0.76,39.9,3.13,5.47,4.07,NA,NA,NA,25.2,89.5,0.68,210.75,0.0,0.0,4.0,NA,-0.06
2026-08-05 20:00:00,16.75,25.5,2.6,7.3,9.2,NA,11.23,0.76,39.75,3.18,5.48,4.07,NA,NA,NA,25.1,91.0,0.68,85.25,0.0,0.0,4.0,NA,-0.06
2026-08-05 21:00:00,27.0,39.25,2.6,7.35,9.25,NA,11.27,0.77,40.03,3.2,5.5,4.1,NA,NA,NA,25.25,89.5,0.7,236.25,0.0,0.0,5.0,NA,-0.12
2026-08-05 22:00:00,37.0,51.75,2.6,7.3,9.17,NA,11.38,0.76,39.6,3.2,5.57,4.18,NA,NA,NA,25.0,91.0,0.63,247.5,0.0,0.0,5.75,NA,-0.17
2026-08-05 23:00:00,24.25,35.5,2.6,7.23,9.1,NA,11.47,0.76,39.38,3.2,5.6,4.2,NA,NA,NA,24.88,93.0,0.73,227.0,0.0,0.0,6.0,NA,-0.19
2026-08-06 00:00:00,18.25,28.0,2.6,7.2,9.05,NA,11.23,0.75,39.1,3.13,5.53,4.13,NA,NA,NA,24.65,95.0,0.75,210.25,0.0,0.0,5.75,NA,-0.18
2026-08-06 01:00:00,7.5,13.75,2.58,7.13,9.0,NA,11.27,0.74,38.73,3.2,5.5,4.1,NA,NA,NA,24.45,97.5,0.75,206.5,0.0,0.0,6.0,NA,-0.18
2026-08-06 02:00:00,5.0,10.75,2.55,7.1,8.98,NA,11.17,0.74,38.63,3.13,5.5,4.1,NA,NA,NA,24.38,NA,0.68,204.25,0.0,0.0,6.0,NA,-0.17
2026-08-06 03:00:00,2.5,7.75,2.5,7.1,8.9,NA,11.2,0.74,38.35,3.13,5.5,4.1,NA,NA,NA,24.23,NA,0.7,215.5,0.0,0.0,6.0,NA,-0.17
2026-08-06 04:00:00,1.25,5.75,2.5,7.05,8.85,NA,11.25,0.74,38.03,3.18,5.5,4.1,NA,NA,NA,24.03,NA,0.63,195.0,0.0,0.0,5.25,NA,-0.15
2026-08-06 05:00:00,NA,3.5,2.5,6.98,8.75,NA,11.17,0.73,37.58,3.13,5.5,4.1,NA,NA,NA,23.73,NA,0.5,194.0,0.0,0.0,5.25,NA,-0.13
2026-08-06 06:00:00,NA,NA,2.5,7.0,8.8,NA,11.43,0.73,37.65,3.2,5.63,4.15,NA,NA,NA,23.78,NA,0.52,168.5,0.0,0.0,6.0,NA,-0.14
2026-08-06 07:00:00,NA,NA,2.5,7.0,8.8,NA,11.47,0.73,37.88,3.2,5.6,4.2,NA,NA,NA,23.92,97.0,0.7,189.75,0.0,0.0,56.5,NA,-0.16
2026-08-06 08:00:00,NA,1.0,2.5,7.0,8.85,NA,11.25,0.74,38.13,3.15,5.5,4.1,NA,NA,NA,24.08,96.0,0.63,196.75,0.0,0.0,71.25,NA,-0.17
2026-08-06 09:00:00,NA,1.67,2.6,7.15,9.03,NA,11.07,0.75,38.88,3.1,5.4,4.0,NA,NA,NA,24.58,91.25,0.73,195.75,0.0,0.0,117.75,NA,-0.18
2026-08-06 10:00:00,1.0,4.25,2.6,7.2,9.08,NA,11.53,0.76,39.15,3.23,5.63,4.2,NA,NA,NA,24.73,90.0,0.75,201.0,0.0,0.0,117.75,NA,-0.2
2026-08-06 11:00:00,2.75,6.75,2.5,7.03,8.83,NA,NA,0.73,38.1,NA,NA,NA,NA,NA,NA,24.08,96.0,0.53,209.5,0.0,0.0,28.25,NA,-0.17
2026-08-06 12:00:00,2.75,6.75,2.5,7.05,8.85,NA,11.35,0.74,38.07,3.23,5.55,4.13,NA,NA,NA,24.05,NA,0.73,210.5,0.0,0.0,95.25,NA,-0.18
2026-08-06 13:00:00,2.0,5.0,2.5,7.07,8.9,NA,11.2,0.74,38.38,3.13,5.5,4.1,NA,NA,NA,24.23,96.25,0.73,209.75,0.0,0.0,135.0,NA,-0.18
2026-08-06 14:00:00,NA,1.0,2.6,7.2,9.03,NA,11.65,0.75,38.9,3.28,5.68,4.25,NA,NA,NA,24.58,91.75,0.75,196.75,0.0,0.0,159.5,NA,-0.1
2026-08-06 15:00:00,NA,3.5,2.6,7.28,9.17,NA,11.87,0.76,39.68,3.33,5.8,4.33,NA,NA,NA,25.05,89.5,0.73,192.75,0.0,0.0,166.25,NA,-0.15
2026-08-06 16:00:00,4.33,7.25,2.6,7.33,9.23,NA,11.4,0.76,39.95,3.23,5.58,4.2,NA,NA,NA,25.23,88.25,0.75,195.0,0.0,0.0,100.5,NA,-0.11
2026-08-06 17:00:00,5.0,10.25,2.6,7.3,9.2,NA,11.2,0.76,39.9,3.1,5.5,NA,NA,NA,NA,25.18,88.25,0.88,199.25,0.0,0.0,35.25,NA,-0.17
2026-08-06 18:00:00,8.25,14.25,2.6,7.3,9.15,NA,11.23,0.76,39.58,3.13,5.5,NA,NA,NA,NA,24.98,89.25,0.85,194.0,0.0,0.0,5.25,NA,-0.14
2026-08-06 19:00:00,13.5,20.5,2.6,7.3,9.1,NA,11.03,0.76,39.43,3.1,5.4,NA,NA,NA,NA,24.9,91.25,0.73,182.25,0.0,0.0,4.0,NA,-0.07
2026-08-06 20:00:00,16.0,23.75,2.6,7.2,9.08,NA,11.1,0.76,39.2,3.15,5.48,NA,NA,NA,NA,24.75,95.0,0.67,187.0,0.0,0.0,4.75,NA,-0.12
2026-08-06 21:00:00,19.0,27.5,2.6,7.15,9.0,NA,11.3,0.74,38.85,3.2,5.5,NA,NA,NA,NA,24.53,97.0,0.75,195.0,0.0,0.0,5.5,NA,-0.16
2026-08-06 22:00:00,13.5,20.0,2.5,7.1,8.9,NA,11.15,0.74,38.5,3.13,5.45,NA,NA,NA,NA,24.33,98.5,0.75,207.25,0.0,0.0,6.0,NA,-0.2
2026-08-06 23:00:00,6.25,11.5,2.5,7.1,8.9,NA,11.1,0.74,38.5,3.1,5.4,NA,NA,NA,NA,24.33,NA,0.8,202.5,0.0,0.0,6.0,NA,-0.2
2026-08-07 00:00:00,9.0,15.0,2.55,7.1,8.98,NA,11.28,0.74,38.63,3.18,5.5,NA,NA,NA,NA,24.38,NA,0.75,212.25,0.0,0.0,6.0,NA,-0.2
2026-08-07 01:00:00,16.25,24.0,2.5,7.1,8.9,NA,11.33,0.74,38.53,3.2,5.53,NA,NA,NA,NA,24.3,NA,0.73,209.0,0.0,0.0,6.0,NA,-0.2
2026-08-07 02:00:00,17.0,25.25,2.5,7.1,8.9,NA,11.3,0.74,38.35,3.2,5.5,NA,NA,NA,NA,24.23,97.0,0.63,210.75,0.0,0.0,6.0,NA,-0.2
2026-08-07 03:00:00,14.25,21.5,2.5,7.07,8.9,NA,11.33,0.74,38.33,3.2,5.53,NA,NA,NA,NA,24.18,96.5,0.73,214.25,0.0,0.0,6.0,NA,-0.18
2026-08-07 04:00:00,12.5,19.5,2.5,7.0,8.83,NA,11.23,0.74,38.1,3.18,5.5,NA,NA,NA,NA,24.03,NA,0.75,203.25,0.0,0.0,5.75,NA,-0.18
2026-08-07 05:00:00,13.5,20.25,2.5,7.0,8.9,NA,11.23,0.74,38.18,3.13,5.5,NA,NA,NA,NA,24.1,NA,0.75,202.75,0.0,0.0,6.0,NA,-0.19
2026-08-07 06:00:00,16.75,24.5,2.5,7.0,8.83,NA,11.2,0.74,38.1,3.13,5.5,NA,NA,NA,NA,24.1,NA,0.75,199.25,0.0,0.0,9.0,NA,-0.16
2026-08-07 07:00:00,21.5,30.75,2.55,7.1,8.98,NA,11.23,0.75,38.65,3.17,5.5,NA,NA,NA,NA,24.4,94.0,0.67,211.5,0.0,0.0,127.25,NA,-0.17
2026-08-07 08:00:00,20.5,29.75,2.6,7.28,9.15,NA,11.08,0.76,39.6,3.1,5.45,NA,NA,NA,NA,25.0,88.25,0.73,205.25,0.0,0.0,206.25,NA,-0.2
2026-08-07 09:00:00,20.5,29.5,2.68,7.48,9.4,NA,10.9,0.77,40.78,3.07,5.33,NA,NA,NA,NA,25.73,84.25,0.73,204.0,0.0,0.0,365.75,NA,-0.19
2026-08-07 10:00:00,19.0,28.0,2.73,7.65,9.6,NA,11.15,0.78,41.88,3.1,5.45,NA,NA,NA,NA,26.4,79.75,0.8,206.0,0.0,0.0,514.0,NA,-0.14
2026-08-07 11:00:00,25.75,35.75,2.75,7.73,9.68,NA,NA,0.79,42.23,NA,NA,NA,NA,NA,NA,26.63,78.0,0.78,211.75,0.0,0.0,385.25,NA,-0.19
2026-08-07 12:00:00,23.75,33.5,2.8,7.75,9.75,NA,11.15,0.79,42.5,3.13,5.48,NA,NA,NA,NA,26.78,76.75,0.75,204.25,0.0,0.0,421.25,NA,-0.2
2026-08-07 13:00:00,26.0,36.5,2.8,7.88,9.88,NA,11.17,0.8,43.25,3.1,5.47,NA,NA,NA,NA,27.25,74.5,0.78,204.25,0.0,0.0,438.0,NA,-0.18
2026-08-07 14:00:00,28.75,39.5,2.9,8.0,10.08,NA,11.2,0.81,44.15,3.15,5.48,NA,NA,NA,NA,27.83,70.0,0.75,202.0,0.0,0.0,521.5,NA,-0.18
2026-08-07 15:00:00,30.25,41.25,2.9,8.05,10.13,NA,11.27,0.81,44.3,3.2,5.5,NA,NA,NA,NA,27.9,69.5,0.68,208.0,0.0,0.0,345.75,NA,-0.17
2026-08-07 16:00:00,37.75,51.0,2.9,8.08,10.15,NA,11.33,0.81,44.53,3.2,5.55,NA,NA,NA,NA,28.03,68.75,0.8,199.5,0.0,0.0,252.75,NA,-0.11
2026-08-07 17:00:00,38.25,51.75,2.82,7.95,9.98,NA,11.2,0.8,43.68,3.1,5.5,NA,NA,NA,NA,27.55,72.75,0.73,197.0,0.0,0.0,50.0,NA,-0.12
2026-08-07 18:00:00,53.5,70.75,2.8,7.83,9.83,NA,11.3,0.8,43.03,3.18,5.53,NA,NA,NA,NA,27.1,76.5,0.73,197.0,0.0,0.0,5.25,NA,-0.13
2026-08-07 19:00:00,59.5,78.25,2.8,7.75,9.75,NA,11.27,0.79,42.58,3.17,5.5,NA,NA,NA,NA,26.85,79.75,0.7,198.0,0.0,0.0,5.25,NA,-0.12
2026-08-07 20:00:00,71.75,93.5,2.78,7.7,9.67,NA,11.25,0.79,42.18,3.18,5.5,NA,NA,NA,NA,26.55,82.0,0.73,196.25,0.0,0.0,4.75,NA,-0.12
2026-08-07 21:00:00,75.0,97.5,2.7,7.6,9.6,NA,11.27,0.78,41.68,3.2,5.5,NA,NA,NA,NA,26.28,85.0,0.7,197.75,0.0,0.0,5.25,NA,-0.14
2026-08-07 22:00:00,61.5,81.0,2.7,7.6,9.5,NA,11.33,0.78,41.4,3.2,5.55,NA,NA,NA,NA,26.08,86.75,0.78,191.0,0.0,0.0,6.0,NA,-0.17
2026-08-07 23:00:00,58.25,76.25,2.7,7.5,9.48,NA,11.33,0.78,41.18,3.2,5.5,NA,NA,NA,NA,25.95,89.25,0.65,196.25,0.0,0.0,6.0,NA,-0.17
2026-08-08 00:00:00,53.0,70.0,2.7,7.5,9.4,NA,11.4,0.78,40.95,3.2,5.6,NA,NA,NA,NA,25.83,90.5,0.7,191.25,0.0,0.0,6.0,NA,-0.18
2026-08-08 01:00:00,66.0,86.5,2.7,7.4,9.35,NA,11.4,0.77,40.6,3.2,5.6,NA,NA,NA,NA,25.6,90.75,0.63,191.5,0.0,0.0,5.75,NA,-0.16
2026-08-08 02:00:00,49.5,65.75,2.6,7.4,9.25,NA,11.33,0.77,40.18,3.2,5.53,NA,NA,NA,NA,25.35,92.25,0.65,195.25,0.0,0.0,6.0,NA,-0.19
2026-08-08 03:00:00,37.25,50.0,2.6,7.35,9.2,NA,11.3,0.76,39.95,3.2,5.5,NA,NA,NA,NA,25.2,93.5,0.75,199.25,0.0,0.0,6.0,NA,-0.17
2026-08-08 04:00:00,26.5,37.0,2.6,7.3,9.2,NA,11.25,0.76,39.93,3.2,5.5,NA,NA,NA,NA,25.2,92.75,0.63,193.0,0.0,0.0,4.0,NA,-0.06
2026-08-08 05:00:00,22.5,31.75,2.6,7.3,9.2,NA,11.2,0.76,39.8,3.13,5.5,NA,NA,NA,NA,25.13,90.75,0.55,197.5,0.0,0.0,6.25,NA,-0.14
2026-08-08 06:00:00,20.5,29.5,2.6,7.3,9.17,NA,11.28,0.76,39.65,3.2,5.5,NA,NA,NA,NA,25.05,89.5,0.65,196.75,0.0,0.0,12.25,NA,-0.1
2026-08-08 07:00:00,25.5,35.5,2.6,7.3,9.17,NA,11.3,0.76,39.63,3.2,5.5,NA,NA,NA,NA,25.03,89.75,0.63,204.0,0.0,0.0,40.25,NA,-0.1
2026-08-08 08:00:00,35.5,48.0,2.65,7.38,9.28,NA,11.33,0.77,40.28,3.2,5.53,NA,NA,NA,NA,25.43,87.5,0.65,206.25,0.0,0.0,174.5,NA,-0.16
2026-08-08 09:00:00,41.5,55.75,2.7,7.57,9.55,NA,11.77,0.78,41.43,3.27,5.73,NA,NA,NA,NA,26.13,82.75,0.68,202.5,0.0,0.0,297.25,NA,-0.14
2026-08-08 10:00:00,44.75,59.75,2.75,7.73,9.68,NA,11.4,0.79,42.3,3.2,5.6,NA,NA,NA,NA,26.68,78.75,0.65,195.25,0.0,0.0,315.5,NA,-0.13
2026-08-08 11:00:00,41.25,55.75,2.82,7.88,9.9,NA,NA,0.8,43.35,NA,NA,NA,NA,NA,NA,27.33,75.75,0.7,198.5,0.0,0.0,497.75,NA,-0.14
2026-08-08 12:00:00,38.0,51.25,2.9,8.0,10.1,NA,11.28,0.81,44.3,3.18,5.53,NA,NA,NA,NA,27.9,69.5,0.78,203.5,0.0,0.0,559.75,NA,-0.19
2026-08-08 13:00:00,33.5,47.5,2.9,8.08,10.17,NA,11.33,0.81,44.6,3.2,5.53,NA,NA,NA,NA,28.08,67.0,0.68,198.75,0.0,0.0,499.25,NA,-0.17
2026-08-08 14:00:00,32.0,45.5,2.9,8.05,10.15,NA,11.48,0.81,44.55,3.2,5.57,NA,NA,NA,NA,28.05,67.75,0.7,193.25,0.0,0.0,366.5,NA,-0.09
2026-08-08 15:00:00,38.25,53.25,2.9,8.1,10.2,NA,11.57,0.81,44.75,3.2,5.7,NA,NA,NA,NA,28.15,67.0,0.7,197.5,0.0,0.0,360.75,NA,-0.11
2026-08-08 16:00:00,43.75,60.75,2.9,8.1,10.2,NA,11.4,0.81,44.83,3.23,5.58,NA,NA,NA,NA,28.2,66.25,0.68,202.5,0.0,0.0,180.75,NA,-0.2
2026-08-08 17:00:00,51.0,69.75,2.9,8.0,10.08,NA,11.3,0.81,44.2,3.2,5.5,NA,NA,NA,NA,27.83,69.25,0.55,197.25,0.0,0.0,24.5,NA,-0.19
2026-08-08 18:00:00,47.75,66.0,2.8,7.9,9.95,NA,11.35,0.8,43.5,3.2,5.55,NA,NA,NA,NA,27.4,73.0,0.68,197.75,0.0,0.0,6.0,NA,-0.19
2026-08-08 19:00:00,47.75,65.75,2.8,7.8,9.8,NA,11.2,0.79,42.93,3.1,5.5,NA,NA,NA,NA,27.03,76.25,0.65,178.0,0.0,0.0,4.25,NA,-0.09
2026-08-08 20:00:00,46.0,63.25,2.8,7.8,9.8,NA,11.25,0.79,42.73,3.18,5.5,NA,NA,NA,NA,26.95,77.75,0.73,183.5,0.0,0.0,3.5,NA,-0.04
2026-08-08 21:00:00,47.75,65.5,2.8,7.7,9.73,NA,11.3,0.79,42.33,3.2,5.5,NA,NA,NA,NA,26.68,80.5,0.73,191.75,0.0,0.0,4.0,NA,-0.06
2026-08-08 22:00:00,45.75,63.25,2.75,7.7,9.65,NA,11.3,0.79,42.1,3.2,5.5,NA,NA,NA,NA,26.55,82.5,0.63,178.0,0.0,0.0,4.0,NA,-0.05
2026-08-08 23:00:00,52.5,71.5,2.7,7.63,9.6,NA,11.37,0.78,41.85,3.2,5.57,NA,NA,NA,NA,26.38,83.25,0.73,188.25,0.0,0.0,4.0,NA,-0.06
2026-08-09 00:00:00,44.25,61.25,2.7,7.6,9.55,NA,11.4,0.78,41.5,3.2,5.6,NA,NA,NA,NA,26.18,85.0,0.63,187.5,0.0,0.0,4.0,NA,-0.05
2026-08-09 01:00:00,40.25,56.0,2.7,7.5,9.45,NA,11.4,0.78,41.08,3.2,5.6,NA,NA,NA,NA,25.93,86.5,0.73,187.0,0.0,0.0,4.0,NA,-0.04
2026-08-09 02:00:00,28.0,40.5,2.7,7.45,9.38,NA,11.3,0.77,40.68,3.2,5.53,NA,NA,NA,NA,25.68,87.75,0.78,189.0,0.0,0.0,4.0,NA,-0.03
2026-08-09 03:00:00,23.0,33.75,2.7,7.4,9.3,NA,11.2,0.77,40.48,3.13,5.5,NA,NA,NA,NA,25.5,88.25,0.75,189.25,0.0,0.0,4.0,NA,-0.04
2026-08-09 04:00:00,15.5,24.0,2.6,7.4,9.28,NA,11.25,0.77,40.2,3.18,5.5,NA,NA,NA,NA,25.35,89.5,0.68,190.0,0.0,0.0,4.0,NA,-0.04
2026-08-09 05:00:00,18.75,28.5,2.6,7.3,9.2,NA,11.17,0.76,39.85,3.1,5.47,NA,NA,NA,NA,25.15,90.25,0.67,189.25,0.0,0.0,4.0,NA,-0.04
2026-08-09 06:00:00,17.0,26.0,2.63,7.35,9.23,NA,11.33,0.77,39.95,3.18,5.55,NA,NA,NA,NA,25.25,89.25,0.63,193.0,0.0,0.0,45.25,NA,-0.04
2026-08-09 07:00:00,30.75,43.75,2.7,7.48,9.45,NA,11.37,0.78,40.98,3.2,5.57,NA,NA,NA,NA,25.85,85.0,0.67,195.25,0.0,0.0,169.0,NA,-0.16
2026-08-09 08:00:00,28.0,40.5,2.75,7.7,9.65,NA,11.28,0.79,42.1,3.2,5.5,NA,NA,NA,NA,26.55,80.25,0.63,200.25,0.0,0.0,333.75,NA,-0.16
2026-08-09 09:00:00,26.5,38.5,2.8,7.85,9.88,NA,11.33,0.8,43.28,3.17,5.53,NA,NA,NA,NA,27.25,73.5,0.73,192.0,0.0,0.0,401.75,NA,-0.16
2026-08-09 10:00:00,28.25,41.0,2.85,7.95,9.98,NA,11.38,0.8,43.65,3.2,5.55,NA,NA,NA,NA,27.5,73.25,0.7,200.25,0.0,0.0,449.75,NA,-0.11
2026-08-09 11:00:00,36.5,51.0,2.9,8.08,10.17,NA,NA,0.81,44.58,NA,NA,NA,NA,NA,NA,28.05,69.25,0.63,193.25,0.0,0.0,509.0,NA,-0.11
2026-08-09 12:00:00,44.0,60.75,2.9,8.05,10.13,NA,11.3,0.81,44.38,3.2,5.5,NA,NA,NA,NA,27.9,70.5,0.55,196.25,0.0,0.0,318.0,NA,-0.11
2026-08-09 13:00:00,36.5,51.5,2.8,7.83,9.88,NA,11.27,0.8,43.1,3.2,5.5,NA,NA,NA,NA,27.13,75.0,0.6,195.0,0.0,0.0,160.5,NA,-0.12
2026-08-09 14:00:00,33.25,46.75,2.8,7.8,9.8,NA,11.23,0.8,42.88,3.15,5.5,NA,NA,NA,NA,27.0,73.5,0.52,187.5,0.0,0.0,199.25,NA,-0.1
2026-08-09 15:00:00,28.25,40.75,2.9,8.05,10.1,NA,11.23,0.81,44.3,3.17,5.5,NA,NA,NA,NA,27.9,73.0,0.6,191.5,0.0,0.0,344.0,NA,-0.1
2026-08-09 16:00:00,32.75,46.75,2.9,8.05,10.15,NA,11.3,0.81,44.55,3.2,5.5,NA,NA,NA,NA,28.05,70.75,0.6,191.5,0.0,0.0,192.75,NA,-0.09
2026-08-09 17:00:00,41.25,57.5,2.9,8.0,10.08,NA,11.2,0.81,44.15,3.13,5.5,NA,NA,NA,NA,27.8,70.5,0.58,195.0,0.0,0.0,50.0,NA,-0.13
2026-08-09 18:00:00,46.5,64.25,2.8,7.88,9.93,NA,11.3,0.8,43.38,3.2,5.5,NA,NA,NA,NA,27.33,74.5,0.6,193.0,0.0,0.0,9.25,NA,-0.11
2026-08-09 19:00:00,57.0,77.5,2.8,7.8,9.8,NA,11.33,0.79,42.78,3.2,5.5,NA,NA,NA,NA,26.98,76.75,0.7,193.75,0.0,0.0,5.0,NA,-0.11
2026-08-09 20:00:00,65.25,88.0,2.8,7.7,9.73,NA,11.3,0.79,42.38,3.2,5.5,NA,NA,NA,NA,26.7,79.75,0.78,191.5,0.0,0.0,4.25,NA,-0.07
2026-08-09 21:00:00,68.5,92.5,2.75,7.7,9.65,NA,11.23,0.79,42.03,3.2,5.5,NA,NA,NA,NA,26.48,81.5,0.65,183.5,0.0,0.0,3.75,NA,-0.04
2026-08-09 22:00:00,69.75,93.75,2.7,7.6,9.6,NA,11.23,0.78,41.85,3.15,5.5,NA,NA,NA,NA,26.38,82.5,0.6,190.75,0.0,0.0,4.0,NA,-0.07
2026-08-09 23:00:00,61.75,83.75,2.7,7.6,9.58,NA,11.2,0.78,41.65,3.17,5.5,NA,NA,NA,NA,26.28,83.75,0.63,187.75,0.0,0.0,4.0,NA,-0.06
2026-08-10 00:00:00,50.25,68.75,2.7,7.55,9.5,NA,11.38,0.78,41.3,3.2,5.57,NA,NA,NA,NA,26.05,84.5,0.7,195.0,0.0,0.0,4.0,NA,-0.06
2026-08-10 01:00:00,47.5,65.5,2.7,7.5,9.4,NA,11.4,0.77,40.95,3.2,5.6,NA,NA,NA,NA,25.83,86.5,0.6,189.5,0.0,0.0,4.0,NA,-0.06
2026-08-10 02:00:00,33.75,47.5,2.7,7.43,9.35,NA,11.4,0.77,40.63,3.2,5.6,NA,NA,NA,NA,25.63,87.75,0.65,191.25,0.0,0.0,3.75,NA,-0.04
2026-08-10 03:00:00,29.0,41.75,2.7,7.4,9.3,NA,11.37,0.77,40.48,3.2,5.57,NA,NA,NA,NA,25.53,87.75,0.8,192.0,0.0,0.0,3.5,NA,-0.03
2026-08-10 04:00:00,22.5,33.0,2.65,7.4,9.3,NA,11.38,0.77,40.35,3.2,5.57,NA,NA,NA,NA,25.45,88.0,0.7,186.5,0.0,0.0,3.25,NA,-0.02
2026-08-10 05:00:00,23.75,35.0,2.65,7.4,9.3,NA,11.4,0.77,40.35,3.2,5.6,NA,NA,NA,NA,25.45,88.25,0.73,192.0,0.0,0.0,3.25,NA,-0.01
2026-08-10 06:00:00,30.25,43.5,2.65,7.4,9.3,NA,11.48,0.77,40.38,3.2,5.6,NA,NA,NA,NA,25.45,88.5,0.67,190.25,0.0,0.0,40.25,NA,-0.03
2026-08-10 07:00:00,36.0,50.5,2.7,7.5,9.43,NA,11.4,0.78,40.98,3.2,5.6,NA,NA,NA,NA,25.85,86.5,0.78,189.75,0.0,0.0,148.25,NA,-0.03
2026-08-10 08:00:00,41.5,57.25,2.7,7.57,9.5,NA,11.58,0.78,41.38,3.28,5.68,NA,NA,NA,NA,26.08,85.25,0.58,191.5,0.0,0.0,171.5,NA,-0.04
2026-08-10 09:00:00,38.75,54.0,2.7,7.7,9.6,NA,11.73,0.79,41.98,3.3,5.73,NA,NA,NA,NA,26.48,83.25,0.67,202.0,0.0,0.0,194.75,NA,-0.14
2026-08-10 10:00:00,42.5,59.0,2.8,7.7,9.7,NA,11.55,0.79,42.25,3.23,5.68,NA,NA,NA,NA,26.63,82.25,0.65,197.5,0.0,0.0,207.0,NA,-0.1
2026-08-10 11:00:00,40.0,57.5,2.8,7.83,9.88,NA,NA,0.8,43.13,NA,NA,NA,NA,NA,NA,27.18,78.25,0.7,198.25,0.0,0.0,392.25,NA,-0.1
2026-08-10 12:00:00,32.25,51.75,2.9,8.0,10.05,NA,11.35,0.81,44.05,3.2,5.53,NA,NA,NA,NA,27.7,74.25,0.67,197.0,0.0,0.0,357.0,NA,-0.14
2026-08-10 13:00:00,35.5,56.25,2.9,8.03,10.1,NA,11.27,0.81,44.28,3.2,5.5,NA,NA,NA,NA,27.88,73.5,0.65,198.5,0.0,0.0,390.25,NA,-0.19
2026-08-10 14:00:00,31.75,50.25,2.9,8.08,10.17,NA,11.45,0.81,44.68,3.2,5.57,NA,NA,NA,NA,28.13,71.5,0.68,206.25,0.0,0.0,398.25,NA,-0.19
2026-08-10 15:00:00,39.25,60.5,2.82,7.93,9.98,NA,11.57,0.8,43.68,3.2,5.67,NA,NA,NA,NA,27.5,76.75,0.68,205.0,0.0,0.0,245.0,NA,-0.18
2026-08-10 16:00:00,32.0,50.75,2.82,7.78,9.8,NA,11.43,0.8,42.75,3.2,5.6,NA,NA,NA,NA,26.9,81.75,0.63,200.75,0.0,0.0,36.5,NA,-0.18
2026-08-10 17:00:00,21.75,36.75,2.73,7.65,9.6,NA,11.33,0.78,41.83,3.2,5.53,NA,NA,NA,NA,26.38,81.75,0.65,203.5,0.0,0.0,6.0,NA,-0.18
2026-08-10 18:00:00,19.5,33.0,2.7,7.6,9.53,NA,11.48,0.78,41.53,3.2,5.65,NA,NA,NA,NA,26.2,82.75,0.67,194.25,0.0,0.0,6.5,NA,-0.15
2026-08-10 19:00:00,15.5,27.75,2.7,7.6,9.55,NA,11.5,0.78,41.58,3.2,5.63,NA,NA,NA,NA,26.2,84.0,0.68,179.0,0.0,0.0,4.0,NA,-0.07
2026-08-10 20:00:00,23.25,38.5,2.7,7.6,9.6,NA,11.5,0.78,41.6,3.2,5.68,NA,NA,NA,NA,26.28,84.0,0.65,181.75,0.0,0.0,4.0,NA,-0.07
2026-08-10 21:00:00,28.25,46.0,2.7,7.6,9.6,NA,11.53,0.78,41.6,3.23,5.67,NA,NA,NA,NA,26.23,84.0,0.65,189.5,0.0,0.0,4.0,NA,-0.09
2026-08-10 22:00:00,28.0,45.25,2.7,7.6,9.53,NA,11.43,0.78,41.45,3.2,5.63,NA,NA,NA,NA,26.15,85.25,0.7,191.5,0.0,0.0,4.0,NA,-0.09
2026-08-10 23:00:00,22.0,37.0,2.7,7.5,9.5,NA,11.37,0.78,41.2,3.2,5.53,NA,NA,NA,NA,25.98,87.25,0.68,195.5,0.0,0.0,4.0,NA,-0.09
2026-08-11 00:00:00,23.5,38.5,2.7,7.5,9.43,NA,11.4,0.78,41.0,3.2,5.6,NA,NA,NA,NA,25.85,87.75,0.73,191.0,0.0,0.0,4.0,NA,-0.09
2026-08-11 01:00:00,20.0,34.25,2.7,7.5,9.4,NA,11.4,0.77,40.83,3.2,5.6,NA,NA,NA,NA,25.78,88.5,0.8,192.75,0.0,0.0,4.0,NA,-0.08
2026-08-11 02:00:00,16.5,29.5,2.7,7.4,9.35,NA,11.5,0.77,40.58,3.2,5.63,NA,NA,NA,NA,25.6,89.5,0.67,192.0,0.0,0.0,4.0,NA,-0.08
2026-08-11 03:00:00,14.5,26.25,2.7,7.4,9.3,NA,11.67,0.77,40.53,3.3,5.7,NA,NA,NA,NA,25.58,89.0,0.65,192.0,0.0,0.0,4.0,NA,-0.08
2026-08-11 04:00:00,12.75,24.0,2.6,7.35,9.25,NA,11.45,0.77,40.05,3.23,5.63,NA,NA,NA,NA,25.28,89.75,0.58,186.5,0.0,0.0,4.0,NA,-0.08
2026-08-11 05:00:00,5.5,13.25,2.6,7.2,9.1,NA,11.47,0.76,39.32,3.2,5.6,NA,NA,NA,NA,24.8,90.75,0.5,163.5,0.0,0.0,4.25,NA,-0.09
2026-08-11 06:00:00,2.0,6.5,2.65,7.38,9.25,NA,11.4,0.77,40.08,3.2,5.57,NA,NA,NA,NA,25.33,86.25,0.55,182.0,0.0,0.0,96.5,NA,-0.11
2026-08-11 07:00:00,2.0,5.5,2.7,7.6,9.58,NA,11.33,0.78,41.65,3.2,5.5,NA,NA,NA,NA,26.28,78.25,0.7,196.5,0.0,0.0,228.0,NA,-0.11
2026-08-11 08:00:00,2.75,10.0,2.75,7.7,9.68,NA,11.38,0.79,42.23,3.2,5.57,NA,NA,NA,NA,26.63,74.25,0.7,195.0,0.0,0.0,336.25,NA,-0.19
2026-08-11 09:00:00,5.0,13.0,2.8,7.8,9.8,NA,11.43,0.79,42.73,3.2,5.63,NA,NA,NA,NA,26.93,75.25,0.7,206.0,0.0,0.0,432.75,NA,-0.17
2026-08-11 10:00:00,12.5,23.5,2.85,7.98,10.0,NA,11.48,0.8,43.88,3.2,5.6,NA,NA,NA,NA,27.63,74.0,0.55,196.75,0.0,0.0,455.0,NA,-0.17
2026-08-11 11:00:00,21.0,35.25,2.9,8.15,10.25,NA,NA,0.82,45.15,NA,NA,NA,NA,NA,NA,28.43,68.5,0.65,197.25,0.0,0.0,561.25,NA,-0.15
2026-08-11 12:00:00,28.5,45.75,2.95,8.28,10.38,NA,11.45,0.83,45.83,3.2,5.6,NA,NA,NA,NA,28.8,66.25,0.6,202.75,0.0,0.0,567.75,NA,-0.16
2026-08-11 13:00:00,31.75,50.75,3.0,8.35,10.53,NA,11.4,0.84,46.35,3.2,5.57,NA,NA,NA,NA,29.15,63.25,0.58,196.0,0.0,0.0,375.0,NA,-0.17
2026-08-11 14:00:00,26.5,42.75,3.0,8.4,10.6,NA,11.43,0.84,46.65,3.2,5.6,NA,NA,NA,NA,29.33,61.5,0.58,199.0,0.0,0.0,429.0,NA,-0.18
2026-08-11 15:00:00,27.25,43.75,3.0,8.35,10.5,NA,11.5,0.83,46.23,3.2,5.63,NA,NA,NA,NA,29.08,63.5,0.63,195.75,0.0,0.0,210.5,NA,-0.18
2026-08-11 16:00:00,31.5,50.25,2.95,8.25,10.35,NA,11.58,0.82,45.5,3.28,5.68,NA,NA,NA,NA,28.65,66.75,0.6,193.5,0.0,0.0,70.5,NA,-0.19
2026-08-11 17:00:00,44.5,68.25,2.98,8.25,10.38,NA,11.67,0.82,45.63,3.3,5.7,NA,NA,NA,NA,28.7,65.5,0.6,198.0,0.0,0.0,49.5,NA,-0.2
2026-08-11 18:00:00,38.25,59.75,2.9,8.13,10.23,NA,11.7,0.82,44.9,3.3,5.7,NA,NA,NA,NA,28.28,67.5,0.5,196.75,0.0,0.0,5.75,NA,-0.17
2026-08-11 19:00:00,34.5,54.5,2.9,8.08,10.13,NA,11.6,0.81,44.5,3.27,5.7,NA,NA,NA,NA,28.0,69.75,0.65,181.5,0.0,0.0,4.25,NA,-0.08
2026-08-11 20:00:00,40.75,63.25,2.9,8.0,10.08,NA,11.6,0.81,44.18,3.25,5.7,NA,NA,NA,NA,27.8,72.25,0.67,191.0,0.0,0.0,4.0,NA,-0.06
2026-08-11 21:00:00,40.75,62.75,2.82,7.93,10.0,NA,11.5,0.8,43.73,3.2,5.6,NA,NA,NA,NA,27.55,74.75,0.67,174.75,0.0,0.0,4.0,NA,-0.07
2026-08-11 22:00:00,34.5,54.0,2.8,7.9,9.93,NA,11.6,0.8,43.5,3.28,5.7,NA,NA,NA,NA,27.4,75.5,0.58,182.0,0.0,0.0,4.0,NA,-0.08
2026-08-11 23:00:00,30.25,48.5,2.8,7.9,9.9,NA,11.6,0.8,43.33,3.3,5.7,NA,NA,NA,NA,27.28,75.5,0.63,188.5,0.0,0.0,4.5,NA,-0.11
2026-08-12 00:00:00,21.0,35.0,2.8,7.8,9.83,NA,11.48,0.8,42.95,3.23,5.63,NA,NA,NA,NA,27.08,78.25,0.67,201.75,0.0,0.0,4.25,NA,-0.1
2026-08-12 01:00:00,17.25,30.0,2.8,7.75,9.75,NA,11.4,0.79,42.53,3.2,5.6,NA,NA,NA,NA,26.78,81.5,0.65,197.0,0.0,0.0,4.0,NA,-0.07
2026-08-12 02:00:00,18.5,32.25,2.78,7.68,9.67,NA,11.45,0.79,42.1,3.2,5.6,NA,NA,NA,NA,26.55,83.0,0.65,201.75,0.0,0.0,4.0,NA,-0.08
2026-08-12 03:00:00,18.75,32.5,2.7,7.53,9.43,NA,11.57,0.77,40.98,3.23,5.7,NA,NA,NA,NA,25.85,83.25,0.58,239.25,0.0,0.0,4.25,NA,-0.08
2026-08-12 04:00:00,11.0,21.75,2.7,7.48,9.4,NA,11.58,0.77,40.83,3.25,5.7,NA,NA,NA,NA,25.75,80.25,0.8,257.0,0.0,0.0,5.25,NA,-0.14
2026-08-12 05:00:00,5.5,13.75,2.7,7.45,9.38,NA,11.6,0.77,40.68,3.3,5.7,NA,NA,NA,NA,25.68,80.5,0.7,245.75,0.0,0.0,5.75,NA,-0.16
2026-08-12 06:00:00,164.25,236.0,2.7,7.5,9.45,NA,11.53,0.78,41.03,3.23,5.68,NA,NA,NA,NA,25.88,79.75,0.7,262.0,0.0,0.0,47.25,NA,-0.19
2026-08-12 07:00:00,59.5,89.0,2.82,7.85,9.85,NA,11.5,0.8,43.15,3.2,5.63,NA,NA,NA,NA,27.18,73.0,0.55,256.5,0.0,0.0,179.25,NA,-0.19
2026-08-12 08:00:00,26.75,43.25,2.9,8.1,10.2,NA,11.45,0.81,44.73,3.2,5.6,NA,NA,NA,NA,28.15,67.25,0.6,228.5,0.0,0.0,322.5,NA,-0.2
2026-08-12 09:00:00,26.75,43.5,3.0,8.45,10.63,NA,11.43,0.85,46.88,3.2,5.6,NA,NA,NA,NA,29.48,59.75,0.5,240.0,0.0,0.0,447.25,NA,-0.17
2026-08-12 10:00:00,38.5,60.25,3.1,8.58,10.78,NA,11.53,0.85,47.55,3.2,5.7,NA,NA,NA,NA,29.9,57.5,0.38,163.75,0.0,0.0,359.0,NA,-0.19
2026-08-12 11:00:00,41.0,63.5,3.1,8.63,10.83,NA,11.47,0.86,47.97,3.2,5.6,NA,NA,NA,NA,30.15,56.5,0.58,234.5,0.0,0.0,297.25,NA,-0.15
2026-08-12 12:00:00,32.0,51.25,3.05,8.55,10.73,NA,11.55,0.85,47.43,3.2,5.7,NA,NA,NA,NA,29.8,57.5,0.65,208.25,0.0,0.0,272.25,NA,-0.11
2026-08-12 13:00:00,34.75,54.25,3.08,8.58,10.78,NA,11.5,0.85,47.68,3.2,5.63,NA,NA,NA,NA,29.98,57.25,0.55,214.0,0.0,0.0,588.75,NA,-0.13
2026-08-12 14:00:00,38.0,59.25,3.08,8.58,10.78,NA,11.6,0.85,47.6,3.28,5.68,NA,NA,NA,NA,29.93,56.75,0.6,211.75,0.0,0.0,450.25,NA,-0.17
2026-08-12 15:00:00,32.75,52.25,3.1,8.63,10.85,NA,11.7,0.86,48.05,3.3,5.7,NA,NA,NA,NA,30.2,55.0,0.5,213.75,0.0,0.0,398.75,NA,-0.18
2026-08-12 16:00:00,27.0,44.25,3.1,8.58,10.78,NA,11.75,0.85,47.65,3.3,5.73,NA,NA,NA,NA,29.98,56.25,0.65,205.25,0.0,0.0,176.25,NA,-0.16
2026-08-12 17:00:00,28.5,46.0,3.0,8.4,10.58,NA,11.77,0.84,46.63,3.3,5.77,NA,NA,NA,NA,29.33,59.75,0.65,209.0,0.0,0.0,32.25,NA,-0.19
2026-08-12 18:00:00,27.75,44.75,2.98,8.25,10.38,NA,11.73,0.83,45.7,3.3,5.73,NA,NA,NA,NA,28.78,63.5,0.65,210.0,0.0,0.0,5.25,NA,-0.15
2026-08-12 19:00:00,24.5,40.75,2.9,8.2,10.3,NA,11.53,0.82,45.23,3.23,5.67,NA,NA,NA,NA,28.48,66.75,0.55,206.0,0.0,0.0,4.0,NA,-0.05
2026-08-12 20:00:00,30.0,48.5,2.9,8.1,10.2,NA,11.63,0.82,44.88,3.28,5.7,NA,NA,NA,NA,28.25,70.5,0.73,201.25,0.0,0.0,4.0,NA,-0.05
2026-08-12 21:00:00,43.75,67.25,2.88,7.98,10.03,NA,11.7,0.8,43.88,3.3,5.7,NA,NA,NA,NA,27.68,80.5,0.6,144.75,0.0,0.0,4.0,NA,-0.06
2026-08-12 22:00:00,49.0,74.75,2.85,7.98,10.0,NA,11.58,0.8,43.78,3.25,5.65,NA,NA,NA,NA,27.58,79.75,0.78,197.0,0.0,0.0,4.0,NA,-0.07
2026-08-12 23:00:00,51.0,77.25,2.8,7.9,9.9,NA,11.5,0.8,43.4,3.2,5.6,NA,NA,NA,NA,27.35,81.5,0.75,208.5,0.0,0.0,5.25,NA,-0.14
2026-08-13 00:00:00,31.5,50.0,2.8,7.85,9.85,NA,11.7,0.8,43.13,3.28,5.73,NA,NA,NA,NA,27.15,82.0,0.73,195.0,0.0,0.0,5.0,NA,-0.12
2026-08-13 01:00:00,25.75,42.0,2.8,7.8,9.8,NA,11.8,0.79,42.8,3.3,5.8,NA,NA,NA,NA,27.0,82.25,0.7,214.25,0.0,0.0,5.0,NA,-0.13
2026-08-13 02:00:00,22.25,37.25,2.8,7.75,9.75,NA,11.73,0.79,42.58,3.3,5.73,NA,NA,NA,NA,26.83,83.75,0.73,223.25,0.0,0.0,4.0,NA,-0.1
2026-08-13 03:00:00,23.5,38.5,2.8,7.73,9.73,NA,11.7,0.79,42.48,3.3,5.7,NA,NA,NA,NA,26.75,83.0,0.8,198.0,0.0,0.0,4.75,NA,-0.12
2026-08-13 04:00:00,24.5,40.5,2.8,7.8,9.8,NA,11.7,0.79,42.68,3.3,5.7,NA,NA,NA,NA,26.9,81.5,0.8,196.5,0.0,0.0,4.25,NA,-0.1
2026-08-13 05:00:00,24.0,40.0,2.8,7.7,9.73,NA,11.67,0.79,42.4,3.3,5.7,NA,NA,NA,NA,26.68,84.0,0.8,197.25,0.0,0.0,4.75,NA,-0.11
2026-08-13 06:00:00,35.0,55.0,2.82,7.85,9.88,NA,11.75,0.8,43.22,3.3,5.75,NA,NA,NA,NA,27.2,80.75,0.8,197.5,0.0,0.0,44.5,NA,-0.11
2026-08-13 07:00:00,28.0,45.0,2.93,8.2,10.3,NA,11.75,0.82,45.4,3.3,5.75,NA,NA,NA,NA,28.57,71.67,0.57,211.0,0.0,0.0,191.33,NA,-0.16
2026-08-13 08:00:00,35.25,55.25,3.0,8.38,10.53,NA,11.7,0.84,46.5,3.3,5.7,NA,NA,NA,NA,29.23,68.0,0.55,241.25,0.0,0.0,297.0,NA,-0.2
2026-08-13 09:00:00,37.0,57.75,3.0,8.33,10.5,NA,11.63,0.84,46.25,3.27,5.7,NA,NA,NA,NA,29.1,66.75,0.58,223.0,0.0,0.0,298.0,NA,-0.19
2026-08-13 10:00:00,35.0,55.0,3.05,8.48,10.65,NA,11.8,0.85,47.08,3.28,5.78,NA,NA,NA,NA,29.63,63.5,0.53,230.25,0.0,0.0,433.75,NA,-0.17
2026-08-13 11:00:00,35.75,56.25,3.1,8.7,10.95,NA,11.9,0.86,48.5,3.3,5.8,NA,NA,NA,NA,30.48,57.25,0.5,221.25,0.0,0.0,434.25,NA,-0.16
2026-08-13 12:00:00,33.0,52.25,3.13,8.8,11.08,NA,11.75,0.87,49.13,3.3,5.75,NA,NA,NA,NA,30.83,52.25,0.45,228.25,0.0,0.0,579.25,NA,-0.13
2026-08-13 13:00:00,27.5,44.5,3.18,8.88,11.18,NA,11.6,0.87,49.55,3.3,5.7,NA,NA,NA,NA,31.1,51.75,0.55,224.25,0.0,0.0,298.25,NA,-0.16
2026-08-13 14:00:00,27.5,44.5,3.03,8.45,10.65,NA,11.67,0.85,46.95,3.3,5.7,NA,NA,NA,NA,29.55,60.25,0.48,233.5,0.0,0.0,58.75,NA,-0.15
2026-08-13 15:00:00,38.75,60.25,3.0,8.4,10.6,NA,11.73,0.84,46.78,3.3,5.73,NA,NA,NA,NA,29.42,61.75,0.48,204.75,0.0,0.0,56.5,NA,-0.16
2026-08-13 16:00:00,42.0,64.75,3.0,8.33,10.5,NA,11.6,0.84,46.23,3.3,5.7,NA,NA,NA,NA,29.08,63.75,0.55,215.0,0.0,0.0,15.5,NA,-0.16
2026-08-13 17:00:00,39.0,60.5,2.9,8.15,10.25,NA,11.57,0.82,44.98,3.27,5.67,NA,NA,NA,NA,28.35,73.75,0.52,196.5,0.0,0.0,6.75,NA,-0.18
2026-08-13 18:00:00,49.25,74.75,2.9,8.03,10.13,NA,11.73,0.81,44.33,3.3,5.75,NA,NA,NA,NA,27.88,75.75,0.58,196.0,0.0,0.0,5.25,NA,-0.14
2026-08-13 19:00:00,49.75,75.75,2.85,7.98,10.03,NA,11.6,0.81,43.88,3.3,5.7,NA,NA,NA,NA,27.63,75.5,0.63,209.25,0.0,0.0,4.0,NA,-0.06
2026-08-13 20:00:00,38.75,60.5,2.82,7.93,9.95,NA,11.7,0.8,43.58,3.3,5.7,NA,NA,NA,NA,27.45,72.5,0.63,178.5,0.0,0.0,4.0,NA,-0.06
2026-08-13 21:00:00,47.5,72.5,2.8,7.93,9.95,NA,11.7,0.8,43.5,3.3,5.7,NA,NA,NA,NA,27.4,78.25,0.6,201.75,0.0,0.0,4.25,NA,-0.08
2026-08-13 22:00:00,47.25,72.25,2.8,7.78,9.8,NA,11.63,0.79,42.63,3.3,5.7,NA,NA,NA,NA,26.88,85.75,0.58,201.25,0.0,0.0,5.0,NA,-0.13
2026-08-13 23:00:00,43.5,66.75,2.8,7.7,9.7,NA,11.63,0.79,42.35,3.3,5.7,NA,NA,NA,NA,26.68,87.75,0.6,193.25,0.0,0.0,4.75,NA,-0.12
2026-08-14 00:00:00,37.25,57.75,2.78,7.7,9.73,NA,11.67,0.79,42.28,3.3,5.7,NA,NA,NA,NA,26.63,86.75,0.7,220.0,0.0,0.0,5.0,NA,-0.14
2026-08-14 01:00:00,30.0,48.0,2.7,7.53,9.48,NA,11.6,0.78,41.15,3.3,5.7,NA,NA,NA,NA,25.95,90.0,0.63,204.75,0.0,0.0,5.25,NA,-0.15
2026-08-14 02:00:00,25.5,41.5,2.55,7.13,9.0,NA,11.58,0.75,38.8,3.28,5.7,NA,NA,NA,NA,24.5,95.33,0.73,206.25,0.0,0.0,5.75,NA,-0.17
2026-08-14 03:00:00,16.0,11.5,2.45,6.85,8.65,NA,11.5,0.73,37.08,3.2,5.67,NA,NA,NA,NA,23.45,NA,0.73,196.0,0.0,0.0,5.5,NA,-0.16
2026-08-14 04:00:00,NA,2.0,2.4,6.8,8.6,NA,11.58,0.72,36.8,3.28,5.68,NA,NA,NA,NA,23.25,NA,0.65,202.25,0.0,0.0,6.0,NA,-0.18
2026-08-14 05:00:00,NA,NA,2.45,6.83,8.63,NA,11.7,0.72,36.88,3.3,5.7,NA,NA,NA,NA,23.33,NA,0.63,191.0,0.0,0.0,5.5,NA,-0.17
2026-08-14 06:00:00,NA,2.0,2.5,6.93,8.73,NA,11.65,0.73,37.48,3.3,5.73,NA,NA,NA,NA,23.68,NA,0.53,215.75,0.0,0.0,27.0,NA,-0.18
2026-08-14 07:00:00,NA,1.5,2.5,7.03,8.88,NA,11.83,0.74,38.18,3.3,5.78,NA,NA,NA,NA,24.13,97.0,0.67,218.5,0.0,0.0,57.5,NA,-0.18
2026-08-14 08:00:00,4.0,6.25,2.55,7.15,9.0,NA,11.75,0.75,38.83,3.3,5.75,NA,NA,NA,NA,24.53,93.0,0.65,201.25,0.0,0.0,108.5,NA,-0.2
2026-08-14 09:00:00,8.25,10.75,2.65,7.43,9.35,NA,11.6,0.77,40.55,3.3,5.7,NA,NA,NA,NA,25.6,88.0,0.58,167.5,0.0,0.0,201.25,NA,-0.17
2026-08-14 10:00:00,15.0,18.0,2.7,7.6,9.6,NA,8.8,0.78,41.9,2.5,4.3,NA,NA,NA,NA,26.4,84.0,0.6,197.0,0.0,0.0,225.0,NA,-0.21
2026-08-14 11:00:00,NA,NA,NA,NA,NA,NA,NA,NA,NA,NA,NA,NA,NA,NA,NA,NA,NA,NA,NA,NA,NA,NA,NA,NA
2026-08-14 12:00:00,NA,NA,NA,NA,NA,NA,NA,NA,NA,NA,NA,NA,NA,NA,NA,NA,NA,NA,NA,NA,NA,NA,NA,NA
2026-08-14 13:00:00,NA,NA,NA,NA,NA,NA,NA,NA,NA,NA,NA,NA,NA,NA,NA,NA,NA,NA,NA,NA,NA,NA,NA,NA
2026-08-14 14:00:00,NA,NA,NA,NA,NA,NA,NA,NA,NA,NA,NA,NA,NA,NA,NA,NA,NA,NA,NA,NA,NA,NA,NA,NA
2026-08-14 15:00:00,NA,NA,NA,NA,NA,NA,NA,NA,NA,NA,NA,NA,NA,NA,NA,NA,NA,NA,NA,NA,NA,NA,NA,NA
2026-08-14 16:00:00,NA,NA,NA,NA,NA,NA,NA,NA,NA,NA,NA,NA,NA,NA,NA,NA,NA,NA,NA,NA,NA,NA,NA,NA
2026-08-14 17:00:00,NA,NA,NA,NA,NA,NA,NA,NA,NA,NA,NA,NA,NA,NA,NA,NA,NA,NA,NA,NA,NA,NA,NA,NA
2026-08-14 18:00:00,NA,NA,NA,NA,NA,NA,NA,NA,NA,NA,NA,NA,NA,NA,NA,NA,NA,NA,NA,NA,NA,NA,NA,NA
2026-08-14 19:00:00,NA,NA,NA,NA,NA,NA,NA,NA,NA,NA,NA,NA,NA,NA,NA,NA,NA,NA,NA,NA,NA,NA,NA,NA
2026-08-14 20:00:00,NA,NA,NA,NA,NA,NA,NA,NA,NA,NA,NA,NA,NA,NA,NA,NA,NA,NA,NA,NA,NA,NA,NA,NA
2026-08-14 21:00:00,NA,NA,NA,NA,NA,NA,NA,NA,NA,NA,NA,NA,NA,NA,NA,NA,NA,NA,NA,NA,NA,NA,NA,NA
2026-08-14 22:00:00,NA,NA,NA,NA,NA,NA,NA,NA,NA,NA,NA,NA,NA,NA,NA,NA,NA,NA,NA,NA,NA,NA,NA,NA
2026-08-14 23:00:00,NA,NA,NA,NA,NA,NA,NA,NA,NA,NA,NA,NA,NA,NA,NA,NA,NA,NA,NA,NA,NA,NA,NA,NA
2026-08-15 00:00:00,NA,NA,NA,NA,NA,NA,NA,NA,NA,NA,NA,NA,NA,NA,NA,NA,NA,NA,NA,NA,NA,NA,NA,NA
2026-08-15 01:00:00,NA,NA,NA,NA,NA,NA,NA,NA,NA,NA,NA,NA,NA,NA,NA,NA,NA,NA,NA,NA,NA,NA,NA,NA
2026-08-15 02:00:00,NA,NA,NA,NA,NA,NA,NA,NA,NA,NA,NA,NA,NA,NA,NA,NA,NA,NA,NA,NA,NA,NA,NA,NA
2026-08-15 03:00:00,NA,NA,NA,NA,NA,NA,NA,NA,NA,NA,NA,NA,NA,NA,NA,NA,NA,NA,NA,NA,NA,NA,NA,NA
2026-08-15 04:00:00,NA,NA,NA,NA,NA,NA,NA,NA,NA,NA,NA,NA,NA,NA,NA,NA,NA,NA,NA,NA,NA,NA,NA,NA
2026-08-15 05:00:00,NA,NA,NA,NA,NA,NA,NA,NA,NA,NA,NA,NA,NA,NA,NA,NA,NA,NA,NA,NA,NA,NA,NA,NA
2026-08-15 06:00:00,NA,NA,NA,NA,NA,NA,NA,NA,NA,NA,NA,NA,NA,NA,NA,NA,NA,NA,NA,NA,NA,NA,NA,NA
2026-08-15 07:00:00,NA,NA,NA,NA,NA,NA,NA,NA,NA,NA,NA,NA,NA,NA,NA,NA,NA,NA,NA,NA,NA,NA,NA,NA
2026-08-15 08:00:00,NA,NA,NA,NA,NA,NA,NA,NA,NA,NA,NA,NA,NA,NA,NA,NA,NA,NA,NA,NA,NA,NA,NA,NA
2026-08-15 09:00:00,NA,NA,NA,NA,NA,NA,NA,NA,NA,NA,NA,NA,NA,NA,NA,NA,NA,NA,NA,NA,NA,NA,NA,NA
2026-08-15 10:00:00,NA,NA,NA,NA,NA,NA,NA,NA,NA,NA,NA,NA,NA,NA,NA,NA,NA,NA,NA,NA,NA,NA,NA,NA
2026-08-15 11:00:00,NA,NA,NA,NA,NA,NA,NA,NA,NA,NA,NA,NA,NA,NA,NA,NA,NA,NA,NA,NA,NA,NA,NA,NA
2026-08-15 12:00:00,NA,NA,NA,NA,NA,NA,NA,NA,NA,NA,NA,NA,NA,NA,NA,NA,NA,NA,NA,NA,NA,NA,NA,NA
2026-08-15 13:00:00,NA,NA,NA,NA,NA,NA,NA,NA,NA,NA,NA,NA,NA,NA,NA,NA,NA,NA,NA,NA,NA,NA,NA,NA
2026-08-15 14:00:00,NA,NA,NA,NA,NA,NA,NA,NA,NA,NA,NA,NA,NA,NA,NA,NA,NA,NA,NA,NA,NA,NA,NA,NA
2026-08-15 15:00:00,NA,NA,NA,NA,NA,NA,NA,NA,NA,NA,NA,NA,NA,NA,NA,NA,NA,NA,NA,NA,NA,NA,NA,NA
2026-08-15 16:00:00,NA,NA,NA,NA,NA,NA,NA,NA,NA,NA,NA,NA,NA,NA,NA,NA,NA,NA,NA,NA,NA,NA,NA,NA
2026-08-15 17:00:00,NA,NA,NA,NA,NA,NA,NA,NA,NA,NA,NA,NA,NA,NA,NA,NA,NA,NA,NA,NA,NA,NA,NA,NA
2026-08-15 18:00:00,NA,NA,NA,NA,NA,NA,NA,NA,NA,NA,NA,NA,NA,NA,NA,NA,NA,NA,NA,NA,NA,NA,NA,NA
2026-08-15 19:00:00,NA,NA,NA,NA,NA,NA,NA,NA,NA,NA,NA,NA,NA,NA,NA,NA,NA,NA,NA,NA,NA,NA,NA,NA
2026-08-15 20:00:00,NA,NA,NA,NA,NA,NA,NA,NA,NA,NA,NA,NA,NA,NA,NA,NA,NA,NA,NA,NA,NA,NA,NA,NA
2026-08-15 21:00:00,NA,NA,NA,NA,NA,NA,NA,NA,NA,NA,NA,NA,NA,NA,NA,NA,NA,NA,NA,NA,NA,NA,NA,NA
2026-08-15 22:00:00,NA,NA,NA,NA,NA,NA,NA,NA,NA,NA,NA,NA,NA,NA,NA,NA,NA,NA,NA,NA,NA,NA,NA,NA
2026-08-15 23:00:00,NA,NA,NA,NA,NA,NA,NA,NA,NA,NA,NA,NA,NA,NA,NA,NA,NA,NA,NA,NA,NA,NA,NA,NA
2026-08-16 00:00:00,NA,NA,NA,NA,NA,NA,NA,NA,NA,NA,NA,NA,NA,NA,NA,NA,NA,NA,NA,NA,NA,NA,NA,NA
2026-08-16 01:00:00,NA,NA,NA,NA,NA,NA,NA,NA,NA,NA,NA,NA,NA,NA,NA,NA,NA,NA,NA,NA,NA,NA,NA,NA
2026-08-16 02:00:00,NA,NA,NA,NA,NA,NA,NA,NA,NA,NA,NA,NA,NA,NA,NA,NA,NA,NA,NA,NA,NA,NA,NA,NA
2026-08-16 03:00:00,NA,NA,NA,NA,NA,NA,NA,NA,NA,NA,NA,NA,NA,NA,NA,NA,NA,NA,NA,NA,NA,NA,NA,NA
2026-08-16 04:00:00,NA,NA,NA,NA,NA,NA,NA,NA,NA,NA,NA,NA,NA,NA,NA,NA,NA,NA,NA,NA,NA,NA,NA,NA
2026-08-16 05:00:00,NA,NA,NA,NA,NA,NA,NA,NA,NA,NA,NA,NA,NA,NA,NA,NA,NA,NA,NA,NA,NA,NA,NA,NA
2026-08-16 06:00:00,NA,NA,NA,NA,NA,NA,NA,NA,NA,NA,NA,NA,NA,NA,NA,NA,NA,NA,NA,NA,NA,NA,NA,NA
2026-08-16 07:00:00,NA,NA,NA,NA,NA,NA,NA,NA,NA,NA,NA,NA,NA,NA,NA,NA,NA,NA,NA,NA,NA,NA,NA,NA
2026-08-16 08:00:00,NA,NA,NA,NA,NA,NA,NA,NA,NA,NA,NA,NA,NA,NA,NA,NA,NA,NA,NA,NA,NA,NA,NA,NA
2026-08-16 09:00:00,NA,NA,NA,NA,NA,NA,NA,NA,NA,NA,NA,NA,NA,NA,NA,NA,NA,NA,NA,NA,NA,NA,NA,NA
2026-08-16 10:00:00,NA,NA,NA,NA,NA,NA,NA,NA,NA,NA,NA,NA,NA,NA,NA,NA,NA,NA,NA,NA,NA,NA,NA,NA
2026-08-16 11:00:00,NA,NA,NA,NA,NA,NA,NA,NA,NA,NA,NA,NA,NA,NA,NA,NA,NA,NA,NA,NA,NA,NA,NA,NA
2026-08-16 12:00:00,NA,NA,NA,NA,NA,NA,NA,NA,NA,NA,NA,NA,NA,NA,NA,NA,NA,NA,NA,NA,NA,NA,NA,NA
2026-08-16 13:00:00,NA,NA,NA,NA,NA,NA,NA,NA,NA,NA,NA,NA,NA,NA,NA,NA,NA,NA,NA,NA,NA,NA,NA,NA
2026-08-16 14:00:00,NA,NA,NA,NA,NA,NA,NA,NA,NA,NA,NA,NA,NA,NA,NA,NA,NA,NA,NA,NA,NA,NA,NA,NA
2026-08-16 15:00:00,NA,NA,NA,NA,NA,NA,NA,NA,NA,NA,NA,NA,NA,NA,NA,NA,NA,NA,NA,NA,NA,NA,NA,NA
2026-08-16 16:00:00,38.33,44.0,2.8,7.77,9.77,NA,8.83,0.79,42.67,2.5,4.3,NA,NA,NA,NA,26.9,80.33,0.67,213.33,0.0,0.0,79.33,NA,-0.18
2026-08-16 17:00:00,28.25,33.0,2.75,7.65,9.65,NA,8.97,0.79,41.93,2.5,4.4,NA,NA,NA,NA,26.45,84.5,0.65,216.25,0.0,0.0,10.75,NA,-0.16
2026-08-16 18:00:00,22.5,26.5,2.7,7.57,9.5,NA,8.93,0.78,41.32,2.5,4.35,NA,NA,NA,NA,26.08,85.75,0.68,214.75,0.0,0.0,5.5,NA,-0.15
2026-08-16 19:00:00,29.75,35.0,2.7,7.55,9.5,NA,8.9,0.78,41.25,2.5,4.37,NA,NA,NA,NA,26.03,86.25,0.53,227.25,0.0,0.0,5.25,NA,-0.15
2026-08-16 20:00:00,34.25,40.0,2.7,7.5,9.45,NA,8.85,0.78,41.03,2.5,4.33,NA,NA,NA,NA,25.85,87.25,0.63,203.75,0.0,0.0,5.25,NA,-0.13
2026-08-16 21:00:00,36.75,42.5,2.68,7.4,9.33,NA,8.7,0.77,40.45,2.43,4.27,NA,NA,NA,NA,25.5,87.75,0.73,220.25,0.0,0.0,5.25,NA,-0.15
2026-08-16 22:00:00,24.25,28.5,2.6,7.4,9.3,NA,8.75,0.77,40.28,2.48,4.28,NA,NA,NA,NA,25.4,88.25,0.8,227.75,0.0,0.0,5.75,NA,-0.18
2026-08-16 23:00:00,23.5,27.75,2.6,7.4,9.3,NA,8.93,0.77,40.13,2.5,4.37,NA,NA,NA,NA,25.3,89.5,0.8,238.25,0.0,0.0,5.5,NA,-0.15
2026-08-17 00:00:00,30.25,35.0,2.6,7.4,9.28,NA,8.88,0.77,40.15,2.5,4.33,NA,NA,NA,NA,25.3,90.0,0.78,215.25,0.0,0.0,5.0,NA,-0.12
2026-08-17 01:00:00,50.75,58.25,2.6,7.38,9.25,NA,8.9,0.77,40.0,2.5,4.37,NA,NA,NA,NA,25.25,91.25,0.6,246.25,0.0,0.0,5.5,NA,-0.14
2026-08-17 02:00:00,29.5,34.25,2.6,7.3,9.2,NA,8.77,0.76,39.78,2.45,4.3,NA,NA,NA,NA,25.1,91.5,0.8,199.5,0.0,0.0,5.25,NA,-0.14
2026-08-17 03:00:00,13.5,16.75,2.6,7.3,9.2,NA,8.7,0.76,39.82,2.4,4.3,NA,NA,NA,NA,25.13,91.0,0.8,198.0,0.0,0.0,4.75,NA,-0.12
2026-08-17 04:00:00,20.75,24.75,2.6,7.3,9.2,NA,8.78,0.76,39.78,2.5,4.3,NA,NA,NA,NA,25.1,91.25,0.83,198.5,0.0,0.0,4.5,NA,-0.11
2026-08-17 05:00:00,23.25,27.5,2.58,7.2,9.05,NA,8.87,0.75,39.08,2.5,4.37,NA,NA,NA,NA,24.65,92.25,0.63,215.75,0.0,0.0,4.75,NA,-0.12
2026-08-17 06:00:00,12.75,15.75,2.43,6.8,8.55,NA,8.88,0.72,36.6,2.5,4.35,NA,NA,NA,NA,23.18,NA,0.63,212.0,0.0,0.0,5.25,NA,-0.14
2026-08-17 07:00:00,3.5,5.5,2.4,6.8,8.55,NA,8.8,0.72,36.55,2.5,4.3,NA,NA,NA,NA,23.1,NA,0.63,263.75,0.0,0.0,4.25,NA,-0.11
2026-08-17 08:00:00,8.75,11.25,2.4,6.8,8.6,NA,8.93,0.72,36.75,2.5,4.38,NA,NA,NA,NA,23.2,NA,0.5,273.5,0.0,0.0,5.5,NA,-0.14
2026-08-17 09:00:00,13.75,16.75,2.4,6.8,8.6,NA,9.03,0.72,36.8,2.53,4.4,NA,NA,NA,NA,23.3,NA,0.4,245.75,0.0,0.0,9.5,NA,-0.18
2026-08-17 10:00:00,17.75,21.25,2.48,6.88,8.65,NA,8.8,0.73,37.03,2.45,4.33,NA,NA,NA,NA,23.4,NA,0.5,237.25,0.0,0.0,84.75,NA,-0.19
2026-08-17 11:00:00,18.75,22.75,2.5,6.9,8.7,NA,8.8,0.73,37.25,2.5,4.3,NA,NA,NA,NA,23.55,NA,0.6,212.0,0.0,0.0,21.0,NA,-0.19
2026-08-17 12:00:00,20.0,24.0,2.5,6.98,8.78,NA,8.83,0.73,37.63,2.48,4.33,NA,NA,NA,NA,23.78,98.5,0.68,216.75,0.0,0.0,51.0,NA,-0.19
2026-08-17 13:00:00,8.0,10.25,2.5,7.0,8.8,NA,8.97,0.73,37.65,2.5,4.4,NA,NA,NA,NA,23.83,98.33,0.7,211.0,0.0,0.0,61.5,NA,-0.2
2026-08-17 14:00:00,10.0,13.0,2.5,7.03,8.85,NA,8.85,0.74,38.05,2.5,4.33,NA,NA,NA,NA,24.05,97.33,0.6,219.25,0.0,0.0,102.75,NA,-0.2
2026-08-17 15:00:00,8.5,11.25,2.6,7.1,9.0,NA,8.73,0.74,38.75,2.43,4.3,NA,NA,NA,NA,24.48,93.25,0.68,212.0,0.0,0.0,73.5,NA,-0.11
2026-08-17 16:00:00,11.5,14.5,2.6,7.18,9.0,NA,8.8,0.74,38.85,2.5,4.3,NA,NA,NA,NA,24.5,92.5,0.65,221.0,0.0,0.0,52.5,NA,-0.19
2026-08-17 17:00:00,14.25,17.5,2.6,7.13,9.0,NA,8.73,0.74,38.8,2.5,4.3,NA,NA,NA,NA,24.5,92.5,0.75,215.0,0.0,0.0,18.0,NA,-0.2
2026-08-17 18:00:00,17.75,21.5,2.6,7.1,9.0,NA,8.8,0.74,38.7,2.5,4.3,NA,NA,NA,NA,24.45,94.75,0.8,206.5,0.0,0.0,5.25,NA,-0.14
2026-08-17 19:00:00,23.25,27.5,2.58,7.1,9.0,NA,8.8,0.74,38.68,2.5,4.3,NA,NA,NA,NA,24.4,96.0,0.9,197.0,0.0,0.0,4.0,NA,-0.1
2026-08-17 20:00:00,35.5,41.25,2.55,7.1,9.0,NA,8.83,0.74,38.65,2.5,4.3,NA,NA,NA,NA,24.4,95.75,0.83,196.0,0.0,0.0,4.0,NA,-0.1
2026-08-17 21:00:00,35.0,41.0,2.6,7.1,9.0,NA,8.8,0.74,38.7,2.5,4.3,NA,NA,NA,NA,24.42,95.75,0.8,197.0,0.0,0.0,4.25,NA,-0.11
2026-08-17 22:00:00,48.5,55.5,2.53,7.1,8.95,NA,8.63,0.74,38.63,2.43,4.23,NA,NA,NA,NA,24.38,96.0,0.8,197.5,0.0,0.0,4.5,NA,-0.12
2026-08-17 23:00:00,52.5,59.75,2.5,7.1,8.9,NA,8.6,0.74,38.5,2.4,4.2,NA,NA,NA,NA,24.3,96.0,0.8,197.5,0.0,0.0,5.0,NA,-0.11
2026-08-18 00:00:00,42.5,48.75,2.5,7.1,8.9,NA,8.65,0.74,38.45,2.43,4.25,NA,NA,NA,NA,24.3,96.0,0.8,198.5,0.0,0.0,5.0,NA,-0.12
2026-08-18 01:00:00,40.25,46.25,2.5,7.1,8.9,NA,8.8,0.74,38.5,2.5,4.3,NA,NA,NA,NA,24.3,96.0,0.8,198.25,0.0,0.0,5.0,NA,-0.12
2026-08-18 02:00:00,35.75,41.25,2.5,7.1,8.9,NA,8.8,0.74,38.4,2.5,4.3,NA,NA,NA,NA,24.25,98.5,0.73,209.75,0.0,0.0,5.25,NA,-0.14
2026-08-18 03:00:00,31.75,37.0,2.5,7.1,8.9,NA,8.77,0.74,38.35,2.5,4.3,NA,NA,NA,NA,24.2,NA,0.73,205.0,0.0,0.0,5.0,NA,-0.12
2026-08-18 04:00:00,27.0,31.25,2.5,7.05,8.9,NA,8.8,0.74,38.25,2.5,4.3,NA,NA,NA,NA,24.18,NA,0.68,213.0,0.0,0.0,5.0,NA,-0.13
2026-08-18 05:00:00,22.0,26.25,2.5,7.05,8.9,NA,8.8,0.74,38.23,2.5,4.3,NA,NA,NA,NA,24.15,NA,0.75,209.0,0.0,0.0,5.0,NA,-0.13
2026-08-18 06:00:00,15.25,18.25,2.5,7.0,8.8,NA,8.8,0.73,37.98,2.5,4.3,NA,NA,NA,NA,23.98,NA,0.75,203.5,0.0,0.0,5.0,NA,-0.13
2026-08-18 07:00:00,13.5,16.5,2.5,7.03,8.88,NA,8.8,0.74,38.13,2.5,4.3,NA,NA,NA,NA,24.1,NA,0.73,206.75,0.0,0.0,6.0,NA,-0.14
2026-08-18 08:00:00,23.75,28.0,2.5,7.03,8.88,NA,8.75,0.74,38.2,2.48,4.3,NA,NA,NA,NA,24.13,NA,0.68,205.75,0.0,0.0,7.75,NA,-0.17
2026-08-18 09:00:00,17.5,21.5,2.5,7.0,8.8,NA,8.63,0.73,37.8,2.4,4.2,NA,NA,NA,NA,23.88,NA,0.67,206.25,0.0,0.0,6.0,NA,-0.17
2026-08-18 10:00:00,13.5,16.75,2.5,6.93,8.7,NA,8.6,0.73,37.53,2.4,4.2,NA,NA,NA,NA,23.7,NA,0.55,228.25,0.0,0.0,38.5,NA,-0.2
2026-08-18 11:00:00,13.75,16.75,2.53,7.05,8.85,NA,8.57,0.73,38.08,2.4,4.2,NA,NA,NA,NA,24.05,97.0,0.6,230.5,0.0,0.0,151.0,NA,-0.2
2026-08-18 12:00:00,15.75,19.25,2.68,7.48,9.45,NA,8.67,0.77,40.95,2.43,4.28,NA,NA,NA,NA,25.85,87.0,0.6,216.5,0.0,0.0,307.5,NA,-0.18
2026-08-18 13:00:00,21.0,25.0,2.73,7.68,9.65,NA,8.6,0.79,42.03,2.4,4.2,NA,NA,NA,NA,26.5,82.5,0.55,216.75,0.0,0.0,362.75,NA,-0.14
2026-08-18 14:00:00,21.75,25.75,2.8,7.88,9.93,NA,8.75,0.8,43.43,2.48,4.28,NA,NA,NA,NA,27.35,77.0,0.45,218.25,0.0,0.0,400.0,NA,-0.13
2026-08-18 15:00:00,18.5,22.25,2.85,7.95,10.0,NA,8.9,0.81,43.78,2.5,4.3,NA,NA,NA,NA,27.58,75.5,0.63,214.0,0.0,0.0,357.75,NA,-0.13
2026-08-18 16:00:00,NA,NA,NA,NA,NA,NA,NA,NA,NA,NA,NA,NA,NA,NA,NA,NA,NA,NA,NA,NA,NA,NA,NA,NA
2026-08-18 17:00:00,NA,NA,NA,NA,NA,NA,NA,NA,NA,NA,NA,NA,NA,NA,NA,NA,NA,NA,NA,NA,NA,NA,NA,NA
2026-08-18 18:00:00,NA,NA,NA,NA,NA,NA,NA,NA,NA,NA,NA,NA,NA,NA,NA,NA,NA,NA,NA,NA,NA,NA,NA,NA
2026-08-18 19:00:00,NA,NA,NA,NA,NA,NA,NA,NA,NA,NA,NA,NA,NA,NA,NA,NA,NA,NA,NA,NA,NA,NA,NA,NA
2026-08-18 20:00:00,NA,NA,NA,NA,NA,NA,NA,NA,NA,NA,NA,NA,NA,NA,NA,NA,NA,NA,NA,NA,NA,NA,NA,NA
2026-08-18 21:00:00,NA,NA,NA,NA,NA,NA,NA,NA,NA,NA,NA,NA,NA,NA,NA,NA,NA,NA,NA,NA,NA,NA,NA,NA
2026-08-18 22:00:00,NA,NA,NA,NA,NA,NA,NA,NA,NA,NA,NA,NA,NA,NA,NA,NA,NA,NA,NA,NA,NA,NA,NA,NA
2026-08-18 23:00:00,NA,NA,NA,NA,NA,NA,NA,NA,NA,NA,NA,NA,NA,NA,NA,NA,NA,NA,NA,NA,NA,NA,NA,NA
2026-08-19 00:00:00,NA,NA,NA,NA,NA,NA,NA,NA,NA,NA,NA,NA,NA,NA,NA,NA,NA,NA,NA,NA,NA,NA,NA,NA
2026-08-19 01:00:00,NA,NA,NA,NA,NA,NA,NA,NA,NA,NA,NA,NA,NA,NA,NA,NA,NA,NA,NA,NA,NA,NA,NA,NA
2026-08-19 02:00:00,NA,NA,NA,NA,NA,NA,NA,NA,NA,NA,NA,NA,NA,NA,NA,NA,NA,NA,NA,NA,NA,NA,NA,NA
2026-08-19 03:00:00,NA,NA,NA,NA,NA,NA,NA,NA,NA,NA,NA,NA,NA,NA,NA,NA,NA,NA,NA,NA,NA,NA,NA,NA
2026-08-19 04:00:00,NA,NA,NA,NA,NA,NA,NA,NA,NA,NA,NA,NA,NA,NA,NA,NA,NA,NA,NA,NA,NA,NA,NA,NA
2026-08-19 05:00:00,NA,NA,NA,NA,NA,NA,NA,NA,NA,NA,NA,NA,NA,NA,NA,NA,NA,NA,NA,NA,NA,NA,NA,NA
2026-08-19 06:00:00,NA,NA,NA,NA,NA,NA,NA,NA,NA,NA,NA,NA,NA,NA,NA,NA,NA,NA,NA,NA,NA,NA,NA,NA
2026-08-19 07:00:00,NA,NA,NA,NA,NA,NA,NA,NA,NA,NA,NA,NA,NA,NA,NA,NA,NA,NA,NA,NA,NA,NA,NA,NA
2026-08-19 08:00:00,NA,NA,NA,NA,NA,NA,NA,NA,NA,NA,NA,NA,NA,NA,NA,NA,NA,NA,NA,NA,NA,NA,NA,NA
2026-08-19 09:00:00,NA,NA,NA,NA,NA,NA,NA,NA,NA,NA,NA,NA,NA,NA,NA,NA,NA,NA,NA,NA,NA,NA,NA,NA
2026-08-19 10:00:00,38.0,44.0,2.6,7.25,9.15,NA,8.65,0.76,39.5,2.4,4.25,NA,NA,NA,NA,24.95,92.0,0.65,198.5,0.0,0.0,119.5,NA,-0.21
2026-08-19 11:00:00,33.33,38.67,2.67,7.47,9.4,NA,8.6,0.77,40.8,2.4,4.2,NA,NA,NA,NA,25.73,86.0,0.43,179.0,0.0,0.0,202.67,NA,-0.21
2026-08-19 12:00:00,32.25,37.25,2.8,7.8,9.8,NA,8.73,0.79,42.83,2.48,4.28,NA,NA,NA,NA,27.0,79.25,0.4,185.5,0.0,0.0,336.75,NA,-0.18
2026-08-19 13:00:00,22.25,26.5,2.88,8.03,10.1,NA,8.8,0.81,44.28,2.5,4.3,NA,NA,NA,NA,27.93,74.25,0.43,173.5,0.0,0.0,544.75,NA,-0.12
2026-08-19 14:00:00,36.5,42.25,2.9,8.1,10.2,NA,8.73,0.82,44.68,2.45,4.3,NA,NA,NA,NA,28.13,71.5,0.53,181.75,0.0,0.0,314.0,NA,-0.12
2026-08-19 15:00:00,32.5,38.0,2.88,7.98,10.03,NA,8.73,0.8,43.93,2.43,4.3,NA,NA,NA,NA,27.68,74.75,0.48,167.0,0.0,0.0,261.5,NA,-0.12
2026-08-19 16:00:00,42.75,49.25,2.9,8.1,10.17,NA,8.75,0.81,44.55,2.48,4.3,NA,NA,NA,NA,28.03,70.5,0.45,175.5,0.0,0.0,162.75,NA,-0.14
2026-08-19 17:00:00,45.5,52.0,2.88,7.98,10.05,NA,8.8,0.81,44.1,2.5,4.3,NA,NA,NA,NA,27.75,72.75,0.5,180.0,0.0,0.0,35.0,NA,-0.2
2026-08-19 18:00:00,24.75,37.75,2.8,7.8,9.83,NA,8.63,0.8,42.95,2.4,4.23,NA,NA,NA,NA,27.0,79.25,0.55,208.5,0.0,0.0,6.25,NA,-0.19
2026-08-19 19:00:00,23.75,37.0,2.73,7.65,9.6,NA,8.6,0.78,41.8,2.4,4.2,NA,NA,NA,NA,26.35,86.25,0.53,237.0,0.0,0.0,4.25,NA,-0.11
2026-08-19 20:00:00,21.5,33.0,2.7,7.53,9.48,NA,8.8,0.78,41.2,2.48,4.28,NA,NA,NA,NA,25.98,88.0,0.53,232.75,0.0,0.0,4.5,NA,-0.1
2026-08-19 21:00:00,24.25,37.0,2.7,7.45,9.38,NA,8.87,0.77,40.75,2.5,4.3,NA,NA,NA,NA,25.7,90.0,0.45,242.75,0.0,0.0,4.0,NA,-0.08
2026-08-19 22:00:00,20.25,31.75,2.68,7.4,9.28,NA,8.9,0.77,40.43,2.5,4.35,NA,NA,NA,NA,25.5,90.25,0.48,186.75,0.0,0.0,4.0,NA,-0.08
2026-08-19 23:00:00,18.75,30.0,2.53,7.1,8.93,NA,8.93,0.75,38.5,2.5,4.37,NA,NA,NA,NA,24.3,89.25,0.6,206.75,0.0,0.0,4.5,NA,-0.11
2026-08-20 00:00:00,13.0,9.25,2.5,7.05,8.88,NA,8.8,0.74,38.15,2.48,4.3,NA,NA,NA,NA,24.1,96.67,0.52,212.5,0.0,0.0,5.0,NA,-0.12
2026-08-20 01:00:00,NA,3.5,2.5,6.9,8.7,NA,8.7,0.73,37.38,2.43,4.3,NA,NA,NA,NA,23.63,NA,0.55,190.0,0.0,0.0,5.0,NA,-0.12
2026-08-20 02:00:00,NA,2.0,2.5,7.0,8.85,NA,8.78,0.74,38.05,2.48,4.3,NA,NA,NA,NA,24.03,NA,0.45,238.0,0.0,0.0,4.0,NA,-0.1
2026-08-20 03:00:00,NA,3.5,2.5,7.0,8.83,NA,8.8,0.74,38.0,2.5,4.3,NA,NA,NA,NA,24.0,NA,0.43,231.25,0.0,0.0,4.0,NA,-0.1
2026-08-20 04:00:00,NA,2.75,2.5,6.98,8.75,NA,8.88,0.73,37.55,2.5,4.3,NA,NA,NA,NA,23.75,NA,0.43,221.25,0.0,0.0,4.75,NA,-0.13
2026-08-20 05:00:00,NA,3.25,2.5,6.9,8.7,NA,8.9,0.73,37.38,2.5,4.37,NA,NA,NA,NA,23.63,NA,0.6,203.25,0.0,0.0,4.25,NA,-0.1
2026-08-20 06:00:00,NA,3.25,2.53,7.08,8.88,NA,8.88,0.74,38.23,2.5,4.3,NA,NA,NA,NA,24.15,96.0,0.55,170.0,0.0,0.0,46.5,NA,-0.12
2026-08-20 07:00:00,5.0,10.5,2.63,7.38,9.25,NA,8.8,0.77,40.1,2.5,4.3,NA,NA,NA,NA,25.33,89.0,0.58,180.75,0.0,0.0,175.0,NA,-0.13
2026-08-20 08:00:00,10.25,18.75,2.7,7.4,9.38,NA,8.78,0.77,40.68,2.5,4.3,NA,NA,NA,NA,25.68,87.0,0.7,198.25,0.0,0.0,174.0,NA,-0.13
2026-08-20 09:00:00,17.75,28.75,2.7,7.6,9.53,NA,8.7,0.78,41.5,2.4,4.3,NA,NA,NA,NA,26.18,83.0,0.73,200.0,0.0,0.0,277.25,NA,-0.17
2026-08-20 10:00:00,23.75,36.5,2.75,7.7,9.65,NA,8.75,0.79,42.13,2.5,4.3,NA,NA,NA,NA,26.55,80.25,0.7,201.5,0.0,0.0,415.25,NA,-0.18
2026-08-20 11:00:00,22.25,34.75,2.8,7.9,9.95,NA,8.8,0.8,43.58,2.5,4.3,NA,NA,NA,NA,27.45,74.5,0.65,202.0,0.0,0.0,584.5,NA,-0.12
2026-08-20 12:00:00,30.5,45.25,2.9,8.03,10.08,NA,8.8,0.81,44.2,2.5,4.3,NA,NA,NA,NA,27.83,72.25,0.7,196.33,0.0,0.0,547.25,NA,-0.18
2026-08-20 13:00:00,28.75,43.75,2.9,8.03,10.1,NA,8.7,0.81,44.23,2.5,4.3,NA,NA,NA,NA,27.88,71.5,0.67,203.25,0.0,0.0,374.75,NA,-0.15
2026-08-20 14:00:00,20.75,33.0,2.9,8.08,10.15,NA,8.75,0.81,44.6,2.48,4.3,NA,NA,NA,NA,28.08,70.75,0.78,202.75,0.0,0.0,427.75,NA,-0.2
2026-08-20 15:00:00,23.75,36.75,2.93,8.17,10.28,NA,8.8,0.82,45.13,2.5,4.3,NA,NA,NA,NA,28.4,67.25,0.73,196.75,0.0,0.0,349.0,NA,-0.17
2026-08-20 16:00:00,23.75,36.5,2.9,8.13,10.23,NA,8.85,0.82,44.93,2.5,4.3,NA,NA,NA,NA,28.28,67.75,0.63,199.75,0.0,0.0,188.5,NA,-0.14
2026-08-20 17:00:00,26.0,40.0,2.9,8.0,10.08,NA,8.9,0.81,44.08,2.5,4.3,NA,NA,NA,NA,27.78,71.5,0.68,192.75,0.0,0.0,27.75,NA,-0.14
2026-08-20 18:00:00,35.0,51.75,2.8,7.9,9.93,NA,8.85,0.8,43.45,2.5,4.3,NA,NA,NA,NA,27.38,74.5,0.5,173.25,0.0,0.0,5.5,NA,-0.16
2026-08-20 19:00:00,45.25,65.25,2.8,7.8,9.83,NA,8.73,0.8,43.03,2.47,4.3,NA,NA,NA,NA,27.1,76.5,0.7,187.75,0.0,0.0,4.25,NA,-0.1
2026-08-20 20:00:00,53.75,76.25,2.8,7.8,9.8,NA,8.83,0.79,42.82,2.5,4.3,NA,NA,NA,NA,27.0,76.0,0.73,196.75,0.0,0.0,5.25,NA,-0.13
2026-08-20 21:00:00,51.0,72.75,2.8,7.73,9.73,NA,8.8,0.79,42.5,2.5,4.3,NA,NA,NA,NA,26.8,77.75,0.53,153.25,0.0,0.0,5.0,NA,-0.15
2026-08-20 22:00:00,69.5,98.0,2.8,7.7,9.7,NA,8.88,0.79,42.3,2.5,4.33,NA,NA,NA,NA,26.65,80.25,0.7,207.25,0.0,0.0,6.0,NA,-0.18
2026-08-20 23:00:00,76.75,107.0,2.73,7.63,9.63,NA,9.03,0.78,41.83,2.5,4.4,NA,NA,NA,NA,26.35,85.25,0.6,166.75,0.0,0.0,5.5,NA,-0.15
2026-08-21 00:00:00,72.25,101.5,2.7,7.53,9.45,NA,8.95,0.78,41.08,2.5,4.38,NA,NA,NA,NA,25.93,90.0,0.63,161.75,0.0,0.0,5.75,NA,-0.17
2026-08-21 01:00:00,51.25,73.25,2.7,7.45,9.38,NA,8.8,0.77,40.68,2.5,4.3,NA,NA,NA,NA,25.68,90.0,0.6,176.75,0.0,0.0,5.25,NA,-0.15
2026-08-21 02:00:00,35.0,51.75,2.7,7.4,9.3,NA,8.83,0.77,40.5,2.5,4.3,NA,NA,NA,NA,25.55,88.25,0.65,159.25,0.0,0.0,5.0,NA,-0.12
2026-08-21 03:00:00,31.0,46.75,2.63,7.38,9.25,NA,8.73,0.77,40.2,2.47,4.3,NA,NA,NA,NA,25.35,88.75,0.45,153.75,0.0,0.0,5.5,NA,-0.16
2026-08-21 04:00:00,23.25,36.25,2.6,7.3,9.17,NA,8.7,0.76,39.68,2.5,4.3,NA,NA,NA,NA,25.05,90.75,0.43,229.25,0.0,0.0,5.75,NA,-0.16
2026-08-21 05:00:00,12.5,22.25,2.6,7.2,9.1,NA,8.7,0.76,39.3,2.4,4.3,NA,NA,NA,NA,24.8,93.0,0.7,237.75,0.0,0.0,5.75,NA,-0.16
2026-08-21 06:00:00,13.75,23.25,2.6,7.3,9.15,NA,8.8,0.76,39.65,2.48,4.3,NA,NA,NA,NA,25.03,92.5,0.38,216.5,0.0,0.0,28.25,NA,-0.17
2026-08-21 07:00:00,17.75,28.75,2.7,7.53,9.43,NA,8.9,0.78,40.98,2.5,4.33,NA,NA,NA,NA,25.85,88.5,0.58,176.75,0.0,0.0,135.75,NA,-0.18
2026-08-21 08:00:00,23.75,36.5,2.82,7.83,9.88,NA,8.85,0.8,43.1,2.5,4.3,NA,NA,NA,NA,27.13,81.5,0.5,184.25,0.0,0.0,283.5,NA,-0.17
2026-08-21 09:00:00,30.0,45.5,2.88,8.0,10.03,NA,8.8,0.8,43.98,2.5,4.3,NA,NA,NA,NA,27.7,77.5,0.5,195.25,0.0,0.0,281.0,NA,-0.2
2026-08-21 10:00:00,34.25,50.25,2.88,8.03,10.08,NA,8.8,0.81,44.2,2.5,4.3,NA,NA,NA,NA,27.83,74.75,0.7,201.5,0.0,0.0,467.0,NA,-0.19
2026-08-21 11:00:00,40.0,58.0,2.98,8.28,10.4,NA,8.8,0.83,45.7,2.5,4.3,NA,NA,NA,NA,28.75,68.0,0.58,204.25,0.0,0.0,496.25,NA,-0.15
2026-08-21 12:00:00,39.5,57.5,2.98,8.28,10.4,NA,8.85,0.83,45.83,2.5,4.3,NA,NA,NA,NA,28.83,67.25,0.58,190.75,0.0,0.0,289.5,NA,-0.19
2026-08-21 13:00:00,35.0,51.5,3.0,8.3,10.43,NA,8.87,0.83,45.98,2.5,4.3,NA,NA,NA,NA,28.93,66.0,0.45,188.5,0.0,0.0,383.25,NA,-0.2
2026-08-21 14:00:00,37.25,54.75,3.03,8.48,10.68,NA,8.75,0.85,47.1,2.5,4.3,NA,NA,NA,NA,29.63,61.75,0.53,198.75,0.0,0.0,444.25,NA,-0.2
2026-08-21 15:00:00,31.0,46.25,3.0,8.35,10.53,NA,8.77,0.84,46.35,2.5,4.3,NA,NA,NA,NA,29.15,64.5,0.43,174.0,0.0,0.0,219.5,NA,-0.19
2026-08-21 16:00:00,30.5,45.25,3.0,8.3,10.48,NA,8.8,0.84,46.1,2.5,4.3,NA,NA,NA,NA,29.03,64.75,0.48,170.5,0.0,0.0,139.5,NA,-0.18
2026-08-21 17:00:00,29.75,45.0,2.88,7.95,10.03,NA,8.8,0.81,43.8,2.5,4.3,NA,NA,NA,NA,27.58,73.5,0.58,191.75,0.0,0.0,32.25,NA,-0.18
2026-08-21 18:00:00,27.75,42.25,2.63,7.25,9.13,NA,8.8,0.75,39.45,2.5,4.3,NA,NA,NA,NA,24.93,94.25,0.55,206.5,0.0,0.0,5.5,NA,-0.15
2026-08-21 19:00:00,6.5,13.75,2.58,7.1,8.98,NA,8.77,0.74,38.68,2.5,4.3,NA,NA,NA,NA,24.43,97.0,0.33,253.0,0.0,0.0,4.75,NA,-0.12
2026-08-21 20:00:00,1.67,6.5,2.6,7.23,9.1,NA,8.8,0.76,39.28,2.5,4.3,NA,NA,NA,NA,24.83,97.0,0.78,195.0,0.0,0.0,4.25,NA,-0.09
2026-08-21 21:00:00,6.5,13.5,2.6,7.3,9.2,NA,8.83,0.76,39.9,2.5,4.3,NA,NA,NA,NA,25.18,96.0,0.68,211.5,0.0,0.0,4.75,NA,-0.11
2026-08-21 22:00:00,13.0,22.25,2.6,7.38,9.2,NA,8.83,0.77,40.03,2.5,4.3,NA,NA,NA,NA,25.28,94.5,0.6,251.0,0.0,0.0,4.5,NA,-0.11
2026-08-21 23:00:00,11.5,19.75,2.63,7.4,9.3,NA,8.9,0.77,40.28,2.5,4.3,NA,NA,NA,NA,25.42,91.0,0.73,273.25,0.0,0.0,4.0,NA,-0.09
2026-08-22 00:00:00,13.75,23.5,2.68,7.4,9.3,NA,8.88,0.77,40.38,2.5,4.33,NA,NA,NA,NA,25.48,90.75,0.73,284.5,0.0,0.0,4.5,NA,-0.11
2026-08-22 01:00:00,15.75,26.0,2.6,7.4,9.3,NA,8.83,0.77,40.2,2.5,4.3,NA,NA,NA,NA,25.38,91.5,0.78,293.0,0.0,0.0,5.0,NA,-0.11
2026-08-22 02:00:00,14.75,24.5,2.6,7.35,9.25,NA,8.83,0.77,40.08,2.5,4.3,NA,NA,NA,NA,25.25,92.25,0.8,267.0,0.0,0.0,4.75,NA,-0.1
2026-08-22 03:00:00,12.75,21.75,2.6,7.4,9.25,NA,8.8,0.77,40.15,2.5,4.3,NA,NA,NA,NA,25.3,92.0,0.75,242.0,0.0,0.0,4.5,NA,-0.08
2026-08-22 04:00:00,9.25,17.5,2.6,7.33,9.2,NA,8.9,0.76,39.95,2.5,4.33,NA,NA,NA,NA,25.23,93.25,0.6,244.25,0.0,0.0,4.5,NA,-0.11
2026-08-22 05:00:00,7.25,15.0,2.6,7.3,9.2,NA,8.9,0.76,39.88,2.5,4.37,NA,NA,NA,NA,25.18,95.75,0.7,207.0,0.0,0.0,4.5,NA,-0.1
2026-08-22 06:00:00,12.0,21.25,2.55,7.13,8.98,NA,8.88,0.75,38.68,2.5,4.3,NA,NA,NA,NA,24.4,93.25,0.45,220.0,0.0,0.0,4.75,NA,-0.11
2026-08-22 07:00:00,6.25,13.25,2.5,6.95,8.75,NA,8.87,0.73,37.5,2.5,4.3,NA,NA,NA,NA,23.7,95.0,0.4,185.0,0.0,0.0,5.5,NA,-0.16
2026-08-22 08:00:00,1.0,4.5,2.5,6.9,8.7,NA,8.88,0.73,37.38,2.5,4.3,NA,NA,NA,NA,23.63,96.0,0.65,182.75,0.0,0.0,4.75,NA,-0.1
2026-08-22 09:00:00,2.0,5.5,2.5,6.9,8.7,NA,8.8,0.73,37.38,2.5,4.3,NA,NA,NA,NA,23.63,96.75,0.73,203.5,0.0,0.0,22.5,NA,-0.12
2026-08-22 10:00:00,1.33,5.75,2.55,7.08,8.93,NA,8.73,0.74,38.5,2.45,4.3,NA,NA,NA,NA,24.3,95.0,0.58,197.5,0.0,0.0,243.75,NA,-0.16
2026-08-22 11:00:00,1.0,5.25,2.68,7.5,9.43,NA,8.67,0.77,40.88,2.4,4.23,NA,NA,NA,NA,25.8,85.25,0.6,257.0,0.0,0.0,301.0,NA,-0.16
2026-08-22 12:00:00,1.33,6.0,2.78,7.78,9.78,NA,8.75,0.79,42.65,2.45,4.28,NA,NA,NA,NA,26.88,79.0,0.53,234.75,0.0,0.0,324.0,NA,-0.18
2026-08-22 13:00:00,5.0,9.75,2.82,7.88,9.9,NA,8.9,0.8,43.35,2.5,4.33,NA,NA,NA,NA,27.3,76.75,0.38,210.0,0.0,0.0,388.5,NA,-0.07
2026-08-22 14:00:00,2.75,8.75,2.8,7.78,9.78,NA,8.83,0.8,42.83,2.5,4.3,NA,NA,NA,NA,26.98,78.75,0.48,203.75,0.0,0.0,187.0,NA,-0.1
2026-08-22 15:00:00,9.5,17.5,2.8,7.8,9.83,NA,8.77,0.8,43.05,2.5,4.3,NA,NA,NA,NA,27.1,77.0,0.48,222.25,0.0,0.0,301.25,NA,-0.11
2026-08-22 16:00:00,8.25,16.0,2.88,7.98,10.05,NA,8.93,0.81,43.93,2.53,4.35,NA,NA,NA,NA,27.68,72.25,0.53,229.0,0.0,0.0,232.25,NA,-0.16
2026-08-22 17:00:00,9.75,18.0,2.8,7.83,9.83,NA,9.2,0.8,43.13,2.6,4.5,NA,NA,NA,NA,27.18,76.25,0.55,200.75,0.0,0.0,90.5,NA,-0.17
2026-08-22 18:00:00,10.75,19.75,2.73,7.65,9.63,NA,8.75,0.79,41.9,2.45,4.28,NA,NA,NA,NA,26.43,81.0,0.53,201.0,0.0,0.0,8.75,NA,-0.15
2026-08-22 19:00:00,10.5,18.75,2.7,7.53,9.5,NA,8.6,0.78,41.2,2.4,4.2,NA,NA,NA,NA,25.98,84.75,0.5,181.75,0.0,0.0,4.5,NA,-0.11
2026-08-22 20:00:00,16.25,26.75,2.7,7.5,9.4,NA,8.75,0.78,41.03,2.48,4.28,NA,NA,NA,NA,25.9,85.5,0.6,146.25,0.0,0.0,4.25,NA,-0.09
2026-08-22 21:00:00,29.25,43.75,2.7,7.48,9.4,NA,8.8,0.77,40.75,2.5,4.3,NA,NA,NA,NA,25.7,87.0,0.75,172.5,0.0,0.0,4.0,NA,-0.06
2026-08-22 22:00:00,30.0,45.25,2.68,7.4,9.3,NA,8.78,0.77,40.43,2.5,4.3,NA,NA,NA,NA,25.53,88.5,0.8,194.5,0.0,0.0,4.0,NA,-0.07
2026-08-22 23:00:00,31.5,47.0,2.6,7.4,9.3,NA,8.8,0.77,40.28,2.5,4.3,NA,NA,NA,NA,25.4,89.5,0.8,193.25,0.0,0.0,4.0,NA,-0.08
2026-08-23 00:00:00,36.25,53.0,2.6,7.4,9.3,NA,8.88,0.77,40.25,2.5,4.33,NA,NA,NA,NA,25.35,89.0,0.75,190.5,0.0,0.0,4.0,NA,-0.08
2026-08-23 01:00:00,26.5,40.5,2.6,7.4,9.25,NA,8.87,0.77,40.08,2.5,4.3,NA,NA,NA,NA,25.3,89.5,0.73,200.0,0.0,0.0,4.0,NA,-0.08
2026-08-23 02:00:00,26.75,40.75,2.6,7.3,9.2,NA,8.8,0.76,39.78,2.5,4.3,NA,NA,NA,NA,25.13,92.5,0.73,203.75,0.0,0.0,4.25,NA,-0.1
2026-08-23 03:00:00,26.75,40.25,2.6,7.3,9.2,NA,8.87,0.76,39.85,2.5,4.3,NA,NA,NA,NA,25.15,93.75,0.8,195.5,0.0,0.0,4.0,NA,-0.09
2026-08-23 04:00:00,20.75,32.75,2.6,7.3,9.2,NA,8.9,0.76,39.8,2.5,4.35,NA,NA,NA,NA,25.1,93.25,0.8,194.75,0.0,0.0,4.0,NA,-0.07
2026-08-23 05:00:00,22.0,33.75,2.6,7.3,9.13,NA,8.9,0.76,39.53,2.5,4.4,NA,NA,NA,NA,24.92,95.5,0.83,195.0,0.0,0.0,4.0,NA,-0.08
2026-08-23 06:00:00,18.0,28.75,2.63,7.38,9.28,NA,8.88,0.77,40.13,2.5,4.33,NA,NA,NA,NA,25.35,92.75,0.8,195.0,0.0,0.0,39.5,NA,-0.08
2026-08-23 07:00:00,14.25,23.75,2.7,7.5,9.4,NA,8.8,0.77,40.8,2.5,4.3,NA,NA,NA,NA,25.75,89.5,0.8,195.5,0.0,0.0,57.0,NA,-0.08
2026-08-23 08:00:00,16.5,27.0,2.7,7.5,9.4,NA,8.8,0.78,41.03,2.5,4.3,NA,NA,NA,NA,25.88,88.25,0.7,210.5,0.0,0.0,51.0,NA,-0.09
2026-08-23 09:00:00,14.25,24.0,2.78,7.7,9.7,NA,8.8,0.79,42.33,2.5,4.3,NA,NA,NA,NA,26.68,83.5,0.75,207.0,0.0,0.0,208.75,NA,-0.09
2026-08-23 10:00:00,14.75,24.5,2.73,7.6,9.58,NA,8.78,0.78,41.78,2.5,4.3,NA,NA,NA,NA,26.33,86.75,0.7,217.25,0.0,0.0,222.5,NA,-0.11
2026-08-23 11:00:00,16.0,26.25,2.9,8.08,10.17,NA,8.87,0.81,44.63,2.5,4.33,NA,NA,NA,NA,28.1,77.0,0.58,192.5,0.0,0.0,376.25,NA,-0.09
2026-08-23 12:00:00,20.25,31.75,3.0,8.38,10.55,NA,8.83,0.84,46.45,2.5,4.33,NA,NA,NA,NA,29.23,68.25,0.68,178.25,0.0,0.0,539.25,NA,-0.13
2026-08-23 13:00:00,21.75,33.75,2.98,8.28,10.4,NA,8.8,0.83,45.78,2.5,4.3,NA,NA,NA,NA,28.8,70.5,0.5,199.0,0.0,0.0,258.25,NA,-0.13
2026-08-23 14:00:00,22.5,34.75,2.98,8.3,10.43,NA,8.8,0.83,45.98,2.5,4.3,NA,NA,NA,NA,28.93,69.25,0.68,220.75,0.0,0.0,251.25,NA,-0.13
2026-08-23 15:00:00,22.75,35.25,2.95,8.3,10.43,NA,8.8,0.83,45.83,2.5,4.3,NA,NA,NA,NA,28.83,68.75,0.68,186.0,0.0,0.0,152.25,NA,-0.15
2026-08-23 16:00:00,27.5,42.0,2.85,7.95,10.0,NA,8.9,0.8,43.85,2.5,4.35,NA,NA,NA,NA,27.6,74.5,0.68,198.25,0.0,0.0,90.25,NA,-0.09
2026-08-23 17:00:00,21.75,34.25,2.82,7.85,9.9,NA,9.0,0.8,43.3,2.5,4.4,NA,NA,NA,NA,27.28,77.5,0.7,180.75,0.0,0.0,46.0,NA,-0.11
2026-08-23 18:00:00,19.5,30.75,2.65,7.5,9.45,NA,8.93,0.78,40.95,2.5,4.33,NA,NA,NA,NA,25.83,87.0,0.45,195.25,0.0,0.0,4.5,NA,-0.11
2026-08-23 19:00:00,18.25,29.5,2.5,6.9,8.7,NA,8.93,0.73,37.35,2.5,4.33,NA,NA,NA,NA,23.6,NA,0.43,235.75,0.0,0.0,4.75,NA,-0.11
2026-08-23 20:00:00,8.0,9.5,2.5,6.93,8.73,NA,8.93,0.73,37.4,2.5,4.38,NA,NA,NA,NA,23.65,NA,0.68,258.0,0.0,0.0,5.5,NA,-0.15
2026-08-23 21:00:00,5.67,10.5,2.5,7.0,8.8,NA,8.97,0.73,37.7,2.5,4.4,NA,NA,NA,NA,23.83,98.0,0.63,178.25,0.0,0.0,4.5,NA,-0.1
2026-08-23 22:00:00,4.5,11.0,2.5,7.03,8.83,NA,8.93,0.74,38.0,2.5,4.4,NA,NA,NA,NA,24.0,95.25,0.7,199.75,0.0,0.0,5.25,NA,-0.13
2026-08-23 23:00:00,4.75,11.5,2.5,7.1,8.9,NA,8.97,0.74,38.53,2.5,4.4,NA,NA,NA,NA,24.33,92.0,0.78,234.0,0.0,0.0,5.0,NA,-0.12
2026-08-24 00:00:00,8.0,15.75,2.5,7.1,8.93,NA,8.9,0.74,38.58,2.5,4.33,NA,NA,NA,NA,24.38,92.25,0.78,126.5,0.0,0.0,4.25,NA,-0.09
2026-08-24 01:00:00,6.5,14.0,2.5,7.1,8.9,NA,8.9,0.74,38.4,2.5,4.4,NA,NA,NA,NA,24.25,95.25,0.73,250.5,0.0,0.0,4.5,NA,-0.11
2026-08-24 02:00:00,8.75,16.5,2.5,7.1,8.9,NA,8.9,0.74,38.38,2.5,4.33,NA,NA,NA,NA,24.28,96.0,0.63,213.5,0.0,0.0,4.0,NA,-0.09
2026-08-24 03:00:00,12.75,22.0,2.5,7.1,8.9,NA,8.8,0.74,38.38,2.5,4.3,NA,NA,NA,NA,24.25,96.25,0.6,220.5,0.0,0.0,4.0,NA,-0.08
2026-08-24 04:00:00,12.0,21.0,2.5,7.1,8.9,NA,8.9,0.74,38.3,2.5,4.33,NA,NA,NA,NA,24.23,96.0,0.7,227.75,0.0,0.0,4.0,NA,-0.07
2026-08-24 05:00:00,8.0,8.0,2.5,7.05,8.9,NA,9.07,0.74,38.25,2.57,4.43,NA,NA,NA,NA,24.15,97.5,0.6,302.25,0.0,0.0,4.0,NA,-0.08
2026-08-24 06:00:00,3.0,9.0,2.53,7.07,8.93,NA,9.05,0.74,38.43,2.53,4.43,NA,NA,NA,NA,24.25,96.75,0.58,144.75,0.0,0.0,13.5,NA,-0.09
2026-08-24 07:00:00,4.0,10.25,2.6,7.28,9.13,NA,9.0,0.76,39.43,2.5,4.4,NA,NA,NA,NA,24.88,92.25,0.53,257.25,0.0,0.0,86.5,NA,-0.1
2026-08-24 08:00:00,9.5,18.0,2.73,7.63,9.58,NA,8.6,0.79,41.8,2.43,4.18,NA,NA,NA,NA,26.35,85.0,0.5,245.0,0.0,0.0,239.5,NA,-0.11
2026-08-24 09:00:00,17.33,27.67,2.87,7.93,10.0,NA,8.35,0.8,43.77,2.35,4.1,NA,NA,NA,NA,27.6,77.33,0.53,176.67,0.0,0.0,405.67,NA,-0.18
2026-08-24 10:00:00,26.5,40.75,2.9,8.1,10.18,NA,8.78,0.81,44.73,2.45,4.3,NA,NA,NA,NA,28.15,73.75,0.45,187.25,0.0,0.0,476.5,NA,-0.2
2026-08-24 11:00:00,30.75,46.25,2.9,8.05,10.13,NA,9.17,0.81,44.47,2.6,4.47,NA,NA,NA,NA,28.0,74.5,0.55,192.75,0.0,0.0,409.75,NA,-0.21
2026-08-24 12:00:00,36.0,52.75,2.9,8.05,10.15,NA,8.85,0.81,44.53,2.5,4.33,NA,NA,NA,NA,28.03,72.75,0.7,198.5,0.0,0.0,370.0,NA,-0.21
2026-08-24 13:00:00,31.75,47.25,2.9,8.15,10.25,NA,8.8,0.82,45.05,2.5,4.3,NA,NA,NA,NA,28.35,71.0,0.7,203.25,0.0,0.0,400.0,NA,-0.21
2026-08-24 14:00:00,29.75,45.0,2.98,8.3,10.45,NA,8.9,0.83,46.0,2.5,4.3,NA,NA,NA,NA,28.95,66.25,0.58,217.25,0.0,0.0,404.0,NA,-0.2
2026-08-24 15:00:00,29.75,44.75,2.93,8.15,10.23,NA,8.93,0.82,45.0,2.5,4.37,NA,NA,NA,NA,28.33,73.0,0.58,270.75,0.0,0.0,83.25,NA,-0.19
2026-08-24 16:00:00,38.5,56.5,2.82,7.85,9.88,NA,8.83,0.8,43.2,2.48,4.33,NA,NA,NA,NA,27.25,78.0,0.53,228.25,0.0,0.0,51.75,NA,-0.2
2026-08-24 17:00:00,27.75,41.75,2.73,7.6,9.58,NA,8.57,0.78,41.7,2.4,4.2,NA,NA,NA,NA,26.33,80.0,0.58,210.5,0.0,0.0,14.5,NA,-0.14
2026-08-24 18:00:00,20.25,32.25,2.6,7.2,9.05,NA,8.63,0.75,39.08,2.4,4.23,NA,NA,NA,NA,24.68,94.0,0.53,223.0,0.0,0.0,5.5,NA,-0.16
2026-08-24 19:00:00,13.5,23.5,2.6,7.28,9.15,NA,8.6,0.76,39.53,2.4,4.2,NA,NA,NA,NA,24.95,93.75,0.7,208.25,0.0,0.0,5.25,NA,-0.15
2026-08-24 20:00:00,18.5,29.5,2.6,7.35,9.23,NA,8.63,0.77,40.05,2.4,4.23,NA,NA,NA,NA,25.25,92.0,0.75,256.5,0.0,0.0,5.25,NA,-0.16
2026-08-24 21:00:00,25.25,38.5,2.6,7.38,9.25,NA,8.6,0.77,40.1,2.4,4.2,NA,NA,NA,NA,25.33,90.75,0.5,152.25,0.0,0.0,4.25,NA,-0.11
2026-08-24 22:00:00,21.25,33.5,2.6,7.3,9.2,NA,8.6,0.76,39.73,2.4,4.2,NA,NA,NA,NA,25.1,94.25,0.5,164.0,0.0,0.0,4.0,NA,-0.09
2026-08-24 23:00:00,17.0,27.25,2.6,7.3,9.13,NA,8.5,0.76,39.53,2.4,4.17,NA,NA,NA,NA,24.92,96.0,0.53,171.5,0.0,0.0,4.25,NA,-0.1
2026-08-25 00:00:00,14.25,23.75,2.6,7.2,9.1,NA,8.63,0.76,39.3,2.43,4.23,NA,NA,NA,NA,24.78,96.0,0.53,194.0,0.0,0.0,4.25,NA,-0.1
2026-08-25 01:00:00,10.25,18.5,2.6,7.2,9.1,NA,8.67,0.76,39.2,2.43,4.27,NA,NA,NA,NA,24.73,96.0,0.55,160.0,0.0,0.0,4.25,NA,-0.1
2026-08-25 02:00:00,6.0,12.5,2.6,7.2,9.1,NA,8.67,0.76,39.13,2.43,4.28,NA,NA,NA,NA,24.7,96.0,0.55,143.5,0.0,0.0,4.5,NA,-0.1
2026-08-25 03:00:00,9.0,17.0,2.6,7.2,9.1,NA,8.73,0.76,39.1,2.5,4.3,NA,NA,NA,NA,24.7,96.0,0.52,159.5,0.0,0.0,4.0,NA,-0.09
2026-08-25 04:00:00,6.25,13.5,2.6,7.2,9.08,NA,8.8,0.76,39.08,2.48,4.3,NA,NA,NA,NA,24.68,96.0,0.55,212.75,0.0,0.0,4.0,NA,-0.08
2026-08-25 05:00:00,6.25,13.25,2.6,7.2,9.0,NA,8.73,0.74,38.93,2.5,4.3,NA,NA,NA,NA,24.6,96.5,0.5,156.75,0.0,0.0,4.0,NA,-0.09
2026-08-25 06:00:00,5.75,12.25,2.6,7.2,9.05,NA,8.83,0.76,39.08,2.48,4.3,NA,NA,NA,NA,24.7,96.0,0.55,197.0,0.0,0.0,6.75,NA,-0.08
2026-08-25 07:00:00,9.25,17.0,2.6,7.25,9.1,NA,8.8,0.76,39.4,2.5,4.3,NA,NA,NA,NA,24.88,94.25,0.53,171.0,0.0,0.0,29.0,NA,-0.09
2026-08-25 08:00:00,15.0,25.0,2.6,7.3,9.18,NA,8.8,0.76,39.73,2.5,4.3,NA,NA,NA,NA,25.08,93.5,0.55,176.25,0.0,0.0,88.0,NA,-0.16
2026-08-25 09:00:00,15.0,24.75,2.68,7.4,9.33,NA,8.8,0.77,40.45,2.5,4.3,NA,NA,NA,NA,25.53,89.0,0.5,190.75,0.0,0.0,93.75,NA,-0.18
2026-08-25 10:00:00,11.5,20.75,2.7,7.45,9.35,NA,8.78,0.77,40.68,2.48,4.3,NA,NA,NA,NA,25.65,87.75,0.6,184.25,0.0,0.0,102.5,NA,-0.19
2026-08-25 11:00:00,13.25,22.25,2.7,7.48,9.4,NA,8.73,0.77,40.7,2.47,4.3,NA,NA,NA,NA,25.7,86.75,0.68,199.75,0.0,0.0,155.75,NA,-0.17
2026-08-25 12:00:00,10.25,18.75,2.7,7.45,9.38,NA,8.78,0.77,40.7,2.48,4.3,NA,NA,NA,NA,25.68,86.5,0.5,194.75,0.0,0.0,173.0,NA,-0.19
2026-08-25 13:00:00,11.5,20.5,2.7,7.55,9.53,NA,8.8,0.78,41.38,2.5,4.3,NA,NA,NA,NA,26.08,83.5,0.43,188.0,0.0,0.0,183.0,NA,-0.15
2026-08-25 14:00:00,12.0,21.0,2.7,7.53,9.45,NA,8.8,0.78,41.15,2.5,4.3,NA,NA,NA,NA,25.95,84.5,0.53,182.0,0.0,0.0,114.75,NA,-0.12
2026-08-25 15:00:00,18.0,29.0,2.68,7.43,9.33,NA,8.9,0.77,40.53,2.5,4.4,NA,NA,NA,NA,25.55,88.75,0.53,168.0,0.0,0.0,19.0,NA,-0.19
2026-08-25 16:00:00,16.75,27.25,2.7,7.43,9.35,NA,8.83,0.77,40.6,2.5,4.3,NA,NA,NA,NA,25.63,90.75,0.63,160.25,0.0,0.0,57.5,NA,-0.18
2026-08-25 17:00:00,15.25,25.5,2.68,7.4,9.33,NA,8.8,0.77,40.48,2.5,4.3,NA,NA,NA,NA,25.58,93.5,0.6,210.25,0.0,0.0,8.75,NA,-0.21
2026-08-25 18:00:00,16.0,26.5,2.6,7.35,9.25,NA,8.8,0.77,40.08,2.5,4.3,NA,NA,NA,NA,25.28,96.0,0.45,200.25,0.0,0.0,6.0,NA,-0.2
2026-08-25 19:00:00,15.75,26.0,2.6,7.3,9.2,NA,8.83,0.76,39.82,2.5,4.3,NA,NA,NA,NA,25.15,96.0,0.43,175.5,0.0,0.0,5.25,NA,-0.15
2026-08-25 20:00:00,10.0,18.5,2.6,7.3,9.2,NA,8.88,0.76,39.95,2.5,4.33,NA,NA,NA,NA,25.2,96.0,0.48,157.0,0.0,0.0,4.0,NA,-0.09
2026-08-25 21:00:00,15.5,25.5,2.6,7.3,9.2,NA,8.9,0.76,39.88,2.5,4.33,NA,NA,NA,NA,25.2,96.0,0.4,178.25,0.0,0.0,4.25,NA,-0.1
2026-08-25 22:00:00,10.75,19.5,2.6,7.3,9.2,NA,8.83,0.76,39.85,2.5,4.3,NA,NA,NA,NA,25.15,96.0,0.43,206.75,0.0,0.0,4.0,NA,-0.1
2026-08-25 23:00:00,8.5,15.75,2.6,7.3,9.2,NA,8.73,0.76,39.75,2.47,4.3,NA,NA,NA,NA,25.1,96.5,0.53,197.25,0.0,0.0,4.25,NA,-0.11
2026-08-26 00:00:00,6.75,14.25,2.6,7.3,9.2,NA,8.8,0.76,39.78,2.5,4.3,NA,NA,NA,NA,25.13,96.5,0.43,180.75,0.0,0.0,4.25,NA,-0.1
2026-08-26 01:00:00,7.5,14.75,2.6,7.33,9.2,NA,8.8,0.76,39.88,2.5,4.3,NA,NA,NA,NA,25.2,96.0,0.53,185.25,0.0,0.0,5.0,NA,-0.13
2026-08-26 02:00:00,5.25,12.25,2.6,7.35,9.2,NA,8.85,0.77,39.93,2.5,4.33,NA,NA,NA,NA,25.23,92.75,0.5,175.0,0.0,0.0,4.0,NA,-0.09
2026-08-26 03:00:00,6.75,14.0,2.6,7.3,9.2,NA,8.8,0.76,39.93,2.5,4.3,NA,NA,NA,NA,25.18,91.25,0.48,165.0,0.0,0.0,4.25,NA,-0.09
2026-08-26 04:00:00,9.75,18.25,2.6,7.3,9.2,NA,8.85,0.76,39.75,2.5,4.3,NA,NA,NA,NA,25.08,92.0,0.5,168.75,0.0,0.0,4.0,NA,-0.08
2026-08-26 05:00:00,10.0,18.5,2.6,7.3,9.15,NA,8.8,0.76,39.55,2.5,4.3,NA,NA,NA,NA,24.95,92.75,0.38,155.75,0.0,0.0,4.0,NA,-0.08
2026-08-26 06:00:00,13.5,23.25,2.6,7.3,9.15,NA,8.7,0.76,39.55,2.43,4.28,NA,NA,NA,NA,24.95,92.75,0.5,164.75,0.0,0.0,6.25,NA,-0.08
2026-08-26 07:00:00,14.75,25.0,2.6,7.35,9.2,NA,8.6,0.77,39.93,2.4,4.2,NA,NA,NA,NA,25.2,90.25,0.6,191.75,0.0,0.0,42.0,NA,-0.1
2026-08-26 08:00:00,19.25,31.0,2.68,7.4,9.33,NA,8.63,0.77,40.45,2.4,4.23,NA,NA,NA,NA,25.53,89.5,0.67,199.5,0.0,0.0,88.0,NA,-0.12
2026-08-26 09:00:00,19.25,30.75,2.7,7.48,9.4,NA,8.63,0.77,40.78,2.4,4.23,NA,NA,NA,NA,25.68,89.25,0.8,204.0,0.0,0.0,62.5,NA,-0.17
2026-08-26 10:00:00,20.5,32.25,2.7,7.55,9.48,NA,8.75,0.78,41.28,2.45,4.28,NA,NA,NA,NA,26.0,89.25,0.8,199.5,0.0,0.0,145.75,NA,-0.17
2026-08-26 11:00:00,20.25,32.0,2.7,7.6,9.55,NA,8.7,0.78,41.58,2.4,4.27,NA,NA,NA,NA,26.2,88.0,0.68,196.25,0.0,0.0,104.0,NA,-0.18
2026-08-26 12:00:00,23.25,36.0,2.73,7.55,9.48,NA,8.83,0.78,41.2,2.5,4.3,NA,NA,NA,NA,25.95,92.0,0.73,192.75,0.0,0.0,170.0,NA,-0.19
2026-08-26 13:00:00,24.25,37.25,2.88,7.95,10.0,NA,8.93,0.8,43.78,2.5,4.33,NA,NA,NA,NA,27.58,82.25,0.63,180.5,0.0,0.0,382.75,NA,-0.19
2026-08-26 14:00:00,25.5,39.25,2.9,8.13,10.23,NA,8.85,0.82,45.03,2.5,4.3,NA,NA,NA,NA,28.33,74.0,0.58,177.25,0.0,0.0,280.5,NA,-0.15
2026-08-26 15:00:00,25.25,38.75,2.7,7.55,9.48,NA,8.8,0.78,41.2,2.5,4.3,NA,NA,NA,NA,25.98,87.75,0.58,200.75,0.0,0.0,42.75,NA,-0.16
2026-08-26 16:00:00,18.25,28.75,2.65,7.4,9.28,NA,8.83,0.77,40.33,2.5,4.3,NA,NA,NA,NA,25.43,92.25,0.65,224.25,0.0,0.0,16.5,NA,-0.17
2026-08-26 17:00:00,10.5,19.0,2.5,7.05,8.85,NA,8.9,0.74,38.15,2.5,4.3,NA,NA,NA,NA,24.13,NA,0.65,184.25,0.0,0.0,5.25,NA,-0.16
2026-08-26 18:00:00,10.0,18.0,2.58,7.13,8.98,NA,8.8,0.74,38.73,2.5,4.3,NA,NA,NA,NA,24.45,NA,0.6,231.25,0.0,0.0,4.75,NA,-0.14
2026-08-26 19:00:00,14.0,23.5,2.6,7.18,9.0,NA,8.8,0.74,38.85,2.5,4.3,NA,NA,NA,NA,24.53,NA,0.63,211.75,0.0,0.0,4.25,NA,-0.1
2026-08-26 20:00:00,10.25,19.0,2.58,7.1,8.98,NA,8.83,0.74,38.73,2.5,4.3,NA,NA,NA,NA,24.45,97.33,0.43,221.5,0.0,0.0,4.0,NA,-0.1
2026-08-26 21:00:00,6.25,13.5,2.6,7.15,9.0,NA,8.83,0.74,38.8,2.5,4.3,NA,NA,NA,NA,24.5,96.0,0.48,167.25,0.0,0.0,4.25,NA,-0.1
2026-08-26 22:00:00,4.5,10.75,2.6,7.2,9.0,NA,8.8,0.74,38.9,2.5,4.3,NA,NA,NA,NA,24.58,96.0,0.45,158.0,0.0,0.0,4.0,NA,-0.11
2026-08-26 23:00:00,7.5,15.0,2.6,7.2,9.0,NA,8.8,0.74,38.93,2.5,4.3,NA,NA,NA,NA,24.58,96.75,0.55,186.25,0.0,0.0,4.0,NA,-0.1
2026-08-27 00:00:00,8.0,16.0,2.6,7.18,9.0,NA,8.8,0.74,38.85,2.5,4.3,NA,NA,NA,NA,24.53,98.0,0.48,158.0,0.0,0.0,4.0,NA,-0.1
2026-08-27 01:00:00,6.5,13.5,2.6,7.2,9.0,NA,8.83,0.74,38.93,2.5,4.3,NA,NA,NA,NA,24.58,NA,0.48,171.75,0.0,0.0,4.25,NA,-0.11
2026-08-27 02:00:00,11.0,19.25,2.6,7.2,9.0,NA,8.78,0.75,38.95,2.48,4.3,NA,NA,NA,NA,24.63,96.25,0.55,196.0,0.0,0.0,4.0,NA,-0.1
2026-08-27 03:00:00,8.5,16.0,2.6,7.2,9.0,NA,8.7,0.74,38.98,2.43,4.3,NA,NA,NA,NA,24.6,96.0,0.48,166.5,0.0,0.0,4.0,NA,-0.09
2026-08-27 04:00:00,17.5,28.25,2.6,7.2,9.0,NA,8.8,0.74,38.93,2.5,4.3,NA,NA,NA,NA,24.58,97.25,0.55,134.25,0.0,0.0,4.0,NA,-0.09
2026-08-27 05:00:00,18.25,29.75,2.6,7.2,9.0,NA,8.8,0.74,38.9,2.5,4.3,NA,NA,NA,NA,24.6,96.75,0.45,144.5,0.0,0.0,5.0,NA,-0.09
2026-08-27 06:00:00,20.5,32.5,2.6,7.25,9.13,NA,8.75,0.76,39.48,2.48,4.3,NA,NA,NA,NA,24.93,94.5,0.48,165.75,0.0,0.0,83.25,NA,-0.09
2026-08-27 07:00:00,23.5,36.75,2.6,7.4,9.3,NA,8.77,0.77,40.25,2.47,4.3,NA,NA,NA,NA,25.4,90.25,0.65,191.0,0.0,0.0,89.5,NA,-0.1
2026-08-27 08:00:00,24.75,38.0,2.7,7.5,9.43,NA,8.83,0.78,41.03,2.48,4.3,NA,NA,NA,NA,25.85,88.25,0.65,191.25,0.0,0.0,202.0,NA,-0.1
2026-08-27 09:00:00,26.5,40.5,2.75,7.68,9.65,NA,8.9,0.79,42.05,2.5,4.33,NA,NA,NA,NA,26.55,84.75,0.7,198.75,0.0,0.0,330.75,NA,-0.18
2026-08-27 10:00:00,26.5,40.25,2.8,7.88,9.88,NA,8.85,0.8,43.25,2.5,4.33,NA,NA,NA,NA,27.25,80.0,0.65,189.5,0.0,0.0,424.0,NA,-0.2
2026-08-27 11:00:00,27.75,41.5,2.82,7.9,9.95,NA,8.83,0.8,43.6,2.5,4.3,NA,NA,NA,NA,27.43,78.25,0.63,199.0,0.0,0.0,381.5,NA,-0.21
2026-08-27 12:00:00,30.25,45.5,2.9,8.03,10.13,NA,8.85,0.81,44.38,2.5,4.3,NA,NA,NA,NA,27.95,75.25,0.58,201.5,0.0,0.0,397.0,NA,-0.21
2026-08-27 13:00:00,29.25,44.25,2.9,8.08,10.17,NA,8.87,0.81,44.7,2.5,4.3,NA,NA,NA,NA,28.13,74.0,0.6,200.25,0.0,0.0,352.0,NA,-0.2
2026-08-27 14:00:00,28.25,42.5,2.9,8.15,10.25,NA,8.83,0.82,45.03,2.5,4.3,NA,NA,NA,NA,28.35,73.25,0.5,191.75,0.0,0.0,272.25,NA,-0.21
2026-08-27 15:00:00,32.75,48.5,2.88,8.03,10.08,NA,8.8,0.81,44.28,2.5,4.3,NA,NA,NA,NA,27.88,77.5,0.5,233.25,0.0,0.0,229.75,NA,-0.2
2026-08-27 16:00:00,28.25,42.5,2.9,8.03,10.13,NA,8.8,0.81,44.33,2.5,4.3,NA,NA,NA,NA,27.9,75.75,0.38,222.75,0.0,0.0,190.75,NA,-0.21
2026-08-27 17:00:00,20.0,31.5,2.8,7.85,9.88,NA,8.8,0.8,43.13,2.5,4.3,NA,NA,NA,NA,27.2,81.0,0.6,212.75,0.0,0.0,64.0,NA,-0.21
2026-08-27 18:00:00,23.75,36.5,2.73,7.58,9.55,NA,8.85,0.78,41.6,2.5,4.3,NA,NA,NA,NA,26.23,85.75,0.5,218.5,0.0,0.0,6.75,NA,-0.21
2026-08-27 19:00:00,20.0,31.5,2.7,7.5,9.4,NA,8.77,0.77,40.8,2.5,4.3,NA,NA,NA,NA,25.73,85.25,0.5,226.0,0.0,0.0,4.5,NA,-0.13
2026-08-27 20:00:00,15.25,25.25,2.68,7.43,9.33,NA,8.88,0.77,40.55,2.5,4.35,NA,NA,NA,NA,25.55,87.25,0.53,237.5,0.0,0.0,5.25,NA,-0.14
2026-08-27 21:00:00,19.25,31.0,2.6,7.4,9.25,NA,8.9,0.77,40.05,2.5,4.37,NA,NA,NA,NA,25.3,89.5,0.65,221.25,0.0,0.0,5.5,NA,-0.16
2026-08-27 22:00:00,15.5,25.75,2.6,7.4,9.3,NA,8.83,0.77,40.2,2.5,4.3,NA,NA,NA,NA,25.38,89.0,0.65,184.5,0.0,0.0,4.75,NA,-0.13
2026-08-27 23:00:00,23.25,35.75,2.65,7.4,9.3,NA,8.83,0.77,40.33,2.5,4.3,NA,NA,NA,NA,25.43,89.25,0.63,185.0,0.0,0.0,4.25,NA,-0.11
2026-08-28 00:00:00,23.25,36.0,2.6,7.25,9.13,NA,8.98,0.76,39.55,2.5,4.38,NA,NA,NA,NA,24.98,92.75,0.48,229.75,0.0,0.0,4.0,NA,-0.09
2026-08-28 01:00:00,12.0,21.0,2.6,7.2,9.1,NA,9.0,0.76,39.18,2.5,4.4,NA,NA,NA,NA,24.75,94.5,0.78,207.5,0.0,0.0,4.75,NA,-0.13
2026-08-28 02:00:00,6.75,13.75,2.6,7.2,9.03,NA,8.85,0.75,39.0,2.5,4.33,NA,NA,NA,NA,24.65,95.75,0.6,217.75,0.0,0.0,5.0,NA,-0.13
2026-08-28 03:00:00,3.0,9.0,2.6,7.2,9.03,NA,8.87,0.75,39.0,2.5,4.3,NA,NA,NA,NA,24.63,96.0,0.65,207.0,0.0,0.0,4.75,NA,-0.12
2026-08-28 04:00:00,9.0,17.0,2.6,7.2,9.1,NA,8.78,0.76,39.13,2.45,4.3,NA,NA,NA,NA,24.7,96.0,0.5,219.25,0.0,0.0,4.75,NA,-0.13
2026-08-28 05:00:00,4.5,10.75,2.58,7.15,8.98,NA,8.7,0.75,38.8,2.47,4.3,NA,NA,NA,NA,24.5,97.0,0.48,163.75,0.0,0.0,5.5,NA,-0.15
2026-08-28 06:00:00,2.25,7.75,2.55,7.1,8.98,NA,8.75,0.74,38.63,2.45,4.3,NA,NA,NA,NA,24.4,NA,0.58,226.0,0.0,0.0,6.0,NA,-0.16
2026-08-28 07:00:00,4.25,10.25,2.6,7.18,9.03,NA,8.8,0.75,38.98,2.5,4.3,NA,NA,NA,NA,24.6,97.0,0.5,230.75,0.0,0.0,45.75,NA,-0.17
2026-08-28 08:00:00,7.0,14.5,2.6,7.33,9.2,NA,8.75,0.76,39.85,2.45,4.3,NA,NA,NA,NA,25.15,94.5,0.63,230.0,0.0,0.0,105.25,NA,-0.18
2026-08-28 09:00:00,6.0,13.0,2.75,7.63,9.63,NA,8.7,0.78,41.88,2.47,4.3,NA,NA,NA,NA,26.4,86.25,0.55,235.5,0.0,0.0,283.5,NA,-0.15
2026-08-28 10:00:00,7.25,14.5,2.82,7.93,10.0,NA,8.7,0.8,43.73,2.45,4.3,NA,NA,NA,NA,27.5,79.5,0.63,135.25,0.0,0.0,396.75,NA,-0.18
2026-08-28 11:00:00,8.0,15.5,2.95,8.2,10.33,NA,8.73,0.82,45.38,2.43,4.27,NA,NA,NA,NA,28.55,73.5,0.5,187.25,0.0,0.0,308.25,NA,-0.16
2026-08-28 12:00:00,11.75,20.5,2.85,7.95,10.0,NA,8.8,0.8,43.83,2.5,4.3,NA,NA,NA,NA,27.6,77.0,0.6,183.75,0.0,0.0,144.0,NA,-0.12
2026-08-28 13:00:00,18.75,30.0,2.85,7.95,9.98,NA,8.8,0.81,43.83,2.5,4.3,NA,NA,NA,NA,27.58,79.0,0.65,208.25,0.0,0.0,81.5,NA,-0.17
2026-08-28 14:00:00,15.5,25.75,2.63,7.45,9.35,NA,8.9,0.77,40.53,2.5,4.38,NA,NA,NA,NA,25.58,90.5,0.5,223.25,0.0,0.0,90.75,NA,-0.15
2026-08-28 15:00:00,7.0,14.25,2.73,7.6,9.53,NA,9.0,0.78,41.6,2.5,4.4,NA,NA,NA,NA,26.2,86.25,0.68,213.25,0.0,0.0,249.75,NA,-0.16
2026-08-28 16:00:00,8.75,16.5,2.8,7.73,9.75,NA,8.8,0.79,42.53,2.5,4.33,NA,NA,NA,NA,26.8,83.25,0.73,204.25,0.0,0.0,122.75,NA,-0.14
2026-08-28 17:00:00,12.25,21.25,2.75,7.68,9.65,NA,8.67,0.79,42.1,2.4,4.27,NA,NA,NA,NA,26.55,86.75,0.7,207.75,0.0,0.0,31.0,NA,-0.12
2026-08-28 18:00:00,27.5,41.25,2.7,7.6,9.55,NA,8.85,0.78,41.55,2.48,4.35,NA,NA,NA,NA,26.2,88.25,0.78,202.25,0.0,0.0,4.75,NA,-0.12
2026-08-28 19:00:00,40.5,59.25,2.7,7.53,9.5,NA,8.9,0.78,41.3,2.5,4.37,NA,NA,NA,NA,26.03,90.5,0.73,206.75,0.0,0.0,5.25,NA,-0.15
2026-08-28 20:00:00,44.0,63.75,2.7,7.5,9.48,NA,8.85,0.78,41.13,2.5,4.33,NA,NA,NA,NA,25.95,91.25,0.73,202.5,0.0,0.0,5.5,NA,-0.16
2026-08-28 21:00:00,40.75,59.5,2.7,7.5,9.4,NA,8.87,0.77,40.98,2.5,4.3,NA,NA,NA,NA,25.85,91.75,0.75,197.75,0.0,0.0,5.0,NA,-0.14
2026-08-28 22:00:00,44.0,63.5,2.7,7.45,9.4,NA,8.85,0.77,40.7,2.5,4.3,NA,NA,NA,NA,25.65,93.0,0.45,246.5,0.0,0.0,5.5,NA,-0.15
2026-08-28 23:00:00,47.25,68.25,2.7,7.4,9.3,NA,8.8,0.77,40.5,2.5,4.3,NA,NA,NA,NA,25.55,95.75,0.6,279.0,0.0,0.0,5.25,NA,-0.14
2026-08-29 00:00:00,46.25,66.75,2.6,7.4,9.3,NA,8.8,0.77,40.2,2.5,4.3,NA,NA,NA,NA,25.38,96.0,0.63,225.0,0.0,0.0,5.0,NA,-0.13
2026-08-29 01:00:00,46.5,67.25,2.6,7.4,9.23,NA,8.9,0.77,40.1,2.5,4.4,NA,NA,NA,NA,25.3,96.5,0.8,198.75,0.0,0.0,5.0,NA,-0.13
2026-08-29 02:00:00,46.5,66.75,2.6,7.33,9.2,NA,8.83,0.76,39.85,2.5,4.3,NA,NA,NA,NA,25.18,97.0,0.68,202.75,0.0,0.0,5.0,NA,-0.13
2026-08-29 03:00:00,38.75,56.5,2.6,7.25,9.13,NA,8.8,0.76,39.43,2.5,4.3,NA,NA,NA,NA,24.9,94.75,0.85,199.75,0.0,0.0,4.75,NA,-0.12
2026-08-29 04:00:00,28.5,43.25,2.6,7.25,9.13,NA,8.88,0.76,39.45,2.5,4.3,NA,NA,NA,NA,24.9,93.25,0.8,200.5,0.0,0.0,4.25,NA,-0.11
2026-08-29 05:00:00,28.75,43.5,2.6,7.2,9.08,NA,8.9,0.76,39.15,2.5,4.3,NA,NA,NA,NA,24.75,95.75,0.63,207.25,0.0,0.0,4.0,NA,-0.1
2026-08-29 06:00:00,21.5,34.0,2.6,7.23,9.1,NA,8.9,0.76,39.25,2.5,4.35,NA,NA,NA,NA,24.78,95.25,0.7,208.5,0.0,0.0,27.5,NA,-0.11
2026-08-29 07:00:00,20.75,32.75,2.68,7.53,9.4,NA,8.9,0.78,40.98,2.5,4.33,NA,NA,NA,NA,25.88,88.25,0.7,216.25,0.0,0.0,117.25,NA,-0.18
2026-08-29 08:00:00,22.0,34.5,2.73,7.63,9.55,NA,8.75,0.78,41.68,2.45,4.3,NA,NA,NA,NA,26.28,86.5,0.75,202.0,0.0,0.0,176.0,NA,-0.17
2026-08-29 09:00:00,26.25,40.0,2.85,7.95,10.0,NA,8.6,0.81,43.85,2.4,4.2,NA,NA,NA,NA,27.6,80.5,0.7,210.0,0.0,0.0,279.0,NA,-0.16
2026-08-29 10:00:00,29.0,44.0,2.93,8.15,10.25,NA,8.63,0.82,44.95,2.4,4.25,NA,NA,NA,NA,28.3,76.5,0.75,203.25,0.0,0.0,394.5,NA,-0.15
2026-08-29 11:00:00,25.5,39.5,3.0,8.33,10.5,NA,8.63,0.84,46.33,2.4,4.23,NA,NA,NA,NA,29.15,71.25,0.73,200.5,0.0,0.0,381.5,NA,-0.11
2026-08-29 12:00:00,25.5,39.25,3.03,8.48,10.65,NA,8.88,0.85,47.05,2.48,4.35,NA,NA,NA,NA,29.58,66.5,0.55,233.5,0.0,0.0,291.75,NA,-0.15
2026-08-29 13:00:00,39.0,56.75,2.83,8.0,10.03,NA,9.0,0.8,43.93,2.5,4.4,NA,NA,NA,NA,27.68,75.25,0.43,211.75,0.0,0.0,44.5,NA,-0.12
2026-08-29 14:00:00,42.0,61.0,2.6,7.35,9.23,NA,8.9,0.77,40.0,2.5,4.33,NA,NA,NA,NA,25.28,92.25,0.53,188.0,0.0,0.0,11.0,NA,-0.16
2026-08-29 15:00:00,14.0,24.0,2.6,7.33,9.17,NA,8.9,0.76,39.78,2.5,4.3,NA,NA,NA,NA,25.13,92.25,0.63,177.0,0.0,0.0,6.0,NA,-0.19
2026-08-29 16:00:00,3.25,9.0,2.6,7.2,9.1,NA,8.7,0.76,39.15,2.45,4.28,NA,NA,NA,NA,24.73,95.0,0.65,199.75,0.0,0.0,4.75,NA,-0.13
2026-08-29 17:00:00,5.25,12.0,2.6,7.2,9.08,NA,8.8,0.76,39.08,2.5,4.3,NA,NA,NA,NA,24.7,96.0,0.7,215.75,0.0,0.0,5.25,NA,-0.14
2026-08-29 18:00:00,5.25,12.0,2.6,7.2,9.03,NA,8.78,0.75,39.03,2.48,4.33,NA,NA,NA,NA,24.63,96.0,0.8,200.0,0.0,0.0,5.5,NA,-0.16
2026-08-29 19:00:00,6.0,12.5,2.6,7.2,9.1,NA,8.77,0.76,39.23,2.5,4.3,NA,NA,NA,NA,24.78,96.0,0.68,232.75,0.0,0.0,4.75,NA,-0.12
2026-08-29 20:00:00,10.5,19.25,2.6,7.25,9.1,NA,8.88,0.76,39.4,2.5,4.3,NA,NA,NA,NA,24.88,96.0,0.78,329.0,0.0,0.0,5.25,NA,-0.15
2026-08-29 21:00:00,12.75,22.0,2.6,7.3,9.2,NA,8.9,0.76,39.63,2.5,4.3,NA,NA,NA,NA,25.03,96.0,0.75,314.75,0.0,0.0,4.75,NA,-0.11
2026-08-29 22:00:00,21.25,33.0,2.6,7.3,9.2,NA,8.85,0.76,39.8,2.5,4.3,NA,NA,NA,NA,25.15,96.0,0.63,195.75,0.0,0.0,4.25,NA,-0.11
2026-08-29 23:00:00,29.75,44.5,2.6,7.3,9.2,NA,8.8,0.76,39.78,2.5,4.3,NA,NA,NA,NA,25.13,96.0,0.78,249.0,0.0,0.0,5.75,NA,-0.16
2026-08-30 00:00:00,32.75,48.25,2.6,7.3,9.2,NA,8.55,0.76,39.75,2.43,4.2,NA,NA,NA,NA,25.08,97.0,0.65,205.75,0.0,0.0,5.25,NA,-0.14
2026-08-30 01:00:00,26.5,40.5,2.6,7.3,9.15,NA,8.37,0.76,39.55,2.37,4.1,NA,NA,NA,NA,24.98,NA,0.55,199.25,0.0,0.0,5.0,NA,-0.14
2026-08-30 02:00:00,24.5,37.75,2.6,7.3,9.1,NA,8.68,0.76,39.48,2.45,4.25,NA,NA,NA,NA,24.9,NA,0.48,239.0,0.0,0.0,5.5,NA,-0.16
2026-08-30 03:00:00,22.5,35.25,2.6,7.23,9.1,NA,8.8,0.76,39.35,2.5,4.3,NA,NA,NA,NA,24.85,97.67,0.45,191.25,0.0,0.0,4.75,NA,-0.13
2026-08-30 04:00:00,19.75,31.25,2.6,7.18,9.0,NA,8.9,0.74,38.78,2.5,4.33,NA,NA,NA,NA,24.5,97.0,0.73,202.0,0.0,0.0,5.0,NA,-0.13
2026-08-30 05:00:00,12.75,22.0,2.5,7.05,8.9,NA,9.17,0.74,38.3,2.6,4.47,NA,NA,NA,NA,24.18,96.25,0.58,226.0,0.0,0.0,5.0,NA,-0.15
2026-08-30 06:00:00,4.25,10.75,2.5,7.0,8.8,NA,8.95,0.73,37.98,2.53,4.38,NA,NA,NA,NA,24.03,96.25,0.55,208.25,0.0,0.0,10.25,NA,-0.14
2026-08-30 07:00:00,2.0,8.0,2.53,7.07,8.9,NA,9.0,0.74,38.4,2.5,4.4,NA,NA,NA,NA,24.25,94.5,0.58,229.0,0.0,0.0,41.75,NA,-0.12
2026-08-30 08:00:00,6.75,14.25,2.6,7.25,9.15,NA,8.93,0.76,39.48,2.5,4.33,NA,NA,NA,NA,24.93,90.0,0.58,245.5,0.0,0.0,96.25,NA,-0.17
2026-08-30 09:00:00,6.25,13.5,2.68,7.45,9.38,NA,8.8,0.77,40.58,2.5,4.3,NA,NA,NA,NA,25.58,86.75,0.65,195.75,0.0,0.0,165.5,NA,-0.15
2026-08-30 10:00:00,2.0,7.25,2.7,7.53,9.48,NA,8.78,0.78,41.25,2.5,4.3,NA,NA,NA,NA,26.0,85.25,0.53,229.0,0.0,0.0,217.5,NA,-0.12
2026-08-30 11:00:00,1.5,6.0,2.8,7.75,9.78,NA,8.67,0.79,42.58,2.43,4.27,NA,NA,NA,NA,26.85,81.25,0.6,222.0,0.0,0.0,279.0,NA,-0.13
2026-08-30 12:00:00,6.75,13.75,2.8,7.83,9.83,NA,8.88,0.8,42.9,2.48,4.35,NA,NA,NA,NA,27.03,79.75,0.55,210.5,0.0,0.0,250.5,NA,-0.15
2026-08-30 13:00:00,7.0,14.5,2.8,7.83,9.85,NA,8.87,0.8,43.03,2.5,4.33,NA,NA,NA,NA,27.1,80.25,0.55,218.0,0.0,0.0,263.75,NA,-0.15
2026-08-30 14:00:00,9.0,16.5,2.82,7.9,9.95,NA,8.75,0.8,43.58,2.5,4.3,NA,NA,NA,NA,27.43,77.25,0.55,225.5,0.0,0.0,273.25,NA,-0.15
2026-08-30 15:00:00,3.0,8.75,2.82,7.93,9.98,NA,8.8,0.8,43.63,2.5,4.3,NA,NA,NA,NA,27.48,75.75,0.63,221.75,0.0,0.0,180.25,NA,-0.11
2026-08-30 16:00:00,6.0,13.25,2.85,7.93,9.95,NA,8.85,0.8,43.58,2.5,4.3,NA,NA,NA,NA,27.45,76.25,0.7,209.25,0.0,0.0,106.75,NA,-0.15
2026-08-30 17:00:00,10.75,19.25,2.78,7.7,9.7,NA,8.8,0.79,42.25,2.5,4.3,NA,NA,NA,NA,26.63,81.75,0.7,209.25,0.0,0.0,8.25,NA,-0.13
2026-08-30 18:00:00,12.5,21.75,2.7,7.6,9.58,NA,8.8,0.78,41.63,2.5,4.3,NA,NA,NA,NA,26.25,84.75,0.58,215.75,0.0,0.0,4.75,NA,-0.11
2026-08-30 19:00:00,11.5,20.75,2.65,7.43,9.33,NA,8.83,0.77,40.45,2.5,4.3,NA,NA,NA,NA,25.5,88.0,0.6,219.75,0.0,0.0,4.25,NA,-0.11
2026-08-30 20:00:00,12.0,21.25,2.65,7.4,9.3,NA,9.0,0.77,40.35,2.5,4.4,NA,NA,NA,NA,25.45,90.0,0.78,199.75,0.0,0.0,4.25,NA,-0.1
2026-08-30 21:00:00,19.0,30.5,2.7,7.4,9.38,NA,9.1,0.77,40.63,2.6,4.4,NA,NA,NA,NA,25.63,89.0,0.78,205.5,0.0,0.0,4.0,NA,-0.1
2026-08-30 22:00:00,24.5,37.75,2.7,7.5,9.4,NA,8.9,0.77,40.75,2.53,4.35,NA,NA,NA,NA,25.7,87.0,0.4,243.75,0.0,0.0,4.25,NA,-0.09
2026-08-30 23:00:00,29.5,44.25,2.7,7.4,9.33,NA,8.8,0.77,40.53,2.5,4.3,NA,NA,NA,NA,25.58,87.5,0.73,216.0,0.0,0.0,4.0,NA,-0.09
2026-08-31 00:00:00,24.25,37.25,2.63,7.38,9.25,NA,8.73,0.77,40.15,2.45,4.3,NA,NA,NA,NA,25.33,89.25,0.83,196.0,0.0,0.0,4.0,NA,-0.09
2026-08-31 01:00:00,26.0,39.5,2.6,7.3,9.2,NA,8.6,0.76,39.85,2.4,4.2,NA,NA,NA,NA,25.15,91.0,0.83,196.25,0.0,0.0,4.25,NA,-0.09
2026-08-31 02:00:00,23.75,36.25,2.6,7.38,9.25,NA,8.78,0.77,40.08,2.48,4.3,NA,NA,NA,NA,25.28,88.0,0.58,158.0,0.0,0.0,4.25,NA,-0.09
2026-08-31 03:00:00,25.75,39.5,2.6,7.3,9.2,NA,8.8,0.76,39.8,2.5,4.3,NA,NA,NA,NA,25.1,89.0,0.55,216.0,0.0,0.0,4.25,NA,-0.09
2026-08-31 04:00:00,21.5,33.75,2.6,7.3,9.2,NA,8.9,0.76,39.65,2.5,4.33,NA,NA,NA,NA,25.0,90.0,0.78,221.25,0.0,0.0,4.0,NA,-0.08
2026-08-31 05:00:00,23.0,35.75,2.6,7.3,9.15,NA,8.87,0.76,39.6,2.5,4.3,NA,NA,NA,NA,25.0,90.0,0.85,236.0,0.0,0.0,4.0,NA,-0.08
2026-08-31 06:00:00,26.25,40.25,2.6,7.35,9.2,NA,9.0,0.77,39.98,2.53,4.4,NA,NA,NA,NA,25.23,89.5,0.75,210.75,0.0,0.0,9.5,NA,-0.08
2026-08-31 07:00:00,35.5,52.25,2.68,7.4,9.3,NA,9.1,0.77,40.38,2.6,4.47,NA,NA,NA,NA,25.48,89.0,0.75,203.5,0.0,0.0,14.5,NA,-0.09
2026-08-31 08:00:00,39.75,58.25,2.7,7.45,9.38,NA,8.9,0.77,40.8,2.53,4.35,NA,NA,NA,NA,25.75,88.0,0.65,207.25,0.0,0.0,54.0,NA,-0.08
2026-08-31 09:00:00,49.0,70.5,2.7,7.6,9.58,NA,8.67,0.78,41.65,2.43,4.27,NA,NA,NA,NA,26.25,86.5,0.73,203.25,0.0,0.0,108.75,NA,-0.19
2026-08-31 10:00:00,52.5,75.0,2.78,7.73,9.73,NA,8.75,0.79,42.53,2.48,4.28,NA,NA,NA,NA,26.8,84.0,0.58,178.5,0.0,0.0,208.0,NA,-0.19
2026-08-31 11:00:00,48.75,70.0,2.88,8.03,10.13,NA,8.63,0.81,44.3,2.4,4.23,NA,NA,NA,NA,27.88,76.5,0.55,195.25,0.0,0.0,376.25,NA,-0.2
2026-08-31 12:00:00,41.25,60.25,2.88,8.1,10.18,NA,8.73,0.81,44.8,2.45,4.28,NA,NA,NA,NA,28.2,74.0,0.65,217.0,0.0,0.0,339.0,NA,-0.2
2026-08-31 13:00:00,47.75,68.75,2.82,7.9,9.95,NA,8.87,0.8,43.5,2.5,4.3,NA,NA,NA,NA,27.38,78.5,0.6,222.0,0.0,0.0,392.25,NA,-0.21
2026-08-31 14:00:00,34.75,51.25,2.75,7.68,9.68,NA,8.78,0.79,42.33,2.5,4.3,NA,NA,NA,NA,26.68,82.0,0.5,215.25,0.0,0.0,153.5,NA,-0.19
2026-08-31 15:00:00,26.5,40.5,2.8,7.78,9.8,NA,8.9,0.79,42.7,2.5,4.3,NA,NA,NA,NA,26.9,81.0,0.6,216.0,0.0,0.0,174.5,NA,-0.2
2026-08-31 16:00:00,32.75,48.75,2.75,7.68,9.65,NA,8.83,0.79,42.03,2.5,4.3,NA,NA,NA,NA,26.48,83.5,0.73,211.5,0.0,0.0,60.0,NA,-0.19
2026-08-31 17:00:00,41.0,59.5,2.7,7.55,9.48,NA,8.9,0.78,41.2,2.5,4.37,NA,NA,NA,NA,25.98,84.75,0.73,211.75,0.0,0.0,6.0,NA,-0.2
2026-08-31 18:00:00,31.25,47.0,2.53,7.03,8.8,NA,8.83,0.74,37.9,2.5,4.3,NA,NA,NA,NA,23.95,94.0,0.4,207.0,0.0,0.0,6.0,NA,-0.2
2026-08-31 19:00:00,7.33,12.5,2.5,6.9,8.7,NA,8.73,0.73,37.15,2.43,4.3,NA,NA,NA,NA,23.48,NA,0.6,212.75,0.0,0.0,6.0,NA,-0.18
2026-08-31 20:00:00,2.75,8.75,2.5,6.93,8.7,NA,8.93,0.73,37.35,2.5,4.35,NA,NA,NA,NA,23.63,NA,0.8,200.5,0.0,0.0,5.5,NA,-0.16
2026-08-31 21:00:00,4.0,10.0,2.5,7.03,8.85,NA,9.1,0.74,38.1,2.57,4.4,NA,NA,NA,NA,24.05,NA,0.75,201.0,0.0,0.0,5.5,NA,-0.17
2026-08-31 22:00:00,9.0,16.75,2.5,7.1,8.9,NA,8.85,0.74,38.5,2.5,4.33,NA,NA,NA,NA,24.28,NA,0.6,184.0,0.0,0.0,4.5,NA,-0.11
2026-08-31 23:00:00,11.33,20.0,2.5,7.07,8.9,NA,8.6,0.74,38.3,2.4,4.2,NA,NA,NA,NA,24.2,NA,0.53,168.33,0.0,0.0,4.0,NA,-0.09
