Timestamp,PM2.5 (µg/m³),actual_pm25_24h,predicted_pm25_24h,is_anomaly,anomaly_score,risk_score,risk_category
2026-01-01 00:00:00,28.5,95.25,63.431051212524544,1,0.5599134762296128,38.38621024250491,Moderate
2026-01-01 01:00:00,30.5,107.25,45.39655963901056,1,0.5507614127389577,35.17931192780211,Moderate
2026-01-01 02:00:00,27.75,109.0,60.520259248638226,1,0.5537121744435356,37.65405184972765,Moderate
2026-01-01 03:00:00,26.0,109.75,42.44825959663811,1,0.5473402653787308,33.68965191932762,Moderate
2026-01-01 04:00:00,21.75,94.5,42.875578739191454,1,0.5589702394261294,32.92511574783829,Moderate
2026-01-01 05:00:00,20.0,89.25,39.059548574695754,1,0.5578511375667563,31.81190971493915,Moderate
2026-01-01 06:00:00,20.0,82.75,39.25318757642419,0,0.5383641317829022,11.850637515284838,Low
2026-01-01 07:00:00,28.5,87.25,38.874417201371934,1,0.5433972730094868,33.47488344027438,Moderate
2026-01-01 08:00:00,51.75,88.0,42.4006556027332,0,0.5272951828534527,18.83013112054664,Low
2026-01-01 09:00:00,66.0,88.75,65.8861766973802,0,0.5011194985230565,26.377235339476037,Moderate
2026-01-01 10:00:00,57.5,92.5,64.15820621539407,0,0.4726324706218673,24.331641243078813,Low
2026-01-01 11:00:00,55.25,86.0,62.59335248997706,0,0.460502971987516,23.568670497995413,Low
2026-01-01 12:00:00,63.0,71.5,61.39918405124951,0,0.450379794392829,24.879836810249902,Low
2026-01-01 13:00:00,67.5,70.75,58.80024393601406,0,0.45088228353543497,25.260048787202813,Moderate
2026-01-01 14:00:00,70.75,72.0,62.52198154094212,0,0.4500616678095054,26.654396308188424,Moderate
2026-01-01 15:00:00,72.0,79.0,63.66614271901669,0,0.4550161940868709,27.133228543803337,Moderate
2026-01-01 16:00:00,75.5,74.75,65.50463553636224,0,0.46761303841224483,28.20092710727245,Moderate
2026-01-01 17:00:00,64.75,63.5,73.68140606100609,0,0.4739775756455319,27.686281212201216,Moderate
2026-01-01 18:00:00,77.0,53.25,71.63844163017956,0,0.48819249432315204,29.72768832603591,Moderate
2026-01-01 19:00:00,89.5,52.0,79.58705770977272,0,0.5034083704379777,33.81741154195454,Moderate
2026-01-01 20:00:00,104.0,52.0,88.1328684145797,0,0.516963067637203,38.426573682915944,Moderate
2026-01-01 21:00:00,97.25,54.75,83.40877264740502,0,0.5175758753347931,36.131754529481,Moderate
2026-01-01 22:00:00,94.25,54.25,67.31599284724825,0,0.5379531987028412,32.31319856944965,Moderate
2026-01-01 23:00:00,91.25,48.75,66.18762955747958,1,0.5495515641905829,51.487525911495915,High
2026-01-02 00:00:00,95.25,41.5,51.608155640125496,1,0.5537259150719949,49.3716311280251,Moderate
2026-01-02 01:00:00,107.25,32.25,58.77546639362822,1,0.5599441754228837,53.20509327872564,High
2026-01-02 02:00:00,109.0,22.25,54.47696136624635,1,0.5604156702330418,52.69539227324927,High
2026-01-02 03:00:00,109.75,21.75,53.26362224865332,1,0.562747691898881,52.602724449730665,High
2026-01-02 04:00:00,94.5,22.0,53.07044044542437,0,0.5284688812223461,29.514088089084872,Moderate
2026-01-02 05:00:00,89.25,22.5,53.48883692689832,0,0.5294181641561814,28.54776738537966,Moderate
2026-01-02 06:00:00,82.75,18.5,54.332457204676096,0,0.520029768620017,27.41649144093522,Moderate
2026-01-02 07:00:00,87.25,23.5,51.99251051400893,0,0.5237319825716482,27.84850210280179,Moderate
2026-01-02 08:00:00,88.0,28.5,73.6722429269786,0,0.5343819336664867,32.33444858539572,Moderate
2026-01-02 09:00:00,88.75,28.75,82.2994754888113,0,0.516855530818228,34.20989509776226,Moderate
2026-01-02 10:00:00,92.5,28.5,75.15517820576468,0,0.518991017972782,33.53103564115294,Moderate
2026-01-02 11:00:00,86.0,31.75,75.48329580326225,0,0.5316833581178332,32.29665916065245,Moderate
2026-01-02 12:00:00,71.5,38.25,79.74758330918452,0,0.5310742617802402,30.249516661836903,Moderate
2026-01-02 13:00:00,70.75,38.5,72.90762210505483,0,0.512565852671024,28.731524421010967,Moderate
2026-01-02 14:00:00,72.0,37.0,72.90481458431722,0,0.5033943651613529,28.980962916863444,Moderate
2026-01-02 15:00:00,79.0,35.75,74.83419183076735,0,0.508092666371862,30.766838366153472,Moderate
2026-01-02 16:00:00,74.75,43.5,81.19643499465157,0,0.528900412472183,31.189286998930314,Moderate
2026-01-02 17:00:00,63.5,57.75,72.41914205197071,0,0.5327294910331296,27.183828410394142,Moderate
2026-01-02 18:00:00,53.25,80.0,78.3727676860274,0,0.5186087964429787,26.324553537205478,Moderate
2026-01-02 19:00:00,52.0,100.25,95.96828481522131,0,0.524403049509506,29.59365696304426,Moderate
2026-01-02 20:00:00,52.0,128.25,104.97626886191875,0,0.5174046867744271,31.395253772383754,Moderate
2026-01-02 21:00:00,54.75,123.25,99.47035993642413,0,0.5300941063389596,30.844071987284828,Moderate
2026-01-02 22:00:00,54.25,91.5,94.60651714560295,0,0.5330224752317303,29.771303429120593,Moderate
2026-01-02 23:00:00,48.75,80.0,95.21988508830844,1,0.5461215646575417,48.79397701766169,Moderate
2026-01-03 00:00:00,41.5,77.25,94.62436037007998,0,0.5348006587233916,27.224872074015998,Moderate
2026-01-03 01:00:00,32.25,73.25,83.1232912180552,0,0.5359119478461822,23.074658243611037,Low
2026-01-03 02:00:00,22.25,67.75,61.995615563683934,1,0.5497470475817654,36.84912311273679,Moderate
2026-01-03 03:00:00,21.75,64.5,41.527000350582426,1,0.5432746350457859,32.655400070116485,Moderate
2026-01-03 04:00:00,22.0,66.75,41.38118124100845,1,0.5490572546353519,32.67623624820169,Moderate
2026-01-03 05:00:00,22.5,59.25,40.96608384476858,1,0.5477211069711864,32.69321676895372,Moderate
2026-01-03 06:00:00,18.5,65.0,40.975842359864615,1,0.5510561552992617,31.895168471972923,Moderate
2026-01-03 07:00:00,23.5,72.25,42.050185058368456,1,0.5489608722849929,33.11003701167369,Moderate
2026-01-03 08:00:00,28.5,97.5,39.945956752666525,0,0.5416320455126463,13.689191350533303,Low
2026-01-03 09:00:00,28.75,108.0,48.280791404959906,0,0.5421268107966314,15.406158280991981,Low
2026-01-03 10:00:00,28.5,100.25,56.831014851059116,0,0.537967756540463,17.066202970211823,Low
2026-01-03 11:00:00,31.75,79.0,49.03646488694705,0,0.5367349566883498,16.15729297738941,Low
2026-01-03 12:00:00,38.25,63.75,58.403128280623946,0,0.534246939222036,19.330625656124788,Low
2026-01-03 13:00:00,38.5,68.0,65.85417237616183,0,0.5314551969649632,20.870834475232364,Low
2026-01-03 14:00:00,37.0,63.5,66.38674452654632,0,0.5027704852767305,20.677348905309266,Low
2026-01-03 15:00:00,35.75,65.75,59.41684929857449,0,0.4938655929704251,19.0333698597149,Low
2026-01-03 16:00:00,43.5,69.5,54.197847740914945,0,0.4974366932462592,19.53956954818299,Low
2026-01-03 17:00:00,57.75,71.0,66.6473653391211,0,0.518191642699649,24.879473067824218,Low
2026-01-03 18:00:00,80.0,93.75,64.07755793605276,1,0.5434419413833662,48.81551158721055,Moderate
2026-01-03 19:00:00,100.25,121.5,68.43307059842151,1,0.5592335681850452,53.7366141196843,High
2026-01-03 20:00:00,128.25,154.5,76.62475209815726,1,0.5810822731759839,60.97495041963145,High
2026-01-03 21:00:00,123.25,211.25,84.28830828118643,1,0.5809289857112389,61.50766165623729,High
2026-01-03 22:00:00,91.5,160.0,82.61516240797603,1,0.5612816359921904,54.823032481595206,High
2026-01-03 23:00:00,80.0,125.25,75.48628533957778,1,0.5721713820743627,51.09725706791556,High
2026-01-04 00:00:00,77.25,102.0,68.76527931169288,1,0.5718232473637385,49.20305586233857,Moderate
2026-01-04 01:00:00,73.25,99.75,61.50470654880764,1,0.5652947447570734,46.95094130976153,Moderate
2026-01-04 02:00:00,67.75,97.25,55.48295675976301,1,0.5650121271456447,44.6465913519526,Moderate
2026-01-04 03:00:00,64.5,92.75,51.437977355040175,1,0.5475514840404003,43.18759547100804,Moderate
2026-01-04 04:00:00,66.75,87.75,47.988201268869986,0,0.5427716534703173,22.947640253773997,Low
2026-01-04 05:00:00,59.25,75.75,50.840618842407586,1,0.5452542846244276,42.018123768481516,Moderate
2026-01-04 06:00:00,65.0,70.5,49.792848042406746,1,0.5490939852890083,42.95856960848135,Moderate
2026-01-04 07:00:00,72.25,75.75,50.15600609529357,1,0.5620395330267317,44.48120121905872,Moderate
2026-01-04 08:00:00,97.5,94.5,51.68534627794781,1,0.566245291996459,49.83706925558956,Moderate
2026-01-04 09:00:00,108.0,95.0,50.75566536903909,1,0.5447206827087622,51.75113307380782,High
2026-01-04 10:00:00,100.25,74.75,48.764135047339444,0,0.517101498548054,29.802827009467887,Moderate
2026-01-04 11:00:00,79.0,71.75,56.91653665507387,0,0.4964179731453756,27.183307331014774,Moderate
2026-01-04 12:00:00,63.75,68.5,61.641416023113756,0,0.49086880118981846,25.07828320462275,Moderate
2026-01-04 13:00:00,68.0,65.5,60.212301571649974,0,0.4869189828550408,25.642460314329995,Moderate
2026-01-04 14:00:00,63.5,57.25,57.69411186143049,0,0.48846379060703915,24.238822372286098,Low
2026-01-04 15:00:00,65.75,61.25,55.05234278468058,0,0.4880840942602038,24.160468556936117,Low
2026-01-04 16:00:00,69.5,62.75,58.73720163060956,0,0.49719537035789185,25.64744032612191,Moderate
2026-01-04 17:00:00,71.0,68.25,71.96303466981075,0,0.5165686676976211,28.592606933962152,Moderate
2026-01-04 18:00:00,93.75,79.5,83.07274134986532,1,0.5488878798426914,55.364548269973064,High
2026-01-04 19:00:00,121.5,86.25,87.78340327381731,1,0.5767764129658051,61.856680654763466,High
2026-01-04 20:00:00,154.5,83.5,108.39041551015151,1,0.613430427168399,72.5780831020303,High
2026-01-04 21:00:00,211.25,84.75,112.51317279437703,1,0.6347800337346452,82.5026345588754,Critical
2026-01-04 22:00:00,160.0,85.0,109.70582440215651,1,0.6163256657289031,73.9411648804313,High
2026-01-04 23:00:00,125.25,75.25,101.8872742582783,1,0.6051617222768997,65.42745485165565,High
2026-01-05 00:00:00,102.0,68.0,94.05992121864318,1,0.5812931453609933,59.21198424372864,High
2026-01-05 01:00:00,99.75,60.75,83.91780221037949,1,0.5778818468700798,56.7335604420759,High
2026-01-05 02:00:00,97.25,57.5,83.42099577776732,1,0.573707489793188,56.13419915555346,High
2026-01-05 03:00:00,92.75,53.0,85.37882491390893,1,0.5604124543825689,55.62576498278179,High
2026-01-05 04:00:00,87.75,53.75,85.83834671397116,0,0.5419643317565517,34.717669342794224,Moderate
2026-01-05 05:00:00,75.75,56.75,92.474440601237,0,0.5330819329464968,33.6448881202474,Moderate
2026-01-05 06:00:00,70.5,58.75,102.6579594769205,0,0.5378848574320578,34.6315918953841,Moderate
2026-01-05 07:00:00,75.75,55.5,95.09464019519754,1,0.5488439254317228,54.16892803903951,High
2026-01-05 08:00:00,94.5,57.5,100.68100164926072,1,0.5459942998746651,59.03620032985214,High
2026-01-05 09:00:00,95.0,66.0,106.6146159358266,0,0.5153311974924956,40.322923187165316,Moderate
2026-01-05 10:00:00,74.75,75.75,97.44168534764528,0,0.49265830490887813,34.438337069529055,Moderate
2026-01-05 11:00:00,71.75,84.75,78.62780080329566,0,0.4836178726243427,30.075560160659133,Moderate
2026-01-05 12:00:00,68.5,92.5,73.40352546036944,0,0.4777916518490798,28.38070509207389,Moderate
2026-01-05 13:00:00,65.5,99.25,72.18567336424987,0,0.473449211076429,27.537134672849973,Moderate
2026-01-05 14:00:00,57.25,89.5,73.00944999634578,0,0.47416365786132847,26.051889999269154,Moderate
2026-01-05 15:00:00,61.25,87.0,75.08976583418242,0,0.4813558821447054,27.267953166836485,Moderate
2026-01-05 16:00:00,62.75,87.75,76.96717869071067,0,0.4809583802615344,27.943435738142135,Moderate
2026-01-05 17:00:00,68.25,89.0,79.28506471683629,0,0.4928971178100824,29.507012943367258,Moderate
2026-01-05 18:00:00,79.5,103.33,83.22519819295677,0,0.5386387464977394,32.545039638591355,Moderate
2026-01-05 19:00:00,86.25,98.0,96.74953222840156,1,0.5583944018775191,56.59990644568031,High
2026-01-05 20:00:00,83.5,85.5,106.81688831539806,1,0.5555619761718169,58.063377663079606,High
2026-01-05 21:00:00,84.75,74.25,101.48596478831945,1,0.5573158686765302,57.24719295766389,High
2026-01-05 22:00:00,85.0,70.25,98.74719858248031,1,0.5676741658918995,56.74943971649606,High
2026-01-05 23:00:00,75.25,67.5,100.19756990553843,1,0.5784631549595691,55.089513981107686,High
2026-01-06 00:00:00,68.0,65.25,82.22895307854647,1,0.5630747729103881,50.04579061570929,High
2026-01-06 01:00:00,60.75,62.5,78.21630140289074,0,0.5346605365113417,27.793260280578146,Moderate
2026-01-06 02:00:00,57.5,60.25,76.96754667436844,0,0.5312209158283371,26.893509334873688,Moderate
2026-01-06 03:00:00,53.0,54.25,80.4147279981944,0,0.5302793884297671,26.68294559963888,Moderate
2026-01-06 04:00:00,53.75,68.0,82.79158356964798,0,0.5271817827624856,27.308316713929596,Moderate
2026-01-06 05:00:00,56.75,91.0,85.15119190026859,0,0.5258863567038431,28.38023838005372,Moderate
2026-01-06 06:00:00,58.75,94.75,78.75536397623874,1,0.547053678026268,47.50107279524775,Moderate
2026-01-06 07:00:00,55.5,86.25,81.7084245577109,1,0.5561438899211163,47.44168491154218,Moderate
2026-01-06 08:00:00,57.5,81.5,85.6452130408892,1,0.5469054176398238,48.62904260817784,Moderate
2026-01-06 09:00:00,66.0,82.75,86.53735275098826,0,0.5238347885493259,30.507470550197652,Moderate
2026-01-06 10:00:00,75.75,80.5,84.92901857733398,0,0.535375542399202,32.13580371546679,Moderate
2026-01-06 11:00:00,84.75,83.5,75.17375876137913,0,0.5303217390289433,31.984751752275827,Moderate
2026-01-06 12:00:00,92.5,84.0,83.66537930485177,0,0.5172076986876885,35.23307586097036,Moderate
2026-01-06 13:00:00,99.25,79.75,80.78635708251753,0,0.5042112822056796,36.00727141650351,Moderate
2026-01-06 14:00:00,89.5,75.5,86.54286377878658,0,0.48767912219940207,35.20857275575732,Moderate
2026-01-06 15:00:00,87.0,74.25,81.5357970039852,0,0.49718875884157343,33.70715940079704,Moderate
2026-01-06 16:00:00,87.75,69.25,77.11651958268524,0,0.5098118223401984,32.97330391653705,Moderate
2026-01-06 17:00:00,89.0,74.0,81.03137862045187,0,0.5389263816807764,34.00627572409037,Moderate
2026-01-06 18:00:00,103.33,86.5,88.11981592663406,1,0.5519604764974169,58.28996318532681,High
2026-01-06 19:00:00,98.0,110.75,93.08542095032553,1,0.5526362749019849,58.21708419006511,High
2026-01-06 20:00:00,85.5,108.0,83.08554424816079,1,0.5450542273684106,53.71710884963216,High
2026-01-06 21:00:00,74.25,103.5,80.17851459147406,0,0.543205894937113,30.885702918294815,Moderate
2026-01-06 22:00:00,70.25,83.75,94.35516352147874,1,0.5467528380397764,52.921032704295754,High
2026-01-06 23:00:00,67.5,71.5,92.50490522972314,1,0.5568688430994746,52.00098104594463,High
2026-01-07 00:00:00,65.25,69.25,84.09626928467188,0,0.5387888863721981,29.86925385693437,Moderate
2026-01-07 01:00:00,62.5,68.75,76.07490883135696,0,0.5326282014504751,27.714981766271393,Moderate
2026-01-07 02:00:00,60.25,65.5,71.74856369556547,0,0.5301683780943309,26.399712739113095,Moderate
2026-01-07 03:00:00,54.25,48.0,69.63773861273157,0,0.5291710075793623,24.777547722546316,Low
2026-01-07 04:00:00,68.0,33.75,73.49547930092567,0,0.534333971406695,28.299095860185133,Moderate
2026-01-07 05:00:00,91.0,30.25,73.54477901340073,0,0.5430792501104799,32.90895580268015,Moderate
2026-01-07 06:00:00,94.75,27.25,81.6960918137251,0,0.5428736804048686,35.28921836274502,Moderate
2026-01-07 07:00:00,86.25,25.25,80.99658004338859,0,0.5329524120551062,33.44931600867772,Moderate
2026-01-07 08:00:00,81.5,31.0,79.70702370720433,0,0.5277815645533736,32.24140474144086,Moderate
2026-01-07 09:00:00,82.75,40.5,80.8273335803268,0,0.5243023292872582,32.715466716065364,Moderate
2026-01-07 10:00:00,80.5,47.25,79.78866420062128,0,0.5184303356538847,32.05773284012426,Moderate
2026-01-07 11:00:00,83.5,57.5,75.94895272455805,0,0.5144756681626786,31.88979054491161,Moderate
2026-01-07 12:00:00,84.0,53.75,75.41334029597382,0,0.4762231644966571,31.882668059194767,Moderate
2026-01-07 13:00:00,79.75,60.0,72.6248795021913,0,0.47589756418975554,30.47497590043826,Moderate
2026-01-07 14:00:00,75.5,61.75,75.75489035535911,0,0.4705675367607002,30.25097807107182,Moderate
2026-01-07 15:00:00,74.25,69.75,73.53933915742768,0,0.47371310612417206,29.557867831485538,Moderate
2026-01-07 16:00:00,69.25,58.5,79.23186881436231,0,0.4789401264531354,29.69637376287246,Moderate
2026-01-07 17:00:00,74.0,79.5,80.38320575317465,0,0.4987547620922496,30.87664115063493,Moderate
2026-01-07 18:00:00,86.5,103.0,84.79213236864933,0,0.5301750989438264,34.25842647372987,Moderate
2026-01-07 19:00:00,110.75,138.25,93.17536674042586,1,0.5584540626263662,60.78507334808517,High
2026-01-07 20:00:00,108.0,123.75,107.24505258365421,1,0.5566743110956608,63.049010516730846,High
2026-01-07 21:00:00,103.5,117.25,93.81532858927237,1,0.5615897757862047,59.46306571785448,High
2026-01-07 22:00:00,83.75,91.75,86.00232011123465,1,0.5618941032397975,53.95046402224693,High
2026-01-07 23:00:00,71.5,103.0,85.23086528268877,1,0.5439598753029596,51.34617305653775,High
2026-01-08 00:00:00,69.25,95.5,73.52450912545211,0,0.5388692250588708,28.554901825090422,Moderate
2026-01-08 01:00:00,68.75,59.0,70.13695188227057,0,0.5322710909079602,27.777390376454115,Moderate
2026-01-08 02:00:00,65.5,41.0,63.65682853364763,1,0.5508957746145159,45.83136570672953,Moderate
2026-01-08 03:00:00,48.0,39.0,58.55815335940852,1,0.5505078653652911,41.3116306718817,Moderate
2026-01-08 04:00:00,33.75,39.75,80.87941082183592,1,0.5540513693500881,42.92588216436718,Moderate
2026-01-08 05:00:00,30.25,41.0,65.5292150626456,1,0.5546685768484371,39.15584301252912,Moderate
2026-01-08 06:00:00,27.25,42.75,60.15478452646736,1,0.5534010219646068,37.48095690529347,Moderate
2026-01-08 07:00:00,25.25,41.25,50.974677114228115,1,0.5582804441498513,35.24493542284563,Moderate
2026-01-08 08:00:00,31.0,41.0,48.37932442839481,0,0.5321526984237093,15.875864885678961,Low
2026-01-08 09:00:00,40.5,46.5,62.54156606055037,1,0.5449882945942389,40.608313212110076,Moderate
2026-01-08 10:00:00,47.25,68.0,74.02000982522817,0,0.5292088676175938,24.25400196504563,Low
2026-01-08 11:00:00,57.5,86.0,72.62187942053667,0,0.5141726144276938,26.024375884107336,Moderate
2026-01-08 12:00:00,53.75,96.25,75.90895882616395,0,0.47705211470560765,25.93179176523279,Moderate
2026-01-08 13:00:00,60.0,81.25,74.11429009209402,0,0.4678606279303018,26.822858018418806,Moderate
2026-01-08 14:00:00,61.75,63.5,75.02214161052116,0,0.4645247863352405,27.354428322104233,Moderate
2026-01-08 15:00:00,69.75,51.5,76.11481859314901,0,0.4694635078852129,29.172963718629802,Moderate
2026-01-08 16:00:00,58.5,42.25,72.36075183177572,0,0.48168299933067005,26.17215036635514,Moderate
2026-01-08 17:00:00,79.5,47.0,78.28113351557066,0,0.5050602769625863,31.55622670311413,Moderate
2026-01-08 18:00:00,103.0,69.0,82.618527981553,0,0.5406195118755625,37.1237055963106,Moderate
2026-01-08 19:00:00,138.25,100.75,87.03824633557488,1,0.5759431966228362,65.05764926711498,High
2026-01-08 20:00:00,123.75,110.0,89.00530474155474,1,0.5665325642432342,62.55106094831095,High
2026-01-08 21:00:00,117.25,102.25,87.68934402056279,1,0.5684952520756543,60.98786880411256,High
2026-01-08 22:00:00,91.75,96.5,87.35175438152245,1,0.5659717611386069,55.82035087630449,High
2026-01-08 23:00:00,103.0,90.0,82.99823217640981,1,0.5661038493778493,57.19964643528196,High
2026-01-09 00:00:00,95.5,89.0,79.6175492223822,1,0.5787877374607486,55.023509844476436,High
2026-01-09 01:00:00,59.0,76.0,89.04674035365113,1,0.5598331244689295,49.60934807073023,Moderate
2026-01-09 02:00:00,41.0,64.25,80.97913574076559,1,0.5640560076998014,44.39582714815312,Moderate
2026-01-09 03:00:00,39.0,66.5,66.47872659214512,1,0.5659645874295226,41.095745318429024,Moderate
2026-01-09 04:00:00,39.75,67.75,59.25027145490133,1,0.5627476830478804,39.80005429098027,Moderate
2026-01-09 05:00:00,41.0,75.0,60.618452019079896,1,0.5659026608574207,40.323690403815974,Moderate
2026-01-09 06:00:00,42.75,64.0,60.63925610020057,1,0.5555277295173376,40.67785122004011,Moderate
2026-01-09 07:00:00,41.25,65.75,57.27885531549238,1,0.5568944137327386,39.705771063098474,Moderate
2026-01-09 08:00:00,41.0,78.25,54.58958110090881,1,0.5594345767729961,39.11791622018176,Moderate
2026-01-09 09:00:00,46.5,97.5,56.47130700241407,0,0.5224507434099248,20.594261400482814,Low
2026-01-09 10:00:00,68.0,114.5,64.10327107669468,0,0.5109544936487094,26.420654215338935,Moderate
2026-01-09 11:00:00,86.0,73.5,80.27832733432082,0,0.492920682090203,33.25566546686416,Moderate
2026-01-09 12:00:00,96.25,66.0,83.21654735963226,0,0.49474369136494917,35.89330947192645,Moderate
2026-01-09 13:00:00,81.25,51.0,83.83936182489882,0,0.4743575565563595,33.017872364979766,Moderate
2026-01-09 14:00:00,63.5,47.0,81.64654128899495,0,0.4662274727238144,29.02930825779899,Moderate
2026-01-09 15:00:00,51.5,59.25,74.07166499875362,0,0.4684585829808555,25.114332999750722,Moderate
2026-01-09 16:00:00,42.25,40.0,64.7318061004622,0,0.4770748527690413,21.396361220092437,Low
2026-01-09 17:00:00,47.0,36.75,68.91319369493586,0,0.48338414862162704,23.182638738987173,Low
2026-01-09 18:00:00,69.0,77.75,86.6942509604542,0,0.49306303732733237,31.138850192090835,Moderate
2026-01-09 19:00:00,100.75,98.5,89.01241690869047,0,0.5331847190552194,37.9524833817381,Moderate
2026-01-09 20:00:00,110.0,125.25,89.334558847097,1,0.5489332139654282,59.8669117694194,High
2026-01-09 21:00:00,102.25,154.25,84.7901002890242,1,0.5476855795066531,57.40802005780483,High
2026-01-09 22:00:00,96.5,132.0,88.92840431311653,1,0.551676092448292,57.085680862623306,High
2026-01-09 23:00:00,90.0,155.75,99.12375130383637,1,0.5571626804920616,57.824750260767274,High
2026-01-10 00:00:00,89.0,125.25,101.34766249946956,1,0.5631945111290317,58.06953249989391,High
2026-01-10 01:00:00,76.0,98.25,77.59958795074137,1,0.5457997632948584,50.71991759014827,High
2026-01-10 02:00:00,64.25,82.75,59.62570638054532,1,0.5540477249489023,44.77514127610906,Moderate
2026-01-10 03:00:00,66.5,62.0,56.69178420023559,1,0.5646493407372057,44.638356840047116,Moderate
2026-01-10 04:00:00,67.75,55.5,53.474972247875215,1,0.550118057523441,44.244994449575046,Moderate
2026-01-10 05:00:00,75.0,54.25,56.15248305925403,0,0.5324016478537752,26.230496611850807,Moderate
2026-01-10 06:00:00,64.0,63.75,62.138227016422064,0,0.5352149662166913,25.227645403284413,Moderate
2026-01-10 07:00:00,65.75,69.5,62.101091171660045,1,0.5544647936327324,45.57021823433201,Moderate
2026-01-10 08:00:00,78.25,79.0,56.45545050441891,0,0.5313815443782794,26.94109010088378,Moderate
2026-01-10 09:00:00,97.5,87.5,63.944870355505934,0,0.498976365170543,32.28897407110119,Moderate
2026-01-10 10:00:00,114.5,107.25,79.74688886285503,0,0.501391765481268,38.849377772571,Moderate
2026-01-10 11:00:00,73.5,108.25,102.8440851896422,0,0.4609671997001533,35.26881703792844,Moderate
2026-01-10 12:00:00,66.0,84.5,76.44635996850677,0,0.4595290153366516,28.489271993701358,Moderate
2026-01-10 13:00:00,51.0,59.75,74.50806784631297,0,0.453590215907112,25.101613569262593,Moderate
2026-01-10 14:00:00,47.0,38.25,62.71244236066415,0,0.4518703675294078,21.94248847213283,Low
2026-01-10 15:00:00,59.25,37.75,55.95267069870441,0,0.45434301640078706,23.040534139740885,Low
2026-01-10 16:00:00,40.0,38.0,51.585488481758624,0,0.45659296151986284,18.317097696351723,Low
2026-01-10 17:00:00,36.75,44.0,56.85393224519432,0,0.47193446940203876,18.720786449038865,Low
2026-01-10 18:00:00,77.75,45.75,57.529575817646716,0,0.48490488260167336,27.055915163529342,Moderate
2026-01-10 19:00:00,98.5,54.75,96.876531464455,0,0.5056640549466113,39.075306292891,Moderate
2026-01-10 20:00:00,125.25,67.25,113.58030821339811,0,0.5282262480045109,47.76606164267962,Moderate
2026-01-10 21:00:00,154.25,70.75,108.79352634629045,1,0.5558033780450253,72.6087052692581,High
2026-01-10 22:00:00,132.0,72.0,114.11347679636633,1,0.5493837683848847,69.22269535927327,High
2026-01-10 23:00:00,155.75,66.75,106.81987654230822,1,0.5786528598562047,72.51397530846165,High
2026-01-11 00:00:00,125.25,56.5,101.8497330523275,1,0.5520569809193335,65.4199466104655,High
2026-01-11 01:00:00,98.25,49.75,81.98259594419466,1,0.5432595748856511,56.04651918883893,High
2026-01-11 02:00:00,82.75,47.0,77.21863958656928,0,0.5356286834835504,31.993727917313855,Moderate
2026-01-11 03:00:00,62.0,43.5,84.00192529960819,0,0.5303299228845424,29.200385059921636,Moderate
2026-01-11 04:00:00,55.5,44.5,78.48609749520662,0,0.5327463631102033,26.797219499041326,Moderate
2026-01-11 05:00:00,54.25,48.5,90.24484703545893,0,0.5334054593247909,28.898969407091784,Moderate
2026-01-11 06:00:00,63.75,52.5,79.8942406082373,0,0.5416307641663636,28.72884812164746,Moderate
2026-01-11 07:00:00,69.5,59.25,78.96722554899692,1,0.5461623073050462,49.693445109799384,Moderate
2026-01-11 08:00:00,79.0,73.25,89.118390567966,0,0.5217609139066783,33.6236781135932,Moderate
2026-01-11 09:00:00,87.5,92.0,103.42517481239747,0,0.4936488478162823,38.18503496247949,Moderate
2026-01-11 10:00:00,107.25,99.25,112.20659247368846,0,0.5003871706351005,43.89131849473769,Moderate
2026-01-11 11:00:00,108.25,101.75,95.07551595992123,0,0.4929081788779312,40.665103191984244,Moderate
2026-01-11 12:00:00,84.5,82.0,81.7492328044714,0,0.47129520868311314,33.249846560894284,Moderate
2026-01-11 13:00:00,59.75,60.75,72.5088922324437,0,0.46112499505807053,26.45177844648874,Moderate
2026-01-11 14:00:00,38.25,48.25,58.333130947247376,0,0.46106947650385005,19.316626189449476,Low
2026-01-11 15:00:00,37.75,45.5,48.89037425645761,0,0.4798422390463686,17.32807485129152,Low
2026-01-11 16:00:00,38.0,37.25,47.20908020535978,0,0.4690183575681216,17.041816041071954,Low
2026-01-11 17:00:00,44.0,46.0,51.79984280314075,0,0.48740602232236796,19.15996856062815,Low
2026-01-11 18:00:00,45.75,63.0,64.21897697850262,0,0.49977871749732683,21.993795395700523,Low
2026-01-11 19:00:00,54.75,82.5,76.93922723481134,0,0.5043602581973425,26.337845446962266,Moderate
2026-01-11 20:00:00,67.25,97.25,89.97032233871883,0,0.5072163253917562,31.444064467743765,Moderate
2026-01-11 21:00:00,70.75,111.25,94.53022748993865,0,0.5135268794918418,33.05604549798773,Moderate
2026-01-11 22:00:00,72.0,112.5,94.84675503090126,0,0.5183929208633107,33.36935100618025,Moderate
2026-01-11 23:00:00,66.75,106.0,93.33193103301328,1,0.5452969294490899,52.016386206602654,High
2026-01-12 00:00:00,56.5,94.5,88.11425509024565,0,0.5313645056482125,28.92285101804913,Moderate
2026-01-12 01:00:00,49.75,90.5,68.35025779672225,0,0.5332778611665893,23.620051559344446,Low
2026-01-12 02:00:00,47.0,79.5,62.061173822673666,0,0.5317771612379599,21.812234764534733,Low
2026-01-12 03:00:00,43.5,69.25,59.74835163521853,0,0.5359541094993533,20.649670327043708,Low
2026-01-12 04:00:00,44.5,64.0,54.47814450035972,0,0.5332802086718992,19.795628900071943,Low
2026-01-12 05:00:00,48.5,64.75,54.61890311040142,0,0.534960706434875,20.623780622080282,Low
2026-01-12 06:00:00,52.5,68.5,64.5998989352986,0,0.5357945630733939,23.419979787059717,Low
2026-01-12 07:00:00,59.25,75.0,64.59958810053719,0,0.5351388199199891,24.76991762010744,Low
2026-01-12 08:00:00,73.25,88.25,74.31942133018998,0,0.5135420894112017,29.513884266037998,Moderate
2026-01-12 09:00:00,92.0,87.5,82.63571740493953,0,0.5019642920388414,34.92714348098791,Moderate
2026-01-12 10:00:00,99.25,91.5,109.98262606275864,0,0.5006426510423656,41.846525212551725,Moderate
2026-01-12 11:00:00,101.75,83.25,92.12100557968927,0,0.4903921479569137,38.774201115937856,Moderate
2026-01-12 12:00:00,82.0,69.75,75.62008290337505,0,0.4727079417563357,31.52401658067501,Moderate
2026-01-12 13:00:00,60.75,61.0,76.46538983318067,0,0.46650738411314596,27.44307796663613,Moderate
2026-01-12 14:00:00,48.25,51.5,56.33110125580862,0,0.46240978078300976,20.916220251161725,Low
2026-01-12 15:00:00,45.5,57.5,51.566545985199774,0,0.4662642994327997,19.413309197039954,Low
2026-01-12 16:00:00,37.25,40.25,60.07687609584427,0,0.47332848990681864,19.465375219168852,Low
2026-01-12 17:00:00,46.0,43.25,51.35549295052867,0,0.47943691774267694,19.471098590105733,Low
2026-01-12 18:00:00,63.0,61.0,59.67540328872858,0,0.48297232215451624,24.535080657745716,Low
2026-01-12 19:00:00,82.5,77.0,71.1644604630384,0,0.49960301430788184,30.732892092607678,Moderate
2026-01-12 20:00:00,97.25,88.5,91.79105359253708,0,0.5145833905018954,37.80821071850742,Moderate
2026-01-12 21:00:00,111.25,106.75,94.85572588108757,0,0.531870337379268,41.22114517621751,Moderate
2026-01-12 22:00:00,112.5,121.25,97.63617378163859,1,0.553447939495273,62.027234756327715,High
2026-01-12 23:00:00,106.0,140.5,91.11055864872165,1,0.5646686637681578,59.42211172974433,High
2026-01-13 00:00:00,94.5,112.75,84.03134783507284,0,0.5431931127651047,35.706269567014566,Moderate
2026-01-13 01:00:00,90.5,114.25,73.41909671030916,1,0.5453400235600138,52.78381934206183,High
2026-01-13 02:00:00,79.5,91.5,68.45159332706118,0,0.5345210597282827,29.590318665412234,Moderate
2026-01-13 03:00:00,69.25,73.75,57.11458424324459,0,0.5296421314027372,25.27291684864892,Moderate
2026-01-13 04:00:00,64.0,66.0,53.99258664741885,0,0.5221854969201113,23.59851732948377,Low
2026-01-13 05:00:00,64.75,68.0,57.14067341937121,0,0.526915890246406,24.378134683874244,Low
2026-01-13 06:00:00,68.5,74.25,63.06652888363481,0,0.5308459855887855,26.313305776726963,Moderate
2026-01-13 07:00:00,75.0,74.5,68.55716246067901,0,0.5335144155537204,28.711432492135803,Moderate
2026-01-13 08:00:00,88.25,87.25,74.06475803783943,0,0.5214367903164091,32.46295160756789,Moderate
2026-01-13 09:00:00,87.5,109.25,97.4473498674173,0,0.5028418377821737,36.98946997348346,Moderate
2026-01-13 10:00:00,91.5,105.0,97.99135261158763,0,0.4889896222020291,37.89827052231753,Moderate
2026-01-13 11:00:00,83.25,84.0,99.38590796154186,0,0.4754874131534837,36.52718159230837,Moderate
2026-01-13 12:00:00,69.75,62.0,83.97593776892666,0,0.504359758310903,30.745187553785332,Moderate
2026-01-13 13:00:00,61.0,47.75,63.88340518018768,0,0.47014265105242514,24.976681036037533,Low
2026-01-13 14:00:00,51.5,45.25,57.72420289204523,0,0.4609692747500455,21.84484057840905,Low
2026-01-13 15:00:00,57.5,42.5,52.29681167428514,0,0.49111795925406954,21.959362334857026,Low
2026-01-13 16:00:00,40.25,43.0,52.60949354814102,0,0.46608659205606207,18.571898709628204,Low
2026-01-13 17:00:00,43.25,42.25,48.593018037390294,0,0.4773081186192194,18.368603607478057,Low
2026-01-13 18:00:00,61.0,61.75,53.5900836349449,0,0.48361795307417504,22.91801672698898,Low
2026-01-13 19:00:00,77.0,77.0,76.8947325594483,0,0.49495401786443355,30.778946511889657,Moderate
2026-01-13 20:00:00,88.5,83.25,84.4373096536894,0,0.5020877450162978,34.587461930737874,Moderate
2026-01-13 21:00:00,106.75,101.0,102.1720008896972,0,0.538164477235883,41.78440017793944,Moderate
2026-01-13 22:00:00,121.25,106.33,108.35868688271235,1,0.5612535523082579,65.92173737654247,High
2026-01-13 23:00:00,140.5,114.0,107.45109754387657,1,0.5799973450980751,69.5902195087753,High
2026-01-14 00:00:00,112.75,92.25,99.41287233412439,1,0.5526596400075935,62.432574466824875,High
2026-01-14 01:00:00,114.25,105.5,90.8452229911787,1,0.5593383736123974,61.01904459823574,High
2026-01-14 02:00:00,91.5,86.25,84.15956237866999,0,0.5402833023191191,35.131912475734,Moderate
2026-01-14 03:00:00,73.75,68.25,79.19686751055043,0,0.5340651096188603,30.589373502110085,Moderate
2026-01-14 04:00:00,66.0,65.25,76.8343470779641,0,0.5314180699473363,28.56686941559282,Moderate
2026-01-14 05:00:00,68.0,66.75,74.23360665580097,0,0.5334458443966358,28.446721331160195,Moderate
2026-01-14 06:00:00,74.25,68.75,76.6058970419362,0,0.5334448450426104,30.17117940838724,Moderate
2026-01-14 07:00:00,74.5,100.5,85.83055043639503,0,0.5329800402220259,32.06611008727901,Moderate
2026-01-14 08:00:00,87.25,261.0,83.10911118935859,0,0.5241509005492593,34.07182223787172,Moderate
2026-01-14 09:00:00,109.25,152.25,97.0643111826957,0,0.4958974358237611,41.26286223653914,Moderate
2026-01-14 10:00:00,105.0,122.5,105.65116541969059,0,0.49447177364720907,42.13023308393812,Moderate
2026-01-14 11:00:00,84.0,100.0,103.06259106003951,0,0.4669062863780046,37.412518212007896,Moderate
2026-01-14 12:00:00,62.0,92.75,74.9508640029055,0,0.4571019477387415,27.3901728005811,Moderate
2026-01-14 13:00:00,47.75,78.0,65.01967365348476,0,0.4501168938092389,22.55393473069695,Low
2026-01-14 14:00:00,45.25,55.25,52.94666147960411,0,0.4616902524578919,19.639332295920823,Low
2026-01-14 15:00:00,42.5,58.75,52.2336656354979,0,0.4628971183832032,18.946733127099577,Low
2026-01-14 16:00:00,43.0,53.5,49.962712488318886,0,0.4566650990007093,18.59254249766378,Low
2026-01-14 17:00:00,42.25,60.5,51.37225017145245,0,0.4692402556008508,18.72445003429049,Low
2026-01-14 18:00:00,61.75,81.0,55.68308748315837,0,0.4757977415043013,23.486617496631673,Low
2026-01-14 19:00:00,77.0,89.25,83.77745463989054,0,0.48276716715015267,32.15549092797811,Moderate
2026-01-14 20:00:00,83.25,124.0,86.18777073814421,0,0.4918251009388092,33.88755414762884,Moderate
2026-01-14 21:00:00,101.0,146.75,102.41964852516922,0,0.5099198644639743,40.68392970503385,Moderate
2026-01-14 22:00:00,106.33,142.0,112.64733378784643,0,0.5173653001341769,43.79546675756929,Moderate
2026-01-14 23:00:00,114.0,101.25,114.09855290821456,0,0.5424792343504593,45.619710581642906,Moderate
2026-01-15 00:00:00,92.25,83.0,96.55445223183182,0,0.5280666855331553,37.76089044636636,Moderate
2026-01-15 01:00:00,105.5,83.75,81.01179504867837,0,0.5392635682146953,37.30235900973567,Moderate
2026-01-15 02:00:00,86.25,91.0,79.37927551215857,0,0.5260044443092061,33.125855102431714,Moderate
2026-01-15 03:00:00,68.25,91.75,76.43993028297733,0,0.5156324880341688,28.937986056595467,Moderate
2026-01-15 04:00:00,65.25,84.25,70.87966854750893,0,0.5199241664845508,27.22593370950178,Moderate
2026-01-15 05:00:00,66.75,84.75,72.79129061515297,0,0.5244893251408789,27.908258123030592,Moderate
2026-01-15 06:00:00,68.75,89.5,76.97329409021565,0,0.5263392978274141,29.14465881804313,Moderate
2026-01-15 07:00:00,100.5,86.5,79.23712781135791,1,0.5464068999864715,55.947425562271576,High
2026-01-15 08:00:00,261.0,78.75,95.52715529677089,1,0.6153967999792698,79.10543105935417,Critical
2026-01-15 09:00:00,152.25,81.5,111.28861876055258,0,0.5393710692020977,52.70772375211051,High
2026-01-15 10:00:00,122.5,99.5,102.97132526840733,0,0.5113615447215156,45.09426505368147,Moderate
2026-01-15 11:00:00,100.0,112.25,92.6913867290465,0,0.4857267142868646,38.5382773458093,Moderate
2026-01-15 12:00:00,92.75,116.5,67.31104572668572,0,0.47935089757526483,32.012209145337145,Moderate
2026-01-15 13:00:00,78.0,113.0,64.56741923665581,0,0.4697584773761193,28.513483847331162,Moderate
2026-01-15 14:00:00,55.25,106.0,56.31659591215577,0,0.45261409576405975,22.313319182431155,Low
2026-01-15 15:00:00,58.75,110.25,48.386646597109696,0,0.4499740362506153,21.42732931942194,Low
2026-01-15 16:00:00,53.5,78.75,49.36317991889777,0,0.4588979771894162,20.572635983779556,Low
2026-01-15 17:00:00,60.5,78.25,52.43315779520893,0,0.4701795708940752,22.586631559041784,Low
2026-01-15 18:00:00,81.0,104.25,64.66964090730167,0,0.48203172419424856,29.133928181460337,Moderate
2026-01-15 19:00:00,89.25,136.75,82.12138798763574,0,0.4901798861472509,34.274277597527146,Moderate
2026-01-15 20:00:00,124.0,159.25,98.7885622567226,0,0.5245372493657613,44.55771245134452,Moderate
2026-01-15 21:00:00,146.75,268.0,98.86371518865471,1,0.551083761494807,69.12274303773094,High
2026-01-15 22:00:00,142.0,284.25,98.75719434485293,1,0.5756342645731188,68.15143886897059,High
2026-01-15 23:00:00,101.25,285.0,99.5027493179368,1,0.5588183650123978,60.15054986358736,High
2026-01-16 00:00:00,83.0,284.75,92.60667166268303,1,0.5460474692414481,55.121334332536605,High
2026-01-16 01:00:00,83.75,284.75,94.68642266287141,1,0.5485421394569898,55.68728453257428,High
2026-01-16 02:00:00,91.0,284.75,79.4144938856176,1,0.5540141103013115,54.08289877712352,High
2026-01-16 03:00:00,91.75,284.5,71.3713426869213,1,0.5519450268386489,52.62426853738426,High
2026-01-16 04:00:00,84.25,284.75,71.72592218700076,1,0.5476420507333668,51.19518443740015,High
2026-01-16 05:00:00,84.75,284.75,75.26326896352813,1,0.5527391776983821,52.00265379270563,High
2026-01-16 06:00:00,89.5,284.75,74.45779095866546,0,0.5425498753516167,32.79155819173309,Moderate
2026-01-16 07:00:00,86.5,284.75,91.09782641070775,1,0.5471264867589649,55.51956528214155,High
2026-01-16 08:00:00,78.75,91.75,97.71550603861984,0,0.5359622083759163,35.293101207723964,Moderate
2026-01-16 09:00:00,81.5,52.5,92.39883140711325,0,0.5395829285526977,34.779766281422646,Moderate
2026-01-16 10:00:00,99.5,37.25,93.71560679146943,1,0.5495363341667695,58.64312135829388,High
2026-01-16 11:00:00,112.25,123.75,93.6313205532406,0,0.5306734000432809,41.17626411064812,Moderate
2026-01-16 12:00:00,116.5,203.0,90.99127289057287,0,0.5146353477086096,41.498254578114576,Moderate
2026-01-16 13:00:00,113.0,235.0,87.88790687125014,0,0.502606866644411,40.177581374250025,Moderate
2026-01-16 14:00:00,106.0,96.75,75.93204696608747,0,0.4959761578733149,36.3864093932175,Moderate
2026-01-16 15:00:00,110.25,53.0,70.83684519226634,0,0.5017408936464012,36.21736903845327,Moderate
2026-01-16 16:00:00,78.75,55.0,71.83408085685763,0,0.4775106979093286,30.116816171371525,Moderate
2026-01-16 17:00:00,78.25,53.25,68.58186926895537,0,0.4859984235588856,29.366373853791075,Moderate
2026-01-16 18:00:00,104.25,58.25,76.90939929344232,0,0.5362192934802962,36.231879858688465,Moderate
2026-01-16 19:00:00,136.75,71.25,89.6761393364513,1,0.5789935990285199,65.28522786729026,High
2026-01-16 20:00:00,159.25,109.5,108.00813566172378,1,0.5957954547048193,73.45162713234475,High
2026-01-16 21:00:00,268.0,120.25,118.79282467634206,1,0.6383594096087678,83.75856493526841,Critical
2026-01-16 22:00:00,284.25,140.0,107.64874468049604,1,0.6380236707381136,81.52974893609921,Critical
2026-01-16 23:00:00,285.0,119.25,109.3511767810621,1,0.6360668194029372,81.87023535621242,Critical
2026-01-17 00:00:00,284.75,119.5,96.84567882275134,1,0.6356820249957288,79.36913576455026,Critical
2026-01-17 01:00:00,284.75,128.25,90.06136467236469,1,0.6324750297335655,78.01227293447293,Critical
2026-01-17 02:00:00,284.75,145.5,85.27781610659875,1,0.6330825831828647,77.05556322131974,Critical
2026-01-17 03:00:00,284.5,124.0,92.31301556776558,1,0.6533083004708927,78.46260311355312,Critical
2026-01-17 04:00:00,284.75,117.5,92.80224826575932,1,0.6476400468466066,78.56044965315186,Critical
2026-01-17 05:00:00,284.75,218.5,90.28977306734659,1,0.6526127458450174,78.05795461346932,Critical
2026-01-17 06:00:00,284.75,234.5,90.73674916056164,1,0.6511083331722137,78.14734983211233,Critical
2026-01-17 07:00:00,284.75,114.0,90.75927779812777,1,0.6539606431638999,78.15185555962555,Critical
2026-01-17 08:00:00,91.75,57.75,97.79832499999998,1,0.5712388150783322,57.909665,High
2026-01-17 09:00:00,52.5,65.25,95.23285032316261,1,0.5476059734443971,49.54657006463252,Moderate
2026-01-17 10:00:00,37.25,91.25,93.80094371693119,0,0.5076330168672669,26.210188743386237,Moderate
2026-01-17 13:00:00,235.0,51.5,95.7765509065934,1,0.5722679946589886,79.15531018131868,Critical
2026-01-17 14:00:00,96.75,41.5,91.67638205738707,0,0.4777430558379443,37.68527641147742,Moderate
2026-01-17 15:00:00,53.0,38.25,90.30715791819286,0,0.46180017669348716,28.661431583638574,Moderate
2026-01-17 16:00:00,55.0,32.75,76.83117186971583,0,0.4695302796013345,26.366234373943165,Moderate
2026-01-17 17:00:00,53.25,40.0,80.55549525132278,0,0.4868932290606847,26.761099050264555,Moderate
2026-01-17 18:00:00,58.25,56.0,83.48066489498858,0,0.48502637365390044,28.346132978997716,Moderate
2026-01-17 19:00:00,71.25,58.0,84.1909318699476,0,0.49173015963815353,31.088186373989522,Moderate
2026-01-17 20:00:00,109.5,74.5,87.92623430056356,0,0.5251841487389153,39.48524686011271,Moderate
2026-01-17 21:00:00,120.25,61.25,108.90121461038962,1,0.5695961353121142,65.83024292207793,High
2026-01-17 22:00:00,140.0,112.25,110.37911031746029,1,0.5810109498874921,70.07582206349205,High
2026-01-17 23:00:00,119.25,81.5,118.07554388357254,1,0.5774455729178226,67.4651087767145,High
2026-01-18 00:00:00,119.5,90.75,112.86414182512512,1,0.5886244618028124,66.47282836502502,High
2026-01-18 01:00:00,128.25,50.0,109.97765250333582,1,0.5721536239505632,67.64553050066716,High
2026-01-18 02:00:00,145.5,35.25,104.31400555464126,1,0.5851729691652628,69.96280111092825,High
2026-01-18 03:00:00,124.0,32.25,83.95041415343913,1,0.5728978723707532,61.59008283068783,High
2026-01-18 04:00:00,117.5,32.75,84.43068408103586,1,0.5641685049939031,60.38613681620717,High
2026-01-18 05:00:00,218.5,36.5,82.10747277151206,1,0.6386316231114118,76.42149455430241,Critical
2026-01-18 06:00:00,234.5,34.25,86.32367659171072,1,0.6394129195810364,77.26473531834215,Critical
2026-01-18 07:00:00,114.0,47.5,96.10429656758363,1,0.5836680271177438,62.02085931351672,High
2026-01-18 08:00:00,57.75,64.0,95.99918498677246,1,0.5532658588397095,50.74983699735449,High
2026-01-18 09:00:00,65.25,76.5,60.93771415849355,0,0.5123303615009649,25.23754283169871,Moderate
2026-01-18 10:00:00,91.25,61.5,57.11948668831169,0,0.5000081889546928,29.67389733766234,Moderate
2026-01-21 13:00:00,60.75,54.75,65.83977451830012,0,0.4659101367097107,25.317954903660024,Moderate
2026-01-21 14:00:00,28.75,42.75,56.31735640426609,0,0.45898168056254113,17.013471280853217,Low
2026-01-21 15:00:00,28.25,40.0,44.436523660976114,0,0.45689278151272633,14.53730473219522,Low
2026-01-21 16:00:00,29.0,36.5,43.41204956692716,0,0.4528516627607265,14.482409913385432,Low
2026-01-21 17:00:00,33.5,36.0,45.866183536386195,0,0.451580583576296,15.87323670727724,Low
2026-01-21 18:00:00,35.75,49.0,48.231588684201164,0,0.4567613384938226,16.796317736840233,Low
2026-01-21 19:00:00,48.25,64.0,51.36687679265369,0,0.4687434177272676,19.92337535853074,Low
2026-01-21 20:00:00,81.25,100.0,77.81722628866976,0,0.4745502022111283,31.813445257733953,Moderate
2026-01-21 21:00:00,80.75,133.75,110.39348230850709,0,0.48386831549809683,38.22869646170142,Moderate
2026-01-21 22:00:00,99.5,131.75,96.76579051076497,0,0.5006337482935118,39.253158102152995,Moderate
2026-01-21 23:00:00,106.25,103.75,97.65365497698552,0,0.5127829147690787,40.78073099539711,Moderate
2026-01-22 00:00:00,115.75,83.5,89.84657415264763,0,0.5188570093624469,41.119314830529525,Moderate
2026-01-22 01:00:00,104.75,68.75,95.45361638530217,0,0.5009135514000685,40.04072327706044,Moderate
2026-01-22 02:00:00,76.75,54.0,85.44028625110576,0,0.4772408055928781,32.43805725022115,Moderate
2026-01-22 03:00:00,47.75,43.25,64.48260271639766,0,0.4903843186811332,22.446520543279533,Low
2026-01-22 04:00:00,53.5,44.5,54.95519312554011,0,0.5026379069092973,21.69103862510802,Low
2026-01-22 05:00:00,55.5,52.75,51.00200410879252,0,0.5151392631703907,21.300400821758505,Low
2026-01-22 06:00:00,56.75,50.5,52.51869387353777,0,0.5120481536507937,21.85373877470755,Low
2026-01-22 07:00:00,57.0,52.75,55.9873546141437,0,0.5142575355838144,22.59747092282874,Low
2026-01-22 08:00:00,76.0,58.25,69.27482222333059,0,0.4851669776242238,29.05496444466612,Moderate
2026-01-22 09:00:00,90.25,67.75,81.46241009146736,0,0.4677087484302381,34.342482018293474,Moderate
2026-01-22 10:00:00,90.75,69.0,92.84619078439994,0,0.4646078190754585,36.71923815687998,Moderate
2026-01-22 11:00:00,83.25,64.75,83.76136898863507,0,0.44905604085589146,33.40227379772701,Moderate
2026-01-22 12:00:00,62.75,60.5,77.27528291446248,0,0.45301391475861297,28.005056582892493,Moderate
2026-01-22 13:00:00,54.75,48.75,64.87058760483303,0,0.4507533081220618,23.924117520966604,Low
2026-01-22 14:00:00,42.75,41.0,45.261558189523484,0,0.450230678357571,17.602311637904698,Low
2026-01-22 15:00:00,40.0,42.75,52.24638762934565,0,0.450026691468641,18.449277525869128,Low
2026-01-22 16:00:00,36.5,45.5,49.634975066275366,0,0.44088702425788756,17.226995013255074,Low
2026-01-22 17:00:00,36.0,51.25,47.83091826524168,0,0.4463610688068644,16.766183653048337,Low
2026-01-22 18:00:00,49.0,185.0,50.980512055374604,0,0.4524822354138648,19.996102411074922,Low
2026-01-22 19:00:00,64.0,77.5,66.42302691819556,0,0.46455677919894156,26.084605383639115,Moderate
2026-01-22 20:00:00,100.0,63.25,81.94076563293969,0,0.49398192152763065,36.38815312658794,Moderate
2026-01-22 21:00:00,133.75,60.0,102.84081893642829,1,0.545692360343028,67.31816378728566,High
2026-01-22 22:00:00,131.75,53.75,105.4240982413979,0,0.5286736797875478,47.43481964827957,Moderate
2026-01-22 23:00:00,103.75,50.0,110.36496218784524,0,0.512871255705903,42.82299243756905,Moderate
2026-01-23 00:00:00,83.5,50.75,105.69226480156873,0,0.4955548993272639,37.838452960313745,Moderate
2026-01-23 01:00:00,68.75,45.75,92.34664730826167,0,0.4941431674201783,32.219329461652336,Moderate
2026-01-23 02:00:00,54.0,41.5,95.51691045936245,0,0.4788069021848813,29.90338209187249,Moderate
2026-01-23 03:00:00,43.25,34.0,55.05636624179058,0,0.4880034431067349,19.661273248358114,Low
2026-01-23 04:00:00,44.5,29.5,58.92764836557327,0,0.48318945223176957,20.685529673114655,Low
2026-01-23 05:00:00,52.75,23.5,58.0299320907183,0,0.48621875308936185,22.155986418143655,Low
2026-01-23 06:00:00,50.5,23.75,60.391650645542434,0,0.4899878337298113,22.178330129108488,Low
2026-01-23 07:00:00,52.75,23.25,59.5197394727302,0,0.5031982579839596,22.45394789454604,Low
2026-01-23 08:00:00,58.25,29.0,98.61676281206907,0,0.4728599014198931,31.373352562413814,Moderate
2026-01-23 09:00:00,67.75,35.75,110.85508518140901,0,0.4667370755057732,35.72101703628181,Moderate
2026-01-23 10:00:00,69.0,39.5,99.74604597065542,0,0.45822221654063566,33.74920919413108,Moderate
2026-01-23 11:00:00,64.75,40.75,82.10073182211806,0,0.45302099441664995,29.37014636442361,Moderate
2026-01-23 12:00:00,60.5,37.5,71.3741410127104,0,0.44925078867549606,26.37482820254208,Moderate
2026-01-23 13:00:00,48.75,40.5,64.26395259882456,0,0.4466552144839912,22.602790519764913,Low
2026-01-23 14:00:00,41.0,29.0,52.8495226203295,0,0.44194060412013075,18.7699045240659,Low
2026-01-23 15:00:00,42.75,27.0,47.96859343290827,0,0.44384432976252974,18.143718686581654,Low
2026-01-23 16:00:00,45.5,27.0,52.701061528919475,0,0.4455441054267813,19.640212305783898,Low
2026-01-23 17:00:00,51.25,34.75,65.09989038330532,0,0.4491914661380229,23.269978076661065,Low
2026-01-23 18:00:00,185.0,55.0,57.51914860188932,1,0.5540734996784473,68.50382972037787,High
2026-01-23 19:00:00,77.5,71.75,106.93237744358365,0,0.47249307448496275,36.88647548871673,Moderate
2026-01-23 20:00:00,63.25,69.0,96.7545963148421,0,0.47020503632145344,32.000919262968424,Moderate
2026-01-23 21:00:00,60.0,59.5,92.93816328613009,0,0.4783548877830573,30.587632657226017,Moderate
2026-01-23 22:00:00,53.75,45.0,92.6229398047602,0,0.4879549165622916,29.27458796095204,Moderate
2026-01-23 23:00:00,50.0,36.0,90.95267091744478,0,0.4960182667315639,28.190534183488957,Moderate
2026-01-24 00:00:00,50.75,32.5,80.29832055605651,0,0.4894551412393115,26.2096641112113,Moderate
2026-01-24 01:00:00,45.75,26.75,73.68985965009183,0,0.4814707447179927,23.887971930018367,Low
2026-01-24 02:00:00,41.5,23.25,60.07434080721591,0,0.4843469016646374,20.31486816144318,Low
2026-01-24 03:00:00,34.0,18.5,53.30260300158188,0,0.49061164508235555,17.46052060031638,Low
2026-01-24 04:00:00,29.5,18.75,51.36034885688346,0,0.4959030175127835,16.17206977137669,Low
2026-01-24 05:00:00,23.5,18.0,50.61357818173096,0,0.49633516091366764,14.82271563634619,Low
2026-01-24 06:00:00,23.75,19.0,42.75321138236628,0,0.4964656111269986,13.300642276473257,Low
2026-01-24 07:00:00,23.25,20.75,44.17121831061329,0,0.49601282597334584,13.484243662122658,Low
2026-01-24 08:00:00,29.0,27.0,43.12732317784104,0,0.483719846234249,14.425464635568208,Low
2026-01-24 09:00:00,35.75,28.0,48.13712657461529,0,0.47413417530644625,16.777425314923057,Low
2026-01-24 10:00:00,39.5,30.5,47.97544174089901,0,0.4593891439986757,17.4950883481798,Low
2026-01-24 11:00:00,40.75,26.5,53.193562862578325,0,0.45205098028498597,18.788712572515664,Low
2026-01-24 12:00:00,37.5,22.5,51.987947795175295,0,0.45099085680183626,17.897589559035058,Low
2026-01-24 13:00:00,40.5,25.5,48.18932162049363,0,0.45786545222762304,17.737864324098727,Low
2026-01-24 14:00:00,29.0,23.25,49.6805152165626,0,0.45326923885118586,15.736103043312518,Low
2026-01-24 15:00:00,27.0,26.5,44.257540813079224,0,0.4600619989005625,14.251508162615844,Low
2026-01-24 16:00:00,27.0,20.75,38.77256334777763,0,0.4613095713319209,13.154512669555526,Low
2026-01-24 17:00:00,34.75,18.25,40.56585749340192,0,0.4567178999282853,15.063171498680383,Low
2026-01-24 18:00:00,55.0,25.0,44.76474756760674,0,0.46893348176240857,19.952949513521347,Low
2026-01-24 19:00:00,71.75,27.75,66.40147970288707,0,0.4873789450939547,27.63029594057742,Moderate
2026-01-24 20:00:00,69.0,33.25,69.54427301691184,0,0.48876733319028726,27.708854603382367,Moderate
2026-01-24 21:00:00,59.5,43.75,63.18608644419661,0,0.49044165588437333,24.537217288839322,Low
2026-01-24 22:00:00,45.0,42.25,64.28124190636683,0,0.5003860622310692,21.856248381273367,Low
2026-01-24 23:00:00,36.0,49.75,69.37575499421031,0,0.528633353025664,21.075150998842062,Low
2026-01-25 00:00:00,32.5,37.0,48.59562471941392,0,0.5208008965162796,16.219124943882782,Low
2026-01-25 01:00:00,26.75,34.0,45.05245098083315,0,0.5193830309666986,14.36049019616663,Low
2026-01-25 02:00:00,23.25,30.5,35.901069662411395,0,0.5282977490513374,11.83021393248228,Low
2026-01-25 03:00:00,18.5,30.0,33.216980986810526,0,0.5334894278922705,10.343396197362104,Low
2026-01-25 04:00:00,18.75,30.75,30.95016847288513,0,0.532726027815046,9.940033694577027,Low
2026-01-25 05:00:00,18.0,29.25,30.31362000864155,1,0.5452220599830467,29.66272400172831,Moderate
2026-01-25 06:00:00,19.0,29.5,30.4577007429299,1,0.5455208685035252,29.89154014858598,Moderate
2026-01-25 07:00:00,20.75,30.0,30.634631639031845,1,0.544272571319028,30.27692632780637,Moderate
2026-01-25 08:00:00,27.0,48.25,30.71502685617282,0,0.5219438076189956,11.543005371234564,Low
2026-01-25 09:00:00,28.0,57.25,37.79770882982835,0,0.49947627163820585,13.15954176596567,Low
2026-01-25 10:00:00,30.5,44.75,31.98092775106576,0,0.4881577720668667,12.496185550213152,Low
2026-01-25 13:00:00,25.5,33.0,30.637455622285184,0,0.48160307512304,11.227491124457037,Low
2026-01-25 14:00:00,23.25,24.25,32.79013368825308,0,0.4770662541302746,11.208026737650616,Low
2026-01-25 15:00:00,26.5,19.5,29.34645188827286,0,0.4806251411479283,11.169290377654573,Low
2026-01-25 16:00:00,20.75,18.25,29.236408994619378,0,0.48417820723584093,9.997281798923876,Low
2026-01-25 17:00:00,18.25,21.5,26.112124225028953,0,0.4939259674470868,8.87242484500579,Low
2026-01-25 18:00:00,25.0,27.25,29.09610254815322,0,0.502545057235705,10.819220509630643,Low
2026-01-25 19:00:00,27.75,43.0,37.87280453649389,0,0.5047243941514727,13.124560907298779,Low
2026-01-25 20:00:00,33.25,52.0,39.08976844030567,0,0.5041723888551728,14.467953688061133,Low
2026-01-25 21:00:00,43.75,62.0,48.48792324248261,0,0.5025001350020804,18.447584648496523,Low
2026-01-25 22:00:00,42.25,57.5,69.12625679681831,0,0.5103715888036139,22.27525135936366,Low
2026-01-25 23:00:00,49.75,57.75,56.58830862335235,0,0.5227404935624769,21.267661724670468,Low
2026-01-26 00:00:00,37.0,59.75,50.89056017427599,0,0.5051451911288015,17.5781120348552,Low
2026-01-26 01:00:00,34.0,44.0,40.87559683320249,0,0.5039125298916416,14.975119366640499,Low
2026-01-26 02:00:00,30.5,36.75,39.9426170896666,0,0.5155837853333664,14.08852341793332,Low
2026-01-26 03:00:00,30.0,43.75,37.747268777156044,0,0.5292170912424936,13.549453755431209,Low
2026-01-26 04:00:00,30.75,41.25,37.06274852212193,0,0.517138828975204,13.562549704424386,Low
2026-01-26 05:00:00,29.25,45.75,35.988203410395904,0,0.5210662521532519,13.04764068207918,Low
2026-01-26 06:00:00,29.5,42.5,36.4861469816949,0,0.5234305313319731,13.19722939633898,Low
2026-01-26 07:00:00,30.0,47.25,35.60671077713969,0,0.520501476357584,13.121342155427937,Low
2026-01-26 08:00:00,48.25,73.25,54.324184513472204,0,0.4904602189323762,20.51483690269444,Low
2026-01-26 09:00:00,57.25,89.25,46.496231339959586,0,0.47942116979605964,20.749246267991914,Low
2026-01-26 10:00:00,44.75,77.0,45.40496278577086,0,0.4727939047027674,18.03099255715417,Low
2026-01-26 11:00:00,36.75,70.5,43.41810195899997,0,0.46006239700481794,16.033620391799992,Low
2026-01-26 12:00:00,33.25,58.75,40.94458863546786,0,0.46095410184040303,14.838917727093571,Low
2026-01-26 13:00:00,33.0,43.75,38.243583732133196,0,0.45934934896485063,14.24871674642664,Low
2026-01-26 14:00:00,24.25,39.5,37.03743123266748,0,0.4694201447896941,12.257486246533496,Low
2026-01-26 15:00:00,19.5,39.75,28.713443366834206,0,0.48050931259494517,9.642688673366841,Low
2026-01-26 16:00:00,18.25,45.25,28.29458180523637,0,0.48515254780166084,9.308916361047274,Low
2026-01-26 17:00:00,21.5,56.5,29.18752418972806,0,0.4895365441778395,10.137504837945611,Low
2026-01-26 18:00:00,27.25,60.5,30.564133221318862,0,0.4957849935991592,11.562826644263772,Low
2026-01-26 19:00:00,43.0,74.67,41.34380927782802,0,0.4850393156538254,16.8687618555656,Low
2026-01-26 20:00:00,52.0,80.5,57.572757066355514,0,0.4875777760429664,21.914551413271106,Low
2026-01-26 21:00:00,62.0,60.5,62.006332649311176,0,0.4885658195812802,24.801266529862236,Low
2026-01-26 22:00:00,57.5,52.0,57.67228636306674,0,0.497812642180879,23.03445727261335,Low
2026-01-26 23:00:00,57.75,49.25,65.08082481133295,0,0.5047169197530119,24.56616496226659,Low
2026-01-27 00:00:00,59.75,45.5,53.44942109499024,0,0.4890152353531768,22.63988421899805,Low
2026-01-27 01:00:00,44.0,43.25,50.2354641324307,0,0.4871325400114556,18.84709282648614,Low
2026-01-27 02:00:00,36.75,31.0,48.7623285996172,0,0.4911773043277902,17.102465719923437,Low
2026-01-27 03:00:00,43.75,26.75,44.5179764357421,0,0.486181909560983,17.65359528714842,Low
2026-01-27 04:00:00,41.25,31.25,46.226865039448974,0,0.4779962919720739,17.495373007889796,Low
2026-01-27 05:00:00,45.75,10.5,40.166258529176964,0,0.49271084436084134,17.183251705835392,Low
2026-01-27 06:00:00,42.5,5.5,57.24039983996065,0,0.5097826997604905,19.94807996799213,Low
2026-01-27 07:00:00,47.25,5.0,44.52905117162766,0,0.4976423124082824,18.35581023432553,Low
2026-01-27 08:00:00,73.25,6.0,49.85352434307961,0,0.47305518036612343,24.620704868615924,Low
2026-01-27 09:00:00,89.25,8.0,64.5213068720025,0,0.4809049727121712,30.754261374400496,Moderate
2026-01-27 10:00:00,77.0,6.0,52.797772523731425,0,0.4691943836866771,25.959554504746286,Moderate
2026-01-27 11:00:00,70.5,7.75,52.92286477012751,0,0.4553908259082134,24.6845729540255,Low
2026-01-27 12:00:00,58.75,8.0,53.66157034187991,0,0.4469671270615903,22.48231406837598,Low
2026-01-27 13:00:00,43.75,8.75,52.25687313889043,0,0.45507285071089304,19.201374627778087,Low
2026-01-27 14:00:00,39.5,8.25,46.10968133578454,0,0.4496230425441474,17.121936267156908,Low
2026-01-27 15:00:00,39.75,7.25,45.48571194215503,0,0.45280774859963263,17.047142388431006,Low
2026-01-27 16:00:00,45.25,9.5,48.175459687325095,0,0.4459122268028893,18.685091937465018,Low
2026-01-27 17:00:00,56.5,14.25,50.921287359553986,0,0.4517505106459083,21.484257471910794,Low
2026-01-27 18:00:00,60.5,16.75,50.44775317937235,0,0.45306770330291174,22.18955063587447,Low
2026-01-27 19:00:00,74.67,25.5,64.52523585615185,0,0.46259406951730264,27.83904717123037,Moderate
2026-01-27 20:00:00,80.5,29.5,84.99849897964602,0,0.4791206475814958,33.099699795929205,Moderate
2026-01-27 21:00:00,60.5,34.25,88.22575605724536,0,0.4836368006611649,29.74515121144907,Moderate
2026-01-27 22:00:00,52.0,28.0,76.29614299333588,0,0.49195368241422505,25.659228598667177,Moderate
2026-01-27 23:00:00,49.25,29.25,78.20531721306098,0,0.5029410724228919,25.491063442612194,Moderate
2026-01-28 00:00:00,45.5,27.25,63.86211730201811,0,0.4865742167008926,21.872423460403624,Low
2026-01-28 01:00:00,43.25,25.0,62.95101794170373,0,0.4834102031710243,21.240203588340748,Low
2026-01-28 02:00:00,31.0,19.75,55.68662146886567,0,0.4884253711310809,17.337324293773133,Low
2026-01-28 03:00:00,26.75,18.25,42.86265066701319,0,0.49269906666105917,13.922530133402638,Low
2026-01-28 04:00:00,31.25,17.25,39.844898693959436,0,0.48080642269442964,14.218979738791887,Low
2026-01-28 05:00:00,10.5,15.25,45.90356445071878,0,0.512462047769741,11.280712890143755,Low
2026-01-28 06:00:00,5.5,19.0,33.542825639605475,0,0.5325888757053634,7.808565127921094,Low
2026-01-28 07:00:00,5.0,26.5,41.86064202957912,0,0.5262032824262548,9.372128405915824,Low
2026-01-28 08:00:00,6.0,32.0,41.48471120195859,0,0.5209651130557408,9.496942240391718,Low
2026-01-28 09:00:00,8.0,41.25,43.18226691317942,0,0.5144976831029164,10.236453382635883,Low
2026-01-28 10:00:00,6.0,57.25,42.97949722222224,0,0.5170269304616214,9.795899444444448,Low
2026-01-28 11:00:00,7.75,53.0,44.715420174833234,0,0.5096087973911321,10.493084034966646,Low
2026-01-28 12:00:00,8.0,39.25,43.13183740957112,0,0.5075774433312722,10.226367481914222,Low
2026-01-28 13:00:00,8.75,32.75,37.86893002619271,0,0.4952781435680636,9.323786005238542,Low
2026-01-28 14:00:00,8.25,32.0,30.209521371104735,0,0.4911749836957446,7.691904274220947,Low
2026-01-28 15:00:00,7.25,32.0,32.87096314770842,0,0.4965735573875046,8.024192629541684,Low
2026-01-28 16:00:00,9.5,31.25,36.18196335574871,0,0.5078628643138977,9.136392671149741,Low
2026-01-28 17:00:00,14.25,31.75,43.44434441021787,0,0.5010286579088128,11.538868882043575,Low
2026-01-28 18:00:00,16.75,36.5,36.36527621424982,0,0.5090301957480752,10.623055242849963,Low
2026-01-28 19:00:00,25.5,38.5,33.507313191438186,0,0.5042879248578067,11.801462638287637,Low
2026-01-28 20:00:00,29.5,37.75,46.77034763838572,0,0.5050706769330426,15.254069527677142,Low
2026-01-28 21:00:00,34.25,36.25,168.65972026083935,0,0.5039845372722933,40.58194405216787,Moderate
2026-01-28 22:00:00,28.0,32.5,139.67027334656083,0,0.515817150103196,33.53405466931217,Moderate
2026-01-28 23:00:00,29.25,28.5,55.49961903605654,0,0.5243282239872444,16.949923807211306,Low
2026-01-29 00:00:00,27.25,28.0,119.26353555151863,0,0.5109499692545572,29.302707110303725,Moderate
2026-01-29 01:00:00,25.0,29.0,45.44704203667353,0,0.5106593933785935,14.089408407334705,Low
2026-01-29 02:00:00,19.75,33.5,33.939554310813385,0,0.5115658537205373,10.737910862162678,Low
2026-01-29 03:00:00,18.25,33.25,27.521239754316763,0,0.5126275819150858,9.154247950863352,Low
2026-01-29 04:00:00,17.25,36.5,32.87044302149565,0,0.5247619334298719,10.02408860429913,Low
2026-01-29 05:00:00,15.25,40.5,27.56616908419294,0,0.5243866147339983,8.563233816838586,Low
2026-01-29 06:00:00,19.0,33.75,27.815324048400836,0,0.5202613080167204,9.363064809680168,Low
2026-01-29 07:00:00,26.5,44.25,28.32924760659646,0,0.517351604623569,10.965849521319292,Low
2026-01-29 08:00:00,32.0,43.0,36.54312511627865,0,0.5077625983530786,13.708625023255731,Low
2026-01-29 09:00:00,41.25,45.25,42.60091750980077,0,0.47559917028112514,16.770183501960155,Low
2026-01-29 10:00:00,57.25,47.75,43.678900441872734,0,0.4535444859247017,20.185780088374546,Low
2026-01-29 11:00:00,53.0,49.0,38.19726183862431,0,0.4489379478699629,18.239452367724862,Low
2026-01-29 12:00:00,39.25,44.5,36.28341105447814,0,0.45298147986972886,15.106682210895627,Low
2026-01-29 13:00:00,32.75,39.5,38.934741621878025,0,0.45745563655293237,14.336948324375605,Low
2026-01-29 14:00:00,32.0,39.0,36.2936366027605,0,0.4563491467543912,13.6587273205521,Low
2026-01-29 15:00:00,32.0,46.75,35.28673662379004,0,0.4582462207594197,13.45734732475801,Low
2026-01-29 16:00:00,31.25,39.25,34.42889880024533,0,0.46448610142025276,13.135779760049065,Low
2026-01-29 17:00:00,31.75,33.75,36.08330716807454,0,0.49181168354842786,13.566661433614907,Low
2026-01-29 18:00:00,36.5,31.5,37.54472478673335,0,0.5067888815212306,14.808944957346668,Low
2026-01-29 19:00:00,38.5,37.0,45.13650260869342,0,0.5107963686895256,16.727300521738684,Low
2026-01-29 20:00:00,37.75,42.25,50.44475734807368,0,0.5143313640096291,17.638951469614735,Low
2026-01-29 21:00:00,36.25,37.75,47.21345150176451,0,0.534629127361014,16.6926903003529,Low
2026-01-29 22:00:00,32.5,37.0,46.666508929797,1,0.5515467479377809,35.8333017859594,Moderate
2026-01-29 23:00:00,28.5,37.0,43.35614891301064,1,0.5619299207287,34.37122978260213,Moderate
2026-01-30 00:00:00,28.0,38.0,32.225861991157096,1,0.5577386158996215,32.045172398231415,Moderate
2026-01-30 01:00:00,29.0,37.25,30.398087614108668,0,0.5428621347264473,11.879617522821734,Low
2026-01-30 02:00:00,33.5,49.25,33.577827973389404,0,0.5370042159764342,13.41556559467788,Low
2026-01-30 03:00:00,33.25,42.25,34.99055397640931,0,0.5319384309045028,13.648110795281863,Low
2026-01-30 04:00:00,36.5,39.25,34.84415455610042,0,0.5232436627823971,14.268830911220084,Low
2026-01-30 05:00:00,40.5,33.0,37.71888326159827,0,0.5210266023510322,15.643776652319655,Low
2026-01-30 06:00:00,33.75,35.5,40.819175564598616,0,0.5247062371385335,14.913835112919722,Low
2026-01-30 07:00:00,44.25,19.25,38.773262868804736,0,0.526249608041872,16.604652573760948,Low
2026-01-30 08:00:00,43.0,26.5,46.26355902449077,0,0.5239896614507518,17.852711804898153,Low
2026-01-30 09:00:00,45.25,33.25,50.420935099421264,0,0.4975843254513823,19.13418701988425,Low
2026-01-30 10:00:00,47.75,46.0,53.10494450222994,0,0.4829565127563236,20.170988900445987,Low
2026-01-30 11:00:00,49.0,50.5,53.77737594709125,0,0.47024357873677863,20.555475189418253,Low
2026-01-30 12:00:00,44.5,46.75,49.79368429515277,0,0.45748442123813804,18.858736859030557,Low
2026-01-30 13:00:00,39.5,44.25,41.66877200963333,0,0.46639082982004526,16.233754401926667,Low
2026-01-30 14:00:00,39.0,44.75,38.997737670877086,0,0.46257924895168534,15.599547534175418,Low
2026-01-30 15:00:00,46.75,48.0,38.1667851253843,0,0.4577527407857181,16.983357025076863,Low
2026-01-30 16:00:00,39.25,47.75,46.971077477419136,0,0.47986821619928044,17.24421549548383,Low
2026-01-30 17:00:00,33.75,43.75,38.603167487200956,0,0.4955550622465196,14.470633497440192,Low
2026-01-30 18:00:00,31.5,48.5,38.518080275131744,0,0.5147215080712457,14.003616055026349,Low
2026-01-30 19:00:00,37.0,70.75,38.63021879981535,0,0.5341192042484653,15.126043759963071,Low
2026-01-30 20:00:00,42.25,79.25,40.013662344133266,0,0.541614475419693,16.452732468826653,Low
2026-01-30 21:00:00,37.75,76.5,43.949679377206245,1,0.5545593779746087,36.33993587544125,Moderate
2026-01-30 22:00:00,37.0,86.5,43.13430774479746,0,0.5428777861402496,16.026861548959495,Low
2026-01-30 23:00:00,37.0,83.0,42.18674648109897,1,0.5545969163574381,35.83734929621979,Moderate
2026-01-31 00:00:00,38.0,84.5,38.895680157525995,1,0.5518829512855354,35.3791360315052,Moderate
2026-01-31 01:00:00,37.25,81.5,40.023235890811854,1,0.5443978791087907,35.454647178162375,Moderate
2026-01-31 02:00:00,49.25,64.5,40.81994950470002,0,0.5386489778022302,18.013989900940004,Low
2026-01-31 03:00:00,42.25,61.0,46.62222737340138,1,0.564392128778021,37.77444547468028,Moderate
2026-01-31 04:00:00,39.25,52.25,40.3120453277658,1,0.5634307414106174,35.91240906555316,Moderate
2026-01-31 05:00:00,33.0,45.0,40.49459997181626,1,0.5687241739017462,34.69891999436325,Moderate
2026-01-31 06:00:00,35.5,46.5,39.86483506310791,1,0.5672575145513071,35.07296701262158,Moderate
2026-01-31 07:00:00,19.25,49.75,46.511001322145155,1,0.575925994616692,33.15220026442903,Moderate
2026-01-31 08:00:00,26.5,62.25,35.31227975607333,1,0.5680306773714723,32.36245595121467,Moderate
2026-01-31 09:00:00,33.25,63.25,36.67385787598267,1,0.5617130715135088,33.98477157519653,Moderate
2026-01-31 10:00:00,46.0,64.0,39.51641456116656,1,0.5508120590888131,37.10328291223331,Moderate
2026-01-31 11:00:00,50.5,71.75,53.28077194605152,0,0.510224938102505,20.7561543892103,Low
2026-01-31 12:00:00,46.75,60.75,53.02279967164639,0,0.4998578162659793,19.954559934329282,Low
2026-01-31 13:00:00,44.25,50.0,50.36835307750848,0,0.4897401934368891,18.923670615501695,Low
2026-01-31 14:00:00,44.75,40.25,45.449451738726424,0,0.48214899586603455,18.039890347745285,Low
2026-01-31 15:00:00,48.0,44.25,49.35781560793087,0,0.4707909046178629,19.471563121586172,Low
2026-01-31 16:00:00,47.75,52.0,49.80852924829622,0,0.4816197961714756,19.511705849659243,Low
2026-01-31 17:00:00,43.75,39.75,49.5434716589139,0,0.5056091934261039,18.65869433178278,Low
2026-01-31 18:00:00,48.5,38.0,47.41966517455659,0,0.5142785212098474,19.18393303491132,Low
2026-01-31 19:00:00,70.75,64.25,61.897703516744535,0,0.528209862978733,26.529540703348907,Moderate
2026-01-31 20:00:00,79.25,95.75,64.28522562842066,0,0.5422091343153359,28.707045125684132,Moderate
2026-01-31 21:00:00,76.5,104.25,64.43666205756611,1,0.5450102221259038,48.187332411513225,Moderate
2026-01-31 22:00:00,86.5,116.25,72.37970187846881,1,0.5610331803967759,51.775940375693764,High
2026-01-31 23:00:00,83.0,86.25,68.8232876289789,1,0.5708214331265429,50.36465752579578,High
2026-02-01 00:00:00,84.5,86.25,62.814142002216045,1,0.5742976518083597,49.46282840044321,Moderate
2026-02-01 01:00:00,81.5,85.25,67.55284989375417,1,0.5508435155458726,49.810569978750834,Moderate
2026-02-01 02:00:00,64.5,70.25,63.366597183975976,1,0.5483328199396105,45.573319436795195,Moderate
2026-02-01 03:00:00,61.0,55.75,58.14377811015733,1,0.5449541646602565,43.828755622031466,Moderate
2026-02-01 04:00:00,52.25,48.75,55.83789890358217,1,0.5436460426140514,41.61757978071643,Moderate
2026-02-01 05:00:00,45.0,47.25,51.48302399111073,0,0.5428011937978979,19.29660479822215,Low
2026-02-01 06:00:00,46.5,44.5,48.78147985084839,1,0.5659299017477509,39.05629597016968,Moderate
2026-02-01 07:00:00,49.75,51.0,50.21825199999864,1,0.5606470862531314,39.99365039999973,Moderate
2026-02-01 08:00:00,62.25,60.0,48.408344382335905,0,0.5338763437267421,22.13166887646718,Low
2026-02-01 09:00:00,63.25,64.75,55.022409213441094,0,0.5125234145083674,23.654481842688217,Low
2026-02-01 10:00:00,64.0,68.0,63.70966636164061,0,0.4965166383035257,25.541933272328123,Moderate
2026-02-01 11:00:00,71.75,63.0,62.329014148618114,0,0.47177005990855375,26.815802829723623,Moderate
2026-02-01 12:00:00,60.75,54.25,61.46057206392652,0,0.47103624823053136,24.442114412785305,Low
2026-02-01 13:00:00,50.0,40.0,55.37559869341745,0,0.4559592334941667,21.07511973868349,Low
2026-02-01 14:00:00,40.25,30.0,51.95199004922993,0,0.4660862117391273,18.440398009845985,Low
2026-02-01 15:00:00,44.25,35.0,47.637180603908966,0,0.4673471181061377,18.377436120781795,Low
2026-02-01 16:00:00,52.0,30.75,47.59091665919774,0,0.47165995667075156,19.91818333183955,Low
2026-02-01 17:00:00,39.75,23.0,53.30934004559989,0,0.484909952552269,18.611868009119977,Low
2026-02-01 18:00:00,38.0,30.75,47.11202261164663,0,0.4980359897252978,17.022404522329325,Low
2026-02-01 19:00:00,64.25,50.25,51.828544173216876,0,0.5038024895697318,23.215708834643372,Low
2026-02-01 20:00:00,95.75,54.0,70.20318114124733,0,0.5111371747722182,33.19063622824946,Moderate
2026-02-01 21:00:00,104.25,50.5,83.73569240697772,0,0.5274657256185381,37.59713848139555,Moderate
2026-02-01 22:00:00,116.25,55.25,83.52741420941265,0,0.5387696562787335,39.95548284188253,Moderate
2026-02-01 23:00:00,86.25,44.75,87.03659231569742,0,0.5292195211282598,34.65731846313948,Moderate
2026-02-02 00:00:00,86.25,49.75,77.30929650730788,0,0.5281667369571302,32.71185930146157,Moderate
2026-02-02 01:00:00,85.25,46.5,85.2829312679764,0,0.528522049956797,34.10658625359528,Moderate
2026-02-02 02:00:00,70.25,47.75,81.43472350567058,0,0.5210775916929634,30.33694470113412,Moderate
2026-02-02 03:00:00,55.75,46.25,66.62810798338569,0,0.5239792749919309,24.475621596677136,Low
2026-02-02 04:00:00,48.75,43.75,56.072927453995206,0,0.5169996053134438,20.96458549079904,Low
2026-02-02 05:00:00,47.25,44.75,52.66706085026666,0,0.5171303676295751,19.98341217005333,Low
2026-02-02 06:00:00,44.5,45.0,49.224660615994644,0,0.5163927941738777,18.74493212319893,Low
2026-02-02 07:00:00,51.0,39.5,59.32964025363183,0,0.5190325081127386,22.065928050726367,Low
2026-02-02 08:00:00,60.0,45.0,58.65725899250337,0,0.5009508657431753,23.73145179850067,Low
2026-02-02 09:00:00,64.75,56.5,68.29233434973818,0,0.4694007899243459,26.608466869947634,Moderate
2026-02-02 10:00:00,68.0,82.5,67.7473038666055,0,0.46694167909452083,27.149460773321103,Moderate
2026-02-02 11:00:00,63.0,33.5,69.21223000304815,0,0.4600318122824737,26.44244600060963,Moderate
2026-02-02 12:00:00,54.25,28.5,66.8943554889376,0,0.45570591876270583,24.22887109778752,Low
2026-02-02 13:00:00,40.0,19.5,54.837715506726006,0,0.4634795159894486,18.9675431013452,Low
2026-02-02 14:00:00,30.0,17.0,46.10444924827212,0,0.4549965270799969,15.220889849654423,Low
2026-02-02 15:00:00,35.0,10.0,40.34968306684387,0,0.4575411540459055,15.069936613368775,Low
2026-02-02 16:00:00,30.75,10.75,42.07695000478403,0,0.4655895625664671,14.565390000956807,Low
2026-02-02 17:00:00,23.0,17.0,41.64638037295411,0,0.48163692897715416,12.929276074590824,Low
2026-02-02 18:00:00,30.75,26.75,41.58617201112774,0,0.47997218372619077,14.467234402225548,Low
2026-02-02 19:00:00,50.25,81.0,42.824770509449294,0,0.4812518645342252,18.614954101889857,Low
2026-02-02 20:00:00,54.0,72.5,65.34166034331417,0,0.4816337054909765,23.868332068662838,Low
2026-02-02 21:00:00,50.5,77.75,66.9522556710043,0,0.49843205173089467,23.49045113420086,Low
2026-02-02 22:00:00,55.25,65.0,67.27309830498858,0,0.4965262840442554,24.504619660997715,Low
2026-02-02 23:00:00,44.75,54.25,70.78492409570805,0,0.5073386375525033,23.10698481914161,Low
2026-02-03 00:00:00,49.75,37.25,58.61677320681748,0,0.49623806304531815,21.673354641363495,Low
2026-02-03 01:00:00,46.5,41.0,57.27755193044188,0,0.4956152878685898,20.75551038608838,Low
2026-02-03 02:00:00,47.75,50.0,54.37472272558662,0,0.495717934320466,20.424944545117324,Low
2026-02-03 03:00:00,46.25,47.0,50.980281899168865,0,0.49690578371596905,19.446056379833774,Low
2026-02-03 04:00:00,43.75,42.75,46.34827837097173,0,0.4758234809802412,18.019655674194347,Low
2026-02-03 05:00:00,44.75,34.25,48.38386313277288,0,0.47968572666519804,18.626772626554576,Low
2026-02-03 06:00:00,45.0,31.25,46.32232091000194,0,0.48553228085900063,18.26446418200039,Low
2026-02-03 07:00:00,39.5,30.75,67.63397739372971,0,0.48964110823410373,21.42679547874594,Low
2026-02-03 08:00:00,45.0,30.0,44.578365389233134,0,0.510340325965505,17.915673077846627,Low
2026-02-03 09:00:00,56.5,25.5,89.92465472040695,0,0.5058678273853344,29.28493094408139,Moderate
2026-02-03 10:00:00,82.5,32.0,61.303153201049405,0,0.49781952308864935,28.760630640209882,Moderate
2026-02-03 11:00:00,33.5,30.25,69.2560823938888,0,0.4936819197107579,20.55121647877776,Low
2026-02-03 12:00:00,28.5,28.25,40.428273925818466,0,0.5110996332555161,13.785654785163691,Low
2026-02-03 13:00:00,19.5,30.5,39.857637920435316,0,0.4960173953977434,11.871527584087064,Low
2026-02-03 14:00:00,17.0,28.25,34.83297082628524,0,0.49086064045168176,10.366594165257048,Low
2026-02-03 15:00:00,10.0,21.75,36.067717488283385,0,0.4953889862328759,9.213543497656676,Low
2026-02-03 16:00:00,10.75,15.75,35.111085032384345,0,0.4960239376283043,9.172217006476869,Low
2026-02-03 17:00:00,17.0,21.0,33.73774786009329,0,0.5017412661677697,10.147549572018658,Low
2026-02-03 18:00:00,26.75,23.75,35.40583850215564,0,0.5005902510177114,12.431167700431129,Low
2026-02-03 19:00:00,81.0,44.75,44.28341457707032,0,0.4993834683842159,25.056682915414065,Moderate
2026-02-03 20:00:00,72.5,61.0,77.23121909101984,0,0.498183869958957,29.946243818203968,Moderate
2026-02-03 21:00:00,77.75,70.0,72.64092841660894,0,0.5073640022521058,30.078185683321784,Moderate
2026-02-03 22:00:00,65.0,73.5,83.88928499042485,0,0.513678175482828,29.77785699808497,Moderate
2026-02-03 23:00:00,54.25,50.5,63.984655201111,0,0.505166496514691,23.6469310402222,Low
2026-02-04 00:00:00,37.25,40.0,55.19567696596103,0,0.5047666489412901,18.489135393192207,Low
2026-02-04 01:00:00,41.0,42.5,48.51004371281863,0,0.5130987196472101,17.902008742563723,Low
2026-02-04 02:00:00,50.0,46.5,44.88854889055041,0,0.5178941022358555,18.977709778110082,Low
2026-02-04 03:00:00,47.0,51.25,74.02882089869473,0,0.5147166610175682,24.205764179738946,Low
2026-02-04 04:00:00,42.75,58.0,77.75765531527425,0,0.5126469610301352,24.10153106305485,Low
2026-02-04 05:00:00,34.25,64.25,45.313398364076086,0,0.5430735411471586,15.91267967281522,Low
2026-02-04 06:00:00,31.25,71.0,38.98259969645633,0,0.5412640913943394,14.046519939291267,Low
2026-02-04 07:00:00,30.75,64.25,36.75032307752719,1,0.5437151430494991,33.50006461550544,Moderate
2026-02-04 08:00:00,30.0,51.0,35.31170380636631,1,0.5473621937643207,33.06234076127326,Moderate
2026-02-04 09:00:00,25.5,50.0,36.64396300932437,0,0.5194119796728286,12.428792601864872,Low
2026-02-04 10:00:00,32.0,58.75,40.783555546704214,0,0.49425667781865495,14.556711109340844,Low
2026-02-04 11:00:00,30.25,54.75,38.343043634238796,0,0.474354278914082,13.718608726847759,Low
2026-02-04 12:00:00,28.25,46.25,41.094730758363355,0,0.4618627464323732,13.86894615167267,Low
2026-02-04 13:00:00,30.5,36.25,30.80880012540103,0,0.4487210695798469,12.261760025080207,Low
2026-02-04 14:00:00,28.25,28.0,36.75526197800929,0,0.4581745854515982,13.001052395601857,Low
2026-02-04 15:00:00,21.75,23.5,34.500833715544424,0,0.4681005245533537,11.250166743108885,Low
2026-02-04 16:00:00,15.75,30.75,30.13106492372203,0,0.48245014007083736,9.176212984744406,Low
2026-02-04 17:00:00,21.0,28.0,33.17603231206768,0,0.4828149461356871,10.835206462413538,Low
2026-02-04 18:00:00,23.75,40.33,37.8236463596327,0,0.4924311493079567,12.314729271926538,Low
2026-02-04 19:00:00,44.75,53.5,39.2755094235527,0,0.47690026496120796,16.80510188471054,Low
2026-02-04 20:00:00,61.0,79.25,55.83755874654077,0,0.4825098721793796,23.367511749308154,Low
2026-02-04 21:00:00,70.0,74.5,70.99005977048557,0,0.49013664148108976,28.19801195409711,Moderate
2026-02-04 22:00:00,73.5,53.25,59.372737961403715,0,0.5021202472619238,26.57454759228074,Moderate
2026-02-04 23:00:00,50.5,55.25,64.6593549711178,0,0.5165275373353239,23.03187099422356,Low
2026-02-05 00:00:00,40.0,52.5,52.2930338353748,0,0.5195716210379724,18.45860676707496,Low
2026-02-05 01:00:00,42.5,43.5,51.23787043551231,0,0.5365628657175038,18.747574087102464,Low
2026-02-05 02:00:00,46.5,41.25,45.461183917309754,0,0.5364313014540466,18.392236783461954,Low
2026-02-05 03:00:00,51.25,35.0,49.14662952607834,0,0.5369237668580462,20.07932590521567,Low
2026-02-05 04:00:00,58.0,34.75,50.84805824236002,0,0.5350483446365009,21.769611648472,Low
2026-02-05 05:00:00,64.25,33.25,51.60949411452713,0,0.5370308790044603,23.171898822905426,Low
2026-02-05 06:00:00,71.0,31.25,54.77524591700562,0,0.5157368668710262,25.155049183401125,Moderate
2026-02-05 07:00:00,64.25,39.25,52.75196103186977,0,0.5132578798014792,23.40039220637395,Low
2026-02-05 08:00:00,51.0,56.5,48.87146018013581,0,0.5199132576151886,19.974292036027162,Low
2026-02-05 09:00:00,50.0,66.0,45.37525864341552,0,0.504194446555606,19.075051728683107,Low
2026-02-05 10:00:00,58.75,58.25,46.74357449916954,0,0.4644736070765186,21.098714899833908,Low
2026-02-05 11:00:00,54.75,52.75,47.118735885024044,0,0.4489306104888647,20.37374717700481,Low
2026-02-05 12:00:00,46.25,45.0,44.04841824098833,0,0.44298191016651295,18.05968364819767,Low
2026-02-05 13:00:00,36.25,34.5,53.64041762863882,0,0.45009055241979323,17.978083525727765,Low
2026-02-05 14:00:00,28.0,29.5,39.145981918137494,0,0.4617127572549044,13.429196383627499,Low
2026-02-05 15:00:00,23.5,36.0,53.89506433434847,0,0.4625984190678751,15.479012866869692,Low
2026-02-05 16:00:00,30.75,36.0,54.878978340888715,0,0.4589052264863665,17.125795668177744,Low
2026-02-05 17:00:00,28.0,63.75,42.19012616359762,0,0.47206954595473205,14.038025232719523,Low
2026-02-05 18:00:00,40.33,51.0,41.183754727916266,0,0.4747766105940091,16.302750945583252,Low
2026-02-05 19:00:00,53.5,57.5,53.61716425828363,0,0.4794099830335286,21.423432851656727,Low
2026-02-05 20:00:00,79.25,82.0,64.91759506446273,0,0.4776490912924006,28.833519012892545,Moderate
2026-02-05 21:00:00,74.5,103.25,74.97361335437448,0,0.47714417174761925,29.8947226708749,Moderate
2026-02-05 22:00:00,53.25,126.75,68.4305220671472,0,0.4843502469571491,24.33610441342944,Low
2026-02-05 23:00:00,55.25,91.75,68.61574774297905,0,0.49304496601109654,24.77314954859581,Low
2026-02-06 00:00:00,52.5,66.0,57.13385322686866,0,0.48936707617616365,21.926770645373733,Low
2026-02-06 01:00:00,43.5,50.0,53.000676593530166,0,0.4865157256934728,19.300135318706033,Low
2026-02-06 02:00:00,41.25,42.75,47.76021827669298,0,0.4922431305802675,17.802043655338597,Low
2026-02-06 03:00:00,35.0,37.75,45.60280895243295,0,0.4991237403478103,16.12056179048659,Low
2026-02-06 04:00:00,34.75,35.25,44.86987856306824,0,0.5097054144497155,15.923975712613647,Low
2026-02-06 05:00:00,33.25,40.75,43.42923700423465,0,0.5217376164742477,15.33584740084693,Low
2026-02-06 06:00:00,31.25,49.0,43.74167467662457,0,0.5215315784606432,14.998334935324914,Low
2026-02-06 07:00:00,39.25,52.75,45.03678483223947,0,0.5082585513863821,16.857356966447895,Low
2026-02-06 08:00:00,56.5,59.75,43.94930585073165,0,0.48094319452542694,20.089861170146328,Low
2026-02-06 09:00:00,66.0,61.0,59.82093667351594,0,0.4718319295016028,25.164187334703186,Moderate
2026-02-06 10:00:00,58.25,53.5,61.708979805525125,0,0.46197226984704487,23.991795961105026,Low
2026-02-06 11:00:00,52.75,50.5,55.63015901667356,0,0.4418883832189068,21.67603180333471,Low
2026-02-06 12:00:00,45.0,46.5,50.77384434528162,0,0.45040014501130493,19.154768869056323,Low
2026-02-06 13:00:00,34.5,40.0,41.40686433538436,0,0.4614722137783658,15.18137286707687,Low
2026-02-06 14:00:00,29.5,39.75,35.710556514876956,0,0.4612126930487368,13.04211130297539,Low
2026-02-06 15:00:00,36.0,40.0,36.75248755392168,0,0.4521087372602779,14.550497510784336,Low
2026-02-06 16:00:00,36.0,42.5,38.946539770189,0,0.45595772199882867,14.989307954037798,Low
2026-02-06 17:00:00,63.75,45.0,38.32639056755284,0,0.45094868618927564,20.415278113510567,Low
2026-02-06 18:00:00,51.0,47.75,56.19780420136547,0,0.45711059759953226,21.439560840273096,Low
2026-02-06 19:00:00,57.5,67.0,58.98223663065485,0,0.4663750412665843,23.29644732613097,Low
2026-02-06 20:00:00,82.0,72.5,65.08775678522971,0,0.4759372093985863,29.41755135704594,Moderate
2026-02-06 21:00:00,103.25,71.25,80.76870409140058,0,0.49550177773085824,36.80374081828012,Moderate
2026-02-06 22:00:00,126.75,72.75,79.62891125282009,0,0.5182691492327072,41.27578225056402,Moderate
2026-02-06 23:00:00,91.75,65.25,77.76091297127746,0,0.49873297319434867,33.90218259425549,Moderate
2026-02-07 00:00:00,66.0,68.25,75.53464701417967,0,0.49565013395561414,28.306929402835934,Moderate
2026-02-07 01:00:00,50.0,47.5,69.14618272653064,0,0.5025931554366689,23.829236545306127,Low
2026-02-07 02:00:00,42.75,36.0,51.968037835907495,0,0.508190055011602,18.943607567181502,Low
2026-02-07 03:00:00,37.75,35.0,52.095624416827235,0,0.510081593000865,17.969124883365446,Low
2026-02-07 04:00:00,35.25,38.5,46.10276792389899,0,0.5131865129908246,16.270553584779798,Low
2026-02-07 05:00:00,40.75,40.75,44.581612248577315,0,0.5124614150240687,17.06632244971546,Low
2026-02-07 06:00:00,49.0,46.25,48.35672723619164,0,0.5198799142916928,19.471345447238328,Low
2026-02-07 07:00:00,52.75,48.5,48.682684477933876,0,0.520074983060595,20.286536895586774,Low
2026-02-07 08:00:00,59.75,59.25,60.89170767012394,0,0.49153228361366486,24.12834153402479,Low
2026-02-07 09:00:00,61.0,65.25,67.61076884123925,0,0.48148802286103737,25.72215376824785,Moderate
2026-02-07 10:00:00,53.5,60.0,67.67607484531474,0,0.46792522045023377,24.23521496906295,Low
2026-02-07 11:00:00,50.5,57.25,55.51858870147297,0,0.448972958705194,21.203717740294593,Low
2026-02-07 12:00:00,46.5,38.0,49.12889675751966,0,0.4574039653474664,19.125779351503933,Low
2026-02-07 13:00:00,40.0,27.25,50.29249738526664,0,0.46742027349376775,18.058499477053328,Low
2026-02-07 14:00:00,39.75,32.25,44.596531270802984,0,0.46768424231785966,16.8693062541606,Low
2026-02-07 15:00:00,40.0,34.0,44.267576874120785,0,0.4651529236670606,16.853515374824156,Low
2026-02-07 16:00:00,42.5,37.5,45.26160905505593,0,0.45142158188092746,17.552321811011186,Low
2026-02-07 17:00:00,45.0,33.75,50.76407967980696,0,0.46061657250923005,19.152815935961392,Low
2026-02-07 18:00:00,47.75,43.5,56.25424407202541,0,0.4683965348187539,20.80084881440508,Low
2026-02-07 19:00:00,67.0,58.5,65.13649262633872,0,0.47671583705150555,26.427298525267744,Moderate
2026-02-07 20:00:00,72.5,74.25,71.79196017125754,0,0.4920853312564906,28.85839203425151,Moderate
2026-02-07 21:00:00,71.25,77.75,76.02767558814382,0,0.4816438486242219,29.455535117628763,Moderate
2026-02-07 22:00:00,72.75,79.75,73.06805635252003,0,0.4848261335310247,29.163611270504006,Moderate
2026-02-07 23:00:00,65.25,95.5,71.31422138852611,0,0.49341131423750884,27.31284427770522,Moderate
2026-02-08 00:00:00,68.25,94.5,64.55337801445631,0,0.4966035354769625,26.560675602891262,Moderate
2026-02-08 01:00:00,47.5,135.5,58.36207915885145,0,0.4941289396922827,21.17241583177029,Low
2026-02-08 02:00:00,36.0,122.75,54.33677765518924,0,0.5048668839920561,18.067355531037848,Low
2026-02-08 03:00:00,35.0,82.5,47.27191001035639,0,0.5137226117492163,16.454382002071277,Low
2026-02-08 04:00:00,38.5,73.5,49.557990755339006,0,0.517922364313111,17.611598151067803,Low
2026-02-08 05:00:00,40.75,62.25,52.01525168020939,0,0.5173712436535892,18.553050336041878,Low
2026-02-08 06:00:00,46.25,62.75,52.614519648423254,0,0.5158128403452332,19.772903929684652,Low
2026-02-08 07:00:00,48.5,64.75,53.118332120400304,0,0.5153410678327329,20.32366642408006,Low
2026-02-08 08:00:00,59.25,87.75,59.15885319339028,0,0.5008018784435389,23.68177063867806,Low
2026-02-08 09:00:00,65.25,96.75,68.76698014198247,0,0.49319464079909325,26.80339602839649,Moderate
2026-02-08 10:00:00,60.0,66.5,70.85504180570508,0,0.4639744943931382,26.17100836114102,Moderate
2026-02-08 11:00:00,57.25,43.75,65.11203729180369,0,0.45855028165882217,24.47240745836074,Low
2026-02-08 12:00:00,38.0,42.75,61.40683663386496,0,0.4840931643163439,19.881367326772992,Low
2026-02-08 13:00:00,27.25,41.25,46.229291799958254,0,0.48410542479049745,14.69585835999165,Low
2026-02-08 14:00:00,32.25,26.0,41.311312290943796,0,0.47930721348412003,14.71226245818876,Low
2026-02-08 15:00:00,34.0,21.5,42.48553357268874,0,0.4835421090145563,15.297106714537748,Low
2026-02-08 16:00:00,37.5,21.0,41.80263916613601,0,0.47556328484233185,15.860527833227202,Low
2026-02-08 17:00:00,33.75,26.5,42.64037683449,0,0.47124195855505474,15.278075366898001,Low
2026-02-08 18:00:00,43.5,35.75,45.494903212067086,0,0.47729880806626945,17.798980642413415,Low
2026-02-08 19:00:00,58.5,49.0,63.37605742564962,0,0.4817341290444151,24.375211485129924,Low
2026-02-08 20:00:00,74.25,63.25,66.64790810694046,0,0.4978247602464742,28.179581621388095,Moderate
2026-02-08 21:00:00,77.75,64.5,73.79604065865978,0,0.4989591829458167,30.309208131731957,Moderate
2026-02-08 22:00:00,79.75,65.25,79.991948287229,0,0.5097095349726856,31.948389657445798,Moderate
2026-02-08 23:00:00,95.5,71.25,77.00334089694941,0,0.5220051701798051,34.500668179389876,Moderate
2026-02-09 00:00:00,94.5,78.0,78.9999319256621,0,0.5097295782331033,34.69998638513242,Moderate
2026-02-09 01:00:00,135.5,66.0,70.54283662528525,1,0.5489321087411742,61.20856732505705,High
2026-02-09 02:00:00,122.75,66.5,65.71911143618497,0,0.5346167901097202,37.693822287237,Moderate
2026-02-09 03:00:00,82.5,68.0,62.986389550088546,0,0.5191632653114386,29.09727791001771,Moderate
2026-02-09 04:00:00,73.5,65.5,69.35471620310075,0,0.5137817175202698,28.57094324062015,Moderate
2026-02-09 05:00:00,62.25,67.5,65.81142364128813,0,0.5124283877396673,25.612284728257627,Moderate
2026-02-09 06:00:00,62.75,87.0,57.245952181163936,0,0.5266008293620766,23.999190436232787,Low
2026-02-09 07:00:00,64.75,78.5,55.49399625478291,0,0.5169421363616845,24.04879925095658,Low
2026-02-09 08:00:00,87.75,96.25,67.47926806765476,0,0.4862032161705308,31.04585361353095,Moderate
2026-02-09 09:00:00,96.75,140.0,79.50934328889534,0,0.4721066170369264,35.25186865777907,Moderate
2026-02-09 10:00:00,66.5,139.0,81.91166209626974,0,0.4660049869493963,29.682332419253946,Moderate
2026-02-09 11:00:00,43.75,66.75,64.43684835082414,0,0.4572261759415068,21.63736967016483,Low
2026-02-09 12:00:00,42.75,58.5,50.826765123734496,0,0.46409041580273097,18.7153530247469,Low
2026-02-09 13:00:00,41.25,46.0,48.74237283967684,0,0.46493253837303006,17.998474567935368,Low
2026-02-09 14:00:00,26.0,34.5,46.95311555689216,0,0.4679247671609087,14.59062311137843,Low
2026-02-09 15:00:00,21.5,35.75,44.764337256420525,0,0.4829451902466634,13.252867451284107,Low
2026-02-09 16:00:00,21.0,33.25,41.817536673530185,0,0.4936461354225012,12.563507334706038,Low
2026-02-09 17:00:00,26.5,32.0,42.653117120067094,0,0.4839439209239525,13.830623424013421,Low
2026-02-09 18:00:00,35.75,42.0,42.04927860673427,0,0.47644964018128044,15.559855721346853,Low
2026-02-09 19:00:00,49.0,81.25,45.02220312626643,0,0.4717023907131317,18.80444062525329,Low
2026-02-09 20:00:00,63.25,71.25,71.31489117849314,0,0.47371982191609524,26.912978235698628,Moderate
2026-02-09 21:00:00,64.5,70.0,75.61707189029032,0,0.48811047075841485,28.023414378058064,Moderate
2026-02-09 22:00:00,65.25,73.5,69.06851360573604,0,0.4908823460596318,26.863702721147206,Moderate
2026-02-09 23:00:00,71.25,65.25,66.0990608087562,0,0.5027245094660453,27.469812161751243,Moderate
2026-02-10 00:00:00,78.0,65.75,59.02323168546457,0,0.4866020350183846,27.404646337092917,Moderate
2026-02-10 01:00:00,66.0,68.75,68.10181579395734,0,0.488535720640094,26.82036315879147,Moderate
2026-02-10 02:00:00,66.5,61.0,61.667689176787874,0,0.4884494626817756,25.633537835357576,Moderate
2026-02-10 03:00:00,68.0,57.25,60.203694138389146,0,0.49115862439201996,25.64073882767783,Moderate
2026-02-10 04:00:00,65.5,55.25,60.092308130695066,0,0.497734769582268,25.118461626139016,Moderate
2026-02-10 05:00:00,67.5,57.75,59.42740313106397,0,0.5067871319052457,25.385480626212797,Moderate
2026-02-10 06:00:00,87.0,64.0,59.21733522013254,0,0.5068982105978074,29.243467044026506,Moderate
2026-02-10 07:00:00,78.5,77.25,73.24330679337262,0,0.5037970365307117,30.348661358674526,Moderate
2026-02-10 08:00:00,96.25,81.25,73.04855654972191,0,0.4827042424134845,33.85971130994438,Moderate
2026-02-10 09:00:00,140.0,85.75,75.34329908542242,0,0.5052279799719128,43.06865981708448,Moderate
2026-02-10 10:00:00,139.0,80.5,84.98665880118762,0,0.49757409281684994,44.797331760237526,Moderate
2026-02-10 11:00:00,66.75,76.5,64.42011025317115,0,0.4483420176887643,26.23402205063423,Moderate
2026-02-10 12:00:00,58.5,74.75,64.66477718059872,0,0.4518981352386312,24.632955436119744,Low
2026-02-10 13:00:00,46.0,55.0,58.07409008479384,0,0.44952434444223177,20.814818016958768,Low
2026-02-10 14:00:00,34.5,42.5,49.281338938640374,0,0.45277507927315147,16.756267787728074,Low
2026-02-10 15:00:00,35.75,37.5,45.69283705401434,0,0.4558164973492867,16.288567410802866,Low
2026-02-10 16:00:00,33.25,40.5,45.90763160916448,0,0.4643759889063639,15.831526321832897,Low
2026-02-10 17:00:00,32.0,39.5,44.05383696363022,0,0.46135278684581815,15.210767392726044,Low
2026-02-10 18:00:00,42.0,46.25,41.161507787600875,0,0.44897129444369754,16.632301557520176,Low
2026-02-10 19:00:00,81.25,69.75,56.96791093718963,0,0.4577300792629287,27.643582187437925,Moderate
2026-02-10 20:00:00,71.25,92.0,87.34726123365077,0,0.45855681620099714,31.719452246730157,Moderate
2026-02-10 21:00:00,70.0,99.25,84.79531131489966,0,0.46648698489741663,30.959062262979934,Moderate
2026-02-10 22:00:00,73.5,100.0,83.34518566076433,0,0.48251157254039395,31.369037132152865,Moderate
2026-02-10 23:00:00,65.25,94.0,85.81787751598176,0,0.48640380812437556,30.213575503196353,Moderate
2026-02-11 00:00:00,65.75,88.0,80.12014355464463,0,0.4802737946506104,29.174028710928923,Moderate
2026-02-11 09:00:00,85.75,75.5,86.69247817065971,0,0.45848048426374044,34.488495634131944,Moderate
2026-02-11 10:00:00,80.5,80.25,88.65566552786598,0,0.4491901950685024,33.8311331055732,Moderate
2026-02-11 11:00:00,76.5,75.0,71.80599648276065,0,0.4411030077382721,29.66119929655213,Moderate
2026-02-11 12:00:00,74.75,64.25,63.69445418390085,0,0.4492141053587765,27.68889083678017,Moderate
2026-02-11 13:00:00,55.0,53.25,50.884019951850306,0,0.442400092107111,21.17680399037006,Low
2026-02-11 14:00:00,42.5,45.75,53.651147808672576,0,0.43934056041309877,19.230229561734514,Low
2026-02-11 15:00:00,37.5,45.75,56.167477398529904,0,0.43941375909015634,18.73349547970598,Low
2026-02-11 16:00:00,40.5,42.5,48.63295501783757,0,0.44322906500442777,17.826591003567515,Low
2026-02-11 17:00:00,39.5,35.0,48.25556489535284,0,0.44399229579334054,17.551112979070567,Low
2026-02-11 18:00:00,46.25,38.0,49.16875958205534,0,0.4448959556807778,19.083751916411067,Low
2026-02-11 19:00:00,69.75,58.75,67.86829629068342,0,0.4515677821062336,27.523659258136682,Moderate
2026-02-11 20:00:00,92.0,66.25,74.61318977425071,0,0.4671705487303449,33.322637954850144,Moderate
2026-02-11 21:00:00,99.25,75.0,82.07263197678564,0,0.4771407708610075,36.26452639535713,Moderate
2026-02-11 22:00:00,100.0,93.33,79.93002155596345,0,0.49693737928117676,35.98600431119269,Moderate
2026-02-11 23:00:00,94.0,95.25,82.0462929891603,0,0.5031731220348371,35.20925859783206,Moderate
2026-02-12 00:00:00,88.0,94.5,79.35892736641671,0,0.49407074842862597,33.47178547328335,Moderate
2026-02-15 09:00:00,100.0,95.25,94.61932200051518,0,0.48640084238804165,38.923864400103035,Moderate
2026-02-15 10:00:00,84.5,75.75,91.53443935706464,0,0.4658345390869479,35.20688787141293,Moderate
2026-02-15 11:00:00,73.25,76.5,82.12215586779763,0,0.4634187975723993,31.074431173559525,Moderate
2026-02-15 12:00:00,68.5,71.75,68.89217861918263,0,0.4565844656482915,27.478435723836526,Moderate
2026-02-15 13:00:00,63.0,57.0,54.23159438711857,0,0.4526027615247681,23.446318877423714,Low
2026-02-15 14:00:00,51.75,45.5,54.82262100888666,0,0.45278814565728953,21.31452420177733,Low
2026-02-15 15:00:00,45.5,38.75,51.88429897664708,0,0.4515667313578166,19.476859795329418,Low
2026-02-15 16:00:00,39.75,33.5,57.972124950692326,0,0.45763146373595665,19.544424990138467,Low
2026-02-15 17:00:00,43.5,42.5,49.72996036465361,0,0.4784279951886165,18.64599207293072,Low
2026-02-15 18:00:00,57.0,46.75,51.93263386269747,0,0.47238084604510094,21.786526772539496,Low
2026-02-15 19:00:00,80.75,56.5,66.31875014951937,0,0.4928443079629566,29.413750029903873,Moderate
2026-02-15 20:00:00,77.0,63.25,88.07370822668759,0,0.49697679960300245,33.014741645337516,Moderate
2026-02-15 21:00:00,107.75,98.75,83.97388026439985,0,0.5236509798825423,38.344776052879965,Moderate
2026-02-15 22:00:00,113.25,192.75,92.18035268803982,1,0.547076509087231,61.08607053760797,High
2026-02-15 23:00:00,100.0,206.25,93.63023688924217,0,0.5412989879214681,38.72604737784843,Moderate
2026-02-16 00:00:00,92.0,192.25,87.60679338892218,0,0.5146138667926629,35.92135867778444,Moderate
2026-02-16 01:00:00,86.0,149.25,91.46301545585663,0,0.5081590311008052,35.492603091171326,Moderate
2026-02-16 02:00:00,67.5,103.0,86.79580840988028,0,0.49863419964592165,30.859161681976055,Moderate
2026-02-16 03:00:00,69.0,89.5,66.68422985466631,0,0.5013516996633172,27.13684597093326,Moderate
2026-02-16 04:00:00,61.25,93.75,69.50337835387663,0,0.49172887055419445,26.15067567077533,Moderate
2026-02-16 05:00:00,55.75,71.5,59.20229903757286,0,0.49569680236165625,22.990459807514572,Low
2026-02-16 06:00:00,71.5,68.0,57.7901001887748,0,0.5009051443826614,25.858020037754958,Moderate
2026-02-16 07:00:00,73.25,75.5,69.51711013198516,0,0.5018970836289227,28.55342202639703,Moderate
2026-02-16 08:00:00,100.75,100.5,75.3857407087562,0,0.5068340238771468,35.22714814175124,Moderate
2026-02-16 09:00:00,95.25,144.75,91.14327950069737,0,0.4982457213831392,37.278655900139476,Moderate
2026-02-16 10:00:00,75.75,116.5,86.82774072329283,0,0.45440914839909613,32.51554814465857,Moderate
2026-02-16 11:00:00,76.5,107.5,66.26499514735634,0,0.4483053494350026,28.55299902947127,Moderate
2026-02-16 12:00:00,71.75,70.75,63.82193115014552,0,0.4543857502561498,27.114386230029105,Moderate
2026-02-16 13:00:00,57.0,58.0,56.78390395254047,0,0.4472832689010702,22.756780790508092,Low
2026-02-16 14:00:00,45.5,42.25,47.037435251344775,0,0.4468178708786674,18.507487050268956,Low
2026-02-16 15:00:00,38.75,39.0,52.97820081406881,0,0.454301312554327,18.345640162813762,Low
2026-02-16 16:00:00,33.5,30.25,50.188944690761886,0,0.4635727929573914,16.737788938152377,Low
2026-02-16 17:00:00,42.5,42.0,49.94541603148305,0,0.46983030921478747,18.48908320629661,Low
2026-02-16 18:00:00,46.75,57.0,53.80309747776909,0,0.48025117593360567,20.11061949555382,Low
2026-02-16 19:00:00,56.5,56.5,66.97280836499203,0,0.4795545445262247,24.694561672998404,Low
2026-02-16 20:00:00,63.25,101.0,72.62027815177818,0,0.4800059772977435,27.174055630355635,Moderate
2026-02-16 21:00:00,98.75,96.0,73.98095243941522,0,0.5084327162677998,34.546190487883045,Moderate
2026-02-16 22:00:00,192.75,139.0,95.67970596405688,1,0.5781985066942172,77.68594119281137,Critical
2026-02-16 23:00:00,206.25,120.0,110.03935039729423,1,0.598918169621345,82.00787007945884,Critical
2026-02-17 00:00:00,192.25,91.0,93.12368617517242,1,0.586370475688958,77.07473723503449,Critical
2026-02-17 01:00:00,149.25,63.5,78.72864629898169,1,0.5517282486449558,65.59572925979634,High
2026-02-17 02:00:00,103.0,85.25,71.28320340833253,0,0.5087177646567779,34.856640681666505,Moderate
2026-02-17 03:00:00,89.5,117.0,64.85951808096654,0,0.49193009705861546,30.871903616193308,Moderate
2026-02-17 04:00:00,93.75,99.5,66.16125862909746,0,0.4970414490488415,31.982251725819495,Moderate
2026-02-17 05:00:00,71.5,107.25,65.05115854364173,0,0.49364327342321496,27.310231708728345,Moderate
2026-02-17 06:00:00,68.0,126.5,72.715672264943,0,0.48202732010952015,28.1431344529886,Moderate
2026-02-17 07:00:00,75.5,118.25,73.1389818347593,0,0.4854246864208532,29.727796366951864,Moderate
2026-02-17 08:00:00,100.5,65.75,76.60871061000829,0,0.4863181529046159,35.42174212200166,Moderate
2026-02-17 09:00:00,144.75,81.5,90.34592722777386,0,0.514136203609172,47.01918544555477,Moderate
2026-02-17 10:00:00,116.5,72.75,94.20850343549812,0,0.48712212169388003,42.14170068709963,Moderate
2026-02-17 11:00:00,107.5,57.0,85.82720141027211,0,0.47878411393528497,38.66544028205442,Moderate
2026-02-17 12:00:00,70.75,42.0,82.45146917253861,0,0.44619016693934443,30.640293834507723,Moderate
2026-02-17 13:00:00,58.0,34.75,64.2885713653612,0,0.4467431189180497,24.457714273072238,Low
2026-02-17 14:00:00,42.25,27.0,53.01389205784883,0,0.4593324813946669,19.052778411569765,Low
2026-02-17 15:00:00,39.0,29.5,47.47575014351706,0,0.4642760584262404,17.29515002870341,Low
2026-02-17 16:00:00,30.25,29.0,45.25409782919102,0,0.46167851514996927,15.100819565838204,Low
2026-02-17 17:00:00,42.0,27.25,43.947914920599516,0,0.45319212371267764,17.1895829841199,Low
2026-02-17 18:00:00,57.0,30.5,50.09280919839766,0,0.46927630602378556,21.41856183967953,Low
2026-02-17 19:00:00,56.5,45.75,69.0224982381649,0,0.4729558612123587,25.104499647632977,Moderate
2026-02-17 20:00:00,101.0,51.75,73.7930338960846,0,0.5084294853813244,34.95860677921692,Moderate
2026-02-17 21:00:00,96.0,47.25,95.16288897750198,0,0.5070462739236018,38.23257779550039,Moderate
2026-02-17 22:00:00,139.0,47.0,97.05344070863933,0,0.5415640469865443,47.210688141727864,Moderate
2026-02-17 23:00:00,120.0,48.75,94.73803325085734,1,0.54455686495771,62.947606650171466,High
2026-02-18 00:00:00,91.0,47.0,92.20988122900852,0,0.5143521814031922,36.6419762458017,Moderate
2026-02-18 01:00:00,63.5,38.25,78.6988443410037,0,0.48826577767503393,28.43976886820074,Moderate
2026-02-18 02:00:00,85.25,35.0,71.08809904847315,0,0.5031450396645145,31.26761980969463,Moderate
2026-02-18 03:00:00,117.0,31.5,69.08984454810131,0,0.5337427004230684,37.21796890962026,Moderate
2026-02-18 04:00:00,99.5,20.5,65.17380321305299,0,0.5048563219646448,32.9347606426106,Moderate
2026-02-18 05:00:00,107.25,15.5,68.98379984072955,0,0.5201100753876399,35.24675996814591,Moderate
2026-02-18 06:00:00,126.5,18.5,73.38393456620274,0,0.5347901808812087,39.976786913240545,Moderate
2026-02-18 07:00:00,118.25,25.0,64.24865669648258,0,0.5294246042878917,36.49973133929652,Moderate
2026-02-18 08:00:00,65.75,33.25,73.00408125922138,0,0.4687413456858929,27.750816251844274,Moderate
2026-02-18 09:00:00,81.5,32.5,73.94835849748502,0,0.44446700455842497,31.089671699497003,Moderate
2026-02-18 10:00:00,72.75,31.25,74.97668621399627,0,0.4502361438401215,29.545337242799256,Moderate
2026-02-18 11:00:00,57.0,33.75,71.74500384072942,0,0.43156572706138596,25.749000768145883,Moderate
2026-02-18 12:00:00,42.0,26.25,64.40650147104326,0,0.4385839061227442,21.28130029420865,Low
2026-02-18 13:00:00,34.75,24.25,48.82695597423152,0,0.4410871786184748,16.715391194846305,Low
2026-02-18 14:00:00,27.0,20.5,41.81667249284559,0,0.43945020526594686,13.763334498569119,Low
2026-02-18 15:00:00,29.5,17.25,41.826480127480565,0,0.4401853900396659,14.265296025496113,Low
2026-02-18 16:00:00,29.0,26.5,44.88695457462773,0,0.44297829329303184,14.777390914925547,Low
2026-02-18 17:00:00,27.25,17.75,47.37270811379273,0,0.4459259511160259,14.924541622758547,Low
2026-02-18 18:00:00,30.5,23.0,46.4389062457342,0,0.464365939266398,15.38778124914684,Low
2026-02-18 19:00:00,45.75,35.25,55.93504679804783,0,0.4641924203210486,20.337009359609567,Low
2026-02-18 20:00:00,51.75,36.5,65.65671491662707,0,0.45745854601559455,23.481342983325412,Low
2026-02-18 21:00:00,47.25,34.25,68.57510521869168,0,0.46381832569889975,23.165021043738335,Low
2026-02-18 22:00:00,47.0,33.0,75.40516034008978,0,0.47116929690913434,24.481032068017953,Low
2026-02-18 23:00:00,48.75,27.75,75.87347813613472,0,0.482829139031184,24.924695627226946,Low
2026-02-19 00:00:00,47.0,27.0,78.7031022113897,0,0.46784983213987946,25.140620442277942,Moderate
2026-02-19 09:00:00,32.5,68.25,46.409780672853564,0,0.4563474183265728,15.781956134570713,Low
2026-02-19 10:00:00,31.25,63.0,42.3218051742669,0,0.4509590006834984,14.714361034853379,Low
2026-02-19 11:00:00,33.75,61.25,38.54229618431875,0,0.45071522208143533,14.45845923686375,Low
2026-02-19 12:00:00,26.25,43.75,40.261105522796015,0,0.44995907548179503,13.302221104559203,Low
2026-02-19 13:00:00,24.25,39.25,31.781273360778517,0,0.4474304714213339,11.206254672155703,Low
2026-02-19 14:00:00,20.5,35.0,28.84469661598844,0,0.45433051535556157,9.868939323197688,Low
2026-02-19 15:00:00,17.25,42.0,28.15472456252487,0,0.45325205479419495,9.080944912504973,Low
2026-02-19 16:00:00,26.5,39.5,28.52981126016944,0,0.4484548399603086,11.00596225203389,Low
2026-02-19 17:00:00,17.75,38.5,30.559166823022128,0,0.4654289490396475,9.661833364604426,Low
2026-02-19 18:00:00,23.0,48.5,27.019287742067746,0,0.4734030262505333,10.00385754841355,Low
2026-02-19 19:00:00,35.25,60.5,34.20665775448731,0,0.46766756250246055,13.891331550897462,Low
2026-02-19 20:00:00,36.5,75.0,51.14876677107505,0,0.4637448934409534,17.52975335421501,Low
2026-02-19 21:00:00,34.25,64.0,49.27559243584531,0,0.4935712899781144,16.705118487169063,Low
2026-02-19 22:00:00,33.0,63.25,49.46607119610237,0,0.48240479388540913,16.493214239220475,Low
2026-02-19 23:00:00,27.75,65.25,50.88864943684312,0,0.4953601748769149,15.727729887368623,Low
2026-02-20 00:00:00,27.0,57.25,36.536381083731094,0,0.49693670962107955,12.70727621674622,Low
2026-02-20 01:00:00,23.5,50.75,35.300817564859486,0,0.4862917055701367,11.760163512971896,Low
2026-02-20 02:00:00,26.5,43.25,33.02562286331102,0,0.48800072618132917,11.905124572662205,Low
2026-02-20 03:00:00,25.25,41.5,35.41831276373907,0,0.49496657262732857,12.133662552747815,Low
2026-02-20 04:00:00,18.25,39.5,34.82600834941643,0,0.5018593022605693,10.615201669883286,Low
2026-02-20 05:00:00,16.0,46.5,30.256452499014674,0,0.4911215327250245,9.251290499802934,Low
2026-02-20 06:00:00,29.75,48.0,31.65597627252953,0,0.4825279732117712,12.281195254505905,Low
2026-02-20 07:00:00,48.0,56.75,50.55783701079802,0,0.4629949305646291,19.711567402159602,Low
2026-02-20 08:00:00,59.75,68.5,77.31517378163988,0,0.44205392077009126,27.41303475632798,Moderate
2026-02-20 09:00:00,68.25,67.5,51.1927084375734,0,0.44338498743147736,23.88854168751468,Low
2026-02-20 10:00:00,63.0,72.25,49.24285641196015,0,0.43369208358702965,22.44857128239203,Low
2026-02-20 11:00:00,61.25,67.25,52.25779188687932,0,0.4361130021653823,22.70155837737586,Low
2026-02-20 12:00:00,43.75,66.75,43.17091362634513,0,0.45453237987856276,17.384182725269028,Low
2026-02-20 13:00:00,39.25,84.75,46.066410036677944,0,0.44198477403427466,17.06328200733559,Low
2026-02-20 14:00:00,35.0,64.75,40.51005985726323,0,0.4476514117836864,15.102011971452646,Low
2026-02-20 15:00:00,42.0,49.75,39.70048995263072,0,0.45518477966517007,16.340097990526143,Low
2026-02-20 16:00:00,39.5,58.0,44.94603009292402,0,0.4569453387636004,16.8892060185848,Low
2026-02-20 17:00:00,38.5,56.5,43.87059500500663,0,0.4558164909674629,16.474119001001327,Low
2026-02-20 18:00:00,48.5,55.5,44.486529269714254,0,0.455615749775088,18.59730585394285,Low
2026-02-20 19:00:00,60.5,63.25,64.73291965379877,0,0.4751384146643568,25.046583930759752,Moderate
2026-02-20 20:00:00,75.0,68.25,68.1419817406857,0,0.4711227150778994,28.628396348137137,Moderate
2026-02-20 21:00:00,64.0,63.75,75.78764181507232,0,0.4782806896566595,27.957528363014465,Moderate
2026-02-20 22:00:00,63.25,57.0,70.21112903849699,0,0.478333377614417,26.692225807699394,Moderate
2026-02-20 23:00:00,65.25,56.75,60.03141809232434,0,0.46909296353412056,25.056283618464867,Moderate
2026-02-21 00:00:00,57.25,49.25,45.75330209889277,0,0.4773598045033848,20.600660419778553,Low
2026-02-21 01:00:00,50.75,44.5,47.56713628544192,0,0.4841237808441493,19.663427257088383,Low
2026-02-21 02:00:00,43.25,40.5,46.56248319374401,0,0.48789572353243116,17.962496638748803,Low
2026-02-21 03:00:00,41.5,53.0,49.99450061052963,0,0.4955092310190372,18.298900122105927,Low
2026-02-21 04:00:00,39.5,47.25,53.4876977931534,0,0.4914876158121661,18.59753955863068,Low
2026-02-21 05:00:00,46.5,50.75,59.275775271971675,0,0.47465026388840004,21.155155054394335,Low
2026-02-21 06:00:00,48.0,48.75,52.943659431511215,0,0.492815235826513,20.188731886302243,Low
2026-02-21 07:00:00,56.75,57.5,61.20206808271419,0,0.49396479896375606,23.59041361654284,Low
2026-02-21 08:00:00,68.5,75.25,69.96436606447119,0,0.4763398181163826,27.69287321289424,Moderate
2026-02-21 09:00:00,67.5,82.25,72.0534650728451,0,0.46236332345896286,27.91069301456902,Moderate
2026-02-21 10:00:00,72.25,72.75,70.78341315984311,0,0.45168136661409225,28.606682631968624,Moderate
2026-02-21 11:00:00,67.25,61.25,71.84822426123887,0,0.446319462006979,27.819644852247773,Moderate
2026-02-21 12:00:00,66.75,57.5,57.36101302938193,0,0.44733398950330655,24.822202605876384,Low
2026-02-21 13:00:00,84.75,51.75,56.24671939540071,0,0.4528576045009304,28.199343879080143,Moderate
2026-02-21 14:00:00,64.75,41.5,58.305182884616926,0,0.4604887408936125,24.611036576923382,Low
2026-02-21 15:00:00,49.75,33.75,56.844121183873234,0,0.46014495259087784,21.318824236774645,Low
2026-02-21 16:00:00,58.0,31.0,50.68052557400806,0,0.4589238721972096,21.73610511480161,Low
2026-02-21 17:00:00,56.5,30.0,53.6073977191824,0,0.4618100969233989,22.021479543836477,Low
2026-02-21 18:00:00,55.5,36.0,73.16108354552532,0,0.4707217092232838,25.732216709105067,Moderate
2026-02-21 19:00:00,63.25,51.5,71.14462960373145,0,0.47592783964906343,26.878925920746287,Moderate
2026-02-21 20:00:00,68.25,58.25,69.54720486512957,0,0.48876725962136786,27.559440973025914,Moderate
2026-02-21 21:00:00,63.75,59.75,70.71861469237666,0,0.4917987978543193,26.89372293847533,Moderate
2026-02-21 22:00:00,57.0,60.0,68.60548313410499,0,0.4847978920327858,25.121096626820993,Moderate
2026-02-21 23:00:00,56.75,75.5,66.030928383608,0,0.477812671357293,24.556185676721597,Low
2026-02-22 00:00:00,49.25,89.0,64.47922559664416,0,0.4979219613930245,22.74584511932883,Low
2026-02-22 01:00:00,44.5,92.0,60.676375199892824,0,0.49408605000760764,21.035275039978565,Low
2026-02-22 02:00:00,40.5,76.5,55.17183737201233,0,0.501290149081294,19.134367474402467,Low
2026-02-22 03:00:00,53.0,71.0,53.15184871543375,0,0.4990681681619954,21.23036974308675,Low
2026-02-22 04:00:00,47.25,65.0,56.51214290371428,0,0.49452937966465116,20.752428580742855,Low
2026-02-22 05:00:00,50.75,59.75,58.24887523957716,0,0.500734127442569,21.799775047915432,Low
2026-02-22 06:00:00,48.75,83.25,52.40058240121768,0,0.5035948594788178,20.230116480243538,Low
2026-02-22 07:00:00,57.5,66.75,57.10140191327878,0,0.5097424852871622,22.920280382655754,Low
2026-02-22 08:00:00,75.25,78.75,67.1036244578169,0,0.4859613666013148,28.47072489156338,Moderate
2026-02-22 09:00:00,82.25,74.25,71.44687872347136,0,0.47634208413600965,30.73937574469427,Moderate
2026-02-22 10:00:00,72.75,74.0,80.41178283078953,0,0.47589837940679336,30.632356566157906,Moderate
2026-02-22 11:00:00,61.25,56.75,69.84514032328995,0,0.4502490073322832,26.21902806465799,Moderate
2026-02-22 12:00:00,57.5,49.75,64.87563624155328,0,0.46182798415561027,24.475127248310656,Low
2026-02-22 13:00:00,51.75,49.25,66.94657112336012,0,0.45344823917396593,23.73931422467202,Low
2026-02-22 14:00:00,41.5,43.0,59.415668876336554,0,0.47134889313683315,20.183133775267308,Low
2026-02-22 15:00:00,33.75,41.0,47.858683655735454,0,0.48248864536390723,16.32173673114709,Low
2026-02-22 16:00:00,31.0,38.5,43.1576690297283,0,0.47925505627718434,14.83153380594566,Low
2026-02-22 17:00:00,30.0,33.75,44.88632624189928,0,0.48038876220743554,14.977265248379856,Low
2026-02-22 18:00:00,36.0,54.25,45.98927358360538,0,0.49623852257952267,16.397854716721078,Low
2026-02-22 19:00:00,51.5,78.25,52.4584754581008,0,0.48151679717478396,20.79169509162016,Low
2026-02-22 20:00:00,58.25,105.5,71.13838466587636,0,0.49187650690081686,25.877676933175273,Moderate
2026-02-22 21:00:00,59.75,130.75,71.36085602008706,0,0.49973869750831923,26.222171204017414,Moderate
2026-02-22 22:00:00,60.0,141.75,73.01280650627426,0,0.497493903702951,26.602561301254852,Moderate
2026-02-22 23:00:00,75.5,107.5,68.94767071835443,0,0.5148334686840174,28.889534143670886,Moderate
2026-02-23 00:00:00,89.0,123.75,66.42685765767193,0,0.5110687712356142,31.08537153153439,Moderate
2026-02-23 01:00:00,92.0,159.0,59.97262591391923,0,0.516482579044781,30.39452518278385,Moderate
2026-02-23 02:00:00,76.5,148.5,60.5960588265646,0,0.5110036208700149,27.419211765312923,Moderate
2026-02-23 03:00:00,71.0,95.75,64.04135588071699,0,0.5052857413304778,27.008271176143396,Moderate
2026-02-23 04:00:00,65.0,72.75,58.52248211075433,0,0.4929513020520848,24.704496422150868,Low
2026-02-23 05:00:00,59.75,49.5,58.06138906794436,0,0.500500071632343,23.56227781358887,Low
2026-02-23 06:00:00,83.25,51.25,58.2956252458724,0,0.5127857518844778,28.309125049174476,Moderate
2026-02-23 07:00:00,66.75,69.25,69.61380911576688,0,0.5035487858200017,27.272761823153377,Moderate
2026-02-23 08:00:00,78.75,100.5,73.01619308583912,0,0.48468524695905496,30.353238617167825,Moderate
2026-02-23 09:00:00,74.25,106.25,81.2565386055587,0,0.46020294146930035,31.10130772111174,Moderate
2026-02-23 10:00:00,74.0,79.25,73.23304202718758,0,0.4653673364212246,29.446608405437516,Moderate
2026-02-23 11:00:00,56.75,58.5,71.26316772068358,0,0.4445921292315575,25.602633544136715,Moderate
2026-02-23 12:00:00,49.75,51.5,60.19520211952945,0,0.4580514343428994,21.989040423905887,Low
2026-02-23 13:00:00,49.25,51.75,52.091805992872835,0,0.45931082231261666,20.268361198574567,Low
2026-02-23 14:00:00,43.0,43.25,48.12331521407952,0,0.46277448928932713,18.224663042815905,Low
2026-02-23 15:00:00,41.0,40.5,49.542131262984036,0,0.4630284425602939,18.108426252596807,Low
2026-02-23 16:00:00,38.5,48.25,47.061300651032504,0,0.4777204972567181,17.1122601302065,Low
2026-02-23 17:00:00,33.75,39.5,49.306541825948926,0,0.4696927945333341,16.611308365189785,Low
2026-02-23 18:00:00,54.25,50.25,47.325678700811615,0,0.470990232837668,20.315135740162322,Low
2026-02-23 19:00:00,78.25,54.0,65.03339341021827,0,0.4772040928396151,28.65667868204365,Moderate
2026-02-23 20:00:00,105.5,68.75,81.89386173861138,0,0.5031340170302433,37.47877234772227,Moderate
2026-02-23 21:00:00,130.75,114.25,93.72669944970792,0,0.5343578475190992,44.89533988994158,Moderate
2026-02-23 22:00:00,141.75,103.5,96.49800084277769,1,0.5479335710353365,67.64960016855554,High
2026-02-23 23:00:00,107.5,101.75,98.35996533580833,0,0.5297571140003965,41.171993067161665,Moderate
2026-02-24 00:00:00,123.75,112.75,102.87166512713192,0,0.5290751246261415,45.324333025426384,Moderate
2026-02-24 01:00:00,159.0,109.0,102.01362043905443,1,0.5610400468062042,72.20272408781089,High
2026-02-24 02:00:00,148.5,87.25,88.35072865834903,1,0.5461351379346658,67.37014573166981,High
2026-02-24 03:00:00,95.75,79.75,83.21466536779499,0,0.5044942607171068,35.792933073559,Moderate
2026-02-24 04:00:00,72.75,77.25,78.9953487275988,0,0.48119077198805926,30.34906974551976,Moderate
2026-02-24 05:00:00,49.5,83.0,67.46592785577265,0,0.47793657690924335,23.39318557115453,Low
2026-02-24 06:00:00,51.25,71.75,89.3461333860127,0,0.47677304348688515,28.11922667720254,Moderate
2026-02-24 07:00:00,69.25,76.25,86.91418640631372,0,0.47118059693066244,31.232837281262746,Moderate
2026-02-24 08:00:00,100.5,102.25,101.25192417583582,0,0.47731451232164573,40.35038483516716,Moderate
2026-02-24 09:00:00,106.25,107.0,94.56753961557139,0,0.4842578954623888,40.16350792311428,Moderate
2026-02-24 10:00:00,79.25,99.75,91.68216488232545,0,0.4560892370094227,34.18643297646509,Moderate
2026-02-24 11:00:00,58.5,86.75,73.57376631730118,0,0.43373636903567137,26.414753263460234,Moderate
2026-02-24 12:00:00,51.5,69.5,62.14605183379841,0,0.4415683444045839,22.72921036675968,Low
2026-02-24 13:00:00,51.75,53.75,54.87194697759592,0,0.447453714220662,21.324389395519184,Low
2026-02-24 14:00:00,43.25,50.25,49.597996509327025,0,0.450851323728737,18.569599301865406,Low
2026-02-24 15:00:00,40.5,58.75,46.00502375705799,0,0.4504778460847558,17.301004751411597,Low
2026-02-24 16:00:00,48.25,60.75,44.75671794948898,0,0.45097778109133246,18.601343589897795,Low
2026-02-24 17:00:00,39.5,44.5,50.70803025006048,0,0.4554949415453406,18.041606050012096,Low
2026-02-24 18:00:00,50.25,44.75,52.62117945552214,0,0.4460585605690416,20.57423589110443,Low
2026-02-24 19:00:00,54.0,60.25,68.2927637663224,0,0.4493642495306817,24.458552753264478,Low
2026-02-24 20:00:00,68.75,91.75,75.76762747828447,0,0.4541409376439395,28.903525495656893,Moderate
2026-02-24 21:00:00,114.25,78.75,79.23708514052505,0,0.4829160745978599,38.69741702810501,Moderate
2026-02-24 22:00:00,103.5,95.75,103.08119015561259,0,0.479047430371462,41.316238031122516,Moderate
2026-02-24 23:00:00,101.75,79.5,97.59617849749164,0,0.4864419344810649,39.86923569949833,Moderate
2026-02-25 00:00:00,112.75,67.5,90.0056461158002,0,0.49168055598399385,40.55112922316004,Moderate
2026-02-25 01:00:00,109.0,79.25,95.54891950917413,0,0.4839824420817045,40.90978390183483,Moderate
2026-02-25 02:00:00,87.25,63.0,90.66057571707324,0,0.4700543395256448,35.582115143414654,Moderate
2026-02-25 03:00:00,79.75,83.25,93.02678665453173,0,0.46444074040106376,34.55535733090635,Moderate
2026-02-25 04:00:00,77.25,85.25,77.09195081234154,0,0.4644945972196168,30.86839016246831,Moderate
2026-02-25 05:00:00,83.0,72.0,65.52267579857094,0,0.4686161768936676,29.704535159714187,Moderate
2026-02-25 06:00:00,71.75,60.5,70.12500017490197,0,0.4653025623329455,28.375000034980395,Moderate
2026-02-25 07:00:00,76.25,72.0,70.8307159971498,0,0.4623095229608262,29.41614319942996,Moderate
2026-02-25 08:00:00,102.25,83.5,75.82009459501727,0,0.46511704013168315,35.614018919003456,Moderate
2026-02-25 09:00:00,107.0,85.25,95.11341071831393,0,0.46523095895008465,40.42268214366278,Moderate
2026-02-25 10:00:00,99.75,81.0,91.06505600287385,0,0.4548465841731744,38.16301120057477,Moderate
2026-02-25 11:00:00,86.75,69.75,79.19164100025554,0,0.4444822380213561,33.18832820005111,Moderate
2026-02-25 12:00:00,69.5,55.0,70.8823826126115,0,0.45063184197882067,28.0764765225223,Moderate
2026-02-25 13:00:00,53.75,72.0,58.170303517851885,0,0.45326057458283603,22.384060703570377,Low
2026-02-25 14:00:00,50.25,95.75,49.01655805315167,0,0.44775001716024376,19.853311610630335,Low
2026-02-25 15:00:00,58.75,67.0,50.715608377829994,0,0.43858301608344824,21.893121675566,Low
2026-02-25 16:00:00,60.75,45.5,48.15375063397714,0,0.44281529948558984,21.78075012679543,Low
2026-02-25 17:00:00,44.5,39.5,55.05167174061698,0,0.44732056318335134,19.9103343481234,Low
2026-02-25 18:00:00,44.75,51.5,52.161963143047345,0,0.4442482823203288,19.382392628609466,Low
2026-02-25 19:00:00,60.25,75.5,61.248356962544904,0,0.4479144745645379,24.299671392508984,Low
2026-02-25 20:00:00,91.75,80.75,71.19033882890082,0,0.46201891792924865,32.58806776578017,Moderate
2026-02-25 21:00:00,78.75,64.75,92.56210451754824,0,0.4548490786076541,34.26242090350965,Moderate
2026-02-25 22:00:00,95.75,64.5,81.83266718459961,0,0.47388579598123076,35.51653343691992,Moderate
2026-02-25 23:00:00,79.5,79.0,81.67047036797153,0,0.47021503396774234,32.23409407359431,Moderate
2026-02-26 00:00:00,67.5,78.5,72.94679690642816,0,0.45903679003300285,28.089359381285632,Moderate
2026-02-26 01:00:00,79.25,63.25,84.98119785700978,0,0.4598195566008191,32.84623957140195,Moderate
2026-02-26 02:00:00,63.0,55.75,70.06318093279616,0,0.461259535521321,26.61263618655923,Moderate
2026-02-26 03:00:00,83.25,47.0,58.776542365504234,0,0.47328355027452634,28.405308473100845,Moderate
2026-02-26 04:00:00,85.25,47.5,67.23495832534003,0,0.46675439089354515,30.49699166506801,Moderate
2026-02-26 05:00:00,72.0,53.0,65.39018807895235,0,0.46023710475168633,27.47803761579047,Moderate
2026-02-26 06:00:00,60.5,65.25,59.55929420283172,0,0.4657702513093161,24.011858840566347,Low
2026-02-26 07:00:00,72.0,67.25,57.05075302464708,0,0.47044619865051807,25.810150604929415,Moderate
2026-02-26 08:00:00,83.5,80.0,61.42644203485047,0,0.4497329837022312,28.985288406970092,Moderate
2026-02-26 09:00:00,85.25,86.25,78.51158025853903,0,0.4499226023592679,32.75231605170781,Moderate
2026-02-26 10:00:00,81.0,88.0,78.01265114472413,0,0.44790593717878074,31.80253022894483,Moderate
2026-02-26 11:00:00,69.75,77.25,68.13591190038352,0,0.43900164838856537,27.577182380076703,Moderate
2026-02-26 12:00:00,55.0,62.25,57.0470681493284,0,0.4483439177854748,22.409413629865682,Low
2026-02-26 13:00:00,72.0,58.25,54.24061974895384,0,0.4525932115443356,25.248123949790767,Moderate
2026-02-26 14:00:00,95.75,61.5,51.71333481859715,0,0.4630271258280766,29.49266696371943,Moderate
2026-02-26 15:00:00,67.0,54.75,87.9886739497395,0,0.4465130439610518,30.9977347899479,Moderate
2026-02-26 16:00:00,45.5,44.5,55.60720322365709,0,0.44923158251160566,20.221440644731416,Low
2026-02-26 17:00:00,39.5,41.0,63.40604572152416,0,0.44476185752083797,20.581209144304832,Low
2026-02-26 18:00:00,51.5,44.5,52.50213261534454,0,0.4477975750296437,20.800426523068907,Low
2026-02-26 19:00:00,75.5,65.75,61.18848317413671,0,0.45753341774804357,27.337696634827342,Moderate
2026-02-26 20:00:00,80.75,87.0,73.95204615210511,0,0.4603381105987446,30.94040923042102,Moderate
2026-02-26 21:00:00,64.75,74.5,75.76411030446424,0,0.45166062269927126,28.102822060892848,Moderate
2026-02-26 22:00:00,64.5,103.0,69.42874187366806,0,0.45789769990710233,26.78574837473361,Moderate
2026-02-26 23:00:00,79.0,107.25,66.18541890441222,0,0.4781082834903484,29.037083780882444,Moderate
2026-02-27 00:00:00,78.5,87.25,71.30160302310642,0,0.4722377190716564,29.960320604621288,Moderate
2026-02-27 01:00:00,63.25,85.25,70.98862791504517,0,0.4556248332846684,26.84772558300903,Moderate
2026-02-27 02:00:00,55.75,63.75,55.52653744564737,0,0.4594479910751928,22.255307489129475,Low
2026-02-27 03:00:00,47.0,72.0,64.08187286254716,0,0.46389385437234637,22.21637457250943,Low
2026-02-27 04:00:00,47.5,72.25,59.9935687608383,0,0.46498345649718337,21.49871375216766,Low
2026-02-27 05:00:00,53.0,71.25,61.260074845727345,0,0.4674852132337059,22.852014969145472,Low
2026-02-27 06:00:00,65.25,76.0,56.320959699876646,0,0.4705325293906334,24.31419193997533,Low
2026-02-27 07:00:00,67.25,89.0,62.00866354966758,0,0.46906558997342146,25.851732709933515,Moderate
2026-02-27 08:00:00,80.0,104.5,66.01747825211744,0,0.45136588079072426,29.20349565042349,Moderate
2026-02-27 09:00:00,86.25,101.0,80.54925047706496,0,0.45273390627522747,33.359850095412995,Moderate
2026-02-27 10:00:00,88.0,96.5,80.48589468736778,0,0.4488670526471604,33.69717893747355,Moderate
2026-02-27 11:00:00,77.25,70.0,73.20300713304464,0,0.4405749739111979,30.090601426608927,Moderate
2026-02-27 12:00:00,62.25,58.25,65.0260190946009,0,0.4395646515539514,25.455203818920182,Moderate
2026-02-27 13:00:00,58.25,59.75,56.48088580913884,0,0.4377985214807068,22.94617716182777,Low
2026-02-27 14:00:00,61.5,54.0,56.97694137764247,0,0.44090046980090714,23.695388275528494,Low
2026-02-27 15:00:00,54.75,55.75,57.96359169076448,0,0.4423380621178521,22.542718338152895,Low
2026-02-27 16:00:00,44.5,52.5,49.10879961230704,0,0.4448401812694838,18.72175992246141,Low
2026-02-27 17:00:00,41.0,53.75,49.35054165190275,0,0.4461012110156381,18.07010833038055,Low
2026-02-27 18:00:00,44.5,72.75,49.792842439455626,0,0.4461978773132072,18.858568487891127,Low
2026-02-27 19:00:00,65.75,83.5,61.20523006495682,0,0.44442295950868704,25.39104601299136,Moderate
2026-02-27 20:00:00,87.0,79.75,65.94641782860224,0,0.4610079021286036,30.589283565720443,Moderate
2026-02-27 21:00:00,74.5,105.0,80.15268585208383,0,0.45763176551937895,30.93053717041677,Moderate
2026-02-27 22:00:00,103.0,129.75,72.61008132436898,0,0.47883823312626084,35.1220162648738,Moderate
2026-02-27 23:00:00,107.25,95.33,78.23094667432946,0,0.49423801801249784,37.09618933486589,Moderate
2026-02-28 00:00:00,87.25,77.5,84.3417457918977,0,0.48013214348142125,34.31834915837954,Moderate
2026-02-28 01:00:00,85.25,73.5,81.20786085386379,0,0.47068623751662714,33.29157217077276,Moderate
2026-02-28 02:00:00,63.75,61.0,72.20605253714525,0,0.4647322097637622,27.191210507429048,Moderate
2026-02-28 03:00:00,72.0,54.25,55.053426933087806,0,0.4716110828525467,25.41068538661756,Moderate
2026-02-28 04:00:00,72.25,51.25,50.61370679239095,0,0.47004653845555344,24.57274135847819,Low
2026-02-28 05:00:00,71.25,52.75,57.26670344104785,0,0.4706470657254538,25.703340688209572,Moderate
2026-02-28 06:00:00,76.0,57.5,58.21162171384243,0,0.4722689665885648,26.842324342768485,Moderate
2026-02-28 07:00:00,89.0,58.25,67.49404004280846,0,0.4731766606870929,31.298808008561693,Moderate
2026-02-28 08:00:00,104.5,73.25,85.67321943976917,0,0.4710631714879563,38.034643887953834,Moderate
2026-02-28 09:00:00,101.0,70.0,87.6460721061731,0,0.4608891754595961,37.729214421234616,Moderate
2026-02-28 10:00:00,96.5,69.0,87.3241439827692,0,0.46297611515991516,36.76482879655384,Moderate
2026-02-28 11:00:00,70.0,59.5,82.71003052950634,0,0.4505111048794053,30.54200610590127,Moderate
2026-02-28 12:00:00,58.25,53.75,63.53853561454028,0,0.45248259299623633,24.357707122908057,Low
2026-02-28 13:00:00,59.75,87.0,59.59257546880378,0,0.45464443699836915,23.868515093760756,Low
2026-02-28 14:00:00,54.0,114.25,59.800168535580084,0,0.45023735578339236,22.76003370711602,Low
2026-02-28 15:00:00,55.75,99.0,50.75078361755068,0,0.44925366973574354,21.300156723510135,Low
2026-02-28 16:00:00,52.5,139.0,52.73587745164336,0,0.4494315859902398,21.047175490328673,Low
2026-02-28 17:00:00,53.75,79.75,52.25954479447432,0,0.450519005035171,21.201908958894865,Low
2026-02-28 18:00:00,72.75,46.25,55.107498191688066,0,0.4565284552153243,25.571499638337613,Moderate
2026-02-28 19:00:00,83.5,61.75,68.76570683926023,0,0.45784000407672765,30.453141367852048,Moderate
2026-02-28 20:00:00,79.75,74.25,86.2450171639499,0,0.4660251628042842,33.19900343278998,Moderate
2026-02-28 21:00:00,105.0,88.0,80.56074474396586,0,0.47989558352584993,37.11214894879317,Moderate
2026-02-28 22:00:00,129.75,86.0,88.59310153672078,0,0.5013717648202582,43.668620307344156,Moderate
2026-02-28 23:00:00,95.33,83.75,88.12336880173561,0,0.48693858385236943,36.690673760347124,Moderate
2026-03-01 00:00:00,77.5,76.0,97.07652223437852,0,0.4761586229638046,34.9153044468757,Moderate
2026-03-01 01:00:00,73.5,56.0,77.28722673671642,0,0.4724236253228913,30.157445347343284,Moderate
2026-03-01 02:00:00,61.0,47.5,73.2409806086003,0,0.46595738802303316,26.848196121720058,Moderate
2026-03-01 03:00:00,54.25,49.5,65.63402466798338,0,0.46086022022692236,23.976804933596675,Low
2026-03-01 04:00:00,51.25,44.0,63.870226801636385,0,0.45921140302374397,23.02404536032728,Low
2026-03-01 05:00:00,52.75,41.25,60.42595519820768,0,0.46517702973679076,22.635191039641533,Low
2026-03-01 06:00:00,57.5,45.25,61.05548426601128,0,0.4688597307062838,23.711096853202257,Low
2026-03-01 07:00:00,58.25,72.75,66.59373891622026,0,0.46412690308244686,24.96874778324405,Low
2026-03-01 08:00:00,73.25,69.75,65.19565724049795,0,0.4596157062511398,27.68913144809959,Moderate
2026-03-01 09:00:00,70.0,78.25,70.49577375904701,0,0.4575523366802698,28.0991547518094,Moderate
2026-03-01 10:00:00,69.0,94.75,65.53417066082788,0,0.4567425609866033,26.906834132165578,Moderate
2026-03-01 11:00:00,59.5,87.5,61.732704519784505,0,0.4597521207018177,24.246540903956898,Low
2026-03-01 12:00:00,53.75,71.25,63.695344655294235,0,0.4697412890509661,23.489068931058846,Low
2026-03-01 13:00:00,87.0,70.25,57.37350808623194,0,0.4834935481483511,28.874701617246387,Moderate
2026-03-01 14:00:00,114.25,76.5,74.69518447034517,0,0.5037881207873769,37.789036894069035,Moderate
2026-03-01 15:00:00,99.0,144.0,87.12682103600379,0,0.49281644828311827,37.225364207200755,Moderate
2026-03-01 16:00:00,139.0,96.5,82.4320095221962,0,0.5266420006706125,44.28640190443923,Moderate
2026-03-01 17:00:00,79.75,74.25,87.28205259659296,0,0.4773688596624659,33.40641051931859,Moderate
2026-03-01 18:00:00,46.25,63.5,78.10658328400886,0,0.47069765652150997,24.871316656801774,Low
2026-03-01 19:00:00,61.75,68.0,70.99508597753042,0,0.46382191673886813,26.54901719550609,Moderate
2026-03-01 20:00:00,74.25,79.5,89.53172192020382,0,0.47514005477524823,32.756344384040766,Moderate
2026-03-01 21:00:00,88.0,85.25,86.01632871374541,0,0.478247456520196,34.80326574274908,Moderate
2026-03-01 22:00:00,86.0,80.0,91.72318071381287,0,0.4813098920410463,35.54463614276257,Moderate
2026-03-01 23:00:00,83.75,66.75,87.49673639276418,0,0.4916367303208558,34.24934727855283,Moderate
2026-03-02 00:00:00,76.0,63.25,78.87255017708594,0,0.4797630435700846,30.97451003541719,Moderate
2026-03-02 01:00:00,56.0,68.25,71.11992094941984,0,0.46867419816229666,25.423984189883967,Moderate
2026-03-02 02:00:00,47.5,63.75,57.15306796733124,0,0.46588358108656486,20.930613593466248,Low
2026-03-02 03:00:00,49.5,53.5,54.62887962628916,0,0.4613219268615453,20.825775925257833,Low
2026-03-02 04:00:00,44.0,55.5,49.50371867882243,0,0.46868411132698834,18.700743735764487,Low
2026-03-02 05:00:00,41.25,58.5,53.583422809307685,0,0.4769415713767178,18.966684561861534,Low
2026-03-02 06:00:00,45.25,59.0,53.70585809590106,0,0.4748702665708213,19.79117161918021,Low
2026-03-02 07:00:00,72.75,74.75,51.97295936555191,0,0.47104634690726527,24.944591873110383,Low
2026-03-02 08:00:00,69.75,78.75,70.5716215887348,0,0.4544201093581957,28.06432431774696,Moderate
2026-03-02 09:00:00,78.25,82.25,69.80695741844023,0,0.4598248148411897,29.611391483688045,Moderate
2026-03-02 10:00:00,94.75,86.5,77.1702736850699,0,0.4584899501424523,34.38405473701398,Moderate
2026-03-02 11:00:00,87.5,78.25,82.43556852087141,0,0.4549315990778075,33.987113704174284,Moderate
2026-03-02 12:00:00,71.25,83.75,77.11160029233038,0,0.45537486148209405,29.672320058466077,Moderate
2026-03-02 13:00:00,70.25,104.75,57.44131590690108,0,0.46146948695424383,25.538263181380216,Moderate
2026-03-02 14:00:00,76.5,88.25,56.332398179961785,0,0.4630257411079352,26.56647963599236,Moderate
2026-03-02 15:00:00,144.0,87.5,64.79138740901237,0,0.5375141949686676,41.75827748180247,Moderate
2026-03-02 16:00:00,96.5,63.0,80.04896738809542,0,0.4729835047565531,35.30979347761908,Moderate
2026-03-02 17:00:00,74.25,54.75,74.10165381201108,0,0.47763139756835465,29.670330762402216,Moderate
2026-03-02 18:00:00,63.5,49.0,66.51727388374353,0,0.4519224762954763,26.003454776748704,Moderate
2026-03-02 19:00:00,68.0,68.75,67.18119603661702,0,0.4611419084831235,27.036239207323405,Moderate
2026-03-02 20:00:00,79.5,83.25,72.61165985287047,0,0.4624910874961921,30.422331970574092,Moderate
2026-03-02 21:00:00,85.25,98.0,82.7903684354497,0,0.4729217538921856,33.60807368708994,Moderate
2026-03-02 22:00:00,80.0,83.25,83.31005034260411,0,0.4721545589218393,32.66201006852082,Moderate
2026-03-02 23:00:00,66.75,70.5,77.71475279848258,0,0.47323700653310585,28.892950559696516,Moderate
2026-03-03 00:00:00,63.25,67.25,64.84016190075141,0,0.46406651029443635,25.618032380150282,Moderate
2026-03-03 01:00:00,68.25,71.25,60.90991838018699,0,0.4630145144279799,25.831983676037396,Moderate
2026-03-03 02:00:00,63.75,69.5,60.536442733692844,0,0.4577689613837431,24.857288546738566,Low
2026-03-03 03:00:00,53.5,60.5,61.847485381570976,0,0.4504822753132561,23.069497076314196,Low
2026-03-03 04:00:00,55.5,60.75,53.30456013911901,0,0.4529541033576683,21.760912027823807,Low
2026-03-03 05:00:00,58.5,56.75,55.83797461350464,0,0.46501684003699967,22.867594922700928,Low
2026-03-03 06:00:00,59.0,56.25,56.230425935364124,0,0.46337240415833164,23.046085187072826,Low
2026-03-03 07:00:00,74.75,70.0,60.85819204319017,0,0.45828559650060036,27.121638408638034,Moderate
2026-03-03 08:00:00,78.75,74.5,65.66074954743551,0,0.44949914549993686,28.882149909487104,Moderate
2026-03-03 09:00:00,82.25,74.5,72.72361533531256,0,0.44926968353869257,30.994723067062512,Moderate
2026-03-03 10:00:00,86.5,82.75,81.39587851910797,0,0.450642663965773,33.57917570382159,Moderate
2026-03-03 11:00:00,78.25,85.75,74.3323256588667,0,0.45374984377021166,30.516465131773337,Moderate
2026-03-03 12:00:00,83.75,76.5,68.4494469737972,0,0.4471269604716812,30.43988939475944,Moderate
2026-03-03 13:00:00,104.75,72.0,70.03436624193684,0,0.4616481591627195,34.95687324838737,Moderate
2026-03-03 14:00:00,88.25,60.75,81.83780187211289,0,0.45628130131399963,34.01756037442257,Moderate
2026-03-03 15:00:00,87.5,54.25,82.87598418709247,0,0.46517833726801444,34.07519683741849,Moderate
2026-03-03 16:00:00,63.0,46.25,74.43590924507184,0,0.44327918451380127,27.48718184901437,Moderate
2026-03-03 17:00:00,54.75,46.75,55.50770169718037,0,0.45211041193195833,22.051540339436073,Low
2026-03-03 18:00:00,49.0,48.0,56.933428556671664,0,0.4433570946566819,21.186685711334334,Low
2026-03-03 19:00:00,68.75,56.5,60.23783167261863,0,0.4464002588090951,25.79756633452373,Moderate
2026-03-03 20:00:00,83.25,63.0,66.15681602669689,0,0.4554825319218519,29.881363205339376,Moderate
2026-03-03 21:00:00,98.0,67.0,80.29794702747279,0,0.47102399980817644,35.65958940549456,Moderate
2026-03-03 22:00:00,83.25,69.5,81.94781380600334,0,0.46325946552065805,33.03956276120066,Moderate
2026-03-03 23:00:00,70.5,76.0,82.99853883288107,0,0.4686250270906504,30.69970776657621,Moderate
2026-03-04 00:00:00,67.25,66.5,66.04306098457602,0,0.46066999917168494,26.658612196915204,Moderate
2026-03-04 01:00:00,71.25,61.25,61.58667397254216,0,0.4534810036449963,26.567334794508433,Moderate
2026-03-04 02:00:00,69.5,59.75,59.58382376916,0,0.45017443565805304,25.816764753831997,Moderate
2026-03-04 03:00:00,60.5,57.25,59.199620565028575,0,0.4488800294786133,23.939924113005716,Low
2026-03-04 04:00:00,60.75,62.25,56.926682921768126,0,0.4461845602068825,23.535336584353622,Low
2026-03-04 05:00:00,56.75,63.0,58.11381302486897,0,0.4477177171203945,22.972762604973795,Low
2026-03-04 06:00:00,56.25,64.75,58.00379846278022,0,0.4565951946770524,22.850759692556046,Low
2026-03-04 07:00:00,70.0,70.25,59.4470767249195,0,0.45044257728855913,25.889415344983902,Moderate
2026-03-04 08:00:00,74.5,83.0,61.79843944304832,0,0.4422528669738564,27.259687888609665,Moderate
2026-03-04 09:00:00,74.5,97.5,69.09930773212278,0,0.44421112071599705,28.719861546424557,Moderate
2026-03-04 10:00:00,82.75,91.5,65.82442393659694,0,0.44100416351510274,29.71488478731939,Moderate
2026-03-04 11:00:00,85.75,90.5,75.07996288875839,0,0.44445479455318954,32.16599257775168,Moderate
2026-03-04 12:00:00,76.5,79.0,73.17415401697127,0,0.44326460150821256,29.934830803394256,Moderate
2026-03-04 13:00:00,72.0,72.75,59.79977000829744,0,0.44355309402575227,26.35995400165949,Moderate
2026-03-04 14:00:00,60.75,68.5,55.840340102919534,0,0.4368748533203742,23.318068020583908,Low
2026-03-04 15:00:00,54.25,74.25,70.32367226255565,0,0.4353752380434123,24.914734452511127,Low
2026-03-04 16:00:00,46.25,68.25,54.37165411508834,0,0.4382295466916251,20.12433082301767,Low
2026-03-04 17:00:00,46.75,67.0,51.335325792723744,0,0.43702669554423196,19.617065158544747,Low
2026-03-04 18:00:00,48.0,74.0,47.71325464261527,0,0.43780310351772955,19.142650928523054,Low
2026-03-04 19:00:00,56.5,80.0,59.263231368951466,0,0.44207546556546706,23.15264627379029,Low
2026-03-04 20:00:00,63.0,90.5,64.47120341466297,0,0.44039363094114514,25.494240682932592,Moderate
2026-03-04 21:00:00,67.0,105.5,66.43637203642004,0,0.4556748844655034,26.687274407284008,Moderate
2026-03-04 22:00:00,69.5,98.5,68.7622376152491,0,0.45856997992903703,27.652447523049823,Moderate
2026-03-04 23:00:00,76.0,92.25,67.37358066208165,0,0.4713418062467883,28.67471613241633,Moderate
2026-03-05 00:00:00,66.5,84.25,70.07023696060413,0,0.4578811622761888,27.314047392120827,Moderate
2026-03-05 01:00:00,61.25,80.0,58.61756469463587,0,0.4524582559693822,23.973512938927172,Low
2026-03-05 02:00:00,59.75,76.75,54.86091685965672,0,0.45093145985831123,22.922183371931347,Low
2026-03-05 03:00:00,57.25,77.0,58.79508034631497,0,0.45022738942866414,23.209016069262994,Low
2026-03-05 04:00:00,62.25,78.0,57.719149530823316,0,0.4507978374112527,23.993829906164663,Low
2026-03-05 05:00:00,63.0,78.75,58.84945262204577,0,0.45766823366477066,24.369890524409154,Low
2026-03-05 06:00:00,64.75,79.0,59.6217062585774,0,0.4610047039569363,24.874341251715478,Low
2026-03-05 07:00:00,70.25,82.5,58.66202734419182,0,0.45733991441250726,25.782405468838366,Moderate
2026-03-05 08:00:00,83.0,88.0,57.9643152084602,0,0.4501989946319536,28.19286304169204,Moderate
2026-03-05 09:00:00,97.5,85.75,76.77759661648176,0,0.4508595548199478,34.85551932329635,Moderate
2026-03-05 10:00:00,91.5,76.25,81.07518581457774,0,0.44768446507192955,34.51503716291555,Moderate
2026-03-05 11:00:00,90.5,69.75,82.88142789459607,0,0.4440503644766004,34.67628557891922,Moderate
2026-03-05 12:00:00,79.0,63.0,72.34173379841167,0,0.4453514385448459,30.268346759682334,Moderate
2026-03-05 13:00:00,72.75,54.25,68.75059108607316,0,0.44541835636486654,28.30011821721463,Moderate
2026-03-05 14:00:00,68.5,47.0,63.13756038458109,0,0.43481424153915876,26.32751207691622,Moderate
2026-03-05 15:00:00,74.25,46.0,58.96408859978579,0,0.44686460610408907,26.642817719957158,Moderate
2026-03-05 16:00:00,68.25,45.25,57.32294631026268,0,0.4362766595542649,25.114589262052537,Moderate
2026-03-05 17:00:00,67.0,50.25,52.46227459682479,0,0.43639311831672173,23.89245491936496,Low
2026-03-05 18:00:00,74.0,63.0,52.541591846885176,0,0.4431255034116943,25.308318369377034,Moderate
2026-03-05 19:00:00,80.0,80.5,62.22034004607319,0,0.4486841477572978,28.44406800921464,Moderate
2026-03-05 20:00:00,90.5,100.25,69.36111646022003,0,0.45768502932068134,31.972223292044006,Moderate
2026-03-05 21:00:00,105.5,91.75,78.2359992009476,0,0.4690306878581423,36.747199840189516,Moderate
2026-03-05 22:00:00,98.5,85.75,84.10187426060844,0,0.4655642698942106,36.52037485212169,Moderate
2026-03-05 23:00:00,92.25,81.5,83.19736657998034,0,0.4779105378183143,35.08947331599607,Moderate
2026-03-06 00:00:00,84.25,83.75,82.40389607322543,0,0.4699767388133876,33.33077921464509,Moderate
2026-03-06 01:00:00,80.0,80.5,72.48013095705421,0,0.45751057672485684,30.49602619141084,Moderate
2026-03-06 02:00:00,76.75,73.25,63.60001163619717,0,0.4505710030307804,28.070002327239436,Moderate
2026-03-06 03:00:00,77.0,68.75,58.926017659212874,0,0.4526794315895958,27.185203531842575,Moderate
2026-03-06 04:00:00,78.0,70.5,59.84691603622532,0,0.45082419386418165,27.569383207245068,Moderate
2026-03-06 05:00:00,78.75,70.5,63.01973217568634,0,0.453187304540928,28.353946435137267,Moderate
2026-03-06 06:00:00,79.0,64.0,65.47427867823336,0,0.4536149729100992,28.894855735646672,Moderate
2026-03-06 07:00:00,82.5,77.5,64.28803540830734,0,0.4546976315545327,29.35760708166147,Moderate
2026-03-06 08:00:00,88.0,106.5,76.12807963120054,0,0.45273063773631406,32.82561592624011,Moderate
2026-03-06 09:00:00,85.75,95.5,92.73083895925603,0,0.4484697139376373,35.69616779185121,Moderate
2026-03-06 10:00:00,76.25,77.5,88.23660974149789,0,0.4409506453632298,32.89732194829958,Moderate
2026-03-06 11:00:00,69.75,71.5,62.537843072727206,0,0.43776899013065435,26.45756861454544,Moderate
2026-03-06 12:00:00,63.0,63.25,55.64813127900307,0,0.4406061422639859,23.72962625580061,Low
2026-03-06 13:00:00,54.25,55.25,58.467917207768984,0,0.43637072247153197,22.543583441553796,Low
2026-03-06 14:00:00,47.0,54.0,56.51007289446386,0,0.44139262894690623,20.702014578892772,Low
2026-03-06 15:00:00,46.0,58.25,54.157664893222695,0,0.44078740213508705,20.03153297864454,Low
2026-03-06 16:00:00,45.25,54.75,55.580193817427244,0,0.4403918046597777,20.16603876348545,Low
2026-03-06 17:00:00,50.25,55.0,54.41347632776108,0,0.4378585035468358,20.932695265552212,Low
2026-03-06 18:00:00,63.0,62.75,59.72194117633355,0,0.44342924533318834,24.54438823526671,Low
2026-03-06 19:00:00,80.5,69.0,66.55373132560788,0,0.44815394675309633,29.41074626512158,Moderate
2026-03-06 20:00:00,100.25,82.75,89.4665287305821,0,0.4602089668270318,37.943305746116415,Moderate
2026-03-06 21:00:00,91.75,109.0,89.08749005262824,0,0.4594400020894356,36.16749801052565,Moderate
2026-03-06 22:00:00,85.75,107.75,91.54117202520166,0,0.45927955366768586,35.45823440504033,Moderate
2026-03-06 23:00:00,81.5,97.0,85.25145997533033,0,0.47298374741902754,33.350291995066065,Moderate
2026-03-07 00:00:00,83.75,132.0,83.86382535090351,0,0.47922022225184685,33.522765070180704,Moderate
2026-03-07 01:00:00,80.5,133.75,83.69382951423643,0,0.46615737133635327,32.838765902847285,Moderate
2026-03-07 02:00:00,73.25,103.0,76.9529156416527,0,0.4635119196591793,30.04058312833054,Moderate
2026-03-07 03:00:00,68.75,108.5,61.99181345280527,0,0.4610026569546479,26.148362690561054,Moderate
2026-03-07 04:00:00,70.5,97.25,57.69803522593369,0,0.4580295152413443,25.639607045186736,Moderate
2026-03-07 05:00:00,70.5,98.5,60.2926193939059,0,0.4573393194932633,26.158523878781182,Moderate
2026-03-07 06:00:00,64.0,109.25,57.58347318248593,0,0.4600420347627062,24.31669463649719,Low
2026-03-07 07:00:00,77.5,108.5,57.04047873869964,0,0.45835656252358364,26.908095747739928,Moderate
2026-03-07 08:00:00,106.5,127.0,68.08311154071795,0,0.4724601458964562,34.91662230814359,Moderate
2026-03-07 09:00:00,95.5,128.25,93.7580324047994,0,0.45621280760708727,37.85160648095987,Moderate
2026-03-07 10:00:00,77.5,98.0,89.68594607622965,0,0.45006062921321255,33.43718921524593,Moderate
2026-03-07 11:00:00,71.5,81.75,69.80868527734553,0,0.45531219143712764,28.261737055469105,Moderate
2026-03-07 12:00:00,63.25,80.75,62.178960078055425,0,0.45669374075269054,25.085792015611084,Moderate
2026-03-07 13:00:00,55.25,60.5,57.56328196989261,0,0.45238138273888684,22.56265639397852,Low
2026-03-07 14:00:00,54.0,52.75,52.10488626277292,0,0.4515243271213032,21.220977252554583,Low
2026-03-07 15:00:00,58.25,53.75,51.58212381847312,0,0.45163921834155646,21.966424763694626,Low
2026-03-07 16:00:00,54.75,58.5,53.555588186210095,0,0.4500398978808505,21.661117637242018,Low
2026-03-07 17:00:00,55.0,57.25,52.81644858473967,0,0.44587465181653785,21.563289716947935,Low
2026-03-07 18:00:00,62.75,56.75,59.68524879555639,0,0.4486060063733311,24.48704975911128,Low
2026-03-07 19:00:00,69.0,62.25,63.21320988567193,0,0.4495740674018253,26.442641977134386,Moderate
2026-03-07 20:00:00,82.75,70.75,68.3757877968913,0,0.45740415519368594,30.22515755937826,Moderate
2026-03-07 21:00:00,109.0,88.5,88.20585455280604,0,0.47786247041491176,39.44117091056121,Moderate
2026-03-07 22:00:00,107.75,148.75,100.52899771555107,0,0.4771124654825288,41.655799543110206,Moderate
2026-03-07 23:00:00,97.0,125.0,91.15570173298552,0,0.4857765236855792,37.63114034659711,Moderate
2026-03-08 00:00:00,132.0,117.5,75.40135696330499,0,0.5149449003963882,41.480271392660995,Moderate
2026-03-08 01:00:00,133.75,106.75,84.08813990945733,0,0.5107117566482049,43.56762798189146,Moderate
2026-03-08 02:00:00,103.0,110.25,83.92241696937795,0,0.49068339598104893,37.38448339387559,Moderate
2026-03-08 03:00:00,108.5,93.75,79.02408704422018,0,0.48979858798788656,37.50481740884403,Moderate
2026-03-08 04:00:00,97.25,91.0,75.9159922520335,0,0.4810765496107752,34.6331984504067,Moderate
2026-03-08 05:00:00,98.5,78.25,75.57645871825045,0,0.4810472620410836,34.81529174365009,Moderate
2026-03-08 06:00:00,109.25,82.0,74.87913797854621,0,0.4904320165374065,36.82582759570924,Moderate
2026-03-08 07:00:00,108.5,79.5,83.47896509438718,0,0.4886227444489425,38.395793018877434,Moderate
2026-03-08 08:00:00,127.0,91.0,92.37450130635497,0,0.49279088211431143,43.874900261270994,Moderate
2026-03-08 09:00:00,128.25,101.0,108.05017986583685,0,0.4847307825229241,47.26003597316737,Moderate
2026-03-08 10:00:00,98.0,100.5,92.97138958259157,0,0.4713410389076113,38.19427791651832,Moderate
2026-03-08 11:00:00,81.75,94.75,79.6364832233689,0,0.4660776491366943,32.27729664467378,Moderate
2026-03-08 12:00:00,80.75,86.25,72.87915588481077,0,0.4682836838730125,30.725831176962153,Moderate
2026-03-08 13:00:00,60.5,76.5,70.21412109536104,0,0.4634292269466381,26.142824219072207,Moderate
2026-03-08 14:00:00,52.75,64.5,60.990820890678584,0,0.46222134783846675,22.748164178135717,Low
2026-03-08 15:00:00,53.75,56.0,54.54893554768815,0,0.46004013845212166,21.659787109537632,Low
2026-03-08 16:00:00,58.5,53.25,56.54250314861993,0,0.4612537642513125,23.008500629723983,Low
2026-03-08 17:00:00,57.25,54.5,61.73688288288648,0,0.45806322132486027,23.797376576577296,Low
2026-03-08 18:00:00,56.75,66.0,55.32913446879941,0,0.4577159440615974,22.415826893759885,Low
2026-03-08 19:00:00,62.25,81.75,61.45447815193915,0,0.46068916568632295,24.740895630387833,Low
2026-03-08 20:00:00,70.75,116.0,70.3266752196675,0,0.46126718952051954,28.2153350439335,Moderate
2026-03-08 21:00:00,88.5,103.75,73.80654364230388,0,0.4778001185998528,32.46130872846078,Moderate
2026-03-08 22:00:00,148.75,91.5,82.33870640588863,0,0.5236207051612942,46.21774128117772,Moderate
2026-03-08 23:00:00,125.0,90.0,92.23669067474982,0,0.5091101473015593,43.447338134949966,Moderate
2026-03-09 00:00:00,117.5,87.5,101.77522354040143,0,0.4975523330476124,43.855044708080285,Moderate
2026-03-09 01:00:00,106.75,89.33,70.13413516793594,0,0.4909642982555139,35.37682703358719,Moderate
2026-03-09 02:00:00,110.25,85.75,64.11337099464829,0,0.4913767030845299,34.87267419892966,Moderate
2026-03-09 03:00:00,93.75,85.0,62.2436411167497,0,0.47760391171927963,31.19872822334994,Moderate
2026-03-09 04:00:00,91.0,85.75,59.62044187342072,0,0.47236963024542267,30.124088374684142,Moderate
2026-03-09 05:00:00,78.25,89.25,61.56760010425415,0,0.46491884673599176,27.96352002085083,Moderate
2026-03-09 06:00:00,82.0,90.0,70.5146111623316,0,0.464905799333941,30.502922232466318,Moderate
2026-03-09 07:00:00,79.5,92.5,73.82573006714429,0,0.4641522354711023,30.66514601342886,Moderate
2026-03-09 08:00:00,91.0,99.0,77.28716130614885,0,0.4604085710777096,33.65743226122977,Moderate
2026-03-09 09:00:00,101.0,105.25,81.86952410239519,0,0.4624824547806196,36.57390482047904,Moderate
2026-03-09 10:00:00,100.5,90.5,79.78478646015064,0,0.46278030786053875,36.05695729203013,Moderate
2026-03-09 11:00:00,94.75,89.75,73.76819879844274,0,0.46143112668603586,33.70363975968855,Moderate
2026-03-09 12:00:00,86.25,87.5,67.73372861931037,0,0.4674345811314788,30.796745723862074,Moderate
2026-03-09 13:00:00,76.5,89.75,71.0950360627228,0,0.4635658728929513,29.519007212544558,Moderate
2026-03-09 14:00:00,64.5,84.75,62.58713387952321,0,0.4577849080078802,25.41742677590464,Moderate
2026-03-09 15:00:00,56.0,84.5,57.733213714586434,0,0.456800152890634,22.746642742917288,Low
2026-03-09 16:00:00,53.25,87.5,53.109965165726486,0,0.4570193490111593,21.271993033145293,Low
2026-03-09 17:00:00,54.5,92.25,49.71641520878674,0,0.4520200642591089,20.84328304175735,Low
2026-03-09 18:00:00,66.0,92.75,51.443104596516996,0,0.4507494589970898,23.4886209193034,Low
2026-03-09 19:00:00,81.75,93.75,67.68602091953747,0,0.46427992775503685,29.887204183907496,Moderate
2026-03-09 20:00:00,116.0,105.25,78.23408886227693,0,0.4984747571520338,38.84681777245538,Moderate
2026-03-09 21:00:00,103.75,103.5,78.7689176220698,0,0.5008223513605004,36.50378352441396,Moderate
2026-03-09 22:00:00,91.5,95.25,76.14825279382336,0,0.4997514410945405,33.52965055876467,Moderate
2026-03-09 23:00:00,90.0,90.5,70.66830743175343,0,0.5065239200491608,32.13366148635069,Moderate
2026-03-10 00:00:00,87.5,93.25,76.21832264101494,0,0.48910529813734765,32.743664528202984,Moderate
2026-03-10 01:00:00,89.33,95.75,77.14397790521157,0,0.4893401485925307,33.294795581042315,Moderate
2026-03-10 02:00:00,85.75,92.5,67.24466159469313,0,0.48299445577019146,30.598932318938626,Moderate
2026-03-10 03:00:00,85.0,82.5,66.33331566650209,0,0.4803024084624585,30.26666313330042,Moderate
2026-03-10 04:00:00,85.75,82.75,63.80244347673433,0,0.4761509658026278,29.910488695346867,Moderate
2026-03-10 05:00:00,89.25,77.0,63.968948018769986,0,0.4830749604906414,30.643789603753994,Moderate
2026-03-10 06:00:00,90.0,79.0,65.94048876484256,0,0.48201393727519715,31.18809775296851,Moderate
2026-03-10 07:00:00,92.5,89.5,72.38278216081639,0,0.4800845926282142,32.97655643216328,Moderate
2026-03-10 08:00:00,99.0,86.75,76.23006008680863,0,0.4752556112747642,35.04601201736173,Moderate
2026-03-10 09:00:00,105.25,86.75,85.33567119159616,0,0.47391441770880427,38.11713423831924,Moderate
2026-03-10 10:00:00,90.5,94.0,83.54239729352864,0,0.4549090090912344,34.80847945870573,Moderate
2026-03-10 11:00:00,89.75,85.0,67.90723359633088,0,0.44853532061473456,31.531446719266178,Moderate
2026-03-10 12:00:00,87.5,75.25,67.68567665423737,0,0.4542098653438803,31.037135330847473,Moderate
2026-03-10 13:00:00,89.75,69.75,74.3735471660542,0,0.4584784625457903,32.82470943321084,Moderate
2026-03-10 14:00:00,84.75,68.0,76.97775628948649,0,0.45429973190597406,32.3455512578973,Moderate
2026-03-10 15:00:00,84.5,71.5,66.81185619327508,0,0.45467661398713305,30.262371238655014,Moderate
2026-03-10 16:00:00,87.5,63.5,64.5750550492428,0,0.4506410566424936,30.415011009848563,Moderate
2026-03-10 17:00:00,92.25,51.5,68.09054794737176,0,0.45550286563015024,32.06810958947435,Moderate
2026-03-10 18:00:00,92.75,51.75,71.6031682973483,0,0.46144954830301743,32.87063365946966,Moderate
2026-03-10 19:00:00,93.75,77.75,71.71721163171694,0,0.46904032311191224,33.093442326343386,Moderate
2026-03-10 20:00:00,105.25,97.5,73.88918831561965,0,0.4827783024030033,35.82783766312393,Moderate
2026-03-10 21:00:00,103.5,100.5,75.86789810765852,0,0.48251925326223316,35.873579621531704,Moderate
2026-03-10 22:00:00,95.25,123.25,68.59576905793688,0,0.4838374348698996,32.76915381158737,Moderate
2026-03-10 23:00:00,90.5,179.0,61.59689391443449,0,0.4906508325160175,30.419378782886902,Moderate
2026-03-11 00:00:00,93.25,106.0,71.44161996946843,0,0.48597932940287314,32.93832399389368,Moderate
2026-03-11 01:00:00,95.75,89.5,78.57895419181149,0,0.48402213905531377,34.8657908383623,Moderate
2026-03-11 02:00:00,92.5,101.0,83.53601254390965,0,0.48130396937179815,35.20720250878193,Moderate
2026-03-11 03:00:00,82.5,85.75,75.08674452535652,0,0.47351729211410204,31.5173489050713,Moderate
2026-03-11 04:00:00,82.75,79.75,70.64548818460295,0,0.46760202000207624,30.67909763692059,Moderate
2026-03-11 05:00:00,77.0,63.5,70.43346840544997,0,0.4677220197442213,29.486693681089996,Moderate
2026-03-11 06:00:00,79.0,54.0,66.42270252955623,0,0.46879813512812335,29.08454050591125,Moderate
2026-03-11 07:00:00,89.5,62.75,70.97049703302112,0,0.4731507786802249,32.09409940660422,Moderate
2026-03-11 08:00:00,86.75,73.5,79.7926470918419,0,0.46549263727620765,33.30852941836838,Moderate
2026-03-11 09:00:00,86.75,79.5,79.26898227093174,0,0.45200687143077417,33.203796454186346,Moderate
2026-03-11 10:00:00,94.0,80.0,79.54466043219985,0,0.4479581978396082,34.708932086439965,Moderate
2026-03-11 11:00:00,85.0,71.25,76.76745107281201,0,0.4484671673546272,32.3534902145624,Moderate
2026-03-11 12:00:00,75.25,68.0,70.70518355878845,0,0.4469482032287674,29.19103671175769,Moderate
2026-03-11 13:00:00,69.75,68.0,64.31534759254608,0,0.44668245444803684,26.813069518509216,Moderate
2026-03-11 14:00:00,68.0,75.0,57.19099313656198,0,0.44402727638972167,25.038198627312397,Moderate
2026-03-11 15:00:00,71.5,73.5,56.96946743082801,0,0.44828952919633275,25.6938934861656,Moderate
2026-03-11 16:00:00,63.5,54.0,57.61954559962784,0,0.4485681867580318,24.223909119925565,Low
2026-03-11 17:00:00,51.5,50.0,57.039453331688506,0,0.44269564877050765,21.707890666337704,Low
2026-03-11 18:00:00,51.75,53.5,54.51713449297517,0,0.44085752010124796,21.253426898595034,Low
2026-03-11 19:00:00,77.75,69.75,60.924316181364546,0,0.4447805334573505,27.734863236272908,Moderate
2026-03-11 20:00:00,97.5,89.25,79.98830391802807,0,0.45590287910926464,35.49766078360561,Moderate
2026-03-11 21:00:00,100.5,83.25,73.77917749203829,0,0.46809742562800394,34.85583549840766,Moderate
2026-03-11 22:00:00,123.25,96.75,71.46633338912542,0,0.4820774031813653,38.94326667782508,Moderate
2026-03-11 23:00:00,179.0,100.75,74.91587517547448,0,0.5409415745596284,50.78317503509489,High
2026-03-12 00:00:00,106.0,99.25,82.87702232799293,0,0.4811814374039643,37.77540446559859,Moderate
2026-03-12 01:00:00,89.5,107.5,66.59679183421831,0,0.4675321800839935,31.219358366843657,Moderate
2026-03-12 02:00:00,101.0,101.25,70.92041942345433,0,0.47390168575357666,34.38408388469087,Moderate
2026-03-12 03:00:00,85.75,71.75,67.27278155479907,0,0.45724649139789236,30.604556310959815,Moderate
2026-03-12 04:00:00,79.75,68.75,70.16172513693147,0,0.4471372563813869,29.98234502738629,Moderate
2026-03-12 05:00:00,63.5,77.5,74.43929512105827,0,0.4401547296489864,27.587859024211653,Moderate
2026-03-12 06:00:00,54.0,73.0,68.28826999049227,0,0.44119182859349637,24.457653998098454,Low
2026-03-12 07:00:00,62.75,69.5,66.30771249407907,0,0.439283585720868,25.81154249881581,Moderate
2026-03-12 08:00:00,73.5,88.75,73.22065307876822,0,0.4395531782232853,29.344130615753645,Moderate
2026-03-12 09:00:00,79.5,85.25,79.42715210913245,0,0.44740752713597437,31.78543042182649,Moderate
2026-03-12 10:00:00,80.0,72.0,82.96100490699513,0,0.45295679922986437,32.592200981399024,Moderate
2026-03-12 11:00:00,71.25,70.0,84.2267776532632,0,0.4491365691542536,31.09535553065264,Moderate
2026-03-12 12:00:00,68.0,56.25,65.75602045076617,0,0.4561727200682094,26.751204090153237,Moderate
2026-03-12 13:00:00,68.0,51.75,62.039854464449796,0,0.46252217144328683,26.00797089288996,Moderate
2026-03-12 14:00:00,75.0,51.5,61.169742492440385,0,0.4660370335374959,27.233948498488076,Moderate
2026-03-12 15:00:00,73.5,60.0,65.6682015137783,0,0.4564114334170857,27.83364030275566,Moderate
2026-03-12 16:00:00,54.0,56.0,64.21462666012167,0,0.4492098955814508,23.642925332024333,Low
2026-03-12 17:00:00,50.0,49.0,52.16570962514431,0,0.447994776343411,20.433141925028863,Low
2026-03-12 18:00:00,53.5,49.25,53.84610428887516,0,0.442499890668079,21.469220857775035,Low
2026-03-12 19:00:00,69.75,65.25,67.16490906700474,0,0.44251845362343273,27.382981813400946,Moderate
2026-03-12 20:00:00,89.25,66.25,75.32947188798256,0,0.45393596360988486,32.915894377596516,Moderate
2026-03-12 21:00:00,83.25,60.0,83.45733214360372,0,0.4518430854960111,33.34146642872074,Moderate
2026-03-12 22:00:00,96.75,59.75,83.94735202577044,0,0.4642671578285194,36.139470405154086,Moderate
2026-03-12 23:00:00,100.75,56.5,88.94449200335242,0,0.47456374408561464,37.93889840067049,Moderate
2026-03-13 00:00:00,99.25,45.75,73.1335540029336,0,0.476798541111542,34.47671080058672,Moderate
2026-03-13 01:00:00,107.5,40.5,68.71300606614106,0,0.47659792364730225,35.24260121322821,Moderate
2026-03-13 02:00:00,101.25,38.5,75.48141118117707,0,0.46580618423372705,35.34628223623541,Moderate
2026-03-13 03:00:00,71.75,31.75,68.83992122847168,0,0.45276223885661704,28.117984245694338,Moderate
2026-03-13 04:00:00,68.75,26.75,65.57371834476194,0,0.44445505067361984,26.86474366895239,Moderate
2026-03-13 05:00:00,77.5,31.25,65.46346262823829,0,0.44469325912928065,28.592692525647657,Moderate
2026-03-13 06:00:00,73.0,30.25,67.50216752507794,0,0.44736554669224715,28.100433505015587,Moderate
2026-03-13 07:00:00,69.5,37.75,65.79582763934002,0,0.44647260731567245,27.059165527868004,Moderate
2026-03-13 08:00:00,88.75,42.5,62.454760574605764,0,0.4450786017642166,30.24095211492115,Moderate
2026-03-13 09:00:00,85.25,45.75,80.92902192023351,0,0.4521098522887192,33.2358043840467,Moderate
2026-03-13 10:00:00,72.0,49.5,76.98760374971623,0,0.4546492513432227,29.797520749943246,Moderate
2026-03-13 11:00:00,70.0,48.75,61.99258664350926,0,0.44845586459963765,26.398517328701853,Moderate
2026-03-13 12:00:00,56.25,49.0,61.897453685303745,0,0.451036084842368,23.62949073706075,Low
2026-03-13 13:00:00,51.75,46.5,56.7210879744116,0,0.45399542117793257,21.694217594882318,Low
2026-03-13 14:00:00,51.5,33.25,49.90802849098606,0,0.4539054394901517,20.28160569819721,Low
2026-03-13 15:00:00,60.0,39.5,55.64345833187122,0,0.4495059728497741,23.128691666374245,Low
2026-03-13 16:00:00,56.0,32.5,63.24839521621266,0,0.4493757841476367,23.84967904324253,Low
2026-03-13 17:00:00,49.0,37.0,53.41416966089441,0,0.44607109247764676,20.48283393217888,Low
2026-03-13 18:00:00,49.25,44.0,53.84777828805041,0,0.44496612652795325,20.61955565761008,Low
2026-03-13 19:00:00,65.25,50.25,66.00675462783819,0,0.4439190833455023,26.251350925567635,Moderate
2026-03-13 20:00:00,66.25,58.0,70.01525482590523,0,0.44177865238804903,27.253050965181046,Moderate
2026-03-13 21:00:00,60.0,60.75,72.16626649718819,0,0.4446058372324859,26.433253299437638,Moderate
2026-03-13 22:00:00,59.75,61.75,70.04747951807879,0,0.445717784652274,25.95949590361576,Moderate
2026-03-13 23:00:00,56.5,77.75,87.18769958922971,0,0.45605866117104327,28.737539917845943,Moderate
2026-03-14 00:00:00,45.75,57.0,66.19426244337203,0,0.4633012287388684,22.388852488674402,Low
2026-03-14 01:00:00,40.5,42.0,62.20164601810086,0,0.4595922078712721,20.540329203620175,Low
2026-03-14 02:00:00,38.5,35.75,57.45070558215343,0,0.46186394238636935,19.190141116430684,Low
2026-03-14 03:00:00,31.75,34.0,55.24420757349116,0,0.4665188059592889,17.398841514698233,Low
2026-03-14 04:00:00,26.75,37.25,49.81346308783591,0,0.4690885587637246,15.312692617567183,Low
2026-03-14 05:00:00,31.25,44.75,39.66490379869205,0,0.4618136704877691,14.18298075973841,Low
2026-03-14 06:00:00,30.25,58.25,48.63033948572635,0,0.463704903344815,15.776067897145271,Low
2026-03-14 07:00:00,37.75,196.5,48.57678173147608,0,0.4534058360577792,17.265356346295217,Low
2026-03-14 08:00:00,42.5,78.0,50.26723393233768,0,0.4435322032785826,18.55344678646754,Low
2026-03-14 09:00:00,45.75,39.5,56.75159601268618,0,0.44510824660985593,20.500319202537234,Low
2026-03-14 10:00:00,49.5,37.75,52.2221152124115,0,0.4549494902123134,20.3444230424823,Low
2026-03-14 11:00:00,48.75,54.25,52.46242158559117,0,0.45543705996715567,20.242484317118233,Low
2026-03-14 12:00:00,49.0,75.0,52.10375054691227,0,0.46419789734103206,20.220750109382458,Low
2026-03-14 13:00:00,46.5,64.0,44.047183592593,0,0.4631908551937498,18.1094367185186,Low
2026-03-14 14:00:00,33.25,46.5,42.76998225249308,0,0.4727714742260777,15.203996450498616,Low
2026-03-14 15:00:00,39.5,43.25,43.88450248630449,0,0.4686217601563765,16.676900497260895,Low
2026-03-14 16:00:00,32.5,36.25,41.988440219740724,0,0.46326012471488837,14.897688043948145,Low
2026-03-14 17:00:00,37.0,38.5,38.36171864822684,0,0.4557527841771296,15.072343729645368,Low
2026-03-14 18:00:00,44.0,60.5,43.47181058720335,0,0.4552938830973327,17.494362117440673,Low
2026-03-14 19:00:00,50.25,76.75,52.37336191542894,0,0.45056489535159794,20.524672383085786,Low
2026-03-14 20:00:00,58.0,51.75,56.17357396937262,0,0.4486774248958042,22.834714793874525,Low
2026-03-14 21:00:00,60.75,37.5,60.743120364919484,0,0.4515896240826682,24.2986240729839,Low
2026-03-14 22:00:00,61.75,30.75,62.380223238272244,0,0.45499970712067506,24.82604464765445,Low
2026-03-14 23:00:00,77.75,29.25,62.661176129484396,0,0.47189228907638986,28.08223522589688,Moderate
2026-03-15 00:00:00,57.0,21.25,62.54280168289872,0,0.4665510919869583,23.908560336579743,Low
2026-03-15 01:00:00,42.0,16.75,56.169243880189484,0,0.4674745359645997,19.633848776037894,Low
2026-03-15 02:00:00,35.75,12.75,53.857669294610055,0,0.472304947234535,17.92153385892201,Low
2026-03-15 03:00:00,34.0,10.25,43.49545851024456,0,0.47616783574013116,15.499091702048913,Low
2026-03-15 04:00:00,37.25,14.25,43.904753207139464,0,0.47002151039070983,16.230950641427892,Low
2026-03-15 05:00:00,44.75,17.75,48.189491341465605,0,0.4579959388517014,18.58789826829312,Low
2026-03-15 06:00:00,58.25,25.75,48.34487827133335,0,0.4576129456967298,21.318975654266673,Low
2026-03-15 07:00:00,196.5,16.75,50.93856038242998,1,0.5492781307283463,69.487712076486,High
2026-03-15 08:00:00,78.0,20.5,51.17229511531933,0,0.45562918758388216,25.834459023063868,Moderate
2026-03-15 09:00:00,39.5,27.0,69.01260637631188,0,0.4628704782775114,21.702521275262377,Low
2026-03-15 10:00:00,37.75,50.5,50.16640406527034,0,0.46403888639667623,17.583280813054067,Low
2026-03-15 11:00:00,54.25,41.0,47.09936760085734,0,0.453798361556855,20.269873520171465,Low
2026-03-15 12:00:00,75.0,33.75,70.10522991447415,0,0.45816650465513825,29.021045982894833,Moderate
2026-03-15 13:00:00,64.0,30.75,64.79590618095949,0,0.45623395159895547,25.7591812361919,Moderate
2026-03-15 14:00:00,46.5,30.5,47.6762682884683,0,0.45816777785634655,18.835253657693663,Low
2026-03-15 15:00:00,43.25,33.5,46.48963480459715,0,0.46196251358237733,17.947926960919432,Low
2026-03-15 16:00:00,36.25,34.0,46.95924044345995,0,0.4620377036648101,16.64184808869199,Low
2026-03-15 17:00:00,38.5,40.0,41.879419237924076,0,0.46252275295717127,16.075883847584816,Low
2026-03-15 18:00:00,60.5,49.5,50.36281646080841,0,0.46285531368455457,22.172563292161684,Low
2026-03-15 19:00:00,76.75,58.75,70.71857559200119,0,0.470929645305225,29.49371511840024,Moderate
2026-03-15 20:00:00,51.75,84.25,73.08235005159007,0,0.4667705204472963,24.966470010318012,Low
2026-03-15 21:00:00,37.5,63.0,67.53514521128946,0,0.4764768188082941,21.00702904225789,Low
2026-03-15 22:00:00,30.75,54.75,55.38860821731065,0,0.48516021892473177,17.22772164346213,Low
2026-03-15 23:00:00,29.25,47.25,48.82986483706173,0,0.49778349925020005,15.615972967412345,Low
2026-03-16 00:00:00,21.25,44.25,50.12269468057943,0,0.5000535462244635,14.274538936115885,Low
2026-03-16 01:00:00,16.75,39.25,40.23476679001624,0,0.5015978271791629,11.396953358003246,Low
2026-03-16 02:00:00,12.75,40.75,35.401301956571686,0,0.49897790540583215,9.630260391314337,Low
2026-03-16 03:00:00,10.25,44.5,31.992226059479734,0,0.49960396726245704,8.448445211895947,Low
2026-03-16 04:00:00,14.25,45.75,36.47346171271538,0,0.4944669529638986,10.144692342543074,Low
2026-03-16 05:00:00,17.75,46.0,40.59618307931174,0,0.498340025937545,11.66923661586235,Low
2026-03-16 06:00:00,25.75,46.75,42.64813784787652,0,0.48280290393923075,13.679627569575304,Low
2026-03-16 07:00:00,16.75,49.75,47.7898532034632,0,0.4905969325321196,12.907970640692639,Low
2026-03-16 08:00:00,20.5,51.0,37.98321836812979,0,0.48781535676846466,11.696643673625957,Low
2026-03-16 09:00:00,27.0,48.5,25.324423638080777,0,0.46377266089100505,10.464884727616155,Low
2026-03-16 10:00:00,50.5,56.5,33.182566255845614,0,0.45023138125652323,16.73651325116912,Low
2026-03-16 11:00:00,41.0,51.5,77.78314732045303,0,0.45097372152029436,23.756629464090604,Low
2026-03-16 12:00:00,33.75,46.75,47.54433736331694,0,0.4589027387797015,16.25886747266339,Low
2026-03-16 13:00:00,30.75,41.75,37.74192541616498,0,0.46187941419189166,13.698385083232997,Low
2026-03-16 14:00:00,30.5,38.25,35.327386718460346,0,0.46431716798950384,13.165477343692068,Low
2026-03-16 15:00:00,33.5,39.75,93.80045324939319,0,0.4620612654811728,25.460090649878637,Moderate
2026-03-16 16:00:00,34.0,40.0,34.16038707463934,0,0.46069760582669333,13.632077414927867,Low
2026-03-16 17:00:00,40.0,43.5,36.4551274466513,0,0.4581013749481517,15.29102548933026,Low
2026-03-16 18:00:00,49.5,50.0,40.42671958033731,0,0.4471066469119269,17.985343916067464,Low
2026-03-16 19:00:00,58.75,63.0,93.32709219608954,0,0.4490020545695997,30.415418439217905,Moderate
2026-03-16 20:00:00,84.25,65.5,422.97553834204456,0,0.46119194466669766,56.85,High
2026-03-16 21:00:00,63.0,63.25,73.19327552977663,0,0.45433999670197717,27.238655105955324,Moderate
2026-03-16 22:00:00,54.75,58.75,62.03876613360904,0,0.4553904131043451,23.357753226721805,Low
2026-03-16 23:00:00,47.25,52.0,58.70682386288297,0,0.46635189066745847,21.191364772576595,Low
2026-03-17 00:00:00,44.25,47.5,44.676259230622186,0,0.45876065487003137,17.78525184612444,Low
2026-03-17 01:00:00,39.25,47.75,44.21545099069277,0,0.4551869478359075,16.693090198138556,Low
2026-03-17 02:00:00,40.75,44.5,44.1203434639653,0,0.4561335741028956,16.97406869279306,Low
2026-03-17 03:00:00,44.5,44.0,45.460416511313554,0,0.44964472542483797,17.992083302262714,Low
2026-03-17 04:00:00,45.75,47.5,46.494595221435205,0,0.4440976867758751,18.44891904428704,Low
2026-03-17 05:00:00,46.0,50.5,61.983268691568945,0,0.44445588921759066,21.59665373831379,Low
2026-03-17 06:00:00,46.75,56.25,54.60423254874578,0,0.4423208905853802,20.270846509749155,Low
2026-03-17 07:00:00,49.75,67.75,54.45671112469884,0,0.4421878977544416,20.841342224939766,Low
2026-03-17 08:00:00,51.0,91.25,49.033743505913534,0,0.4410715806223653,20.00674870118271,Low
2026-03-17 09:00:00,48.5,65.0,47.193252374074916,0,0.4382263597174608,19.13865047481498,Low
2026-03-17 10:00:00,56.5,55.0,45.328777905562355,0,0.44138715651939386,20.36575558111247,Low
2026-03-17 11:00:00,51.5,44.5,55.162108137411465,0,0.4470775144127134,21.332421627482294,Low
2026-03-17 12:00:00,46.75,44.75,50.49577758853937,0,0.46056094756714777,19.449155517707876,Low
2026-03-17 13:00:00,41.75,42.0,47.258037807991876,0,0.48117780321141496,17.801607561598374,Low
2026-03-17 14:00:00,38.25,52.25,43.71636224099009,0,0.47015187401538444,16.39327244819802,Low
2026-03-17 15:00:00,39.75,55.0,41.895115192596265,0,0.46927534048484937,16.329023038519253,Low
2026-03-17 16:00:00,40.0,48.0,43.043657956587154,0,0.4674013018364712,16.60873159131743,Low
2026-03-17 17:00:00,43.5,42.5,43.66730212916097,0,0.45090205018593366,17.433460425832195,Low
2026-03-17 18:00:00,50.0,57.5,47.34918241703248,0,0.4413812356005721,19.469836483406496,Low
2026-03-17 19:00:00,63.0,67.5,64.39634759876022,0,0.4464824303527841,25.479269519752044,Moderate
2026-03-17 20:00:00,65.5,80.25,69.0399030308873,0,0.44709661253622224,26.90798060617746,Moderate
2026-03-17 21:00:00,63.25,77.0,70.18378221866821,0,0.44878899740552536,26.686756443733643,Moderate
2026-03-17 22:00:00,58.75,79.5,80.96832691170236,0,0.44845830547596943,27.943665382340473,Moderate
2026-03-17 23:00:00,52.0,74.0,79.5435451566846,0,0.4575613074394507,26.30870903133692,Moderate
2026-03-18 00:00:00,47.5,60.25,62.274282285674246,0,0.45377000015418256,21.95485645713485,Low
2026-03-18 01:00:00,47.75,51.25,56.40634913088123,0,0.4522100198327143,20.831269826176246,Low
2026-03-18 02:00:00,44.5,48.25,54.850720551438485,0,0.45247703813665424,19.870144110287697,Low
2026-03-18 03:00:00,44.0,56.5,53.57496649395561,0,0.45031448782344685,19.514993298791122,Low
2026-03-18 04:00:00,47.5,48.25,52.987672683972626,0,0.43977716439823317,20.097534536794527,Low
2026-03-18 05:00:00,50.5,40.25,57.50902219367801,0,0.44326884457035237,21.6018044387356,Low
2026-03-18 06:00:00,56.25,36.5,70.44271323121077,0,0.4451242701514956,25.338542646242153,Moderate
2026-03-18 07:00:00,67.75,36.75,95.62895981610005,0,0.4424262944412414,32.67579196322001,Moderate
2026-03-18 08:00:00,91.25,40.25,84.15530624065124,0,0.4490241443455176,35.08106124813025,Moderate
2026-03-18 09:00:00,65.0,45.25,74.8975648561127,0,0.44322626281695726,27.97951297122254,Moderate
2026-03-18 10:00:00,55.0,53.75,65.81279800915641,0,0.44774494754107813,24.162559601831283,Low
2026-03-18 11:00:00,44.5,56.0,75.41562509610344,0,0.46880171737410875,23.983125019220687,Low
2026-03-18 12:00:00,44.75,39.0,51.66118166800286,0,0.46061376687425953,19.282236333600572,Low
2026-03-18 13:00:00,42.0,34.25,50.75794222138483,0,0.4713653891466091,18.551588444276966,Low
2026-03-18 14:00:00,52.25,29.5,46.398168536030084,0,0.4524716258676117,19.729633707206016,Low
2026-03-18 15:00:00,55.0,25.5,51.32524005352448,0,0.4509008041953457,21.265048010704895,Low
2026-03-18 16:00:00,48.0,20.75,54.049449507216565,0,0.448963830332602,20.409889901443314,Low
2026-03-18 17:00:00,42.5,24.25,51.78750140277481,0,0.4458442461540279,18.85750028055496,Low
2026-03-18 18:00:00,57.5,38.25,51.55473870151739,0,0.4413470071129188,21.810947740303476,Low
2026-03-18 19:00:00,67.5,52.75,71.92559707063978,0,0.44521701562244975,27.885119414127956,Moderate
2026-03-18 20:00:00,80.25,61.0,72.2820067571799,0,0.44881040063435873,30.50640135143598,Moderate
2026-03-18 21:00:00,77.0,60.25,79.94234654195758,0,0.4502347556094877,31.388469308391514,Moderate
2026-03-18 22:00:00,79.5,53.5,71.54141740857519,0,0.453749617956629,30.208283481715036,Moderate
2026-03-18 23:00:00,74.0,49.5,71.47226577003156,0,0.4601304871664501,29.09445315400631,Moderate
2026-03-19 00:00:00,60.25,45.5,63.80638444303921,0,0.4544544409534769,24.811276888607843,Low
2026-03-19 01:00:00,51.25,43.25,58.9793771341389,0,0.4739803312807575,22.04587542682778,Low
2026-03-19 02:00:00,48.25,43.75,57.2433597531613,0,0.4520796807304917,21.09867195063226,Low
2026-03-19 03:00:00,56.5,45.75,55.851986296467935,0,0.4435307538050917,22.470397259293584,Low
2026-03-19 04:00:00,48.25,51.0,59.54236820340968,0,0.44046890919319925,21.55847364068194,Low
2026-03-19 05:00:00,40.25,50.25,57.41140500405254,0,0.44578758951151654,19.532281000810507,Low
2026-03-19 06:00:00,36.5,42.25,55.355369087811304,0,0.4487349405295398,18.37107381756226,Low
2026-03-19 07:00:00,36.75,47.75,53.34116655824741,0,0.4464901322535534,18.01823331164948,Low
2026-03-19 08:00:00,40.25,65.25,54.46210448045139,0,0.4361492740972463,18.94242089609028,Low
2026-03-19 09:00:00,45.25,67.25,55.16092231939862,0,0.44042992129425307,20.082184463879724,Low
2026-03-19 10:00:00,53.75,89.75,56.952886754843,0,0.445322166206025,22.1405773509686,Low
2026-03-19 11:00:00,56.0,44.25,55.10177727204259,0,0.4721364955669835,22.22035545440852,Low
2026-03-19 12:00:00,39.0,32.75,54.16476465102984,0,0.47057332997578555,18.632952930205967,Low
2026-03-19 13:00:00,34.25,34.5,51.659289794502385,0,0.48047266801010496,17.181857958900476,Low
2026-03-19 14:00:00,29.5,25.75,49.837168160427716,0,0.4730095529000448,15.867433632085543,Low
2026-03-19 15:00:00,25.5,24.75,46.24302869378795,0,0.47722487690994936,14.34860573875759,Low
2026-03-19 16:00:00,20.75,20.75,45.85741024629919,0,0.4746527926045121,13.321482049259838,Low
2026-03-19 17:00:00,24.25,23.33,41.100902447819344,0,0.46090855828155897,13.07018048956387,Low
2026-03-19 18:00:00,38.25,26.75,43.35299472681895,0,0.44653284225736567,16.32059894536379,Low
2026-03-19 19:00:00,52.75,34.0,49.49718859082145,0,0.4446612373146192,20.44943771816429,Low
2026-03-19 20:00:00,61.0,24.75,63.76713492776145,0,0.44676149386973757,24.95342698555229,Low
2026-03-19 21:00:00,60.25,21.25,62.019704040587676,0,0.4446653487510837,24.453940808117537,Low
2026-03-19 22:00:00,53.5,22.75,63.07581630352756,0,0.44492289609002705,23.315163260705514,Low
2026-03-19 23:00:00,49.5,37.0,65.84086694114829,0,0.45751444333550345,23.06817338822966,Low
2026-03-20 00:00:00,45.5,36.0,64.3659408368544,0,0.45952572561514526,21.97318816737088,Low
2026-03-20 01:00:00,43.25,27.25,52.32942051449733,0,0.479633049276336,19.115884102899464,Low
2026-03-20 02:00:00,43.75,14.75,54.36708078474335,0,0.4697380984179939,19.62341615694867,Low
2026-03-20 03:00:00,45.75,7.0,53.526180018884155,0,0.4463401657334151,19.85523600377683,Low
2026-03-20 04:00:00,51.0,2.5,48.3893150274585,0,0.44559613425788197,19.877863005491697,Low
2026-03-20 05:00:00,50.25,2.75,48.600596794119994,0,0.45266372621901163,19.770119358823997,Low
2026-03-20 06:00:00,42.25,13.25,48.94367511666209,0,0.446490302396055,18.238735023332417,Low
2026-03-20 07:00:00,47.75,17.5,52.329281701858626,0,0.43987701229663384,20.015856340371723,Low
2026-03-20 08:00:00,65.25,18.0,50.63179073786574,0,0.4457545498326405,23.176358147573147,Low
2026-03-20 09:00:00,67.25,21.5,50.13976898788977,0,0.463094407916286,23.477953797577953,Low
2026-03-20 10:00:00,89.75,19.25,56.81352108172996,0,0.48390640133803736,29.312704216345992,Moderate
2026-03-20 11:00:00,44.25,13.5,66.1652919970595,0,0.46580045683976945,22.083058399411897,Low
2026-03-20 12:00:00,32.75,12.0,50.52698542405267,0,0.4558154206220841,16.655397084810534,Low
2026-03-20 13:00:00,34.5,17.75,44.788113501390626,0,0.4524895706182521,15.857622700278124,Low
2026-03-20 14:00:00,25.75,26.75,44.9483285466533,0,0.4720345451723271,14.13966570933066,Low
2026-03-20 15:00:00,24.75,20.75,43.56494315250735,0,0.48525320645372255,13.66298863050147,Low
2026-03-20 16:00:00,20.75,23.75,44.01822722976165,0,0.4840345696092646,12.95364544595233,Low
2026-03-20 17:00:00,23.33,23.25,40.65641680621821,0,0.4899825254886022,12.797283361243643,Low
2026-03-20 18:00:00,26.75,28.25,45.94885046782439,0,0.49387104653928066,14.53977009356488,Low
2026-03-20 19:00:00,34.0,38.25,46.077701971179515,0,0.489476381880273,16.015540394235906,Low
2026-03-20 20:00:00,24.75,41.25,53.83884925816507,0,0.5086149529082326,15.717769851633012,Low
2026-03-20 21:00:00,21.25,43.5,46.26546511360205,0,0.5098365958939163,13.50309302272041,Low
2026-03-20 22:00:00,22.75,58.25,43.17501435433978,0,0.514800923147762,13.185002870867955,Low
2026-03-20 23:00:00,37.0,45.75,41.7948815488847,0,0.5158166255539163,15.75897630977694,Low
2026-03-21 00:00:00,36.0,39.75,56.82342769171873,0,0.5213977731112903,18.564685538343745,Low
2026-03-21 01:00:00,27.25,39.0,52.445580443958676,0,0.4960063105318702,15.939116088791735,Low
2026-03-21 02:00:00,14.75,43.25,31.927118943522764,0,0.5073655761123126,9.335423788704553,Low
2026-03-21 03:00:00,7.0,40.5,25.819717649512114,0,0.5329779986459104,6.563943529902423,Low
2026-03-21 04:00:00,2.5,48.25,24.913208982551552,0,0.533238346522079,5.48264179651031,Low
2026-03-21 05:00:00,2.75,40.5,24.49428514536216,0,0.5360108665839902,5.448857029072432,Low
2026-03-21 06:00:00,13.25,39.75,24.197327394419883,0,0.5197107407498857,7.489465478883977,Low
2026-03-21 07:00:00,17.5,40.0,27.785928760538184,0,0.5154278789736818,9.057185752107635,Low
2026-03-21 08:00:00,18.0,32.25,24.61458851428172,0,0.5087933964968704,8.522917702856343,Low
2026-03-21 09:00:00,21.5,32.25,25.8430216874714,0,0.47683691454747157,9.46860433749428,Low
2026-03-21 10:00:00,19.25,30.25,25.88621821614572,0,0.47559224583916554,9.027243643229145,Low
2026-03-21 11:00:00,13.5,22.25,28.109148070760853,0,0.49112593377479574,8.321829614152172,Low
2026-03-21 12:00:00,12.0,22.75,36.143549573747,0,0.4804084936551936,9.6287099147494,Low
2026-03-21 13:00:00,17.75,22.0,28.555827663120265,0,0.47817309406488606,9.261165532624052,Low
2026-03-21 14:00:00,26.75,20.25,29.248522879445947,0,0.45381924094786036,11.19970457588919,Low
2026-03-21 15:00:00,20.75,24.0,36.47705792224625,0,0.46600841083456335,11.44541158444925,Low
2026-03-21 16:00:00,23.75,24.75,30.14781781472407,0,0.46926574371657437,10.779563562944814,Low
2026-03-21 17:00:00,23.25,39.5,35.254884052131295,0,0.47005736208855337,11.70097681042626,Low
2026-03-21 18:00:00,28.25,36.0,27.076517660415167,0,0.4740356240021087,11.065303532083032,Low
2026-03-21 19:00:00,38.25,48.75,31.47684265320176,0,0.4712243476652752,13.945368530640351,Low
2026-03-21 20:00:00,41.25,65.5,40.2710229322594,0,0.4700285473412778,16.30420458645188,Low
2026-03-21 21:00:00,43.5,75.75,38.69763537791861,0,0.4726739416069767,16.439527075583722,Low
2026-03-21 22:00:00,58.25,71.75,39.7062108534792,0,0.47432439695673795,19.591242170695843,Low
2026-03-21 23:00:00,45.75,93.75,52.64134417448292,0,0.4928925172677123,19.678268834896585,Low
2026-03-22 00:00:00,39.75,66.75,46.29256466819535,0,0.49381027362921437,17.20851293363907,Low
2026-03-22 01:00:00,39.0,61.0,39.07253662304703,0,0.494881279531781,15.614507324609406,Low
2026-03-22 02:00:00,43.25,48.0,38.54802960486968,0,0.503639905298641,16.359605920973937,Low
2026-03-22 03:00:00,40.5,42.5,39.00524353364321,0,0.5142516993838989,15.901048706728643,Low
2026-03-22 04:00:00,48.25,43.75,40.39675660848018,0,0.4948350891970738,17.729351321696036,Low
2026-03-22 05:00:00,40.5,54.75,37.216194082881124,0,0.5008960055985473,15.543238816576228,Low
2026-03-22 06:00:00,39.75,57.0,37.98807010370226,0,0.5042234449551073,15.547614020740454,Low
2026-03-22 07:00:00,40.0,68.75,36.008592706379616,0,0.49101527277946466,15.201718541275923,Low
2026-03-22 08:00:00,32.25,102.25,35.830493084686154,0,0.4709832895471801,13.616098616937231,Low
2026-03-22 09:00:00,32.25,75.5,33.65721234934158,0,0.4651131835229639,13.181442469868315,Low
2026-03-22 10:00:00,30.25,44.25,33.23938179224439,0,0.4636025668721659,12.697876358448877,Low
2026-03-22 11:00:00,22.25,49.5,28.424979822656077,0,0.4811284064223699,10.134995964531216,Low
2026-03-22 12:00:00,22.75,48.5,35.01998383352138,0,0.4726312504687868,11.553996766704277,Low
2026-03-22 13:00:00,22.0,40.0,26.990525202236235,0,0.4721919948455883,9.798105040447247,Low
2026-03-22 14:00:00,20.25,41.75,33.75841403254485,0,0.47121588636603046,10.801682806508971,Low
2026-03-22 15:00:00,24.0,45.5,32.692025249608804,0,0.4735473046933709,11.33840504992176,Low
2026-03-22 16:00:00,24.75,41.67,41.91710224638579,0,0.4701382484529044,13.33342044927716,Low
2026-03-22 17:00:00,39.5,44.25,35.30059011909637,0,0.465902796759633,14.960118023819273,Low
2026-03-22 18:00:00,36.0,40.75,37.12003603417794,0,0.46579034971313954,14.62400720683559,Low
2026-03-22 19:00:00,48.75,41.0,41.48447933156169,0,0.4641940831561013,18.046895866312337,Low
2026-03-22 20:00:00,65.5,53.0,52.27903402188774,0,0.4670260620937035,23.55580680437755,Low
2026-03-22 21:00:00,75.75,57.5,62.19989942279941,0,0.4843124769865618,27.58997988455988,Moderate
2026-03-22 22:00:00,71.75,64.0,60.70271899287909,0,0.4849176696871668,26.49054379857582,Moderate
2026-03-22 23:00:00,93.75,58.0,62.6749783270107,0,0.5184297853902878,31.28499566540214,Moderate
2026-03-23 00:00:00,66.75,54.5,62.65679378648821,0,0.4825046993569392,25.88135875729764,Moderate
2026-03-23 01:00:00,61.0,50.75,58.84053522231072,0,0.4656588877933803,23.968107044462144,Low
2026-03-23 02:00:00,48.0,41.5,63.25320865514112,0,0.46005265439498566,22.250641731028225,Low
2026-03-23 03:00:00,42.5,56.5,53.19454193576273,0,0.47001542046559347,19.138908387152547,Low
2026-03-23 04:00:00,43.75,53.75,48.813788562430894,0,0.4576231011493058,18.512757712486177,Low
2026-03-23 05:00:00,54.75,50.0,45.63509194226884,0,0.4581793749425207,20.07701838845377,Low
2026-03-23 06:00:00,57.0,52.5,53.67510736182935,0,0.456731717204112,22.135021472365867,Low
2026-03-23 07:00:00,68.75,55.5,59.35060007059738,0,0.4721737612928271,25.620120014119475,Moderate
2026-03-23 08:00:00,102.25,61.75,62.71828679427462,0,0.46021210981754446,32.99365735885492,Moderate
2026-03-23 09:00:00,75.5,46.75,67.67109829200093,0,0.45462949306514977,28.634219658400184,Moderate
2026-03-23 10:00:00,44.25,36.25,59.35043916621933,0,0.4532739406597874,20.720087833243866,Low
2026-03-23 11:00:00,49.5,31.5,47.48836024173315,0,0.4607404148034179,19.397672048346628,Low
2026-03-23 12:00:00,48.5,32.25,49.392418189756,0,0.45599732344712235,19.5784836379512,Low
2026-03-23 13:00:00,40.0,34.75,47.36018979311096,0,0.4508867122297756,17.47203795862219,Low
2026-03-23 14:00:00,41.75,36.75,44.40786992466364,0,0.4461633491152544,17.23157398493273,Low
2026-03-23 15:00:00,45.5,34.5,44.12323557394739,0,0.45910522177895097,17.92464711478948,Low
2026-03-23 16:00:00,41.67,41.75,64.11536147416464,0,0.4528372168097186,21.15707229483293,Low
2026-03-23 17:00:00,44.25,44.75,48.805588384616904,0,0.4594707889809751,18.611117676923378,Low
2026-03-23 18:00:00,40.75,39.25,52.051947923173756,0,0.45265723651605194,18.56038958463475,Low
2026-03-23 19:00:00,41.0,52.5,65.47343513270516,0,0.4658417252253401,21.29468702654103,Low
2026-03-23 20:00:00,53.0,75.75,65.59942274343824,0,0.46094819629417166,23.71988454868765,Low
2026-03-23 21:00:00,57.5,86.0,68.52982645270434,0,0.4667823778362744,25.205965290540867,Moderate
2026-03-23 22:00:00,64.0,79.5,68.07715595581277,0,0.47480539458487964,26.415431191162554,Moderate
2026-03-23 23:00:00,58.0,79.75,73.38196122842636,0,0.49578726802933343,26.276392245685273,Moderate
2026-03-24 00:00:00,54.5,84.25,71.15097974495815,0,0.46635602663172226,25.13019594899163,Moderate
2026-03-24 01:00:00,50.75,68.75,66.43386114408555,0,0.4605565664409741,23.436772228817112,Low
2026-03-24 02:00:00,41.5,53.0,55.99571303231825,0,0.4630527848620401,19.49914260646365,Low
2026-03-24 03:00:00,56.5,56.25,52.99442339383841,0,0.4695520524142297,21.89888467876768,Low
2026-03-24 04:00:00,53.75,55.0,57.72464468927652,0,0.45286619783941057,22.294928937855303,Low
2026-03-24 05:00:00,50.0,56.5,56.47306542175441,0,0.4558768517143923,21.294613084350882,Low
2026-03-24 06:00:00,52.5,53.5,54.64512507470789,0,0.45639496096473714,21.42902501494158,Low
2026-03-24 07:00:00,55.5,54.75,59.7597346817522,0,0.4490850686598879,23.05194693635044,Low
2026-03-24 08:00:00,61.75,54.75,63.718329800850164,0,0.4350407137588698,25.093665960170036,Moderate
2026-03-24 09:00:00,46.75,48.25,64.63479817642155,0,0.43650560116266096,22.276959635284314,Low
2026-03-24 10:00:00,36.25,44.5,51.781728491061536,0,0.44749396049656454,17.60634569821231,Low
2026-03-24 11:00:00,31.5,36.75,48.476686139342895,0,0.44787169113168257,15.995337227868578,Low
2026-03-24 12:00:00,32.25,35.5,42.93370712676744,0,0.4475401857259363,15.036741425353487,Low
2026-03-24 13:00:00,34.75,36.0,42.895070160452796,0,0.453876882122629,15.529014032090558,Low
2026-03-24 14:00:00,36.75,32.5,38.84170159035812,0,0.44994411245745564,15.118340318071624,Low
2026-03-24 15:00:00,34.5,43.25,42.65613005017473,0,0.45075447113917416,15.431226010034944,Low
2026-03-24 16:00:00,41.75,40.0,42.963386451554825,0,0.4456182401923783,16.942677290310964,Low
2026-03-24 17:00:00,44.75,318.75,47.137520581680555,0,0.4584815374611604,18.377504116336112,Low
2026-03-24 18:00:00,39.25,78.75,48.54313794436479,0,0.4465313781016669,17.55862758887296,Low
2026-03-24 19:00:00,52.5,43.25,47.85669017396129,0,0.4501107476883118,20.07133803479226,Low
2026-03-24 20:00:00,75.75,73.25,62.772533528019906,0,0.45143608268072755,27.70450670560398,Moderate
2026-03-24 21:00:00,86.0,77.25,72.68928595963224,0,0.4576173943060599,31.737857191926448,Moderate
2026-03-24 22:00:00,79.5,75.25,72.51681468490787,0,0.45382610815395996,30.403362936981573,Moderate
2026-03-24 23:00:00,79.75,76.0,74.9959440529545,0,0.47252100327559743,30.949188810590897,Moderate
2026-03-25 00:00:00,84.25,68.0,69.48593842001799,0,0.46526247595104203,30.7471876840036,Moderate
2026-03-25 01:00:00,68.75,62.5,64.75746617884809,0,0.4630748314898601,26.701493235769618,Moderate
2026-03-25 02:00:00,53.0,48.25,60.00149430204004,0,0.44713629440138086,22.60029886040801,Low
2026-03-25 03:00:00,56.25,44.25,60.05080034086277,0,0.45534073155045734,23.260160068172553,Low
2026-03-25 04:00:00,55.0,47.5,63.42842674708438,0,0.44108156965136014,23.685685349416875,Low
2026-03-25 05:00:00,56.5,48.75,64.57020254005032,0,0.4457726154161681,24.21404050801006,Low
2026-03-25 06:00:00,53.5,44.75,62.14375253031798,0,0.4387891107541819,23.128750506063597,Low
2026-03-25 07:00:00,54.75,64.5,57.18752566467339,0,0.4375022569261574,22.387505132934677,Low
2026-03-25 08:00:00,54.75,79.0,69.92025664419437,0,0.4290693608228506,24.934051328838873,Low
2026-03-25 09:00:00,48.25,65.5,61.80043362077168,0,0.43265895511472047,22.010086724154334,Low
2026-03-25 10:00:00,44.5,55.25,51.21149582432452,0,0.44252827352678126,19.142299164864905,Low
2026-03-25 11:00:00,36.75,45.25,51.25302800408837,0,0.4474342630462353,17.600605600817673,Low
2026-03-25 12:00:00,35.5,42.0,47.66395359948723,0,0.44858462176217767,16.632790719897443,Low
2026-03-25 13:00:00,36.0,40.0,45.49003236353619,0,0.45181724877478985,16.298006472707236,Low
2026-03-25 14:00:00,32.5,39.0,46.94324631421604,0,0.45330975725799955,15.888649262843208,Low
2026-03-25 15:00:00,43.25,39.75,41.616521038650085,0,0.45447014808242897,16.973304207730017,Low
2026-03-25 16:00:00,40.0,37.75,50.22093470410779,0,0.4564033108066046,18.044186940821557,Low
2026-03-25 17:00:00,318.75,40.5,51.23398841407913,1,0.5898975005591766,70.24679768281582,High
2026-03-25 18:00:00,78.75,45.5,49.54038763819015,0,0.46286361207344434,25.658077527638028,Moderate
2026-03-25 19:00:00,43.25,65.0,75.76183417262988,0,0.4568827151212313,23.802366834525976,Low
2026-03-25 20:00:00,73.25,80.0,64.97411054929131,0,0.46443457342125394,27.64482210985826,Moderate
2026-03-25 21:00:00,77.25,76.75,91.27903076269544,0,0.46059469604138414,33.70580615253909,Moderate
2026-03-25 22:00:00,75.25,68.0,90.48348131684753,0,0.4608036045519203,33.146696263369506,Moderate
2026-03-25 23:00:00,76.0,59.0,88.82615460593863,0,0.4694837600888056,32.965230921187725,Moderate
2026-03-26 00:00:00,68.0,55.5,78.88023684922989,0,0.47017323109503845,29.376047369845978,Moderate
2026-03-26 01:00:00,62.5,43.0,75.57516815975823,0,0.45605025788732295,27.615033631951647,Moderate
2026-03-26 02:00:00,48.25,37.5,62.585721843007484,0,0.4517520036819497,22.167144368601498,Low
2026-03-26 03:00:00,44.25,32.5,62.92510798009403,0,0.44958465503779704,21.435021596018807,Low
2026-03-26 04:00:00,47.5,33.5,58.01589206178186,0,0.44562457212277123,21.10317841235637,Low
2026-03-26 05:00:00,48.75,35.75,67.49441025211813,0,0.44375327901773126,23.248882050423624,Low
2026-03-26 06:00:00,44.75,42.75,60.9362940493151,0,0.44162656362530694,21.13725880986302,Low
2026-03-26 07:00:00,64.5,49.0,55.78590971347352,0,0.44481661512775666,24.057181942694704,Low
2026-03-26 08:00:00,79.0,64.75,73.97686231871783,0,0.44486530667580754,30.59537246374357,Moderate
2026-03-26 09:00:00,65.5,57.0,66.14508598564129,0,0.44510075741345567,26.32901719712826,Moderate
2026-03-26 10:00:00,55.25,55.25,55.97034183567334,0,0.4479343173905746,22.24406836713467,Low
2026-03-26 11:00:00,45.25,46.5,54.289289385171834,0,0.457322138747142,19.907857877034367,Low
2026-03-26 12:00:00,42.0,43.5,49.08744656576972,0,0.450460997977389,18.217489313153944,Low
2026-03-26 13:00:00,40.0,36.75,48.366438879192486,0,0.4561533581315184,17.673287775838496,Low
2026-03-26 14:00:00,39.0,28.25,46.42736874049873,0,0.46551345252752896,17.085473748099748,Low
2026-03-26 15:00:00,39.75,23.0,45.73726988164747,0,0.4648522611183646,17.097453976329493,Low
2026-03-26 16:00:00,37.75,30.75,46.69534313615168,0,0.4654493209382172,16.889068627230337,Low
2026-03-26 17:00:00,40.5,34.75,52.06407211896909,0,0.45620104382442117,18.51281442379382,Low
2026-03-26 18:00:00,45.5,25.5,53.45797469579049,0,0.4537804824875648,19.791594939158095,Low
2026-03-26 19:00:00,65.0,41.0,71.50359011828951,0,0.4533665043201978,27.3007180236579,Moderate
2026-03-26 20:00:00,80.0,49.0,80.14630508882755,0,0.45766202214957447,32.029261017765506,Moderate
2026-03-26 21:00:00,76.75,49.25,86.35542314244938,0,0.4566089673366426,32.621084628489875,Moderate
2026-03-26 22:00:00,68.0,46.25,80.38978746070147,0,0.4575177714396276,29.677957492140294,Moderate
2026-03-26 23:00:00,59.0,40.0,82.42110554607484,0,0.4607785179039076,28.28422110921497,Moderate
2026-03-27 00:00:00,55.5,61.25,75.979047282488,0,0.458649380541309,26.2958094564976,Moderate
2026-03-27 01:00:00,43.0,50.75,72.77431076374855,0,0.4495668903815979,23.154862152749708,Low
2026-03-27 02:00:00,37.5,54.0,55.838475734739426,0,0.4536850304437085,18.667695146947885,Low
2026-03-27 03:00:00,32.5,51.5,50.45572606087483,0,0.46337665861843497,16.591145212174965,Low
2026-03-27 04:00:00,33.5,37.0,47.47683292501231,0,0.44307803013895125,16.19536658500246,Low
2026-03-27 05:00:00,35.75,36.75,50.197445848913034,0,0.4398269262604943,17.189489169782608,Low
2026-03-27 06:00:00,42.75,43.75,48.21131349351907,0,0.4415171801722785,18.192262698703814,Low
2026-03-27 07:00:00,49.0,42.5,56.396278950999644,0,0.44877599390578277,21.07925579019993,Low
2026-03-27 08:00:00,64.75,56.5,70.10089129321248,0,0.44801931785112364,26.9701782586425,Moderate
2026-03-27 09:00:00,57.0,51.25,72.65905222434883,0,0.44035293674382836,25.931810444869765,Moderate
2026-03-27 10:00:00,55.25,46.75,63.05776745732256,0,0.4456032866840756,23.661553491464513,Low
2026-03-27 11:00:00,46.5,35.0,57.332012764933886,0,0.45066707871551176,20.766402552986776,Low
2026-03-27 12:00:00,43.5,28.75,52.247835519174515,0,0.43140186012558673,19.1495671038349,Low
2026-03-27 13:00:00,36.75,38.25,46.63768041379976,0,0.4343927936532019,16.67753608275995,Low
2026-03-27 14:00:00,28.25,34.5,44.235273872568946,0,0.4462795710674595,14.497054774513789,Low
2026-03-27 15:00:00,23.0,34.25,40.80637724240952,0,0.4437209526988678,12.761275448481904,Low
2026-03-27 16:00:00,30.75,35.0,40.61297956798419,0,0.43966634290817763,14.272595913596838,Low
2026-03-27 17:00:00,34.75,31.75,43.23838734427542,0,0.44519326803554815,15.597677468855082,Low
2026-03-27 18:00:00,25.5,33.0,43.97352647332079,0,0.45414305288195944,13.894705294664158,Low
2026-03-27 19:00:00,41.0,35.75,45.342998788042166,0,0.4513119859920995,17.268599757608435,Low
2026-03-27 20:00:00,49.0,53.25,60.825755078876114,0,0.4534421204749866,21.965151015775223,Low
2026-03-27 21:00:00,49.25,70.5,65.85600382624195,0,0.4635649552809385,23.021200765248388,Low
2026-03-27 22:00:00,46.25,85.75,60.31750666419337,0,0.4648217880955174,21.313501332838673,Low
2026-03-27 23:00:00,40.0,81.25,62.90787023513694,0,0.4690033243398901,20.581574047027388,Low
2026-03-28 00:00:00,61.25,86.75,57.26738427307771,0,0.46928161395191376,23.703476854615545,Low
2026-03-28 01:00:00,50.75,85.25,60.93356890918825,0,0.4630958472787223,22.33671378183765,Low
2026-03-28 02:00:00,54.0,67.0,55.07238715961748,0,0.460116405785984,21.814477431923496,Low
2026-03-28 03:00:00,51.5,53.75,61.75282724058192,0,0.46059286746953676,22.650565448116385,Low
2026-03-28 04:00:00,37.0,51.25,74.45945494589195,0,0.4577863218291075,22.29189098917839,Low
2026-03-28 05:00:00,36.75,51.0,62.88935870213574,0,0.4573979858573379,19.927871740427147,Low
2026-03-28 06:00:00,43.75,63.75,49.51103154513734,0,0.45588177580494793,18.65220630902747,Low
2026-03-28 07:00:00,42.5,80.75,48.374319475589026,0,0.45142662421927326,18.174863895117806,Low
2026-03-28 08:00:00,56.5,94.25,50.56889725874207,0,0.44154571569595724,21.41377945174841,Low
2026-03-28 09:00:00,51.25,90.75,57.42301123770445,0,0.44650317865134764,21.73460224754089,Low
2026-03-28 10:00:00,46.75,88.25,51.70867550023867,0,0.4518730309988688,19.691735100047737,Low
2026-03-28 11:00:00,35.0,70.0,48.9225600478381,0,0.4610651998293181,16.78451200956762,Low
2026-03-28 12:00:00,28.75,55.25,46.07702823868891,0,0.4605283645963364,14.965405647737782,Low
2026-03-28 13:00:00,38.25,45.25,42.12613435923821,0,0.4563049195319074,16.07522687184764,Low
2026-03-28 14:00:00,34.5,39.75,45.988762960781784,0,0.45537906299852904,16.097752592156354,Low
2026-03-28 15:00:00,34.25,35.0,45.83243710866104,0,0.45734950852939527,16.016487421732208,Low
2026-03-28 16:00:00,35.0,42.5,46.25738189752803,0,0.4580866720389439,16.251476379505604,Low
2026-03-28 17:00:00,31.75,35.5,62.53540643492366,0,0.4649705422886427,18.85708128698473,Low
2026-03-28 18:00:00,33.0,57.0,44.21276623993502,0,0.45469695012183214,15.442553247987004,Low
2026-03-28 19:00:00,35.75,60.0,47.72213070847441,0,0.4519402201861943,16.69442614169488,Low
2026-03-28 20:00:00,53.25,69.5,50.5669811011388,0,0.44747108537183056,20.763396220227758,Low
2026-03-28 21:00:00,70.5,74.0,60.38131082088877,0,0.46277945922727304,26.176262164177754,Moderate
2026-03-28 22:00:00,85.75,86.0,59.04647300802046,0,0.46981897528336314,28.959294601604093,Moderate
2026-03-28 23:00:00,81.25,80.25,65.69532529598824,0,0.4765795318456033,29.389065059197648,Moderate
2026-03-29 00:00:00,86.75,63.75,64.01815378413743,0,0.48722461317636634,30.153630756827486,Moderate
2026-03-29 01:00:00,85.25,60.0,68.91827945096175,0,0.48017560603026155,30.83365589019235,Moderate
2026-03-29 02:00:00,67.0,54.0,68.29112430857298,0,0.470518774782057,27.058224861714592,Moderate
2026-03-29 03:00:00,53.75,52.25,61.44229586518165,0,0.46391454908743385,23.03845917303633,Low
2026-03-29 04:00:00,51.25,53.0,53.357146989079425,0,0.45914167832214114,20.921429397815885,Low
2026-03-29 05:00:00,51.0,55.75,50.166281628993424,0,0.46223632813720456,20.233256325798685,Low
2026-03-29 06:00:00,63.75,57.75,52.87721650520478,0,0.46003149305668345,23.325443301040956,Low
2026-03-29 07:00:00,80.75,74.25,58.306195112760626,0,0.47681366670159014,27.811239022552122,Moderate
2026-03-29 08:00:00,94.25,85.25,63.49848644309682,0,0.48081487933336675,31.549697288619367,Moderate
2026-03-29 09:00:00,90.75,85.25,75.62131757350856,0,0.46620605072323296,33.274263514701715,Moderate
2026-03-29 10:00:00,88.25,85.0,70.68528842433562,0,0.46975004943787635,31.787057684867122,Moderate
2026-03-29 11:00:00,70.0,80.0,62.551771259211115,0,0.4781969126548459,26.510354251842223,Moderate
2026-03-29 12:00:00,55.25,69.5,52.94331497656558,0,0.46555708258296813,21.63866299531312,Low
2026-03-29 13:00:00,45.25,62.0,57.19149750613291,0,0.47398214167194536,20.488299501226585,Low
2026-03-29 14:00:00,39.75,55.0,47.92696467764899,0,0.4767636369086069,17.535392935529796,Low
2026-03-29 15:00:00,35.0,52.25,45.43867581465191,0,0.47987441182388196,16.087735162930382,Low
2026-03-29 16:00:00,42.5,70.0,43.50008557438098,0,0.47853085601699413,17.200017114876196,Low
2026-03-29 17:00:00,35.5,70.25,49.94077721671656,0,0.46872169065139496,17.08815544334331,Low
2026-03-29 18:00:00,57.0,66.75,49.13772148746725,0,0.4586025360493141,21.22754429749345,Low
2026-03-29 19:00:00,60.0,74.5,63.81281696551743,0,0.4643137072461444,24.762563393103484,Low
2026-03-29 20:00:00,69.5,76.75,70.30228728331234,0,0.46753964736046977,27.960457456662468,Moderate
2026-03-29 21:00:00,74.0,87.0,81.79434235853955,0,0.4707597773776808,31.158868471707912,Moderate
2026-03-29 22:00:00,86.0,133.75,86.44905580326709,0,0.48090097568426565,34.48981116065342,Moderate
2026-03-29 23:00:00,80.25,135.5,90.91730843128775,0,0.4848465846160499,34.23346168625755,Moderate
2026-03-30 00:00:00,63.75,111.75,79.84351095351883,0,0.46881574611738824,28.718702190703766,Moderate
2026-03-30 01:00:00,60.0,131.5,75.82763884262984,0,0.46335098781564027,27.16552776852597,Moderate
2026-03-30 02:00:00,54.0,172.0,67.87048744255614,0,0.45663091776490233,24.37409748851123,Low
2026-03-30 03:00:00,52.25,134.75,56.4985130027076,0,0.4592301093857349,21.749702600541518,Low
2026-03-30 04:00:00,53.0,82.5,54.55666250882324,0,0.45454525766508463,21.51133250176465,Low
2026-03-30 05:00:00,55.75,63.0,53.54424926065981,0,0.45683537124931983,21.85884985213196,Low
2026-03-30 06:00:00,57.75,59.0,62.125041582248755,0,0.4501773082226171,23.975008316449752,Low
2026-03-30 07:00:00,74.25,46.0,77.59709455648175,0,0.4558971559107679,30.36941891129635,Moderate
2026-03-30 08:00:00,85.25,33.5,81.48126989469333,0,0.4636663603976225,33.34625397893866,Moderate
2026-03-30 09:00:00,85.25,31.25,83.22346463034538,0,0.4706538963237021,33.69469292606908,Moderate
2026-03-30 10:00:00,85.0,29.5,79.77680217686745,0,0.476544234283663,32.95536043537349,Moderate
2026-03-30 11:00:00,80.0,26.75,75.73109430849799,0,0.4859789635197909,31.146218861699595,Moderate
2026-03-30 12:00:00,69.5,23.5,66.6291480419614,0,0.4853572038332028,27.22582960839228,Moderate
2026-03-30 13:00:00,62.0,20.5,57.99956448911608,0,0.48822736516564647,23.999912897823215,Low
2026-03-30 14:00:00,55.0,20.0,54.14472677653851,0,0.490815460030968,21.828945355307702,Low
2026-03-30 15:00:00,52.25,15.0,52.333939866569864,0,0.483685939567971,20.916787973313973,Low
2026-03-30 16:00:00,70.0,16.5,51.77962972032099,0,0.46810262371346284,24.355925944064197,Low
2026-03-30 17:00:00,70.25,15.75,57.082570276807395,0,0.4641928478582351,25.46651405536148,Moderate
2026-03-30 18:00:00,66.75,16.25,65.52900872334112,0,0.4616111873935528,26.45580174466822,Moderate
2026-03-30 19:00:00,74.5,23.75,67.06470901837947,0,0.46838635031235765,28.312941803675898,Moderate
2026-03-30 20:00:00,76.75,32.0,76.52479301839118,0,0.45936112188397743,30.654958603678235,Moderate
2026-03-30 21:00:00,87.0,29.75,78.10382625440539,0,0.4826858930852424,33.02076525088108,Moderate
2026-03-30 22:00:00,133.75,30.75,95.1913626911421,0,0.5217751304033468,45.78827253822842,Moderate
2026-03-30 23:00:00,135.5,44.67,92.06276582896427,0,0.5253459783055696,45.51255316579285,Moderate
2026-03-31 00:00:00,111.75,48.0,91.73575955118002,0,0.5060282615812755,40.697151910236,Moderate
2026-03-31 01:00:00,131.5,200.0,81.07110038558012,0,0.5202426393206508,42.51422007711602,Moderate
2026-03-31 02:00:00,172.0,40.5,79.28025596722658,0,0.5405373410232951,50.256051193445316,High
2026-03-31 03:00:00,134.75,5.75,79.88986889762832,0,0.5095008014373513,42.92797377952566,Moderate
2026-03-31 04:00:00,82.5,17.5,73.52714677181166,0,0.4522615118259737,31.20542935436233,Moderate
2026-03-31 05:00:00,63.0,11.0,68.23339451724809,0,0.4391594643159797,26.24667890344962,Moderate
2026-03-31 07:00:00,46.0,3.0,81.67530184275829,0,0.4364103093346767,25.53506036855166,Moderate
2026-03-31 08:00:00,33.5,1.0,66.82234099636877,0,0.4410053034213925,20.064468199273755,Low
2026-03-31 10:00:00,29.5,2.33,43.3018865774026,0,0.46286709239475565,14.560377315480519,Low
2026-03-31 11:00:00,26.75,1.33,44.12689710819973,0,0.4665149858016275,14.175379421639946,Low
2026-03-31 12:00:00,23.5,5.75,47.27105289503211,0,0.48592373613816253,14.154210579006422,Low
2026-03-31 13:00:00,20.5,6.75,42.38142468090982,0,0.49465355080023854,12.576284936181963,Low
2026-03-31 14:00:00,20.0,3.75,43.105176148314946,0,0.49555615739186704,12.621035229662988,Low
2026-03-31 15:00:00,15.0,9.5,43.48425196330374,0,0.49971544435923765,11.69685039266075,Low
2026-03-31 16:00:00,16.5,12.75,45.0913882456919,0,0.4921702909971,12.318277649138382,Low
2026-03-31 17:00:00,15.75,14.25,44.97020690108235,0,0.4993529782251235,12.14404138021647,Low
2026-03-31 18:00:00,16.25,13.5,46.00241480944127,0,0.4781652317663907,12.450482961888255,Low
2026-03-31 19:00:00,23.75,16.5,46.942921139971126,0,0.4632814983656796,14.138584227994226,Low
2026-03-31 20:00:00,32.0,30.75,50.20975235355339,0,0.45620413454072173,16.44195047071068,Low
2026-03-31 21:00:00,29.75,34.0,67.77804166632446,0,0.460315712719421,19.505608333264888,Low
2026-03-31 22:00:00,30.75,42.0,63.32053441159614,0,0.46441736175464415,18.81410688231923,Low
2026-03-31 23:00:00,44.67,32.5,66.23037386297078,0,0.4692022065594713,22.180074772594157,Low
2026-04-01 00:00:00,48.0,28.25,81.787743082824,0,0.44971365764053706,25.9575486165648,Moderate
2026-04-01 01:00:00,200.0,26.25,95.60789690690738,1,0.5557136716696955,79.12157938138148,Critical
2026-04-01 02:00:00,40.5,24.5,70.77313408730159,0,0.44897882310720877,22.25462681746032,Low
2026-04-01 03:00:00,5.75,25.75,54.46799010369818,0,0.48500563840674316,12.043598020739637,Low
2026-04-01 04:00:00,17.5,35.0,45.929161219996125,0,0.46758585973738426,12.685832243999224,Low
2026-04-01 05:00:00,11.0,28.25,36.51760354803846,0,0.48802541543705097,9.503520709607692,Low
2026-04-04 10:00:00,65.25,2.75,68.27927636822169,0,0.4611812171552664,26.70585527364434,Moderate
2026-04-04 11:00:00,50.0,1.33,68.58556590276267,0,0.45386901750240444,23.717113180552534,Low
2026-04-04 12:00:00,43.75,1.0,68.36090971368188,0,0.4639746738190588,22.422181942736373,Low
2026-04-04 14:00:00,24.0,1.0,41.64989467110316,0,0.4716054100254131,13.129978934220631,Low
2026-04-04 15:00:00,23.25,2.25,41.310678634315934,0,0.4738785280797583,12.912135726863188,Low
2026-04-04 16:00:00,27.5,3.0,42.31923849778197,0,0.4641642980248608,13.963847699556394,Low
2026-04-04 17:00:00,35.0,6.5,44.96088503540554,0,0.4665176603042829,15.992177007081107,Low
2026-04-04 18:00:00,42.75,11.25,45.838412563742445,0,0.45432953837398254,17.71768251274849,Low
2026-04-04 19:00:00,26.0,18.0,73.2464487549947,0,0.47399925984114666,19.84928975099894,Low
2026-04-04 20:00:00,9.0,24.0,44.08201092048496,0,0.5082859954872141,10.61640218409699,Low
2026-04-04 21:00:00,4.0,24.25,52.49204315928034,0,0.5243076099727277,11.29840863185607,Low
2026-04-12 07:00:00,79.5,93.75,65.95779235784966,0,0.4763732045895361,29.091558471569932,Moderate
2026-04-12 08:00:00,78.0,90.75,70.73064241039113,0,0.47757336743497225,29.746128482078227,Moderate
2026-04-12 09:00:00,78.0,65.5,60.16992605509232,0,0.49117962553951994,27.633985211018462,Moderate
2026-04-12 10:00:00,80.25,34.5,59.16128319131362,0,0.4988560698208271,27.882256638262724,Moderate
2026-04-12 11:00:00,68.25,37.25,58.63779578328814,0,0.49808241119826935,25.377559156657625,Moderate
2026-04-12 12:00:00,62.5,53.25,56.56521527636028,0,0.49389382182678043,23.813043055272054,Low
2026-04-12 14:00:00,66.75,42.5,60.84017429533132,0,0.4963422294960468,25.518034859066265,Moderate
2026-04-12 15:00:00,64.25,39.75,59.210291462335626,0,0.4930903520697845,24.692058292467124,Low
2026-04-12 16:00:00,73.75,35.75,57.10904217913508,0,0.5032756472001957,26.171808435827018,Moderate
2026-04-12 17:00:00,75.0,36.0,59.47276722066562,0,0.49678991769428793,26.894553444133123,Moderate
2026-04-12 18:00:00,73.0,39.5,63.4658517854214,0,0.4918790904363565,27.29317035708428,Moderate
2026-04-12 19:00:00,81.0,45.75,55.58169907878476,0,0.4884244090767075,27.316339815756955,Moderate
2026-04-12 20:00:00,111.0,46.5,84.31318004949063,0,0.5204264592327743,39.06263600989813,Moderate
2026-04-12 21:00:00,111.75,54.75,114.28930579338453,0,0.5237739455744397,45.207861158676906,Moderate
2026-04-12 22:00:00,98.75,50.25,122.37515458523737,0,0.5147225412817693,44.22503091704748,Moderate
2026-04-12 23:00:00,95.25,59.75,103.13083347312495,0,0.5228358518814642,39.676166694624996,Moderate
2026-04-13 00:00:00,97.5,56.0,104.15854746346825,0,0.5284978829490141,40.33170949269365,Moderate
2026-04-13 01:00:00,96.25,48.0,98.42220059689582,0,0.5174194081369053,38.93444011937916,Moderate
2026-04-13 02:00:00,88.25,45.25,95.48537469120369,0,0.5110734657285829,36.747074938240736,Moderate
2026-04-13 03:00:00,80.0,50.0,93.08610479619173,0,0.49135745456838853,34.61722095923835,Moderate
2026-04-13 04:00:00,76.0,58.75,90.86300826362097,0,0.4862723064940404,33.37260165272419,Moderate
2026-04-13 05:00:00,73.5,72.75,73.68233330270985,0,0.4827395439501128,29.436466660541967,Moderate
2026-04-13 06:00:00,84.25,55.25,71.10447325431626,0,0.4912326111204024,31.070894650863252,Moderate
2026-04-13 07:00:00,93.75,49.25,92.9792460130212,0,0.49682832976309393,37.34584920260424,Moderate
2026-04-13 08:00:00,90.75,52.5,97.59334508153204,0,0.49608784083108454,37.66866901630641,Moderate
2026-04-13 09:00:00,65.5,56.5,94.00397491973949,0,0.46985727780803654,31.900794983947897,Moderate
2026-04-13 10:00:00,34.5,45.25,64.72122802925585,0,0.4692509992682073,19.84424560585117,Low
2026-04-13 11:00:00,37.25,33.0,52.98226563010355,0,0.4725828309193862,18.04645312602071,Low
2026-04-13 12:00:00,53.25,20.0,58.32746919813278,0,0.4859318575157916,22.315493839626555,Low
2026-04-13 13:00:00,67.25,24.25,60.301821308282406,0,0.49471661080645146,25.51036426165648,Moderate
2026-04-13 14:00:00,42.5,25.25,62.053513372197244,0,0.4884931039550458,20.91070267443945,Low
2026-04-13 15:00:00,39.75,30.25,56.276237254321934,0,0.4864648790115302,19.205247450864388,Low
2026-04-13 16:00:00,35.75,29.25,55.03002632255017,0,0.48296427320495644,18.156005264510036,Low
2026-04-13 17:00:00,36.0,40.25,53.011337581518895,0,0.47590941711512114,17.80226751630378,Low
2026-04-13 18:00:00,39.5,34.0,53.13063001886791,0,0.47004164603444665,18.526126003773584,Low
2026-04-13 19:00:00,45.75,54.5,56.17559326609566,0,0.46930583533216547,20.38511865321913,Low
2026-04-13 20:00:00,46.5,56.25,61.814339609780944,0,0.4658646329292975,21.66286792195619,Low
2026-04-13 21:00:00,54.75,75.75,61.616489139088046,0,0.4684596437772909,23.273297827817608,Low
2026-04-13 22:00:00,50.25,56.0,59.21693422639218,0,0.46707052392316045,21.893386845278435,Low
2026-04-13 23:00:00,59.75,51.25,61.81993459286759,0,0.47377050098235746,24.31398691857352,Low
2026-04-14 00:00:00,56.0,45.5,65.63174827436536,0,0.4723533774661566,24.326349654873074,Low
2026-04-14 01:00:00,48.0,40.75,64.01187751514563,0,0.47700204415110936,22.402375503029127,Low
2026-04-14 02:00:00,45.25,42.5,52.09995218006251,0,0.4600963143411218,19.469990436012502,Low
2026-04-14 03:00:00,50.0,42.25,55.78129058751424,0,0.45503854359748785,21.156258117502848,Low
2026-04-14 04:00:00,58.75,38.5,53.37959657108664,0,0.46017178079505355,22.425919314217328,Low
2026-04-14 05:00:00,72.75,39.0,55.341150784791196,0,0.4704462965818397,25.61823015695824,Moderate
2026-04-14 06:00:00,55.25,52.5,62.24863570070207,0,0.45119022618254906,23.499727140140415,Low
2026-04-14 07:00:00,49.25,63.5,60.01892889720824,0,0.4463854565651466,21.85378577944165,Low
2026-04-14 08:00:00,52.5,70.5,61.85828613200004,0,0.45302300143972984,22.871657226400007,Low
2026-04-14 09:00:00,56.5,63.25,59.01270373206542,0,0.4696231671693345,23.102540746413084,Low
2026-04-14 10:00:00,45.25,56.75,59.43963807379364,0,0.47679456351194494,20.937927614758728,Low
2026-04-14 11:00:00,33.0,38.5,49.326162967470964,0,0.476431419105064,16.465232593494193,Low
2026-04-14 12:00:00,20.0,21.5,46.45235235977456,0,0.5031205057603692,13.290470471954912,Low
2026-04-14 13:00:00,24.25,26.0,45.425562717344185,0,0.5040692558841007,13.935112543468836,Low
2026-04-14 14:00:00,25.25,26.25,44.40784939609874,0,0.5084273729679344,13.931569879219747,Low
2026-04-14 15:00:00,30.25,24.0,47.86642512485707,0,0.5009850349125382,15.623285024971413,Low
2026-04-14 16:00:00,29.25,26.0,43.17575399166935,0,0.5020046240476683,14.485150798333871,Low
2026-04-14 17:00:00,40.25,27.0,44.7195742589505,0,0.4818622680200273,16.9939148517901,Low
2026-04-14 18:00:00,34.0,24.75,47.45243258151991,0,0.4697183008396602,16.290486516303982,Low
2026-04-14 19:00:00,54.5,36.75,50.87277253607051,0,0.4675379847028421,21.074554507214103,Low
2026-04-14 20:00:00,56.25,44.0,68.1428679554867,0,0.47156385763833597,24.87857359109734,Low
2026-04-14 21:00:00,75.75,52.0,62.93664963549003,0,0.4909908014102558,27.737329927098003,Moderate
2026-04-14 22:00:00,56.0,49.5,69.18953525141818,0,0.4651437761458914,25.037907050283636,Moderate
2026-04-14 23:00:00,51.25,54.25,60.14005854198847,0,0.47535777691850223,22.278011708397695,Low
2026-04-15 00:00:00,45.5,52.5,57.66896650986525,0,0.4693886949566958,20.63379330197305,Low
2026-04-15 01:00:00,40.75,35.75,53.5424831506085,0,0.47264442164926684,18.8584966301217,Low
2026-04-15 02:00:00,42.5,32.25,48.56638916168501,0,0.45304830561070714,18.213277832337003,Low
2026-04-15 03:00:00,42.25,36.75,50.81124581467865,0,0.46377935225930983,18.61224916293573,Low
2026-04-15 04:00:00,38.5,54.25,60.11862152691635,0,0.44309155123816485,19.72372430538327,Low
2026-04-15 05:00:00,39.0,42.5,53.79809960818914,0,0.4405936911862533,18.55961992163783,Low
2026-04-15 06:00:00,52.5,41.75,54.784913469447446,0,0.44151460709544155,21.45698269388949,Low
2026-04-15 08:00:00,70.5,58.5,59.1041469146729,0,0.4641461435018578,25.92082938293458,Moderate
2026-04-15 09:00:00,63.25,64.25,61.46947764767574,0,0.4768936029669843,24.943895529535148,Low
2026-04-15 10:00:00,56.75,48.25,61.29875315540783,0,0.4829379354789551,23.609750631081567,Low
2026-04-15 11:00:00,38.5,37.75,57.4597031419889,0,0.4901236851722823,19.19194062839778,Low
2026-04-15 12:00:00,21.5,32.25,45.59197993151012,0,0.5114958922546482,13.418395986302023,Low
2026-04-15 13:00:00,26.0,26.75,39.038423028879805,0,0.49836282347600735,13.00768460577596,Low
2026-04-15 14:00:00,26.25,27.25,39.98865709973666,0,0.5093832201581752,13.247731419947332,Low
2026-04-15 15:00:00,24.0,17.5,41.955642370113964,0,0.5146056886390696,13.191128474022793,Low
2026-04-15 16:00:00,26.0,15.0,45.360590844547794,0,0.5094926797207435,14.272118168909557,Low
2026-04-15 17:00:00,27.0,17.5,43.50363770642432,0,0.4835640840612868,14.100727541284865,Low
2026-04-15 18:00:00,24.75,20.5,44.32147559203124,0,0.4845059852643964,13.81429511840625,Low
2026-04-15 19:00:00,36.75,29.0,44.115894219995674,0,0.4696363910670402,16.173178843999132,Low
2026-04-15 20:00:00,44.0,38.5,57.9661143182107,0,0.4672087636650932,20.39322286364214,Low
2026-04-15 21:00:00,52.0,73.25,63.95289558197875,0,0.4641431812786484,23.190579116395753,Low
2026-04-16 00:00:00,52.5,100.0,58.41347098823598,0,0.4796443039424872,22.182694197647194,Low
2026-04-16 01:00:00,35.75,77.25,61.73638043254014,0,0.46546207637741877,19.497276086508027,Low
2026-04-16 02:00:00,32.25,61.0,49.169290921136884,0,0.46351223382936163,16.283858184227377,Low
2026-04-16 03:00:00,36.75,55.75,47.10327812391929,0,0.4504595317421228,16.770655624783856,Low
2026-04-16 04:00:00,54.25,50.75,47.18238151825813,0,0.44785919647665584,20.286476303651625,Low
2026-04-16 05:00:00,42.5,36.33,73.74021603037822,0,0.4458975515920204,23.248043206075643,Low
2026-04-16 06:00:00,41.75,36.0,47.185675491962975,0,0.441047332164832,17.787135098392596,Low
2026-04-16 07:00:00,53.0,69.25,51.5348099472842,0,0.44997013303089617,20.90696198945684,Low
2026-04-16 08:00:00,58.5,84.0,58.44186850201874,0,0.4650202394767666,23.388373700403747,Low
2026-04-16 09:00:00,64.25,82.75,61.09749960167542,0,0.48239927277709543,25.069499920335083,Moderate
2026-04-16 10:00:00,48.25,82.5,53.41088535501914,0,0.47339354498528835,20.332177071003827,Low
2026-04-16 11:00:00,37.75,81.5,51.495845673156914,0,0.48881051311877954,17.84916913463138,Low
2026-04-16 12:00:00,32.25,59.75,42.115913337786075,0,0.5061106878083479,14.873182667557217,Low
2026-04-16 13:00:00,26.75,47.5,36.87499122170325,0,0.5098271672706669,12.72499824434065,Low
2026-04-16 14:00:00,27.25,44.75,40.10836881370832,0,0.5100336404990317,13.471673762741663,Low
2026-04-16 15:00:00,17.5,40.5,40.29224106776388,0,0.5239919930649154,11.558448213552778,Low
2026-04-16 16:00:00,15.0,36.0,34.38414478998705,0,0.525340817375425,9.87682895799741,Low
2026-04-16 17:00:00,17.5,37.0,35.392791497698106,0,0.5133747521119316,10.57855829953962,Low
2026-04-16 18:00:00,20.5,32.0,32.37266258425617,0,0.4966863908643522,10.574532516851233,Low
2026-04-16 19:00:00,29.0,41.25,36.499502462200134,0,0.4735028498044827,13.099900492440026,Low
2026-04-16 20:00:00,38.5,61.0,48.64862991149864,0,0.46943080452267427,17.42972598229973,Low
2026-04-16 21:00:00,73.25,87.0,57.84074679952493,0,0.48564455623050024,26.218149359904984,Moderate
2026-04-16 22:00:00,75.75,78.0,63.7436346215551,0,0.4813893417555811,27.89872692431102,Moderate
2026-04-16 23:00:00,91.5,67.5,62.06258175388664,0,0.5060204410911948,30.712516350777328,Moderate
2026-04-17 00:00:00,100.0,52.5,68.36588238779206,0,0.5141516781013232,33.673176477558414,Moderate
2026-04-17 01:00:00,77.25,48.25,55.653276187933734,0,0.4807784914700758,26.580655237586747,Moderate
2026-04-17 02:00:00,61.0,50.5,57.80880271017989,0,0.46000682909192436,23.761760542035976,Low
2026-04-17 03:00:00,55.75,52.75,58.504906185992304,0,0.4529352497141519,22.85098123719846,Low
2026-04-17 04:00:00,50.75,59.75,58.994403127292294,0,0.44643755457806406,21.948880625458457,Low
2026-04-17 05:00:00,36.33,63.0,53.30929951057578,0,0.4454595761032712,17.927859902115156,Low
2026-04-17 06:00:00,36.0,66.5,46.876917199964005,0,0.44254630672383916,16.5753834399928,Low
2026-04-17 07:00:00,69.25,75.0,52.217651715346726,0,0.4488400840112922,24.293530343069342,Low
2026-04-17 08:00:00,84.0,84.5,59.8069765561151,0,0.4565033122495271,28.76139531122302,Moderate
2026-04-17 09:00:00,82.75,80.75,75.37425204068911,0,0.45665710872836257,31.624850408137824,Moderate
2026-04-17 10:00:00,82.5,63.0,62.683905015929604,0,0.4646529489971802,29.036781003185922,Moderate
2026-04-17 11:00:00,81.5,49.75,58.52857768159986,0,0.47200346227653145,28.00571553631997,Moderate
2026-04-17 12:00:00,59.75,39.0,59.88756342268309,0,0.46785420749866896,23.927512684536616,Low
2026-04-17 13:00:00,47.5,41.75,51.756421741050374,0,0.4832396277581858,19.851284348210076,Low
2026-04-17 14:00:00,44.75,51.5,49.42490931486184,0,0.49172628100336213,18.83498186297237,Low
2026-04-17 15:00:00,40.5,55.5,54.54069510029486,0,0.5003701657583908,19.008139020058977,Low
2026-04-17 16:00:00,36.0,65.5,53.20760556209169,0,0.4939357098620232,17.841521112418338,Low
2026-04-17 17:00:00,37.0,55.25,49.139673635671556,0,0.4735891127546826,17.22793472713431,Low
2026-04-17 18:00:00,32.0,55.0,49.42952898742111,0,0.47233701201941325,16.285905797484222,Low
2026-04-17 19:00:00,41.25,68.5,48.048034641628966,0,0.45313858862283896,17.859606928325793,Low
2026-04-17 20:00:00,61.0,69.75,59.9109061097324,0,0.45615041770647147,24.18218122194648,Low
2026-04-17 21:00:00,87.0,60.5,77.18055378594607,0,0.48363042925472727,32.83611075718921,Moderate
2026-04-17 22:00:00,78.0,64.0,89.83727789219472,0,0.4766307574946468,33.567455578438945,Moderate
2026-04-17 23:00:00,67.5,65.0,87.54281590700455,0,0.47018903185145106,31.008563181400913,Moderate
2026-04-18 00:00:00,52.5,69.5,70.4628389964789,0,0.4806708729032516,24.59256779929578,Low
2026-04-18 01:00:00,48.25,50.5,66.1500658984106,0,0.4668622288269591,22.880013179682123,Low
2026-04-18 02:00:00,50.5,44.75,62.03467404876601,0,0.4600368099737937,22.5069348097532,Low
2026-04-18 03:00:00,52.75,42.25,58.10695864757654,0,0.45764842964703717,22.171391729515307,Low
2026-04-18 04:00:00,59.75,46.25,56.40138685995658,0,0.45337478429248484,23.230277371991317,Low
2026-04-18 05:00:00,63.0,44.5,55.64910291554044,0,0.4560127721943728,23.729820583108086,Low
2026-04-18 06:00:00,66.5,89.75,56.443699833858,0,0.45421437899336925,24.5887399667716,Low
2026-04-18 07:00:00,75.0,70.0,67.36027498982955,0,0.46277166606288445,28.47205499796591,Moderate
2026-04-18 08:00:00,84.5,67.5,78.36917176929242,0,0.4902286542195041,32.57383435385849,Moderate
2026-04-18 09:00:00,80.75,70.5,85.14481933756609,0,0.49963889912339443,33.17896386751322,Moderate
2026-04-18 10:00:00,63.0,59.5,77.39829943778162,0,0.5035919080361196,28.079659887556325,Moderate
2026-04-18 11:00:00,49.75,53.75,68.42079024868677,0,0.5036293422144603,23.63415804973735,Low
2026-04-18 12:00:00,39.0,41.75,58.89000686950431,0,0.5068957437577294,19.57800137390086,Low
2026-04-18 13:00:00,41.75,49.25,52.63197926496537,0,0.5132343991450017,18.876395852993078,Low
2026-04-18 14:00:00,51.5,54.5,51.51237813305312,0,0.5139683391047439,20.602475626610623,Low
2026-04-18 15:00:00,55.5,49.5,54.16559740239847,0,0.5181713913723196,21.933119480479697,Low
2026-04-18 16:00:00,65.5,45.5,51.6102494604431,0,0.5201428470540902,23.422049892088623,Low
2026-04-18 17:00:00,55.25,37.25,54.91150856992864,0,0.5095879490161249,22.03230171398573,Low
2026-04-18 18:00:00,55.0,35.25,58.20798477223153,0,0.48915482173804853,22.641596954446307,Low
2026-04-18 19:00:00,68.5,42.75,64.63924195766036,0,0.4858997004944078,26.627848391532076,Moderate
2026-04-18 20:00:00,69.75,51.5,75.04160819993959,0,0.4771392493258527,28.95832163998792,Moderate
2026-04-18 21:00:00,60.5,56.5,73.53870126536607,0,0.47286548954459695,26.807740253073213,Moderate
2026-04-18 22:00:00,64.0,63.0,67.96234315546054,0,0.47581957959973914,26.39246863109211,Moderate
2026-04-18 23:00:00,65.0,53.75,70.48026469121135,0,0.481410463774225,27.09605293824227,Moderate
2026-04-19 00:00:00,69.5,60.25,63.65927209141166,0,0.5049065527374285,26.63185441828233,Moderate
2026-04-19 01:00:00,50.5,61.75,59.17014612178571,0,0.4853121862238776,21.934029224357143,Low
2026-04-19 02:00:00,44.75,45.75,58.17204987389821,0,0.4779678093153175,20.584409974779643,Low
2026-04-19 03:00:00,42.25,37.75,57.03748899402463,0,0.4685269762854613,19.857497798804925,Low
2026-04-19 04:00:00,46.25,50.0,55.00727111566057,0,0.46445537400612946,20.251454223132114,Low
2026-04-19 05:00:00,44.5,43.5,57.06664561353105,0,0.4585208486517053,20.31332912270621,Low
2026-04-19 06:00:00,89.75,47.25,58.55951690009155,0,0.4811201277309628,29.66190338001831,Moderate
2026-04-19 07:00:00,70.0,64.25,89.19150888096588,0,0.4752222546677354,31.838301776193177,Moderate
2026-04-19 08:00:00,67.5,71.25,71.28786333354768,0,0.47735013290456585,27.757572666709535,Moderate
2026-04-19 09:00:00,70.5,67.75,69.097660362326,0,0.4956526035781507,27.9195320724652,Moderate
2026-04-19 10:00:00,59.5,83.5,67.40225669213234,0,0.5175943749553845,25.380451338426468,Moderate
2026-04-19 11:00:00,53.75,71.33,66.94479227879319,0,0.5146685604481245,24.138958455758637,Low
2026-04-19 12:00:00,41.75,54.5,54.34142302125292,0,0.523330798865469,19.218284604250584,Low
2026-04-19 13:00:00,49.25,53.25,55.393200398672086,0,0.5237514810585784,20.928640079734414,Low
2026-04-19 14:00:00,54.5,54.0,57.53613141345713,0,0.5353567482279691,22.407226282691425,Low
2026-04-19 15:00:00,49.5,54.75,64.52969074160535,0,0.5323736658568283,22.80593814832107,Low
2026-04-19 16:00:00,45.5,50.75,58.02837811415006,0,0.5325770192669058,20.70567562283001,Low
2026-04-19 17:00:00,37.25,46.5,54.671963168668604,0,0.5240465807921495,18.38439263373372,Low
2026-04-19 18:00:00,35.25,33.25,59.462935427269926,0,0.5158884201866092,18.942587085453987,Low
2026-04-19 19:00:00,42.75,48.0,56.58662835246122,0,0.49903371965079496,19.867325670492246,Low
2026-04-19 20:00:00,51.5,67.25,63.29420040785195,0,0.4908745268513305,22.958840081570393,Low
2026-04-19 21:00:00,56.5,62.25,67.90877996331349,0,0.4868864966737743,24.881755992662697,Low
2026-04-19 22:00:00,63.0,56.75,69.43296814896964,0,0.49239303846736177,26.486593629793926,Moderate
2026-04-19 23:00:00,53.75,51.75,68.59384068795516,0,0.49209319194912243,24.468768137591034,Low
2026-04-20 00:00:00,60.25,43.0,71.27686639493385,0,0.49740943887659717,26.30537327898677,Moderate
2026-04-20 01:00:00,61.75,34.75,67.25523706245215,0,0.5053811035757275,25.801047412490433,Moderate
2026-04-20 02:00:00,45.75,34.0,69.06301502138072,0,0.47615238518839453,22.962603004276147,Low
2026-04-20 03:00:00,37.75,51.25,74.11739346601144,0,0.4787762815544806,22.373478693202287,Low
2026-04-20 04:00:00,50.0,47.0,55.04901675800206,0,0.4660978037217185,21.00980335160041,Low
2026-04-20 05:00:00,43.5,38.25,57.800319218134426,0,0.4683495803608697,20.260063843626885,Low
2026-04-20 06:00:00,47.25,49.75,58.14719883168356,0,0.45480166125682214,21.079439766336712,Low
2026-04-20 07:00:00,64.25,47.75,63.212633478893025,0,0.47047014510546475,25.492526695778604,Moderate
2026-04-20 08:00:00,71.25,49.5,71.90841044985741,0,0.4977978235373514,28.631682089971484,Moderate
2026-04-20 09:00:00,67.75,48.0,73.79397364700722,0,0.5180915607549595,28.308794729401445,Moderate
2026-04-20 10:00:00,83.5,48.25,67.16200562240007,0,0.5377594854210735,30.132401124480015,Moderate
2026-04-20 11:00:00,71.33,46.0,73.91997384950439,0,0.5258093714066564,29.049994769900877,Moderate
2026-04-20 12:00:00,54.5,49.0,65.12716501327863,0,0.5248147068497474,23.925433002655726,Low
2026-04-20 13:00:00,53.25,46.0,59.595926287504575,0,0.524543814695521,22.569185257500912,Low
2026-04-20 14:00:00,54.0,60.5,61.41948975857106,0,0.5291072354312757,23.083897951714214,Low
2026-04-20 15:00:00,54.75,96.5,58.88923280537244,0,0.5304585334189399,22.727846561074486,Low
2026-04-20 16:00:00,50.75,70.25,58.0265613411662,0,0.5295332062113565,21.75531226823324,Low
2026-04-20 17:00:00,46.5,59.5,59.14424196944631,0,0.5200997236568685,21.128848393889264,Low
2026-04-20 18:00:00,33.25,50.0,62.09618394894676,0,0.5043140655561956,19.06923678978935,Low
2026-04-20 19:00:00,48.0,48.0,50.11019605822346,0,0.49476493608698424,19.62203921164469,Low
2026-04-20 20:00:00,67.25,57.5,65.28988001077327,0,0.49503671490606127,26.507976002154653,Moderate
2026-04-20 21:00:00,62.25,65.0,74.369515521954,0,0.48836882329042625,27.3239031043908,Moderate
2026-04-20 22:00:00,56.75,70.75,74.63244279759809,0,0.4864050134584479,26.276488559519617,Moderate
2026-04-20 23:00:00,51.75,133.0,74.18426056225218,0,0.4883453583610767,25.18685211245044,Moderate
2026-04-21 00:00:00,43.0,85.0,72.93850324252372,0,0.48790263188969646,23.187700648504745,Low
2026-04-21 01:00:00,34.75,57.75,65.27052790434995,0,0.47852036781939516,20.00410558086999,Low
2026-04-21 02:00:00,34.0,53.5,53.67825346412797,0,0.4735014997767297,17.535650692825595,Low
2026-04-21 03:00:00,51.25,47.75,47.262288810435805,0,0.4602731770791256,19.70245776208716,Low
2026-04-21 04:00:00,47.0,55.75,60.784410797163936,0,0.4559069888598766,21.556882159432785,Low
2026-04-21 05:00:00,38.25,53.5,58.192509306206375,0,0.4514866496143146,19.288501861241276,Low
2026-04-21 06:00:00,49.75,50.25,50.7463256310309,0,0.44880045155600173,20.099265126206177,Low
2026-04-21 07:00:00,47.75,64.5,68.82166659716185,0,0.4533233221226245,23.314333319432368,Low
2026-04-21 08:00:00,49.5,61.25,67.94649754786924,0,0.4658458000964977,23.489299509573847,Low
2026-04-21 09:00:00,48.0,61.0,65.85131926466919,0,0.48499612898696687,22.770263852933837,Low
2026-04-21 10:00:00,48.25,63.5,61.56854503128008,0,0.5026147613505294,21.963709006256018,Low
2026-04-21 11:00:00,46.0,64.0,55.594838443903654,0,0.5071587273551516,20.31896768878073,Low
2026-04-21 12:00:00,49.0,60.75,48.72683390262052,0,0.520153959454933,19.545366780524105,Low
2026-04-21 13:00:00,46.0,63.0,47.288179935087705,0,0.5194743791286726,18.657635987017542,Low
2026-04-21 14:00:00,60.5,74.25,47.48274397937883,0,0.524141467422308,21.596548795875766,Low
2026-04-21 15:00:00,96.5,63.25,59.720872286194925,1,0.5543854558036818,51.244174457238984,High
2026-04-21 16:00:00,70.25,52.0,80.81764820933878,0,0.5213958092778117,30.21352964186776,Moderate
2026-04-21 17:00:00,59.5,52.75,66.77195885539483,0,0.507797291360389,25.254391771078964,Moderate
2026-04-21 18:00:00,50.0,48.75,69.15582048346424,0,0.4845272835736566,23.831164096692845,Low
2026-04-21 19:00:00,48.0,51.25,64.48072337484456,0,0.4794103000887167,22.49614467496891,Low
2026-04-21 20:00:00,57.5,59.25,70.89216670577933,0,0.4744835206061993,25.678433341155866,Moderate
2026-04-21 21:00:00,65.0,60.0,71.69443796753146,0,0.4775877680708733,27.338887593506293,Moderate
2026-04-21 22:00:00,70.75,58.5,72.59788262216388,0,0.4849193484352001,28.669576524432777,Moderate
2026-04-21 23:00:00,133.0,58.0,73.73508437132953,1,0.5434155965866078,61.34701687426591,High
2026-04-22 00:00:00,85.0,57.0,65.96203553651686,0,0.5132683713966526,30.192407107303374,Moderate
2026-04-22 01:00:00,57.75,50.25,71.38930556991647,0,0.4744402328721882,25.827861113983296,Moderate
2026-04-22 02:00:00,53.5,56.0,75.9539607225351,0,0.464045179654811,25.89079214450702,Moderate
2026-04-22 03:00:00,47.75,45.0,58.28828641066775,0,0.45014230362424273,21.20765728213355,Low
2026-04-22 04:00:00,55.75,42.25,55.99309518366856,0,0.4468088344552183,22.348619036733712,Low
2026-04-22 05:00:00,53.5,42.75,54.43047605133679,0,0.4417283840397471,21.58609521026736,Low
2026-04-22 06:00:00,50.25,52.25,59.698142080242576,0,0.44348891947626046,21.989628416048514,Low
2026-04-22 07:00:00,64.5,77.75,54.443648570624994,0,0.4534225994337735,23.788729714124997,Low
2026-04-22 08:00:00,61.25,74.25,65.460142481656,0,0.46332411012289515,25.342028496331203,Moderate
2026-04-22 09:00:00,61.0,76.5,64.09389571633591,0,0.47463804130715254,25.01877914326718,Moderate
2026-04-22 10:00:00,63.5,62.75,62.05803269984186,0,0.48437970101800737,25.11160653996837,Moderate
2026-04-22 11:00:00,64.0,75.75,64.287015122781,0,0.5001022921972331,25.657403024556203,Moderate
2026-04-22 12:00:00,60.75,64.5,55.67738059397555,0,0.5122864301755675,23.28547611879511,Low
2026-04-22 13:00:00,63.0,63.25,52.8616743608724,0,0.5221122664120114,23.17233487217448,Low
2026-04-22 14:00:00,74.25,52.75,58.49052095570372,0,0.5308504023058026,26.548104191140744,Moderate
2026-04-22 15:00:00,63.25,207.75,50.153615129951234,0,0.5218110797616092,22.680723025990247,Low
2026-04-22 16:00:00,52.0,200.0,48.273294186797365,0,0.5115413137166638,20.054658837359476,Low
2026-04-22 17:00:00,52.75,64.25,57.20417551389379,0,0.49971625001119563,21.990835102778753,Low
2026-04-22 18:00:00,48.75,38.25,55.26878107287464,0,0.4863815127277711,20.80375621457493,Low
2026-04-22 19:00:00,51.25,45.75,61.57621097582755,0,0.4801966848118032,22.56524219516551,Low
2026-04-22 20:00:00,59.25,61.75,66.11690758779027,0,0.4699352332759049,25.073381517558055,Moderate
2026-04-22 21:00:00,60.0,58.0,67.97712671458928,0,0.4718190056146552,25.595425342917856,Moderate
2026-04-22 22:00:00,58.5,45.75,66.85846349846115,0,0.470612588729136,25.07169269969223,Moderate
2026-04-22 23:00:00,58.0,33.75,64.40985070708864,0,0.474859051663762,24.481970141417726,Low
2026-04-23 00:00:00,57.0,44.25,63.039056059222006,0,0.4852489488117263,24.0078112118444,Low
2026-04-23 01:00:00,50.25,41.75,72.21436432510718,0,0.4673197604466697,24.492872865021436,Low
2026-04-23 02:00:00,56.0,32.5,64.45893250993801,0,0.45608177286459556,24.091786501987603,Low
2026-04-23 03:00:00,45.0,28.5,67.52670926469315,0,0.4525396684301579,22.50534185293863,Low
2026-04-23 04:00:00,42.25,49.25,59.44961469729105,0,0.4483205779379338,20.33992293945821,Low
2026-04-23 05:00:00,42.75,34.25,56.90597793158599,0,0.4438612696576631,19.931195586317198,Low
2026-04-23 06:00:00,52.25,32.75,52.29328121390914,0,0.44324152782434195,20.908656242781827,Low
2026-04-23 07:00:00,77.75,55.0,61.00484823080772,0,0.47618862006502477,27.750969646161543,Moderate
2026-04-23 08:00:00,74.25,60.25,74.14093249725431,0,0.4774815346520954,29.678186499450863,Moderate
2026-04-23 09:00:00,76.5,62.75,75.09422982128577,0,0.5026732966367381,30.318845964257154,Moderate
2026-04-23 10:00:00,62.75,52.5,71.43061275442112,0,0.5044564163831337,26.836122550884223,Moderate
2026-04-23 11:00:00,75.75,41.25,63.77877475957601,0,0.5215322578856629,27.9057549519152,Moderate
2026-04-23 12:00:00,64.5,35.75,65.15411098986773,0,0.5169749992722678,25.930822197973548,Moderate
2026-04-23 13:00:00,63.25,23.0,56.90504535425498,0,0.5251084555183207,24.031009070850995,Low
2026-04-23 14:00:00,52.75,19.75,60.18290779828823,0,0.5156223024180404,22.586581559657645,Low
2026-04-23 15:00:00,207.75,20.25,59.489416726154595,1,0.6195736869236795,71.89788334523092,High
2026-04-23 16:00:00,200.0,24.75,78.00274528483355,1,0.6136462541951613,75.60054905696671,Critical
2026-04-23 17:00:00,64.25,26.75,70.36055440998133,0,0.5139363512104772,26.922110881996268,Moderate
2026-04-23 18:00:00,38.25,30.0,64.82850697557578,0,0.49263616765441237,20.615701395115153,Low
2026-04-23 19:00:00,45.75,35.5,55.61171047839352,0,0.4823704828283382,20.272342095678702,Low
2026-04-23 20:00:00,61.75,48.75,63.3367338341214,0,0.4830138257640178,25.017346766824282,Moderate
2026-04-23 21:00:00,58.0,58.0,78.80478439357177,0,0.47835477416260813,27.360956878714354,Moderate
2026-04-23 22:00:00,45.75,60.5,71.6346583499276,0,0.47311052420485933,23.47693166998552,Low
2026-04-23 23:00:00,33.75,66.75,71.43992436253475,0,0.47764324651450824,21.037984872506954,Low
2026-04-24 00:00:00,44.25,110.5,57.273204399633215,0,0.48386121063195564,20.304640879926644,Low
2026-04-24 01:00:00,41.75,84.75,60.6891811390513,0,0.47553413835379915,20.48783622781026,Low
2026-04-24 02:00:00,32.5,70.75,61.1650345870365,0,0.4679447362446788,18.7330069174073,Low
2026-04-24 03:00:00,28.5,86.5,46.51951252670124,0,0.4542558086057747,15.003902505340248,Low
2026-04-24 04:00:00,49.25,86.5,44.41690175459927,0,0.4456982864315346,18.733380350919855,Low
2026-04-24 05:00:00,34.25,53.0,55.69549065311262,0,0.44697497608317915,17.989098130622526,Low
2026-04-24 06:00:00,32.75,50.0,45.55078096974092,0,0.44850741282782525,15.660156193948186,Low
2026-04-24 07:00:00,55.0,45.75,45.67067174146477,0,0.4484426864212258,20.134134348292953,Low
2026-04-24 08:00:00,60.25,73.75,73.773727430564,0,0.46092325612278134,26.8047454861128,Moderate
2026-04-24 09:00:00,62.75,74.75,73.27759975614502,0,0.4823978387498413,27.205519951229,Moderate
2026-04-24 10:00:00,52.5,73.75,74.51283653807334,0,0.4980857678266818,25.402567307614667,Moderate
2026-04-24 11:00:00,41.25,50.0,68.67895648669065,0,0.5111094078683053,21.98579129733813,Low
2026-04-24 12:00:00,35.75,40.0,51.48931603919997,0,0.5139741802668768,17.447863207839994,Low
2026-04-24 13:00:00,23.0,34.75,45.439851574002574,0,0.5198830297341872,13.687970314800516,Low
2026-04-24 14:00:00,19.75,33.5,47.88588888823207,0,0.5264852987929589,13.527177777646411,Low
2026-04-24 15:00:00,20.25,34.5,49.948167686090045,0,0.5278230445547452,14.039633537218009,Low
2026-04-24 16:00:00,24.75,38.5,47.50910712513519,0,0.5229890584621321,14.451821425027038,Low
2026-04-24 17:00:00,26.75,43.25,48.721314330690085,0,0.5162381214218731,15.094262866138017,Low
2026-04-24 18:00:00,30.0,39.5,43.538134769102456,0,0.49866583987839064,14.70762695382049,Low
2026-04-24 19:00:00,35.5,54.25,50.756018931311075,0,0.47952703168404065,17.251203786262217,Low
2026-04-24 20:00:00,48.75,79.0,52.42177777061592,0,0.47414507406771145,20.234355554123184,Low
2026-04-24 21:00:00,58.0,82.25,69.22146905630213,0,0.4839028987027812,25.444293811260426,Moderate
2026-04-24 22:00:00,60.5,71.75,65.48650495620878,0,0.4845594048047191,25.197300991241754,Moderate
2026-04-24 23:00:00,66.75,58.25,73.37032849157687,0,0.4888967039767631,28.024065698315376,Moderate
2026-04-25 00:00:00,110.5,48.25,64.98714462492754,0,0.5407787006907284,35.09742892498551,Moderate
2026-04-25 01:00:00,84.75,78.5,66.70906746992209,0,0.5088048413526033,30.291813493984417,Moderate
2026-04-25 02:00:00,70.75,65.5,69.44851814794778,0,0.4881002324075258,28.039703629589557,Moderate
2026-04-25 03:00:00,86.5,46.0,68.21392903927826,0,0.49000403208189475,30.94278580785565,Moderate
2026-04-25 04:00:00,86.5,44.75,63.96411636249344,0,0.48275783438932146,30.092823272498688,Moderate
2026-04-25 05:00:00,53.0,60.25,63.62072913061225,0,0.46054425920188097,23.324145826122454,Low
2026-04-25 06:00:00,50.0,73.0,58.40612554153329,0,0.4575103912870535,21.68122510830666,Low
2026-04-25 07:00:00,45.75,81.75,62.08984208779218,0,0.4655330340662949,21.567968417558436,Low
2026-04-25 08:00:00,73.75,88.0,58.58790995778907,0,0.47774230016668673,26.467581991557815,Moderate
2026-04-25 09:00:00,74.75,87.25,76.12085067651655,0,0.4970649156542959,30.174170135303314,Moderate
2026-04-25 10:00:00,73.75,67.75,65.44457184507684,0,0.5235992212686202,27.838914369015367,Moderate
2026-04-25 11:00:00,50.0,54.75,63.2130618009854,0,0.5145730327453933,22.64261236019708,Low
2026-04-25 12:00:00,40.0,53.0,54.90270460787825,0,0.5220385367972511,18.98054092157565,Low
2026-04-25 13:00:00,34.75,55.5,51.492782935938074,0,0.5244203009279829,17.248556587187615,Low
2026-04-25 14:00:00,33.5,46.75,52.391356317501156,0,0.5306892287177802,17.178271263500232,Low
2026-04-25 15:00:00,34.5,45.75,53.78283415529438,0,0.5195041237708389,17.656566831058875,Low
2026-04-25 16:00:00,38.5,52.75,54.89357249155453,0,0.5190222660143989,18.678714498310907,Low
2026-04-25 17:00:00,43.25,46.25,53.537846339143016,0,0.5192340122492693,19.3575692678286,Low
2026-04-25 18:00:00,39.5,48.25,54.917081310216524,0,0.5059893115614045,18.883416262043305,Low
2026-04-25 19:00:00,54.25,55.0,62.134080820464455,0,0.5007638712634935,23.276816164092892,Low
2026-04-25 20:00:00,79.0,61.0,67.761264226403,0,0.5037695128368679,29.3522528452806,Moderate
2026-04-25 21:00:00,82.25,61.25,72.91299215821587,0,0.4979059805271136,31.032598431643173,Moderate
2026-04-25 22:00:00,71.75,67.0,77.7315172855973,0,0.4911965225782966,29.896303457119462,Moderate
2026-04-25 23:00:00,58.25,71.0,85.58533056864711,0,0.4924822415312297,28.76706611372942,Moderate
2026-04-26 00:00:00,48.25,143.0,84.75677137132107,0,0.503386682901813,26.60135427426421,Moderate
2026-04-26 01:00:00,78.5,106.5,70.49788748937569,0,0.5107084237700412,29.79957749787514,Moderate
2026-04-26 02:00:00,65.5,74.0,75.33373706241323,0,0.493115370534385,28.16674741248265,Moderate
2026-04-26 03:00:00,46.0,55.5,81.74695501418617,0,0.48012355344352214,25.549391002837233,Moderate
2026-04-26 04:00:00,44.75,42.75,69.90522785094903,0,0.46322041310255,22.931045570189806,Low
2026-04-26 05:00:00,60.25,33.75,56.70244958637526,0,0.4553719732762768,23.390489917275055,Low
2026-04-26 06:00:00,73.0,25.25,62.00554512308731,0,0.4656517445434658,27.001109024617463,Moderate
2026-04-26 07:00:00,81.75,22.25,66.04836172111311,0,0.4702714654691071,29.559672344222626,Moderate
2026-04-26 08:00:00,88.0,24.5,87.85022406100596,0,0.4883341793738529,35.17004481220119,Moderate
2026-04-26 09:00:00,87.25,27.0,91.14793023279583,0,0.5107686714977053,35.679586046559166,Moderate
2026-04-26 10:00:00,67.75,33.25,88.30113344758134,0,0.5124407935133761,31.21022668951627,Moderate
2026-04-26 11:00:00,54.75,35.75,67.97520868106704,0,0.517814353951335,24.545041736213406,Low
2026-04-26 12:00:00,53.0,39.75,59.96646277913229,0,0.5198373757905247,22.59329255582646,Low
2026-04-26 13:00:00,55.5,45.25,56.259388813035976,0,0.5283592478974455,22.351877762607195,Low
2026-04-26 14:00:00,46.75,45.25,55.754262075604665,0,0.5245038318531343,20.500852415120935,Low
2026-04-26 15:00:00,45.75,42.0,63.651071419354246,0,0.5347709947880693,21.88021428387085,Low
2026-04-26 16:00:00,52.75,38.5,75.64467784375725,0,0.5299694038111766,25.67893556875145,Moderate
2026-04-26 17:00:00,46.25,42.25,57.05963813629102,0,0.5211721885632578,20.661927627258205,Low
2026-04-26 18:00:00,48.25,43.75,54.981396111233565,0,0.5105297962582405,20.64627922224671,Low
2026-04-26 19:00:00,55.0,50.75,61.87536460668222,0,0.5055358090214419,23.375072921336443,Low
2026-04-26 20:00:00,61.0,64.0,72.79329926805254,0,0.49486097571607135,26.758659853610506,Moderate
2026-04-26 21:00:00,61.25,60.25,74.19130750318948,0,0.4956991084296381,27.088261500637895,Moderate
2026-04-26 22:00:00,67.0,52.75,71.76825604977068,0,0.501657309937071,27.753651209954135,Moderate
2026-04-26 23:00:00,71.0,53.75,69.90337892529598,0,0.49314983563495707,28.180675785059194,Moderate
2026-04-27 00:00:00,143.0,84.75,69.04224526134216,0,0.5408781434916319,42.40844905226843,Moderate
2026-04-27 01:00:00,106.5,61.75,81.01978125541308,0,0.5084932543531812,37.50395625108261,Moderate
2026-04-27 02:00:00,74.0,40.75,86.15913360168348,0,0.47350904546442607,32.031826720336696,Moderate
2026-04-27 03:00:00,55.5,33.5,68.58846827191591,0,0.45807815221925546,24.817693654383184,Low
2026-04-27 04:00:00,42.75,27.75,63.21142141505828,0,0.44733308717542164,21.192284283011656,Low
2026-04-27 05:00:00,33.75,24.75,59.187710654288345,0,0.45642736291479985,18.58754213085767,Low
2026-04-27 06:00:00,25.25,20.75,52.31760923067497,0,0.46333656745314433,15.513521846134992,Low
2026-04-27 07:00:00,22.25,21.75,45.42143529713006,0,0.4639925443981528,13.534287059426013,Low
2026-04-27 08:00:00,24.5,26.25,45.97457732879673,0,0.45064038486980923,14.094915465759346,Low
2026-04-27 09:00:00,27.0,25.75,45.80374580485349,0,0.4535871890577169,14.5607491609707,Low
2026-04-27 10:00:00,33.25,29.5,44.14735627632647,0,0.45946433045620444,15.479471255265295,Low
2026-04-27 11:00:00,35.75,37.25,45.33736447731262,0,0.45517486411343594,16.217472895462524,Low
2026-04-27 12:00:00,39.75,42.75,46.354268438476105,0,0.47489150578650247,17.22085368769522,Low
2026-04-27 13:00:00,45.25,43.0,48.65671790416895,0,0.48977028383869475,18.78134358083379,Low
2026-04-27 14:00:00,45.25,38.5,51.749814147677036,0,0.5042243385958874,19.399962829535408,Low
2026-04-27 15:00:00,42.0,36.75,50.48484162678837,0,0.5100149637752323,18.496968325357674,Low
2026-04-27 16:00:00,38.5,39.5,46.68004321094753,0,0.49937599549523587,17.036008642189508,Low
2026-04-27 17:00:00,42.25,45.0,46.226696785387404,0,0.49893656889354165,17.69533935707748,Low
2026-04-27 18:00:00,43.75,45.0,47.5122515287867,0,0.4898342171211827,18.25245030575734,Low
2026-04-27 19:00:00,50.75,53.25,54.62530143161789,0,0.47220957284156767,21.075060286323577,Low
2026-04-27 20:00:00,64.0,57.5,60.98540289329968,0,0.4676873474069896,24.997080578659936,Low
2026-04-27 21:00:00,60.25,70.0,69.20679088702545,0,0.4740752199957984,25.89135817740509,Moderate
2026-04-27 22:00:00,52.75,55.75,65.14822636570456,0,0.4656787865504544,23.579645273140912,Low
2026-04-27 23:00:00,53.75,53.0,64.78897693367125,0,0.46435599337382466,23.70779538673425,Low
2026-04-28 00:00:00,84.75,53.0,67.06992695595173,0,0.4801365925253884,30.363985391190347,Moderate
2026-04-28 01:00:00,61.75,50.5,78.47362432618813,0,0.45795804298829135,28.044724865237626,Moderate
2026-04-28 02:00:00,40.75,49.0,66.6803898597713,0,0.44301185803968157,21.48607797195426,Low
2026-04-28 03:00:00,33.5,49.0,54.19924451923958,0,0.4467294638648941,17.539848903847915,Low
2026-04-28 04:00:00,27.75,45.5,42.25891146407071,0,0.4434089640650304,14.001782292814143,Low
2026-04-28 05:00:00,24.75,45.75,37.95185335338376,0,0.44971311417333254,12.540370670676753,Low
2026-04-28 06:00:00,20.75,46.0,38.95830596885596,0,0.4563894485678312,11.941661193771193,Low
2026-04-28 07:00:00,21.75,58.75,36.77335751702652,0,0.45356845882428226,11.704671503405303,Low
2026-04-28 08:00:00,26.25,71.75,37.91572244511422,0,0.44407799965634476,12.833144489022844,Low
2026-04-28 09:00:00,25.75,69.75,42.33076927616165,0,0.44954549303730496,13.61615385523233,Low
2026-04-28 10:00:00,29.5,66.75,39.47764744089659,0,0.4527038173967699,13.795529488179318,Low
2026-04-28 11:00:00,37.25,68.5,42.41076938861544,0,0.445027104293458,15.932153877723088,Low
2026-04-28 12:00:00,42.75,65.5,45.326199548643096,0,0.44823890751703804,17.615239909728622,Low
2026-04-28 13:00:00,43.0,66.75,46.213715784816976,0,0.4656536016159215,17.842743156963394,Low
2026-04-28 14:00:00,38.5,209.5,44.63738228686628,0,0.47820419771993944,16.627476457373255,Low
2026-04-28 15:00:00,36.75,115.0,44.61739647090956,0,0.48586606686324135,16.27347929418191,Low
2026-04-28 16:00:00,39.5,45.5,45.73142275221926,0,0.48457555875414204,17.04628455044385,Low
2026-04-28 17:00:00,45.0,28.5,43.05847956892946,0,0.48424587213728937,17.611695913785894,Low
2026-04-28 18:00:00,45.0,33.25,44.83225858283376,0,0.47506710020034737,17.966451716566752,Low
2026-04-28 19:00:00,53.25,40.0,51.85597164431221,0,0.47004817788039804,21.021194328862443,Low
2026-04-28 20:00:00,57.5,52.0,60.54675999935186,0,0.461016977355809,23.609351999870373,Low
2026-04-28 21:00:00,70.0,54.0,64.17026092940885,0,0.4622285358310555,26.83405218588177,Moderate
2026-04-28 22:00:00,55.75,44.75,63.49725379166257,0,0.4618093509751371,23.849450758332516,Low
2026-04-28 23:00:00,53.0,69.25,65.29478766989921,0,0.4711558798710376,23.658957533979844,Low
2026-04-29 00:00:00,53.0,70.0,79.23881061517869,0,0.4610620566843269,26.447762123035737,Moderate
2026-04-29 01:00:00,50.5,22.25,61.59788170329444,0,0.455188871159293,22.41957634065889,Low
2026-04-29 02:00:00,49.0,11.5,54.48336470172483,0,0.44538225520324143,20.696672940344968,Low
2026-04-29 03:00:00,49.0,16.0,55.256854631473686,0,0.44046948231955746,20.851370926294738,Low
2026-04-29 04:00:00,45.5,15.25,51.981775483084355,0,0.43820227938663403,19.496355096616874,Low
2026-04-29 05:00:00,45.75,15.5,61.31067415794697,0,0.4381965428927427,21.41213483158939,Low
2026-04-29 06:00:00,46.0,4.5,68.45911049160864,0,0.43870042668143944,22.891822098321732,Low
2026-04-29 07:00:00,58.75,2.5,57.70558271942535,0,0.43810093443912973,23.29111654388507,Low
2026-04-29 08:00:00,71.75,8.0,56.39908775964361,0,0.4488532068946663,25.629817551928724,Moderate
2026-04-29 09:00:00,69.75,26.0,59.570755677176855,0,0.455608246275687,25.86415113543537,Moderate
2026-04-29 10:00:00,66.75,27.25,61.7379945733131,0,0.45803730427158706,25.69759891466262,Moderate
2026-04-29 11:00:00,68.5,30.25,65.15210661411389,0,0.46064790057989846,26.730421322822778,Moderate
2026-04-29 12:00:00,65.5,41.75,64.6649371681788,0,0.4678673052689198,26.03298743363576,Moderate
2026-04-29 13:00:00,66.75,36.25,66.15046538165737,0,0.4535312733896741,26.580093076331472,Moderate
2026-04-29 14:00:00,209.5,23.0,67.08108847501728,1,0.5495821652504131,73.41621769500345,High
2026-04-29 15:00:00,115.0,17.75,42.713647133228335,0,0.506724588362286,31.542729426645664,Moderate
2026-04-29 16:00:00,45.5,14.25,45.509335249219134,0,0.4493576304721277,18.201867049843827,Low
2026-04-29 17:00:00,28.5,14.25,53.74120463317866,0,0.44727393890799183,16.448240926635734,Low
2026-04-29 18:00:00,33.25,13.75,44.205005650389744,0,0.446431685107767,15.491001130077949,Low
2026-04-29 19:00:00,40.0,19.75,44.63931403059717,0,0.44674320437542664,16.927862806119435,Low
2026-04-29 20:00:00,52.0,27.75,57.34100150877894,0,0.45069639465911404,21.868200301755785,Low
2026-04-29 21:00:00,54.0,23.0,73.62254716920675,0,0.46207292719692683,25.524509433841352,Moderate
2026-04-29 22:00:00,44.75,83.25,68.2544708603055,0,0.44843404527053093,22.6008941720611,Low
2026-04-29 23:00:00,69.25,55.0,61.72752291318382,0,0.46716307121712075,26.195504582636765,Moderate
2026-04-30 09:00:00,26.0,2.5,51.67897467833091,0,0.44056737198463686,15.535794935666182,Low
2026-04-30 10:00:00,27.25,3.0,51.84321712671918,0,0.4398479858005887,15.818643425343836,Low
2026-04-30 11:00:00,30.25,7.5,56.89587574277575,0,0.43575574308450116,17.42917514855515,Low
2026-04-30 12:00:00,41.75,8.75,66.85084086712509,0,0.4356696808647987,21.720168173425016,Low
2026-04-30 13:00:00,36.25,8.75,80.37340674209673,0,0.43179089514366426,23.324681348419347,Low
2026-04-30 14:00:00,23.0,7.0,92.16882410235351,0,0.4403313129926641,23.033764820470704,Low
2026-04-30 15:00:00,17.75,7.0,30.195804950932075,0,0.4496931000302541,9.589160990186414,Low
2026-04-30 16:00:00,14.25,7.25,33.66541239635975,0,0.45405663915911987,9.58308247927195,Low
2026-04-30 17:00:00,14.25,9.5,25.370640271812373,0,0.4501987469421261,7.924128054362474,Low
2026-04-30 18:00:00,13.75,10.0,27.28947627244398,0,0.4574444304805959,8.207895254488797,Low
2026-04-30 19:00:00,19.75,15.0,28.44366104574251,0,0.45485800920522457,9.6387322091485,Low
2026-04-30 20:00:00,27.75,22.0,32.35089010150424,0,0.44732248763903687,12.02017802030085,Low
2026-04-30 21:00:00,23.0,28.0,37.13688256177321,0,0.4567227407891774,12.027376512354643,Low
2026-04-30 22:00:00,83.25,23.75,34.38621960015656,0,0.4916348655679182,23.52724392003131,Low
2026-04-30 23:00:00,55.0,20.25,206.54883227846705,0,0.4961222747926424,51.0,High
2026-05-06 12:00:00,56.75,32.0,61.265429822474154,0,0.44018609687737487,23.60308596449483,Low
2026-05-06 13:00:00,49.25,27.75,60.50008372215507,0,0.4401279252099082,21.950016744431014,Low
2026-05-06 14:00:00,53.0,30.25,59.38102300279439,0,0.43852923556411716,22.47620460055888,Low
2026-05-06 15:00:00,62.5,35.25,73.33441390127012,0,0.44104076273743825,27.166882780254024,Moderate
2026-05-06 16:00:00,61.5,45.75,67.260327379137,0,0.4416024160371127,25.7520654758274,Moderate
2026-05-06 17:00:00,64.0,52.0,72.36205017170468,0,0.43986086933156415,27.272410034340936,Moderate
2026-05-06 18:00:00,73.5,74.25,67.58920492335058,0,0.4444242026515443,28.217840984670115,Moderate
2026-05-06 19:00:00,84.25,90.0,79.65535006475771,0,0.4541088350367625,32.781070012951545,Moderate
2026-05-06 20:00:00,103.25,92.25,102.37198292001722,0,0.46642904641032223,41.12439658400344,Moderate
2026-05-06 21:00:00,134.5,81.0,102.84889117112425,0,0.4964123021478706,47.46977823422485,Moderate
2026-05-06 22:00:00,163.75,94.5,95.98256811526599,0,0.525573309299394,51.94651362305319,High
2026-05-06 23:00:00,141.75,89.75,97.27752429230463,0,0.5157556861597382,47.80550485846093,Moderate
2026-05-07 00:00:00,58.5,103.75,98.09745563609698,0,0.45365283062640865,31.319491127219397,Moderate
2026-05-07 01:00:00,35.0,111.25,83.8493264503859,0,0.45393392321769216,23.769865290077178,Low
2026-05-07 02:00:00,29.5,95.5,56.67021848002075,0,0.4618335235703389,17.23404369600415,Low
2026-05-07 03:00:00,25.0,90.25,53.28735709678517,0,0.463947849970911,15.657471419357034,Low
2026-05-07 04:00:00,22.25,80.0,54.90743522507966,0,0.4649850800656418,15.431487045015931,Low
2026-05-07 05:00:00,88.25,65.75,53.48358589848034,0,0.47675093701435545,28.346717179696068,Moderate
2026-05-07 06:00:00,27.5,64.25,100.2733120534457,0,0.4751530762487611,25.55466241068914,Moderate
2026-05-07 07:00:00,11.0,65.0,59.93457482657222,0,0.4911328400885655,14.186914965314443,Low
2026-05-07 08:00:00,10.0,72.0,57.59827846733213,0,0.48337572770873233,13.519655693466426,Low
2026-05-07 09:00:00,14.75,65.75,54.89193250794053,0,0.4577665586149891,13.928386501588106,Low
2026-05-07 10:00:00,21.25,26.33,54.182953061075686,0,0.4581224043507137,15.086590612215138,Low
2026-05-07 11:00:00,30.25,21.75,52.44171536266297,0,0.44009868889093234,16.538343072532594,Low
2026-05-07 12:00:00,32.0,20.25,53.33723680876981,0,0.4389409412021074,17.067447361753963,Low
2026-05-07 13:00:00,27.75,20.5,59.82464639265537,0,0.4430679921182299,17.514929278531074,Low
2026-05-07 14:00:00,30.25,15.75,67.09721930103977,0,0.43893197458382166,19.469443860207953,Low
2026-05-07 15:00:00,35.25,21.75,52.441311378280474,0,0.43495721893875516,17.538262275656095,Low
2026-05-07 16:00:00,45.75,19.75,49.10976829173928,0,0.4349255909470709,18.971953658347857,Low
2026-05-07 17:00:00,52.0,22.5,62.655238621562624,0,0.43371668941263897,22.931047724312528,Low
2026-05-07 18:00:00,74.25,29.0,78.530021980236,0,0.4524901690061235,30.5560043960472,Moderate
2026-05-07 19:00:00,90.0,36.0,92.0604857146413,0,0.46383283269418923,36.41209714292826,Moderate
2026-05-07 20:00:00,92.25,45.0,69.92912764550269,0,0.47086495811291096,32.43582552910054,Moderate
2026-05-07 21:00:00,81.0,44.5,73.93555998677252,0,0.4696789103514841,30.987111997354504,Moderate
2026-05-07 22:00:00,94.5,61.0,73.75502018847402,0,0.4802164603630829,33.651004037694804,Moderate
2026-05-07 23:00:00,89.75,56.5,81.30154034995888,0,0.49954622643428553,34.21030806999178,Moderate
2026-05-08 09:00:00,65.75,33.75,75.31743358082942,0,0.4411019072312134,28.21348671616588,Moderate
2026-05-08 10:00:00,26.33,330.5,72.25066281363367,0,0.44533573662990256,19.716132562726735,Low
2026-05-08 11:00:00,21.75,196.5,43.594852059063946,0,0.44940075959236164,13.06897041181279,Low
2026-05-08 12:00:00,20.25,24.0,41.439709364669056,0,0.45203408032166154,12.337941872933813,Low
2026-05-08 13:00:00,20.5,20.5,40.75538098879658,0,0.4538731897468186,12.251076197759316,Low
2026-05-08 14:00:00,15.75,21.25,40.965927140044876,0,0.46252522004712926,11.343185428008976,Low
2026-05-08 15:00:00,21.75,29.0,38.79036308930472,0,0.46490353715282656,12.108072617860945,Low
2026-05-08 16:00:00,19.75,29.25,45.85695181770524,0,0.4604249626886113,13.121390363541046,Low
2026-05-08 17:00:00,22.5,31.5,49.6455983832958,0,0.4509229048694453,14.429119676659159,Low
2026-05-08 18:00:00,29.0,30.75,51.343943016474256,0,0.4471733585390051,16.068788603294852,Low
2026-05-08 19:00:00,36.0,27.5,53.40758074009851,0,0.4455729767795624,17.881516148019703,Low
2026-05-08 20:00:00,45.0,41.5,58.05527909337075,0,0.44235352540490963,20.61105581867415,Low
2026-05-08 21:00:00,44.5,40.75,61.9312874618304,0,0.4457736645255216,21.28625749236608,Low
2026-05-08 22:00:00,61.0,43.5,69.65908579251132,0,0.45259419448905536,26.131817158502265,Moderate
2026-05-08 23:00:00,56.5,34.25,89.04122425144301,0,0.4570320527078495,29.1082448502886,Moderate
2026-05-09 00:00:00,43.25,30.75,70.28618386500416,0,0.46026068546090426,22.70723677300083,Low
2026-05-09 01:00:00,35.25,31.0,56.899959853099645,0,0.4617115885619267,18.42999197061993,Low
2026-05-09 02:00:00,37.75,29.25,62.7002434137346,0,0.46317057342868667,20.09004868274692,Low
2026-05-09 03:00:00,38.25,26.5,57.97542701788068,0,0.46638842051086726,19.245085403576137,Low
2026-05-09 04:00:00,35.5,26.0,56.03699409624995,0,0.464989150037502,18.30739881924999,Low
2026-05-09 05:00:00,29.0,25.25,51.10851261417365,0,0.46959174469680465,16.02170252283473,Low
2026-05-09 06:00:00,29.75,25.75,43.29005815427438,0,0.46691337089868734,14.608011630854874,Low
2026-05-09 07:00:00,27.75,29.25,43.28813010190228,0,0.46428228823762385,14.207626020380458,Low
2026-05-09 08:00:00,29.25,26.25,34.190441519159705,0,0.4567423282996621,12.68808830383194,Low
2026-05-09 09:00:00,33.75,23.0,38.75887530379984,0,0.44798751451012137,14.501775060759968,Low
2026-05-09 10:00:00,330.5,23.0,37.81605048676646,1,0.5828178615679934,67.56321009735329,High
2026-05-09 11:00:00,196.5,20.75,37.68240248677248,0,0.5401687984401873,46.8364804973545,Moderate
2026-05-09 12:00:00,24.0,20.5,39.058984947089954,0,0.45645023981990807,12.61179698941799,Low
2026-05-09 13:00:00,20.5,26.75,45.83133574851915,0,0.458665001061637,13.26626714970383,Low
2026-05-09 14:00:00,21.25,29.75,46.42160655611692,0,0.45920804682369554,13.534321311223383,Low
2026-05-09 15:00:00,29.0,32.33,46.5778548378621,0,0.45305401772075776,15.11557096757242,Low
2026-05-09 16:00:00,29.25,28.5,46.31209018239344,0,0.4536420697725511,15.112418036478688,Low
2026-05-09 17:00:00,31.5,29.0,46.03614440178385,0,0.450956609108209,15.50722888035677,Low
2026-05-09 18:00:00,30.75,37.5,51.971112442139635,0,0.45572091649058527,16.544222488427927,Low
2026-05-09 19:00:00,27.5,43.25,54.317068885197074,0,0.45487072317427985,16.363413777039415,Low
2026-05-09 20:00:00,41.5,52.25,55.756404829218226,0,0.4483450297522136,19.451280965843644,Low
2026-05-09 21:00:00,40.75,59.75,62.49371333862439,0,0.45122986235907864,20.648742667724875,Low
2026-05-09 22:00:00,43.5,56.75,65.09853678739495,0,0.45309151689060245,21.71970735747899,Low
2026-05-09 23:00:00,34.25,51.0,62.78886398429416,0,0.4677256928028947,19.407772796858833,Low
2026-05-10 00:00:00,30.75,48.25,57.48985184553553,0,0.47164911243769686,17.647970369107107,Low
2026-05-10 01:00:00,31.0,41.75,58.35246079301492,0,0.4683903227832249,17.870492158602982,Low
2026-05-10 02:00:00,29.25,35.0,52.998462354774865,0,0.46492518416677375,16.44969247095497,Low
2026-05-10 03:00:00,26.5,29.75,50.23231331149786,0,0.46820652384105926,15.346462662299574,Low
2026-05-10 04:00:00,26.0,24.75,43.98274594127549,0,0.4706627323091238,13.996549188255099,Low
2026-05-10 05:00:00,25.25,25.25,41.285903667704055,0,0.47374496953816947,13.307180733540811,Low
2026-05-10 06:00:00,25.75,24.75,42.43594004486855,0,0.47153458905256973,13.63718800897371,Low
2026-05-10 12:00:00,20.5,24.0,40.40254435657994,0,0.4741435336642546,12.180508871315988,Low
2026-05-10 13:00:00,26.75,24.25,31.071835361217346,0,0.46606378407674887,11.56436707224347,Low
2026-05-10 14:00:00,29.75,23.0,33.49613521199642,0,0.4637416992011416,12.649227042399282,Low
2026-05-10 15:00:00,32.33,25.0,44.142257959282105,0,0.4664787119106999,15.29445159185642,Low
2026-05-10 16:00:00,28.5,23.75,45.17425041897295,0,0.47051931713038897,14.73485008379459,Low
2026-05-10 17:00:00,29.0,29.75,35.02272938346974,0,0.47073638455812894,12.804545876693947,Low
2026-05-10 18:00:00,37.5,30.75,42.12271555028718,0,0.46795628808939493,15.924543110057437,Low
2026-05-10 19:00:00,43.25,36.5,47.04889930916307,0,0.4637478944895809,18.059779861832613,Low
2026-05-10 20:00:00,52.25,52.25,65.24253114601949,0,0.46436369557307494,23.498506229203898,Low
2026-05-10 21:00:00,59.75,61.75,75.07724853217708,0,0.46789439734038224,26.965449706435415,Moderate
2026-05-10 22:00:00,56.75,57.75,102.26610686968017,0,0.46927292248065494,31.803221373936033,Moderate
2026-05-10 23:00:00,51.0,50.0,67.93727389247228,0,0.476890180799249,23.787454778494453,Low
2026-05-11 00:00:00,48.25,49.0,60.212479522791995,0,0.45984841907352275,21.6924959045584,Low
2026-05-11 01:00:00,41.75,33.75,60.580500157712635,0,0.4558207199148903,20.466100031542524,Low
2026-05-11 02:00:00,35.0,27.5,46.92943373786108,0,0.4548139420243594,16.385886747572215,Low
2026-05-11 03:00:00,29.75,27.0,42.433332501312435,0,0.45002768578002356,14.436666500262486,Low
2026-05-11 04:00:00,24.75,33.0,36.39981422463658,0,0.4549765815121932,12.229962844927316,Low
2026-05-11 05:00:00,25.25,37.5,28.608542389984905,0,0.4580330863029518,10.771708477996981,Low
2026-05-11 06:00:00,24.75,46.5,31.55182256476978,0,0.455731317185823,11.260364512953956,Low
2026-05-11 07:00:00,25.25,52.0,33.23815253495873,0,0.45406174152204626,11.697630506991747,Low
2026-05-11 08:00:00,29.75,55.5,38.9287392952378,0,0.44620301513177296,13.735747859047558,Low
2026-05-11 09:00:00,27.75,48.25,39.22870562926449,0,0.4539254840038317,13.395741125852897,Low
2026-05-11 10:00:00,22.75,47.25,47.34949402761071,0,0.4709246613028514,14.019898805522143,Low
2026-05-11 11:00:00,21.75,46.25,43.47299212827791,0,0.4660747198386636,13.04459842565558,Low
2026-05-11 12:00:00,24.0,40.5,42.55257496594948,0,0.47339803225828336,13.310514993189894,Low
2026-05-11 13:00:00,24.25,45.25,36.29529132162059,0,0.46709990596967105,12.109058264324117,Low
2026-05-11 14:00:00,23.0,41.75,38.60236815392718,0,0.4733789091734566,12.320473630785436,Low
2026-05-11 15:00:00,25.0,42.75,33.70998513474692,0,0.47444618545169126,11.741997026949385,Low
2026-05-11 16:00:00,23.75,39.75,36.00656008493232,0,0.47250172898155474,11.951312016986464,Low
2026-05-11 17:00:00,29.75,42.25,34.93136623768479,0,0.4618332925045187,12.936273247536958,Low
2026-05-11 18:00:00,30.75,48.25,50.54678644724378,0,0.4582768052662929,16.259357289448758,Low
2026-05-11 19:00:00,36.5,59.75,67.21402209575317,0,0.45812160571984223,20.742804419150634,Low
2026-05-11 20:00:00,52.25,59.5,50.519283520795824,0,0.4543452898781244,20.553856704159163,Low
2026-05-11 21:00:00,61.75,66.75,63.99913100964408,0,0.4635883132372288,25.149826201928818,Moderate
2026-05-11 22:00:00,57.75,63.75,65.58920778491714,0,0.4589927768335708,24.667841556983426,Low
2026-05-11 23:00:00,50.0,54.5,66.24229370490622,0,0.46078380222960336,23.248458740981242,Low
2026-05-12 00:00:00,49.0,47.25,59.880995595135005,0,0.4578351977191871,21.776199119027,Low
2026-05-12 01:00:00,33.75,40.0,52.625018180167686,0,0.4535710501569217,17.27500363603354,Low
2026-05-12 02:00:00,27.5,36.5,42.158132716402065,0,0.45331356085887714,13.931626543280412,Low
2026-05-12 03:00:00,27.0,40.25,31.683618660487802,0,0.44825485052720077,11.73672373209756,Low
2026-05-12 04:00:00,33.0,42.75,30.804506838004237,0,0.4399778177116526,12.760901367600848,Low
2026-05-12 05:00:00,37.5,46.0,37.55070098583278,0,0.43927564868579333,15.010140197166557,Low
2026-05-12 06:00:00,46.5,53.75,41.63705082271918,0,0.4365832450310902,17.627410164543836,Low
2026-05-12 07:00:00,52.0,50.75,51.2753027692325,0,0.43564961677857106,20.6550605538465,Low
2026-05-12 08:00:00,55.5,53.0,52.38963801682021,0,0.4329005940746218,21.577927603364042,Low
2026-05-12 09:00:00,48.25,52.25,55.33063422873422,0,0.4433955774075128,20.716126845746842,Low
2026-05-12 10:00:00,47.25,57.0,58.813192305479774,0,0.45153214813649417,21.212638461095956,Low
2026-05-12 11:00:00,46.25,56.5,49.9745920476766,0,0.44755161449761066,19.24491840953532,Low
2026-05-12 12:00:00,40.5,54.5,45.30612668044942,0,0.4512536870885501,17.161225336089885,Low
2026-05-12 13:00:00,45.25,52.0,39.74880686257245,0,0.45454056115394526,16.99976137251449,Low
2026-05-12 14:00:00,41.75,58.0,40.462753196714274,0,0.4567588822175986,16.442550639342855,Low
2026-05-12 15:00:00,42.75,123.75,37.64223383151803,0,0.4553344389532893,16.078446766303607,Low
2026-05-12 16:00:00,39.75,93.5,38.72639073481661,0,0.4515186331955483,15.695278146963322,Low
2026-05-12 17:00:00,42.25,32.5,36.327192678103366,0,0.4499003027198699,15.715438535620672,Low
2026-05-12 18:00:00,48.25,22.25,38.551615838244594,0,0.4495871997044536,17.36032316764892,Low
2026-05-12 19:00:00,59.75,40.5,55.55531952616098,0,0.4507032491632091,23.061063905232196,Low
2026-05-12 20:00:00,59.5,68.5,62.51886864631423,0,0.453128985984924,24.403773729262845,Low
2026-05-12 21:00:00,66.75,82.25,67.05415057216373,0,0.46433185877773053,26.76083011443275,Moderate
2026-05-12 22:00:00,63.75,110.0,68.19514893569225,0,0.4606432547447348,26.389029787138448,Moderate
2026-05-12 23:00:00,54.5,71.0,65.87271083963792,0,0.4593381968267563,24.074542167927582,Low
2026-05-13 00:00:00,47.25,120.75,51.787205819244264,0,0.4524041630102068,19.80744116384885,Low
2026-05-13 01:00:00,40.0,92.5,60.796752141938924,0,0.448126472951105,20.159350428387786,Low
2026-05-13 02:00:00,36.5,67.25,49.429311951035054,0,0.44539722958963557,17.18586239020701,Low
2026-05-13 03:00:00,40.25,31.0,42.808543163496545,0,0.44241706671159536,16.61170863269931,Low
2026-05-13 04:00:00,42.75,17.5,44.93119037645955,0,0.43915822609158356,17.536238075291912,Low
2026-05-13 05:00:00,46.0,13.0,51.10174463489516,0,0.4411690298950697,19.42034892697903,Low
2026-05-13 06:00:00,53.75,19.75,49.63530048144973,0,0.44104509743209847,20.67706009628995,Low
2026-05-13 07:00:00,50.75,47.25,51.92483088469083,0,0.43920182359026017,20.534966176938163,Low
2026-05-13 08:00:00,53.0,70.75,48.37668868992659,0,0.44408584636170756,20.275337737985318,Low
2026-05-13 09:00:00,52.25,74.0,47.28514656734877,0,0.4452961893747371,19.907029313469753,Low
2026-05-13 10:00:00,57.0,72.25,49.125801293261475,0,0.4494589133958255,21.225160258652295,Low
2026-05-13 11:00:00,56.5,67.0,55.14854532140067,0,0.44588751727986126,22.32970906428013,Low
2026-05-13 12:00:00,54.5,61.0,60.55208658879293,0,0.4535827043440086,23.010417317758588,Low
2026-05-13 13:00:00,52.0,55.0,59.91436202950493,0,0.456189786380759,22.382872405900986,Low
2026-05-13 14:00:00,58.0,52.0,60.08341258747803,0,0.44319539329811225,23.616682517495605,Low
2026-05-13 15:00:00,123.75,49.0,64.04607764366082,0,0.5004040533214448,37.55921552873217,Moderate
2026-05-13 16:00:00,93.5,42.5,62.41559319630462,0,0.4849625821580583,31.183118639260925,Moderate
2026-05-13 17:00:00,32.5,40.0,64.36682314143263,0,0.45100376433077516,19.373364628286524,Low
2026-05-13 18:00:00,22.25,41.75,52.81617321278728,0,0.46048853274103774,15.013234642557457,Low
2026-05-13 19:00:00,40.5,43.5,52.50096862842629,0,0.44799676370475744,18.60019372568526,Low
2026-05-13 20:00:00,68.5,45.0,63.73338044950172,0,0.454502569834137,26.446676089900343,Moderate
2026-05-13 21:00:00,82.25,49.25,85.42624822139227,0,0.47058035411696414,33.53524964427845,Moderate
2026-05-13 22:00:00,110.0,49.25,83.09470709431606,0,0.4913059715777873,38.618941418863216,Moderate
2026-05-13 23:00:00,71.0,52.25,92.61869249310294,0,0.4631675214864649,32.72373849862059,Moderate
2026-05-14 00:00:00,120.75,46.25,66.272623533616,0,0.5155224778703708,37.4045247067232,Moderate
2026-05-14 01:00:00,92.5,38.25,73.62136398409513,0,0.48226770211721626,33.22427279681902,Moderate
2026-05-14 02:00:00,67.25,37.0,72.92333740271634,0,0.4522426050309982,28.034667480543266,Moderate
2026-05-14 03:00:00,31.0,31.75,90.53363994042549,0,0.44543420880757617,24.306727988085097,Low
2026-05-14 04:00:00,17.5,35.5,43.31205164286231,0,0.4569645000662894,12.162410328572461,Low
2026-05-14 05:00:00,13.0,36.0,41.5908424261704,0,0.46567210344655946,10.91816848523408,Low
2026-05-14 06:00:00,19.75,38.5,46.728868770253605,0,0.45700225789918975,13.295773754050721,Low
2026-05-14 07:00:00,47.25,40.5,50.1476146772762,0,0.44661148323278954,19.47952293545524,Low
2026-05-14 08:00:00,70.75,44.25,68.00589501606889,0,0.4449551370294256,27.751179003213778,Moderate
2026-05-14 09:00:00,74.0,63.25,65.94598441027364,0,0.4494448954472141,27.989196882054728,Moderate
2026-05-14 10:00:00,72.25,62.75,66.6543180673477,0,0.45640761022200244,27.780863613469542,Moderate
2026-05-14 11:00:00,67.0,61.25,64.43620613996698,0,0.4492362215724854,26.2872412279934,Moderate
2026-05-14 12:00:00,61.0,59.25,65.18379784982517,0,0.45098769507644854,25.23675956996503,Moderate
2026-05-14 13:00:00,55.0,48.75,59.85558167574335,0,0.45140667239241655,22.971116335148672,Low
2026-05-14 14:00:00,52.0,51.25,68.20754945077114,0,0.45170405395018,24.04150989015423,Low
2026-05-14 15:00:00,49.0,48.75,58.952034417760345,0,0.45002634721076057,21.59040688355207,Low
2026-05-14 16:00:00,42.5,49.25,62.971609885662765,0,0.45138826825917766,21.09432197713255,Low
2026-05-14 17:00:00,40.0,52.5,50.82342080373054,0,0.44514684010422145,18.16468416074611,Low
2026-05-14 18:00:00,41.75,54.75,51.58370357108393,0,0.4506867460882583,18.666740714216786,Low
2026-05-14 19:00:00,43.5,44.0,56.529318988270994,0,0.44810104814552515,20.0058637976542,Low
2026-05-14 20:00:00,45.0,75.75,61.98441725386174,0,0.44555474981051607,21.39688345077235,Low
2026-05-14 21:00:00,49.25,62.5,64.15703587441803,0,0.44813625465954454,22.681407174883606,Low
2026-05-14 22:00:00,49.25,52.25,68.25989643947477,0,0.45349124459210555,23.501979287894954,Low
2026-05-14 23:00:00,52.25,75.5,63.67384577675584,0,0.460272263292403,23.18476915535117,Low
2026-05-15 00:00:00,46.25,67.25,56.633056169372686,0,0.45335331705660414,20.576611233874537,Low
2026-05-15 01:00:00,38.25,56.5,56.065498167949315,0,0.4514176336945946,18.86309963358986,Low
2026-05-15 02:00:00,37.0,50.0,53.17865100687621,0,0.4440509139730334,18.035730201375245,Low
2026-05-15 03:00:00,31.75,46.5,48.04373291384768,0,0.443391394564981,15.958746582769535,Low
2026-05-15 04:00:00,35.5,40.25,38.756701341869366,0,0.4402846819671182,14.851340268373873,Low
2026-05-15 05:00:00,36.0,45.75,44.29621884362146,0,0.4392816514010035,16.059243768724293,Low
2026-05-15 06:00:00,38.5,61.0,42.33273406744274,0,0.44170035647514366,16.166546813488548,Low
2026-05-15 07:00:00,40.5,63.75,44.987691010733236,0,0.4401712818935252,17.09753820214665,Low
2026-05-15 08:00:00,44.25,62.25,49.327530261781625,0,0.4377548368803411,18.715506052356325,Low
2026-05-15 09:00:00,63.25,59.5,50.07201606800159,0,0.44625916103335445,22.664403213600316,Low
2026-05-15 10:00:00,62.75,53.0,55.36426043851328,0,0.4510758241968663,23.622852087702654,Low
2026-05-15 11:00:00,61.25,47.75,57.50072800939926,0,0.44928115351773884,23.75014560187985,Low
2026-05-15 12:00:00,59.25,47.75,58.14274203097911,0,0.45620442282688345,23.478548406195824,Low
2026-05-15 13:00:00,48.75,48.75,52.004188939494426,0,0.4520917455328367,20.150837787898887,Low
2026-05-15 14:00:00,51.25,49.75,43.537620606908014,0,0.45381228717937494,18.957524121381603,Low
2026-05-15 15:00:00,48.75,56.0,45.92156614245855,0,0.4106689727402661,18.93431322849171,Low
2026-05-15 16:00:00,49.25,41.75,54.0740553401188,0,0.4064700310914109,20.66481106802376,Low
2026-05-15 17:00:00,52.5,43.25,53.066607063244575,0,0.40481040329471535,21.113321412648915,Low
2026-05-15 18:00:00,54.75,50.75,58.777171461592204,0,0.3994208059061759,22.70543429231844,Low
2026-05-15 19:00:00,44.0,55.25,62.533958657910446,0,0.39113383150798803,21.30679173158209,Low
2026-05-15 20:00:00,75.75,72.75,55.2680720376827,0,0.4086043520898241,26.20361440753654,Moderate
2026-05-15 21:00:00,62.5,108.0,62.202035519715245,0,0.3915899487171496,24.940407103943052,Low
2026-05-15 22:00:00,52.25,89.75,65.23293456364833,0,0.39498950738856814,23.496586912729665,Low
2026-05-15 23:00:00,75.5,70.75,67.96201280651096,0,0.41334681917539107,28.69240256130219,Moderate
2026-05-16 00:00:00,67.25,69.75,64.66493169507726,0,0.4149967673045774,26.38298633901545,Moderate
2026-05-16 01:00:00,56.5,61.5,80.12677248232416,0,0.39683208321016955,27.325354496464833,Moderate
2026-05-16 02:00:00,50.0,46.0,66.71288833888771,0,0.39220674535801764,23.34257766777754,Low
2026-05-16 03:00:00,46.5,41.5,53.87301364015416,0,0.38694697155514907,20.074602728030833,Low
2026-05-16 04:00:00,40.25,38.5,58.4287497591165,0,0.3896871618272085,19.7357499518233,Low
2026-05-16 05:00:00,45.75,50.75,53.111549344035964,0,0.39384857522447914,19.77230986880719,Low
2026-05-16 06:00:00,61.0,64.75,78.46762257823258,0,0.3942303445789772,27.893524515646515,Moderate
2026-05-16 07:00:00,63.75,60.25,67.32092204542681,0,0.39908914090570635,26.214184409085362,Moderate
2026-05-16 08:00:00,62.25,76.75,67.9679397249989,0,0.41329653034803265,26.043587944999782,Moderate
2026-05-16 09:00:00,59.5,69.75,68.78160055761536,0,0.4248835296351292,25.656320111523073,Moderate
2026-05-16 10:00:00,53.0,69.75,63.94534067630524,0,0.4236901145102286,23.38906813526105,Low
2026-05-16 11:00:00,47.75,60.0,60.93906220745402,0,0.4324368981195981,21.737812441490803,Low
2026-05-16 12:00:00,47.75,80.0,55.25122155546058,0,0.43400475119405596,20.600244311092116,Low
2026-05-16 13:00:00,48.75,89.0,51.91216440316436,0,0.4458234341396635,20.132432880632873,Low
2026-05-16 14:00:00,49.75,295.25,52.71401952823356,0,0.4472149648993747,20.49280390564671,Low
2026-05-16 15:00:00,56.0,124.5,53.512844466081596,0,0.44969547097714746,21.90256889321632,Low
2026-05-16 16:00:00,41.75,84.25,56.3315664931588,0,0.4447458224684591,19.61631329863176,Low
2026-05-16 17:00:00,43.25,293.5,50.78365151250087,0,0.43767350419383916,18.806730302500174,Low
2026-05-16 18:00:00,50.75,120.0,52.677558787057464,0,0.4260854293210258,20.68551175741149,Low
2026-05-16 19:00:00,55.25,84.25,63.35476424765692,0,0.4198426978325815,23.720952849531383,Low
2026-05-16 20:00:00,72.75,293.75,63.844987199893126,0,0.42650324625996366,27.318997439978624,Moderate
2026-05-16 21:00:00,108.0,141.5,69.95518591065792,0,0.4665746669073043,35.591037182131586,Moderate
2026-05-16 22:00:00,89.75,49.5,76.09464806418443,0,0.43839166120662876,33.168929612836884,Moderate
2026-05-16 23:00:00,70.75,54.75,81.20215450672215,0,0.4214207688665167,30.39043090134443,Moderate
2026-05-17 00:00:00,69.75,58.5,72.28628539191563,0,0.43971861475919544,28.407257078383125,Moderate
2026-05-17 01:00:00,61.5,48.75,72.58247086091184,0,0.42504760887542187,26.816494172182367,Moderate
2026-05-17 02:00:00,46.0,34.25,61.07438278966748,0,0.41512974297872796,21.414876557933496,Low
2026-05-17 03:00:00,41.5,33.75,55.89895993169818,0,0.40744386720488696,19.479791986339634,Low
2026-05-17 04:00:00,38.5,33.0,53.11642629985547,0,0.4020042214776146,18.323285259971094,Low
2026-05-17 05:00:00,50.75,36.25,54.5254790692341,0,0.3978524450724094,21.05509581384682,Low
2026-05-17 06:00:00,64.75,50.5,60.71158161315229,0,0.4036259824014914,25.092316322630456,Moderate
2026-05-17 07:00:00,60.25,54.5,63.77712614843844,0,0.4097096476215721,24.80542522968769,Low
2026-05-17 08:00:00,76.75,165.0,66.00758169136098,0,0.4453724716101727,28.551516338272194,Moderate
2026-05-17 09:00:00,69.75,185.0,70.60305925571897,0,0.4475544294820222,28.070611851143795,Moderate
2026-05-17 10:00:00,69.75,98.75,65.46476094696428,0,0.45602601852258245,27.042952189392853,Moderate
2026-05-17 11:00:00,60.0,149.0,61.35142415612247,0,0.46170267761883566,24.270284831224494,Low
2026-05-17 12:00:00,80.0,185.0,59.15977194349399,0,0.4887172236126529,27.831954388698797,Moderate
2026-05-17 13:00:00,89.0,185.0,60.24424195374252,0,0.49556958276748975,29.848848390748504,Moderate
2026-05-17 14:00:00,295.25,65.0,67.18750855811832,1,0.5943655551729209,73.43750171162367,High
2026-05-17 15:00:00,124.5,45.5,65.06987572435897,0,0.5276173663288171,37.9139751448718,Moderate
2026-05-17 16:00:00,84.25,41.75,56.969748449277226,0,0.4924273892090519,28.243949689855448,Moderate
2026-05-17 17:00:00,293.5,40.25,65.85719837624836,1,0.5871140050655649,73.17143967524967,High
2026-05-17 18:00:00,120.0,27.25,59.92605651200651,0,0.49506120936003994,35.985211302401304,Moderate
2026-05-17 19:00:00,84.25,29.25,59.455124760887244,0,0.453746095927691,28.74102495217745,Moderate
2026-05-17 20:00:00,293.75,39.0,88.02729804780074,1,0.5688176425454861,77.60545960956014,Critical
2026-05-17 21:00:00,141.5,39.0,91.24977297822551,0,0.5147905746738719,46.549954595645104,Moderate
2026-05-17 22:00:00,49.5,32.25,91.88976432132684,0,0.42978349860851417,28.277952864265366,Moderate
2026-05-17 23:00:00,54.75,32.75,73.80961350242936,0,0.43337896763904454,25.71192270048587,Moderate
2026-05-18 00:00:00,58.5,52.5,72.17236338559356,0,0.4432302365274399,26.13447267711871,Moderate
2026-05-18 01:00:00,48.75,54.0,74.516643568106,0,0.4256042376993548,24.6533287136212,Low
2026-05-18 02:00:00,34.25,45.5,60.52329107382628,0,0.42019590259083045,18.954658214765256,Low
2026-05-18 03:00:00,33.75,38.75,44.10291665736819,0,0.4077022541159919,15.570583331473639,Low
2026-05-18 04:00:00,33.0,33.75,41.41967976844187,0,0.39925868747645843,14.883935953688376,Low
2026-05-18 05:00:00,36.25,36.5,43.54635147859321,0,0.398648482275865,15.959270295718643,Low
2026-05-18 06:00:00,50.5,41.5,42.22789418621693,0,0.4058921484992978,18.545578837243383,Low
2026-05-18 07:00:00,54.5,43.75,60.71515770647727,0,0.42580839283484884,23.043031541295456,Low
2026-05-18 08:00:00,165.0,39.25,62.91549299422489,0,0.5168649522439097,45.58309859884498,Moderate
2026-05-18 09:00:00,185.0,34.5,89.29789561804436,1,0.5497658588471968,74.85957912360888,High
2026-05-18 10:00:00,98.75,35.0,80.14382086344585,0,0.49966454067105104,35.77876417268917,Moderate
2026-05-18 11:00:00,149.0,33.5,74.31664202984707,0,0.5209884924606685,44.663328405969416,Moderate
2026-05-18 12:00:00,185.0,34.0,72.05821593915344,0,0.5426858609191664,51.41164318783069,High
2026-05-18 13:00:00,185.0,37.25,66.13818849206352,0,0.5430617813564669,50.22763769841271,High
2026-05-18 14:00:00,65.0,37.0,66.68594246031745,0,0.4468332610348552,26.33718849206349,Moderate
2026-05-18 15:00:00,45.5,37.0,73.25567022221486,0,0.4471028721007647,23.75113404444297,Low
2026-05-18 16:00:00,41.75,37.0,56.91500507808933,0,0.45088698326579335,19.733001015617866,Low
2026-05-18 17:00:00,40.25,38.75,48.551012563563766,0,0.4538346575378846,17.760202512712752,Low
2026-05-18 18:00:00,27.25,39.75,54.7661231470078,0,0.45850127377704847,16.40322462940156,Low
2026-05-18 19:00:00,29.25,41.75,46.47621519847255,0,0.4499443612726979,15.14524303969451,Low
2026-05-18 20:00:00,39.0,41.25,48.62219886261548,0,0.4373376445232521,17.524439772523095,Low
2026-05-18 21:00:00,39.0,46.0,61.19570660103279,0,0.4373123302191965,20.039141320206557,Low
2026-05-18 22:00:00,32.25,41.25,56.58108800562738,0,0.4420050188314555,17.766217601125476,Low
2026-05-18 23:00:00,32.75,38.5,50.63297902085755,0,0.42946119747095657,16.676595804171512,Low
2026-05-19 00:00:00,52.5,36.5,58.255191014731004,0,0.4810835675747572,22.1510382029462,Low
2026-05-19 01:00:00,54.0,34.25,65.32068721097738,0,0.47848371462962014,23.864137442195478,Low
2026-05-19 02:00:00,45.5,32.25,59.14752818289738,0,0.46120135057808637,20.929505636579478,Low
2026-05-19 03:00:00,38.75,29.5,56.005484458606986,0,0.3959064827790525,18.9510968917214,Low
2026-05-19 04:00:00,33.75,29.0,44.751016998520626,0,0.39250121854336795,15.700203399704126,Low
2026-05-19 05:00:00,36.5,34.0,40.909719025680296,0,0.3844303484877852,15.481943805136059,Low
2026-05-19 06:00:00,41.5,34.25,43.96169485965449,0,0.38136651125473264,17.0923389719309,Low
2026-05-19 07:00:00,43.75,40.0,48.66074392567077,0,0.38511530812950406,18.482148785134157,Low
2026-05-19 08:00:00,39.25,39.25,50.3132096034455,0,0.38776986303213995,17.9126419206891,Low
2026-05-19 09:00:00,34.5,38.0,45.883698285478665,0,0.39202732298287274,16.076739657095732,Low
2026-05-19 10:00:00,35.0,41.25,41.48624283201984,0,0.3979122972446291,15.297248566403969,Low
2026-05-19 11:00:00,33.5,48.25,40.889299155724316,0,0.4009852378600841,14.877859831144864,Low
2026-05-19 12:00:00,34.0,46.5,39.60369842861261,0,0.4044144541801608,14.720739685722522,Low
2026-05-19 13:00:00,37.25,45.0,38.4083304834073,0,0.4068025304486378,15.13166609668146,Low
2026-05-19 14:00:00,37.0,36.5,57.05806698011502,0,0.41551849282984543,18.811613396023006,Low
2026-05-19 15:00:00,37.0,35.0,70.86273107127813,0,0.41527607402417144,21.572546214255624,Low
2026-05-19 16:00:00,37.0,36.75,58.12455681682906,0,0.4178381142203635,19.024911363365813,Low
2026-05-19 17:00:00,38.75,34.5,64.04347863428373,0,0.40720872900096355,20.558695726856747,Low
2026-05-19 18:00:00,39.75,38.25,67.79400555115319,0,0.4044698896575918,21.50880111023064,Low
2026-05-19 19:00:00,41.75,47.5,65.60231270040228,0,0.40946991021117535,21.470462540080455,Low
2026-05-19 20:00:00,41.25,58.25,81.7672692053561,0,0.4095693174682646,24.603453841071218,Low
2026-05-19 21:00:00,46.0,49.0,83.0038390777251,0,0.40249916845075656,25.800767815545022,Moderate
2026-05-19 22:00:00,41.25,42.75,72.60799379139382,0,0.4087589101713883,22.771598758278763,Low
2026-05-19 23:00:00,38.5,39.5,68.86446243081537,0,0.4112652384830354,21.472892486163072,Low
2026-05-20 00:00:00,36.5,41.0,91.18526255524984,0,0.4111432401512356,25.537052511049968,Moderate
2026-05-20 01:00:00,34.25,39.25,86.44649985988494,0,0.39959602823105694,24.13929997197699,Low
2026-05-20 02:00:00,32.25,44.25,92.81933084172005,0,0.39231522453797996,25.01386616834401,Moderate
2026-05-20 03:00:00,29.5,30.75,49.575480669371935,0,0.3854123445048149,15.815096133874388,Low
2026-05-20 04:00:00,29.0,36.5,40.6689854952518,0,0.3814303808432142,13.93379709905036,Low
2026-05-20 05:00:00,34.0,34.5,39.607041019663825,0,0.3869599989526899,14.721408203932766,Low
2026-05-20 06:00:00,34.25,35.0,57.90753005542471,0,0.3797166068146811,18.43150601108494,Low
2026-05-20 07:00:00,40.0,39.75,78.6929821555864,0,0.3765087324429889,23.73859643111728,Low
2026-05-20 08:00:00,39.25,47.75,66.23016093465742,0,0.3853975444037041,21.096032186931485,Low
2026-05-20 09:00:00,38.0,46.5,58.00031097766203,0,0.403540207254374,19.200062195532404,Low
2026-05-20 10:00:00,41.25,42.25,61.762988284867085,0,0.41279041372658937,20.602597656973415,Low
2026-05-20 11:00:00,48.25,39.5,69.98316226080158,0,0.42802595402737703,23.64663245216032,Low
2026-05-20 12:00:00,46.5,39.75,68.50584081670364,0,0.43364824466589535,23.00116816334073,Low
2026-05-20 13:00:00,45.0,35.0,70.34906246542057,0,0.44435350682461844,23.069812493084115,Low
2026-05-20 14:00:00,36.5,41.75,50.82601984953869,0,0.45204658089736427,17.465203969907737,Low
2026-05-20 15:00:00,35.0,39.75,45.94911665557009,0,0.45894346457962437,16.189823331114017,Low
2026-05-20 16:00:00,36.75,38.25,38.56752228032414,0,0.4590566043977317,15.063504456064827,Low
2026-05-20 17:00:00,34.5,35.5,45.92911667048907,0,0.45505245295534286,16.085823334097814,Low
2026-05-20 18:00:00,38.25,42.0,49.210044978210696,0,0.43523675559516706,17.492008995642138,Low
2026-05-20 19:00:00,47.5,50.75,49.60488534475635,0,0.4216428948864396,19.42097706895127,Low
2026-05-20 20:00:00,58.25,56.25,81.67761045310594,0,0.421304653040825,27.98552209062119,Moderate
2026-05-20 21:00:00,49.0,73.0,74.53540945419104,0,0.4188626423493723,24.707081890838207,Low
2026-05-20 22:00:00,42.75,84.5,64.70892906070013,0,0.41649876962120075,21.491785812140026,Low
2026-05-20 23:00:00,39.5,95.25,57.12547628070371,0,0.4249332928386158,19.32509525614074,Low
2026-05-21 00:00:00,41.0,83.5,47.42415804472951,0,0.42566850502241377,17.6848316089459,Low
2026-05-21 01:00:00,39.25,71.0,48.96480874556419,0,0.4167329996803759,17.64296174911284,Low
2026-05-21 02:00:00,44.25,67.25,45.40807347689596,0,0.41024169867318866,17.93161469537919,Low
2026-05-21 03:00:00,30.75,67.75,45.55821326353428,0,0.39471659103267503,15.261642652706856,Low
2026-05-21 04:00:00,36.5,41.0,38.05881141522635,0,0.38185741575882953,14.91176228304527,Low
2026-05-21 05:00:00,34.5,28.25,40.267393571750766,0,0.3819522528041625,14.953478714350151,Low
2026-05-21 06:00:00,35.0,19.75,39.287045505818504,0,0.3899782862089871,14.8574091011637,Low
2026-05-21 07:00:00,39.75,18.0,38.38366333681641,0,0.38857454303430405,15.626732667363282,Low
2026-05-21 08:00:00,47.75,17.25,49.80559788017435,0,0.4082802937560273,19.51111957603487,Low
2026-05-21 09:00:00,46.5,24.75,66.04565841885119,0,0.42100727172879115,22.50913168377024,Low
2026-05-21 10:00:00,42.25,23.5,49.778796960972336,0,0.4419988250246565,18.40575939219447,Low
2026-05-21 11:00:00,39.5,31.5,44.73760586224343,0,0.44565885216400974,16.847521172448687,Low
2026-05-21 12:00:00,39.75,33.0,44.39287540462311,0,0.45121382074398536,16.828575080924622,Low
2026-05-21 13:00:00,35.0,40.5,41.72204919585194,0,0.4652753990814171,15.344409839170389,Low
2026-05-21 14:00:00,41.75,37.75,226.6893097527473,0,0.46587202905540304,48.35,Moderate
2026-05-21 15:00:00,39.75,33.5,240.56586473429954,0,0.46553315336625173,47.95,Moderate
2026-05-21 16:00:00,38.25,37.25,235.237280982906,0,0.4589040971262961,47.65,Moderate
2026-05-21 17:00:00,35.5,39.0,236.02598237179487,0,0.45184272436021633,47.1,Moderate
2026-05-21 18:00:00,42.0,58.25,236.67896550671546,0,0.4394099015872964,48.4,Moderate
2026-05-21 19:00:00,50.75,46.75,232.46534226190474,0,0.434166600412841,50.15,High
2026-05-21 20:00:00,56.25,49.75,213.45689638447973,0,0.4266867194551278,51.25,High
2026-05-21 21:00:00,73.0,55.25,159.45935524891763,0,0.43204274331707887,46.491871049783526,Moderate
2026-05-21 22:00:00,84.5,46.75,165.96553348965853,0,0.45014841739335937,50.0931066979317,High
2026-05-21 23:00:00,95.25,62.0,65.03936017917268,0,0.4640603564357837,32.057872035834535,Moderate
2026-05-22 00:00:00,83.5,75.25,56.04343156223535,0,0.4512631470760211,27.908686312447067,Moderate
2026-05-22 01:00:00,71.0,51.75,59.39748239836971,0,0.4307804257707197,26.079496479673942,Moderate
2026-05-22 02:00:00,67.25,38.5,60.823531933079394,0,0.408903236397328,25.61470638661588,Moderate
2026-05-22 03:00:00,67.75,35.25,53.216638463318446,0,0.3933910899116739,24.19332769266369,Low
2026-05-22 04:00:00,41.0,36.75,53.46858666678723,0,0.38167408360907334,18.893717333357444,Low
2026-05-22 05:00:00,28.25,33.5,51.53223646549434,0,0.3857713517911385,15.956447293098869,Low
2026-05-22 06:00:00,19.75,32.25,37.652787651243074,0,0.3894123145132968,11.480557530248614,Low
2026-05-22 07:00:00,18.0,45.5,38.278149241438555,0,0.38837932276298714,11.255629848287711,Low
2026-05-22 08:00:00,17.25,53.75,47.423256776235434,0,0.39197420147683665,12.934651355247086,Low
2026-05-22 09:00:00,24.75,50.0,43.80530383385878,0,0.3958136720118908,13.711060766771755,Low
2026-05-22 10:00:00,23.5,56.0,42.10915199458264,0,0.4043398600420559,13.121830398916527,Low
2026-05-22 11:00:00,31.5,50.25,39.444615728823514,0,0.4190275922194732,14.188923145764702,Low
2026-05-22 12:00:00,33.0,46.5,41.12841319565157,0,0.4227059751393754,14.825682639130314,Low
2026-05-22 13:00:00,40.5,55.75,38.7222332382818,0,0.4337272966446731,15.844446647656362,Low
2026-05-22 14:00:00,37.75,68.0,41.53321550321125,0,0.445869026951083,15.856643100642252,Low
2026-05-22 15:00:00,33.5,74.25,39.94956897940063,0,0.44769625659639734,14.689913795880127,Low
2026-05-22 16:00:00,37.25,83.5,38.82880514061401,0,0.45067900494109653,15.215761028122802,Low
2026-05-22 17:00:00,39.0,66.25,42.00058889037606,0,0.4500244495377541,16.20011777807521,Low
2026-05-22 18:00:00,58.25,82.0,42.660480758284685,0,0.44241232529642377,20.182096151656935,Low
2026-05-22 19:00:00,46.75,96.25,56.829704931810156,0,0.4362157469656419,20.715940986362032,Low
2026-05-22 20:00:00,49.75,110.0,61.336685217237125,0,0.43347275622091896,22.217337043447426,Low
2026-05-22 21:00:00,55.25,115.5,56.161034410018914,0,0.42882180852267876,22.282206882003784,Low
2026-05-22 22:00:00,46.75,105.75,57.05524885346264,0,0.4244979066958376,20.76104977069253,Low
2026-05-22 23:00:00,62.0,107.25,62.22289022376129,0,0.4297128775147631,24.844578044752257,Low
2026-05-23 00:00:00,75.25,96.25,58.15877458061277,0,0.44629314769449296,26.681754916122554,Moderate
2026-05-23 01:00:00,51.75,92.25,59.29097114863575,0,0.4143305406582461,22.208194229727148,Low
2026-05-23 02:00:00,38.5,83.5,62.74740160428508,0,0.40722611641896217,20.249480320857018,Low
2026-05-23 03:00:00,35.25,82.0,55.813082840879275,0,0.3976283364725467,18.212616568175857,Low
2026-05-23 04:00:00,36.75,81.0,41.29602309816523,0,0.3881900983265887,15.609204619633045,Low
2026-05-23 05:00:00,33.5,83.5,41.71370803788165,0,0.39164995408165015,15.042741607576332,Low
2026-05-23 06:00:00,32.25,89.75,36.17684898717622,0,0.3923995549112286,13.685369797435243,Low
2026-05-23 07:00:00,45.5,101.0,35.97423019854134,0,0.40384793955754633,16.29484603970827,Low
2026-05-23 08:00:00,53.75,89.5,54.69154504280947,0,0.42106732909318306,21.688309008561895,Low
2026-05-23 09:00:00,50.0,89.25,48.682282091055455,0,0.4334190313227246,19.73645641821109,Low
2026-05-23 10:00:00,56.0,82.25,42.275155467295896,0,0.43888526370053016,19.65503109345918,Low
2026-05-23 11:00:00,50.25,72.0,50.99197527720362,0,0.4501142014229498,20.248395055440724,Low
2026-05-23 12:00:00,46.5,67.75,49.42499582123738,0,0.4546070761168414,19.18499916424748,Low
2026-05-23 13:00:00,55.75,64.25,46.608653146010475,0,0.4671464931971199,20.471730629202096,Low
2026-05-23 14:00:00,68.0,38.75,51.59939127826612,0,0.47673945583555233,23.919878255653224,Low
2026-05-23 15:00:00,74.25,51.75,54.21311406375438,0,0.4744892891319647,25.692622812750876,Moderate
2026-05-23 16:00:00,83.5,60.75,59.00679490429946,0,0.48044125160052664,28.50135898085989,Moderate
2026-05-23 17:00:00,66.25,52.5,60.06250950783091,0,0.4638693291291447,25.262501901566182,Moderate
2026-05-23 18:00:00,82.0,44.25,60.11651122026429,0,0.4476636083382948,28.423302244052856,Moderate
2026-05-23 19:00:00,96.25,44.67,64.2510288006548,0,0.4455569592616522,32.10020576013096,Moderate
2026-05-23 20:00:00,110.0,39.75,71.9697314300292,0,0.458095194843174,36.39394628600584,Moderate
2026-05-23 21:00:00,115.5,47.25,74.89257264595854,0,0.4629103636913684,38.07851452919171,Moderate
2026-05-23 22:00:00,105.75,43.0,67.05918926634023,0,0.4568653897043566,34.561837853268045,Moderate
2026-05-23 23:00:00,107.25,44.25,77.09247281844581,0,0.47197392295888435,36.86849456368916,Moderate
2026-05-24 00:00:00,96.25,43.25,75.692567007694,0,0.4754976406806576,34.3885134015388,Moderate
2026-05-24 01:00:00,92.25,35.25,73.57249293661818,0,0.45879554252588234,33.164498587323635,Moderate
2026-05-24 02:00:00,83.5,27.25,65.0033035724647,0,0.4392647466256854,29.70066071449294,Moderate
2026-05-24 03:00:00,82.0,26.0,65.6049003508479,0,0.42513766186213126,29.52098007016958,Moderate
2026-05-24 04:00:00,81.0,24.25,66.19137227795115,0,0.41485775927435115,29.438274455590232,Moderate
2026-05-24 05:00:00,83.5,39.5,61.53704743736935,0,0.414588294097321,29.007409487473872,Moderate
2026-05-24 06:00:00,89.75,37.0,63.820613158080306,0,0.42409291508668556,30.71412263161606,Moderate
2026-05-24 07:00:00,101.0,47.0,70.43338640422799,0,0.4466200863637683,34.286677280845595,Moderate
2026-05-24 08:00:00,89.5,53.25,87.21804987131065,0,0.440940013747738,35.34360997426213,Moderate
2026-05-24 09:00:00,89.25,55.75,76.5899719288425,0,0.44467774055948495,33.167994385768495,Moderate
2026-05-24 10:00:00,82.25,52.5,81.86044676735041,0,0.45580301570981185,32.82208935347008,Moderate
2026-05-24 11:00:00,72.0,64.75,65.44917013089318,0,0.4692146300941334,27.489834026178634,Moderate
2026-05-24 12:00:00,67.75,66.25,65.41719742447538,0,0.47209686406648893,26.633439484895074,Moderate
2026-05-24 13:00:00,64.25,74.5,64.10981143091855,0,0.47523095632035783,25.67196228618371,Moderate
2026-05-24 14:00:00,38.75,76.0,57.83593378428689,0,0.47395076011493265,19.317186756857378,Low
2026-05-24 15:00:00,51.75,79.5,55.427857871278526,0,0.47135589414579787,21.435571574255704,Low
2026-05-24 16:00:00,60.75,79.0,62.11737678268603,0,0.47920783435619063,24.57347535653721,Low
2026-05-24 17:00:00,52.5,86.75,67.87109045165623,0,0.4710633954699473,24.074218090331243,Low
2026-05-24 18:00:00,44.25,80.5,68.63217172830508,0,0.4530605753378802,22.576434345661013,Low
2026-05-24 19:00:00,44.67,74.75,62.2533128834536,0,0.4402053161460323,21.384662576690722,Low
2026-05-24 20:00:00,39.75,90.0,65.77960194345053,0,0.4401652083727028,21.105920388690105,Low
2026-05-24 21:00:00,47.25,83.75,63.40820713109253,0,0.44009567025620316,22.131641426218508,Low
2026-05-24 22:00:00,43.0,95.75,70.54551314189155,0,0.4418470907905137,22.70910262837831,Low
2026-05-24 23:00:00,44.25,85.25,62.87471447838799,0,0.4563077716342253,21.424942895677596,Low
2026-05-25 00:00:00,43.25,168.5,62.83984485938324,0,0.46243897498470693,21.21796897187665,Low
2026-05-25 01:00:00,35.25,130.0,59.713733067199975,0,0.4450604609439792,18.992746613439994,Low
2026-05-25 02:00:00,27.25,42.0,49.67415525588389,0,0.442314417734979,15.384831051176779,Low
2026-05-25 03:00:00,26.0,14.25,41.92476364262734,0,0.4320924438836489,13.584952728525469,Low
2026-05-25 04:00:00,24.25,11.25,40.96127837076644,0,0.4272057904214802,13.042255674153287,Low
2026-05-25 05:00:00,39.5,11.0,40.22505323014045,0,0.4169585916042843,15.94501064602809,Low
2026-05-25 06:00:00,37.0,17.75,48.25475131337074,0,0.4044813041996961,17.05095026267415,Low
2026-05-25 07:00:00,47.0,30.0,43.859750931820685,0,0.403297096457634,18.171950186364136,Low
2026-05-25 08:00:00,53.25,33.25,55.053813793217465,0,0.4123954790973031,21.660762758643493,Low
2026-05-25 09:00:00,55.75,35.75,55.654723482564926,0,0.44085558395142294,22.280944696512986,Low
2026-05-25 10:00:00,52.5,35.25,54.12128941938849,0,0.45165347175443016,21.3242578838777,Low
2026-05-25 11:00:00,64.75,36.75,53.67574253834676,0,0.46377358989018314,23.685148507669354,Low
2026-05-25 12:00:00,66.25,48.75,56.61546575333446,0,0.4715132548145822,24.573093150666892,Low
2026-05-25 13:00:00,74.5,52.75,58.8069376553906,0,0.4826717592897811,26.66138753107812,Moderate
2026-05-25 14:00:00,76.0,49.75,51.284288634040294,0,0.48912457236125145,25.45685772680806,Moderate
2026-05-25 15:00:00,79.5,54.25,57.43895225989116,0,0.4889398659794619,27.387790451978233,Moderate
2026-05-25 16:00:00,79.0,45.25,62.95373540855384,0,0.4896543498055668,28.390747081710767,Moderate
2026-05-25 17:00:00,86.75,37.25,61.96980170657828,0,0.4916221329932096,29.743960341315656,Moderate
2026-05-25 18:00:00,80.5,24.25,62.7527792359699,0,0.47269533844811024,28.65055584719398,Moderate
2026-05-25 19:00:00,74.75,25.25,68.35540249667542,0,0.45727592219186536,28.621080499335086,Moderate
2026-05-25 20:00:00,90.0,34.75,77.42230996087243,0,0.47228727032037665,33.48446199217449,Moderate
2026-05-25 21:00:00,83.75,28.5,68.47379048309327,0,0.4679025548423682,30.444758096618653,Moderate
2026-05-25 22:00:00,95.75,45.75,71.25791931818185,0,0.4822501574741707,33.40158386363637,Moderate
2026-05-25 23:00:00,85.25,76.25,79.97685391627186,0,0.4706383739010758,33.04537078325437,Moderate
2026-05-26 00:00:00,168.5,51.25,69.70408631636327,0,0.5247770004420389,47.64081726327266,Moderate
2026-05-26 01:00:00,130.0,39.25,57.062505240264095,0,0.5038051302064217,37.41250104805282,Moderate
2026-05-26 02:00:00,42.0,35.0,54.16800404244307,0,0.4269024195818375,19.233600808488617,Low
2026-05-26 03:00:00,14.25,26.75,54.23922813093307,0,0.4325302437058547,13.697845626186615,Low
2026-05-26 04:00:00,11.25,25.0,37.43179855657121,0,0.43321374848079525,9.736359711314243,Low
2026-05-26 05:00:00,11.0,25.0,39.04952030843044,0,0.41664019971585375,10.009904061686086,Low
2026-05-26 06:00:00,17.75,25.75,37.38734094085874,0,0.40232546164523453,11.02746818817175,Low
2026-05-26 07:00:00,30.0,27.0,42.29594634601854,0,0.3934336872016656,14.459189269203707,Low
2026-05-26 08:00:00,33.25,23.5,48.63406311135342,0,0.40886249782803386,16.376812622270684,Low
2026-05-26 09:00:00,35.75,21.25,51.831473982473646,0,0.42407099572609885,17.516294796494726,Low
2026-05-26 10:00:00,35.25,27.75,58.644571537910004,0,0.43292613584834144,18.778914307582003,Low
2026-05-26 11:00:00,36.75,29.75,59.340289199667595,0,0.44567470898572303,19.21805783993352,Low
2026-05-26 12:00:00,48.75,161.0,45.189453985322146,0,0.457493154717024,18.787890797064428,Low
2026-05-26 13:00:00,52.75,53.5,51.5537578098652,0,0.46237043135851347,20.86075156197304,Low
2026-05-26 14:00:00,49.75,30.25,64.79896331331358,0,0.45860923751039645,22.909792662662714,Low
2026-05-26 15:00:00,54.25,32.0,66.76116156671264,0,0.47538005531717303,24.202232313342527,Low
2026-05-26 16:00:00,45.25,33.0,102.06850901879974,0,0.471858059685741,29.46370180375995,Moderate
2026-05-26 17:00:00,37.25,30.5,131.22661739126633,0,0.4628861097222385,33.695323478253265,Moderate
2026-05-26 18:00:00,24.25,26.25,46.52751377815025,0,0.465609217091564,14.155502755630051,Low
2026-05-26 19:00:00,25.25,25.75,46.20631175737417,0,0.45247296972560885,14.291262351474835,Low
2026-05-26 20:00:00,34.75,28.5,50.3551864321432,0,0.443175038707832,17.021037286428637,Low
2026-05-26 21:00:00,28.5,34.0,47.68690295154743,0,0.4442097377107199,15.237380590309487,Low
2026-05-26 22:00:00,45.75,32.5,51.26780266894585,0,0.42088995240556437,19.403560533789168,Low
2026-05-26 23:00:00,76.25,29.5,59.975685638144675,0,0.4376893247342453,27.245137127628936,Moderate
2026-05-27 00:00:00,51.25,23.25,76.6995189393552,0,0.41848197096358786,25.58990378787104,Moderate
2026-05-27 01:00:00,39.25,24.5,63.45018037487897,0,0.3950202792495817,20.540036074975795,Low
2026-05-27 02:00:00,35.0,16.0,50.09181487572687,0,0.3928553139141919,17.018362975145372,Low
2026-05-27 03:00:00,26.75,16.75,41.0215420572967,0,0.38133814899993257,13.554308411459342,Low
2026-05-27 04:00:00,25.0,14.5,26.840038099369252,0,0.3764562421192329,10.36800761987385,Low
2026-05-27 05:00:00,25.0,9.0,28.54165951459839,0,0.3762740947180292,10.708331902919678,Low
2026-05-27 06:00:00,25.75,10.25,28.45929402097127,0,0.37558940917664135,10.841858804194255,Low
2026-05-27 07:00:00,27.0,11.75,31.19715177618558,0,0.38115128964710415,11.639430355237117,Low
2026-05-27 08:00:00,23.5,17.0,34.21355693529571,0,0.3808511387120811,11.542711387059143,Low
2026-05-27 09:00:00,21.25,32.5,31.721384805683023,0,0.386932591201742,10.594276961136604,Low
2026-05-27 10:00:00,27.75,57.0,29.559399909647503,0,0.39252264167976136,11.461879981929503,Low
2026-05-27 11:00:00,29.75,89.75,37.19510210867159,0,0.41709460760870387,13.389020421734317,Low
2026-05-27 12:00:00,161.0,96.5,42.64709182913637,1,0.5647613673845346,60.72941836582728,High
2026-05-27 13:00:00,53.5,104.0,73.43410676096953,0,0.5047525047849677,25.386821352193905,Moderate
2026-05-27 14:00:00,30.25,98.25,52.02260574559065,0,0.5046161263403194,16.454521149118133,Low
2026-05-27 15:00:00,32.0,80.75,44.84118377681871,0,0.5051636516202354,15.368236755363743,Low
2026-05-27 16:00:00,33.0,64.5,42.00023977319381,0,0.5034726592330838,15.000047954638763,Low
2026-05-27 17:00:00,30.5,55.25,40.396905351444154,0,0.5009494408332061,14.179381070288832,Low
2026-05-27 18:00:00,26.25,54.75,41.29613471820073,0,0.4973546071325609,13.509226943640147,Low
2026-05-27 19:00:00,25.75,55.25,39.66106727422801,0,0.5088335122738467,13.082213454845602,Low
2026-05-27 20:00:00,28.5,59.25,44.180248092065966,0,0.5190973889519389,14.536049618413193,Low
2026-05-27 21:00:00,34.0,54.75,43.319433518380606,0,0.5291229526021887,15.463886703676122,Low
2026-05-27 22:00:00,32.5,48.0,51.61286098064272,0,0.520505695930473,16.822572196128547,Low
2026-05-27 23:00:00,29.5,49.5,55.68176285207153,0,0.5002981010129067,17.036352570414305,Low
2026-05-28 00:00:00,23.25,39.75,53.14703300316136,0,0.495923666371655,15.279406600632273,Low
2026-05-28 01:00:00,24.5,49.0,35.25888472113377,0,0.48280435464883026,11.951776944226754,Low
2026-05-28 02:00:00,16.0,25.75,29.669975961844525,0,0.4961970008905796,9.133995192368905,Low
2026-05-28 03:00:00,16.75,24.5,28.008049090977195,0,0.4910017694192565,8.951609818195438,Low
2026-05-28 04:00:00,14.5,13.0,28.659711592911517,0,0.4936054717554757,8.631942318582304,Low
2026-05-28 08:00:00,17.0,10.67,29.513290058155363,0,0.4950516497709916,9.302658011631072,Low
2026-05-28 09:00:00,32.5,15.5,29.816632240365845,0,0.5095034345165118,12.463326448073168,Low
2026-05-28 10:00:00,57.0,19.25,44.795770683158814,0,0.5130790581711506,20.359154136631762,Low
2026-05-28 11:00:00,89.75,16.5,43.31712470538724,0,0.5307312007264123,26.613424941077447,Moderate
2026-05-28 12:00:00,96.5,21.0,69.6850248909906,0,0.5385485949370596,33.23700497819812,Moderate
2026-05-28 13:00:00,104.0,21.25,166.2765236709198,1,0.5439980070100306,74.05530473418396,High
2026-05-28 14:00:00,98.25,19.5,40.73928534391535,1,0.5482718618317752,47.797857068783074,Moderate
2026-05-28 15:00:00,80.75,17.25,50.24088871504312,0,0.5360455765680571,26.19817774300862,Moderate
2026-05-28 16:00:00,64.5,17.0,54.13135051689867,0,0.5330758901207142,23.726270103379733,Low
2026-05-28 17:00:00,55.25,17.0,52.36609316077439,0,0.5337416217194851,21.52321863215488,Low
2026-05-28 18:00:00,54.75,18.75,48.8184562006116,0,0.5350472043027843,20.71369124012232,Low
2026-05-28 19:00:00,55.25,22.75,55.087647468100116,0,0.5316588018280298,22.067529493620025,Low
2026-05-28 20:00:00,59.25,34.0,56.55898369107747,0,0.5308747126175642,23.161796738215493,Low
2026-05-28 21:00:00,54.75,36.75,59.31147592998258,0,0.5304387745821252,22.812295185996515,Low
2026-05-28 22:00:00,48.0,31.0,65.31936719772352,0,0.532154233451476,22.6638734395447,Low
2026-05-28 23:00:00,49.5,29.25,66.50732411095963,0,0.5396804830088204,23.201464822191927,Low
2026-05-29 00:00:00,39.75,38.25,66.50907236495219,1,0.5474360031247075,41.25181447299044,Moderate
2026-05-29 01:00:00,49.0,56.0,53.19688591271689,0,0.531027686509404,20.439377182543378,Low
2026-05-29 02:00:00,25.75,20.25,51.80834486348437,0,0.5339675254195069,15.511668972696874,Low
2026-05-29 03:00:00,24.5,8.75,38.555488937824975,0,0.4758674065797897,12.611097787564995,Low
2026-05-29 04:00:00,13.0,9.75,39.71917215884255,0,0.4926350157263325,10.54383443176851,Low
2026-06-01 08:00:00,25.25,46.25,39.991168794783356,0,0.3943807208496959,13.04823375895667,Low
2026-06-01 09:00:00,26.0,52.5,36.90019500350882,0,0.3948028347714041,12.580039000701763,Low
2026-06-01 10:00:00,35.25,75.5,35.04628291056601,0,0.3892571276389113,14.059256582113203,Low
2026-06-01 11:00:00,53.0,68.0,38.22103597223058,0,0.390460168884883,18.24420719444612,Low
2026-06-01 12:00:00,41.25,64.5,38.43440959040962,0,0.3947392621668461,15.936881918081925,Low
2026-06-01 13:00:00,32.0,49.75,42.46493192810931,0,0.40503393121602543,14.892986385621862,Low
2026-06-01 14:00:00,41.0,53.0,37.14622729711885,0,0.4098960738973296,15.62924545942377,Low
2026-06-01 15:00:00,36.5,57.5,43.67311379939672,0,0.41169505983368054,16.034622759879344,Low
2026-06-01 16:00:00,27.5,52.25,48.02885476542234,0,0.4069452019399488,15.105770953084466,Low
2026-06-01 17:00:00,27.75,60.75,34.802140263466704,0,0.4021725751427855,12.510428052693342,Low
2026-06-01 18:00:00,34.25,65.25,38.58657061934071,0,0.4050513493751462,14.567314123868144,Low
2026-06-01 19:00:00,55.25,68.75,46.59263785600253,0,0.40209064555988133,20.36852757120051,Low
2026-06-01 20:00:00,67.5,73.25,50.37237612433865,0,0.4071829532032527,23.57447522486773,Low
2026-06-01 21:00:00,75.75,91.0,50.11739330808084,0,0.4092779029664748,25.173478661616166,Moderate
2026-06-01 22:00:00,76.0,87.75,52.605934132996666,0,0.4141178670846615,25.721186826599332,Moderate
2026-06-01 23:00:00,58.0,74.0,55.80186343193846,0,0.41368451019182473,22.76037268638769,Low
2026-06-02 00:00:00,54.0,64.25,49.50031999389501,0,0.4071042511065017,20.700063998779004,Low
2026-06-02 01:00:00,36.75,57.0,47.644682525393385,0,0.3951529703049249,16.878936505078677,Low
2026-06-02 02:00:00,29.75,62.75,52.42581800148856,0,0.39366144165162037,16.43516360029771,Low
2026-06-02 03:00:00,22.75,74.25,49.57794332246429,0,0.3994807716450098,14.46558866449286,Low
2026-06-02 04:00:00,26.25,58.25,52.792170569678525,0,0.3858001517085851,15.808434113935704,Low
2026-06-02 05:00:00,31.25,82.0,53.584237230332704,0,0.38405987115098345,16.966847446066538,Low
2026-06-02 06:00:00,36.75,74.25,45.53281566025299,0,0.3842868620993652,16.456563132050597,Low
2026-06-02 07:00:00,41.25,79.5,46.13115074948805,0,0.3918641025629372,17.47623014989761,Low
2026-06-02 08:00:00,46.25,70.5,41.5119334437117,0,0.40459724156289706,17.552386688742338,Low
2026-06-02 09:00:00,52.5,60.5,40.05313109693529,0,0.41621992684319786,18.510626219387056,Low
2026-06-02 10:00:00,75.5,61.5,42.454454528334935,0,0.43304913081391605,23.59089090566699,Low
2026-06-02 11:00:00,68.0,70.5,65.85604787727351,0,0.435860605483908,26.771209575454705,Moderate
2026-06-02 12:00:00,64.5,64.25,46.18873539358205,0,0.43770003862908646,22.13774707871641,Low
2026-06-02 13:00:00,49.75,67.5,42.11892270248698,0,0.42324708400242983,18.373784540497397,Low
2026-06-02 14:00:00,53.0,69.0,43.421747253428876,0,0.43031980508117523,19.284349450685777,Low
2026-06-02 15:00:00,57.5,64.0,44.40531165216408,0,0.44906834926833455,20.381062330432815,Low
2026-06-02 16:00:00,52.25,57.25,44.33408177551325,0,0.4343014957518031,19.31681635510265,Low
2026-06-02 17:00:00,60.75,73.75,52.075762156419685,0,0.426344498941228,22.565152431283934,Low
2026-06-02 18:00:00,65.25,69.5,61.985071623977866,0,0.41412968924361127,25.44701432479557,Moderate
2026-06-02 19:00:00,68.75,69.5,84.52877930485175,0,0.41490858016002036,30.655755860970352,Moderate
2026-06-02 20:00:00,73.25,106.5,79.34404768659546,0,0.4231822024873103,30.518809537319093,Moderate
2026-06-02 21:00:00,91.0,98.0,67.93730880984874,0,0.43985791283641396,31.787461761969748,Moderate
2026-06-02 22:00:00,87.75,75.0,84.77381657441867,0,0.433870909808334,34.50476331488373,Moderate
2026-06-02 23:00:00,74.0,66.0,79.19406912031819,0,0.4264522836402716,30.63881382406364,Moderate
2026-06-03 00:00:00,64.25,83.5,72.18925718783764,0,0.4185849955366669,27.287851437567525,Moderate
2026-06-03 01:00:00,57.0,85.25,48.092680591681706,0,0.4074723857459077,21.018536118336343,Low
2026-06-03 02:00:00,62.75,92.25,45.06846681249928,0,0.40183833986377554,21.563693362499855,Low
2026-06-03 03:00:00,74.25,58.25,42.424723674955125,0,0.4016512460811322,23.334944734991026,Low
2026-06-03 04:00:00,58.25,53.75,42.95953449490745,0,0.3879651658345611,20.24190689898149,Low
2026-06-03 05:00:00,82.0,41.5,44.76598676009463,0,0.3995960419608854,25.353197352018924,Moderate
2026-06-03 06:00:00,74.25,89.5,48.14100642328254,0,0.39730279484463227,24.47820128465651,Low
2026-06-03 07:00:00,79.5,69.5,47.70369198793575,0,0.4153112706592742,25.44073839758715,Moderate
2026-06-03 08:00:00,70.5,65.75,63.89195605685362,0,0.4217834844318109,26.878391211370726,Moderate
2026-06-03 09:00:00,60.5,66.0,71.01099663316327,0,0.4273571259471449,26.302199326632653,Moderate
2026-06-03 10:00:00,61.5,77.75,68.27478743822296,0,0.4351813333433735,25.95495748764459,Moderate
2026-06-03 11:00:00,70.5,68.25,65.29139339657331,0,0.442239836027502,27.158278679314662,Moderate
2026-06-03 12:00:00,64.25,66.75,67.28899524847567,0,0.43618012551007684,26.307799049695134,Moderate
2026-06-03 13:00:00,67.5,75.5,62.0633867967729,0,0.44302919803462826,25.912677359354582,Moderate
2026-06-03 14:00:00,69.0,76.0,61.81274462032465,0,0.43968307228312625,26.16254892406493,Moderate
2026-06-03 15:00:00,64.0,57.5,64.21172525754373,0,0.4400096640253235,25.642345051508748,Moderate
2026-06-03 16:00:00,57.25,69.0,71.95208172011696,0,0.43097636511572557,25.840416344023392,Moderate
2026-06-03 17:00:00,73.75,40.75,70.48423845534019,0,0.4347760731677263,28.846847691068035,Moderate
2026-06-03 18:00:00,69.5,33.25,67.50146799814908,0,0.42226517498817584,27.400293599629812,Moderate
2026-06-03 19:00:00,69.5,45.0,67.54690822193503,0,0.4163258821221812,27.409381644387004,Moderate
2026-06-03 20:00:00,106.5,39.75,64.80068704043404,0,0.44916378278259433,34.260137408086806,Moderate
2026-06-03 21:00:00,98.0,79.25,90.34239062767531,0,0.44113802752428843,37.66847812553506,Moderate
2026-06-03 22:00:00,75.0,78.75,85.37769291933576,0,0.4229508832844125,32.07553858386715,Moderate
2026-06-03 23:00:00,66.0,55.25,74.03493046287608,0,0.4242301186185888,28.006986092575218,Moderate
2026-06-04 00:00:00,83.5,51.0,67.71660839736238,0,0.4425772931908453,30.243321679472473,Moderate
2026-06-04 01:00:00,85.25,54.75,70.80604573311763,0,0.43723509363759355,31.211209146623524,Moderate
2026-06-04 02:00:00,92.25,51.75,84.13270473937803,0,0.4370829794719641,35.2765409478756,Moderate
2026-06-04 03:00:00,58.25,66.0,91.19591090136572,0,0.40482562903491726,29.889182180273146,Moderate
2026-06-04 04:00:00,53.75,69.0,57.29899258724477,0,0.3985783094642239,22.209798517448952,Low
2026-06-04 05:00:00,41.5,33.75,63.737911887836624,0,0.3981270346777602,21.047582377567323,Low
2026-06-04 06:00:00,89.5,23.5,59.496200171063926,0,0.42444571473540466,29.799240034212787,Moderate
2026-06-04 07:00:00,69.5,23.0,88.5965657803421,0,0.42210342897815006,31.61931315606842,Moderate
2026-06-04 08:00:00,65.75,18.0,66.49708878867082,0,0.4287233964014425,26.449417757734164,Moderate
2026-06-04 09:00:00,66.0,21.25,62.42240178145339,0,0.4320831103113322,25.684480356290678,Moderate
2026-06-04 10:00:00,77.75,21.0,65.4512347867642,0,0.44654167408458834,28.640246957352836,Moderate
2026-06-04 11:00:00,68.25,33.5,70.93471137545066,0,0.43374951879830737,27.83694227509013,Moderate
2026-06-04 12:00:00,66.75,35.75,67.57664593502459,0,0.4358607458109245,26.865329187004917,Moderate
2026-06-04 13:00:00,75.5,41.25,61.90373582481191,0,0.42129983518651554,27.48074716496238,Moderate
2026-06-04 14:00:00,76.0,37.25,65.44985522497609,0,0.43581862784798836,28.28997104499522,Moderate
2026-06-04 15:00:00,57.5,32.75,67.6116625109592,0,0.43477015081582754,25.02233250219184,Moderate
2026-06-04 16:00:00,69.0,31.25,60.011941844952915,0,0.43471079779725247,25.80238836899058,Moderate
2026-06-04 17:00:00,40.75,35.25,64.37435516416183,0,0.4239867762055368,21.024871032832365,Low
2026-06-04 18:00:00,33.25,46.5,63.2373982651144,0,0.42279039627049625,19.29747965302288,Low
2026-06-04 19:00:00,45.0,46.25,63.74561395134275,0,0.4173252218669575,21.74912279026855,Low
2026-06-04 20:00:00,39.75,51.5,65.20144428569418,0,0.4118543416578496,20.990288857138836,Low
2026-06-04 21:00:00,79.25,53.0,66.11171938103182,0,0.41873669397556224,29.07234387620636,Moderate
2026-06-04 22:00:00,78.75,48.0,81.77626585575779,0,0.42112941655878366,32.10525317115156,Moderate
2026-06-04 23:00:00,55.25,52.75,76.05848367392059,0,0.41631629035179646,26.26169673478412,Moderate
2026-06-05 00:00:00,51.0,56.5,70.32398785840633,0,0.4248828537860594,24.264797571681264,Low
2026-06-05 01:00:00,54.75,58.0,63.5078771537424,0,0.41459099959327633,23.65157543074848,Low
2026-06-05 02:00:00,51.75,58.0,67.28465337479274,0,0.41459637285656636,23.806930674958547,Low
2026-06-05 03:00:00,66.0,60.5,53.615428717310344,0,0.41439994118675827,23.923085743462067,Low
2026-06-05 04:00:00,69.0,61.0,54.95634434427767,0,0.39880203374266116,24.791268868855532,Low
2026-06-05 08:00:00,18.0,78.75,51.793925940821175,0,0.41417462551105794,13.958785188164233,Low
2026-06-05 09:00:00,21.25,65.5,51.759926008019775,0,0.4258368739385073,14.601985201603956,Low
2026-06-05 10:00:00,21.0,61.75,50.33689475902184,0,0.44325122835731456,14.267378951804368,Low
2026-06-05 11:00:00,33.5,51.0,43.41157851528364,0,0.42357617502428235,15.38231570305673,Low
2026-06-05 12:00:00,35.75,54.0,50.12761903488401,0,0.4192506343106305,17.175523806976802,Low
2026-06-05 13:00:00,41.25,48.25,51.42307186508968,0,0.41859235026730146,18.534614373017938,Low
2026-06-05 14:00:00,37.25,50.5,48.318765138920924,0,0.4264817930487572,17.113753027784185,Low
2026-06-05 15:00:00,32.75,59.75,45.93739508497246,0,0.43437429954197654,15.737479016994493,Low
2026-06-05 16:00:00,31.25,78.75,46.82287684116709,0,0.42799554503446097,15.614575368233417,Low
2026-06-05 17:00:00,35.25,56.0,39.32527602736643,0,0.4198925790189256,14.915055205473287,Low
2026-06-05 18:00:00,46.5,46.5,41.901335304602824,0,0.405604903675161,17.680267060920567,Low
2026-06-05 19:00:00,46.25,48.0,48.89321340982595,0,0.4042186282794149,19.028642681965188,Low
2026-06-05 20:00:00,51.5,52.25,49.751923650828736,0,0.4068926336603883,20.25038473016575,Low
2026-06-05 21:00:00,53.0,72.0,56.011025904993716,0,0.4083801966962983,21.802205180998744,Low
2026-06-05 22:00:00,48.0,79.25,57.07268809367797,0,0.413645677916418,21.014537618735595,Low
2026-06-05 23:00:00,52.75,75.75,56.98874086807016,0,0.4189598855434418,21.94774817361403,Low
2026-06-06 00:00:00,56.5,79.25,49.36192953876937,0,0.4277508935267704,21.17238590775387,Low
2026-06-06 01:00:00,58.0,66.5,51.91391373712253,0,0.4145485127790348,21.98278274742451,Low
2026-06-06 02:00:00,58.0,47.25,48.29037007276498,0,0.40830345598209,21.258074014552996,Low
2026-06-06 03:00:00,60.5,35.5,52.53436592375925,0,0.4041682737939126,22.606873184751848,Low
2026-06-06 04:00:00,61.0,30.75,51.59265491076138,0,0.40110562856230925,22.518530982152278,Low
2026-06-06 05:00:00,66.0,27.25,40.38353360338796,0,0.4025378714804472,21.276706720677595,Low
2026-06-06 06:00:00,66.75,37.5,41.54927952498663,0,0.40716483241014073,21.659855904997325,Low
2026-06-06 07:00:00,77.75,40.25,43.72092347594308,0,0.41600375052212,24.294184695188616,Low
2026-06-06 08:00:00,78.75,51.5,45.26212009096486,0,0.4224422965734165,24.802424018192973,Low
2026-06-06 09:00:00,65.5,48.0,43.8557225278798,0,0.4189142259247962,21.871144505575963,Low
2026-06-06 10:00:00,61.75,52.75,44.796006019237474,0,0.42958287766749353,21.309201203847493,Low
2026-06-06 11:00:00,51.0,56.5,46.2499873238833,0,0.43707472751722726,19.449997464776658,Low
2026-06-06 12:00:00,54.0,51.25,46.885962433775866,0,0.43759066867141017,20.177192486755175,Low
2026-06-06 13:00:00,48.25,54.25,47.485355644894135,0,0.4377029351993375,19.14707112897883,Low
2026-06-06 14:00:00,50.5,59.25,46.89306478986246,0,0.43730493009863874,19.478612957972494,Low
2026-06-06 15:00:00,59.75,64.25,46.170484497462255,0,0.4398489258220359,21.184096899492452,Low
2026-06-06 16:00:00,78.75,66.75,46.2132396627808,0,0.44851813635413407,24.99264793255616,Low
2026-06-06 17:00:00,56.0,72.75,51.41904787209954,0,0.4391597063209136,21.483809574419908,Low
2026-06-06 18:00:00,46.5,67.25,60.508933342141084,0,0.42724262422732817,21.401786668428215,Low
2026-06-06 19:00:00,48.0,80.25,67.1388743192057,0,0.4208832542485759,23.027774863841138,Low
2026-06-06 20:00:00,52.25,96.0,67.27893313617719,0,0.4246161353837094,23.905786627235436,Low
2026-06-06 21:00:00,72.0,99.0,67.11232359219593,0,0.42486131323750936,27.822464718439186,Moderate
2026-06-06 22:00:00,79.25,94.75,64.88828544142605,0,0.4326821236855272,28.82765708828521,Moderate
2026-06-06 23:00:00,75.75,90.5,63.29211943891974,0,0.4329037085761787,27.808423887783945,Moderate
2026-06-07 00:00:00,79.25,98.5,66.65756451445995,0,0.44616516208104195,29.18151290289199,Moderate
2026-06-07 01:00:00,66.5,78.0,65.47422231341413,0,0.42334369404860656,26.394844462682826,Moderate
2026-06-07 02:00:00,47.25,71.5,65.31510878753085,0,0.4120065487549404,22.51302175750617,Low
2026-06-07 03:00:00,35.5,66.75,59.542050373545095,0,0.4083055885292214,19.00841007470902,Low
2026-06-07 04:00:00,30.75,57.5,61.89278237509413,0,0.4029699383760128,18.528556475018824,Low
2026-06-07 05:00:00,27.25,56.0,62.99317353765911,0,0.4044136107396152,18.04863470753182,Low
2026-06-07 06:00:00,37.5,56.75,62.11586654874489,0,0.40083490570614566,19.92317330974898,Low
2026-06-07 07:00:00,40.25,66.25,95.1919463627605,0,0.4017142066539185,27.088389272552103,Moderate
2026-06-07 08:00:00,51.5,68.0,81.41098069516642,0,0.4130989225373385,26.582196139033282,Moderate
2026-06-07 09:00:00,48.0,68.5,65.34304946324274,0,0.42319682192786146,22.668609892648547,Low
2026-06-07 10:00:00,52.75,78.25,71.8044759593821,0,0.4453361340504683,24.91089519187642,Low
2026-06-07 11:00:00,56.5,102.75,54.08509300440698,0,0.4632806399854085,22.117018600881394,Low
2026-06-07 12:00:00,51.25,79.25,58.48778176105422,0,0.47124825225371586,21.947556352210846,Low
2026-06-07 13:00:00,54.25,62.25,54.48157100669858,0,0.4725808735632091,21.746314201339715,Low
2026-06-07 14:00:00,59.25,63.25,57.87714530182564,0,0.4768586214575292,23.42542906036513,Low
2026-06-07 15:00:00,64.25,89.5,60.76056838448129,0,0.4768949188108848,25.002113676896258,Moderate
2026-06-07 16:00:00,66.75,85.5,62.8739532458757,0,0.47427698212091884,25.92479064917514,Moderate
2026-06-07 17:00:00,72.75,90.25,59.47218280431933,0,0.47086571469917327,26.444436560863867,Moderate
2026-06-07 18:00:00,67.25,91.0,55.69962098829032,0,0.4583176566423598,24.589924197658064,Low
2026-06-07 19:00:00,80.25,103.5,53.444116732420106,0,0.4553355288314012,26.738823346484022,Moderate
2026-06-07 20:00:00,96.0,120.25,64.31092805874215,0,0.4621387470544661,32.06218561174843,Moderate
2026-06-07 21:00:00,99.0,112.5,80.62744155904788,0,0.46647495799721456,35.92548831180957,Moderate
2026-06-07 22:00:00,94.75,103.25,77.59541752772328,0,0.4619600771000162,34.46908350554466,Moderate
2026-06-07 23:00:00,90.5,95.25,75.2602648474792,0,0.4610691980526895,33.15205296949584,Moderate
2026-06-08 00:00:00,98.5,89.75,82.59346790713545,0,0.4908234375622991,36.21869358142709,Moderate
2026-06-08 01:00:00,78.0,76.25,79.02527059141136,0,0.46096080594944966,31.405054118282273,Moderate
2026-06-08 02:00:00,71.5,60.5,56.08058898087589,0,0.4496433948724701,25.516117796175177,Moderate
2026-06-08 03:00:00,66.75,47.0,44.89742896204214,0,0.44353233666060315,22.329485792408427,Low
2026-06-08 04:00:00,57.5,33.0,43.20682056737356,0,0.4259654909154994,20.14136411347471,Low
2026-06-08 05:00:00,56.0,42.5,41.03413973704529,0,0.42552253206316604,19.40682794740906,Low
2026-06-08 06:00:00,56.75,29.25,43.2408843529683,0,0.42533199887448064,19.99817687059366,Low
2026-06-08 07:00:00,66.25,30.25,44.439736578638446,0,0.43993148132828036,22.13794731572769,Low
2026-06-08 08:00:00,68.0,21.75,53.79244132485798,0,0.45797060955757374,24.358488264971598,Low
2026-06-08 09:00:00,68.5,30.25,51.35884152794396,0,0.4717846162911196,23.971768305588792,Low
2026-06-08 10:00:00,78.25,49.0,54.596337848908966,0,0.4579819776103012,26.569267569781793,Moderate
2026-06-08 11:00:00,102.75,56.5,65.35345166662422,0,0.4738558399939236,33.620690333324845,Moderate
2026-06-08 12:00:00,79.25,61.75,68.27700956144649,0,0.4620091713899693,29.505401912289297,Moderate
2026-06-08 13:00:00,62.25,59.5,63.89272375141881,0,0.47634177140368394,25.228544750283763,Moderate
2026-06-08 14:00:00,63.25,53.5,62.494784063586664,0,0.48663700986506847,25.14895681271733,Moderate
2026-06-08 15:00:00,89.5,67.25,61.48410991338512,0,0.5009633392773153,30.196821982677022,Moderate
2026-06-08 16:00:00,85.5,66.75,87.19501807458448,0,0.5020080350322685,34.53900361491689,Moderate
2026-06-08 17:00:00,90.25,80.25,85.7491277653818,0,0.5152625310295589,35.199825553076366,Moderate
2026-06-08 18:00:00,91.0,54.0,78.4584481788749,0,0.5201168904564922,33.89168963577498,Moderate
2026-06-08 19:00:00,103.5,63.5,87.03402945108418,0,0.49478493811409546,38.10680589021683,Moderate
2026-06-08 20:00:00,120.25,71.25,92.59113571526419,0,0.5061338159694985,42.56822714305284,Moderate
2026-06-08 21:00:00,112.5,76.25,104.03051857124382,0,0.5019040666184709,43.30610371424876,Moderate
2026-06-08 22:00:00,103.25,70.25,101.53815306867241,0,0.49525435430476544,40.95763061373448,Moderate
2026-06-08 23:00:00,95.25,54.75,92.99992775483432,0,0.48831356194070935,37.64998555096686,Moderate
2026-06-09 00:00:00,89.75,89.25,91.79837847326203,0,0.48287930285885317,36.309675694652405,Moderate
2026-06-09 01:00:00,76.25,94.25,90.96810682675465,0,0.4638355526838713,33.44362136535093,Moderate
2026-06-09 02:00:00,60.5,57.75,75.16190715665338,0,0.4550617802159549,27.13238143133068,Moderate
2026-06-09 03:00:00,47.0,74.5,62.967788240116946,0,0.42828342078805653,21.99355764802339,Low
2026-06-09 04:00:00,33.0,98.5,55.64133669910101,0,0.4323466929366681,17.728267339820203,Low
2026-06-09 05:00:00,42.5,102.0,70.71762000631452,0,0.4250869174010193,22.643524001262904,Low
2026-06-09 06:00:00,29.25,115.5,57.02582105717458,0,0.4283858822476385,17.255164211434916,Low
2026-06-09 07:00:00,30.25,102.75,66.7301630059196,0,0.4304237109675477,19.39603260118392,Low
2026-06-09 08:00:00,21.75,77.25,63.601453790787104,0,0.45140497739382723,17.07029075815742,Low
2026-06-09 09:00:00,30.25,74.75,45.5227640678591,0,0.4699656664434803,15.154552813571819,Low
2026-06-09 10:00:00,49.0,96.5,52.55903495019088,0,0.4650400238435472,20.311806990038175,Low
2026-06-09 11:00:00,56.5,107.5,55.090649884658305,0,0.4890197119139887,22.318129976931658,Low
2026-06-09 12:00:00,61.75,112.0,57.413649253431124,0,0.4970111189214307,23.832729850686228,Low
2026-06-09 13:00:00,59.5,93.25,59.885224793273444,0,0.5076862804958231,23.877044958654686,Low
2026-06-09 14:00:00,53.5,74.0,58.64534037707676,0,0.5086412486190682,22.42906807541535,Low
2026-06-09 15:00:00,67.25,76.75,53.99541597202206,0,0.5159749238168451,24.24908319440441,Low
2026-06-09 16:00:00,66.75,74.25,58.48394705807658,0,0.5080783733559396,25.046789411615315,Moderate
2026-06-09 17:00:00,80.25,80.5,59.660197450805065,0,0.4834734641803004,27.982039490161014,Moderate
2026-06-09 18:00:00,54.0,78.5,64.39420204727737,1,0.5851969983776508,43.678840409455475,Moderate
2026-06-09 19:00:00,63.5,89.75,62.18936696617731,1,0.6110296175279217,45.13787339323546,Moderate
2026-06-09 20:00:00,71.25,77.75,65.54421361188268,1,0.6284828670258277,47.35884272237654,Moderate
2026-06-09 21:00:00,76.25,93.5,68.95130256035888,1,0.6084785995920282,49.040260512071775,Moderate
2026-06-09 22:00:00,70.25,124.0,71.83776855654146,1,0.6101648161294108,48.417553711308294,Moderate
2026-06-09 23:00:00,54.75,79.0,71.65081394158274,1,0.6143832117743602,45.280162788316545,Moderate
2026-06-10 00:00:00,89.25,53.0,67.83551969939717,1,0.578362417388527,51.41710393987943,High
2026-06-10 01:00:00,94.25,153.5,83.83657573223408,1,0.5576673906542056,55.61731514644682,High
2026-06-10 02:00:00,57.75,57.0,69.91743995659199,0,0.533721888570988,25.5334879913184,Moderate
2026-06-10 03:00:00,74.5,9.0,57.064209847196544,0,0.5326191756918699,26.31284196943931,Moderate
2026-06-10 04:00:00,98.5,1.75,43.93321605873229,0,0.5389381224213342,28.486643211746458,Moderate
2026-06-10 05:00:00,102.0,11.25,49.84965468247111,0,0.5401509423968881,30.36993093649422,Moderate
2026-06-10 06:00:00,115.5,18.75,42.08456643341927,1,0.5552560204644625,51.51691328668386,High
2026-06-10 07:00:00,102.75,19.25,45.4214388001163,1,0.5664501715213488,49.63428776002326,Moderate
2026-06-10 08:00:00,77.25,24.25,44.591306442527255,1,0.5599793794025192,44.36826128850545,Moderate
2026-06-10 09:00:00,74.75,18.5,46.66420315056102,1,0.5885417508714911,44.282840630112204,Moderate
2026-06-10 10:00:00,96.5,19.5,62.98529146925397,1,0.5944412133483619,51.89705829385079,High
2026-06-10 11:00:00,107.5,21.5,75.02746014056488,1,0.5944833070968795,56.505492028112975,High
2026-06-10 12:00:00,112.0,25.25,77.9351099265899,1,0.6060618481105466,57.98702198531798,High
2026-06-10 13:00:00,93.25,22.25,76.63999176855626,1,0.5993198327544613,53.97799835371125,High
2026-06-10 14:00:00,74.0,20.25,66.9653775164432,1,0.5914396713514926,48.19307550328864,Moderate
2026-06-10 15:00:00,76.75,19.75,68.19615185810977,1,0.6001363080139394,48.98923037162196,Moderate
2026-06-10 16:00:00,74.25,18.25,71.94612219357111,1,0.6097024003640135,49.239224438714224,Moderate
2026-06-10 17:00:00,80.5,18.75,70.77588578658748,1,0.6057617158720886,50.2551771573175,High
2026-06-10 18:00:00,78.5,23.5,69.42715280571849,1,0.6040090076346171,49.5854305611437,Moderate
2026-06-10 19:00:00,89.75,21.5,73.18306210499246,1,0.5893946075861022,52.58661242099849,High
2026-06-10 20:00:00,77.75,22.0,90.46931767318699,1,0.5651409404447707,53.6438635346374,High
2026-06-10 21:00:00,93.5,21.75,78.21802084729215,1,0.5794907936567969,54.34360416945843,High
2026-06-10 22:00:00,124.0,17.75,84.8721302029457,1,0.6030135717623051,61.77442604058914,High
2026-06-10 23:00:00,79.0,18.75,85.71852240593851,1,0.6049293939179211,52.94370448118771,High
2026-06-11 00:00:00,53.0,13.5,75.30883938384927,1,0.5464292408243282,45.66176787676986,Moderate
2026-06-11 01:00:00,153.5,9.75,53.83535460591657,1,0.5870265616000012,61.467070921183314,High
2026-06-11 02:00:00,57.0,11.5,85.92206687208976,0,0.5303304775331076,28.58441337441795,Moderate
2026-06-11 03:00:00,9.0,10.25,87.52325083958577,0,0.474463877612841,19.304650167917156,Low
2026-06-11 04:00:00,1.75,6.75,50.28709811093324,0,0.47973835101472645,10.40741962218665,Low
2026-06-11 05:00:00,11.25,7.25,48.61813321471835,0,0.46313742993783014,11.973626642943671,Low
2026-06-11 06:00:00,18.75,9.5,48.11297000971622,0,0.45204869449974205,13.372594001943245,Low
2026-06-11 07:00:00,19.25,13.0,50.725366805050506,0,0.4470163293422113,13.995073361010101,Low
2026-06-11 08:00:00,24.25,21.75,54.43983502362109,0,0.4396712418532953,15.737967004724219,Low
2026-06-11 09:00:00,18.5,25.5,53.914376235513764,0,0.45738167727918266,14.48287524710275,Low
2026-06-11 10:00:00,19.5,36.0,48.88496711477338,0,0.46163552198704966,13.676993422954677,Low
2026-06-11 11:00:00,21.5,59.0,51.573365518937905,0,0.4676380450625669,14.614673103787581,Low
2026-06-11 12:00:00,25.25,42.75,45.25511195604323,0,0.4766920815204953,14.101022391208645,Low
2026-06-11 13:00:00,22.25,39.0,46.7474618307807,0,0.4884242594826815,13.79949236615614,Low
2026-06-11 14:00:00,20.25,44.0,42.17726892464863,0,0.49794949424425,12.485453784929726,Low
2026-06-11 15:00:00,19.75,40.5,59.83424029982363,0,0.48165216364310864,15.916848059964725,Low
2026-06-11 16:00:00,18.25,41.75,59.841087522045854,0,0.5408170056777143,15.618217504409172,Low
2026-06-11 17:00:00,18.75,37.25,44.546545033670014,0,0.40475632453525595,12.659309006734002,Low
2026-06-11 18:00:00,23.5,46.25,44.184786105098595,0,0.3837564408911205,13.536957221019719,Low
2026-06-11 19:00:00,21.5,52.25,47.53012805313017,0,0.3826556136985349,13.806025610626033,Low
2026-06-11 20:00:00,22.0,52.5,50.124081093906064,0,0.38629191811847496,14.424816218781212,Low
2026-06-11 21:00:00,21.75,52.75,40.90009557803308,0,0.3879948445738273,12.530019115606615,Low
2026-06-11 22:00:00,17.75,46.25,38.301570776445786,0,0.40138483392081237,11.210314155289158,Low
2026-06-11 23:00:00,18.75,41.0,35.50068667364382,0,0.40834086478681997,10.850137334728764,Low
2026-06-12 00:00:00,13.5,38.5,27.364613676265417,0,0.4146303860072565,8.172922735253083,Low
2026-06-12 01:00:00,9.75,42.75,25.865965135986816,0,0.41082241278598697,7.123193027197364,Low
2026-06-12 02:00:00,11.5,55.25,22.067669339325604,0,0.41295204384276285,6.713533867865122,Low
2026-06-12 03:00:00,10.25,67.25,24.160079357189645,0,0.4116595346630922,6.882015871437929,Low
2026-06-12 04:00:00,6.75,63.75,24.51517492597272,0,0.410501991676244,6.253034985194544,Low
2026-06-12 05:00:00,7.25,59.5,26.346152484472796,0,0.4137387608065935,6.71923049689456,Low
2026-06-12 06:00:00,9.5,56.5,28.757359971538843,0,0.4134761824757041,7.651471994307769,Low
2026-06-12 07:00:00,13.0,55.75,26.806661491166867,0,0.40337477457492565,7.961332298233373,Low
2026-06-12 08:00:00,21.75,247.5,28.528754719697595,0,0.38753337492990164,10.055750943939518,Low
2026-06-12 09:00:00,25.5,70.25,27.395637566480442,0,0.382628877361108,10.579127513296088,Low
2026-06-12 10:00:00,36.0,7.0,35.22149040514416,0,0.3815275558106523,14.24429808102883,Low
2026-06-12 11:00:00,59.0,9.75,44.146635995891614,0,0.37586403855025136,20.62932719917832,Low
2026-06-12 12:00:00,42.75,16.5,39.67704507080614,0,0.3775822276374435,16.485409014161228,Low
2026-06-12 13:00:00,39.0,22.0,99.53462420033668,0,0.38421672053579276,27.706924840067334,Moderate
2026-06-12 14:00:00,44.0,22.75,46.71758709682637,0,0.3910591308873294,18.143517419365274,Low
2026-06-12 15:00:00,40.5,23.75,97.83745742741453,0,0.392671846951582,27.66749148548291,Moderate
2026-06-12 16:00:00,41.75,47.25,79.95730218185669,0,0.3916461572794353,24.34146043637134,Low
2026-06-12 17:00:00,37.25,31.0,95.82838962862404,0,0.3887978060197866,26.615677925724807,Moderate
2026-06-12 18:00:00,46.25,36.25,135.91338411841582,0,0.3836219904247051,36.43267682368317,Moderate
2026-06-12 19:00:00,52.25,33.75,49.608718578074004,0,0.3797079757248843,20.3717437156148,Low
2026-06-12 20:00:00,52.5,33.75,65.82270722464959,0,0.3832936722728948,23.664541444929917,Low
2026-06-12 21:00:00,52.75,36.0,65.77495216211949,0,0.39462890956227287,23.704990432423898,Low
2026-06-12 22:00:00,46.25,28.0,73.74788162118381,0,0.406139108644219,23.999576324236763,Low
2026-06-12 23:00:00,41.0,26.5,77.950566113519,0,0.4157572476236982,23.790113222703802,Low
2026-06-13 00:00:00,38.5,37.25,45.87890365109907,0,0.41323154113637006,16.875780730219816,Low
2026-06-13 01:00:00,42.75,39.75,53.08987108821345,0,0.4060440118399396,19.16797421764269,Low
2026-06-13 02:00:00,55.25,52.25,45.33607373175246,0,0.40629928067174187,20.11721474635049,Low
2026-06-13 03:00:00,67.25,57.5,43.48367516390614,0,0.4092323565944384,22.14673503278123,Low
2026-06-13 04:00:00,63.75,49.25,45.02196907995742,0,0.39767784600473916,21.754393815991484,Low
2026-06-13 05:00:00,59.5,34.5,43.101469156270014,0,0.3951099049219445,20.520293831254,Low
2026-06-13 06:00:00,56.5,41.0,47.557936360608224,0,0.3923123158513438,20.811587272121642,Low
2026-06-13 07:00:00,55.75,37.75,46.157581267308274,0,0.3874472940786467,20.381516253461655,Low
2026-06-13 08:00:00,247.5,31.75,45.452235573341575,1,0.554897061184598,69.09044711466831,High
2026-06-13 09:00:00,70.25,37.5,39.03617371564718,0,0.425594026195928,21.85723474312944,Low
2026-06-13 10:00:00,7.0,34.75,42.70423811651679,0,0.4306891600025055,9.940847623303359,Low
2026-06-13 11:00:00,9.75,38.0,57.2293630061025,0,0.39663565974266884,13.3958726012205,Low
2026-06-13 12:00:00,16.5,38.0,44.03222107984609,0,0.3971752301388274,12.10644421596922,Low
2026-06-13 13:00:00,22.0,72.25,39.20005246798843,0,0.39193375624359383,12.240010493597687,Low
2026-06-13 14:00:00,22.75,48.0,44.64084618356117,0,0.40762014957056375,13.478169236712233,Low
2026-06-13 15:00:00,23.75,53.25,42.820687605464975,0,0.41206659855205946,13.314137521092995,Low
2026-06-13 16:00:00,47.25,63.5,49.21645017098443,0,0.40224575348534963,19.293290034196886,Low
2026-06-13 17:00:00,31.0,63.25,48.39995033618223,0,0.39953895942277773,15.879990067236445,Low
2026-06-13 18:00:00,36.25,60.25,69.62624666279889,0,0.3932316240647747,21.17524933255978,Low
2026-06-13 19:00:00,33.75,65.75,79.55831002366266,0,0.38857362677481444,22.661662004732534,Low
2026-06-13 20:00:00,33.75,68.0,70.73666003173655,0,0.38947302071242706,20.897332006347312,Low
2026-06-13 21:00:00,36.0,88.0,64.27282641994047,0,0.3971156668155823,20.054565283988094,Low
2026-06-13 22:00:00,28.0,89.5,157.87670808201065,0,0.403978590309599,37.17534161640213,Moderate
2026-06-13 23:00:00,26.5,76.75,61.71148596746449,0,0.40986030729937517,17.642297193492897,Low
2026-06-14 00:00:00,37.25,96.75,53.375997977589364,0,0.41623831866419897,18.125199595517874,Low
2026-06-14 01:00:00,39.75,74.25,59.90790639773825,0,0.40560637822452855,19.93158127954765,Low
2026-06-14 02:00:00,52.25,81.75,60.92368373928304,0,0.4097880471827711,22.634736747856607,Low
2026-06-14 03:00:00,57.5,83.25,65.54566806999604,0,0.4138756511044914,24.60913361399921,Low
2026-06-14 04:00:00,49.25,56.0,65.32907561599096,0,0.40672889234188253,22.915815123198193,Low
2026-06-14 05:00:00,34.5,44.25,57.97194305392,0,0.4094196443441233,18.494388610784,Low
2026-06-14 06:00:00,41.0,41.25,56.4252150974925,0,0.39825506389935095,19.485043019498498,Low
2026-06-14 07:00:00,37.75,46.0,50.037992845811615,0,0.39035250532265725,17.557598569162323,Low
2026-06-14 08:00:00,31.75,42.5,53.78134029049078,0,0.4039286768945691,17.10626805809816,Low
2026-06-14 09:00:00,37.5,44.5,46.23599035569414,0,0.4087603161406845,16.747198071138826,Low
2026-06-14 10:00:00,34.75,47.5,35.383775617666934,0,0.41367041718834346,14.026755123533386,Low
2026-06-14 11:00:00,38.0,66.5,32.706912351640156,0,0.4103966837540836,14.14138247032803,Low
2026-06-14 12:00:00,38.0,66.75,33.903557685414306,0,0.4199249629861654,14.38071153708286,Low
2026-06-14 13:00:00,72.25,92.5,34.19401966494721,0,0.430318158296023,21.288803932989445,Low
2026-06-14 14:00:00,48.0,75.25,45.24057756132754,0,0.4273636892477202,18.648115512265505,Low
2026-06-14 15:00:00,53.25,78.75,43.94746841818938,0,0.4332591378000326,19.439493683637874,Low
2026-06-14 16:00:00,63.5,87.0,54.867024348324584,0,0.43288921123107726,23.673404869664918,Low
2026-06-14 17:00:00,63.25,86.25,49.20230909917407,0,0.435520939660458,22.490461819834813,Low
2026-06-14 18:00:00,60.25,82.25,49.59151432842378,0,0.4228490375272405,21.968302865684755,Low
2026-06-14 19:00:00,65.75,88.5,57.92938913268864,0,0.41698443218639164,24.735877826537724,Low
2026-06-14 20:00:00,68.0,90.25,61.566602095651604,0,0.41560264426849297,25.913320419130322,Moderate
2026-06-14 21:00:00,88.0,95.25,62.44069666544787,0,0.4249177469276296,30.088139333089575,Moderate
2026-06-14 22:00:00,89.5,144.5,64.2788013178326,0,0.4321498918433419,30.75576026356652,Moderate
2026-06-14 23:00:00,76.75,91.5,64.02683646522489,0,0.4306229195921412,28.155367293044975,Moderate
2026-06-15 00:00:00,96.75,54.75,59.03436394531396,0,0.45560554904674844,31.156872789062795,Moderate
2026-06-15 01:00:00,74.25,47.75,52.20377486758077,0,0.42758758569389166,25.290754973516155,Moderate
2026-06-15 02:00:00,81.75,36.25,64.82419354339747,0,0.4281735572734077,29.314838708679495,Moderate
2026-06-15 03:00:00,83.25,39.0,66.51882367630094,0,0.42016090924914123,29.953764735260187,Moderate
2026-06-15 04:00:00,56.0,40.25,61.53146744328758,0,0.40976925216140164,23.50629348865752,Low
2026-06-15 05:00:00,44.25,38.5,47.40476200819156,0,0.4056157413823511,18.330952401638314,Low
2026-06-15 06:00:00,41.25,49.25,54.020099718935285,0,0.39968545827414903,19.054019943787058,Low
2026-06-15 07:00:00,46.0,55.0,52.09465163838922,0,0.40316890686453793,19.618930327677845,Low
2026-06-15 08:00:00,42.5,68.75,66.59041638327103,0,0.41144267659046657,21.818083276654207,Low
2026-06-15 09:00:00,44.5,61.25,51.43804626679161,0,0.4221150413473273,19.18760925335832,Low
2026-06-15 10:00:00,47.5,70.25,56.11549733818797,0,0.4268237098006084,20.723099467637596,Low
2026-06-15 11:00:00,66.5,81.5,57.669621345742705,0,0.4390342137213882,24.83392426914854,Low
2026-06-15 12:00:00,66.75,81.75,50.87632983979993,0,0.4428655272678438,23.525265967959985,Low
2026-06-15 13:00:00,92.5,77.75,73.29901204091335,0,0.45644008436123984,33.15980240818267,Moderate
2026-06-15 14:00:00,75.25,77.0,70.47958792456286,0,0.4513381779096662,29.14591758491257,Moderate
2026-06-15 15:00:00,78.75,94.0,80.02196186046636,0,0.45610796434104467,31.75439237209327,Moderate
2026-06-15 16:00:00,87.0,111.5,78.27357921342457,0,0.4613356101236949,33.054715842684914,Moderate
2026-06-15 17:00:00,86.25,103.0,74.73846898166771,0,0.4589020210775667,32.19769379633354,Moderate
2026-06-15 18:00:00,82.25,95.5,70.73130817926251,0,0.4426996925574663,30.5962616358525,Moderate
2026-06-15 19:00:00,88.5,93.0,77.71236715468517,0,0.44023019915253375,33.24247343093703,Moderate
2026-06-15 20:00:00,90.25,95.0,75.10900310853077,0,0.44238409642272314,33.07180062170615,Moderate
2026-06-15 21:00:00,95.25,95.75,82.11669995281876,0,0.4490444869651344,35.47333999056376,Moderate
2026-06-15 22:00:00,144.5,95.75,85.22895837174187,0,0.48426078915928555,45.94579167434837,Moderate
2026-06-15 23:00:00,91.5,94.25,95.34522701860338,0,0.43292585498047437,37.369045403720676,Moderate
2026-06-16 00:00:00,54.75,93.25,87.78303225328887,0,0.41496857975215296,28.50660645065777,Moderate
2026-06-16 01:00:00,47.75,88.75,72.004687700885,0,0.3976034781240265,23.950937540176998,Low
2026-06-16 02:00:00,36.25,78.75,67.85996783434217,0,0.39806429942652594,20.821993566868436,Low
2026-06-16 03:00:00,39.0,77.5,73.40192276029873,0,0.39630071678474155,22.480384552059746,Low
2026-06-16 04:00:00,40.25,72.0,53.89084923525591,0,0.3895273161627847,18.828169847051182,Low
2026-06-16 05:00:00,38.5,73.5,53.89775788880967,0,0.38787011380029895,18.479551577761935,Low
2026-06-16 06:00:00,49.25,77.25,48.743796607689426,0,0.3833037103074743,19.598759321537884,Low
2026-06-16 07:00:00,55.0,83.0,51.91255469746478,0,0.3886448188072487,21.382510939492953,Low
2026-06-16 08:00:00,68.75,82.75,58.419415273237284,0,0.41064841505991384,25.433883054647456,Moderate
2026-06-16 09:00:00,61.25,84.75,45.13844304268962,0,0.4210351357463284,21.277688608537925,Low
2026-06-16 10:00:00,70.25,68.5,57.759439635084625,0,0.436060805622123,25.601887927016925,Moderate
2026-06-16 11:00:00,81.5,66.25,68.64584197618096,0,0.4431116606954739,30.02916839523619,Moderate
2026-06-16 12:00:00,81.75,59.5,75.53842747325774,0,0.43978394084443334,31.45768549465155,Moderate
2026-06-16 13:00:00,77.75,53.0,79.26788901585267,0,0.4506172544112863,31.403577803170535,Moderate
2026-06-16 14:00:00,77.0,49.5,68.16850427933713,0,0.44921007618777986,29.033700855867426,Moderate
2026-06-16 15:00:00,94.0,62.5,66.90494972799304,0,0.4557820775044901,32.180989945598604,Moderate
2026-06-16 16:00:00,111.5,52.5,75.56343880290535,0,0.4758053579048719,37.41268776058107,Moderate
2026-06-16 17:00:00,103.0,43.0,90.41547885157702,0,0.4615268715746028,38.683095770315404,Moderate
2026-06-16 18:00:00,95.5,36.25,82.69596079621297,0,0.4471237595589056,35.6391921592426,Moderate
2026-06-16 19:00:00,93.0,35.0,90.98400854581905,0,0.4339377002989121,36.796801709163816,Moderate
2026-06-16 20:00:00,95.0,37.5,95.63335433894268,0,0.43495655354697915,38.12667086778853,Moderate
2026-06-16 21:00:00,95.75,38.0,94.77025507693745,0,0.4339922397134345,38.10405101538748,Moderate
2026-06-16 22:00:00,95.75,49.0,110.02761873632888,0,0.43561021965334273,41.155523747265775,Moderate
2026-06-16 23:00:00,94.25,45.25,94.75890166523637,0,0.4391135845168211,37.801780333047276,Moderate
2026-06-17 00:00:00,93.25,52.25,72.82893893762213,0,0.4353467243807592,33.21578778752442,Moderate
2026-06-17 01:00:00,88.75,48.0,65.56595725887055,0,0.4202430828638971,30.86319145177411,Moderate
2026-06-17 02:00:00,78.75,33.75,47.37898671676379,0,0.40999050768816514,25.22579734335276,Moderate
2026-06-17 03:00:00,77.5,27.75,48.76601114157218,0,0.409510636574297,25.253202228314436,Moderate
2026-06-17 04:00:00,72.0,21.25,48.61775937975357,0,0.39159280397221186,24.123551875950714,Low
2026-06-17 05:00:00,73.5,17.5,46.52625245396325,0,0.3937217173185195,24.005250490792648,Low
2026-06-17 06:00:00,77.25,20.25,61.40996428500513,0,0.3929554708048633,27.731992857001025,Moderate
2026-06-17 07:00:00,83.0,27.75,64.54738036745155,0,0.40114411766201225,29.50947607349031,Moderate
2026-06-17 08:00:00,82.75,38.0,77.00529761497418,0,0.41177692372074454,31.951059522994836,Moderate
2026-06-17 09:00:00,84.75,33.75,71.21674003432656,0,0.41990528403997995,31.193348006865314,Moderate
2026-06-17 10:00:00,68.5,38.75,78.40838833486136,0,0.424297711128421,29.381677666972273,Moderate
2026-06-17 11:00:00,66.25,47.75,53.23314048554758,0,0.42361915388042154,23.896628097109517,Low
2026-06-17 12:00:00,59.5,50.25,54.32580059722239,0,0.4224987994869266,22.765160119444474,Low
2026-06-17 13:00:00,53.0,53.5,60.119273430844245,0,0.4191705501774152,22.62385468616885,Low
2026-06-17 14:00:00,49.5,49.0,53.68895853221367,0,0.42298641838134926,20.637791706442734,Low
2026-06-17 15:00:00,62.5,56.25,55.9433401007925,0,0.4288395821150167,23.6886680201585,Low
2026-06-17 16:00:00,52.5,50.5,65.00382252873695,0,0.4219337619182132,23.50076450574739,Low
2026-06-17 17:00:00,43.0,49.0,58.80596188876048,0,0.41743297484567854,20.361192377752097,Low
2026-06-17 18:00:00,36.25,56.5,57.10203270781275,0,0.412583766786057,18.67040654156255,Low
2026-06-17 19:00:00,35.0,57.5,61.73667756555999,0,0.4124338976216072,19.347335513111997,Low
2026-06-17 20:00:00,37.5,63.0,58.860087971370376,0,0.40926576204878923,19.272017594274075,Low
2026-06-17 21:00:00,38.0,63.75,63.79589646833492,0,0.40931015386246833,20.359179293666983,Low
2026-06-17 22:00:00,49.0,80.75,63.509473484747616,0,0.4062783661763642,22.501894696949524,Low
2026-06-17 23:00:00,45.25,74.0,66.79955437446428,0,0.411626126792762,22.409910874892855,Low
2026-06-18 00:00:00,52.25,61.0,56.57053681594231,0,0.41751669350156345,21.76410736318846,Low
2026-06-18 01:00:00,48.0,73.5,59.404418063261495,0,0.40634030935633825,21.4808836126523,Low
2026-06-18 02:00:00,33.75,73.5,55.2062900435367,0,0.4052956725853287,17.791258008707338,Low
2026-06-18 03:00:00,27.75,62.25,65.62362047997917,0,0.3987823835323682,18.674724095995835,Low
2026-06-18 04:00:00,21.25,63.25,47.616451445195146,0,0.39748842893296343,13.773290289039029,Low
2026-06-18 05:00:00,17.5,47.75,39.26233593805703,0,0.4009824837970234,11.352467187611406,Low
2026-06-18 06:00:00,20.25,63.0,41.5436202909487,0,0.4029703657970692,12.358724058189742,Low
2026-06-18 07:00:00,27.75,56.0,43.14360969942553,0,0.40652132410394637,14.178721939885108,Low
2026-06-18 08:00:00,38.0,63.25,44.99593058681409,0,0.4040848166847144,16.59918611736282,Low
2026-06-18 09:00:00,33.75,66.25,41.00031728076501,0,0.42565707107103806,14.950063456153002,Low
2026-06-18 10:00:00,38.75,70.25,43.845382529035305,0,0.4165464708092097,16.51907650580706,Low
2026-06-18 11:00:00,47.75,73.5,42.28851279732958,0,0.42315270805839755,18.007702559465915,Low
2026-06-18 12:00:00,50.25,83.5,48.6577135550501,0,0.4226885678396568,19.78154271101002,Low
2026-06-18 13:00:00,53.5,85.0,44.30213172325505,0,0.4212148176030775,19.560426344651013,Low
2026-06-18 14:00:00,49.0,78.0,40.211423062640215,0,0.4201599161074749,17.842284612528044,Low
2026-06-18 15:00:00,56.25,77.75,52.619707742541905,0,0.4300128547714806,21.773941548508382,Low
2026-06-18 16:00:00,50.5,64.5,44.35707133369316,0,0.42428441569433706,18.971414266738634,Low
2026-06-18 17:00:00,49.0,60.0,33.98374538971802,0,0.41416142584452537,16.596749077943606,Low
2026-06-18 18:00:00,56.5,54.25,33.35974539740727,0,0.4094590668054514,17.971949079481455,Low
2026-06-18 19:00:00,57.5,50.5,40.72558974867724,0,0.40275038437195787,19.645117949735447,Low
2026-06-18 20:00:00,63.0,59.25,43.72608330999065,0,0.4043532436532411,21.34521666199813,Low
2026-06-18 21:00:00,63.75,52.25,44.036070418470395,0,0.4086852069397124,21.557214083694078,Low
2026-06-18 22:00:00,80.75,54.25,51.04238235175451,0,0.4256249930522992,26.3584764703509,Moderate
2026-06-18 23:00:00,74.0,51.75,53.951474440206525,0,0.4216499053066086,25.590294888041306,Moderate
2026-06-19 00:00:00,61.0,40.25,51.52393677271174,0,0.4250514210886335,22.504787354542348,Low
2026-06-19 01:00:00,73.5,33.75,44.03059479297564,0,0.41916945203177297,23.506118958595128,Low
2026-06-19 02:00:00,73.5,31.0,39.31092483270731,0,0.4126879310875969,22.56218496654146,Low
2026-06-19 03:00:00,62.25,41.0,39.25075978307442,0,0.39853666224674694,20.300151956614886,Low
2026-06-19 04:00:00,63.25,65.5,38.40064231131179,0,0.39198144627178305,20.33012846226236,Low
2026-06-19 05:00:00,47.75,45.75,39.36742991352439,0,0.384585409316784,17.423485982704875,Low
2026-06-19 06:00:00,63.0,49.25,44.046579211180855,0,0.3934459960205812,21.40931584223617,Low
2026-06-19 07:00:00,56.0,85.75,39.54353180292082,0,0.4007011525482323,19.108706360584165,Low
2026-06-19 08:00:00,63.25,63.5,40.785706175090354,0,0.41408226303394735,20.80714123501807,Low
2026-06-19 09:00:00,66.25,63.75,41.57938055198339,0,0.4298948782988666,21.56587611039668,Low
2026-06-19 10:00:00,70.25,69.75,44.84513915515194,0,0.4483961727094628,23.01902783103039,Low
2026-06-19 11:00:00,73.5,74.0,56.6365683725013,0,0.4418123053005832,26.02731367450026,Moderate
2026-06-19 12:00:00,83.5,69.5,54.56146449415009,0,0.44656415437577485,27.612292898830017,Moderate
2026-06-19 13:00:00,85.0,66.5,63.23587031952058,0,0.44575379239234525,29.647174063904117,Moderate
2026-06-19 14:00:00,78.0,109.5,60.36075968826139,0,0.4398144205714738,27.67215193765228,Moderate
2026-06-19 15:00:00,77.75,43.0,64.5477552236842,0,0.44829209715606977,28.45955104473684,Moderate
2026-06-19 16:00:00,64.5,40.5,57.98399985772625,0,0.43844232936630045,24.49679997154525,Low
2026-06-19 17:00:00,60.0,56.0,51.28606595160143,0,0.43190009878977914,22.257213190320286,Low
2026-06-19 18:00:00,54.25,57.5,59.93882437111915,0,0.4204503756128044,22.83776487422383,Low
2026-06-19 19:00:00,50.5,53.75,58.97928820067431,0,0.4151951018748543,21.895857640134864,Low
2026-06-19 20:00:00,59.25,61.5,63.83249955138497,0,0.41775420116391815,24.616499910276996,Low
2026-06-19 21:00:00,52.25,72.25,68.12322713516316,0,0.41392408340163056,24.07464542703263,Low
2026-06-19 22:00:00,54.25,74.0,66.70662823762974,0,0.4136812861447315,24.19132564752595,Low
2026-06-19 23:00:00,51.75,74.0,64.11295429554174,0,0.4201153464373306,23.172590859108347,Low
2026-06-20 00:00:00,40.25,70.0,67.21634245999745,0,0.4343752371265118,21.49326849199949,Low
2026-06-20 01:00:00,33.75,71.75,57.74057343462211,0,0.42343801380073726,18.29811468692442,Low
2026-06-20 02:00:00,31.0,72.75,75.78239817079371,0,0.4179074328271394,21.35647963415874,Low
2026-06-20 03:00:00,41.0,70.75,78.89091427187356,0,0.3982003714798241,23.97818285437471,Low
2026-06-20 04:00:00,65.5,84.25,89.08464081413861,0,0.39920563648467144,30.916928162827723,Moderate
2026-06-20 05:00:00,45.75,60.25,64.76498982492136,0,0.3917973567023769,22.102997964984272,Low
2026-06-20 06:00:00,49.25,44.0,72.78834368873643,0,0.3931577459261823,24.407668737747287,Low
2026-06-20 07:00:00,85.75,41.0,60.983974793685725,0,0.4181690924119684,29.34679495873715,Moderate
2026-06-20 08:00:00,63.5,41.0,81.15346150839268,0,0.41538614905856175,28.930692301678533,Moderate
2026-06-20 09:00:00,63.75,41.75,67.76126989781504,0,0.4380484408469933,26.302253979563005,Moderate
2026-06-20 10:00:00,69.75,48.25,62.77044972963588,0,0.4490424950672017,26.504089945927177,Moderate
2026-06-20 11:00:00,74.0,56.0,61.577032797961415,0,0.45605352020382584,27.115406559592284,Moderate
2026-06-20 12:00:00,69.5,66.25,69.69934948570554,0,0.44929528133504065,27.839869897141106,Moderate
2026-06-20 13:00:00,66.5,60.5,65.88844711609002,0,0.4428563307817888,26.477689423218003,Moderate
2026-06-20 14:00:00,109.5,58.25,62.58075753499053,0,0.4593478318571779,34.416151506998105,Moderate
2026-06-20 15:00:00,43.0,70.0,80.90193620996706,0,0.43790171822234275,24.78038724199341,Low
2026-06-20 16:00:00,40.5,66.25,55.92869221142618,0,0.43777895685845963,19.285738442285236,Low
2026-06-20 17:00:00,56.0,55.0,58.75689446074088,0,0.4379298864427505,22.951378892148178,Low
2026-06-20 18:00:00,57.5,48.75,57.78375023054581,0,0.4314458434220705,23.056750046109165,Low
2026-06-20 19:00:00,53.75,71.5,58.64528510096146,0,0.41795003334650244,22.479057020192293,Low
2026-06-20 20:00:00,61.5,73.5,61.0844637299744,0,0.4210898143551578,24.51689274599488,Low
2026-06-20 21:00:00,72.25,56.25,62.60185579536319,0,0.42244501217460656,26.97037115907264,Moderate
2026-06-20 22:00:00,74.0,64.75,66.4373440533616,0,0.4224671185555351,28.08746881067232,Moderate
2026-06-20 23:00:00,74.0,63.75,66.34354204455053,0,0.4270679019179154,28.068708408910105,Moderate
2026-06-21 00:00:00,70.0,40.5,44.15894877499084,0,0.44546239760156303,22.83178975499817,Low
2026-06-21 01:00:00,71.75,35.0,43.90752755523271,0,0.4342030420668739,23.131505511046544,Low
2026-06-21 02:00:00,72.75,27.5,45.1431051503668,0,0.42963526055427365,23.57862103007336,Low
2026-06-21 03:00:00,70.75,26.0,42.74133543880132,0,0.41612289476748754,22.698267087760264,Low
2026-06-21 04:00:00,84.25,30.5,60.97423094085016,0,0.4173801527494137,29.044846188170034,Moderate
2026-06-21 05:00:00,60.25,36.5,49.43211314532015,0,0.40018160495883226,21.936422629064033,Low
2026-06-21 06:00:00,44.0,51.25,51.16431171139739,0,0.4022093403097135,19.03286234227948,Low
2026-06-21 07:00:00,41.0,59.25,58.47942001736211,0,0.4019404813277803,19.89588400347242,Low
2026-06-21 08:00:00,41.0,43.25,54.69110730687811,0,0.40862984218337245,19.138221461375622,Low
2026-06-21 09:00:00,41.75,37.25,53.67280905761319,0,0.41794037391785943,19.08456181152264,Low
2026-06-21 10:00:00,48.25,45.5,55.63034984467766,0,0.42951500619392785,20.77606996893553,Low
2026-06-21 11:00:00,56.0,53.0,60.87185280620247,0,0.44279199657267304,23.374370561240497,Low
2026-06-21 12:00:00,66.25,59.25,60.31515354928826,0,0.44882329844027213,25.31303070985765,Moderate
2026-06-21 13:00:00,60.5,71.0,66.31817225739552,0,0.44285116939813085,25.3636344514791,Moderate
2026-06-21 14:00:00,58.25,61.75,67.89960868842236,0,0.44694067585547276,25.22992173768447,Moderate
2026-06-21 15:00:00,70.0,85.0,47.53323199170924,0,0.45777142422058814,23.50664639834185,Low
2026-06-21 16:00:00,66.25,83.25,45.98018529823817,0,0.4593581442639305,22.446037059647633,Low
2026-06-21 17:00:00,55.0,65.75,64.13032604912516,0,0.4467806073870534,23.826065209825032,Low
2026-06-21 18:00:00,48.75,63.5,61.348801116840875,0,0.440094047412279,22.019760223368174,Low
2026-06-21 19:00:00,71.5,59.75,58.25319729166918,0,0.4386229976477416,25.950639458333832,Moderate
2026-06-21 20:00:00,73.5,61.5,64.29758535284647,0,0.43588870192191054,27.559517070569292,Moderate
2026-06-21 21:00:00,56.25,60.0,68.14207411618116,0,0.4320494993686845,24.878414823236234,Low
2026-06-21 22:00:00,64.75,53.25,66.11662188895343,0,0.4401949613530616,26.173324377790685,Moderate
2026-06-21 23:00:00,63.75,55.25,71.2895668518049,0,0.4369397201874504,27.00791337036098,Moderate
2026-06-22 00:00:00,40.5,64.25,72.13277026072497,0,0.44170309193411567,22.526554052144995,Low
2026-06-22 01:00:00,35.0,70.5,62.556987516829324,0,0.42363281006122555,19.511397503365863,Low
2026-06-22 02:00:00,27.5,64.25,83.53123355735335,0,0.4216726309455437,22.20624671147067,Low
2026-06-22 03:00:00,26.0,58.75,48.485586547913584,0,0.4204346652921265,14.897117309582718,Low
2026-06-22 04:00:00,30.5,50.5,45.37822321090674,0,0.41058040280848346,15.175644642181346,Low
2026-06-22 05:00:00,36.5,48.0,55.00011773210875,0,0.40287969835850157,18.300023546421748,Low
2026-06-22 06:00:00,51.25,137.75,50.517927263686275,0,0.40467709304974586,20.353585452737256,Low
2026-06-22 07:00:00,59.25,236.0,45.58173338448709,0,0.4175108524642143,20.96634667689742,Low
2026-06-22 08:00:00,43.25,58.0,43.43206224167141,0,0.4313875203710934,17.336412448334283,Low
2026-06-22 09:00:00,37.25,53.5,47.771991108712,0,0.4432822842805951,17.004398221742402,Low
2026-06-22 10:00:00,45.5,50.0,49.07934259706498,0,0.4419275001065272,18.915868519412996,Low
2026-06-22 11:00:00,53.0,69.75,49.96351115476386,0,0.4430440751924869,20.592702230952774,Low
2026-06-22 12:00:00,59.25,60.5,56.64935781947792,0,0.4491400995247973,23.179871563895585,Low
2026-06-22 13:00:00,71.0,57.25,67.37494352288269,0,0.4520726067734434,27.67498870457654,Moderate
2026-06-22 14:00:00,61.75,59.75,66.19310397211665,0,0.454561318761193,25.588620794423328,Moderate
2026-06-22 15:00:00,85.0,47.25,59.94901362399649,0,0.4614524635792309,28.989802724799297,Moderate
2026-06-22 16:00:00,83.25,50.5,70.84945015863849,0,0.46861571274107894,30.819890031727695,Moderate
2026-06-22 17:00:00,65.75,45.25,68.21692253143262,0,0.45166001903118924,26.79338450628652,Moderate
2026-06-22 18:00:00,63.5,37.75,63.28921546590659,0,0.4431781491110369,25.357843093181316,Moderate
2026-06-22 19:00:00,59.75,32.25,69.77947852475833,0,0.4375500178056189,25.905895704951668,Moderate
2026-06-22 20:00:00,61.5,36.25,70.59259001988562,0,0.43517346755366204,26.418518003977123,Moderate
2026-06-22 21:00:00,60.0,38.75,63.37107824743212,0,0.43707843454473877,24.674215649486424,Low
2026-06-22 22:00:00,53.25,43.75,65.9686280735274,0,0.43597695859429814,23.843725614705477,Low
2026-06-22 23:00:00,55.25,59.67,61.712052641167766,0,0.4324945000520937,23.392410528233555,Low
2026-06-23 00:00:00,64.25,74.0,46.52362171184966,0,0.43288713664656,22.15472434236993,Low
2026-06-23 01:00:00,70.5,73.0,42.76055766272193,0,0.42338480118806326,22.65211153254439,Low
2026-06-23 02:00:00,64.25,113.25,41.90645697570349,0,0.41125069332607717,21.231291395140698,Low
2026-06-23 03:00:00,58.75,160.5,43.73292677228307,0,0.3999120126220776,20.496585354456613,Low
2026-06-23 04:00:00,50.5,59.0,45.76123151180868,0,0.39266369830256626,19.252246302361733,Low
2026-06-23 05:00:00,48.0,23.75,49.96033312074192,0,0.39140591397307006,19.592066624148384,Low
2026-06-23 06:00:00,137.75,33.0,55.858700150226795,0,0.45304038803898405,38.72174003004535,Moderate
2026-06-23 07:00:00,236.0,34.0,80.85387032930593,0,0.5287162965082357,56.17077406586119,High
2026-06-23 08:00:00,58.0,35.0,46.15826769453857,0,0.4016811193089245,20.831653538907716,Low
2026-06-23 09:00:00,53.5,40.0,42.22354880315761,0,0.41307875454287246,19.14470976063152,Low
2026-06-23 10:00:00,50.0,36.33,52.541292161479234,0,0.42129512626631593,20.508258432295847,Low
2026-06-23 11:00:00,69.75,27.5,56.15896542216268,0,0.43341202736277334,25.181793084432535,Moderate
2026-06-23 12:00:00,60.5,28.75,70.50825747123935,0,0.4315352532876064,26.20165149424787,Moderate
2026-06-23 13:00:00,57.25,33.5,82.54693599429335,0,0.4351690097616955,27.959387198858668,Moderate
2026-06-23 14:00:00,59.75,27.5,71.16412524143979,0,0.4452936232749336,26.18282504828796,Moderate
2026-06-23 15:00:00,47.25,31.25,80.6464645762536,0,0.4426212279550126,25.579292915250722,Moderate
2026-06-23 16:00:00,50.5,34.5,67.70161934994506,0,0.4466052493245197,23.64032386998901,Low
2026-06-23 17:00:00,45.25,35.75,68.67980027849741,0,0.4386026794844029,22.785960055699483,Low
2026-06-23 18:00:00,37.75,37.25,54.08861662894186,0,0.43823166551424275,18.367723325788372,Low
2026-06-23 19:00:00,32.25,38.0,54.779977708214844,0,0.4317408533920175,17.40599554164297,Low
2026-06-23 20:00:00,36.25,41.5,51.18150560184227,0,0.4264105640618243,17.486301120368452,Low
2026-06-23 21:00:00,38.75,55.25,46.99971313769634,0,0.42578083346050244,17.149942627539268,Low
2026-06-23 22:00:00,43.75,52.0,54.422513517217766,0,0.42744043117668423,19.63450270344355,Low
2026-06-23 23:00:00,59.67,46.75,57.853210655575545,0,0.43315299971056365,23.504642131115112,Low
2026-06-24 00:00:00,74.0,57.75,71.02971594239895,0,0.43721089221420895,29.00594318847979,Moderate
2026-06-24 01:00:00,73.0,54.25,76.1926027806186,0,0.4135281331292296,29.83852055612372,Moderate
2026-06-24 02:00:00,113.25,49.0,75.17734866708,0,0.4453360253467827,37.685469733416,Moderate
2026-06-24 03:00:00,160.5,59.0,86.36342128604451,0,0.4691094285957401,49.3726842572089,Moderate
2026-06-24 04:00:00,59.0,58.5,81.41937625748606,0,0.38654419059841966,28.08387525149721,Moderate
2026-06-24 05:00:00,23.75,39.5,59.23006868996988,0,0.38876650640268356,16.596013737993978,Low
2026-06-24 06:00:00,33.0,26.75,51.11200120944033,0,0.3825071362667824,16.822400241888065,Low
2026-06-24 07:00:00,34.0,26.0,62.61444405176941,0,0.38119495649680907,19.322888810353884,Low
2026-06-24 08:00:00,35.0,33.25,49.40093021640577,0,0.38467834132587486,16.880186043281153,Low
2026-06-24 09:00:00,40.0,25.0,47.05128916436223,0,0.3910949817262708,17.410257832872446,Low
2026-06-24 10:00:00,36.33,38.75,47.23816139137441,0,0.40456097232575744,16.713632278274883,Low
2026-06-24 11:00:00,27.5,42.75,51.14217484910936,0,0.4215784932402939,15.72843496982187,Low
2026-06-24 12:00:00,28.75,48.75,44.8318403942983,0,0.422898581679154,14.71636807885966,Low
2026-06-24 13:00:00,33.5,49.75,51.94874137921934,0,0.42293954457209376,17.089748275843867,Low
2026-06-24 14:00:00,27.5,45.75,52.16577879284226,0,0.42369888412948087,15.933155758568454,Low
2026-06-24 15:00:00,31.25,54.75,37.92952365736345,0,0.4296332981374697,13.835904731472688,Low
2026-06-24 16:00:00,34.5,48.0,40.168336400478175,0,0.4772800903610884,14.933667280095634,Low
2026-06-24 17:00:00,35.75,40.75,42.9166577044367,0,0.4242379469052826,15.733331540887338,Low
2026-06-24 18:00:00,37.25,38.25,59.28480156616973,0,0.41410203225095876,19.306960313233947,Low
2026-06-24 19:00:00,38.0,42.25,85.5442207982189,0,0.4093991615179823,24.708844159643782,Low
2026-06-24 20:00:00,41.5,55.75,53.08029503188501,0,0.40795153409138196,18.916059006376997,Low
2026-06-24 21:00:00,55.25,85.75,53.42725537813656,0,0.4074646774506801,21.735451075627314,Low
2026-06-24 22:00:00,52.0,79.75,50.743817840778256,0,0.4068324009770079,20.54876356815565,Low
2026-06-24 23:00:00,46.75,62.0,57.81835038276633,0,0.411083771969234,20.913670076553267,Low
2026-06-25 00:00:00,57.75,59.5,59.17388946812954,0,0.418776533086102,23.38477789362591,Low
2026-06-25 01:00:00,54.25,48.0,62.80367317025425,0,0.41139580195992104,23.410734634050847,Low
2026-06-25 02:00:00,49.0,67.75,59.016351568566584,0,0.41547278351781397,21.603270313713317,Low
2026-06-25 03:00:00,59.0,38.5,59.082240205038055,0,0.39568999471676924,23.616448041007608,Low
2026-06-25 04:00:00,58.5,35.25,51.9319128650893,0,0.387928869041136,22.086382573017858,Low
2026-06-25 05:00:00,39.5,36.0,42.249213143338146,0,0.3845462568600466,16.34984262866763,Low
2026-06-25 06:00:00,26.75,34.5,45.772098011765486,0,0.3883031621691791,14.5044196023531,Low
2026-06-25 07:00:00,26.0,57.5,37.76205608307196,0,0.39996761766495226,12.75241121661439,Low
2026-06-25 08:00:00,33.25,57.5,37.06044565005622,0,0.40182460095049927,14.062089130011245,Low
2026-06-25 09:00:00,25.0,49.5,32.11825182509796,0,0.41443174698877555,11.42365036501959,Low
2026-06-25 10:00:00,38.75,50.5,34.06200401622652,0,0.4172529582071056,14.562400803245303,Low
2026-06-25 11:00:00,42.75,46.75,31.50335347567237,0,0.42395229758623193,14.850670695134475,Low
2026-06-25 12:00:00,48.75,41.25,35.55889567238917,0,0.42707664133732287,16.861779134477835,Low
2026-06-25 13:00:00,49.75,39.25,36.78770215224472,0,0.42337849855505955,17.30754043044894,Low
2026-06-25 14:00:00,45.75,37.75,34.90557103539174,0,0.4188814334602793,16.131114207078348,Low
2026-06-25 15:00:00,54.75,38.5,39.35541124140311,0,0.41137368486510184,18.82108224828062,Low
2026-06-25 16:00:00,48.0,36.25,42.56711907126403,0,0.43782890173187367,18.113423814252805,Low
2026-06-25 17:00:00,40.75,40.75,38.15448686699304,0,0.44346659668867633,15.780897373398606,Low
2026-06-25 18:00:00,38.25,42.25,37.28918346083317,0,0.43647996267248895,15.107836692166634,Low
2026-06-25 19:00:00,42.25,42.75,39.659871548978465,0,0.43392636703053983,16.381974309795694,Low
2026-06-25 20:00:00,55.75,55.5,42.59854240229443,0,0.4292645100699413,19.669708480458887,Low
2026-06-25 21:00:00,85.75,61.25,54.94417892552104,0,0.44198054890780175,28.13883578510421,Moderate
2026-06-25 22:00:00,79.75,55.25,63.252403097484994,0,0.4383431149079679,28.600480619497,Moderate
2026-06-25 23:00:00,62.0,75.75,60.10615048439756,0,0.43782091703757103,24.421230096879512,Low
2026-06-26 00:00:00,59.5,65.0,63.078272413774954,0,0.44526800698947633,24.51565448275499,Low
2026-06-26 01:00:00,48.0,49.5,61.46454905018381,0,0.4354293411699145,21.892909810036763,Low
2026-06-26 02:00:00,67.75,21.0,52.75209167101723,0,0.4367665609210874,24.100418334203447,Low
2026-06-26 03:00:00,38.5,11.75,65.03331052626498,0,0.42929135982784505,20.706662105253,Low
2026-06-26 04:00:00,35.25,5.0,56.37879952252202,0,0.42228549800477194,18.325759904504405,Low
2026-06-26 05:00:00,36.0,2.0,54.14735662911552,0,0.41560072654228636,18.029471325823103,Low
2026-06-26 06:00:00,34.5,6.5,52.18720275422205,0,0.4091751716477225,17.33744055084441,Low
2026-06-26 07:00:00,57.5,9.5,51.67800785906555,0,0.41482375331191007,21.83560157181311,Low
2026-06-26 08:00:00,57.5,15.0,42.697605744949634,0,0.42643592412403386,20.039521148989927,Low
2026-06-26 09:00:00,49.5,25.75,43.754250173875896,0,0.4293679225966606,18.650850034775182,Low
2026-06-26 10:00:00,50.5,32.25,44.79310393861965,0,0.42866995283084536,19.05862078772393,Low
2026-06-26 11:00:00,46.75,30.25,49.05626789030905,0,0.4170621732850919,19.16125357806181,Low
2026-06-26 12:00:00,41.25,32.5,52.52259012761919,0,0.45117326705818794,18.754518025523836,Low
2026-06-26 13:00:00,39.25,32.75,45.51174124732062,0,0.4444088040244592,16.952348249464123,Low
2026-06-26 14:00:00,37.75,30.25,55.11767181534495,0,0.4448402526403618,18.57353436306899,Low
2026-06-26 15:00:00,38.5,29.0,47.139705716817424,0,0.4538996773128224,17.127941143363486,Low
2026-06-26 16:00:00,36.25,35.75,39.43869741172144,0,0.44460413546983385,15.137739482344287,Low
2026-06-26 17:00:00,40.75,41.75,37.09900523552028,0,0.4413078562855032,15.569801047104054,Low
2026-06-26 18:00:00,42.25,41.25,41.5025295508079,0,0.44059715996661675,16.75050591016158,Low
2026-06-26 19:00:00,42.75,51.0,53.15135140490345,0,0.4361807507369805,19.18027028098069,Low
2026-06-26 20:00:00,55.5,60.5,55.00367671017004,0,0.4343755052596469,22.100735342034007,Low
2026-06-26 21:00:00,61.25,61.0,60.053427041288,0,0.4381983839764806,24.2606854082576,Low
2026-06-26 22:00:00,55.25,58.75,57.88177019911524,0,0.43679799328413993,22.62635403982305,Low
2026-06-26 23:00:00,75.75,98.0,59.45800959389601,0,0.44594646821903466,27.0416019187792,Moderate
2026-06-27 00:00:00,65.0,26.0,60.871843280306145,0,0.4537530125904759,25.17436865606123,Moderate
2026-06-27 01:00:00,49.5,41.75,50.64161215452567,0,0.43008419782461005,20.028322430905135,Low
2026-06-27 02:00:00,21.0,24.75,55.910809288421596,0,0.42436704678730774,15.38216185768432,Low
2026-06-27 03:00:00,11.75,19.25,48.687985154479485,0,0.43109286001632735,12.087597030895896,Low
2026-06-27 04:00:00,5.0,15.75,32.899101287601276,0,0.43374931716958065,7.579820257520255,Low
2026-06-27 05:00:00,2.0,51.75,30.168377126305312,0,0.4399229545210688,6.433675425261063,Low
2026-06-27 06:00:00,6.5,17.25,30.858458646717263,0,0.42968992911242415,7.471691729343452,Low
2026-06-27 07:00:00,9.5,10.25,46.061856684485356,0,0.42481597384430525,11.112371336897072,Low
2026-06-27 08:00:00,15.0,11.5,40.198496165630004,0,0.4387740074890692,11.039699233126,Low
2026-06-27 09:00:00,25.75,9.25,31.033841207305194,0,0.4322906937184132,11.35676824146104,Low
2026-06-27 10:00:00,32.25,14.0,38.8631324074615,0,0.43650620655035366,14.222626481492298,Low
2026-06-27 11:00:00,30.25,15.0,48.292947573941646,0,0.41876456521611083,15.70858951478833,Low
2026-06-27 12:00:00,32.5,16.0,45.18263591482913,0,0.44128258182054525,15.536527182965825,Low
2026-06-27 13:00:00,32.75,20.25,40.10611236302469,0,0.44479304537162645,14.571222472604939,Low
2026-06-27 14:00:00,30.25,22.25,34.542852628905976,0,0.4457402316963459,12.958570525781195,Low
2026-06-27 15:00:00,29.0,27.25,34.879351217251646,0,0.45489136903939714,12.77587024345033,Low
2026-06-27 16:00:00,35.75,24.75,55.39932310214617,0,0.4540938008125401,18.229864620429233,Low
2026-06-27 17:00:00,41.75,30.0,74.10999276495808,0,0.44210145335511464,23.171998552991617,Low
2026-06-27 18:00:00,41.25,27.75,130.83313563281516,0,0.44026550432647216,34.41662712656303,Moderate
2026-06-27 19:00:00,51.0,33.75,190.95710630896232,0,0.43784738351616276,48.39142126179246,Moderate
2026-06-27 20:00:00,60.5,29.25,53.203362614892605,0,0.43876173875639035,22.74067252297852,Low
2026-06-27 21:00:00,61.0,31.25,57.523982318740515,0,0.4372541310160172,23.704796463748103,Low
2026-06-27 22:00:00,58.75,24.75,54.5200076925808,0,0.44056279121601305,22.65400153851616,Low
2026-06-27 23:00:00,98.0,26.25,56.946977328770465,0,0.4566585313727296,30.989395465754093,Moderate
2026-06-28 00:00:00,26.0,25.25,68.9046524617564,0,0.4485679159041006,18.98093049235128,Low
2026-06-28 01:00:00,41.75,21.5,32.587103637566145,0,0.4387992905421442,14.867420727513228,Low
2026-06-28 02:00:00,24.75,20.0,41.472235930407784,0,0.4284508370860284,13.244447186081558,Low
2026-06-28 03:00:00,19.25,19.0,26.720397059086057,0,0.4278811346416605,9.194079411817212,Low
2026-06-28 04:00:00,15.75,19.75,23.892843772686447,0,0.42543544835548647,7.92856875453729,Low
2026-06-28 05:00:00,51.75,20.75,24.376885163023864,0,0.41722580811634,15.225377032604772,Low
2026-06-28 06:00:00,17.25,6.75,33.089671289539744,0,0.4376063533379854,10.067934257907948,Low
2026-06-28 07:00:00,10.25,1.0,27.538806598337953,0,0.45019814543492737,7.55776131966759,Low
2026-06-28 09:00:00,9.25,2.0,29.024019820155683,0,0.43917025523163983,7.654803964031137,Low
2026-06-28 10:00:00,14.0,9.0,26.523947832421182,0,0.45097091982747417,8.104789566484236,Low
2026-06-28 11:00:00,15.0,14.25,29.5688912717865,0,0.4331343981525961,8.9137782543573,Low
2026-06-28 12:00:00,16.0,15.0,33.11532724394719,0,0.46117231417031523,9.823065448789439,Low
2026-06-28 13:00:00,20.25,19.5,28.26483492489457,0,0.45883773964503444,9.702966984978914,Low
2026-06-28 14:00:00,22.25,22.25,25.18267829514844,0,0.45437239294664705,9.486535659029688,Low
2026-06-28 15:00:00,27.25,26.5,25.84975932696706,0,0.4432173483912335,10.61995186539341,Low
2026-06-28 16:00:00,24.75,26.0,30.723086999710734,0,0.4516295129373496,11.094617399942148,Low
2026-06-28 17:00:00,30.0,33.5,35.53508796742763,0,0.4501023808770354,13.107017593485526,Low
2026-06-28 18:00:00,27.75,34.25,35.07434264917205,0,0.4451889152406028,12.564868529834412,Low
2026-06-28 19:00:00,33.75,32.25,56.8456089552992,0,0.4435076804744467,18.11912179105984,Low
2026-06-28 20:00:00,29.25,31.25,82.73060129465085,0,0.4506144251418381,22.396120258930168,Low
2026-06-28 21:00:00,31.25,24.25,198.15615358903668,0,0.4470047054971175,45.88123071780734,Moderate
2026-06-28 22:00:00,24.75,17.75,40.96662505525476,0,0.4592134260030801,13.143325011050951,Low
2026-06-28 23:00:00,26.25,22.0,35.47524179421769,0,0.4556741222061612,12.345048358843538,Low
2026-06-29 00:00:00,25.25,23.25,27.10635480419086,0,0.46162466965878646,10.471270960838172,Low
2026-06-29 01:00:00,21.5,22.25,27.674228928626164,0,0.4514847037263949,9.834845785725232,Low
2026-06-29 02:00:00,20.0,11.25,22.434534609233605,0,0.4504543072097234,8.486906921846721,Low
2026-06-29 03:00:00,19.0,8.25,22.31216627539456,0,0.43977483850045673,8.26243325507891,Low
2026-06-29 04:00:00,19.75,13.0,21.239394065553,0,0.4383601812048862,8.1978788131106,Low
2026-06-29 05:00:00,20.75,17.25,22.459986694048634,0,0.4311662225566179,8.641997338809727,Low
2026-06-29 06:00:00,6.75,20.25,23.99407675188377,0,0.4430272414601888,6.148815350376754,Low
2026-06-29 07:00:00,1.0,21.5,32.687726412560735,0,0.4519281391649822,6.737545282512147,Low
2026-08-02 11:00:00,406.0,3.0,30.169452908225466,1,0.5770860813144087,66.0338905816451,High
2026-08-02 12:00:00,485.25,6.25,41.36712619821095,1,0.5858211942952929,68.2734252396422,High
2026-08-02 13:00:00,485.75,10.5,42.99704121143845,1,0.5896545981204231,68.5994082422877,High
2026-08-02 14:00:00,485.5,9.5,45.52978671296295,1,0.5894736539242871,69.10595734259259,High
2026-08-02 15:00:00,486.0,7.5,46.75268242063492,1,0.5913456791022521,69.35053648412699,High
2026-08-02 16:00:00,486.0,11.25,45.56105649470901,1,0.5924160361499964,69.1122112989418,High
2026-08-02 17:00:00,683.0,22.0,47.31054842592593,1,0.6009446756559236,69.46210968518518,High
2026-08-09 16:00:00,32.75,32.0,35.8617153886368,0,0.4228971217169227,13.722343077727363,Low
2026-08-09 17:00:00,41.25,21.75,42.81011480653174,0,0.4215473842072419,16.812022961306347,Low
2026-08-09 19:00:00,57.0,15.5,50.65888141694828,0,0.42796370927345,21.531776283389654,Low
2026-08-09 20:00:00,65.25,23.25,49.98539243961353,0,0.436354501425823,23.047078487922704,Low
2026-08-09 21:00:00,68.5,28.25,46.26987924603173,0,0.4377727913349136,22.953975849206344,Low
2026-08-09 22:00:00,69.75,28.0,46.35214895502643,0,0.44951968931643166,23.220429791005287,Low
2026-08-09 23:00:00,61.75,22.0,49.08529389614268,0,0.44984464488185166,22.167058779228537,Low
2026-08-10 00:00:00,50.25,23.5,41.62198005322795,0,0.44872994706614705,18.37439601064559,Low
2026-08-10 01:00:00,47.5,20.0,41.75566458636207,0,0.4441377012591117,17.851132917272416,Low
2026-08-10 02:00:00,33.75,16.5,38.497531703323524,0,0.43596540628023933,14.449506340664705,Low
2026-08-10 03:00:00,29.0,14.5,34.459711049242095,0,0.43429314333131797,12.69194220984842,Low
2026-08-10 04:00:00,22.5,12.75,32.07303618088501,0,0.43471779414200296,10.914607236177002,Low
2026-08-10 11:00:00,40.0,21.0,45.31892733438653,0,0.39732829356664384,17.063785466877306,Low
2026-08-10 12:00:00,32.25,28.5,43.01445539492924,0,0.41669874616567243,15.052891078985848,Low
2026-08-10 13:00:00,35.5,31.75,39.872826726534804,0,0.4192486951940437,15.074565345306961,Low
2026-08-10 14:00:00,31.75,26.5,40.10190831883635,0,0.4215374568945265,14.370381663767269,Low
2026-08-10 15:00:00,39.25,27.25,39.81551566184837,0,0.4223427789560355,15.813103132369676,Low
2026-08-10 16:00:00,32.0,31.5,39.07112141060025,0,0.42155670710709586,14.21422428212005,Low
2026-08-10 17:00:00,21.75,44.5,39.821520769063866,0,0.4268353578252392,12.314304153812774,Low
2026-08-10 18:00:00,19.5,38.25,39.66883949901334,0,0.4331848044562776,11.833767899802668,Low
2026-08-10 19:00:00,15.5,34.5,36.840236750556336,0,0.4383764600964477,10.468047350111268,Low
2026-08-10 20:00:00,23.25,40.75,33.177462062425896,0,0.43702990804377956,11.28549241248518,Low
2026-08-10 21:00:00,28.25,40.75,34.64956110176197,0,0.43625845905183064,12.579912220352393,Low
2026-08-10 22:00:00,28.0,34.5,40.37705987225334,0,0.4436435632103455,13.675411974450668,Low
2026-08-11 01:00:00,20.0,17.25,28.463933829542025,0,0.43729392827597807,9.692786765908405,Low
2026-08-11 02:00:00,16.5,18.5,23.459177666366315,0,0.43970532269657525,7.991835533273264,Low
2026-08-11 08:00:00,2.75,26.75,24.613065442067626,0,0.430648680973842,5.4726130884135245,Low
2026-08-11 09:00:00,5.0,26.75,24.811748707532622,0,0.4270198084256842,5.962349741506524,Low
2026-08-11 10:00:00,12.5,38.5,24.177618942919977,0,0.4261339067509236,7.335523788583995,Low
2026-08-11 11:00:00,21.0,41.0,25.641788760108003,0,0.3945985238590949,9.328357752021601,Low
2026-08-11 12:00:00,28.5,32.0,28.075367148035312,0,0.4171019780262586,11.315073429607061,Low
2026-08-11 13:00:00,31.75,34.75,32.22188808745667,0,0.417544874959957,12.794377617491334,Low
2026-08-11 14:00:00,26.5,38.0,38.31393925292893,0,0.4260592474667187,12.962787850585787,Low
2026-08-11 15:00:00,27.25,32.75,30.192268948821432,0,0.4193270547469633,11.488453789764286,Low
2026-08-11 16:00:00,31.5,27.0,30.255551305508458,0,0.4191882378363909,12.351110261101692,Low
2026-08-11 17:00:00,44.5,28.5,39.40927901362344,0,0.4157241889483456,16.78185580272469,Low
2026-08-11 18:00:00,38.25,27.75,55.660865611094195,0,0.42334404541004017,18.782173122218836,Low
2026-08-11 19:00:00,34.5,24.5,51.53854069045929,0,0.4193344829741971,17.207708138091856,Low
2026-08-11 20:00:00,40.75,30.0,51.317563190866174,0,0.4245698115638227,18.413512638173234,Low
2026-08-11 21:00:00,40.75,43.75,51.94300460078505,0,0.42259155212554544,18.53860092015701,Low
2026-08-11 22:00:00,34.5,49.0,38.19477081993093,0,0.4357344830092823,14.538954163986185,Low
2026-08-11 23:00:00,30.25,51.0,38.78926934603698,0,0.4360968492782293,13.807853869207396,Low
2026-08-12 00:00:00,21.0,31.5,29.778718735283206,0,0.4306899022165442,10.15574374705664,Low
2026-08-12 01:00:00,17.25,25.75,21.198621617123976,0,0.42835325727233764,7.6897243234247945,Low
2026-08-12 02:00:00,18.5,22.25,19.566238112938333,0,0.42336080901681317,7.613247622587667,Low
2026-08-12 03:00:00,18.75,23.5,18.082509451487105,0,0.41804299188775507,7.366501890297421,Low
2026-08-12 04:00:00,11.0,24.5,18.99045604586479,0,0.4183445484819059,5.998091209172959,Low
2026-08-12 05:00:00,5.5,24.0,21.071340153011235,0,0.4243753068252026,5.314268030602246,Low
2026-08-12 06:00:00,164.25,35.0,20.701269975885086,0,0.4969391073557784,36.99025399517702,Moderate
2026-08-12 07:00:00,59.5,28.0,38.12541017195768,0,0.41004984179789145,19.525082034391534,Low
2026-08-12 08:00:00,26.75,35.25,36.93666997354499,0,0.40553470432010497,12.737333994708997,Low
2026-08-12 09:00:00,26.75,37.0,38.11251945778652,0,0.42296090986491575,12.972503891557306,Low
2026-08-12 10:00:00,38.5,35.0,38.44208857549279,0,0.42662389068266887,15.388417715098559,Low
2026-08-12 11:00:00,41.0,35.75,37.74034157398273,0,0.4159797672971668,15.748068314796546,Low
2026-08-12 12:00:00,32.0,33.0,35.84901929780098,0,0.41643628409675865,13.569803859560196,Low
2026-08-12 13:00:00,34.75,27.5,35.94636252935641,0,0.41914951673507334,14.139272505871283,Low
2026-08-12 14:00:00,38.0,27.5,37.69296963486319,0,0.4161223531429794,15.138593926972638,Low
2026-08-12 15:00:00,32.75,38.75,39.08083739872119,0,0.4256163630730125,14.366167479744238,Low
2026-08-12 16:00:00,27.0,42.0,48.51521147928966,0,0.425694789743723,15.103042295857932,Low
2026-08-12 17:00:00,28.5,39.0,64.09782030461486,0,0.41845716767279684,18.51956406092297,Low
2026-08-12 18:00:00,27.75,49.25,42.82786979349731,0,0.41628031303261614,14.115573958699462,Low
2026-08-12 19:00:00,24.5,49.75,38.00549912877533,0,0.42265714897145784,12.501099825755066,Low
2026-08-12 20:00:00,30.0,38.75,33.007589828292275,0,0.4210270678257379,12.601517965658456,Low
2026-08-12 21:00:00,43.75,47.5,40.63228325465533,0,0.42510328791272567,16.876456650931065,Low
2026-08-12 22:00:00,49.0,47.25,50.007982135475615,0,0.4279691053681297,19.801596427095124,Low
2026-08-12 23:00:00,51.0,43.5,43.16502235159044,0,0.4312100340805923,18.833004470318087,Low
2026-08-13 00:00:00,31.5,37.25,35.01903281464319,0,0.43073178765678644,13.303806562928639,Low
2026-08-13 01:00:00,25.75,30.0,37.11001453408432,0,0.42507646097670554,12.572002906816865,Low
2026-08-13 02:00:00,22.25,25.5,29.83361559967636,0,0.42409946377506963,10.416723119935273,Low
2026-08-13 03:00:00,23.5,16.0,27.671398970488735,0,0.4173106547897159,10.234279794097747,Low
2026-08-13 10:00:00,35.0,15.0,33.55297341284883,0,0.4245089540044674,13.710594682569766,Low
2026-08-23 16:00:00,27.5,38.5,25.01897627075476,0,0.40045734837902275,10.503795254150951,Low
2026-08-23 17:00:00,21.75,27.75,28.87068533794451,0,0.4093119041890196,10.124137067588903,Low
2026-08-23 18:00:00,19.5,20.25,23.930933264178158,0,0.41971135869307696,8.686186652835632,Low
2026-08-23 19:00:00,18.25,13.5,23.105860820464237,0,0.4203111310991646,8.271172164092848,Low
2026-08-23 20:00:00,8.0,18.5,23.973593591112273,0,0.43295734887844056,6.394718718222455,Low
2026-08-23 21:00:00,5.67,25.25,22.16643321054074,0,0.45725756539669343,5.567286642108147,Low
2026-08-23 22:00:00,4.5,21.25,19.877663492106127,0,0.4571334912338653,4.875532698421225,Low
2026-08-23 23:00:00,4.75,17.0,19.36663422549631,0,0.45534740842541005,4.823326845099262,Low
2026-08-24 00:00:00,8.0,14.25,15.147866950747597,0,0.45331229101541387,4.629573390149519,Low
2026-08-24 01:00:00,6.5,10.25,14.084012716450218,0,0.448917450091584,4.116802543290043,Low
2026-08-24 02:00:00,8.75,6.0,10.675549422799424,0,0.44389975571473994,3.885109884559885,Low
2026-08-24 03:00:00,12.75,9.0,10.905218073593076,0,0.43298194696806336,4.731043614718615,Low
2026-08-24 04:00:00,12.0,6.25,12.324551178804855,0,0.4311447780768276,4.864910235760971,Low
2026-08-24 05:00:00,8.0,6.25,14.844155345471528,0,0.4433091930869051,4.568831069094305,Low
2026-08-24 06:00:00,3.0,5.75,15.402327380952393,0,0.44768786554559836,3.680465476190479,Low
2026-08-24 07:00:00,4.0,9.25,15.435947992979251,0,0.4345974732961709,3.8871895985958504,Low
2026-08-24 08:00:00,9.5,15.0,13.51168243561994,0,0.4201531930410758,4.6023364871239885,Low
2026-08-24 09:00:00,17.33,15.0,12.283958152958155,0,0.4127755814479632,5.922791630591631,Low
2026-08-24 10:00:00,26.5,11.5,11.797507936507934,0,0.4050043923346456,7.6595015873015875,Low
2026-08-24 11:00:00,30.75,13.25,19.193017460317453,0,0.40413956078080954,9.98860349206349,Low
2026-08-24 12:00:00,36.0,10.25,56.57642217787115,0,0.3992843844756162,18.51528443557423,Low
2026-08-24 13:00:00,31.75,11.5,28.90906516648423,0,0.4000617550731228,12.131813033296845,Low
2026-08-24 14:00:00,29.75,12.0,29.177707428388985,0,0.4059844834960535,11.785541485677797,Low
2026-08-24 15:00:00,29.75,18.0,25.232547327296185,0,0.4045521975970925,10.996509465459237,Low
2026-08-24 16:00:00,38.5,16.75,26.201637935761788,0,0.39863572220209426,12.940327587152357,Low
2026-08-24 17:00:00,27.75,15.25,32.61449906198687,0,0.3989127853231397,12.072899812397374,Low
2026-08-24 18:00:00,20.25,16.0,24.749448717011216,0,0.4213717486804896,8.999889743402244,Low
2026-08-24 19:00:00,13.5,15.75,25.77494923593673,0,0.42562599421003333,7.854989847187346,Low
2026-08-24 20:00:00,18.5,10.0,25.8960037878788,0,0.4236542940643974,8.87920075757576,Low
2026-08-24 21:00:00,25.25,15.5,24.357772409208444,0,0.42657965304970097,9.921554481841689,Low
2026-08-24 22:00:00,21.25,10.75,30.990305525030525,0,0.4336967735558789,10.448061105006104,Low
2026-08-24 23:00:00,17.0,8.5,27.41911450771451,0,0.4448747743092564,8.883822901542903,Low
2026-08-25 00:00:00,14.25,6.75,22.266393150349558,0,0.4323909539914803,7.3032786300699115,Low
2026-08-25 01:00:00,10.25,7.5,19.69845137602912,0,0.42904737521069364,5.989690275205824,Low
2026-08-25 02:00:00,6.0,5.25,20.55128808237831,0,0.4305319210027452,5.3102576164756625,Low
2026-08-25 03:00:00,9.0,6.75,18.070350475912967,0,0.4269565870169349,5.414070095182593,Low
2026-08-25 04:00:00,6.25,9.75,16.486097041847046,0,0.42557334223090365,4.5472194083694095,Low
2026-08-25 05:00:00,6.25,10.0,16.564206168831173,0,0.4274851335944784,4.562841233766235,Low
2026-08-25 06:00:00,5.75,13.5,16.757045304232808,0,0.42666337553614186,4.501409060846561,Low
2026-08-25 07:00:00,9.25,14.75,18.83266170634921,0,0.41765700901164027,5.616532341269842,Low
2026-08-25 08:00:00,15.0,19.25,20.996378968253968,0,0.40731550120006577,7.199275793650793,Low
2026-08-25 09:00:00,15.0,19.25,20.639887896825396,0,0.40724007600702716,7.127977579365079,Low
2026-08-25 10:00:00,11.5,20.5,18.865703373015876,0,0.40458656509866525,6.0731406746031755,Low
2026-08-25 11:00:00,13.25,20.25,18.600368055555556,0,0.3984168994609341,6.370073611111112,Low
2026-08-25 12:00:00,10.25,23.25,18.18418551587302,0,0.40395589052687636,5.686837103174604,Low
2026-08-25 13:00:00,11.5,24.25,15.836430826118328,0,0.40237864584917044,5.4672861652236655,Low
2026-08-25 14:00:00,12.0,25.5,16.681483405483412,0,0.4030081931574007,5.7362966810966824,Low
2026-08-25 15:00:00,18.0,25.25,16.66935542929293,0,0.4071942866187184,6.933871085858586,Low
2026-08-26 10:00:00,20.5,26.5,15.59222107753358,0,0.3947182336416351,7.2184442155067154,Low
2026-08-26 11:00:00,20.25,27.75,16.64162571456322,0,0.3921612118802893,7.378325142912645,Low
2026-08-26 12:00:00,23.25,30.25,16.166509973822464,0,0.39575546399010947,7.8833019947644924,Low
2026-08-26 13:00:00,24.25,29.25,13.635642098642103,0,0.3872902618672903,7.57712841972842,Low
2026-08-26 14:00:00,25.5,28.25,14.787559396621894,0,0.38751621814544573,8.057511879324379,Low
2026-08-26 15:00:00,25.25,32.75,16.37768937262416,0,0.39208186268838197,8.325537874524832,Low
2026-08-26 16:00:00,18.25,28.25,18.007454598642102,0,0.3994669470293743,7.25149091972842,Low
2026-08-26 17:00:00,10.5,20.0,13.629881313131312,0,0.3978687768305492,4.825976262626263,Low
2026-08-26 18:00:00,10.0,23.75,20.598182288776048,0,0.3978664482959514,6.11963645775521,Low
2026-08-26 19:00:00,14.0,20.0,22.14095191812297,0,0.39306300587083365,7.228190383624595,Low
2026-08-26 20:00:00,10.25,15.25,21.890445464257965,0,0.4219136961812614,6.428089092851593,Low
2026-08-26 21:00:00,6.25,19.25,22.8580172026922,0,0.4272000238693544,5.82160344053844,Low
2026-08-26 22:00:00,4.5,15.5,20.707431894494388,0,0.4352389385291092,5.0414863788988775,Low
2026-08-26 23:00:00,7.5,23.25,21.746118055555552,0,0.4380706957839151,5.84922361111111,Low
2026-08-27 00:00:00,8.0,23.25,18.17625862794612,0,0.4384594719534484,5.235251725589224,Low
2026-08-27 07:00:00,23.5,4.25,19.236489578477077,0,0.3935805470721617,8.547297915695415,Low
2026-08-27 08:00:00,24.75,7.0,19.09245106837607,0,0.39015213546763355,8.768490213675214,Low
2026-08-27 09:00:00,26.5,6.0,20.117309353609357,0,0.3835571862877667,9.323461870721871,Low
2026-08-27 10:00:00,26.5,7.25,16.86189224025602,0,0.38263772722226447,8.672378448051205,Low
2026-08-27 11:00:00,27.75,8.0,16.51496138407516,0,0.3822182853864906,8.852992276815034,Low
2026-08-27 12:00:00,30.25,11.75,18.47297228411566,0,0.38388352911192253,9.744594456823132,Low
2026-08-27 13:00:00,29.25,18.75,48.76374885520423,0,0.3815522465906939,15.602749771040845,Low
2026-08-27 14:00:00,28.25,15.5,27.270606077426468,0,0.38697862812984474,11.104121215485293,Low
2026-08-27 15:00:00,32.75,7.0,20.9809317067067,0,0.385909845254773,10.74618634134134,Low
2026-08-27 16:00:00,28.25,8.75,24.229707284016797,0,0.3904647142433975,10.495941456803358,Low
2026-08-27 17:00:00,20.0,12.25,21.245487842624854,0,0.3888914980158126,8.24909756852497,Low
2026-08-27 18:00:00,23.75,27.5,24.48918218161694,0,0.3912994766549475,9.647836436323388,Low
2026-08-27 19:00:00,20.0,40.5,26.825130691707717,0,0.39300604345973406,9.365026138341543,Low
2026-08-27 20:00:00,15.25,44.0,25.76000318473645,0,0.4030859178328727,8.20200063694729,Low
2026-08-27 21:00:00,19.25,40.75,22.44846707362534,0,0.40463279870924884,8.339693414725069,Low
2026-08-27 22:00:00,15.5,44.0,23.45389634332737,0,0.4105189619600564,7.790779268665474,Low
2026-08-27 23:00:00,23.25,47.25,25.75792539275017,0,0.4172777769319821,9.801585078550033,Low
2026-08-28 00:00:00,23.25,46.25,23.65654972243857,0,0.419417727157288,9.381309944487715,Low
2026-08-28 01:00:00,12.0,46.5,23.668122143073496,0,0.4159397595409184,7.133624428614699,Low
2026-08-28 02:00:00,6.75,46.5,21.968396457065957,0,0.4241847512482661,5.743679291413191,Low
2026-08-28 03:00:00,3.0,38.75,19.654614725552218,0,0.42939072689937335,4.530922945110444,Low
2026-08-28 04:00:00,9.0,28.5,20.2946235893526,0,0.4145554186135027,5.8589247178705195,Low
2026-08-28 05:00:00,4.5,28.75,19.716557451786475,0,0.4206911062560728,4.843311490357295,Low
2026-08-28 06:00:00,2.25,21.5,21.19819493810283,0,0.4110009579742288,4.689638987620566,Low
2026-08-28 07:00:00,4.25,20.75,22.08015606725145,0,0.42113502151574755,5.26603121345029,Low
2026-08-28 08:00:00,7.0,22.0,19.786180555555557,0,0.40991989342590957,5.357236111111112,Low
2026-08-28 09:00:00,6.0,26.25,19.409883597883596,0,0.41047240863259854,5.081976719576719,Low
2026-08-28 10:00:00,7.25,29.0,19.079312169312168,0,0.4015913562717133,5.265862433862433,Low
2026-08-28 11:00:00,8.0,25.5,19.474198412698406,0,0.40589193218592845,5.4948396825396815,Low
2026-08-28 12:00:00,11.75,25.5,18.57021753246753,0,0.3975507128192765,6.064043506493506,Low
2026-08-28 13:00:00,18.75,39.0,16.692806818181822,0,0.39284939507695243,7.088561363636364,Low
2026-08-28 14:00:00,15.5,42.0,16.400584595959597,0,0.40681566784982126,6.38011691919192,Low
2026-08-28 15:00:00,7.0,14.0,15.950001639061423,0,0.4080758569081816,4.590000327812285,Low
2026-08-28 16:00:00,8.75,3.25,15.099273809523805,0,0.39843315811302316,4.769854761904761,Low
2026-08-28 17:00:00,12.25,5.25,16.22659200752951,0,0.4015711378137566,5.695318401505903,Low
2026-08-28 18:00:00,27.5,5.25,17.157344322344322,0,0.3963903268087954,8.931468864468865,Low
2026-08-28 19:00:00,40.5,6.0,26.523472817460323,0,0.40130946230797976,13.404694563492066,Low
2026-08-28 20:00:00,44.0,10.5,42.241246177248655,0,0.4040579303324257,17.248249235449734,Low
2026-08-28 21:00:00,40.75,12.75,44.631684656084644,0,0.4056828675443906,17.07633693121693,Low
2026-08-28 22:00:00,44.0,21.25,44.72252378306878,0,0.4185299535381801,17.744504756613757,Low
2026-08-28 23:00:00,47.25,29.75,58.4979576984127,0,0.42796738887332547,21.14959153968254,Low
2026-08-29 00:00:00,46.25,32.75,41.76248037037037,0,0.42476150104201904,17.602496074074075,Low
2026-08-29 01:00:00,46.5,26.5,43.11730812169313,0,0.4132708554580207,17.92346162433863,Low
2026-08-29 02:00:00,46.5,24.5,44.65554542328042,0,0.4108986645426133,18.231109084656083,Low
2026-08-29 03:00:00,38.75,22.5,48.983463611111134,0,0.4026964707888263,17.546692722222225,Low
2026-08-29 04:00:00,28.5,19.75,49.43728427350427,0,0.39713237548893227,15.587456854700854,Low
2026-08-29 05:00:00,28.75,12.75,26.50847810690944,0,0.4003741572767083,11.051695621381889,Low
2026-08-29 06:00:00,21.5,4.25,32.49101203797696,0,0.4038712360048773,10.79820240759539,Low
2026-08-29 07:00:00,20.75,2.0,21.157437488892448,0,0.40278521702903647,8.381487497778489,Low
2026-08-29 08:00:00,22.0,6.75,20.654762958473995,0,0.3977740296542339,8.530952591694799,Low
2026-08-29 09:00:00,26.25,6.25,19.245894423838646,0,0.39371014283862715,9.09917888476773,Low
2026-08-29 10:00:00,29.0,2.0,20.905890825154067,0,0.3988242935150365,9.981178165030812,Low
2026-08-29 11:00:00,25.5,1.5,30.318125058557317,0,0.4029257169342094,11.163625011711463,Low
2026-08-29 12:00:00,25.5,6.75,19.081213868326365,0,0.410256104691731,8.916242773665273,Low
2026-08-29 13:00:00,39.0,7.0,19.204007591770473,0,0.39238962336615046,11.640801518354095,Low
2026-08-29 14:00:00,42.0,9.0,30.98642299376649,0,0.39987652859015455,14.597284598753298,Low
2026-08-29 15:00:00,14.0,3.0,28.991560391566793,0,0.40746514180131144,8.59831207831336,Low
2026-08-29 16:00:00,3.25,6.0,22.58379515115502,0,0.4232003233138288,5.166759030231004,Low
2026-08-29 17:00:00,5.25,10.75,24.85633040591263,0,0.42069971281405544,6.021266081182525,Low
2026-08-29 18:00:00,5.25,12.5,30.25874393343332,0,0.42311164969422077,7.101748786686664,Low
2026-08-29 19:00:00,6.0,11.5,31.19154714189679,0,0.42526179893179283,7.438309428379358,Low
2026-08-29 20:00:00,10.5,12.0,28.574356693657663,0,0.4199842342997963,7.814871338731534,Low
2026-08-29 21:00:00,12.75,19.0,22.169697026133278,0,0.4173080552335483,6.983939405226655,Low
2026-08-29 22:00:00,21.25,24.5,23.517790767195773,0,0.4206621765600174,8.953558153439154,Low
2026-08-29 23:00:00,29.75,29.5,25.970254553289575,0,0.42300502141666874,11.144050910657914,Low
2026-08-30 00:00:00,32.75,24.25,43.476627281230996,0,0.42848842806109017,15.2453254562462,Low
2026-08-30 01:00:00,26.5,26.0,41.49628608706109,0,0.407821258889741,13.599257217412218,Low
2026-08-30 02:00:00,24.5,23.75,28.09499364183553,0,0.4092308826911093,10.518998728367107,Low
2026-08-30 03:00:00,22.5,25.75,22.5416599917774,0,0.4255600602151906,9.00833199835548,Low
2026-08-30 04:00:00,19.75,21.5,23.409506114427273,0,0.42279175066844715,8.631901222885455,Low
2026-08-30 05:00:00,12.75,23.0,22.665481516907917,0,0.4287030547130987,7.083096303381583,Low
2026-08-30 06:00:00,4.25,26.25,22.5747476022819,0,0.44529437180498344,5.3649495204563795,Low
2026-08-30 07:00:00,2.0,35.5,23.018219370579462,0,0.440317807240544,5.003643874115893,Low
2026-08-30 08:00:00,6.75,39.75,20.914020003503097,0,0.42460513434072966,5.532804000700619,Low
2026-08-30 09:00:00,6.25,49.0,18.22518090236537,0,0.4196386765428861,4.895036180473074,Low
2026-08-30 10:00:00,2.0,52.5,16.333329085879573,0,0.4284946868306692,3.666665817175914,Low
2026-08-30 11:00:00,1.5,48.75,14.435761172363163,0,0.42462251499904824,3.187152234472632,Low
2026-08-30 12:00:00,6.75,41.25,13.868870504105026,0,0.4208216040223066,4.123774100821005,Low
2026-08-30 13:00:00,7.0,47.75,11.231909722222229,0,0.42096294605222184,3.646381944444446,Low
2026-08-30 14:00:00,9.0,34.75,10.208734623015873,0,0.4201216483519979,3.8417469246031746,Low
2026-08-30 15:00:00,3.0,26.5,13.520870400432898,0,0.42686167076897913,3.3041740800865793,Low
2026-08-30 16:00:00,6.0,32.75,14.894705357142854,0,0.42266583361322163,4.178941071428571,Low
2026-08-30 17:00:00,10.75,41.0,14.541461970899475,0,0.41322160495375965,5.058292394179895,Low
2026-08-30 18:00:00,12.5,31.25,13.139844576719579,0,0.41317446220359394,5.127968915343915,Low
2026-08-30 19:00:00,11.5,7.33,21.142879629629643,0,0.4218217286501244,6.52857592592593,Low
2026-08-30 20:00:00,12.0,2.75,25.53465079365079,0,0.42783550575833657,7.5069301587301585,Low
2026-08-30 21:00:00,19.0,4.0,21.09446494708995,0,0.4232766102509466,8.018892989417989,Low
2026-08-30 22:00:00,24.5,9.0,26.93604761904762,0,0.42730698578312015,10.287209523809524,Low
2026-08-30 23:00:00,29.5,11.33,31.563796230158733,0,0.4288193721515751,12.212759246031744,Low
