Timestamp,PM2.5 (µg/m³),PM10 (µg/m³),NO (µg/m³),NO2 (µg/m³),NOx (ppb),NH3 (µg/m³),SO2 (µg/m³),CO (mg/m³),Ozone (µg/m³),Benzene (µg/m³),Toluene (µg/m³),Xylene (µg/m³),O Xylene (µg/m³),Eth-Benzene (µg/m³),MP-Xylene (µg/m³),AT (°C),RH (%),WS (m/s),WD (deg),RF (mm),TOT-RF (mm),SR (W/mt2),BP (mmHg),VWS (m/s)
2026-01-01 00:00:00,100.75,292.25,21.0,30.5,28.25,53.25,6.0,1.0,9.75,2.0,6.75,NA,2.0,4.75,1.75,8.0,95.0,0.0,206.75,NA,NA,8.75,747.0,0.0
2026-01-01 01:00:00,94.5,282.25,21.0,30.75,28.25,49.75,5.0,0.0,9.5,2.0,7.0,NA,0.0,6.0,1.0,7.0,95.0,0.0,199.0,NA,NA,17.0,747.0,0.0
2026-01-01 02:00:00,80.25,257.5,19.75,31.25,27.75,47.75,2.75,0.75,11.75,2.0,7.0,NA,0.0,6.0,1.0,7.0,95.0,0.0,200.25,NA,NA,18.0,747.0,0.0
2026-01-01 03:00:00,73.75,253.0,19.75,31.25,27.5,48.0,5.33,0.0,13.25,2.25,8.0,NA,0.0,1.0,0.0,7.0,95.0,0.0,223.75,NA,NA,24.0,746.0,0.0
2026-01-01 04:00:00,70.75,253.25,19.25,30.25,26.25,61.0,4.5,0.0,15.0,2.25,8.0,NA,0.0,1.0,0.0,6.0,95.0,0.0,226.0,NA,NA,26.0,746.0,0.0
2026-01-01 05:00:00,68.5,249.75,20.0,32.0,28.0,64.75,3.67,0.0,15.0,2.75,6.5,NA,0.0,0.25,0.0,6.0,95.0,0.0,212.75,NA,NA,27.0,746.0,0.0
2026-01-01 06:00:00,69.75,244.25,20.25,32.0,28.5,63.5,3.0,0.0,15.5,3.0,5.25,NA,0.0,0.0,0.0,6.0,95.0,0.0,175.75,NA,NA,24.25,746.0,0.0
2026-01-01 07:00:00,85.5,243.0,21.0,30.25,28.25,65.5,4.33,1.67,22.5,3.0,5.0,NA,0.0,0.0,0.0,6.25,95.0,0.0,219.5,NA,NA,60.75,746.0,0.0
2026-01-01 08:00:00,101.5,266.0,20.5,31.25,28.0,67.75,4.75,2.0,29.5,2.75,5.0,NA,0.0,0.0,0.0,8.0,95.0,0.0,225.5,NA,NA,117.5,747.0,0.0
2026-01-01 09:00:00,112.0,302.0,20.0,31.5,27.5,69.0,4.33,0.33,36.0,1.0,4.0,NA,0.0,0.0,0.0,10.25,95.0,0.0,261.25,NA,NA,162.25,747.5,0.0
2026-01-01 10:00:00,108.75,299.5,21.0,31.75,28.75,68.25,5.75,0.5,44.75,1.0,4.0,NA,0.0,0.0,0.0,12.5,88.25,0.0,230.75,NA,NA,330.5,748.0,0.0
2026-01-01 11:00:00,110.25,280.75,20.75,31.5,28.25,66.5,5.33,0.33,50.25,1.0,4.0,NA,0.0,0.0,0.0,14.0,78.75,0.0,246.5,NA,NA,456.75,748.25,0.0
2026-01-01 12:00:00,101.75,279.75,21.5,30.0,28.5,64.5,4.5,0.5,60.0,1.0,4.0,NA,0.0,0.0,0.0,15.75,71.0,0.0,172.5,NA,NA,376.0,749.0,0.0
2026-01-01 13:00:00,100.0,282.0,19.25,31.5,27.25,66.0,3.33,0.67,60.75,1.0,4.0,NA,0.0,0.0,0.0,16.5,69.0,0.0,69.0,NA,NA,272.0,749.0,0.0
2026-01-01 14:00:00,NA,10.0,19.25,32.25,27.0,65.25,1.5,1.0,66.25,1.0,4.0,NA,0.0,0.0,0.0,16.5,70.0,0.25,105.0,NA,NA,126.25,749.0,0.0
2026-01-01 15:00:00,77.0,162.75,20.0,31.75,27.75,62.0,6.33,1.0,77.5,1.0,4.0,NA,0.0,0.0,0.0,16.0,71.5,0.0,101.25,NA,NA,91.0,749.0,0.0
2026-01-01 16:00:00,83.5,232.75,20.75,31.25,28.5,59.0,6.25,1.25,77.25,1.0,4.0,NA,0.0,0.0,0.0,15.25,78.5,1.0,97.75,NA,NA,13.25,749.0,0.0
2026-01-01 17:00:00,84.25,232.5,20.75,32.0,29.0,57.75,2.33,1.0,64.75,1.0,4.0,NA,0.0,0.0,0.0,13.5,87.5,0.25,103.25,NA,NA,4.75,748.25,0.0
2026-01-01 18:00:00,99.75,264.0,21.0,29.75,27.5,57.5,3.25,1.75,44.75,1.0,4.0,NA,0.0,0.0,0.0,12.25,95.0,0.0,120.0,NA,NA,8.0,748.0,0.0
2026-01-01 19:00:00,127.25,311.25,19.25,29.75,26.25,63.25,3.33,0.33,35.5,2.0,6.0,NA,4.25,8.5,6.75,11.75,95.0,0.0,121.25,NA,NA,13.25,748.0,0.0
2026-01-01 20:00:00,155.0,372.0,20.25,30.25,27.5,63.75,5.0,1.0,20.0,2.0,6.5,NA,5.0,10.0,7.75,11.75,95.0,0.0,105.0,NA,NA,17.75,748.0,0.0
2026-01-01 21:00:00,165.25,373.75,20.5,30.5,27.5,60.75,5.67,1.0,20.25,2.0,6.75,NA,5.0,10.0,7.75,11.5,95.0,0.0,185.75,NA,NA,17.25,748.0,0.0
2026-01-01 22:00:00,162.75,343.75,21.0,31.75,28.5,58.25,7.25,1.25,17.0,3.0,7.75,NA,1.5,4.75,2.75,10.25,95.0,0.0,129.25,NA,NA,20.25,747.25,0.0
2026-01-01 23:00:00,155.0,342.67,20.67,31.33,28.33,59.0,7.0,0.5,11.0,3.0,8.0,NA,1.0,4.0,2.0,10.0,95.0,0.0,130.0,NA,NA,24.67,747.0,0.0
2026-01-02 00:00:00,152.0,344.0,19.25,29.75,26.5,53.0,7.5,0.75,9.25,2.25,6.75,NA,2.0,4.75,1.75,9.25,95.0,0.0,144.0,NA,NA,27.25,747.0,0.0
2026-01-02 01:00:00,153.75,321.75,20.0,30.75,27.25,49.75,4.67,0.67,9.25,2.0,7.0,NA,0.0,6.0,1.0,9.0,95.0,0.0,144.0,NA,NA,31.75,747.0,0.0
2026-01-02 02:00:00,146.75,287.0,21.25,30.25,28.25,48.0,3.75,1.0,11.5,2.0,7.0,NA,0.0,6.0,1.0,9.0,95.0,0.0,135.25,NA,NA,29.0,747.0,0.0
2026-01-02 03:00:00,141.0,215.5,20.0,29.75,26.75,49.25,5.33,1.0,13.5,2.0,8.0,NA,0.0,1.0,0.0,9.0,95.0,0.0,101.25,NA,NA,26.5,747.0,0.0
2026-01-02 04:00:00,140.5,169.0,20.75,31.25,28.25,60.0,5.25,1.0,15.0,2.0,8.0,NA,0.0,1.0,0.0,8.0,95.0,0.0,76.5,NA,NA,30.25,747.0,0.0
2026-01-02 05:00:00,NA,NA,20.0,30.0,26.75,63.25,4.33,0.0,15.0,2.75,6.25,NA,0.0,0.25,0.0,8.0,95.0,0.0,88.25,NA,NA,31.75,747.0,0.0
2026-01-02 06:00:00,NA,NA,21.25,31.25,29.0,62.25,3.25,0.25,15.5,3.0,5.0,NA,0.0,0.0,0.0,8.0,95.0,0.0,78.5,NA,NA,36.25,747.0,0.0
2026-01-02 07:00:00,NA,NA,21.0,29.75,27.75,66.0,4.67,1.0,22.25,3.0,5.0,NA,0.0,0.0,0.0,8.0,95.0,0.0,76.5,NA,NA,81.25,747.0,0.0
2026-01-02 08:00:00,NA,11.0,20.25,30.25,27.25,68.25,3.75,1.0,30.5,2.75,5.25,NA,0.0,0.0,0.0,8.0,95.0,0.0,54.5,NA,NA,164.5,747.0,0.0
2026-01-02 09:00:00,132.0,87.0,19.25,31.25,26.5,70.25,6.67,0.67,35.75,1.0,4.0,NA,0.0,0.0,0.0,8.25,95.0,0.0,67.75,NA,NA,186.5,747.0,0.0
2026-01-02 10:00:00,129.75,321.25,19.0,30.5,26.5,68.25,6.75,1.0,45.25,1.0,4.0,NA,0.0,0.0,0.0,9.0,95.0,0.0,66.5,NA,NA,157.75,747.0,0.0
2026-01-02 11:00:00,123.0,304.75,20.75,30.25,27.5,67.25,4.0,0.0,50.5,1.0,4.0,NA,0.0,0.0,0.0,10.0,95.0,0.0,69.5,NA,NA,157.5,747.0,0.0
2026-01-02 12:00:00,124.75,286.0,20.0,31.75,27.75,66.75,4.0,0.75,60.5,1.0,4.0,NA,0.0,0.0,0.0,10.0,95.0,0.0,72.25,NA,NA,161.5,747.25,0.0
2026-01-02 13:00:00,125.5,277.5,19.75,31.25,27.5,65.25,4.67,0.67,60.25,1.0,4.0,NA,0.0,0.0,0.0,11.0,95.0,0.0,68.0,NA,NA,151.75,748.0,0.0
2026-01-02 14:00:00,114.75,280.5,21.5,31.5,29.25,65.0,4.0,1.0,67.5,1.0,4.0,NA,0.0,0.0,0.0,11.0,95.0,0.0,72.75,NA,NA,98.5,748.0,0.0
2026-01-02 15:00:00,124.0,281.5,20.5,31.5,28.0,63.0,6.0,1.0,76.75,1.0,4.0,NA,0.0,0.0,0.0,11.0,95.0,0.0,73.25,NA,NA,87.75,748.0,0.0
2026-01-02 16:00:00,122.5,269.0,21.25,31.0,28.5,58.25,6.0,1.0,78.75,1.0,4.0,NA,0.0,0.0,0.0,11.0,95.0,0.0,72.0,NA,NA,64.25,748.0,0.0
2026-01-02 17:00:00,104.75,263.0,18.75,29.75,25.75,58.5,4.0,1.0,65.75,1.0,4.0,NA,0.0,0.0,0.0,11.0,95.0,0.0,68.5,NA,NA,56.0,748.0,0.0
2026-01-02 18:00:00,91.75,252.25,20.75,30.75,27.75,57.0,3.5,1.0,44.5,1.0,4.0,NA,0.0,0.0,0.0,11.0,95.0,0.0,67.25,NA,NA,56.0,748.0,0.0
2026-01-02 19:00:00,92.25,216.75,19.25,31.75,27.25,62.0,5.0,1.0,36.0,2.0,6.25,NA,4.25,8.5,6.75,11.0,95.0,0.0,74.25,NA,NA,55.5,748.0,0.0
2026-01-02 20:00:00,93.25,208.75,20.25,31.25,28.0,64.25,6.0,1.0,20.25,2.0,6.25,NA,5.0,9.75,7.75,11.0,95.0,0.0,71.75,NA,NA,55.5,748.0,0.0
2026-01-02 21:00:00,86.5,201.75,19.75,31.0,27.5,62.25,3.67,1.0,20.5,2.0,6.75,NA,5.0,10.0,8.0,11.0,95.0,0.0,69.75,NA,NA,56.0,748.0,0.0
2026-01-02 22:00:00,78.5,202.5,21.5,31.0,29.25,57.75,4.0,1.0,16.25,3.5,7.75,NA,1.5,5.0,2.75,11.0,95.0,0.0,68.0,NA,NA,55.25,748.0,0.0
2026-01-02 23:00:00,54.0,211.0,21.0,29.33,27.33,58.67,6.5,0.5,11.0,3.0,8.0,NA,1.0,4.0,2.0,10.67,95.0,0.0,74.67,NA,NA,55.0,747.67,0.0
2026-01-03 00:00:00,55.25,182.25,22.0,30.25,28.5,52.75,5.25,1.0,9.75,2.0,7.0,NA,2.0,4.75,1.75,10.0,95.0,0.0,72.75,NA,NA,51.5,747.0,0.0
2026-01-03 01:00:00,48.5,167.5,20.75,30.25,27.5,49.5,4.67,1.0,9.75,2.0,7.0,NA,0.0,6.0,1.0,10.0,95.0,0.0,80.25,NA,NA,48.75,747.0,0.0
2026-01-03 02:00:00,40.75,150.0,20.75,30.0,27.25,48.25,4.5,1.0,11.5,2.0,7.0,NA,0.0,6.0,1.0,10.0,95.0,0.0,77.0,NA,NA,55.5,747.0,0.0
2026-01-03 03:00:00,32.0,124.75,20.25,31.75,28.25,49.0,4.0,1.0,13.5,2.0,8.0,NA,0.0,1.0,0.0,10.0,95.0,0.0,66.75,NA,NA,53.5,747.0,0.0
2026-01-03 04:00:00,33.75,110.75,21.25,30.75,28.5,60.5,5.0,1.0,15.0,2.25,8.0,NA,0.0,1.0,0.0,9.75,95.0,0.0,73.75,NA,NA,54.75,747.0,0.0
2026-01-03 05:00:00,31.5,97.75,20.5,31.0,28.0,61.75,5.33,0.33,15.0,2.5,6.25,NA,0.0,0.25,0.0,9.0,95.0,0.0,86.75,NA,NA,56.25,747.0,0.0
2026-01-03 06:00:00,35.75,99.5,21.25,31.75,29.0,63.75,4.75,1.0,15.5,3.0,5.0,NA,0.0,0.0,0.0,9.0,95.0,0.0,77.0,NA,NA,57.5,747.0,0.0
2026-01-03 07:00:00,37.0,108.75,20.5,31.0,27.75,65.25,3.67,0.67,22.5,3.0,5.25,NA,0.0,0.0,0.0,9.0,95.0,0.0,55.75,NA,NA,65.5,747.0,0.0
2026-01-03 08:00:00,42.75,113.75,19.5,31.0,27.5,67.5,3.5,0.75,30.0,2.75,5.0,NA,0.0,0.0,0.0,9.0,95.0,0.0,43.25,NA,NA,85.0,747.0,0.0
2026-01-03 09:00:00,49.25,113.5,19.75,30.5,27.0,69.0,3.67,1.0,35.75,1.0,4.0,NA,0.0,0.0,0.0,10.0,95.0,0.0,52.75,NA,NA,98.0,747.0,0.0
2026-01-03 10:00:00,66.75,119.5,19.25,30.5,27.0,68.0,2.75,1.5,44.75,1.0,4.0,NA,0.0,0.0,0.0,10.0,95.0,0.0,36.5,NA,NA,100.25,747.0,0.0
2026-01-03 11:00:00,50.75,128.5,20.5,30.25,27.5,66.5,4.67,0.33,49.75,1.0,4.0,NA,0.0,0.0,0.0,10.0,95.0,0.0,63.5,NA,NA,104.75,747.0,0.0
2026-01-03 12:00:00,42.0,125.75,20.5,31.25,28.0,64.5,3.75,0.75,59.0,1.0,4.0,NA,0.0,0.0,0.0,10.25,95.0,0.0,75.5,NA,NA,140.75,747.25,0.0
2026-01-03 13:00:00,47.0,129.5,22.5,31.25,29.25,65.0,4.67,0.67,60.5,1.0,4.0,NA,0.0,0.0,0.0,11.25,94.75,0.0,68.5,NA,NA,176.0,748.0,0.0
2026-01-03 14:00:00,47.25,127.75,21.75,31.25,29.0,63.25,4.0,0.75,68.0,1.0,4.0,NA,0.0,0.0,0.0,12.0,90.75,0.0,92.0,NA,NA,164.0,748.0,0.0
2026-01-03 15:00:00,29.25,138.5,20.75,30.75,28.0,62.25,5.67,0.33,77.0,1.0,4.0,NA,0.0,0.0,0.0,13.0,87.0,0.0,120.75,NA,NA,137.0,748.0,0.0
2026-01-03 16:00:00,30.25,147.75,20.0,31.0,27.75,58.0,5.75,0.75,78.5,1.0,4.0,NA,0.0,0.0,0.0,12.25,89.25,0.0,146.25,NA,NA,40.0,748.0,0.0
2026-01-03 17:00:00,44.5,158.0,20.0,30.75,27.25,58.0,6.0,1.0,65.75,1.0,4.0,NA,0.0,0.0,0.0,10.75,95.0,0.0,92.5,NA,NA,5.75,747.75,0.0
2026-01-03 18:00:00,64.75,189.25,20.5,31.0,28.0,56.75,6.0,1.75,44.5,1.0,4.0,NA,0.0,0.0,0.0,10.0,95.0,0.0,83.25,NA,NA,7.0,747.0,0.0
2026-01-03 19:00:00,85.75,210.75,21.75,30.25,28.5,61.0,5.0,1.0,35.5,2.0,6.0,NA,4.25,8.5,6.75,10.0,95.0,0.0,80.75,NA,NA,9.0,747.0,0.0
2026-01-03 20:00:00,94.5,218.0,18.75,29.75,25.75,62.25,6.25,1.0,20.25,2.0,6.5,NA,5.0,10.0,7.75,9.0,95.0,0.0,71.25,NA,NA,7.0,747.0,0.0
2026-01-03 21:00:00,109.5,226.0,21.0,33.0,29.25,63.25,5.67,1.0,20.25,2.0,6.75,NA,5.0,9.75,8.0,8.75,95.0,0.0,75.75,NA,NA,5.75,747.0,0.0
2026-01-03 22:00:00,94.75,243.25,20.25,30.25,27.0,58.0,5.25,1.0,16.5,3.0,8.0,NA,1.5,4.75,2.75,8.0,95.0,0.0,82.75,NA,NA,7.5,747.0,0.0
2026-01-03 23:00:00,91.0,247.0,22.33,29.33,28.33,58.33,6.5,0.0,11.0,3.33,8.0,NA,1.0,4.0,2.0,8.0,95.0,0.0,100.33,NA,NA,8.0,747.0,0.0
2026-01-04 00:00:00,91.25,231.5,20.0,31.25,27.5,53.0,5.25,0.25,9.25,2.0,6.75,NA,2.0,4.75,1.75,7.0,95.0,0.0,96.25,NA,NA,18.75,747.0,0.0
2026-01-04 01:00:00,79.75,229.75,19.75,29.25,26.5,49.75,4.67,0.67,9.75,2.0,7.0,NA,0.0,6.0,1.0,7.0,95.0,0.0,79.25,NA,NA,19.5,746.75,0.0
2026-01-04 02:00:00,76.25,233.5,21.5,30.5,28.25,48.5,3.75,0.75,11.5,2.25,7.0,NA,0.0,6.0,1.0,6.0,95.0,0.0,89.0,NA,NA,18.75,746.0,0.0
2026-01-04 03:00:00,64.25,220.0,20.5,29.75,27.25,46.75,3.67,1.33,13.5,2.0,8.0,NA,0.0,1.0,0.0,6.0,95.0,0.0,87.0,NA,NA,21.0,746.0,0.0
2026-01-04 04:00:00,57.0,217.75,20.5,31.0,28.0,60.0,3.5,1.5,15.0,2.25,8.0,NA,0.0,1.0,0.0,5.5,95.0,0.0,84.0,NA,NA,21.5,746.0,0.0
2026-01-04 05:00:00,66.75,210.0,21.0,31.5,28.5,63.5,3.67,1.0,14.75,2.75,6.5,NA,0.0,0.25,0.0,5.0,95.0,0.0,84.0,NA,NA,27.5,746.0,0.0
2026-01-04 06:00:00,63.0,207.25,19.5,30.25,26.75,62.75,2.5,1.0,15.5,3.0,5.0,NA,0.0,0.0,0.0,5.0,95.0,0.0,86.25,NA,NA,29.5,746.0,0.0
2026-01-04 07:00:00,74.0,210.5,20.75,31.5,28.25,65.25,4.67,1.0,22.0,3.0,5.0,NA,0.0,0.0,0.0,5.25,95.0,0.0,87.0,NA,NA,71.5,746.0,0.0
2026-01-04 08:00:00,82.75,224.5,19.0,30.75,26.75,67.25,4.75,1.25,29.75,2.75,5.0,NA,0.0,0.0,0.0,7.0,95.0,0.0,79.0,NA,NA,178.5,746.5,0.0
2026-01-04 09:00:00,92.75,255.0,19.75,31.25,27.5,69.75,5.0,1.0,35.75,1.0,4.0,NA,0.0,0.0,0.0,9.0,95.0,0.0,65.5,NA,NA,206.5,747.0,0.0
2026-01-04 10:00:00,97.75,287.25,19.0,32.25,27.25,69.5,7.25,1.25,44.75,1.0,4.0,NA,0.0,0.0,0.0,10.75,92.5,0.0,77.25,NA,NA,330.75,747.75,0.0
2026-01-04 11:00:00,93.75,275.75,21.75,29.75,28.25,66.5,4.0,1.0,50.5,1.0,4.0,NA,0.0,0.0,0.0,12.0,86.25,0.0,74.0,NA,NA,419.0,748.0,0.0
2026-01-04 12:00:00,82.0,249.5,21.25,31.0,28.5,65.0,3.25,1.0,60.5,1.0,4.0,NA,0.0,0.0,0.0,12.0,82.25,0.0,76.25,NA,NA,319.5,748.0,0.0
2026-01-04 13:00:00,75.0,228.5,19.0,30.75,26.5,66.0,5.0,0.33,60.0,1.0,4.0,NA,0.0,0.0,0.0,12.75,80.25,0.0,86.75,NA,NA,196.0,748.0,0.0
2026-01-04 14:00:00,69.0,233.75,19.5,31.0,27.0,66.0,5.0,0.75,66.5,1.0,4.0,NA,0.0,0.0,0.0,13.0,79.0,0.0,124.75,NA,NA,171.25,748.0,0.0
2026-01-04 15:00:00,58.75,226.25,20.25,31.75,27.75,62.75,6.0,0.67,77.0,1.0,4.0,NA,0.0,0.0,0.0,13.0,77.5,0.0,94.0,NA,NA,98.75,748.0,0.0
2026-01-04 16:00:00,57.5,222.75,20.75,30.25,27.5,58.75,5.0,1.0,77.5,1.0,4.0,NA,0.0,0.0,0.0,12.25,79.75,0.0,85.0,NA,NA,22.5,748.0,0.0
2026-01-04 17:00:00,65.25,227.75,19.0,31.25,26.75,57.25,5.33,0.0,65.25,1.0,4.0,NA,0.0,0.0,0.0,10.5,90.25,0.0,78.5,NA,NA,4.0,747.5,0.0
2026-01-04 18:00:00,74.0,267.5,20.5,29.0,27.0,58.5,5.5,0.25,44.5,1.0,4.0,NA,0.0,0.0,0.0,9.0,95.0,0.0,53.0,NA,NA,7.5,747.0,0.0
2026-01-04 19:00:00,107.0,329.0,21.0,31.5,28.25,61.5,4.0,1.0,35.25,2.0,6.5,NA,4.25,8.5,6.75,8.25,95.0,0.0,53.0,NA,NA,16.25,747.0,0.0
2026-01-04 20:00:00,167.75,473.25,23.75,32.25,31.0,62.75,5.25,2.0,19.5,2.0,6.25,NA,5.0,10.0,7.75,8.0,95.0,0.0,85.25,NA,NA,18.25,747.0,0.0
2026-01-04 21:00:00,232.75,708.0,18.5,31.5,26.5,61.5,5.0,1.67,19.0,2.0,6.25,NA,5.0,10.0,8.0,8.0,95.0,0.0,207.5,NA,NA,35.0,747.0,0.0
2026-01-04 22:00:00,242.5,616.0,14.0,32.0,23.25,58.0,2.5,1.75,17.0,3.5,7.75,NA,1.75,4.75,2.75,8.5,95.0,0.0,287.5,NA,NA,47.5,747.0,0.0
2026-01-04 23:00:00,226.0,523.0,18.33,31.67,26.0,57.67,4.0,0.0,11.0,3.0,8.0,NA,1.0,4.0,2.0,9.0,95.0,0.0,280.67,NA,NA,49.33,747.0,0.0
2026-01-05 00:00:00,197.75,402.25,19.75,33.5,28.75,53.0,4.75,1.0,9.5,2.0,6.75,NA,2.0,4.75,1.75,9.0,95.0,0.0,237.75,NA,NA,42.0,747.0,0.0
2026-01-05 01:00:00,162.75,287.75,18.0,33.75,27.5,50.5,4.0,0.0,9.5,2.25,7.0,NA,0.0,6.0,1.0,9.0,95.0,0.0,139.25,NA,NA,45.25,747.0,0.0
2026-01-05 02:00:00,140.25,285.25,18.25,32.75,27.0,47.25,3.25,1.0,11.5,2.0,7.0,NA,0.0,6.0,1.0,9.0,95.0,0.0,83.75,NA,NA,51.75,747.0,0.0
2026-01-05 03:00:00,133.0,279.5,19.75,32.5,27.75,47.75,4.67,0.0,13.75,2.0,8.0,NA,0.0,1.0,0.0,8.75,95.0,0.0,89.5,NA,NA,23.5,747.0,0.0
2026-01-05 04:00:00,116.25,237.25,18.25,33.5,27.25,59.25,5.0,0.0,15.0,2.0,8.0,NA,0.0,1.0,0.0,8.0,95.0,0.0,84.75,NA,NA,28.75,747.0,0.0
2026-01-05 05:00:00,107.75,215.75,20.5,32.0,28.5,63.75,4.67,0.0,15.0,2.75,6.25,NA,0.0,0.25,0.0,7.75,95.0,0.0,67.5,NA,NA,11.0,747.0,0.0
2026-01-05 06:00:00,99.0,243.0,19.25,33.25,28.0,62.75,4.0,0.5,15.25,3.0,5.25,NA,0.0,0.0,0.0,6.75,95.0,0.0,87.25,NA,NA,14.75,746.5,0.0
2026-01-05 07:00:00,97.0,238.75,18.75,33.25,27.75,66.25,4.0,0.67,22.0,3.0,5.25,NA,0.0,0.0,0.0,6.5,95.0,0.0,87.0,NA,NA,53.5,746.25,0.0
2026-01-05 08:00:00,89.0,242.0,18.25,33.75,27.75,68.0,4.0,1.0,30.0,3.0,5.0,NA,0.0,0.0,0.0,9.0,94.25,0.0,261.25,NA,NA,116.75,747.0,0.0
2026-01-05 09:00:00,117.75,288.25,19.5,33.0,28.25,68.0,4.67,1.0,35.0,1.0,4.0,NA,0.0,0.0,0.0,11.25,80.5,0.0,135.5,NA,NA,173.75,748.0,0.0
2026-01-05 10:00:00,133.75,267.25,18.25,34.25,27.75,69.25,2.75,1.0,45.0,1.0,4.0,NA,0.0,0.0,0.0,12.5,72.5,0.0,56.0,NA,NA,318.25,748.0,0.0
2026-01-05 11:00:00,104.25,243.0,18.75,33.25,28.0,66.75,4.0,0.0,50.0,1.0,4.0,NA,0.0,0.0,0.0,13.25,69.0,0.0,46.0,NA,NA,435.75,748.0,0.0
2026-01-05 12:00:00,80.0,198.5,19.75,32.25,28.0,65.75,7.0,0.0,60.25,1.0,4.0,NA,0.0,0.0,0.0,14.0,67.0,0.0,70.75,NA,NA,399.5,748.5,0.0
2026-01-05 13:00:00,72.75,188.75,21.0,33.0,29.0,65.25,4.0,0.67,59.5,1.0,4.0,NA,0.0,0.0,0.0,14.75,65.25,0.0,69.25,NA,NA,300.0,749.0,0.0
2026-01-05 14:00:00,61.0,195.25,19.0,31.5,27.25,64.5,2.25,0.25,66.5,1.0,4.0,NA,0.0,0.0,0.0,15.0,66.75,0.0,71.5,NA,NA,158.75,749.0,0.0
2026-01-05 15:00:00,62.5,179.0,20.0,31.75,27.75,63.0,3.67,0.33,78.0,1.0,4.0,NA,0.0,0.0,0.0,14.5,69.25,0.0,68.75,NA,NA,118.5,749.0,0.0
2026-01-05 16:00:00,59.0,185.75,16.5,31.5,25.0,59.75,2.75,0.5,77.75,1.0,4.0,NA,0.0,0.0,0.0,13.5,77.5,0.0,80.75,NA,NA,24.0,748.0,0.0
2026-01-05 17:00:00,62.5,207.25,18.75,32.25,27.25,59.0,5.0,0.67,65.0,1.0,4.0,NA,0.0,0.0,0.0,11.5,91.25,0.0,74.0,NA,NA,4.5,748.0,0.0
2026-01-05 18:00:00,67.75,240.75,20.5,33.25,29.5,57.75,4.5,1.0,44.25,1.0,4.0,NA,0.0,0.0,0.0,9.5,95.0,0.0,74.25,NA,NA,2.5,747.0,0.0
2026-01-05 19:00:00,84.0,247.25,19.25,32.5,27.75,61.75,5.0,1.0,35.75,2.0,6.0,NA,4.25,8.5,6.75,9.0,95.0,0.0,78.75,NA,NA,4.0,747.0,0.0
2026-01-05 20:00:00,100.5,251.5,17.75,31.0,25.75,64.25,5.0,1.25,19.75,2.0,6.25,NA,5.0,10.0,8.0,8.25,95.0,0.0,82.5,NA,NA,5.0,747.0,0.0
2026-01-05 21:00:00,105.0,254.25,19.25,32.0,27.25,60.75,4.67,1.0,20.0,2.0,6.5,NA,5.0,10.0,8.0,8.0,95.0,0.0,74.5,NA,NA,4.75,747.0,0.0
2026-01-05 22:00:00,102.25,264.5,18.75,32.75,27.25,58.5,5.0,1.0,16.5,3.0,7.75,NA,1.75,4.75,2.75,8.0,95.0,0.0,76.75,NA,NA,4.0,747.0,0.0
2026-01-05 23:00:00,94.0,257.0,17.0,31.0,25.0,58.33,4.5,0.0,11.0,3.33,8.33,NA,1.0,4.0,2.0,7.0,95.0,0.0,84.67,NA,NA,4.0,747.0,0.0
2026-01-06 00:00:00,89.0,217.5,20.0,32.75,28.5,53.25,4.25,0.25,9.5,2.0,6.5,NA,2.0,4.75,1.75,7.0,95.0,0.0,75.25,NA,NA,7.5,747.0,0.0
2026-01-06 01:00:00,88.5,215.25,20.75,33.5,29.5,50.5,4.0,1.0,9.5,2.0,7.0,NA,0.0,6.0,1.0,7.0,95.0,0.0,68.5,NA,NA,10.0,746.0,0.0
2026-01-06 02:00:00,76.75,211.5,20.25,32.75,28.75,46.75,3.75,0.75,11.25,2.25,7.25,NA,0.0,6.0,1.0,6.0,95.0,0.0,84.75,NA,NA,15.25,746.0,0.0
2026-01-06 03:00:00,70.25,195.5,18.5,31.5,26.25,48.75,3.67,0.0,13.5,2.0,8.0,NA,0.0,1.0,0.0,6.0,95.0,0.0,82.75,NA,NA,11.25,746.0,0.0
2026-01-06 04:00:00,62.75,187.0,18.75,31.5,27.0,59.25,2.5,0.0,15.0,2.0,8.0,NA,0.0,1.0,0.0,5.75,95.0,0.0,86.75,NA,NA,39.25,746.0,0.0
2026-01-06 05:00:00,66.75,182.75,20.0,31.75,27.5,61.0,5.33,0.0,15.0,2.5,6.25,NA,0.0,0.25,0.0,5.0,95.0,0.0,78.25,NA,NA,66.0,746.0,0.0
2026-01-06 06:00:00,72.75,178.75,17.75,32.25,26.75,61.5,5.5,0.5,15.25,3.0,5.0,NA,0.0,0.0,0.0,5.0,95.0,0.0,77.0,NA,NA,68.0,746.0,0.0
2026-01-06 07:00:00,72.75,176.75,18.75,32.25,26.75,65.75,4.33,1.0,22.25,3.0,5.0,NA,0.0,0.0,0.0,5.0,95.0,0.0,107.25,NA,NA,76.0,746.0,0.0
2026-01-06 08:00:00,67.25,173.5,20.75,31.75,28.5,69.75,3.75,1.0,30.25,3.0,5.0,NA,0.0,0.0,0.0,5.25,95.0,0.0,105.25,NA,NA,103.75,746.0,0.0
2026-01-06 09:00:00,71.0,175.0,20.5,33.0,29.0,68.0,4.0,1.0,36.0,1.0,4.0,NA,0.0,0.0,0.0,6.0,95.0,0.0,118.5,NA,NA,151.25,746.0,0.0
2026-01-06 10:00:00,NA,NA,17.5,33.75,27.0,68.25,4.0,1.0,45.5,1.0,4.0,NA,0.0,0.0,0.0,6.75,95.0,0.0,188.0,NA,NA,162.75,746.5,0.0
2026-01-06 11:00:00,17.0,23.25,18.5,30.5,26.0,66.0,NA,1.0,50.5,1.0,4.0,NA,0.0,0.0,0.0,7.75,95.0,0.0,168.0,NA,NA,175.75,747.0,0.0
2026-01-06 12:00:00,132.25,278.75,21.0,31.0,28.0,65.75,6.75,1.0,60.5,1.0,4.0,NA,0.0,0.0,0.0,8.25,95.0,0.0,45.0,NA,NA,211.5,747.0,0.0
2026-01-06 13:00:00,110.25,272.75,18.0,32.0,26.25,64.0,5.0,0.67,61.5,1.0,4.0,NA,0.0,0.0,0.0,9.5,95.0,0.0,41.5,NA,NA,257.25,747.0,0.0
2026-01-06 14:00:00,86.0,244.5,19.5,32.25,27.5,NA,4.25,1.0,67.0,1.0,4.0,NA,0.0,0.0,0.0,10.0,95.0,0.0,72.75,NA,NA,195.25,747.0,0.0
2026-01-06 15:00:00,88.75,254.0,18.25,32.75,27.25,57.0,4.0,1.0,77.5,NA,NA,NA,NA,NA,NA,10.75,95.0,0.0,77.25,NA,NA,115.25,747.75,0.0
2026-01-06 16:00:00,82.25,252.5,19.0,33.0,27.5,57.5,4.0,1.0,77.75,1.0,4.0,NA,0.0,0.0,0.0,10.25,95.0,0.0,104.25,NA,NA,45.5,747.25,0.0
2026-01-06 17:00:00,89.75,265.25,20.75,30.75,27.75,57.75,6.0,1.0,64.75,1.0,4.0,NA,0.0,0.0,0.0,9.75,95.0,0.0,87.75,NA,NA,55.0,747.0,0.0
2026-01-06 18:00:00,109.75,294.75,19.25,32.5,27.75,58.25,6.5,1.0,44.75,1.0,4.0,NA,0.0,0.0,0.0,10.0,95.0,0.0,74.0,NA,NA,130.0,747.0,0.0
2026-01-06 19:00:00,103.0,268.5,19.5,32.0,27.5,62.0,4.33,0.33,35.5,1.75,5.75,NA,4.25,8.5,6.5,9.75,95.0,0.0,82.5,NA,NA,139.25,747.0,0.0
2026-01-06 20:00:00,98.25,259.5,18.75,32.0,26.75,61.5,4.0,1.0,19.5,2.0,6.5,NA,5.0,10.0,7.75,9.0,95.0,0.0,72.75,NA,NA,70.75,747.0,0.0
2026-01-06 21:00:00,82.25,245.75,19.5,33.0,28.25,60.75,6.0,0.0,20.0,2.0,7.0,NA,5.0,10.0,8.0,9.0,95.0,0.0,69.25,NA,NA,49.5,747.0,0.0
2026-01-06 22:00:00,89.0,234.0,19.75,31.75,27.75,58.25,5.5,0.5,16.25,3.0,7.75,NA,1.5,4.75,3.0,9.0,95.0,0.0,92.25,NA,NA,62.25,747.0,0.0
2026-01-06 23:00:00,85.0,209.0,19.33,31.67,27.0,58.67,4.0,0.5,11.33,3.33,8.0,NA,1.0,4.0,2.0,9.0,95.0,0.0,82.67,NA,NA,59.33,747.0,0.0
2026-01-07 00:00:00,91.75,187.5,19.75,31.5,27.5,53.5,3.5,0.5,9.75,2.0,6.75,NA,2.0,4.75,1.75,8.25,95.0,0.0,86.5,NA,NA,53.5,747.0,0.0
2026-01-07 01:00:00,83.75,177.0,18.0,31.25,26.0,49.5,4.0,1.0,9.5,2.0,7.0,NA,0.0,6.0,1.0,8.0,95.0,0.0,63.25,NA,NA,54.25,747.0,0.0
2026-01-07 02:00:00,76.0,174.0,18.5,31.75,26.75,49.0,3.75,1.0,11.5,2.25,7.0,NA,0.0,6.0,1.0,8.0,95.0,0.0,66.75,NA,NA,54.25,747.0,0.0
2026-01-07 03:00:00,76.0,172.25,19.5,31.5,27.5,48.25,6.33,1.0,13.5,2.0,8.25,NA,0.0,1.0,0.0,8.0,95.0,0.0,81.25,NA,NA,56.25,747.0,0.0
2026-01-07 04:00:00,72.75,177.5,19.25,32.25,27.25,57.75,6.25,1.0,15.0,2.0,8.0,NA,0.0,1.0,0.0,8.0,95.0,0.0,70.25,NA,NA,58.0,747.0,0.0
2026-01-07 05:00:00,96.25,215.25,20.0,30.75,27.25,63.25,5.33,1.0,15.0,2.75,6.25,NA,0.0,0.25,0.0,8.0,95.0,0.0,78.25,NA,NA,58.0,747.0,0.0
2026-01-07 06:00:00,109.0,220.0,19.0,32.0,27.5,63.0,4.75,1.0,15.5,3.0,5.25,NA,0.0,0.0,0.0,8.0,95.0,0.0,78.25,NA,NA,58.0,747.0,0.0
2026-01-07 07:00:00,109.0,224.5,20.75,31.5,28.25,66.5,5.0,0.0,22.25,3.0,5.0,NA,0.0,0.0,0.0,8.0,95.0,0.0,79.25,NA,NA,68.25,747.0,0.0
2026-01-07 08:00:00,102.75,213.75,19.0,31.75,27.25,67.75,4.75,0.0,30.5,2.75,5.0,NA,0.0,0.0,0.0,8.5,95.0,0.0,84.75,NA,NA,89.0,747.0,0.0
2026-01-07 09:00:00,97.5,204.25,20.25,32.25,28.5,67.25,5.0,1.0,35.25,1.0,4.0,NA,0.0,0.0,0.0,9.0,95.0,0.0,72.75,NA,NA,118.25,747.0,0.0
2026-01-07 10:00:00,85.0,183.25,20.25,32.25,28.0,67.0,4.5,1.0,44.0,1.0,4.0,NA,0.0,0.0,0.0,9.0,95.0,0.0,84.5,NA,NA,159.25,747.0,0.0
2026-01-07 11:00:00,87.25,187.0,19.25,32.5,28.0,69.25,4.67,1.0,50.5,1.0,4.0,NA,0.0,0.0,0.0,10.0,94.75,0.0,82.25,NA,NA,202.25,747.0,0.0
2026-01-07 12:00:00,88.5,157.5,19.25,31.25,26.75,65.0,4.0,1.0,59.5,1.0,4.0,NA,0.0,0.0,0.0,10.75,92.25,0.0,73.25,NA,NA,287.75,747.5,0.0
2026-01-07 13:00:00,77.25,142.5,19.0,32.0,27.5,64.75,3.0,0.33,59.25,1.0,4.0,NA,0.0,0.0,0.0,12.0,86.0,0.0,59.25,NA,NA,303.5,748.0,0.0
2026-01-07 14:00:00,85.5,130.25,20.5,31.25,28.0,64.25,2.5,1.0,66.75,1.0,4.0,NA,0.0,0.0,0.0,13.0,81.5,0.0,67.5,NA,NA,165.75,748.0,0.0
2026-01-07 15:00:00,74.75,108.5,19.75,32.25,28.0,62.75,6.33,1.0,78.25,1.0,4.0,NA,0.0,0.0,0.0,13.0,81.75,0.0,76.0,NA,NA,130.75,748.0,0.0
2026-01-07 16:00:00,70.25,95.75,17.75,32.0,26.25,58.5,5.75,1.0,77.75,1.0,4.0,NA,0.0,0.0,0.0,12.0,86.5,0.0,80.5,NA,NA,27.5,748.0,0.0
2026-01-07 17:00:00,83.75,92.25,18.25,30.75,26.0,57.5,4.33,0.67,64.25,1.0,4.0,NA,0.0,0.0,0.0,10.75,93.75,0.0,78.0,NA,NA,2.5,747.75,0.0
2026-01-07 18:00:00,NA,NA,19.5,32.0,27.5,58.25,4.75,1.25,45.5,1.0,4.0,NA,0.0,0.0,0.0,10.0,95.0,0.0,85.0,NA,NA,4.75,747.0,0.0
2026-01-07 19:00:00,NA,NA,18.25,30.5,26.0,61.0,3.33,1.0,36.0,2.0,6.25,NA,4.25,8.5,6.75,9.25,95.0,0.0,65.0,NA,NA,4.5,747.0,0.0
2026-01-07 20:00:00,NA,NA,18.0,32.75,27.0,62.5,2.0,1.5,20.0,2.0,6.5,NA,5.0,9.5,8.0,8.5,95.0,0.0,75.0,NA,NA,6.75,747.0,0.0
2026-01-07 21:00:00,121.0,203.25,18.75,31.75,27.25,59.5,4.67,1.0,19.75,2.0,6.25,NA,5.0,10.0,8.0,7.75,95.0,0.0,89.75,NA,NA,9.75,747.0,0.0
2026-01-07 22:00:00,120.5,211.5,21.0,33.75,29.5,57.25,4.5,1.5,16.25,3.0,7.75,NA,1.5,4.75,2.75,7.0,95.0,0.0,88.5,NA,NA,9.0,747.0,0.0
2026-01-07 23:00:00,107.0,199.0,20.0,32.67,28.33,59.33,5.0,0.0,11.0,3.0,8.0,NA,1.0,4.0,2.0,6.33,95.0,0.0,90.0,NA,NA,12.0,746.0,0.0
2026-01-08 00:00:00,108.25,204.75,21.0,32.5,28.75,53.75,4.5,0.75,9.5,2.0,6.5,NA,2.0,4.75,1.75,5.75,95.0,0.0,112.75,NA,NA,29.25,746.0,0.0
2026-01-08 01:00:00,111.25,200.25,18.75,31.25,27.0,49.5,4.67,1.0,9.5,2.0,6.75,NA,0.0,6.0,1.0,5.0,95.0,0.0,77.25,NA,NA,66.25,746.0,0.0
2026-01-08 02:00:00,86.75,232.0,19.75,33.75,28.75,47.0,3.5,1.0,11.5,2.0,7.0,NA,0.0,6.0,1.0,4.0,95.0,0.0,68.75,NA,NA,70.25,746.0,0.0
2026-01-08 03:00:00,74.5,203.5,20.25,32.0,28.0,48.0,3.67,0.33,13.5,2.0,8.25,NA,0.0,1.0,0.0,5.0,95.0,0.0,82.5,NA,NA,72.0,746.0,0.0
2026-01-08 04:00:00,63.75,188.75,18.5,32.5,26.75,58.75,3.0,0.25,15.0,2.25,8.0,NA,0.0,1.0,0.0,5.0,95.0,0.0,44.5,NA,NA,80.5,746.0,0.0
2026-01-08 05:00:00,56.5,180.0,19.0,32.75,27.75,61.75,6.0,1.0,15.0,2.75,6.5,NA,0.0,0.25,0.0,5.0,95.0,0.0,131.0,NA,NA,121.75,746.0,0.0
2026-01-08 06:00:00,68.5,177.75,19.5,32.5,27.75,64.0,5.25,1.0,15.5,3.0,5.0,NA,0.0,0.0,0.0,4.25,95.0,0.0,85.25,NA,NA,132.25,746.0,0.0
2026-01-08 07:00:00,50.25,173.0,20.5,31.75,28.25,64.75,3.33,0.0,22.5,3.0,5.25,NA,0.0,0.0,0.0,4.0,95.0,0.0,115.75,NA,NA,120.25,746.0,0.0
2026-01-08 08:00:00,57.0,173.0,19.75,31.5,27.75,68.25,3.0,0.0,29.75,3.0,5.0,NA,0.0,0.0,0.0,4.75,95.0,0.0,129.25,NA,NA,122.25,746.0,0.0
2026-01-08 09:00:00,59.0,176.75,19.25,32.25,27.25,68.0,5.0,0.0,35.25,1.0,4.0,NA,0.0,0.0,0.0,5.25,95.0,0.0,189.5,NA,NA,167.25,746.0,0.0
2026-01-08 10:00:00,72.25,164.25,20.0,32.0,28.0,68.75,4.5,0.0,44.75,1.0,4.0,NA,0.0,0.0,0.0,6.0,95.0,0.0,124.0,NA,NA,203.0,746.0,0.0
2026-01-08 11:00:00,148.25,296.5,19.0,33.5,28.25,67.75,5.0,0.67,50.5,1.0,4.0,NA,0.0,0.0,0.0,7.0,95.0,0.0,174.5,NA,NA,294.75,746.75,0.0
2026-01-08 12:00:00,146.75,356.0,17.75,32.0,26.25,65.0,6.0,1.0,59.5,1.0,4.0,NA,0.0,0.0,0.0,9.0,94.5,0.0,127.75,NA,NA,403.0,747.0,0.0
2026-01-08 13:00:00,74.0,357.75,17.0,32.5,26.0,64.75,4.33,1.0,60.0,1.0,4.0,NA,0.0,0.0,0.0,10.5,87.0,0.0,77.0,NA,NA,354.25,747.5,0.0
2026-01-08 14:00:00,71.0,349.25,18.25,31.75,26.5,65.75,4.5,1.0,66.0,1.0,4.0,NA,0.0,0.0,0.0,12.0,79.0,0.0,147.0,NA,NA,115.0,748.0,0.0
2026-01-08 15:00:00,70.0,339.5,19.5,32.0,28.0,63.75,5.0,0.33,77.75,1.0,4.0,NA,0.0,0.0,0.0,12.75,76.0,0.0,37.5,NA,NA,156.25,748.0,0.0
2026-01-08 16:00:00,68.25,346.0,19.5,31.25,27.5,58.0,3.75,1.0,77.0,1.0,4.0,NA,0.0,0.0,0.0,12.5,78.25,0.0,256.5,NA,NA,21.5,748.0,0.0
2026-01-08 17:00:00,78.25,370.75,18.0,31.5,26.0,58.5,3.0,1.0,65.25,1.0,4.0,NA,0.0,0.0,0.0,11.0,89.25,0.0,61.25,NA,NA,2.5,747.75,0.0
2026-01-08 18:00:00,98.0,421.25,20.0,32.5,28.0,56.5,3.75,1.25,44.25,1.0,4.0,NA,0.0,0.0,0.0,9.25,95.0,0.0,67.75,NA,NA,9.25,747.0,0.0
2026-01-08 19:00:00,124.0,501.25,20.5,31.0,28.0,61.25,3.67,0.33,35.75,2.0,6.0,NA,4.25,8.5,6.75,9.0,95.0,0.0,69.25,NA,NA,4.75,747.0,0.0
2026-01-08 20:00:00,148.0,524.75,18.75,31.0,26.75,61.75,3.25,1.0,20.75,2.0,6.5,NA,5.0,10.0,8.0,8.25,95.0,0.0,62.25,NA,NA,4.75,747.0,0.0
2026-01-08 21:00:00,135.25,488.5,21.5,30.25,28.0,60.5,3.67,0.33,20.5,2.0,6.0,NA,5.0,10.0,8.0,7.5,95.0,0.0,86.5,NA,NA,5.75,747.0,0.0
2026-01-08 22:00:00,129.25,461.25,18.5,31.25,26.5,58.75,2.75,0.75,16.5,3.25,7.75,NA,1.5,4.75,2.75,6.75,95.0,0.0,97.75,NA,NA,23.0,746.5,0.0
2026-01-08 23:00:00,139.0,398.67,19.67,32.67,27.67,58.33,2.5,0.5,11.33,3.67,8.0,NA,1.0,4.0,2.0,6.0,95.0,0.0,87.67,NA,NA,59.33,746.0,0.0
2026-01-09 00:00:00,126.5,329.5,18.5,31.5,26.5,53.25,2.5,0.75,9.5,2.0,6.5,NA,2.0,4.75,1.75,5.5,95.0,0.0,86.5,NA,NA,64.0,746.0,0.0
2026-01-09 01:00:00,106.5,263.75,18.25,31.0,26.25,49.75,2.33,0.67,9.25,2.0,7.0,NA,0.0,6.0,1.0,5.5,95.0,0.0,85.25,NA,NA,64.0,746.0,0.0
2026-01-09 02:00:00,86.0,212.75,19.5,33.5,28.5,47.75,2.0,1.0,11.5,2.25,7.0,NA,0.0,6.0,1.0,5.0,95.0,0.0,110.75,NA,NA,64.5,746.0,0.0
2026-01-09 03:00:00,66.75,185.25,19.75,32.75,28.25,46.25,3.33,1.0,13.5,2.0,8.0,NA,0.0,1.0,0.0,5.0,95.0,0.0,123.5,NA,NA,65.25,746.0,0.0
2026-01-09 04:00:00,61.0,169.25,18.0,33.5,27.25,57.0,2.5,1.0,15.0,2.5,8.0,NA,0.0,1.0,0.0,5.0,95.0,0.0,107.5,NA,NA,60.0,746.0,0.0
2026-01-09 05:00:00,64.5,154.0,21.0,32.5,29.25,62.25,4.33,0.0,15.0,2.75,6.25,NA,0.0,0.25,0.0,4.25,95.0,0.0,159.75,NA,NA,61.0,746.0,0.0
2026-01-09 06:00:00,62.5,135.25,18.25,33.5,27.25,61.5,3.5,0.5,15.5,3.0,5.25,NA,0.0,0.0,0.0,4.0,95.0,0.0,96.0,NA,NA,65.75,746.0,0.0
2026-01-09 07:00:00,55.5,120.0,19.5,31.75,27.5,65.5,3.33,0.0,22.5,3.0,5.0,NA,0.0,0.0,0.0,4.0,95.0,0.0,61.0,NA,NA,81.5,746.0,0.0
2026-01-09 08:00:00,61.75,125.0,19.0,32.5,27.25,69.5,2.5,1.0,29.75,3.0,5.0,NA,0.0,0.0,0.0,4.0,95.0,0.0,79.5,NA,NA,142.0,746.0,0.0
2026-01-09 09:00:00,67.5,127.0,19.0,33.5,27.75,68.25,4.33,0.67,35.75,1.0,4.0,NA,0.0,0.0,0.0,5.0,95.0,0.0,118.5,NA,NA,206.0,746.0,0.0
2026-01-09 10:00:00,79.0,118.5,19.0,32.0,27.0,69.75,4.0,1.0,45.25,1.0,4.0,NA,0.0,0.0,0.0,6.5,95.0,0.0,142.0,NA,NA,331.0,746.25,0.0
2026-01-09 11:00:00,95.5,118.5,18.5,32.25,27.25,68.25,5.0,0.33,49.75,1.0,4.0,NA,0.0,0.0,0.0,9.25,89.75,0.0,63.5,NA,NA,527.0,747.0,0.0
2026-01-09 12:00:00,92.25,125.75,20.25,33.5,28.75,66.0,7.25,0.5,59.75,1.0,4.0,NA,0.0,0.0,0.0,11.25,73.5,0.0,41.0,NA,NA,465.5,748.0,0.0
2026-01-09 13:00:00,73.75,140.25,20.25,32.25,28.25,64.75,6.67,0.67,60.25,1.0,4.0,NA,0.0,0.0,0.0,12.75,62.25,0.0,69.75,NA,NA,376.5,748.0,0.0
2026-01-09 14:00:00,65.5,133.5,20.25,32.5,28.25,65.75,6.5,1.0,66.25,1.0,4.0,NA,0.0,0.0,0.0,14.25,58.5,0.0,76.5,NA,NA,112.0,748.5,0.0
2026-01-09 15:00:00,58.75,128.25,19.5,31.5,27.25,61.0,7.67,1.0,77.25,1.0,4.0,NA,0.0,0.0,0.0,15.0,53.0,0.0,77.5,NA,NA,160.0,749.0,0.0
2026-01-09 16:00:00,47.0,127.0,18.75,31.5,26.75,58.0,6.0,1.25,77.75,1.0,4.0,NA,0.0,0.0,0.0,13.75,57.25,0.0,79.25,NA,NA,24.25,748.25,0.0
2026-01-09 17:00:00,53.25,131.25,19.75,30.75,27.25,57.25,4.0,1.0,65.25,1.0,4.0,NA,0.0,0.0,0.0,12.0,70.75,0.0,78.75,NA,NA,4.5,748.0,0.0
2026-01-09 18:00:00,59.5,135.75,19.0,31.5,27.25,57.25,4.0,1.25,45.0,1.0,4.0,NA,0.0,0.0,0.0,10.0,85.75,0.0,69.5,NA,NA,7.25,747.0,0.0
2026-01-09 19:00:00,82.5,144.5,21.25,32.25,29.25,59.0,4.67,1.0,34.75,2.0,6.0,NA,4.25,8.5,6.75,10.0,89.25,0.0,66.5,NA,NA,7.0,747.0,0.0
2026-01-09 20:00:00,96.25,156.75,20.5,32.25,28.5,61.75,4.25,1.0,20.5,2.0,6.25,NA,5.0,10.0,8.0,9.5,94.25,0.0,70.5,NA,NA,5.5,747.0,0.0
2026-01-09 21:00:00,109.0,150.75,19.5,32.0,27.25,61.0,3.33,0.0,19.75,2.0,6.75,NA,5.0,10.0,7.75,9.0,95.0,0.0,91.75,NA,NA,8.75,747.0,0.0
2026-01-09 22:00:00,112.5,147.5,20.0,32.0,28.0,59.0,3.0,0.5,16.75,3.0,7.75,NA,1.5,4.75,2.75,8.75,95.0,0.0,94.5,NA,NA,8.5,747.0,0.0
2026-01-09 23:00:00,114.33,154.33,20.33,33.33,29.0,58.67,4.5,1.0,11.0,3.33,8.0,NA,1.0,4.0,2.0,8.0,95.0,0.0,43.33,NA,NA,12.0,747.0,0.0
2026-01-10 00:00:00,111.25,154.0,20.25,31.5,28.25,52.5,4.0,1.75,9.75,2.0,6.5,NA,2.0,4.75,1.75,7.0,95.0,0.0,49.0,NA,NA,19.0,746.75,0.0
2026-01-10 01:00:00,107.75,154.0,18.0,31.75,26.5,50.5,3.33,1.0,9.5,2.0,7.25,NA,0.0,6.0,1.0,7.0,95.0,0.0,85.75,NA,NA,23.0,746.5,0.0
2026-01-10 02:00:00,101.0,149.5,19.75,30.75,27.0,48.0,3.0,1.0,11.75,2.0,7.0,NA,0.0,6.0,1.0,6.75,95.0,0.0,95.0,NA,NA,21.0,746.25,0.0
2026-01-10 03:00:00,91.25,145.5,19.0,30.75,26.0,48.25,4.33,1.0,13.25,2.0,8.25,NA,0.0,1.0,0.0,6.0,95.0,0.0,90.0,NA,NA,18.5,746.0,0.0
2026-01-10 04:00:00,92.0,140.0,18.5,31.0,26.5,59.25,3.75,1.25,15.0,2.0,8.0,NA,0.0,1.0,0.0,6.0,95.0,0.0,80.75,NA,NA,20.25,746.0,0.0
2026-01-10 05:00:00,96.0,142.25,20.25,31.25,27.75,63.0,4.0,1.0,15.0,2.75,6.25,NA,0.0,0.25,0.0,6.0,95.0,0.0,125.0,NA,NA,21.5,746.0,0.0
2026-01-10 06:00:00,97.0,140.0,18.5,33.0,27.25,61.5,3.25,1.0,15.5,3.0,5.0,NA,0.0,0.0,0.0,5.25,95.0,0.0,67.25,NA,NA,21.0,746.0,0.0
2026-01-10 07:00:00,93.5,140.25,18.75,32.0,26.75,64.75,3.33,0.33,22.0,3.0,5.25,NA,0.0,0.0,0.0,5.75,95.0,0.0,154.0,NA,NA,49.5,746.0,0.0
2026-01-10 08:00:00,94.75,150.5,17.0,33.0,26.5,67.25,3.25,0.75,30.25,3.0,5.0,NA,0.0,0.0,0.0,8.0,95.0,0.0,78.25,NA,NA,92.75,747.0,0.0
2026-01-10 09:00:00,98.75,148.75,19.25,33.25,27.5,68.75,4.67,0.0,35.25,1.0,4.0,NA,0.0,0.0,0.0,10.75,87.0,0.0,69.5,NA,NA,138.5,747.5,0.0
2026-01-10 10:00:00,113.5,163.25,18.25,32.75,26.75,69.0,5.75,0.5,44.75,1.0,4.0,NA,0.0,0.0,0.0,14.5,68.25,0.5,64.0,NA,NA,389.25,748.75,0.0
2026-01-10 11:00:00,110.5,177.0,18.5,31.5,26.75,68.5,4.33,1.0,49.75,1.0,4.0,NA,0.0,0.0,0.0,17.0,54.5,1.0,77.25,NA,NA,570.75,749.25,0.0
2026-01-10 12:00:00,89.5,166.0,17.25,33.25,26.75,65.5,2.25,1.0,60.0,1.0,4.0,NA,0.0,0.0,0.0,18.75,49.0,0.75,69.25,NA,NA,476.25,750.0,0.0
2026-01-10 13:00:00,63.0,153.0,19.0,32.5,27.25,65.75,3.33,1.0,60.0,1.0,4.0,NA,0.0,0.0,0.0,19.25,48.5,1.0,71.0,NA,NA,354.25,750.0,0.0
2026-01-10 14:00:00,48.0,144.0,20.75,32.25,29.0,65.5,3.25,1.0,66.5,1.0,4.0,NA,0.0,0.0,0.0,19.0,48.75,1.0,68.25,NA,NA,106.75,750.0,0.0
2026-01-10 15:00:00,46.5,138.25,19.25,31.0,26.75,62.75,5.33,0.0,77.75,1.0,4.0,NA,0.0,0.0,0.0,19.0,50.5,1.0,78.5,NA,NA,150.25,750.0,0.0
2026-01-10 16:00:00,39.0,131.5,19.0,33.0,27.5,59.25,4.75,0.0,76.5,1.0,4.0,NA,0.0,0.0,0.0,17.75,54.5,1.0,82.5,NA,NA,20.75,749.5,0.0
2026-01-10 17:00:00,39.0,135.25,19.75,32.75,28.5,58.0,4.0,1.0,65.25,1.0,4.0,NA,0.0,0.0,0.0,15.5,67.75,0.75,105.0,NA,NA,2.0,748.75,0.0
2026-01-10 18:00:00,51.25,142.25,19.0,33.0,27.5,58.25,4.5,1.0,44.75,1.0,4.0,NA,0.0,0.0,0.0,12.5,81.25,0.0,105.0,NA,NA,4.25,748.0,0.0
2026-01-10 19:00:00,79.0,149.5,19.25,31.25,26.75,61.75,6.0,1.67,35.75,2.0,6.0,NA,4.25,8.5,6.75,11.75,85.25,0.0,105.0,NA,NA,4.5,748.0,0.0
2026-01-10 20:00:00,97.5,145.0,19.0,33.25,27.75,63.5,5.5,2.0,20.25,2.0,6.25,NA,5.0,10.0,8.0,11.0,90.0,0.0,105.0,NA,NA,7.0,748.0,0.0
2026-01-10 21:00:00,145.25,188.25,19.5,32.5,28.25,62.5,4.0,0.67,20.0,2.0,6.25,NA,5.0,10.0,8.0,10.75,90.0,0.0,104.0,NA,NA,10.5,747.75,0.0
2026-01-10 22:00:00,167.5,235.75,19.25,30.25,26.5,58.25,3.5,1.0,16.75,2.75,7.75,NA,1.5,4.75,2.75,10.0,93.0,0.0,102.0,NA,NA,11.25,747.0,0.0
2026-01-10 23:00:00,163.5,294.5,19.67,31.0,27.0,58.0,5.0,0.5,11.33,3.0,8.0,NA,1.0,4.0,2.0,9.33,95.0,0.0,102.0,NA,NA,11.33,747.0,0.0
2026-01-11 00:00:00,138.0,433.5,19.25,31.25,27.0,52.75,5.0,1.0,9.75,2.0,6.5,NA,2.0,4.75,1.75,9.75,91.5,0.0,86.0,NA,NA,7.75,747.0,0.0
2026-01-11 01:00:00,121.25,388.75,21.25,30.5,28.5,50.5,4.0,1.0,9.5,2.0,7.0,NA,0.0,6.0,1.0,8.75,94.75,0.0,86.0,NA,NA,14.0,747.0,0.0
2026-01-11 02:00:00,102.25,350.0,19.75,32.0,27.75,47.5,3.0,1.0,12.0,2.25,7.0,NA,0.0,6.0,1.0,8.5,95.0,0.0,91.25,NA,NA,17.0,747.0,0.0
2026-01-11 03:00:00,92.25,323.0,19.75,32.0,28.0,49.25,3.0,0.67,13.5,2.0,8.0,NA,0.0,1.0,0.0,8.0,95.0,0.0,92.25,NA,NA,13.75,747.0,0.0
2026-01-11 04:00:00,93.75,299.25,20.75,31.5,28.5,59.0,2.0,0.75,15.0,2.0,8.0,NA,0.0,1.0,0.0,8.0,95.0,0.0,94.0,NA,NA,17.0,747.0,0.0
2026-01-11 05:00:00,96.5,290.25,20.5,31.0,27.75,61.5,2.33,1.0,15.0,2.5,6.25,NA,0.0,0.25,0.0,8.0,95.0,0.0,84.5,NA,NA,10.5,747.0,0.0
2026-01-11 06:00:00,111.25,289.25,18.0,32.25,26.5,64.0,0.75,1.0,15.5,3.0,5.25,NA,0.0,0.0,0.0,7.25,95.0,0.0,70.0,NA,NA,9.0,747.0,0.0
2026-01-11 07:00:00,117.25,297.75,19.5,31.75,27.5,65.75,3.0,1.0,22.75,3.0,5.0,NA,0.0,0.0,0.0,7.5,95.0,0.0,59.0,NA,NA,42.5,747.0,0.0
2026-01-11 08:00:00,102.75,313.25,19.75,32.25,28.0,67.25,3.0,1.0,30.0,3.0,5.0,NA,0.0,0.0,0.0,9.0,92.25,0.0,82.0,NA,NA,98.0,747.0,0.0
2026-01-11 09:00:00,104.25,319.25,17.75,33.0,26.5,68.5,4.33,0.67,35.75,1.0,4.0,NA,0.0,0.0,0.0,11.75,81.5,0.0,76.0,NA,NA,142.0,748.0,0.0
2026-01-11 10:00:00,110.75,324.75,19.5,31.75,27.75,68.75,6.25,1.0,44.0,1.0,4.0,NA,0.0,0.0,0.0,15.5,66.75,0.5,67.25,NA,NA,357.25,748.75,0.0
2026-01-11 11:00:00,114.0,318.75,19.75,31.25,27.5,67.25,4.33,1.67,49.75,1.0,4.0,NA,0.0,0.0,0.0,17.25,57.5,0.5,83.0,NA,NA,515.5,749.25,0.0
2026-01-11 12:00:00,95.25,294.5,17.5,33.0,26.5,65.75,4.0,1.75,60.25,1.0,4.0,NA,0.0,0.0,0.0,19.0,52.0,0.75,77.25,NA,NA,449.75,750.0,0.0
2026-01-11 13:00:00,75.0,251.5,21.5,32.75,29.5,64.75,5.67,1.0,60.0,1.0,4.0,NA,0.0,0.0,0.0,19.75,49.0,1.0,69.75,NA,NA,370.75,750.0,0.0
2026-01-11 14:00:00,58.25,212.5,19.25,32.0,27.25,66.0,4.25,1.0,66.75,1.0,4.0,NA,0.0,0.0,0.0,19.5,49.5,1.0,72.0,NA,NA,120.0,750.0,0.0
2026-01-11 15:00:00,46.75,201.5,19.25,33.0,28.0,62.5,2.33,1.67,78.0,1.0,4.0,NA,0.0,0.0,0.0,19.0,50.75,1.0,68.5,NA,NA,149.5,750.0,0.0
2026-01-11 16:00:00,43.25,193.5,18.75,31.75,27.0,58.0,1.25,1.25,78.0,1.0,4.0,NA,0.0,0.0,0.0,17.75,52.5,1.0,70.0,NA,NA,23.75,749.5,0.0
2026-01-11 17:00:00,41.75,188.75,20.25,31.75,28.25,59.5,2.0,0.0,65.0,1.0,4.0,NA,0.0,0.0,0.0,15.75,59.75,1.0,79.25,NA,NA,7.0,749.0,0.0
2026-01-11 18:00:00,44.5,205.0,19.5,31.0,27.0,56.75,1.25,0.0,45.25,1.0,4.0,NA,0.0,0.0,0.0,14.0,66.75,0.25,82.25,NA,NA,3.75,748.5,0.0
2026-01-11 19:00:00,61.75,230.25,20.5,30.75,27.75,63.5,3.0,0.67,35.25,2.0,6.0,NA,4.25,8.5,6.5,12.75,74.0,0.0,86.0,NA,NA,6.0,748.0,0.0
2026-01-11 20:00:00,91.5,248.5,20.75,31.25,28.25,63.0,3.5,1.0,20.0,2.0,6.75,NA,5.0,10.0,7.5,12.0,74.5,0.0,81.0,NA,NA,6.0,748.0,0.0
2026-01-11 21:00:00,102.0,247.75,16.75,31.0,24.75,60.5,4.0,1.0,19.75,2.0,6.75,NA,5.0,10.0,7.75,11.75,76.25,0.0,61.0,NA,NA,4.5,748.0,0.0
2026-01-11 22:00:00,98.0,234.25,18.5,32.5,27.0,58.75,4.0,1.0,16.5,3.25,7.75,NA,1.5,4.75,2.75,10.75,78.75,0.0,68.25,NA,NA,2.5,747.75,0.0
2026-01-11 23:00:00,92.0,234.0,19.0,32.33,27.33,58.33,4.5,1.0,11.33,3.0,8.33,NA,1.0,4.0,2.0,10.0,82.0,0.0,54.33,NA,NA,2.33,747.0,0.0
2026-01-12 00:00:00,76.0,234.25,19.0,31.75,27.0,52.25,4.5,1.0,9.5,2.0,6.5,NA,2.0,4.75,1.75,9.0,85.5,0.0,68.75,NA,NA,3.75,747.0,0.0
2026-01-12 01:00:00,81.5,217.5,20.75,32.75,29.0,49.5,3.0,0.67,9.25,2.0,7.0,NA,0.0,6.0,1.0,8.25,87.0,0.0,67.0,NA,NA,3.75,747.0,0.0
2026-01-12 02:00:00,72.0,205.75,18.5,32.25,26.75,48.25,2.25,1.0,11.75,2.0,7.0,NA,0.0,6.0,1.0,8.0,88.0,0.0,66.75,NA,NA,3.5,747.0,0.0
2026-01-12 03:00:00,65.75,197.25,18.75,33.0,27.5,47.5,3.33,1.0,13.25,2.0,8.0,NA,0.0,1.0,0.0,7.25,87.0,0.0,78.75,NA,NA,5.25,747.0,0.0
2026-01-12 04:00:00,68.75,190.0,19.5,32.25,28.0,59.25,2.0,1.0,15.0,2.0,8.25,NA,0.0,1.0,0.0,6.5,86.0,0.0,76.25,NA,NA,3.75,746.25,0.0
2026-01-12 05:00:00,70.75,181.75,19.75,32.5,28.25,63.0,4.0,1.0,15.0,2.5,6.25,NA,0.0,0.25,0.0,6.0,88.0,0.0,67.75,NA,NA,5.25,746.0,0.0
2026-01-12 06:00:00,70.5,176.0,18.5,34.0,27.75,61.0,2.25,1.0,15.5,3.0,5.0,NA,0.0,0.0,0.0,5.5,90.25,0.0,74.5,NA,NA,5.75,746.0,0.0
2026-01-12 07:00:00,78.25,186.5,20.0,32.25,28.0,66.25,3.33,1.0,22.5,3.0,5.5,NA,0.0,0.0,0.0,5.75,90.25,0.0,101.5,NA,NA,38.5,746.0,0.0
2026-01-12 08:00:00,83.25,200.25,19.0,32.0,27.25,69.25,3.0,1.0,30.0,3.0,5.0,NA,0.0,0.0,0.0,7.75,81.25,0.0,205.75,NA,NA,88.0,747.0,0.0
2026-01-12 09:00:00,112.5,213.75,19.25,32.5,27.5,67.5,5.33,1.0,36.25,1.0,4.0,NA,0.0,0.0,0.0,10.75,71.75,0.0,138.75,NA,NA,123.0,747.5,0.0
2026-01-12 10:00:00,130.0,237.75,19.75,32.0,27.5,68.75,6.75,1.25,45.0,1.0,4.0,NA,0.0,0.0,0.0,12.5,66.5,0.0,143.75,NA,NA,323.75,748.0,0.0
2026-01-12 11:00:00,128.5,234.5,19.75,33.75,28.75,67.25,7.0,0.67,51.25,1.0,4.0,NA,0.0,0.0,0.0,15.0,59.0,0.0,82.0,NA,NA,547.25,749.0,0.0
2026-01-12 12:00:00,116.75,225.25,21.0,31.5,28.5,65.0,6.25,1.0,60.0,1.0,4.0,NA,0.0,0.0,0.0,16.25,52.0,0.0,80.75,NA,NA,436.0,749.0,0.0
2026-01-12 13:00:00,101.25,223.5,20.0,32.5,28.5,64.75,4.0,1.0,60.75,1.0,4.0,NA,0.0,0.0,0.0,17.0,47.5,0.0,100.0,NA,NA,373.5,749.0,0.0
2026-01-12 14:00:00,77.0,209.0,21.0,32.0,29.0,65.0,3.5,1.0,67.0,1.0,4.0,NA,0.0,0.0,0.0,18.0,46.0,0.0,89.75,NA,NA,97.75,749.0,0.0
2026-01-12 15:00:00,57.25,190.0,20.0,32.0,28.25,63.5,6.67,0.33,77.0,1.0,4.0,NA,0.0,0.0,0.0,17.5,45.25,0.0,97.25,NA,NA,150.25,749.0,0.0
2026-01-12 16:00:00,50.5,175.5,21.25,32.0,29.5,57.75,7.5,0.25,79.25,1.0,4.0,NA,0.0,0.0,0.0,16.75,47.75,0.75,94.25,NA,NA,34.5,749.0,0.0
2026-01-12 17:00:00,57.5,167.0,20.5,32.0,28.5,56.5,5.33,1.0,64.25,1.0,4.0,NA,0.0,0.0,0.0,14.25,57.0,0.5,76.0,NA,NA,4.0,748.5,0.0
2026-01-12 18:00:00,69.25,168.75,18.25,32.25,26.75,58.0,4.5,1.0,45.75,1.0,4.0,NA,0.0,0.0,0.0,12.0,66.75,0.0,74.0,NA,NA,4.67,748.0,0.0
2026-01-12 19:00:00,86.0,199.25,20.25,32.5,28.25,62.25,4.67,1.0,34.75,2.0,6.25,NA,4.25,8.5,6.75,11.5,66.75,0.0,79.0,NA,NA,9.75,748.0,0.0
2026-01-12 20:00:00,98.75,230.5,19.5,32.5,27.5,62.25,4.0,1.5,19.75,2.0,7.0,NA,5.0,10.0,7.75,10.5,70.75,0.0,94.0,NA,NA,7.0,747.5,0.0
2026-01-12 21:00:00,121.75,257.25,17.75,33.5,26.75,60.5,5.0,1.67,20.0,2.0,6.0,NA,5.0,10.0,7.75,10.0,74.75,0.0,95.5,NA,NA,7.0,747.0,0.0
2026-01-12 22:00:00,132.25,260.75,18.75,32.0,27.75,58.0,4.75,2.0,16.5,3.25,8.0,NA,1.5,4.75,2.75,9.75,74.75,0.0,94.0,NA,NA,6.75,747.0,0.0
2026-01-12 23:00:00,127.33,240.67,19.5,34.0,29.0,58.0,5.0,0.0,11.0,3.0,8.33,NA,1.0,4.0,2.0,9.0,81.67,0.0,109.0,NA,NA,8.67,747.0,0.0
2026-01-13 00:00:00,125.0,238.5,20.25,31.0,27.5,52.75,4.25,0.5,9.5,2.25,6.5,NA,2.0,4.75,1.75,8.0,84.0,0.0,101.5,NA,NA,7.5,747.0,0.0
2026-01-13 01:00:00,113.75,238.5,19.75,31.75,27.5,49.75,2.33,1.0,9.25,2.5,7.0,NA,0.0,6.0,1.0,8.0,84.25,0.0,94.25,NA,NA,5.25,747.0,0.0
2026-01-13 02:00:00,108.0,236.5,19.25,31.75,27.0,49.25,2.25,1.0,11.75,2.0,7.0,NA,0.0,6.0,1.0,7.25,86.0,0.0,52.75,NA,NA,3.75,747.0,0.0
2026-01-13 03:00:00,114.75,232.25,19.25,33.0,27.5,47.75,5.33,0.33,13.5,2.0,8.0,NA,0.0,1.0,0.0,7.0,86.0,0.0,87.75,NA,NA,4.0,746.75,0.0
2026-01-13 04:00:00,103.5,216.0,18.75,31.75,27.25,58.0,4.0,1.0,15.0,2.0,8.0,NA,0.0,1.0,0.0,6.0,88.0,0.0,70.25,NA,NA,3.5,746.0,0.0
2026-01-13 05:00:00,100.25,203.0,20.0,33.0,28.5,61.75,4.33,1.0,15.0,2.75,6.25,NA,0.0,0.25,0.0,5.5,93.25,0.0,78.75,NA,NA,4.25,746.0,0.0
2026-01-13 06:00:00,101.25,198.0,19.25,32.75,27.75,62.75,3.5,1.0,15.5,3.0,5.0,NA,0.0,0.0,0.0,5.0,95.0,0.0,84.75,NA,NA,3.75,746.0,0.0
2026-01-13 07:00:00,109.0,204.5,18.25,32.25,26.5,65.25,3.33,0.0,22.0,3.0,5.0,NA,0.0,0.0,0.0,5.5,95.0,0.0,79.5,NA,NA,26.0,746.0,0.0
2026-01-13 08:00:00,110.25,209.75,19.5,33.0,28.0,68.0,3.0,0.75,30.0,2.75,5.0,NA,0.0,0.0,0.0,7.75,89.25,0.0,75.25,NA,NA,67.0,747.0,0.0
2026-01-13 09:00:00,140.25,206.75,18.0,32.0,26.25,69.0,5.0,0.0,35.5,1.0,4.0,NA,0.0,0.0,0.0,10.25,75.0,0.0,72.0,NA,NA,103.75,747.5,0.0
2026-01-13 10:00:00,144.75,229.0,19.25,32.25,27.25,68.5,6.25,0.0,45.0,1.0,4.0,NA,0.0,0.0,0.0,13.5,61.75,0.0,70.25,NA,NA,372.0,748.25,0.0
2026-01-13 11:00:00,128.5,225.0,19.5,31.25,27.5,67.0,8.0,0.0,51.0,1.0,4.0,NA,0.0,0.0,0.0,15.75,50.75,0.0,73.25,NA,NA,575.0,749.0,0.0
2026-01-13 12:00:00,100.0,203.5,20.25,33.5,29.0,65.25,9.0,0.0,59.25,1.0,4.0,NA,0.0,0.0,0.0,17.0,46.5,0.0,75.25,NA,NA,471.5,749.0,0.0
2026-01-13 13:00:00,81.5,203.5,19.25,32.0,27.25,65.75,7.67,0.0,59.5,1.0,4.0,NA,0.0,0.0,0.0,17.0,45.5,0.5,70.0,NA,NA,402.25,749.0,0.0
2026-01-13 14:00:00,70.5,204.0,21.5,31.5,29.0,66.0,11.5,0.0,67.25,1.0,4.0,NA,0.0,0.0,0.0,17.25,44.75,0.5,71.0,NA,NA,105.75,749.0,0.0
2026-01-13 15:00:00,70.5,80.0,18.75,31.75,26.75,62.5,4.33,0.0,77.75,1.0,4.0,NA,0.0,0.0,0.0,17.0,43.5,0.75,68.5,NA,NA,186.75,749.0,0.0
2026-01-13 16:00:00,62.5,80.0,19.25,31.25,26.75,57.25,4.0,0.0,77.5,1.0,4.0,NA,0.0,0.0,0.0,16.25,47.25,0.25,80.25,NA,NA,30.67,749.0,0.0
2026-01-13 17:00:00,58.0,80.0,20.75,32.0,28.75,58.0,4.0,1.0,64.75,1.0,4.0,NA,0.0,0.0,0.0,14.25,53.5,0.5,76.25,NA,NA,5.0,748.5,0.0
2026-01-13 18:00:00,60.75,80.0,20.25,32.0,28.0,58.5,4.0,1.5,44.5,1.0,4.0,NA,0.0,0.0,0.0,12.0,61.0,0.0,75.5,NA,NA,4.25,748.0,0.0
2026-01-13 19:00:00,62.0,80.0,20.5,32.0,28.25,61.0,6.67,1.0,35.5,2.0,5.75,NA,4.25,8.25,6.75,10.5,70.0,0.0,76.0,NA,NA,2.5,747.5,0.0
2026-01-13 20:00:00,NA,NA,18.0,31.75,26.5,62.5,6.0,2.0,20.5,2.0,6.75,NA,5.0,10.0,8.0,10.0,76.0,0.0,76.0,NA,NA,6.0,747.0,0.0
2026-01-13 21:00:00,NA,NA,20.0,31.25,27.75,60.75,5.0,0.67,19.75,2.0,6.25,NA,5.0,10.0,8.0,9.25,77.25,0.0,76.0,NA,NA,6.0,747.0,0.0
2026-01-13 22:00:00,12.0,260.0,21.0,32.0,28.75,59.0,5.0,1.0,16.75,3.25,8.0,NA,1.75,4.75,2.75,9.0,80.5,0.0,76.0,NA,NA,8.5,747.0,0.0
2026-01-13 23:00:00,NA,260.0,20.33,31.67,28.33,58.33,5.5,0.0,11.0,3.33,8.0,NA,1.0,4.0,2.0,8.0,82.0,0.0,76.0,NA,NA,8.67,747.0,0.0
2026-01-14 00:00:00,133.0,260.0,18.25,34.0,27.5,53.25,6.5,1.0,9.75,2.0,6.5,NA,2.0,4.75,1.75,8.0,83.75,0.0,75.0,NA,NA,12.0,747.0,0.0
2026-01-14 01:00:00,121.25,260.0,18.25,33.25,27.5,50.75,4.33,0.0,9.5,2.25,7.0,NA,0.0,6.0,1.0,8.0,83.25,0.0,74.5,NA,NA,5.5,747.0,0.0
2026-01-14 02:00:00,123.25,260.0,19.25,32.75,27.75,49.0,3.25,0.75,11.75,2.0,7.0,NA,0.0,6.0,1.0,7.0,85.75,0.0,77.25,NA,NA,6.33,747.0,0.0
2026-01-14 03:00:00,112.75,260.0,19.25,33.0,27.5,49.25,4.0,1.0,13.75,2.0,8.0,NA,0.0,1.0,0.0,7.0,87.75,0.0,109.0,NA,NA,3.25,747.0,0.0
2026-01-14 04:00:00,103.75,260.0,19.25,33.0,28.0,59.0,3.0,1.0,15.0,2.0,8.0,NA,0.0,1.0,0.0,6.75,94.5,0.0,100.25,NA,NA,7.0,746.0,0.0
2026-01-14 05:00:00,88.25,260.0,18.5,33.25,27.25,62.0,3.0,0.0,15.0,2.75,6.25,NA,0.0,0.25,0.0,6.25,95.0,0.0,64.25,NA,NA,3.0,746.0,0.0
2026-01-14 06:00:00,97.5,260.0,18.5,31.75,27.0,63.0,3.0,0.0,15.5,3.0,5.0,NA,0.0,0.0,0.0,5.75,95.0,0.0,54.5,NA,NA,2.25,746.0,0.0
2026-01-14 07:00:00,104.0,260.0,18.0,34.5,27.75,66.25,6.67,0.67,22.0,3.0,5.0,NA,0.0,0.0,0.0,6.0,95.0,0.0,57.75,NA,NA,26.0,746.0,0.0
2026-01-14 08:00:00,109.25,249.25,19.75,31.75,28.0,68.25,7.0,1.0,29.75,3.0,5.25,NA,0.0,0.0,0.0,7.5,93.75,0.0,77.75,NA,NA,76.25,746.75,0.0
2026-01-14 09:00:00,128.75,237.0,18.25,32.75,27.0,69.5,5.33,0.0,36.25,1.0,4.0,NA,0.0,0.0,0.0,10.5,76.0,0.0,69.25,NA,NA,97.25,747.5,0.0
2026-01-14 10:00:00,175.75,217.0,18.25,34.25,28.0,68.25,7.5,0.0,45.75,1.0,4.0,NA,0.0,0.0,0.0,13.25,61.75,0.0,64.5,NA,NA,356.75,748.25,0.0
2026-01-14 11:00:00,143.5,207.0,19.25,32.0,27.5,67.0,9.0,0.33,50.5,1.0,4.0,NA,0.0,0.0,0.0,15.5,50.25,0.25,74.5,NA,NA,609.0,749.0,0.0
2026-01-14 12:00:00,103.75,211.0,19.5,31.75,27.75,65.5,11.5,0.75,59.5,1.0,4.0,NA,0.0,0.0,0.0,17.0,41.5,0.0,68.5,NA,NA,496.25,749.0,0.0
2026-01-14 13:00:00,81.0,196.0,19.75,30.5,27.25,64.25,4.0,0.67,59.75,1.0,4.0,NA,0.0,0.0,0.0,18.0,40.25,0.75,65.25,NA,NA,437.25,749.5,0.0
2026-01-14 14:00:00,61.75,197.0,18.75,32.0,27.25,64.75,2.25,1.0,66.75,1.0,3.75,NA,0.0,0.0,0.0,18.0,38.75,0.75,66.0,NA,NA,100.0,750.0,0.0
2026-01-14 15:00:00,48.75,200.0,19.25,33.0,27.75,61.75,6.33,0.33,77.5,1.0,4.0,NA,0.0,0.0,0.0,17.75,41.75,0.25,61.5,NA,NA,184.25,749.0,0.0
2026-01-14 16:00:00,57.0,202.0,20.5,31.0,27.0,58.67,7.0,0.67,76.67,1.0,4.0,NA,0.0,0.0,0.0,16.33,46.0,0.33,70.67,NA,NA,24.0,749.0,0.0
2026-01-14 17:00:00,55.0,199.0,19.25,31.5,27.25,58.75,8.33,1.0,65.0,1.0,4.0,NA,0.0,0.0,0.0,14.25,53.5,0.5,84.75,NA,NA,NA,748.5,0.0
2026-01-14 18:00:00,70.0,219.0,20.75,32.5,28.5,58.25,8.0,1.5,45.0,1.0,4.0,NA,0.0,0.0,0.0,12.0,61.75,0.0,85.25,NA,NA,0.0,748.0,0.0
2026-01-14 19:00:00,91.25,212.0,23.5,31.0,30.5,62.25,6.33,2.0,36.0,1.75,6.0,NA,4.25,8.5,6.75,10.5,67.75,0.0,86.0,NA,NA,4.0,747.5,0.0
2026-01-14 20:00:00,119.75,208.0,19.75,31.25,27.25,63.5,9.0,2.5,19.25,2.0,6.5,NA,5.0,10.0,8.0,9.5,74.75,0.0,86.0,NA,NA,4.5,747.0,0.0
2026-01-14 21:00:00,148.25,199.0,21.25,31.75,29.0,62.0,3.0,1.33,20.0,2.0,6.25,NA,5.0,10.0,8.0,9.0,78.5,0.0,86.0,NA,NA,4.5,747.0,0.0
2026-01-14 22:00:00,181.0,213.0,19.75,31.75,27.5,57.75,4.0,2.0,16.0,3.25,8.0,NA,1.5,4.75,2.75,8.25,81.5,0.0,86.0,NA,NA,6.5,747.0,0.0
2026-01-14 23:00:00,203.0,274.33,19.33,30.33,26.67,57.67,5.0,1.0,11.0,3.0,8.0,NA,1.0,4.0,2.0,8.0,86.67,0.0,86.0,NA,NA,7.0,747.0,0.0
2026-01-15 00:00:00,183.25,255.0,20.0,31.75,28.0,53.0,4.0,1.0,9.75,2.0,6.5,NA,2.0,4.75,1.75,8.0,90.5,0.0,86.0,NA,NA,9.5,747.0,0.0
2026-01-15 01:00:00,172.0,265.0,20.0,32.5,28.25,49.0,4.0,1.0,9.25,2.0,7.0,NA,0.0,6.0,1.0,7.25,93.5,0.0,86.0,NA,NA,9.75,747.0,0.0
2026-01-15 02:00:00,148.25,275.0,20.25,31.75,28.0,49.25,3.75,1.0,12.0,2.25,6.75,NA,0.0,6.0,1.0,7.0,95.0,0.0,81.75,NA,NA,12.5,746.5,0.0
2026-01-15 03:00:00,124.25,250.0,18.5,32.75,27.5,48.25,4.67,0.0,13.5,2.25,8.0,NA,0.0,1.0,0.0,6.75,95.0,0.0,75.0,NA,NA,12.5,746.0,0.0
2026-01-15 04:00:00,114.25,260.0,19.75,33.25,28.5,59.25,2.5,0.75,15.0,2.25,8.0,NA,0.0,1.0,0.0,5.75,95.0,0.0,75.5,NA,NA,12.5,746.0,0.0
2026-01-15 05:00:00,103.0,265.0,19.25,33.5,28.25,63.25,4.67,1.0,15.0,2.75,6.25,NA,0.0,0.25,0.0,5.0,95.0,0.0,75.0,NA,NA,14.25,746.0,0.0
2026-01-15 06:00:00,106.67,291.0,19.0,32.33,27.33,62.0,3.33,1.33,15.67,3.0,5.0,NA,0.0,0.0,0.0,5.0,95.0,0.0,74.0,NA,NA,22.0,746.0,0.0
2026-01-15 07:00:00,108.75,267.0,18.75,34.0,27.75,64.75,5.67,1.0,23.0,3.0,5.25,NA,0.0,0.0,0.0,5.75,95.0,0.0,172.5,NA,NA,36.0,746.0,0.0
2026-01-15 08:00:00,128.25,277.0,19.5,32.25,28.0,68.25,5.5,1.0,29.5,2.75,5.0,NA,0.0,0.0,0.0,7.5,93.0,0.0,75.0,NA,NA,90.5,747.0,0.0
2026-01-15 09:00:00,163.75,287.0,20.0,31.25,28.0,67.5,6.33,0.0,35.0,1.0,4.0,NA,0.0,0.0,0.0,10.5,79.25,0.0,53.75,NA,NA,139.0,747.5,0.0
2026-01-15 10:00:00,169.0,267.0,18.5,32.5,27.0,68.5,7.0,0.0,46.0,1.0,4.0,NA,0.0,0.0,0.0,13.0,68.5,0.0,75.0,NA,NA,328.25,748.0,0.0
2026-01-15 11:00:00,NA,NA,19.0,32.25,27.0,NA,NA,0.33,51.25,1.0,4.0,NA,0.0,0.0,0.0,15.0,60.25,0.0,76.0,NA,NA,509.0,749.0,0.0
2026-01-15 12:00:00,23.0,23.75,23.25,32.25,30.75,NA,6.75,1.0,60.25,1.0,4.0,NA,0.0,0.0,0.0,16.75,49.75,0.25,74.75,NA,NA,450.25,749.0,0.0
2026-01-15 13:00:00,35.25,97.25,20.5,31.5,27.75,64.5,5.67,NA,59.75,1.0,4.0,NA,0.0,0.0,0.0,17.25,45.75,0.25,79.5,NA,NA,400.0,749.0,0.0
2026-01-15 14:00:00,29.5,98.75,20.33,32.0,28.67,64.75,5.25,0.0,68.0,1.0,4.0,NA,0.0,0.0,0.0,17.25,45.5,0.75,62.0,NA,NA,141.0,749.0,0.0
2026-01-15 15:00:00,26.0,105.0,21.25,31.75,29.25,62.5,4.0,1.0,76.75,1.0,4.0,NA,0.0,0.0,0.0,17.0,48.5,0.5,70.75,NA,NA,165.25,749.0,0.0
2026-01-15 16:00:00,13.0,118.0,19.75,30.75,27.5,58.0,2.0,1.0,78.75,1.0,4.0,NA,0.0,0.0,0.0,16.0,52.25,0.25,74.0,NA,NA,30.33,749.0,0.0
2026-01-15 17:00:00,29.0,131.0,20.25,30.0,27.25,58.0,5.0,1.0,65.25,1.0,4.0,NA,0.0,0.0,0.0,14.0,60.25,0.25,79.25,NA,NA,NA,748.5,0.0
2026-01-15 18:00:00,77.75,156.5,20.0,31.75,28.5,59.0,4.25,1.5,45.0,1.0,4.0,NA,0.0,0.0,0.0,11.25,75.0,0.0,90.75,NA,NA,2.0,748.0,0.0
2026-01-15 19:00:00,112.75,209.25,20.0,31.5,27.5,62.75,5.67,1.33,35.5,2.0,6.5,NA,4.25,8.5,6.5,10.0,81.25,0.0,91.0,NA,NA,3.5,747.0,0.0
2026-01-15 20:00:00,158.75,262.5,21.25,30.75,28.25,63.5,5.75,2.5,20.0,2.0,6.5,NA,5.0,10.0,8.0,10.0,83.25,0.0,90.75,NA,NA,6.25,747.0,0.0
2026-01-15 21:00:00,186.0,306.75,20.5,31.75,28.5,61.0,4.67,1.67,20.25,2.0,6.0,NA,5.0,10.0,7.75,10.0,76.25,0.0,82.25,NA,NA,8.5,747.0,0.0
2026-01-15 22:00:00,181.75,262.5,19.0,31.0,26.5,59.25,5.0,1.0,16.25,2.75,7.75,NA,1.5,4.75,2.75,9.0,79.75,0.0,92.75,NA,NA,8.25,747.0,0.0
2026-01-15 23:00:00,152.0,215.33,19.0,31.67,27.0,58.0,4.0,1.0,11.0,3.0,8.0,NA,1.0,4.0,2.0,8.0,84.0,0.0,94.0,NA,NA,8.0,747.0,0.0
2026-01-16 00:00:00,141.5,236.25,19.75,30.25,27.0,52.0,3.5,1.0,9.5,2.0,6.5,NA,2.0,4.75,1.75,7.25,94.75,0.0,92.5,NA,NA,7.25,747.0,0.0
2026-01-16 01:00:00,137.0,241.5,19.5,30.5,26.75,50.5,4.33,0.67,9.5,2.0,7.0,NA,0.0,6.0,1.0,6.75,95.0,0.0,98.25,NA,NA,10.75,746.0,0.0
2026-01-16 02:00:00,130.0,234.0,19.5,33.0,28.0,47.25,3.0,1.0,11.5,2.0,7.0,NA,0.0,6.0,1.0,6.0,95.0,0.0,82.5,NA,NA,4.25,746.0,0.0
2026-01-16 03:00:00,130.75,229.5,19.25,30.0,26.5,48.0,4.0,0.33,13.5,2.0,8.0,NA,0.0,1.0,0.0,6.0,95.0,0.0,82.0,NA,NA,6.0,746.0,0.0
2026-01-16 04:00:00,136.25,211.5,19.75,31.0,27.25,59.0,2.5,0.75,15.0,2.25,8.0,NA,0.0,1.0,0.0,5.25,95.0,0.0,82.25,NA,NA,5.25,746.0,0.0
2026-01-16 05:00:00,137.75,216.75,19.75,30.5,27.0,62.25,3.33,1.0,15.0,2.75,6.5,NA,0.0,0.25,0.0,4.5,95.0,0.0,64.5,NA,NA,30.0,746.0,0.0
2026-01-16 06:00:00,132.5,201.25,21.0,31.75,28.75,63.5,2.0,2.0,15.25,3.0,5.0,NA,0.0,0.0,0.0,3.5,95.0,0.0,68.67,NA,NA,61.25,746.0,0.0
2026-01-16 07:00:00,113.25,181.25,19.5,31.75,27.5,64.75,4.67,1.0,22.75,3.0,5.0,NA,0.0,0.0,0.0,3.0,95.0,NA,355.0,NA,NA,75.5,746.0,0.0
2026-01-16 08:00:00,109.25,183.75,20.0,32.25,28.0,68.75,3.0,1.5,30.25,2.75,5.0,NA,0.0,0.0,0.0,4.0,95.0,0.0,102.75,NA,NA,103.25,746.0,0.0
2026-01-16 09:00:00,120.25,189.25,18.5,31.5,26.5,67.25,5.0,1.0,36.0,1.0,4.0,NA,0.0,0.0,0.0,4.0,95.0,0.0,61.25,NA,NA,146.5,746.0,0.0
2026-01-16 10:00:00,136.25,193.5,18.25,32.25,26.5,69.75,2.75,1.0,44.0,1.0,4.0,NA,0.0,0.0,0.0,5.25,95.0,0.0,96.75,NA,NA,211.75,746.0,0.0
2026-01-16 11:00:00,137.25,188.0,18.0,32.0,26.5,66.25,5.33,0.33,50.0,1.0,4.0,NA,0.0,0.0,0.0,7.25,95.0,0.0,66.25,NA,NA,392.5,746.75,0.0
2026-01-16 12:00:00,131.75,200.25,19.5,32.0,28.0,65.0,6.0,0.0,61.0,1.0,4.0,NA,0.0,0.0,0.0,8.5,95.0,0.0,63.25,NA,NA,392.25,747.0,0.0
2026-01-16 13:00:00,128.75,206.0,20.25,33.0,28.5,64.75,5.0,0.0,59.75,1.0,4.0,NA,0.0,0.0,0.0,10.75,93.25,0.0,94.75,NA,NA,384.5,747.5,0.0
2026-01-16 14:00:00,120.5,206.0,17.75,32.25,26.25,64.0,4.25,0.75,66.25,1.0,4.0,NA,0.0,0.0,0.0,12.5,82.0,0.0,89.0,NA,NA,164.25,748.0,0.0
2026-01-16 15:00:00,124.25,205.75,19.75,31.0,27.5,63.5,4.0,0.0,76.75,1.0,4.0,NA,0.0,0.0,0.0,14.0,73.75,0.0,95.75,NA,NA,167.5,748.0,0.0
2026-01-16 16:00:00,117.5,211.75,19.0,31.75,27.25,58.75,3.5,0.25,77.5,1.0,4.0,NA,0.0,0.0,0.0,13.75,73.5,0.0,98.25,NA,NA,30.0,748.0,0.0
2026-01-16 17:00:00,108.75,221.75,16.25,32.75,25.75,57.75,4.33,1.33,65.0,1.0,4.0,NA,0.0,0.0,0.0,11.25,91.0,0.0,125.5,NA,NA,3.0,747.75,0.0
2026-01-16 18:00:00,126.0,232.25,19.75,31.75,27.75,57.0,5.25,2.75,44.75,1.0,4.0,NA,0.0,0.0,0.0,9.5,95.0,0.0,213.0,NA,NA,4.5,747.0,0.0
2026-01-16 19:00:00,165.5,269.75,17.5,31.0,25.5,62.25,4.67,2.0,35.0,2.0,6.0,NA,4.25,8.5,6.75,8.75,95.0,0.0,213.0,NA,NA,11.5,747.0,0.0
2026-01-16 20:00:00,208.75,302.75,18.0,32.25,26.5,62.0,5.25,3.75,20.25,2.0,6.5,NA,5.0,10.0,8.0,8.0,95.0,0.0,213.0,NA,NA,12.0,747.0,0.0
2026-01-16 21:00:00,252.0,379.5,20.25,31.25,27.75,61.75,5.67,2.33,19.5,2.0,6.0,NA,5.0,10.0,7.75,7.25,95.0,0.0,213.0,NA,NA,14.75,747.0,0.0
2026-01-16 22:00:00,319.0,423.25,18.25,32.0,26.75,58.25,6.75,3.5,16.5,3.0,8.0,NA,1.75,4.75,2.75,7.0,95.0,0.0,213.0,NA,NA,14.0,747.0,0.0
2026-01-16 23:00:00,353.0,415.0,19.67,32.67,28.33,58.0,6.0,1.5,11.0,3.33,8.0,NA,1.0,4.0,2.0,7.0,95.0,0.0,213.0,NA,NA,17.33,746.33,0.0
2026-01-17 00:00:00,369.75,398.75,18.5,33.25,27.25,53.0,7.75,2.5,9.25,2.0,6.5,NA,2.0,4.75,1.75,6.25,95.0,0.0,213.0,NA,NA,19.0,746.0,0.0
2026-01-17 01:00:00,370.0,433.25,20.25,33.25,29.0,50.0,7.33,2.0,9.5,2.25,7.0,NA,0.0,6.0,1.0,6.0,95.0,0.0,213.0,NA,NA,20.0,746.0,0.0
2026-01-17 02:00:00,339.75,419.0,19.25,32.0,27.5,47.75,7.25,2.75,11.75,2.0,7.0,NA,0.0,6.0,1.0,5.0,95.0,0.0,212.75,NA,NA,24.0,746.0,0.0
2026-01-17 03:00:00,326.0,378.0,22.0,34.0,30.5,49.0,7.0,2.0,13.25,2.0,8.0,NA,0.0,1.0,0.0,5.0,95.0,0.0,210.25,NA,NA,34.75,746.0,0.0
2026-01-17 04:00:00,281.0,328.25,17.25,32.25,26.0,60.25,1.0,2.5,15.0,2.0,8.0,NA,0.0,1.0,0.0,4.5,95.0,0.0,173.25,NA,NA,49.75,746.0,0.0
2026-01-17 05:00:00,248.5,310.0,19.75,32.75,28.25,63.0,4.0,1.0,15.25,2.75,6.25,NA,0.0,0.25,0.0,4.0,95.0,0.0,119.5,NA,NA,96.0,746.0,0.0
2026-01-17 06:00:00,210.0,253.0,19.0,33.75,28.5,63.75,3.75,1.0,15.5,3.0,5.25,NA,0.0,0.0,0.0,4.5,95.0,0.0,116.0,NA,NA,90.75,746.0,0.0
2026-01-17 07:00:00,165.75,195.0,18.0,32.25,26.75,64.75,3.33,1.0,22.75,3.0,4.75,NA,0.0,0.0,0.0,4.0,95.0,0.0,111.5,NA,NA,111.75,746.0,0.0
2026-01-17 08:00:00,143.25,178.0,18.0,33.0,27.25,67.25,2.0,1.75,30.25,3.0,5.0,NA,0.0,0.0,0.0,4.0,95.0,0.0,65.25,NA,NA,187.0,746.0,0.0
2026-01-17 09:00:00,145.5,207.75,18.0,33.0,27.25,68.75,3.0,0.33,35.75,1.0,4.0,NA,0.0,0.0,0.0,5.75,95.0,0.0,88.25,NA,NA,255.25,746.25,0.0
2026-01-17 10:00:00,157.75,231.25,18.75,33.25,27.5,68.0,2.75,1.0,44.25,1.0,4.0,NA,0.0,0.0,0.0,9.5,95.0,0.0,65.5,NA,NA,362.75,747.25,0.0
2026-01-17 11:00:00,176.5,281.25,19.25,32.25,27.75,67.75,5.0,0.33,51.0,1.0,4.0,NA,0.0,0.0,0.0,12.5,91.25,0.0,58.5,NA,NA,538.5,748.0,0.0
2026-01-17 12:00:00,178.0,278.75,19.25,31.0,26.5,65.25,5.5,0.75,60.0,1.0,4.0,NA,0.0,0.0,0.0,15.0,79.75,0.0,68.0,NA,NA,478.5,749.0,0.0
2026-01-17 13:00:00,157.0,252.0,19.75,32.0,27.75,64.5,4.33,1.0,58.75,1.0,4.0,NA,0.0,0.0,0.0,16.25,67.25,0.0,69.25,NA,NA,429.0,749.0,0.0
2026-01-17 14:00:00,112.75,195.5,17.5,32.75,26.25,65.5,3.5,1.0,67.25,1.0,4.0,NA,0.0,0.0,0.0,17.0,62.25,0.25,76.5,NA,NA,172.5,749.0,0.0
2026-01-17 15:00:00,97.0,175.0,19.75,32.25,28.25,64.5,4.0,0.0,76.5,NA,NA,NA,NA,NA,NA,17.0,64.0,0.75,74.75,NA,NA,181.25,749.0,0.0
2026-01-17 16:00:00,97.0,171.0,20.0,32.75,28.75,58.75,2.75,0.0,77.25,NA,NA,NA,NA,NA,NA,16.75,64.25,0.75,71.5,NA,NA,29.67,749.0,0.0
2026-01-17 17:00:00,96.25,179.25,18.75,33.25,27.5,58.25,2.67,1.0,64.5,1.0,4.0,NA,0.0,0.0,0.0,14.25,78.0,0.5,39.5,NA,NA,8.0,748.5,0.0
2026-01-17 18:00:00,92.25,198.25,19.25,31.75,27.25,58.75,0.75,1.25,45.0,1.0,4.0,NA,0.0,0.0,0.0,12.0,89.75,0.0,41.0,NA,NA,4.75,748.0,0.0
2026-01-17 19:00:00,113.5,212.75,19.25,31.75,27.25,63.0,4.67,0.67,34.75,2.0,6.5,NA,4.25,8.5,6.75,10.25,95.0,0.0,41.0,NA,NA,4.0,747.25,0.0
2026-01-17 20:00:00,159.5,242.0,19.5,32.0,27.5,64.25,4.75,1.75,20.0,2.0,6.0,NA,5.0,10.0,7.75,9.0,95.0,0.0,41.0,NA,NA,5.75,747.0,0.0
2026-01-17 21:00:00,215.75,300.25,20.25,32.75,28.5,59.25,3.67,1.33,19.5,2.0,6.75,NA,5.0,10.0,8.0,8.75,95.0,0.0,41.0,NA,NA,10.5,747.0,0.0
2026-01-17 22:00:00,246.25,330.75,17.25,33.25,26.5,57.75,3.0,2.0,16.5,3.25,7.75,NA,1.5,4.75,2.75,8.0,95.0,0.0,41.0,NA,NA,8.0,747.0,0.0
2026-01-17 23:00:00,276.0,319.0,19.33,32.67,28.0,59.0,5.0,1.0,11.0,3.33,8.0,NA,1.0,4.0,2.0,7.67,95.0,0.0,41.0,NA,NA,9.67,747.0,0.0
2026-01-18 00:00:00,265.75,302.75,20.5,32.5,28.5,52.25,4.0,1.75,9.5,2.0,6.5,NA,2.0,4.75,1.75,7.0,95.0,0.0,41.0,NA,NA,10.5,746.5,0.0
2026-01-18 01:00:00,254.0,270.25,20.0,32.5,28.0,50.25,4.33,1.0,9.75,2.0,7.0,NA,0.0,6.0,1.0,6.75,95.0,0.0,41.0,NA,NA,14.75,746.25,0.0
2026-01-18 02:00:00,228.5,240.5,19.75,32.75,28.25,48.25,4.5,1.75,12.0,2.0,7.0,NA,0.0,6.0,1.0,6.0,95.0,0.0,41.25,NA,NA,51.25,746.0,0.0
2026-01-18 03:00:00,191.5,211.75,20.75,32.0,28.75,47.5,2.33,1.0,13.5,2.0,8.0,NA,0.0,1.0,0.0,6.0,95.0,0.0,84.5,NA,NA,133.25,746.0,0.0
2026-01-18 04:00:00,149.0,177.75,18.0,31.5,26.0,59.5,1.5,1.0,15.0,2.0,8.0,NA,0.0,1.0,0.0,5.25,95.0,0.0,28.5,NA,NA,104.0,746.0,0.0
2026-01-18 05:00:00,112.75,142.0,17.75,32.25,26.25,61.5,5.0,0.67,15.0,2.75,6.75,NA,0.0,0.25,0.0,4.5,95.0,0.0,28.25,NA,NA,71.25,746.0,0.0
2026-01-18 06:00:00,104.5,148.0,18.5,33.25,27.75,63.5,3.5,1.0,15.5,3.0,5.25,NA,0.0,0.0,0.0,4.0,95.0,0.0,29.25,NA,NA,67.5,746.0,0.0
2026-01-18 07:00:00,115.5,124.5,18.5,32.25,27.0,64.5,3.33,1.0,22.0,3.0,5.25,NA,0.0,0.0,0.0,4.25,95.0,0.0,124.75,NA,NA,119.75,746.0,0.0
2026-01-18 08:00:00,126.5,146.25,18.75,33.25,27.5,69.0,2.75,1.0,30.0,2.75,5.0,NA,0.0,0.0,0.0,5.25,95.0,0.0,204.5,NA,NA,194.0,746.0,0.0
2026-01-18 09:00:00,130.0,169.0,18.5,33.25,27.5,68.25,2.33,0.67,35.0,1.0,4.0,NA,0.0,0.0,0.0,9.25,95.0,0.0,213.0,NA,NA,205.25,747.25,0.0
2026-01-18 10:00:00,NA,NA,18.5,33.5,27.75,68.25,1.25,0.75,45.0,1.0,4.0,NA,0.0,0.0,0.0,13.25,84.0,0.0,201.75,NA,NA,364.75,748.0,0.0
2026-01-18 11:00:00,186.0,199.0,20.75,32.25,28.5,66.25,5.33,0.0,50.25,1.0,4.0,NA,0.0,0.0,0.0,15.75,63.5,0.25,210.75,NA,NA,523.75,749.0,0.0
2026-01-18 12:00:00,152.75,181.75,21.75,31.0,28.5,65.25,5.75,0.0,59.0,1.0,4.0,NA,0.0,0.0,0.0,17.25,59.75,1.0,219.25,NA,NA,418.75,749.25,0.0
2026-01-18 13:00:00,131.0,132.0,19.0,32.25,27.25,66.25,3.33,0.67,59.25,1.0,4.0,NA,0.0,0.0,0.0,18.25,53.25,1.0,211.75,NA,NA,369.5,750.0,0.0
2026-01-18 14:00:00,93.0,100.0,19.0,31.0,27.25,66.0,3.5,0.5,65.0,1.0,4.0,NA,0.0,0.0,0.0,19.0,52.25,1.0,216.5,NA,NA,182.25,750.0,0.0
2026-01-18 15:00:00,82.25,97.5,18.75,31.75,26.75,62.5,6.33,0.67,76.5,1.0,4.0,NA,0.0,0.0,0.0,19.0,51.5,1.0,208.0,NA,NA,155.0,750.0,0.0
2026-01-18 16:00:00,69.0,89.25,21.0,32.5,28.75,57.0,4.25,0.5,78.25,1.0,4.0,NA,0.0,0.0,0.0,18.0,55.75,1.0,218.5,NA,NA,28.0,749.75,0.0
2026-01-18 17:00:00,69.0,87.75,20.5,32.0,28.5,58.5,5.33,1.33,65.5,1.0,4.0,NA,0.0,0.0,0.0,14.75,71.25,1.0,205.25,NA,NA,3.0,748.75,0.0
2026-01-18 18:00:00,67.0,101.5,19.0,32.0,27.25,59.0,5.25,2.0,44.25,1.0,4.0,NA,0.0,0.0,0.0,13.5,83.75,0.0,199.0,NA,NA,5.0,748.0,0.0
2026-01-18 19:00:00,101.25,130.25,20.0,31.5,27.75,62.0,5.33,1.67,35.5,2.0,6.0,NA,4.25,8.25,6.75,12.0,92.25,0.0,199.0,NA,NA,12.0,748.0,0.0
2026-01-18 20:00:00,148.5,158.5,20.25,30.25,27.5,62.5,5.25,3.0,19.5,2.0,6.5,NA,5.0,10.0,8.0,12.0,95.0,0.0,198.75,NA,NA,27.75,748.0,0.0
2026-01-18 21:00:00,180.0,183.0,18.75,31.5,27.0,60.0,5.67,2.0,20.5,2.0,6.75,NA,5.0,10.0,8.0,11.5,95.0,0.0,192.25,NA,NA,16.25,748.0,0.0
2026-01-18 22:00:00,NA,NA,20.75,31.25,28.5,59.0,5.0,3.0,16.5,3.0,8.0,NA,1.75,4.75,2.75,11.25,95.0,0.0,161.75,NA,NA,22.75,748.0,0.0
2026-01-18 23:00:00,193.0,271.0,18.33,30.33,26.0,58.0,4.5,2.0,11.0,3.0,8.0,NA,1.0,4.0,2.0,11.33,95.0,0.0,133.33,NA,NA,47.33,748.0,0.0
2026-01-19 00:00:00,157.75,228.5,20.25,32.75,28.25,54.0,3.5,2.25,9.5,2.0,6.5,NA,2.0,4.75,1.75,12.0,94.25,0.0,172.25,NA,NA,30.25,748.0,0.0
2026-01-19 01:00:00,123.0,175.75,18.5,32.0,26.75,51.25,2.67,0.33,9.5,2.25,7.0,NA,0.0,6.0,1.0,11.75,93.25,0.0,208.75,NA,NA,21.25,748.0,0.0
2026-01-19 02:00:00,85.5,156.25,20.75,32.75,28.75,48.0,4.25,0.0,11.75,2.5,7.0,NA,0.0,6.0,1.0,11.0,95.0,0.0,219.75,NA,NA,36.25,748.0,0.0
2026-01-19 03:00:00,67.0,142.0,18.25,30.75,25.75,49.25,1.0,0.33,14.0,2.0,8.0,NA,0.0,1.0,0.0,11.0,95.0,0.0,207.0,NA,NA,30.5,748.0,0.0
2026-01-19 04:00:00,54.5,142.0,20.0,33.0,28.25,60.0,0.25,0.75,15.0,2.0,8.0,NA,0.0,1.0,0.0,11.0,95.0,0.0,97.75,NA,NA,43.75,748.0,0.0
2026-01-19 05:00:00,57.75,145.0,18.0,31.5,26.25,62.25,1.33,1.0,15.0,2.75,6.25,NA,0.0,0.25,0.0,10.25,95.0,0.0,193.75,NA,NA,30.25,747.5,0.0
2026-01-19 06:00:00,58.25,133.25,20.0,30.25,27.0,61.5,0.5,1.25,15.5,3.0,5.0,NA,0.0,0.0,0.0,10.0,95.0,0.0,261.75,NA,NA,22.0,747.25,0.0
2026-01-19 07:00:00,69.5,130.0,19.0,32.5,27.5,63.25,3.33,1.0,23.0,3.0,5.5,NA,0.0,0.0,0.0,10.5,95.0,0.0,248.75,NA,NA,58.0,747.75,0.0
2026-01-19 08:00:00,81.5,136.25,20.25,31.75,28.0,68.5,2.0,4.0,30.5,2.75,5.0,NA,0.0,0.0,0.0,11.75,95.0,0.0,259.5,NA,NA,81.5,748.0,0.0
2026-01-19 09:00:00,93.75,143.5,18.75,31.5,26.75,67.75,3.33,1.0,35.5,1.0,4.0,NA,0.0,0.0,0.0,14.25,87.5,0.25,241.75,NA,NA,155.75,748.5,0.0
2026-01-19 10:00:00,98.0,NA,18.5,31.75,26.5,69.25,2.5,1.5,45.5,1.0,4.0,NA,0.0,0.0,0.0,16.75,71.75,1.0,212.5,NA,NA,305.0,749.0,0.0
2026-01-19 11:00:00,NA,10.0,18.75,32.25,27.25,66.25,1.67,0.67,50.75,1.0,4.0,NA,0.0,0.0,0.0,18.75,60.5,1.0,236.25,NA,NA,481.75,750.0,0.0
2026-01-19 12:00:00,79.5,142.0,20.75,32.5,28.75,66.25,0.0,1.0,60.0,1.0,4.0,NA,0.0,0.0,0.0,20.5,50.25,0.5,233.5,NA,NA,396.75,750.0,0.0
2026-01-19 13:00:00,74.25,156.5,18.25,33.0,27.0,65.0,2.33,1.0,59.75,1.0,4.0,NA,0.0,0.0,0.0,21.5,47.25,0.5,267.75,NA,NA,351.25,750.5,0.0
2026-01-19 14:00:00,76.75,148.5,19.5,32.0,27.5,65.0,2.0,1.0,65.5,1.0,4.0,NA,0.0,0.0,0.0,22.0,45.5,0.75,200.0,NA,NA,175.5,751.0,0.0
2026-01-19 15:00:00,71.5,175.25,18.5,32.25,26.75,62.75,3.33,0.0,77.75,1.0,4.0,NA,0.0,0.0,0.0,21.75,49.0,0.75,171.0,NA,NA,151.0,750.75,0.0
2026-01-19 16:00:00,63.5,168.5,20.5,31.25,28.25,58.75,2.25,0.0,77.25,1.0,4.0,NA,0.0,0.0,0.0,20.5,52.5,1.0,181.5,NA,NA,23.25,750.0,0.0
2026-01-19 17:00:00,65.0,192.25,21.5,31.75,29.0,57.75,3.33,1.0,65.5,1.0,4.0,NA,0.0,0.0,0.0,17.5,68.0,1.0,132.0,NA,NA,2.0,749.5,0.0
2026-01-19 18:00:00,80.75,205.25,18.0,31.5,26.0,58.0,2.25,1.5,45.25,1.0,4.0,NA,0.0,0.0,0.0,15.25,81.75,1.0,129.0,NA,NA,5.5,749.0,0.0
2026-01-19 19:00:00,87.75,236.75,19.0,32.75,27.5,61.75,4.0,1.33,35.0,2.0,6.0,NA,4.25,8.25,6.75,14.5,87.5,1.0,129.0,NA,NA,9.75,749.0,0.0
2026-01-19 20:00:00,129.0,292.5,19.75,32.75,28.25,62.5,3.25,2.25,20.0,2.0,6.5,NA,5.0,10.0,8.0,14.0,93.25,0.5,129.0,NA,NA,13.25,748.0,0.0
2026-01-19 21:00:00,155.25,311.0,20.5,31.0,27.75,62.5,5.0,2.0,20.5,2.0,6.5,NA,5.0,9.75,8.0,13.5,95.0,0.0,129.0,NA,NA,10.25,748.0,0.0
2026-01-19 22:00:00,201.75,345.75,18.5,30.5,26.0,57.75,4.25,3.25,16.25,3.0,8.25,NA,1.75,4.75,2.75,12.75,95.0,0.0,129.0,NA,NA,11.25,748.0,0.0
2026-01-19 23:00:00,225.67,371.67,18.67,31.67,26.67,57.67,5.0,1.0,11.0,3.0,8.0,NA,1.0,4.0,2.0,12.0,95.0,0.0,129.33,NA,NA,17.33,748.0,0.0
2026-01-20 00:00:00,217.75,369.75,19.25,32.5,27.75,53.5,2.25,1.25,9.5,2.0,6.75,NA,2.0,4.75,1.75,12.0,95.0,0.0,119.0,NA,NA,13.75,748.0,0.0
2026-01-20 01:00:00,167.75,310.0,19.25,32.0,27.75,49.25,3.0,2.0,9.0,2.25,7.0,NA,0.0,6.0,1.0,11.75,95.0,0.0,108.0,NA,NA,10.5,748.0,0.0
2026-01-20 02:00:00,131.5,232.0,19.25,30.75,26.25,48.0,3.25,2.0,11.5,2.0,7.0,NA,0.0,6.0,1.0,11.0,95.0,0.0,117.75,NA,NA,16.0,748.0,0.0
2026-01-20 03:00:00,101.0,213.0,21.0,31.5,28.75,47.75,4.0,1.0,13.25,2.25,8.0,NA,0.0,1.0,0.0,10.25,95.0,0.0,87.75,NA,NA,17.75,747.5,0.0
2026-01-20 04:00:00,84.0,195.25,19.75,31.25,27.5,58.75,3.5,1.25,15.0,2.0,8.25,NA,0.0,1.0,0.0,10.0,95.0,0.0,38.25,NA,NA,15.5,747.0,0.0
2026-01-20 05:00:00,84.75,179.0,20.5,31.75,28.0,63.25,1.0,0.67,15.0,2.75,6.5,NA,0.0,0.25,0.0,9.75,95.0,0.0,48.75,NA,NA,19.0,747.0,0.0
2026-01-20 06:00:00,94.25,171.5,22.25,32.0,30.0,63.0,0.0,0.75,15.5,3.0,5.0,NA,0.0,0.0,0.0,9.0,95.0,0.0,84.0,NA,NA,19.75,747.0,0.0
2026-01-20 07:00:00,94.0,172.75,20.25,32.75,28.5,64.75,2.33,1.0,22.5,3.0,5.0,NA,0.0,0.0,0.0,9.5,95.0,0.0,61.0,NA,NA,45.75,747.0,0.0
2026-01-20 08:00:00,106.0,198.25,21.75,32.0,29.5,68.5,0.25,1.5,29.75,2.75,5.0,NA,0.0,0.0,0.0,12.0,92.0,0.0,98.75,NA,NA,78.25,748.0,0.0
2026-01-20 09:00:00,132.0,223.25,19.0,31.5,26.5,69.0,2.67,1.0,35.5,1.0,4.0,NA,0.0,0.0,0.0,15.0,75.75,0.25,117.5,NA,NA,119.5,748.75,0.0
2026-01-20 10:00:00,132.25,231.5,18.5,30.5,25.75,70.25,0.75,1.5,45.5,1.0,4.0,NA,0.0,0.0,0.0,17.75,65.5,0.75,67.25,NA,NA,307.0,749.5,0.0
2026-01-20 11:00:00,103.25,235.75,21.75,32.75,30.0,66.75,6.0,0.33,51.0,1.0,4.0,NA,0.0,0.0,0.0,19.75,60.0,1.0,66.25,NA,NA,533.5,750.0,0.0
2026-01-20 12:00:00,109.5,223.0,19.25,30.25,26.25,65.5,13.0,0.25,60.25,1.0,4.0,NA,0.0,0.0,0.0,21.0,50.0,1.0,62.5,NA,NA,459.25,750.0,0.0
2026-01-20 13:00:00,93.25,208.0,16.0,32.75,25.25,65.75,2.0,1.67,59.0,1.0,4.0,NA,0.0,0.0,0.0,21.75,46.5,1.0,71.0,NA,NA,417.75,750.75,0.0
2026-01-20 14:00:00,71.5,188.25,19.75,36.75,28.0,65.0,2.25,1.75,66.25,1.0,4.0,NA,0.0,0.0,0.0,22.0,46.75,0.5,61.75,NA,NA,215.75,751.0,0.0
2026-01-20 15:00:00,70.0,190.75,19.0,40.5,28.0,62.5,3.67,1.0,78.5,1.0,4.0,NA,0.0,0.0,0.0,21.25,47.75,1.0,88.0,NA,NA,152.5,750.25,0.0
2026-01-20 16:00:00,57.0,198.5,18.75,40.5,27.5,58.25,2.5,1.0,76.75,1.0,4.0,NA,0.0,0.0,0.0,20.5,52.5,1.0,80.5,NA,NA,25.25,750.0,0.0
2026-01-20 17:00:00,67.25,180.25,17.5,41.0,27.25,57.25,3.67,1.0,66.0,1.0,4.0,NA,0.0,0.0,0.0,18.25,62.0,1.0,70.25,NA,NA,9.0,749.5,0.0
2026-01-20 18:00:00,73.5,187.25,18.75,40.0,27.5,57.75,2.75,1.75,45.0,1.0,4.0,NA,0.0,0.0,0.0,16.0,71.0,1.0,73.0,NA,NA,4.75,749.0,0.0
2026-01-20 19:00:00,84.25,204.75,19.75,40.0,28.0,61.5,4.0,0.67,35.25,2.0,6.25,NA,4.25,8.5,6.25,15.5,72.0,1.0,66.0,NA,NA,7.5,749.0,0.0
2026-01-20 20:00:00,110.25,218.25,19.75,40.0,28.5,61.75,2.75,1.0,20.0,2.0,6.5,NA,5.0,10.0,8.0,14.75,74.75,1.0,35.5,NA,NA,6.0,749.0,0.0
2026-01-20 21:00:00,110.25,225.5,19.0,38.75,27.25,61.5,3.0,1.33,20.0,2.0,6.0,NA,5.0,10.0,7.75,14.0,77.5,0.5,43.25,NA,NA,7.25,748.25,0.0
2026-01-20 22:00:00,106.25,218.5,18.75,39.5,27.25,58.25,1.75,1.25,16.5,3.0,8.0,NA,1.75,4.75,2.75,13.75,76.25,0.0,64.75,NA,NA,10.5,748.0,0.0
2026-01-20 23:00:00,87.0,211.67,19.33,39.33,27.67,58.33,4.0,1.0,11.33,3.0,8.0,NA,1.0,4.0,2.0,13.0,78.0,0.0,70.67,NA,NA,5.0,748.0,0.0
2026-01-21 00:00:00,87.75,197.75,18.0,40.5,27.25,53.0,2.0,1.75,9.5,2.0,6.75,NA,2.0,4.75,1.75,12.0,79.25,0.0,60.5,NA,NA,3.0,748.0,0.0
2026-01-21 01:00:00,80.5,190.5,19.0,39.5,27.25,49.25,3.67,0.33,9.25,2.0,7.25,NA,0.0,6.0,1.0,12.0,80.75,0.0,63.5,NA,NA,6.75,748.0,0.0
2026-01-21 02:00:00,76.25,180.75,19.0,38.5,27.0,47.5,4.25,0.75,11.75,2.0,7.0,NA,0.0,6.0,1.0,11.5,81.75,0.0,66.25,NA,NA,4.25,748.0,0.0
2026-01-21 03:00:00,63.75,167.75,17.75,40.5,27.0,48.25,4.33,1.0,13.5,2.0,8.0,NA,0.0,1.0,0.0,11.0,81.5,0.0,61.0,NA,NA,4.25,748.0,0.0
2026-01-21 04:00:00,68.75,158.5,19.5,39.25,27.75,59.5,3.75,1.0,15.25,2.5,8.0,NA,0.0,1.0,0.0,10.5,86.25,0.0,128.5,NA,NA,3.5,747.5,0.0
2026-01-21 05:00:00,75.5,158.0,19.75,39.75,28.0,62.75,1.0,0.67,15.0,2.75,6.25,NA,0.0,0.25,0.0,10.0,92.25,0.0,60.25,NA,NA,4.25,747.0,0.0
2026-01-21 06:00:00,73.25,154.25,19.5,40.25,28.25,61.5,0.25,1.0,15.25,3.0,5.0,NA,0.0,0.0,0.0,10.0,95.0,0.0,42.5,NA,NA,5.0,747.0,0.0
2026-01-21 07:00:00,72.0,158.75,20.0,39.0,27.75,65.0,2.67,1.0,22.5,3.0,5.0,NA,0.0,0.0,0.0,10.0,95.0,0.0,120.25,NA,NA,30.0,747.0,0.0
2026-01-21 08:00:00,84.25,177.5,19.0,39.75,27.5,68.0,2.0,1.0,29.75,3.0,5.0,NA,0.0,0.0,0.0,11.5,90.25,0.0,76.25,NA,NA,79.0,748.0,0.0
2026-01-21 09:00:00,104.5,203.25,18.0,39.0,26.25,68.25,5.33,1.0,35.75,1.0,4.0,NA,0.0,0.0,0.0,14.5,77.5,0.25,79.25,NA,NA,115.5,748.5,0.0
2026-01-21 10:00:00,119.0,202.0,18.5,39.0,26.75,67.75,5.0,1.0,45.0,1.0,4.0,NA,0.0,0.0,0.0,17.75,64.5,1.0,54.0,NA,NA,329.5,749.5,0.0
2026-01-21 11:00:00,99.5,210.25,20.25,35.75,29.0,66.0,6.33,1.0,51.0,1.0,4.0,NA,0.0,0.0,0.0,20.25,52.75,0.75,60.0,NA,NA,603.25,750.0,0.0
2026-01-21 12:00:00,89.5,199.75,18.25,33.0,27.0,65.5,4.25,1.75,59.5,1.0,4.0,NA,0.0,0.0,0.0,21.5,42.5,0.75,59.5,NA,NA,501.0,750.25,0.0
2026-01-21 13:00:00,68.5,175.5,19.25,32.5,27.75,65.5,4.67,1.0,60.5,1.0,4.0,NA,0.0,0.0,0.0,22.0,39.75,1.0,60.75,NA,NA,489.0,751.0,0.0
2026-01-21 14:00:00,54.75,159.0,19.25,32.5,27.75,63.5,4.0,1.75,66.75,1.0,4.0,NA,0.0,0.0,0.0,22.0,39.5,1.0,74.75,NA,NA,288.0,751.0,0.0
2026-01-21 15:00:00,34.5,146.0,19.0,33.25,27.5,61.75,3.67,0.67,77.0,1.0,4.0,NA,0.0,0.0,0.0,21.25,41.75,1.0,69.75,NA,NA,213.75,750.0,0.0
2026-01-21 16:00:00,32.0,143.25,20.0,32.25,28.75,58.5,3.0,1.0,77.25,1.0,4.0,NA,0.0,0.0,0.0,20.5,45.75,1.0,73.0,NA,NA,48.33,750.0,0.0
2026-01-21 17:00:00,32.0,143.0,17.75,31.75,26.5,58.75,2.67,1.0,65.0,1.0,4.0,NA,0.0,0.0,0.0,18.5,50.0,1.0,98.0,NA,NA,NA,749.75,0.0
2026-01-21 18:00:00,47.75,143.0,19.25,32.5,27.5,58.0,2.0,1.25,45.0,1.0,4.0,NA,0.0,0.0,0.0,15.75,62.25,1.0,91.0,NA,NA,1.33,749.0,0.0
2026-01-21 19:00:00,44.25,143.0,20.0,33.0,28.25,61.5,5.33,0.67,35.5,1.75,6.0,NA,4.25,8.5,6.75,14.0,70.5,0.5,91.0,NA,NA,3.0,748.5,0.0
2026-01-21 20:00:00,97.0,177.75,18.75,32.75,27.5,64.5,6.25,1.25,19.75,2.0,6.5,NA,5.0,10.0,7.5,13.5,73.5,0.0,91.0,NA,NA,5.25,748.0,0.0
2026-01-21 21:00:00,135.5,208.0,19.0,32.5,27.25,61.0,4.33,1.33,20.0,2.0,6.0,NA,5.0,10.0,7.75,13.0,75.0,0.0,91.0,NA,NA,5.5,748.0,0.0
2026-01-21 22:00:00,158.5,205.25,15.75,30.25,23.75,58.75,2.25,1.5,16.25,3.0,7.75,NA,1.5,4.75,3.0,12.25,77.5,0.0,91.0,NA,NA,5.5,748.0,0.0
2026-01-21 23:00:00,141.0,197.67,13.0,31.67,22.0,57.67,4.5,0.5,10.67,3.33,8.33,NA,1.0,4.0,2.0,12.67,77.33,0.0,91.0,NA,NA,9.0,748.0,0.0
2026-01-22 00:00:00,127.0,186.75,18.0,34.25,27.5,53.5,5.0,1.0,9.5,2.25,6.75,NA,2.0,4.75,1.75,12.0,79.5,0.0,91.0,NA,NA,8.75,748.0,0.0
2026-01-22 01:00:00,107.25,159.75,17.0,33.5,26.5,49.5,7.67,0.33,9.25,2.0,7.25,NA,0.0,6.0,1.0,11.25,82.5,0.0,67.25,NA,NA,7.75,748.0,0.0
2026-01-22 02:00:00,79.0,154.25,18.0,33.5,27.5,48.25,8.0,0.5,11.75,2.0,7.0,NA,0.0,6.0,1.0,11.0,86.25,0.0,70.25,NA,NA,6.75,748.0,0.0
2026-01-22 03:00:00,75.25,129.75,17.25,33.5,26.75,48.0,5.67,0.0,13.5,2.25,8.25,NA,0.0,1.0,0.0,10.5,90.25,0.0,31.5,NA,NA,5.75,747.5,0.0
2026-01-22 04:00:00,82.5,121.5,18.25,34.0,27.75,59.25,5.75,0.0,15.0,2.5,8.0,NA,0.0,1.0,0.0,10.0,95.0,0.0,38.5,NA,NA,8.25,747.0,0.0
2026-01-22 05:00:00,84.75,117.25,17.75,34.0,27.25,62.75,5.33,0.0,15.0,2.75,6.25,NA,0.0,0.25,0.0,9.75,95.0,0.0,38.25,NA,NA,13.5,747.0,0.0
2026-01-22 06:00:00,86.75,110.5,18.25,34.0,27.5,62.5,3.75,1.0,15.5,3.0,5.0,NA,0.0,0.0,0.0,9.25,95.0,0.0,31.5,NA,NA,8.25,747.0,0.0
2026-01-22 07:00:00,83.25,119.5,16.75,34.0,26.25,65.5,4.0,0.0,22.75,3.0,5.0,NA,0.0,0.0,0.0,9.75,95.0,0.0,33.25,NA,NA,38.0,747.25,0.0
2026-01-22 08:00:00,90.5,121.75,19.0,35.0,29.0,69.25,3.5,0.0,29.75,3.0,5.0,NA,0.0,0.0,0.0,12.0,91.25,0.0,53.0,NA,NA,88.0,748.0,0.0
2026-01-22 09:00:00,NA,NA,18.0,33.0,26.75,68.0,4.67,0.33,36.25,1.0,4.0,NA,0.0,0.0,0.0,14.5,72.75,0.5,63.0,NA,NA,136.5,748.75,0.0
2026-01-22 10:00:00,117.25,136.75,20.25,33.0,28.5,68.0,3.75,0.0,45.5,1.0,4.0,NA,0.0,0.0,0.0,17.75,55.75,0.5,42.25,NA,NA,310.5,749.5,0.0
2026-01-22 11:00:00,101.5,137.5,21.75,32.75,29.75,66.5,7.67,0.0,50.5,1.0,4.0,NA,0.0,0.0,0.0,19.75,51.5,0.75,56.5,NA,NA,552.5,750.0,0.0
2026-01-22 12:00:00,101.0,225.25,19.25,32.25,27.5,64.5,6.5,0.0,61.25,1.0,4.0,NA,0.0,0.0,0.0,20.25,50.75,0.75,67.25,NA,NA,467.75,750.0,0.0
2026-01-22 13:00:00,71.25,324.5,13.75,33.5,23.75,65.75,1.33,1.33,59.5,1.0,4.0,NA,0.0,0.0,0.0,20.75,50.0,1.0,63.75,NA,NA,435.0,750.0,0.0
2026-01-22 14:00:00,68.0,273.0,16.25,34.5,26.5,66.25,3.0,3.25,65.75,1.0,4.0,NA,0.0,0.0,0.0,21.0,49.5,0.75,75.25,NA,NA,305.0,750.0,0.0
2026-01-22 15:00:00,85.5,178.75,18.25,33.0,27.25,62.75,6.0,0.0,76.75,1.0,4.0,NA,0.0,0.0,0.0,20.75,50.5,1.0,67.25,NA,NA,190.0,750.0,0.0
2026-01-22 16:00:00,69.25,169.0,17.0,34.5,27.0,57.0,5.75,0.0,76.75,1.0,4.0,NA,0.0,0.0,0.0,19.75,51.75,1.0,88.5,NA,NA,42.67,750.0,0.0
2026-01-22 17:00:00,70.75,180.5,17.25,33.75,27.0,58.5,4.0,0.0,63.5,1.0,4.0,NA,0.0,0.0,0.0,17.5,64.0,1.0,94.25,NA,NA,NA,749.25,0.0
2026-01-22 18:00:00,85.0,202.25,17.5,33.25,26.5,57.75,3.5,0.75,44.25,1.0,4.0,NA,0.0,0.0,0.0,14.75,77.25,0.75,94.0,NA,NA,2.0,748.75,0.0
2026-01-22 19:00:00,81.5,225.5,16.5,35.25,27.25,63.25,5.0,1.33,35.25,2.0,6.0,NA,4.25,8.5,6.75,13.5,85.75,0.0,94.0,NA,NA,4.75,748.0,0.0
2026-01-22 20:00:00,101.5,270.5,17.5,33.75,26.75,61.75,5.75,2.75,19.25,2.0,6.75,NA,5.0,10.0,8.0,13.0,89.75,0.0,94.0,NA,NA,2.75,748.0,0.0
2026-01-22 21:00:00,131.75,318.0,19.5,33.25,28.25,61.25,4.33,1.33,20.0,2.0,6.25,NA,5.0,10.0,7.75,12.0,95.0,0.0,94.0,NA,NA,5.75,748.0,0.0
2026-01-22 22:00:00,162.75,326.5,19.0,33.0,28.0,58.75,5.0,2.0,16.5,3.25,8.0,NA,1.5,4.75,2.75,11.75,95.0,0.0,94.0,NA,NA,6.5,748.0,0.0
2026-01-22 23:00:00,169.33,330.33,20.0,33.0,28.33,58.0,4.5,1.0,11.0,3.67,8.33,NA,1.0,4.0,2.0,11.0,95.0,0.0,94.0,NA,NA,9.67,748.0,0.0
2026-01-23 00:00:00,191.5,312.25,19.0,31.25,27.0,52.0,5.25,1.25,9.5,2.25,6.75,NA,2.0,4.75,1.75,11.0,95.0,0.0,129.25,NA,NA,9.25,748.0,0.0
2026-01-23 01:00:00,177.25,278.0,18.25,32.5,27.0,50.0,4.0,0.33,9.75,2.0,7.0,NA,0.0,6.0,1.0,11.0,95.0,0.0,229.25,NA,NA,12.25,748.0,0.0
2026-01-23 02:00:00,157.5,235.25,19.0,32.25,27.5,47.5,3.5,0.25,11.75,2.0,7.0,NA,0.0,6.0,1.0,10.0,95.0,0.0,230.0,NA,NA,15.75,747.25,0.0
2026-01-23 03:00:00,120.5,199.75,19.0,32.5,27.5,49.5,5.0,1.0,13.5,2.0,8.0,NA,0.0,1.0,0.0,10.0,95.0,0.0,229.75,NA,NA,17.25,747.0,0.0
2026-01-23 04:00:00,111.5,176.25,19.0,31.75,27.25,57.5,3.25,0.75,15.0,2.25,8.0,NA,0.0,1.0,0.0,9.75,95.0,0.0,229.0,NA,NA,18.25,747.0,0.0
2026-01-23 05:00:00,91.5,148.75,19.5,32.75,28.25,63.0,2.33,0.67,15.0,2.75,6.25,NA,0.0,0.25,0.0,9.25,95.0,0.0,221.5,NA,NA,17.5,747.0,0.0
2026-01-23 06:00:00,83.5,140.25,20.0,32.75,28.25,64.5,1.75,0.75,15.25,3.0,5.0,NA,0.0,0.0,0.0,10.0,91.75,0.0,207.0,NA,NA,7.67,747.0,0.0
2026-01-23 07:00:00,86.75,149.25,19.25,31.75,27.25,65.75,3.33,1.0,22.75,3.0,5.0,NA,0.0,0.0,0.0,10.25,85.25,0.0,216.5,NA,NA,43.25,747.25,0.0
2026-01-23 08:00:00,95.5,150.25,19.25,32.25,28.0,66.5,2.0,1.0,29.5,2.75,5.0,NA,0.0,0.0,0.0,12.75,70.75,0.0,228.0,NA,NA,89.0,748.0,0.0
2026-01-23 09:00:00,96.0,164.5,22.25,32.5,30.5,68.0,5.67,1.0,35.25,1.0,4.0,NA,0.0,0.0,0.0,14.75,63.5,0.0,245.75,NA,NA,127.5,748.25,0.0
2026-01-23 10:00:00,108.0,182.5,18.5,31.0,26.25,68.5,0.75,1.0,44.5,1.0,4.0,NA,0.0,0.0,0.0,16.75,63.75,0.25,246.25,NA,NA,265.0,749.0,0.0
2026-01-23 11:00:00,109.0,189.0,19.0,31.25,27.0,66.75,2.0,1.33,51.25,1.0,4.0,NA,0.0,0.0,0.0,18.5,59.5,0.5,247.75,NA,NA,437.0,749.75,0.0
2026-01-23 12:00:00,102.5,202.0,18.0,32.5,26.75,66.0,0.25,1.5,59.25,1.0,4.0,NA,0.0,0.0,0.0,19.25,55.5,1.0,243.5,NA,NA,412.0,750.0,0.0
2026-01-23 13:00:00,88.0,203.25,19.75,32.5,28.25,65.25,3.0,0.67,59.5,1.0,4.0,NA,0.0,0.0,0.0,20.0,49.5,1.0,232.5,NA,NA,347.0,750.0,0.0
2026-01-23 14:00:00,71.25,185.25,19.25,33.0,28.0,65.25,1.75,0.0,67.0,1.0,4.0,NA,0.0,0.0,0.0,20.25,49.0,1.0,228.5,NA,NA,273.5,750.0,0.0
2026-01-23 15:00:00,62.5,184.5,17.75,32.0,26.25,62.5,2.33,1.0,77.25,1.0,4.0,NA,0.0,0.0,0.0,20.25,53.5,1.0,224.75,NA,NA,127.0,750.0,0.0
2026-01-23 16:00:00,64.75,193.25,18.75,33.0,27.5,57.5,2.25,1.0,77.5,1.0,4.0,NA,0.0,0.0,0.0,19.5,56.25,1.0,230.0,NA,NA,49.5,750.0,0.0
2026-01-23 17:00:00,59.5,193.25,21.5,32.25,29.25,58.25,2.33,1.0,64.0,1.0,4.0,NA,0.0,0.0,0.0,18.5,60.75,1.0,224.0,NA,NA,6.75,750.0,0.0
2026-01-23 18:00:00,63.75,182.75,19.5,32.75,28.25,57.75,1.0,1.25,44.5,1.0,4.0,NA,0.0,0.0,0.0,17.5,65.75,1.0,230.75,NA,NA,6.75,749.0,0.0
2026-01-23 19:00:00,63.25,176.5,18.75,32.75,27.5,61.25,4.67,1.33,35.0,2.0,5.75,NA,4.25,8.5,6.75,16.75,69.25,1.0,226.5,NA,NA,7.75,749.0,0.0
2026-01-23 20:00:00,72.25,172.0,17.5,32.5,26.0,62.5,3.0,1.75,19.5,2.0,6.75,NA,5.0,10.0,7.75,16.0,69.25,1.0,229.5,NA,NA,9.25,749.0,0.0
2026-01-23 21:00:00,101.0,170.0,20.0,31.75,28.0,61.75,4.0,1.33,20.25,2.0,6.5,NA,5.0,10.0,8.0,16.0,67.75,1.0,233.75,NA,NA,25.5,749.0,0.0
2026-01-23 22:00:00,100.25,167.25,19.0,33.0,28.0,58.25,3.5,1.5,16.5,3.25,8.0,NA,1.75,4.75,2.75,16.0,69.0,1.0,228.75,NA,NA,33.0,749.0,0.0
2026-01-23 23:00:00,97.33,158.0,19.0,31.0,26.33,58.0,2.5,0.5,11.0,3.33,8.33,NA,1.0,4.0,2.0,15.33,72.67,0.0,121.33,NA,NA,29.33,749.0,0.0
2026-01-24 00:00:00,85.75,156.0,19.5,32.25,27.75,54.0,2.5,0.75,10.0,2.0,6.5,NA,2.0,4.75,1.75,15.0,69.25,0.25,206.5,NA,NA,19.0,749.0,0.0
2026-01-24 01:00:00,76.5,155.75,18.75,31.0,26.75,51.0,4.67,1.0,9.5,2.0,7.0,NA,0.0,6.0,1.0,14.25,72.0,0.0,175.75,NA,NA,29.25,748.0,0.0
2026-01-24 02:00:00,68.5,135.75,18.25,31.75,26.5,48.5,4.5,1.0,11.25,2.0,7.0,NA,0.0,6.0,1.0,13.0,92.25,0.0,254.75,NA,NA,99.25,748.0,0.0
2026-01-24 03:00:00,78.25,127.75,19.25,33.75,28.25,47.75,3.67,0.0,13.25,2.25,8.0,NA,0.0,1.0,0.0,13.25,92.25,0.0,222.5,NA,NA,104.0,748.0,0.0
2026-01-24 04:00:00,70.75,121.0,17.25,30.75,25.25,58.75,2.75,0.5,15.0,2.25,8.0,NA,0.0,1.0,0.0,13.25,89.5,0.0,221.0,NA,NA,129.25,748.0,0.0
2026-01-24 05:00:00,71.0,116.25,17.25,31.5,25.75,63.25,4.0,0.67,15.0,2.75,6.25,NA,0.0,0.25,0.0,13.0,91.25,0.0,223.5,NA,NA,84.75,748.0,0.0
2026-01-24 06:00:00,62.75,108.25,20.5,32.5,28.75,61.75,2.25,0.75,15.5,3.0,5.0,NA,0.0,0.0,0.0,13.0,85.5,0.0,199.75,NA,NA,13.0,748.0,0.0
2026-01-24 07:00:00,53.5,110.5,20.5,31.5,28.0,64.5,4.0,1.0,22.75,3.0,5.0,NA,0.0,0.0,0.0,13.0,88.75,0.0,201.25,NA,NA,14.25,748.0,0.0
2026-01-24 08:00:00,68.0,110.5,19.0,32.25,27.0,70.0,2.5,1.0,29.75,3.0,5.0,NA,0.0,0.0,0.0,13.75,86.75,0.0,188.0,NA,NA,42.0,748.0,0.0
2026-01-24 09:00:00,99.0,106.67,18.75,31.0,26.5,68.0,5.0,1.0,35.75,1.0,4.0,NA,0.0,0.0,0.0,15.0,83.75,0.25,201.25,NA,NA,244.0,748.5,0.0
2026-01-24 10:00:00,89.0,118.75,19.25,32.0,27.5,67.5,1.25,1.0,44.25,1.0,4.0,NA,0.0,0.0,0.0,16.75,77.25,1.0,202.75,NA,NA,310.75,749.0,0.0
2026-01-24 11:00:00,90.75,126.0,25.75,32.5,33.0,68.0,12.0,1.67,51.25,1.0,4.0,NA,0.0,0.0,0.0,18.0,72.0,0.0,137.25,NA,NA,377.5,749.25,0.0
2026-01-24 12:00:00,83.5,116.25,25.5,31.5,32.75,65.5,19.33,1.5,60.25,1.0,4.0,NA,0.0,0.0,0.0,19.0,65.5,0.5,176.5,NA,NA,363.75,750.0,0.0
2026-01-24 13:00:00,93.25,112.25,11.75,27.25,17.25,65.25,NA,0.67,59.0,1.0,4.0,NA,0.0,0.0,0.0,20.0,62.0,0.75,188.0,NA,NA,383.0,750.0,0.0
2026-01-24 14:00:00,85.5,115.75,16.25,32.0,25.0,65.75,NA,0.75,66.75,1.0,4.0,NA,0.0,0.0,0.0,20.5,59.75,0.75,95.0,NA,NA,248.25,750.0,0.0
2026-01-24 15:00:00,81.25,124.75,18.5,31.75,27.0,62.0,5.25,0.67,76.75,1.0,4.0,NA,0.0,0.0,0.0,20.5,60.25,0.75,77.0,NA,NA,120.25,750.0,0.0
2026-01-24 16:00:00,95.75,126.25,20.75,31.5,28.75,59.0,5.33,1.0,77.0,1.0,4.0,NA,0.0,0.0,0.0,19.25,67.75,0.75,85.75,NA,NA,25.75,750.0,0.0
2026-01-24 17:00:00,86.0,121.25,20.5,31.25,28.0,58.75,3.5,0.0,65.5,1.0,4.0,NA,0.0,0.0,0.0,17.75,78.25,1.0,50.25,NA,NA,7.25,749.5,0.0
2026-01-24 18:00:00,76.5,128.25,21.25,31.0,28.75,57.25,2.33,1.0,45.25,1.0,4.0,NA,0.0,0.0,0.0,16.75,83.25,1.0,50.5,NA,NA,3.75,749.0,0.0
2026-01-24 19:00:00,90.0,142.0,19.5,32.75,28.25,63.0,5.0,1.0,35.5,2.0,5.75,NA,4.25,8.5,6.5,15.75,86.75,0.75,32.75,NA,NA,4.0,749.0,0.0
2026-01-24 20:00:00,115.25,137.25,16.0,30.25,23.75,65.0,3.33,2.0,19.5,2.0,6.25,NA,5.0,10.0,7.75,15.0,89.0,0.75,55.0,NA,NA,5.25,749.0,0.0
2026-01-24 21:00:00,122.5,145.25,17.0,32.75,26.0,59.25,6.25,0.0,20.0,2.0,6.25,NA,5.0,10.0,8.0,14.25,93.5,0.5,72.25,NA,NA,3.0,748.75,0.0
2026-01-24 22:00:00,124.75,150.25,22.25,33.75,31.0,57.75,7.67,0.0,16.5,3.0,7.75,NA,1.5,4.75,2.75,13.75,95.0,0.0,64.5,NA,NA,3.0,748.0,0.0
2026-01-24 23:00:00,92.33,143.0,21.0,31.33,28.33,57.67,4.67,1.0,11.0,3.0,8.33,NA,1.0,4.0,2.0,13.0,95.0,0.0,67.67,NA,NA,3.67,748.0,0.0
2026-01-25 00:00:00,95.5,111.0,18.25,32.25,26.75,52.25,2.67,1.0,10.0,2.0,6.75,NA,2.0,4.75,1.75,12.75,95.0,0.0,71.25,NA,NA,5.5,748.0,0.0
2026-01-25 01:00:00,80.25,103.5,19.0,31.5,27.0,50.0,3.75,0.67,9.5,2.0,7.0,NA,0.0,6.0,1.0,12.0,95.0,0.0,81.25,NA,NA,5.75,748.0,0.0
2026-01-25 02:00:00,58.5,96.25,20.25,30.5,27.5,49.25,3.0,0.75,11.75,2.25,7.0,NA,0.0,6.0,1.0,11.5,95.0,0.0,74.5,NA,NA,5.75,748.0,0.0
2026-01-25 03:00:00,60.75,80.75,20.25,32.25,28.5,48.75,4.67,1.33,13.5,2.0,8.0,NA,0.0,1.0,0.0,11.0,95.0,0.0,78.75,NA,NA,5.5,748.0,0.0
2026-01-25 04:00:00,55.5,73.25,19.75,32.0,27.75,59.5,4.0,1.0,15.0,2.25,8.25,NA,0.0,1.0,0.0,10.25,95.0,0.0,64.75,NA,NA,3.5,747.5,0.0
2026-01-25 05:00:00,53.0,68.0,19.75,29.75,26.5,63.0,2.67,0.33,15.25,2.75,6.25,NA,0.0,0.25,0.0,10.0,95.0,0.0,77.25,NA,NA,4.25,747.0,0.0
2026-01-25 06:00:00,51.0,64.25,19.25,31.0,27.0,63.0,1.25,1.0,15.75,3.0,5.0,NA,0.0,0.0,0.0,9.25,95.0,0.0,79.25,NA,NA,6.5,747.0,0.0
2026-01-25 07:00:00,50.0,59.25,18.75,31.5,27.0,64.75,4.0,0.0,23.0,3.0,5.0,NA,0.0,0.0,0.0,9.0,95.0,0.0,73.75,NA,NA,46.75,747.0,0.0
2026-01-25 08:00:00,47.25,58.0,17.75,30.5,25.75,67.75,3.0,1.0,30.25,2.75,5.0,NA,0.0,0.0,0.0,10.25,95.0,0.0,77.75,NA,NA,115.5,747.25,0.0
2026-01-25 09:00:00,45.25,64.5,18.25,32.25,26.75,67.5,3.0,0.33,35.25,1.0,4.0,NA,0.0,0.0,0.0,12.0,88.5,0.0,58.75,NA,NA,179.75,748.0,0.0
2026-01-25 10:00:00,64.0,70.0,19.25,30.0,26.5,68.25,1.0,1.0,44.25,1.0,4.0,NA,0.0,0.0,0.0,14.5,79.5,0.0,71.0,NA,NA,324.25,748.75,0.0
2026-01-25 11:00:00,58.0,79.0,19.0,31.25,27.0,66.5,2.33,0.67,50.0,1.0,4.0,NA,0.0,0.0,0.0,17.0,69.5,0.5,56.25,NA,NA,538.0,749.0,0.0
2026-01-25 12:00:00,46.75,92.5,18.5,32.5,27.0,65.75,1.0,1.0,60.25,1.0,4.0,NA,0.0,0.0,0.0,18.5,63.75,1.0,50.0,NA,NA,460.5,750.0,0.0
2026-01-25 13:00:00,47.75,90.0,18.75,31.25,26.5,64.0,4.67,1.0,59.75,1.0,4.0,NA,0.0,0.0,0.0,19.5,61.0,0.75,54.25,NA,NA,411.5,750.0,0.0
2026-01-25 14:00:00,40.5,95.25,21.5,31.75,29.5,65.0,4.0,1.5,66.0,1.0,4.0,NA,0.0,0.0,0.0,20.0,56.25,1.0,71.25,NA,NA,325.5,750.0,0.0
2026-01-25 15:00:00,42.75,98.75,19.0,31.0,26.75,62.0,4.0,1.0,78.25,1.0,4.0,NA,0.0,0.0,0.0,19.25,58.0,1.0,63.75,NA,NA,204.0,750.0,0.0
2026-01-25 16:00:00,27.0,80.5,19.75,32.25,28.0,58.25,4.0,1.0,78.25,1.0,4.0,NA,0.0,0.0,0.0,18.5,59.5,0.75,70.25,NA,NA,54.75,750.0,0.0
2026-01-25 17:00:00,34.5,72.75,20.25,31.25,28.0,58.5,3.33,0.33,64.5,1.0,4.0,NA,0.0,0.0,0.0,17.0,66.75,1.0,63.25,NA,NA,2.5,749.0,0.0
2026-01-25 18:00:00,38.75,73.75,18.75,30.25,26.0,58.0,2.75,0.25,44.75,1.0,4.0,NA,0.0,0.0,0.0,15.5,72.75,1.0,77.5,NA,NA,1.5,749.0,0.0
2026-01-25 19:00:00,39.0,88.5,20.5,31.0,28.0,62.75,3.0,1.0,36.25,1.75,6.25,NA,4.25,8.5,6.75,14.75,79.0,1.0,83.0,NA,NA,4.75,748.75,0.0
2026-01-25 20:00:00,60.5,102.75,20.0,31.75,28.0,64.25,3.0,1.0,19.75,2.0,6.75,NA,5.0,10.0,7.75,14.0,83.5,0.5,79.0,NA,NA,4.25,748.0,0.0
2026-01-25 21:00:00,73.0,106.75,20.25,31.75,28.5,62.0,6.0,1.0,20.0,2.0,6.25,NA,5.0,10.0,7.75,13.0,86.75,0.0,57.0,NA,NA,3.25,748.0,0.0
2026-01-25 22:00:00,71.25,97.5,20.5,30.5,27.5,58.0,5.25,1.0,16.75,3.0,7.75,NA,1.5,4.75,2.75,12.75,88.25,0.0,55.75,NA,NA,5.0,748.0,0.0
2026-01-25 23:00:00,70.33,113.33,19.67,31.67,28.0,58.67,5.0,0.0,11.0,3.0,8.0,NA,1.0,4.0,2.0,12.0,89.0,0.0,74.0,NA,NA,3.67,748.0,0.0
2026-01-26 00:00:00,64.5,131.75,18.25,31.25,26.5,52.5,4.0,0.5,9.25,2.0,6.75,NA,2.0,4.75,1.75,11.0,88.5,0.0,63.75,NA,NA,5.5,748.0,0.0
2026-01-26 01:00:00,67.75,143.0,17.5,32.5,26.5,50.0,2.67,1.0,9.75,2.0,7.0,NA,0.0,6.0,1.0,11.0,85.5,0.0,86.0,NA,NA,7.5,748.0,0.0
2026-01-26 02:00:00,66.0,145.75,20.0,33.25,28.75,48.25,1.0,1.0,11.75,2.0,7.0,NA,0.0,6.0,1.0,10.0,86.0,0.0,77.5,NA,NA,6.0,747.0,0.0
2026-01-26 03:00:00,66.0,133.25,20.5,30.75,27.5,47.75,4.33,0.67,13.5,2.0,8.0,NA,0.0,1.0,0.0,9.5,89.5,0.0,79.75,NA,NA,5.0,747.0,0.0
2026-01-26 04:00:00,65.25,123.0,19.75,32.75,28.0,58.25,3.25,0.5,15.0,2.5,8.0,NA,0.0,1.0,0.0,9.0,92.0,0.0,80.75,NA,NA,5.25,747.0,0.0
2026-01-26 05:00:00,61.5,119.75,19.0,30.25,26.5,62.5,3.67,1.0,15.0,2.75,6.5,NA,0.0,0.25,0.0,8.75,90.25,0.0,86.0,NA,NA,5.5,747.0,0.0
2026-01-26 06:00:00,53.5,119.25,20.25,31.0,28.0,64.0,2.25,1.75,15.5,3.0,5.0,NA,0.0,0.0,0.0,8.0,87.75,0.0,74.25,NA,NA,7.0,747.0,0.0
2026-01-26 07:00:00,69.5,118.0,20.5,31.5,28.25,64.75,5.0,1.0,22.25,3.0,5.0,NA,0.0,0.0,0.0,8.75,86.25,0.0,92.0,NA,NA,44.75,747.0,0.0
2026-01-26 08:00:00,72.75,135.0,20.0,31.25,27.75,68.75,4.25,1.75,30.0,2.75,5.0,NA,0.0,0.0,0.0,10.0,80.5,0.0,78.0,NA,NA,102.0,747.25,0.0
2026-01-26 09:00:00,72.25,144.25,18.75,31.5,26.75,68.25,3.67,1.0,36.0,1.0,4.0,NA,0.0,0.0,0.0,11.75,75.25,0.0,83.25,NA,NA,151.0,748.0,0.0
2026-01-26 10:00:00,104.5,124.25,19.25,31.25,27.25,67.5,2.0,1.0,43.0,1.0,4.0,NA,0.0,0.0,0.0,14.5,64.25,0.0,82.0,NA,NA,313.25,748.75,0.0
2026-01-26 11:00:00,76.5,119.75,18.5,29.5,25.5,67.25,3.67,0.33,51.5,1.0,4.0,NA,0.0,0.0,0.0,16.25,55.75,0.0,84.75,NA,NA,539.25,749.0,0.0
2026-01-26 12:00:00,53.75,122.5,19.0,31.25,26.5,65.75,2.0,0.75,60.5,1.0,4.0,NA,0.0,0.0,0.0,17.75,52.75,0.25,80.5,NA,NA,479.25,749.5,0.0
2026-01-26 13:00:00,56.75,125.5,19.75,31.5,27.75,64.5,1.33,1.67,60.0,1.0,4.0,NA,0.0,0.0,0.0,18.75,51.25,0.5,65.25,NA,NA,460.0,750.0,0.0
2026-01-26 14:00:00,42.25,126.5,20.5,30.25,27.5,65.75,1.0,1.5,66.5,1.0,4.0,NA,0.0,0.0,0.0,19.0,51.75,0.75,69.0,NA,NA,371.0,750.0,0.0
2026-01-26 15:00:00,35.25,111.0,18.25,31.25,26.0,64.25,2.0,1.0,77.5,1.0,4.0,NA,0.0,0.0,0.0,19.0,52.5,0.75,73.5,NA,NA,186.25,750.0,0.0
2026-01-26 16:00:00,36.75,70.5,13.25,33.0,23.0,58.0,0.0,2.0,76.75,1.0,4.0,NA,0.0,0.0,0.0,18.25,54.5,1.0,76.25,NA,NA,53.0,749.75,0.0
2026-01-26 17:00:00,43.5,108.75,18.75,33.25,27.75,57.0,4.67,0.0,64.75,1.0,4.0,NA,0.0,0.0,0.0,16.5,59.5,0.75,102.75,NA,NA,4.75,749.0,0.0
2026-01-26 18:00:00,45.0,115.0,16.25,32.25,25.0,60.0,4.25,0.0,45.25,1.0,4.0,NA,0.0,0.0,0.0,15.25,67.0,1.0,83.5,NA,NA,5.5,749.0,0.0
2026-01-26 19:00:00,60.75,148.75,19.25,32.5,27.5,62.5,4.67,0.0,35.25,1.75,5.75,NA,4.25,8.5,6.75,14.5,72.5,0.75,88.5,NA,NA,8.25,748.75,0.0
2026-01-26 20:00:00,78.75,195.5,19.0,32.5,27.5,63.5,4.5,0.75,19.5,2.0,6.5,NA,5.0,10.0,7.75,13.5,76.0,0.0,132.75,NA,NA,12.25,748.0,0.0
2026-01-26 21:00:00,102.25,241.75,18.5,31.75,27.0,61.75,3.67,1.33,19.75,2.0,6.25,NA,5.0,10.0,8.0,12.5,83.0,0.0,153.25,NA,NA,9.0,748.0,0.0
2026-01-26 22:00:00,119.75,541.25,18.25,32.75,27.25,58.25,3.25,1.75,16.5,3.25,7.75,NA,1.75,5.0,2.75,12.0,82.5,0.0,153.0,NA,NA,14.5,748.0,0.0
2026-01-26 23:00:00,109.33,343.67,18.33,31.67,27.0,58.67,2.0,0.5,11.0,3.0,8.33,NA,1.0,4.0,2.0,12.0,82.0,0.0,196.33,NA,NA,24.33,748.0,0.0
2026-01-27 00:00:00,101.5,320.25,18.75,32.75,27.25,53.25,1.0,1.0,10.0,2.0,6.5,NA,2.0,4.75,1.75,11.0,81.75,0.0,200.0,NA,NA,20.0,748.0,0.0
2026-01-27 01:00:00,92.75,236.5,20.25,32.0,28.25,50.0,3.67,1.0,9.5,2.0,7.0,NA,0.0,6.0,1.0,11.0,79.5,0.0,193.0,NA,NA,21.25,748.0,0.0
2026-01-27 02:00:00,83.75,177.5,19.0,33.0,28.0,47.0,2.75,1.0,11.5,2.0,7.0,NA,0.0,6.0,1.0,10.5,85.5,0.0,193.0,NA,NA,21.0,747.5,0.0
2026-01-27 03:00:00,75.5,156.0,19.5,33.75,28.75,47.75,7.67,0.33,13.5,2.0,8.0,NA,0.0,1.0,0.0,10.0,84.5,0.0,191.0,NA,NA,23.75,747.0,0.0
2026-01-27 04:00:00,64.75,134.0,21.75,32.75,29.5,58.75,7.5,0.5,15.0,2.0,8.25,NA,0.0,1.0,0.0,10.0,84.25,0.0,189.75,NA,NA,26.25,747.0,0.0
2026-01-27 05:00:00,54.75,153.75,19.25,32.25,27.75,63.5,3.67,0.0,15.0,2.75,6.5,NA,0.0,0.25,0.0,10.0,79.0,0.0,182.25,NA,NA,21.5,747.0,0.0
2026-01-27 06:00:00,64.0,156.0,18.75,33.25,27.75,63.25,3.0,0.0,15.5,3.0,5.0,NA,0.0,0.0,0.0,9.5,82.75,0.0,203.5,NA,NA,22.5,747.0,0.0
2026-01-27 07:00:00,59.5,165.75,19.75,31.75,28.0,67.75,5.0,0.0,22.25,3.0,5.0,NA,0.0,0.0,0.0,10.0,83.25,0.0,203.0,NA,NA,61.5,747.25,0.0
2026-01-27 08:00:00,97.0,248.5,18.5,32.5,27.25,69.0,4.5,0.0,29.75,2.75,5.25,NA,0.0,0.0,0.0,11.75,71.75,0.0,214.0,NA,NA,105.5,748.0,0.0
2026-01-27 09:00:00,111.0,227.25,20.0,31.75,28.25,68.0,4.67,0.0,35.25,1.0,4.0,NA,0.0,0.0,0.0,13.5,66.75,0.0,199.25,NA,NA,171.25,748.0,0.0
2026-01-27 10:00:00,93.5,234.0,19.25,33.0,28.25,68.25,4.5,0.0,44.75,1.0,4.0,NA,0.0,0.0,0.0,15.5,61.0,0.5,227.25,NA,NA,265.25,749.0,0.0
2026-01-27 11:00:00,NA,NA,18.75,32.25,27.0,67.75,4.0,NA,50.25,1.0,4.0,NA,0.0,0.0,0.0,17.0,53.0,0.5,268.0,NA,NA,393.75,749.25,0.0
2026-01-27 12:00:00,NA,10.0,17.5,32.0,26.0,65.5,4.0,1.25,59.75,1.0,4.0,NA,0.0,0.0,0.0,18.5,49.25,1.0,227.5,NA,NA,450.25,749.75,0.0
2026-01-27 13:00:00,49.67,60.75,16.0,33.5,25.5,65.75,6.0,1.0,59.0,1.0,4.0,NA,0.0,0.0,0.0,19.75,49.5,0.5,241.5,NA,NA,408.25,750.0,0.0
2026-01-27 14:00:00,67.75,109.25,17.0,34.0,26.75,65.5,8.5,1.0,NA,1.0,4.0,NA,0.0,0.0,0.0,20.0,49.75,0.75,279.25,NA,NA,328.5,750.0,0.0
2026-01-27 15:00:00,61.25,124.5,17.75,33.0,26.75,62.75,7.0,0.0,78.67,1.0,4.0,NA,0.0,0.0,0.0,20.0,52.25,0.75,267.5,NA,NA,121.25,750.0,0.0
2026-01-27 16:00:00,59.5,134.0,18.25,33.5,27.25,58.0,5.25,0.0,77.25,1.0,4.0,NA,0.0,0.0,0.0,19.0,56.5,1.0,221.75,NA,NA,47.75,750.0,0.0
2026-01-27 17:00:00,67.0,156.25,17.25,32.75,26.5,59.5,8.67,1.0,64.0,1.0,4.0,NA,0.0,0.0,0.0,18.0,62.0,1.0,218.75,NA,NA,19.5,749.75,0.0
2026-01-27 18:00:00,71.25,173.25,19.25,32.25,27.25,59.25,7.25,1.0,44.75,1.0,4.0,NA,0.0,0.0,0.0,17.0,66.5,0.75,189.0,NA,NA,32.25,749.0,0.0
2026-01-27 19:00:00,70.75,178.5,19.25,32.75,27.75,62.0,7.33,0.0,35.0,2.0,6.0,NA,4.25,8.5,6.5,17.0,67.75,0.0,128.5,NA,NA,33.75,749.0,0.0
2026-01-27 20:00:00,77.25,178.25,17.75,32.5,26.5,62.75,7.75,0.5,20.0,2.0,6.5,NA,5.0,10.0,7.75,16.5,69.0,0.75,121.5,NA,NA,32.33,749.0,0.0
2026-01-27 21:00:00,77.5,177.75,15.75,33.25,25.5,60.25,7.0,0.0,19.75,2.0,6.75,NA,5.0,10.0,7.75,15.0,84.0,0.0,155.5,NA,NA,17.75,749.0,0.0
2026-01-27 22:00:00,77.5,168.25,17.25,32.25,25.75,56.75,6.25,0.0,16.5,3.25,7.75,NA,1.5,4.75,2.75,14.75,84.75,0.0,161.5,NA,NA,7.75,749.0,0.0
2026-01-27 23:00:00,80.67,150.67,18.0,32.0,26.33,58.33,6.0,0.0,11.0,3.33,8.0,NA,1.0,4.0,2.0,14.67,85.67,0.0,202.0,NA,NA,11.0,749.0,0.0
2026-01-28 00:00:00,82.75,129.0,18.25,34.25,27.5,53.5,6.0,0.25,9.75,2.0,6.5,NA,2.0,4.75,1.75,14.0,89.75,0.0,203.0,NA,NA,28.25,748.25,0.0
2026-01-28 01:00:00,83.75,120.25,18.0,33.75,27.5,50.5,8.0,0.0,9.0,2.0,7.0,NA,0.0,6.0,1.0,14.0,92.5,0.0,199.25,NA,NA,47.25,748.0,0.0
2026-01-28 02:00:00,77.25,100.75,18.0,33.25,27.25,48.5,7.25,0.0,11.5,2.0,6.75,NA,0.0,6.0,1.0,14.0,94.25,0.0,189.25,NA,NA,36.5,748.0,0.0
2026-01-28 03:00:00,64.5,87.75,18.0,32.5,26.75,48.75,5.33,0.0,13.5,2.0,8.25,NA,0.0,1.0,0.0,13.0,95.0,0.0,107.75,NA,NA,43.0,748.0,0.0
2026-01-28 04:00:00,46.75,73.25,17.75,35.0,27.75,58.75,4.25,0.5,15.0,2.0,8.25,NA,0.0,1.0,0.0,13.0,95.0,0.0,117.25,NA,NA,32.5,748.0,0.0
2026-01-28 05:00:00,38.0,56.25,18.25,34.5,28.0,61.25,6.33,0.0,15.0,2.75,6.5,NA,0.0,0.25,0.0,12.25,95.0,0.0,247.75,NA,NA,40.0,748.0,0.0
2026-01-28 06:00:00,34.0,54.75,18.5,32.0,26.75,62.5,5.75,0.0,15.5,3.0,5.0,NA,0.0,0.0,0.0,12.0,95.0,0.0,218.75,NA,NA,53.25,748.0,0.0
2026-01-28 07:00:00,35.0,55.5,17.25,34.5,27.25,65.0,5.33,0.0,22.5,3.0,5.0,NA,0.0,0.0,0.0,12.25,95.0,0.0,206.5,NA,NA,76.5,748.0,0.0
2026-01-28 08:00:00,52.0,67.0,17.75,32.0,26.25,67.25,4.75,0.0,30.5,3.0,5.0,NA,0.0,0.0,0.0,12.75,95.0,0.0,172.25,NA,NA,107.75,748.0,0.0
2026-01-28 09:00:00,50.25,65.25,18.75,33.5,28.0,68.0,7.0,0.0,35.25,1.0,4.0,NA,0.0,0.0,0.0,13.0,95.0,0.0,187.5,NA,NA,168.5,748.0,0.0
2026-01-28 10:00:00,44.0,66.25,19.0,32.5,28.0,69.0,6.75,0.25,44.75,1.0,4.0,NA,0.0,0.0,0.0,14.0,95.0,0.0,174.0,NA,NA,130.25,748.5,0.0
2026-01-28 11:00:00,37.75,66.75,17.5,32.0,25.75,66.5,7.33,0.67,50.25,1.0,4.0,NA,0.0,0.0,0.0,15.25,95.0,0.0,198.75,NA,NA,108.75,749.0,0.0
2026-01-28 12:00:00,37.0,62.5,18.75,32.5,27.25,65.75,5.75,1.0,59.25,1.0,4.0,NA,0.0,0.0,0.0,16.25,93.75,0.5,191.75,NA,NA,195.75,749.0,0.0
2026-01-28 13:00:00,34.0,57.75,18.0,34.0,28.0,66.25,5.67,0.0,60.0,1.0,4.0,NA,0.0,0.0,0.0,17.0,84.75,0.75,195.0,NA,NA,375.25,749.0,0.0
2026-01-28 14:00:00,26.5,61.0,17.25,31.5,25.75,65.5,6.5,0.0,67.75,1.0,4.0,NA,0.0,0.0,0.0,17.0,86.25,0.0,124.5,NA,NA,206.25,749.0,0.0
2026-01-28 15:00:00,26.5,65.0,19.0,32.25,27.5,NA,5.33,0.67,76.25,1.0,4.0,NA,0.0,0.0,0.0,16.75,88.5,0.0,103.25,NA,NA,147.75,749.0,0.0
2026-01-28 16:00:00,26.75,58.5,17.25,33.0,26.5,58.0,4.75,1.0,77.75,1.0,4.0,NA,0.0,0.0,0.0,16.0,94.5,0.5,79.5,NA,NA,82.25,749.0,0.0
2026-01-28 17:00:00,25.5,49.5,18.5,32.5,27.0,57.25,5.0,0.33,65.0,NA,NA,NA,NA,NA,NA,15.25,95.0,1.0,80.5,NA,NA,15.0,749.0,0.0
2026-01-28 18:00:00,36.75,89.75,17.0,34.25,27.0,57.5,4.25,0.0,44.5,NA,NA,NA,NA,NA,NA,14.5,95.0,0.0,82.0,NA,NA,9.0,748.75,0.0
2026-01-28 19:00:00,46.75,102.75,18.25,33.0,27.25,62.5,8.33,0.0,36.0,2.0,7.0,NA,5.0,10.0,8.0,14.0,95.0,0.0,77.5,NA,NA,10.25,748.0,0.0
2026-01-28 20:00:00,56.0,108.25,18.75,33.25,27.75,62.75,8.25,0.5,19.75,2.0,6.25,NA,5.0,10.0,7.5,13.25,95.0,0.0,64.25,NA,NA,4.75,748.0,0.0
2026-01-28 21:00:00,56.5,107.5,18.75,31.75,26.75,61.5,4.67,0.0,20.0,2.0,6.5,NA,5.0,10.0,8.0,13.0,95.0,0.0,78.0,NA,NA,3.75,748.0,0.0
2026-01-28 22:00:00,51.5,117.5,18.5,33.0,27.5,57.75,4.0,0.0,16.0,3.0,7.75,NA,1.5,4.75,2.75,12.5,95.0,0.0,83.25,NA,NA,10.0,748.0,0.0
2026-01-28 23:00:00,50.5,119.0,18.67,32.5,27.0,58.5,7.0,0.0,11.5,3.5,8.5,NA,1.0,4.0,2.0,12.0,95.0,0.0,77.0,NA,NA,12.67,748.0,0.0
2026-01-29 00:00:00,49.75,110.25,17.75,33.25,27.25,52.0,6.0,0.0,9.5,2.25,6.75,NA,2.0,4.75,1.75,11.75,95.0,0.0,54.0,NA,NA,15.25,748.0,0.0
2026-01-29 01:00:00,54.0,110.5,17.5,33.25,26.75,50.0,7.67,0.0,9.75,2.0,7.0,NA,0.0,6.0,1.0,11.0,95.0,0.0,76.5,NA,NA,12.25,748.0,0.0
2026-01-29 02:00:00,49.25,106.0,18.5,33.25,27.75,48.25,7.0,0.25,11.5,2.0,7.0,NA,0.0,6.0,1.0,11.0,95.0,0.0,79.75,NA,NA,11.75,748.0,0.0
2026-01-29 03:00:00,36.75,98.0,18.25,33.25,27.25,48.75,5.33,0.0,13.5,2.0,8.0,NA,0.0,1.0,0.0,11.0,95.0,0.0,78.75,NA,NA,14.5,748.0,0.0
2026-01-29 04:00:00,41.25,96.75,19.5,32.25,27.5,59.0,4.5,0.0,15.0,2.0,8.25,NA,0.0,1.0,0.0,10.75,95.0,0.0,71.75,NA,NA,12.0,747.75,0.0
2026-01-29 05:00:00,43.25,93.25,17.75,32.75,26.75,64.5,7.33,0.0,15.0,2.75,6.5,NA,0.0,0.25,0.0,10.0,95.0,0.0,91.75,NA,NA,9.0,747.0,0.0
2026-01-29 06:00:00,37.25,97.25,17.5,31.75,26.25,64.25,5.25,0.0,15.5,3.0,5.0,NA,0.0,0.0,0.0,10.0,95.0,0.0,74.75,NA,NA,18.75,747.0,0.0
2026-01-29 07:00:00,38.25,91.0,19.5,32.75,27.75,65.5,5.33,1.0,22.5,3.0,5.0,NA,0.0,0.0,0.0,10.0,95.0,0.0,58.0,NA,NA,74.5,747.0,0.0
2026-01-29 08:00:00,43.5,92.75,17.75,32.75,26.5,69.75,5.75,1.0,29.5,3.0,5.25,NA,0.0,0.0,0.0,10.25,95.0,0.0,67.75,NA,NA,157.5,747.25,0.0
2026-01-29 09:00:00,73.25,102.25,17.0,33.5,26.5,70.25,8.33,0.0,35.75,1.0,4.0,NA,0.0,0.0,0.0,13.5,95.0,0.0,45.25,NA,NA,151.5,748.25,0.0
2026-01-29 10:00:00,90.5,113.75,18.75,32.25,27.25,66.25,8.5,0.25,45.25,1.0,4.0,NA,0.0,0.0,0.0,15.75,94.5,0.25,51.75,NA,NA,372.75,749.0,0.0
2026-01-29 11:00:00,77.75,123.25,20.25,32.25,28.75,68.25,5.0,1.0,50.75,1.0,4.0,NA,0.0,0.0,0.0,16.5,91.5,0.0,69.75,NA,NA,656.0,749.0,0.0
2026-01-29 12:00:00,71.0,116.25,19.0,33.0,28.0,66.25,6.25,1.25,60.75,1.0,4.0,NA,0.0,0.0,0.0,16.75,87.75,0.25,69.25,NA,NA,627.5,749.0,0.0
2026-01-29 13:00:00,76.0,114.5,27.0,33.75,34.75,64.75,11.67,0.0,59.75,1.0,4.0,NA,0.0,0.0,0.0,17.0,84.5,0.25,71.0,NA,NA,554.25,749.0,0.0
2026-01-29 14:00:00,63.0,103.0,28.0,32.0,34.75,63.25,20.0,0.0,66.5,1.0,4.0,NA,0.0,0.0,0.0,16.75,84.75,0.25,73.0,NA,NA,430.0,749.0,0.0
2026-01-29 15:00:00,48.0,96.0,13.5,30.25,19.75,62.5,3.0,2.0,77.0,1.0,4.0,NA,0.0,0.0,0.0,17.0,83.5,0.25,62.25,NA,NA,265.75,749.0,0.0
2026-01-29 16:00:00,49.5,87.0,14.25,32.5,23.75,58.5,NA,3.75,77.0,1.0,4.25,NA,0.0,0.0,0.0,15.75,89.75,0.0,70.75,NA,NA,77.25,749.0,0.0
2026-01-29 17:00:00,52.0,117.0,16.5,33.25,26.5,58.0,5.67,0.0,65.5,1.0,4.0,NA,0.0,0.0,0.0,14.0,95.0,0.0,72.5,NA,NA,7.75,748.25,0.0
2026-01-29 18:00:00,54.25,124.75,19.75,33.75,28.75,58.75,5.0,0.0,45.75,1.0,4.0,NA,0.0,0.0,0.0,13.0,95.0,0.0,58.5,NA,NA,46.0,748.0,0.0
2026-01-29 19:00:00,61.0,119.25,18.5,32.0,27.25,60.0,5.33,0.0,35.25,1.75,6.0,NA,4.25,8.5,6.5,12.0,95.0,0.0,68.75,NA,NA,50.75,748.0,0.0
2026-01-29 20:00:00,66.75,117.75,19.5,33.0,28.5,61.5,5.25,0.0,19.75,2.0,6.0,NA,5.0,10.0,7.75,12.0,95.0,0.0,59.0,NA,NA,52.75,748.0,0.0
2026-01-29 21:00:00,56.5,109.75,17.5,33.25,26.75,61.75,4.67,0.0,19.75,2.0,6.5,NA,5.0,10.0,7.75,11.0,95.0,0.0,68.75,NA,NA,51.75,748.0,0.0
2026-01-29 22:00:00,46.75,113.0,18.0,33.5,27.25,57.25,5.0,1.0,15.75,3.25,7.75,NA,1.5,4.75,3.0,11.0,95.0,0.0,74.25,NA,NA,53.0,748.0,0.0
2026-01-29 23:00:00,44.0,97.0,19.33,32.67,27.67,59.33,6.5,0.0,11.0,3.0,8.0,NA,1.0,4.0,2.0,10.33,95.0,0.0,69.33,NA,NA,52.0,747.33,0.0
2026-01-30 00:00:00,57.5,103.25,17.25,33.75,26.75,53.5,6.75,0.0,9.5,2.0,6.5,NA,2.0,4.75,1.75,10.0,95.0,0.0,70.25,NA,NA,55.0,747.0,0.0
2026-01-30 01:00:00,60.25,100.75,18.75,33.75,28.0,50.5,5.0,0.0,9.75,2.25,7.0,NA,0.0,6.0,1.0,10.0,95.0,0.0,65.5,NA,NA,56.0,747.0,0.0
2026-01-30 02:00:00,55.75,102.25,18.0,33.0,27.0,48.75,4.75,0.0,11.5,2.0,7.0,NA,0.0,6.0,1.0,10.0,95.0,0.0,69.75,NA,NA,56.0,747.0,0.0
2026-01-30 03:00:00,50.0,99.25,18.25,33.25,27.75,48.0,3.67,0.33,13.5,2.0,8.25,NA,0.0,1.0,0.0,10.25,95.0,0.0,73.5,NA,NA,56.25,747.25,0.0
2026-01-30 04:00:00,62.25,98.75,19.25,32.75,28.0,60.25,3.75,0.75,15.0,2.0,8.0,NA,0.0,1.0,0.0,11.0,95.0,0.0,62.0,NA,NA,54.25,748.0,0.0
2026-01-30 05:00:00,61.75,93.0,18.5,32.75,27.25,64.0,3.33,0.0,15.0,2.5,6.25,NA,0.0,0.25,0.0,11.0,95.0,0.0,195.75,NA,NA,55.5,748.0,0.0
2026-01-30 06:00:00,70.67,92.0,19.0,34.75,29.0,62.75,2.5,0.0,15.5,3.0,5.25,NA,0.0,0.0,0.0,10.25,95.0,0.0,72.5,NA,NA,57.0,747.25,0.0
2026-01-30 07:00:00,88.5,101.0,18.25,34.25,27.75,62.0,5.0,1.0,22.75,3.0,5.0,NA,0.0,0.0,0.0,10.0,95.0,0.0,54.0,NA,NA,71.5,747.0,0.0
2026-01-30 08:00:00,91.25,106.5,17.25,32.75,26.0,67.75,5.25,0.75,30.0,3.0,5.0,NA,0.0,0.0,0.0,11.0,95.0,0.0,60.25,NA,NA,117.5,748.0,0.0
2026-01-30 09:00:00,91.75,109.25,17.5,33.0,26.5,70.5,7.33,0.33,35.25,1.0,4.0,NA,0.0,0.0,0.0,11.25,95.0,0.0,181.5,NA,NA,172.25,748.0,0.0
2026-01-30 10:00:00,79.0,111.0,17.5,31.75,25.75,68.75,8.0,0.5,44.25,1.0,4.0,NA,0.0,0.0,0.0,12.0,95.0,0.0,45.0,NA,NA,205.25,748.0,0.0
2026-01-30 11:00:00,66.75,114.75,20.0,33.0,28.5,67.5,5.0,0.0,50.25,1.0,4.0,NA,0.0,0.0,0.0,13.25,95.0,0.0,36.75,NA,NA,366.75,748.0,0.0
2026-01-30 12:00:00,67.0,114.0,18.25,32.5,27.0,65.0,5.0,0.0,60.25,1.0,4.0,NA,0.0,0.0,0.0,14.5,86.25,0.0,48.25,NA,NA,524.5,749.0,0.0
2026-01-30 13:00:00,59.0,114.5,19.75,32.5,28.0,65.5,4.67,0.33,59.5,1.0,4.0,NA,0.0,0.0,0.0,15.75,76.25,0.0,53.5,NA,NA,558.0,749.0,0.0
2026-01-30 14:00:00,51.0,113.0,18.0,32.75,27.0,65.0,4.75,0.5,66.75,1.0,4.0,NA,0.0,0.0,0.0,16.25,75.0,0.0,65.75,NA,NA,459.0,749.0,0.0
2026-01-30 15:00:00,52.5,101.75,18.5,34.0,27.5,62.25,5.33,0.0,78.5,1.0,4.0,NA,0.0,0.0,0.0,15.75,78.75,0.0,66.25,NA,NA,280.75,749.0,0.0
2026-01-30 16:00:00,50.0,102.5,17.0,33.25,26.25,58.0,4.5,0.0,78.25,1.0,4.0,NA,0.0,0.0,0.0,14.5,83.25,0.0,69.25,NA,NA,73.25,748.75,0.0
2026-01-30 17:00:00,43.0,95.0,18.25,33.25,27.5,57.0,6.33,0.0,64.75,1.0,4.0,NA,0.0,0.0,0.0,12.25,94.0,0.0,75.0,NA,NA,1.0,748.0,0.0
2026-01-30 18:00:00,50.0,102.25,18.25,32.5,27.0,57.5,5.5,0.25,45.25,1.0,4.0,NA,0.0,0.0,0.0,11.0,95.0,0.0,75.75,NA,NA,4.0,748.0,0.0
2026-01-30 19:00:00,56.25,95.0,18.5,33.0,27.0,61.25,5.33,0.0,35.5,2.0,6.0,NA,4.25,8.5,6.75,10.0,95.0,0.0,71.0,NA,NA,8.0,747.25,0.0
2026-01-30 20:00:00,59.5,96.5,17.75,35.75,28.25,63.25,3.0,0.0,20.0,2.0,6.25,NA,5.0,10.0,8.0,10.0,95.0,0.0,68.75,NA,NA,4.0,747.0,0.0
2026-01-30 21:00:00,65.75,97.0,20.0,31.0,27.75,62.0,3.0,1.0,20.0,2.0,6.5,NA,5.0,9.75,7.75,9.75,95.0,0.0,61.75,NA,NA,5.5,747.0,0.0
2026-01-30 22:00:00,76.0,93.5,23.75,32.75,31.5,58.5,9.0,1.0,16.25,3.0,7.75,NA,1.5,4.75,2.75,9.0,95.0,0.0,87.0,NA,NA,7.75,747.0,0.0
2026-01-30 23:00:00,71.33,91.0,17.0,32.67,25.67,58.67,0.5,0.0,11.0,3.67,8.0,NA,1.0,4.0,2.0,8.67,95.0,0.0,100.0,NA,NA,11.33,747.0,0.0
2026-01-31 00:00:00,62.0,91.25,20.0,31.75,27.75,53.0,0.0,0.0,9.75,2.0,6.5,NA,2.0,4.75,1.75,8.0,95.0,0.0,83.5,NA,NA,15.25,747.0,0.0
2026-01-31 01:00:00,65.5,91.0,19.5,32.5,28.0,50.25,2.67,0.67,9.5,2.25,7.0,NA,0.0,6.0,1.0,8.0,95.0,0.0,72.5,NA,NA,48.75,747.0,0.0
2026-01-31 02:00:00,57.5,86.5,19.75,33.75,29.0,48.75,2.75,1.0,11.5,2.0,7.0,NA,0.0,6.0,1.0,7.75,95.0,0.0,138.75,NA,NA,63.25,747.0,0.0
2026-01-31 03:00:00,51.0,84.0,20.5,32.5,28.75,49.25,5.0,1.0,13.25,2.0,8.0,NA,0.0,1.0,0.0,7.0,95.0,0.0,113.25,NA,NA,66.5,747.0,0.0
2026-01-31 04:00:00,48.25,80.0,20.0,32.0,28.0,59.75,4.0,1.0,15.0,2.0,8.0,NA,0.0,1.0,0.0,7.0,95.0,0.0,124.5,NA,NA,67.5,747.0,0.0
2026-01-31 05:00:00,41.75,75.5,20.25,31.75,28.25,60.75,2.67,1.0,15.0,2.75,6.25,NA,0.0,0.25,0.0,7.75,95.0,0.0,203.75,NA,NA,66.5,747.0,0.0
2026-01-31 06:00:00,39.75,72.25,20.25,31.5,28.0,64.75,2.0,1.0,15.5,3.0,5.0,NA,0.0,0.0,0.0,7.0,95.0,0.0,209.0,NA,NA,68.25,747.0,0.0
2026-01-31 07:00:00,42.75,67.25,19.75,33.0,28.5,66.5,4.0,1.0,22.5,3.0,5.0,NA,0.0,0.0,0.0,7.0,95.0,0.0,198.0,NA,NA,102.0,747.0,0.0
2026-01-31 08:00:00,59.25,76.25,17.75,32.5,26.75,67.75,3.5,0.75,30.0,3.0,5.0,NA,0.0,0.0,0.0,7.0,95.0,0.0,206.0,NA,NA,127.25,747.0,0.0
2026-01-31 09:00:00,70.5,79.75,16.75,30.75,24.5,68.75,2.0,0.33,35.5,1.0,4.0,NA,0.0,0.0,0.0,7.75,95.0,0.0,205.25,NA,NA,220.25,747.0,0.0
2026-01-31 10:00:00,65.5,92.75,19.0,33.5,28.25,67.0,1.0,0.0,45.0,1.0,4.0,NA,0.0,0.0,0.0,9.25,95.0,0.0,207.75,NA,NA,350.5,747.0,0.0
2026-01-31 11:00:00,65.5,100.25,19.5,33.75,28.75,67.75,5.0,0.0,51.0,1.0,4.0,NA,0.0,0.0,0.0,11.5,95.0,0.0,207.5,NA,NA,423.25,748.0,0.0
2026-01-31 12:00:00,58.25,101.0,18.25,32.0,27.0,65.75,5.75,0.0,59.75,1.0,4.0,NA,0.0,0.0,0.0,12.75,95.0,0.0,211.75,NA,NA,432.25,748.0,0.0
2026-01-31 13:00:00,51.5,84.0,18.0,32.75,26.75,65.5,4.67,0.0,60.0,1.0,4.0,NA,0.0,0.0,0.0,14.0,91.0,0.0,229.25,NA,NA,329.0,748.25,0.0
2026-01-31 14:00:00,54.25,80.25,20.25,33.75,29.25,64.5,5.0,0.0,67.0,1.0,4.0,NA,0.0,0.0,0.0,14.5,85.0,0.0,198.75,NA,NA,260.75,749.0,0.0
2026-01-31 15:00:00,56.0,82.25,19.25,32.25,27.5,62.25,8.0,1.0,78.0,1.0,4.0,NA,0.0,0.0,0.0,15.0,84.25,0.0,153.0,NA,NA,191.25,749.0,0.0
2026-01-31 16:00:00,57.75,89.0,17.0,32.75,26.25,57.0,8.0,1.0,77.75,1.0,4.0,NA,0.0,0.0,0.0,14.25,89.5,0.0,104.25,NA,NA,62.0,748.5,0.0
2026-01-31 17:00:00,57.25,94.75,18.5,33.0,27.75,58.5,6.33,0.0,65.75,1.0,4.0,NA,0.0,0.0,0.0,13.0,94.5,0.0,163.25,NA,NA,3.0,748.0,0.0
2026-01-31 18:00:00,64.5,97.5,19.5,33.0,28.25,57.5,6.0,0.25,45.5,1.0,4.0,NA,0.0,0.0,0.0,11.75,95.0,0.0,187.75,NA,NA,3.5,748.0,0.0
2026-01-31 19:00:00,77.75,97.25,18.75,33.0,27.5,62.0,6.0,1.0,34.75,2.0,6.25,NA,4.25,8.25,6.75,11.0,95.0,0.0,161.5,NA,NA,12.25,748.0,0.0
2026-01-31 20:00:00,89.0,106.0,24.25,34.0,32.5,61.5,9.5,1.0,19.5,2.0,6.75,NA,5.0,10.0,7.75,10.5,95.0,0.0,202.75,NA,NA,12.75,747.5,0.0
2026-01-31 21:00:00,86.0,97.5,21.25,30.5,28.25,59.5,3.33,0.33,19.5,2.0,6.25,NA,5.0,10.0,7.75,10.0,95.0,0.0,209.0,NA,NA,18.25,747.0,0.0
2026-01-31 22:00:00,86.0,102.0,21.75,30.75,29.0,59.25,4.25,0.75,16.75,3.0,7.75,NA,1.75,5.0,2.75,10.0,95.0,0.0,185.75,NA,NA,21.25,747.0,0.0
2026-01-31 23:00:00,161.0,270.5,21.33,31.0,28.67,58.33,5.0,0.5,10.67,3.0,8.33,NA,1.0,4.0,2.0,9.33,95.0,0.0,68.33,NA,NA,23.33,747.0,0.0
2026-02-01 00:00:00,157.75,285.5,21.0,31.0,28.5,53.5,3.0,1.0,9.5,2.0,6.25,NA,2.0,4.75,1.75,9.0,95.0,0.0,78.75,NA,NA,24.25,747.0,0.0
2026-02-01 01:00:00,134.5,288.75,21.0,30.5,28.25,51.25,4.67,1.0,9.5,2.0,7.0,NA,0.0,6.0,1.0,9.0,95.0,0.0,140.0,NA,NA,22.0,747.0,0.0
2026-02-01 02:00:00,139.25,328.0,19.75,30.5,27.0,49.0,4.25,0.75,11.75,2.0,7.0,NA,0.0,6.0,1.0,8.25,95.0,0.0,86.75,NA,NA,34.25,747.0,0.0
2026-02-01 03:00:00,135.25,328.75,21.75,30.25,28.5,48.0,2.0,1.0,13.5,2.0,8.0,NA,0.0,1.0,0.0,8.0,95.0,0.0,101.25,NA,NA,36.5,747.0,0.0
2026-02-01 04:00:00,103.0,332.25,21.0,32.0,29.0,59.25,1.25,1.25,15.0,2.25,8.0,NA,0.0,1.0,0.0,7.0,95.0,0.0,72.75,NA,NA,41.5,747.0,0.0
2026-02-01 05:00:00,83.5,337.0,19.5,31.25,27.5,64.75,2.33,0.67,15.0,2.75,6.25,NA,0.0,0.25,0.0,7.0,95.0,0.0,50.5,NA,NA,75.5,747.0,0.0
2026-02-01 06:00:00,214.75,337.25,21.25,31.5,28.75,62.5,1.25,1.0,15.5,3.0,5.25,NA,0.0,0.0,0.0,7.0,95.0,0.0,119.25,NA,NA,100.25,746.25,0.0
2026-02-01 07:00:00,246.25,336.75,20.0,32.0,28.0,64.25,2.67,1.67,22.75,3.0,5.0,NA,0.0,0.0,0.0,7.0,95.0,0.0,170.75,NA,NA,139.0,747.0,0.0
2026-02-01 08:00:00,175.0,333.0,21.5,31.0,29.25,67.25,1.75,2.0,29.75,2.75,5.0,NA,0.0,0.0,0.0,8.0,95.0,0.0,161.75,NA,NA,205.25,747.0,0.0
2026-02-01 09:00:00,134.5,340.0,19.75,31.25,27.75,68.75,1.33,1.33,35.25,1.0,4.0,NA,0.0,0.0,0.0,9.75,95.0,0.0,200.0,NA,NA,232.25,747.25,0.0
2026-02-01 10:00:00,140.25,342.75,22.0,31.25,29.25,67.75,2.0,1.25,44.5,1.0,4.0,NA,0.0,0.0,0.0,12.0,95.0,0.0,176.5,NA,NA,324.75,748.0,0.0
2026-02-01 11:00:00,145.75,353.5,22.0,32.25,29.75,66.75,4.33,1.0,50.5,1.0,4.0,NA,0.0,0.0,0.0,14.5,91.5,0.0,150.0,NA,NA,562.75,748.75,0.0
2026-02-01 12:00:00,131.0,350.25,24.0,29.25,29.5,65.75,8.75,0.5,59.5,1.0,4.0,NA,0.0,0.0,0.0,17.0,68.75,0.0,162.75,NA,NA,525.5,749.0,0.0
2026-02-01 13:00:00,113.25,342.75,23.75,31.0,30.5,65.25,6.33,0.0,59.75,1.0,4.0,NA,0.0,0.0,0.0,18.0,59.75,0.25,177.25,NA,NA,464.25,749.75,0.0
2026-02-01 14:00:00,84.25,342.75,93.75,36.5,90.5,65.0,10.0,0.25,67.0,1.0,4.0,NA,0.0,0.0,0.0,19.0,62.0,0.5,55.25,NA,NA,368.5,750.0,0.0
2026-02-01 15:00:00,62.5,343.75,33.0,35.0,40.0,63.5,12.5,1.33,77.75,1.0,4.0,NA,0.0,0.0,0.0,19.0,58.25,1.0,60.25,NA,NA,205.75,750.0,0.0
2026-02-01 16:00:00,57.0,332.25,252.0,55.75,229.25,59.0,NA,1.25,78.25,1.0,4.0,NA,0.0,0.0,0.0,18.75,63.0,0.75,51.0,NA,NA,65.5,750.0,0.0
2026-02-01 17:00:00,56.25,293.25,5.25,24.0,9.5,58.75,6.0,2.0,64.25,1.0,4.0,NA,0.0,0.0,0.0,17.25,71.75,1.0,81.75,NA,NA,5.0,749.25,0.0
2026-02-01 18:00:00,60.75,309.0,17.5,31.0,25.5,58.0,2.75,3.25,45.25,1.0,4.0,NA,0.0,0.0,0.0,14.75,88.5,1.0,101.0,NA,NA,4.5,749.0,0.0
2026-02-01 19:00:00,74.5,388.75,19.5,31.5,27.5,63.0,4.0,1.0,34.75,2.0,6.5,NA,4.25,8.5,6.5,14.0,95.0,0.25,100.5,NA,NA,8.25,748.0,0.0
2026-02-01 20:00:00,96.75,431.75,21.0,32.25,29.0,63.75,4.25,1.5,20.0,2.0,6.5,NA,5.0,10.0,7.75,13.0,95.0,0.0,101.0,NA,NA,11.25,748.0,0.0
2026-02-01 21:00:00,124.25,460.5,19.5,29.75,26.75,61.0,5.33,2.0,20.25,2.0,6.0,NA,5.0,10.0,8.0,13.0,95.0,0.0,100.75,NA,NA,14.0,748.0,0.0
2026-02-01 22:00:00,136.5,464.25,18.5,32.25,27.25,58.25,4.0,2.25,17.0,3.0,7.75,NA,1.5,4.75,3.0,12.5,95.0,0.0,100.0,NA,NA,17.25,748.0,0.0
2026-02-01 23:00:00,130.33,455.67,20.33,30.67,27.67,58.33,4.5,0.0,11.33,3.33,8.0,NA,1.0,4.0,2.0,12.0,95.0,0.0,100.67,NA,NA,21.67,748.0,0.0
2026-02-02 00:00:00,119.0,442.5,19.5,33.25,28.25,53.25,5.25,0.5,9.5,2.0,6.5,NA,2.0,4.75,1.75,11.75,95.0,0.0,98.25,NA,NA,23.75,748.0,0.0
2026-02-02 01:00:00,126.75,431.25,19.25,32.25,27.5,49.75,5.25,1.0,9.0,2.0,7.0,NA,0.0,6.0,1.0,12.0,95.0,0.0,95.5,NA,NA,28.0,748.0,0.0
2026-02-02 02:00:00,114.5,404.5,21.25,31.75,28.75,47.25,2.33,1.25,11.75,2.0,7.0,NA,0.0,6.0,1.0,12.0,95.0,0.0,87.75,NA,NA,27.0,748.0,0.0
2026-02-02 03:00:00,94.5,381.0,20.0,32.0,28.25,48.75,2.25,0.67,13.5,2.0,8.0,NA,0.0,1.0,0.0,12.0,95.0,0.0,90.25,NA,NA,40.0,748.0,0.0
2026-02-02 04:00:00,80.75,366.25,20.25,31.75,28.0,59.0,1.0,1.0,15.0,2.0,8.0,NA,0.0,1.0,0.0,12.0,95.0,0.0,95.5,NA,NA,25.75,748.0,0.0
2026-02-02 05:00:00,68.5,356.5,20.0,32.0,28.0,62.25,0.5,1.0,15.0,2.75,6.5,NA,0.0,0.25,0.0,11.25,95.0,0.0,118.5,NA,NA,24.0,748.0,0.0
2026-02-02 06:00:00,75.75,347.25,19.5,31.0,27.25,63.0,1.0,1.0,15.5,3.0,5.5,NA,0.0,0.0,0.0,11.0,95.0,0.0,87.0,NA,NA,24.75,748.0,0.0
2026-02-02 07:00:00,88.5,341.75,19.75,31.25,27.25,65.0,0.5,0.0,22.0,3.0,5.0,NA,0.0,0.0,0.0,11.5,95.0,0.0,54.75,NA,NA,53.0,748.0,0.0
2026-02-02 08:00:00,89.25,347.0,18.75,30.75,26.25,68.75,1.0,0.25,30.25,3.0,5.0,NA,0.0,0.0,0.0,13.0,95.0,0.0,57.75,NA,NA,116.25,748.0,0.0
2026-02-02 09:00:00,103.0,357.0,12.75,31.0,22.0,68.5,0.75,1.0,35.0,1.0,4.0,NA,0.0,0.0,0.0,15.0,95.0,0.25,80.75,NA,NA,182.5,749.0,0.0
2026-02-02 10:00:00,111.75,362.5,19.75,34.0,28.75,68.0,6.33,2.25,44.0,1.0,4.0,NA,0.0,0.0,0.0,18.5,90.0,0.5,64.25,NA,NA,292.5,749.5,0.0
2026-02-02 11:00:00,96.5,363.75,17.5,35.0,27.75,66.25,6.75,0.0,50.25,1.0,4.0,NA,0.0,0.0,0.0,20.0,80.0,1.0,55.0,NA,NA,553.25,750.0,0.0
2026-02-02 12:00:00,78.0,357.5,18.0,33.25,27.25,64.5,6.0,1.5,59.25,1.0,4.0,NA,0.0,0.0,0.0,21.5,71.5,0.75,82.75,NA,NA,507.5,750.25,0.0
2026-02-02 13:00:00,65.75,343.25,18.5,34.25,27.75,64.75,5.5,0.0,60.5,1.0,4.0,NA,0.0,0.0,0.0,21.75,62.75,1.0,78.5,NA,NA,480.0,750.75,0.0
2026-02-02 14:00:00,47.25,339.0,18.75,33.5,27.75,65.0,4.67,0.0,66.5,1.0,4.0,NA,0.0,0.0,0.0,22.0,62.0,1.0,71.0,NA,NA,356.75,751.0,0.0
2026-02-02 15:00:00,41.75,330.5,17.5,33.5,27.0,62.75,4.5,0.0,76.5,1.0,4.0,NA,0.0,0.0,0.0,22.25,58.75,1.0,64.5,NA,NA,226.75,751.0,0.0
2026-02-02 16:00:00,40.75,313.5,18.0,33.75,27.5,57.0,4.33,0.0,77.0,1.0,4.0,NA,0.0,0.0,0.0,20.75,66.75,1.0,67.25,NA,NA,58.5,750.0,0.0
2026-02-02 17:00:00,33.0,309.25,21.25,33.75,30.0,57.75,1.25,0.0,65.75,1.0,4.0,NA,0.0,0.0,0.0,19.5,75.75,1.0,79.75,NA,NA,8.75,750.0,0.0
2026-02-02 18:00:00,27.0,287.5,20.0,32.0,27.75,57.25,5.0,0.0,44.5,1.0,4.0,NA,0.0,0.0,0.0,18.25,85.25,1.0,81.0,NA,NA,4.25,749.75,0.0
2026-02-02 19:00:00,36.5,67.75,14.25,32.5,24.0,62.75,2.75,1.33,35.0,1.75,5.75,NA,4.25,8.5,6.5,17.5,88.75,1.0,88.5,NA,NA,5.25,749.0,0.0
2026-02-02 20:00:00,45.0,NA,18.0,33.5,27.5,63.0,6.67,1.75,20.5,2.0,6.25,NA,5.0,10.0,8.0,16.75,93.25,1.0,95.25,NA,NA,6.0,749.0,0.0
2026-02-02 21:00:00,11.0,18.5,18.25,32.5,27.0,60.25,6.25,0.0,19.75,2.0,6.5,NA,5.0,10.0,7.75,16.0,95.0,0.75,78.0,NA,NA,7.25,749.0,0.0
2026-02-02 22:00:00,47.0,75.5,18.5,34.5,28.5,58.75,6.67,0.0,17.0,3.25,7.75,NA,1.5,4.75,3.0,15.75,95.0,1.0,90.5,NA,NA,5.5,749.0,0.0
2026-02-02 23:00:00,48.0,108.0,18.67,33.67,27.67,58.0,5.67,0.0,10.33,3.33,8.33,NA,1.0,4.0,2.0,14.67,95.0,1.0,93.67,NA,NA,10.0,749.0,0.0
2026-02-03 00:00:00,46.0,117.0,19.0,34.0,28.25,53.0,6.0,0.0,9.5,2.0,6.25,NA,2.0,4.75,1.75,14.0,95.0,0.25,93.75,NA,NA,18.0,748.0,0.0
2026-02-03 01:00:00,46.75,115.75,18.0,33.5,27.25,51.25,4.5,0.0,9.75,2.5,7.0,NA,0.0,6.0,1.0,13.75,95.0,0.0,94.75,NA,NA,22.75,748.0,0.0
2026-02-03 02:00:00,43.0,111.25,17.25,32.75,26.25,48.0,5.33,0.0,11.5,2.0,7.0,NA,0.0,6.0,1.0,13.25,95.0,0.0,75.0,NA,NA,21.0,748.0,0.0
2026-02-03 03:00:00,43.5,115.5,17.5,33.25,27.0,49.25,5.0,0.67,13.5,2.0,8.0,NA,0.0,1.0,0.0,13.0,95.0,0.0,83.5,NA,NA,19.25,748.0,0.0
2026-02-03 04:00:00,52.5,120.75,17.75,33.0,26.75,59.75,6.33,1.0,15.0,2.25,8.0,NA,0.0,1.0,0.0,12.5,95.0,0.0,100.0,NA,NA,26.5,748.0,0.0
2026-02-03 05:00:00,59.25,119.25,17.75,33.0,27.0,61.75,5.0,0.67,15.0,2.75,6.25,NA,0.0,0.25,0.0,12.0,95.0,0.0,159.25,NA,NA,22.5,748.0,0.0
2026-02-03 06:00:00,62.5,139.25,18.75,31.0,26.5,63.5,6.0,1.0,15.5,3.0,5.0,NA,0.0,0.0,0.0,11.25,95.0,0.0,144.25,NA,NA,29.75,748.0,0.0
2026-02-03 07:00:00,55.0,126.5,17.5,33.25,26.75,65.75,5.5,0.0,22.75,3.0,5.0,NA,0.0,0.0,0.0,11.25,95.0,0.0,173.5,NA,NA,73.75,748.0,0.0
2026-02-03 08:00:00,56.5,120.25,18.25,32.25,27.0,69.25,7.33,1.0,29.5,2.75,5.0,NA,0.0,0.0,0.0,11.0,95.0,0.0,95.0,NA,NA,113.0,748.0,0.0
2026-02-03 09:00:00,65.5,126.0,20.5,33.0,29.0,69.25,7.25,0.67,36.75,1.0,4.0,NA,0.0,0.0,0.0,11.25,94.25,0.0,50.75,NA,NA,87.75,747.75,0.0
2026-02-03 10:00:00,70.25,126.0,23.75,32.25,31.5,68.5,8.33,0.75,45.0,1.0,4.0,NA,0.0,0.0,0.0,11.5,94.0,0.0,180.0,NA,NA,116.0,747.25,0.0
2026-02-03 11:00:00,60.5,126.75,20.0,31.5,27.5,67.0,12.5,0.0,51.5,1.0,4.0,NA,0.0,0.0,0.0,12.0,90.5,0.0,255.5,NA,NA,170.0,746.75,0.0
2026-02-03 12:00:00,52.0,108.33,10.75,32.25,19.75,65.33,4.0,0.75,59.0,1.0,4.0,NA,0.0,0.0,0.0,13.33,95.0,0.0,213.0,NA,NA,193.33,748.0,0.0
2026-02-03 13:00:00,52.5,100.25,18.0,32.75,27.0,65.5,3.0,0.67,60.0,1.0,4.0,NA,0.0,0.0,0.0,15.0,95.0,0.25,206.5,NA,NA,138.25,749.0,0.0
2026-02-03 14:00:00,43.25,89.0,19.75,32.75,27.75,64.75,6.33,1.0,67.0,1.0,4.0,NA,0.0,0.0,0.0,16.75,91.5,0.5,279.5,NA,NA,78.75,749.0,0.0
2026-02-03 15:00:00,31.75,89.25,19.5,34.25,28.75,62.5,6.5,0.0,54.75,1.0,4.0,NA,5.0,0.0,1.5,17.0,89.5,0.5,290.75,NA,NA,37.0,749.0,0.0
2026-02-03 16:00:00,28.25,80.75,19.0,33.5,28.0,58.75,7.67,0.0,37.0,1.0,4.0,NA,9.5,0.0,3.25,17.0,89.75,1.0,323.75,NA,NA,NA,749.0,0.0
2026-02-03 17:00:00,34.5,80.75,18.25,32.5,27.0,57.5,5.75,0.0,32.75,1.0,4.0,NA,9.75,0.0,3.25,15.75,94.25,1.0,345.0,NA,NA,NA,749.0,0.0
2026-02-03 18:00:00,46.0,93.5,18.0,33.5,27.25,59.0,6.67,0.5,25.25,1.0,4.0,NA,9.5,0.0,3.25,14.0,95.0,0.75,345.0,NA,NA,7.0,748.5,0.0
2026-02-03 19:00:00,46.25,100.75,18.75,33.25,27.75,62.5,7.0,1.0,23.0,2.0,5.75,NA,5.75,8.5,7.25,13.25,95.0,0.0,345.0,NA,NA,8.0,748.0,0.0
2026-02-03 20:00:00,76.5,140.5,19.25,32.5,27.75,61.75,3.33,2.0,19.5,2.0,6.75,NA,5.0,10.0,8.0,13.5,95.0,0.0,155.0,NA,NA,16.5,748.0,0.0
2026-02-03 21:00:00,103.25,144.25,19.5,30.5,27.25,62.0,2.75,0.67,20.5,2.0,6.5,NA,5.0,10.0,7.75,13.0,95.0,0.0,92.25,NA,NA,15.5,748.0,0.0
2026-02-03 22:00:00,88.5,136.25,18.75,34.0,28.0,58.5,4.67,0.75,16.5,3.25,7.75,NA,1.5,4.75,2.75,13.0,95.0,0.0,79.25,NA,NA,13.5,748.0,0.0
2026-02-03 23:00:00,83.0,134.0,19.67,34.0,28.67,58.67,4.67,0.5,11.0,3.33,8.33,NA,1.0,4.0,2.0,12.33,95.0,0.0,122.67,NA,NA,9.33,748.0,0.0
2026-02-04 00:00:00,58.75,115.5,17.75,33.0,26.75,52.5,6.33,0.5,9.5,2.25,6.75,NA,5.75,4.75,1.75,11.5,95.0,0.0,165.75,NA,NA,18.0,748.0,0.0
2026-02-04 01:00:00,52.75,120.0,19.25,34.25,28.5,49.75,6.0,1.0,9.75,2.0,7.0,NA,6.0,5.75,1.0,10.75,95.0,0.0,158.0,NA,NA,25.0,748.0,0.0
2026-02-04 02:00:00,47.0,119.25,19.0,33.25,27.75,47.75,3.0,1.0,12.0,2.0,7.0,NA,6.0,6.0,1.0,10.5,95.0,0.0,79.0,NA,NA,75.5,747.75,0.0
2026-02-04 03:00:00,62.5,108.5,18.25,33.0,27.5,48.5,2.0,0.0,13.5,2.0,8.0,NA,8.0,1.0,3.0,10.0,95.0,0.0,80.5,NA,NA,83.5,747.25,0.0
2026-02-04 04:00:00,53.75,116.5,19.0,33.0,28.0,60.75,3.33,0.0,15.0,2.25,8.0,NA,8.0,1.0,3.0,9.75,95.0,0.0,71.75,NA,NA,119.0,747.0,0.0
2026-02-04 05:00:00,51.25,108.5,19.0,33.25,28.25,62.75,3.25,0.0,15.0,2.75,6.5,NA,6.75,0.25,5.75,9.0,95.0,0.0,51.25,NA,NA,160.0,747.0,0.0
2026-02-04 06:00:00,54.25,100.25,19.5,32.25,28.0,62.25,4.33,0.25,15.5,3.0,4.75,NA,6.25,0.0,8.0,9.0,95.0,0.0,78.0,NA,NA,141.25,747.0,0.0
2026-02-04 07:00:00,55.5,101.5,19.25,31.75,27.0,64.75,3.25,0.0,22.5,3.0,5.25,NA,6.0,0.0,8.0,9.0,95.0,0.0,70.0,NA,NA,170.75,747.0,0.0
2026-02-04 08:00:00,50.0,95.25,17.75,32.5,26.5,67.5,4.33,0.25,30.0,3.0,5.0,NA,6.25,0.0,7.75,9.25,95.0,0.0,72.5,NA,NA,261.5,747.0,0.0
2026-02-04 09:00:00,50.75,102.0,17.75,33.0,26.75,69.0,4.0,0.33,32.0,1.0,4.0,NA,9.75,0.0,3.25,10.75,95.0,0.0,66.25,NA,NA,272.75,747.75,0.0
2026-02-04 10:00:00,48.5,114.5,19.0,32.75,27.5,67.5,7.0,1.0,35.0,1.0,4.0,NA,9.75,0.0,3.25,12.0,95.0,0.0,68.0,NA,NA,175.0,748.0,0.0
2026-02-04 11:00:00,55.25,104.25,16.5,22.5,26.0,66.75,6.5,1.0,36.5,1.0,4.0,NA,9.5,0.0,3.75,14.0,92.75,0.0,61.5,NA,NA,295.5,748.5,0.0
2026-02-04 12:00:00,41.75,95.5,19.75,22.25,28.75,65.0,5.0,1.0,39.5,1.0,4.0,NA,9.5,0.0,3.75,16.5,76.0,0.25,59.5,NA,NA,542.0,749.0,0.0
2026-02-04 13:00:00,37.75,101.0,18.75,23.25,28.25,65.0,5.0,0.33,40.5,1.0,4.0,NA,9.75,0.0,3.25,18.25,64.5,0.25,77.5,NA,NA,756.5,749.5,0.0
2026-02-04 14:00:00,31.75,100.25,18.25,21.5,26.75,65.5,4.0,0.75,39.75,1.0,4.0,NA,9.75,0.0,3.75,19.0,56.25,1.0,63.0,NA,NA,624.25,750.0,0.0
2026-02-04 15:00:00,29.5,89.25,18.0,22.25,27.25,62.75,3.25,0.0,36.75,1.0,4.0,NA,10.0,0.0,3.25,19.0,53.25,1.0,59.25,NA,NA,405.75,750.0,0.0
2026-02-04 16:00:00,24.0,92.5,17.75,22.5,27.25,58.25,3.67,0.0,36.75,1.0,4.0,NA,10.0,0.0,3.25,18.5,56.75,1.0,67.0,NA,NA,139.5,750.0,0.0
2026-02-04 17:00:00,24.5,85.5,18.0,22.25,27.25,58.0,3.0,0.33,33.25,1.0,4.0,NA,10.0,0.0,3.5,17.0,65.75,1.0,68.0,NA,NA,1.0,749.0,0.0
2026-02-04 18:00:00,34.5,94.0,18.0,22.0,27.0,58.0,5.67,0.75,24.5,1.0,4.0,NA,9.75,0.0,3.5,15.25,80.25,0.75,64.75,NA,NA,NA,749.0,0.0
2026-02-04 19:00:00,41.0,92.0,19.25,22.25,28.25,61.0,5.25,1.0,22.5,2.0,6.25,NA,5.75,8.5,7.25,14.0,88.25,0.0,43.0,NA,NA,NA,748.5,0.0
2026-02-04 20:00:00,38.75,105.25,17.0,23.25,27.0,63.75,4.0,1.0,20.0,2.0,6.5,NA,5.0,10.0,7.75,13.25,92.25,0.0,46.0,NA,NA,2.5,748.0,0.0
2026-02-04 21:00:00,51.0,106.25,19.25,22.0,27.75,61.5,4.25,1.0,20.0,2.0,6.75,NA,5.0,10.0,8.0,13.0,94.75,0.0,42.0,NA,NA,4.0,748.0,0.0
2026-02-04 22:00:00,67.0,108.0,19.25,21.5,27.5,57.0,2.33,1.0,16.25,3.0,8.25,NA,1.5,4.75,2.75,12.25,95.0,0.0,68.0,NA,NA,2.0,748.0,0.0
2026-02-04 23:00:00,51.0,108.0,19.0,22.67,28.33,58.0,1.33,0.0,11.67,3.0,8.33,NA,1.0,4.0,2.0,11.67,95.0,0.0,74.67,NA,NA,6.0,748.0,0.0
2026-02-05 00:00:00,51.5,110.5,19.5,20.25,27.0,52.0,4.33,0.5,9.5,2.0,6.5,NA,5.75,4.75,1.75,11.0,95.0,0.0,51.75,NA,NA,7.25,748.0,0.0
2026-02-05 01:00:00,58.5,103.25,19.25,21.75,27.75,51.25,3.75,0.0,9.5,2.25,7.0,NA,6.0,6.0,1.0,10.0,95.0,0.0,75.25,NA,NA,4.75,747.0,0.0
2026-02-05 02:00:00,50.25,105.0,18.0,22.25,27.0,48.0,3.67,0.0,11.5,2.25,7.0,NA,6.0,6.0,1.0,10.0,95.0,0.0,62.25,NA,NA,4.25,747.0,0.0
2026-02-05 03:00:00,56.5,104.5,18.25,22.75,28.0,49.0,3.25,0.0,13.5,2.0,8.0,NA,8.0,1.0,3.0,10.0,95.0,0.0,76.0,NA,NA,3.75,747.0,0.0
2026-02-05 04:00:00,65.0,111.75,18.25,21.25,27.0,58.75,6.33,0.0,15.0,2.0,8.0,NA,8.0,1.0,3.0,9.5,95.0,0.0,73.25,NA,NA,2.25,747.0,0.0
2026-02-05 05:00:00,67.25,111.25,19.5,20.75,27.25,63.25,5.5,0.67,15.25,2.75,6.75,NA,7.0,0.25,5.75,9.0,95.0,0.0,75.5,NA,NA,4.5,747.0,0.0
2026-02-05 06:00:00,72.0,115.5,17.5,21.25,26.25,63.0,5.0,1.0,15.5,3.0,5.0,NA,6.5,0.0,8.0,8.25,95.0,0.0,59.25,NA,NA,36.5,747.0,0.0
2026-02-05 07:00:00,73.0,120.25,17.75,22.25,26.75,62.75,3.0,0.0,22.75,3.0,5.25,NA,6.25,0.0,8.0,8.0,95.0,0.0,61.5,NA,NA,78.0,747.0,0.0
2026-02-05 08:00:00,59.75,106.25,19.75,22.5,28.75,69.0,4.67,0.0,30.25,2.75,5.25,NA,6.25,0.0,7.75,8.5,95.0,0.0,60.75,NA,NA,150.75,747.0,0.0
2026-02-05 09:00:00,72.0,107.0,19.0,20.25,26.75,68.5,3.5,0.0,31.75,1.0,4.0,NA,10.0,0.0,3.75,10.0,95.0,0.0,58.5,NA,NA,252.25,747.25,0.0
2026-02-05 10:00:00,70.25,104.5,18.75,21.5,27.75,68.25,3.0,0.5,35.0,1.0,4.0,NA,9.75,0.0,3.5,13.75,94.0,0.0,71.0,NA,NA,309.5,748.5,0.0
2026-02-05 11:00:00,71.75,98.5,18.25,20.75,26.75,67.25,3.5,0.0,36.25,1.0,4.0,NA,9.5,0.0,4.0,17.25,76.25,0.0,65.0,NA,NA,745.0,749.25,0.0
2026-02-05 12:00:00,63.0,93.25,19.5,22.5,28.25,64.5,6.0,1.0,39.75,1.0,4.0,NA,10.0,0.0,3.75,19.25,56.25,1.0,67.0,NA,NA,652.5,750.0,0.0
2026-02-05 13:00:00,34.0,97.0,17.25,22.25,26.5,66.25,6.0,0.0,40.25,1.0,4.0,NA,10.0,0.0,3.25,20.0,51.5,1.0,73.5,NA,NA,636.25,750.0,0.0
2026-02-05 14:00:00,31.25,97.5,18.5,22.5,27.5,65.0,3.33,0.0,38.75,1.0,4.0,NA,9.75,0.0,3.75,20.5,49.75,1.0,53.0,NA,NA,510.25,750.0,0.0
2026-02-05 15:00:00,20.0,90.5,16.75,22.25,26.0,63.0,2.75,0.0,37.25,1.0,4.0,NA,9.75,0.0,3.75,20.0,50.25,1.0,69.75,NA,NA,315.0,750.0,0.0
2026-02-05 16:00:00,21.0,79.5,18.0,23.75,28.0,59.0,5.67,0.0,37.5,1.0,4.0,NA,9.5,0.0,3.25,19.5,50.0,1.0,64.75,NA,NA,94.0,750.0,0.0
2026-02-05 17:00:00,21.25,72.0,18.25,21.75,27.0,58.5,5.5,0.0,32.75,1.0,4.0,NA,9.75,0.0,3.75,18.0,57.5,1.0,61.25,NA,NA,NA,749.5,0.0
2026-02-05 18:00:00,25.75,73.0,17.25,21.75,26.5,58.0,3.0,0.0,24.75,1.0,4.0,NA,9.75,0.0,3.5,16.25,64.0,0.75,50.25,NA,NA,4.0,749.0,0.0
2026-02-05 19:00:00,36.75,74.5,18.25,21.5,26.75,61.75,2.5,0.0,23.25,2.0,6.25,NA,5.75,8.5,7.25,15.0,72.5,0.75,42.25,NA,NA,9.33,749.0,0.0
2026-02-05 20:00:00,47.25,79.25,17.25,21.5,26.5,62.25,5.67,0.5,19.25,2.0,6.75,NA,5.0,10.0,8.0,14.25,75.25,0.25,50.25,NA,NA,10.0,749.0,0.0
2026-02-05 21:00:00,64.5,83.5,18.5,21.25,27.0,61.0,4.75,0.0,19.5,2.0,6.5,NA,5.0,9.75,8.0,14.0,76.75,0.0,67.25,NA,NA,3.0,748.0,0.0
2026-02-05 22:00:00,40.25,92.25,17.75,21.5,26.75,57.75,3.33,0.0,16.5,3.0,7.5,NA,1.5,4.75,2.75,13.0,80.0,0.0,56.5,NA,NA,177.67,748.0,0.0
2026-02-05 23:00:00,46.0,83.0,16.33,22.0,26.0,58.0,3.0,0.0,11.67,3.67,8.0,NA,1.0,4.0,2.0,13.0,80.33,0.0,71.33,NA,NA,88.67,748.0,0.0
2026-02-06 00:00:00,46.0,73.5,18.25,22.5,27.25,53.25,3.67,0.5,9.75,2.0,6.75,NA,5.5,4.75,1.75,12.25,80.75,0.0,59.25,NA,NA,88.75,748.0,0.0
2026-02-06 01:00:00,45.5,81.0,18.0,22.5,27.25,50.25,4.25,0.0,9.5,2.25,7.0,NA,6.0,6.0,1.0,12.0,82.25,0.0,56.25,NA,NA,90.25,748.0,0.0
2026-02-06 02:00:00,40.0,79.5,16.75,21.75,25.75,48.25,3.33,0.25,11.75,2.0,7.0,NA,6.0,6.0,1.0,11.25,83.5,0.0,57.0,NA,NA,89.0,748.0,0.0
2026-02-06 03:00:00,39.5,73.0,18.5,21.0,27.0,49.5,2.5,0.0,13.25,2.25,8.0,NA,8.0,1.0,3.0,10.5,86.0,0.0,67.25,NA,NA,89.25,747.5,0.0
2026-02-06 04:00:00,34.25,72.75,18.5,20.25,26.25,60.25,2.67,0.0,15.0,2.0,8.0,NA,8.0,1.0,3.0,10.0,88.25,0.0,63.0,NA,NA,88.75,747.0,0.0
2026-02-06 05:00:00,40.75,68.0,18.25,22.5,27.0,63.75,2.75,0.0,15.0,2.75,6.25,NA,7.25,0.25,5.75,9.25,91.25,0.0,71.0,NA,NA,90.25,747.0,0.0
2026-02-06 06:00:00,37.0,69.5,15.5,23.25,25.75,62.5,3.0,0.0,15.5,3.0,5.0,NA,6.0,0.0,8.0,9.0,93.75,0.0,65.75,NA,NA,95.25,747.0,0.0
2026-02-06 07:00:00,54.75,75.75,18.0,21.5,26.75,64.25,3.75,1.0,22.25,3.0,5.25,NA,6.0,0.0,8.0,9.75,90.25,0.0,70.25,NA,NA,142.5,747.0,0.0
2026-02-06 08:00:00,51.5,71.25,19.25,23.0,28.5,67.25,5.67,1.0,29.5,2.75,5.0,NA,6.5,0.0,7.75,11.75,81.25,0.0,66.75,NA,NA,185.25,748.0,0.0
2026-02-06 09:00:00,71.0,75.5,18.25,21.25,26.75,68.0,5.75,0.33,32.0,1.0,4.0,NA,9.75,0.0,4.0,14.25,74.25,0.0,70.0,NA,NA,249.0,748.5,0.0
2026-02-06 10:00:00,55.75,81.75,19.25,21.5,27.5,67.5,5.67,1.0,34.75,1.0,4.0,NA,9.75,0.0,3.5,16.5,66.0,0.5,58.75,NA,NA,353.5,749.0,0.0
2026-02-06 11:00:00,63.25,79.0,19.25,21.5,28.0,67.75,6.5,0.33,37.0,1.0,4.0,NA,9.75,0.0,3.5,18.5,56.25,0.75,70.0,NA,NA,827.75,750.0,0.0
2026-02-06 12:00:00,50.25,77.5,19.5,21.25,28.0,66.0,5.33,1.0,39.5,1.0,4.0,NA,9.75,0.0,3.5,20.0,47.0,0.75,63.0,NA,NA,696.25,750.0,0.0
2026-02-06 13:00:00,51.5,71.75,16.25,22.25,26.0,65.25,5.25,0.0,39.5,1.0,4.0,NA,10.0,0.0,3.25,21.0,42.75,0.5,61.75,NA,NA,725.0,750.0,0.0
2026-02-06 14:00:00,27.75,71.25,18.0,22.75,27.25,64.5,8.33,0.25,38.0,1.0,4.0,NA,9.75,0.0,3.75,21.0,42.5,1.0,65.5,NA,NA,599.75,750.0,0.0
2026-02-06 15:00:00,23.5,75.25,20.0,21.5,28.75,61.75,7.5,0.0,39.0,1.0,4.0,NA,10.0,0.0,3.75,20.75,44.5,1.0,67.5,NA,NA,416.0,750.0,0.0
2026-02-06 16:00:00,31.5,76.75,19.0,20.75,27.25,59.0,5.0,0.0,37.25,1.0,4.0,NA,9.75,0.0,4.0,20.0,46.5,1.0,66.5,NA,NA,190.5,750.0,0.0
2026-02-06 17:00:00,25.5,70.75,16.75,22.0,26.0,58.0,6.0,0.0,32.5,1.0,4.0,NA,9.75,0.0,3.5,18.5,52.75,1.0,65.75,NA,NA,72.5,749.75,0.0
2026-02-06 18:00:00,32.0,66.25,17.5,21.5,26.75,59.0,5.33,0.5,24.5,1.0,4.0,NA,9.5,0.0,3.5,16.0,61.5,1.0,26.5,NA,NA,78.5,749.0,0.0
2026-02-06 19:00:00,47.75,72.0,18.5,23.0,28.0,61.75,4.75,0.33,22.75,2.0,6.0,NA,5.75,8.5,7.25,14.5,70.5,0.75,80.25,NA,NA,97.0,749.0,0.0
2026-02-06 20:00:00,62.0,83.75,19.0,22.5,28.0,62.0,6.0,1.0,19.25,2.0,6.25,NA,5.0,10.0,8.0,14.0,75.25,0.5,69.0,NA,NA,100.75,748.5,0.0
2026-02-06 21:00:00,NA,NA,17.5,20.5,25.75,59.25,3.75,0.67,19.5,2.0,6.75,NA,5.0,10.0,7.75,14.0,74.5,0.0,47.0,NA,NA,97.25,748.25,0.0
2026-02-06 22:00:00,28.0,54.0,18.25,20.75,26.75,57.5,5.0,0.75,16.75,3.0,7.5,NA,1.5,4.75,3.0,13.25,77.0,0.0,66.5,NA,NA,93.5,748.0,0.0
2026-02-06 23:00:00,55.67,146.33,18.67,22.67,28.33,58.33,5.33,0.5,11.33,3.67,8.0,NA,1.0,4.0,2.0,13.0,78.0,0.0,69.0,NA,NA,90.33,748.0,0.0
2026-02-07 00:00:00,60.25,166.25,18.25,22.5,27.25,53.0,8.33,0.75,9.5,2.0,6.75,NA,5.75,4.75,1.75,12.5,82.25,0.0,86.75,NA,NA,93.5,748.0,0.0
2026-02-07 01:00:00,53.75,160.75,20.25,21.75,29.0,50.25,7.0,0.0,9.5,2.0,7.0,NA,6.0,6.0,1.0,11.5,90.25,0.0,56.25,NA,NA,89.25,748.0,0.0
2026-02-07 02:00:00,52.25,162.5,17.0,22.0,26.25,47.0,5.0,0.0,11.5,2.0,7.0,NA,6.0,6.0,1.0,11.0,95.0,0.0,66.5,NA,NA,91.0,748.0,0.0
2026-02-07 03:00:00,54.75,150.0,18.25,21.0,26.75,48.5,5.0,0.0,13.25,2.25,8.0,NA,8.0,1.0,3.0,11.0,95.0,0.0,56.25,NA,NA,92.25,748.0,0.0
2026-02-07 04:00:00,43.25,146.25,18.5,21.75,27.0,58.0,5.0,0.0,15.0,2.5,8.0,NA,8.0,1.0,3.0,11.0,95.0,0.0,55.75,NA,NA,94.0,748.0,0.0
2026-02-07 05:00:00,42.0,129.5,19.25,20.5,27.0,61.75,5.0,0.67,15.0,2.75,6.25,NA,6.75,0.25,5.75,11.0,95.0,0.0,65.0,NA,NA,91.5,748.0,0.0
2026-02-07 06:00:00,40.25,134.0,18.75,21.0,27.0,63.25,4.0,1.0,15.5,3.0,5.25,NA,6.0,0.0,8.0,10.25,95.0,0.0,51.75,NA,NA,94.5,747.25,0.0
2026-02-07 07:00:00,39.25,135.75,17.25,20.5,25.75,64.0,5.0,0.0,23.0,3.0,5.0,NA,6.25,0.0,8.0,10.5,95.0,0.0,57.25,NA,NA,147.0,747.75,0.0
2026-02-07 08:00:00,70.0,147.25,19.0,21.0,27.25,68.0,5.67,0.0,29.5,3.0,5.0,NA,6.25,0.0,7.75,12.25,87.25,0.0,55.25,NA,NA,215.75,748.0,0.0
2026-02-07 09:00:00,70.25,153.5,18.75,22.5,28.0,68.0,6.5,0.67,32.5,1.0,4.0,NA,9.75,0.0,3.0,14.75,77.5,0.0,61.0,NA,NA,305.25,748.75,0.0
2026-02-07 10:00:00,58.25,147.25,17.25,24.0,27.75,67.0,6.33,1.0,34.75,1.0,4.0,NA,9.75,0.0,3.75,17.25,67.25,0.25,61.0,NA,NA,375.5,749.5,0.0
2026-02-07 11:00:00,64.25,158.25,18.75,22.25,28.0,67.0,7.0,0.33,37.75,1.0,4.0,NA,9.75,0.0,4.0,19.5,55.5,0.25,60.25,NA,NA,726.5,750.0,0.0
2026-02-07 12:00:00,54.0,150.5,19.0,20.75,27.0,64.25,6.33,1.0,40.5,1.0,4.0,NA,10.0,0.0,3.5,20.75,52.25,1.0,65.25,NA,NA,676.5,750.0,0.0
2026-02-07 13:00:00,49.0,148.0,18.5,22.0,27.5,65.75,7.0,NA,40.0,1.0,4.0,NA,9.5,0.0,3.75,21.0,49.5,1.0,60.75,NA,NA,585.5,750.0,0.0
2026-02-07 14:00:00,NA,10.0,19.33,21.33,27.67,64.25,NA,1.0,39.5,1.0,4.0,NA,9.75,0.0,3.75,21.0,49.5,0.5,61.25,NA,NA,512.25,750.0,0.0
2026-02-07 15:00:00,36.5,41.25,NA,NA,NA,63.0,1.0,0.0,37.0,1.0,4.0,NA,9.75,0.0,4.0,21.0,50.0,0.75,59.25,NA,NA,386.75,750.0,0.0
2026-02-07 16:00:00,37.0,82.5,17.0,19.0,25.0,58.25,6.67,0.0,37.75,1.0,4.0,NA,10.0,0.0,3.75,20.75,51.25,1.0,59.0,NA,NA,191.0,750.0,0.0
2026-02-07 17:00:00,34.0,92.0,18.0,22.5,27.5,58.5,5.75,0.0,24.5,1.0,4.0,NA,10.0,0.0,3.25,19.5,55.5,1.0,68.5,NA,NA,92.5,750.0,0.0
2026-02-07 18:00:00,35.0,96.0,18.75,22.5,27.75,58.25,6.33,0.0,24.5,1.0,4.0,NA,9.75,0.0,3.75,17.25,61.75,1.0,54.0,NA,NA,79.75,749.5,0.0
2026-02-07 19:00:00,51.5,216.75,16.5,21.75,25.5,61.5,6.75,1.0,22.75,2.0,6.0,NA,5.75,8.5,7.25,16.0,69.75,1.0,53.0,NA,NA,101.0,749.0,0.0
2026-02-07 20:00:00,65.0,242.5,18.75,22.25,28.0,63.75,4.0,1.75,20.0,2.0,6.5,NA,5.0,10.0,8.0,16.0,67.25,1.0,58.0,NA,NA,86.0,749.0,0.0
2026-02-07 21:00:00,59.5,144.0,18.25,21.5,26.75,61.25,4.0,0.33,20.0,2.0,6.5,NA,5.0,10.0,7.75,16.0,70.0,1.0,57.5,NA,NA,88.5,749.0,0.0
2026-02-07 22:00:00,56.5,115.5,18.0,20.75,26.25,58.5,4.33,0.75,16.5,3.0,7.75,NA,1.5,4.75,2.75,15.0,71.75,1.0,55.5,NA,NA,89.25,749.0,0.0
2026-02-07 23:00:00,56.67,132.33,19.0,22.0,28.0,58.33,5.0,0.0,11.0,3.33,8.0,NA,1.0,4.0,2.0,14.33,75.67,0.67,57.67,NA,NA,98.0,749.0,0.0
2026-02-08 00:00:00,52.0,133.25,17.75,22.0,26.75,53.0,1.33,0.0,9.5,2.0,6.5,NA,5.5,4.75,1.75,14.0,76.25,0.25,77.75,NA,NA,92.25,748.0,0.0
2026-02-08 01:00:00,51.0,128.75,17.75,22.5,27.25,51.25,0.75,1.0,9.75,2.0,7.0,NA,6.0,6.0,1.0,13.25,78.5,0.0,77.75,NA,NA,91.25,748.0,0.0
2026-02-08 02:00:00,48.0,119.0,18.0,23.75,28.25,47.0,3.0,1.0,11.75,2.0,7.0,NA,5.5,6.0,1.0,12.25,83.5,0.0,69.25,NA,NA,92.0,748.0,0.0
2026-02-08 03:00:00,46.0,123.25,17.5,22.75,27.25,48.25,3.5,0.0,13.5,2.0,8.0,NA,8.0,1.0,3.0,12.0,86.75,0.0,74.75,NA,NA,94.0,748.0,0.0
2026-02-08 04:00:00,42.5,132.5,18.0,22.5,27.25,57.75,7.0,0.0,15.0,2.25,8.25,NA,8.0,1.0,3.0,11.0,93.75,0.0,58.75,NA,NA,93.5,748.0,0.0
2026-02-08 05:00:00,48.5,110.5,18.75,21.25,27.25,64.25,5.75,0.67,15.0,2.75,6.25,NA,7.0,0.25,5.75,11.0,95.0,0.0,58.5,NA,NA,92.5,748.0,0.0
2026-02-08 06:00:00,57.0,118.0,17.5,21.75,26.5,63.5,4.0,0.75,15.5,3.0,5.0,NA,6.0,0.0,8.0,10.75,95.0,0.0,65.25,NA,NA,95.25,747.75,0.0
2026-02-08 07:00:00,55.0,123.0,17.25,21.5,26.0,65.0,3.75,0.0,22.75,3.0,5.25,NA,6.5,0.0,8.0,10.75,95.0,0.0,59.25,NA,NA,147.0,747.75,0.0
2026-02-08 08:00:00,55.0,137.67,17.67,22.33,27.0,68.0,6.67,0.0,29.67,2.67,5.33,NA,6.33,0.0,7.67,12.67,94.67,0.0,55.33,NA,NA,215.33,748.0,0.0
2026-02-08 09:00:00,57.5,140.5,17.75,24.0,28.0,68.0,7.25,1.0,32.0,1.0,4.0,NA,10.25,0.0,4.0,14.5,83.75,0.0,73.5,NA,NA,294.5,748.75,0.0
2026-02-08 10:00:00,60.5,127.0,18.0,21.75,27.0,68.25,6.67,1.0,34.5,1.0,4.0,NA,10.0,0.0,3.5,17.5,70.75,1.0,53.25,NA,NA,339.5,749.5,0.0
2026-02-08 11:00:00,58.5,124.0,18.75,22.25,28.0,67.5,6.0,0.0,36.75,1.0,4.0,NA,9.75,0.0,3.5,20.5,47.5,0.75,65.5,NA,NA,860.5,750.0,0.0
2026-02-08 12:00:00,46.5,118.5,19.0,21.0,27.0,65.5,4.67,1.0,41.75,1.0,4.0,NA,9.5,0.0,4.0,21.75,38.75,1.0,69.75,NA,NA,706.75,750.5,0.0
2026-02-08 13:00:00,35.0,96.25,18.25,22.75,28.0,64.75,4.5,0.0,39.5,1.0,4.0,NA,9.75,0.0,4.0,22.25,38.25,0.75,65.75,NA,NA,769.25,751.0,0.0
2026-02-08 14:00:00,28.0,93.75,19.0,22.5,28.25,64.5,6.0,1.0,39.0,1.0,4.0,NA,10.0,0.0,3.5,22.0,39.25,1.0,63.25,NA,NA,607.25,751.0,0.0
2026-02-08 15:00:00,33.0,111.0,17.5,23.5,27.5,61.5,6.0,0.0,37.0,1.0,4.0,NA,10.0,0.0,4.0,22.0,42.75,0.75,61.75,NA,NA,424.5,750.75,0.0
2026-02-08 16:00:00,36.0,111.5,17.75,21.5,26.75,58.5,5.67,0.0,38.5,1.0,4.0,NA,10.0,0.0,3.5,21.0,45.75,1.0,63.0,NA,NA,196.25,750.0,0.0
2026-02-08 17:00:00,32.0,110.0,17.75,21.5,26.75,58.0,5.5,0.0,32.75,1.0,4.0,NA,9.75,0.0,3.0,19.5,51.25,1.0,62.75,NA,NA,77.5,750.0,0.0
2026-02-08 18:00:00,30.5,109.0,17.5,22.25,26.5,58.25,4.0,0.0,25.25,1.0,4.0,NA,10.0,0.0,3.5,17.5,60.0,1.0,50.25,NA,NA,82.0,749.25,0.0
2026-02-08 19:00:00,37.5,208.0,18.25,23.75,28.5,62.0,4.0,0.67,23.0,2.0,6.25,NA,5.75,8.5,7.5,15.5,69.0,1.0,51.5,NA,NA,91.75,749.0,0.0
2026-02-08 20:00:00,58.5,295.75,19.0,21.0,27.25,63.5,5.67,1.75,19.75,2.0,6.0,NA,5.0,10.0,7.75,14.75,75.25,1.0,51.25,NA,NA,97.5,749.0,0.0
2026-02-08 21:00:00,37.0,36.75,18.75,21.5,27.75,61.75,5.75,0.67,19.5,2.0,6.0,NA,5.0,10.0,7.75,14.0,79.25,0.25,51.0,NA,NA,99.5,748.0,0.0
2026-02-08 22:00:00,90.75,280.75,18.25,22.25,27.25,57.5,6.33,1.0,16.25,3.0,7.75,NA,1.75,4.75,2.75,13.0,89.25,0.0,51.0,NA,NA,100.5,748.0,0.0
2026-02-08 23:00:00,97.0,305.0,18.33,23.0,28.0,58.33,7.0,0.0,11.0,3.67,8.0,NA,1.0,4.0,2.0,12.33,95.0,0.0,51.0,NA,NA,100.0,748.0,0.0
2026-02-09 00:00:00,102.0,309.25,18.0,22.0,26.75,53.0,5.67,1.0,9.0,2.0,6.5,NA,5.5,4.75,1.75,12.0,95.0,0.0,51.5,NA,NA,112.75,748.0,0.0
2026-02-09 01:00:00,110.25,281.75,16.75,22.25,26.25,50.0,5.5,1.33,9.25,2.25,7.0,NA,6.0,6.0,1.0,11.75,95.0,0.0,51.0,NA,NA,112.25,748.0,0.0
2026-02-09 02:00:00,103.0,255.75,17.0,23.25,26.75,49.75,2.33,1.0,11.75,2.0,7.0,NA,6.0,6.0,1.0,11.0,95.0,0.0,104.25,NA,NA,113.0,748.0,0.0
2026-02-09 03:00:00,92.5,203.0,18.0,22.25,27.0,48.25,1.25,0.0,13.25,2.0,8.25,NA,8.0,1.0,3.0,10.0,95.0,0.0,213.0,NA,NA,112.25,747.0,0.0
2026-02-09 04:00:00,79.0,155.5,17.25,22.75,26.75,59.0,7.0,0.0,14.75,2.25,8.0,NA,8.0,1.0,3.0,10.0,95.0,0.0,213.0,NA,NA,117.25,747.0,0.0
2026-02-09 05:00:00,78.75,124.0,18.25,21.5,26.75,62.0,5.25,0.0,15.0,2.75,6.25,NA,7.0,0.25,5.75,10.0,95.0,0.0,213.0,NA,NA,117.25,747.0,0.0
2026-02-09 06:00:00,83.0,115.25,18.5,21.0,27.0,63.0,5.33,1.0,15.5,3.0,5.25,NA,6.0,0.0,8.0,9.25,95.0,0.0,213.0,NA,NA,122.25,747.0,0.0
2026-02-09 07:00:00,73.5,119.5,18.25,22.5,27.25,66.25,5.25,0.0,22.75,3.0,5.0,NA,6.25,0.0,8.0,11.25,95.0,0.0,213.0,NA,NA,165.25,747.5,0.0
2026-02-09 08:00:00,72.25,142.5,18.25,21.5,26.75,68.0,4.0,0.0,30.25,3.0,5.0,NA,7.0,0.0,7.75,14.0,87.0,0.5,306.25,NA,NA,180.0,748.5,0.0
2026-02-09 09:00:00,100.25,140.75,19.75,20.5,27.75,68.25,4.25,0.67,32.25,1.0,4.0,NA,9.75,0.0,3.0,17.25,66.0,1.0,249.75,NA,NA,317.0,749.25,0.0
2026-02-09 10:00:00,101.75,146.0,19.25,20.75,27.5,66.75,7.0,1.0,34.25,1.0,3.75,NA,10.0,0.0,3.5,19.25,55.5,0.5,295.0,NA,NA,293.75,750.0,0.0
2026-02-09 11:00:00,87.0,135.33,19.67,23.67,29.33,67.67,6.33,0.0,37.33,1.0,4.0,NA,9.33,0.0,3.33,20.33,47.33,0.67,80.33,NA,NA,784.67,750.0,0.0
2026-02-09 12:00:00,65.25,129.25,20.25,22.5,29.25,66.75,6.0,0.25,39.5,1.0,4.0,NA,10.0,0.0,3.25,21.75,42.0,0.75,73.0,NA,NA,720.0,750.25,0.0
2026-02-09 13:00:00,49.0,110.75,19.25,21.75,28.0,65.5,5.75,0.0,40.5,1.0,4.0,NA,9.75,0.0,3.5,21.75,42.5,0.75,51.75,NA,NA,787.0,750.75,0.0
2026-02-09 14:00:00,39.75,90.5,19.25,21.75,27.75,66.0,5.33,0.75,38.25,1.0,4.0,NA,10.0,0.0,3.75,22.0,40.25,0.5,141.0,NA,NA,627.5,751.0,0.0
2026-02-09 15:00:00,26.5,76.5,17.5,21.75,26.75,62.25,5.25,0.0,37.0,1.0,4.0,NA,10.0,0.0,3.75,22.0,40.0,1.0,55.0,NA,NA,442.5,751.0,0.0
2026-02-09 16:00:00,21.0,71.75,19.25,23.0,28.5,58.5,6.33,0.0,37.75,1.0,4.0,NA,9.5,0.0,3.25,21.25,42.25,1.0,60.0,NA,NA,186.0,750.25,0.0
2026-02-09 17:00:00,21.75,69.25,17.75,21.75,26.75,57.5,6.0,0.0,32.5,1.0,4.0,NA,10.0,0.0,3.5,20.0,46.5,1.0,82.0,NA,NA,71.0,750.0,0.0
2026-02-09 18:00:00,30.0,75.5,16.75,22.75,26.25,59.0,4.67,0.5,25.0,1.0,4.0,NA,10.0,0.0,3.25,17.0,57.0,1.0,97.0,NA,NA,80.25,749.25,0.0
2026-02-09 19:00:00,42.5,114.5,19.5,22.75,28.25,62.25,4.75,0.67,22.5,2.0,6.0,NA,5.75,8.5,7.25,16.0,63.0,1.0,97.0,NA,NA,94.25,749.0,0.0
2026-02-09 20:00:00,59.0,176.5,19.0,21.5,27.5,62.0,7.0,1.0,20.0,2.0,6.5,NA,5.0,10.0,8.0,15.0,67.75,1.0,97.0,NA,NA,95.0,749.0,0.0
2026-02-09 21:00:00,79.75,203.75,18.5,21.25,27.25,61.75,6.75,1.0,19.75,2.0,6.75,NA,5.0,10.0,7.75,14.0,73.25,0.75,97.0,NA,NA,98.25,748.5,0.0
2026-02-09 22:00:00,88.25,237.0,18.75,22.0,27.5,58.25,6.0,2.0,16.25,3.0,7.75,NA,1.75,4.75,2.75,13.0,80.0,0.0,97.0,NA,NA,101.0,748.0,0.0
2026-02-09 23:00:00,101.0,238.0,18.67,22.33,28.33,59.33,5.67,0.5,11.67,3.0,8.33,NA,1.0,4.0,2.0,12.33,83.67,0.0,97.0,NA,NA,101.33,748.0,0.0
2026-02-10 00:00:00,92.75,204.25,17.5,21.5,26.5,53.5,5.33,1.0,9.5,2.25,6.75,NA,5.75,4.75,1.75,12.0,88.75,0.0,97.0,NA,NA,102.0,748.0,0.0
2026-02-10 01:00:00,98.25,168.0,18.5,22.5,28.0,50.5,4.5,0.0,9.5,2.0,7.0,NA,6.0,6.0,1.0,11.5,93.75,0.0,97.0,NA,NA,103.5,748.0,0.0
2026-02-10 02:00:00,80.25,147.5,17.0,22.25,26.5,46.75,7.0,0.0,11.5,2.0,7.0,NA,6.0,6.0,1.0,11.0,95.0,0.0,97.0,NA,NA,107.75,748.0,0.0
2026-02-10 03:00:00,73.0,116.25,19.25,22.5,28.5,48.75,5.75,1.0,13.5,2.5,8.0,NA,8.0,1.0,3.0,10.25,95.0,0.0,97.0,NA,NA,111.5,747.5,0.0
2026-02-10 04:00:00,66.0,107.0,17.25,22.25,26.5,59.0,6.0,1.0,15.0,2.0,8.0,NA,8.0,1.0,3.0,10.0,95.0,0.0,111.0,NA,NA,112.75,747.25,0.0
2026-02-10 05:00:00,84.75,89.75,18.75,21.5,27.25,63.25,6.0,1.0,15.0,2.75,6.5,NA,7.0,0.25,5.75,10.0,95.0,0.0,117.25,NA,NA,112.5,747.0,0.0
2026-02-10 06:00:00,82.5,97.75,19.0,22.0,27.75,63.0,4.33,1.0,15.25,3.0,5.0,NA,6.0,0.0,8.0,9.5,95.0,0.0,202.75,NA,NA,119.25,747.0,0.0
2026-02-10 07:00:00,79.75,105.25,18.5,22.5,27.5,65.75,3.5,1.0,22.25,3.0,5.0,NA,6.0,0.0,8.0,10.5,95.0,0.0,205.0,NA,NA,160.5,747.5,0.0
2026-02-10 08:00:00,89.5,109.0,18.5,21.25,27.0,69.25,5.33,1.5,30.0,3.0,5.0,NA,6.5,0.0,7.75,14.0,86.5,0.25,257.75,NA,NA,180.75,748.5,0.0
2026-02-10 09:00:00,103.25,120.75,17.0,22.75,26.5,68.5,5.25,1.0,31.25,1.0,4.0,NA,9.75,0.0,3.5,17.0,69.75,1.0,168.75,NA,NA,335.75,749.25,0.0
2026-02-10 10:00:00,97.0,134.75,20.5,22.25,29.0,68.25,7.33,1.0,35.5,1.0,4.0,NA,9.75,0.0,3.25,19.75,55.75,1.0,133.25,NA,NA,302.5,750.0,0.0
2026-02-10 11:00:00,94.75,113.75,29.25,22.0,36.25,67.75,17.25,0.33,37.25,1.0,4.0,NA,9.75,0.0,3.5,20.5,46.25,1.0,49.75,NA,NA,838.0,748.5,0.0
2026-02-10 12:00:00,67.75,101.75,11.75,19.0,19.5,65.25,0.0,1.0,40.5,1.0,4.0,NA,10.0,0.0,3.75,22.0,47.0,0.75,53.75,NA,NA,715.5,751.0,0.0
2026-02-10 13:00:00,71.5,98.25,17.25,22.5,26.75,64.75,NA,0.33,40.25,1.0,4.0,NA,9.75,0.0,4.0,22.5,41.0,0.5,62.25,NA,NA,776.75,751.0,0.0
2026-02-10 14:00:00,49.75,89.25,18.0,22.0,27.0,64.5,6.67,0.75,38.5,1.0,4.0,NA,10.0,0.0,3.75,23.0,40.5,1.0,67.0,NA,NA,602.0,751.0,0.0
2026-02-10 15:00:00,47.5,81.5,18.0,22.5,27.25,61.5,6.25,0.0,37.5,1.0,4.0,NA,9.5,0.0,3.5,22.5,42.5,1.0,70.75,NA,NA,397.0,751.0,0.0
2026-02-10 16:00:00,45.5,75.5,18.5,22.75,28.25,58.75,6.0,0.0,37.0,1.0,4.0,NA,9.75,0.0,3.5,21.75,46.0,1.0,74.5,NA,NA,191.5,750.5,0.0
2026-02-10 17:00:00,48.0,62.5,18.5,22.5,27.75,58.5,4.25,0.0,32.25,1.0,4.0,NA,9.75,0.0,3.25,20.0,51.5,1.0,62.75,NA,NA,74.5,750.0,0.0
2026-02-10 18:00:00,41.0,66.75,18.5,22.25,27.25,58.0,3.67,0.0,25.25,1.0,4.0,NA,9.5,0.0,3.25,17.75,61.75,1.0,67.5,NA,NA,80.25,749.25,0.0
2026-02-10 19:00:00,61.5,71.5,16.75,22.5,26.5,63.25,3.75,0.33,23.25,2.0,6.0,NA,5.75,8.5,7.25,15.75,71.0,1.0,67.0,NA,NA,91.5,749.0,0.0
2026-02-10 20:00:00,87.25,124.0,16.25,22.25,25.75,63.75,6.0,1.75,19.75,2.0,6.25,NA,5.0,10.0,8.0,15.0,75.0,1.0,67.0,NA,NA,98.25,749.0,0.0
2026-02-10 21:00:00,116.0,138.5,18.25,22.25,27.25,61.25,5.75,1.0,19.75,2.0,6.5,NA,5.0,10.0,8.0,14.75,76.5,1.0,67.75,NA,NA,100.25,749.0,0.0
2026-02-10 22:00:00,113.75,167.0,19.0,23.0,28.25,58.0,4.33,1.0,16.25,3.0,8.0,NA,1.5,4.75,2.75,14.0,77.75,0.5,68.0,NA,NA,103.5,748.25,0.0
2026-02-10 23:00:00,102.0,140.0,19.67,23.0,28.67,58.0,4.0,1.0,11.0,3.0,8.0,NA,1.0,4.0,2.0,13.33,79.0,0.0,68.0,NA,NA,104.0,748.0,0.0
2026-02-11 00:00:00,90.5,122.0,17.25,22.0,26.5,53.25,6.33,1.0,9.25,2.0,6.5,NA,5.5,4.75,1.75,13.0,85.25,0.0,68.0,NA,NA,107.75,748.0,0.0
2026-02-11 01:00:00,86.25,104.0,19.25,22.0,28.0,49.0,5.75,0.0,9.5,2.5,7.0,NA,6.0,6.0,1.0,12.25,94.5,0.0,68.0,NA,NA,110.0,748.0,0.0
2026-02-11 02:00:00,80.25,101.25,18.75,23.25,28.0,47.5,5.33,1.0,12.0,2.0,7.0,NA,6.0,6.0,1.0,12.0,95.0,0.0,68.0,NA,NA,112.0,748.0,0.0
2026-02-11 03:00:00,75.5,76.5,18.5,22.75,28.0,49.25,2.75,0.0,13.75,2.0,8.25,NA,8.0,1.0,3.0,11.75,95.0,0.0,68.0,NA,NA,115.75,748.0,0.0
2026-02-11 04:00:00,78.5,80.25,17.25,22.0,26.75,58.25,3.33,1.0,15.0,2.0,8.25,NA,8.0,1.0,3.0,11.0,95.0,0.0,68.0,NA,NA,112.5,748.0,0.0
2026-02-11 05:00:00,76.0,79.0,19.25,22.75,28.25,64.0,3.25,0.33,15.0,2.75,6.75,NA,7.5,0.25,5.75,10.75,95.0,0.0,68.0,NA,NA,113.5,747.75,0.0
2026-02-11 06:00:00,78.0,87.25,17.75,22.75,26.75,63.75,4.0,0.5,15.5,3.0,5.25,NA,6.25,0.0,8.0,10.0,95.0,0.0,68.0,NA,NA,118.0,747.0,0.0
2026-02-11 07:00:00,78.0,81.0,18.0,21.75,26.75,65.75,3.25,1.0,22.25,3.0,5.0,NA,6.5,0.0,8.0,11.75,95.0,0.0,68.25,NA,NA,164.5,748.0,0.0
2026-02-11 08:00:00,NA,NA,19.75,22.25,28.5,67.75,1.0,1.0,29.75,3.0,5.25,NA,6.5,0.0,7.75,14.5,87.75,0.5,258.0,NA,NA,200.5,748.75,0.0
2026-02-11 09:00:00,NA,NA,18.0,22.75,27.75,67.75,1.25,0.0,31.25,1.0,4.0,NA,10.0,0.0,3.5,17.25,70.75,0.75,130.0,NA,NA,342.75,749.25,0.0
2026-02-11 10:00:00,129.0,129.5,17.25,22.75,26.5,69.0,1.5,0.0,34.0,1.0,4.0,NA,9.67,0.0,4.0,19.0,64.33,1.0,86.0,NA,NA,356.67,750.0,0.0
2026-02-11 11:00:00,NA,60.0,21.75,22.5,30.5,NA,5.25,0.0,36.75,1.0,4.0,NA,10.0,0.0,4.0,21.0,56.5,1.0,44.75,NA,NA,799.25,749.75,0.0
2026-02-11 12:00:00,54.0,95.5,28.5,20.5,34.75,NA,7.67,0.0,40.0,1.0,4.0,NA,10.0,0.0,4.0,21.25,51.5,1.0,50.75,NA,NA,698.0,749.25,0.0
2026-02-11 13:00:00,56.5,124.25,30.75,19.25,36.0,NA,NA,1.0,40.5,NA,NA,NA,NA,NA,NA,22.25,43.75,1.0,70.75,NA,NA,711.25,749.5,0.0
2026-02-11 14:00:00,51.25,124.0,26.75,19.0,32.5,67.0,NA,0.25,40.0,1.0,3.75,NA,9.75,0.0,3.25,22.5,43.25,1.0,69.25,NA,NA,554.75,750.25,0.0
2026-02-11 15:00:00,50.0,128.5,20.0,22.0,28.0,63.25,5.0,0.67,37.5,1.0,4.0,NA,9.75,0.0,4.0,22.25,44.75,1.0,68.5,NA,NA,373.25,750.25,0.0
2026-02-11 16:00:00,59.75,142.0,6.33,12.0,8.5,57.5,NA,2.0,37.0,1.0,4.0,NA,10.0,0.0,3.5,22.5,44.5,1.0,67.0,NA,NA,179.5,751.0,0.0
2026-02-11 17:00:00,63.25,150.25,19.0,20.25,26.75,57.75,8.0,0.33,32.25,1.0,4.0,NA,9.75,0.0,3.5,21.0,51.25,1.0,68.25,NA,NA,78.0,750.25,0.0
2026-02-11 18:00:00,70.0,155.5,16.25,21.75,25.5,57.5,14.75,1.0,24.75,1.0,4.0,NA,9.75,0.0,3.5,19.25,59.0,1.0,69.75,NA,NA,72.25,750.0,0.0
2026-02-11 19:00:00,77.0,178.75,16.25,21.75,25.25,63.25,23.75,2.33,23.0,2.0,6.0,NA,5.75,8.25,7.25,19.0,60.0,1.0,54.0,NA,NA,75.0,750.0,0.0
2026-02-11 20:00:00,88.25,206.0,21.25,22.75,30.25,62.5,27.25,1.25,20.5,2.0,6.25,NA,5.0,9.75,8.0,17.0,68.5,1.0,60.75,NA,NA,92.5,749.0,0.0
2026-02-11 21:00:00,95.75,222.25,19.5,21.75,28.0,60.75,28.5,0.0,19.75,2.0,6.75,NA,5.0,10.0,8.0,15.75,74.5,1.0,59.25,NA,NA,102.0,749.0,0.0
2026-02-11 22:00:00,110.0,235.25,20.5,22.25,29.0,58.5,33.5,0.0,16.25,3.25,7.75,NA,1.5,5.0,2.75,15.5,78.75,1.0,46.5,NA,NA,104.75,749.0,0.0
2026-02-11 23:00:00,108.0,242.67,18.0,22.67,27.0,57.67,35.0,0.5,11.0,3.0,8.0,NA,1.0,4.0,2.0,15.0,83.67,1.0,48.0,NA,NA,103.33,749.0,0.0
2026-02-12 00:00:00,94.25,235.0,19.25,23.25,28.5,53.5,8.33,1.0,9.5,2.0,6.5,NA,5.5,4.75,1.75,14.0,93.75,1.0,48.5,NA,NA,107.25,748.25,0.0
2026-02-12 01:00:00,86.0,216.25,18.25,21.75,27.25,50.25,8.5,0.67,9.75,2.0,7.0,NA,6.0,6.0,1.0,14.0,95.0,0.0,49.0,NA,NA,113.25,748.0,0.0
2026-02-12 02:00:00,85.0,192.0,18.5,22.5,27.75,49.5,9.5,1.0,11.75,2.0,7.0,NA,5.75,6.0,1.0,14.0,95.0,0.75,53.5,NA,NA,97.0,748.75,0.0
2026-02-12 03:00:00,71.75,172.75,18.0,22.25,27.0,47.25,9.0,0.33,13.5,2.0,8.25,NA,8.0,1.0,3.0,14.0,95.0,0.0,69.25,NA,NA,86.25,748.25,0.0
2026-02-12 04:00:00,73.5,162.25,19.0,24.25,29.0,60.0,7.0,0.75,15.0,2.0,8.25,NA,8.0,1.0,3.0,13.0,95.0,0.0,51.5,NA,NA,88.5,748.0,0.0
2026-02-12 05:00:00,71.0,155.0,17.75,22.5,27.25,61.0,5.0,0.67,15.0,2.75,6.5,NA,7.0,0.25,5.75,12.25,95.0,0.0,41.75,NA,NA,93.25,748.0,0.0
2026-02-12 06:00:00,68.75,150.25,19.25,20.75,27.75,62.0,4.5,1.0,15.5,3.0,5.0,NA,6.0,0.0,8.0,12.0,95.0,0.0,195.75,NA,NA,103.25,748.0,0.0
2026-02-12 07:00:00,78.25,150.0,19.5,21.5,28.25,66.0,11.33,0.0,22.5,3.0,5.5,NA,6.25,0.0,8.0,13.25,95.0,0.0,107.75,NA,NA,146.0,748.0,0.0
2026-02-12 08:00:00,102.75,158.75,18.5,21.75,27.25,68.25,13.5,0.5,29.5,2.75,5.0,NA,6.5,0.0,7.75,14.75,86.0,0.0,54.25,NA,NA,185.25,748.75,0.0
2026-02-12 09:00:00,98.75,157.0,17.25,22.5,26.5,68.5,8.0,0.0,32.0,1.0,4.0,NA,9.75,0.0,3.5,17.0,74.0,0.5,53.5,NA,NA,327.75,749.0,0.0
2026-02-12 10:00:00,95.0,154.75,18.25,23.75,27.75,68.5,8.75,0.0,34.75,1.0,4.0,NA,10.0,0.0,3.0,18.75,67.75,1.0,62.25,NA,NA,325.25,750.0,0.0
2026-02-12 11:00:00,88.0,155.25,17.25,23.75,27.25,66.75,12.33,0.0,36.5,1.0,4.0,NA,9.75,0.0,3.5,21.0,59.0,1.0,54.75,NA,NA,826.75,750.25,0.0
2026-02-12 12:00:00,66.0,155.25,18.25,22.0,27.25,65.25,11.75,1.0,40.0,1.0,4.0,NA,10.0,0.0,3.5,22.0,49.5,1.0,64.0,NA,NA,722.25,751.0,0.0
2026-02-12 13:00:00,49.25,153.0,19.0,21.75,27.75,65.0,8.33,0.0,39.75,1.0,4.0,NA,10.0,0.0,3.75,23.0,44.5,1.0,64.25,NA,NA,742.0,751.0,0.0
2026-02-12 14:00:00,39.25,143.25,18.5,22.0,27.5,65.0,7.5,0.25,39.25,1.0,4.0,NA,9.75,0.0,3.25,23.25,41.75,1.0,62.25,NA,NA,585.75,751.0,0.0
2026-02-12 15:00:00,32.0,129.75,17.25,24.25,27.75,63.0,7.67,0.0,37.5,1.0,4.0,NA,9.75,0.0,3.75,23.0,41.25,1.0,67.5,NA,NA,401.25,751.0,0.0
2026-02-12 16:00:00,22.0,131.0,18.75,22.0,27.75,57.0,2.0,0.0,37.5,1.0,4.0,NA,9.75,0.0,3.75,22.25,42.75,1.0,66.0,NA,NA,218.0,751.0,0.0
2026-02-12 17:00:00,25.75,130.0,17.5,22.25,27.0,57.75,6.33,0.0,32.25,1.0,4.0,NA,10.0,0.0,4.0,21.0,43.75,1.0,73.0,NA,NA,74.0,750.25,0.0
2026-02-12 18:00:00,31.25,133.0,20.0,21.75,28.5,58.25,6.25,0.0,25.75,1.0,4.0,NA,9.75,0.0,3.5,19.0,48.25,0.75,76.75,NA,NA,69.25,750.0,0.0
2026-02-12 19:00:00,37.0,141.0,18.75,22.25,27.25,61.25,6.0,0.33,23.25,2.0,6.0,NA,5.75,8.5,7.25,18.0,51.75,1.0,54.25,NA,NA,75.75,749.75,0.0
2026-02-12 20:00:00,41.0,142.0,19.5,21.0,27.75,63.0,8.75,0.75,20.25,2.0,6.25,NA,5.0,10.0,8.0,16.25,58.0,1.0,43.75,NA,NA,93.75,749.0,0.0
2026-02-12 21:00:00,45.75,145.25,18.5,20.5,26.5,62.25,7.67,0.0,19.25,2.0,6.5,NA,5.0,10.0,7.75,16.0,61.5,1.0,56.5,NA,NA,94.75,749.0,0.0
2026-02-12 22:00:00,55.5,143.75,18.25,21.25,26.75,57.75,10.25,0.0,16.75,3.0,7.75,NA,1.75,4.75,2.75,15.25,65.5,1.0,56.0,NA,NA,99.75,749.0,0.0
2026-02-12 23:00:00,53.67,143.33,18.67,20.67,26.67,58.67,9.5,0.0,11.0,3.33,8.0,NA,1.0,4.0,2.0,15.0,68.0,1.0,61.0,NA,NA,96.33,749.0,0.0
2026-02-13 00:00:00,43.75,145.0,18.25,22.5,27.25,52.0,7.25,0.0,9.75,2.0,6.75,NA,5.75,4.75,1.75,14.25,70.25,0.0,58.25,NA,NA,81.0,748.75,0.0
2026-02-13 01:00:00,45.0,138.75,19.5,22.0,28.0,49.75,6.33,0.33,9.25,2.25,7.0,NA,6.0,6.0,1.0,13.5,74.0,0.0,42.75,NA,NA,84.0,748.0,0.0
2026-02-13 02:00:00,41.75,131.5,19.5,21.5,28.0,49.5,5.5,0.75,11.25,2.0,7.0,NA,6.0,6.0,1.0,13.0,75.0,0.0,43.75,NA,NA,85.25,748.0,0.0
2026-02-13 03:00:00,39.75,124.75,18.0,22.0,27.0,49.25,4.0,0.0,13.25,2.5,8.0,NA,8.0,1.0,3.0,12.25,75.0,0.0,52.75,NA,NA,81.25,748.0,0.0
2026-02-13 04:00:00,44.0,123.25,18.5,21.25,27.0,59.5,3.25,0.25,15.0,2.25,8.0,NA,8.0,1.0,3.0,12.0,75.25,0.0,67.5,NA,NA,86.75,748.0,0.0
2026-02-13 05:00:00,46.0,120.5,18.0,19.75,25.75,62.25,4.67,1.0,15.0,2.75,6.25,NA,7.0,0.25,5.75,11.25,77.5,0.0,51.5,NA,NA,90.75,748.0,0.0
2026-02-13 06:00:00,44.75,122.0,17.25,23.25,27.0,61.75,4.25,1.0,15.5,3.0,5.0,NA,6.25,0.0,8.0,11.0,80.5,0.0,34.75,NA,NA,98.0,748.0,0.0
2026-02-13 07:00:00,47.0,128.5,18.0,22.0,26.75,64.75,8.0,0.33,22.75,3.0,5.0,NA,6.5,0.0,8.0,12.25,76.25,0.0,35.25,NA,NA,176.25,748.0,0.0
2026-02-13 08:00:00,53.75,135.75,16.5,23.0,26.0,68.5,9.0,0.75,30.0,2.75,5.0,NA,6.25,0.0,7.75,14.0,70.75,0.0,73.25,NA,NA,237.75,748.25,0.0
2026-02-13 09:00:00,57.5,140.75,19.75,21.75,28.5,67.5,5.33,0.0,31.75,1.0,4.0,NA,9.0,0.0,3.5,16.0,66.25,0.25,81.75,NA,NA,323.5,749.0,0.0
2026-02-13 10:00:00,59.25,146.25,18.5,21.75,27.5,67.75,4.75,0.5,35.5,1.0,4.0,NA,9.5,0.0,3.25,18.5,60.75,0.5,64.25,NA,NA,366.0,749.75,0.0
2026-02-13 11:00:00,51.25,136.75,18.75,20.25,26.75,67.5,9.67,0.0,37.25,1.0,4.0,NA,9.75,0.0,3.5,20.25,53.0,1.0,64.5,NA,NA,753.0,750.0,0.0
2026-02-13 12:00:00,48.0,125.0,19.25,23.0,28.75,64.25,6.75,0.25,39.25,1.0,4.0,NA,10.0,0.0,3.75,21.5,45.5,0.75,65.25,NA,NA,652.75,750.5,0.0
2026-02-13 13:00:00,37.5,118.75,18.75,22.0,27.5,65.5,7.67,0.0,38.75,1.0,4.0,NA,9.5,0.0,3.0,22.25,41.75,1.0,64.0,NA,NA,755.25,751.0,0.0
2026-02-13 14:00:00,32.0,114.25,19.0,20.25,27.0,64.5,6.25,0.0,39.75,1.0,4.0,NA,9.75,0.0,3.5,22.0,40.75,1.0,59.0,NA,NA,535.5,751.0,0.0
2026-02-13 15:00:00,26.25,107.75,18.25,22.0,27.0,62.75,6.0,1.0,37.75,1.0,4.0,NA,10.25,0.0,3.25,22.0,39.75,1.0,59.5,NA,NA,410.25,751.0,0.0
2026-02-13 16:00:00,21.5,106.25,16.25,22.0,25.75,58.0,6.0,1.0,38.75,1.0,4.0,NA,10.0,0.0,3.25,21.5,41.0,1.0,62.25,NA,NA,221.5,750.5,0.0
2026-02-13 17:00:00,19.75,103.25,18.25,22.75,27.5,57.5,7.0,0.0,32.5,1.0,4.0,NA,10.0,0.0,3.5,20.0,45.0,1.0,73.75,NA,NA,83.5,750.0,0.0
2026-02-13 18:00:00,21.0,103.0,18.75,22.0,27.5,58.0,6.75,0.0,24.5,1.0,4.0,NA,10.0,0.0,3.75,18.0,51.5,1.0,85.25,NA,NA,80.0,749.5,0.0
2026-02-13 19:00:00,30.25,109.75,18.5,21.25,27.25,60.5,9.0,0.0,22.75,2.0,5.75,NA,5.75,8.5,7.25,16.5,57.25,1.0,83.75,NA,NA,87.25,749.0,0.0
2026-02-13 20:00:00,47.0,130.0,19.75,22.25,28.5,63.0,11.75,0.25,20.25,2.0,6.0,NA,5.0,10.0,7.75,15.25,63.0,1.0,80.0,NA,NA,90.75,749.0,0.0
2026-02-13 21:00:00,68.75,150.25,17.5,22.0,26.75,61.75,8.67,1.33,20.25,2.0,6.75,NA,5.0,10.0,8.0,14.75,66.25,1.0,80.5,NA,NA,96.5,749.0,0.0
2026-02-13 22:00:00,75.75,157.75,18.25,22.5,27.5,57.75,13.5,1.5,16.75,2.75,8.0,NA,1.5,4.75,2.75,14.0,69.5,0.75,80.75,NA,NA,100.25,748.0,0.0
2026-02-13 23:00:00,73.0,160.5,19.0,21.0,27.5,59.5,7.0,0.0,11.0,3.0,8.0,NA,1.0,4.0,2.0,13.67,70.33,0.0,81.0,NA,NA,104.67,748.0,0.0
2026-02-14 00:00:00,68.25,164.5,20.75,21.5,29.0,53.25,10.0,0.0,9.5,2.0,6.5,NA,5.75,4.75,1.75,12.75,75.0,0.0,81.0,NA,NA,99.5,748.0,0.0
2026-02-14 01:00:00,72.75,151.25,15.75,21.5,24.75,49.75,7.0,0.0,9.75,2.25,7.0,NA,6.0,6.0,1.0,12.0,77.25,0.0,81.0,NA,NA,105.75,748.0,0.0
2026-02-14 02:00:00,68.75,140.75,19.5,22.0,28.0,48.5,5.25,0.25,11.75,2.0,7.0,NA,6.0,6.0,1.0,12.0,76.0,0.0,79.0,NA,NA,101.25,748.0,0.0
2026-02-14 03:00:00,59.25,132.0,18.75,20.75,26.75,47.75,4.33,1.0,13.25,2.0,8.0,NA,8.0,1.0,3.0,11.5,79.0,0.0,79.0,NA,NA,106.0,748.0,0.0
2026-02-14 04:00:00,49.5,125.75,17.75,21.0,26.25,57.5,2.5,1.0,15.0,2.5,8.0,NA,8.0,1.0,3.0,11.75,77.75,0.0,78.25,NA,NA,104.0,748.0,0.0
2026-02-14 05:00:00,47.25,121.0,18.5,21.75,27.5,63.0,5.67,0.33,15.0,2.75,6.5,NA,7.0,0.25,5.75,11.0,79.75,0.0,75.25,NA,NA,110.25,748.0,0.0
2026-02-14 06:00:00,43.75,114.5,18.5,22.0,27.75,64.0,3.75,0.25,15.25,3.0,5.0,NA,6.0,0.0,8.0,11.0,79.75,0.0,69.0,NA,NA,109.5,748.0,0.0
2026-02-14 07:00:00,43.5,112.5,19.75,19.75,27.25,65.25,4.33,0.0,22.75,3.0,5.0,NA,6.25,0.0,8.0,12.0,76.75,0.0,51.25,NA,NA,158.0,748.0,0.0
2026-02-14 08:00:00,52.5,114.25,17.25,21.0,25.75,68.25,4.5,0.25,30.0,2.75,5.0,NA,6.25,0.0,7.75,14.0,70.75,0.25,62.0,NA,NA,201.0,748.5,0.0
2026-02-14 09:00:00,55.75,116.25,20.0,21.75,28.25,68.75,5.0,0.0,31.25,1.0,4.0,NA,10.0,0.0,3.25,17.25,62.5,0.75,71.5,NA,NA,289.25,749.25,0.0
2026-02-14 10:00:00,54.25,117.0,18.25,21.0,26.5,69.25,6.25,0.0,34.75,1.0,4.0,NA,10.0,0.0,3.25,19.75,56.5,0.75,61.0,NA,NA,328.25,750.0,0.0
2026-02-14 11:00:00,47.5,115.25,18.5,21.5,27.25,69.5,6.0,0.33,36.5,1.0,4.0,NA,9.5,0.0,4.0,21.5,51.0,1.0,60.75,NA,NA,827.75,750.5,0.0
2026-02-14 12:00:00,39.0,118.25,19.5,21.25,27.5,63.75,4.75,1.0,40.5,1.0,4.0,NA,10.0,0.0,3.5,22.75,46.75,1.0,62.25,NA,NA,712.25,751.0,0.0
2026-02-14 13:00:00,36.0,118.75,18.75,21.75,27.5,65.0,8.33,0.0,40.0,1.0,4.0,NA,9.5,0.0,3.25,23.0,45.25,1.0,71.5,NA,NA,736.0,751.0,0.0
2026-02-14 14:00:00,31.25,109.5,18.5,22.25,27.5,66.0,6.75,0.5,39.0,1.0,4.0,NA,10.0,0.0,3.5,23.0,44.25,1.0,65.75,NA,NA,590.25,751.0,0.0
2026-02-14 15:00:00,30.5,97.0,20.0,22.0,28.75,62.0,8.67,0.0,37.75,1.0,4.0,NA,10.0,0.0,3.5,23.0,44.75,1.0,63.75,NA,NA,411.25,751.0,0.0
2026-02-14 16:00:00,30.75,93.75,19.0,22.0,27.75,58.0,7.5,0.25,36.75,1.0,4.0,NA,10.0,0.0,3.25,22.0,45.0,1.0,65.25,NA,NA,210.5,751.0,0.0
2026-02-14 17:00:00,27.0,93.25,19.5,20.75,27.5,58.25,8.0,0.0,32.5,1.0,4.0,NA,10.0,0.0,3.25,20.5,48.25,1.0,80.25,NA,NA,76.5,750.0,0.0
2026-02-14 18:00:00,28.5,92.0,17.75,22.25,27.25,57.75,9.0,0.0,24.5,1.0,4.0,NA,9.75,0.0,3.5,19.0,53.75,1.0,74.5,NA,NA,72.75,750.0,0.0
2026-02-14 19:00:00,41.25,92.0,19.25,21.25,27.75,62.25,8.67,0.0,22.75,1.75,6.25,NA,5.75,8.5,7.0,17.5,58.25,1.0,84.25,NA,NA,94.5,749.25,0.0
2026-02-14 20:00:00,49.25,112.0,18.75,22.25,27.75,63.25,11.25,0.5,19.75,2.0,6.25,NA,5.0,10.0,8.0,17.0,59.75,1.0,84.0,NA,NA,98.75,749.0,0.0
2026-02-14 21:00:00,52.5,127.25,18.75,22.5,28.0,62.25,10.33,0.67,19.25,2.0,6.75,NA,5.0,10.0,8.0,16.0,60.75,1.0,82.5,NA,NA,93.5,749.0,0.0
2026-02-14 22:00:00,55.75,131.5,19.0,23.0,28.25,58.0,11.25,1.0,16.25,3.5,7.75,NA,1.5,4.75,3.0,15.5,63.5,0.5,61.5,NA,NA,91.75,749.0,0.0
2026-02-14 23:00:00,58.33,137.0,19.0,20.33,26.67,58.33,8.5,0.0,11.0,3.0,8.0,NA,1.0,4.0,2.0,14.67,67.33,0.67,157.33,NA,NA,102.33,749.0,0.0
2026-02-15 00:00:00,63.5,147.5,16.75,22.25,26.5,52.5,9.5,0.5,9.75,2.0,6.5,NA,5.5,4.75,1.75,14.0,68.0,0.5,56.75,NA,NA,101.75,748.5,0.0
2026-02-15 01:00:00,64.75,149.75,19.0,23.0,28.5,50.0,9.0,0.0,9.5,2.0,7.0,NA,6.0,6.0,1.0,14.0,68.75,0.0,52.5,NA,NA,95.25,748.0,0.0
2026-02-15 02:00:00,57.5,151.0,20.0,22.0,28.5,49.5,8.5,0.0,11.5,2.0,7.0,NA,6.0,6.0,1.0,13.25,70.5,0.0,60.5,NA,NA,97.25,748.0,0.0
2026-02-15 03:00:00,55.0,144.75,19.75,22.0,28.25,47.5,8.33,0.0,13.25,2.0,8.0,NA,8.0,1.0,3.0,13.0,72.0,0.0,92.5,NA,NA,95.75,748.0,0.0
2026-02-15 04:00:00,49.5,139.5,20.75,21.0,28.5,59.25,6.25,0.5,15.0,2.0,8.0,NA,8.0,1.0,3.0,12.75,73.75,0.0,40.5,NA,NA,93.0,748.0,0.0
2026-02-15 05:00:00,50.75,137.75,18.0,19.5,25.5,63.5,7.0,0.0,15.0,2.5,6.25,NA,7.0,0.25,5.75,12.0,76.25,0.0,35.0,NA,NA,95.25,748.0,0.0
2026-02-15 06:00:00,54.25,136.0,19.5,20.5,27.25,64.25,6.0,0.0,15.5,3.0,5.0,NA,6.25,0.0,8.0,11.75,79.25,0.0,68.75,NA,NA,104.0,748.0,0.0
2026-02-15 07:00:00,57.5,135.5,18.25,21.75,27.0,64.25,5.67,0.33,22.5,3.0,5.25,NA,6.25,0.0,8.0,13.0,77.25,0.0,48.25,NA,NA,160.5,748.0,0.0
2026-02-15 08:00:00,64.0,136.75,19.25,22.5,28.5,66.5,7.25,0.25,29.5,2.75,5.0,NA,6.25,0.0,7.75,15.0,68.5,0.25,51.5,NA,NA,202.75,749.0,0.0
2026-02-15 09:00:00,63.5,135.0,19.75,20.0,27.25,68.25,8.67,0.0,32.25,1.0,4.0,NA,10.0,0.0,3.75,17.75,62.5,1.0,66.25,NA,NA,288.5,749.5,0.0
2026-02-15 10:00:00,61.5,137.25,19.0,20.5,26.75,67.0,9.5,0.0,35.0,0.75,4.25,NA,9.75,0.0,3.75,20.5,57.75,0.75,64.75,NA,NA,366.25,750.0,0.0
2026-02-15 11:00:00,58.5,143.75,20.0,21.75,28.75,67.0,11.67,0.0,37.0,1.0,4.0,NA,9.5,0.0,3.5,22.25,51.75,1.0,50.75,NA,NA,815.75,750.75,0.0
2026-02-15 12:00:00,49.0,137.75,19.25,22.25,28.0,65.5,9.25,0.25,40.0,1.0,4.0,NA,9.75,0.0,3.25,23.0,48.0,1.0,57.0,NA,NA,709.25,751.0,0.0
2026-02-15 13:00:00,41.5,132.5,18.25,22.0,27.0,65.75,8.67,0.0,40.5,1.0,4.0,NA,9.75,0.0,3.75,24.0,45.5,1.0,50.75,NA,NA,777.0,751.0,0.0
2026-02-15 14:00:00,37.0,121.25,18.75,22.5,27.75,65.5,6.25,0.0,39.75,1.0,4.0,NA,9.75,0.0,3.25,24.0,45.0,1.0,66.0,NA,NA,595.25,751.0,0.0
2026-02-15 15:00:00,29.25,113.5,17.5,21.25,26.0,63.5,8.0,0.0,37.75,1.0,4.0,NA,9.75,0.0,3.5,24.0,46.75,1.0,71.75,NA,NA,409.75,751.0,0.0
2026-02-15 16:00:00,29.75,114.5,19.0,22.5,27.75,57.5,7.5,0.0,37.25,1.0,4.0,NA,9.75,0.0,4.0,23.0,48.25,1.0,70.0,NA,NA,204.75,751.0,0.0
2026-02-15 17:00:00,33.75,119.0,18.75,22.0,27.25,58.75,9.0,0.0,33.25,1.0,4.0,NA,9.75,0.0,3.75,21.75,51.75,1.0,87.75,NA,NA,78.0,750.5,0.0
2026-02-15 18:00:00,40.5,121.5,17.0,22.0,25.75,58.25,10.5,0.75,25.0,1.0,4.0,NA,9.75,0.0,3.75,19.5,59.5,1.0,156.75,NA,NA,81.25,750.0,0.0
2026-02-15 19:00:00,52.0,148.0,17.25,21.0,26.0,61.5,10.67,0.67,23.5,2.0,6.0,NA,5.75,8.25,7.25,18.0,64.5,1.0,156.0,NA,NA,92.25,749.75,0.0
2026-02-15 20:00:00,60.5,185.25,16.5,22.5,25.75,63.0,17.0,1.5,20.25,2.0,6.5,NA,5.0,10.0,8.0,17.25,67.75,1.0,156.75,NA,NA,97.0,749.0,0.0
2026-02-15 21:00:00,77.0,218.75,18.75,20.5,26.5,59.75,11.67,0.67,19.75,2.0,6.75,NA,5.0,10.0,7.75,16.25,72.0,1.0,158.0,NA,NA,100.25,749.0,0.0
2026-02-15 22:00:00,85.75,232.5,19.25,21.75,27.5,58.25,14.75,1.25,16.0,3.0,8.0,NA,1.75,4.75,2.75,16.0,75.0,0.75,206.25,NA,NA,99.0,749.0,0.0
2026-02-15 23:00:00,81.33,217.67,20.33,20.33,28.33,59.33,10.5,0.0,10.67,3.0,8.0,NA,1.0,4.0,2.0,15.33,77.0,1.0,352.67,NA,NA,105.67,749.0,0.0
2026-02-16 00:00:00,73.5,195.25,19.25,21.75,28.0,54.0,11.75,0.75,9.25,2.0,6.5,NA,5.75,4.75,1.75,15.0,79.0,1.0,353.0,NA,NA,106.75,749.0,0.0
2026-02-16 01:00:00,72.75,185.0,18.75,20.75,27.0,50.75,7.0,0.67,9.75,2.0,7.0,NA,6.0,6.0,1.0,14.0,90.0,0.5,353.0,NA,NA,103.0,748.25,0.0
2026-02-16 02:00:00,70.25,175.75,18.5,22.5,27.75,48.5,6.75,1.0,11.75,2.0,7.0,NA,6.0,6.0,1.0,14.0,95.0,0.25,353.5,NA,NA,110.0,748.0,0.0
2026-02-16 03:00:00,63.25,166.0,19.5,21.25,27.75,46.75,6.67,0.0,13.25,2.0,8.0,NA,7.75,1.0,3.0,13.75,95.0,0.25,354.0,NA,NA,103.75,748.0,0.0
2026-02-16 04:00:00,52.25,155.25,20.5,22.25,29.0,58.5,5.0,0.25,15.0,2.25,8.0,NA,8.0,1.0,3.0,12.5,95.0,0.0,354.0,NA,NA,104.0,748.0,0.0
2026-02-16 05:00:00,48.75,145.25,18.25,22.0,27.25,62.5,7.0,0.33,15.0,2.75,6.25,NA,7.0,0.25,5.75,12.25,95.0,0.0,353.75,NA,NA,115.25,748.0,0.0
2026-02-16 06:00:00,49.0,135.75,18.0,22.75,27.75,62.25,4.5,1.0,15.5,3.0,5.25,NA,6.0,0.0,8.0,12.0,95.0,0.0,353.0,NA,NA,118.25,748.0,0.0
2026-02-16 07:00:00,52.25,143.25,17.75,21.75,26.5,66.25,9.33,0.0,22.25,3.0,5.0,NA,6.0,0.0,8.0,13.5,93.75,0.0,210.0,NA,NA,154.5,748.5,0.0
2026-02-16 08:00:00,58.5,164.5,18.0,21.25,26.75,69.75,10.5,0.0,30.25,2.75,5.0,NA,6.25,0.0,7.75,16.25,77.0,0.5,81.75,NA,NA,182.25,749.0,0.0
2026-02-16 09:00:00,59.25,169.75,20.25,22.5,28.5,69.0,5.0,0.0,32.25,1.0,4.0,NA,9.5,0.0,3.75,19.75,63.75,1.0,77.25,NA,NA,273.5,750.0,0.0
2026-02-16 10:00:00,54.5,163.5,18.75,20.25,26.5,68.25,3.5,0.0,35.0,1.0,4.0,NA,10.0,0.0,3.5,21.25,58.5,0.75,130.25,NA,NA,416.0,750.25,0.0
2026-02-16 11:00:00,48.5,161.75,20.5,22.25,29.25,67.0,6.67,0.33,36.5,1.0,4.0,NA,10.0,0.0,4.0,22.75,54.0,0.5,58.0,NA,NA,818.5,751.0,0.0
2026-02-16 12:00:00,43.0,163.75,18.75,22.5,28.0,64.75,4.0,1.0,39.75,1.0,4.0,NA,9.5,0.0,3.75,23.75,47.25,0.75,66.25,NA,NA,731.25,751.0,0.0
2026-02-16 13:00:00,35.75,158.0,19.5,21.25,28.0,65.0,6.33,0.67,39.5,1.0,4.0,NA,9.5,0.0,3.0,24.25,42.25,1.0,62.75,NA,NA,791.0,751.0,0.0
2026-02-16 14:00:00,38.5,148.75,18.5,22.25,28.0,64.75,3.5,1.0,38.75,1.0,4.0,NA,10.0,0.0,3.75,25.0,40.5,0.25,67.0,NA,NA,629.5,751.0,0.0
2026-02-16 15:00:00,34.0,138.25,21.0,22.5,29.5,62.5,13.67,0.0,37.0,1.0,4.0,NA,10.0,0.0,3.25,24.25,38.25,1.0,77.5,NA,NA,401.5,751.0,0.0
2026-02-16 16:00:00,20.25,131.25,18.5,21.5,27.25,58.5,11.5,0.0,38.25,1.0,4.0,NA,10.0,0.0,3.5,24.0,38.25,1.0,62.0,NA,NA,213.75,751.0,0.0
2026-02-16 17:00:00,22.75,130.0,19.25,22.75,28.5,58.5,7.67,0.33,33.25,1.0,4.0,NA,9.75,0.0,3.5,22.5,39.75,1.0,83.0,NA,NA,59.25,751.0,0.0
2026-02-16 18:00:00,29.25,132.25,16.5,22.0,25.75,59.0,10.0,1.0,24.75,1.0,4.0,NA,10.0,0.0,3.75,19.75,48.25,1.0,52.0,NA,NA,72.5,750.0,0.0
2026-02-16 19:00:00,48.0,164.0,18.25,21.75,27.25,61.5,12.67,0.33,23.25,2.0,6.0,NA,5.75,8.25,7.25,17.75,56.5,1.0,45.25,NA,NA,84.0,749.5,0.0
2026-02-16 20:00:00,75.0,225.75,19.5,20.5,27.5,62.0,22.25,1.75,19.75,2.0,6.25,NA,5.0,10.0,8.0,16.75,63.25,1.0,45.5,NA,NA,85.5,749.0,0.0
2026-02-16 21:00:00,99.25,293.5,18.25,22.5,27.5,61.0,14.67,0.67,19.75,2.0,6.25,NA,5.0,10.0,7.75,16.0,67.25,1.0,45.25,NA,NA,90.5,749.0,0.0
2026-02-16 22:00:00,111.75,308.75,21.67,23.5,30.0,58.0,23.25,1.0,17.0,3.0,8.0,NA,1.5,4.75,3.0,15.0,69.75,1.0,45.75,NA,NA,92.75,749.0,0.0
2026-02-16 23:00:00,117.0,289.33,19.67,22.33,28.33,58.0,9.5,0.5,11.0,3.33,8.0,NA,1.0,4.0,2.0,15.0,74.67,1.0,46.0,NA,NA,94.67,749.0,0.0
2026-02-17 00:00:00,112.0,271.75,18.25,23.0,27.75,53.0,16.5,1.0,9.5,2.25,6.75,NA,5.75,4.75,1.75,14.0,80.25,0.5,46.0,NA,NA,97.5,748.5,0.0
2026-02-17 01:00:00,108.5,261.5,20.0,22.25,28.75,49.75,14.67,0.67,9.75,2.25,7.0,NA,6.0,6.0,1.0,13.25,83.25,0.0,46.0,NA,NA,100.25,748.0,0.0
2026-02-17 02:00:00,110.5,238.25,19.0,21.75,27.5,47.5,17.75,0.5,11.75,2.0,7.0,NA,6.0,6.0,1.0,13.0,87.25,0.0,46.0,NA,NA,102.5,748.0,0.0
2026-02-17 03:00:00,99.25,210.75,18.0,22.0,27.0,47.75,8.33,0.0,13.5,2.25,8.0,NA,8.0,1.0,3.0,13.0,95.0,0.0,46.0,NA,NA,102.5,748.0,0.0
2026-02-17 04:00:00,90.25,189.0,19.75,22.25,29.0,59.0,3.0,0.0,15.0,2.0,8.0,NA,8.0,1.0,3.0,12.0,95.0,0.0,46.0,NA,NA,104.0,748.0,0.0
2026-02-17 05:00:00,79.0,165.75,18.0,21.75,27.0,62.75,9.33,0.0,15.0,2.75,6.25,NA,7.0,0.25,5.75,12.0,95.0,0.0,46.0,NA,NA,110.75,748.0,0.0
2026-02-17 06:00:00,74.5,156.25,18.25,22.75,27.25,62.75,10.0,1.0,15.5,3.0,5.0,NA,6.0,0.0,8.0,12.0,95.0,0.0,44.25,NA,NA,121.0,748.0,0.0
2026-02-17 07:00:00,79.5,163.5,19.75,22.5,29.0,65.0,14.33,0.67,22.25,3.0,5.0,NA,6.25,0.0,8.0,14.25,89.75,0.5,53.5,NA,NA,157.0,748.5,0.0
2026-02-17 08:00:00,105.75,179.75,19.25,21.75,27.75,66.75,15.0,1.0,30.5,3.0,5.0,NA,6.5,0.0,7.75,17.0,65.25,1.0,204.0,NA,NA,189.75,749.0,0.0
2026-02-17 09:00:00,119.0,189.75,16.75,22.5,26.25,66.5,8.67,0.67,32.0,1.0,4.0,NA,9.75,0.0,3.75,19.25,58.25,1.0,222.5,NA,NA,271.5,750.0,0.0
2026-02-17 10:00:00,108.25,185.25,19.0,22.0,27.75,69.0,1.0,0.75,35.75,1.0,4.0,NA,10.0,0.0,3.5,22.0,52.5,0.5,220.25,NA,NA,439.5,750.75,0.0
2026-02-17 11:00:00,95.25,174.5,21.25,20.25,29.0,67.25,3.0,0.0,36.0,1.0,4.0,NA,10.25,0.0,3.75,23.25,44.25,0.5,241.25,NA,NA,769.75,751.0,0.0
2026-02-17 12:00:00,73.25,161.75,18.25,21.0,26.75,64.75,0.0,1.0,40.25,1.0,4.0,NA,9.75,0.0,3.5,24.5,40.25,1.0,73.5,NA,NA,683.25,751.0,0.0
2026-02-17 13:00:00,49.25,153.75,17.0,23.0,26.75,66.25,3.33,0.0,39.25,1.0,4.0,NA,10.0,0.0,3.25,24.75,40.0,0.5,98.5,NA,NA,744.0,751.0,0.0
2026-02-17 14:00:00,42.75,143.75,19.5,22.0,28.25,65.0,0.75,0.0,39.0,1.0,4.0,NA,10.0,0.0,3.25,24.5,39.75,0.75,147.25,NA,NA,571.5,751.0,0.0
2026-02-17 15:00:00,38.0,133.25,18.5,22.5,27.5,62.75,5.0,0.0,36.5,1.0,4.0,NA,9.5,0.0,3.25,24.75,40.25,0.75,108.5,NA,NA,385.75,751.0,0.0
2026-02-17 16:00:00,42.25,132.25,17.5,22.25,26.75,57.75,3.75,0.0,38.5,1.0,4.0,NA,10.0,0.0,3.25,23.75,44.5,1.0,139.5,NA,NA,182.0,751.0,0.0
2026-02-17 17:00:00,43.25,141.0,18.5,21.75,27.25,58.0,8.0,0.0,33.0,1.0,4.0,NA,10.0,0.0,3.5,22.25,46.5,1.0,186.5,NA,NA,65.75,750.75,0.0
2026-02-17 18:00:00,56.5,162.5,19.5,22.25,28.25,56.5,9.0,0.0,24.75,1.0,4.0,NA,10.0,0.0,3.75,19.0,53.0,1.0,189.0,NA,NA,75.0,750.0,0.0
2026-02-17 19:00:00,73.25,188.75,18.75,21.25,27.0,63.5,11.0,1.33,23.5,1.75,6.5,NA,5.5,8.5,7.0,18.25,59.0,1.0,189.0,NA,NA,86.0,749.5,0.0
2026-02-17 20:00:00,91.25,245.0,19.25,21.0,27.75,64.5,25.0,2.75,20.25,2.0,6.5,NA,5.0,10.0,8.0,17.0,62.75,1.0,189.0,NA,NA,87.25,749.0,0.0
2026-02-17 21:00:00,122.75,305.75,17.25,22.0,26.5,62.0,17.67,1.0,20.0,2.0,6.5,NA,5.0,10.0,7.75,16.0,66.75,1.0,191.75,NA,NA,93.5,749.0,0.0
2026-02-17 22:00:00,136.75,328.25,18.75,22.5,27.5,58.25,26.0,1.75,16.75,3.0,8.0,NA,1.75,5.0,2.75,15.75,69.75,1.0,194.5,NA,NA,96.5,749.0,0.0
2026-02-17 23:00:00,131.0,320.0,18.33,21.0,27.0,57.67,19.0,1.5,11.33,3.33,8.0,NA,1.0,4.0,2.0,15.0,75.0,1.0,194.0,NA,NA,97.0,749.0,0.0
2026-02-18 00:00:00,130.25,298.5,19.0,22.75,28.25,52.5,31.25,3.0,9.75,2.0,6.5,NA,5.75,4.75,1.75,14.25,79.0,1.0,194.0,NA,NA,100.5,749.0,0.0
2026-02-18 01:00:00,125.75,281.5,18.25,21.5,26.75,50.0,20.33,1.33,9.5,2.25,7.0,NA,6.0,6.0,1.0,13.75,87.0,0.25,194.0,NA,NA,99.25,748.0,0.0
2026-02-18 02:00:00,113.5,263.25,19.0,21.75,27.5,49.25,24.5,2.0,11.75,2.0,7.0,NA,6.0,6.0,1.0,13.75,95.0,0.0,194.0,NA,NA,106.75,748.0,0.0
2026-02-18 03:00:00,111.5,240.0,18.75,22.0,27.75,48.75,16.67,0.67,13.5,2.25,8.0,NA,8.0,1.0,3.0,13.0,95.0,0.0,194.0,NA,NA,104.25,748.0,0.0
2026-02-18 04:00:00,112.5,228.5,18.5,20.75,26.75,59.0,17.25,1.0,15.0,2.25,8.0,NA,8.0,1.0,3.0,13.0,95.0,0.0,194.0,NA,NA,109.5,748.0,0.0
2026-02-18 05:00:00,116.25,220.5,19.25,23.5,28.75,63.25,14.0,0.33,14.75,3.0,6.25,NA,7.0,0.25,5.75,12.75,95.0,0.0,194.0,NA,NA,113.25,748.0,0.0
2026-02-18 06:00:00,116.0,212.75,19.5,22.5,28.25,60.5,13.0,1.0,15.5,3.0,5.0,NA,6.0,0.0,8.0,12.0,95.0,0.0,160.25,NA,NA,123.75,748.0,0.0
2026-02-18 07:00:00,115.25,206.25,19.25,22.0,27.5,65.5,10.67,1.0,22.25,3.0,5.0,NA,6.0,0.0,8.0,13.75,89.5,0.5,114.75,NA,NA,156.75,748.5,0.0
2026-02-18 08:00:00,116.0,219.0,19.5,23.25,29.0,68.25,5.75,0.5,29.25,2.75,5.0,NA,6.5,0.0,7.75,16.0,73.0,0.5,123.5,NA,NA,204.75,749.0,0.0
2026-02-18 09:00:00,118.75,223.5,18.0,22.25,27.5,68.75,5.67,0.33,32.0,1.0,4.0,NA,10.0,0.0,3.75,19.0,59.0,0.25,152.25,NA,NA,294.25,750.0,0.0
2026-02-18 10:00:00,114.25,218.33,18.5,22.25,27.5,69.25,0.33,1.0,34.25,1.0,4.0,NA,9.75,0.0,3.5,22.0,52.5,0.5,127.25,NA,NA,439.75,750.75,0.0
2026-02-18 11:00:00,NA,NA,17.75,22.75,27.0,66.75,8.5,NA,37.25,1.0,4.0,NA,10.0,0.0,3.75,23.25,50.25,0.75,102.75,NA,NA,756.0,751.0,0.0
2026-02-18 12:00:00,NA,10.0,17.67,22.67,27.0,64.25,NA,1.67,39.25,1.0,4.0,NA,9.75,0.0,3.75,24.0,48.75,0.5,146.25,NA,NA,607.5,751.0,0.0
2026-02-18 13:00:00,51.67,53.67,NA,NA,NA,65.5,6.0,0.0,40.75,1.0,4.0,NA,9.75,0.0,3.5,24.0,48.75,0.5,167.0,NA,NA,634.5,751.0,0.0
2026-02-18 14:00:00,56.75,97.25,16.5,23.0,26.0,65.75,3.0,0.0,39.5,1.0,4.0,NA,9.75,0.0,3.5,24.0,49.25,1.0,184.5,NA,NA,498.5,751.0,0.0
2026-02-18 15:00:00,54.0,121.75,18.25,23.0,27.25,62.5,7.0,0.0,39.0,1.0,4.0,NA,10.0,0.0,4.0,24.0,47.75,0.75,160.0,NA,NA,324.75,751.0,0.0
2026-02-18 16:00:00,55.5,138.25,17.75,22.25,27.0,58.25,5.0,0.0,37.25,1.0,4.0,NA,9.75,0.0,3.75,24.0,47.25,0.75,177.5,NA,NA,165.25,751.0,0.0
2026-02-18 17:00:00,82.75,158.25,18.75,22.25,28.0,58.25,10.0,0.0,32.25,1.0,4.0,NA,9.5,0.0,3.25,22.25,51.25,1.0,111.25,NA,NA,83.5,750.75,0.0
2026-02-18 18:00:00,82.5,223.75,18.5,21.0,26.75,57.75,12.0,0.25,24.5,1.0,4.0,NA,10.0,0.0,3.5,21.0,56.0,1.0,84.25,NA,NA,97.5,750.0,0.0
2026-02-18 19:00:00,80.25,227.25,18.0,21.25,26.75,61.0,12.0,0.0,22.75,2.0,6.5,NA,5.75,8.5,7.0,20.0,65.0,0.75,71.0,NA,NA,90.25,750.0,0.0
2026-02-18 20:00:00,81.5,210.25,18.0,23.25,27.25,64.25,12.5,0.0,20.25,2.0,6.5,NA,5.0,10.0,7.75,19.0,71.0,1.0,91.75,NA,NA,96.75,750.0,0.0
2026-02-18 21:00:00,82.0,187.25,17.0,22.25,26.0,60.5,11.67,0.33,19.75,2.0,6.0,NA,5.0,10.0,8.0,18.25,74.5,0.5,79.5,NA,NA,98.75,750.0,0.0
2026-02-18 22:00:00,81.0,186.25,17.5,22.25,26.75,57.75,12.25,1.0,16.75,3.0,7.75,NA,1.5,4.75,3.0,17.5,77.5,0.25,77.5,NA,NA,102.75,749.0,0.0
2026-02-18 23:00:00,87.67,181.0,17.0,22.67,26.67,58.33,8.5,1.0,11.0,3.67,8.0,NA,1.0,4.0,2.0,17.0,79.33,0.0,81.0,NA,NA,105.33,749.0,0.0
2026-02-19 00:00:00,93.25,177.25,18.0,22.0,26.75,53.0,9.75,1.0,9.5,2.0,6.5,NA,5.25,4.75,1.75,16.25,80.25,0.75,72.5,NA,NA,113.0,749.0,0.0
2026-02-19 01:00:00,83.5,175.25,16.75,21.25,25.25,51.0,10.67,0.0,9.25,2.0,7.0,NA,6.0,6.0,1.0,16.0,77.25,0.75,78.0,NA,NA,108.75,749.0,0.0
2026-02-19 02:00:00,81.75,170.75,18.25,22.5,27.5,48.75,10.5,0.5,11.5,2.0,7.0,NA,6.0,6.0,1.0,15.25,77.25,0.5,48.5,NA,NA,130.25,749.0,0.0
2026-02-19 03:00:00,78.75,161.0,19.5,21.5,28.0,48.0,10.33,0.67,13.5,2.0,8.0,NA,8.0,1.0,3.0,15.0,75.0,0.5,67.5,NA,NA,135.5,749.0,0.0
2026-02-19 04:00:00,64.0,144.25,19.0,22.0,27.75,59.25,8.75,0.75,15.0,2.0,8.0,NA,8.0,1.0,3.0,15.0,75.25,0.0,188.0,NA,NA,131.75,749.0,0.0
2026-02-19 05:00:00,43.75,134.5,18.25,22.75,27.5,60.25,7.0,0.67,15.0,2.75,6.25,NA,7.25,0.25,5.75,15.75,75.25,0.0,127.5,NA,NA,136.75,749.0,0.0
2026-02-19 06:00:00,45.0,128.0,18.5,22.75,28.0,63.25,7.0,1.0,15.5,3.0,5.25,NA,6.0,0.0,8.0,15.0,77.75,0.0,212.25,NA,NA,136.25,749.0,0.0
2026-02-19 07:00:00,42.0,123.75,20.0,22.25,28.75,65.75,10.67,0.0,22.5,3.0,5.0,NA,6.0,0.0,8.0,15.25,77.0,0.5,69.75,NA,NA,162.5,749.0,0.0
2026-02-19 08:00:00,48.5,124.0,17.0,23.0,26.75,67.75,13.25,0.0,30.0,3.0,5.0,NA,6.5,0.0,7.75,16.5,71.5,0.0,72.5,NA,NA,247.0,749.0,0.0
2026-02-19 09:00:00,53.5,124.0,19.0,22.25,27.75,68.75,11.0,0.0,32.25,1.0,4.0,NA,9.75,0.0,3.75,17.25,67.25,0.5,80.5,NA,NA,279.25,749.25,0.0
2026-02-19 10:00:00,58.25,127.25,18.25,21.75,27.0,67.25,11.75,0.5,35.5,1.0,4.0,NA,9.0,0.0,3.5,19.5,58.0,1.0,89.75,NA,NA,461.25,749.5,0.0
2026-02-19 11:00:00,60.0,120.75,20.5,22.5,29.0,66.75,13.0,0.0,36.5,1.0,4.25,NA,10.0,0.0,3.0,22.25,50.0,0.5,147.75,NA,NA,691.75,751.0,0.0
2026-02-19 12:00:00,56.0,124.0,18.25,24.0,28.5,65.25,14.0,0.5,40.75,1.0,4.0,NA,10.0,0.0,3.5,24.0,45.75,1.0,81.0,NA,NA,665.5,751.0,0.0
2026-02-19 13:00:00,33.0,117.75,19.0,22.25,28.5,64.25,10.0,0.0,40.5,1.0,4.0,NA,9.5,0.0,4.0,24.75,45.25,0.75,82.25,NA,NA,700.25,751.0,0.0
2026-02-19 14:00:00,33.75,105.25,18.75,22.25,27.5,64.75,7.5,0.25,38.5,1.0,4.0,NA,9.75,0.0,3.5,25.0,46.0,0.25,84.0,NA,NA,521.75,751.0,0.0
2026-02-19 15:00:00,36.5,108.75,16.0,21.75,25.0,62.75,14.33,1.67,38.0,1.0,4.0,NA,10.0,0.0,3.5,25.0,45.5,0.25,85.75,NA,NA,368.25,751.0,0.0
2026-02-19 16:00:00,24.0,118.0,19.0,22.75,28.0,57.25,10.75,2.25,37.5,1.0,4.0,NA,9.75,0.0,3.5,24.25,47.5,1.0,84.5,NA,NA,188.5,751.0,0.0
2026-02-19 17:00:00,21.75,134.75,17.75,22.5,26.75,59.25,9.67,0.0,33.5,1.0,4.0,NA,9.5,0.0,3.75,23.0,52.0,1.0,77.75,NA,NA,85.5,751.0,0.0
2026-02-19 18:00:00,33.25,142.0,18.0,22.5,27.25,58.25,12.5,0.0,24.5,1.0,4.0,NA,9.75,0.0,3.5,21.5,56.0,1.0,84.5,NA,NA,80.25,750.5,0.0
2026-02-19 19:00:00,64.5,163.5,18.75,21.75,27.75,61.5,13.67,0.0,23.5,1.75,6.0,NA,5.75,8.5,7.25,20.5,59.25,1.0,87.25,NA,NA,87.5,750.0,0.0
2026-02-19 20:00:00,55.5,157.5,18.0,23.5,27.75,63.0,17.0,0.0,19.25,2.0,6.25,NA,5.0,10.0,8.0,19.75,61.75,1.0,86.75,NA,NA,98.5,750.0,0.0
2026-02-19 21:00:00,54.5,155.0,18.5,24.0,28.75,61.25,11.67,0.33,20.0,2.0,6.0,NA,5.0,10.0,8.0,19.0,63.0,1.0,90.75,NA,NA,108.25,750.0,0.0
2026-02-19 22:00:00,49.25,145.25,19.25,22.0,28.5,57.75,12.25,0.25,16.5,3.0,8.0,NA,1.75,4.75,2.75,18.25,65.75,1.0,81.25,NA,NA,99.0,749.75,0.0
2026-02-19 23:00:00,57.67,137.67,17.0,23.33,26.67,59.0,12.5,0.0,11.0,3.0,8.0,NA,1.0,4.0,2.0,17.33,70.0,1.0,97.67,NA,NA,105.67,749.0,0.0
2026-02-20 00:00:00,53.5,144.25,17.75,23.25,27.25,53.0,14.25,0.5,9.75,2.0,6.5,NA,5.75,4.75,1.75,17.0,73.0,1.0,83.75,NA,NA,107.0,749.0,0.0
2026-02-20 01:00:00,52.75,141.0,17.5,23.0,27.0,50.5,11.67,0.0,9.5,2.0,7.0,NA,6.0,6.0,1.0,16.0,76.75,1.0,64.25,NA,NA,108.75,749.0,0.0
2026-02-20 02:00:00,60.5,150.75,17.25,22.5,26.75,49.0,11.75,0.5,11.75,2.25,7.0,NA,6.0,6.0,1.0,16.0,78.25,0.75,70.0,NA,NA,102.5,749.0,0.0
2026-02-20 03:00:00,59.5,142.25,18.75,22.25,27.75,47.5,10.0,0.0,13.5,2.0,8.0,NA,8.0,1.0,3.0,15.0,79.75,0.75,70.5,NA,NA,100.75,749.0,0.0
2026-02-20 04:00:00,51.75,131.0,19.25,22.75,28.5,60.25,9.5,0.0,15.0,2.25,8.0,NA,8.0,1.0,3.0,15.0,80.25,0.25,75.5,NA,NA,105.75,749.0,0.0
2026-02-20 05:00:00,46.75,132.25,17.0,23.25,26.75,62.5,9.67,0.0,15.0,2.75,6.25,NA,7.25,0.25,5.75,14.5,80.25,0.25,92.0,NA,NA,109.0,749.0,0.0
2026-02-20 06:00:00,48.5,133.0,18.5,22.0,27.0,62.75,10.75,0.5,15.5,3.0,5.0,NA,6.25,0.0,8.0,14.25,82.0,0.0,38.0,NA,NA,107.0,748.5,0.0
2026-02-20 07:00:00,84.25,158.5,17.75,22.0,27.0,66.5,12.0,0.33,22.75,3.0,5.25,NA,6.25,0.0,8.0,15.25,77.5,0.25,97.0,NA,NA,168.5,749.0,0.0
2026-02-20 08:00:00,70.75,162.25,17.75,22.5,27.25,68.0,16.25,1.0,30.0,3.0,5.5,NA,6.5,0.0,7.75,17.5,68.0,1.0,70.75,NA,NA,213.5,749.25,0.0
2026-02-20 09:00:00,66.0,164.5,17.25,22.0,26.25,69.75,13.33,0.0,32.75,1.0,4.0,NA,10.0,0.0,3.5,20.25,59.0,1.0,62.0,NA,NA,344.75,750.0,0.0
2026-02-20 10:00:00,58.5,166.75,18.75,22.0,27.75,68.0,14.0,1.0,34.0,1.0,4.0,NA,10.0,0.0,3.5,22.5,52.75,1.0,77.0,NA,NA,474.75,750.75,0.0
2026-02-20 11:00:00,52.0,164.5,18.25,23.25,27.75,67.75,10.67,0.0,36.5,1.0,4.0,NA,9.75,0.0,3.25,24.0,48.75,1.0,82.5,NA,NA,761.75,751.0,0.0
2026-02-20 12:00:00,51.75,152.5,17.5,23.0,26.75,65.0,8.5,0.0,41.0,1.0,4.0,NA,9.75,0.0,3.5,25.25,45.5,1.0,84.75,NA,NA,653.75,751.75,0.0
2026-02-20 13:00:00,45.5,135.25,17.25,22.25,26.5,66.75,13.0,0.0,39.0,1.0,4.0,NA,9.75,0.0,3.5,26.0,44.25,1.0,74.25,NA,NA,681.0,752.0,0.0
2026-02-20 14:00:00,33.25,128.75,18.25,23.5,28.0,65.5,11.5,0.5,39.5,1.0,4.0,NA,10.0,0.0,3.5,26.0,42.5,1.0,66.0,NA,NA,577.5,752.0,0.0
2026-02-20 15:00:00,29.25,123.0,17.5,21.5,26.0,62.5,14.0,0.0,38.5,1.0,4.0,NA,10.0,0.0,3.25,26.0,42.25,1.0,81.25,NA,NA,366.0,752.0,0.0
2026-02-20 16:00:00,33.0,112.25,17.0,22.5,26.75,58.25,10.75,0.0,38.0,1.0,4.0,NA,9.75,0.0,3.75,25.25,46.0,1.0,64.75,NA,NA,201.0,751.5,0.0
2026-02-20 17:00:00,43.0,113.25,17.5,22.75,27.0,58.25,11.67,0.33,32.5,1.0,4.0,NA,10.0,0.0,3.5,24.0,49.25,1.0,66.25,NA,NA,78.25,751.0,0.0
2026-02-20 18:00:00,40.0,123.0,17.5,21.5,26.5,57.75,13.25,0.5,24.75,1.0,4.0,NA,9.75,0.0,4.0,22.25,55.25,1.0,84.5,NA,NA,79.5,751.0,0.0
2026-02-20 19:00:00,53.0,153.75,18.0,22.5,27.0,61.0,12.67,0.0,23.25,2.0,5.75,NA,5.75,8.25,7.0,20.75,59.25,1.0,90.5,NA,NA,83.25,750.0,0.0
2026-02-20 20:00:00,56.75,164.25,17.5,21.5,26.25,62.75,14.5,0.0,19.75,2.0,6.75,NA,5.0,9.75,7.75,20.0,60.25,1.0,97.25,NA,NA,85.75,750.0,0.0
2026-02-20 21:00:00,63.5,175.0,17.75,21.75,26.75,61.0,15.0,0.33,19.75,2.0,6.5,NA,5.0,10.0,8.0,19.25,62.0,1.0,58.5,NA,NA,84.5,750.0,0.0
2026-02-20 22:00:00,57.0,173.0,18.25,22.25,27.25,58.5,17.5,0.75,16.25,3.0,7.75,NA,1.5,4.75,2.75,18.5,64.0,0.75,74.5,NA,NA,84.75,750.0,0.0
2026-02-20 23:00:00,53.67,175.0,18.33,23.33,28.0,57.67,11.0,0.0,11.0,3.67,8.0,NA,1.0,4.0,2.0,17.67,68.33,1.0,54.67,NA,NA,86.67,749.0,0.0
2026-02-21 00:00:00,59.5,167.0,19.25,21.0,27.5,52.5,12.5,1.0,9.75,2.0,6.5,NA,5.5,4.75,1.75,17.0,70.75,1.0,52.25,NA,NA,88.0,749.0,0.0
2026-02-21 01:00:00,70.75,161.75,18.0,22.5,27.5,49.0,9.33,0.0,9.5,2.0,7.0,NA,6.0,6.0,1.0,16.75,72.5,0.75,88.75,NA,NA,95.25,749.0,0.0
2026-02-21 02:00:00,60.0,156.0,18.75,21.75,27.75,47.75,8.5,0.0,11.5,2.0,7.0,NA,6.0,6.0,1.0,16.0,73.5,0.5,74.75,NA,NA,95.25,749.0,0.0
2026-02-21 03:00:00,50.5,155.0,18.75,22.25,27.75,48.0,12.33,0.0,13.25,2.0,8.0,NA,8.0,1.0,3.0,15.75,74.75,0.5,76.0,NA,NA,93.0,749.0,0.0
2026-02-21 04:00:00,45.0,146.75,19.0,21.5,27.25,59.5,12.5,0.25,15.0,2.0,8.0,NA,8.0,1.0,3.0,15.25,75.0,0.5,73.0,NA,NA,92.25,749.0,0.0
2026-02-21 05:00:00,49.75,150.0,19.25,22.25,27.75,61.75,7.0,0.0,15.0,2.75,7.0,NA,7.0,0.25,5.75,15.0,77.5,0.0,70.0,NA,NA,97.0,749.0,0.0
2026-02-21 06:00:00,53.5,160.0,18.25,21.25,27.0,62.25,7.0,0.0,15.5,3.0,5.0,NA,6.0,0.0,8.0,14.0,80.25,0.25,70.25,NA,NA,102.0,749.0,0.0
2026-02-21 07:00:00,59.0,169.5,18.5,23.25,28.0,65.75,10.33,0.0,22.25,3.0,5.0,NA,6.0,0.0,8.0,15.0,77.5,0.25,55.75,NA,NA,167.25,749.0,0.0
2026-02-21 08:00:00,67.25,171.75,17.5,22.5,27.0,69.25,10.5,0.0,29.75,3.0,5.0,NA,6.25,0.0,7.75,17.25,70.75,1.0,62.25,NA,NA,214.75,749.25,0.0
2026-02-21 09:00:00,84.5,188.5,18.75,23.0,28.0,68.75,12.0,0.0,32.0,1.0,4.0,NA,10.0,0.0,3.75,19.5,65.5,0.75,72.75,NA,NA,365.5,750.0,0.0
2026-02-21 10:00:00,73.5,193.75,19.0,21.5,27.75,69.75,12.25,0.5,35.75,1.0,4.0,NA,9.0,0.0,3.25,22.0,60.25,1.0,71.5,NA,NA,468.75,750.5,0.0
2026-02-21 11:00:00,60.25,185.0,18.5,20.75,26.75,67.25,15.0,0.33,36.75,1.0,4.0,NA,9.5,0.0,3.25,23.75,53.5,1.0,68.75,NA,NA,768.75,751.0,0.0
2026-02-21 12:00:00,60.5,177.25,18.75,23.5,28.5,65.0,12.5,0.75,40.5,1.0,4.0,NA,10.0,0.0,3.5,25.0,49.5,1.0,67.5,NA,NA,646.25,751.0,0.0
2026-02-21 13:00:00,60.25,185.75,17.5,22.5,27.0,64.0,14.33,0.0,40.25,1.0,4.0,NA,9.75,0.0,3.5,25.0,47.0,1.0,65.75,NA,NA,684.75,751.0,0.0
2026-02-21 14:00:00,50.25,170.0,16.75,22.75,26.25,65.0,12.75,0.0,39.25,1.0,4.0,NA,9.25,0.0,3.25,25.0,46.25,1.0,58.25,NA,NA,565.0,751.0,0.0
2026-02-21 15:00:00,40.5,148.0,18.5,22.75,27.75,62.75,8.67,0.0,37.5,1.0,4.0,NA,9.75,0.0,3.5,24.75,47.0,1.0,61.25,NA,NA,375.0,751.0,0.0
2026-02-21 16:00:00,39.0,153.75,18.0,23.0,27.75,59.0,9.75,0.0,37.25,1.0,4.0,NA,9.75,0.0,4.0,24.0,48.0,1.0,65.0,NA,NA,202.25,751.0,0.0
2026-02-21 17:00:00,39.75,166.0,17.25,22.25,26.75,58.25,12.33,0.0,32.5,1.0,4.0,NA,9.75,0.0,4.0,22.75,50.75,1.0,65.25,NA,NA,83.75,751.0,0.0
2026-02-21 18:00:00,41.0,161.5,16.5,21.75,25.75,57.5,13.5,0.0,24.25,1.0,4.0,NA,9.75,0.0,3.75,21.25,55.25,1.0,58.75,NA,NA,68.5,750.25,0.0
2026-02-21 19:00:00,61.25,176.25,17.0,23.5,27.0,60.75,13.33,0.0,22.75,2.0,6.0,NA,5.75,8.5,7.25,20.0,61.5,1.0,63.0,NA,NA,74.5,750.0,0.0
2026-02-21 20:00:00,53.75,183.25,17.75,21.5,26.75,62.75,14.75,0.5,20.0,2.0,6.5,NA,5.0,10.0,7.75,19.5,64.0,1.0,52.5,NA,NA,78.5,750.0,0.0
2026-02-21 21:00:00,98.25,184.0,17.25,21.5,26.0,61.75,11.67,0.0,20.5,2.0,6.75,NA,5.0,10.0,7.5,19.0,63.0,1.0,45.0,NA,NA,80.25,750.0,0.0
2026-02-21 22:00:00,93.5,180.75,17.75,22.75,27.0,57.25,11.0,0.0,16.5,3.0,7.75,NA,1.75,5.0,2.75,18.0,63.0,1.0,77.75,NA,NA,81.0,750.0,0.0
2026-02-21 23:00:00,64.33,173.33,18.67,21.67,27.33,58.67,13.0,0.5,11.0,3.33,8.0,NA,1.0,4.0,2.0,17.67,64.0,0.67,59.0,NA,NA,81.67,749.0,0.0
2026-02-22 00:00:00,60.75,153.75,17.25,22.5,27.0,53.5,12.0,0.75,9.25,2.0,6.5,NA,5.75,4.75,1.75,17.0,66.25,1.0,75.25,NA,NA,91.0,749.0,0.0
2026-02-22 01:00:00,51.25,152.5,19.0,21.5,27.5,48.75,11.0,0.33,9.5,2.0,7.25,NA,5.5,6.0,1.0,16.0,68.0,1.0,57.25,NA,NA,94.75,749.0,0.0
2026-02-22 02:00:00,49.0,149.75,17.25,21.25,26.0,49.0,10.5,1.0,11.75,2.0,7.0,NA,6.0,6.0,1.0,16.0,68.5,1.0,65.0,NA,NA,92.75,749.0,0.0
2026-02-22 03:00:00,53.0,145.75,18.25,22.5,27.25,48.5,11.0,0.0,13.5,2.0,8.0,NA,8.25,1.0,3.0,15.25,71.25,0.25,81.25,NA,NA,91.0,749.0,0.0
2026-02-22 04:00:00,53.25,145.0,17.75,23.5,27.75,61.0,9.75,0.0,15.0,2.25,8.0,NA,8.0,1.0,3.0,15.0,73.5,0.5,61.25,NA,NA,93.75,749.0,0.0
2026-02-22 05:00:00,45.75,147.5,19.25,22.0,28.0,64.25,8.33,0.0,15.0,2.75,6.25,NA,6.75,0.25,5.75,14.0,75.5,0.5,52.5,NA,NA,98.75,749.0,0.0
2026-02-22 06:00:00,52.25,149.5,19.25,21.75,27.75,63.0,9.5,0.0,15.5,3.0,5.0,NA,6.0,0.0,8.0,14.0,76.75,0.25,33.5,NA,NA,100.75,749.0,0.0
2026-02-22 07:00:00,61.25,159.75,19.5,23.0,28.75,65.25,8.67,0.33,22.5,3.0,5.0,NA,6.0,0.0,8.0,15.25,74.0,1.0,52.75,NA,NA,168.75,749.0,0.0
2026-02-22 08:00:00,61.5,167.0,16.25,22.5,26.25,67.5,12.25,0.75,30.5,2.75,5.0,NA,6.5,0.0,7.75,17.5,67.5,1.0,39.0,NA,NA,210.0,749.25,0.0
2026-02-22 09:00:00,80.5,195.0,18.5,23.0,28.0,67.75,10.0,0.0,32.0,1.0,4.0,NA,10.0,0.0,3.5,20.0,62.75,1.0,62.75,NA,NA,361.75,750.0,0.0
2026-02-22 10:00:00,81.75,202.5,18.0,22.25,27.0,68.75,9.75,0.0,34.5,1.0,4.0,NA,9.75,0.0,3.25,21.75,59.25,1.0,68.5,NA,NA,381.0,750.5,0.0
2026-02-22 11:00:00,134.0,204.0,24.5,23.75,33.5,67.75,15.33,0.0,36.5,1.0,4.0,NA,10.25,0.0,3.75,23.75,53.0,1.0,41.75,NA,NA,785.75,751.0,0.0
2026-02-22 12:00:00,173.0,181.0,19.0,21.25,27.5,64.5,15.0,0.0,40.0,1.0,4.0,NA,9.75,0.0,3.5,25.0,44.75,1.0,51.5,NA,NA,697.25,751.0,0.0
2026-02-22 13:00:00,110.25,162.25,19.0,20.75,27.0,64.25,6.0,1.0,39.75,1.0,4.0,NA,9.75,0.0,3.75,25.5,42.5,1.0,55.25,NA,NA,752.0,751.75,0.0
2026-02-22 14:00:00,69.25,148.25,19.0,20.25,26.75,66.0,3.75,1.0,38.0,1.0,4.0,NA,9.5,0.0,4.0,25.5,40.5,1.0,50.0,NA,NA,601.5,752.0,0.0
2026-02-22 15:00:00,43.25,126.25,19.25,20.5,27.0,63.5,7.33,0.33,37.5,1.0,4.0,NA,9.75,0.0,3.75,25.0,40.75,1.0,66.75,NA,NA,413.75,751.25,0.0
2026-02-22 16:00:00,36.5,123.5,21.75,21.25,29.75,59.25,7.25,0.5,37.0,1.0,4.0,NA,10.0,0.0,3.75,24.5,42.5,1.0,64.75,NA,NA,216.25,751.0,0.0
2026-02-22 17:00:00,23.0,129.75,19.0,19.5,26.75,59.0,6.67,1.0,32.0,1.0,4.0,NA,9.5,0.0,3.5,23.0,45.75,1.0,62.5,NA,NA,76.75,751.0,0.0
2026-02-22 18:00:00,37.25,131.75,19.25,20.5,27.25,58.5,8.0,0.75,24.75,1.0,4.0,NA,9.75,0.0,3.75,21.5,51.0,1.0,91.5,NA,NA,75.0,750.5,0.0
2026-02-22 19:00:00,50.75,159.0,20.75,21.75,29.0,61.75,9.33,1.0,23.0,2.0,6.0,NA,5.75,8.5,7.25,20.0,56.5,1.0,93.25,NA,NA,89.0,750.0,0.0
2026-02-22 20:00:00,56.25,175.5,21.0,20.75,29.25,62.5,12.0,1.0,20.25,2.0,6.0,NA,5.0,10.0,7.75,18.75,61.0,1.0,86.25,NA,NA,96.25,750.0,0.0
2026-02-22 21:00:00,78.25,197.75,19.75,19.75,27.5,60.75,11.33,1.33,19.75,2.0,6.25,NA,5.0,10.0,8.0,17.5,67.0,1.0,83.0,NA,NA,96.0,749.0,0.0
2026-02-22 22:00:00,81.5,233.25,19.75,19.5,27.25,58.0,17.25,2.0,16.5,3.25,7.75,NA,1.5,4.75,3.0,17.0,70.5,1.0,83.0,NA,NA,97.0,749.0,0.0
2026-02-22 23:00:00,96.0,246.67,18.0,22.0,27.33,58.33,11.0,1.0,11.0,3.0,8.0,NA,1.0,4.0,2.0,16.0,72.0,1.0,83.0,NA,NA,102.0,749.0,0.0
2026-02-23 00:00:00,99.5,241.5,20.0,22.25,29.0,53.25,14.0,1.25,9.25,2.0,6.5,NA,5.5,4.75,1.75,15.5,77.25,1.0,83.0,NA,NA,100.75,749.0,0.0
2026-02-23 01:00:00,84.25,232.75,20.0,19.5,27.0,50.5,9.67,1.33,9.75,2.0,7.0,NA,6.0,6.0,1.0,15.0,77.75,1.0,83.25,NA,NA,99.25,749.0,0.0
2026-02-23 02:00:00,73.75,222.75,20.0,19.75,27.5,49.0,9.25,1.25,11.75,2.25,7.0,NA,6.0,6.0,1.0,15.0,80.5,1.0,84.0,NA,NA,103.25,749.0,0.0
2026-02-23 03:00:00,67.25,203.0,18.75,20.5,26.75,48.0,6.67,1.0,13.5,2.5,8.0,NA,8.0,1.0,3.0,14.25,93.0,1.0,84.0,NA,NA,102.75,748.75,0.0
2026-02-23 04:00:00,64.25,203.0,20.5,20.25,28.25,58.75,7.0,1.0,15.0,2.0,8.0,NA,8.0,1.0,3.0,14.0,95.0,0.75,84.0,NA,NA,108.5,748.0,0.0
2026-02-23 05:00:00,78.75,206.5,18.25,21.25,27.0,62.25,11.0,0.0,15.0,2.5,6.25,NA,6.75,0.25,5.75,14.0,95.0,0.0,84.0,NA,NA,113.0,748.0,0.0
2026-02-23 06:00:00,82.0,203.75,19.5,21.0,27.5,63.5,13.0,0.0,15.5,3.0,5.0,NA,6.0,0.0,8.0,13.75,95.0,0.0,84.0,NA,NA,122.75,748.0,0.0
2026-02-23 07:00:00,84.5,207.75,20.25,21.5,28.25,65.75,14.33,1.0,22.5,3.0,5.0,NA,6.0,0.0,8.0,15.5,89.75,0.75,70.25,NA,NA,179.0,748.75,0.0
2026-02-23 08:00:00,94.75,236.0,19.5,21.5,28.0,69.25,22.5,1.0,30.5,3.0,5.25,NA,6.75,0.0,7.75,18.25,68.75,1.0,188.25,NA,NA,219.75,749.5,0.0
2026-02-23 09:00:00,93.75,250.25,19.5,19.5,27.0,69.0,9.0,0.0,32.0,1.0,4.0,NA,9.75,0.0,3.75,20.75,58.75,0.75,180.75,NA,NA,359.0,750.25,0.0
2026-02-23 10:00:00,85.75,242.25,19.0,20.0,27.0,67.5,1.5,0.5,35.0,1.0,4.0,NA,10.0,0.0,3.75,23.25,49.75,0.5,120.5,NA,NA,377.5,751.0,0.0
2026-02-23 11:00:00,76.75,219.5,17.25,21.0,25.75,67.0,7.67,0.67,37.0,1.0,4.0,NA,10.0,0.0,3.75,24.5,45.0,0.5,109.75,NA,NA,727.0,751.0,0.0
2026-02-23 12:00:00,69.5,197.75,21.0,20.25,28.25,64.25,1.33,1.0,39.75,1.0,4.0,NA,9.75,0.0,3.5,25.0,44.5,0.75,48.0,NA,NA,689.0,751.25,0.0
2026-02-23 13:00:00,62.5,197.25,18.75,21.25,27.25,66.25,4.33,1.0,39.5,1.0,4.0,NA,10.0,0.0,3.0,25.25,44.5,0.5,130.5,NA,NA,721.75,751.5,0.0
2026-02-23 14:00:00,48.75,179.25,20.75,21.0,29.0,65.5,1.0,1.0,38.5,1.0,4.0,NA,9.75,0.0,3.5,25.25,44.0,1.0,49.0,NA,NA,582.25,752.0,0.0
2026-02-23 15:00:00,42.75,152.0,21.0,21.5,29.0,62.25,2.33,1.0,37.25,1.0,4.0,NA,10.0,0.0,3.5,25.0,44.0,1.0,47.75,NA,NA,405.0,751.25,0.0
2026-02-23 16:00:00,34.75,155.25,19.0,20.0,26.75,58.0,0.5,1.0,37.75,1.0,4.0,NA,10.0,0.0,3.75,24.75,45.75,0.75,141.25,NA,NA,207.0,751.0,0.0
2026-02-23 17:00:00,34.0,164.25,21.5,22.0,29.5,57.0,9.33,0.67,32.25,1.0,4.0,NA,9.75,0.0,3.25,23.5,47.0,1.0,50.25,NA,NA,80.0,751.0,0.0
2026-02-23 18:00:00,67.5,197.25,19.75,20.25,27.25,58.25,9.5,1.0,24.75,1.0,4.0,NA,9.5,0.0,3.75,21.5,53.5,1.0,54.0,NA,NA,80.5,750.5,0.0
2026-02-23 19:00:00,81.5,207.25,17.5,21.0,26.25,62.0,11.0,1.0,23.5,2.0,6.0,NA,5.75,8.5,7.25,19.5,61.25,1.0,77.0,NA,NA,84.0,750.0,0.0
2026-02-23 20:00:00,79.75,264.5,19.5,21.0,27.75,63.0,18.25,2.0,20.5,2.0,6.5,NA,5.0,10.0,8.0,18.75,65.5,1.0,77.75,NA,NA,93.0,750.0,0.0
2026-02-23 21:00:00,93.0,303.25,18.75,20.5,26.75,60.75,14.33,0.33,19.75,2.0,6.25,NA,5.0,10.0,8.0,18.0,69.25,1.0,77.0,NA,NA,95.5,749.5,0.0
2026-02-23 22:00:00,96.0,328.75,19.75,19.75,27.25,58.0,26.5,0.75,16.25,3.25,7.75,NA,1.5,4.75,2.75,17.5,71.0,1.0,77.0,NA,NA,102.75,749.0,0.0
2026-02-23 23:00:00,105.0,320.67,20.0,21.0,28.0,58.67,11.5,1.0,11.0,3.33,8.33,NA,1.0,4.0,2.0,17.0,73.67,1.0,77.0,NA,NA,104.33,749.0,0.0
2026-02-24 00:00:00,98.25,305.5,18.25,21.0,26.5,53.0,13.25,1.0,9.0,2.0,6.5,NA,5.5,4.75,1.75,16.25,77.25,1.0,77.0,NA,NA,108.75,749.0,0.0
2026-02-24 01:00:00,97.75,293.25,22.25,19.75,29.5,49.75,10.0,1.0,9.5,2.0,7.0,NA,6.0,6.0,1.0,16.0,83.5,1.0,77.0,NA,NA,106.75,749.0,0.0
2026-02-24 02:00:00,93.0,270.5,21.75,20.25,29.0,47.75,14.5,1.75,11.75,2.25,7.0,NA,6.0,6.0,1.0,15.75,94.75,1.0,77.25,NA,NA,108.25,749.0,0.0
2026-02-24 03:00:00,93.75,252.75,20.5,21.25,28.75,46.25,15.33,0.67,13.5,2.0,8.0,NA,8.0,1.0,3.0,15.0,95.0,1.0,77.25,NA,NA,109.5,749.0,0.0
2026-02-24 04:00:00,84.25,243.5,18.75,20.25,26.25,60.75,21.25,1.0,15.0,2.0,8.0,NA,8.0,1.0,3.0,15.0,95.0,1.0,78.0,NA,NA,113.0,749.0,0.0
2026-02-24 05:00:00,84.5,244.5,19.75,20.25,27.25,61.75,14.33,0.67,15.0,2.75,6.75,NA,6.75,0.25,5.75,15.0,95.0,1.0,77.5,NA,NA,117.25,749.0,0.0
2026-02-24 06:00:00,98.75,252.25,18.75,21.5,27.5,63.5,18.0,1.0,15.5,3.0,5.5,NA,6.0,0.0,8.0,14.5,95.0,1.0,78.0,NA,NA,124.0,749.0,0.0
2026-02-24 07:00:00,105.25,271.25,19.5,21.0,27.75,67.25,16.67,0.0,22.0,3.0,5.0,NA,6.0,0.0,8.0,16.25,89.25,0.75,178.5,NA,NA,176.75,749.0,0.0
2026-02-24 08:00:00,118.25,281.5,17.75,20.5,26.0,68.0,13.75,0.25,29.5,2.75,5.0,NA,6.25,0.0,7.75,18.75,70.75,1.0,289.5,NA,NA,226.0,749.75,0.0
2026-02-24 09:00:00,127.5,302.0,19.75,21.75,28.5,69.0,2.0,0.33,32.0,1.0,4.0,NA,9.5,0.0,3.75,21.75,59.25,1.0,73.75,NA,NA,363.0,750.5,0.0
2026-02-24 10:00:00,107.0,276.5,21.0,21.5,29.25,67.25,NA,0.5,34.5,1.0,4.0,NA,9.75,0.0,3.0,23.5,54.0,0.5,245.75,NA,NA,382.75,751.0,0.0
2026-02-24 11:00:00,90.5,243.75,20.75,21.25,29.0,66.5,3.0,0.33,37.5,1.0,4.0,NA,9.75,0.0,4.0,24.75,49.5,0.25,136.75,NA,NA,677.5,751.25,0.0
2026-02-24 12:00:00,72.5,210.25,19.25,20.0,26.75,65.5,NA,0.75,40.25,1.0,4.0,NA,10.0,0.0,3.75,25.0,47.0,0.5,107.75,NA,NA,623.75,751.0,0.0
2026-02-24 13:00:00,55.0,179.25,18.75,20.25,26.75,65.0,2.67,1.67,39.5,1.0,4.0,NA,10.0,0.0,3.25,25.75,44.75,0.75,89.0,NA,NA,675.75,752.0,0.0
2026-02-24 14:00:00,42.25,159.25,20.5,20.5,28.25,64.75,0.5,2.0,38.5,1.0,4.0,NA,9.75,0.0,3.75,26.0,42.5,1.0,73.5,NA,NA,569.25,752.0,0.0
2026-02-24 15:00:00,40.0,137.25,18.25,21.25,27.0,63.25,9.33,0.33,39.0,1.0,4.0,NA,10.0,0.0,3.75,26.0,41.25,1.0,78.75,NA,NA,358.5,752.0,0.0
2026-02-24 16:00:00,40.75,127.25,20.0,19.25,27.25,58.5,5.75,0.75,38.25,1.0,4.0,NA,9.75,0.0,3.5,25.25,38.75,1.0,66.25,NA,NA,199.5,751.5,0.0
2026-02-24 17:00:00,31.25,123.5,19.25,20.75,27.5,58.0,6.33,0.0,32.5,1.0,4.0,NA,10.0,0.0,3.5,24.0,42.0,1.0,83.0,NA,NA,77.0,751.0,0.0
2026-02-24 18:00:00,36.5,132.75,19.75,21.0,28.25,57.5,6.75,0.0,25.75,1.0,4.0,NA,9.75,0.0,3.75,21.5,50.0,1.0,85.5,NA,NA,76.75,750.5,0.0
2026-02-24 19:00:00,45.5,179.25,20.75,19.75,28.0,62.5,13.67,0.67,23.0,2.0,6.0,NA,5.75,8.5,6.75,19.75,56.5,1.0,79.0,NA,NA,91.75,750.0,0.0
2026-02-24 20:00:00,68.25,223.25,20.25,20.25,27.75,62.75,21.5,1.5,20.5,2.0,6.5,NA,5.0,9.75,8.0,19.0,61.25,1.0,79.0,NA,NA,101.75,750.0,0.0
2026-02-24 21:00:00,93.25,280.25,20.75,20.25,28.25,61.0,16.33,0.67,20.75,2.0,6.0,NA,5.0,9.75,8.0,18.5,64.5,1.0,79.0,NA,NA,102.25,750.0,0.0
2026-02-24 22:00:00,111.75,344.5,18.75,20.25,26.5,58.25,28.0,1.25,16.5,3.0,7.75,NA,1.75,4.75,2.75,18.0,65.75,1.0,79.0,NA,NA,107.0,750.0,0.0
2026-02-24 23:00:00,121.0,339.33,15.67,20.67,24.0,58.0,13.5,1.0,11.0,3.0,8.0,NA,1.0,4.0,2.0,18.0,65.33,1.0,79.0,NA,NA,107.67,749.67,0.0
2026-02-25 00:00:00,109.25,293.0,21.0,22.0,29.5,52.75,11.25,1.0,9.25,2.0,6.5,NA,5.5,4.75,1.75,17.0,68.5,1.0,79.0,NA,NA,108.75,749.0,0.0
2026-02-25 01:00:00,109.25,248.0,13.5,22.5,23.25,49.75,12.33,1.0,9.5,2.0,7.0,NA,6.0,5.75,1.0,16.0,72.5,1.0,79.0,NA,NA,108.5,749.0,0.0
2026-02-25 02:00:00,92.75,224.5,17.75,22.25,27.25,48.75,11.0,2.0,11.75,2.25,7.0,NA,6.0,6.0,1.0,16.0,74.25,1.0,79.75,NA,NA,112.75,749.0,0.0
2026-02-25 03:00:00,82.5,205.5,18.5,22.75,28.0,49.0,11.67,0.33,13.5,2.5,8.0,NA,8.0,1.0,3.0,16.0,73.0,1.0,79.5,NA,NA,119.5,749.0,0.0
2026-02-25 04:00:00,80.25,199.75,18.25,21.75,27.0,59.25,9.0,0.75,15.0,2.0,8.25,NA,8.0,1.0,3.0,16.0,72.75,1.0,84.0,NA,NA,115.25,749.0,0.0
2026-02-25 05:00:00,80.0,190.0,18.5,23.0,27.75,62.75,14.33,0.0,15.0,2.75,6.25,NA,7.0,0.25,5.75,15.0,75.25,1.0,86.25,NA,NA,114.0,749.0,0.0
2026-02-25 06:00:00,74.25,184.0,16.75,22.5,26.25,62.75,8.25,0.5,15.5,3.0,5.0,NA,6.0,0.0,8.0,15.0,77.5,1.0,77.0,NA,NA,115.25,749.0,0.0
2026-02-25 07:00:00,73.75,222.5,17.75,22.0,27.0,65.0,10.0,0.67,22.25,3.0,5.25,NA,6.5,0.0,8.0,16.5,72.5,1.0,48.5,NA,NA,182.25,749.0,0.0
2026-02-25 08:00:00,75.75,226.25,18.5,23.75,28.25,68.25,11.0,0.5,29.5,3.0,5.0,NA,6.5,0.0,7.75,19.25,63.75,1.0,76.0,NA,NA,213.75,750.0,0.0
2026-02-25 09:00:00,76.0,235.75,19.0,23.25,28.5,68.0,13.67,0.0,31.75,1.0,4.0,NA,9.75,0.0,3.5,21.5,60.5,1.0,75.25,NA,NA,401.25,750.5,0.0
2026-02-25 10:00:00,77.0,229.75,17.75,23.25,27.75,67.75,11.5,0.0,35.0,1.0,4.0,NA,9.75,0.0,3.75,23.5,56.0,1.0,81.25,NA,NA,401.75,751.0,0.0
2026-02-25 11:00:00,72.75,210.75,17.5,21.75,26.0,67.75,11.33,0.67,37.75,1.0,4.0,NA,9.75,0.0,3.5,25.0,51.0,1.0,60.0,NA,NA,738.25,751.25,0.0
2026-02-25 12:00:00,54.0,198.75,17.75,23.0,27.25,64.5,8.75,0.25,40.25,1.0,4.0,NA,9.75,0.0,3.25,26.0,43.0,0.5,49.0,NA,NA,713.25,752.0,0.0
2026-02-25 13:00:00,51.5,185.5,18.0,22.5,27.25,65.25,16.0,0.33,39.75,1.0,4.0,NA,9.75,0.0,3.75,27.0,37.5,1.0,61.75,NA,NA,749.5,752.0,0.0
2026-02-25 14:00:00,43.0,174.0,17.0,23.25,27.0,65.25,13.5,0.75,39.75,1.0,4.0,NA,10.0,0.0,3.5,26.75,38.25,1.0,67.5,NA,NA,582.75,752.0,0.0
2026-02-25 15:00:00,43.5,165.5,17.5,23.25,27.0,61.75,11.67,0.0,37.25,1.0,4.0,NA,9.75,0.0,3.25,26.0,38.5,1.0,68.25,NA,NA,383.75,752.0,0.0
2026-02-25 16:00:00,38.25,158.25,24.25,23.25,33.0,58.0,5.0,0.0,37.75,1.0,4.0,NA,10.0,0.0,3.25,25.75,37.75,1.0,66.25,NA,NA,219.5,752.0,0.0
2026-02-25 17:00:00,37.0,153.0,14.25,21.0,23.0,59.0,15.0,1.33,32.25,1.0,4.0,NA,9.5,0.0,3.5,24.25,41.25,1.0,77.5,NA,NA,68.25,751.0,0.0
2026-02-25 18:00:00,42.0,158.5,17.75,22.25,26.5,59.0,17.5,2.5,25.0,1.0,4.0,NA,9.75,0.0,3.25,22.25,46.25,1.0,91.25,NA,NA,74.75,750.75,0.0
2026-02-25 19:00:00,57.75,190.25,17.25,23.5,27.0,61.25,14.33,0.0,23.25,2.0,6.0,NA,5.5,8.5,7.25,21.0,51.5,1.0,85.0,NA,NA,93.25,750.0,0.0
2026-02-25 20:00:00,61.75,207.5,18.25,22.75,27.75,64.5,17.75,1.0,19.25,2.0,6.0,NA,5.0,9.75,7.75,20.0,54.0,1.0,76.5,NA,NA,93.5,750.0,0.0
2026-02-25 21:00:00,76.0,240.25,26.25,22.0,33.5,60.0,18.0,0.0,19.75,2.0,6.5,NA,5.0,10.0,8.0,19.25,56.0,1.0,63.25,NA,NA,82.5,750.0,0.0
2026-02-25 22:00:00,92.0,240.5,24.75,22.0,32.5,57.0,30.5,0.25,16.5,3.25,7.75,NA,1.5,4.75,2.75,18.25,61.5,1.0,101.5,NA,NA,89.0,749.5,0.0
2026-02-25 23:00:00,113.0,236.0,22.67,20.0,30.0,58.0,7.5,0.5,11.0,3.0,8.0,NA,1.0,4.0,2.0,18.0,61.67,0.67,102.0,NA,NA,98.33,749.33,0.0
2026-02-26 00:00:00,100.33,224.33,10.33,19.67,17.67,53.67,12.0,0.67,9.67,2.0,6.67,NA,5.33,5.0,1.67,17.0,66.0,1.0,66.33,NA,NA,97.0,749.0,0.0
2026-02-26 01:00:00,76.0,218.5,16.5,21.75,25.5,49.75,10.67,0.67,9.5,2.0,7.0,NA,6.0,6.0,1.0,15.75,69.25,1.0,73.75,NA,NA,93.0,749.0,0.0
2026-02-26 02:00:00,77.75,215.5,17.25,23.5,27.25,48.75,11.25,1.25,11.0,2.0,7.0,NA,6.0,6.0,1.0,16.0,69.0,1.0,63.5,NA,NA,101.5,749.0,0.0
2026-02-26 03:00:00,73.25,204.25,19.0,23.5,28.25,48.25,12.67,0.0,13.75,2.25,8.0,NA,8.0,1.0,3.0,15.25,67.75,1.0,52.25,NA,NA,90.75,749.0,0.0
2026-02-26 04:00:00,62.25,187.25,18.5,23.0,27.5,59.5,12.0,0.0,15.0,2.25,8.0,NA,8.0,1.0,3.0,15.0,67.75,0.75,52.5,NA,NA,84.5,749.0,0.0
2026-02-26 05:00:00,57.5,179.25,18.25,23.25,28.25,63.0,11.33,1.0,15.0,2.75,6.25,NA,7.25,0.25,5.75,15.0,69.25,0.25,39.25,NA,NA,83.5,749.0,0.0
2026-02-26 06:00:00,63.5,183.75,17.5,23.25,27.25,64.5,10.75,1.0,15.5,3.0,5.0,NA,6.25,0.0,8.0,14.25,69.0,0.25,44.25,NA,NA,94.5,749.0,0.0
2026-02-26 07:00:00,73.0,185.75,18.5,23.25,28.25,64.0,9.67,0.33,22.0,3.0,5.0,NA,6.0,0.0,8.0,15.5,66.75,0.5,56.25,NA,NA,176.5,749.0,0.0
2026-02-26 08:00:00,77.5,195.0,17.25,22.0,26.5,69.75,11.0,0.75,29.5,2.75,5.0,NA,6.25,0.0,7.75,17.5,61.75,1.0,47.75,NA,NA,211.25,749.5,0.0
2026-02-26 09:00:00,78.75,207.0,18.0,21.75,27.0,68.25,10.0,0.0,32.5,1.0,4.0,NA,10.0,0.0,3.5,20.25,58.75,1.0,51.25,NA,NA,411.0,750.0,0.0
2026-02-26 10:00:00,79.75,218.0,17.25,23.75,27.5,66.75,10.75,0.0,34.25,1.0,4.0,NA,10.0,0.0,3.5,23.0,53.75,1.0,54.75,NA,NA,402.5,751.0,0.0
2026-02-26 11:00:00,73.5,201.75,18.75,22.5,27.5,67.75,11.67,0.33,36.5,1.0,4.0,NA,10.0,0.0,4.0,24.5,46.75,1.0,55.0,NA,NA,718.5,751.0,0.0
2026-02-26 12:00:00,59.75,205.5,17.5,22.5,26.75,65.25,10.0,1.0,40.0,1.0,4.0,NA,9.75,0.0,3.5,25.5,41.0,1.0,55.0,NA,NA,726.5,752.0,0.0
2026-02-26 13:00:00,65.25,207.75,17.75,23.0,27.5,66.0,12.33,0.67,40.0,1.0,4.0,NA,9.75,0.0,3.5,26.0,38.5,1.0,60.5,NA,NA,765.25,752.0,0.0
2026-02-26 14:00:00,51.5,185.75,16.75,22.5,26.25,64.25,10.25,1.0,39.0,1.0,4.0,NA,9.75,0.0,3.5,26.5,36.25,1.0,61.25,NA,NA,603.0,752.0,0.0
2026-02-26 15:00:00,36.75,172.0,16.75,22.5,26.25,64.25,13.33,0.0,36.25,1.0,4.0,NA,9.0,0.0,3.25,26.0,36.0,1.0,63.75,NA,NA,424.25,752.0,0.0
2026-02-26 16:00:00,44.75,152.0,17.75,22.25,27.25,58.0,16.25,0.0,36.75,1.0,4.0,NA,9.5,0.0,3.5,25.75,36.5,1.0,50.75,NA,NA,225.0,752.0,0.0
2026-02-26 17:00:00,43.0,159.5,17.5,23.75,27.5,57.25,16.0,0.0,31.75,1.0,4.0,NA,9.75,0.0,3.25,24.5,40.0,1.0,50.25,NA,NA,72.75,751.0,0.0
2026-02-26 18:00:00,51.0,170.25,18.75,23.75,28.5,59.0,17.75,0.0,24.75,1.0,4.0,NA,10.0,0.0,3.75,22.75,47.25,1.0,59.0,NA,NA,57.25,751.0,0.0
2026-02-26 19:00:00,74.25,182.0,29.75,23.5,37.25,61.75,29.0,0.0,23.0,2.0,6.25,NA,5.75,8.5,7.25,21.75,48.0,1.0,62.5,NA,NA,57.25,750.75,0.0
2026-02-26 20:00:00,75.75,196.25,24.5,21.5,31.75,62.0,49.75,0.0,20.25,2.0,6.25,NA,5.0,10.0,8.0,20.75,48.0,1.0,52.25,NA,NA,60.25,750.0,0.0
2026-02-26 21:00:00,102.75,209.5,8.5,18.25,15.25,61.75,0.0,1.0,20.25,2.0,6.5,NA,5.0,10.0,8.0,19.75,50.0,1.0,62.75,NA,NA,74.25,750.0,0.0
2026-02-26 22:00:00,97.5,214.5,17.0,23.5,26.75,58.25,NA,1.75,16.25,3.0,8.0,NA,1.5,4.75,2.75,18.5,52.5,1.0,61.0,NA,NA,87.0,750.0,0.0
2026-02-26 23:00:00,89.0,214.33,17.67,22.0,26.67,58.0,15.0,0.0,11.0,3.0,8.33,NA,1.0,4.0,2.0,18.0,53.0,1.0,49.33,NA,NA,94.33,749.33,0.0
2026-02-27 00:00:00,65.75,205.75,18.0,22.5,27.0,52.25,18.25,0.5,9.0,2.0,6.5,NA,5.5,4.75,1.75,17.25,56.0,1.0,40.5,NA,NA,96.0,749.0,0.0
2026-02-27 01:00:00,51.25,183.5,17.25,23.5,27.25,51.75,13.67,0.0,9.75,2.0,7.0,NA,6.0,6.0,1.0,17.0,61.25,1.0,50.25,NA,NA,97.5,749.0,0.0
2026-02-27 02:00:00,64.5,182.25,17.5,22.75,27.0,47.0,11.75,0.0,11.75,2.0,7.25,NA,6.0,6.0,1.0,16.25,64.75,1.0,59.5,NA,NA,80.0,749.0,0.0
2026-02-27 03:00:00,51.33,178.67,17.33,22.67,26.67,49.0,5.0,0.0,13.67,2.0,8.0,NA,8.0,1.0,3.0,15.67,65.33,1.0,52.33,NA,NA,81.67,749.0,0.0
2026-02-27 04:00:00,52.5,169.5,20.25,22.25,29.0,58.25,2.25,0.0,15.0,2.0,8.0,NA,8.0,1.0,3.0,15.0,65.5,1.0,59.5,NA,NA,96.75,749.0,0.0
2026-02-27 05:00:00,58.75,194.25,17.0,23.75,27.25,64.0,12.0,0.0,15.0,2.5,6.5,NA,6.75,0.25,5.75,15.0,64.75,0.75,65.25,NA,NA,96.75,749.0,0.0
2026-02-27 06:00:00,72.25,203.25,18.0,23.25,27.5,63.5,12.25,0.0,15.5,3.0,5.0,NA,6.0,0.0,8.0,15.0,64.25,1.0,39.5,NA,NA,99.25,749.0,0.0
2026-02-27 07:00:00,67.75,199.0,18.0,22.75,27.5,64.5,10.33,0.0,22.25,3.0,5.0,NA,6.0,0.0,8.0,16.5,61.0,0.75,47.0,NA,NA,183.0,749.0,0.0
2026-02-27 08:00:00,73.25,221.0,17.5,22.75,26.75,68.5,13.5,0.0,29.5,3.0,5.0,NA,6.25,0.0,7.75,18.75,55.75,1.0,49.25,NA,NA,218.0,750.0,0.0
2026-02-27 09:00:00,97.75,223.5,18.5,22.75,27.5,68.25,13.33,0.0,32.0,1.0,4.0,NA,9.25,0.0,3.5,21.25,53.75,1.0,61.75,NA,NA,431.5,750.5,0.0
2026-02-27 10:00:00,100.75,228.75,16.5,22.5,26.0,68.5,12.5,0.0,35.0,1.0,4.0,NA,9.75,0.0,3.75,23.75,51.5,1.0,44.75,NA,NA,420.75,751.0,0.0
2026-02-27 11:00:00,83.75,233.25,16.75,22.0,25.5,69.0,13.0,0.33,36.75,1.0,4.0,NA,9.5,0.0,3.5,25.5,46.25,1.0,44.75,NA,NA,720.5,751.75,0.0
2026-02-27 12:00:00,56.25,205.25,18.25,23.25,28.0,65.75,10.75,1.0,40.5,1.0,4.0,NA,10.0,0.0,3.5,26.5,41.0,1.0,58.0,NA,NA,735.0,752.0,0.0
2026-02-27 13:00:00,54.25,185.0,18.0,22.75,27.25,65.75,12.0,0.67,39.75,1.0,4.0,NA,9.75,0.0,4.0,27.0,37.5,1.0,53.5,NA,NA,761.5,752.0,0.0
2026-02-27 14:00:00,45.0,178.5,17.25,23.0,27.0,66.25,11.25,1.0,39.5,1.0,4.0,NA,10.0,0.0,3.75,27.0,38.75,1.0,53.5,NA,NA,617.25,752.0,0.0
2026-02-27 15:00:00,NA,NA,17.0,23.75,27.0,64.0,NA,NA,37.25,1.0,4.0,NA,9.5,0.0,4.0,27.0,38.5,1.0,60.75,NA,NA,425.25,752.0,0.0
2026-02-27 16:00:00,NA,40.0,17.5,23.0,26.5,57.5,1.0,0.25,36.75,1.0,4.0,NA,9.75,0.0,3.0,26.5,37.5,1.0,65.75,NA,NA,224.0,752.0,0.0
2026-02-27 17:00:00,30.0,68.0,NA,NA,NA,59.0,10.33,0.0,39.5,1.0,4.0,NA,10.0,0.0,3.75,25.0,40.5,1.0,61.5,NA,NA,74.0,751.5,0.0
2026-02-27 18:00:00,41.75,127.25,NA,NA,NA,58.75,9.25,0.25,NA,1.0,4.0,NA,9.5,0.0,3.5,23.0,44.75,1.0,48.5,NA,NA,67.75,751.0,0.0
2026-02-27 19:00:00,56.0,168.75,NA,NA,NA,62.25,16.33,0.0,NA,2.0,5.75,NA,5.75,8.5,7.25,21.0,50.75,1.0,63.5,NA,NA,79.25,750.25,0.0
2026-02-27 20:00:00,72.75,307.0,20.5,21.75,29.0,63.0,22.25,1.0,20.25,2.0,6.25,NA,5.0,9.75,8.0,19.5,56.75,1.0,64.0,NA,NA,85.75,750.0,0.0
2026-02-27 21:00:00,99.25,409.25,23.25,22.5,31.5,61.25,24.67,0.0,20.25,2.0,6.75,NA,5.0,10.0,7.75,19.0,60.25,1.0,64.0,NA,NA,94.0,750.0,0.0
2026-02-27 22:00:00,132.5,379.25,23.25,20.0,30.25,58.5,48.5,0.25,16.5,2.75,8.0,NA,1.75,5.0,3.0,18.25,61.5,1.0,64.0,NA,NA,98.75,750.0,0.0
2026-02-27 23:00:00,146.33,337.67,23.0,18.33,29.0,57.33,20.5,1.0,11.0,3.33,8.33,NA,1.0,4.0,2.0,18.0,64.0,1.0,64.0,NA,NA,100.33,749.33,0.0
2026-02-28 00:00:00,131.5,287.75,19.0,19.0,26.25,53.5,30.5,2.0,9.5,2.0,6.25,NA,5.75,4.75,1.75,17.5,64.75,0.75,135.25,NA,NA,96.5,749.0,0.0
2026-02-28 01:00:00,122.25,252.5,10.25,18.75,18.75,50.75,1.0,0.0,9.75,2.0,7.0,NA,6.0,6.0,1.0,16.5,64.0,1.0,165.0,NA,NA,96.0,749.0,0.0
2026-02-28 02:00:00,101.25,193.0,19.0,21.25,27.25,47.75,NA,0.0,11.75,2.0,7.25,NA,6.0,6.0,1.0,16.0,67.5,1.0,160.25,NA,NA,104.25,749.0,0.0
2026-02-28 03:00:00,87.5,176.5,17.0,21.75,26.5,47.25,6.67,0.0,13.5,2.0,8.0,NA,8.0,1.0,3.0,15.5,70.5,1.0,158.0,NA,NA,107.75,749.0,0.0
2026-02-28 04:00:00,73.5,173.5,19.0,21.25,27.25,60.5,6.5,0.25,15.0,2.25,8.0,NA,8.0,1.0,3.0,15.25,71.75,1.0,163.75,NA,NA,106.5,749.0,0.0
2026-02-28 05:00:00,66.75,192.0,17.75,24.0,28.25,65.25,8.67,0.0,15.0,2.75,6.5,NA,7.25,0.25,5.75,15.0,75.5,1.0,156.0,NA,NA,107.5,749.0,0.0
2026-02-28 06:00:00,68.0,206.75,19.0,21.75,27.75,61.75,8.0,0.0,15.5,3.0,5.0,NA,6.25,0.0,8.0,15.0,75.0,1.0,158.5,NA,NA,122.25,749.0,0.0
2026-02-28 07:00:00,75.25,225.75,20.0,21.75,28.75,66.5,11.0,0.67,23.0,3.0,5.0,NA,6.25,0.0,8.0,17.25,66.25,0.75,123.25,NA,NA,198.25,749.25,0.0
2026-02-28 08:00:00,102.25,228.75,18.25,21.75,27.0,68.0,14.0,1.0,30.0,3.0,5.0,NA,6.5,0.0,7.75,19.75,56.0,1.0,54.0,NA,NA,260.25,750.0,0.0
2026-02-28 09:00:00,105.25,221.5,18.75,20.75,26.75,68.5,10.0,0.67,32.5,1.0,4.0,NA,10.0,0.0,3.25,22.0,51.0,1.0,60.0,NA,NA,429.5,750.75,0.0
2026-02-28 10:00:00,84.25,202.25,19.25,23.25,28.75,67.5,3.5,1.0,34.5,1.0,4.0,NA,9.5,0.0,3.75,24.0,48.0,1.0,65.25,NA,NA,453.5,751.0,0.0
2026-02-28 11:00:00,68.25,174.5,18.25,22.75,27.5,65.5,9.0,0.0,36.75,1.0,4.0,NA,9.75,0.0,3.0,25.75,44.5,1.0,56.25,NA,NA,675.25,752.0,0.0
2026-02-28 12:00:00,49.5,142.5,18.75,23.0,28.0,65.0,4.5,0.0,40.75,1.0,4.0,NA,10.0,0.0,3.25,27.0,41.5,1.0,50.25,NA,NA,703.25,752.0,0.0
2026-02-28 13:00:00,42.0,129.75,19.25,23.0,28.25,66.25,12.0,0.0,39.25,1.0,4.0,NA,10.0,0.0,3.5,28.0,38.25,1.0,42.0,NA,NA,570.0,752.0,0.25
2026-02-28 14:00:00,42.75,140.0,17.0,21.75,25.75,64.67,11.0,0.0,39.5,1.0,4.0,NA,9.75,0.0,3.25,27.0,38.5,1.0,73.5,NA,NA,380.0,752.0,0.0
2026-02-28 15:00:00,36.0,135.0,18.0,21.75,26.75,NA,12.67,0.0,37.5,1.0,4.0,NA,10.0,0.0,3.5,27.0,40.25,1.0,66.25,NA,NA,311.25,752.0,0.0
2026-02-28 16:00:00,38.0,130.0,19.25,23.25,28.5,57.5,14.0,0.5,37.75,1.0,4.0,NA,11.0,0.0,3.0,26.5,41.75,1.25,63.5,NA,NA,203.0,752.0,0.0
2026-02-28 17:00:00,45.0,136.25,18.25,20.5,26.25,58.25,13.0,0.0,32.75,NA,NA,NA,NA,NA,NA,25.5,44.0,1.5,73.0,NA,NA,84.25,751.5,0.0
2026-02-28 18:00:00,46.0,166.75,18.5,21.5,27.25,57.75,15.0,0.0,25.0,1.0,4.0,NA,9.67,0.0,3.0,22.75,50.25,1.0,84.75,NA,NA,83.0,751.0,0.0
2026-02-28 19:00:00,58.5,283.0,17.75,22.0,27.0,61.25,13.33,0.33,23.0,2.0,6.25,NA,5.75,8.25,6.75,21.5,56.75,1.0,97.0,NA,NA,95.25,750.5,0.0
2026-02-28 20:00:00,77.0,359.0,18.0,22.0,26.75,62.5,21.75,1.0,20.0,2.0,6.25,NA,5.0,10.0,8.0,20.0,63.25,1.0,88.0,NA,NA,97.5,750.0,0.0
2026-02-28 21:00:00,96.5,382.25,18.25,21.75,27.25,60.25,18.0,0.67,19.75,2.0,6.5,NA,5.0,10.0,8.0,19.25,67.5,1.0,88.0,NA,NA,98.5,750.0,0.0
2026-02-28 22:00:00,112.5,413.75,19.75,22.25,28.5,58.0,31.5,1.0,16.5,3.0,8.0,NA,1.5,4.75,2.75,19.0,69.5,1.0,88.0,NA,NA,99.25,750.0,0.0
2026-02-28 23:00:00,113.0,384.33,18.33,21.33,26.67,58.33,14.5,0.0,10.0,3.33,8.0,NA,1.0,4.0,2.0,18.0,71.67,1.0,88.0,NA,NA,101.33,750.0,0.0
2026-03-01 00:00:00,107.75,330.5,19.0,22.25,28.0,52.75,17.25,0.5,9.5,2.0,6.75,NA,5.75,4.75,1.75,18.0,70.75,1.0,88.0,NA,NA,108.5,750.0,0.0
2026-03-01 01:00:00,100.0,257.25,19.5,21.0,28.25,49.5,10.0,0.33,9.25,2.0,7.0,NA,6.0,6.0,1.0,18.0,68.5,1.0,88.0,NA,NA,111.25,750.0,0.0
2026-03-01 02:00:00,87.25,197.75,19.0,21.75,27.5,47.25,3.67,0.25,11.25,2.0,7.0,NA,6.0,6.0,1.0,18.0,65.75,1.0,80.25,NA,NA,105.0,750.0,0.0
2026-03-01 03:00:00,72.25,156.0,17.75,21.75,27.0,48.5,3.33,0.0,13.5,2.0,8.0,NA,8.0,1.0,3.0,18.0,63.0,1.0,55.5,NA,NA,86.25,749.75,0.0
2026-03-01 04:00:00,66.5,141.25,18.5,22.25,27.5,61.75,0.0,0.0,15.0,2.0,8.0,NA,8.0,1.0,3.0,17.25,64.75,1.0,68.25,NA,NA,85.25,749.0,0.0
2026-03-01 05:00:00,62.0,178.25,17.5,22.25,26.75,63.25,5.67,0.33,15.0,2.5,6.25,NA,6.75,0.25,5.75,16.5,67.5,1.0,68.75,NA,NA,82.25,749.0,0.0
2026-03-01 06:00:00,60.0,176.0,17.5,20.25,25.75,65.25,2.0,0.75,15.5,3.0,5.0,NA,6.0,0.0,8.0,16.0,69.75,1.0,67.0,NA,NA,94.25,749.0,0.0
2026-03-01 07:00:00,57.5,167.25,19.25,22.25,28.0,64.75,5.0,0.0,21.75,3.0,5.0,NA,6.0,0.0,8.0,17.0,66.5,0.5,59.75,NA,NA,184.0,749.0,0.0
2026-03-01 08:00:00,63.75,192.75,18.75,23.5,28.75,68.25,4.5,0.25,30.0,3.0,5.0,NA,6.5,0.0,7.75,19.0,61.5,1.0,72.75,NA,NA,219.75,750.0,0.0
2026-03-01 09:00:00,69.25,214.25,18.25,22.5,27.5,67.75,9.67,0.33,31.75,1.0,4.0,NA,10.0,0.0,3.75,21.75,56.75,1.0,67.0,NA,NA,425.25,750.5,0.0
2026-03-01 10:00:00,69.0,203.0,18.75,23.75,28.25,68.75,10.5,0.75,35.0,1.0,4.0,NA,10.0,0.0,3.75,25.25,48.0,1.0,69.75,NA,NA,428.25,751.5,0.0
2026-03-01 11:00:00,68.25,152.25,18.5,22.25,27.5,66.75,12.0,0.0,36.75,1.0,4.0,NA,9.5,0.0,3.0,27.5,38.25,1.0,61.75,NA,NA,721.75,752.0,0.25
2026-03-01 12:00:00,52.25,129.0,21.0,21.25,28.75,64.75,6.75,0.0,39.5,1.0,4.0,NA,9.75,0.0,3.25,28.0,32.75,1.0,50.5,NA,NA,728.25,751.75,0.75
2026-03-01 13:00:00,34.75,137.0,18.25,21.5,27.0,66.0,11.0,0.0,40.25,1.0,4.0,NA,9.75,0.0,3.75,28.75,32.5,1.0,50.0,NA,NA,783.5,752.0,1.0
2026-03-01 14:00:00,28.5,140.0,18.75,23.25,28.25,65.0,8.75,0.75,38.75,1.0,4.0,NA,10.0,0.0,3.0,28.75,30.25,1.0,67.0,NA,NA,626.75,752.0,1.0
2026-03-01 15:00:00,31.75,141.25,18.5,21.75,27.0,63.5,5.33,0.0,37.75,1.0,4.0,NA,9.5,0.0,3.5,28.25,28.75,1.0,68.0,NA,NA,431.25,752.0,1.0
2026-03-01 16:00:00,34.0,146.0,16.0,24.25,26.25,58.5,3.75,0.0,37.0,1.0,4.0,NA,9.5,0.0,3.25,27.5,30.25,1.0,66.0,NA,NA,233.75,752.0,0.25
2026-03-01 17:00:00,33.5,146.0,17.75,21.75,26.75,58.5,12.33,0.0,31.75,1.0,4.0,NA,9.75,0.0,3.5,26.0,33.0,1.0,68.0,NA,NA,58.5,751.75,0.0
2026-03-01 18:00:00,33.5,147.5,21.25,22.25,30.25,58.0,16.0,0.0,25.0,1.0,4.0,NA,10.0,0.0,4.0,23.5,37.5,1.0,50.75,NA,NA,47.75,751.0,0.0
2026-03-01 19:00:00,35.5,160.75,19.0,21.75,27.25,61.0,8.67,0.0,23.0,1.75,6.0,NA,5.75,8.5,7.0,22.75,41.0,1.0,54.75,NA,NA,58.0,750.75,0.0
2026-03-01 20:00:00,51.75,176.75,17.75,22.25,26.75,62.0,11.0,0.25,19.5,2.0,6.75,NA,5.0,10.0,8.0,21.75,45.25,1.0,44.75,NA,NA,60.5,750.75,0.0
2026-03-01 21:00:00,61.25,184.5,18.25,22.25,27.0,60.5,10.67,0.0,20.5,2.0,6.0,NA,5.0,10.0,8.0,20.75,48.5,1.0,75.0,NA,NA,67.25,750.0,0.0
2026-03-01 22:00:00,65.75,191.0,19.5,23.25,28.5,58.25,12.75,0.25,16.25,3.0,7.75,NA,1.5,4.75,2.75,20.0,48.75,1.0,75.25,NA,NA,74.0,750.0,0.0
2026-03-01 23:00:00,76.0,189.67,18.33,22.0,27.33,57.67,11.0,0.0,11.0,3.0,8.0,NA,1.0,4.0,2.0,20.0,49.67,1.0,88.67,NA,NA,74.0,750.0,0.0
2026-03-02 00:00:00,64.75,171.75,18.0,22.0,26.75,52.5,12.0,0.0,9.75,2.0,6.5,NA,5.75,4.75,1.75,18.75,52.5,1.0,70.5,NA,NA,70.0,750.0,0.0
2026-03-02 01:00:00,55.0,151.25,19.25,22.5,28.25,50.0,10.33,0.0,10.0,2.25,7.0,NA,6.0,6.0,1.0,17.75,55.25,0.75,74.75,NA,NA,65.25,749.25,0.0
2026-03-02 02:00:00,50.0,144.0,17.0,22.25,26.0,49.0,9.0,0.0,11.75,2.0,7.0,NA,5.75,6.0,1.0,16.75,58.0,0.5,81.0,NA,NA,71.25,749.0,0.0
2026-03-02 03:00:00,48.5,146.5,19.25,21.5,27.5,47.0,9.33,0.0,13.5,2.5,8.25,NA,8.0,1.0,3.0,16.0,61.5,0.0,78.5,NA,NA,73.25,749.0,0.0
2026-03-02 04:00:00,53.0,147.5,17.0,22.25,26.25,60.5,10.25,0.5,15.0,2.0,8.0,NA,8.0,1.0,3.0,15.0,64.5,0.0,60.5,NA,NA,75.75,749.0,0.0
2026-03-02 05:00:00,52.5,148.0,19.25,21.5,28.0,63.25,6.67,0.0,15.0,2.75,6.25,NA,7.0,0.25,5.75,15.0,66.5,0.25,49.75,NA,NA,77.75,749.0,0.0
2026-03-02 06:00:00,55.75,144.5,18.75,21.75,27.5,63.0,6.0,0.0,15.25,3.0,5.0,NA,6.5,0.0,8.0,15.0,68.0,0.5,56.0,NA,NA,91.0,749.0,0.0
2026-03-02 07:00:00,62.0,152.0,18.25,22.0,27.25,65.75,9.67,0.0,22.5,3.0,5.25,NA,6.25,0.0,8.0,16.5,63.75,0.75,49.75,NA,NA,183.5,749.0,0.0
2026-03-02 08:00:00,62.0,161.0,21.75,22.75,30.25,68.75,11.5,1.0,30.25,2.75,5.0,NA,6.5,0.0,7.5,18.75,58.25,1.0,57.75,NA,NA,223.5,749.75,0.0
2026-03-02 09:00:00,70.25,156.0,18.0,21.25,26.75,68.25,12.33,0.0,31.75,1.0,4.0,NA,9.5,0.0,3.5,21.25,54.0,1.0,62.0,NA,NA,422.75,750.5,0.0
2026-03-02 10:00:00,75.5,158.25,20.25,21.75,28.75,68.75,15.0,0.25,35.0,1.0,4.0,NA,9.5,0.0,3.25,23.75,49.75,1.0,68.75,NA,NA,408.5,751.0,0.0
2026-03-02 11:00:00,70.5,163.5,18.75,21.75,27.5,67.0,19.0,0.0,36.75,1.0,4.0,NA,9.5,0.0,4.0,25.5,45.25,1.0,58.0,NA,NA,701.0,751.5,0.0
2026-03-02 12:00:00,69.5,162.5,19.25,23.0,28.75,66.5,16.5,0.5,39.75,1.0,4.0,NA,9.75,0.0,4.0,26.75,40.5,1.0,54.0,NA,NA,726.0,752.0,0.0
2026-03-02 13:00:00,57.75,169.5,20.0,22.5,28.75,65.25,11.67,0.67,40.25,1.0,4.0,NA,10.0,0.0,3.5,27.75,36.25,1.0,47.5,NA,NA,753.75,752.0,0.0
2026-03-02 14:00:00,40.25,172.0,18.25,22.0,27.25,64.5,8.75,0.75,39.0,1.0,4.0,NA,9.75,0.0,3.75,28.0,32.5,1.0,53.5,NA,NA,618.25,752.0,0.75
2026-03-02 15:00:00,30.0,169.0,18.5,21.25,27.0,62.5,9.0,0.0,36.75,1.0,4.0,NA,10.0,0.0,3.75,28.0,30.5,0.75,58.0,NA,NA,435.25,752.0,0.75
2026-03-02 16:00:00,26.67,169.0,17.67,20.67,25.67,59.0,8.67,0.0,37.67,1.0,4.0,NA,9.67,0.0,4.0,27.0,32.33,1.0,56.33,NA,NA,240.67,752.0,0.0
2026-03-02 17:00:00,31.75,161.75,19.75,21.0,27.75,58.5,12.33,0.0,33.0,1.0,4.0,NA,9.75,0.0,3.5,25.5,36.75,1.0,61.75,NA,NA,69.0,751.75,0.0
2026-03-02 18:00:00,41.25,156.5,17.5,22.5,27.0,58.75,12.5,0.0,25.25,1.0,4.0,NA,9.5,0.0,3.25,23.75,41.5,1.0,62.25,NA,NA,49.75,751.0,0.0
2026-03-02 19:00:00,49.5,161.75,17.25,22.0,26.25,62.0,13.33,0.0,23.25,2.0,6.0,NA,5.75,8.25,7.25,22.5,46.75,1.0,52.75,NA,NA,63.75,751.0,0.0
2026-03-02 20:00:00,55.25,175.25,18.25,21.25,26.5,63.75,15.0,0.0,19.25,2.0,6.25,NA,5.0,10.0,7.75,21.75,50.25,1.0,70.0,NA,NA,69.25,750.75,0.0
2026-03-02 21:00:00,55.25,189.5,19.5,21.5,28.25,61.25,12.67,0.0,19.25,2.0,6.25,NA,5.0,9.75,7.75,21.0,52.0,1.0,72.75,NA,NA,71.75,750.0,0.0
2026-03-02 22:00:00,54.75,192.0,18.5,21.0,27.0,58.75,14.5,0.25,16.5,3.0,8.0,NA,1.75,4.75,2.75,20.75,53.0,1.0,69.0,NA,NA,68.75,750.0,0.0
2026-03-02 23:00:00,60.0,187.67,20.0,22.33,28.33,57.67,11.0,0.0,11.0,3.67,8.33,NA,1.0,4.0,2.0,20.0,55.33,1.0,76.0,NA,NA,66.0,750.0,0.0
2026-03-03 00:00:00,64.25,182.0,18.0,23.0,27.75,53.25,11.75,0.0,9.25,2.0,6.5,NA,5.75,4.75,1.75,19.0,57.0,0.5,70.25,NA,NA,68.5,750.0,0.0
2026-03-03 01:00:00,72.5,190.75,18.0,21.75,27.0,50.25,13.33,0.33,9.5,2.0,7.0,NA,6.0,6.0,1.0,19.0,55.5,0.5,66.5,NA,NA,75.5,750.0,0.0
2026-03-03 02:00:00,76.75,198.0,18.25,22.75,27.75,48.25,15.0,0.5,11.75,2.25,7.0,NA,6.0,6.0,1.0,18.75,55.0,0.25,67.5,NA,NA,72.5,750.0,0.0
2026-03-03 03:00:00,78.0,187.0,19.5,21.75,28.25,47.75,12.67,0.33,13.5,2.25,8.0,NA,8.0,1.0,3.0,16.5,61.5,1.0,54.0,NA,NA,73.75,749.0,0.0
2026-03-03 04:00:00,67.25,174.5,18.0,20.75,26.25,59.25,13.75,0.0,15.0,2.0,8.25,NA,8.0,1.0,3.0,16.0,62.0,1.0,52.0,NA,NA,77.75,749.0,0.0
2026-03-03 05:00:00,52.75,171.75,18.0,22.0,27.0,63.25,12.0,0.67,15.0,2.75,6.5,NA,7.0,0.25,5.75,16.0,63.75,0.5,57.0,NA,NA,77.75,749.0,0.0
2026-03-03 06:00:00,52.25,174.5,19.25,22.75,28.5,63.5,12.25,1.0,15.5,3.0,5.0,NA,6.25,0.0,8.0,15.0,65.0,0.25,50.75,NA,NA,90.5,749.0,0.0
2026-03-03 07:00:00,64.75,177.0,18.0,21.75,26.75,64.5,11.0,0.0,22.75,3.0,5.0,NA,6.0,0.0,8.0,16.5,62.0,0.25,46.5,NA,NA,181.0,749.0,0.0
2026-03-03 08:00:00,72.0,184.25,19.0,22.25,28.0,69.25,12.25,0.0,30.25,3.0,5.0,NA,6.5,0.0,7.75,18.75,58.0,1.0,48.0,NA,NA,237.0,749.75,0.0
2026-03-03 09:00:00,72.0,198.0,19.25,23.0,28.75,69.5,17.67,0.33,31.0,1.0,4.0,NA,9.75,0.0,3.25,21.0,54.5,1.0,53.75,NA,NA,396.75,750.25,0.0
2026-03-03 10:00:00,77.25,206.0,18.5,22.25,27.5,69.5,19.0,0.5,38.25,1.0,4.0,NA,9.75,0.0,3.0,23.5,49.75,1.0,52.75,NA,NA,437.5,751.0,0.0
2026-03-03 11:00:00,77.0,205.0,18.25,22.0,27.25,68.0,14.33,0.0,48.0,1.0,4.0,NA,9.75,0.0,3.5,25.25,44.5,1.0,60.75,NA,NA,639.5,751.5,0.0
2026-03-03 12:00:00,68.5,197.0,19.0,22.0,27.75,65.0,11.0,0.0,50.0,1.0,4.0,NA,9.75,0.0,3.25,26.25,42.5,1.0,61.25,NA,NA,674.25,752.0,0.0
2026-03-03 13:00:00,64.0,204.5,18.25,22.5,27.25,64.5,14.0,0.0,50.0,1.0,4.0,NA,9.5,0.0,3.5,27.0,41.0,1.0,60.0,NA,NA,723.0,752.0,0.0
2026-03-03 14:00:00,55.25,203.75,18.0,22.5,27.5,65.5,12.0,0.0,48.5,1.0,4.0,NA,10.0,0.0,3.5,27.0,38.75,1.0,60.75,NA,NA,598.75,752.0,0.0
2026-03-03 15:00:00,48.25,179.25,19.5,22.25,28.25,62.25,14.67,0.0,48.75,1.0,4.0,NA,9.75,0.0,3.5,27.5,39.25,1.0,61.25,NA,NA,421.25,752.0,0.0
2026-03-03 16:00:00,51.0,158.5,19.75,20.75,28.0,58.75,14.0,0.25,47.75,1.0,4.0,NA,9.75,0.0,3.5,27.0,38.75,1.0,64.75,NA,NA,234.5,752.0,0.0
2026-03-03 17:00:00,49.75,157.0,19.5,22.0,28.25,57.75,13.33,0.0,43.0,1.0,4.0,NA,10.0,0.0,3.5,25.75,42.5,1.0,68.0,NA,NA,76.5,751.75,0.0
2026-03-03 18:00:00,53.25,157.5,19.25,21.5,27.5,58.5,12.5,0.0,35.0,1.0,4.0,NA,10.0,0.0,3.5,23.5,48.25,1.0,88.75,NA,NA,66.5,751.0,0.0
2026-03-03 19:00:00,59.5,160.75,18.75,22.25,28.0,62.75,13.33,0.0,25.25,2.0,6.0,NA,5.75,8.5,7.25,21.75,53.75,1.0,61.5,NA,NA,93.0,750.75,0.0
2026-03-03 20:00:00,65.25,182.5,18.25,22.5,27.5,61.0,15.25,0.75,10.0,2.0,6.0,NA,5.0,10.0,7.75,21.5,53.0,1.0,60.0,NA,NA,86.0,750.5,0.0
2026-03-03 21:00:00,70.75,195.0,17.0,22.0,26.25,60.75,12.33,0.33,9.75,2.0,6.5,NA,5.0,10.0,7.75,21.0,53.0,1.0,73.0,NA,NA,91.25,750.0,0.0
2026-03-03 22:00:00,66.0,192.0,18.5,22.0,27.5,58.25,14.75,1.0,10.5,3.0,7.75,NA,1.75,5.0,2.75,19.75,55.75,1.0,85.25,NA,NA,101.5,750.0,0.0
2026-03-03 23:00:00,65.67,189.0,18.0,21.67,26.67,57.33,10.5,0.0,11.0,3.0,8.0,NA,1.0,4.0,2.0,19.67,56.67,1.0,86.0,NA,NA,102.33,750.0,0.0
2026-03-04 00:00:00,67.5,191.0,18.5,22.0,27.5,52.75,11.75,0.25,9.5,2.0,6.5,NA,5.75,4.75,1.75,18.75,59.75,1.0,86.25,NA,NA,108.75,750.0,0.0
2026-03-04 01:00:00,64.75,189.5,18.75,23.25,28.25,49.5,13.67,0.0,9.5,2.5,7.0,NA,6.0,6.0,1.0,17.75,59.75,1.0,86.0,NA,NA,106.0,749.5,0.0
2026-03-04 02:00:00,61.0,183.0,17.75,21.75,26.5,47.0,14.75,1.0,12.0,2.25,7.25,NA,6.0,6.0,1.0,17.0,62.75,1.0,87.75,NA,NA,108.75,749.0,0.0
2026-03-04 03:00:00,61.5,175.5,18.0,21.5,27.0,46.75,10.33,0.0,13.5,2.0,8.25,NA,8.0,1.0,3.0,17.0,61.0,1.0,85.5,NA,NA,108.75,749.0,0.0
2026-03-04 04:00:00,64.0,167.25,20.0,22.0,28.75,60.5,12.0,0.0,15.0,2.0,8.0,NA,8.0,1.0,3.0,16.75,61.75,1.0,68.75,NA,NA,95.0,749.0,0.0
2026-03-04 05:00:00,71.75,166.0,18.0,21.5,26.75,64.25,7.0,0.33,15.0,2.75,6.5,NA,7.0,0.25,5.75,16.0,63.25,0.5,88.0,NA,NA,100.5,749.0,0.0
2026-03-04 06:00:00,73.5,167.5,19.5,22.5,28.25,62.75,6.25,0.75,15.5,3.0,5.0,NA,6.0,0.0,8.0,16.0,65.75,1.0,89.0,NA,NA,109.25,749.0,0.0
2026-03-04 07:00:00,69.5,170.75,18.75,21.25,27.25,64.5,11.33,0.33,26.5,3.0,5.0,NA,6.75,0.0,8.0,16.75,64.5,1.0,72.0,NA,NA,190.0,749.0,0.0
2026-03-04 08:00:00,72.0,182.5,21.25,23.0,29.5,68.25,13.25,1.0,40.25,3.0,5.0,NA,6.25,0.0,7.75,18.0,62.25,0.75,72.75,NA,NA,258.25,749.75,0.0
2026-03-04 09:00:00,79.75,194.5,19.5,23.5,29.0,67.75,13.0,0.33,42.0,1.0,4.0,NA,9.75,0.0,3.5,20.25,58.5,0.25,77.0,NA,NA,378.0,750.0,0.0
2026-03-04 10:00:00,85.0,203.75,18.75,22.0,27.5,66.25,14.5,0.5,43.75,1.0,4.0,NA,10.0,0.0,3.5,23.0,53.5,0.0,93.5,NA,NA,404.5,751.0,0.0
2026-03-04 11:00:00,76.5,207.25,19.25,22.5,28.5,66.75,14.33,0.33,47.25,1.0,4.0,NA,9.75,0.0,3.5,25.25,49.5,0.75,62.5,NA,NA,645.25,751.25,0.0
2026-03-04 12:00:00,68.5,203.0,17.25,22.75,26.75,65.75,10.0,0.75,49.5,1.0,4.0,NA,9.75,0.0,3.5,26.5,48.0,0.5,50.25,NA,NA,720.5,752.0,0.0
2026-03-04 13:00:00,66.0,201.5,18.5,22.75,27.75,64.75,9.67,0.0,49.75,1.0,4.0,NA,9.75,0.0,3.5,27.0,47.25,1.0,48.75,NA,NA,754.75,752.0,0.0
2026-03-04 14:00:00,63.0,195.5,19.5,23.25,28.75,65.0,6.75,0.25,48.25,1.0,4.0,NA,10.0,0.0,3.75,27.0,48.25,1.0,75.25,NA,NA,572.5,752.0,0.0
2026-03-04 15:00:00,53.25,182.0,18.5,22.5,27.75,62.0,10.67,0.0,48.25,1.0,4.0,NA,9.75,0.0,3.25,27.0,48.75,1.0,59.75,NA,NA,405.5,752.0,0.0
2026-03-04 16:00:00,47.5,169.5,18.75,22.0,27.25,57.75,8.5,0.0,47.5,1.0,4.0,NA,9.75,0.0,3.5,27.0,49.5,1.0,63.25,NA,NA,226.75,752.0,0.0
2026-03-04 17:00:00,45.25,165.5,18.75,21.0,27.0,57.75,6.67,0.33,43.0,1.0,4.0,NA,9.75,0.0,3.25,25.75,52.25,1.0,82.75,NA,NA,93.0,751.75,0.0
2026-03-04 18:00:00,50.75,166.5,19.25,22.0,28.0,59.25,7.0,1.0,35.0,1.0,4.0,NA,10.0,0.0,3.25,24.25,57.75,1.0,96.75,NA,NA,83.0,751.0,0.0
2026-03-04 19:00:00,61.0,165.5,18.25,21.75,27.25,62.25,11.67,0.0,25.5,2.0,6.0,NA,5.75,8.25,7.25,23.0,59.25,1.0,93.75,NA,NA,96.0,751.0,0.0
2026-03-04 20:00:00,61.5,171.0,18.5,22.5,27.5,62.5,12.25,0.5,10.0,2.0,6.25,NA,5.0,10.0,7.5,22.5,62.0,1.0,87.75,NA,NA,98.5,751.0,0.0
2026-03-04 21:00:00,58.25,186.75,18.25,23.75,28.5,60.75,8.33,0.0,9.75,2.0,6.25,NA,5.0,10.0,8.0,21.25,66.0,1.0,75.5,NA,NA,101.75,750.25,0.0
2026-03-04 22:00:00,63.75,203.25,18.5,24.0,27.5,58.5,10.75,0.25,10.5,3.0,7.75,NA,1.5,4.75,3.0,20.5,69.5,1.0,56.25,NA,NA,94.0,750.0,0.0
2026-03-04 23:00:00,73.67,209.67,18.67,41.67,28.0,58.33,11.5,0.0,11.0,3.0,8.0,NA,1.0,4.0,2.0,19.67,73.0,1.0,72.0,NA,NA,107.33,750.0,0.0
2026-03-05 00:00:00,75.25,212.5,19.5,39.0,27.0,53.0,12.0,0.0,9.75,2.0,6.5,NA,5.5,4.75,1.75,19.0,76.25,1.0,85.0,NA,NA,111.75,750.0,0.0
2026-03-05 01:00:00,75.0,216.75,16.0,40.75,25.25,50.75,7.33,0.0,9.5,2.0,7.0,NA,6.0,6.0,1.0,18.75,79.25,1.0,172.0,NA,NA,113.75,750.0,0.0
2026-03-05 02:00:00,69.0,216.0,19.0,41.0,27.5,47.5,7.0,0.25,11.25,2.0,7.0,NA,6.0,6.0,1.0,18.0,94.5,1.0,172.0,NA,NA,116.0,750.0,0.0
2026-03-05 03:00:00,68.5,204.25,19.0,42.0,27.75,47.5,7.67,0.0,13.5,2.25,8.25,NA,8.0,1.0,3.0,18.0,95.0,1.0,171.0,NA,NA,122.0,750.0,0.0
2026-03-05 04:00:00,72.0,194.25,18.75,38.75,26.5,58.75,10.75,0.25,15.0,2.0,8.0,NA,8.0,1.0,3.0,18.0,95.0,1.0,172.75,NA,NA,114.75,749.5,0.0
2026-03-05 05:00:00,77.5,197.5,18.0,40.5,26.75,63.0,8.33,0.0,15.0,2.5,6.25,NA,7.0,0.25,5.75,17.5,95.0,0.75,160.25,NA,NA,120.0,749.0,0.0
2026-03-05 06:00:00,79.25,201.5,17.0,40.5,26.25,63.75,4.75,0.0,15.5,3.0,5.0,NA,6.25,0.0,8.0,17.0,95.0,1.0,228.75,NA,NA,126.25,749.0,0.0
2026-03-05 07:00:00,81.75,203.5,18.25,40.25,26.5,64.75,9.33,0.33,26.5,3.0,5.0,NA,6.0,0.0,8.0,18.0,94.75,1.0,212.0,NA,NA,191.0,749.75,0.0
2026-03-05 08:00:00,86.5,204.75,21.25,41.25,29.75,68.5,8.5,1.0,40.0,2.75,5.25,NA,6.25,0.0,7.75,20.25,75.0,1.0,92.5,NA,NA,265.25,750.0,0.0
2026-03-05 09:00:00,80.25,207.0,18.75,41.25,27.75,69.75,6.0,0.0,41.5,1.0,4.0,NA,9.75,0.0,3.75,22.25,66.0,0.75,87.75,NA,NA,376.25,750.75,0.0
2026-03-05 10:00:00,80.5,209.75,19.5,41.75,28.75,69.0,5.75,0.75,45.0,1.0,4.0,NA,9.75,0.0,3.0,24.5,60.5,0.5,54.75,NA,NA,420.0,751.0,0.0
2026-03-05 11:00:00,87.0,203.5,18.5,40.25,27.0,67.0,9.0,0.67,47.75,1.0,4.0,NA,9.75,0.0,3.75,26.0,56.5,0.0,108.0,NA,NA,585.25,752.0,0.0
2026-03-05 12:00:00,87.0,210.5,19.75,40.75,28.25,65.5,6.0,1.0,50.25,1.0,4.0,NA,10.0,0.0,3.75,27.25,52.25,0.75,115.75,NA,NA,614.0,752.0,0.0
2026-03-05 13:00:00,85.0,227.75,18.25,41.75,27.5,66.0,8.0,0.0,50.25,1.0,4.0,NA,9.75,0.0,3.25,28.0,49.75,0.75,40.5,NA,NA,607.75,752.0,0.25
2026-03-05 14:00:00,79.25,227.75,18.25,40.5,27.25,63.75,8.25,0.5,49.25,1.0,4.0,NA,9.5,0.0,3.5,28.0,49.0,0.5,139.5,NA,NA,516.0,752.0,0.75
2026-03-05 15:00:00,75.0,215.0,19.0,41.25,27.75,58.0,7.33,1.0,47.25,1.0,4.0,NA,10.0,0.0,3.25,28.0,49.25,1.0,41.0,NA,NA,369.5,752.0,1.0
2026-03-05 16:00:00,70.5,200.25,19.75,41.0,28.75,53.25,7.0,1.0,47.25,1.0,4.0,NA,9.5,0.0,3.75,27.75,50.75,1.5,62.5,NA,NA,216.5,752.0,0.25
2026-03-05 17:00:00,62.75,182.25,17.75,41.0,26.75,52.5,7.0,0.0,41.75,1.0,4.0,NA,10.0,0.0,3.5,26.5,53.0,1.25,80.0,NA,NA,102.5,752.0,0.0
2026-03-05 18:00:00,62.5,184.25,18.75,40.25,27.25,52.0,8.25,0.0,34.0,1.0,4.0,NA,9.5,0.0,4.0,25.0,59.25,1.25,135.5,NA,NA,92.0,751.25,0.0
2026-03-05 19:00:00,68.67,204.0,19.67,40.33,28.0,48.0,9.0,0.0,30.33,1.67,6.0,NA,6.0,8.0,7.0,23.67,66.0,1.0,141.0,NA,NA,100.33,751.0,0.0
2026-03-05 20:00:00,78.75,244.75,17.75,41.5,27.5,11.75,13.75,0.0,14.25,2.0,6.5,NA,5.0,10.0,8.0,23.0,69.25,1.0,191.0,NA,NA,106.0,751.0,0.0
2026-03-05 21:00:00,90.75,273.75,18.5,40.5,26.75,26.25,13.33,0.0,14.0,2.0,6.5,NA,5.0,10.0,8.0,22.25,69.25,1.0,216.0,NA,NA,108.0,751.0,0.0
2026-03-05 22:00:00,110.75,285.5,18.5,42.5,28.25,52.25,17.5,0.0,13.5,3.0,7.75,NA,1.75,4.75,2.75,21.75,68.0,1.0,224.0,NA,NA,105.0,750.75,0.0
2026-03-05 23:00:00,115.33,284.0,17.0,40.67,26.0,51.67,12.5,0.0,12.33,3.0,8.0,NA,1.0,4.0,2.0,21.0,68.33,1.0,226.67,NA,NA,112.67,750.0,0.0
2026-03-06 00:00:00,106.5,266.25,18.75,41.25,28.0,47.75,14.0,0.0,10.75,2.0,6.5,NA,5.75,4.75,1.75,21.0,66.5,1.0,227.5,NA,NA,114.75,750.0,0.0
2026-03-06 01:00:00,111.5,265.0,17.75,40.25,26.5,46.0,12.67,0.33,10.25,2.25,7.0,NA,6.0,6.0,1.0,20.25,68.25,1.0,234.5,NA,NA,116.5,750.0,0.0
2026-03-06 02:00:00,105.75,261.0,18.25,40.25,27.25,44.25,12.25,1.0,13.25,2.0,7.0,NA,6.0,6.0,1.0,20.0,68.5,1.0,226.75,NA,NA,118.0,750.0,0.0
2026-03-06 03:00:00,102.0,243.5,18.25,41.25,27.5,43.0,6.33,0.0,15.0,2.25,8.25,NA,8.0,1.0,3.0,19.25,72.0,1.0,234.0,NA,NA,117.25,750.0,0.0
2026-03-06 04:00:00,97.75,226.5,19.5,41.0,28.25,54.5,6.0,0.75,16.75,2.25,8.0,NA,8.0,1.0,3.0,19.0,73.5,1.0,234.0,NA,NA,120.0,750.0,0.0
2026-03-06 05:00:00,78.25,220.5,18.0,41.25,27.5,56.25,9.33,0.0,16.5,2.5,6.25,NA,6.75,0.25,5.75,18.75,75.25,1.0,234.0,NA,NA,119.0,750.0,0.0
2026-03-06 06:00:00,80.25,231.5,19.25,41.25,28.25,55.0,10.75,0.0,17.25,3.0,5.0,NA,6.0,0.0,8.0,18.25,77.75,0.75,251.25,NA,NA,129.5,750.0,0.0
2026-03-06 07:00:00,91.5,235.0,20.0,41.0,28.75,59.75,10.33,0.33,23.25,3.0,5.0,NA,6.0,0.0,8.0,19.5,72.0,1.0,254.0,NA,NA,185.75,750.0,0.0
2026-03-06 08:00:00,94.5,233.5,18.75,41.5,28.0,61.5,9.25,1.0,28.5,3.0,5.25,NA,6.25,0.0,7.75,21.5,67.25,1.0,254.0,NA,NA,246.5,750.5,0.0
2026-03-06 09:00:00,94.5,235.5,18.5,40.75,27.5,62.0,10.67,0.33,33.75,1.0,4.0,NA,9.5,0.0,3.75,23.5,58.5,1.0,255.75,NA,NA,360.75,751.0,0.0
2026-03-06 10:00:00,86.0,230.75,19.5,41.5,28.5,61.25,8.5,1.0,41.25,1.0,4.0,NA,9.75,0.0,3.25,25.25,54.5,1.0,261.0,NA,NA,383.75,751.75,0.0
2026-03-06 11:00:00,80.5,219.75,18.0,40.5,26.5,60.75,6.0,0.0,48.25,1.0,4.0,NA,10.0,0.0,3.5,26.25,51.5,1.0,233.75,NA,NA,591.5,752.0,0.0
2026-03-06 12:00:00,69.25,200.25,16.5,41.25,26.25,58.0,2.5,0.0,58.75,1.0,4.0,NA,9.75,0.0,3.75,27.0,47.75,1.25,230.75,NA,NA,643.5,752.0,0.0
2026-03-06 13:00:00,58.25,173.25,19.5,40.75,28.25,58.25,9.0,0.0,58.25,1.0,4.0,NA,10.0,0.0,3.5,28.0,44.0,1.25,234.0,NA,NA,654.0,752.0,0.25
2026-03-06 14:00:00,54.5,153.5,18.5,37.75,27.0,59.5,7.75,0.25,53.75,1.0,4.0,NA,10.0,0.0,3.25,28.0,43.5,1.5,229.25,NA,NA,536.0,752.0,1.0
2026-03-06 15:00:00,46.25,135.25,18.75,33.0,28.0,56.5,8.33,0.0,46.25,1.0,4.0,NA,9.75,0.0,3.0,28.0,43.75,1.5,226.0,NA,NA,352.5,752.0,1.0
2026-03-06 16:00:00,49.25,126.0,18.75,32.25,27.75,51.25,7.75,0.5,46.75,1.0,4.0,NA,9.75,0.0,3.5,27.75,45.0,1.5,243.0,NA,NA,196.5,752.0,0.0
2026-03-06 17:00:00,55.5,132.5,16.75,32.25,26.25,52.0,9.67,0.0,41.5,1.0,4.0,NA,10.0,0.0,3.75,26.75,47.5,2.0,230.0,NA,NA,95.0,752.0,0.0
2026-03-06 18:00:00,51.75,142.0,17.5,32.0,26.75,52.75,11.25,0.0,34.25,1.0,4.0,NA,9.75,0.0,3.5,25.25,51.0,2.0,233.75,NA,NA,82.25,751.5,0.0
2026-03-06 19:00:00,56.0,166.5,18.75,32.0,27.75,38.75,11.67,0.0,26.75,2.0,6.25,NA,5.75,8.5,7.0,24.0,55.25,1.25,211.5,NA,NA,93.75,751.0,0.0
2026-03-06 20:00:00,78.0,197.25,23.25,32.25,31.75,11.75,26.25,0.0,14.0,2.0,6.75,NA,5.0,10.0,8.0,23.0,61.5,1.0,221.0,NA,NA,100.75,751.0,0.0
2026-03-06 21:00:00,104.25,229.25,23.5,31.25,31.25,25.75,26.0,0.67,14.0,2.0,6.75,NA,5.0,10.0,8.0,22.5,62.5,1.0,214.25,NA,NA,104.5,751.0,0.0
2026-03-06 22:00:00,122.5,252.0,24.0,30.0,31.25,52.75,40.0,1.0,13.0,3.0,7.75,NA,1.5,4.75,2.75,21.5,66.25,1.0,230.0,NA,NA,106.75,750.5,0.0
2026-03-06 23:00:00,137.67,252.67,14.0,27.0,20.33,53.0,2.0,1.0,12.0,3.0,8.33,NA,1.0,4.0,2.0,21.33,67.67,1.0,212.33,NA,NA,108.0,750.33,0.0
2026-03-07 00:00:00,141.5,255.5,17.0,30.0,25.0,38.0,NA,1.5,10.5,2.0,6.5,NA,5.5,4.75,1.75,21.25,67.0,1.0,212.0,NA,NA,100.25,750.0,0.0
2026-03-07 01:00:00,130.25,256.5,19.25,31.75,28.0,38.75,8.67,0.33,10.5,2.0,7.0,NA,6.0,6.0,1.0,21.0,67.25,1.0,215.75,NA,NA,105.25,750.0,0.0
2026-03-07 02:00:00,115.0,250.5,19.0,32.25,28.0,42.75,7.0,0.75,12.75,2.25,7.25,NA,5.75,6.0,1.0,20.5,69.5,1.0,220.75,NA,NA,116.0,750.0,0.0
2026-03-07 03:00:00,101.75,239.25,17.25,32.25,26.5,42.5,5.67,0.0,15.25,2.0,8.0,NA,8.0,1.0,3.0,19.75,72.0,1.0,206.75,NA,NA,116.0,750.0,0.0
2026-03-07 04:00:00,92.25,226.0,19.5,31.25,28.0,48.0,5.0,0.0,16.75,2.5,8.0,NA,8.0,1.0,3.0,19.0,76.75,1.0,204.0,NA,NA,114.0,750.0,0.0
2026-03-07 05:00:00,92.0,218.5,18.75,31.5,27.5,52.75,8.33,0.33,16.5,2.5,6.5,NA,7.0,0.25,5.75,19.0,80.5,1.0,204.0,NA,NA,114.25,750.0,0.0
2026-03-07 06:00:00,94.5,215.0,20.25,31.25,28.5,52.25,14.25,1.0,16.75,3.0,5.0,NA,6.25,0.0,8.0,18.0,90.5,1.0,273.75,NA,NA,124.0,750.0,0.0
2026-03-07 07:00:00,103.25,224.75,18.75,33.0,28.0,52.75,11.33,0.0,22.5,3.0,5.0,NA,6.25,0.0,8.0,20.0,81.0,1.0,337.75,NA,NA,195.0,750.0,0.0
2026-03-07 08:00:00,113.75,219.75,19.5,31.25,27.75,56.25,9.75,0.25,29.0,3.0,5.0,NA,6.75,0.0,7.75,22.75,66.0,1.0,306.5,NA,NA,245.75,751.0,0.0
2026-03-07 09:00:00,120.0,203.5,19.0,31.75,27.5,55.75,7.33,0.0,34.75,1.0,4.0,NA,9.75,0.0,3.75,24.75,58.5,1.0,279.5,NA,NA,352.75,751.0,0.0
2026-03-07 10:00:00,114.75,199.0,18.5,32.0,27.5,56.0,5.5,0.5,41.5,1.0,4.0,NA,9.75,0.0,3.5,26.25,54.25,1.0,237.75,NA,NA,392.25,752.0,0.0
2026-03-07 11:00:00,96.75,184.25,18.25,32.25,27.75,52.0,2.33,0.0,49.0,1.0,4.0,NA,9.5,0.0,3.25,27.5,49.75,1.0,205.0,NA,NA,608.5,752.0,0.25
2026-03-07 12:00:00,82.75,154.0,17.25,33.25,27.5,43.0,0.0,0.0,57.25,1.0,4.0,NA,10.0,0.0,3.5,28.0,46.75,0.75,235.25,NA,NA,636.5,752.0,1.0
2026-03-07 13:00:00,77.5,127.0,18.25,32.0,27.25,43.25,7.67,0.0,58.0,1.0,4.0,NA,9.75,0.0,3.5,28.75,44.75,1.25,181.25,NA,NA,566.0,752.25,1.0
2026-03-07 14:00:00,67.75,116.0,17.75,31.5,26.75,43.0,7.0,0.0,54.25,1.0,4.0,NA,10.0,0.0,4.0,29.0,44.0,0.5,144.0,NA,NA,459.5,752.75,1.0
2026-03-07 15:00:00,58.0,117.5,19.25,32.5,28.0,45.25,11.0,0.0,46.25,1.0,4.0,NA,9.75,0.0,3.5,29.0,44.5,0.75,133.75,NA,NA,299.0,753.0,1.0
2026-03-07 16:00:00,61.5,126.5,20.5,33.0,29.5,49.5,10.5,0.25,45.0,1.0,4.0,NA,10.0,0.0,3.25,28.5,48.0,1.0,98.75,NA,NA,172.75,752.0,1.0
2026-03-07 17:00:00,65.75,140.75,17.75,33.0,27.5,50.0,7.0,0.0,41.75,1.0,4.0,NA,9.5,0.0,3.5,27.25,50.25,1.0,167.0,NA,NA,103.5,752.0,0.25
2026-03-07 18:00:00,65.0,161.0,18.75,32.25,27.75,49.0,7.75,0.0,34.75,1.0,4.0,NA,10.0,0.0,3.5,25.5,55.75,2.0,216.0,NA,NA,89.75,751.5,0.0
2026-03-07 19:00:00,68.75,182.25,18.0,31.75,27.0,57.5,11.67,0.33,27.0,1.75,6.0,NA,5.75,8.5,7.25,24.0,59.75,1.0,216.0,NA,NA,93.0,751.0,0.0
2026-03-07 20:00:00,86.25,214.75,18.75,30.25,26.75,62.25,18.25,1.0,14.5,2.0,6.5,NA,5.0,10.0,8.0,23.75,60.0,1.0,209.75,NA,NA,95.5,751.0,0.0
2026-03-07 21:00:00,99.0,248.25,23.75,32.75,32.25,59.25,25.33,0.0,14.25,2.0,6.5,NA,5.0,10.0,8.0,22.25,64.25,1.0,210.0,NA,NA,102.5,751.0,0.0
2026-03-07 22:00:00,115.5,234.0,17.5,31.25,26.5,53.0,30.25,0.0,13.25,3.0,8.0,NA,1.5,4.75,2.75,22.0,65.75,1.0,210.0,NA,NA,107.25,751.0,0.0
2026-03-07 23:00:00,128.67,211.0,15.67,31.0,24.67,52.0,8.0,0.5,12.33,3.0,8.33,NA,1.0,4.0,2.0,21.33,68.67,1.0,210.0,NA,NA,109.33,750.0,0.0
2026-03-08 00:00:00,125.25,235.0,18.75,32.5,27.75,39.0,15.5,1.5,10.5,2.0,6.75,NA,5.5,4.75,1.75,21.0,71.0,1.0,210.0,NA,NA,112.75,750.0,0.0
2026-03-08 01:00:00,126.5,255.75,19.0,31.75,27.75,38.0,17.0,0.67,11.0,2.0,7.25,NA,6.0,6.0,1.0,20.75,72.75,1.0,210.0,NA,NA,114.75,750.0,0.0
2026-03-08 02:00:00,127.0,264.25,19.25,32.0,28.0,42.75,20.75,0.75,12.75,2.0,7.0,NA,6.0,6.0,1.0,20.0,76.25,1.0,210.0,NA,NA,115.0,750.0,0.0
2026-03-08 03:00:00,120.25,255.5,19.5,32.0,28.25,43.25,10.0,0.0,14.75,2.0,8.0,NA,8.0,1.0,3.0,20.0,79.5,1.0,210.0,NA,NA,117.0,750.0,0.0
2026-03-08 04:00:00,113.5,239.25,20.25,31.75,28.75,48.0,15.0,0.5,16.5,2.25,8.0,NA,8.0,1.0,3.0,20.0,79.0,1.0,210.0,NA,NA,116.25,750.0,0.0
2026-03-08 05:00:00,121.25,220.5,18.25,30.5,26.25,50.75,11.33,0.33,16.75,2.75,6.5,NA,7.0,0.25,5.75,19.0,88.25,1.0,210.0,NA,NA,113.75,750.0,0.0
2026-03-08 06:00:00,128.5,205.25,18.0,32.25,27.25,52.5,5.0,1.0,17.0,3.0,5.25,NA,6.25,0.0,8.0,19.0,95.0,1.0,210.0,NA,NA,126.25,750.0,0.0
2026-03-08 07:00:00,134.25,216.75,19.75,32.0,28.25,52.75,7.67,0.33,23.25,3.0,5.0,NA,6.0,0.0,8.0,20.25,84.5,1.0,207.5,NA,NA,198.0,750.0,0.0
2026-03-08 08:00:00,141.75,210.5,18.5,31.25,27.25,56.5,5.75,1.0,28.75,3.0,5.0,NA,6.5,0.0,7.75,22.0,71.0,1.0,213.0,NA,NA,261.25,750.75,0.0
2026-03-08 09:00:00,138.75,180.5,19.25,31.0,27.5,55.25,10.0,0.33,33.75,1.0,4.0,NA,9.75,0.0,3.5,24.75,64.75,0.5,217.0,NA,NA,359.25,751.25,0.0
2026-03-08 10:00:00,138.0,167.0,17.25,31.75,26.25,56.75,8.0,1.0,42.5,1.0,4.0,NA,9.75,0.0,3.25,26.75,57.25,1.0,56.0,NA,NA,421.0,752.0,0.0
2026-03-08 11:00:00,144.0,155.0,16.75,32.25,26.25,51.5,7.0,0.0,48.25,1.0,4.0,NA,9.75,0.0,3.25,28.0,53.75,0.75,49.75,NA,NA,639.5,752.0,1.0
2026-03-08 12:00:00,NA,NA,17.0,30.5,25.5,43.75,0.0,0.0,58.5,1.0,4.0,NA,10.25,0.0,3.75,29.0,51.75,1.0,45.5,NA,NA,646.25,752.25,1.0
2026-03-08 13:00:00,NA,NA,17.5,33.0,27.25,43.0,5.67,0.0,57.5,1.0,4.0,NA,9.75,0.0,3.5,29.5,48.75,1.0,30.5,NA,NA,691.75,753.0,1.0
2026-03-08 14:00:00,NA,NA,18.25,33.25,28.0,43.75,1.0,0.0,52.75,1.0,4.0,NA,9.75,0.0,3.25,29.75,48.25,1.25,60.25,NA,NA,537.75,753.0,1.0
2026-03-08 15:00:00,NA,NA,18.0,32.5,27.25,45.25,7.33,0.0,46.5,1.0,4.0,NA,9.75,0.0,3.5,29.5,48.5,1.25,47.0,NA,NA,369.0,753.0,1.0
2026-03-08 16:00:00,55.0,63.5,19.25,32.25,28.0,48.75,7.25,0.5,45.75,1.0,4.0,NA,9.75,0.0,3.75,28.75,50.0,1.5,67.0,NA,NA,200.0,752.25,1.0
2026-03-08 17:00:00,58.5,68.5,19.75,32.25,28.5,48.25,10.33,1.0,40.5,1.0,4.0,NA,9.75,0.0,3.5,27.75,53.0,2.0,65.25,NA,NA,103.75,752.0,0.75
2026-03-08 18:00:00,63.5,72.5,18.5,30.25,26.5,48.75,11.25,1.0,33.5,1.0,4.0,NA,10.0,0.0,3.25,26.0,57.75,2.0,87.25,NA,NA,88.25,752.0,0.0
2026-03-08 19:00:00,70.75,102.0,18.5,31.75,27.5,58.5,10.67,0.33,26.25,2.0,6.0,NA,5.75,8.5,7.0,24.75,62.0,2.0,87.0,NA,NA,99.0,751.0,0.0
2026-03-08 20:00:00,84.25,118.25,18.75,31.25,27.0,62.5,17.25,1.0,14.0,2.0,6.25,NA,5.0,10.0,7.75,24.0,66.0,1.0,87.0,NA,NA,101.5,751.0,0.0
2026-03-08 21:00:00,102.25,141.75,24.75,33.25,33.25,58.5,25.67,0.33,14.5,2.0,6.25,NA,5.0,10.0,8.0,23.0,69.25,1.0,87.0,NA,NA,105.0,751.0,0.0
2026-03-08 22:00:00,113.0,182.0,17.0,29.75,25.0,52.0,30.25,1.75,13.5,3.0,7.75,NA,1.75,4.75,3.0,23.0,71.5,1.0,87.0,NA,NA,106.25,751.0,0.0
2026-03-08 23:00:00,NA,NA,20.67,32.0,29.33,52.33,14.5,0.5,12.67,3.33,8.33,NA,1.0,4.0,2.0,22.0,75.0,1.0,87.0,NA,NA,110.0,751.0,0.0
2026-03-09 00:00:00,NA,NA,19.5,32.0,27.75,37.75,28.0,1.0,10.75,2.0,6.5,NA,5.5,4.75,1.75,22.0,73.5,1.0,87.0,NA,NA,114.75,751.0,0.0
2026-03-09 01:00:00,NA,NA,18.25,32.25,27.25,38.75,9.33,0.33,10.25,2.0,7.0,NA,5.75,6.0,1.0,22.0,73.0,0.75,170.5,NA,NA,112.5,751.0,0.0
2026-03-09 02:00:00,NA,NA,18.0,31.25,26.75,42.25,2.67,0.25,12.75,2.0,7.0,NA,6.0,6.0,1.0,21.25,74.25,1.0,295.0,NA,NA,115.25,750.0,0.0
2026-03-09 03:00:00,NA,NA,18.5,31.75,27.25,43.0,7.0,0.33,15.0,2.0,8.0,NA,8.0,1.0,3.0,21.0,76.75,1.0,295.0,NA,NA,116.25,750.0,0.0
2026-03-09 04:00:00,NA,NA,17.5,31.0,26.0,50.75,5.0,1.0,16.5,2.0,8.25,NA,8.0,1.0,3.0,20.5,81.0,1.0,295.0,NA,NA,117.0,750.0,0.0
2026-03-09 05:00:00,NA,NA,19.25,31.25,27.5,51.0,11.67,0.67,16.5,2.75,6.25,NA,7.0,0.25,5.75,20.0,92.75,1.0,295.0,NA,NA,117.25,750.0,0.0
2026-03-09 06:00:00,NA,NA,19.5,31.75,28.25,52.25,14.0,1.0,17.5,3.0,5.0,NA,6.0,0.0,8.0,20.0,95.0,1.0,295.5,NA,NA,130.75,750.0,0.0
2026-03-09 07:00:00,NA,10.0,19.25,31.75,27.75,53.75,6.67,1.0,23.0,3.0,5.0,NA,6.0,0.0,8.0,21.5,82.25,1.0,297.5,NA,NA,193.75,750.5,0.0
2026-03-09 08:00:00,141.0,112.5,19.75,32.0,28.25,55.75,2.33,1.0,28.25,3.0,5.0,NA,6.25,0.0,7.75,23.25,71.5,1.0,227.75,NA,NA,255.25,751.0,0.0
2026-03-09 09:00:00,116.0,126.5,18.25,31.75,27.0,55.25,10.0,0.0,33.5,1.0,4.0,NA,9.75,0.0,3.5,24.75,64.5,1.0,294.0,NA,NA,376.5,751.5,0.0
2026-03-09 10:00:00,82.67,161.0,18.5,32.5,27.75,55.5,1.0,0.25,41.75,1.0,4.0,NA,10.0,0.0,3.25,26.75,59.75,1.0,300.0,NA,NA,383.5,752.0,0.0
2026-03-09 11:00:00,103.75,258.5,19.0,30.75,27.25,51.5,2.33,0.0,47.25,1.0,4.0,NA,9.75,0.0,3.5,28.25,55.75,1.0,285.0,NA,NA,606.0,752.0,1.0
2026-03-09 12:00:00,86.0,231.75,18.75,31.75,27.5,43.5,0.0,0.0,57.75,1.0,4.0,NA,9.5,0.0,3.75,29.75,50.0,1.0,239.75,NA,NA,609.25,753.0,1.0
2026-03-09 13:00:00,67.5,199.5,17.25,33.25,27.25,43.5,2.33,0.0,58.25,1.0,4.0,NA,9.5,0.0,3.5,30.25,47.75,0.75,301.0,NA,NA,608.25,753.0,1.0
2026-03-09 14:00:00,60.5,180.75,20.25,31.75,29.0,43.75,1.0,0.0,52.25,1.0,4.0,NA,10.0,0.0,3.5,31.0,44.75,1.0,234.0,NA,NA,534.5,753.0,1.0
2026-03-09 15:00:00,52.25,165.25,19.75,30.25,27.5,44.5,4.33,1.0,47.0,1.0,4.0,NA,10.0,0.0,3.5,31.0,42.5,1.0,95.0,NA,NA,391.75,753.0,1.0
2026-03-09 16:00:00,43.75,151.0,18.75,33.0,28.5,48.75,2.75,1.0,47.0,1.0,4.0,NA,10.0,0.0,3.0,30.75,42.0,2.0,67.25,NA,NA,199.25,753.0,1.0
2026-03-09 17:00:00,47.0,147.5,18.0,31.5,26.75,49.25,5.0,0.0,41.5,1.0,4.0,NA,10.0,0.0,3.25,29.5,45.0,2.0,66.5,NA,NA,99.75,753.0,1.0
2026-03-09 18:00:00,51.0,157.75,18.75,32.5,28.0,49.0,5.25,0.5,34.0,1.0,4.0,NA,9.75,0.0,3.25,27.75,53.75,2.0,213.75,NA,NA,87.5,752.0,0.5
2026-03-09 19:00:00,64.0,299.25,17.5,32.25,26.75,57.0,7.0,0.0,26.75,2.0,5.75,NA,5.75,8.5,7.0,26.25,66.5,1.5,219.75,NA,NA,95.5,751.75,0.0
2026-03-09 20:00:00,81.75,405.5,19.0,31.5,27.5,62.25,8.0,0.0,14.25,2.0,6.25,NA,5.0,9.75,8.0,24.25,77.75,1.0,226.5,NA,NA,101.25,751.0,0.0
2026-03-09 21:00:00,105.0,179.0,21.5,32.0,29.25,59.0,10.0,0.0,13.75,2.0,6.75,NA,5.0,10.0,8.0,23.25,80.5,1.0,228.25,NA,NA,104.0,751.0,0.0
2026-03-09 22:00:00,105.0,325.5,20.0,30.75,27.75,52.0,10.75,0.0,13.5,3.0,8.0,NA,1.5,4.75,2.75,23.0,82.75,1.0,227.5,NA,NA,105.0,751.0,0.0
2026-03-09 23:00:00,113.0,315.0,19.33,30.67,27.0,52.0,8.0,0.0,12.67,3.0,8.0,NA,1.0,4.0,2.0,22.33,86.33,1.0,229.0,NA,NA,105.0,751.0,0.0
2026-03-10 00:00:00,122.25,336.0,19.75,32.0,28.75,37.75,6.25,1.0,10.5,2.0,6.75,NA,5.75,4.75,1.75,22.0,95.0,1.0,229.5,NA,NA,107.5,751.0,0.0
2026-03-10 01:00:00,119.25,347.75,19.5,30.5,27.5,38.0,4.0,0.33,10.25,2.0,7.0,NA,5.5,6.0,1.0,22.0,95.0,1.0,230.0,NA,NA,104.0,751.0,0.0
2026-03-10 02:00:00,111.75,346.0,18.75,32.0,27.75,43.25,3.0,0.5,12.75,2.25,7.0,NA,6.0,6.0,1.0,22.0,95.0,0.75,243.0,NA,NA,106.0,750.5,0.0
2026-03-10 03:00:00,108.5,347.25,18.5,31.5,27.5,44.25,10.0,0.0,15.0,2.0,8.25,NA,8.0,1.0,3.0,21.0,95.0,1.0,237.75,NA,NA,107.0,750.0,0.0
2026-03-10 04:00:00,106.75,353.0,18.75,31.0,27.25,48.75,9.5,0.0,16.5,2.5,8.0,NA,8.0,1.0,3.0,20.5,95.0,1.0,219.0,NA,NA,107.5,750.0,0.0
2026-03-10 05:00:00,105.25,374.75,17.75,31.5,26.5,51.75,12.33,0.0,17.0,2.75,6.5,NA,7.0,0.25,5.75,20.0,95.0,1.0,225.5,NA,NA,109.5,750.0,0.0
2026-03-10 06:00:00,103.25,390.5,19.0,31.25,27.25,50.0,12.25,0.75,17.0,3.0,5.0,NA,6.0,0.0,8.0,20.0,95.0,1.0,222.75,NA,NA,119.75,750.0,0.0
2026-03-10 07:00:00,116.75,341.5,18.0,30.5,26.5,52.25,7.67,0.0,23.25,3.0,5.0,NA,6.0,0.0,8.0,20.25,95.0,1.0,213.0,NA,NA,187.0,750.0,0.0
2026-03-10 08:00:00,126.0,129.0,16.5,30.5,25.0,55.25,9.0,0.5,28.25,3.0,5.0,NA,6.5,0.0,7.75,21.25,95.0,1.0,207.75,NA,NA,273.0,750.25,0.0
2026-03-10 09:00:00,NA,NA,18.5,32.25,27.5,57.25,10.33,0.0,33.25,1.0,4.0,NA,10.0,0.0,3.0,23.0,88.75,1.0,227.25,NA,NA,389.75,751.0,0.0
2026-03-10 10:00:00,129.67,201.0,17.75,31.5,26.75,55.25,10.0,0.0,42.0,1.0,4.0,NA,10.0,0.0,3.5,25.5,74.0,0.5,217.25,NA,NA,406.75,751.5,0.0
2026-03-10 11:00:00,NA,NA,17.75,31.0,26.5,50.25,6.0,NA,48.0,1.0,4.0,NA,9.75,0.0,3.5,26.75,66.75,0.5,197.0,NA,NA,543.75,752.0,0.0
2026-03-10 12:00:00,NA,NA,17.75,32.75,27.25,43.5,NA,0.0,59.25,1.0,4.0,NA,10.0,0.0,3.5,28.25,63.5,1.0,260.5,NA,NA,535.5,752.25,0.5
2026-03-10 13:00:00,25.0,25.0,NA,NA,NA,42.5,16.67,0.0,59.0,1.0,4.0,NA,9.75,0.0,3.75,29.0,60.25,0.75,108.25,NA,NA,406.25,752.5,1.0
2026-03-10 14:00:00,171.25,369.5,21.0,31.0,29.0,43.25,3.75,0.0,58.5,1.0,4.0,NA,10.0,0.0,3.5,29.0,60.5,1.0,156.25,NA,NA,320.5,752.25,1.0
2026-03-10 15:00:00,125.25,358.0,19.25,32.25,28.5,45.0,6.0,0.0,NA,1.0,4.0,NA,10.0,0.0,3.75,29.0,61.5,1.0,167.0,NA,NA,244.5,752.0,1.0
2026-03-10 16:00:00,129.5,382.75,19.25,33.5,29.0,49.5,6.75,0.5,45.67,1.0,4.0,NA,10.0,0.0,4.0,28.5,62.5,1.0,185.5,NA,NA,182.25,752.0,1.0
2026-03-10 17:00:00,142.5,357.0,18.75,31.5,27.25,49.0,7.67,0.0,42.75,1.0,4.0,NA,9.75,0.0,3.75,27.75,64.5,1.75,200.25,NA,NA,121.5,752.0,0.5
2026-03-10 18:00:00,128.75,354.5,17.75,33.0,27.5,48.0,10.25,0.0,34.5,1.0,4.0,NA,9.0,0.0,3.5,26.5,68.75,2.0,212.5,NA,NA,99.5,752.0,0.0
2026-03-10 19:00:00,121.5,394.75,18.5,32.5,28.0,57.5,12.67,0.0,26.5,2.0,6.25,NA,5.75,8.5,7.25,25.75,73.0,2.0,209.0,NA,NA,99.75,752.0,0.0
2026-03-10 20:00:00,157.5,443.5,18.0,31.5,26.75,62.0,18.25,0.25,14.0,2.0,6.25,NA,5.0,10.0,8.0,25.0,76.5,1.0,214.75,NA,NA,100.75,751.0,0.0
2026-03-10 21:00:00,140.25,636.25,17.0,32.0,26.25,58.5,14.67,0.0,14.0,2.0,6.75,NA,5.0,10.0,7.75,24.25,79.5,1.0,214.5,NA,NA,101.25,751.0,0.0
2026-03-10 22:00:00,146.75,571.25,20.5,31.0,28.5,52.0,15.75,0.25,13.75,2.75,7.75,NA,1.75,4.75,2.75,24.0,81.0,1.0,243.25,NA,NA,105.25,751.0,0.0
2026-03-10 23:00:00,144.0,486.0,19.0,33.0,28.33,54.0,6.0,0.0,12.0,3.33,8.0,NA,1.0,4.0,2.0,24.0,83.0,1.0,303.33,NA,NA,110.0,751.0,0.0
2026-03-11 00:00:00,140.75,528.75,18.5,31.75,27.5,38.75,7.5,0.0,10.5,2.0,6.75,NA,5.75,4.75,1.75,22.75,94.5,1.0,289.5,NA,NA,112.0,751.0,0.0
2026-03-11 01:00:00,135.75,763.5,18.25,31.0,27.0,39.0,9.0,0.33,10.5,2.0,7.0,NA,6.0,6.0,1.0,22.25,95.0,1.0,300.0,NA,NA,112.0,751.0,0.0
2026-03-11 02:00:00,127.0,570.0,19.0,30.25,26.75,44.75,8.75,1.0,12.5,2.0,7.0,NA,6.0,6.0,1.0,22.0,95.0,1.0,281.75,NA,NA,115.0,751.0,0.0
2026-03-11 03:00:00,125.75,638.75,20.0,31.5,28.5,44.5,8.0,0.33,15.0,2.0,8.0,NA,8.0,1.0,3.0,21.25,95.0,1.0,278.0,NA,NA,117.75,750.25,0.0
2026-03-11 04:00:00,119.0,607.0,19.0,32.5,28.25,48.25,11.0,0.0,17.0,2.0,8.0,NA,7.75,1.0,3.0,21.0,95.0,1.0,285.5,NA,NA,121.75,750.0,0.0
2026-03-11 05:00:00,122.0,643.0,18.75,31.5,27.25,51.0,14.0,0.0,16.5,2.75,6.25,NA,6.75,0.25,5.75,21.0,95.0,1.0,271.0,NA,NA,120.5,750.0,0.0
2026-03-11 06:00:00,117.0,428.0,19.25,32.0,28.0,51.75,16.75,0.75,17.25,3.0,5.0,NA,6.25,0.0,8.0,21.0,95.0,1.0,268.0,NA,NA,133.25,750.0,0.0
2026-03-11 07:00:00,119.0,701.75,19.25,32.5,28.0,53.25,11.33,0.0,23.5,3.0,5.25,NA,6.5,0.0,8.0,21.75,95.0,1.0,316.0,NA,NA,185.5,750.75,0.0
2026-03-11 08:00:00,124.5,167.5,18.75,32.0,27.5,56.25,13.75,0.5,29.25,3.0,5.25,NA,6.25,0.0,7.75,23.25,95.0,1.0,261.75,NA,NA,281.5,751.0,0.0
2026-03-11 09:00:00,137.0,189.0,19.0,31.75,27.25,56.25,9.67,0.67,33.75,1.0,4.0,NA,9.75,0.0,3.5,25.25,78.75,1.0,42.5,NA,NA,429.25,751.25,0.0
2026-03-11 10:00:00,121.33,239.5,19.5,31.25,28.0,55.75,4.5,1.0,41.75,1.0,4.0,NA,9.75,0.0,3.5,26.5,71.75,1.0,64.25,NA,NA,456.25,752.0,0.0
2026-03-11 11:00:00,NA,10.0,18.25,33.25,27.75,52.5,8.0,0.0,47.25,1.0,4.0,NA,9.75,0.0,3.5,28.25,64.5,1.25,54.75,NA,NA,631.75,752.0,0.75
2026-03-11 12:00:00,80.25,161.0,17.25,31.75,26.5,42.25,3.25,0.0,58.5,1.0,4.0,NA,9.75,0.0,3.0,29.5,57.5,1.5,46.0,NA,NA,645.25,753.0,1.0
2026-03-11 13:00:00,89.0,197.25,18.25,31.75,27.0,43.75,6.33,0.0,58.75,1.0,4.0,NA,9.75,0.0,3.5,30.25,53.0,1.0,55.25,NA,NA,619.0,753.0,1.0
2026-03-11 14:00:00,73.5,203.25,17.5,31.75,26.5,43.0,4.75,0.5,53.25,1.0,4.0,NA,9.75,0.0,3.75,31.0,48.5,1.0,59.25,NA,NA,505.0,753.0,1.0
2026-03-11 15:00:00,100.0,207.25,20.0,31.75,28.5,44.75,6.0,0.0,46.0,1.0,4.0,NA,9.75,0.0,3.75,31.0,44.0,1.25,56.5,NA,NA,380.0,753.0,1.0
2026-03-11 16:00:00,76.0,181.25,17.75,31.25,26.0,49.0,6.0,0.0,47.5,1.0,4.0,NA,9.5,0.0,3.75,30.75,41.5,1.25,60.0,NA,NA,226.5,753.0,1.0
2026-03-11 17:00:00,54.75,179.5,18.0,32.5,27.5,47.75,7.0,0.0,41.75,1.0,4.0,NA,9.5,0.0,3.0,29.5,43.5,1.75,68.5,NA,NA,85.75,752.75,1.0
2026-03-11 18:00:00,52.75,189.5,18.25,32.75,28.0,48.0,9.0,1.0,33.75,1.0,4.0,NA,10.0,0.0,3.5,27.25,48.75,2.0,72.5,NA,NA,78.25,752.0,0.25
2026-03-11 19:00:00,123.75,234.75,18.75,32.0,27.75,58.25,17.0,1.0,26.5,2.0,6.0,NA,5.75,8.5,7.25,25.25,54.25,2.0,72.0,NA,NA,83.25,751.5,0.0
2026-03-11 20:00:00,106.0,283.25,17.75,31.0,26.5,62.25,24.75,1.5,14.5,2.0,6.75,NA,5.0,10.0,8.0,24.25,58.0,1.25,72.0,NA,NA,87.5,751.0,0.0
2026-03-11 21:00:00,115.5,345.75,19.0,31.5,27.25,58.75,17.33,0.67,14.0,2.0,6.5,NA,5.0,10.0,8.0,23.75,61.5,1.0,72.0,NA,NA,94.75,751.0,0.0
2026-03-11 22:00:00,128.25,407.25,16.75,33.0,26.75,52.0,28.0,1.0,13.5,3.0,7.75,NA,1.5,4.75,2.75,23.0,64.25,1.0,72.0,NA,NA,93.75,751.0,0.0
2026-03-11 23:00:00,147.67,424.0,17.67,32.67,27.33,53.33,17.0,0.0,12.67,3.0,8.0,NA,1.0,4.0,2.0,22.33,66.67,1.0,71.67,NA,NA,93.0,751.0,0.0
2026-03-12 00:00:00,135.75,382.25,17.75,32.75,27.5,39.0,20.75,0.0,10.25,2.0,6.5,NA,5.75,4.75,1.75,21.5,71.5,1.0,72.25,NA,NA,99.75,750.25,0.0
2026-03-12 01:00:00,125.25,367.25,18.0,32.25,27.5,39.5,16.0,0.67,10.75,2.0,7.0,NA,6.0,6.0,1.0,21.5,71.0,1.0,268.25,NA,NA,98.25,750.5,0.0
2026-03-12 02:00:00,108.75,325.75,19.25,31.5,27.75,41.25,24.75,0.5,12.5,2.0,7.0,NA,6.0,6.0,1.0,21.0,66.0,1.0,353.0,NA,NA,99.25,750.0,0.0
2026-03-12 03:00:00,155.5,245.25,18.0,32.75,27.25,43.75,9.0,0.0,14.75,2.0,8.0,NA,8.0,1.0,3.0,21.0,60.0,1.0,121.5,NA,NA,93.5,750.0,0.0
2026-03-12 04:00:00,109.5,191.75,18.5,30.75,26.75,49.5,0.5,0.0,16.5,2.25,8.25,NA,8.0,1.0,3.0,20.25,61.5,1.0,48.75,NA,NA,78.5,750.0,0.0
2026-03-12 05:00:00,154.5,200.5,18.25,32.25,27.25,51.25,7.0,0.0,16.5,2.75,6.5,NA,7.0,0.25,5.75,20.0,62.0,1.0,31.25,NA,NA,80.0,750.0,0.0
2026-03-12 06:00:00,112.75,207.25,18.25,31.25,27.0,49.25,1.5,1.0,17.0,3.0,5.0,NA,6.0,0.0,8.0,20.0,60.0,1.0,34.25,NA,NA,96.25,750.0,0.0
2026-03-12 07:00:00,90.25,210.5,19.75,32.5,28.75,53.0,7.67,0.67,23.75,3.0,5.0,NA,6.25,0.0,8.0,21.25,55.0,1.0,48.25,NA,NA,221.5,750.5,0.0
2026-03-12 08:00:00,84.5,205.75,19.5,32.5,28.25,57.25,7.25,1.0,28.0,2.75,5.0,NA,6.5,0.0,7.75,23.5,51.0,1.0,68.75,NA,NA,271.5,751.0,0.0
2026-03-12 09:00:00,77.25,217.0,18.25,32.5,27.5,54.5,10.0,0.67,33.25,1.0,4.0,NA,10.0,0.0,3.75,25.25,51.0,1.0,55.75,NA,NA,460.0,751.5,0.0
2026-03-12 10:00:00,74.5,226.0,18.0,32.5,27.25,56.0,7.5,0.5,42.0,1.0,4.0,NA,10.0,0.0,3.25,27.5,49.25,1.0,50.0,NA,NA,439.75,752.0,0.5
2026-03-12 11:00:00,73.25,213.25,17.5,32.5,27.0,52.0,8.67,0.0,48.0,1.0,4.0,NA,10.0,0.0,3.75,29.75,44.25,1.5,52.0,NA,NA,684.0,753.0,1.0
2026-03-12 12:00:00,47.5,183.75,17.75,31.75,27.0,43.25,5.5,0.0,58.75,1.0,4.0,NA,10.0,0.0,3.75,31.25,38.75,1.75,44.0,NA,NA,683.25,753.0,1.0
2026-03-12 13:00:00,47.25,174.75,18.25,31.0,27.0,43.25,7.33,0.33,58.75,1.0,4.0,NA,10.0,0.0,3.25,32.0,35.75,1.0,54.0,NA,NA,737.25,753.0,1.0
2026-03-12 14:00:00,38.75,180.75,18.0,32.5,26.75,43.5,5.75,0.0,54.25,1.0,4.0,NA,9.75,0.0,3.5,32.0,35.75,1.0,56.25,NA,NA,563.0,753.0,1.0
2026-03-12 15:00:00,57.5,172.5,20.0,31.0,28.25,44.5,5.67,0.0,46.5,1.0,4.0,NA,9.75,0.0,3.75,31.25,36.5,1.25,49.25,NA,NA,283.75,753.0,1.0
2026-03-12 16:00:00,44.0,165.0,19.5,31.5,28.25,49.0,6.25,0.25,46.0,1.0,4.0,NA,9.75,0.0,3.25,31.0,36.75,1.5,57.5,NA,NA,248.25,753.0,1.0
2026-03-12 17:00:00,39.5,168.25,18.5,32.25,27.5,48.5,12.67,0.0,41.5,1.0,4.0,NA,10.0,0.0,3.5,29.75,39.5,1.75,41.0,NA,NA,89.25,753.0,1.0
2026-03-12 18:00:00,34.0,174.0,18.0,33.0,28.0,49.0,14.25,0.0,34.25,1.0,4.0,NA,9.75,0.0,3.25,28.0,44.75,2.0,34.5,NA,NA,67.0,752.0,0.75
2026-03-12 19:00:00,105.5,385.25,18.75,31.5,27.75,57.75,11.0,0.33,26.25,2.0,6.25,NA,5.75,8.5,7.25,26.75,49.25,2.0,28.25,NA,NA,83.25,752.0,0.0
2026-03-12 20:00:00,91.5,315.25,18.5,31.75,27.25,62.25,17.75,1.0,14.25,2.0,6.25,NA,5.0,10.0,8.0,25.0,53.75,1.75,33.25,NA,NA,79.5,751.5,0.0
2026-03-12 21:00:00,94.75,345.25,17.75,32.25,27.0,58.25,16.0,0.33,14.0,2.0,6.5,NA,5.0,10.0,8.0,24.75,53.75,1.0,33.33,NA,NA,87.75,751.0,0.0
2026-03-12 22:00:00,97.75,286.0,17.5,33.0,27.0,52.0,21.25,0.0,13.25,3.0,7.75,NA,1.5,4.75,3.0,24.75,51.25,1.25,32.25,NA,NA,69.0,751.0,0.0
2026-03-12 23:00:00,81.0,237.0,19.33,30.33,27.33,52.0,10.0,0.0,12.0,3.33,8.0,NA,1.0,4.0,2.0,23.67,53.33,1.0,36.67,NA,NA,80.33,751.0,0.0
2026-03-13 00:00:00,81.25,247.75,19.0,33.5,28.75,39.0,8.25,0.75,10.5,2.25,6.75,NA,5.5,4.75,1.75,22.25,56.5,1.0,47.5,NA,NA,91.25,751.0,0.0
2026-03-13 01:00:00,65.75,208.0,19.0,32.25,28.0,38.75,10.0,0.0,10.5,2.25,7.0,NA,6.0,6.0,1.0,22.0,55.75,1.0,32.5,NA,NA,93.0,751.0,0.0
2026-03-13 02:00:00,55.25,177.75,17.5,32.25,26.75,42.5,8.75,0.0,12.75,2.0,7.0,NA,6.0,6.0,1.0,21.5,55.75,1.0,71.5,NA,NA,88.5,750.25,0.0
2026-03-13 03:00:00,62.5,157.0,18.5,32.25,27.75,43.5,9.33,0.0,14.75,2.25,8.0,NA,8.0,1.0,3.0,20.5,59.75,0.5,204.25,NA,NA,87.25,750.0,0.0
2026-03-13 04:00:00,63.25,211.25,17.5,32.25,26.75,49.5,7.5,0.0,16.75,2.0,8.0,NA,8.0,1.0,3.0,19.75,63.0,1.0,353.25,NA,NA,89.5,750.0,0.0
2026-03-13 05:00:00,87.0,181.5,20.75,31.0,28.5,51.75,8.67,0.0,16.25,2.5,6.5,NA,6.75,0.25,5.75,19.0,62.25,1.0,133.25,NA,NA,100.25,750.0,0.0
2026-03-13 06:00:00,79.0,191.25,19.0,31.0,27.25,51.25,8.25,0.0,16.5,3.0,5.0,NA,6.5,0.0,8.0,19.25,60.5,0.75,62.75,NA,NA,108.75,750.0,0.0
2026-03-13 07:00:00,88.0,234.5,19.25,30.25,27.25,53.5,11.0,0.33,23.25,3.0,5.0,NA,6.0,0.0,8.0,21.0,56.5,1.0,73.5,NA,NA,220.0,750.25,0.0
2026-03-13 08:00:00,85.0,250.5,20.0,31.75,28.5,57.0,12.5,1.0,29.5,2.75,5.25,NA,6.5,0.0,7.75,23.25,54.5,1.0,72.25,NA,NA,267.25,751.0,0.0
2026-03-13 09:00:00,104.5,282.0,19.25,31.5,27.5,56.0,9.0,0.0,33.25,1.0,4.0,NA,9.75,0.0,3.5,26.5,52.5,0.5,142.75,NA,NA,494.5,751.75,0.25
2026-03-13 10:00:00,98.75,272.5,17.5,32.25,26.5,56.25,7.25,0.0,41.25,1.0,4.0,NA,10.0,0.0,3.75,28.5,48.25,1.0,76.75,NA,NA,389.0,752.0,1.0
2026-03-13 11:00:00,92.0,216.0,19.0,31.75,28.0,52.75,6.33,0.0,48.0,1.0,4.0,NA,9.75,0.0,3.25,29.75,44.0,1.0,49.5,NA,NA,699.25,753.0,1.0
2026-03-13 12:00:00,84.25,174.25,17.5,32.25,27.0,43.5,4.0,0.0,58.5,1.0,4.0,NA,9.5,0.0,3.5,31.0,40.5,1.5,46.5,NA,NA,762.5,753.0,1.0
2026-03-13 13:00:00,68.5,164.75,18.25,32.75,28.0,42.0,8.0,0.0,59.0,1.0,4.0,NA,9.75,0.0,3.25,31.75,38.5,1.25,43.25,NA,NA,691.75,753.0,1.0
2026-03-13 14:00:00,48.0,141.75,18.0,32.75,27.5,43.5,6.75,0.0,53.75,1.0,4.0,NA,9.75,0.0,3.0,31.75,39.25,1.0,52.5,NA,NA,583.0,753.0,1.0
2026-03-13 15:00:00,93.5,152.5,19.75,31.0,27.75,46.25,7.33,0.67,45.75,1.0,4.0,NA,10.0,0.0,3.25,32.0,39.25,1.25,57.0,NA,NA,430.75,753.0,1.0
2026-03-13 16:00:00,67.0,149.0,20.0,32.25,28.75,50.0,5.5,0.5,46.25,1.0,4.0,NA,10.0,0.0,4.0,31.25,31.75,1.5,55.0,NA,NA,231.25,749.75,0.5
2026-03-13 17:00:00,47.5,143.75,18.25,32.0,27.25,49.0,8.33,1.0,41.75,1.0,4.0,NA,9.5,0.0,3.0,30.0,38.75,1.5,60.25,NA,NA,88.25,753.0,1.0
2026-03-13 18:00:00,44.25,151.75,18.0,31.5,27.0,49.75,12.0,1.0,34.5,1.0,4.0,NA,9.75,0.0,3.5,28.25,44.0,2.0,36.0,NA,NA,67.25,752.0,0.75
2026-03-13 19:00:00,101.25,198.5,18.0,32.75,27.25,57.75,9.0,0.33,25.75,2.0,6.0,NA,5.75,8.0,7.0,27.0,48.25,1.5,58.25,NA,NA,65.25,752.0,0.0
2026-03-13 20:00:00,76.0,218.0,18.75,32.75,28.0,62.25,12.25,0.75,14.0,2.0,6.75,NA,5.0,10.0,7.75,25.75,50.75,1.0,69.5,NA,NA,68.25,752.0,0.0
2026-03-13 21:00:00,76.0,210.75,17.0,31.5,26.25,59.25,10.67,0.0,14.5,2.0,6.25,NA,5.0,10.0,8.0,24.5,53.0,1.0,75.25,NA,NA,73.5,751.0,0.0
2026-03-13 22:00:00,62.5,198.75,19.0,31.75,28.0,52.75,11.25,0.0,13.5,3.0,8.25,NA,1.75,5.0,3.0,24.0,54.75,1.0,70.75,NA,NA,73.0,751.0,0.0
2026-03-13 23:00:00,77.67,190.33,20.67,32.67,30.0,52.67,6.5,0.0,12.33,3.0,8.0,NA,1.0,4.0,2.0,23.0,57.0,1.0,72.33,NA,NA,72.0,751.0,0.0
2026-03-14 00:00:00,64.25,182.25,19.5,33.0,29.0,38.75,7.25,0.0,11.0,2.0,6.5,NA,5.75,4.75,1.75,22.0,59.5,1.0,68.5,NA,NA,79.0,751.0,0.0
2026-03-14 01:00:00,63.5,179.25,19.5,31.5,28.25,38.0,10.67,0.0,10.25,2.0,7.0,NA,6.0,6.0,1.0,21.0,57.5,1.0,65.75,NA,NA,85.25,750.0,0.0
2026-03-14 02:00:00,53.0,160.25,19.0,30.75,27.0,43.75,11.75,0.0,13.0,2.5,7.0,NA,6.0,6.0,1.0,21.0,58.0,1.0,66.75,NA,NA,87.25,750.0,0.0
2026-03-14 03:00:00,66.5,152.0,18.25,31.5,27.0,44.0,8.33,0.0,15.25,2.0,8.0,NA,8.0,1.0,3.0,20.0,60.75,1.0,71.5,NA,NA,92.5,750.0,0.0
2026-03-14 04:00:00,55.25,147.75,18.5,31.75,27.25,49.0,8.0,0.0,17.0,2.0,8.0,NA,8.0,1.0,3.0,19.5,63.5,1.0,69.5,NA,NA,93.25,750.0,0.0
2026-03-14 05:00:00,55.5,145.25,19.25,30.75,27.0,50.5,11.33,0.0,17.0,2.75,6.5,NA,7.0,0.25,5.75,19.0,65.75,1.0,54.25,NA,NA,88.25,750.0,0.0
2026-03-14 06:00:00,45.0,136.5,18.75,30.75,27.0,52.75,11.75,0.0,16.75,3.0,5.25,NA,6.0,0.0,8.0,18.5,67.0,1.0,54.0,NA,NA,115.25,750.0,0.0
2026-03-14 07:00:00,50.75,135.0,18.75,32.0,27.75,52.0,13.33,0.0,23.5,3.0,5.25,NA,6.0,0.0,8.0,20.25,63.0,1.0,37.5,NA,NA,226.25,750.0,0.0
2026-03-14 08:00:00,47.75,143.5,19.25,33.25,28.75,56.25,16.25,0.5,28.5,2.75,5.0,NA,6.25,0.0,7.75,22.5,57.5,1.0,52.0,NA,NA,261.5,751.0,0.0
2026-03-14 09:00:00,48.5,157.75,17.75,31.5,26.5,56.0,10.33,0.0,34.0,1.0,4.0,NA,9.5,0.0,4.0,24.5,53.0,1.0,37.25,NA,NA,519.5,751.25,0.0
2026-03-14 10:00:00,60.0,167.0,18.5,33.5,28.5,57.75,8.25,0.0,41.75,1.0,4.0,NA,9.75,0.0,3.5,26.5,45.75,1.0,40.0,NA,NA,367.25,752.0,0.0
2026-03-14 11:00:00,56.0,161.0,19.5,32.0,28.75,52.5,10.67,0.0,47.0,1.0,4.25,NA,9.25,0.0,3.25,28.25,39.75,1.0,24.25,NA,NA,669.25,752.0,1.0
2026-03-14 12:00:00,43.0,154.0,18.5,32.75,27.5,44.5,9.0,0.0,58.0,1.0,4.0,NA,10.0,0.0,3.5,29.75,36.0,1.0,25.0,NA,NA,723.5,753.0,1.0
2026-03-14 13:00:00,34.25,146.25,18.75,32.75,27.75,43.0,7.0,0.0,58.75,1.0,4.0,NA,10.0,0.0,3.75,30.0,36.25,1.5,16.5,NA,NA,744.0,753.0,1.0
2026-03-14 14:00:00,23.75,134.75,18.0,33.0,27.25,42.5,6.25,0.0,54.5,1.0,4.0,NA,9.75,0.0,3.0,30.25,35.25,1.5,41.5,NA,NA,637.5,753.0,1.0
2026-03-14 15:00:00,105.5,134.75,17.25,32.75,26.5,44.75,9.33,0.67,46.0,1.0,4.0,NA,9.25,0.0,3.75,30.5,34.75,1.25,40.5,NA,NA,352.75,753.0,1.0
2026-03-14 16:00:00,83.25,115.25,18.5,31.75,27.25,48.5,9.0,1.0,45.75,1.0,4.0,NA,10.25,0.0,3.75,29.5,36.25,1.5,49.25,NA,NA,187.25,753.0,1.0
2026-03-14 17:00:00,60.0,120.5,19.25,31.75,27.75,49.25,10.33,0.0,42.0,1.0,4.0,NA,10.0,0.0,3.75,28.5,39.0,1.75,65.5,NA,NA,110.0,752.25,1.0
2026-03-14 18:00:00,57.0,129.75,16.75,33.0,26.75,49.25,12.5,0.25,34.5,1.0,4.0,NA,9.75,0.0,3.75,26.75,43.5,2.0,32.5,NA,NA,77.5,752.0,0.0
2026-03-14 19:00:00,47.5,156.75,16.75,33.0,26.5,57.75,11.33,0.0,26.0,2.0,6.25,NA,5.75,8.25,7.25,26.0,46.75,1.75,44.75,NA,NA,97.0,752.0,0.0
2026-03-14 20:00:00,57.0,175.75,16.5,32.0,25.75,62.5,16.25,0.5,14.25,2.0,6.25,NA,5.0,10.0,7.75,24.5,49.5,1.5,48.75,NA,NA,93.5,751.0,0.0
2026-03-14 21:00:00,64.0,208.0,18.5,32.75,27.75,58.5,17.0,0.0,14.0,2.0,6.75,NA,5.0,10.0,7.75,23.5,53.5,1.0,51.0,NA,NA,88.75,751.0,0.0
2026-03-14 22:00:00,77.0,264.5,17.75,32.0,26.75,52.0,24.0,0.5,14.0,3.0,7.75,NA,1.5,4.75,2.75,23.5,54.0,1.0,58.75,NA,NA,119.5,751.0,0.0
2026-03-14 23:00:00,78.33,239.0,15.67,32.33,25.33,52.67,16.0,0.0,12.33,3.33,8.0,NA,1.0,4.0,2.0,22.67,55.0,1.0,167.67,NA,NA,99.67,751.0,0.0
2026-03-15 00:00:00,73.75,256.75,19.5,32.5,28.75,38.5,19.0,0.0,10.0,2.25,6.5,NA,5.75,4.75,1.75,22.0,58.0,1.0,180.25,NA,NA,96.25,750.75,0.0
2026-03-15 01:00:00,99.5,226.0,18.75,32.25,27.75,39.25,11.0,0.0,10.75,2.0,7.0,NA,6.0,6.0,1.0,22.0,53.75,0.75,165.0,NA,NA,114.75,751.0,0.0
2026-03-15 02:00:00,78.5,172.0,18.5,31.75,27.5,43.75,11.5,0.0,12.75,2.0,7.0,NA,6.0,6.0,1.0,22.0,51.5,0.75,162.75,NA,NA,97.75,750.75,0.0
2026-03-15 03:00:00,57.0,139.0,17.0,32.0,26.25,44.5,9.33,0.67,14.5,2.0,8.0,NA,8.0,1.0,3.0,21.0,53.0,1.0,197.0,NA,NA,109.5,750.0,0.0
2026-03-15 04:00:00,60.0,142.75,17.5,31.5,26.25,49.0,6.75,1.0,16.5,2.0,8.0,NA,8.0,1.0,3.0,21.0,54.75,1.0,215.25,NA,NA,113.75,750.0,0.0
2026-03-15 05:00:00,64.5,158.5,16.5,32.75,26.25,52.5,12.33,0.0,17.0,2.5,6.75,NA,6.75,0.25,5.75,21.0,55.5,0.75,262.75,NA,NA,119.75,750.0,0.0
2026-03-15 06:00:00,85.5,171.25,16.75,31.25,25.75,50.25,13.0,0.0,17.25,3.0,5.0,NA,6.0,0.0,8.0,20.25,59.25,0.5,131.5,NA,NA,123.0,750.0,0.0
2026-03-15 07:00:00,78.75,397.75,18.25,32.0,27.25,53.25,10.33,0.0,22.5,3.0,5.25,NA,6.0,0.0,8.0,21.0,59.0,0.75,183.0,NA,NA,212.5,750.25,0.0
2026-03-15 08:00:00,76.0,212.0,19.25,31.5,27.75,57.0,8.25,0.0,29.25,2.75,5.0,NA,6.5,0.0,7.75,22.75,52.0,0.75,193.0,NA,NA,263.0,751.0,0.0
2026-03-15 09:00:00,64.0,155.25,20.5,32.25,29.0,55.5,10.33,0.33,33.0,1.0,4.0,NA,9.75,0.0,3.25,24.5,48.75,1.0,213.0,NA,NA,399.75,751.25,0.0
2026-03-15 10:00:00,58.5,124.5,19.0,32.75,28.0,56.0,9.25,1.0,41.5,1.0,4.0,NA,9.75,0.0,3.5,25.75,42.5,1.0,234.5,NA,NA,307.0,751.75,0.0
2026-03-15 11:00:00,51.25,135.5,18.25,32.5,27.5,51.5,12.0,0.0,48.25,1.0,4.0,NA,9.75,0.0,3.5,26.0,41.75,1.0,223.5,NA,NA,270.0,752.0,0.0
2026-03-15 12:00:00,42.25,151.0,19.0,32.25,28.0,44.25,11.0,0.0,59.0,1.0,4.0,NA,9.75,0.0,3.75,26.0,45.5,1.0,157.25,NA,NA,386.75,752.0,0.0
2026-03-15 13:00:00,44.5,189.0,17.75,31.25,26.25,43.75,9.33,0.0,58.5,1.0,4.0,NA,9.75,0.0,3.75,27.0,45.5,1.0,194.0,NA,NA,656.5,752.0,0.0
2026-03-15 14:00:00,49.25,174.5,17.5,32.5,27.0,42.75,8.25,0.0,53.0,1.0,4.0,NA,10.0,0.0,3.25,27.0,45.75,1.0,215.0,NA,NA,541.5,752.0,0.0
2026-03-15 15:00:00,43.25,142.75,18.0,33.5,28.0,45.75,6.0,0.0,47.25,1.0,4.0,NA,9.75,0.0,3.25,27.0,43.5,1.25,229.75,NA,NA,403.75,751.25,0.0
2026-03-15 16:00:00,61.5,137.0,19.5,32.5,28.25,49.25,9.0,0.0,46.0,1.0,4.0,NA,9.75,0.0,3.25,27.0,45.25,1.0,189.5,NA,NA,212.25,752.0,0.0
2026-03-15 17:00:00,47.25,129.25,17.25,31.5,26.5,48.25,8.67,0.0,42.75,1.0,4.0,NA,10.0,0.0,3.5,25.5,46.75,0.5,163.5,NA,NA,103.25,751.75,0.0
2026-03-15 18:00:00,62.0,224.25,17.25,32.5,26.5,49.25,9.0,0.0,34.0,1.0,4.0,NA,9.75,0.0,3.5,21.5,52.5,0.5,168.5,NA,NA,93.0,750.5,0.0
2026-03-15 19:00:00,50.33,207.67,18.33,32.25,27.33,55.33,9.0,0.0,30.33,1.67,6.0,NA,5.75,8.0,7.0,21.0,54.0,0.75,198.67,NA,NA,94.67,750.0,0.0
2026-03-15 20:00:00,36.75,164.75,19.5,31.0,27.75,62.5,9.5,0.0,14.0,2.0,6.0,NA,5.0,10.0,8.0,20.25,55.0,1.0,199.25,NA,NA,92.25,750.0,0.0
2026-03-15 21:00:00,39.25,131.5,18.25,32.75,27.25,58.5,10.33,0.0,14.5,2.0,6.5,NA,5.0,10.0,7.75,20.0,56.0,1.0,209.5,NA,NA,87.75,750.0,0.0
2026-03-15 22:00:00,39.25,132.0,18.0,31.5,27.0,51.75,11.0,0.25,13.5,3.0,8.0,NA,1.75,5.0,2.75,19.5,54.5,1.0,204.5,NA,NA,86.5,749.25,0.0
2026-03-15 23:00:00,31.0,117.67,19.0,31.67,27.67,52.0,11.5,0.0,12.33,3.33,8.0,NA,1.0,4.0,2.0,18.67,52.0,1.0,219.33,NA,NA,95.0,748.33,0.0
2026-03-16 00:00:00,28.25,109.75,18.75,32.0,27.5,38.0,14.25,0.0,10.5,2.0,6.75,NA,5.5,4.75,1.75,20.0,52.0,1.0,230.0,NA,NA,97.5,749.5,0.0
2026-03-16 01:00:00,25.5,81.5,18.0,32.0,27.25,39.0,9.67,0.0,10.0,2.0,7.0,NA,5.75,6.0,1.0,20.25,50.5,1.0,223.5,NA,NA,92.5,750.0,0.0
2026-03-16 02:00:00,24.0,60.75,19.0,31.25,27.75,43.5,10.75,0.0,12.75,2.25,7.0,NA,6.0,6.0,1.0,20.25,50.5,1.0,218.5,NA,NA,101.5,750.0,0.0
2026-03-16 03:00:00,18.0,52.75,18.25,31.5,27.25,43.25,13.67,0.0,14.75,2.25,8.0,NA,8.0,1.0,3.0,18.5,58.25,1.0,191.75,NA,NA,92.25,749.5,0.0
2026-03-16 04:00:00,24.5,77.0,19.75,32.0,28.5,48.75,14.25,0.0,17.0,2.0,8.25,NA,8.0,1.0,3.0,17.0,63.75,0.25,151.25,NA,NA,103.0,749.0,0.0
2026-03-16 05:00:00,30.25,90.5,18.75,32.75,28.0,51.0,12.33,1.0,16.5,2.5,6.25,NA,7.25,0.25,5.75,16.75,65.0,0.0,145.25,NA,NA,110.0,749.0,0.0
2026-03-16 06:00:00,32.75,91.25,17.5,31.0,26.25,51.5,12.0,1.0,17.0,3.0,5.0,NA,6.25,0.0,8.0,17.0,62.25,0.25,181.25,NA,NA,124.75,749.0,0.0
2026-03-16 07:00:00,34.0,74.75,18.25,32.0,27.25,53.75,7.67,1.0,23.0,3.0,5.0,NA,6.25,0.0,8.0,18.0,58.25,0.75,187.25,NA,NA,213.25,749.5,0.0
2026-03-16 08:00:00,35.75,84.0,19.0,32.0,28.25,56.0,7.75,1.0,28.75,3.0,5.0,NA,6.5,0.0,7.75,20.25,52.25,1.0,193.75,NA,NA,307.5,750.0,0.0
2026-03-16 09:00:00,36.75,98.75,17.5,32.5,27.0,57.25,8.67,0.0,34.0,1.0,4.0,NA,9.75,0.0,3.5,22.75,47.75,1.0,201.5,NA,NA,472.0,751.0,0.0
2026-03-16 10:00:00,37.75,89.75,17.75,33.75,28.0,57.0,8.5,0.0,41.75,1.0,4.0,NA,9.5,0.0,3.0,25.25,42.5,1.0,218.25,NA,NA,411.5,751.5,0.0
2026-03-16 11:00:00,33.75,92.25,18.25,32.75,27.75,52.0,7.33,0.0,48.0,1.0,4.0,NA,9.5,0.0,3.75,27.25,38.75,1.25,223.75,NA,NA,711.0,752.0,0.0
2026-03-16 12:00:00,30.5,100.0,19.25,31.5,27.5,44.25,6.5,0.0,58.75,1.0,4.0,NA,9.75,0.0,3.75,28.25,39.75,1.0,237.75,NA,NA,708.5,752.0,0.75
2026-03-16 13:00:00,32.5,112.25,16.25,33.0,26.5,43.0,10.67,0.0,59.0,1.0,4.0,NA,9.5,0.0,3.5,29.0,40.5,1.25,268.0,NA,NA,675.5,752.5,1.0
2026-03-16 14:00:00,20.25,97.0,19.25,30.75,27.5,45.25,10.75,0.0,53.25,1.0,4.0,NA,9.5,0.0,3.5,29.25,41.25,1.0,255.25,NA,NA,586.25,752.75,1.0
2026-03-16 15:00:00,41.0,105.25,18.75,32.0,27.25,53.25,1.5,0.0,46.25,1.0,4.0,NA,9.75,0.0,3.25,29.5,41.25,1.0,255.0,NA,NA,372.0,753.0,1.0
2026-03-16 16:00:00,41.75,105.25,18.25,30.5,26.25,56.75,0.0,0.0,47.25,1.0,4.0,NA,10.25,0.0,3.25,29.5,41.0,1.0,87.5,NA,NA,213.5,753.0,1.0
2026-03-16 17:00:00,47.75,117.0,17.25,32.5,26.5,57.0,7.67,0.33,41.75,1.0,4.0,NA,9.75,0.0,3.25,28.75,42.25,1.75,81.25,NA,NA,97.25,752.25,1.0
2026-03-16 18:00:00,44.75,134.5,18.5,31.25,26.75,57.25,10.0,0.5,34.25,1.0,4.0,NA,9.75,0.0,3.5,26.75,45.5,1.25,173.5,NA,NA,77.0,752.0,0.0
2026-03-16 19:00:00,63.5,161.75,19.0,33.5,28.5,58.75,10.67,0.0,27.0,2.0,6.0,NA,5.75,8.25,7.25,25.5,48.75,1.0,178.75,NA,NA,83.5,751.75,0.0
2026-03-16 20:00:00,52.5,179.75,19.0,32.0,27.75,62.0,13.75,0.0,14.25,2.0,6.75,NA,5.0,10.0,8.0,24.5,51.25,1.0,187.25,NA,NA,84.5,751.0,0.0
2026-03-16 21:00:00,64.25,182.0,18.0,31.0,26.25,58.25,12.33,0.0,14.5,2.0,6.5,NA,5.0,10.0,8.0,23.5,52.0,1.0,152.75,NA,NA,86.75,751.0,0.0
2026-03-16 22:00:00,78.0,185.25,19.0,30.75,27.5,52.75,15.75,0.0,13.25,3.25,7.75,NA,1.5,5.0,2.75,22.75,53.75,1.0,183.25,NA,NA,95.0,751.0,0.0
2026-03-16 23:00:00,73.67,206.0,19.0,33.33,28.33,52.67,13.0,0.5,12.33,3.0,8.0,NA,1.0,4.0,2.0,22.0,53.33,1.0,197.67,NA,NA,94.0,751.0,0.0
2026-03-17 00:00:00,76.25,217.0,19.5,31.5,27.75,38.5,13.5,0.75,10.0,2.0,6.75,NA,5.5,4.75,1.75,21.25,55.75,1.0,204.75,NA,NA,97.25,750.25,0.0
2026-03-17 01:00:00,78.0,195.75,18.75,31.0,26.75,39.25,11.33,0.0,10.75,2.0,7.0,NA,6.0,6.0,1.0,21.25,54.5,1.0,216.0,NA,NA,96.25,750.0,0.0
2026-03-17 02:00:00,58.5,172.25,17.25,30.5,25.5,42.75,12.5,0.0,12.5,2.0,7.0,NA,6.0,6.0,1.0,21.0,56.0,1.0,221.0,NA,NA,98.0,750.0,0.0
2026-03-17 03:00:00,70.5,169.0,20.25,32.75,29.0,43.25,10.0,0.0,14.5,2.25,8.25,NA,8.0,1.0,3.0,20.25,58.0,1.0,205.25,NA,NA,109.5,750.0,0.0
2026-03-17 04:00:00,67.0,171.5,18.0,31.75,26.75,48.75,12.0,0.0,16.75,2.0,8.0,NA,8.0,1.0,3.0,19.5,60.0,1.0,246.75,NA,NA,111.75,750.0,0.0
2026-03-17 05:00:00,76.25,184.0,19.25,31.75,28.0,51.25,11.67,0.0,17.0,2.5,6.25,NA,7.0,0.25,5.75,19.5,57.0,1.0,282.75,NA,NA,98.5,750.0,0.0
2026-03-17 06:00:00,68.75,176.5,18.25,32.5,27.5,50.75,12.75,0.0,17.25,3.0,5.25,NA,6.5,0.0,8.0,19.0,59.75,1.0,282.25,NA,NA,122.0,750.0,0.0
2026-03-17 07:00:00,65.25,181.75,19.75,31.75,28.0,54.0,7.33,0.33,23.5,3.0,5.0,NA,6.0,0.0,8.0,21.0,54.0,1.0,311.0,NA,NA,226.5,750.25,0.0
2026-03-17 08:00:00,77.0,178.75,17.75,30.75,26.5,56.25,7.5,1.0,29.0,2.75,5.0,NA,6.25,0.0,7.75,23.0,48.0,1.0,331.25,NA,NA,292.75,751.0,0.0
2026-03-17 09:00:00,65.25,172.0,20.5,30.25,28.0,57.5,11.67,0.0,33.5,1.0,4.0,NA,9.75,0.0,3.25,25.25,47.0,1.0,326.75,NA,NA,528.75,751.25,0.0
2026-03-17 10:00:00,54.5,167.5,19.25,30.75,27.75,57.0,7.75,0.0,42.25,1.0,4.0,NA,9.75,0.0,3.75,27.0,46.0,1.25,330.75,NA,NA,437.75,752.0,0.25
2026-03-17 11:00:00,46.25,164.5,19.25,31.25,27.75,54.5,9.0,0.33,48.0,1.0,4.0,NA,9.75,0.0,3.25,29.25,41.25,1.0,254.75,NA,NA,783.75,753.0,1.0
2026-03-17 12:00:00,35.75,169.25,17.75,31.75,26.5,51.67,6.75,1.0,59.25,1.0,4.0,NA,10.0,0.0,3.75,30.5,36.75,1.0,254.0,NA,NA,715.0,753.0,1.0
2026-03-17 13:00:00,40.0,161.5,18.5,31.75,27.25,NA,6.0,0.0,58.5,1.0,4.0,NA,10.0,0.0,3.5,31.0,34.75,1.0,116.75,NA,NA,721.75,753.0,1.0
2026-03-17 14:00:00,36.75,137.75,17.5,32.25,26.75,NA,5.75,0.0,54.0,1.0,4.25,NA,9.75,0.0,3.5,31.5,33.0,1.25,45.5,NA,NA,525.75,753.0,1.0
2026-03-17 15:00:00,41.75,129.75,17.75,32.0,26.75,NA,8.67,0.33,46.75,1.0,4.0,NA,10.5,0.0,3.5,31.0,33.75,1.25,51.75,NA,NA,393.75,753.0,1.0
2026-03-17 16:00:00,42.0,131.5,17.5,31.5,26.25,57.0,6.75,0.25,46.0,NA,NA,NA,NA,NA,NA,30.75,34.5,1.25,64.5,NA,NA,219.25,753.0,1.0
2026-03-17 17:00:00,54.0,135.5,18.25,31.5,26.75,57.0,9.67,0.0,41.25,1.0,4.0,NA,10.33,0.0,3.67,29.5,38.25,1.5,118.0,NA,NA,100.75,752.75,1.0
2026-03-17 18:00:00,52.5,160.0,17.75,31.0,26.5,56.75,10.0,0.0,34.25,1.0,4.0,NA,10.0,0.0,3.5,26.75,45.5,1.0,189.25,NA,NA,74.5,752.0,0.0
2026-03-17 19:00:00,63.75,170.0,18.25,32.25,27.25,58.75,9.0,0.33,27.25,2.0,5.75,NA,5.75,8.5,7.25,25.5,47.5,1.0,204.25,NA,NA,76.5,751.75,0.0
2026-03-17 20:00:00,57.5,180.5,18.75,31.75,27.25,62.0,10.0,1.0,14.0,2.0,6.0,NA,5.0,10.0,8.0,25.0,47.75,1.0,203.75,NA,NA,78.0,751.0,0.0
2026-03-17 21:00:00,68.75,187.25,18.0,31.0,26.5,58.75,14.0,0.0,14.0,2.0,6.0,NA,5.0,10.0,7.75,24.0,49.75,1.0,203.0,NA,NA,79.75,751.0,0.0
2026-03-17 22:00:00,72.75,195.75,19.25,31.0,27.25,51.5,15.25,0.0,13.25,3.25,8.0,NA,1.5,4.75,2.75,23.25,51.25,1.0,215.25,NA,NA,82.25,751.0,0.0
2026-03-17 23:00:00,77.67,208.33,19.0,31.33,27.67,52.33,9.5,0.0,12.33,3.0,8.33,NA,1.0,4.0,2.0,22.67,53.0,1.0,206.67,NA,NA,89.67,751.0,0.0
2026-03-18 00:00:00,81.5,222.25,20.25,31.75,28.75,38.75,11.25,0.0,10.25,2.0,6.5,NA,5.5,4.75,1.75,22.0,54.5,1.0,179.75,NA,NA,97.25,751.0,0.0
2026-03-18 01:00:00,82.0,218.0,18.5,32.75,28.0,37.5,12.67,0.0,10.5,2.0,7.0,NA,6.0,6.0,1.0,21.25,53.5,1.0,208.75,NA,NA,95.5,750.0,0.0
2026-03-18 02:00:00,83.0,214.5,18.0,30.75,26.25,42.25,14.0,0.5,12.5,2.0,7.0,NA,6.0,6.0,1.0,20.25,55.25,1.0,216.25,NA,NA,103.0,750.0,0.0
2026-03-18 03:00:00,70.25,208.0,19.25,32.75,28.25,43.25,10.67,0.0,15.0,2.0,8.0,NA,8.0,1.0,3.0,19.75,56.75,1.0,213.75,NA,NA,107.5,750.0,0.0
2026-03-18 04:00:00,76.5,202.75,20.5,31.5,28.5,48.25,12.0,0.0,17.0,2.25,8.0,NA,8.0,1.0,3.0,19.75,58.0,1.0,174.0,NA,NA,109.0,750.0,0.0
2026-03-18 05:00:00,86.5,204.5,17.75,31.25,26.25,50.75,13.33,0.0,17.0,2.75,6.5,NA,7.25,0.25,5.75,19.0,58.25,1.0,139.25,NA,NA,101.0,750.0,0.0
2026-03-18 06:00:00,90.5,199.0,19.5,31.25,27.75,51.75,14.75,0.25,17.0,3.0,5.25,NA,6.0,0.0,8.0,18.75,59.0,1.0,129.0,NA,NA,135.75,750.0,0.0
2026-03-18 07:00:00,97.0,216.0,19.5,33.0,28.75,53.25,6.67,0.0,22.5,3.0,5.0,NA,6.0,0.0,8.0,20.75,55.5,0.75,263.5,NA,NA,201.5,750.0,0.0
2026-03-18 08:00:00,93.75,240.25,20.0,30.75,28.25,56.75,10.25,0.25,29.0,2.75,5.25,NA,6.25,0.0,7.75,22.75,50.5,0.75,280.75,NA,NA,285.75,750.75,0.0
2026-03-18 09:00:00,90.5,215.75,19.75,31.5,28.25,56.25,9.0,0.0,33.0,1.0,4.0,NA,9.75,0.0,4.0,26.5,42.25,1.0,315.5,NA,NA,489.75,752.0,0.0
2026-03-18 10:00:00,79.0,178.5,17.75,31.0,26.5,56.5,3.5,1.0,42.0,1.0,4.0,NA,10.0,0.0,3.0,28.5,39.25,1.0,326.0,NA,NA,379.5,752.25,0.75
2026-03-18 11:00:00,63.25,170.5,17.75,32.0,27.0,54.25,12.33,0.0,48.75,1.0,4.0,NA,9.75,0.0,3.25,30.0,37.5,1.0,113.75,NA,NA,703.25,753.0,1.0
2026-03-18 12:00:00,50.75,170.0,18.75,31.5,27.5,51.25,7.0,0.75,57.25,1.0,4.0,NA,10.0,0.0,3.5,30.75,35.75,1.0,44.5,NA,NA,442.75,753.0,1.0
2026-03-18 13:00:00,64.25,181.0,18.5,32.5,27.75,52.0,8.33,0.0,58.25,1.0,4.0,NA,9.75,0.0,3.5,31.0,37.5,1.0,120.0,NA,NA,617.25,753.0,1.0
2026-03-18 14:00:00,55.25,179.5,17.75,32.5,27.25,51.75,6.5,0.0,54.75,1.0,4.0,NA,9.75,0.0,3.5,30.25,37.75,1.0,110.5,NA,NA,515.25,753.0,1.0
2026-03-18 15:00:00,54.75,165.25,18.75,33.0,28.25,53.0,8.67,0.67,46.25,1.0,4.0,NA,10.0,0.0,3.5,30.0,35.25,1.0,130.0,NA,NA,360.75,753.0,1.0
2026-03-18 16:00:00,45.75,159.5,17.75,31.5,26.5,57.75,7.5,0.5,45.75,1.0,4.0,NA,10.0,0.0,3.75,30.0,36.75,1.0,163.0,NA,NA,200.0,753.0,1.0
2026-03-18 17:00:00,44.75,159.75,23.0,32.5,31.0,57.0,12.33,0.0,41.5,1.0,4.0,NA,10.0,0.0,3.5,28.25,35.0,1.0,175.75,NA,NA,95.75,750.25,0.5
2026-03-18 18:00:00,35.75,160.0,19.5,32.75,28.75,56.5,11.75,0.0,34.25,1.0,4.0,NA,10.0,0.0,3.5,27.25,42.25,1.0,182.5,NA,NA,73.75,752.0,0.0
2026-03-18 19:00:00,50.0,162.5,20.75,31.25,29.25,58.75,8.33,0.0,26.5,1.75,6.0,NA,5.75,8.5,7.25,26.0,43.5,1.0,187.25,NA,NA,79.0,752.0,0.0
2026-03-18 20:00:00,60.5,187.0,19.25,30.75,27.25,62.25,11.25,0.75,14.0,2.0,6.25,NA,5.0,10.0,8.0,25.0,46.5,1.25,179.25,NA,NA,88.5,751.0,0.0
2026-03-18 21:00:00,78.0,228.75,19.0,30.75,27.5,58.0,11.67,0.0,14.25,2.0,6.5,NA,5.0,10.0,8.0,24.0,47.75,1.0,192.25,NA,NA,87.0,751.0,0.0
2026-03-18 22:00:00,92.0,233.25,19.0,31.25,27.5,51.5,14.25,0.0,13.25,3.0,8.25,NA,1.5,4.75,2.75,23.5,46.75,1.0,173.25,NA,NA,91.25,751.0,0.0
2026-03-18 23:00:00,86.0,214.67,18.0,32.33,27.0,51.33,10.0,0.0,12.0,3.67,8.0,NA,1.0,4.0,2.0,22.67,46.0,1.0,160.67,NA,NA,98.67,751.0,0.0
2026-03-19 00:00:00,71.25,223.75,20.5,31.25,28.5,38.5,10.0,0.25,10.75,2.0,6.5,NA,5.75,4.75,1.75,21.25,49.5,1.0,164.75,NA,NA,98.0,750.25,0.0
2026-03-19 01:00:00,81.75,211.5,17.75,31.5,26.75,39.5,11.33,0.0,10.25,2.0,7.0,NA,6.0,6.0,1.0,21.5,49.5,1.0,125.5,NA,NA,108.0,750.5,0.0
2026-03-19 02:00:00,83.25,202.25,20.0,30.75,27.75,42.5,16.25,0.25,12.75,2.25,7.0,NA,6.0,6.0,1.0,21.0,51.0,1.0,80.75,NA,NA,92.75,750.0,0.0
2026-03-19 03:00:00,69.25,198.5,19.5,30.25,26.75,43.5,10.67,0.0,15.0,2.0,8.0,NA,8.0,1.0,3.0,20.0,56.75,0.75,85.75,NA,NA,95.75,750.0,0.0
2026-03-19 04:00:00,73.0,188.5,18.5,30.0,26.25,49.0,5.75,0.25,16.25,2.5,8.0,NA,8.0,1.0,3.0,19.75,56.25,0.25,129.5,NA,NA,95.0,750.0,0.0
2026-03-19 05:00:00,66.25,181.75,17.75,31.25,26.5,51.75,11.33,0.0,16.5,2.75,6.25,NA,6.75,0.25,5.75,19.0,58.25,0.75,192.25,NA,NA,98.0,750.0,0.0
2026-03-19 06:00:00,51.25,165.5,18.25,32.5,28.0,50.75,10.25,0.5,17.0,3.0,5.0,NA,6.25,0.0,8.0,18.75,59.0,1.0,126.75,NA,NA,125.0,750.0,0.0
2026-03-19 07:00:00,66.0,163.0,19.5,30.0,27.0,53.0,10.67,1.0,23.25,3.0,5.0,NA,6.0,0.0,8.0,21.0,53.5,1.0,184.0,NA,NA,226.75,750.25,0.0
2026-03-19 08:00:00,68.25,163.0,18.75,31.75,27.5,55.25,13.5,1.0,29.0,2.75,5.0,NA,6.5,0.0,7.75,23.0,47.5,1.0,191.75,NA,NA,319.75,751.0,0.0
2026-03-19 09:00:00,84.25,165.5,17.0,32.0,26.75,54.75,15.0,0.67,33.5,1.0,4.0,NA,9.75,0.0,3.5,25.0,45.0,1.25,214.5,NA,NA,564.5,751.5,0.0
2026-03-19 10:00:00,73.5,162.5,17.25,31.25,26.25,56.0,14.5,1.25,42.0,1.0,4.0,NA,9.5,0.0,3.0,28.5,40.5,0.5,203.5,NA,NA,379.75,752.25,0.75
2026-03-19 11:00:00,74.33,161.5,18.67,32.0,27.33,55.0,6.0,0.0,46.67,1.0,4.0,NA,9.33,0.0,3.67,30.67,35.33,0.67,261.67,NA,NA,747.67,753.0,1.0
2026-03-19 12:00:00,63.0,142.25,19.0,32.75,28.0,52.5,NA,0.0,58.5,1.0,4.0,NA,10.0,0.0,3.0,31.25,31.75,1.75,191.5,NA,NA,605.5,753.0,1.0
2026-03-19 13:00:00,55.75,143.25,20.5,32.0,29.25,51.75,6.5,0.67,57.75,1.0,4.0,NA,9.75,0.0,3.25,31.75,31.5,1.25,150.75,NA,NA,640.25,753.0,1.0
2026-03-19 14:00:00,48.25,134.5,19.25,33.0,28.5,51.5,2.5,0.75,52.5,1.0,4.0,NA,9.5,0.0,3.5,31.75,30.0,1.0,97.75,NA,NA,581.5,753.0,1.0
2026-03-19 15:00:00,29.25,115.0,20.0,31.25,28.25,54.5,0.67,0.33,47.0,1.0,4.0,NA,9.5,0.0,3.5,31.75,29.5,1.0,160.0,NA,NA,365.0,751.75,0.75
2026-03-19 16:00:00,30.25,113.75,19.5,31.5,28.0,56.5,0.33,0.0,46.25,1.0,4.0,NA,9.75,0.0,3.5,30.75,33.5,1.25,182.0,NA,NA,213.0,753.0,1.0
2026-03-19 17:00:00,27.5,106.25,20.25,31.25,28.75,56.25,NA,0.0,41.75,1.0,4.0,NA,10.0,0.0,3.5,29.5,36.0,1.0,178.75,NA,NA,90.75,752.75,1.0
2026-03-19 18:00:00,30.25,111.0,19.75,30.75,27.75,57.0,NA,0.0,34.25,1.0,4.0,NA,9.75,0.0,3.75,27.25,42.25,1.0,192.0,NA,NA,67.25,752.0,0.25
2026-03-19 19:00:00,25.75,129.25,20.5,30.25,28.25,58.5,0.0,0.0,26.5,2.0,6.5,NA,5.75,8.5,7.25,25.75,45.0,1.0,188.25,NA,NA,70.25,752.0,0.0
2026-03-19 20:00:00,38.5,169.0,21.5,29.75,28.5,62.5,0.5,0.0,14.5,2.0,6.75,NA,5.0,10.0,8.0,24.75,45.25,1.0,182.75,NA,NA,77.5,751.25,0.0
2026-03-19 21:00:00,49.5,167.25,21.0,31.25,29.0,59.5,1.25,0.0,14.25,2.0,6.75,NA,5.0,10.0,8.0,24.0,47.25,1.0,188.75,NA,NA,79.25,751.0,0.0
2026-03-19 22:00:00,60.5,164.25,21.0,30.75,28.75,52.5,2.5,0.25,13.25,3.25,8.25,NA,1.5,4.75,2.75,23.0,48.75,1.0,192.25,NA,NA,86.5,751.0,0.0
2026-03-19 23:00:00,57.33,163.33,19.67,30.0,27.0,52.0,4.0,0.0,12.33,3.0,8.0,NA,1.0,4.0,2.0,23.0,49.0,1.0,198.67,NA,NA,86.67,751.0,0.0
2026-03-20 00:00:00,52.5,165.5,19.25,29.0,26.5,38.5,7.25,0.5,11.0,2.25,6.5,NA,5.75,4.75,1.75,21.75,51.5,1.0,182.25,NA,NA,94.0,750.5,0.0
2026-03-20 01:00:00,65.5,172.75,18.75,31.25,27.5,38.25,8.75,0.0,10.5,2.0,7.0,NA,6.0,6.0,1.0,21.25,54.0,1.0,81.5,NA,NA,103.5,750.25,0.0
2026-03-20 02:00:00,66.25,165.25,20.75,30.25,28.5,43.0,12.25,0.25,12.75,2.0,7.0,NA,5.75,6.0,1.0,20.0,56.5,1.0,89.25,NA,NA,109.0,750.0,0.0
2026-03-20 03:00:00,61.0,164.75,19.75,30.0,27.5,43.75,17.5,0.67,15.0,2.0,8.0,NA,8.0,1.0,3.0,19.5,58.75,1.0,78.5,NA,NA,108.75,750.0,0.0
2026-03-20 04:00:00,61.75,177.75,19.5,30.25,27.0,49.25,16.75,1.0,16.75,2.0,8.0,NA,8.0,1.0,3.0,19.0,62.5,0.25,95.75,NA,NA,102.75,750.0,0.0
2026-03-20 05:00:00,57.5,168.0,20.75,30.0,28.25,52.25,14.75,0.0,16.5,2.75,6.25,NA,6.75,0.25,5.75,18.75,65.0,0.75,139.0,NA,NA,104.75,750.0,0.0
2026-03-20 06:00:00,53.5,171.0,20.0,30.25,28.0,51.5,14.0,0.0,17.25,3.0,5.0,NA,6.25,0.0,8.0,18.0,66.0,1.0,190.5,NA,NA,122.0,750.0,0.0
2026-03-20 07:00:00,59.0,180.5,19.25,31.0,27.5,51.25,15.5,0.0,22.5,3.0,5.0,NA,6.25,0.0,8.0,19.0,65.0,0.75,78.5,NA,NA,202.25,750.0,0.0
2026-03-20 08:00:00,71.75,212.0,21.0,30.25,28.25,56.75,17.5,0.0,28.5,3.0,5.0,NA,6.25,0.0,7.75,19.25,66.25,0.0,130.0,NA,NA,261.75,750.0,0.0
2026-03-20 09:00:00,75.75,240.25,19.5,30.25,27.0,56.25,18.75,0.0,33.25,1.0,4.0,NA,9.5,0.0,3.75,20.25,63.5,0.5,61.75,NA,NA,185.5,750.0,0.0
2026-03-20 10:00:00,98.25,243.25,19.5,29.5,26.75,55.25,17.75,0.0,41.5,1.0,4.0,NA,10.25,0.0,3.75,17.25,81.5,0.25,144.5,NA,NA,168.25,747.5,0.0
2026-03-20 11:00:00,101.5,239.0,25.0,29.25,31.25,55.75,22.0,0.0,47.75,0.75,4.25,NA,9.75,0.0,3.0,17.25,86.5,0.25,170.5,NA,NA,272.75,747.5,0.0
2026-03-20 12:00:00,NA,NA,13.5,29.25,21.0,51.0,20.75,NA,58.5,1.0,4.0,NA,9.75,0.0,3.5,20.25,91.0,1.0,266.5,NA,NA,355.25,749.75,0.0
2026-03-20 13:00:00,NA,10.0,17.25,31.75,26.5,52.0,17.0,NA,58.5,1.0,4.0,NA,9.25,0.0,3.75,20.75,87.25,1.0,260.25,NA,NA,40.25,750.0,0.0
2026-03-20 14:00:00,62.75,138.75,18.25,30.25,26.25,51.0,NA,0.0,54.0,1.0,4.0,NA,9.75,0.0,3.5,19.0,87.5,1.0,262.0,NA,NA,88.75,749.75,0.0
2026-03-20 15:00:00,65.75,168.5,21.5,30.5,29.5,52.75,NA,0.0,46.25,1.0,4.0,NA,10.0,0.0,3.0,17.5,82.25,1.0,265.25,NA,NA,205.75,747.75,0.0
2026-03-20 16:00:00,53.25,151.75,NA,NA,NA,55.75,3.75,0.25,46.5,1.0,4.0,NA,9.75,0.0,3.75,18.5,88.75,1.0,254.25,NA,NA,146.0,750.0,0.0
2026-03-20 17:00:00,48.5,134.25,NA,NA,NA,56.5,3.5,0.0,42.25,1.0,4.0,NA,9.75,0.0,3.5,18.0,90.5,1.0,266.5,NA,NA,124.25,749.0,0.0
2026-03-20 18:00:00,52.75,166.25,NA,NA,NA,57.0,2.5,0.0,34.0,1.0,4.0,NA,9.25,0.0,3.25,17.5,91.5,1.0,273.75,NA,NA,59.0,749.0,0.0
2026-03-20 19:00:00,54.75,162.5,19.0,30.0,27.0,58.75,4.0,0.67,26.5,2.0,6.0,NA,5.75,8.5,7.25,17.0,92.5,1.0,278.0,NA,NA,33.5,749.0,0.0
2026-03-20 20:00:00,52.5,145.25,18.5,29.25,25.75,62.25,3.5,1.0,14.25,2.0,6.0,NA,5.0,10.0,8.0,17.0,93.75,1.0,283.5,NA,NA,59.25,749.0,0.0
2026-03-20 21:00:00,53.5,144.25,17.25,29.0,24.5,57.75,6.25,0.0,14.0,2.0,6.5,NA,5.0,10.0,8.0,16.5,93.75,1.0,282.75,NA,NA,68.75,749.0,0.0
2026-03-20 22:00:00,65.25,177.0,20.5,30.75,28.5,52.5,9.75,1.0,13.25,3.25,8.0,NA,1.5,5.0,2.75,16.0,94.0,1.0,284.5,NA,NA,107.25,749.0,0.0
2026-03-20 23:00:00,74.67,185.67,20.33,31.67,29.0,52.0,11.67,0.0,12.67,3.0,8.0,NA,1.0,4.0,2.0,16.33,94.33,1.0,286.33,NA,NA,96.33,749.0,0.0
2026-03-21 00:00:00,60.75,157.5,18.75,30.25,27.0,38.5,10.33,0.0,10.25,2.0,6.5,NA,5.75,4.75,1.75,16.5,94.5,1.0,287.5,NA,NA,139.0,749.0,0.0
2026-03-21 01:00:00,64.25,184.75,21.0,27.75,27.25,39.5,11.0,0.67,10.75,2.25,7.0,NA,6.0,6.0,1.0,16.0,95.0,1.0,288.25,NA,NA,127.25,749.0,0.0
2026-03-21 02:00:00,48.0,178.0,19.75,29.75,27.0,41.5,11.75,1.0,13.0,2.0,7.25,NA,6.0,6.0,1.0,16.0,94.0,1.0,283.75,NA,NA,133.0,749.0,0.0
2026-03-21 03:00:00,53.0,146.25,20.0,29.5,27.25,43.25,8.33,0.0,15.25,2.0,8.25,NA,8.0,1.0,3.0,16.0,94.5,1.0,286.0,NA,NA,145.0,749.0,0.0
2026-03-21 04:00:00,43.5,117.75,22.25,30.5,29.5,49.0,7.75,0.0,16.75,2.25,8.25,NA,8.0,1.0,3.0,16.0,93.75,1.0,283.0,NA,NA,138.75,749.0,0.0
2026-03-21 05:00:00,42.75,104.0,19.5,30.25,27.25,52.25,9.0,0.0,16.5,2.75,6.25,NA,7.25,0.25,5.75,15.75,93.25,1.0,279.75,NA,NA,123.5,749.0,0.0
2026-03-21 06:00:00,44.0,115.25,19.25,32.25,28.25,51.5,8.0,0.5,17.0,3.0,5.0,NA,6.25,0.0,8.0,15.0,91.5,1.0,274.25,NA,NA,143.75,749.0,0.0
2026-03-21 07:00:00,48.75,105.75,19.0,30.75,27.25,54.25,9.0,0.0,22.75,3.0,5.25,NA,6.0,0.0,8.0,15.0,89.75,1.0,269.25,NA,NA,164.75,749.0,0.0
2026-03-21 08:00:00,49.25,113.75,19.75,30.75,27.75,56.0,8.75,0.0,29.0,3.0,5.0,NA,6.25,0.0,7.75,16.0,92.5,1.0,280.0,NA,NA,196.25,749.0,0.0
2026-03-21 09:00:00,40.0,104.5,18.75,30.5,26.75,55.25,10.0,0.0,33.25,1.0,4.0,NA,9.75,0.0,3.25,18.25,90.5,1.0,285.75,NA,NA,258.75,749.75,0.0
2026-03-21 10:00:00,41.5,93.75,18.25,30.5,26.5,55.25,9.25,0.5,40.5,1.0,4.0,NA,9.5,0.0,3.25,19.75,78.75,1.0,270.25,NA,NA,303.33,750.0,0.0
2026-03-21 11:00:00,28.25,87.0,20.0,31.75,28.5,53.5,7.0,0.33,48.0,1.0,4.0,NA,9.5,0.0,3.25,20.25,74.0,1.0,271.25,NA,NA,283.5,750.0,0.0
2026-03-21 12:00:00,35.75,68.75,27.25,31.0,34.0,52.25,7.25,0.0,58.5,1.0,4.0,NA,10.0,0.0,4.0,21.25,70.25,1.0,270.5,NA,NA,182.5,750.5,0.0
2026-03-21 13:00:00,25.33,67.33,27.0,29.33,32.0,50.67,9.0,1.0,58.0,1.0,4.0,NA,9.67,0.0,4.0,20.0,76.0,1.0,280.67,NA,NA,253.67,750.0,0.0
2026-03-21 14:00:00,28.25,65.5,10.75,28.5,18.25,52.5,NA,2.0,53.25,1.0,4.0,NA,9.75,0.0,3.5,21.75,64.25,1.0,278.5,NA,NA,736.0,750.5,0.0
2026-03-21 15:00:00,36.5,63.5,18.75,28.75,26.25,52.25,8.0,0.0,47.0,1.0,4.0,NA,10.0,0.0,3.5,21.5,65.5,1.0,274.5,NA,NA,284.5,750.25,0.0
2026-03-21 16:00:00,37.0,79.5,18.5,31.5,27.25,57.75,8.0,0.0,46.0,1.0,4.0,NA,10.0,0.0,3.5,21.0,67.0,1.0,275.25,NA,NA,271.5,750.0,0.0
2026-03-21 17:00:00,35.25,80.5,19.75,31.0,28.0,55.5,10.33,0.0,42.25,1.0,4.0,NA,9.5,0.0,3.0,21.0,67.75,1.0,273.5,NA,NA,143.75,750.0,0.0
2026-03-21 18:00:00,30.0,87.25,19.5,30.25,27.5,55.25,9.5,0.0,34.75,1.0,4.0,NA,10.0,0.0,3.25,20.25,70.5,1.0,275.0,NA,NA,154.25,750.0,0.0
2026-03-21 19:00:00,35.5,79.25,17.75,32.0,26.75,58.75,11.67,0.0,26.75,2.0,6.25,NA,5.75,8.5,7.25,19.75,72.5,1.0,275.25,NA,NA,126.5,750.0,0.0
2026-03-21 20:00:00,34.5,93.5,19.25,29.5,26.75,61.75,12.25,0.0,14.5,2.0,6.5,NA,5.0,10.0,7.75,19.0,74.5,1.0,275.75,NA,NA,116.75,750.0,0.0
2026-03-21 21:00:00,41.25,94.5,20.0,30.25,27.5,58.5,12.67,0.0,14.5,2.0,6.75,NA,5.0,10.0,7.75,18.25,79.0,1.0,278.25,NA,NA,118.0,750.0,0.0
2026-03-21 22:00:00,43.0,119.5,19.25,30.0,26.75,53.0,17.75,1.0,13.75,3.0,7.75,NA,1.5,4.75,3.0,18.0,83.75,1.0,281.5,NA,NA,113.0,749.75,0.0
2026-03-21 23:00:00,37.0,137.0,19.0,30.0,26.67,52.0,11.5,0.0,12.0,3.33,8.0,NA,1.0,4.0,2.0,18.0,79.0,1.0,277.33,NA,NA,111.0,750.0,0.0
2026-03-22 00:00:00,40.5,133.5,19.75,30.5,27.25,37.75,13.0,0.75,10.25,2.0,6.5,NA,5.75,4.75,1.75,17.0,87.75,1.0,283.5,NA,NA,108.25,749.0,0.0
2026-03-22 01:00:00,37.0,129.5,18.75,30.0,26.5,38.25,10.67,0.0,10.5,2.0,7.0,NA,6.0,6.0,1.0,17.0,95.0,1.0,289.0,NA,NA,116.25,749.0,0.0
2026-03-22 02:00:00,50.75,132.25,20.5,30.5,28.0,42.75,12.0,0.0,12.75,2.0,6.75,NA,6.0,6.0,1.0,17.0,95.0,1.0,289.5,NA,NA,126.25,749.0,0.0
2026-03-22 03:00:00,48.25,138.75,21.0,31.0,28.75,43.75,12.33,0.0,14.75,2.0,8.0,NA,8.0,1.0,3.0,16.5,95.0,1.0,289.0,NA,NA,113.5,749.0,0.0
2026-03-22 04:00:00,46.25,135.25,19.5,31.5,28.0,48.75,11.75,0.25,16.25,2.0,8.0,NA,8.0,1.0,3.0,16.0,95.0,1.0,288.0,NA,NA,119.5,749.0,0.0
2026-03-22 05:00:00,50.0,131.5,18.75,30.0,26.75,51.75,9.0,1.0,16.25,2.75,6.5,NA,6.75,0.25,5.75,16.0,95.0,1.0,287.0,NA,NA,118.5,749.0,0.0
2026-03-22 06:00:00,52.0,134.25,17.0,31.0,25.5,52.75,8.25,1.0,17.0,3.0,5.0,NA,6.25,0.0,8.0,16.25,95.0,1.0,288.75,NA,NA,129.75,749.0,0.0
2026-03-22 07:00:00,52.75,130.0,19.25,31.25,27.5,52.0,11.0,0.33,23.25,3.0,5.0,NA,6.25,0.0,8.0,18.0,94.5,1.0,293.5,NA,NA,314.25,749.5,0.0
2026-03-22 08:00:00,53.0,124.75,18.75,32.75,28.0,55.5,11.25,1.0,28.25,2.75,5.25,NA,6.25,0.0,7.75,19.5,80.25,1.0,285.5,NA,NA,532.25,750.0,0.0
2026-03-22 09:00:00,44.0,106.75,19.5,31.25,27.5,55.0,7.67,0.0,33.25,1.0,4.0,NA,9.5,0.0,3.5,21.5,68.0,1.0,282.0,NA,NA,802.5,750.5,0.0
2026-03-22 10:00:00,51.75,93.0,18.75,30.0,26.25,56.5,4.25,0.75,40.5,1.0,4.0,NA,10.0,0.0,3.0,23.0,58.75,1.0,275.25,NA,NA,673.0,751.0,0.0
2026-03-22 11:00:00,35.25,72.25,19.25,31.0,27.5,55.0,8.67,0.0,48.5,1.0,4.0,NA,9.5,0.0,3.75,24.5,52.25,1.5,275.5,NA,NA,NA,751.0,0.0
2026-03-22 12:00:00,28.5,55.75,20.25,31.75,28.25,52.0,6.75,0.0,57.75,1.0,4.0,NA,10.0,0.0,3.5,25.25,48.0,2.0,271.5,NA,NA,832.0,751.25,0.0
2026-03-22 13:00:00,20.75,58.0,18.75,30.5,27.0,51.25,7.33,0.0,57.5,1.0,4.0,NA,9.25,0.0,3.25,26.25,43.75,2.0,270.0,NA,NA,919.5,752.0,0.0
2026-03-22 14:00:00,27.25,64.75,18.75,30.25,26.5,52.0,8.5,0.0,53.75,1.0,4.0,NA,9.75,0.0,3.25,26.75,41.5,2.0,267.25,NA,NA,737.25,752.0,0.0
2026-03-22 15:00:00,18.5,57.75,18.25,31.5,26.75,54.25,6.0,0.0,46.25,1.0,4.0,NA,10.0,0.0,3.0,27.0,40.5,2.0,265.25,NA,NA,534.25,752.0,0.0
2026-03-22 16:00:00,25.75,61.0,18.75,33.0,28.0,56.75,5.75,0.0,46.5,1.0,4.0,NA,10.0,0.0,3.5,27.0,41.0,2.0,263.5,NA,NA,311.5,752.0,0.0
2026-03-22 17:00:00,18.0,64.5,18.75,31.75,27.5,56.25,5.0,0.0,40.5,1.0,4.0,NA,10.0,0.0,3.75,26.0,40.75,2.0,259.5,NA,NA,106.25,752.0,0.0
2026-03-22 18:00:00,20.25,73.0,18.5,32.0,27.5,56.5,5.0,0.0,33.5,1.0,4.0,NA,9.75,0.0,3.25,24.5,42.5,1.5,257.25,NA,NA,58.0,751.0,0.0
2026-03-22 19:00:00,24.25,84.0,19.75,30.25,27.5,58.75,9.0,0.0,27.0,2.0,5.75,NA,5.75,8.25,7.25,22.75,45.75,1.0,257.25,NA,NA,73.75,751.0,0.0
2026-03-22 20:00:00,43.75,111.5,18.25,31.75,27.25,61.75,11.5,0.25,14.0,2.0,6.75,NA,5.0,10.0,8.0,22.0,48.75,1.0,258.0,NA,NA,86.0,750.75,0.0
2026-03-22 21:00:00,48.0,139.25,19.0,30.5,27.25,58.75,16.0,0.0,14.25,2.0,6.5,NA,5.0,10.0,7.75,21.0,51.25,1.0,258.25,NA,NA,98.0,750.0,0.0
2026-03-22 22:00:00,58.5,147.25,19.5,30.5,27.5,52.75,20.25,1.0,13.5,3.0,7.75,NA,1.5,4.75,2.75,20.75,52.5,1.0,259.0,NA,NA,93.25,750.0,0.0
2026-03-22 23:00:00,57.33,155.67,18.67,31.0,27.33,52.0,10.5,0.5,12.33,3.33,8.0,NA,1.0,4.0,2.0,19.67,57.0,1.0,260.67,NA,NA,96.0,750.0,0.0
2026-03-23 00:00:00,55.25,160.5,21.25,32.25,29.75,37.25,11.5,1.0,10.5,2.0,6.5,NA,5.5,4.75,1.75,19.0,59.75,1.0,261.5,NA,NA,104.75,750.0,0.0
2026-03-23 01:00:00,53.25,151.25,18.5,30.75,26.75,39.5,11.33,0.0,10.5,2.0,7.0,NA,6.0,6.0,1.0,18.0,61.25,1.0,261.0,NA,NA,104.0,750.0,0.0
2026-03-23 02:00:00,69.25,142.5,19.75,31.75,28.25,42.75,11.5,0.0,12.75,2.25,7.0,NA,6.0,6.0,1.0,17.75,64.0,1.0,262.25,NA,NA,108.25,749.0,0.0
2026-03-23 03:00:00,53.25,137.75,19.0,30.0,27.0,44.0,10.33,0.0,14.5,2.0,8.25,NA,8.0,1.0,3.0,17.25,65.5,1.0,263.25,NA,NA,118.5,749.0,0.0
2026-03-23 04:00:00,50.5,133.0,18.75,31.0,26.5,48.75,13.0,0.0,17.0,2.0,8.0,NA,8.0,1.0,3.0,17.0,67.5,1.0,264.25,NA,NA,111.0,749.0,0.0
2026-03-23 05:00:00,52.5,139.5,19.25,30.75,27.5,50.25,10.67,0.0,16.75,2.75,6.25,NA,6.75,0.25,5.75,17.0,69.25,1.0,265.0,NA,NA,113.0,749.0,0.0
2026-03-23 06:00:00,58.75,164.0,21.0,31.0,29.0,51.5,13.25,0.0,17.0,3.0,4.75,NA,6.0,0.0,8.0,16.75,68.75,1.0,265.75,NA,NA,147.75,749.0,0.0
2026-03-23 07:00:00,77.0,160.0,19.0,30.75,27.25,54.5,13.33,0.33,22.75,3.0,5.0,NA,6.0,0.0,8.0,20.0,59.75,1.0,265.75,NA,NA,301.0,750.0,0.0
2026-03-23 08:00:00,73.0,170.25,20.25,31.75,28.75,55.0,14.75,1.25,28.25,2.75,5.0,NA,6.5,0.0,7.75,22.5,52.75,1.0,266.75,NA,NA,508.5,751.0,0.0
2026-03-23 09:00:00,75.25,165.75,19.25,29.75,27.0,55.75,10.0,0.33,33.75,1.0,4.0,NA,10.0,0.0,3.25,24.0,50.0,1.25,270.0,NA,NA,741.75,751.0,0.0
2026-03-23 10:00:00,64.5,136.0,18.5,32.5,27.5,56.25,5.5,0.75,42.5,1.0,4.0,NA,9.75,0.0,3.25,26.0,47.0,2.0,271.5,NA,NA,783.25,751.75,0.0
2026-03-23 11:00:00,51.5,123.5,20.5,31.5,28.75,53.75,9.0,0.0,48.0,1.0,4.0,NA,9.75,0.0,3.25,27.0,43.75,2.0,269.5,NA,NA,630.25,752.0,0.0
2026-03-23 12:00:00,38.5,109.75,19.5,31.0,28.0,51.0,6.0,0.0,58.0,1.0,4.0,NA,9.5,0.0,3.5,27.5,40.75,2.0,268.0,NA,NA,630.75,752.0,0.5
2026-03-23 13:00:00,32.0,103.75,20.25,33.0,29.75,52.25,7.67,0.0,58.25,1.0,4.0,NA,9.75,0.0,3.5,27.0,43.5,2.0,265.5,NA,NA,320.75,752.0,0.0
2026-03-23 14:00:00,25.5,100.5,20.0,31.25,28.5,51.25,6.25,0.0,53.5,1.0,4.0,NA,10.0,0.0,3.25,26.0,45.5,2.0,267.75,NA,NA,424.0,752.0,0.0
2026-03-23 15:00:00,31.5,92.75,18.75,30.75,27.25,53.5,6.67,0.0,47.0,1.0,4.0,NA,10.0,0.0,3.5,26.5,45.0,2.0,267.25,NA,NA,345.5,752.0,0.0
2026-03-23 16:00:00,31.25,94.25,18.5,30.0,26.25,55.5,5.0,0.0,46.75,1.0,4.0,NA,9.75,0.0,3.5,25.0,49.0,1.75,265.5,NA,NA,195.25,751.25,0.0
2026-03-23 17:00:00,28.5,94.0,17.0,31.5,26.0,56.0,NA,NA,48.0,1.0,4.0,NA,9.5,0.0,3.5,24.0,53.0,1.0,266.5,NA,NA,147.0,751.0,0.0
2026-03-23 18:00:00,NA,NA,NA,NA,NA,NA,NA,NA,NA,NA,NA,NA,NA,NA,NA,NA,NA,NA,NA,NA,NA,NA,NA,NA
2026-03-23 19:00:00,NA,NA,NA,NA,NA,NA,NA,NA,NA,NA,NA,NA,NA,NA,NA,NA,NA,NA,NA,NA,NA,NA,NA,NA
2026-03-23 20:00:00,NA,NA,NA,NA,NA,NA,NA,NA,NA,NA,NA,NA,NA,NA,NA,NA,NA,NA,NA,NA,NA,NA,NA,NA
2026-03-23 21:00:00,NA,NA,NA,NA,NA,NA,NA,NA,NA,NA,NA,NA,NA,NA,NA,NA,NA,NA,NA,NA,NA,NA,NA,NA
2026-03-23 22:00:00,NA,NA,NA,NA,NA,NA,NA,NA,NA,NA,NA,NA,NA,NA,NA,NA,NA,NA,NA,NA,NA,NA,NA,NA
2026-03-23 23:00:00,NA,NA,NA,NA,NA,NA,NA,NA,NA,NA,NA,NA,NA,NA,NA,NA,NA,NA,NA,NA,NA,NA,NA,NA
2026-03-24 00:00:00,NA,NA,NA,NA,NA,NA,NA,NA,NA,NA,NA,NA,NA,NA,NA,NA,NA,NA,NA,NA,NA,NA,NA,NA
2026-03-24 01:00:00,NA,NA,NA,NA,NA,NA,NA,NA,NA,NA,NA,NA,NA,NA,NA,NA,NA,NA,NA,NA,NA,NA,NA,NA
2026-03-24 02:00:00,NA,NA,NA,NA,NA,NA,NA,NA,NA,NA,NA,NA,NA,NA,NA,NA,NA,NA,NA,NA,NA,NA,NA,NA
2026-03-24 03:00:00,NA,NA,NA,NA,NA,NA,NA,NA,NA,NA,NA,NA,NA,NA,NA,NA,NA,NA,NA,NA,NA,NA,NA,NA
2026-03-24 04:00:00,NA,NA,NA,NA,NA,NA,NA,NA,NA,NA,NA,NA,NA,NA,NA,NA,NA,NA,NA,NA,NA,NA,NA,NA
2026-03-24 05:00:00,NA,NA,NA,NA,NA,NA,NA,NA,NA,NA,NA,NA,NA,NA,NA,NA,NA,NA,NA,NA,NA,NA,NA,NA
2026-03-24 06:00:00,NA,NA,NA,NA,NA,NA,NA,NA,NA,NA,NA,NA,NA,NA,NA,NA,NA,NA,NA,NA,NA,NA,NA,NA
2026-03-24 07:00:00,NA,NA,NA,NA,NA,NA,NA,NA,NA,NA,NA,NA,NA,NA,NA,NA,NA,NA,NA,NA,NA,NA,NA,NA
2026-03-24 08:00:00,NA,NA,NA,NA,NA,NA,NA,NA,NA,NA,NA,NA,NA,NA,NA,NA,NA,NA,NA,NA,NA,NA,NA,NA
2026-03-24 09:00:00,NA,NA,NA,NA,NA,NA,NA,NA,NA,NA,NA,NA,NA,NA,NA,NA,NA,NA,NA,NA,NA,NA,NA,NA
2026-03-24 10:00:00,NA,NA,NA,NA,NA,NA,NA,NA,NA,NA,NA,NA,NA,NA,NA,NA,NA,NA,NA,NA,NA,NA,NA,NA
2026-03-24 11:00:00,NA,NA,NA,NA,NA,NA,NA,NA,NA,NA,NA,NA,NA,NA,NA,NA,NA,NA,NA,NA,NA,NA,NA,NA
2026-03-24 12:00:00,NA,NA,NA,NA,NA,NA,NA,NA,NA,NA,NA,NA,NA,NA,NA,NA,NA,NA,NA,NA,NA,NA,NA,NA
2026-03-24 13:00:00,NA,NA,NA,NA,NA,NA,NA,NA,NA,NA,NA,NA,NA,NA,NA,NA,NA,NA,NA,NA,NA,NA,NA,NA
2026-03-24 14:00:00,NA,NA,NA,NA,NA,NA,NA,NA,NA,NA,NA,NA,NA,NA,NA,NA,NA,NA,NA,NA,NA,NA,NA,NA
2026-03-24 15:00:00,NA,NA,NA,NA,NA,NA,NA,NA,NA,NA,NA,NA,NA,NA,NA,NA,NA,NA,NA,NA,NA,NA,NA,NA
2026-03-24 16:00:00,NA,NA,NA,NA,NA,NA,NA,NA,NA,NA,NA,NA,NA,NA,NA,NA,NA,NA,NA,NA,NA,NA,NA,NA
2026-03-24 17:00:00,NA,NA,NA,NA,NA,NA,NA,NA,NA,NA,NA,NA,NA,NA,NA,NA,NA,NA,NA,NA,NA,NA,NA,NA
2026-03-24 18:00:00,NA,NA,NA,NA,NA,NA,NA,NA,NA,NA,NA,NA,NA,NA,NA,NA,NA,NA,NA,NA,NA,NA,NA,NA
2026-03-24 19:00:00,NA,NA,NA,NA,NA,NA,NA,NA,NA,NA,NA,NA,NA,NA,NA,NA,NA,NA,NA,NA,NA,NA,NA,NA
2026-03-24 20:00:00,NA,NA,NA,NA,NA,NA,NA,NA,NA,NA,NA,NA,NA,NA,NA,NA,NA,NA,NA,NA,NA,NA,NA,NA
2026-03-24 21:00:00,NA,NA,NA,NA,NA,NA,NA,NA,NA,NA,NA,NA,NA,NA,NA,NA,NA,NA,NA,NA,NA,NA,NA,NA
2026-03-24 22:00:00,NA,NA,NA,NA,NA,NA,NA,NA,NA,NA,NA,NA,NA,NA,NA,NA,NA,NA,NA,NA,NA,NA,NA,NA
2026-03-24 23:00:00,NA,NA,NA,NA,NA,NA,NA,NA,NA,NA,NA,NA,NA,NA,NA,NA,NA,NA,NA,NA,NA,NA,NA,NA
2026-03-25 00:00:00,NA,NA,NA,NA,NA,NA,NA,NA,NA,NA,NA,NA,NA,NA,NA,NA,NA,NA,NA,NA,NA,NA,NA,NA
2026-03-25 01:00:00,NA,NA,NA,NA,NA,NA,NA,NA,NA,NA,NA,NA,NA,NA,NA,NA,NA,NA,NA,NA,NA,NA,NA,NA
2026-03-25 02:00:00,NA,NA,NA,NA,NA,NA,NA,NA,NA,NA,NA,NA,NA,NA,NA,NA,NA,NA,NA,NA,NA,NA,NA,NA
2026-03-25 03:00:00,NA,NA,NA,NA,NA,NA,NA,NA,NA,NA,NA,NA,NA,NA,NA,NA,NA,NA,NA,NA,NA,NA,NA,NA
2026-03-25 04:00:00,NA,NA,NA,NA,NA,NA,NA,NA,NA,NA,NA,NA,NA,NA,NA,NA,NA,NA,NA,NA,NA,NA,NA,NA
2026-03-25 05:00:00,NA,NA,NA,NA,NA,NA,NA,NA,NA,NA,NA,NA,NA,NA,NA,NA,NA,NA,NA,NA,NA,NA,NA,NA
2026-03-25 06:00:00,NA,NA,NA,NA,NA,NA,NA,NA,NA,NA,NA,NA,NA,NA,NA,NA,NA,NA,NA,NA,NA,NA,NA,NA
2026-03-25 07:00:00,NA,NA,NA,NA,NA,NA,NA,NA,NA,NA,NA,NA,NA,NA,NA,NA,NA,NA,NA,NA,NA,NA,NA,NA
2026-03-25 08:00:00,NA,NA,NA,NA,NA,NA,NA,NA,NA,NA,NA,NA,NA,NA,NA,NA,NA,NA,NA,NA,NA,NA,NA,NA
2026-03-25 09:00:00,NA,NA,NA,NA,NA,NA,NA,NA,NA,NA,NA,NA,NA,NA,NA,NA,NA,NA,NA,NA,NA,NA,NA,NA
2026-03-25 10:00:00,NA,NA,NA,NA,NA,NA,NA,NA,NA,NA,NA,NA,NA,NA,NA,NA,NA,NA,NA,NA,NA,NA,NA,NA
2026-03-25 11:00:00,40.0,82.0,20.0,21.5,28.5,NA,7.0,0.0,57.5,5.0,11.0,NA,9.0,9.0,10.5,28.0,38.0,1.0,44.5,NA,NA,935.5,752.0,1.0
2026-03-25 12:00:00,32.75,61.5,22.0,19.5,28.75,44.33,1.75,0.0,54.0,5.0,11.0,NA,9.0,9.0,10.0,29.0,36.0,1.0,49.5,NA,NA,793.25,752.75,1.0
2026-03-25 13:00:00,26.25,44.75,20.5,19.0,27.25,45.25,3.33,0.33,144.0,5.0,11.0,NA,9.0,9.0,9.25,30.0,34.5,1.0,40.5,NA,NA,834.5,753.0,1.0
2026-03-25 14:00:00,25.75,40.25,19.5,19.75,27.25,45.5,1.75,0.5,NA,5.0,11.0,NA,9.0,9.0,10.25,30.0,33.25,1.0,41.5,NA,NA,672.0,753.0,1.0
2026-03-25 15:00:00,23.5,41.5,21.5,21.0,29.0,44.0,7.0,0.0,NA,5.0,11.0,NA,9.0,9.0,10.0,30.0,31.5,1.0,51.5,NA,NA,520.5,753.0,1.0
2026-03-25 16:00:00,NA,NA,NA,NA,NA,NA,NA,NA,NA,NA,NA,NA,NA,NA,NA,NA,NA,NA,NA,NA,NA,NA,NA,NA
2026-03-25 17:00:00,NA,NA,NA,NA,NA,NA,NA,NA,NA,NA,NA,NA,NA,NA,NA,NA,NA,NA,NA,NA,NA,NA,NA,NA
2026-03-25 18:00:00,NA,NA,NA,NA,NA,NA,NA,NA,NA,NA,NA,NA,NA,NA,NA,NA,NA,NA,NA,NA,NA,NA,NA,NA
2026-03-25 19:00:00,NA,NA,NA,NA,NA,NA,NA,NA,NA,NA,NA,NA,NA,NA,NA,NA,NA,NA,NA,NA,NA,NA,NA,NA
2026-03-25 20:00:00,NA,NA,NA,NA,NA,NA,NA,NA,NA,NA,NA,NA,NA,NA,NA,NA,NA,NA,NA,NA,NA,NA,NA,NA
2026-03-25 21:00:00,NA,NA,NA,NA,NA,NA,NA,NA,NA,NA,NA,NA,NA,NA,NA,NA,NA,NA,NA,NA,NA,NA,NA,NA
2026-03-25 22:00:00,NA,NA,NA,NA,NA,NA,NA,NA,NA,NA,NA,NA,NA,NA,NA,NA,NA,NA,NA,NA,NA,NA,NA,NA
2026-03-25 23:00:00,NA,NA,NA,NA,NA,NA,NA,NA,NA,NA,NA,NA,NA,NA,NA,NA,NA,NA,NA,NA,NA,NA,NA,NA
2026-03-26 00:00:00,NA,NA,NA,NA,NA,NA,NA,NA,NA,NA,NA,NA,NA,NA,NA,NA,NA,NA,NA,NA,NA,NA,NA,NA
2026-03-26 01:00:00,NA,NA,NA,NA,NA,NA,NA,NA,NA,NA,NA,NA,NA,NA,NA,NA,NA,NA,NA,NA,NA,NA,NA,NA
2026-03-26 02:00:00,NA,NA,NA,NA,NA,NA,NA,NA,NA,NA,NA,NA,NA,NA,NA,NA,NA,NA,NA,NA,NA,NA,NA,NA
2026-03-26 03:00:00,NA,NA,NA,NA,NA,NA,NA,NA,NA,NA,NA,NA,NA,NA,NA,NA,NA,NA,NA,NA,NA,NA,NA,NA
2026-03-26 04:00:00,NA,NA,NA,NA,NA,NA,NA,NA,NA,NA,NA,NA,NA,NA,NA,NA,NA,NA,NA,NA,NA,NA,NA,NA
2026-03-26 05:00:00,NA,NA,NA,NA,NA,NA,NA,NA,NA,NA,NA,NA,NA,NA,NA,NA,NA,NA,NA,NA,NA,NA,NA,NA
2026-03-26 06:00:00,51.0,108.0,22.0,17.75,28.75,44.75,8.5,0.0,55.0,5.0,11.0,NA,8.75,9.0,10.0,18.5,56.25,1.0,91.0,NA,NA,42.0,749.5,0.0
2026-03-26 07:00:00,52.0,131.0,20.33,18.0,20.0,44.67,14.0,0.25,74.0,3.75,8.25,NA,6.75,6.75,7.75,22.0,49.0,1.0,55.67,NA,NA,265.0,750.67,0.0
2026-03-26 08:00:00,76.25,121.25,20.5,19.5,27.5,44.5,16.25,0.25,162.0,5.0,11.0,NA,9.0,9.0,9.5,23.75,48.5,1.0,62.5,NA,NA,476.0,751.0,0.0
2026-03-26 09:00:00,71.5,135.5,20.25,18.25,26.5,45.25,11.0,0.33,79.0,5.0,11.75,NA,9.0,9.0,10.25,26.5,46.75,1.0,38.5,NA,NA,677.5,752.0,0.0
2026-03-26 10:00:00,66.0,139.0,19.25,19.0,26.25,45.25,9.5,0.25,64.75,5.0,11.5,NA,8.75,9.0,9.75,27.5,44.5,1.0,30.75,NA,NA,763.25,752.25,0.5
2026-03-26 11:00:00,55.75,134.75,20.75,18.75,27.25,45.0,7.33,1.0,109.67,5.0,11.0,NA,9.0,9.25,10.0,29.75,38.75,1.25,30.5,NA,NA,921.75,753.0,1.0
2026-03-26 12:00:00,47.75,102.75,21.25,19.75,28.75,44.0,4.25,1.0,300.5,5.0,11.25,NA,9.0,9.0,10.0,31.25,36.75,1.25,35.75,NA,NA,767.25,753.0,1.0
2026-03-26 13:00:00,35.5,69.5,21.5,19.25,28.5,45.25,7.0,0.0,NA,5.25,11.75,NA,9.0,9.25,10.0,32.5,35.0,1.0,43.5,NA,NA,794.0,753.5,1.0
2026-03-26 14:00:00,32.0,97.75,21.0,20.0,28.75,45.25,6.5,0.0,450.0,5.0,11.25,NA,9.0,9.0,10.0,33.0,32.5,1.0,58.75,NA,NA,630.5,754.0,1.0
2026-03-26 15:00:00,27.25,66.5,20.0,20.0,28.0,43.0,5.33,0.0,NA,5.0,11.0,NA,9.0,9.0,10.25,33.0,32.0,1.25,58.5,NA,NA,386.75,753.75,1.0
2026-03-26 16:00:00,28.5,64.5,18.0,18.5,25.0,42.0,2.5,0.0,NA,5.0,11.0,NA,8.75,9.0,10.25,32.5,32.5,1.25,70.0,NA,NA,157.5,753.0,1.0
2026-03-26 17:00:00,27.5,61.0,20.0,21.0,28.25,NA,8.67,0.0,18.33,5.0,11.0,NA,9.0,9.0,10.0,31.25,34.0,1.75,60.25,NA,NA,29.0,753.0,1.0
2026-03-26 18:00:00,23.75,67.25,19.75,20.5,28.0,NA,13.75,0.0,127.5,5.0,11.0,NA,9.0,9.25,10.25,29.5,37.25,2.0,58.0,NA,NA,NA,752.75,1.0
2026-03-26 19:00:00,23.75,102.5,19.25,20.0,27.0,NA,15.67,0.67,58.33,5.0,10.75,NA,9.0,9.0,10.0,28.0,39.75,2.0,57.5,NA,NA,NA,752.0,0.75
2026-03-26 20:00:00,43.5,108.25,19.75,19.25,26.75,NA,20.5,0.25,42.75,5.0,11.0,NA,8.75,9.0,10.25,27.0,41.75,1.75,74.25,NA,NA,NA,752.0,0.0
2026-03-26 21:00:00,44.75,127.75,22.25,18.75,28.75,NA,19.33,1.0,41.25,5.0,10.5,NA,9.0,9.25,9.75,26.0,42.25,1.5,80.25,NA,NA,NA,752.0,0.0
2026-03-26 22:00:00,50.5,122.0,23.0,19.25,29.25,34.5,21.0,1.0,36.25,5.0,11.0,NA,9.0,9.0,10.0,25.25,44.0,2.0,80.0,NA,NA,NA,751.5,0.0
2026-03-26 23:00:00,49.0,129.0,20.0,21.5,29.0,28.0,19.0,0.0,42.0,5.5,11.5,NA,9.0,9.0,10.0,25.0,45.0,1.5,78.5,NA,NA,NA,751.0,0.0
2026-03-27 00:00:00,47.75,128.25,22.5,19.25,28.75,NA,20.25,0.25,39.75,5.0,11.0,NA,9.0,9.0,10.75,25.0,44.5,1.0,74.5,NA,NA,NA,751.0,0.0
2026-03-27 01:00:00,34.0,118.75,20.25,19.5,27.5,39.75,15.0,0.67,48.25,5.0,11.0,NA,9.0,9.0,9.5,24.25,45.25,1.0,86.25,NA,NA,NA,751.0,0.0
2026-03-27 02:00:00,30.75,115.75,22.0,20.0,29.25,36.0,13.75,0.75,45.5,5.0,11.0,NA,9.0,9.0,9.5,23.75,46.75,1.0,88.5,NA,NA,NA,751.0,0.0
2026-03-27 03:00:00,30.0,106.5,20.25,19.0,27.25,45.5,14.0,1.0,39.0,5.0,11.0,NA,9.0,9.0,10.25,22.0,50.75,1.0,37.75,NA,NA,1.67,750.75,0.0
2026-03-27 04:00:00,38.25,89.25,20.75,17.75,27.0,56.0,13.0,1.0,40.5,5.0,11.0,NA,9.0,9.0,10.5,22.0,52.25,1.0,60.0,NA,NA,10.75,751.0,0.0
2026-03-27 05:00:00,27.75,89.25,22.0,21.5,29.75,69.25,13.0,1.0,37.5,5.0,11.25,NA,8.75,9.0,10.0,22.0,52.5,0.75,167.0,NA,NA,16.25,751.0,0.0
2026-03-27 06:00:00,40.5,83.5,21.25,18.0,27.5,77.75,13.0,1.0,33.5,5.0,11.0,NA,9.0,9.25,9.75,22.0,52.75,1.0,176.5,NA,NA,34.5,751.0,0.0
2026-03-27 07:00:00,39.0,87.75,20.25,19.25,27.5,36.5,17.33,1.0,36.0,5.0,11.0,NA,9.0,9.0,10.0,23.0,53.5,0.75,33.25,NA,NA,48.75,751.0,0.0
2026-03-27 08:00:00,47.75,114.5,19.75,19.75,27.25,37.75,21.0,1.0,37.5,5.0,11.0,NA,9.0,9.0,10.25,22.75,54.75,0.75,158.25,NA,NA,140.67,751.0,0.0
2026-03-27 09:00:00,55.75,115.0,20.75,19.75,28.0,35.25,19.67,1.33,38.0,5.0,11.0,NA,9.0,9.25,10.25,25.25,50.0,1.0,210.75,NA,NA,467.75,751.5,0.0
2026-03-27 10:00:00,61.0,119.0,20.75,20.0,28.25,30.0,14.25,1.75,41.25,5.0,11.0,NA,9.0,9.0,10.0,28.25,44.25,0.5,95.25,NA,NA,381.5,752.0,0.75
2026-03-27 11:00:00,48.0,104.25,20.25,20.75,28.0,28.0,12.0,1.0,39.25,5.0,11.25,NA,9.0,9.25,10.0,27.25,46.75,1.0,73.75,NA,NA,263.5,752.0,0.5
2026-03-27 12:00:00,45.0,99.25,19.0,20.25,26.5,31.75,12.0,1.0,60.0,5.0,10.75,NA,9.0,9.0,10.5,26.0,50.25,0.75,92.5,NA,NA,139.33,751.75,0.25
2026-03-27 13:00:00,36.0,107.5,22.5,18.75,29.0,46.0,12.67,1.0,41.0,5.0,11.25,NA,8.75,9.0,9.75,24.5,53.0,0.75,181.25,NA,NA,325.0,751.0,0.0
2026-03-27 14:00:00,33.25,101.75,23.25,19.0,30.0,46.25,10.0,1.5,41.0,5.0,11.0,NA,9.0,9.5,10.5,24.25,55.0,0.75,204.0,NA,NA,144.5,751.0,0.0
2026-03-27 15:00:00,28.0,99.25,20.75,20.25,28.25,53.5,12.0,1.0,38.25,5.0,11.0,NA,9.0,9.0,9.75,24.0,57.5,1.0,279.75,NA,NA,102.5,751.0,0.0
2026-03-27 16:00:00,20.75,92.0,21.5,19.25,28.5,45.5,13.25,0.75,39.5,5.0,11.0,NA,9.0,9.25,10.0,24.0,57.25,1.0,283.5,NA,NA,58.25,751.0,0.0
2026-03-27 17:00:00,23.5,85.5,22.25,20.0,29.5,54.25,18.0,0.67,38.5,5.0,10.75,NA,8.75,9.0,10.25,23.5,60.0,1.0,201.5,NA,NA,43.75,751.0,0.0
2026-03-27 18:00:00,30.0,94.0,22.25,18.75,28.75,31.25,23.75,1.0,39.75,5.0,11.0,NA,9.0,9.25,9.75,23.25,56.0,1.0,71.75,NA,NA,NA,751.0,0.0
2026-03-27 19:00:00,29.25,85.5,19.0,20.25,26.75,28.75,19.67,1.0,39.0,5.0,11.25,NA,9.0,9.0,10.0,22.25,61.75,1.0,63.0,NA,NA,6.0,751.0,0.0
2026-03-27 20:00:00,36.25,113.25,21.75,19.75,29.0,20.75,23.5,1.25,39.0,5.0,11.0,NA,9.0,9.0,10.0,22.0,67.5,1.0,52.75,NA,NA,17.0,751.0,0.0
2026-03-27 21:00:00,46.25,133.25,21.75,18.5,28.5,33.75,21.0,1.67,39.0,5.0,11.25,NA,9.25,9.0,10.0,22.0,65.75,0.75,102.25,NA,NA,13.25,751.0,0.0
2026-03-27 22:00:00,65.25,127.75,22.25,19.75,29.25,47.75,21.0,1.75,37.75,5.0,11.5,NA,9.0,9.25,9.5,21.5,67.75,1.0,92.0,NA,NA,NA,750.25,0.0
2026-03-27 23:00:00,65.0,139.0,21.5,18.0,28.0,27.5,17.0,1.0,40.5,5.0,11.0,NA,9.0,9.0,10.0,21.0,71.0,1.0,106.0,NA,NA,3.0,750.0,0.0
2026-03-28 00:00:00,55.75,124.75,20.75,19.25,28.0,NA,19.25,1.0,38.0,5.25,11.0,NA,9.0,9.25,9.25,20.0,76.0,1.0,267.0,NA,NA,17.25,750.0,0.0
2026-03-28 01:00:00,62.0,125.0,21.75,19.75,29.0,39.75,18.67,1.0,39.0,5.0,11.0,NA,9.0,9.0,10.0,21.0,72.25,1.0,188.5,NA,NA,17.25,750.0,0.0
2026-03-28 02:00:00,59.0,117.75,22.25,19.75,29.25,34.0,15.25,1.25,39.75,5.0,10.75,NA,9.25,9.0,10.25,20.0,71.5,1.0,24.33,NA,NA,12.25,750.0,0.0
2026-03-28 03:00:00,47.25,96.25,20.0,20.75,28.0,45.25,11.33,0.0,39.75,5.0,11.0,NA,9.25,9.0,10.0,20.0,71.0,1.0,21.33,NA,NA,4.33,750.0,0.0
2026-03-28 04:00:00,39.25,73.25,21.25,18.75,28.0,55.75,7.0,0.25,40.0,5.0,11.25,NA,8.75,9.0,10.25,20.0,69.0,1.0,18.0,NA,NA,15.25,750.0,0.0
2026-03-28 05:00:00,38.75,52.5,21.25,18.75,28.0,68.5,12.0,1.0,47.25,5.0,11.0,NA,9.0,9.0,10.0,19.5,67.5,1.0,117.5,NA,NA,2.0,750.0,0.0
2026-03-28 06:00:00,69.25,81.0,21.75,19.25,28.25,76.5,8.5,1.25,74.25,5.0,11.25,NA,8.75,9.25,9.25,19.25,67.25,1.0,105.0,NA,NA,48.67,750.0,0.0
2026-03-28 07:00:00,59.0,82.25,21.5,20.5,29.25,35.5,12.33,0.0,167.75,5.0,11.0,NA,9.0,9.0,9.75,22.0,60.75,1.0,45.75,NA,NA,238.75,750.5,0.0
2026-03-28 08:00:00,49.25,78.5,19.5,18.5,26.5,38.5,11.5,0.0,39.0,5.0,11.0,NA,9.0,9.0,9.75,24.0,55.5,1.0,37.25,NA,NA,488.25,751.0,0.0
2026-03-28 09:00:00,44.0,61.75,22.0,19.25,28.5,34.75,9.67,1.33,38.0,5.0,11.0,NA,9.0,9.0,10.0,26.0,51.5,1.0,46.75,NA,NA,700.75,752.0,0.0
2026-03-28 10:00:00,38.0,47.5,21.5,19.75,28.5,29.5,4.0,1.25,49.75,5.0,11.0,NA,8.5,9.0,10.25,27.75,47.0,1.0,28.5,NA,NA,853.0,752.0,0.5
2026-03-28 11:00:00,30.5,41.75,21.5,20.0,28.5,27.0,11.0,1.0,34.25,5.0,10.75,NA,9.0,9.0,10.25,29.0,44.25,1.25,33.5,NA,NA,925.25,752.25,1.0
2026-03-28 12:00:00,25.0,47.5,21.75,19.5,29.25,35.75,8.75,1.0,35.5,5.0,11.0,NA,8.75,9.0,10.0,29.25,42.5,1.0,29.25,NA,NA,694.25,752.25,0.75
2026-03-28 13:00:00,22.25,51.5,22.5,18.75,28.75,44.5,10.0,0.67,40.25,5.0,11.0,NA,9.0,9.0,9.5,29.75,42.75,0.75,54.0,NA,NA,676.25,753.0,1.0
2026-03-28 14:00:00,33.5,91.5,21.75,17.75,27.75,43.0,10.0,1.0,110.25,5.0,11.25,NA,9.0,9.0,9.5,30.25,41.75,1.0,54.25,NA,NA,525.25,753.0,1.0
2026-03-28 15:00:00,26.25,73.75,20.5,19.5,27.75,54.75,9.67,0.0,42.25,5.0,11.0,NA,8.75,9.0,10.0,29.75,41.75,1.5,60.5,NA,NA,195.5,753.0,1.0
2026-03-28 16:00:00,37.0,54.75,19.25,19.5,26.75,40.75,10.5,0.0,41.0,5.0,11.5,NA,9.0,9.25,10.0,29.75,41.75,1.25,59.5,NA,NA,192.0,753.0,1.0
2026-03-28 17:00:00,25.25,39.5,23.0,20.0,29.75,55.25,11.33,1.0,38.25,5.0,11.25,NA,9.0,9.0,9.75,28.75,42.5,1.25,74.5,NA,NA,23.0,752.5,1.0
2026-03-28 18:00:00,28.5,35.25,22.25,19.0,29.0,31.5,15.75,1.25,32.25,5.0,11.5,NA,9.0,9.0,10.0,27.5,45.0,2.0,111.75,NA,NA,NA,752.0,0.5
2026-03-28 19:00:00,29.25,43.25,20.5,19.5,27.5,28.75,16.67,1.33,32.5,5.0,11.25,NA,8.75,9.0,9.75,25.5,50.0,2.0,151.75,NA,NA,NA,751.75,0.0
2026-03-28 20:00:00,43.0,67.0,21.5,17.75,27.75,22.0,25.5,2.25,34.25,5.0,10.75,NA,9.0,9.0,10.25,24.25,53.75,1.25,151.75,NA,NA,NA,751.0,0.0
2026-03-28 21:00:00,57.5,78.5,20.25,20.75,28.25,33.0,27.33,1.67,37.5,5.0,11.0,NA,9.25,9.25,10.0,23.5,56.0,1.0,169.0,NA,NA,NA,751.0,0.0
2026-03-28 22:00:00,61.75,82.5,22.25,20.25,29.75,44.25,34.25,1.75,36.5,5.0,11.0,NA,9.0,9.0,9.5,23.0,58.0,1.0,171.0,NA,NA,NA,751.0,0.0
2026-03-28 23:00:00,65.0,80.0,22.0,20.0,29.0,26.5,21.0,0.0,40.0,5.0,11.0,NA,9.0,9.0,10.0,22.5,59.5,1.0,171.0,NA,NA,NA,751.0,0.0
2026-03-29 00:00:00,64.0,115.75,21.5,19.25,28.5,NA,29.75,1.0,38.75,5.0,11.0,NA,8.5,9.0,10.0,22.0,63.0,1.0,171.0,NA,NA,3.0,751.0,0.0
2026-03-29 01:00:00,67.75,126.75,23.75,19.75,30.0,39.75,27.0,0.0,40.75,5.0,11.0,NA,8.75,9.0,10.25,21.5,65.5,1.0,171.0,NA,NA,2.0,750.5,0.0
2026-03-29 02:00:00,75.5,145.0,22.25,19.75,29.0,32.5,31.0,0.0,40.25,5.0,11.25,NA,9.0,9.0,10.25,21.0,66.25,1.0,171.0,NA,NA,0.0,750.0,0.0
2026-03-29 03:00:00,71.25,105.5,21.25,19.25,28.0,44.5,19.0,0.67,38.75,5.0,11.0,NA,9.0,9.25,9.75,20.75,65.75,1.0,171.0,NA,NA,3.0,750.0,0.0
2026-03-29 04:00:00,79.0,93.5,20.75,19.25,28.0,55.0,13.0,1.0,41.0,5.0,11.0,NA,8.75,9.0,10.25,20.0,67.0,1.0,171.25,NA,NA,1.75,750.0,0.0
2026-03-29 05:00:00,78.5,99.75,21.75,21.0,29.5,69.5,19.67,1.0,41.0,5.0,11.0,NA,9.0,9.0,10.0,20.0,66.5,1.0,222.25,NA,NA,3.0,750.0,0.0
2026-03-29 06:00:00,86.0,98.0,21.75,20.5,29.25,79.25,15.75,1.0,42.75,5.0,11.25,NA,9.0,9.25,10.0,20.0,67.75,1.0,208.0,NA,NA,39.25,750.0,0.0
2026-03-29 07:00:00,94.0,97.0,22.5,20.25,30.0,35.75,18.33,0.67,42.25,5.0,11.0,NA,8.75,9.25,10.0,20.5,69.0,1.0,213.5,NA,NA,205.75,750.0,0.0
2026-03-29 08:00:00,88.25,92.0,21.25,20.0,28.25,38.25,14.75,1.0,38.0,5.0,11.0,NA,9.0,9.5,10.0,22.5,64.25,1.0,230.25,NA,NA,402.25,751.0,0.0
2026-03-29 09:00:00,27.0,17.0,20.25,18.75,27.25,35.5,20.0,0.67,37.25,5.0,10.75,NA,9.0,9.0,10.0,24.5,58.25,1.0,218.5,NA,NA,614.75,751.25,0.0
2026-03-29 10:00:00,41.25,199.75,22.5,19.0,29.25,30.25,12.75,1.0,36.0,5.25,11.0,NA,9.0,9.0,10.0,27.25,52.75,1.0,246.5,NA,NA,769.0,752.0,0.0
2026-03-29 11:00:00,49.5,207.0,22.75,19.75,30.0,27.5,14.0,0.0,40.75,5.0,11.0,NA,9.0,9.0,10.0,29.0,47.5,1.0,252.5,NA,NA,828.25,752.5,1.0
2026-03-29 12:00:00,53.75,182.25,21.75,19.25,28.75,35.75,8.75,0.5,41.5,5.0,11.0,NA,9.0,9.0,10.0,30.0,43.75,0.75,203.75,NA,NA,699.0,753.0,1.0
2026-03-29 13:00:00,48.5,156.0,22.25,19.75,29.0,42.25,13.0,1.33,41.75,5.0,11.0,NA,9.0,9.0,10.5,31.5,40.5,0.75,55.0,NA,NA,753.5,753.0,1.0
2026-03-29 14:00:00,36.0,138.25,21.25,19.25,28.0,45.0,8.0,1.25,40.75,5.0,11.25,NA,9.0,9.0,10.5,31.75,39.25,1.0,165.5,NA,NA,528.0,753.0,1.0
2026-03-29 15:00:00,49.75,121.5,21.5,18.5,28.0,54.25,12.33,0.33,42.75,5.0,11.25,NA,9.0,9.25,9.75,32.0,39.0,1.25,60.5,NA,NA,401.0,753.0,1.0
2026-03-29 16:00:00,48.25,118.25,21.0,19.0,27.75,42.0,11.25,0.75,40.0,5.0,11.25,NA,9.0,9.0,9.75,31.75,40.0,1.0,82.25,NA,NA,130.0,753.0,1.0
2026-03-29 17:00:00,42.5,112.5,21.0,17.5,27.0,56.75,15.0,1.0,41.25,5.0,11.25,NA,8.75,9.0,9.75,30.25,44.5,1.5,174.0,NA,NA,7.5,753.0,1.0
2026-03-29 18:00:00,32.0,137.75,19.75,19.75,27.0,32.25,15.75,1.0,37.25,5.0,11.25,NA,9.0,9.25,10.0,28.25,49.5,2.0,206.0,NA,NA,NA,752.0,1.0
2026-03-29 19:00:00,40.25,136.25,22.0,20.25,29.5,26.5,17.0,1.0,34.75,5.0,10.75,NA,9.0,9.25,9.5,27.5,51.25,2.0,215.0,NA,NA,NA,752.0,0.25
2026-03-29 20:00:00,41.0,161.75,20.5,17.5,26.75,20.5,20.0,1.75,31.25,5.0,11.0,NA,9.0,9.25,10.25,27.0,52.0,2.0,208.5,NA,NA,NA,752.0,0.0
2026-03-29 21:00:00,46.5,168.5,21.0,19.0,27.75,31.75,15.33,1.0,32.0,5.0,11.25,NA,9.0,9.0,10.0,26.5,52.25,2.0,212.75,NA,NA,NA,752.0,0.0
2026-03-29 22:00:00,35.0,176.25,23.0,20.5,30.25,47.0,19.25,1.5,32.25,5.0,11.0,NA,8.75,9.0,10.0,25.75,53.25,1.75,206.5,NA,NA,NA,752.0,0.0
2026-03-29 23:00:00,49.0,179.5,23.0,21.5,30.0,28.5,19.0,0.0,31.5,5.0,11.0,NA,9.0,9.0,10.0,25.0,55.0,1.0,213.0,NA,NA,NA,751.0,0.0
2026-03-30 00:00:00,53.75,173.5,23.5,19.75,30.25,NA,19.5,1.0,33.0,5.0,11.0,NA,8.75,9.25,10.25,24.5,54.5,1.0,210.5,NA,NA,NA,751.0,0.0
2026-03-30 01:00:00,51.25,163.0,21.0,18.5,27.5,39.5,19.0,1.0,33.0,5.0,11.25,NA,9.0,9.25,10.25,24.0,56.0,1.0,224.75,NA,NA,NA,751.0,0.0
2026-03-30 02:00:00,51.0,174.0,21.5,17.75,27.5,33.5,15.75,1.0,31.0,5.0,11.0,NA,9.0,9.25,9.5,24.0,57.0,1.0,249.75,NA,NA,NA,751.0,0.0
2026-03-30 03:00:00,57.25,154.75,21.0,19.75,28.25,44.75,13.67,1.33,31.5,5.0,11.25,NA,9.0,9.0,10.5,23.0,58.0,0.5,255.75,NA,NA,3.0,751.0,0.0
2026-03-30 04:00:00,37.75,146.5,22.5,19.5,29.5,55.0,13.0,1.5,36.25,5.0,10.75,NA,9.0,9.0,9.75,23.0,58.75,0.75,247.25,NA,NA,3.5,751.0,0.0
2026-03-30 05:00:00,53.5,145.0,20.5,19.0,27.5,66.0,16.0,1.33,38.0,5.0,11.25,NA,8.75,9.0,10.25,22.5,59.75,1.0,240.25,NA,NA,0.0,751.0,0.0
2026-03-30 06:00:00,65.0,148.75,23.0,19.75,30.0,77.5,18.25,1.75,39.5,5.0,11.0,NA,9.0,8.75,9.75,22.0,62.5,1.0,213.5,NA,NA,38.5,751.0,0.0
2026-03-30 07:00:00,89.0,173.75,20.5,19.75,27.75,36.0,22.67,1.0,40.5,5.0,11.0,NA,9.0,9.0,10.25,23.0,62.0,1.0,218.75,NA,NA,208.75,751.0,0.0
2026-03-30 08:00:00,78.25,179.5,22.0,20.25,29.5,38.0,25.75,1.0,37.75,5.0,11.0,NA,9.0,9.25,10.25,25.0,57.5,1.0,233.5,NA,NA,414.0,751.25,0.0
2026-03-30 09:00:00,102.0,174.5,20.75,19.25,27.75,34.5,18.0,1.33,40.0,5.0,10.75,NA,8.75,9.0,9.75,27.0,53.5,1.0,259.5,NA,NA,600.75,752.0,0.25
2026-03-30 10:00:00,78.25,155.33,19.5,19.25,27.0,29.75,9.25,1.25,47.25,5.0,11.0,NA,9.25,9.0,10.0,29.5,48.75,1.0,297.25,NA,NA,772.75,752.5,1.0
2026-03-30 11:00:00,NA,NA,17.75,19.5,26.0,28.75,11.5,1.5,30.5,5.0,11.0,NA,9.0,9.25,9.75,30.0,47.0,1.25,248.75,NA,NA,787.5,752.75,1.0
2026-03-30 12:00:00,NA,NA,17.67,21.33,26.0,34.5,NA,0.0,29.5,5.0,11.25,NA,8.5,9.0,10.0,32.0,42.5,1.0,169.5,NA,NA,688.5,753.25,1.0
2026-03-30 13:00:00,NA,10.0,10.0,22.0,10.0,45.75,14.33,0.67,30.0,5.0,11.0,NA,9.0,9.0,9.75,33.5,39.5,1.0,107.25,NA,NA,753.0,754.0,1.0
2026-03-30 14:00:00,13.0,45.5,7.0,22.0,7.0,45.5,14.25,0.75,27.5,5.0,11.25,NA,9.0,9.0,10.0,33.75,39.5,1.0,136.25,NA,NA,627.5,754.0,1.0
2026-03-30 15:00:00,31.0,101.5,15.75,20.75,21.25,53.75,15.0,0.0,28.0,5.0,11.25,NA,9.0,9.0,9.75,32.75,42.5,1.25,143.0,NA,NA,230.5,753.5,1.0
2026-03-30 16:00:00,45.25,129.75,20.25,21.0,30.75,41.5,14.25,0.0,38.5,5.0,11.5,NA,9.0,9.0,9.75,31.25,47.75,1.75,192.25,NA,NA,131.25,753.0,1.0
2026-03-30 17:00:00,59.25,144.5,20.0,22.25,30.5,57.0,11.67,0.0,64.5,5.0,11.0,NA,8.75,9.25,10.25,30.75,48.5,1.25,185.25,NA,NA,54.0,753.0,1.0
2026-03-30 18:00:00,64.5,167.0,20.5,21.25,30.75,31.25,14.5,0.5,113.33,5.0,11.0,NA,9.0,9.25,9.5,29.75,50.25,1.25,160.5,NA,NA,NA,753.0,1.0
2026-03-30 19:00:00,62.75,173.75,21.75,19.75,31.0,30.25,15.67,1.0,96.25,5.0,11.0,NA,8.5,9.25,10.25,28.75,52.75,1.75,134.75,NA,NA,NA,752.25,0.75
2026-03-30 20:00:00,56.5,200.0,22.0,18.0,30.25,22.0,25.75,1.25,41.5,5.0,11.0,NA,9.0,9.0,9.75,27.0,56.75,1.75,113.5,NA,NA,NA,752.0,0.0
2026-03-30 21:00:00,62.0,250.25,20.0,20.0,29.75,31.75,18.67,0.33,46.0,5.0,11.0,NA,9.0,9.25,10.0,27.25,54.0,1.25,59.5,NA,NA,NA,752.0,0.0
2026-03-30 22:00:00,77.75,216.0,23.0,21.0,32.5,47.5,19.25,0.0,42.0,5.0,11.0,NA,9.0,9.0,10.25,26.25,45.75,1.0,66.25,NA,NA,NA,752.0,0.0
2026-03-30 23:00:00,76.0,218.5,21.5,18.5,30.0,28.5,10.0,1.0,37.5,5.0,11.0,NA,9.0,9.0,10.0,25.5,46.5,1.0,89.0,NA,NA,NA,752.0,0.0
2026-03-31 00:00:00,61.0,234.25,22.0,19.0,30.75,NA,6.5,0.75,41.75,5.0,11.0,NA,8.5,9.0,10.0,24.5,49.75,1.0,63.0,NA,NA,NA,751.0,0.0
2026-03-31 01:00:00,60.0,226.5,20.5,18.0,28.75,40.25,11.0,1.0,43.0,5.0,10.75,NA,8.75,9.0,10.0,24.0,51.0,1.0,61.75,NA,NA,NA,751.0,0.0
2026-03-31 02:00:00,54.0,249.5,21.25,19.5,30.25,31.75,9.0,1.0,94.5,5.0,11.0,NA,9.0,9.0,10.25,23.5,50.75,1.0,57.5,NA,NA,3.0,751.0,0.0
2026-03-31 03:00:00,67.75,256.5,21.25,17.75,29.0,45.25,9.0,1.0,122.25,5.0,11.0,NA,8.75,9.25,9.75,23.0,51.75,1.0,45.75,NA,NA,0.5,751.0,0.0
2026-03-31 04:00:00,55.25,269.25,20.75,19.25,29.5,57.5,6.75,1.0,40.75,5.0,10.75,NA,9.0,9.0,9.5,22.5,54.0,1.0,58.25,NA,NA,3.0,751.0,0.0
2026-03-31 05:00:00,71.25,276.25,21.5,18.75,30.25,68.0,6.33,0.0,39.75,5.0,11.25,NA,9.0,9.0,10.0,22.0,55.25,1.0,55.0,NA,NA,8.5,751.0,0.0
2026-03-31 06:00:00,54.0,267.25,20.25,20.5,29.75,77.5,5.75,0.5,37.5,5.0,11.0,NA,9.0,9.0,10.5,22.0,57.25,1.0,53.25,NA,NA,27.5,750.75,0.0
2026-03-31 07:00:00,54.5,259.0,21.75,18.75,30.5,35.75,10.0,0.67,41.25,5.0,11.25,NA,9.0,9.25,10.5,23.25,53.75,0.75,88.5,NA,NA,223.0,751.0,0.0
2026-03-31 08:00:00,49.0,208.25,22.5,19.0,31.0,37.75,10.25,1.0,37.25,5.0,11.0,NA,9.0,9.0,9.75,25.75,48.75,0.75,114.25,NA,NA,476.5,751.75,0.0
2026-03-31 09:00:00,56.5,163.5,22.25,18.5,30.75,34.5,8.33,0.0,35.75,5.0,11.25,NA,9.0,9.0,9.75,28.0,44.5,0.5,135.25,NA,NA,703.75,752.0,0.5
2026-03-31 10:00:00,52.25,148.75,21.75,18.75,30.5,31.75,6.75,0.0,36.75,5.0,11.5,NA,9.0,9.0,9.5,29.0,42.75,0.5,123.5,NA,NA,782.75,752.5,0.75
2026-03-31 11:00:00,38.0,129.0,21.25,20.75,31.0,29.75,5.0,0.0,35.75,5.0,11.25,NA,9.0,9.25,10.0,30.75,40.0,1.25,53.25,NA,NA,945.0,753.0,1.0
2026-03-31 12:00:00,28.5,103.75,20.75,20.25,31.0,35.25,3.75,0.0,33.0,5.0,11.0,NA,8.75,9.0,9.75,32.5,36.0,1.0,49.75,NA,NA,792.5,754.0,1.0
2026-03-31 13:00:00,28.75,94.0,20.75,19.25,29.75,41.5,7.33,0.0,35.25,5.0,11.25,NA,9.0,9.0,9.75,34.0,34.0,1.0,37.5,NA,NA,886.25,754.0,1.0
2026-03-31 14:00:00,18.75,99.0,21.25,20.5,30.75,43.0,8.5,0.0,39.75,5.0,10.75,NA,9.0,9.0,9.75,34.0,33.5,1.5,64.75,NA,NA,534.75,754.0,1.0
2026-03-31 15:00:00,10.25,94.0,21.0,20.0,30.0,53.75,6.67,0.0,35.75,5.0,11.0,NA,9.0,9.0,10.0,34.0,33.5,1.25,54.5,NA,NA,485.25,754.0,1.0
2026-03-31 16:00:00,5.0,32.5,21.5,19.25,30.5,41.5,6.5,0.0,37.75,5.0,10.75,NA,9.0,9.0,10.0,33.25,33.75,1.75,50.5,NA,NA,130.25,754.0,1.0
2026-03-31 17:00:00,22.67,84.5,21.5,19.75,31.0,54.75,9.67,1.0,38.75,5.0,11.0,NA,9.0,9.0,9.75,32.5,35.25,1.75,65.25,NA,NA,23.0,753.25,1.0
2026-03-31 18:00:00,17.0,113.0,21.0,19.75,30.25,32.5,12.0,1.0,36.25,5.0,11.0,NA,9.0,9.0,10.25,30.75,37.25,1.5,80.25,NA,NA,NA,753.0,1.0
2026-03-31 19:00:00,14.0,109.75,21.25,20.25,30.75,28.25,10.0,0.67,39.5,5.0,11.0,NA,8.5,9.25,9.5,29.75,39.0,2.0,84.5,NA,NA,NA,753.0,1.0
2026-03-31 20:00:00,20.5,128.25,22.25,19.0,31.0,21.0,12.5,1.0,37.25,5.0,11.0,NA,8.75,9.0,9.5,28.75,40.75,2.0,103.5,NA,NA,NA,752.5,1.0
2026-03-31 21:00:00,33.75,146.0,22.0,19.25,30.5,35.0,12.67,0.67,40.0,5.0,11.0,NA,9.0,9.0,9.5,28.0,41.5,1.75,95.25,NA,NA,NA,752.0,1.0
2026-03-31 22:00:00,34.75,146.0,21.5,19.5,30.25,46.0,13.0,1.0,40.5,5.0,11.25,NA,9.0,9.0,10.0,27.75,41.0,1.25,98.0,NA,NA,3.5,752.0,0.75
2026-03-31 23:00:00,30.0,157.5,21.0,19.5,30.5,27.0,7.0,0.0,39.0,5.0,11.0,NA,8.5,9.0,10.0,27.0,41.0,1.0,92.0,NA,NA,8.0,751.0,0.0
2026-04-01 00:00:00,29.0,198.75,20.75,17.75,29.25,NA,7.25,0.0,48.25,5.0,11.25,NA,9.0,9.0,10.0,25.0,48.0,1.0,37.0,NA,NA,9.5,751.25,0.0
2026-04-01 01:00:00,36.25,235.5,21.25,18.75,29.75,39.5,8.33,0.0,67.0,5.0,11.25,NA,8.75,9.0,9.5,23.25,54.0,1.0,222.75,NA,NA,10.25,751.0,0.0
2026-04-01 02:00:00,31.0,212.25,21.0,19.0,30.0,33.5,6.75,0.0,236.75,5.0,11.25,NA,9.0,9.0,10.0,23.0,57.25,1.0,261.25,NA,NA,21.25,751.0,0.0
2026-04-01 03:00:00,22.25,127.5,20.75,20.25,30.5,44.5,5.33,0.67,192.0,5.0,11.0,NA,9.0,9.0,10.0,22.75,50.75,1.0,167.0,NA,NA,12.33,749.25,0.0
2026-04-01 04:00:00,22.0,164.5,21.75,20.0,31.0,57.75,5.75,0.5,45.25,5.0,11.0,NA,8.75,9.0,10.25,17.75,84.75,0.75,166.75,NA,NA,22.75,748.0,0.0
2026-04-01 05:00:00,20.75,162.0,22.25,17.5,30.0,67.0,7.33,0.67,45.0,5.0,11.25,NA,9.0,9.0,9.75,19.0,95.0,0.75,272.5,NA,NA,17.5,750.0,0.0
2026-04-01 06:00:00,13.75,106.0,23.25,20.25,32.25,75.0,8.0,1.0,46.5,5.0,11.25,NA,8.75,9.25,10.0,19.0,94.5,0.5,210.75,NA,NA,23.0,750.0,0.0
2026-04-01 07:00:00,22.25,90.75,21.0,17.5,29.0,36.0,8.67,0.67,48.5,5.0,11.0,NA,8.75,9.0,10.0,19.0,93.25,0.75,302.25,NA,NA,54.0,749.5,0.0
2026-04-01 08:00:00,24.75,55.0,22.75,19.0,31.25,38.25,10.0,1.0,49.75,5.0,11.0,NA,8.75,9.0,10.0,21.25,73.0,0.75,278.75,NA,NA,54.33,750.25,0.0
2026-04-01 09:00:00,19.0,29.5,21.5,18.75,30.75,35.0,7.0,0.0,43.25,5.0,11.0,NA,9.0,9.0,10.25,24.5,61.0,0.75,277.0,NA,NA,32.67,751.25,0.0
2026-04-01 10:00:00,17.5,22.0,22.5,18.25,30.5,30.0,4.0,0.25,46.5,5.0,11.0,NA,8.75,9.0,10.25,26.75,55.25,0.75,224.5,NA,NA,668.25,752.0,0.25
2026-04-01 11:00:00,NA,NA,20.0,19.75,29.5,28.25,8.0,0.0,43.75,5.0,11.0,NA,9.0,9.25,9.75,29.5,50.0,1.25,55.25,NA,NA,988.5,752.75,1.0
2026-04-01 12:00:00,NA,NA,21.5,19.0,30.25,35.5,5.5,0.5,88.75,5.0,11.0,NA,9.0,9.0,10.25,31.0,46.5,1.25,43.25,NA,NA,805.0,753.0,1.0
2026-04-01 13:00:00,23.0,44.0,21.75,20.0,31.0,44.0,6.67,0.0,50.0,5.0,11.0,NA,9.0,9.0,10.5,31.75,42.0,1.5,55.5,NA,NA,853.25,753.0,1.0
2026-04-01 14:00:00,24.5,61.25,22.0,19.25,31.0,44.25,4.75,0.0,43.25,5.0,11.5,NA,9.0,9.25,10.0,32.0,40.5,1.25,64.25,NA,NA,548.0,753.0,1.0
2026-04-01 15:00:00,22.75,72.0,21.75,20.25,31.25,53.75,6.33,1.0,36.75,5.0,11.25,NA,8.75,9.0,9.75,32.0,40.0,1.25,70.0,NA,NA,476.75,753.0,1.0
2026-04-01 16:00:00,20.0,80.75,20.75,19.5,30.25,40.25,6.5,1.0,118.25,5.0,11.0,NA,9.0,9.0,9.5,31.75,40.5,1.0,79.25,NA,NA,81.75,753.0,1.0
2026-04-01 17:00:00,19.25,83.25,20.75,20.25,30.75,48.0,6.67,0.67,195.75,5.0,11.0,NA,9.0,9.25,10.0,31.25,41.0,1.25,86.75,NA,NA,22.0,753.0,1.0
2026-04-01 18:00:00,21.0,95.25,24.75,20.25,33.5,31.5,11.75,0.5,42.0,5.0,11.0,NA,8.5,9.0,9.75,29.25,43.25,2.0,86.25,NA,NA,NA,752.75,1.0
2026-04-01 19:00:00,25.5,92.25,24.25,18.5,32.25,29.0,10.33,1.67,39.5,5.0,11.0,NA,8.75,9.0,10.0,28.0,45.0,1.75,85.5,NA,NA,NA,752.0,1.0
2026-04-01 20:00:00,25.5,70.25,22.5,20.0,31.5,19.75,13.5,2.0,34.75,5.0,11.25,NA,9.0,9.0,10.0,27.25,46.5,2.0,87.25,NA,NA,NA,752.0,0.25
2026-04-01 21:00:00,28.0,72.0,22.25,19.5,31.0,27.5,13.67,1.67,35.5,5.0,11.0,NA,9.0,9.0,10.25,26.0,49.5,1.75,84.0,NA,NA,NA,752.0,0.0
2026-04-01 22:00:00,39.75,85.5,22.0,19.0,31.0,49.25,14.5,0.5,33.75,5.0,10.75,NA,8.75,9.0,10.25,25.0,50.75,1.75,82.25,NA,NA,NA,751.0,0.0
2026-04-01 23:00:00,41.0,95.0,20.5,19.0,29.5,26.5,13.0,0.0,34.5,5.0,11.0,NA,9.0,9.0,9.5,25.0,51.0,2.0,24.0,NA,NA,NA,751.0,0.0
2026-04-02 00:00:00,41.75,96.25,22.75,19.25,31.5,NA,11.25,0.0,36.5,5.0,10.75,NA,9.0,9.25,10.0,23.75,54.5,1.0,217.25,NA,NA,NA,751.0,0.0
2026-04-02 01:00:00,40.5,95.75,21.75,21.5,32.0,40.0,8.67,1.0,33.5,5.0,11.0,NA,9.0,9.0,10.25,23.5,53.75,1.0,87.0,NA,NA,NA,751.0,0.0
2026-04-02 02:00:00,36.5,92.75,20.75,19.25,30.25,33.75,6.0,1.0,38.5,5.0,11.0,NA,8.75,9.25,9.5,23.0,53.75,1.0,86.0,NA,NA,NA,751.0,0.0
2026-04-02 03:00:00,37.25,79.5,23.75,19.0,31.75,45.25,9.33,0.0,40.5,5.0,11.25,NA,8.75,9.0,9.75,23.0,53.25,1.0,71.0,NA,NA,NA,751.0,0.0
2026-04-02 04:00:00,33.0,77.5,22.0,20.0,31.0,56.25,9.0,0.0,44.25,5.0,11.0,NA,9.0,9.0,10.0,21.75,56.5,0.75,107.0,NA,NA,NA,750.75,0.0
2026-04-02 05:00:00,35.25,80.25,21.25,19.25,30.0,67.75,11.67,0.33,45.75,5.0,11.0,NA,8.75,9.0,10.0,21.25,57.5,1.0,71.25,NA,NA,NA,750.0,0.0
2026-04-02 06:00:00,37.0,83.5,21.75,19.5,30.75,78.25,13.5,0.75,48.0,5.0,11.0,NA,9.0,9.0,9.75,22.0,56.75,1.0,340.25,NA,NA,47.25,750.75,0.0
2026-04-02 07:00:00,44.75,70.25,20.75,18.0,29.25,34.75,18.67,0.33,45.5,5.0,11.0,NA,9.0,9.0,9.75,25.25,51.0,1.25,52.25,NA,NA,272.75,751.75,0.0
2026-04-02 08:00:00,53.0,59.0,21.75,19.0,30.5,38.0,19.25,0.75,39.75,5.0,10.75,NA,9.0,9.0,10.0,27.75,46.5,1.75,61.5,NA,NA,554.75,752.0,0.5
2026-04-02 09:00:00,43.0,64.0,21.25,19.0,30.0,34.75,10.0,0.0,41.25,5.0,10.75,NA,9.0,9.25,9.75,28.5,45.5,1.75,61.0,NA,NA,611.5,752.25,0.75
2026-04-02 10:00:00,37.75,64.25,23.0,19.75,31.75,30.0,5.0,0.25,48.25,5.0,11.0,NA,9.0,9.0,10.0,31.25,41.0,1.75,58.0,NA,NA,905.5,753.0,1.0
2026-04-02 11:00:00,41.75,67.75,21.25,20.75,31.0,27.75,6.0,0.0,54.25,5.0,11.25,NA,8.75,9.0,9.5,32.75,38.5,1.25,58.5,NA,NA,961.75,753.75,1.0
2026-04-02 12:00:00,38.25,69.75,19.25,17.75,27.75,31.75,3.25,0.0,86.5,5.0,11.25,NA,9.0,9.0,10.0,33.25,38.0,1.5,53.5,NA,NA,947.0,754.0,1.0
2026-04-02 13:00:00,26.0,77.75,21.75,20.25,31.0,44.5,7.67,0.0,85.75,5.0,10.5,NA,9.0,9.25,10.0,34.0,36.75,1.25,53.5,NA,NA,798.0,754.0,1.0
2026-04-02 14:00:00,17.0,80.0,20.0,19.5,29.5,42.25,7.0,0.0,163.75,5.0,11.75,NA,9.0,9.0,9.75,34.0,37.0,2.0,58.25,NA,NA,398.0,754.0,1.0
2026-04-02 15:00:00,12.75,85.0,19.25,18.75,28.75,53.0,7.0,0.67,260.0,5.0,11.0,NA,8.75,9.25,10.25,34.0,36.0,1.75,59.25,NA,NA,471.0,754.0,1.0
2026-04-02 16:00:00,12.0,86.5,21.75,19.0,30.25,41.75,6.0,1.0,135.75,5.0,11.0,NA,8.75,9.0,10.0,33.5,35.75,1.75,52.25,NA,NA,92.25,754.0,1.0
2026-04-02 17:00:00,8.25,86.25,22.25,19.75,31.25,57.5,10.33,1.0,45.25,5.0,11.0,NA,9.0,9.0,10.75,32.5,38.0,1.75,60.75,NA,NA,NA,753.5,1.0
2026-04-02 18:00:00,9.0,86.25,22.75,19.25,31.75,31.5,13.75,0.5,41.75,5.0,11.0,NA,9.0,9.0,10.0,30.75,40.5,2.0,79.75,NA,NA,NA,753.0,1.0
2026-04-02 19:00:00,17.25,92.0,22.5,19.0,31.0,28.5,12.33,1.0,37.75,5.0,11.25,NA,9.0,9.0,10.5,29.5,42.75,1.25,87.0,NA,NA,NA,753.0,1.0
2026-04-02 20:00:00,23.0,104.5,23.25,19.5,31.75,20.5,16.0,1.75,38.0,5.0,11.0,NA,9.0,9.0,10.25,28.5,44.5,2.0,89.0,NA,NA,NA,752.0,1.0
2026-04-02 21:00:00,26.75,109.0,22.25,18.5,30.75,26.75,16.33,1.67,35.25,5.0,11.0,NA,9.0,9.0,10.0,28.0,46.0,1.75,72.0,NA,NA,NA,752.0,0.75
2026-04-02 22:00:00,41.25,123.25,23.25,18.0,31.25,46.0,20.25,1.25,33.25,5.0,11.5,NA,8.75,9.0,10.0,26.0,49.75,2.0,24.0,NA,NA,NA,752.0,0.0
2026-04-02 23:00:00,49.0,126.33,21.33,18.33,29.67,39.0,15.0,1.0,34.5,5.0,11.5,NA,8.67,9.5,10.0,26.0,50.33,2.0,24.0,NA,NA,NA,752.0,0.0
2026-04-03 00:00:00,53.25,132.5,21.5,18.25,30.0,NA,18.25,1.0,33.5,5.0,11.5,NA,9.0,9.0,10.25,25.0,53.0,1.75,31.75,NA,NA,1.0,751.25,0.0
2026-04-03 01:00:00,47.0,128.25,21.75,18.25,30.0,39.25,10.67,0.0,35.75,5.0,11.25,NA,8.75,9.0,10.0,25.0,51.75,1.75,95.25,NA,NA,2.75,751.5,0.0
2026-04-03 02:00:00,40.0,119.5,20.75,18.25,29.0,32.75,9.25,0.75,37.0,5.0,11.25,NA,9.0,9.0,10.0,24.25,53.5,1.5,98.0,NA,NA,5.0,751.0,0.0
2026-04-03 03:00:00,47.25,102.0,22.0,18.25,30.5,45.0,8.67,0.0,36.5,5.0,11.0,NA,9.0,9.25,10.25,24.0,54.75,1.0,95.25,NA,NA,7.0,751.0,0.0
2026-04-03 04:00:00,44.5,97.25,21.5,20.5,31.25,56.75,7.25,0.0,36.5,5.0,10.75,NA,9.0,9.0,10.25,23.5,56.0,1.0,85.75,NA,NA,8.5,751.0,0.0
2026-04-03 05:00:00,34.75,101.25,19.0,20.25,29.0,65.75,13.0,0.33,33.5,5.0,11.25,NA,9.0,9.0,10.0,23.0,56.75,1.0,68.0,NA,NA,5.5,751.0,0.0
2026-04-03 06:00:00,33.5,104.5,21.25,18.25,29.75,76.25,14.0,0.25,35.75,5.0,11.25,NA,9.0,9.0,9.75,23.75,55.5,1.0,39.0,NA,NA,40.75,751.0,0.0
2026-04-03 07:00:00,39.0,117.0,21.25,17.5,29.5,36.75,10.67,1.0,35.75,5.0,11.0,NA,9.0,9.0,9.75,24.75,53.0,1.0,50.0,NA,NA,88.75,751.0,0.0
2026-04-03 08:00:00,41.0,116.0,22.0,17.5,30.0,38.5,6.75,1.0,37.0,5.0,10.75,NA,8.75,9.0,10.25,25.25,52.25,1.0,54.75,NA,NA,224.5,751.5,0.0
2026-04-03 09:00:00,33.25,114.0,24.0,18.0,31.75,34.25,6.67,0.33,36.75,5.0,11.0,NA,8.75,9.25,10.0,26.0,50.0,1.0,55.0,NA,NA,236.0,752.0,0.0
2026-04-03 10:00:00,30.0,114.0,16.75,19.0,25.25,29.75,3.5,0.75,44.25,5.0,11.25,NA,8.75,9.0,10.25,27.5,48.0,1.0,57.25,NA,NA,354.0,752.0,0.5
2026-04-03 11:00:00,29.25,111.33,12.25,19.75,22.0,27.75,12.0,0.67,30.5,5.0,10.75,NA,8.75,9.25,10.0,28.25,47.5,1.0,70.5,NA,NA,285.5,752.0,0.75
2026-04-03 12:00:00,21.25,108.0,18.0,20.75,28.25,35.25,12.0,1.0,10.5,5.0,11.25,NA,8.75,9.0,9.75,28.0,45.75,1.25,55.75,NA,NA,259.5,752.0,1.0
2026-04-03 13:00:00,27.25,104.0,21.75,21.25,31.5,44.25,9.33,0.0,5.5,5.0,11.0,NA,8.75,9.25,9.75,29.5,44.25,1.5,59.25,NA,NA,500.75,752.75,1.0
2026-04-03 14:00:00,33.75,84.25,18.5,22.0,30.75,42.75,9.25,0.0,5.0,5.0,11.5,NA,9.0,9.25,10.25,31.5,41.25,0.75,60.0,NA,NA,569.0,753.0,1.0
2026-04-03 15:00:00,24.25,73.0,20.75,20.75,30.75,53.75,12.0,0.0,20.0,5.0,10.75,NA,9.0,9.25,9.75,32.75,37.75,1.5,45.5,NA,NA,487.5,753.75,1.0
2026-04-03 16:00:00,20.75,67.5,20.5,19.25,29.5,42.0,15.5,0.0,33.75,5.0,11.25,NA,9.0,9.0,10.0,33.0,36.0,1.75,46.25,NA,NA,62.75,754.0,1.0
2026-04-03 17:00:00,22.75,65.5,17.5,19.25,26.75,48.0,12.33,0.0,33.25,5.0,11.25,NA,9.0,9.0,10.0,32.5,36.5,2.0,46.25,NA,NA,17.0,753.5,1.0
2026-04-03 18:00:00,28.25,67.75,18.0,20.25,28.25,44.5,7.75,0.5,30.5,5.25,11.0,NA,9.0,9.0,9.75,30.5,40.0,2.0,43.75,NA,NA,NA,752.75,1.0
2026-04-03 19:00:00,27.75,84.0,18.5,21.5,29.0,27.25,22.67,0.67,35.0,5.0,11.0,NA,9.0,9.0,10.0,27.5,46.75,2.0,48.0,NA,NA,NA,752.0,0.0
2026-04-03 20:00:00,38.67,103.33,20.67,20.67,22.5,20.33,32.33,1.0,36.67,3.75,8.25,NA,6.75,6.75,7.5,27.0,46.33,1.33,60.67,NA,NA,NA,751.33,0.0
2026-04-03 21:00:00,53.5,130.0,20.75,20.25,30.5,34.33,44.67,0.5,39.5,5.0,10.5,NA,8.75,9.25,10.0,26.0,49.5,1.75,195.0,NA,NA,NA,752.0,0.0
2026-04-03 22:00:00,NA,NA,20.25,20.0,29.75,48.5,46.75,0.75,35.5,5.0,11.0,NA,9.0,9.0,9.75,26.25,50.25,1.5,58.5,NA,NA,2.0,752.0,0.0
2026-04-03 23:00:00,67.5,290.0,19.0,20.5,29.0,26.0,10.0,0.0,31.5,5.0,11.0,NA,9.0,9.5,10.0,26.0,51.5,2.0,89.5,NA,NA,0.0,752.0,0.0
2026-04-04 00:00:00,59.75,289.0,19.25,20.5,29.25,NA,10.25,0.0,32.75,5.0,11.0,NA,9.0,9.0,10.0,25.0,54.5,1.75,84.0,NA,NA,7.67,751.0,0.0
2026-04-04 01:00:00,66.25,294.25,20.0,20.5,29.75,39.5,8.0,0.0,38.5,5.0,11.0,NA,9.0,9.0,10.25,24.0,57.75,1.0,71.5,NA,NA,1.0,751.0,0.0
2026-04-04 02:00:00,61.5,316.0,17.75,20.75,28.25,32.5,3.0,0.25,36.25,5.0,11.0,NA,9.0,9.25,9.75,23.0,61.5,0.75,71.75,NA,NA,4.0,751.0,0.0
2026-04-04 03:00:00,59.25,320.0,19.75,20.25,29.75,44.5,5.67,0.0,35.75,5.0,11.0,NA,9.0,9.0,10.0,22.75,62.5,1.0,79.25,NA,NA,6.5,751.0,0.0
2026-04-04 04:00:00,58.25,317.25,20.0,20.75,30.0,50.25,5.33,0.0,37.25,5.0,11.0,NA,8.75,9.0,10.0,22.5,63.25,1.0,77.0,NA,NA,6.5,751.0,0.0
2026-04-04 05:00:00,47.0,289.5,18.0,21.0,28.5,67.75,4.33,0.0,37.25,5.0,11.0,NA,9.0,9.0,10.25,21.75,65.25,1.0,83.25,NA,NA,NA,750.75,0.0
2026-04-04 06:00:00,59.0,272.0,20.75,21.25,31.0,78.5,4.0,0.25,31.75,5.0,11.0,NA,9.0,9.0,9.75,21.25,66.75,1.0,47.25,NA,NA,33.5,750.25,0.0
2026-04-04 07:00:00,56.5,271.0,19.25,21.5,29.5,36.25,7.67,0.33,35.75,5.0,10.75,NA,9.0,9.0,10.0,23.5,61.25,1.0,126.0,NA,NA,237.25,750.75,0.0
2026-04-04 08:00:00,53.0,262.75,17.25,22.0,28.25,38.25,6.5,0.75,35.5,5.0,11.0,NA,9.0,9.0,10.25,25.25,57.5,1.0,41.25,NA,NA,484.75,751.5,0.0
2026-04-04 09:00:00,55.25,252.0,18.0,21.75,29.0,36.5,6.33,1.0,30.75,5.0,11.0,NA,9.0,9.25,10.25,26.0,54.5,1.0,46.25,NA,NA,612.5,751.75,0.25
2026-04-04 10:00:00,53.5,222.75,19.75,22.25,30.75,30.25,5.25,0.5,14.25,5.0,11.0,NA,9.25,9.0,10.5,29.25,46.0,1.0,68.75,NA,NA,745.5,752.75,1.0
2026-04-04 11:00:00,46.5,178.75,18.0,22.75,29.25,27.75,6.0,0.0,8.0,5.0,11.25,NA,8.75,9.25,10.0,30.75,43.25,1.25,67.75,NA,NA,760.25,753.0,1.0
2026-04-04 12:00:00,38.75,163.0,20.25,22.5,31.0,35.5,6.5,0.0,21.0,5.0,11.0,NA,9.0,9.0,9.5,32.0,25.25,1.25,50.5,NA,NA,598.0,744.25,-0.25
2026-04-04 13:00:00,33.0,139.75,17.25,20.75,28.0,43.25,7.0,0.67,25.75,5.0,11.0,NA,9.0,9.0,9.75,31.0,38.75,1.25,44.25,NA,NA,388.5,753.0,1.0
2026-04-04 14:00:00,29.25,117.0,18.75,21.25,29.5,44.75,6.5,1.0,6.75,5.0,11.25,NA,9.0,9.0,9.75,31.75,39.0,1.75,53.5,NA,NA,468.5,753.0,1.0
2026-04-04 15:00:00,22.25,104.75,18.5,20.75,29.0,53.25,9.67,0.0,8.0,5.0,11.0,NA,9.0,9.0,10.25,32.0,38.25,2.0,49.0,NA,NA,432.0,753.0,1.0
2026-04-04 16:00:00,21.25,93.0,18.75,22.0,29.5,47.5,8.5,0.0,12.0,5.0,11.5,NA,9.0,9.0,10.25,31.75,38.75,2.0,30.5,NA,NA,40.67,753.0,1.0
2026-04-04 17:00:00,32.0,100.25,19.75,20.75,30.0,55.25,9.67,0.0,25.5,5.0,11.0,NA,8.5,9.0,9.75,30.0,43.0,1.25,180.5,NA,NA,NA,752.75,1.0
2026-04-04 18:00:00,29.5,120.75,18.75,21.5,29.5,32.0,12.5,0.0,32.25,5.0,11.0,NA,8.75,9.0,10.25,23.25,57.5,0.75,234.25,NA,NA,NA,751.0,0.0
2026-04-04 19:00:00,21.25,110.0,19.75,21.0,29.5,28.75,8.0,0.33,35.25,5.0,11.0,NA,9.0,9.25,10.0,20.5,66.0,0.75,42.0,NA,NA,11.0,750.25,0.0
2026-04-04 20:00:00,18.25,119.75,21.0,20.75,31.0,20.75,11.75,0.5,36.5,5.0,11.0,NA,9.0,9.25,9.75,19.0,93.25,0.25,167.75,NA,NA,27.0,750.0,0.0
2026-04-04 21:00:00,24.75,103.33,19.5,20.5,29.5,34.0,6.5,0.0,35.75,5.0,11.5,NA,9.0,9.0,9.75,19.0,80.0,0.5,162.25,NA,NA,8.0,750.0,0.0
2026-04-04 22:00:00,30.5,83.75,19.5,21.5,30.0,48.75,5.0,0.0,37.0,5.0,11.0,NA,9.0,9.0,10.0,19.25,73.0,0.25,93.25,NA,NA,NA,750.0,0.0
2026-04-04 23:00:00,33.5,72.0,20.0,21.0,30.0,27.5,5.0,0.0,33.0,5.0,11.0,NA,9.0,9.0,10.0,19.0,74.5,1.0,223.0,NA,NA,4.0,750.0,0.0
2026-04-05 00:00:00,23.5,64.75,19.25,20.0,29.5,NA,3.75,0.25,37.25,5.0,11.25,NA,9.0,9.0,10.0,19.75,71.0,1.0,237.0,NA,NA,NA,750.0,0.0
2026-04-05 01:00:00,13.0,46.5,20.25,20.75,30.0,39.75,6.0,0.0,34.0,5.0,11.0,NA,9.0,9.0,9.75,19.75,71.25,1.0,237.0,NA,NA,NA,750.0,0.0
2026-04-05 02:00:00,6.75,44.0,19.0,22.25,30.0,33.0,6.5,0.25,34.0,5.0,11.25,NA,9.0,9.0,9.75,19.25,72.0,0.75,211.0,NA,NA,NA,750.0,0.0
2026-04-05 03:00:00,8.0,40.0,20.25,20.5,30.0,44.5,3.33,1.0,35.5,5.0,11.0,NA,8.75,9.0,9.75,18.75,76.25,1.0,215.25,NA,NA,NA,750.0,0.0
2026-04-05 04:00:00,8.25,42.0,17.75,19.25,27.5,57.25,2.75,1.0,34.0,5.0,11.0,NA,9.0,9.25,10.0,18.0,79.25,0.75,216.25,NA,NA,NA,750.0,0.0
2026-04-05 05:00:00,5.25,42.25,19.25,21.5,29.75,67.75,5.67,0.0,33.25,5.0,11.25,NA,9.0,9.0,9.75,18.0,77.25,1.0,223.0,NA,NA,NA,749.5,0.0
2026-04-05 06:00:00,9.75,38.0,19.75,22.25,30.75,76.5,6.75,0.25,38.75,5.0,11.0,NA,9.0,9.0,10.25,18.5,76.5,1.0,234.0,NA,NA,8.5,749.5,0.0
2026-04-05 07:00:00,10.0,42.0,18.5,21.25,29.0,35.25,6.0,1.0,32.5,5.0,11.0,NA,9.0,9.0,9.75,21.75,66.0,1.0,178.75,NA,NA,432.67,750.5,0.0
2026-04-05 08:00:00,7.0,42.0,19.25,21.5,29.75,38.25,5.75,1.0,35.75,5.0,11.25,NA,9.0,8.75,10.0,23.5,61.0,1.0,43.5,NA,NA,662.25,751.0,0.0
2026-04-05 09:00:00,18.0,37.75,19.5,20.75,29.5,35.0,5.0,0.0,33.75,5.0,11.0,NA,8.75,9.0,9.75,25.0,55.0,1.0,61.75,NA,NA,905.75,751.0,0.0
2026-04-05 10:00:00,16.0,36.0,19.25,23.5,30.75,30.25,3.25,0.5,32.5,5.0,11.25,NA,8.75,9.0,9.75,26.25,51.5,1.0,56.75,NA,NA,989.5,752.0,0.0
2026-04-05 11:00:00,8.75,42.0,19.75,23.0,30.75,28.0,3.33,1.0,34.0,5.0,10.75,NA,9.0,9.0,10.25,27.0,49.5,0.75,70.5,NA,NA,998.5,752.0,0.0
2026-04-05 12:00:00,3.0,41.0,17.25,21.5,28.0,35.25,1.25,1.0,30.25,5.0,11.0,NA,9.0,9.25,10.25,27.75,47.25,0.75,70.0,NA,NA,826.75,752.0,0.5
2026-04-05 13:00:00,15.75,40.75,18.0,20.75,28.25,44.5,8.33,0.0,35.0,5.0,10.75,NA,9.0,9.25,10.0,28.25,45.0,0.5,134.5,NA,NA,727.5,752.0,0.75
2026-04-05 14:00:00,12.0,34.25,20.0,21.75,30.25,44.0,7.75,0.0,30.25,5.0,11.0,NA,9.0,9.25,10.25,28.75,43.0,0.75,102.25,NA,NA,377.5,752.25,1.0
2026-04-05 15:00:00,8.5,54.0,17.5,20.75,28.0,55.25,8.33,0.33,34.5,5.0,11.75,NA,8.75,9.0,10.0,29.0,42.25,0.75,183.75,NA,NA,510.0,752.5,1.0
2026-04-05 16:00:00,9.0,55.0,18.0,22.75,29.5,43.75,8.25,0.25,35.25,5.0,11.0,NA,8.5,9.0,10.0,28.5,43.25,1.5,71.25,NA,NA,57.75,752.0,1.0
2026-04-05 17:00:00,12.5,58.25,18.25,20.75,28.75,53.75,6.33,0.0,36.0,5.0,11.0,NA,9.0,9.0,10.0,27.5,44.0,1.0,66.75,NA,NA,17.0,752.0,0.25
2026-04-05 18:00:00,15.5,60.25,19.0,22.25,30.25,31.25,8.0,0.0,33.5,5.0,11.0,NA,9.0,9.0,10.25,26.75,46.0,1.25,76.0,NA,NA,0.5,752.0,0.0
2026-04-05 19:00:00,16.0,67.0,18.75,20.0,28.5,29.0,7.33,0.0,39.0,5.0,10.75,NA,8.75,9.0,10.25,25.0,47.5,1.0,57.25,NA,NA,1.0,751.5,0.0
2026-04-05 20:00:00,17.0,71.0,19.25,20.75,29.5,21.5,7.0,0.0,36.25,5.0,11.0,NA,8.75,9.25,10.0,23.0,48.5,1.0,63.75,NA,NA,9.5,751.0,0.0
2026-04-05 21:00:00,23.25,68.5,19.0,23.0,30.25,32.75,5.0,0.67,35.75,5.0,11.25,NA,9.0,9.25,10.0,21.25,54.0,1.0,66.75,NA,NA,11.75,750.0,0.0
2026-04-05 22:00:00,19.75,59.0,17.25,21.0,27.75,47.5,3.0,0.75,38.25,5.0,11.0,NA,9.0,9.0,10.0,20.25,54.75,0.75,72.25,NA,NA,3.0,750.0,0.0
2026-04-05 23:00:00,13.0,46.0,20.5,21.0,30.5,28.5,7.0,1.0,31.0,5.0,11.5,NA,8.5,9.0,9.5,20.0,55.5,1.0,186.5,NA,NA,NA,750.0,0.0
2026-04-06 00:00:00,15.5,41.0,18.25,21.75,29.0,NA,6.0,1.0,33.5,5.0,11.0,NA,9.0,9.25,10.0,19.0,58.0,0.75,337.5,NA,NA,NA,750.0,0.0
2026-04-06 01:00:00,26.5,35.75,19.75,21.25,30.0,40.5,5.33,0.33,29.5,5.0,10.75,NA,9.0,9.0,10.25,19.0,58.5,1.0,270.75,NA,NA,0.0,750.0,0.0
2026-04-06 02:00:00,16.5,41.25,18.5,20.5,28.75,33.0,4.5,1.0,28.5,5.25,11.0,NA,9.25,9.0,10.0,18.75,59.25,0.75,111.25,NA,NA,0.0,750.0,0.0
2026-04-06 03:00:00,14.0,53.0,19.5,20.5,29.25,45.0,7.0,0.33,30.75,5.0,11.0,NA,9.0,9.0,10.0,17.75,63.0,0.5,143.75,NA,NA,0.0,749.25,0.0
2026-04-06 04:00:00,13.25,41.0,18.25,21.25,28.75,56.5,6.5,1.0,29.25,5.0,10.75,NA,9.0,9.0,10.0,18.0,62.5,0.25,118.0,NA,NA,3.25,749.0,0.0
2026-04-06 05:00:00,11.25,39.0,18.5,21.75,29.25,67.25,7.67,0.0,29.0,5.0,11.0,NA,9.0,9.0,10.25,17.5,63.25,1.0,86.5,NA,NA,3.0,749.0,0.0
2026-04-06 06:00:00,7.5,39.0,21.0,20.5,30.75,78.5,9.0,0.0,28.75,5.0,11.0,NA,9.0,9.25,9.75,17.5,65.5,1.0,56.25,NA,NA,67.25,749.25,0.0
2026-04-06 07:00:00,26.25,46.0,18.5,21.5,29.25,36.0,7.33,0.0,29.25,5.0,11.75,NA,8.75,9.25,9.75,19.75,60.5,1.0,62.25,NA,NA,321.25,750.0,0.0
2026-04-06 08:00:00,21.0,58.0,18.75,21.25,29.25,37.75,8.0,0.0,31.5,5.0,11.0,NA,9.0,9.25,9.5,23.0,52.5,1.0,54.0,NA,NA,576.75,751.0,0.0
2026-04-06 09:00:00,30.5,63.25,18.5,21.25,28.75,35.0,5.67,0.0,32.25,5.0,10.75,NA,9.0,9.0,9.75,25.75,46.5,1.0,56.75,NA,NA,804.25,751.75,0.0
2026-04-06 10:00:00,25.0,57.75,19.0,21.0,29.0,30.0,3.5,0.0,30.0,5.0,11.0,NA,9.0,9.25,9.75,27.5,42.5,1.0,70.0,NA,NA,957.5,752.0,0.5
2026-04-06 11:00:00,24.0,51.0,18.75,20.75,28.75,28.0,7.67,0.0,25.25,5.0,10.75,NA,9.0,9.0,10.25,28.75,41.5,0.75,67.75,NA,NA,992.0,752.25,1.0
2026-04-06 12:00:00,15.25,57.0,19.0,21.0,29.0,36.25,6.5,0.5,27.25,5.25,11.25,NA,9.0,9.0,10.0,29.75,39.25,0.75,46.25,NA,NA,849.75,753.0,1.0
2026-04-06 13:00:00,10.5,59.25,18.0,23.0,29.75,45.75,6.67,0.0,28.25,5.0,11.0,NA,9.0,9.0,9.75,30.0,37.0,1.0,65.25,NA,NA,544.75,753.0,1.0
2026-04-06 14:00:00,17.75,62.0,18.75,22.25,29.5,45.75,6.25,0.25,27.0,5.0,11.0,NA,9.0,9.0,10.0,29.75,35.0,1.0,67.0,NA,NA,348.75,753.0,1.0
2026-04-06 15:00:00,12.75,65.25,18.0,20.75,28.25,54.0,5.67,0.0,28.0,5.0,10.75,NA,9.0,9.25,10.25,30.0,34.75,1.25,60.0,NA,NA,490.75,753.0,1.0
2026-04-06 16:00:00,12.0,76.0,18.0,21.5,28.5,41.5,5.25,0.0,25.5,5.0,11.0,NA,9.0,9.25,10.5,30.0,33.0,1.0,49.25,NA,NA,44.0,753.0,1.0
2026-04-06 17:00:00,12.0,66.0,18.0,21.5,29.0,56.25,5.33,0.0,31.25,5.0,11.0,NA,9.0,9.5,10.0,29.0,33.75,1.0,49.75,NA,NA,26.0,752.5,1.0
2026-04-06 18:00:00,13.5,59.25,20.0,22.75,31.0,31.0,3.75,0.0,28.0,5.0,11.0,NA,9.0,9.25,10.25,27.5,35.75,1.75,61.5,NA,NA,NA,752.0,0.25
2026-04-06 19:00:00,26.5,83.25,20.75,19.25,29.5,27.25,6.67,1.0,32.5,5.25,11.0,NA,9.0,9.25,10.25,26.25,39.5,1.0,54.5,NA,NA,NA,752.0,0.0
2026-04-06 20:00:00,30.5,94.0,19.25,18.5,28.0,23.0,8.75,1.0,30.75,5.0,11.5,NA,9.0,9.25,10.0,25.75,40.75,1.0,64.25,NA,NA,NA,751.75,0.0
2026-04-06 21:00:00,49.25,112.0,19.0,21.0,29.25,34.25,8.67,0.33,31.75,5.0,10.75,NA,9.0,9.25,10.0,24.5,44.5,1.0,281.5,NA,NA,NA,751.0,0.0
2026-04-06 22:00:00,49.25,118.25,20.0,19.75,29.5,50.0,12.25,1.0,31.0,5.0,11.0,NA,9.0,9.5,10.0,23.0,47.25,1.0,104.75,NA,NA,NA,751.0,0.0
2026-04-06 23:00:00,62.0,153.0,19.0,21.0,29.0,28.0,7.0,0.0,32.0,5.0,10.5,NA,9.0,9.0,10.0,22.5,48.0,1.0,107.5,NA,NA,NA,751.0,0.0
2026-04-07 00:00:00,62.5,150.0,19.0,21.5,29.25,NA,10.5,0.25,30.25,5.0,11.25,NA,8.75,9.25,10.25,21.25,52.25,1.0,105.0,NA,NA,NA,750.25,0.0
2026-04-07 01:00:00,56.75,147.0,20.0,20.0,30.0,39.75,12.67,0.0,28.0,5.0,11.25,NA,9.0,9.25,10.25,21.0,54.5,1.0,105.0,NA,NA,NA,750.0,0.0
2026-04-07 02:00:00,56.0,141.0,19.25,20.75,29.25,33.5,15.75,0.25,34.25,5.0,10.75,NA,9.0,9.0,10.25,20.0,55.0,1.0,106.25,NA,NA,2.0,750.0,0.0
2026-04-07 03:00:00,65.75,128.0,20.0,21.5,30.5,45.0,11.67,0.0,28.25,5.0,11.0,NA,8.75,9.0,9.5,20.0,56.5,1.0,107.0,NA,NA,2.75,750.0,0.0
2026-04-07 04:00:00,65.25,124.75,18.25,21.0,28.5,55.75,14.25,0.0,27.75,5.0,11.25,NA,8.75,9.25,9.75,20.0,57.75,1.0,164.25,NA,NA,11.25,750.0,0.0
2026-04-07 05:00:00,52.75,120.75,19.5,20.25,28.75,66.5,12.0,0.0,31.25,5.0,10.75,NA,9.0,9.0,9.75,20.0,58.25,0.75,176.75,NA,NA,17.75,750.0,0.0
2026-04-07 06:00:00,65.0,119.5,19.0,20.75,29.25,78.25,12.5,0.0,31.5,5.0,11.0,NA,9.0,9.0,10.0,20.75,54.0,1.0,141.5,NA,NA,53.5,750.0,0.0
2026-04-07 07:00:00,67.0,143.25,17.0,21.0,28.0,35.5,8.0,0.33,30.5,5.0,11.5,NA,8.75,9.0,9.75,23.25,49.5,0.75,163.75,NA,NA,166.75,751.0,0.0
2026-04-07 08:00:00,68.75,146.0,20.5,20.5,30.0,38.0,2.75,0.5,32.75,5.0,11.0,NA,9.0,9.0,10.75,24.25,50.0,0.75,73.0,NA,NA,363.25,751.0,0.0
2026-04-07 09:00:00,64.75,145.75,20.0,21.0,30.25,35.25,7.67,0.0,34.5,5.0,10.75,NA,8.75,9.0,9.5,26.75,44.25,0.75,96.5,NA,NA,694.5,751.75,0.0
2026-04-07 10:00:00,56.0,124.0,18.5,20.75,28.5,29.75,2.0,0.0,28.0,5.0,11.0,NA,9.0,9.25,10.0,28.5,38.75,0.5,215.5,NA,NA,857.0,752.25,1.0
2026-04-07 11:00:00,49.75,118.0,19.75,20.25,29.75,27.75,5.67,0.0,29.25,5.0,11.0,NA,9.0,9.0,10.25,29.5,36.25,0.5,206.25,NA,NA,942.25,752.75,1.0
2026-04-07 12:00:00,47.25,110.0,16.0,21.5,27.5,36.0,3.0,0.0,29.0,5.0,11.0,NA,9.0,9.0,10.25,30.75,33.75,1.0,154.75,NA,NA,815.75,753.0,1.0
2026-04-07 13:00:00,44.5,103.0,19.75,21.75,30.25,NA,7.67,0.0,28.5,5.0,11.0,NA,9.25,9.25,9.75,30.5,34.0,0.75,270.0,NA,NA,407.5,753.0,1.0
2026-04-07 14:00:00,38.75,91.0,18.5,21.75,29.5,NA,6.5,0.0,27.75,7.25,13.25,NA,9.0,10.5,11.5,30.0,34.75,1.0,258.75,NA,NA,209.75,753.0,1.0
2026-04-07 15:00:00,32.75,95.75,19.5,22.0,30.5,53.67,6.67,1.0,27.5,NA,NA,NA,NA,NA,NA,30.75,34.5,0.25,218.5,NA,NA,319.75,753.0,1.0
2026-04-07 16:00:00,33.5,87.0,17.0,22.25,28.25,44.5,6.75,0.0,29.25,5.0,11.5,NA,9.0,9.0,9.5,29.75,35.75,1.75,79.75,NA,NA,45.5,753.0,1.0
2026-04-07 17:00:00,39.0,112.0,19.0,20.25,29.0,55.0,7.0,0.0,33.5,5.0,11.0,NA,9.0,9.0,9.75,29.0,36.25,1.25,193.5,NA,NA,15.25,752.75,1.0
2026-04-07 18:00:00,42.5,124.25,19.25,21.75,30.0,32.0,7.5,0.5,30.5,5.0,11.0,NA,9.0,9.0,9.5,26.75,41.0,1.0,93.0,NA,NA,6.0,751.0,0.5
2026-04-07 19:00:00,66.75,222.75,20.75,21.0,30.75,28.5,7.0,0.0,36.25,5.0,11.25,NA,9.0,9.0,9.75,21.25,57.25,1.0,48.5,NA,NA,16.25,750.25,0.0
2026-04-07 20:00:00,53.25,318.5,18.5,21.75,29.25,19.0,7.5,0.0,38.75,5.0,11.0,NA,9.25,8.75,9.75,19.0,73.5,0.75,111.25,NA,NA,13.5,750.0,0.0
2026-04-07 21:00:00,44.0,122.25,20.5,20.0,30.25,33.75,9.67,0.0,41.25,5.0,11.0,NA,9.0,9.0,9.75,20.0,73.0,0.75,209.75,NA,NA,4.0,750.0,0.0
2026-04-07 22:00:00,34.0,100.0,19.0,20.5,29.0,47.25,12.25,0.0,97.5,5.0,11.25,NA,8.75,9.0,9.75,20.0,72.0,1.0,220.25,NA,NA,NA,750.0,0.0
2026-04-07 23:00:00,NA,NA,21.0,21.5,31.0,25.5,11.0,0.0,125.5,5.0,11.0,NA,8.5,9.0,10.0,20.5,67.5,1.0,221.5,NA,NA,NA,750.0,0.0
2026-04-08 00:00:00,35.25,51.5,20.25,20.0,29.75,NA,11.25,0.0,83.75,5.0,11.25,NA,8.75,9.25,9.75,18.25,76.75,1.0,204.0,NA,NA,51.5,750.0,0.0
2026-04-08 01:00:00,31.5,70.0,18.25,21.5,29.0,40.0,7.67,0.0,34.25,5.0,11.25,NA,8.25,9.0,10.25,18.0,79.5,0.75,190.25,NA,NA,55.25,750.0,0.0
2026-04-08 02:00:00,39.0,72.0,20.75,20.5,30.25,33.0,6.0,0.0,36.5,5.0,10.75,NA,8.75,9.25,9.5,17.0,95.0,0.0,91.75,NA,NA,23.25,749.0,0.0
2026-04-08 03:00:00,29.5,69.0,18.25,21.25,29.0,45.25,6.33,0.0,32.0,5.0,11.0,NA,9.0,9.25,9.75,17.0,95.0,0.5,87.25,NA,NA,20.0,749.0,0.0
2026-04-08 04:00:00,29.75,65.75,18.75,22.0,29.5,56.0,5.25,0.0,37.75,5.0,11.25,NA,9.0,9.0,10.25,17.0,95.0,0.25,167.25,NA,NA,30.5,749.0,0.0
2026-04-08 05:00:00,33.5,67.25,19.25,21.5,29.75,67.25,7.0,0.0,34.25,5.25,11.0,NA,8.75,9.0,9.75,17.0,95.0,0.75,224.75,NA,NA,50.25,749.0,0.0
2026-04-08 06:00:00,34.75,90.75,19.75,21.0,30.0,78.25,7.25,0.0,33.5,5.0,11.0,NA,9.0,9.25,10.0,16.75,94.25,1.0,275.5,NA,NA,49.5,748.75,0.0
2026-04-08 07:00:00,26.25,99.25,20.0,22.25,31.0,36.0,9.0,0.0,32.75,5.0,11.0,NA,8.5,9.0,9.5,17.0,95.0,0.0,218.5,NA,NA,58.5,749.0,0.0
2026-04-08 08:00:00,27.67,33.67,19.0,21.5,29.25,38.25,9.25,0.0,35.0,5.25,11.25,NA,9.0,9.0,10.25,18.5,87.5,0.25,163.0,NA,NA,135.0,749.75,0.0
2026-04-08 09:00:00,35.0,69.0,19.25,21.0,29.5,35.5,7.0,0.0,34.75,5.0,11.0,NA,9.0,9.0,10.0,19.0,80.75,1.0,207.25,NA,NA,NA,750.0,0.0
2026-04-08 10:00:00,28.0,61.5,16.75,21.75,27.5,29.5,4.5,0.0,31.5,5.25,10.75,NA,8.0,9.25,9.25,19.0,82.0,0.5,223.25,NA,NA,41.75,750.0,0.0
2026-04-08 11:00:00,29.75,56.0,20.0,20.25,29.75,27.75,7.0,1.0,34.5,5.0,11.0,NA,8.75,9.0,9.75,20.0,76.5,1.0,172.25,NA,NA,92.67,750.0,0.0
2026-04-08 12:00:00,27.5,54.0,18.5,20.75,29.0,40.75,3.75,1.0,37.0,5.0,10.75,NA,4.75,5.25,5.25,20.75,69.75,1.0,227.25,NA,NA,500.75,750.0,0.0
2026-04-08 13:00:00,28.0,46.0,19.25,21.75,29.75,43.75,6.67,0.0,34.5,5.0,11.0,NA,1.0,2.0,1.0,21.0,68.0,1.0,233.0,NA,NA,256.25,750.0,0.0
2026-04-08 14:00:00,24.5,64.5,20.25,21.0,30.5,41.0,6.0,0.0,36.0,5.0,11.0,NA,1.0,2.0,1.0,21.25,69.0,1.0,235.5,NA,NA,350.0,750.25,0.0
2026-04-08 15:00:00,22.25,60.75,19.25,21.25,29.25,45.25,7.0,0.0,34.5,5.0,11.25,NA,1.0,2.0,1.0,23.0,63.5,1.0,247.0,NA,NA,417.75,751.0,0.0
2026-04-08 16:00:00,33.5,65.25,18.5,20.25,28.5,44.0,6.75,0.25,37.0,5.0,11.0,NA,1.0,2.0,1.0,23.0,62.0,1.0,239.25,NA,NA,132.25,751.0,0.0
2026-04-08 17:00:00,36.75,68.75,21.0,20.75,31.25,56.0,7.33,0.0,39.25,5.0,11.0,NA,1.0,2.0,1.0,22.75,60.75,1.0,230.5,NA,NA,43.25,751.0,0.0
2026-04-08 18:00:00,39.0,72.75,19.75,21.25,30.5,59.75,7.25,0.0,35.25,5.0,11.0,NA,1.0,2.0,1.0,22.25,61.75,1.0,225.5,NA,NA,34.33,750.75,0.0
2026-04-08 19:00:00,37.75,84.0,18.75,20.75,29.0,69.0,5.67,0.0,36.75,5.0,11.25,NA,1.0,2.0,1.0,20.25,70.75,1.0,202.75,NA,NA,NA,750.0,0.0
2026-04-08 20:00:00,42.25,82.25,23.25,20.25,32.25,72.0,11.25,0.25,71.5,5.0,11.25,NA,1.0,2.0,1.0,17.25,86.25,0.25,186.25,NA,NA,NA,749.25,0.0
2026-04-08 21:00:00,36.0,58.5,22.75,20.25,31.75,63.5,9.67,1.0,39.25,5.0,11.25,NA,1.0,2.0,1.0,16.5,95.0,0.5,180.75,NA,NA,12.0,749.0,0.0
2026-04-08 22:00:00,28.0,39.5,17.0,20.25,27.75,56.75,9.0,1.0,35.75,5.0,11.0,NA,1.0,2.0,1.0,17.0,95.0,0.75,207.25,NA,NA,NA,749.0,0.0
2026-04-08 23:00:00,30.0,36.0,16.0,19.0,26.0,48.5,6.0,0.0,52.5,5.0,11.0,NA,1.0,2.0,1.0,17.0,95.0,1.0,208.0,NA,NA,NA,749.0,0.0
2026-04-09 00:00:00,32.75,47.25,19.0,20.5,29.0,NA,5.25,1.0,34.75,5.0,10.75,NA,1.0,2.0,1.0,16.0,95.0,1.0,207.25,NA,NA,NA,749.0,0.0
2026-04-09 01:00:00,37.5,50.75,19.5,22.25,30.75,35.75,6.0,0.0,35.25,5.0,11.25,NA,1.0,2.0,1.0,16.0,95.0,1.0,209.0,NA,NA,NA,749.0,0.0
2026-04-09 02:00:00,31.75,53.75,17.75,20.75,27.75,33.25,5.25,0.5,33.75,5.0,11.25,NA,1.0,2.0,1.0,16.0,95.0,1.0,214.25,NA,NA,NA,749.0,0.0
2026-04-09 03:00:00,31.0,44.0,19.25,22.5,30.5,39.5,6.0,0.33,36.75,5.0,11.0,NA,1.0,2.0,1.0,15.25,95.0,1.0,169.0,NA,NA,4.0,749.0,0.0
2026-04-09 04:00:00,28.0,43.25,18.75,22.0,29.75,41.5,6.25,0.5,31.5,5.0,11.0,NA,1.0,2.0,1.0,15.0,95.0,1.0,202.0,NA,NA,5.33,749.0,0.0
2026-04-09 05:00:00,41.75,55.75,18.0,20.25,28.0,46.0,6.33,0.0,28.25,5.0,11.0,NA,1.0,2.0,1.0,14.5,95.0,0.5,156.75,NA,NA,17.0,749.0,0.0
2026-04-09 06:00:00,32.75,71.25,19.5,20.75,29.75,54.0,6.25,0.0,28.0,5.0,11.0,NA,1.0,2.0,1.0,15.0,95.0,0.0,169.25,NA,NA,75.25,749.0,0.0
2026-04-09 07:00:00,40.5,75.25,18.5,22.75,30.0,66.0,7.67,0.0,29.25,5.0,11.0,NA,1.0,2.0,1.0,17.5,87.25,0.0,130.25,NA,NA,302.75,749.5,0.0
2026-04-09 08:00:00,38.5,73.75,19.5,21.75,30.25,65.0,8.75,0.0,28.75,5.0,11.0,NA,1.0,2.0,1.0,19.25,74.25,0.5,116.25,NA,NA,546.75,749.75,0.0
2026-04-09 09:00:00,32.0,73.25,19.25,21.0,29.5,65.0,6.67,0.0,29.0,5.0,10.75,NA,1.0,2.0,1.0,21.75,63.0,0.25,121.25,NA,NA,787.0,750.5,0.0
2026-04-09 10:00:00,33.25,74.75,19.0,22.0,29.75,62.0,6.25,0.5,28.0,5.0,11.0,NA,1.0,2.0,1.0,22.5,59.5,0.5,77.75,NA,NA,871.0,750.75,0.0
2026-04-09 11:00:00,42.25,75.75,20.25,21.25,30.5,52.25,4.67,0.0,25.0,5.0,11.25,NA,1.0,2.0,1.0,25.0,52.75,1.0,67.0,NA,NA,999.0,751.25,0.0
2026-04-09 12:00:00,33.25,71.25,18.5,21.0,28.75,48.25,4.5,0.25,27.0,5.0,10.75,NA,1.0,2.0,1.0,26.0,47.25,1.0,56.0,NA,NA,838.75,751.75,0.0
2026-04-09 13:00:00,30.67,69.0,17.67,21.0,28.0,45.33,5.5,0.0,26.0,5.0,10.67,NA,1.0,2.0,1.0,26.33,46.0,0.67,66.33,NA,NA,711.0,752.0,0.0
2026-04-09 14:00:00,NA,NA,NA,NA,0.0,NA,NA,0.0,NA,0.0,0.0,NA,0.0,0.0,0.0,NA,NA,NA,NA,NA,NA,NA,NA,0.0
2026-04-09 15:00:00,NA,NA,NA,NA,0.0,NA,NA,0.0,NA,0.0,0.0,NA,0.0,0.0,0.0,NA,NA,NA,NA,NA,NA,NA,NA,0.0
2026-04-09 16:00:00,NA,NA,NA,NA,0.0,NA,NA,0.0,NA,0.0,0.0,NA,0.0,0.0,0.0,NA,NA,NA,NA,NA,NA,NA,NA,0.0
2026-04-09 17:00:00,NA,NA,NA,NA,0.0,NA,NA,0.0,NA,0.0,0.0,NA,0.0,0.0,0.0,NA,NA,NA,NA,NA,NA,NA,NA,0.0
2026-04-09 18:00:00,NA,NA,NA,NA,0.0,NA,NA,0.0,NA,0.0,0.0,NA,0.0,0.0,0.0,NA,NA,NA,NA,NA,NA,NA,NA,0.0
2026-04-09 19:00:00,NA,NA,NA,NA,0.0,NA,NA,0.0,NA,0.0,0.0,NA,0.0,0.0,0.0,NA,NA,NA,NA,NA,NA,NA,NA,0.0
2026-04-09 20:00:00,NA,NA,NA,NA,0.0,NA,NA,0.0,NA,0.0,0.0,NA,0.0,0.0,0.0,NA,NA,NA,NA,NA,NA,NA,NA,0.0
2026-04-09 21:00:00,NA,NA,NA,NA,0.0,NA,NA,0.0,NA,0.0,0.0,NA,0.0,0.0,0.0,NA,NA,NA,NA,NA,NA,NA,NA,0.0
2026-04-09 22:00:00,52.5,112.25,19.25,21.75,29.75,61.0,10.25,1.0,28.0,5.5,11.25,NA,1.0,2.0,1.0,21.25,50.25,1.0,84.5,NA,NA,NA,750.25,0.0
2026-04-09 23:00:00,59.67,126.0,17.33,21.33,27.67,54.33,11.0,0.5,27.0,5.0,11.0,NA,1.0,2.0,1.0,20.0,53.67,1.0,82.33,NA,NA,NA,750.0,0.0
2026-04-10 00:00:00,56.75,127.25,18.75,21.75,29.0,NA,8.75,0.5,25.5,5.0,11.0,NA,1.0,2.0,1.0,19.0,57.0,1.0,85.25,NA,NA,0.0,750.0,0.0
2026-04-10 01:00:00,40.25,129.0,18.25,20.75,28.75,35.75,5.33,0.0,25.5,5.0,11.5,NA,1.0,2.0,1.0,18.75,58.0,1.0,38.5,NA,NA,2.0,750.0,0.0
2026-04-10 02:00:00,46.0,124.5,17.75,21.25,28.5,34.0,6.25,0.0,26.25,5.0,11.0,NA,1.0,2.0,1.0,19.0,56.75,1.0,91.75,NA,NA,NA,750.0,0.0
2026-04-10 03:00:00,43.0,118.75,18.75,21.25,29.0,36.0,5.33,0.0,34.0,5.0,11.0,NA,1.0,2.0,1.0,18.5,57.0,1.0,79.75,NA,NA,NA,750.0,0.0
2026-04-10 04:00:00,50.0,100.0,18.25,22.25,29.25,43.5,4.0,0.0,24.0,5.0,11.0,NA,1.0,2.0,1.0,18.0,59.25,0.75,60.75,NA,NA,NA,749.5,0.0
2026-04-10 05:00:00,55.5,94.75,17.75,21.25,28.75,45.5,7.67,0.0,26.25,5.0,11.0,NA,1.0,2.0,1.0,17.0,61.0,1.0,45.75,NA,NA,NA,749.0,0.0
2026-04-10 06:00:00,57.0,97.5,18.25,21.0,28.75,50.0,8.0,0.0,24.75,5.0,11.0,NA,1.0,2.0,1.0,17.5,60.0,1.0,39.5,NA,NA,76.5,749.25,0.0
2026-04-10 07:00:00,52.75,106.5,18.5,19.5,28.0,66.5,6.67,0.0,27.5,5.0,11.5,NA,1.0,2.0,1.0,20.5,53.5,1.0,62.0,NA,NA,309.5,750.0,0.0
2026-04-10 08:00:00,55.5,109.5,20.5,21.25,30.5,63.25,7.0,0.25,29.0,5.0,10.75,NA,1.0,2.0,1.0,22.75,49.0,1.0,64.75,NA,NA,548.5,751.0,0.0
2026-04-10 09:00:00,50.75,103.75,21.5,21.75,31.0,63.75,5.33,0.33,26.0,5.0,10.75,NA,1.0,2.0,1.0,23.75,46.0,1.0,60.25,NA,NA,652.0,751.25,0.0
2026-04-10 10:00:00,45.75,102.5,18.0,22.0,29.0,60.25,4.0,1.0,11.25,5.0,10.75,NA,1.0,2.0,1.0,26.75,39.0,1.0,60.75,NA,NA,894.75,752.0,0.0
2026-04-10 11:00:00,39.0,102.75,19.25,22.5,30.75,51.75,6.0,0.0,7.5,5.0,11.0,NA,1.0,2.0,1.0,27.75,36.25,1.0,57.75,NA,NA,926.0,752.0,0.0
2026-04-10 12:00:00,41.25,103.0,19.0,23.0,30.5,50.0,6.25,0.0,9.75,5.0,11.0,NA,1.0,2.0,1.0,28.0,35.75,1.0,52.5,NA,NA,931.0,752.0,0.5
2026-04-10 13:00:00,34.75,101.75,19.0,21.25,29.5,43.0,5.67,0.33,9.5,5.0,10.75,NA,1.0,2.0,1.0,29.0,33.5,1.0,55.75,NA,NA,617.5,752.0,1.0
2026-04-10 14:00:00,36.75,98.0,18.75,21.0,29.0,42.25,5.25,0.5,10.5,5.0,11.0,NA,1.0,2.0,1.0,28.75,32.75,1.0,53.75,NA,NA,538.75,752.0,1.0
2026-04-10 15:00:00,33.25,88.75,19.0,22.25,29.75,46.0,5.33,0.0,14.5,5.0,11.0,NA,1.0,2.0,1.0,28.75,32.5,1.0,49.25,NA,NA,394.25,752.0,1.0
2026-04-10 16:00:00,32.5,88.75,17.25,21.75,28.0,43.5,4.5,0.0,18.5,5.0,11.0,NA,1.0,2.0,1.0,28.25,33.5,1.0,51.0,NA,NA,156.25,752.0,1.0
2026-04-10 17:00:00,33.0,81.75,20.0,21.5,30.25,55.5,6.33,0.0,20.0,5.0,11.0,NA,1.0,2.0,1.0,27.25,35.5,1.0,50.0,NA,NA,0.0,752.0,0.0
2026-04-10 18:00:00,27.75,74.75,19.0,21.5,29.5,59.25,6.5,0.25,22.0,5.25,10.75,NA,1.0,2.0,1.0,25.5,36.5,1.0,60.0,NA,NA,NA,751.75,0.0
2026-04-10 19:00:00,23.5,78.75,19.0,21.25,29.25,63.75,7.67,0.0,23.5,5.0,11.0,NA,1.0,2.0,1.0,25.0,39.5,1.0,54.25,NA,NA,NA,751.0,0.0
2026-04-10 20:00:00,32.75,86.25,20.0,21.0,30.0,71.25,8.0,0.0,24.5,5.0,11.0,NA,1.0,2.0,1.0,24.0,40.75,1.0,55.25,NA,NA,NA,751.0,0.0
2026-04-10 21:00:00,49.75,88.75,19.0,21.0,29.0,66.75,8.67,0.0,22.5,5.0,11.0,NA,1.0,2.0,1.0,23.75,42.0,1.0,63.5,NA,NA,NA,751.0,0.0
2026-04-10 22:00:00,49.5,93.5,18.5,22.0,29.25,61.5,8.25,0.0,28.75,5.0,11.25,NA,1.0,2.0,1.0,23.5,42.75,1.0,57.25,NA,NA,NA,751.0,0.0
2026-04-10 23:00:00,42.0,106.0,17.5,20.5,27.5,48.0,8.0,0.0,29.5,5.0,11.0,NA,1.0,2.0,1.0,23.0,45.0,1.0,56.5,NA,NA,NA,751.0,0.0
2026-04-11 00:00:00,54.25,107.0,18.25,21.5,28.75,NA,9.0,0.5,25.5,5.0,11.5,NA,1.0,2.0,1.0,22.0,45.25,1.0,52.75,NA,NA,NA,751.0,0.0
2026-04-11 01:00:00,58.75,103.5,17.75,21.5,28.5,36.0,6.0,0.0,24.75,5.0,10.75,NA,1.0,2.0,1.0,20.5,48.5,1.0,66.25,NA,NA,NA,750.0,0.0
2026-04-11 02:00:00,47.5,101.25,20.0,21.0,30.0,32.75,5.5,0.0,23.0,5.0,11.0,NA,1.0,2.0,1.0,19.75,51.5,1.0,70.5,NA,NA,NA,750.0,0.0
2026-04-11 03:00:00,44.75,102.75,19.5,22.0,30.25,36.0,6.33,0.0,20.75,5.0,11.0,NA,1.0,2.0,1.0,19.5,52.25,1.0,64.0,NA,NA,NA,750.0,0.0
2026-04-11 04:00:00,43.75,105.75,18.5,23.25,30.0,41.75,8.5,0.0,21.5,5.0,11.0,NA,1.0,2.0,1.0,19.0,52.25,1.0,67.75,NA,NA,NA,750.0,0.0
2026-04-11 05:00:00,44.0,105.75,18.25,22.0,29.25,45.5,8.67,0.0,25.25,5.0,11.0,NA,1.0,2.0,1.0,19.0,52.5,1.0,60.5,NA,NA,NA,750.0,0.0
2026-04-11 06:00:00,40.5,106.5,18.0,22.0,29.0,52.25,8.75,0.25,25.0,5.0,11.0,NA,1.0,2.0,1.0,19.5,52.25,1.0,47.0,NA,NA,87.67,750.0,0.0
2026-04-11 07:00:00,56.75,111.0,19.75,21.0,29.75,65.25,9.0,0.0,24.0,5.0,11.5,NA,1.0,2.0,1.0,21.75,49.25,1.0,48.0,NA,NA,306.25,750.5,0.0
2026-04-11 08:00:00,52.0,115.25,18.0,20.75,28.5,63.25,10.75,0.0,18.5,5.0,11.0,NA,1.0,2.0,1.0,24.0,45.5,1.0,60.25,NA,NA,549.0,751.0,0.0
2026-04-11 09:00:00,50.0,106.75,17.25,21.75,28.5,65.0,8.33,0.0,9.0,5.0,11.25,NA,1.0,2.0,1.0,26.5,40.5,1.0,54.25,NA,NA,734.0,752.0,0.0
2026-04-11 10:00:00,43.75,102.5,20.5,21.25,30.75,59.75,6.75,0.0,13.5,5.0,11.25,NA,1.0,2.0,1.0,28.0,36.25,1.0,55.25,NA,NA,877.0,752.0,0.75
2026-04-11 11:00:00,40.25,105.0,17.75,21.25,28.5,52.5,7.67,0.0,10.5,5.0,10.75,NA,1.0,2.0,1.0,29.5,36.0,1.0,57.75,NA,NA,932.25,753.0,1.0
2026-04-11 12:00:00,43.5,104.75,18.5,22.25,29.75,47.5,7.25,0.0,10.75,5.0,11.0,NA,1.0,2.0,1.0,31.0,35.0,1.0,57.5,NA,NA,802.5,753.0,1.0
2026-04-11 13:00:00,39.75,115.25,17.25,22.0,28.75,44.75,7.0,0.0,16.0,5.0,11.0,NA,1.0,2.0,1.0,31.75,32.25,1.0,72.25,NA,NA,581.75,753.0,1.0
2026-04-11 14:00:00,39.75,133.75,18.5,21.25,28.75,40.0,7.75,0.0,20.25,5.0,11.25,NA,1.0,2.0,1.0,32.0,31.0,1.0,73.75,NA,NA,281.5,753.0,1.0
2026-04-11 15:00:00,34.0,138.5,18.75,20.75,29.0,46.0,6.33,0.0,17.25,5.0,11.25,NA,1.0,2.0,1.0,32.0,31.0,1.0,70.0,NA,NA,267.0,753.0,1.0
2026-04-11 16:00:00,43.5,129.75,18.0,22.25,29.25,41.25,6.0,0.0,19.25,5.0,11.25,NA,1.0,2.0,1.0,31.75,32.0,1.0,72.0,NA,NA,50.25,753.0,1.0
2026-04-11 17:00:00,37.0,134.5,18.75,21.5,29.25,53.5,7.0,0.0,21.25,5.0,11.0,NA,1.0,2.0,1.0,31.0,32.75,1.5,61.0,NA,NA,9.0,753.0,1.0
2026-04-11 18:00:00,28.0,138.75,19.25,21.5,29.25,62.0,7.75,0.0,19.0,5.0,11.0,NA,1.0,2.0,1.0,29.0,35.5,1.75,56.0,NA,NA,NA,752.5,1.0
2026-04-11 19:00:00,42.75,150.25,19.75,22.0,30.25,68.0,8.33,0.0,20.75,5.0,11.0,NA,1.0,2.0,1.0,27.75,38.5,1.5,46.75,NA,NA,NA,752.0,0.5
2026-04-11 20:00:00,33.75,163.5,19.5,21.25,30.0,72.0,10.5,0.0,25.0,5.0,11.0,NA,1.0,2.0,1.0,26.5,40.75,1.25,57.0,NA,NA,NA,752.0,0.0
2026-04-11 21:00:00,50.25,168.5,19.25,22.0,30.25,64.25,7.0,0.0,28.5,5.25,11.0,NA,1.0,2.0,1.0,25.5,42.0,0.75,62.75,NA,NA,NA,751.75,0.0
2026-04-11 22:00:00,74.0,180.25,18.25,21.5,28.75,58.0,7.5,0.0,28.5,5.0,11.0,NA,1.0,2.0,1.0,24.5,43.0,1.0,75.25,NA,NA,NA,751.0,0.0
2026-04-11 23:00:00,63.0,188.0,18.0,21.0,27.5,47.0,7.5,0.0,27.0,5.0,11.0,NA,1.0,2.0,1.0,24.33,43.0,1.0,83.67,NA,NA,NA,751.0,0.0
2026-04-12 00:00:00,61.5,176.0,18.25,20.75,28.75,NA,7.25,0.0,21.0,5.0,10.75,NA,1.0,2.0,1.0,23.25,45.25,1.0,54.0,NA,NA,NA,751.0,0.0
2026-04-12 01:00:00,64.75,179.5,17.5,21.75,28.5,35.5,7.67,0.33,25.75,5.0,11.0,NA,1.0,2.0,1.0,23.0,45.25,1.0,86.75,NA,NA,1.0,751.0,0.0
2026-04-12 02:00:00,54.5,172.25,17.75,20.0,28.0,32.75,8.5,0.0,18.25,5.0,11.0,NA,1.0,2.0,1.0,22.0,48.25,1.0,81.5,NA,NA,7.0,751.0,0.0
2026-04-12 03:00:00,60.75,172.75,17.25,20.75,28.0,39.0,10.33,0.0,25.5,5.0,11.0,NA,1.0,2.0,1.0,22.0,48.25,0.75,76.75,NA,NA,24.5,751.0,0.0
2026-04-12 04:00:00,59.25,168.25,19.5,19.5,29.0,43.75,11.0,0.5,27.5,5.0,11.0,NA,1.0,2.0,1.0,21.0,50.0,1.0,52.75,NA,NA,3.5,750.0,0.0
2026-04-12 05:00:00,62.5,167.0,20.0,21.75,30.75,47.75,7.0,1.0,24.75,5.0,10.75,NA,1.0,2.0,1.0,21.0,51.5,1.0,45.5,NA,NA,5.0,750.0,0.0
2026-04-12 06:00:00,65.75,161.5,19.25,20.25,29.0,53.75,7.5,1.0,24.5,5.0,11.25,NA,1.0,2.0,1.0,21.25,51.75,1.0,55.25,NA,NA,58.25,750.25,0.0
2026-04-12 07:00:00,68.75,170.75,20.25,22.25,31.0,65.75,9.0,0.0,18.0,5.0,11.0,NA,1.0,2.0,1.0,23.25,49.0,1.0,74.0,NA,NA,258.25,751.0,0.0
2026-04-12 08:00:00,66.5,170.25,19.75,22.25,30.75,63.5,10.0,0.0,20.5,5.0,11.0,NA,1.0,2.0,1.0,26.0,45.75,1.0,63.25,NA,NA,449.75,751.75,0.0
2026-04-12 09:00:00,77.25,175.25,19.5,22.0,30.0,65.25,7.33,0.0,22.0,5.0,11.0,NA,1.0,2.0,1.0,29.0,40.75,1.25,49.75,NA,NA,714.25,752.5,1.0
2026-04-12 10:00:00,65.0,174.5,19.25,21.75,30.0,59.75,5.25,0.0,21.75,5.0,11.25,NA,1.0,2.0,1.0,31.25,34.75,1.0,81.25,NA,NA,847.0,753.0,1.0
2026-04-12 11:00:00,62.0,166.5,17.5,23.5,29.25,51.5,8.0,0.0,23.25,5.0,11.25,NA,1.0,2.0,1.0,32.75,32.25,1.0,57.0,NA,NA,919.5,753.5,1.0
2026-04-12 12:00:00,49.75,153.0,19.0,22.5,30.0,47.25,8.25,0.0,27.25,5.0,10.75,NA,1.0,2.0,1.0,33.0,32.0,1.5,45.5,NA,NA,795.5,754.0,1.0
2026-04-12 13:00:00,41.75,148.0,17.25,20.75,27.75,46.25,8.0,0.33,16.0,5.25,11.0,NA,1.0,2.0,1.0,33.25,31.75,1.5,41.25,NA,NA,625.0,754.0,1.0
2026-04-12 14:00:00,42.0,147.5,18.75,20.75,28.75,41.0,6.75,1.0,24.75,5.0,11.0,NA,1.0,2.0,1.0,33.0,32.0,1.25,53.5,NA,NA,288.25,754.0,1.0
2026-04-12 15:00:00,49.0,135.75,17.25,22.0,28.5,44.75,7.67,0.0,22.0,5.0,11.0,NA,1.0,2.0,1.0,33.0,31.5,1.25,56.75,NA,NA,270.0,754.0,1.0
2026-04-12 16:00:00,42.0,138.25,19.0,22.0,30.0,43.25,7.5,0.0,24.25,5.0,11.25,NA,1.0,2.0,1.0,32.75,31.5,1.25,56.25,NA,NA,61.25,753.5,1.0
2026-04-12 17:00:00,43.75,139.0,17.25,21.5,28.75,55.0,8.67,0.0,22.25,5.0,11.25,NA,1.0,2.0,1.0,31.5,33.0,1.5,60.0,NA,NA,10.0,753.0,1.0
2026-04-12 18:00:00,44.25,145.25,19.25,22.75,30.5,62.5,10.25,0.0,24.75,5.0,10.75,NA,1.0,2.0,1.0,30.0,35.5,2.0,71.25,NA,NA,NA,753.0,1.0
2026-04-12 19:00:00,47.25,168.75,17.75,22.0,28.75,69.0,8.67,0.0,28.0,5.0,11.0,NA,1.0,2.0,1.0,28.5,37.75,1.75,77.25,NA,NA,NA,752.0,1.0
2026-04-12 20:00:00,66.5,194.0,18.5,21.75,29.25,72.0,11.25,0.0,24.0,5.0,11.25,NA,1.0,2.0,1.0,28.0,38.0,1.0,66.5,NA,NA,NA,752.0,0.5
2026-04-12 21:00:00,64.75,202.5,18.0,20.5,28.25,62.75,8.33,0.0,21.25,5.0,11.0,NA,1.0,2.0,1.0,26.5,38.75,1.0,72.75,NA,NA,NA,752.0,0.0
2026-04-12 22:00:00,58.75,210.0,20.0,22.75,31.0,57.5,8.75,0.0,21.0,5.0,10.5,NA,1.0,2.0,1.0,25.75,39.0,1.0,69.75,NA,NA,NA,752.0,0.0
2026-04-12 23:00:00,62.5,208.0,18.0,21.0,28.5,47.5,9.0,0.0,17.5,5.0,11.5,NA,1.0,2.0,1.0,25.0,39.0,1.0,72.5,NA,NA,NA,751.0,0.0
2026-04-13 00:00:00,57.75,208.75,19.0,22.0,29.75,NA,8.0,0.75,22.25,5.0,11.0,NA,1.0,2.0,1.0,23.25,43.0,1.0,79.75,NA,NA,NA,751.0,0.0
2026-04-13 01:00:00,55.25,213.75,20.25,21.25,30.5,35.75,10.33,0.33,28.75,5.0,11.0,NA,1.0,2.0,1.0,22.75,44.25,1.0,89.0,NA,NA,NA,751.0,0.0
2026-04-13 02:00:00,58.5,210.0,18.5,20.75,28.75,33.5,10.75,0.5,29.0,5.0,11.0,NA,1.0,2.0,1.0,22.0,44.5,1.0,76.0,NA,NA,NA,751.0,0.0
2026-04-13 03:00:00,54.75,194.5,18.25,22.25,29.25,38.25,12.33,0.0,26.0,5.0,10.75,NA,1.0,2.0,1.0,22.0,45.25,1.0,71.75,NA,NA,NA,751.0,0.0
2026-04-13 04:00:00,61.75,189.0,17.0,21.5,27.75,43.25,12.75,0.0,26.5,5.0,11.5,NA,1.0,2.0,1.0,21.25,48.25,1.0,50.5,NA,NA,NA,750.25,0.0
2026-04-13 05:00:00,64.0,185.25,20.25,20.5,30.0,47.75,8.67,0.67,28.0,5.0,11.5,NA,1.0,2.0,1.0,20.0,50.75,1.0,102.0,NA,NA,NA,750.0,0.0
2026-04-13 06:00:00,71.0,189.5,18.75,22.25,29.5,53.5,9.25,0.5,27.5,5.0,11.25,NA,1.0,2.0,1.0,21.5,50.25,1.0,102.25,NA,NA,95.33,750.5,0.0
2026-04-13 07:00:00,73.75,195.0,19.5,21.5,30.25,66.0,11.0,0.0,27.25,5.0,11.25,NA,1.0,2.0,1.0,25.0,44.75,1.0,50.5,NA,NA,341.0,751.25,0.0
2026-04-13 08:00:00,99.5,195.5,20.0,21.5,30.25,63.5,13.75,0.0,27.25,5.0,11.0,NA,1.0,2.0,1.0,27.5,41.25,1.25,41.25,NA,NA,603.5,752.0,0.25
2026-04-13 09:00:00,78.5,183.0,19.5,21.25,30.0,65.25,10.33,0.0,23.0,5.0,11.25,NA,1.0,2.0,1.0,28.75,38.75,1.25,52.75,NA,NA,810.25,752.5,1.0
2026-04-13 10:00:00,71.5,169.5,19.5,21.5,29.75,59.25,6.75,0.0,24.0,5.0,11.0,NA,1.0,2.0,1.0,30.25,35.5,1.0,56.75,NA,NA,939.75,753.0,1.0
2026-04-13 11:00:00,50.0,158.25,17.5,20.75,28.5,52.0,6.0,0.0,29.0,5.0,11.25,NA,1.0,2.0,1.0,32.0,28.25,1.0,63.0,NA,NA,959.0,753.0,1.0
2026-04-13 12:00:00,52.75,160.0,17.75,21.5,29.0,48.75,5.25,0.0,26.5,5.0,11.25,NA,1.0,2.0,1.0,32.25,27.75,1.0,69.0,NA,NA,856.5,753.25,1.0
2026-04-13 13:00:00,49.0,172.25,19.75,21.5,30.25,44.75,6.67,0.0,23.75,5.0,11.0,NA,1.0,2.0,1.0,33.0,27.0,1.0,64.25,NA,NA,641.25,754.0,1.0
2026-04-13 14:00:00,48.25,165.0,18.5,21.5,29.25,41.75,6.5,0.0,10.25,5.0,11.0,NA,1.0,2.0,1.0,33.0,27.0,1.0,70.5,NA,NA,463.75,754.0,1.0
2026-04-13 15:00:00,36.75,147.5,18.5,21.5,29.25,45.25,5.33,0.0,15.0,5.0,10.75,NA,1.0,2.0,1.0,33.0,27.75,1.5,68.75,NA,NA,249.5,753.75,1.0
2026-04-13 16:00:00,30.33,147.0,18.5,22.0,29.5,43.5,7.0,0.0,12.25,5.0,11.0,NA,1.0,2.0,1.0,32.5,28.5,1.25,60.0,NA,NA,126.75,753.0,1.0
2026-04-13 17:00:00,NA,NA,18.25,22.5,29.25,54.75,3.67,0.0,9.75,5.0,11.25,NA,1.0,2.0,1.0,31.5,30.5,1.75,52.75,NA,NA,NA,753.0,1.0
2026-04-13 18:00:00,1.33,134.0,19.25,20.75,29.5,61.5,2.5,0.0,10.25,5.0,11.0,NA,1.0,2.0,1.0,30.0,32.0,2.0,69.25,NA,NA,NA,752.75,1.0
2026-04-13 19:00:00,8.5,137.0,19.0,21.25,29.5,64.0,9.0,0.67,19.0,5.0,11.0,NA,1.0,2.0,1.0,28.0,34.5,1.75,63.0,NA,NA,NA,752.0,0.75
2026-04-13 20:00:00,18.0,151.0,18.5,21.25,29.25,69.25,10.25,0.75,21.25,5.0,11.0,NA,1.0,2.0,1.0,27.5,35.0,1.75,64.25,NA,NA,NA,752.0,0.5
2026-04-13 21:00:00,28.75,176.5,19.5,22.25,30.5,67.5,10.33,0.67,18.75,5.0,11.25,NA,1.0,2.0,1.0,26.75,36.0,1.75,78.0,NA,NA,NA,752.0,0.0
2026-04-13 22:00:00,40.5,197.25,18.75,21.25,29.0,59.0,11.75,0.25,22.0,5.0,11.25,NA,1.0,2.0,1.0,25.75,37.0,2.0,94.5,NA,NA,NA,751.75,0.0
2026-04-13 23:00:00,50.0,204.0,16.5,22.5,28.0,46.0,8.0,0.0,23.0,5.0,11.0,NA,1.0,2.0,1.0,24.5,39.0,1.5,85.0,NA,NA,NA,751.0,0.0
2026-04-14 00:00:00,49.5,207.75,19.0,21.25,29.25,NA,10.75,0.0,19.25,5.0,11.0,NA,1.0,2.0,1.0,23.25,42.25,1.0,93.5,NA,NA,NA,751.0,0.0
2026-04-14 01:00:00,55.75,206.5,18.25,21.5,29.0,36.0,8.67,0.0,24.25,5.0,11.25,NA,1.0,2.0,1.0,22.25,44.25,1.0,93.0,NA,NA,NA,750.75,0.0
2026-04-14 02:00:00,55.75,202.25,18.0,21.25,28.75,35.5,9.0,0.0,21.5,5.0,11.25,NA,1.0,2.0,1.0,21.75,45.25,1.0,92.75,NA,NA,NA,750.5,0.0
2026-04-14 03:00:00,45.5,190.75,19.5,22.0,30.0,37.75,7.67,0.33,20.0,5.0,11.0,NA,1.0,2.0,1.0,21.75,44.25,1.0,82.0,NA,NA,NA,750.75,0.0
2026-04-14 04:00:00,51.5,183.25,20.0,20.25,29.75,43.5,7.5,0.5,22.0,5.0,10.75,NA,1.0,2.0,1.0,21.25,46.25,1.0,153.0,NA,NA,NA,750.25,0.0
2026-04-14 05:00:00,38.0,189.5,18.75,20.75,28.75,45.25,8.67,0.33,22.0,5.0,11.0,NA,1.0,2.0,1.0,20.75,47.75,1.0,186.0,NA,NA,NA,750.0,0.0
2026-04-14 06:00:00,35.75,186.0,17.25,21.75,28.0,53.5,8.0,0.5,20.0,5.0,11.0,NA,1.0,2.0,1.0,21.5,47.75,0.75,205.0,NA,NA,83.75,750.5,0.0
2026-04-14 07:00:00,49.25,190.75,21.0,21.75,31.5,67.0,10.33,0.0,21.25,5.0,11.0,NA,1.0,2.0,1.0,25.5,41.5,1.5,73.25,NA,NA,332.5,751.5,0.0
2026-04-14 08:00:00,56.25,189.5,20.0,21.25,30.0,63.25,9.0,0.25,21.75,5.0,11.25,NA,1.0,2.0,1.0,28.0,38.25,2.0,69.25,NA,NA,573.75,752.25,0.5
2026-04-14 09:00:00,65.25,186.5,17.75,21.0,28.5,65.25,7.0,0.0,16.75,5.0,11.0,NA,1.0,2.0,1.0,31.0,36.0,1.75,57.25,NA,NA,792.5,753.0,1.0
2026-04-14 10:00:00,55.25,181.75,19.5,20.75,29.75,60.25,3.75,0.0,15.75,5.0,11.0,NA,1.0,2.0,1.0,32.75,31.75,2.0,56.75,NA,NA,928.0,753.5,1.0
2026-04-14 11:00:00,47.25,151.75,17.5,22.0,28.5,51.5,7.67,0.0,14.75,5.0,11.0,NA,1.0,2.0,1.0,33.75,29.25,1.5,66.25,NA,NA,978.25,754.0,1.0
2026-04-14 12:00:00,31.0,132.75,20.0,21.25,30.25,47.0,6.0,0.25,14.75,5.0,10.75,NA,1.0,2.0,1.0,34.75,27.75,1.5,59.0,NA,NA,802.5,754.0,1.0
2026-04-14 13:00:00,38.75,118.25,18.25,19.75,28.0,43.0,10.0,0.0,15.75,5.0,11.25,NA,1.0,2.0,1.0,35.0,27.0,1.25,62.75,NA,NA,660.25,754.0,1.0
2026-04-14 14:00:00,28.5,121.0,18.75,21.0,28.75,41.0,10.25,0.0,19.5,5.0,11.0,NA,1.0,2.0,1.0,35.0,27.75,1.25,53.25,NA,NA,258.25,754.0,1.0
2026-04-14 15:00:00,29.25,124.5,18.25,22.25,29.5,46.25,6.67,0.0,14.75,5.0,10.75,NA,1.0,2.0,1.0,35.0,27.5,2.0,55.75,NA,NA,256.75,754.0,1.0
2026-04-14 16:00:00,21.75,118.25,20.5,20.25,30.0,42.5,10.25,0.0,10.75,5.0,11.0,NA,1.0,2.0,1.0,34.75,27.25,1.75,66.0,NA,NA,29.5,754.0,1.0
2026-04-14 17:00:00,18.0,115.25,18.75,21.25,29.25,53.75,13.0,0.0,9.0,5.0,11.0,NA,1.0,2.0,1.0,34.25,28.75,1.75,61.25,NA,NA,27.0,754.0,1.0
2026-04-14 18:00:00,28.0,134.75,20.0,21.25,30.0,61.5,23.25,0.0,8.0,5.0,10.75,NA,1.0,2.0,1.0,31.5,32.5,1.75,85.0,NA,NA,NA,753.0,1.0
2026-04-14 19:00:00,31.0,143.0,18.75,22.25,29.5,66.0,7.0,0.0,9.25,5.25,10.75,NA,1.0,2.0,1.0,30.0,34.75,1.75,55.25,NA,NA,NA,753.0,1.0
2026-04-14 20:00:00,40.0,171.0,19.75,22.25,30.5,70.75,5.75,0.0,13.25,5.0,11.0,NA,1.0,2.0,1.0,29.0,34.75,2.0,39.5,NA,NA,NA,752.5,1.0
2026-04-14 21:00:00,70.0,177.5,20.5,20.0,29.75,64.5,9.0,0.0,16.5,5.0,11.0,NA,1.0,2.0,1.0,28.5,34.75,1.75,62.0,NA,NA,NA,752.25,1.0
2026-04-14 22:00:00,57.75,186.5,20.5,20.5,30.75,57.5,9.25,0.5,13.0,5.0,11.25,NA,1.0,2.0,1.0,27.25,37.25,1.5,80.0,NA,NA,NA,752.0,0.0
2026-04-14 23:00:00,67.0,182.0,18.5,22.5,29.5,46.0,8.0,0.0,16.5,5.0,11.0,NA,1.0,2.0,1.0,26.5,39.0,2.0,71.5,NA,NA,NA,752.0,0.0
2026-04-15 00:00:00,65.75,179.0,20.25,20.25,30.0,NA,9.0,0.0,20.5,5.0,10.75,NA,1.0,2.0,1.0,24.0,42.25,1.5,71.0,NA,NA,NA,751.0,0.0
2026-04-15 01:00:00,69.0,174.0,19.5,20.5,29.25,36.0,7.0,0.0,24.0,5.0,11.0,NA,1.0,2.0,1.0,24.0,44.75,1.0,70.75,NA,NA,NA,751.0,0.0
2026-04-15 02:00:00,46.0,165.5,20.25,21.75,30.75,33.25,8.0,0.0,22.75,5.0,11.0,NA,1.0,2.0,1.0,23.25,46.75,1.0,70.5,NA,NA,NA,751.0,0.0
2026-04-15 03:00:00,45.25,153.25,18.75,20.0,28.5,39.0,12.33,0.0,20.5,5.0,11.0,NA,1.0,2.0,1.0,22.5,47.0,1.0,70.75,NA,NA,4.0,751.0,0.0
2026-04-15 04:00:00,41.0,138.5,18.25,18.5,27.5,42.0,16.0,0.0,21.0,5.0,11.0,NA,1.0,2.0,1.0,23.0,45.5,1.0,72.0,NA,NA,8.0,751.0,0.0
2026-04-15 05:00:00,45.0,131.0,19.25,20.5,29.5,46.5,12.0,0.0,22.5,5.0,11.0,NA,1.0,2.0,1.0,23.0,45.0,1.0,86.25,NA,NA,9.5,751.0,0.0
2026-04-15 06:00:00,43.5,135.0,21.75,19.0,30.5,51.0,9.75,0.0,19.5,5.0,11.25,NA,1.0,2.0,1.0,23.75,45.75,1.0,61.75,NA,NA,76.0,751.0,0.0
2026-04-15 07:00:00,62.75,163.5,19.0,21.0,29.25,66.0,10.67,0.0,19.75,5.0,11.0,NA,1.0,2.0,1.0,26.5,41.5,1.25,88.75,NA,NA,251.25,752.0,0.0
2026-04-15 08:00:00,63.75,178.25,20.0,20.75,30.25,63.75,7.75,0.0,21.0,5.0,11.5,NA,1.0,2.0,1.0,29.5,38.75,1.5,65.5,NA,NA,484.5,752.5,1.0
2026-04-15 09:00:00,64.5,180.75,17.75,20.75,28.25,64.75,8.67,0.33,17.75,5.0,11.75,NA,1.0,2.0,1.0,32.25,36.25,1.75,44.0,NA,NA,716.0,753.25,1.0
2026-04-15 10:00:00,64.25,180.25,18.5,20.25,28.5,62.25,6.5,0.0,14.5,5.0,11.25,NA,1.0,2.0,1.0,33.25,33.5,1.5,46.75,NA,NA,775.75,753.5,1.0
2026-04-15 11:00:00,46.5,155.75,18.75,19.25,28.25,52.0,6.33,0.0,16.5,5.0,11.0,NA,1.0,2.0,1.0,35.0,28.0,1.25,67.0,NA,NA,883.75,754.0,1.0
2026-04-15 12:00:00,28.25,129.25,19.0,21.75,29.75,47.25,5.75,0.0,18.5,5.0,11.0,NA,1.0,2.0,1.0,35.75,28.0,1.5,52.75,NA,NA,767.5,754.0,1.0
2026-04-15 13:00:00,26.5,123.5,18.75,20.5,28.5,44.5,9.0,0.0,20.75,5.0,10.75,NA,1.0,2.0,1.0,36.0,27.0,1.75,52.75,NA,NA,619.75,754.25,1.0
2026-04-15 14:00:00,23.75,120.5,21.75,20.25,30.75,41.75,5.75,0.0,19.75,5.0,11.0,NA,1.0,2.0,1.0,36.0,26.75,1.5,69.25,NA,NA,259.0,754.0,1.0
2026-04-15 15:00:00,20.25,118.0,20.5,20.75,30.25,43.25,5.33,0.0,21.25,5.0,11.0,NA,1.0,2.0,1.0,36.0,26.75,1.75,68.5,NA,NA,251.0,754.0,1.0
2026-04-15 16:00:00,19.25,103.25,20.75,21.25,30.75,43.0,5.0,1.0,18.75,5.0,11.25,NA,1.0,2.0,1.0,35.5,27.0,1.75,71.75,NA,NA,24.75,754.0,1.0
2026-04-15 17:00:00,21.75,111.0,19.0,20.5,29.0,54.5,5.33,0.33,12.0,5.0,11.0,NA,1.0,2.0,1.0,34.5,27.5,2.0,82.75,NA,NA,NA,754.0,1.0
2026-04-15 18:00:00,37.0,113.0,18.5,21.0,29.25,61.25,6.75,0.5,10.75,5.0,11.0,NA,1.0,2.0,1.0,32.0,30.25,2.0,80.5,NA,NA,NA,753.25,1.0
2026-04-15 19:00:00,43.25,135.5,20.5,19.75,29.75,69.0,13.33,0.0,11.25,5.0,11.0,NA,1.0,2.0,1.0,29.5,32.75,2.0,103.0,NA,NA,NA,753.0,1.0
2026-04-15 20:00:00,45.5,159.25,17.0,21.0,27.75,71.75,18.25,1.0,15.25,5.0,10.75,NA,1.0,2.0,1.0,28.5,36.0,2.0,107.0,NA,NA,NA,752.0,0.75
2026-04-15 21:00:00,60.5,184.5,27.0,24.5,29.25,70.75,15.33,0.67,15.25,5.0,10.75,NA,1.0,2.0,1.0,27.0,39.75,2.0,108.5,NA,NA,NA,752.0,0.0
2026-04-15 22:00:00,112.25,221.5,26.5,27.25,30.25,69.75,23.0,1.0,14.25,5.0,11.0,NA,1.0,2.0,1.0,26.0,39.5,2.0,111.25,NA,NA,NA,752.0,0.0
2026-04-15 23:00:00,117.5,242.5,24.5,27.5,29.0,55.0,9.0,0.0,20.5,5.0,10.5,NA,1.0,2.0,1.0,26.0,41.5,2.0,111.0,NA,NA,NA,752.0,0.0
2026-04-16 00:00:00,125.5,240.75,24.25,27.75,29.0,NA,16.75,0.25,22.75,5.0,11.0,NA,1.0,2.0,1.0,25.0,43.25,2.0,111.5,NA,NA,NA,751.0,0.0
2026-04-16 01:00:00,102.0,227.5,26.25,27.5,30.5,46.5,15.67,0.67,26.5,5.0,10.75,NA,1.0,2.0,1.0,24.0,42.5,1.5,111.5,NA,NA,NA,751.0,0.0
2026-04-16 02:00:00,99.5,221.75,27.75,27.0,31.0,42.75,18.75,0.75,21.75,5.0,11.0,NA,1.0,2.0,1.0,23.75,43.0,1.0,111.25,NA,NA,NA,751.0,0.0
2026-04-16 03:00:00,99.25,202.0,27.0,28.0,31.0,48.75,9.33,0.0,24.25,5.0,11.0,NA,1.0,2.0,1.0,23.5,44.25,0.75,237.75,NA,NA,NA,751.0,0.0
2026-04-16 04:00:00,79.25,193.75,26.5,27.0,30.25,53.25,11.5,0.0,25.75,5.0,11.0,NA,1.0,2.0,1.0,22.5,49.25,1.0,239.75,NA,NA,NA,751.0,0.0
2026-04-16 05:00:00,90.75,187.25,22.75,28.75,28.25,55.25,11.0,0.0,24.5,5.0,11.0,NA,1.0,2.0,1.0,22.0,51.25,1.0,239.5,NA,NA,8.0,751.0,0.0
2026-04-16 06:00:00,62.0,156.25,27.0,27.25,30.25,59.75,14.75,0.5,24.0,5.0,11.0,NA,1.0,2.0,1.0,23.5,50.0,1.25,239.0,NA,NA,75.25,751.0,0.0
2026-04-16 07:00:00,61.5,171.5,25.5,27.25,29.5,76.0,14.0,1.0,24.5,5.25,11.5,NA,1.0,2.0,1.0,28.0,45.0,1.5,248.5,NA,NA,251.75,752.25,0.5
2026-04-16 08:00:00,88.0,215.0,25.75,28.25,30.0,73.0,17.5,1.75,21.25,5.0,11.0,NA,1.0,2.0,1.0,30.75,37.5,1.75,51.0,NA,NA,499.75,753.0,1.0
2026-04-16 09:00:00,99.5,225.5,24.0,28.0,29.0,74.25,8.67,0.33,12.0,5.0,11.0,NA,1.0,2.0,1.0,32.5,32.25,1.75,114.5,NA,NA,706.5,753.25,1.0
2026-04-16 10:00:00,85.5,209.25,27.0,28.25,30.5,70.0,0.0,0.5,12.0,5.0,11.5,NA,1.0,2.0,1.0,34.0,30.5,1.75,264.5,NA,NA,778.5,754.0,1.0
2026-04-16 11:00:00,69.75,206.75,25.5,28.25,30.0,62.0,5.67,0.0,12.25,5.0,11.0,NA,1.0,2.0,1.0,34.75,28.5,1.25,245.0,NA,NA,858.5,754.0,1.0
2026-04-16 12:00:00,68.0,182.75,25.0,26.5,29.0,56.75,0.5,0.25,10.75,5.0,11.0,NA,1.0,2.0,1.0,36.0,26.5,0.75,125.5,NA,NA,842.75,754.0,1.0
2026-04-16 13:00:00,49.25,151.25,25.75,27.25,29.75,55.0,6.0,0.0,12.25,5.0,10.75,NA,1.0,2.0,1.0,36.75,25.25,1.5,64.5,NA,NA,559.25,754.75,1.0
2026-04-16 14:00:00,38.5,135.0,25.5,28.5,30.0,53.5,4.75,0.25,9.25,5.0,10.75,NA,1.0,2.0,1.0,36.5,25.25,1.25,97.5,NA,NA,350.25,754.5,1.0
2026-04-16 15:00:00,27.5,116.25,24.25,28.0,29.0,55.5,8.33,0.0,6.5,5.0,11.0,NA,1.0,2.0,1.0,36.25,25.0,1.25,84.5,NA,NA,177.0,754.25,1.0
2026-04-16 16:00:00,25.5,108.75,25.0,25.5,28.25,52.75,6.5,0.0,7.75,5.0,11.0,NA,1.0,2.0,1.0,36.0,25.0,1.75,59.0,NA,NA,8.5,754.0,1.0
2026-04-16 17:00:00,21.5,98.75,25.25,25.25,28.5,63.5,7.67,0.33,7.0,5.0,10.75,NA,1.0,2.0,1.0,35.5,25.25,2.0,54.75,NA,NA,NA,754.0,1.0
2026-04-16 18:00:00,28.75,99.25,24.25,27.0,28.5,69.75,9.0,0.75,10.25,5.0,10.75,NA,1.0,2.0,1.0,33.5,27.5,2.0,74.0,NA,NA,NA,753.75,1.0
2026-04-16 19:00:00,60.25,119.5,24.0,26.0,28.25,78.0,14.33,0.33,14.0,5.0,11.25,NA,1.0,2.0,1.0,29.25,34.75,2.0,73.25,NA,NA,NA,752.75,1.0
2026-04-16 20:00:00,66.0,162.75,26.0,27.25,29.75,81.75,25.5,1.5,17.0,5.0,11.25,NA,1.0,2.0,1.0,28.25,37.25,2.0,73.75,NA,NA,NA,752.0,1.0
2026-04-16 21:00:00,108.0,219.25,22.75,27.5,28.0,75.25,18.33,0.67,15.0,5.0,11.0,NA,1.0,2.0,1.0,28.0,37.75,1.75,133.0,NA,NA,NA,752.0,0.75
2026-04-16 22:00:00,120.25,243.25,26.5,26.5,30.0,67.5,28.25,1.0,15.75,5.0,11.25,NA,1.0,2.0,1.0,26.75,40.25,2.0,174.0,NA,NA,NA,752.0,0.0
2026-04-16 23:00:00,110.5,262.0,25.0,27.0,29.5,57.0,11.0,0.0,14.0,5.0,11.0,NA,1.0,2.0,1.0,26.5,42.5,2.0,204.0,NA,NA,NA,752.0,0.0
2026-04-17 00:00:00,105.0,270.0,27.75,27.5,31.0,NA,21.25,1.0,21.25,5.0,10.75,NA,1.0,2.0,1.0,25.75,45.25,2.0,222.0,NA,NA,NA,752.0,0.0
2026-04-17 01:00:00,112.5,261.75,24.0,26.75,28.5,45.75,20.67,1.33,21.0,5.0,11.0,NA,1.0,2.0,1.0,25.0,48.5,2.0,222.0,NA,NA,NA,751.0,0.0
2026-04-17 02:00:00,107.25,259.25,26.25,28.25,30.75,42.0,33.25,2.0,23.75,5.0,11.0,NA,1.0,2.0,1.0,24.25,48.75,1.75,220.5,NA,NA,NA,751.0,0.0
2026-04-17 03:00:00,100.25,248.25,27.5,28.0,31.25,49.0,18.0,0.0,24.0,5.0,11.0,NA,1.0,2.0,1.0,24.25,45.75,1.0,262.75,NA,NA,NA,751.0,0.0
2026-04-17 04:00:00,90.75,221.0,25.0,25.75,28.5,53.0,9.5,0.0,22.25,5.0,11.0,NA,1.0,2.0,1.0,23.5,46.25,1.0,227.5,NA,NA,NA,751.0,0.0
2026-04-17 05:00:00,82.5,197.75,26.5,27.75,30.5,55.75,9.67,0.0,21.0,5.0,11.5,NA,1.0,2.0,1.0,23.0,45.5,1.0,208.0,NA,NA,NA,751.0,0.0
2026-04-17 06:00:00,87.75,199.0,25.75,26.5,29.5,63.75,3.0,0.0,23.0,5.0,11.0,NA,1.0,2.0,1.0,22.5,47.5,1.0,215.5,NA,NA,56.0,751.0,0.0
2026-04-17 07:00:00,84.75,208.25,26.25,26.0,29.5,76.0,8.67,0.0,18.5,5.0,10.75,NA,1.0,2.0,1.0,23.5,52.5,1.0,233.25,NA,NA,243.75,751.0,0.0
2026-04-17 08:00:00,103.75,245.0,24.5,26.75,28.75,73.5,2.0,0.5,16.25,5.0,11.0,NA,1.0,2.0,1.0,24.75,55.0,1.0,232.25,NA,NA,317.75,751.25,0.0
2026-04-17 09:00:00,111.25,286.25,23.0,28.5,28.25,75.0,7.0,0.33,19.0,5.0,11.0,NA,1.0,2.0,1.0,27.25,53.5,1.5,222.5,NA,NA,572.75,752.0,0.25
2026-04-17 10:00:00,123.5,297.25,23.25,27.25,28.25,70.5,2.5,1.0,17.25,5.0,11.0,NA,1.0,2.0,1.0,29.5,49.0,1.75,234.5,NA,NA,676.25,752.75,1.0
2026-04-17 11:00:00,123.75,297.25,24.5,28.5,29.5,66.25,2.67,0.67,17.25,5.0,11.25,NA,1.0,2.0,1.0,30.5,47.0,1.5,228.75,NA,NA,708.25,753.0,1.0
2026-04-17 12:00:00,103.0,291.0,25.5,28.75,30.25,57.75,2.25,0.0,22.0,5.0,11.0,NA,1.0,2.0,1.0,33.75,40.25,0.75,179.5,NA,NA,682.75,753.75,1.0
2026-04-17 13:00:00,71.0,251.75,24.0,28.75,29.0,54.75,5.67,0.0,22.0,5.0,11.25,NA,1.0,2.0,1.0,35.0,36.0,0.75,92.75,NA,NA,436.0,754.0,1.0
2026-04-17 14:00:00,66.75,240.75,24.25,29.25,29.75,50.25,2.75,0.75,16.5,5.0,11.0,NA,1.0,2.0,1.0,35.5,32.75,1.25,73.25,NA,NA,217.5,754.0,1.0
2026-04-17 15:00:00,62.0,208.5,23.75,27.5,28.5,56.25,10.0,0.0,17.5,5.0,11.0,NA,1.0,2.0,1.0,36.0,29.5,1.5,69.0,NA,NA,142.0,754.0,1.0
2026-04-17 16:00:00,35.75,175.5,20.25,25.25,29.75,41.5,9.25,0.0,15.25,4.0,9.0,NA,0.0,0.75,0.75,35.25,30.25,1.75,70.75,NA,NA,28.0,754.0,1.0
2026-04-17 17:00:00,35.75,171.0,20.25,25.0,29.75,54.0,8.67,0.0,10.75,4.0,10.0,NA,0.0,1.0,1.0,34.75,31.0,1.75,93.0,NA,NA,7.0,754.0,1.0
2026-04-17 18:00:00,71.25,220.5,20.25,22.75,28.5,61.5,9.75,0.5,9.5,5.0,13.25,NA,0.0,1.25,1.0,31.5,35.5,2.0,71.5,NA,NA,NA,753.0,1.0
2026-04-17 19:00:00,92.75,256.5,20.25,22.5,28.75,68.25,12.67,0.33,16.25,5.0,13.25,NA,0.0,1.0,1.0,30.0,39.0,2.0,179.5,NA,NA,NA,753.0,1.0
2026-04-17 20:00:00,89.5,257.0,22.0,22.75,29.75,71.5,19.0,1.0,14.5,5.0,13.75,NA,0.0,1.25,1.0,28.25,46.75,2.0,201.25,NA,NA,NA,752.0,1.0
2026-04-17 21:00:00,98.75,289.5,19.75,23.5,28.5,63.25,17.33,0.67,18.75,5.0,13.75,NA,0.0,1.0,1.0,27.5,51.25,2.0,201.0,NA,NA,NA,752.0,0.25
2026-04-17 22:00:00,92.0,321.0,21.75,22.0,29.25,56.75,31.25,2.25,19.25,2.75,9.0,NA,0.0,1.0,0.0,26.75,52.0,2.0,201.0,NA,NA,NA,752.0,0.0
2026-04-17 23:00:00,105.5,342.0,21.5,22.0,29.0,48.5,15.0,1.0,23.0,3.0,9.0,NA,0.0,1.0,0.0,27.0,48.0,2.0,201.0,NA,NA,NA,752.0,0.0
2026-04-18 00:00:00,118.25,305.75,20.75,25.5,30.25,NA,25.75,2.0,25.0,1.0,6.5,NA,0.0,0.0,0.0,27.5,42.25,1.0,126.75,NA,NA,11.0,752.0,0.5
2026-04-18 01:00:00,119.0,248.5,19.75,22.75,28.25,35.25,11.0,0.33,25.5,1.0,6.25,NA,0.0,0.0,0.0,27.75,40.5,1.0,100.0,NA,NA,NA,752.0,0.5
2026-04-18 02:00:00,88.5,213.0,21.5,24.0,30.25,33.0,2.67,0.0,21.5,1.0,5.75,NA,0.0,0.0,0.0,26.25,44.5,1.0,92.0,NA,NA,NA,752.0,0.0
2026-04-18 03:00:00,76.25,209.75,23.0,22.0,30.5,38.0,9.67,0.0,20.0,1.0,6.0,NA,0.0,0.0,0.0,25.25,46.25,1.5,89.75,NA,NA,NA,751.5,0.0
2026-04-18 04:00:00,75.0,198.25,22.75,21.25,29.75,44.25,6.75,0.0,21.5,1.0,5.25,NA,0.0,0.5,0.0,24.0,48.0,0.75,136.75,NA,NA,NA,751.0,0.0
2026-04-18 05:00:00,74.25,204.25,24.75,24.25,32.25,45.0,11.33,0.0,26.5,1.0,5.0,NA,0.0,0.0,0.0,23.25,48.75,1.0,256.0,NA,NA,7.0,751.0,0.0
2026-04-18 06:00:00,69.0,221.0,24.0,22.0,31.0,54.75,9.75,0.25,26.0,2.25,9.5,NA,0.0,1.0,0.0,25.0,48.25,1.0,313.5,NA,NA,70.25,751.5,0.0
2026-04-18 07:00:00,73.25,243.75,21.75,23.5,29.5,66.5,9.67,0.33,28.5,2.75,9.0,NA,0.0,1.0,0.25,28.25,44.0,2.0,261.0,NA,NA,268.75,752.25,0.75
2026-04-18 08:00:00,72.75,271.5,21.75,22.5,29.25,63.25,12.25,1.0,30.5,3.0,9.5,NA,0.0,1.0,0.0,31.0,39.25,1.75,59.25,NA,NA,507.5,753.0,1.0
2026-04-18 09:00:00,74.25,267.75,22.0,23.0,30.25,65.0,11.0,0.33,30.75,2.75,9.25,NA,0.0,1.0,0.0,32.25,36.75,1.25,138.75,NA,NA,632.75,753.5,1.0
2026-04-18 10:00:00,69.0,254.75,22.25,24.75,30.75,61.0,5.75,0.0,30.75,3.75,8.25,NA,0.0,1.0,0.75,33.75,34.0,1.0,70.75,NA,NA,799.25,753.75,1.0
2026-04-18 11:00:00,63.25,201.5,20.5,24.75,29.25,51.75,7.0,0.67,24.25,4.0,8.0,NA,0.0,1.0,1.0,35.5,32.5,1.25,67.0,NA,NA,901.0,754.0,1.0
2026-04-18 12:00:00,59.5,184.75,21.0,25.0,30.0,49.5,7.25,0.5,22.5,3.0,7.5,NA,0.0,1.0,1.0,34.75,32.0,1.25,65.5,NA,NA,887.75,754.0,1.0
2026-04-18 13:00:00,48.75,203.25,23.25,22.25,30.5,44.25,8.0,0.0,36.5,2.0,7.0,NA,0.0,1.0,1.0,37.5,30.0,1.5,71.0,NA,NA,438.5,755.0,1.0
2026-04-18 14:00:00,33.75,187.5,22.75,23.0,30.5,40.25,8.0,0.0,32.25,2.0,7.25,NA,0.0,1.0,1.0,38.0,29.0,1.75,59.75,NA,NA,181.0,755.0,1.0
2026-04-18 15:00:00,30.25,174.75,22.75,24.0,31.0,45.5,11.0,0.0,28.0,2.0,7.25,NA,0.0,1.0,1.0,37.25,29.0,2.0,57.25,NA,NA,176.75,754.75,1.0
2026-04-18 16:00:00,26.0,177.75,23.5,22.75,31.0,44.25,9.75,0.0,29.0,3.5,9.0,NA,0.0,1.0,1.0,37.0,29.5,2.0,51.75,NA,NA,88.75,755.0,1.0
2026-04-18 17:00:00,24.25,172.25,21.5,22.25,29.5,56.25,7.67,0.33,41.75,4.0,10.0,NA,0.0,1.0,1.0,35.75,31.5,2.0,57.25,NA,NA,NA,754.25,1.0
2026-04-18 18:00:00,29.0,171.25,20.5,23.0,28.75,59.5,7.0,1.0,28.25,5.0,13.0,NA,0.0,1.5,1.0,34.5,33.25,2.0,58.0,NA,NA,NA,754.0,1.0
2026-04-18 19:00:00,25.5,175.75,21.25,22.25,29.0,68.25,10.0,0.0,27.5,5.25,13.5,NA,0.0,1.25,1.0,32.5,35.5,1.5,61.75,NA,NA,NA,753.5,1.0
2026-04-18 20:00:00,39.75,199.5,20.75,22.75,28.75,71.25,12.25,0.0,29.5,5.25,13.25,NA,0.0,1.0,1.0,31.75,37.0,1.75,68.5,NA,NA,NA,753.0,1.0
2026-04-18 21:00:00,50.5,213.5,20.0,23.5,28.5,66.75,13.33,0.0,28.0,5.25,13.5,NA,0.0,1.25,1.0,31.25,38.0,1.75,76.0,NA,NA,NA,753.0,1.0
2026-04-18 22:00:00,51.0,226.75,20.25,23.25,29.0,56.5,15.25,0.75,29.75,3.0,9.0,NA,0.0,1.0,0.25,29.75,39.5,2.0,57.0,NA,NA,NA,753.0,1.0
2026-04-18 23:00:00,49.67,223.0,21.33,24.0,30.0,50.67,10.5,0.5,26.67,3.0,9.0,NA,0.0,1.0,0.0,29.33,40.67,2.0,146.33,NA,NA,NA,753.0,1.0
2026-04-19 00:00:00,55.75,220.25,19.5,24.5,29.0,NA,12.0,0.75,31.5,1.0,6.25,NA,0.0,0.0,0.0,28.25,42.5,2.0,82.75,NA,NA,NA,752.0,1.0
2026-04-19 01:00:00,45.5,208.5,23.25,23.25,31.0,34.5,12.33,0.0,38.0,1.0,6.0,NA,0.0,0.0,0.0,28.0,43.0,2.0,85.0,NA,NA,NA,752.0,0.75
2026-04-19 02:00:00,53.0,200.25,21.75,23.5,30.0,32.5,12.0,0.0,29.75,1.0,5.75,NA,0.0,0.0,0.0,26.5,44.0,2.0,90.5,NA,NA,NA,752.0,0.0
2026-04-19 03:00:00,47.25,194.0,22.0,23.25,30.25,35.25,10.67,0.0,36.75,1.0,5.75,NA,0.0,0.0,0.0,26.0,45.0,1.5,56.75,NA,NA,NA,751.75,0.0
2026-04-19 04:00:00,31.75,181.0,19.75,23.5,28.25,42.0,9.5,0.0,36.0,1.0,5.5,NA,0.0,0.25,0.0,25.5,46.75,1.75,112.5,NA,NA,NA,751.75,0.0
2026-04-19 05:00:00,40.5,175.0,21.75,22.0,29.25,46.0,8.33,0.0,34.25,1.0,5.0,NA,0.0,0.0,0.0,25.0,48.5,1.0,36.67,NA,NA,NA,751.0,0.0
2026-04-19 06:00:00,44.5,177.5,19.75,23.75,28.5,54.5,9.0,0.0,25.0,2.75,9.25,NA,0.0,1.0,0.5,25.5,47.0,1.75,48.75,NA,NA,69.0,752.0,0.0
2026-04-19 07:00:00,48.25,181.5,21.5,24.5,30.0,59.75,9.0,0.0,23.5,3.0,9.25,NA,0.0,1.0,0.25,27.5,45.0,2.0,43.75,NA,NA,183.25,752.25,0.5
2026-04-19 08:00:00,57.0,188.5,20.5,24.0,29.0,64.5,8.5,0.0,29.75,2.5,9.5,NA,0.0,1.0,0.5,30.5,41.75,2.0,53.75,NA,NA,432.5,753.0,1.0
2026-04-19 09:00:00,56.75,198.75,20.5,21.5,28.0,65.5,10.0,0.33,30.75,3.0,9.0,NA,0.0,1.0,0.25,33.5,38.25,1.75,44.5,NA,NA,751.5,753.75,1.0
2026-04-19 10:00:00,62.5,201.0,23.0,24.25,31.25,59.75,10.0,0.0,30.75,4.25,8.25,NA,0.0,1.0,1.0,35.75,34.25,2.0,59.0,NA,NA,898.5,754.0,1.0
2026-04-19 11:00:00,44.75,194.25,20.75,24.5,29.75,52.0,8.33,0.0,27.25,4.0,8.25,NA,0.0,1.0,1.0,37.0,32.5,2.0,59.0,NA,NA,949.75,755.0,1.0
2026-04-19 12:00:00,31.75,174.0,21.75,23.5,30.0,47.25,5.5,0.0,28.5,2.0,7.0,NA,0.0,1.0,1.0,38.0,30.0,2.0,57.5,NA,NA,802.25,755.0,1.0
2026-04-19 13:00:00,31.5,156.75,21.5,23.0,29.75,42.75,7.67,0.0,34.5,2.0,7.25,NA,0.0,1.0,1.0,38.75,28.25,1.75,59.25,NA,NA,415.5,755.0,1.0
2026-04-19 14:00:00,36.0,150.75,20.5,24.25,29.25,39.5,6.5,0.0,36.25,2.0,7.0,NA,0.0,1.0,1.0,39.0,27.5,1.75,55.5,NA,NA,154.75,755.0,1.0
2026-04-19 15:00:00,26.25,150.0,21.25,23.75,30.0,46.5,7.67,0.33,33.75,2.0,7.0,NA,0.0,1.0,1.0,38.75,27.0,1.5,66.75,NA,NA,114.75,755.0,1.0
2026-04-19 16:00:00,23.25,131.75,21.75,23.0,30.0,42.0,6.25,0.0,35.0,4.0,10.0,NA,0.0,1.0,1.0,38.0,27.0,2.0,51.0,NA,NA,13.0,755.0,1.0
2026-04-19 17:00:00,19.5,125.75,22.25,23.0,30.5,52.75,5.33,0.0,29.0,4.0,10.25,NA,0.0,1.0,1.0,37.0,27.75,2.0,61.0,NA,NA,NA,754.75,1.0
2026-04-19 18:00:00,17.0,123.25,23.25,24.75,32.0,63.0,5.75,0.0,31.25,5.75,13.25,NA,0.0,1.0,1.0,35.0,31.0,2.0,84.25,NA,NA,NA,754.0,1.0
2026-04-19 19:00:00,31.75,134.75,22.0,24.0,29.75,67.75,7.67,0.33,32.0,5.25,13.5,NA,0.0,1.0,1.0,34.0,32.5,2.0,78.0,NA,NA,NA,753.75,1.0
2026-04-19 20:00:00,46.5,170.25,22.0,23.5,30.25,72.25,13.5,0.75,31.25,5.0,14.0,NA,0.0,1.5,1.0,31.5,34.0,2.0,103.5,NA,NA,NA,753.0,1.0
2026-04-19 21:00:00,53.5,178.0,21.5,24.25,30.0,67.5,15.0,0.0,29.5,5.0,13.75,NA,0.0,1.25,1.25,31.0,34.75,2.0,99.25,NA,NA,NA,753.0,1.0
2026-04-19 22:00:00,61.75,192.0,20.75,24.25,29.75,61.25,19.25,0.5,31.25,3.5,10.25,NA,0.0,1.25,0.25,29.5,36.75,2.0,76.25,NA,NA,NA,753.0,1.0
2026-04-19 23:00:00,66.0,220.0,18.5,23.0,27.5,48.5,11.0,0.0,28.0,2.5,9.0,NA,0.0,1.0,0.0,29.0,38.0,2.0,39.5,NA,NA,NA,753.0,1.0
2026-04-20 00:00:00,63.25,207.0,21.5,24.25,30.5,NA,16.25,0.0,27.5,1.0,6.0,NA,0.0,0.0,0.0,28.25,39.75,1.75,67.75,NA,NA,NA,752.0,1.0
2026-04-20 01:00:00,60.5,202.25,21.5,22.75,29.5,36.5,13.0,0.67,26.25,1.0,5.75,NA,0.0,0.0,0.0,27.75,40.0,2.0,92.75,NA,NA,NA,752.0,0.25
2026-04-20 02:00:00,56.75,190.5,22.0,22.5,29.75,33.25,12.25,1.0,29.25,1.0,6.0,NA,0.0,0.0,0.0,26.75,42.0,2.0,91.0,NA,NA,NA,752.0,0.0
2026-04-20 03:00:00,50.25,176.25,20.5,23.5,28.5,40.0,8.67,0.0,32.75,1.0,6.0,NA,0.0,0.0,0.0,26.0,45.75,2.0,91.0,NA,NA,NA,752.0,0.0
2026-04-20 04:00:00,56.5,178.0,20.5,25.0,30.25,43.0,10.75,0.0,28.75,1.0,5.0,NA,0.0,0.25,0.0,26.0,45.75,2.0,78.5,NA,NA,0.0,752.0,0.0
2026-04-20 05:00:00,63.75,172.25,21.5,23.75,30.0,47.0,10.67,0.0,27.0,1.0,5.0,NA,0.0,0.75,0.0,25.0,46.0,1.75,129.75,NA,NA,3.33,751.75,0.0
2026-04-20 06:00:00,60.25,175.25,22.5,22.75,30.25,49.5,11.0,0.25,27.5,2.0,7.5,NA,0.0,1.0,0.25,25.75,45.25,1.75,133.25,NA,NA,40.75,752.0,0.0
2026-04-20 07:00:00,61.75,222.25,22.75,23.5,30.75,65.25,14.33,0.0,30.5,3.0,9.0,NA,0.0,1.0,0.25,29.0,41.5,1.5,126.5,NA,NA,267.25,752.25,1.0
2026-04-20 08:00:00,67.25,248.25,21.5,24.75,30.5,63.5,11.25,0.0,31.0,3.0,9.0,NA,0.0,1.0,0.25,32.25,37.5,1.5,68.25,NA,NA,485.75,753.5,1.0
2026-04-20 09:00:00,70.0,246.5,21.25,24.5,30.25,64.25,11.67,0.0,31.25,3.0,9.25,NA,0.0,1.0,0.25,33.25,36.0,1.0,78.5,NA,NA,572.75,753.75,1.0
2026-04-20 10:00:00,78.5,239.0,21.0,24.25,30.0,63.25,12.5,0.0,33.75,3.5,8.75,NA,0.0,1.0,0.5,34.75,34.0,1.25,123.75,NA,NA,715.25,754.0,1.0
2026-04-20 11:00:00,78.0,238.0,21.25,23.25,29.75,55.0,10.33,0.33,34.0,4.0,8.25,NA,0.0,1.0,1.0,36.5,32.0,0.75,77.25,NA,NA,855.0,754.5,1.0
2026-04-20 12:00:00,78.5,213.25,22.25,23.25,30.0,49.5,11.5,0.75,34.0,3.0,7.5,NA,0.0,1.0,1.0,37.75,30.25,2.0,46.25,NA,NA,878.0,755.0,1.0
2026-04-20 13:00:00,66.25,192.5,19.0,23.25,27.5,46.5,7.33,0.67,28.5,2.0,7.5,NA,0.0,1.0,1.0,38.25,27.75,1.5,58.5,NA,NA,458.0,755.0,1.0
2026-04-20 14:00:00,53.75,193.75,20.75,26.0,30.0,40.75,6.5,1.0,28.0,2.0,7.0,NA,0.0,1.0,1.0,37.75,26.0,1.5,61.0,NA,NA,136.25,755.0,1.0
2026-04-20 15:00:00,51.25,189.75,20.5,25.0,29.5,44.0,6.0,0.67,27.5,2.0,7.25,NA,0.0,1.0,1.0,37.75,25.75,1.5,63.75,NA,NA,144.5,755.0,1.0
2026-04-20 16:00:00,54.25,170.75,21.0,24.75,29.75,43.5,4.25,0.5,29.75,3.5,10.5,NA,0.0,1.0,1.0,37.75,25.75,2.0,64.5,NA,NA,127.5,755.0,1.0
2026-04-20 17:00:00,53.5,143.75,20.25,24.25,29.25,51.25,7.67,0.33,32.5,5.0,11.0,NA,0.0,1.0,1.0,36.5,26.5,2.0,59.25,NA,NA,NA,754.5,1.0
2026-04-20 18:00:00,45.75,127.25,20.25,24.0,29.25,61.5,11.0,1.0,32.75,6.0,14.25,NA,0.0,2.0,1.25,34.5,29.5,1.75,70.75,NA,NA,NA,754.0,1.0
2026-04-20 19:00:00,70.25,289.5,21.25,25.0,29.75,68.0,10.67,0.0,37.0,5.75,14.75,NA,0.0,2.0,1.0,33.0,31.75,2.0,41.0,NA,NA,NA,753.75,1.0
2026-04-20 20:00:00,77.5,218.75,20.75,23.5,29.25,71.5,14.25,0.75,34.5,5.5,15.25,NA,0.0,2.0,1.0,31.75,33.0,1.75,62.25,NA,NA,NA,753.0,1.0
2026-04-20 21:00:00,86.5,189.25,22.5,24.5,31.25,67.0,12.67,1.0,36.25,5.75,14.5,NA,0.0,2.0,1.5,31.25,33.5,2.0,141.75,NA,NA,NA,753.0,1.0
2026-04-20 22:00:00,81.75,196.5,21.0,23.5,29.25,61.0,14.5,1.0,35.5,4.5,12.5,NA,0.0,1.5,0.75,30.5,34.0,1.75,77.25,NA,NA,NA,753.0,1.0
2026-04-20 23:00:00,92.0,168.0,20.5,22.5,29.0,46.5,11.0,0.0,37.0,3.0,10.0,NA,0.0,1.0,0.5,30.0,34.67,2.0,72.0,NA,NA,NA,753.0,1.0
2026-04-21 00:00:00,89.25,183.5,20.0,25.25,29.5,NA,11.5,0.0,35.0,1.0,6.25,NA,0.0,0.0,0.0,28.75,35.75,1.75,92.75,NA,NA,NA,752.5,1.0
2026-04-21 01:00:00,71.25,122.75,21.5,24.75,30.5,36.0,11.67,0.0,32.5,1.0,6.25,NA,0.0,0.0,0.0,28.0,37.25,1.75,82.0,NA,NA,NA,752.0,0.5
2026-04-21 02:00:00,65.5,129.0,21.25,23.5,29.5,33.5,11.75,0.0,34.5,1.0,6.75,NA,0.0,0.0,0.0,27.0,39.0,1.5,52.25,NA,NA,NA,752.0,0.0
2026-04-21 03:00:00,61.5,130.75,20.5,24.5,29.5,38.0,10.67,0.0,35.0,1.0,6.5,NA,0.0,0.0,0.0,26.25,39.75,1.25,60.25,NA,NA,NA,752.0,0.0
2026-04-21 04:00:00,65.75,157.25,22.0,24.0,30.5,42.25,10.5,0.75,33.0,1.0,6.0,NA,0.0,1.0,0.0,25.0,41.5,1.0,67.5,NA,NA,NA,751.5,0.0
2026-04-21 05:00:00,53.75,134.75,21.0,24.25,29.75,45.75,11.0,0.0,34.75,1.0,5.75,NA,0.0,1.0,0.0,24.75,43.0,1.0,60.75,NA,NA,NA,751.0,0.0
2026-04-21 06:00:00,62.5,137.25,22.25,23.5,30.5,52.75,12.0,0.25,33.0,3.0,10.25,NA,0.0,1.0,0.5,24.5,43.0,1.0,67.25,NA,NA,77.5,751.25,0.0
2026-04-21 07:00:00,64.25,154.75,19.75,22.75,28.0,66.25,10.67,0.0,35.0,3.0,10.25,NA,0.0,1.0,0.0,27.0,41.0,1.25,72.5,NA,NA,256.25,752.0,0.25
2026-04-21 08:00:00,89.75,174.75,21.5,23.75,29.75,63.0,9.5,0.0,35.0,3.0,10.25,NA,0.0,1.0,0.25,30.0,37.5,1.25,75.0,NA,NA,504.75,753.0,1.0
2026-04-21 09:00:00,69.25,152.25,20.0,24.5,29.0,65.25,10.0,0.0,36.25,3.0,9.75,NA,0.0,1.0,0.25,33.0,32.75,1.5,68.5,NA,NA,702.25,753.75,1.0
2026-04-21 10:00:00,66.25,142.0,21.25,23.75,29.5,61.75,11.25,0.0,38.75,4.5,9.0,NA,0.0,1.0,0.5,34.25,30.5,1.5,68.0,NA,NA,797.5,754.0,1.0
2026-04-21 11:00:00,62.75,127.0,20.75,23.0,28.5,52.5,8.0,0.0,34.5,4.75,9.0,NA,0.0,1.0,1.0,36.0,26.5,1.75,70.25,NA,NA,999.0,754.0,1.0
2026-04-21 12:00:00,53.5,131.75,19.25,24.5,28.5,46.25,6.5,0.25,32.5,2.5,8.0,NA,0.0,1.0,1.0,37.0,26.0,1.5,63.5,NA,NA,858.75,755.0,1.0
2026-04-21 13:00:00,43.75,132.0,21.5,23.0,29.75,42.0,6.67,0.33,37.0,2.0,7.75,NA,0.0,1.0,1.0,37.25,26.0,1.75,62.75,NA,NA,508.75,755.0,1.0
2026-04-21 14:00:00,44.0,148.25,21.0,23.25,29.25,42.0,6.5,0.25,33.25,2.0,7.75,NA,0.0,1.0,1.0,37.25,26.25,1.5,60.25,NA,NA,339.25,755.0,1.0
2026-04-21 15:00:00,49.0,191.0,20.25,22.75,28.75,42.5,5.0,0.0,33.75,2.25,8.0,NA,0.0,1.0,1.0,36.75,26.75,1.75,55.5,NA,NA,280.0,755.0,1.0
2026-04-21 16:00:00,54.25,190.25,21.25,24.25,30.25,40.25,5.0,0.0,36.5,4.5,11.0,NA,0.0,1.0,1.0,36.0,27.0,1.5,58.25,NA,NA,124.5,754.0,1.0
2026-04-21 17:00:00,47.0,170.25,20.75,24.75,30.0,53.75,7.67,0.33,36.75,5.0,10.75,NA,0.0,1.0,1.0,35.5,27.25,1.5,62.5,NA,NA,93.5,754.0,1.0
2026-04-21 18:00:00,41.5,159.5,19.0,23.5,28.0,60.5,9.0,0.25,35.5,5.5,14.25,NA,0.0,1.75,1.0,34.0,28.75,2.0,55.75,NA,NA,55.75,753.75,1.0
2026-04-21 19:00:00,51.75,166.75,19.5,23.25,28.5,67.75,12.67,0.0,41.25,5.25,15.0,NA,0.0,2.0,1.0,31.5,31.5,2.0,54.5,NA,NA,61.25,753.0,1.0
2026-04-21 20:00:00,59.75,168.75,21.5,24.25,30.25,72.0,16.0,0.25,37.75,6.0,15.0,NA,0.0,1.75,1.0,30.75,32.0,2.0,87.75,NA,NA,76.5,753.0,1.0
2026-04-21 21:00:00,62.5,168.0,20.25,22.5,28.5,67.75,11.67,0.0,41.5,6.0,14.75,NA,0.0,2.0,1.0,30.25,32.75,2.0,89.25,NA,NA,77.75,753.0,1.0
2026-04-21 22:00:00,68.0,174.25,21.0,22.75,29.25,57.0,14.0,0.5,34.5,3.0,10.0,NA,0.0,1.0,0.0,27.5,27.75,2.0,98.0,NA,NA,89.25,747.25,0.0
2026-04-21 23:00:00,76.0,176.0,20.5,22.5,28.5,45.5,7.0,0.0,35.5,3.0,10.0,NA,0.0,1.0,0.5,29.0,34.5,2.0,95.0,NA,NA,90.0,752.0,1.0
2026-04-22 00:00:00,76.5,161.75,21.5,22.0,29.25,NA,10.75,0.75,32.0,1.0,6.75,NA,0.0,0.0,0.0,28.0,35.25,2.0,69.25,NA,NA,80.75,752.0,1.0
2026-04-22 01:00:00,72.0,149.0,22.0,23.75,30.25,36.0,10.33,0.0,34.5,1.0,6.75,NA,0.0,0.0,0.0,26.75,36.75,1.75,42.0,NA,NA,73.25,752.0,0.25
2026-04-22 02:00:00,80.0,147.75,21.25,21.75,28.75,33.0,8.5,0.0,35.0,1.0,6.75,NA,0.0,0.0,0.0,26.75,38.75,2.0,122.5,NA,NA,72.5,752.0,0.0
2026-04-22 03:00:00,61.25,145.5,22.0,22.75,29.75,39.0,9.0,0.67,36.75,1.0,6.75,NA,0.0,0.0,0.0,26.0,39.5,2.0,19.75,NA,NA,74.5,752.0,0.0
2026-04-22 04:00:00,57.75,144.5,21.25,23.0,29.25,40.5,8.5,0.75,37.25,1.0,6.25,NA,0.0,0.5,0.0,26.0,39.75,1.75,39.5,NA,NA,70.25,752.0,0.0
2026-04-22 05:00:00,66.5,145.75,23.25,23.5,31.25,45.5,8.33,0.0,32.5,1.0,5.75,NA,0.0,0.25,0.0,25.25,40.0,1.0,50.25,NA,NA,73.0,751.75,0.0
2026-04-22 06:00:00,60.5,144.25,20.25,23.5,29.0,54.25,8.25,0.0,33.75,3.0,9.75,NA,0.0,1.0,0.0,25.75,40.5,1.5,50.25,NA,NA,168.75,752.0,0.0
2026-04-22 07:00:00,81.25,162.25,21.0,23.75,29.5,66.25,10.33,0.0,36.0,3.0,10.5,NA,0.0,1.0,0.25,27.75,39.0,1.25,53.25,NA,NA,388.75,752.0,0.5
2026-04-22 08:00:00,77.0,159.25,21.5,23.5,30.0,63.25,11.5,0.25,36.75,3.0,10.25,NA,0.0,1.0,0.25,30.5,36.25,2.0,56.75,NA,NA,616.0,753.0,1.0
2026-04-22 09:00:00,81.75,163.75,20.25,23.5,28.75,64.5,12.0,0.0,38.5,3.0,10.0,NA,0.0,1.0,0.25,32.5,35.25,1.75,58.25,NA,NA,822.75,753.5,1.0
2026-04-22 10:00:00,76.0,161.0,22.75,23.75,30.75,60.5,11.5,0.0,35.0,4.0,9.25,NA,0.0,1.0,0.75,34.0,33.75,2.0,61.25,NA,NA,899.0,754.0,1.0
2026-04-22 11:00:00,72.67,158.67,19.5,23.25,28.75,55.75,11.67,0.0,38.0,4.75,9.0,NA,0.0,1.0,1.0,35.5,30.75,2.0,52.25,NA,NA,948.5,754.25,1.0
2026-04-22 12:00:00,25.0,NA,17.25,23.25,26.75,48.0,15.33,NA,35.0,2.0,7.5,NA,0.0,1.0,1.0,37.0,28.75,1.75,52.0,NA,NA,740.25,755.0,1.0
2026-04-22 13:00:00,0.0,1.0,21.5,24.75,30.25,45.5,15.5,0.0,33.75,2.25,8.0,NA,0.0,1.0,1.0,37.0,27.75,2.0,53.25,NA,NA,533.25,755.0,1.0
2026-04-22 14:00:00,115.0,91.67,24.0,25.5,32.5,42.75,NA,0.0,34.75,2.25,8.0,NA,0.0,1.0,1.0,37.25,27.0,1.75,56.25,NA,NA,199.0,755.0,1.0
2026-04-22 15:00:00,67.0,239.0,NA,NA,NA,47.5,NA,0.0,33.75,2.0,8.0,NA,0.0,1.0,1.0,37.0,24.5,1.5,61.0,NA,NA,158.0,752.0,0.75
2026-04-22 16:00:00,57.0,229.75,22.0,22.5,29.5,44.0,12.0,0.0,30.67,4.0,10.75,NA,0.0,1.0,1.0,37.0,24.75,1.75,63.0,NA,NA,96.33,752.0,0.75
2026-04-22 17:00:00,44.25,217.0,22.0,23.5,30.25,51.5,10.67,0.0,32.5,5.0,10.25,NA,0.0,1.0,1.0,36.0,27.75,1.5,64.25,NA,NA,2.0,754.25,1.0
2026-04-22 18:00:00,44.0,196.75,21.0,22.0,29.0,59.5,9.0,0.0,33.25,5.5,14.25,NA,0.0,1.75,1.0,34.5,29.0,2.0,67.5,NA,NA,NA,754.0,1.0
2026-04-22 19:00:00,37.5,189.75,21.0,22.5,29.25,67.0,12.33,0.0,35.5,5.75,15.25,NA,0.0,2.0,1.0,33.0,30.5,2.0,82.5,NA,NA,NA,753.5,1.0
2026-04-22 20:00:00,35.25,192.25,21.25,23.0,29.5,69.5,15.0,0.0,32.25,5.5,14.5,NA,0.0,2.0,1.0,31.75,32.25,2.0,86.25,NA,NA,NA,753.0,1.0
2026-04-22 21:00:00,54.5,202.25,21.25,24.75,30.25,67.0,17.0,0.0,31.75,6.0,14.5,NA,0.0,2.0,1.0,30.25,34.0,2.0,91.75,NA,NA,NA,753.0,1.0
2026-04-22 22:00:00,69.0,223.25,20.25,23.25,29.75,57.75,19.75,0.0,29.5,3.0,10.0,NA,0.0,1.0,0.0,29.25,35.5,2.0,96.0,NA,NA,NA,752.5,1.0
2026-04-22 23:00:00,76.0,245.0,21.5,23.0,30.0,46.0,12.0,0.0,27.5,3.0,10.0,NA,0.0,1.0,0.5,28.0,37.0,2.0,95.5,NA,NA,NA,752.0,1.0
2026-04-23 00:00:00,76.0,236.25,21.25,22.5,29.25,NA,15.25,0.0,29.75,1.0,6.5,NA,0.0,0.0,0.0,26.5,39.25,2.0,95.25,NA,NA,NA,751.75,0.0
2026-04-23 01:00:00,68.75,241.75,21.75,22.25,29.5,35.5,16.0,0.0,29.5,1.0,6.75,NA,0.0,0.0,0.0,27.25,39.25,2.0,78.0,NA,NA,NA,752.0,0.0
2026-04-23 02:00:00,62.75,235.0,20.75,22.75,29.25,33.75,17.75,0.0,30.25,1.0,6.75,NA,0.0,0.0,0.0,26.75,39.5,2.0,66.0,NA,NA,NA,752.0,0.0
2026-04-23 03:00:00,52.75,214.75,22.5,22.0,29.75,39.0,11.33,0.0,30.5,1.0,6.75,NA,0.0,0.0,0.0,26.0,40.5,2.0,48.0,NA,NA,NA,752.0,0.0
2026-04-23 04:00:00,48.25,200.0,21.25,23.0,29.75,42.75,12.0,0.0,35.25,1.0,5.5,NA,0.0,0.75,0.0,26.0,41.75,2.0,48.75,NA,NA,NA,752.0,0.0
2026-04-23 05:00:00,54.75,207.0,23.0,23.5,31.25,45.25,21.0,0.0,33.0,1.0,5.75,NA,0.0,1.0,0.0,25.75,41.25,1.75,105.75,NA,NA,NA,752.0,0.0
2026-04-23 06:00:00,49.0,209.5,21.0,24.0,30.0,52.5,23.0,0.0,32.5,2.5,9.25,NA,0.0,1.0,0.0,26.75,41.5,2.0,208.75,NA,NA,56.33,752.0,0.0
2026-04-23 07:00:00,78.25,234.25,22.75,24.25,31.0,66.0,32.67,0.0,32.75,3.0,10.0,NA,0.0,1.0,0.0,29.0,39.25,1.75,59.0,NA,NA,280.5,752.5,0.5
2026-04-23 08:00:00,82.75,249.0,21.0,24.0,29.5,62.75,21.75,0.0,34.5,3.0,10.25,NA,0.0,1.0,0.0,31.5,38.0,2.0,66.5,NA,NA,520.5,753.0,1.0
2026-04-23 09:00:00,63.0,253.5,21.75,23.75,30.5,65.0,13.67,0.0,30.75,3.0,10.0,NA,0.0,1.0,0.0,33.75,34.75,1.75,55.5,NA,NA,717.25,754.0,1.0
2026-04-23 10:00:00,62.5,231.5,22.25,23.0,30.5,60.67,9.75,0.0,32.25,4.25,9.25,NA,0.0,1.0,0.75,35.75,32.0,2.0,59.5,NA,NA,821.25,754.25,1.0
2026-04-23 11:00:00,66.25,218.0,22.25,23.75,30.25,60.0,9.67,0.0,31.75,4.75,9.25,NA,0.0,1.0,1.0,37.0,30.0,2.0,52.5,NA,NA,879.25,755.0,1.0
2026-04-23 12:00:00,59.5,210.5,20.75,23.5,29.0,NA,9.25,0.0,28.25,2.75,8.25,NA,0.0,1.0,1.0,38.25,28.25,2.0,57.0,NA,NA,726.0,755.0,1.0
2026-04-23 13:00:00,53.75,199.0,19.75,22.5,28.75,NA,9.0,0.0,30.0,2.0,8.0,NA,0.0,1.0,1.0,38.5,27.25,2.0,53.25,NA,NA,483.0,755.0,1.0
2026-04-23 14:00:00,38.0,188.75,21.75,22.25,29.5,41.5,7.25,0.0,32.25,NA,NA,NA,NA,NA,NA,38.75,26.0,2.0,53.25,NA,NA,97.25,755.0,1.0
2026-04-23 15:00:00,38.75,179.75,20.75,25.0,30.25,47.25,9.33,0.0,33.5,22.5,27.5,NA,20.0,21.0,21.0,38.25,26.75,1.5,57.75,NA,NA,151.25,755.0,1.0
2026-04-23 16:00:00,43.25,169.5,20.0,22.75,28.75,43.5,8.0,0.0,30.75,24.25,30.5,NA,20.0,21.0,21.0,37.5,27.0,2.0,59.25,NA,NA,86.33,755.0,1.0
2026-04-23 17:00:00,78.75,163.25,22.0,23.25,30.25,52.0,8.0,0.0,32.75,18.75,25.0,NA,14.0,15.25,15.0,37.0,27.75,2.0,50.5,NA,NA,NA,754.75,1.0
2026-04-23 18:00:00,90.25,166.75,22.25,22.0,29.5,60.25,8.0,0.0,34.0,9.25,17.25,NA,4.0,6.0,5.0,35.5,28.75,2.0,49.5,NA,NA,NA,754.5,1.0
2026-04-23 19:00:00,129.25,166.25,22.25,23.5,30.0,68.25,10.67,0.0,34.5,5.5,15.0,NA,0.0,2.0,1.0,32.5,31.5,2.0,270.0,NA,NA,NA,753.5,1.0
2026-04-23 20:00:00,141.75,182.0,18.5,22.75,27.25,71.25,12.75,0.0,32.0,5.75,14.75,NA,0.0,2.0,1.0,32.0,31.25,2.0,48.75,NA,NA,NA,753.0,1.0
2026-04-23 21:00:00,156.33,182.0,21.0,23.5,29.5,68.0,10.0,0.0,32.75,5.25,14.75,NA,0.0,2.0,1.0,31.5,31.5,2.0,38.5,NA,NA,NA,753.0,1.0
2026-04-23 22:00:00,111.25,192.75,19.75,25.0,29.25,57.25,10.25,0.0,34.0,3.75,11.25,NA,0.0,1.25,0.25,30.0,32.5,2.0,38.5,NA,NA,NA,753.0,1.0
2026-04-23 23:00:00,87.0,183.0,22.5,23.0,30.5,47.5,9.0,0.0,34.5,3.0,10.0,NA,0.0,1.0,0.5,29.0,34.0,2.0,24.0,NA,NA,NA,753.0,1.0
2026-04-24 00:00:00,64.0,164.75,20.75,23.25,29.25,NA,12.0,0.0,28.75,1.0,7.0,NA,0.0,0.0,0.0,28.0,35.5,2.0,24.0,NA,NA,NA,752.0,0.75
2026-04-24 01:00:00,76.5,156.0,23.5,24.25,32.0,36.5,14.0,0.0,27.5,1.0,6.25,NA,0.0,0.0,0.0,24.5,22.5,1.25,147.25,NA,NA,NA,740.75,-0.5
2026-04-24 02:00:00,65.5,158.25,24.25,24.25,32.25,34.0,15.0,0.0,28.0,1.0,6.5,NA,0.0,0.0,0.0,24.0,27.5,1.75,202.5,NA,NA,NA,743.0,-0.5
2026-04-24 03:00:00,95.25,156.0,22.25,23.5,30.25,39.25,14.0,0.0,32.5,1.0,6.25,NA,0.0,0.0,0.0,25.75,41.0,1.75,297.0,NA,NA,NA,752.0,0.0
2026-04-24 04:00:00,53.25,151.75,21.25,20.75,28.5,42.75,16.25,0.0,31.25,1.0,5.75,NA,0.0,0.75,0.0,24.5,42.5,2.0,333.25,NA,NA,NA,751.0,0.0
2026-04-24 05:00:00,67.0,133.5,19.25,23.0,28.25,46.5,13.0,0.0,31.25,1.0,5.75,NA,0.0,1.0,0.0,23.75,45.5,1.25,333.75,NA,NA,NA,751.0,0.0
2026-04-24 06:00:00,114.75,171.0,20.75,21.5,28.5,52.25,18.0,0.0,31.25,3.0,10.25,NA,0.0,1.0,0.25,26.25,43.75,1.0,234.25,NA,NA,79.75,751.75,0.0
2026-04-24 07:00:00,103.5,182.25,21.0,22.0,29.25,63.0,21.0,0.0,55.0,3.0,10.0,NA,0.0,1.0,0.0,25.75,28.0,1.5,208.0,NA,NA,230.0,745.0,-0.25
2026-04-24 08:00:00,88.75,179.75,23.25,23.5,31.0,63.5,14.0,0.0,40.25,3.0,9.75,NA,0.0,1.0,0.25,30.25,33.25,1.5,258.0,NA,NA,502.0,752.75,1.0
2026-04-24 09:00:00,82.75,173.0,21.75,23.0,30.0,65.25,7.0,0.0,33.0,3.0,10.0,NA,0.0,1.0,0.25,33.0,32.0,0.75,94.5,NA,NA,694.75,753.5,1.0
2026-04-24 10:00:00,76.75,175.5,21.75,24.0,30.25,62.0,4.75,0.0,33.25,4.0,9.5,NA,0.0,1.0,0.5,34.25,26.5,1.0,114.0,NA,NA,766.5,750.25,0.5
2026-04-24 11:00:00,77.0,174.0,22.75,22.75,30.5,54.0,2.67,0.0,43.75,4.75,9.0,NA,0.0,1.0,1.0,36.0,26.25,1.25,47.0,NA,NA,898.75,753.75,1.0
2026-04-24 12:00:00,66.5,172.25,21.75,24.0,30.25,50.25,2.75,0.0,59.75,3.75,8.25,NA,0.0,1.0,1.0,37.5,25.5,1.5,46.0,NA,NA,922.75,754.25,0.75
2026-04-24 13:00:00,54.5,138.0,22.0,24.25,30.5,45.0,11.67,0.0,45.75,2.0,7.75,NA,0.0,1.0,1.0,36.75,22.0,2.0,53.25,NA,NA,472.25,750.0,0.5
2026-04-24 14:00:00,33.5,131.75,22.0,23.25,30.0,40.5,7.75,0.0,34.0,2.25,8.0,NA,0.0,1.0,1.0,38.5,26.0,1.5,101.5,NA,NA,67.0,755.0,1.0
2026-04-24 15:00:00,14.67,116.67,20.0,24.0,21.75,46.0,9.0,0.0,31.67,1.25,5.5,NA,0.0,0.75,0.75,37.67,26.0,2.33,57.0,NA,NA,107.67,755.0,0.75
2026-04-24 16:00:00,41.75,113.25,22.5,23.5,30.5,42.25,8.5,0.0,32.5,4.75,11.25,NA,0.0,1.0,1.0,37.0,23.0,2.25,105.5,NA,NA,22.0,751.5,0.75
2026-04-24 17:00:00,35.75,120.0,21.5,23.5,29.75,54.75,9.67,0.0,29.75,4.75,11.5,NA,0.0,1.0,1.0,37.0,27.0,2.0,22.0,NA,NA,NA,754.5,1.0
2026-04-24 18:00:00,31.25,122.25,22.25,23.5,30.5,62.0,8.25,0.75,31.5,5.75,15.0,NA,0.0,2.0,1.25,34.0,30.75,2.25,24.5,NA,NA,NA,754.0,1.0
2026-04-24 19:00:00,101.5,154.75,20.5,23.25,28.75,67.5,14.0,0.33,34.75,6.0,14.75,NA,0.0,1.75,1.0,31.25,34.75,2.0,24.0,NA,NA,NA,753.0,1.0
2026-04-24 20:00:00,136.25,207.75,20.75,24.5,29.5,70.5,27.5,1.75,38.75,5.5,15.25,NA,0.0,2.0,1.0,30.5,37.25,2.0,24.0,NA,NA,NA,753.0,1.0
2026-04-24 21:00:00,223.0,289.0,21.5,22.75,29.5,65.75,25.0,0.67,34.0,6.0,14.5,NA,0.0,2.0,1.25,29.75,40.0,2.0,24.0,NA,NA,NA,753.0,1.0
2026-04-24 22:00:00,286.25,383.0,22.0,23.5,30.5,58.0,43.0,2.0,32.75,3.0,10.0,NA,0.0,1.0,0.25,29.25,41.25,2.0,24.0,NA,NA,NA,752.75,1.0
2026-04-24 23:00:00,308.0,373.0,19.0,24.0,28.5,46.5,22.0,0.0,34.5,3.0,10.0,NA,0.0,1.0,0.0,29.0,41.0,2.0,24.0,NA,NA,NA,753.0,1.0
2026-04-25 00:00:00,291.0,318.5,20.0,22.5,28.25,NA,39.0,1.0,31.0,1.0,6.25,NA,0.0,0.0,0.0,27.75,43.5,2.0,24.0,NA,NA,NA,752.0,0.5
2026-04-25 01:00:00,232.25,276.0,20.25,23.0,28.75,35.0,25.67,0.67,32.25,1.0,6.0,NA,0.0,0.0,0.0,28.0,45.25,2.0,24.0,NA,NA,NA,752.0,1.0
2026-04-25 02:00:00,190.0,269.0,21.25,23.0,29.5,33.75,37.25,1.75,35.0,1.0,6.0,NA,0.0,0.0,0.0,27.75,48.5,2.0,24.0,NA,NA,NA,752.0,0.5
2026-04-25 03:00:00,212.5,266.75,21.0,23.5,29.25,36.0,35.33,1.67,34.75,1.0,6.25,NA,0.0,0.0,0.0,27.75,48.0,2.0,18.5,NA,NA,NA,752.0,0.25
2026-04-25 04:00:00,212.25,248.75,21.25,24.0,30.0,41.75,33.0,0.5,33.25,1.0,5.75,NA,0.0,0.75,0.0,25.75,46.0,1.75,224.5,NA,NA,NA,751.75,0.0
2026-04-25 05:00:00,228.0,228.0,23.25,23.5,31.25,47.75,9.33,0.0,25.75,1.0,5.75,NA,0.0,1.0,0.0,27.0,42.25,1.25,274.5,NA,NA,2.0,752.0,0.0
2026-04-25 06:00:00,NA,NA,20.0,23.75,29.0,53.0,NA,0.0,33.25,3.0,10.0,NA,0.0,1.0,0.25,27.25,40.75,1.75,260.0,NA,NA,67.75,752.0,0.25
2026-04-25 07:00:00,163.5,178.0,20.75,23.5,29.5,66.25,9.33,0.0,32.0,3.0,10.25,NA,0.0,1.0,0.0,29.75,38.75,1.75,264.5,NA,NA,209.5,752.75,1.0
2026-04-25 08:00:00,NA,NA,22.5,23.25,30.5,63.5,1.0,0.0,28.75,3.0,10.5,NA,0.0,1.0,0.25,29.75,42.5,1.75,236.25,NA,NA,389.0,753.0,1.0
2026-04-25 09:00:00,207.25,228.0,21.5,23.0,29.5,65.0,13.0,0.0,19.0,3.0,10.25,NA,0.0,1.0,0.75,33.25,34.75,1.25,238.25,NA,NA,574.0,753.75,1.0
2026-04-25 10:00:00,220.75,237.75,20.25,22.5,28.5,59.25,6.75,0.0,17.5,5.0,9.0,NA,0.0,1.0,1.0,36.0,31.0,1.25,171.75,NA,NA,736.5,754.5,1.0
2026-04-25 11:00:00,187.25,222.75,20.25,22.75,28.5,56.0,6.67,0.0,20.5,5.0,9.0,NA,0.0,1.0,1.0,37.75,29.5,1.0,125.25,NA,NA,815.5,754.75,1.0
2026-04-25 12:00:00,86.25,190.75,21.0,22.25,29.25,47.75,1.25,0.0,17.25,2.25,8.0,NA,0.0,1.0,1.0,38.5,28.0,1.0,142.75,NA,NA,688.5,755.0,1.0
2026-04-25 13:00:00,54.5,178.0,20.75,24.0,29.5,42.0,10.33,0.0,15.25,2.25,7.75,NA,0.0,1.0,1.0,39.5,27.75,1.5,52.75,NA,NA,361.5,755.0,1.0
2026-04-25 14:00:00,25.25,166.75,20.25,23.25,29.0,42.25,7.5,0.0,16.0,2.0,8.0,NA,0.0,1.0,1.0,38.75,28.5,1.75,60.0,NA,NA,90.0,755.0,1.0
2026-04-25 15:00:00,35.5,153.0,21.75,22.25,29.5,45.5,9.67,0.0,21.25,2.25,7.75,NA,0.0,1.0,1.0,39.0,29.0,2.0,58.75,NA,NA,103.0,755.0,1.0
2026-04-25 16:00:00,56.0,149.0,20.75,23.25,29.25,43.0,9.0,0.0,21.75,4.75,11.5,NA,0.0,1.0,1.0,38.5,29.0,2.0,61.5,NA,NA,19.5,755.0,1.0
2026-04-25 17:00:00,55.25,138.0,19.5,22.75,28.25,54.25,10.0,0.0,20.25,4.75,11.25,NA,0.0,1.0,1.0,38.0,30.0,2.5,61.0,NA,NA,NA,755.0,1.0
2026-04-25 18:00:00,38.5,136.75,22.0,23.75,29.0,58.25,9.75,0.0,22.0,5.25,15.0,NA,0.0,1.75,1.0,35.75,31.75,2.5,65.5,NA,NA,NA,754.5,1.0
2026-04-25 19:00:00,75.25,156.25,20.75,24.25,29.75,68.25,10.67,0.0,17.75,6.0,14.75,NA,0.0,2.0,1.0,34.75,35.25,2.0,55.0,NA,NA,NA,754.0,1.0
2026-04-25 20:00:00,93.0,180.0,21.0,22.25,28.75,71.0,14.5,0.0,15.75,5.75,14.75,NA,0.0,2.0,1.0,33.25,37.25,1.75,85.25,NA,NA,NA,753.75,1.0
2026-04-25 21:00:00,94.0,179.5,21.25,24.5,30.25,63.75,11.67,0.0,18.25,6.0,15.0,NA,0.0,2.0,1.0,32.25,38.25,2.0,80.75,NA,NA,NA,753.0,1.0
2026-04-25 22:00:00,135.75,209.0,18.5,23.25,27.5,58.5,11.75,0.0,17.5,3.0,10.0,NA,0.0,1.0,0.25,32.0,38.0,2.0,85.75,NA,NA,NA,753.0,1.0
2026-04-25 23:00:00,126.0,200.0,19.5,21.5,27.5,46.5,7.0,0.0,18.5,3.0,10.0,NA,0.0,1.0,0.0,31.5,38.0,2.0,91.5,NA,NA,NA,753.0,1.0
2026-04-26 00:00:00,312.0,186.0,21.5,23.75,30.0,NA,7.75,0.0,14.75,1.0,6.5,NA,0.0,0.0,0.0,30.0,38.25,2.0,79.25,NA,NA,NA,751.25,0.75
2026-04-26 01:00:00,NA,NA,21.25,22.25,29.25,35.75,12.0,0.0,15.25,1.0,6.25,NA,0.0,0.0,0.0,30.0,41.25,2.0,80.25,NA,NA,NA,753.0,1.0
2026-04-26 02:00:00,135.25,169.0,22.0,24.25,30.25,33.75,13.5,0.0,14.5,1.0,6.25,NA,0.0,0.0,0.0,29.5,42.0,1.25,181.25,NA,NA,NA,753.0,1.0
2026-04-26 03:00:00,96.25,167.0,22.0,23.0,29.75,39.0,11.0,0.0,15.25,1.0,6.5,NA,0.0,0.0,0.0,28.25,44.25,1.75,127.5,NA,NA,NA,752.25,1.0
2026-04-26 04:00:00,82.5,164.0,23.0,23.75,31.0,41.0,10.25,0.0,17.25,1.0,6.0,NA,0.0,0.25,0.0,27.75,46.0,1.75,154.5,NA,NA,NA,752.0,0.75
2026-04-26 05:00:00,95.5,157.5,23.0,24.0,31.5,45.0,12.33,0.0,21.25,1.0,5.75,NA,0.0,1.0,0.0,26.5,55.25,2.0,209.5,NA,NA,NA,752.0,0.0
2026-04-26 06:00:00,117.0,213.25,22.5,21.75,29.75,52.75,13.75,0.0,23.25,3.0,10.0,NA,0.0,1.0,0.25,23.75,47.25,1.75,241.0,NA,NA,67.75,747.25,-0.25
2026-04-26 07:00:00,276.0,254.0,21.5,24.25,30.5,65.25,10.0,0.0,21.75,3.0,10.0,NA,0.0,1.0,0.5,28.75,55.0,1.0,282.25,NA,NA,237.0,752.0,0.5
2026-04-26 08:00:00,NA,NA,21.25,24.75,30.25,64.25,9.5,0.0,19.0,3.0,10.0,NA,0.0,1.0,0.25,29.75,53.75,1.25,268.75,NA,NA,340.5,752.75,0.75
2026-04-26 09:00:00,NA,NA,20.25,25.25,29.75,64.75,9.33,0.0,21.0,3.0,9.75,NA,0.0,1.0,0.0,32.25,47.0,1.5,246.5,NA,NA,570.25,753.5,1.0
2026-04-26 10:00:00,262.0,244.5,21.5,22.75,29.0,62.75,7.5,0.0,17.75,4.75,9.25,NA,0.0,1.0,0.5,35.25,39.25,1.5,52.75,NA,NA,763.25,754.0,1.0
2026-04-26 11:00:00,131.5,233.75,21.75,23.75,29.75,52.25,9.0,0.0,20.25,4.75,9.0,NA,0.0,1.0,1.0,37.5,34.5,1.75,58.0,NA,NA,918.25,755.0,1.0
2026-04-26 12:00:00,108.5,206.75,22.0,21.75,29.25,46.75,5.25,0.0,19.25,2.0,8.0,NA,0.0,1.0,1.0,38.75,30.75,1.75,76.75,NA,NA,686.75,755.0,1.0
2026-04-26 13:00:00,86.25,201.25,20.5,22.75,28.75,42.75,12.67,0.0,18.5,2.0,8.0,NA,0.0,1.0,1.0,39.0,29.75,1.75,66.25,NA,NA,306.75,755.0,1.0
2026-04-26 14:00:00,52.25,176.75,20.25,23.0,28.75,41.25,11.5,0.0,18.25,2.0,7.5,NA,0.0,1.0,1.0,39.5,29.5,2.0,66.75,NA,NA,85.0,755.0,1.0
2026-04-26 15:00:00,12.75,172.25,19.25,24.0,28.5,45.75,9.0,0.0,19.75,2.25,8.0,NA,0.0,1.0,1.0,39.5,28.75,1.75,63.5,NA,NA,105.0,755.0,1.0
2026-04-26 16:00:00,90.25,174.75,22.25,23.5,30.0,41.75,7.0,0.0,18.5,4.5,11.25,NA,0.0,1.0,1.0,39.0,28.25,2.0,64.5,NA,NA,12.33,755.0,1.0
2026-04-26 17:00:00,50.75,157.0,20.5,23.5,29.0,53.25,9.0,0.0,14.75,4.75,11.5,NA,0.0,1.0,1.0,37.25,27.75,2.25,60.5,NA,NA,NA,752.5,0.75
2026-04-26 18:00:00,83.5,168.25,21.75,23.75,30.25,60.75,10.75,0.0,18.5,5.75,14.5,NA,0.0,2.0,1.0,35.75,34.5,2.0,54.25,NA,NA,NA,754.0,1.0
2026-04-26 19:00:00,51.75,177.75,22.25,22.0,30.0,63.5,13.67,0.0,16.0,5.5,14.25,NA,0.0,2.0,1.0,33.75,35.5,2.0,138.0,NA,NA,NA,754.0,1.0
2026-04-26 20:00:00,86.25,190.0,20.75,24.75,29.75,71.0,15.5,0.0,18.0,5.25,14.5,NA,0.0,2.0,1.0,32.75,37.0,2.0,189.25,NA,NA,NA,753.5,1.0
2026-04-26 21:00:00,144.0,189.0,20.0,22.75,28.5,65.25,10.67,0.0,18.0,5.75,15.0,NA,0.0,2.0,1.0,32.0,38.0,2.0,37.0,NA,NA,NA,753.0,1.0
2026-04-26 22:00:00,140.5,188.25,22.0,24.0,30.75,55.75,13.75,0.0,19.75,3.0,10.0,NA,0.0,1.0,0.25,31.75,39.25,2.0,58.25,NA,NA,NA,753.0,1.0
2026-04-26 23:00:00,117.0,206.0,23.5,22.0,30.5,46.0,11.0,0.0,18.0,3.0,10.0,NA,0.0,1.0,0.0,29.5,48.0,1.0,176.0,NA,NA,NA,752.5,1.0
2026-04-27 00:00:00,189.5,487.25,21.5,23.5,29.75,NA,12.25,0.0,20.5,1.0,6.75,NA,0.0,0.0,0.0,26.5,60.5,1.0,228.75,NA,NA,NA,752.0,0.0
2026-04-27 01:00:00,166.0,253.25,22.0,22.5,29.5,35.75,8.67,0.0,21.5,1.0,6.75,NA,0.0,0.0,0.0,25.75,62.0,1.0,221.25,NA,NA,NA,752.0,0.0
2026-04-27 02:00:00,145.75,262.5,23.0,23.5,30.75,33.75,8.25,0.0,19.5,1.0,6.75,NA,0.0,0.0,0.0,25.25,63.0,1.0,223.75,NA,NA,NA,751.5,0.0
2026-04-27 03:00:00,118.25,175.25,21.25,22.5,29.25,39.25,7.67,0.0,24.5,1.0,6.25,NA,0.0,0.0,0.0,23.75,66.75,1.0,226.5,NA,NA,NA,751.0,0.0
2026-04-27 04:00:00,82.5,195.25,21.75,23.25,29.75,42.25,5.75,0.0,15.75,1.0,5.75,NA,0.0,1.0,0.0,22.5,67.25,1.0,231.75,NA,NA,NA,751.0,0.0
2026-04-27 05:00:00,105.75,137.75,21.5,24.25,30.0,44.5,8.0,0.0,18.25,1.0,5.75,NA,0.0,1.0,0.0,23.0,68.25,1.0,232.0,NA,NA,7.5,751.0,0.0
2026-04-27 06:00:00,50.0,23.0,23.0,23.25,31.0,52.0,7.25,0.0,18.0,3.0,9.75,NA,0.0,1.0,0.25,22.5,66.0,1.0,231.5,NA,NA,76.75,750.75,0.0
2026-04-27 07:00:00,NA,NA,22.0,23.0,30.0,65.5,7.33,0.0,20.25,3.0,10.25,NA,0.0,1.0,0.25,23.5,65.0,1.0,233.5,NA,NA,246.75,751.0,0.0
2026-04-27 08:00:00,64.5,114.0,23.25,23.0,31.0,64.75,6.75,0.0,21.25,3.0,10.5,NA,0.0,1.0,0.25,24.25,63.5,1.0,234.5,NA,NA,357.0,751.25,0.0
2026-04-27 09:00:00,47.5,118.75,20.0,23.0,28.5,65.25,5.67,0.0,16.25,3.0,10.75,NA,0.0,1.0,0.5,26.25,58.5,1.25,229.5,NA,NA,654.75,751.75,0.0
2026-04-27 10:00:00,63.5,119.5,20.5,22.75,28.75,61.0,6.25,0.0,17.5,4.25,9.5,NA,0.0,1.0,0.75,28.25,55.75,1.25,223.25,NA,NA,752.5,752.25,0.75
2026-04-27 11:00:00,68.25,132.0,20.0,23.5,29.25,51.75,8.33,0.0,18.0,4.75,9.0,NA,0.0,1.0,1.0,30.25,50.5,1.25,240.75,NA,NA,840.0,753.0,1.0
2026-04-27 12:00:00,82.25,141.5,22.25,23.5,30.5,46.75,10.5,0.0,17.25,2.25,8.0,NA,0.0,1.0,1.0,32.5,46.75,1.25,219.25,NA,NA,693.75,753.25,1.0
2026-04-27 13:00:00,46.75,161.5,21.0,25.0,30.25,44.75,10.67,0.0,20.75,2.75,7.75,NA,0.0,1.0,1.0,34.5,42.5,0.75,172.0,NA,NA,303.25,754.0,1.0
2026-04-27 14:00:00,40.0,154.25,20.5,23.25,29.0,40.5,8.5,0.0,18.5,2.75,8.0,NA,0.0,1.0,1.0,35.5,40.0,1.0,147.25,NA,NA,75.5,754.0,1.0
2026-04-27 15:00:00,45.25,163.25,22.25,23.25,30.25,46.0,8.0,0.0,23.0,2.0,7.75,NA,0.0,1.0,1.0,36.25,37.0,1.75,69.0,NA,NA,87.0,754.5,1.0
2026-04-27 16:00:00,53.0,164.0,20.5,22.0,28.75,42.5,8.0,0.0,20.5,4.5,11.25,NA,0.0,1.0,1.0,36.0,37.75,2.25,57.75,NA,NA,17.33,754.25,1.0
2026-04-27 17:00:00,156.0,164.0,21.5,23.25,29.75,54.25,10.67,0.0,19.0,4.75,11.0,NA,0.0,1.0,1.0,35.75,38.25,2.25,68.0,NA,NA,51.0,754.0,1.0
2026-04-27 18:00:00,87.75,168.75,22.75,24.25,31.25,61.75,10.0,0.0,18.75,6.0,14.0,NA,0.0,2.0,1.25,34.5,39.25,2.0,68.75,NA,NA,NA,754.0,1.0
2026-04-27 19:00:00,104.0,179.5,20.5,23.75,30.0,64.75,10.67,0.0,21.75,5.5,14.75,NA,0.0,2.0,1.25,32.75,42.75,2.0,131.75,NA,NA,NA,753.75,1.0
2026-04-27 20:00:00,145.25,236.75,21.25,23.25,29.5,71.5,14.5,0.0,21.75,6.0,14.75,NA,0.0,2.0,1.25,31.25,51.0,2.0,214.75,NA,NA,NA,753.0,1.0
2026-04-27 21:00:00,164.5,259.0,20.75,23.5,29.0,64.5,9.33,0.0,16.0,6.0,15.0,NA,0.0,2.0,1.0,31.0,49.25,2.0,228.75,NA,NA,NA,753.0,1.0
2026-04-27 22:00:00,175.5,248.25,21.0,24.25,30.25,61.75,9.5,0.0,15.25,3.75,11.0,NA,0.0,1.25,0.5,31.0,47.5,2.0,229.0,NA,NA,NA,753.0,1.0
2026-04-27 23:00:00,137.0,208.0,17.0,24.0,27.0,47.5,9.0,0.0,21.5,3.0,10.0,NA,0.0,1.0,0.0,29.5,50.0,2.0,222.0,NA,NA,NA,752.5,1.0
2026-04-28 00:00:00,129.5,264.75,21.75,24.5,30.75,NA,9.75,0.0,20.75,1.0,6.5,NA,0.0,0.0,0.0,27.0,60.5,1.5,228.0,NA,NA,NA,752.0,0.0
2026-04-28 01:00:00,156.5,262.0,18.25,24.75,28.25,36.0,8.67,0.0,19.0,1.0,6.25,NA,0.0,0.0,0.0,26.25,63.0,1.25,229.75,NA,NA,NA,752.0,0.0
2026-04-28 02:00:00,125.5,244.0,21.25,23.0,29.5,34.0,6.0,0.0,22.75,1.0,6.25,NA,0.0,0.0,0.0,26.0,64.5,1.0,232.0,NA,NA,NA,752.0,0.0
2026-04-28 03:00:00,118.0,226.5,21.5,24.5,30.25,37.0,6.67,0.0,21.25,1.0,6.75,NA,0.0,0.0,0.0,25.0,66.75,1.0,234.75,NA,NA,NA,751.25,0.0
2026-04-28 04:00:00,122.75,197.75,22.5,23.5,30.5,40.75,6.75,0.0,21.75,1.0,6.25,NA,0.0,0.5,0.0,24.25,67.5,1.0,227.0,NA,NA,1.0,751.0,0.0
2026-04-28 05:00:00,127.25,177.0,21.5,24.0,30.25,46.0,8.33,0.0,17.75,1.0,5.75,NA,0.0,1.0,0.0,23.5,70.5,1.0,227.0,NA,NA,15.0,751.0,0.0
2026-04-28 06:00:00,95.75,156.75,20.0,23.75,29.25,52.0,8.5,0.0,23.5,3.0,10.25,NA,0.0,1.0,0.0,23.25,73.0,1.0,228.5,NA,NA,69.25,751.0,0.0
2026-04-28 07:00:00,90.5,149.5,22.0,23.25,30.0,66.0,6.67,0.0,28.25,3.0,9.75,NA,0.0,1.0,0.5,24.0,71.5,1.0,225.5,NA,NA,221.75,751.0,0.0
2026-04-28 08:00:00,109.0,145.25,22.75,22.75,30.75,63.75,6.0,0.0,29.5,3.0,10.25,NA,0.0,1.0,0.0,25.0,68.5,1.0,219.25,NA,NA,382.25,751.25,0.0
2026-04-28 09:00:00,61.25,133.25,22.0,22.75,29.75,65.25,7.33,0.0,32.5,3.0,9.75,NA,0.0,1.0,0.0,26.75,64.0,1.0,221.75,NA,NA,634.25,752.0,0.0
2026-04-28 10:00:00,67.75,135.0,23.25,22.75,31.0,62.75,7.0,0.0,33.0,3.75,9.25,NA,0.0,1.0,0.5,27.5,62.25,1.0,225.0,NA,NA,702.5,752.0,0.25
2026-04-28 11:00:00,82.75,138.0,22.25,22.0,29.75,55.75,7.33,0.0,28.5,4.5,8.75,NA,0.0,1.0,1.0,28.75,58.25,1.0,228.5,NA,NA,789.25,752.5,0.75
2026-04-28 12:00:00,73.0,136.5,21.0,22.5,29.0,47.0,7.75,0.0,26.0,2.25,7.75,NA,0.0,1.0,1.0,31.5,51.25,1.0,229.0,NA,NA,738.25,753.0,1.0
2026-04-28 13:00:00,74.0,139.75,22.25,23.5,30.5,43.75,9.0,0.0,28.0,2.25,8.0,NA,0.0,1.0,1.0,33.25,47.0,1.0,169.5,NA,NA,287.5,753.75,1.0
2026-04-28 14:00:00,77.25,141.0,21.75,23.25,30.0,40.75,8.75,0.0,28.5,2.0,8.0,NA,0.0,1.0,1.0,34.5,43.5,0.75,123.25,NA,NA,79.25,754.0,1.0
2026-04-28 15:00:00,89.75,139.75,22.0,23.0,30.0,46.0,7.33,0.0,27.75,2.0,8.0,NA,0.0,1.0,1.0,35.75,42.0,1.5,74.75,NA,NA,79.25,754.0,1.0
2026-04-28 16:00:00,79.25,143.5,23.5,23.25,31.25,42.5,9.5,0.0,31.25,4.0,10.5,NA,0.0,1.0,1.0,36.0,35.75,1.75,51.5,NA,NA,45.25,750.5,0.75
2026-04-28 17:00:00,62.0,146.5,23.0,21.75,30.0,52.0,6.0,0.0,67.0,4.75,11.5,NA,0.0,1.0,1.0,34.5,29.25,2.0,51.5,NA,NA,23.0,746.75,0.5
2026-04-28 18:00:00,73.5,153.0,21.5,22.25,29.25,60.5,2.75,0.0,92.5,5.25,14.5,NA,0.0,1.5,1.25,33.5,42.0,2.0,79.5,NA,NA,NA,753.75,1.0
2026-04-28 19:00:00,106.25,183.25,22.0,22.5,30.0,67.75,10.67,0.0,66.75,5.75,14.75,NA,0.0,2.0,1.0,31.5,45.5,2.0,82.25,NA,NA,NA,753.0,1.0
2026-04-28 20:00:00,150.0,254.5,21.25,23.0,29.75,72.25,12.75,0.0,72.0,6.0,15.0,NA,0.0,2.0,1.0,31.75,48.5,1.5,176.75,NA,NA,NA,753.0,1.0
2026-04-28 21:00:00,159.75,305.75,21.25,23.25,29.5,62.75,10.33,0.0,71.5,6.0,15.0,NA,0.0,2.0,1.25,30.25,56.5,1.75,204.0,NA,NA,NA,753.0,1.0
2026-04-28 22:00:00,151.0,272.5,21.5,22.5,29.25,56.5,10.25,0.0,71.0,3.75,10.0,NA,0.0,1.0,0.5,29.5,58.5,2.0,202.0,NA,NA,NA,753.0,1.0
2026-04-28 23:00:00,152.67,244.0,22.33,23.0,30.67,50.0,8.5,0.0,68.0,3.0,10.0,NA,0.0,1.0,0.0,29.0,59.0,2.0,204.0,NA,NA,NA,752.67,1.0
2026-04-29 00:00:00,156.0,215.0,21.0,22.25,28.5,NA,5.0,0.0,68.75,1.0,6.5,NA,0.0,0.0,0.0,28.75,57.75,2.0,211.5,NA,NA,NA,752.0,1.0
2026-04-29 01:00:00,133.75,204.5,21.25,22.25,29.0,35.5,9.67,0.0,71.75,1.0,6.5,NA,0.0,0.0,0.0,28.75,56.75,2.0,227.25,NA,NA,NA,752.0,1.0
2026-04-29 02:00:00,71.25,181.75,22.25,23.5,30.75,34.0,9.25,0.0,72.0,1.0,6.75,NA,0.0,0.0,0.0,28.0,57.25,2.0,230.0,NA,NA,NA,752.0,1.0
2026-04-29 03:00:00,137.25,168.5,22.5,23.0,30.75,38.5,6.67,0.0,72.25,1.0,6.75,NA,0.0,0.0,0.0,28.0,58.0,1.75,221.25,NA,NA,NA,752.0,0.75
2026-04-29 04:00:00,120.25,172.5,21.0,23.0,28.25,42.75,6.0,0.0,69.5,1.0,6.25,NA,0.0,0.5,0.0,27.5,58.75,1.25,254.75,NA,NA,NA,752.0,0.0
2026-04-29 05:00:00,154.0,180.25,20.25,21.25,28.25,46.25,8.33,0.0,67.5,1.0,5.5,NA,0.0,1.0,0.0,27.0,61.5,1.75,251.75,NA,NA,12.0,752.0,0.0
2026-04-29 06:00:00,130.0,179.25,20.5,22.25,28.75,51.5,8.25,0.0,69.0,2.0,7.75,NA,0.0,1.0,0.25,27.0,61.75,1.75,232.75,NA,NA,51.33,752.0,0.0
2026-04-29 07:00:00,152.25,194.0,22.0,23.5,30.0,66.25,9.0,0.0,68.5,3.0,9.75,NA,0.0,1.0,0.25,27.0,61.5,1.25,233.75,NA,NA,209.75,752.0,0.0
2026-04-29 08:00:00,173.25,216.75,21.25,24.25,29.75,63.5,10.5,0.25,69.75,3.0,9.75,NA,0.0,1.0,0.0,28.25,60.5,1.75,229.5,NA,NA,390.5,752.0,0.75
2026-04-29 09:00:00,203.25,229.0,21.25,24.0,30.75,64.25,9.67,0.0,70.25,3.0,9.75,NA,0.0,1.0,0.25,29.0,58.5,2.0,226.0,NA,NA,469.75,752.25,1.0
2026-04-29 10:00:00,247.0,245.0,22.5,24.0,31.0,59.75,7.5,0.0,68.75,4.5,8.75,NA,0.0,1.0,1.0,31.75,54.25,1.25,176.75,NA,NA,649.5,753.0,1.0
2026-04-29 11:00:00,92.0,182.0,21.5,23.25,28.5,52.0,6.33,0.0,67.5,4.25,8.75,NA,0.0,1.0,1.0,32.75,52.75,1.5,230.5,NA,NA,568.0,753.5,1.0
2026-04-29 12:00:00,68.0,172.75,19.75,23.0,28.5,46.25,4.5,0.0,132.25,2.5,8.0,NA,0.0,1.0,1.0,33.75,50.5,1.0,185.75,NA,NA,508.25,754.0,1.0
2026-04-29 13:00:00,56.0,172.25,20.75,22.5,29.25,42.75,7.67,0.0,211.5,2.25,8.0,NA,0.0,1.0,1.0,32.0,54.0,1.0,156.0,NA,NA,26.5,753.25,1.0
2026-04-29 14:00:00,56.0,178.75,22.75,22.5,30.5,42.25,7.75,0.0,205.75,3.0,8.0,NA,0.0,1.0,1.0,28.75,56.0,1.25,204.0,NA,NA,49.25,752.25,1.0
2026-04-29 15:00:00,54.75,172.5,22.5,23.5,30.5,44.75,7.0,0.0,177.5,2.5,8.0,NA,0.0,1.0,1.0,28.5,50.5,0.75,182.75,NA,NA,114.0,752.25,1.0
2026-04-29 16:00:00,37.0,144.25,23.0,22.75,30.25,42.0,5.5,0.0,72.0,4.5,11.0,NA,0.0,1.0,1.0,30.5,46.75,1.0,170.5,NA,NA,140.75,753.0,1.0
2026-04-29 17:00:00,35.0,131.0,22.25,23.0,30.5,65.25,6.33,0.0,54.5,4.75,11.0,NA,0.0,1.0,1.0,31.5,48.75,1.5,180.5,NA,NA,77.75,753.0,1.0
2026-04-29 18:00:00,42.0,148.5,22.5,22.0,29.75,69.25,6.5,0.0,55.25,5.5,14.0,NA,0.0,1.75,1.0,30.75,53.0,1.25,131.5,NA,NA,56.0,753.0,1.0
2026-04-29 19:00:00,57.0,177.5,20.75,22.75,28.75,78.5,9.0,0.0,52.25,6.0,15.25,NA,0.0,2.0,1.0,30.0,57.0,1.75,116.25,NA,NA,53.0,753.0,1.0
2026-04-29 20:00:00,66.0,177.25,20.5,23.5,29.25,80.25,10.5,0.0,53.5,6.25,15.0,NA,0.0,2.0,1.0,30.0,55.25,2.0,194.75,NA,NA,53.25,753.0,1.0
2026-04-29 21:00:00,63.0,160.0,21.75,23.0,30.0,75.75,9.67,0.0,53.75,6.0,15.0,NA,0.0,2.0,1.0,29.5,54.5,2.0,197.0,NA,NA,43.0,752.75,1.0
2026-04-29 22:00:00,53.0,143.0,22.0,23.25,30.0,66.5,8.5,0.0,56.25,3.0,10.0,NA,0.0,1.0,0.25,28.0,57.25,1.75,213.0,NA,NA,42.75,752.0,1.0
2026-04-29 23:00:00,49.0,130.0,19.0,25.5,28.5,55.5,8.0,0.0,56.67,3.0,10.0,NA,0.0,1.0,0.0,26.5,58.33,1.5,238.0,NA,NA,41.5,752.0,0.0
2026-04-30 00:00:00,61.75,136.75,19.5,22.0,27.75,NA,8.75,0.0,55.5,1.0,6.5,NA,0.0,0.0,0.0,23.75,59.75,1.0,242.25,NA,NA,47.0,751.0,0.0
2026-04-30 01:00:00,47.75,119.75,20.0,24.75,29.5,45.0,6.67,0.0,51.75,1.0,6.5,NA,0.0,0.0,0.0,23.0,63.25,1.0,254.5,NA,NA,53.25,751.0,0.0
2026-04-30 02:00:00,42.75,97.25,22.25,21.5,29.25,42.25,6.5,0.0,51.5,1.0,6.5,NA,0.0,0.0,0.0,22.0,66.75,1.0,267.5,NA,NA,54.5,751.0,0.0
2026-04-30 03:00:00,32.25,86.0,21.75,24.25,30.5,48.25,7.33,0.0,53.0,1.0,6.25,NA,0.0,0.0,0.0,22.0,67.5,0.75,253.5,NA,NA,63.67,751.0,0.0
2026-04-30 04:00:00,37.75,82.0,21.0,23.5,30.0,50.0,7.25,0.0,53.25,1.0,6.25,NA,0.0,0.5,0.0,21.75,67.75,1.0,232.25,NA,NA,56.0,750.75,0.0
2026-04-30 05:00:00,36.0,70.5,21.75,22.0,29.25,55.75,7.0,0.0,53.75,1.0,5.75,NA,0.0,0.75,0.0,21.0,72.25,0.75,196.75,NA,NA,73.25,750.0,0.0
2026-04-30 06:00:00,36.0,70.25,23.5,22.5,30.5,61.75,6.0,0.0,51.5,3.0,10.0,NA,0.0,1.0,0.25,21.0,73.25,1.0,207.25,NA,NA,115.5,750.0,0.0
2026-04-30 07:00:00,29.75,54.25,23.0,23.0,30.5,75.0,9.0,0.0,50.5,3.0,10.5,NA,0.0,1.0,0.25,20.75,74.25,1.0,216.0,NA,NA,104.75,750.0,0.0
2026-04-30 08:00:00,20.25,55.25,23.0,22.25,30.25,72.5,9.0,0.0,52.0,3.0,10.25,NA,0.0,1.0,0.25,21.25,70.5,1.0,215.5,NA,NA,281.5,750.25,0.0
2026-04-30 09:00:00,28.0,58.0,20.25,23.75,28.75,74.25,7.0,0.0,55.0,3.0,10.0,NA,0.0,1.0,0.25,22.75,66.25,1.0,223.5,NA,NA,292.5,751.0,0.0
2026-04-30 10:00:00,26.0,69.25,22.25,22.25,29.5,69.0,5.75,0.0,54.5,4.5,8.75,NA,0.0,1.0,1.0,23.25,63.75,1.0,239.5,NA,NA,363.75,750.75,0.0
2026-04-30 11:00:00,31.0,71.75,23.25,23.0,31.0,61.25,6.67,0.0,48.75,5.0,9.25,NA,0.0,1.0,1.0,24.0,58.75,1.0,233.25,NA,NA,302.25,750.0,0.0
2026-04-30 12:00:00,22.25,78.0,20.5,24.0,29.5,56.5,5.5,0.0,49.5,2.5,8.0,NA,0.0,1.0,1.0,25.0,58.75,1.0,227.5,NA,NA,458.75,751.0,0.0
2026-04-30 13:00:00,42.5,84.5,19.75,23.0,28.25,54.5,8.33,0.0,51.75,2.25,8.25,NA,0.0,1.0,1.0,26.5,57.5,1.0,238.5,NA,NA,385.75,752.0,0.0
2026-04-30 14:00:00,28.0,80.25,22.0,24.25,30.5,47.25,7.25,0.0,56.0,2.5,7.75,NA,0.0,1.0,1.0,26.75,55.5,1.25,230.0,NA,NA,169.0,752.0,0.0
2026-04-30 15:00:00,34.0,74.25,22.5,22.5,30.0,54.75,8.33,0.0,55.75,2.0,8.0,NA,0.0,1.0,1.0,27.5,54.25,1.0,241.25,NA,NA,137.5,752.0,0.25
2026-04-30 16:00:00,31.75,69.75,21.25,22.75,29.5,51.5,9.0,0.0,53.0,4.5,10.5,NA,0.0,1.0,1.0,27.75,54.0,1.0,268.75,NA,NA,110.75,752.0,0.5
2026-04-30 17:00:00,26.0,69.25,20.25,23.0,28.75,64.75,8.33,0.0,53.5,4.5,10.75,NA,0.0,1.0,1.0,27.25,55.25,1.0,264.25,NA,NA,70.75,752.0,0.5
2026-04-30 18:00:00,28.0,70.0,21.0,24.25,30.0,68.25,7.5,0.0,52.75,5.25,13.5,NA,0.0,1.5,1.0,26.5,57.25,1.0,274.25,NA,NA,52.5,752.0,0.0
2026-04-30 19:00:00,27.25,64.75,21.25,22.5,29.25,77.0,8.67,0.0,54.0,5.75,15.0,NA,0.0,2.0,1.25,26.0,59.0,1.0,281.25,NA,NA,54.0,752.0,0.0
2026-04-30 20:00:00,49.0,69.25,22.0,22.5,30.0,80.0,10.0,0.0,52.0,5.75,15.5,NA,0.0,2.0,1.0,25.5,59.75,1.0,282.75,NA,NA,63.25,751.5,0.0
2026-04-30 21:00:00,45.75,73.75,22.25,23.25,30.5,74.25,9.33,0.0,55.0,5.75,15.0,NA,0.0,2.0,1.25,23.75,63.5,0.75,128.75,NA,NA,67.25,751.0,0.0
2026-04-30 22:00:00,35.0,89.25,22.5,23.0,30.5,65.25,10.25,0.0,56.0,3.0,10.0,NA,0.0,1.0,0.0,19.5,76.5,0.25,129.5,NA,NA,78.25,750.75,0.0
2026-04-30 23:00:00,32.33,88.33,22.0,24.33,30.67,63.67,10.5,0.0,54.0,3.0,10.0,NA,0.0,1.0,0.0,19.33,94.33,0.33,163.0,NA,NA,84.67,750.0,0.0
2026-05-01 00:00:00,24.0,60.75,23.0,23.25,30.75,NA,5.0,0.0,54.75,1.0,6.5,NA,0.0,0.0,0.0,19.0,95.0,1.0,214.5,NA,NA,41.0,750.0,0.0
2026-05-01 01:00:00,25.0,46.5,21.75,23.5,30.25,45.5,7.33,0.0,51.75,1.0,7.0,NA,0.0,0.0,0.0,19.0,95.0,1.0,218.5,NA,NA,44.75,750.0,0.0
2026-05-01 02:00:00,25.0,42.75,21.25,23.25,29.5,43.75,7.0,0.0,51.25,1.0,6.75,NA,0.0,0.0,0.0,19.0,95.0,1.0,215.25,NA,NA,59.0,750.0,0.0
2026-05-01 03:00:00,20.0,34.75,22.5,24.0,30.5,47.5,6.67,0.0,53.25,1.0,6.25,NA,0.0,0.0,0.0,19.0,95.0,1.0,218.25,NA,NA,77.75,750.0,0.0
2026-05-01 04:00:00,21.0,31.25,21.75,24.0,31.25,52.5,6.75,0.0,54.25,1.0,5.75,NA,0.0,1.0,0.0,19.0,95.0,1.0,229.25,NA,NA,74.5,750.0,0.0
2026-05-01 05:00:00,17.0,25.0,21.75,23.25,29.75,52.75,6.67,0.0,52.25,1.0,5.75,NA,0.0,0.75,0.0,19.0,95.0,1.0,225.5,NA,NA,81.25,750.0,0.0
2026-05-01 06:00:00,14.0,19.0,22.25,23.5,30.25,61.5,6.75,0.0,55.25,3.0,10.0,NA,0.0,1.0,0.25,19.25,95.0,1.0,215.0,NA,NA,189.25,750.0,0.0
2026-05-01 07:00:00,12.25,18.5,23.0,23.75,31.0,75.75,6.67,0.0,55.75,3.0,10.25,NA,0.0,1.0,0.0,20.75,85.0,1.0,223.25,NA,NA,362.5,750.0,0.0
2026-05-01 08:00:00,17.0,17.0,24.0,24.0,32.0,72.25,5.75,0.0,56.75,3.0,10.0,NA,0.0,1.0,0.0,22.5,73.75,1.0,213.25,NA,NA,543.75,751.0,0.0
2026-05-01 09:00:00,18.0,19.75,21.25,22.75,29.5,74.5,6.0,0.0,53.0,3.0,10.0,NA,0.0,1.0,0.0,23.5,71.5,1.0,215.75,NA,NA,745.75,751.0,0.0
2026-05-01 10:00:00,20.0,24.25,22.5,24.0,31.0,69.0,6.0,0.0,52.25,4.5,9.0,NA,0.0,1.0,1.0,24.75,67.75,1.0,209.25,NA,NA,890.5,751.0,0.0
2026-05-01 11:00:00,21.0,26.0,21.25,24.75,30.5,62.5,8.0,0.0,55.75,4.75,9.0,NA,0.0,1.0,1.0,25.75,64.25,1.0,224.0,NA,NA,966.5,751.5,0.0
2026-05-01 12:00:00,18.0,31.0,20.5,24.0,29.5,57.5,7.25,0.0,53.0,2.0,8.25,NA,0.0,1.0,1.0,27.0,60.25,1.0,226.25,NA,NA,843.25,752.0,0.25
2026-05-01 13:00:00,24.0,30.0,21.5,23.75,29.75,53.5,9.0,0.0,52.75,2.5,8.0,NA,0.0,1.0,1.0,27.75,58.25,1.25,228.75,NA,NA,395.5,752.0,0.0
2026-05-01 14:00:00,24.5,34.25,20.25,24.5,29.0,50.5,8.75,0.0,52.75,2.25,8.0,NA,0.0,1.0,1.0,28.0,56.75,1.25,229.0,NA,NA,206.25,752.0,0.75
2026-05-01 15:00:00,30.0,35.25,21.0,22.75,28.75,52.5,7.0,0.0,55.25,2.5,7.75,NA,0.0,1.0,1.0,28.0,55.0,1.0,236.0,NA,NA,181.25,752.0,1.0
2026-05-01 16:00:00,25.5,32.75,20.0,23.25,28.75,52.75,7.0,0.0,52.0,4.25,10.5,NA,0.0,1.0,1.0,28.75,52.5,1.25,246.5,NA,NA,136.0,752.0,1.0
2026-05-01 17:00:00,19.5,34.75,21.5,23.75,30.0,61.5,5.33,0.0,56.0,4.75,11.0,NA,0.0,1.0,1.0,28.75,52.25,0.75,209.75,NA,NA,92.25,752.0,1.0
2026-05-01 18:00:00,18.25,38.5,20.75,24.75,29.5,69.25,5.0,0.0,53.25,5.75,14.5,NA,0.0,2.0,1.0,28.0,53.5,1.5,220.5,NA,NA,69.0,752.0,0.5
2026-05-01 19:00:00,22.5,40.75,20.5,24.0,29.25,76.25,7.0,0.0,54.25,6.0,14.75,NA,0.0,2.0,1.0,27.0,57.0,2.0,222.25,NA,NA,41.75,752.0,0.0
2026-05-01 20:00:00,27.5,44.0,21.0,22.25,28.75,78.0,9.0,0.0,54.0,5.75,14.75,NA,0.0,2.0,1.5,26.5,58.5,2.0,231.25,NA,NA,41.75,752.0,0.0
2026-05-01 21:00:00,29.0,49.5,21.5,24.0,30.25,77.25,9.0,0.0,55.0,5.75,15.75,NA,0.0,2.0,1.0,25.75,60.75,1.5,226.25,NA,NA,42.25,752.0,0.0
2026-05-01 22:00:00,30.25,51.5,20.5,23.75,30.25,69.25,7.25,0.0,53.5,4.5,12.25,NA,0.0,1.5,0.5,25.25,63.25,1.0,212.75,NA,NA,45.5,751.75,0.0
2026-05-01 23:00:00,28.33,59.0,24.0,23.33,31.33,57.0,8.5,0.0,53.0,3.0,10.0,NA,0.0,1.0,0.33,24.0,65.5,1.0,221.0,NA,NA,51.0,751.0,0.0
2026-05-02 00:00:00,26.0,60.5,20.25,23.0,29.25,NA,7.5,0.0,55.75,1.0,6.5,NA,0.0,0.0,0.0,23.5,67.0,1.0,223.75,NA,NA,50.75,751.0,0.0
2026-05-02 01:00:00,26.0,52.25,19.25,23.25,28.25,44.5,5.67,0.0,55.0,1.0,6.0,NA,0.0,0.0,0.0,23.0,70.0,1.0,225.25,NA,NA,53.75,751.0,0.0
2026-05-02 02:00:00,24.0,52.75,19.75,23.5,28.75,41.25,5.75,0.0,54.5,1.0,6.75,NA,0.0,0.0,0.0,22.0,73.5,1.0,228.0,NA,NA,55.5,751.0,0.0
2026-05-02 03:00:00,22.75,50.75,20.5,21.75,28.5,48.25,4.67,0.0,50.75,1.0,6.25,NA,0.0,0.0,0.0,21.75,72.5,1.0,229.0,NA,NA,58.75,750.5,0.0
2026-05-02 04:00:00,25.75,44.0,20.25,22.25,28.5,51.75,4.5,0.0,52.25,1.0,6.0,NA,0.0,0.75,0.0,21.0,73.75,1.0,231.25,NA,NA,64.25,750.0,0.0
2026-05-02 05:00:00,21.25,42.5,20.75,23.0,29.0,55.5,6.33,0.0,52.25,1.0,6.0,NA,0.0,1.0,0.0,20.75,75.75,1.0,227.75,NA,NA,69.25,750.0,0.0
2026-05-02 06:00:00,24.0,39.0,20.25,23.5,28.75,61.75,6.0,0.0,57.0,2.5,9.25,NA,0.0,1.0,0.25,21.0,75.25,1.0,232.0,NA,NA,125.5,750.0,0.0
2026-05-02 07:00:00,31.0,39.5,20.25,23.5,29.25,76.0,6.0,0.0,53.75,3.0,10.0,NA,0.0,1.0,0.25,21.25,73.0,1.0,228.0,NA,NA,291.0,750.25,0.0
2026-05-02 08:00:00,25.0,41.75,20.25,22.5,28.5,72.0,4.5,0.0,54.5,3.0,10.0,NA,0.0,1.0,0.0,22.75,67.75,1.0,223.0,NA,NA,517.0,751.0,0.0
2026-05-02 09:00:00,25.75,40.25,22.0,23.5,30.25,73.75,6.0,0.0,54.5,3.0,10.25,NA,0.0,1.0,0.0,24.25,64.0,1.0,230.25,NA,NA,691.25,751.0,0.0
2026-05-02 10:00:00,22.0,43.0,21.5,25.0,30.0,68.75,5.75,0.0,53.5,4.75,9.0,NA,0.0,1.0,1.0,25.75,60.0,1.0,218.5,NA,NA,843.0,751.75,0.0
2026-05-02 11:00:00,28.0,50.0,19.5,22.75,28.0,60.25,9.67,0.0,56.25,5.0,8.75,NA,0.0,1.0,1.0,27.0,57.25,1.0,218.0,NA,NA,886.75,752.0,0.0
2026-05-02 12:00:00,28.5,51.0,21.75,23.0,29.75,58.0,8.75,0.0,55.75,3.5,8.25,NA,0.0,1.0,1.0,27.25,55.75,1.25,211.25,NA,NA,880.0,752.0,0.25
2026-05-02 13:00:00,27.0,54.0,20.0,25.5,29.75,53.0,6.67,0.0,51.75,2.25,8.25,NA,0.0,1.0,1.0,28.5,52.0,1.75,208.75,NA,NA,386.25,752.0,1.0
2026-05-02 14:00:00,25.25,51.0,19.5,24.5,29.0,50.75,6.5,0.0,50.75,2.0,8.25,NA,0.0,1.0,1.0,28.75,52.0,2.0,212.5,NA,NA,213.75,752.25,1.0
2026-05-02 15:00:00,26.0,51.25,21.75,22.25,29.5,53.25,7.0,0.0,54.75,2.0,8.0,NA,0.0,1.0,1.0,29.0,51.5,2.0,218.25,NA,NA,160.25,752.75,1.0
2026-05-02 16:00:00,28.75,59.5,19.75,23.0,28.5,52.5,8.25,0.0,57.75,3.25,9.5,NA,0.0,1.0,1.0,29.25,50.5,1.5,220.5,NA,NA,137.5,753.0,1.0
2026-05-02 17:00:00,23.0,63.75,22.75,22.75,30.0,64.75,7.0,0.0,54.75,4.25,11.5,NA,0.0,1.0,1.0,29.0,50.5,1.5,232.5,NA,NA,85.25,753.0,1.0
2026-05-02 18:00:00,24.0,54.5,20.25,24.75,29.75,71.25,6.5,0.0,55.0,5.5,13.75,NA,0.0,1.75,1.0,28.75,51.5,1.5,272.75,NA,NA,42.25,752.25,1.0
2026-05-02 19:00:00,29.0,60.75,19.75,23.25,28.25,77.25,6.33,0.0,54.25,5.75,15.0,NA,0.0,2.0,1.25,27.5,53.75,2.0,228.0,NA,NA,36.75,752.0,0.5
2026-05-02 20:00:00,31.5,68.75,19.5,21.75,27.75,78.5,6.75,0.0,53.75,5.75,15.5,NA,0.0,2.0,1.0,27.25,54.75,2.0,222.5,NA,NA,37.25,752.0,0.25
2026-05-02 21:00:00,35.0,82.75,20.75,23.25,29.5,75.0,11.67,0.0,56.5,5.5,14.25,NA,0.0,2.0,1.0,27.0,57.75,2.0,222.0,NA,NA,39.0,752.0,0.0
2026-05-02 22:00:00,42.5,86.75,21.75,24.75,30.5,66.25,13.75,0.0,56.25,3.75,11.25,NA,0.0,1.25,0.5,26.5,58.25,1.75,219.75,NA,NA,42.75,752.0,0.0
2026-05-02 23:00:00,43.33,86.33,23.0,25.33,31.67,60.67,14.5,0.0,57.67,3.0,10.0,NA,0.0,1.0,0.33,26.0,60.33,1.33,221.33,NA,NA,44.33,752.0,0.0
2026-05-03 00:00:00,36.75,87.5,21.5,21.25,29.0,NA,6.75,0.0,54.5,1.0,6.75,NA,0.0,0.0,0.0,25.0,65.5,1.0,223.0,NA,NA,53.5,751.0,0.0
2026-05-03 01:00:00,31.0,84.5,21.25,22.75,29.25,44.5,7.0,0.0,56.25,1.0,6.25,NA,0.0,0.0,0.0,23.75,69.0,1.0,214.0,NA,NA,56.25,751.0,0.0
2026-05-03 02:00:00,30.5,81.5,20.25,22.25,28.0,43.0,6.75,0.0,54.75,1.0,6.0,NA,0.0,0.0,0.0,23.75,70.0,1.0,219.5,NA,NA,59.25,751.0,0.0
2026-05-03 03:00:00,35.0,76.0,21.25,23.25,29.75,48.75,6.67,0.0,57.0,1.0,6.25,NA,0.0,0.0,0.0,24.0,71.25,1.0,226.75,NA,NA,61.75,751.0,0.0
2026-05-03 04:00:00,37.5,77.5,22.0,23.75,30.25,50.0,6.5,0.0,55.5,1.0,6.0,NA,0.0,0.5,0.0,23.0,73.25,0.75,192.5,NA,NA,61.25,750.75,0.0
2026-05-03 05:00:00,41.75,92.5,20.25,24.5,29.75,54.25,7.67,0.0,57.5,1.0,5.75,NA,0.0,1.0,0.0,18.5,95.0,1.0,220.0,NA,NA,74.5,750.0,0.0
2026-05-03 06:00:00,26.0,67.0,20.0,23.25,28.5,61.0,6.5,0.0,54.25,3.0,9.75,NA,0.0,1.0,0.75,19.25,95.0,1.0,241.0,NA,NA,69.25,750.0,0.0
2026-05-03 07:00:00,24.0,55.5,19.75,23.0,28.0,67.0,7.33,0.0,57.75,3.0,9.75,NA,0.0,1.0,0.75,19.75,91.5,1.0,235.75,NA,NA,67.5,750.0,0.0
2026-05-03 08:00:00,24.75,31.0,22.25,23.5,30.0,71.75,9.0,0.0,54.25,3.0,9.75,NA,0.0,1.0,0.75,22.0,74.5,1.0,221.75,NA,NA,603.0,750.75,0.0
2026-05-03 09:00:00,18.0,23.25,21.5,24.0,30.0,73.5,6.33,0.0,52.25,3.0,10.25,NA,0.0,1.0,0.0,24.25,63.5,1.0,215.0,NA,NA,672.0,751.0,0.0
2026-05-03 10:00:00,19.0,20.0,20.5,23.5,29.25,69.5,5.5,0.0,57.5,5.0,8.75,NA,0.0,1.0,0.5,24.75,62.75,1.0,221.0,NA,NA,853.25,751.5,0.0
2026-05-03 11:00:00,17.0,23.5,20.75,23.25,30.0,65.5,5.33,0.0,57.0,5.0,8.75,NA,0.0,1.0,1.0,25.75,62.75,1.0,223.25,NA,NA,899.0,751.75,0.0
2026-05-03 12:00:00,19.0,24.75,22.25,22.0,29.25,58.75,5.25,0.0,57.25,3.5,8.5,NA,0.0,1.0,1.0,26.5,62.0,1.0,227.0,NA,NA,908.75,752.0,0.0
2026-05-03 13:00:00,17.0,25.5,22.0,24.5,30.75,53.75,6.33,0.0,50.5,2.25,8.0,NA,0.0,1.0,1.0,27.0,59.25,1.25,219.25,NA,NA,377.25,752.0,0.0
2026-05-03 14:00:00,15.75,26.75,22.25,24.5,30.75,51.5,6.75,0.0,48.75,2.5,8.0,NA,0.0,1.0,1.0,27.75,58.75,1.75,224.75,NA,NA,155.75,752.0,0.5
2026-05-03 15:00:00,18.25,23.25,22.25,23.25,30.75,54.5,7.0,0.0,49.5,2.25,8.0,NA,0.0,1.0,1.0,28.0,58.5,1.5,228.5,NA,NA,130.75,752.0,1.0
2026-05-03 16:00:00,19.0,22.0,21.25,24.25,30.0,51.75,7.25,0.0,50.25,4.0,10.5,NA,0.0,1.0,1.0,28.0,57.75,2.0,229.0,NA,NA,115.5,752.0,1.0
2026-05-03 17:00:00,18.0,24.0,21.25,24.0,30.0,63.25,7.33,0.0,51.5,4.75,10.5,NA,0.0,1.0,1.0,27.75,60.25,1.25,210.0,NA,NA,88.75,752.0,0.5
2026-05-03 18:00:00,19.0,32.75,21.5,22.5,29.75,69.5,6.25,0.0,55.25,6.0,15.0,NA,0.0,2.0,1.0,26.75,62.75,1.25,204.5,NA,NA,57.75,752.0,0.0
2026-05-03 19:00:00,18.0,36.25,20.25,23.5,28.75,76.0,6.67,0.0,52.0,5.75,14.75,NA,0.0,2.0,1.0,26.0,65.75,1.0,211.25,NA,NA,41.25,752.0,0.0
2026-05-03 20:00:00,24.0,44.5,21.5,23.5,29.25,79.75,8.5,0.0,53.0,5.75,14.5,NA,0.0,2.0,1.0,25.5,67.0,1.0,219.5,NA,NA,44.0,752.0,0.0
2026-05-03 21:00:00,31.0,49.75,20.5,22.25,28.25,73.5,7.0,0.0,55.0,5.75,14.75,NA,0.0,2.0,1.0,25.0,67.5,1.0,229.5,NA,NA,48.75,751.5,0.0
2026-05-03 22:00:00,33.0,62.0,21.5,24.5,32.0,68.75,7.5,0.0,54.25,3.0,10.0,NA,0.0,1.0,0.75,24.75,70.0,1.0,230.5,NA,NA,49.75,751.0,0.0
2026-05-03 23:00:00,35.0,68.0,23.0,24.5,30.5,58.5,7.0,0.0,53.5,3.0,10.0,NA,0.0,1.0,0.67,24.33,72.33,1.0,232.0,NA,NA,52.33,751.0,0.0
2026-05-04 00:00:00,34.0,73.25,22.25,23.5,30.25,NA,8.25,0.0,55.0,1.0,7.0,NA,0.0,0.0,0.0,23.25,73.75,1.0,230.0,NA,NA,54.5,751.0,0.0
2026-05-04 01:00:00,37.0,67.5,21.0,23.75,30.0,45.0,6.33,0.0,56.0,1.0,6.25,NA,0.0,0.0,0.0,22.75,72.5,1.0,230.75,NA,NA,54.75,751.0,0.0
2026-05-04 02:00:00,35.5,63.0,21.0,23.25,29.5,43.25,6.25,0.0,56.5,1.0,6.25,NA,0.0,0.0,0.0,22.5,73.5,1.0,233.5,NA,NA,56.5,751.0,0.0
2026-05-04 03:00:00,23.0,54.5,22.0,22.5,29.75,47.0,6.33,0.0,50.5,1.0,6.25,NA,0.0,0.0,0.0,22.0,75.5,1.0,226.0,NA,NA,60.75,751.0,0.0
2026-05-04 04:00:00,23.0,51.0,21.25,22.0,29.0,52.0,5.5,0.0,52.25,1.0,5.25,NA,0.0,1.0,0.0,21.75,77.25,1.0,227.75,NA,NA,60.75,750.5,0.0
2026-05-04 05:00:00,31.75,45.0,22.0,21.75,29.25,54.25,6.33,0.0,51.25,1.0,6.0,NA,0.0,0.5,0.0,21.0,81.25,1.0,227.75,NA,NA,73.5,750.0,0.0
2026-05-04 06:00:00,30.0,47.25,21.75,23.5,30.0,59.25,6.0,0.0,51.25,2.0,8.0,NA,0.0,0.75,0.0,21.25,81.25,1.0,224.75,NA,NA,114.75,750.25,0.0
2026-05-04 07:00:00,31.0,48.5,24.5,23.25,32.25,75.5,8.0,0.0,54.0,3.0,10.25,NA,0.0,1.0,0.25,22.75,76.5,1.0,232.25,NA,NA,318.25,751.0,0.0
2026-05-04 08:00:00,30.0,51.25,23.5,22.75,31.0,72.5,8.75,0.0,51.25,3.0,10.0,NA,0.0,1.0,0.25,21.5,69.75,0.75,195.5,NA,NA,111.25,748.25,0.0
2026-05-04 09:00:00,38.75,57.5,27.25,22.75,33.5,75.0,11.33,0.0,40.75,3.0,10.0,NA,0.0,1.0,0.0,15.75,31.25,0.25,138.0,NA,NA,127.0,735.0,-1.25
2026-05-04 10:00:00,29.0,45.5,23.5,21.5,30.0,70.75,10.75,0.0,47.25,4.0,9.5,NA,0.0,1.0,0.5,17.0,53.5,0.25,172.0,NA,NA,142.0,739.5,-0.5
2026-05-04 11:00:00,11.0,32.75,19.25,22.5,27.75,61.25,4.0,0.33,60.0,4.5,9.0,NA,0.0,1.0,1.0,17.5,95.0,0.25,180.75,NA,NA,197.25,749.25,0.0
2026-05-04 12:00:00,9.0,35.0,23.5,23.0,31.25,57.0,2.25,0.5,54.75,2.25,7.75,NA,0.0,1.0,1.0,19.25,95.0,0.75,202.5,NA,NA,204.0,749.75,0.0
2026-05-04 13:00:00,9.0,35.0,21.5,22.75,29.5,55.25,4.33,0.67,45.75,2.25,7.75,NA,0.0,1.0,1.0,21.5,91.75,1.0,217.0,NA,NA,NA,750.5,0.0
2026-05-04 14:00:00,12.0,33.0,20.0,23.25,28.75,49.75,6.0,0.0,45.0,2.5,8.0,NA,0.0,1.0,1.0,23.25,78.75,1.0,208.75,NA,NA,300.0,751.0,0.0
2026-05-04 15:00:00,NA,NA,21.0,24.25,30.0,53.5,8.0,NA,36.25,2.25,7.75,NA,0.0,1.0,1.0,23.5,79.25,1.0,202.25,NA,NA,326.75,751.0,0.0
2026-05-04 16:00:00,NA,NA,20.33,24.0,29.0,51.25,11.0,0.0,34.0,4.0,10.25,NA,0.0,1.0,1.0,23.5,78.75,1.0,213.25,NA,NA,222.75,751.0,0.0
2026-05-04 17:00:00,NA,7.0,21.25,23.5,29.5,60.0,NA,0.0,35.0,5.0,10.75,NA,0.0,1.0,1.0,23.5,76.5,1.0,213.25,NA,NA,157.75,751.0,0.0
2026-05-04 18:00:00,0.75,30.0,21.5,25.0,30.5,70.25,9.0,0.25,NA,5.5,15.0,NA,0.0,2.0,1.0,22.75,76.75,1.0,206.0,NA,NA,92.75,751.0,0.0
2026-05-04 19:00:00,3.75,48.25,22.0,23.75,29.5,76.75,8.33,0.67,NA,6.0,15.0,NA,0.0,2.0,1.0,22.25,80.75,1.0,232.5,NA,NA,46.25,751.0,0.0
2026-05-04 20:00:00,15.25,54.75,21.75,23.0,30.0,80.25,8.75,1.0,NA,5.75,14.5,NA,0.0,2.0,1.25,22.0,83.75,0.75,257.5,NA,NA,45.5,751.0,0.0
2026-05-04 21:00:00,12.0,58.25,19.0,22.5,27.75,74.5,9.0,0.33,52.0,6.0,14.0,NA,0.0,2.0,1.0,21.5,85.0,1.0,275.0,NA,NA,50.0,750.5,0.0
2026-05-04 22:00:00,12.25,53.0,20.0,21.5,28.0,70.0,9.25,0.5,50.0,3.0,10.0,NA,0.0,1.0,0.0,21.0,82.25,1.0,265.0,NA,NA,44.25,750.0,0.0
2026-05-04 23:00:00,12.67,41.0,22.33,24.0,31.5,58.67,7.5,0.0,51.0,3.0,10.0,NA,0.0,1.0,0.0,21.0,81.67,1.0,250.0,NA,NA,49.67,750.0,0.0
2026-05-05 00:00:00,13.5,41.5,18.5,23.25,27.25,NA,5.75,0.25,55.0,1.0,6.5,NA,0.0,0.0,0.0,20.0,90.75,1.0,205.25,NA,NA,81.5,750.0,0.0
2026-05-05 01:00:00,16.5,49.75,21.0,23.75,29.25,45.25,7.33,0.33,51.5,1.0,6.0,NA,0.0,0.0,0.0,20.0,95.0,1.0,240.25,NA,NA,78.0,750.0,0.0
2026-05-05 02:00:00,15.5,46.5,21.25,21.75,29.0,40.25,7.0,1.0,61.25,1.0,6.5,NA,0.0,0.0,0.0,20.0,95.0,0.75,214.75,NA,NA,78.75,750.0,0.0
2026-05-05 03:00:00,12.75,45.5,20.0,22.25,28.0,46.0,6.33,0.33,57.25,1.0,6.5,NA,0.0,0.0,0.0,19.25,95.0,1.0,199.25,NA,NA,92.5,750.0,0.0
2026-05-05 04:00:00,12.5,47.0,18.75,24.75,28.5,52.0,5.75,0.0,52.75,1.0,6.0,NA,0.0,0.5,0.0,19.0,95.0,1.0,201.75,NA,NA,114.25,750.0,0.0
2026-05-05 05:00:00,13.25,42.5,21.5,22.5,29.5,57.5,2.0,0.33,47.5,1.0,5.75,NA,0.0,1.0,0.0,19.0,95.0,1.0,207.75,NA,NA,161.0,750.0,0.0
2026-05-05 06:00:00,12.25,38.75,22.0,22.25,29.75,62.75,2.0,1.0,48.75,3.0,10.25,NA,0.0,1.0,0.75,19.0,95.0,1.0,226.75,NA,NA,183.5,750.0,0.0
2026-05-05 07:00:00,11.75,38.0,21.0,21.75,28.75,68.75,3.0,0.67,48.5,3.0,10.5,NA,0.0,1.0,0.5,19.0,95.0,1.0,237.5,NA,NA,208.25,750.0,0.0
2026-05-05 08:00:00,13.5,39.5,22.0,21.0,29.0,73.75,7.25,0.0,48.75,3.0,9.75,NA,0.0,1.0,0.25,19.0,95.0,0.75,252.0,NA,NA,295.25,750.0,0.0
2026-05-05 09:00:00,15.25,38.5,23.0,21.75,30.0,73.5,4.0,0.0,45.75,3.0,10.0,NA,0.0,1.0,0.0,19.75,95.0,1.0,230.0,NA,NA,664.0,750.0,0.0
2026-05-05 10:00:00,15.5,36.0,22.75,22.25,30.25,69.75,3.75,0.0,40.75,3.75,9.75,NA,0.0,1.0,0.5,20.5,92.25,1.0,226.75,NA,NA,697.0,750.0,0.0
2026-05-05 11:00:00,13.0,32.0,20.25,24.25,29.25,61.75,3.0,0.0,48.5,5.0,9.0,NA,0.0,1.0,1.0,22.75,76.5,1.0,218.0,NA,NA,807.25,751.0,0.0
2026-05-05 12:00:00,12.0,33.5,22.25,23.25,30.25,57.5,2.75,0.0,48.5,2.75,8.0,NA,0.0,1.0,1.0,23.0,77.75,1.0,230.5,NA,NA,574.5,751.0,0.0
2026-05-05 13:00:00,13.0,34.5,21.25,21.5,29.25,54.25,7.0,0.67,46.5,2.25,8.0,NA,0.0,1.0,1.0,23.0,77.25,1.0,224.25,NA,NA,442.5,751.0,0.0
2026-05-05 14:00:00,9.25,33.0,21.75,22.75,30.25,48.75,5.25,1.0,50.0,2.0,8.0,NA,0.0,1.0,1.0,23.0,76.75,1.0,218.75,NA,NA,182.5,751.0,0.0
2026-05-05 15:00:00,8.0,37.0,23.75,22.5,31.0,53.0,7.0,0.33,46.25,2.25,7.75,NA,0.0,1.0,1.0,23.0,77.5,1.0,213.0,NA,NA,181.5,751.0,0.0
2026-05-05 16:00:00,15.0,53.75,20.25,23.25,28.75,NA,8.0,0.0,41.75,4.25,10.25,NA,0.0,1.0,1.0,23.25,77.0,0.25,165.5,NA,NA,172.75,751.0,0.0
2026-05-05 17:00:00,25.5,62.0,20.5,23.5,29.5,NA,5.33,0.0,41.25,4.0,11.0,NA,0.0,1.0,1.0,23.75,76.0,0.5,153.25,NA,NA,130.0,751.0,0.0
2026-05-05 18:00:00,23.75,55.0,19.75,22.25,27.75,59.0,3.75,0.0,36.0,6.0,14.67,NA,0.0,2.0,1.0,23.0,76.0,0.5,159.5,NA,NA,83.0,751.0,0.0
2026-05-05 19:00:00,26.5,39.75,22.0,23.5,30.25,67.25,4.0,0.0,29.5,5.5,14.5,NA,0.0,2.0,1.25,23.0,79.5,1.0,174.25,NA,NA,81.0,751.0,0.0
2026-05-05 20:00:00,34.0,34.0,21.5,22.75,29.5,70.5,6.5,0.0,33.0,6.0,15.25,NA,0.0,2.0,1.0,22.75,82.0,1.0,189.5,NA,NA,66.0,751.0,0.0
2026-05-05 21:00:00,NA,NA,21.25,22.75,29.5,65.75,7.33,0.0,35.0,6.0,14.75,NA,0.0,2.0,1.0,21.75,88.25,1.0,196.0,NA,NA,56.25,750.5,0.0
2026-05-05 22:00:00,42.0,34.5,20.5,23.75,30.25,58.0,11.25,0.0,33.25,3.0,12.5,NA,0.0,1.5,0.25,21.0,94.0,1.0,205.25,NA,NA,57.75,750.0,0.0
2026-05-05 23:00:00,38.67,51.5,23.67,22.33,31.0,47.5,6.0,0.0,34.67,3.0,10.0,NA,0.0,1.0,0.0,20.67,95.0,1.0,183.67,NA,NA,58.0,750.0,0.0
2026-05-06 00:00:00,27.0,75.5,20.5,23.75,29.25,NA,13.25,1.5,31.75,1.0,6.75,NA,0.0,0.0,0.0,20.25,95.0,1.0,183.0,NA,NA,63.75,750.0,0.0
2026-05-06 01:00:00,32.5,92.0,21.0,23.75,29.75,35.5,11.33,0.0,35.0,1.0,6.25,NA,0.0,0.0,0.0,20.0,95.0,1.0,183.0,NA,NA,65.75,750.0,0.0
2026-05-06 02:00:00,38.0,103.5,21.5,23.0,29.5,33.5,17.25,0.25,33.25,1.0,6.75,NA,0.0,0.0,0.0,19.5,95.0,1.0,183.0,NA,NA,70.5,750.0,0.0
2026-05-06 03:00:00,44.5,106.75,19.75,23.0,28.25,38.25,8.0,1.0,36.0,1.0,6.0,NA,0.0,0.0,0.0,19.0,95.0,0.75,168.75,NA,NA,74.25,750.0,0.0
2026-05-06 04:00:00,46.75,99.25,20.5,23.5,29.25,43.5,7.0,1.0,35.75,1.0,5.75,NA,0.0,0.75,0.0,19.0,95.0,0.75,89.75,NA,NA,53.0,750.0,0.0
2026-05-06 05:00:00,43.0,81.5,21.0,22.5,29.0,46.25,6.0,0.0,34.25,1.0,6.0,NA,0.0,1.0,0.0,19.0,95.0,0.5,76.5,NA,NA,78.5,750.0,0.0
2026-05-06 06:00:00,35.75,69.25,21.25,21.75,28.75,52.25,1.25,0.75,32.75,3.0,9.75,NA,0.0,1.0,0.0,21.0,94.5,1.0,130.25,NA,NA,202.5,750.25,0.0
2026-05-06 07:00:00,38.5,70.25,20.75,23.0,28.75,66.0,5.33,1.0,35.5,3.0,10.0,NA,0.0,1.0,0.25,23.5,79.0,1.0,47.25,NA,NA,442.75,751.0,0.0
2026-05-06 08:00:00,57.0,65.75,20.75,23.5,29.0,62.75,4.0,1.0,38.5,3.0,10.0,NA,0.0,1.0,0.0,24.75,69.5,1.0,70.25,NA,NA,662.75,751.25,0.0
2026-05-06 09:00:00,55.75,63.25,20.5,23.0,28.25,65.5,7.67,0.0,36.75,3.0,9.75,NA,0.0,1.0,0.0,27.0,62.25,0.75,150.25,NA,NA,854.25,752.0,0.25
2026-05-06 10:00:00,37.5,59.25,23.25,24.5,31.5,60.75,6.5,0.0,30.5,4.5,9.5,NA,0.0,1.0,0.75,27.25,56.5,0.75,52.0,NA,NA,937.0,752.0,0.25
2026-05-06 11:00:00,30.25,52.0,23.0,23.75,31.0,53.25,7.0,0.33,45.0,4.5,8.75,NA,0.0,1.0,1.0,28.0,54.5,0.5,112.75,NA,NA,987.0,752.0,0.5
2026-05-06 12:00:00,27.5,50.0,20.25,22.25,28.5,48.75,6.0,0.0,47.0,3.25,8.25,NA,0.0,1.0,1.0,28.75,51.0,0.5,229.5,NA,NA,920.25,752.75,1.0
2026-05-06 13:00:00,30.0,52.0,32.0,27.0,39.0,43.5,5.67,0.0,109.5,2.0,7.75,NA,0.0,1.0,1.0,29.75,50.67,0.5,128.5,NA,NA,544.75,752.75,1.0
2026-05-06 14:00:00,35.5,47.75,37.25,16.5,36.25,40.75,7.0,0.0,60.0,2.25,8.25,NA,0.0,1.0,1.0,30.0,49.0,2.0,269.0,NA,NA,230.5,753.0,1.0
2026-05-06 15:00:00,37.25,43.25,42.75,6.75,33.5,46.0,8.0,0.0,34.0,2.0,7.5,NA,0.0,1.0,1.0,30.0,49.0,2.0,220.0,NA,NA,159.33,753.0,0.75
2026-05-06 16:00:00,34.5,47.0,47.5,11.0,40.25,42.75,7.5,0.0,32.75,4.0,10.25,NA,0.25,1.0,1.0,29.5,50.0,2.0,138.0,NA,NA,121.5,753.0,0.5
2026-05-06 17:00:00,34.0,48.75,33.25,13.25,29.25,54.25,6.0,1.0,35.75,4.75,11.75,NA,0.0,1.0,1.0,29.0,51.0,1.5,63.75,NA,NA,73.75,753.0,1.0
2026-05-06 18:00:00,37.5,45.0,49.75,8.5,35.25,63.25,5.0,1.5,34.25,5.0,14.0,NA,1.0,1.75,1.25,28.5,52.5,2.0,68.75,NA,NA,36.75,752.0,1.0
2026-05-06 19:00:00,41.5,59.5,53.5,14.25,48.75,68.0,9.67,0.0,38.75,5.5,14.5,NA,1.0,2.0,1.0,27.5,56.25,1.75,103.75,NA,NA,38.75,752.0,0.25
2026-05-06 20:00:00,47.0,84.25,40.75,12.0,38.75,71.0,11.5,0.5,35.25,6.0,15.0,NA,1.0,2.0,1.0,26.0,60.25,2.0,184.75,NA,NA,48.0,752.0,0.0
2026-05-06 21:00:00,47.25,94.0,40.5,8.0,35.5,64.0,13.0,0.0,37.0,5.5,14.75,NA,1.0,2.0,1.25,25.25,64.0,1.75,192.25,NA,NA,54.5,751.25,0.0
2026-05-06 22:00:00,48.5,110.5,43.75,8.75,36.25,56.5,15.5,0.5,38.5,3.5,10.0,NA,0.0,1.0,0.25,25.0,65.25,1.75,249.25,NA,NA,69.5,751.0,0.0
2026-05-06 23:00:00,59.5,115.67,30.5,22.0,35.33,50.0,10.0,0.0,38.0,3.0,10.0,NA,0.0,1.0,0.0,23.5,65.33,1.33,232.67,NA,NA,57.67,751.0,0.0
2026-05-07 00:00:00,45.5,98.5,41.0,15.5,37.75,NA,8.75,0.0,35.0,1.0,6.25,NA,0.0,0.0,0.0,21.75,65.5,1.0,232.5,NA,NA,50.5,750.5,0.0
2026-05-07 01:00:00,32.75,76.75,42.25,10.0,33.75,36.25,6.67,0.0,34.75,1.0,6.25,NA,0.0,0.0,0.0,21.25,65.75,1.0,233.0,NA,NA,47.5,750.0,0.0
2026-05-07 02:00:00,22.5,69.75,40.25,10.25,35.0,32.75,4.75,0.0,34.5,1.0,6.5,NA,0.0,0.0,0.0,21.0,67.25,1.0,238.0,NA,NA,46.25,750.0,0.0
2026-05-07 03:00:00,19.5,60.5,40.75,11.25,36.25,38.0,6.0,0.0,35.0,1.0,6.5,NA,0.0,0.0,0.0,21.0,69.0,1.0,245.75,NA,NA,49.25,750.0,0.0
2026-05-07 04:00:00,26.75,46.75,37.5,11.75,32.75,44.5,5.5,0.0,36.0,1.0,5.75,NA,0.0,1.0,0.0,20.25,68.0,0.5,152.25,NA,NA,74.75,749.5,0.0
2026-05-07 05:00:00,26.0,53.5,60.25,13.75,48.25,46.0,8.33,0.0,34.5,1.0,5.75,NA,0.0,1.0,0.0,16.0,57.75,0.5,158.75,NA,NA,86.25,742.25,-0.5
2026-05-07 06:00:00,17.25,49.0,44.25,20.0,41.5,52.5,4.0,0.0,34.75,3.0,9.75,NA,0.0,1.0,0.0,16.5,94.5,1.0,227.5,NA,NA,101.75,749.0,0.0
2026-05-07 07:00:00,15.0,42.25,40.5,10.25,36.0,65.75,6.33,0.0,37.0,3.0,10.0,NA,0.0,1.0,0.25,18.5,95.0,0.75,256.25,NA,NA,137.33,750.0,0.0
2026-05-07 08:00:00,36.75,44.75,47.75,11.5,41.75,62.75,6.5,0.0,35.5,3.0,10.25,NA,0.0,1.0,0.25,20.25,90.75,0.75,156.0,NA,NA,136.0,750.25,0.0
2026-05-07 09:00:00,28.25,39.0,47.5,10.25,38.5,65.25,9.33,0.0,36.75,3.0,10.75,NA,0.0,1.0,0.5,23.5,68.0,0.25,219.5,NA,NA,470.0,751.0,0.0
2026-05-07 10:00:00,17.0,40.0,39.5,9.0,33.0,62.5,9.5,0.5,39.5,4.75,9.0,NA,0.0,1.0,1.0,24.75,65.0,0.75,211.25,NA,NA,614.5,751.0,0.0
2026-05-07 11:00:00,19.75,38.5,35.75,11.5,32.75,52.25,9.0,0.33,39.25,4.5,9.0,NA,0.0,1.0,1.0,25.5,54.75,1.0,289.5,NA,NA,966.5,752.0,0.0
2026-05-07 12:00:00,20.25,43.25,51.25,15.25,46.75,47.5,8.75,1.0,38.25,2.5,7.75,NA,0.0,1.0,1.0,26.0,50.25,0.75,233.25,NA,NA,851.0,752.0,0.0
2026-05-07 13:00:00,20.33,44.67,39.0,16.0,34.75,47.25,8.67,1.0,38.0,2.25,7.75,NA,0.0,1.0,1.0,26.25,49.75,0.5,251.75,NA,NA,564.5,752.0,0.0
2026-05-07 14:00:00,33.5,39.5,55.5,6.0,43.75,40.75,8.0,0.0,NA,2.5,8.0,NA,0.0,1.0,1.0,27.0,50.5,0.75,121.0,NA,NA,342.0,752.0,0.0
2026-05-07 15:00:00,38.25,50.25,44.75,14.0,39.25,42.75,7.33,0.0,39.5,2.25,8.0,NA,0.0,1.0,1.0,26.5,52.5,1.25,44.5,NA,NA,310.5,752.0,0.0
2026-05-07 16:00:00,36.25,51.0,38.5,8.5,28.25,42.0,7.75,0.0,41.25,4.25,10.25,NA,0.5,1.0,1.0,25.0,57.25,1.0,60.0,NA,NA,223.75,751.25,0.0
2026-05-07 17:00:00,34.5,52.5,40.75,11.5,33.0,50.5,7.33,0.0,37.75,4.75,11.25,NA,0.75,1.0,1.0,24.25,60.75,1.0,161.25,NA,NA,147.75,751.0,0.0
2026-05-07 18:00:00,43.0,59.0,31.25,13.0,36.0,60.0,8.0,0.0,36.25,5.75,15.0,NA,1.0,2.0,1.0,23.5,62.75,1.0,179.25,NA,NA,68.25,751.0,0.0
2026-05-07 19:00:00,30.0,68.25,40.0,17.25,37.75,67.0,8.67,0.0,37.75,6.0,15.0,NA,1.0,2.0,1.0,23.0,68.0,1.0,185.25,NA,NA,46.5,751.0,0.0
2026-05-07 20:00:00,29.0,66.25,49.75,13.0,42.5,71.0,10.5,0.0,43.75,5.5,15.25,NA,1.0,2.0,1.0,23.0,71.5,1.0,188.0,NA,NA,67.25,751.0,0.0
2026-05-07 21:00:00,37.0,79.5,60.5,13.0,41.0,64.75,7.0,1.0,41.5,5.75,15.0,NA,1.0,2.0,1.0,22.0,79.0,1.0,266.25,NA,NA,66.5,750.75,0.0
2026-05-07 22:00:00,49.0,85.0,54.0,10.25,43.0,58.25,6.75,1.0,38.25,4.5,12.5,NA,0.5,1.5,0.5,21.5,88.75,1.0,175.75,NA,NA,53.0,750.5,0.0
2026-05-07 23:00:00,53.0,85.5,44.0,20.0,36.5,47.5,5.0,0.0,37.5,3.0,10.0,NA,0.0,1.0,0.5,20.5,95.0,1.0,202.0,NA,NA,53.0,750.0,0.0
2026-05-08 00:00:00,49.25,85.25,50.0,13.75,43.0,NA,10.0,0.5,38.0,1.0,6.5,NA,0.0,0.0,0.0,20.0,95.0,1.0,216.75,NA,NA,56.75,750.0,0.0
2026-05-08 01:00:00,40.25,83.75,29.75,8.5,23.75,35.5,6.0,0.33,41.25,1.0,6.75,NA,0.0,0.0,0.0,20.0,95.0,1.0,212.25,NA,NA,68.25,750.0,0.0
2026-05-08 02:00:00,37.25,81.5,28.0,10.5,27.25,34.0,7.0,0.5,40.0,1.0,6.75,NA,0.0,0.0,0.0,19.75,95.0,1.0,214.5,NA,NA,64.0,750.0,0.0
2026-05-08 03:00:00,26.75,79.0,32.75,17.5,40.25,39.25,8.0,0.0,39.5,1.0,6.5,NA,0.0,0.0,0.0,19.25,95.0,1.0,204.5,NA,NA,57.75,750.0,0.0
2026-05-08 04:00:00,29.25,75.25,43.0,12.5,36.0,41.0,7.5,0.0,41.25,1.0,6.25,NA,0.0,0.25,0.0,19.5,95.0,1.0,206.75,NA,NA,55.25,750.0,0.0
2026-05-08 05:00:00,33.75,70.75,40.5,12.75,36.25,47.0,4.67,0.0,43.0,1.0,5.5,NA,0.0,0.75,0.0,20.0,95.0,1.0,206.25,NA,NA,54.0,750.0,0.0
2026-05-08 06:00:00,32.5,68.5,42.25,7.0,33.25,52.25,3.0,0.0,42.25,3.0,10.5,NA,0.25,1.0,0.5,20.25,95.0,1.0,214.75,NA,NA,229.0,750.0,0.0
2026-05-08 07:00:00,35.5,69.0,41.25,9.0,41.0,61.5,5.0,0.67,43.75,3.0,10.0,NA,0.0,1.0,0.25,22.0,83.75,1.0,217.5,NA,NA,402.25,750.5,0.0
2026-05-08 08:00:00,63.25,70.75,52.25,11.25,42.75,63.5,2.25,1.0,44.0,3.0,10.25,NA,0.0,1.0,0.25,24.25,68.0,1.0,217.75,NA,NA,615.25,751.0,0.0
2026-05-08 09:00:00,66.25,66.25,52.5,16.75,47.5,65.0,4.0,0.67,47.0,3.0,10.5,NA,0.0,1.0,0.75,25.25,62.5,1.0,215.25,NA,NA,751.5,751.5,0.0
2026-05-08 10:00:00,47.75,57.75,41.0,8.0,37.5,61.0,7.0,0.0,53.75,3.75,9.75,NA,0.0,1.0,0.5,26.25,60.0,1.25,216.75,NA,NA,844.25,752.0,0.0
2026-05-08 11:00:00,43.25,57.75,45.5,17.5,52.0,55.5,11.0,0.0,60.75,4.75,9.0,NA,0.0,1.0,1.0,27.75,57.25,1.25,230.75,NA,NA,889.25,752.0,0.75
2026-05-08 12:00:00,46.67,68.0,78.75,16.25,57.5,49.75,12.0,0.0,60.75,3.75,8.5,NA,0.0,1.0,1.0,28.5,55.5,1.0,243.0,NA,NA,812.5,752.25,1.0
2026-05-08 13:00:00,94.5,63.5,13.0,22.5,31.5,46.0,14.67,1.0,50.5,2.25,8.0,NA,0.0,1.0,1.0,29.5,53.5,1.25,229.5,NA,NA,438.25,752.75,1.0
2026-05-08 14:00:00,65.33,65.0,32.75,10.0,21.0,40.75,8.25,1.5,37.75,2.25,8.25,NA,0.0,1.0,1.0,30.0,51.25,1.5,221.75,NA,NA,160.75,753.0,1.0
2026-05-08 15:00:00,58.0,66.5,34.5,17.0,34.25,44.25,7.67,0.67,38.5,2.25,8.0,NA,0.0,1.0,1.0,29.5,50.5,1.5,219.75,NA,NA,109.75,752.75,0.75
2026-05-08 16:00:00,44.67,59.33,71.75,20.5,62.25,44.0,4.75,1.0,41.25,4.25,10.0,NA,0.25,1.0,1.0,29.5,49.25,1.75,206.0,NA,NA,74.75,752.5,0.75
2026-05-08 17:00:00,27.5,57.25,32.0,12.25,18.5,53.25,7.67,0.33,36.25,5.0,11.0,NA,0.75,1.0,1.0,29.0,52.5,1.75,205.0,NA,NA,29.0,752.5,1.0
2026-05-08 18:00:00,31.0,58.0,26.75,12.0,22.0,61.25,8.25,0.0,35.25,5.5,12.75,NA,0.75,1.5,1.0,28.25,55.25,1.75,204.0,NA,NA,16.0,752.0,0.75
2026-05-08 19:00:00,47.75,65.75,32.0,13.5,34.75,67.0,9.33,0.33,35.0,5.75,15.25,NA,1.0,2.0,1.0,27.25,58.25,2.0,193.75,NA,NA,NA,752.0,0.25
2026-05-08 20:00:00,40.75,76.25,36.75,22.5,40.5,72.0,11.25,1.0,39.25,6.0,14.75,NA,1.0,2.0,1.0,26.75,60.75,1.25,194.25,NA,NA,NA,752.0,0.0
2026-05-08 21:00:00,24.0,87.25,27.0,15.75,28.25,66.0,11.67,0.33,37.25,5.75,14.75,NA,1.0,2.0,1.0,26.0,62.25,1.75,210.75,NA,NA,NA,752.0,0.0
2026-05-08 22:00:00,31.75,95.0,34.25,12.75,32.25,58.5,12.75,0.75,38.0,4.25,12.5,NA,0.25,1.25,0.75,25.75,64.5,1.75,209.75,NA,NA,NA,751.75,0.0
2026-05-08 23:00:00,72.5,94.5,36.5,14.5,36.5,48.0,11.0,0.0,37.5,3.0,10.0,NA,0.0,1.0,0.33,25.0,65.33,1.0,217.0,NA,NA,NA,751.33,0.0
2026-05-09 00:00:00,64.25,98.0,34.5,9.5,31.5,NA,12.0,0.0,36.75,1.0,6.75,NA,0.0,0.0,0.0,24.75,65.25,1.0,228.0,NA,NA,2.0,751.0,0.0
2026-05-09 01:00:00,55.5,100.5,33.0,19.5,35.75,35.0,7.0,0.0,37.5,1.0,6.75,NA,0.0,0.0,0.0,24.0,69.5,1.0,229.75,NA,NA,3.5,751.0,0.0
2026-05-09 02:00:00,55.25,101.75,28.75,16.5,30.0,33.0,6.0,0.25,37.0,1.0,6.75,NA,0.0,0.0,0.0,23.25,74.25,1.0,227.5,NA,NA,10.0,751.0,0.0
2026-05-09 03:00:00,50.5,99.0,32.25,10.0,31.0,39.0,7.67,0.0,35.25,1.0,6.75,NA,0.0,0.0,0.0,22.75,78.5,1.0,231.75,NA,NA,9.5,751.0,0.0
2026-05-09 04:00:00,48.25,89.5,33.75,17.25,33.0,43.75,7.25,0.75,36.75,1.0,5.75,NA,0.0,1.0,0.0,22.0,80.25,1.0,224.5,NA,NA,9.25,751.0,0.0
2026-05-09 05:00:00,50.0,89.25,37.25,12.75,34.5,43.0,7.33,0.67,34.0,1.0,5.75,NA,0.0,0.75,0.0,21.75,80.0,1.0,220.25,NA,NA,16.0,750.75,0.0
2026-05-09 06:00:00,57.5,87.25,34.25,12.0,31.5,50.25,7.25,0.5,37.0,3.0,10.25,NA,0.0,1.0,0.0,21.75,78.5,1.0,215.5,NA,NA,110.0,750.5,0.0
2026-05-09 07:00:00,53.25,77.5,40.5,11.25,38.25,63.25,7.33,0.0,36.75,3.0,10.0,NA,0.0,1.0,0.0,22.5,74.25,1.0,218.5,NA,NA,243.25,751.0,0.0
2026-05-09 08:00:00,55.0,80.25,30.0,14.5,29.75,64.0,6.5,0.0,37.0,3.0,10.25,NA,0.0,1.0,0.25,23.75,69.75,1.0,227.25,NA,NA,481.0,751.0,0.0
2026-05-09 09:00:00,43.5,82.25,31.75,19.75,35.5,65.5,8.0,0.33,36.0,3.0,10.0,NA,0.0,1.0,0.0,24.75,67.75,1.0,216.5,NA,NA,570.25,751.0,0.0
2026-05-09 10:00:00,35.5,78.75,36.75,17.75,38.25,62.25,7.25,0.0,37.0,4.0,9.5,NA,0.0,1.0,0.5,25.25,67.0,1.0,220.5,NA,NA,543.5,751.25,0.0
2026-05-09 11:00:00,33.75,73.75,27.5,18.0,30.5,51.75,8.67,0.0,35.5,4.75,9.25,NA,0.0,1.0,1.0,26.75,62.25,1.0,220.0,NA,NA,828.25,752.0,0.0
2026-05-09 12:00:00,34.25,74.0,26.5,14.25,30.75,48.5,8.0,0.75,34.75,2.75,8.25,NA,0.0,1.0,1.0,27.25,60.0,1.25,225.75,NA,NA,791.5,752.0,0.25
2026-05-09 13:00:00,27.25,73.0,27.5,22.75,33.75,45.5,7.0,0.0,38.0,2.0,8.0,NA,0.0,1.0,1.0,28.5,56.75,1.5,215.5,NA,NA,349.25,752.0,0.75
2026-05-09 14:00:00,38.25,70.5,31.0,20.75,34.5,41.5,7.0,0.0,37.75,2.0,8.0,NA,0.0,1.0,1.0,29.0,53.5,2.0,209.75,NA,NA,141.75,752.75,1.0
2026-05-09 15:00:00,36.0,70.0,26.25,17.0,31.0,44.25,10.0,0.0,44.25,2.25,8.0,NA,0.0,1.0,1.0,29.0,52.75,2.0,223.25,NA,NA,113.0,753.0,1.0
2026-05-09 16:00:00,38.75,77.0,28.25,19.0,31.75,42.5,9.0,0.5,44.5,4.5,11.25,NA,0.25,1.0,1.0,29.0,52.75,1.5,216.0,NA,NA,71.75,753.0,1.0
2026-05-09 17:00:00,45.25,79.0,32.0,19.0,33.0,52.0,8.33,0.0,43.25,4.75,11.75,NA,0.25,1.0,1.0,28.5,52.5,1.75,205.5,NA,NA,43.75,751.75,0.75
2026-05-09 18:00:00,35.75,79.5,57.0,16.75,50.25,58.5,6.5,0.0,40.25,5.5,14.0,NA,1.0,1.75,1.0,28.25,54.5,1.75,203.75,NA,NA,20.0,752.0,1.0
2026-05-09 19:00:00,37.0,77.0,35.25,14.0,38.25,66.75,7.33,0.67,38.0,5.5,15.0,NA,1.0,2.0,1.25,27.5,58.0,1.75,210.25,NA,NA,NA,752.0,0.25
2026-05-09 20:00:00,49.25,80.75,33.75,19.25,39.25,71.25,9.25,0.75,39.0,5.75,15.0,NA,1.0,2.0,1.0,26.75,60.75,2.0,208.25,NA,NA,NA,752.0,0.0
2026-05-09 21:00:00,54.25,87.0,33.0,14.0,32.5,65.75,8.33,0.67,37.0,5.5,14.75,NA,1.0,2.0,1.0,26.25,60.75,1.75,207.25,NA,NA,NA,752.0,0.0
2026-05-09 22:00:00,55.5,89.0,26.5,16.25,32.5,58.0,9.25,0.0,37.5,3.0,10.0,NA,0.25,1.0,1.0,26.0,60.5,1.75,215.75,NA,NA,NA,752.0,0.0
2026-05-09 23:00:00,55.0,90.67,31.67,16.5,34.5,50.0,9.5,0.0,37.5,3.0,10.0,NA,0.0,1.0,0.67,25.33,61.0,2.0,225.5,NA,NA,NA,752.0,0.0
2026-05-10 00:00:00,57.0,95.5,30.0,10.25,27.75,NA,11.0,0.0,35.25,1.0,6.5,NA,0.0,0.0,0.0,24.75,62.75,1.0,203.75,NA,NA,NA,751.25,0.0
2026-05-10 01:00:00,58.25,100.75,38.5,9.25,34.75,35.75,9.0,0.0,37.75,1.0,6.5,NA,0.0,0.0,0.0,24.25,65.5,1.0,224.75,NA,NA,2.33,751.0,0.0
2026-05-10 02:00:00,60.75,101.25,22.75,20.25,28.0,33.0,9.75,0.0,34.75,1.0,6.25,NA,0.0,0.0,0.0,24.5,65.25,1.0,228.75,NA,NA,2.0,751.0,0.0
2026-05-10 03:00:00,60.0,91.0,27.75,9.75,28.0,38.25,9.0,0.67,38.25,1.0,6.25,NA,0.0,0.0,0.0,24.0,67.75,1.0,223.75,NA,NA,0.5,751.0,0.0
2026-05-10 04:00:00,71.5,97.25,34.75,16.5,35.75,43.0,8.25,1.0,41.0,1.0,5.5,NA,0.0,0.75,0.0,23.25,72.0,1.0,207.25,NA,NA,0.33,751.0,0.0
2026-05-10 05:00:00,78.75,106.25,32.5,16.5,33.75,43.5,9.0,0.0,38.25,1.0,5.5,NA,0.0,0.75,0.0,23.0,75.0,1.0,211.5,NA,NA,15.25,751.0,0.0
2026-05-10 06:00:00,68.25,106.0,36.5,11.25,28.5,49.75,8.5,0.0,38.75,3.0,10.25,NA,0.0,1.0,0.25,23.0,74.25,1.0,207.0,NA,NA,134.25,751.0,0.0
2026-05-10 07:00:00,62.75,102.5,29.75,21.25,42.25,58.0,8.33,0.0,39.5,3.0,10.0,NA,0.0,1.0,0.0,23.75,72.25,1.0,219.25,NA,NA,220.75,751.0,0.0
2026-05-10 08:00:00,60.0,109.25,47.25,16.5,39.0,63.5,8.75,1.0,45.0,3.0,10.0,NA,0.25,1.0,0.25,25.75,66.5,1.0,220.75,NA,NA,514.5,752.0,0.0
2026-05-10 09:00:00,55.0,103.75,29.75,23.25,36.5,64.75,7.0,0.0,49.0,3.0,10.0,NA,0.0,1.0,0.0,27.5,62.75,1.75,218.75,NA,NA,650.75,752.0,0.25
2026-05-10 10:00:00,46.25,87.25,33.5,18.75,35.5,59.75,6.25,0.0,45.75,4.5,9.5,NA,0.0,1.0,1.0,28.25,60.0,2.0,213.5,NA,NA,810.75,752.0,1.0
2026-05-10 11:00:00,42.0,87.0,24.5,12.75,26.75,52.25,6.67,0.0,47.75,4.75,9.0,NA,0.0,1.0,1.0,29.0,57.0,1.75,212.5,NA,NA,869.5,752.75,1.0
2026-05-10 12:00:00,48.75,92.75,37.5,18.75,38.5,48.0,5.5,0.5,44.25,2.25,8.0,NA,0.0,1.0,1.0,30.0,55.5,2.0,219.5,NA,NA,696.0,753.0,1.0
2026-05-10 13:00:00,42.0,91.75,42.0,23.75,44.5,44.0,7.33,0.67,42.5,2.5,8.0,NA,0.0,1.0,1.0,30.0,54.0,1.5,212.75,NA,NA,342.0,753.0,1.0
2026-05-10 14:00:00,39.25,90.25,109.0,26.0,109.0,42.5,7.0,0.5,41.25,2.0,7.75,NA,0.0,1.0,1.0,30.0,52.5,1.5,218.0,NA,NA,177.75,753.0,1.0
2026-05-10 15:00:00,31.5,90.0,146.5,24.5,116.0,46.5,14.0,1.0,48.5,2.0,8.25,NA,0.0,1.0,1.0,31.0,50.75,1.75,223.75,NA,NA,116.75,753.0,1.0
2026-05-10 16:00:00,22.25,91.0,69.75,17.5,79.5,42.75,16.67,0.75,49.5,4.25,10.5,NA,0.25,1.0,1.0,30.5,49.75,2.0,216.0,NA,NA,78.0,753.0,1.0
2026-05-10 17:00:00,27.5,94.0,8.5,11.5,8.5,50.5,4.0,1.67,46.0,4.5,11.0,NA,0.5,1.0,1.0,30.0,49.5,2.0,211.0,NA,NA,37.75,753.0,1.0
2026-05-10 18:00:00,55.75,96.5,23.75,15.25,29.75,59.75,4.5,3.0,35.5,5.75,15.0,NA,0.75,1.75,1.0,29.75,49.5,2.0,208.75,NA,NA,13.0,753.0,1.0
2026-05-10 19:00:00,61.25,100.0,32.25,20.25,35.5,67.75,7.67,0.0,35.25,6.0,14.75,NA,1.0,2.0,1.0,28.75,51.5,2.0,211.75,NA,NA,NA,752.0,1.0
2026-05-10 20:00:00,55.5,107.25,33.75,15.75,37.5,70.5,9.5,0.0,44.75,5.75,15.0,NA,1.0,2.0,1.0,28.25,53.25,2.0,209.5,NA,NA,NA,752.0,0.75
2026-05-10 21:00:00,58.25,127.5,33.25,17.5,41.75,65.25,10.67,0.67,43.0,5.75,15.25,NA,1.0,2.0,1.0,27.25,56.0,2.0,216.0,NA,NA,3.0,752.0,0.25
2026-05-10 22:00:00,72.75,145.0,28.0,16.25,33.5,56.75,15.75,1.0,43.25,3.0,10.0,NA,0.0,1.0,0.25,27.0,58.25,2.0,210.75,NA,NA,4.0,752.0,0.0
2026-05-10 23:00:00,73.0,145.67,27.0,22.5,28.0,50.0,9.0,0.0,45.0,3.0,10.0,NA,0.0,1.0,0.0,26.67,59.33,1.67,210.0,NA,NA,4.0,752.0,0.0
2026-05-11 00:00:00,73.25,143.5,33.0,17.25,34.75,NA,10.75,0.0,45.5,1.0,6.0,NA,0.0,0.0,0.0,26.0,62.0,1.75,228.0,NA,NA,1.0,752.0,0.0
2026-05-11 01:00:00,71.75,140.0,27.75,19.0,32.25,35.25,6.33,1.0,44.5,1.0,6.75,NA,0.0,0.0,0.0,26.0,62.25,1.25,228.5,NA,NA,1.5,752.0,0.0
2026-05-11 02:00:00,69.5,123.5,28.75,19.25,33.0,33.25,6.25,0.75,45.75,1.0,6.75,NA,0.0,0.0,0.0,25.0,64.0,1.0,229.5,NA,NA,1.5,751.25,0.0
2026-05-11 03:00:00,69.0,115.75,38.75,15.5,38.0,39.25,7.0,0.0,43.75,1.0,7.0,NA,0.0,0.0,0.0,25.0,63.75,1.0,227.5,NA,NA,1.67,751.0,0.0
2026-05-11 04:00:00,71.5,116.0,39.75,16.5,38.75,40.25,6.75,0.25,41.75,1.0,6.5,NA,0.0,0.5,0.0,24.5,64.75,1.0,227.25,NA,NA,2.67,751.0,0.0
2026-05-11 05:00:00,79.75,116.0,29.25,18.75,31.5,46.0,6.33,0.67,38.75,1.0,5.75,NA,0.0,1.0,0.0,24.0,67.5,1.0,231.25,NA,NA,14.25,751.0,0.0
2026-05-11 06:00:00,73.75,110.5,33.5,7.5,28.0,48.25,6.5,0.75,35.75,3.0,10.25,NA,0.0,1.0,0.25,24.0,68.0,1.0,230.75,NA,NA,119.75,751.0,0.0
2026-05-11 07:00:00,65.25,101.75,31.5,13.75,32.25,66.5,5.67,0.33,37.75,3.0,10.0,NA,0.0,1.0,0.5,25.25,64.5,1.0,227.75,NA,NA,313.0,751.5,0.0
2026-05-11 08:00:00,55.0,101.0,31.25,17.0,33.75,63.25,5.5,1.0,36.75,3.0,10.0,NA,0.0,1.0,0.0,26.75,60.0,1.25,229.25,NA,NA,532.25,752.0,0.0
2026-05-11 09:00:00,45.75,97.0,31.75,13.75,34.0,63.75,7.67,0.33,41.0,3.0,10.0,NA,0.0,1.0,0.5,27.75,57.5,1.75,232.5,NA,NA,628.0,752.0,0.75
2026-05-11 10:00:00,44.0,88.75,42.5,21.75,42.0,61.0,7.25,0.0,39.25,4.0,9.5,NA,0.0,1.0,0.5,29.0,52.5,1.5,229.0,NA,NA,843.25,752.75,1.0
2026-05-11 11:00:00,32.25,85.75,27.0,19.0,30.0,55.0,7.33,0.0,38.25,4.0,9.25,NA,0.0,1.75,1.0,30.0,50.5,1.5,215.5,NA,NA,943.75,753.0,1.0
2026-05-11 12:00:00,54.5,82.25,25.25,26.75,34.0,49.25,6.25,0.25,43.25,5.0,7.0,NA,0.0,1.0,1.0,30.75,49.0,1.5,203.25,NA,NA,884.5,753.0,1.0
2026-05-11 13:00:00,52.75,80.75,30.5,20.25,36.25,46.25,5.67,0.33,47.5,5.0,7.0,NA,0.0,1.0,1.0,31.5,45.5,1.0,201.0,NA,NA,313.75,753.0,1.0
2026-05-11 14:00:00,34.0,77.75,30.25,11.0,27.75,45.75,4.75,0.0,51.5,4.75,7.0,NA,0.0,1.0,1.0,31.75,45.25,1.25,171.25,NA,NA,190.5,753.0,1.0
2026-05-11 15:00:00,35.0,73.5,28.25,16.75,33.5,49.25,7.33,0.33,50.0,4.75,7.25,NA,0.0,1.0,1.0,32.0,45.0,0.75,171.5,NA,NA,163.25,753.0,1.0
2026-05-11 16:00:00,42.25,78.25,38.75,19.25,40.0,52.75,7.0,0.0,49.25,3.75,10.25,NA,0.75,1.5,1.0,31.75,45.0,1.5,181.75,NA,NA,135.0,753.0,1.0
2026-05-11 17:00:00,51.25,79.0,14.5,16.25,19.75,58.0,8.33,0.67,49.5,4.0,11.25,NA,0.25,2.0,1.0,31.25,45.5,1.5,192.0,NA,NA,100.0,753.0,1.0
2026-05-11 18:00:00,39.0,76.25,22.0,22.75,31.25,66.5,9.0,1.0,43.0,5.0,13.75,NA,1.0,2.0,2.0,30.0,48.0,2.0,199.0,NA,NA,58.25,753.0,1.0
2026-05-11 19:00:00,40.0,75.25,33.5,22.25,36.5,68.0,7.0,0.67,40.5,5.0,13.75,NA,1.0,2.0,2.0,29.0,46.75,2.0,209.75,NA,NA,51.75,751.5,0.75
2026-05-11 20:00:00,43.75,86.0,41.75,17.75,39.75,71.5,8.5,1.0,43.0,4.75,13.5,NA,1.0,2.0,2.0,28.5,51.5,2.0,212.5,NA,NA,54.5,752.0,1.0
2026-05-11 21:00:00,42.5,102.25,31.25,19.75,32.25,64.75,7.33,0.67,38.5,5.0,13.25,NA,1.0,2.0,2.0,28.0,54.25,2.0,207.0,NA,NA,60.0,752.0,1.0
2026-05-11 22:00:00,59.75,107.75,25.0,24.0,31.5,58.0,9.0,0.0,30.0,4.0,8.75,NA,0.5,2.0,0.75,27.75,55.25,2.0,210.25,NA,NA,62.25,752.0,0.25
2026-05-11 23:00:00,65.67,111.0,24.33,18.67,29.33,50.67,7.5,0.5,33.0,4.0,9.0,NA,0.33,2.0,0.0,27.33,56.33,2.0,216.0,NA,NA,62.67,752.0,0.0
2026-05-12 00:00:00,56.75,107.0,28.75,18.0,30.75,NA,9.0,1.0,45.75,1.0,5.25,NA,0.0,0.0,0.0,27.0,56.25,2.0,214.75,NA,NA,62.5,752.0,0.0
2026-05-12 01:00:00,55.5,109.75,32.75,16.0,34.5,38.75,9.33,0.0,46.0,1.0,5.75,NA,0.0,0.0,0.0,26.25,56.75,2.0,214.0,NA,NA,63.5,752.0,0.0
2026-05-12 02:00:00,50.75,108.5,22.75,13.75,30.25,37.5,9.5,0.0,45.75,1.0,5.75,NA,0.0,0.0,0.0,26.0,55.75,2.0,219.75,NA,NA,66.75,752.0,0.0
2026-05-12 03:00:00,40.0,103.0,31.5,14.0,32.75,39.25,7.33,0.67,48.0,1.0,5.0,NA,0.0,0.0,0.0,26.0,58.5,1.75,230.5,NA,NA,67.5,752.0,0.0
2026-05-12 04:00:00,41.75,107.25,40.0,13.0,38.25,44.25,6.5,0.25,43.25,1.0,5.0,NA,0.0,0.5,0.0,25.75,60.5,1.5,231.0,NA,NA,70.5,752.0,0.0
2026-05-12 05:00:00,53.25,107.5,30.25,16.75,33.25,49.5,6.67,0.0,42.5,1.0,4.75,NA,0.0,1.0,0.0,25.0,62.75,1.0,230.5,NA,NA,86.5,751.25,0.0
2026-05-12 06:00:00,68.0,113.75,41.5,10.5,38.5,56.5,7.0,0.0,43.75,4.0,8.0,NA,0.0,2.0,1.0,25.25,63.75,1.0,231.0,NA,NA,179.75,751.5,0.0
2026-05-12 07:00:00,76.75,119.25,35.5,16.75,36.0,64.0,8.33,0.0,39.75,4.0,8.25,NA,0.0,2.0,1.0,26.5,61.25,1.25,226.25,NA,NA,324.0,752.0,0.0
2026-05-12 08:00:00,64.5,125.5,39.5,12.0,35.5,69.0,7.75,0.25,32.5,4.0,7.75,NA,0.0,2.0,1.0,27.75,59.25,1.75,228.5,NA,NA,492.25,752.0,0.25
2026-05-12 09:00:00,58.0,132.5,24.75,16.25,27.0,67.25,6.67,0.0,54.75,4.0,7.75,NA,0.0,2.0,1.0,28.75,57.0,1.75,228.25,NA,NA,685.5,752.25,1.0
2026-05-12 10:00:00,61.5,133.0,27.5,16.5,29.25,64.75,5.75,0.0,52.0,3.75,8.5,NA,0.0,2.0,1.0,29.75,55.5,1.75,230.5,NA,NA,743.0,752.5,1.0
2026-05-12 11:00:00,67.5,129.0,32.25,16.25,36.75,56.5,7.0,0.67,52.0,3.75,9.5,NA,0.0,2.0,1.0,31.0,51.5,1.5,228.75,NA,NA,813.25,752.75,0.75
2026-05-12 12:00:00,62.25,126.0,36.0,26.0,40.75,49.5,6.75,1.0,48.25,4.5,7.75,NA,0.0,1.25,1.0,32.25,50.75,1.25,186.0,NA,NA,718.5,753.0,1.0
2026-05-12 13:00:00,54.75,122.0,37.0,21.0,40.25,47.5,6.33,0.67,42.5,4.5,7.0,NA,0.0,1.0,1.0,32.0,49.25,0.75,161.5,NA,NA,408.75,753.0,1.0
2026-05-12 14:00:00,46.75,118.5,27.75,10.75,27.75,47.75,6.25,0.0,48.25,4.5,7.5,NA,0.0,1.0,1.0,32.25,49.5,1.0,176.5,NA,NA,203.25,753.0,1.0
2026-05-12 15:00:00,53.5,118.5,27.5,12.5,29.25,50.5,5.0,1.0,48.5,4.75,7.25,NA,0.0,1.0,1.0,32.25,49.0,1.0,249.25,NA,NA,152.75,753.0,1.0
2026-05-12 16:00:00,63.0,117.5,26.25,21.25,31.75,52.75,5.0,0.75,47.75,3.5,10.25,NA,0.25,1.75,1.0,32.0,49.25,1.75,234.5,NA,NA,119.25,753.0,1.0
2026-05-12 17:00:00,66.0,112.25,28.75,24.25,35.5,58.25,6.33,0.33,48.25,3.25,11.25,NA,0.25,2.0,1.0,31.75,50.5,2.0,212.75,NA,NA,74.75,753.0,1.0
2026-05-12 18:00:00,62.25,110.5,31.5,13.0,32.5,64.0,7.25,0.0,37.75,4.0,13.0,NA,0.75,2.0,1.75,31.0,52.75,2.0,206.5,NA,NA,31.25,753.0,1.0
2026-05-12 19:00:00,48.75,115.25,30.0,15.75,28.75,68.25,8.67,0.0,44.0,5.25,13.75,NA,1.0,2.0,2.0,30.25,53.75,2.0,209.5,NA,NA,20.25,753.0,1.0
2026-05-12 20:00:00,53.5,118.25,29.0,24.5,35.0,71.25,10.0,0.75,45.0,4.75,13.75,NA,1.0,2.0,2.0,29.5,55.75,2.0,209.75,NA,NA,21.5,753.0,1.0
2026-05-12 21:00:00,72.25,123.25,32.0,18.25,34.75,65.75,10.0,0.33,42.0,5.0,14.0,NA,1.0,2.0,2.0,29.0,56.25,1.75,209.75,NA,NA,22.25,752.5,1.0
2026-05-12 22:00:00,85.75,131.25,29.0,16.5,31.75,59.0,9.75,0.0,33.25,4.25,12.0,NA,0.5,1.75,1.0,28.5,59.0,2.0,213.5,NA,NA,22.0,752.0,1.0
2026-05-12 23:00:00,80.5,133.33,32.0,33.5,45.0,50.0,8.0,0.0,28.5,4.0,9.0,NA,0.0,2.0,0.0,28.0,60.33,2.0,213.0,NA,NA,23.33,752.0,1.0
2026-05-13 00:00:00,69.0,135.75,31.5,15.25,33.5,NA,10.5,0.0,30.5,1.0,5.5,NA,0.0,0.0,0.0,27.0,61.0,2.0,214.75,NA,NA,25.75,752.0,0.0
2026-05-13 01:00:00,71.5,134.0,20.25,21.5,25.75,39.0,5.33,0.67,42.25,1.0,5.75,NA,0.0,0.0,0.0,27.0,60.0,2.0,217.0,NA,NA,26.75,752.0,0.0
2026-05-13 02:00:00,62.5,123.75,31.0,7.25,27.25,36.75,4.75,0.5,44.25,1.0,5.0,NA,0.0,0.0,0.0,26.75,61.5,1.25,216.75,NA,NA,32.0,752.0,0.0
2026-05-13 03:00:00,65.0,123.0,29.25,13.75,30.5,39.0,6.67,0.0,42.75,1.0,5.75,NA,0.0,0.0,0.0,26.0,64.5,1.5,226.25,NA,NA,34.75,752.0,0.0
2026-05-13 04:00:00,76.0,122.5,35.75,15.5,34.25,44.0,7.75,0.0,41.0,1.0,4.75,NA,0.0,0.75,0.0,26.0,69.5,1.25,230.5,NA,NA,39.5,752.0,0.0
2026-05-13 05:00:00,71.5,125.25,38.5,16.25,37.0,48.5,8.33,0.67,43.0,1.0,4.5,NA,0.0,0.75,0.0,25.75,72.75,1.0,238.5,NA,NA,50.75,752.0,0.0
2026-05-13 06:00:00,69.0,121.0,34.25,15.5,35.5,53.25,8.75,1.0,40.0,3.25,6.25,NA,0.0,1.25,0.75,26.0,72.75,1.0,234.0,NA,NA,94.75,752.0,0.0
2026-05-13 07:00:00,75.0,125.75,36.0,15.0,35.75,64.0,8.0,0.67,30.25,4.0,7.75,NA,0.0,2.0,1.0,27.25,69.75,1.5,229.5,NA,NA,301.5,752.0,0.0
2026-05-13 08:00:00,89.25,135.0,40.5,17.5,41.0,69.25,8.25,1.0,36.0,4.0,7.75,NA,0.0,2.0,1.0,28.0,68.0,1.75,229.5,NA,NA,485.25,752.0,1.0
2026-05-13 09:00:00,91.25,138.5,35.25,29.0,42.75,67.75,8.0,0.33,51.75,4.0,7.75,NA,0.0,2.0,1.0,28.75,66.75,1.75,226.25,NA,NA,578.75,752.25,1.0
2026-05-13 10:00:00,75.0,151.5,31.75,20.5,35.75,61.0,6.5,0.0,42.75,3.75,9.0,NA,0.0,2.0,1.0,30.25,62.75,2.0,229.75,NA,NA,796.5,753.0,1.0
2026-05-13 11:00:00,74.25,147.0,22.5,17.75,33.5,55.0,6.67,0.33,39.5,3.75,9.5,NA,0.0,2.0,1.0,31.5,59.0,1.75,220.75,NA,NA,883.5,753.0,1.0
2026-05-13 12:00:00,76.75,145.5,30.25,20.75,34.5,51.0,6.0,0.5,39.25,4.75,7.5,NA,0.0,1.25,1.0,32.5,55.0,1.25,218.25,NA,NA,815.0,753.5,1.0
2026-05-13 13:00:00,66.5,139.25,22.5,15.25,26.25,46.0,6.33,0.33,41.25,4.75,7.0,NA,0.0,1.0,1.0,33.0,53.5,1.25,179.5,NA,NA,321.75,754.0,1.0
2026-05-13 14:00:00,53.25,132.25,29.5,16.5,31.25,47.25,7.0,0.0,51.0,5.0,7.0,NA,0.0,1.0,1.0,32.25,53.75,1.0,151.75,NA,NA,108.0,753.25,1.0
2026-05-13 15:00:00,75.0,172.0,26.0,11.75,26.75,50.75,7.67,0.0,40.5,4.75,7.0,NA,0.0,1.0,1.0,29.75,44.0,1.25,193.0,NA,NA,181.0,752.75,1.0
2026-05-13 16:00:00,70.0,180.25,28.5,20.0,33.25,53.5,7.5,0.5,32.5,3.5,10.0,NA,0.0,1.75,1.0,30.75,38.25,1.75,218.75,NA,NA,101.75,753.0,1.0
2026-05-13 17:00:00,45.75,153.0,30.25,14.75,31.0,58.0,6.0,0.67,35.5,3.25,11.75,NA,0.0,1.5,1.0,31.0,37.25,2.0,251.5,NA,NA,46.25,753.0,1.0
2026-05-13 18:00:00,37.75,123.5,41.0,13.25,38.25,65.0,6.5,0.75,34.5,4.75,13.75,NA,1.0,2.0,1.75,29.75,39.0,2.0,285.25,NA,NA,16.25,752.75,1.0
2026-05-13 19:00:00,25.0,120.0,33.0,19.0,34.5,67.5,10.0,0.67,33.5,5.0,13.5,NA,1.0,2.0,2.0,27.75,44.75,2.0,274.5,NA,NA,15.0,752.0,0.5
2026-05-13 20:00:00,29.75,136.75,26.25,22.75,31.75,70.75,15.0,1.0,35.25,5.0,13.75,NA,1.0,2.0,2.0,27.75,45.25,1.75,224.0,NA,NA,18.5,752.0,0.5
2026-05-13 21:00:00,46.0,149.25,30.75,18.0,32.5,69.25,13.0,1.0,32.75,5.0,13.75,NA,1.0,2.0,2.0,26.25,50.5,2.0,216.5,NA,NA,18.5,752.0,0.25
2026-05-13 22:00:00,54.75,143.75,29.0,23.0,35.0,59.5,13.0,1.0,38.25,4.25,11.25,NA,0.5,2.0,0.5,26.0,51.5,1.75,188.0,NA,NA,24.5,752.0,0.0
2026-05-13 23:00:00,63.33,143.33,38.0,16.33,38.33,50.33,11.5,0.5,37.67,3.67,9.0,NA,0.33,1.33,0.33,26.0,53.67,2.0,207.67,NA,NA,31.33,752.0,0.0
2026-05-14 00:00:00,58.5,142.5,34.5,7.5,31.25,NA,15.75,0.0,33.75,1.0,5.25,NA,0.0,0.0,0.0,25.5,56.25,1.75,262.5,NA,NA,35.0,751.75,0.0
2026-05-14 01:00:00,64.75,139.0,37.75,16.25,37.75,38.0,11.0,0.0,34.0,1.0,5.0,NA,0.0,0.0,0.0,25.25,57.0,2.0,211.0,NA,NA,39.0,751.5,0.0
2026-05-14 02:00:00,62.75,140.25,23.0,20.0,29.0,37.0,12.5,0.0,32.5,1.0,5.25,NA,0.0,0.0,0.0,24.25,61.75,1.25,207.5,NA,NA,34.25,751.0,0.0
2026-05-14 03:00:00,58.25,134.0,26.5,21.0,31.75,37.5,10.0,0.0,32.5,1.0,5.5,NA,0.0,0.0,0.0,23.75,63.75,1.0,215.0,NA,NA,31.75,751.0,0.0
2026-05-14 04:00:00,41.0,100.0,36.5,16.0,36.5,44.75,4.67,0.5,33.0,1.0,4.75,NA,0.0,0.75,0.0,23.75,61.25,1.0,235.0,NA,NA,27.75,751.0,0.0
2026-05-14 05:00:00,36.25,84.25,34.25,16.0,34.5,45.25,6.67,0.0,31.5,1.0,4.75,NA,0.0,1.0,0.0,22.75,62.5,1.0,239.25,NA,NA,41.75,751.0,0.0
2026-05-14 06:00:00,40.75,76.0,29.0,10.25,27.5,56.5,8.0,0.0,31.0,4.0,7.0,NA,0.0,1.75,0.75,22.5,66.75,1.0,216.0,NA,NA,153.25,751.0,0.0
2026-05-14 07:00:00,41.0,87.25,35.75,19.75,38.5,63.0,6.33,0.67,36.75,4.0,8.25,NA,0.25,2.0,1.0,23.25,68.75,1.0,231.0,NA,NA,343.5,751.0,0.0
2026-05-14 08:00:00,37.5,107.25,26.75,24.75,34.25,67.25,5.25,0.75,36.75,4.0,7.75,NA,0.25,2.0,1.0,25.0,66.0,1.0,226.5,NA,NA,575.25,751.5,0.0
2026-05-14 09:00:00,48.75,134.5,26.0,18.25,29.5,67.75,6.0,0.0,31.75,4.0,8.0,NA,0.25,2.0,1.0,26.5,61.75,1.0,234.0,NA,NA,705.75,752.0,0.0
2026-05-14 10:00:00,67.75,148.5,37.75,15.25,37.75,65.25,5.5,0.75,34.25,4.0,9.5,NA,0.25,2.25,1.0,28.0,58.25,1.25,219.0,NA,NA,847.25,752.25,0.75
2026-05-14 11:00:00,60.0,151.0,43.75,22.25,45.0,67.0,7.33,0.0,45.25,5.75,12.25,NA,1.0,3.0,1.0,29.75,52.5,1.25,201.0,NA,NA,895.25,751.75,0.75
2026-05-14 12:00:00,48.5,149.5,37.0,16.5,35.25,61.25,8.75,0.75,47.5,6.25,11.0,NA,1.0,2.25,1.25,30.25,49.25,1.0,173.5,NA,NA,813.25,751.0,0.75
2026-05-14 13:00:00,49.25,138.25,23.5,10.75,23.0,55.25,7.33,0.33,46.0,7.0,10.75,NA,1.0,2.0,1.25,31.75,52.25,0.5,174.25,NA,NA,439.25,753.0,1.0
2026-05-14 14:00:00,46.0,128.5,30.75,17.25,32.75,53.75,6.75,0.0,60.0,7.0,10.0,NA,1.0,2.0,1.25,32.0,51.75,1.25,191.5,NA,NA,165.25,753.0,1.0
2026-05-14 15:00:00,NA,NA,31.75,18.0,36.75,61.75,7.0,0.0,58.25,7.0,10.25,NA,1.0,2.0,1.25,32.0,51.25,1.5,197.75,NA,NA,124.5,753.0,1.0
2026-05-14 16:00:00,5.0,NA,27.0,15.5,29.0,64.25,6.0,1.0,42.25,5.5,12.75,NA,1.0,2.25,1.75,32.0,51.25,1.25,186.5,NA,NA,100.5,753.0,1.0
2026-05-14 17:00:00,34.75,99.0,17.0,16.0,22.5,69.75,8.5,0.67,50.67,5.25,13.75,NA,1.0,2.5,2.0,31.75,52.0,2.0,213.25,NA,NA,64.0,753.0,1.0
2026-05-14 18:00:00,52.25,97.0,27.5,15.75,29.75,77.25,8.5,1.0,NA,6.75,16.25,NA,1.5,3.0,2.75,30.75,55.25,2.0,214.0,NA,NA,30.75,753.0,1.0
2026-05-14 19:00:00,50.5,109.75,36.5,13.5,34.5,82.0,8.33,1.0,38.67,6.75,16.75,NA,1.75,3.0,3.0,29.25,59.0,2.0,212.0,NA,NA,13.75,752.75,1.0
2026-05-14 20:00:00,49.0,115.0,19.0,15.5,22.5,83.5,10.0,1.0,37.5,7.0,16.5,NA,1.75,3.0,3.0,29.0,61.0,2.0,215.0,NA,NA,13.75,752.5,1.0
2026-05-14 21:00:00,58.0,106.0,23.5,17.5,26.5,77.0,8.33,0.67,38.75,7.0,17.0,NA,1.25,3.0,3.0,28.5,61.75,2.0,210.75,NA,NA,18.5,752.0,1.0
2026-05-14 22:00:00,53.25,105.75,25.0,18.5,29.5,69.25,8.75,1.0,38.75,6.0,13.25,NA,1.0,3.0,1.5,28.0,63.0,2.0,212.75,NA,NA,21.0,752.0,0.75
2026-05-14 23:00:00,47.33,111.0,38.33,16.67,38.0,61.0,8.5,0.5,37.67,6.0,12.33,NA,1.0,2.0,1.0,27.33,63.67,2.0,212.33,NA,NA,22.33,752.0,0.33
2026-05-15 00:00:00,46.0,120.5,27.25,13.5,28.5,NA,9.75,1.0,40.5,3.0,8.75,NA,1.0,1.0,1.0,27.0,65.0,1.75,206.75,NA,NA,23.75,752.0,0.0
2026-05-15 01:00:00,51.25,114.75,28.0,11.75,28.0,46.25,9.67,0.67,39.5,3.0,8.25,NA,1.0,1.0,1.0,27.0,65.75,1.75,227.75,NA,NA,26.5,752.0,0.0
2026-05-15 02:00:00,50.0,111.75,22.0,16.5,26.25,46.25,9.0,0.75,41.25,3.0,8.5,NA,1.0,1.0,1.0,26.75,65.75,2.0,229.0,NA,NA,26.5,752.0,0.0
2026-05-15 03:00:00,45.25,109.0,41.5,15.0,40.0,47.0,5.0,0.67,42.0,3.0,8.5,NA,1.0,1.0,1.0,26.0,66.75,1.5,235.0,NA,NA,27.25,752.0,0.0
2026-05-15 04:00:00,48.25,109.75,25.25,18.5,27.5,53.75,5.0,0.75,42.75,3.0,8.0,NA,1.0,1.0,1.0,25.75,68.5,1.0,258.25,NA,NA,31.5,752.0,0.0
2026-05-15 05:00:00,49.0,110.0,24.25,14.5,27.5,56.0,8.33,1.0,41.5,3.0,7.5,NA,1.0,1.0,1.0,25.0,71.5,0.75,233.25,NA,NA,50.5,751.0,0.0
2026-05-15 06:00:00,59.5,113.5,33.75,19.25,36.75,66.75,7.5,1.0,40.5,5.25,10.25,NA,1.0,3.0,2.0,25.75,70.25,1.5,217.0,NA,NA,149.75,752.0,0.0
2026-05-15 07:00:00,56.5,116.5,36.0,22.5,39.75,74.75,8.33,0.33,42.0,6.0,11.25,NA,1.0,3.0,2.0,27.0,67.5,1.25,159.5,NA,NA,225.75,752.0,0.25
2026-05-15 08:00:00,70.5,131.25,24.25,19.5,29.5,83.25,9.25,0.75,37.75,6.0,10.75,NA,1.0,3.0,1.75,27.0,69.5,1.25,207.0,NA,NA,123.25,752.0,0.0
2026-05-15 09:00:00,76.0,146.0,26.5,16.0,29.25,81.0,9.67,0.33,41.0,6.0,10.75,NA,1.0,3.0,1.75,27.0,69.25,1.5,262.5,NA,NA,191.0,752.0,0.25
2026-05-15 10:00:00,57.5,152.5,33.25,15.75,34.0,74.5,10.25,0.0,37.0,6.0,12.0,NA,1.0,3.0,1.5,27.75,66.5,1.25,274.25,NA,NA,372.0,752.25,0.5
2026-05-15 11:00:00,51.5,149.5,30.25,8.5,28.0,54.75,6.33,0.0,30.0,5.5,12.25,NA,1.0,3.0,1.0,30.25,59.25,1.0,200.5,NA,NA,815.5,752.75,1.0
2026-05-15 12:00:00,57.5,148.75,34.0,13.0,33.5,47.0,3.5,0.25,27.5,6.5,10.5,NA,1.0,2.5,1.25,31.25,55.0,1.0,195.25,NA,NA,764.75,753.0,1.0
2026-05-15 13:00:00,52.75,140.0,40.0,19.25,41.5,40.75,5.33,0.67,29.5,7.0,10.25,NA,1.0,2.0,1.25,31.75,50.5,0.75,212.25,NA,NA,380.75,753.0,1.0
2026-05-15 14:00:00,38.5,136.25,26.25,19.5,30.0,40.75,6.75,0.5,30.25,6.75,10.25,NA,1.0,2.0,1.5,32.75,49.25,1.25,212.75,NA,NA,162.5,753.5,1.0
2026-05-15 15:00:00,51.0,129.75,32.09,14.13,31.86,46.25,7.42,1.37,32.36,7.1,10.64,NA,1.59,2.65,1.93,33.73,47.48,1.12,210.22,NA,NA,127.15,754.08,1.24
2026-05-15 16:00:00,45.18,120.1,23.48,14.98,25.99,49.09,6.71,1.45,28.98,6.42,13.68,NA,1.72,2.93,2.19,34.13,46.93,1.99,69.84,NA,NA,95.57,754.2,1.26
2026-05-15 17:00:00,47.9,113.7,23.67,12.57,24.58,52.37,8.82,1.3,31.14,6.0,14.45,NA,1.81,3.1,2.26,33.73,46.28,2.32,81.08,NA,NA,60.35,754.08,1.23
2026-05-15 18:00:00,50.35,115.23,22.83,21.02,28.39,58.1,9.87,1.65,31.3,7.05,16.51,NA,1.9,3.54,2.8,32.72,47.83,2.52,102.01,NA,NA,28.27,753.83,1.19
2026-05-15 19:00:00,44.73,126.13,30.33,14.92,31.19,61.1,9.31,1.27,29.64,7.35,17.08,NA,2.04,3.69,3.41,31.35,52.02,2.38,144.45,NA,NA,21.85,753.45,1.13
2026-05-15 20:00:00,46.93,149.53,32.56,15.26,32.59,64.23,10.17,1.1,30.4,7.24,17.12,NA,1.96,3.69,3.35,30.67,55.79,2.25,208.25,NA,NA,25.64,753.28,1.09
2026-05-15 21:00:00,65.05,156.3,27.88,16.13,29.88,59.9,10.13,1.62,31.35,7.55,17.44,NA,1.98,3.71,3.31,29.71,60.2,2.36,210.06,NA,NA,26.75,753.0,1.06
2026-05-15 22:00:00,54.65,147.65,30.29,23.13,37.77,52.29,10.62,1.72,30.44,6.32,13.49,NA,1.86,2.89,1.67,29.02,61.45,2.26,236.13,NA,NA,33.03,752.85,1.03
2026-05-15 23:00:00,59.07,146.4,28.61,21.17,32.69,49.93,10.04,1.83,28.02,6.02,12.49,NA,1.78,2.87,1.66,29.07,61.27,2.39,257.77,NA,NA,33.79,752.87,1.03
2026-05-16 00:00:00,63.23,152.45,26.5,14.34,26.83,NA,13.75,1.11,29.48,3.7,8.98,NA,1.16,1.62,1.36,28.63,62.76,2.22,314.59,NA,NA,20.2,752.75,1.01
2026-05-16 01:00:00,54.03,149.23,30.95,21.56,34.54,35.29,14.07,1.11,29.41,3.72,8.94,NA,1.14,1.62,1.35,27.43,66.5,2.24,319.23,NA,NA,29.17,752.4,0.96
2026-05-16 02:00:00,47.48,141.2,41.88,12.31,38.68,33.31,16.11,1.05,30.63,3.7,9.04,NA,1.15,1.61,1.38,26.71,69.29,2.18,318.28,NA,NA,29.59,752.23,0.93
2026-05-16 03:00:00,61.58,136.0,36.75,15.25,36.17,34.42,13.65,0.83,30.25,3.73,8.73,NA,1.17,1.6,1.39,26.81,68.48,1.78,301.01,NA,NA,35.59,752.23,0.93
2026-05-16 04:00:00,67.9,131.88,33.11,12.44,32.11,39.0,13.8,0.82,29.31,3.6,8.57,NA,1.2,1.92,1.48,25.94,72.52,1.96,242.68,NA,NA,28.56,752.0,0.92
2026-05-16 05:00:00,66.0,129.93,28.67,16.65,31.52,45.07,9.51,0.41,32.19,3.55,7.97,NA,1.28,1.98,1.5,25.16,76.3,1.93,217.32,NA,NA,51.05,751.8,0.86
2026-05-16 06:00:00,69.35,132.1,20.17,15.88,24.98,50.61,8.01,0.52,34.72,5.7,10.38,NA,1.62,3.12,1.9,26.05,72.9,2.05,225.33,NA,NA,130.85,752.05,0.9
2026-05-16 07:00:00,81.73,137.55,30.08,16.03,31.56,57.83,6.56,0.94,31.57,6.29,11.5,NA,1.77,3.49,2.05,29.04,62.95,1.77,185.63,NA,NA,346.13,752.85,1.03
2026-05-16 08:00:00,85.25,145.25,27.08,24.8,34.5,62.26,4.08,0.94,33.57,6.44,11.64,NA,1.72,3.55,2.0,31.68,53.43,1.58,240.14,NA,NA,576.57,753.55,1.15
2026-05-16 09:00:00,74.33,139.93,28.36,18.2,32.09,61.13,7.97,0.65,33.39,6.47,11.37,NA,1.75,3.49,2.04,33.77,47.31,1.41,156.1,NA,NA,775.18,754.1,1.24
2026-05-16 10:00:00,64.43,140.28,35.28,24.65,40.27,58.31,6.33,0.55,39.96,6.23,11.81,NA,1.75,3.64,1.93,34.09,45.58,1.32,95.16,NA,NA,835.73,754.2,1.25
2026-05-16 11:00:00,56.88,132.83,36.75,22.27,39.96,50.12,6.67,1.13,37.08,6.1,12.68,NA,1.68,3.81,1.9,35.23,41.02,1.58,87.78,NA,NA,945.38,754.5,1.3
2026-05-16 12:00:00,50.78,127.98,34.64,15.03,34.33,46.55,6.07,1.3,33.33,6.69,11.78,NA,1.6,3.2,1.92,35.88,39.76,1.52,73.96,NA,NA,952.92,754.7,1.33
2026-05-16 13:00:00,35.68,113.35,27.95,19.29,32.46,41.74,6.73,1.22,37.73,7.08,10.57,NA,1.59,2.64,1.95,36.87,37.22,1.96,74.58,NA,NA,492.56,754.95,1.38
2026-05-16 14:00:00,32.15,105.15,29.73,12.73,29.38,43.14,7.01,1.39,34.75,7.14,10.76,NA,1.59,2.63,1.97,37.08,36.32,2.05,71.56,NA,NA,109.09,755.0,1.38
2026-05-16 15:00:00,34.55,99.18,26.03,19.77,30.86,47.41,6.58,0.67,40.91,7.15,11.05,NA,1.57,2.63,1.96,37.1,35.43,2.04,70.95,NA,NA,83.39,755.0,1.38
2026-05-16 16:00:00,40.9,96.23,26.59,24.42,33.64,49.34,6.84,0.9,37.89,6.35,13.56,NA,1.73,2.93,2.17,36.82,35.68,2.1,74.55,NA,NA,65.35,754.93,1.37
2026-05-16 17:00:00,32.7,92.1,34.41,28.64,41.72,52.57,8.09,1.13,35.73,5.99,14.79,NA,1.79,3.05,2.24,36.03,37.43,2.19,78.3,NA,NA,39.98,754.73,1.34
2026-05-16 18:00:00,28.5,86.02,31.88,22.16,35.18,60.96,9.64,0.98,33.89,7.27,16.55,NA,1.98,3.73,3.43,34.56,39.44,2.48,79.26,NA,NA,7.09,754.33,1.27
2026-05-16 19:00:00,31.65,103.7,26.4,22.28,32.31,61.14,10.44,0.73,30.44,7.28,17.24,NA,1.93,3.61,3.33,33.08,42.46,2.63,85.39,NA,NA,3.2,753.93,1.21
2026-05-16 20:00:00,56.43,114.68,41.4,13.66,39.33,63.52,13.4,1.02,29.9,7.51,17.04,NA,2.01,3.73,3.38,31.78,45.66,2.45,33.3,NA,NA,7.79,753.55,1.15
2026-05-16 21:00:00,58.4,124.65,36.61,16.78,38.73,57.67,13.15,1.22,28.4,7.78,17.38,NA,2.0,3.71,3.29,30.55,47.75,2.54,81.31,NA,NA,17.71,753.28,1.1
2026-05-16 22:00:00,76.98,174.13,32.32,17.09,33.87,52.0,17.03,1.47,29.77,6.37,13.8,NA,1.81,2.99,1.65,29.91,48.5,2.47,81.34,NA,NA,17.69,753.08,1.07
2026-05-16 23:00:00,78.87,181.0,32.44,16.75,31.89,45.84,13.33,1.53,30.0,6.02,12.32,NA,1.76,2.96,1.66,29.65,48.79,2.42,76.74,NA,NA,21.09,752.9,1.04
2026-05-17 00:00:00,81.45,184.23,30.25,16.26,32.45,NA,12.26,1.9,32.39,3.7,8.98,NA,1.25,1.63,1.4,29.0,49.55,2.39,45.38,NA,NA,32.3,752.82,1.03
2026-05-17 01:00:00,60.25,165.13,34.85,12.42,33.26,35.38,10.15,0.97,34.62,3.74,9.0,NA,1.17,1.59,1.32,28.8,49.14,2.31,60.71,NA,NA,28.23,752.75,1.02
2026-05-17 02:00:00,68.63,150.43,24.07,13.56,26.44,33.37,9.3,1.14,35.55,3.73,9.26,NA,1.21,1.57,1.34,28.39,49.22,2.29,91.81,NA,NA,26.28,752.68,1.0
2026-05-17 03:00:00,58.05,136.58,35.67,11.65,33.35,34.64,11.74,0.97,34.57,3.73,9.08,NA,1.2,1.6,1.33,27.89,50.41,2.2,82.54,NA,NA,29.32,752.55,0.98
2026-05-17 04:00:00,59.7,126.45,29.17,6.85,26.11,38.51,12.43,0.79,34.39,3.59,8.57,NA,1.22,1.8,1.41,27.23,52.31,2.22,61.86,NA,NA,29.32,752.38,0.95
2026-05-17 05:00:00,68.0,118.05,41.7,17.94,40.85,42.73,11.11,0.81,30.81,3.5,8.16,NA,1.25,1.96,1.47,26.77,54.08,2.18,35.75,NA,NA,41.01,752.23,0.93
2026-05-17 06:00:00,64.58,115.45,27.15,16.07,28.88,49.12,10.16,0.87,31.55,4.8,10.13,NA,1.5,2.74,1.77,27.7,53.39,2.18,37.61,NA,NA,106.55,752.45,0.97
2026-05-17 07:00:00,68.43,172.38,28.31,26.64,36.26,57.98,9.16,1.3,33.98,6.24,11.47,NA,1.75,3.45,2.05,31.26,47.13,2.32,56.07,NA,NA,388.56,753.43,1.13
2026-05-17 08:00:00,65.35,172.7,34.45,24.83,37.54,61.52,9.98,1.32,36.38,6.35,11.53,NA,1.73,3.51,2.03,32.81,45.06,2.52,63.0,NA,NA,562.16,753.85,1.2
2026-05-17 09:00:00,65.03,167.45,36.24,16.34,36.54,61.85,8.39,1.06,38.36,6.39,11.32,NA,1.74,3.55,2.01,34.13,43.34,2.33,59.89,NA,NA,709.69,754.23,1.26
2026-05-17 10:00:00,59.68,162.88,25.84,23.44,32.82,58.65,5.31,1.01,38.33,6.41,12.36,NA,1.71,3.65,1.96,35.5,40.7,2.02,67.3,NA,NA,861.03,754.58,1.31
2026-05-17 11:00:00,52.98,161.53,23.95,20.9,33.21,50.87,8.55,0.68,43.11,5.93,12.6,NA,1.65,3.84,1.87,37.12,37.61,2.26,68.99,NA,NA,969.7,755.03,1.39
2026-05-17 12:00:00,37.5,161.55,22.14,23.55,35.24,47.33,6.0,0.66,53.0,7.07,10.57,NA,1.6,2.55,1.88,37.54,36.55,2.15,63.67,NA,NA,937.56,755.13,1.4
2026-05-17 13:00:00,38.9,162.78,33.59,17.02,35.01,42.48,5.21,1.0,55.65,7.25,10.67,NA,1.61,2.61,1.95,38.6,34.41,2.12,67.51,NA,NA,264.34,755.4,1.45
2026-05-17 14:00:00,38.3,162.43,33.64,19.16,36.63,43.44,5.02,0.98,64.41,7.17,10.81,NA,1.59,2.58,1.95,38.59,34.56,2.08,67.69,NA,NA,138.03,755.4,1.45
2026-05-17 15:00:00,39.23,162.3,38.01,28.03,43.71,44.7,6.28,0.97,63.99,7.08,10.63,NA,1.57,2.62,2.01,38.63,34.74,2.05,70.13,NA,NA,118.28,755.4,1.45
2026-05-17 16:00:00,45.35,171.53,35.17,16.15,37.54,49.25,9.03,1.06,46.13,6.59,12.85,NA,1.7,2.83,2.12,38.27,35.35,2.33,63.89,NA,NA,82.02,755.33,1.43
2026-05-17 17:00:00,45.1,177.88,39.77,14.68,38.36,53.49,8.7,1.02,38.71,6.14,14.59,NA,1.78,3.04,2.24,37.17,36.82,2.22,68.31,NA,NA,49.47,755.03,1.39
2026-05-17 18:00:00,36.35,175.55,35.93,14.49,31.81,59.0,9.2,0.93,37.62,7.43,17.26,NA,2.0,3.67,3.33,35.28,39.37,2.54,62.2,NA,NA,11.82,754.55,1.31
2026-05-17 19:00:00,36.75,170.95,32.78,14.18,33.77,60.97,9.6,0.87,35.84,7.33,17.37,NA,2.02,3.65,3.32,34.55,40.17,2.43,60.63,NA,NA,2.44,754.35,1.27
2026-05-17 20:00:00,51.1,185.55,36.89,11.71,33.83,65.88,10.82,1.24,31.99,7.71,17.13,NA,1.97,3.7,3.37,33.15,42.3,2.64,44.01,NA,NA,8.89,753.93,1.21
2026-05-17 21:00:00,55.63,186.65,39.22,18.95,40.0,60.1,11.07,1.03,32.4,7.7,17.15,NA,2.0,3.62,3.3,32.56,43.96,2.68,47.6,NA,NA,20.3,753.78,1.19
2026-05-17 22:00:00,67.28,215.45,38.75,23.51,42.06,52.79,14.21,0.89,33.84,6.2,12.26,NA,1.78,2.93,1.67,31.87,45.93,2.67,61.61,NA,NA,35.93,753.58,1.16
2026-05-17 23:00:00,64.2,212.25,37.78,14.68,36.73,42.78,10.84,0.95,34.1,6.2,12.2,NA,1.78,3.02,1.62,31.55,47.0,2.64,71.06,NA,NA,33.68,753.5,1.14
2026-05-18 00:00:00,68.93,200.23,30.62,20.63,34.69,NA,13.47,1.05,29.42,3.7,8.77,NA,1.19,1.63,1.37,30.72,48.89,2.55,48.67,NA,NA,25.85,753.28,1.11
2026-05-18 01:00:00,62.33,180.9,43.06,19.48,43.57,35.1,10.96,1.3,29.26,3.71,8.63,NA,1.16,1.64,1.35,30.0,50.82,2.27,310.56,NA,NA,31.93,753.1,1.07
2026-05-18 02:00:00,63.25,173.58,27.26,15.22,29.26,34.14,13.21,1.45,26.33,3.75,8.65,NA,1.21,1.64,1.37,29.28,52.94,2.27,308.79,NA,NA,35.6,752.9,1.04
2026-05-18 03:00:00,63.2,171.8,30.9,22.11,34.92,34.97,10.58,0.71,29.75,3.72,8.58,NA,1.18,1.6,1.36,29.87,49.76,2.18,98.37,NA,NA,23.77,753.05,1.07
2026-05-18 04:00:00,55.3,164.4,26.52,22.71,31.87,39.37,9.82,0.63,30.04,3.49,8.14,NA,1.24,1.96,1.46,29.85,47.83,2.39,181.17,NA,NA,16.92,753.08,1.07
2026-05-18 05:00:00,62.95,169.95,31.86,21.81,36.57,44.81,9.22,0.9,33.42,3.52,8.14,NA,1.24,1.98,1.48,29.63,47.76,2.15,265.31,NA,NA,29.27,753.0,1.06
2026-05-18 06:00:00,68.58,180.45,34.57,21.43,38.28,48.23,9.69,1.14,34.45,4.98,9.68,NA,1.51,2.77,1.77,30.06,47.37,2.19,197.42,NA,NA,86.49,753.13,1.08
2026-05-18 07:00:00,75.78,208.2,26.13,10.46,26.27,57.96,12.76,0.42,33.47,6.31,11.18,NA,1.74,3.52,2.05,32.42,44.73,2.24,67.14,NA,NA,355.35,753.75,1.18
2026-05-18 08:00:00,77.25,209.6,30.72,13.8,31.85,60.34,12.65,0.35,34.7,6.15,10.97,NA,1.72,3.46,2.07,33.19,44.07,2.44,63.28,NA,NA,464.8,753.95,1.21
2026-05-18 09:00:00,69.13,211.75,36.7,14.61,36.1,61.05,7.01,0.85,42.3,6.33,11.32,NA,1.75,3.49,2.05,34.68,43.19,2.21,99.1,NA,NA,683.61,754.35,1.28
2026-05-18 10:00:00,68.8,210.08,32.76,16.71,34.52,56.67,2.18,0.9,47.46,6.22,11.82,NA,1.7,3.72,1.88,35.78,41.79,1.44,153.96,NA,NA,802.15,754.65,1.33
2026-05-18 11:00:00,71.88,202.58,30.94,13.53,31.76,51.58,4.81,0.94,41.9,5.83,12.91,NA,1.67,3.84,1.91,37.66,38.79,1.6,100.6,NA,NA,897.88,755.18,1.41
2026-05-18 12:00:00,56.5,195.8,25.01,11.48,19.55,45.75,5.13,0.88,52.88,5.07,8.5,NA,1.22,2.24,1.5,37.24,42.26,1.62,188.01,NA,NA,678.83,755.07,1.04
2026-05-18 13:00:00,55.68,199.8,29.28,17.57,31.54,44.14,6.34,1.04,56.31,7.06,10.77,NA,1.61,2.6,1.95,36.93,43.98,2.08,195.46,NA,NA,444.95,754.95,1.38
2026-05-18 14:00:00,58.43,201.5,23.75,21.58,30.24,42.81,6.46,0.82,38.99,7.1,10.7,NA,1.63,2.65,1.92,37.05,44.04,2.25,199.35,NA,NA,164.39,755.0,1.38
2026-05-18 15:00:00,57.03,194.7,25.97,19.71,30.91,45.29,8.81,0.54,35.82,7.15,10.42,NA,1.61,2.66,1.95,37.69,42.61,1.92,170.09,NA,NA,120.19,755.2,1.41
2026-05-18 16:00:00,61.97,189.08,24.35,15.5,25.71,48.6,10.0,0.54,40.56,6.35,14.05,NA,1.73,2.89,2.19,38.18,38.84,2.2,88.97,NA,NA,79.24,755.33,1.43
2026-05-18 17:00:00,57.38,167.25,27.12,16.92,30.19,53.57,8.4,1.28,39.65,6.0,14.36,NA,1.81,3.03,2.22,38.2,32.61,2.45,66.83,NA,NA,29.88,755.3,1.43
2026-05-18 18:00:00,39.65,147.53,31.49,16.91,33.74,57.22,8.04,1.62,35.05,6.73,15.71,NA,1.86,3.54,2.78,37.08,33.54,2.47,65.39,NA,NA,15.49,755.0,1.39
2026-05-18 19:00:00,49.1,138.67,29.75,19.95,34.13,60.72,9.65,1.24,33.23,7.61,17.35,NA,2.02,3.67,3.35,34.46,37.95,2.75,93.37,NA,NA,NA,754.3,1.27
2026-05-18 20:00:00,41.9,149.63,44.26,20.61,44.97,64.79,12.28,1.29,32.0,7.25,17.27,NA,2.0,3.68,3.39,33.47,40.16,2.69,69.91,NA,NA,6.11,754.03,1.23
2026-05-18 21:00:00,52.38,141.38,43.09,23.6,47.25,58.08,11.21,1.3,33.18,7.44,17.22,NA,2.0,3.69,3.29,32.46,41.46,2.49,154.92,NA,NA,11.13,753.75,1.18
2026-05-18 22:00:00,56.4,149.2,39.64,13.93,35.66,55.55,10.99,1.45,31.14,6.8,14.55,NA,1.89,3.13,2.49,31.92,42.36,2.56,183.9,NA,NA,16.75,753.63,1.15
2026-05-18 23:00:00,62.2,170.95,39.19,3.24,28.92,44.05,8.18,0.6,32.53,5.93,12.08,NA,1.75,2.93,1.73,30.71,45.4,2.55,210.79,NA,NA,26.84,753.25,1.11
2026-05-19 00:00:00,63.38,166.0,31.53,11.69,29.63,NA,15.5,0.84,29.2,3.72,8.91,NA,1.13,1.6,1.34,29.99,48.06,2.49,210.79,NA,NA,30.26,753.08,1.07
2026-05-19 01:00:00,71.65,162.4,17.98,15.49,20.82,34.89,14.86,0.91,29.04,3.72,8.77,NA,1.17,1.58,1.32,29.6,49.11,2.45,210.79,NA,NA,34.36,752.98,1.06
2026-05-19 02:00:00,65.43,165.1,36.23,10.15,31.8,33.43,20.05,0.97,31.36,3.69,8.67,NA,1.19,1.62,1.37,29.69,49.7,2.46,214.83,NA,NA,35.5,753.0,1.06
2026-05-19 03:00:00,73.95,164.95,31.79,11.66,30.74,35.66,11.76,0.58,30.57,3.73,8.98,NA,1.15,1.62,1.36,29.09,52.73,2.4,217.06,NA,NA,37.76,752.85,1.03
2026-05-19 04:00:00,62.87,156.5,37.97,8.68,33.02,41.78,12.91,0.6,29.75,3.45,8.15,NA,1.26,1.88,1.48,28.89,54.33,2.38,216.83,NA,NA,38.19,752.77,1.02
2026-05-19 05:00:00,NA,NA,NA,NA,0.0,NA,NA,0.0,NA,0.0,0.0,NA,0.0,0.0,0.0,NA,NA,NA,NA,NA,NA,NA,NA,0.0
2026-05-19 06:00:00,NA,NA,NA,NA,0.0,NA,NA,0.0,NA,0.0,0.0,NA,0.0,0.0,0.0,NA,NA,NA,NA,NA,NA,NA,NA,0.0
2026-05-19 07:00:00,NA,NA,NA,NA,0.0,NA,NA,0.0,NA,0.0,0.0,NA,0.0,0.0,0.0,NA,NA,NA,NA,NA,NA,NA,NA,0.0
2026-05-19 08:00:00,NA,NA,NA,NA,0.0,NA,NA,0.0,NA,0.0,0.0,NA,0.0,0.0,0.0,NA,NA,NA,NA,NA,NA,NA,NA,0.0
2026-05-19 09:00:00,NA,NA,NA,NA,0.0,NA,NA,0.0,NA,0.0,0.0,NA,0.0,0.0,0.0,NA,NA,NA,NA,NA,NA,NA,NA,0.0
2026-05-19 10:00:00,NA,NA,NA,NA,0.0,NA,NA,0.0,NA,0.0,0.0,NA,0.0,0.0,0.0,NA,NA,NA,NA,NA,NA,NA,NA,0.0
2026-05-19 11:00:00,70.02,174.15,47.37,22.38,45.29,64.8,3.4,1.28,45.02,4.3,10.19,NA,1.01,2.78,1.27,33.09,58.0,2.17,229.13,NA,NA,843.12,752.58,0.99
2026-05-19 12:00:00,82.33,167.13,22.42,26.94,32.54,59.24,4.23,1.89,60.99,4.89,8.0,NA,0.85,1.84,1.27,34.05,59.02,2.24,212.31,NA,NA,725.84,754.18,1.25
2026-05-19 13:00:00,82.4,165.6,56.85,25.54,56.31,54.73,8.27,NA,55.36,5.16,7.75,NA,0.8,1.58,1.29,34.57,56.34,2.38,214.24,NA,NA,318.56,754.33,1.27
2026-05-19 14:00:00,NA,NA,30.29,32.83,39.9,57.32,9.08,0.7,54.03,5.08,7.72,NA,0.78,1.59,1.32,35.17,54.92,2.06,199.9,NA,NA,196.26,754.5,1.3
2026-05-19 15:00:00,5.0,10.6,31.13,17.33,33.06,62.72,8.94,1.0,53.5,5.02,7.64,NA,0.76,1.48,1.28,35.68,54.22,2.25,205.62,NA,NA,147.71,754.65,1.33
2026-05-19 16:00:00,58.33,141.28,55.14,24.74,55.89,63.46,7.26,0.96,95.93,3.94,11.57,NA,1.0,1.94,1.57,35.46,54.63,2.53,212.6,NA,NA,105.75,754.58,1.31
2026-05-19 17:00:00,75.8,178.13,44.51,29.49,48.4,77.4,7.25,0.71,90.16,4.06,11.47,NA,0.98,1.98,1.56,35.17,55.03,2.6,208.8,NA,NA,88.04,754.5,1.3
2026-05-19 18:00:00,72.0,181.88,31.13,27.35,37.1,78.37,7.07,0.38,63.44,NA,NA,NA,NA,NA,NA,33.65,57.44,2.64,216.6,NA,NA,31.81,754.1,1.23
2026-05-19 19:00:00,60.88,186.25,33.05,15.41,28.83,81.42,7.75,0.54,59.58,NA,NA,NA,NA,NA,NA,33.31,58.82,2.69,219.79,NA,NA,20.98,754.0,1.21
2026-05-19 20:00:00,57.73,191.78,39.27,14.14,34.36,86.17,9.95,0.85,53.06,NA,NA,NA,NA,NA,NA,33.0,58.95,2.45,252.36,NA,NA,20.77,753.9,1.21
2026-05-19 21:00:00,71.08,200.73,29.56,19.49,30.88,77.47,8.36,1.19,50.6,5.42,14.22,NA,1.27,2.6,2.68,32.59,58.73,2.68,223.46,NA,NA,16.98,753.8,1.18
2026-05-19 22:00:00,154.85,208.8,35.97,14.37,29.04,71.37,10.05,1.25,49.94,4.11,9.66,NA,0.95,1.89,0.97,31.8,58.56,2.59,228.87,NA,NA,14.6,753.58,1.15
2026-05-19 23:00:00,153.6,206.15,35.06,23.17,38.16,58.0,6.96,0.54,53.92,4.03,9.7,NA,0.94,1.98,1.0,31.54,59.85,2.46,233.99,NA,NA,17.43,753.5,1.14
2026-05-20 00:00:00,108.15,197.8,47.53,18.25,43.33,NA,5.75,0.62,60.5,1.74,6.11,NA,0.33,0.66,0.62,31.04,60.22,2.2,252.72,NA,NA,22.5,753.38,1.12
2026-05-20 01:00:00,76.55,182.53,45.71,19.79,38.72,47.54,7.6,0.24,61.46,1.72,6.03,NA,0.36,0.65,0.66,30.54,61.41,2.26,258.8,NA,NA,28.57,753.25,1.1
2026-05-20 02:00:00,64.05,169.55,31.67,26.61,35.21,44.06,7.42,0.43,61.64,1.71,5.99,NA,0.3,0.66,0.64,30.19,60.95,2.05,244.13,NA,NA,24.38,753.13,1.08
2026-05-20 03:00:00,62.32,164.75,39.53,11.74,33.02,47.74,5.26,0.83,61.95,1.73,5.85,NA,0.39,0.66,0.69,29.59,63.13,1.96,247.21,NA,NA,25.62,753.0,1.06
2026-05-20 04:00:00,64.3,160.5,31.83,15.44,30.02,56.14,5.41,0.88,57.04,1.49,5.22,NA,0.46,1.0,0.75,29.0,65.17,2.12,269.81,NA,NA,31.93,752.85,1.03
2026-05-20 05:00:00,67.2,160.13,42.16,26.07,43.88,58.71,8.62,0.9,52.98,1.51,5.23,NA,0.46,0.95,0.78,27.89,69.4,2.23,210.7,NA,NA,50.27,752.53,0.98
2026-05-20 06:00:00,63.65,166.93,48.82,18.65,44.66,72.91,8.69,1.3,48.62,4.37,8.16,NA,0.92,2.41,1.36,27.65,75.41,2.06,217.19,NA,NA,143.64,752.48,0.97
2026-05-20 07:00:00,70.53,178.9,47.09,17.98,41.67,77.1,5.09,1.18,53.5,4.44,8.29,NA,0.96,2.34,1.35,29.05,71.31,2.19,217.27,NA,NA,311.67,752.85,1.03
2026-05-20 08:00:00,73.2,188.35,40.64,18.77,39.14,83.73,3.59,1.67,56.63,4.27,8.74,NA,0.95,2.37,1.34,30.82,66.01,2.05,228.27,NA,NA,497.49,753.33,1.11
2026-05-20 09:00:00,77.33,194.3,38.99,19.93,43.66,82.66,6.14,1.05,46.24,4.26,8.5,NA,0.95,2.35,1.39,33.2,59.82,2.05,304.72,NA,NA,583.8,753.95,1.15
2026-05-20 10:00:00,90.3,202.18,33.84,25.37,38.61,73.83,6.91,1.54,47.84,3.91,9.79,NA,0.86,2.67,1.17,35.26,53.82,1.64,32.14,NA,NA,796.13,754.53,1.3
2026-05-20 11:00:00,81.48,203.58,24.87,17.44,27.57,69.79,6.66,1.42,53.72,3.92,9.89,NA,0.85,2.67,1.18,36.27,50.76,1.7,35.21,NA,NA,837.94,754.83,1.35
2026-05-20 12:00:00,61.18,213.5,36.69,13.31,33.71,59.31,6.14,0.96,60.83,5.19,7.79,NA,0.78,1.57,1.26,38.46,41.38,2.16,63.35,NA,NA,782.09,755.38,1.44
2026-05-20 13:00:00,48.35,205.38,38.39,25.93,41.67,54.33,9.01,0.79,59.15,5.03,7.96,NA,0.78,1.58,1.3,39.18,40.18,2.08,37.94,NA,NA,252.95,755.55,1.48
2026-05-20 14:00:00,112.63,207.7,35.69,25.8,39.94,56.39,8.91,0.84,56.04,5.14,7.66,NA,0.82,1.57,1.25,39.52,37.53,2.42,68.87,NA,NA,139.8,755.68,1.49
2026-05-20 15:00:00,89.88,193.23,26.47,22.91,28.21,62.17,8.7,1.17,60.43,5.12,7.52,NA,0.81,1.56,1.26,39.86,33.74,1.69,84.68,NA,NA,91.53,755.75,1.51
2026-05-20 16:00:00,62.38,175.25,20.05,23.38,23.84,65.56,7.52,0.96,58.41,4.36,10.68,NA,0.94,1.77,1.49,39.85,32.32,2.16,85.75,NA,NA,66.46,755.75,1.51
2026-05-20 17:00:00,41.4,163.68,27.51,17.6,34.99,72.6,7.61,0.5,51.98,4.0,11.7,NA,0.99,1.89,1.58,38.98,33.05,2.38,67.8,NA,NA,31.76,755.53,1.47
2026-05-20 18:00:00,34.88,167.27,46.68,21.7,51.86,79.32,6.91,0.49,51.84,5.51,14.17,NA,1.15,2.56,2.73,37.07,39.85,2.57,65.57,NA,NA,9.83,755.0,1.38
2026-05-20 19:00:00,34.68,189.28,46.18,17.22,41.25,83.08,9.7,0.77,56.55,5.54,14.08,NA,1.17,2.53,2.66,35.54,42.63,2.4,49.44,NA,NA,3.2,754.6,1.32
2026-05-20 20:00:00,37.0,199.35,37.27,13.59,31.49,87.12,11.09,1.04,57.88,5.4,14.34,NA,1.15,2.48,2.69,34.47,43.15,2.74,89.61,NA,NA,5.51,754.28,1.27
2026-05-20 21:00:00,41.68,201.65,39.45,13.49,35.98,80.05,8.28,0.66,58.65,5.5,13.92,NA,1.17,2.49,2.66,33.77,43.88,2.66,74.37,NA,NA,7.41,754.1,1.24
2026-05-20 22:00:00,47.55,203.18,39.64,12.71,31.13,69.97,9.45,1.06,57.58,3.95,9.19,NA,0.98,1.91,1.0,32.2,46.35,2.59,82.16,NA,NA,11.45,753.68,1.17
2026-05-20 23:00:00,48.57,203.9,43.6,15.47,39.42,65.94,9.28,1.21,59.09,3.93,9.59,NA,0.99,1.94,0.96,31.89,47.05,2.62,73.33,NA,NA,10.49,753.6,1.16
2026-05-21 00:00:00,71.38,217.48,47.52,16.01,42.15,NA,13.28,0.81,58.79,1.73,6.04,NA,0.42,0.64,0.65,31.08,48.25,2.53,87.42,NA,NA,23.49,753.38,1.12
2026-05-21 01:00:00,59.08,219.03,50.64,14.64,42.43,47.01,6.51,0.44,56.76,1.69,5.98,NA,0.36,0.65,0.65,30.91,48.2,2.45,79.43,NA,NA,12.92,753.33,1.11
2026-05-21 02:00:00,59.15,199.3,46.55,14.28,36.8,45.8,6.52,0.46,57.89,1.71,5.57,NA,0.37,0.66,0.64,29.96,50.18,1.9,122.5,NA,NA,10.49,753.08,1.07
2026-05-21 03:00:00,57.15,189.52,36.88,19.81,33.18,45.6,5.81,0.61,60.88,1.72,6.12,NA,0.36,0.65,0.65,29.56,51.01,2.11,152.39,NA,NA,13.2,752.95,1.05
2026-05-21 04:00:00,41.32,178.78,39.05,15.56,33.27,55.14,5.42,0.97,58.29,1.5,5.25,NA,0.43,0.99,0.79,28.14,61.48,2.19,206.72,NA,NA,14.75,752.6,0.99
2026-05-21 05:00:00,41.08,183.0,50.44,17.33,45.74,59.43,6.04,0.85,59.31,1.48,5.2,NA,0.46,0.94,0.78,27.27,72.66,2.04,217.54,NA,NA,34.44,752.35,0.95
2026-05-21 06:00:00,59.45,184.58,36.95,14.81,29.46,71.57,4.56,1.27,61.26,4.44,8.71,NA,0.95,2.39,1.34,28.57,73.44,1.57,275.98,NA,NA,146.48,752.73,1.01
2026-05-21 07:00:00,63.22,184.78,48.84,20.61,47.25,77.04,7.3,1.19,58.85,4.43,8.26,NA,0.95,2.38,1.33,30.59,67.93,1.87,292.44,NA,NA,331.46,753.23,1.1
2026-05-21 08:00:00,65.18,195.63,37.06,16.0,33.93,83.61,6.28,2.16,61.08,4.32,8.11,NA,0.96,2.36,1.36,32.92,59.18,1.58,333.82,NA,NA,575.06,753.88,1.2
2026-05-21 09:00:00,65.63,201.8,37.06,18.55,36.71,81.86,7.14,1.69,57.71,4.39,8.31,NA,0.95,2.42,1.32,34.52,50.43,1.77,212.83,NA,NA,696.17,754.33,1.27
2026-05-21 10:00:00,56.95,186.1,38.47,12.31,33.02,73.6,7.88,0.54,57.39,3.88,9.81,NA,0.89,2.64,1.14,37.23,37.22,1.84,71.42,NA,NA,945.14,755.08,1.39
2026-05-21 11:00:00,47.25,171.05,34.84,11.54,32.89,70.79,12.14,0.63,57.62,3.93,9.92,NA,0.9,2.65,1.12,37.76,36.22,2.08,77.66,NA,NA,970.91,755.2,1.41
2026-05-21 12:00:00,45.48,165.45,30.55,19.18,24.51,63.04,11.55,0.8,58.81,4.6,8.86,NA,0.86,2.15,1.21,39.1,33.68,2.19,69.49,NA,NA,978.68,755.53,1.47
2026-05-21 13:00:00,26.18,151.85,31.13,25.97,36.48,57.24,6.01,0.44,61.6,5.2,7.69,NA,0.79,1.59,1.24,40.35,31.23,2.3,67.03,NA,NA,182.16,755.9,1.53
2026-05-21 14:00:00,24.83,151.43,28.55,21.86,31.93,57.21,6.46,0.56,61.36,5.23,7.87,NA,0.8,1.6,1.24,40.52,30.66,2.3,63.77,NA,NA,99.66,755.93,1.54
2026-05-21 15:00:00,31.85,157.05,46.15,19.97,45.49,61.6,7.66,0.24,61.22,5.14,7.87,NA,0.79,1.52,1.24,39.83,30.45,2.23,44.65,NA,NA,67.27,755.72,1.5
2026-05-21 16:00:00,15.67,155.8,34.7,23.79,37.4,64.5,6.67,0.15,59.67,4.05,11.76,NA,0.98,1.99,1.58,39.72,31.23,2.47,55.88,NA,NA,56.83,755.73,1.51
2026-05-21 17:00:00,15.15,153.5,31.7,22.06,34.26,69.4,9.24,0.24,54.64,4.05,11.67,NA,0.99,1.9,1.52,39.28,31.82,2.49,57.92,NA,NA,39.94,755.58,1.48
2026-05-21 18:00:00,24.68,173.68,37.26,19.95,35.3,78.24,6.56,0.48,49.16,5.67,14.45,NA,1.21,2.54,2.67,37.04,35.75,1.91,78.06,NA,NA,2.12,754.98,1.38
2026-05-21 19:00:00,31.18,185.35,48.07,15.66,42.21,82.45,9.8,0.73,52.46,5.53,14.74,NA,1.2,2.55,2.59,35.5,38.6,2.8,56.74,NA,NA,1.04,754.58,1.32
2026-05-21 20:00:00,37.35,202.95,61.36,14.5,52.96,83.14,12.25,0.86,58.01,5.37,14.62,NA,1.16,2.49,2.64,34.5,39.42,2.87,66.03,NA,NA,6.94,754.48,1.3
2026-05-21 21:00:00,41.5,243.6,60.9,13.14,35.34,81.49,7.64,1.15,57.31,5.37,14.37,NA,1.14,2.55,2.64,33.77,41.66,2.77,188.5,NA,NA,11.53,754.1,1.24
2026-05-21 22:00:00,48.88,274.13,36.35,11.93,31.03,71.89,12.26,1.55,58.77,4.07,9.13,NA,1.04,1.8,0.93,32.49,44.78,2.7,190.75,NA,NA,17.52,753.75,1.18
2026-05-21 23:00:00,56.9,306.6,53.67,10.68,45.83,57.17,8.94,0.78,57.12,4.11,9.55,NA,0.96,1.92,0.98,32.38,44.89,2.72,191.5,NA,NA,28.64,753.75,1.18
2026-05-22 00:00:00,62.23,316.33,40.26,17.13,36.46,NA,15.69,0.83,55.82,1.74,5.88,NA,0.38,0.66,0.65,31.19,47.74,2.61,194.32,NA,NA,15.91,753.43,1.13
2026-05-22 01:00:00,55.28,297.83,30.45,18.23,29.61,47.04,9.78,0.77,54.07,1.74,5.98,NA,0.44,0.68,0.62,30.45,50.41,2.53,194.17,NA,NA,20.29,753.2,1.09
2026-05-22 02:00:00,53.28,281.1,45.73,15.79,39.36,46.08,12.48,1.1,58.02,1.72,5.7,NA,0.4,0.68,0.65,30.03,51.11,2.26,210.35,NA,NA,17.1,753.13,1.07
2026-05-22 03:00:00,53.28,276.18,46.01,20.5,42.17,47.03,11.32,0.92,59.64,1.74,5.62,NA,0.41,0.69,0.65,29.45,55.39,2.24,218.25,NA,NA,14.14,752.95,1.05
2026-05-22 04:00:00,44.33,246.98,62.28,14.47,50.98,53.74,5.59,0.55,56.31,1.5,4.96,NA,0.45,0.92,0.79,27.51,73.71,2.04,227.44,NA,NA,26.87,752.43,0.96
2026-05-22 05:00:00,44.43,208.4,36.88,17.68,32.59,60.46,4.41,0.88,54.36,1.47,5.02,NA,0.45,0.97,0.79,27.03,82.48,1.57,236.29,NA,NA,47.51,752.3,0.94
2026-05-22 06:00:00,49.08,173.05,62.6,19.04,55.26,68.47,0.82,1.03,58.55,4.41,8.58,NA,0.94,2.42,1.34,26.82,88.32,1.93,229.87,NA,NA,140.56,752.22,0.93
2026-05-22 07:00:00,41.7,146.53,54.3,15.82,46.08,76.85,5.11,1.25,54.59,4.35,8.67,NA,0.95,2.32,1.36,27.79,79.77,1.99,227.62,NA,NA,302.81,752.5,0.98
2026-05-22 08:00:00,32.78,133.18,48.07,19.99,45.88,83.81,2.19,1.95,56.41,4.36,8.0,NA,0.94,2.36,1.37,28.88,74.79,1.99,226.4,NA,NA,502.53,752.8,1.02
2026-05-22 09:00:00,34.35,137.53,42.82,19.36,40.14,80.94,8.21,0.86,51.86,4.38,7.93,NA,0.95,2.34,1.36,29.85,69.37,1.64,246.53,NA,NA,714.37,753.23,1.1
2026-05-22 10:00:00,27.68,127.58,35.74,19.01,33.49,73.63,8.13,1.56,52.21,3.89,9.65,NA,0.9,2.63,1.17,33.28,60.61,0.75,175.5,NA,NA,839.83,753.98,1.21
2026-05-22 11:00:00,26.25,126.2,34.05,14.78,27.82,68.78,9.48,1.12,57.05,4.0,9.93,NA,0.89,2.66,1.13,34.51,55.47,1.71,284.88,NA,NA,880.74,754.1,1.24
2026-05-22 12:00:00,34.82,158.18,29.1,14.21,28.37,59.06,7.83,0.78,56.15,5.13,7.95,NA,0.83,2.11,1.19,35.27,44.18,1.23,80.55,NA,NA,773.55,754.0,1.22
2026-05-22 13:00:00,46.3,140.65,48.01,17.96,43.62,48.64,9.4,0.35,51.99,5.03,7.74,NA,0.77,1.58,1.26,38.53,39.78,1.88,67.41,NA,NA,236.0,755.38,1.44
2026-05-22 14:00:00,46.78,126.98,28.35,26.07,33.46,48.68,10.39,0.36,55.14,5.06,7.82,NA,0.78,1.59,1.29,38.7,38.43,1.51,105.17,NA,NA,127.19,755.45,1.46
2026-05-22 15:00:00,38.78,122.2,34.12,22.88,35.39,51.78,8.32,0.46,57.99,5.18,7.73,NA,0.77,1.6,1.26,39.12,36.62,2.49,73.07,NA,NA,106.47,755.55,1.47
2026-05-22 16:00:00,30.18,114.93,31.14,16.98,31.03,53.9,7.1,0.45,53.04,3.83,11.71,NA,1.02,1.93,1.53,39.09,34.62,2.56,71.24,NA,NA,75.42,755.55,1.47
2026-05-22 17:00:00,30.13,111.4,36.09,28.29,41.61,61.45,8.15,0.6,57.26,4.07,11.87,NA,0.98,1.97,1.47,38.37,32.94,2.4,64.88,NA,NA,31.81,755.35,1.44
2026-05-22 18:00:00,34.53,110.98,34.1,16.2,31.53,66.79,8.52,0.75,59.73,5.56,14.49,NA,1.18,2.5,2.63,35.85,33.57,2.07,68.04,NA,NA,0.94,754.7,1.33
2026-05-22 19:00:00,32.38,119.18,31.92,19.19,32.58,68.84,6.96,0.75,57.32,5.43,14.1,NA,1.2,2.53,2.6,35.02,34.89,2.7,59.4,NA,NA,NA,754.45,1.29
2026-05-22 20:00:00,38.08,127.18,42.56,26.81,45.42,71.47,10.31,1.12,59.14,5.44,14.51,NA,1.18,2.54,2.65,33.85,37.45,2.84,46.46,NA,NA,NA,754.13,1.24
2026-05-22 21:00:00,43.03,135.95,27.84,15.92,25.6,64.6,9.15,0.64,55.57,5.52,14.36,NA,1.16,2.5,2.63,32.82,39.82,2.39,97.82,NA,NA,8.63,753.85,1.19
2026-05-22 22:00:00,49.9,155.27,32.09,19.55,41.04,57.42,11.76,1.0,56.93,4.0,12.03,NA,1.05,2.19,1.79,32.43,40.81,2.18,226.16,NA,NA,7.39,753.7,1.17
2026-05-22 23:00:00,54.9,157.6,39.65,18.55,38.2,47.24,8.61,0.82,56.17,4.05,9.25,NA,0.92,1.93,0.95,31.22,42.77,2.47,226.84,NA,NA,12.23,753.4,1.13
2026-05-23 00:00:00,53.48,164.85,37.75,16.03,35.15,NA,12.44,1.04,55.61,1.71,5.71,NA,0.42,0.65,0.64,30.55,45.64,2.41,268.99,NA,NA,26.19,753.23,1.1
2026-05-23 01:00:00,48.43,162.68,34.37,17.67,33.43,38.87,10.97,0.73,54.12,1.73,5.95,NA,0.37,0.67,0.63,29.78,48.11,2.46,285.92,NA,NA,26.54,753.03,1.06
2026-05-23 02:00:00,45.43,157.1,43.53,18.99,40.62,35.62,18.32,0.64,59.06,1.7,5.94,NA,0.42,0.62,0.64,29.72,50.1,2.41,265.68,NA,NA,29.17,753.0,1.06
2026-05-23 03:00:00,47.45,146.4,37.46,18.68,35.03,40.0,8.57,0.49,61.55,1.71,6.03,NA,0.39,0.63,0.64,29.43,54.8,2.38,306.85,NA,NA,31.06,752.95,1.05
2026-05-23 04:00:00,52.03,137.1,40.06,14.54,33.45,43.99,7.56,0.46,58.71,1.59,5.57,NA,0.42,0.8,0.72,29.14,55.0,2.4,304.32,NA,NA,29.68,752.88,1.04
2026-05-23 05:00:00,51.9,130.95,44.45,16.6,40.82,50.67,6.81,1.23,55.83,1.49,5.13,NA,0.46,0.98,0.78,28.43,56.0,2.19,275.08,NA,NA,50.68,752.65,1.01
2026-05-23 06:00:00,48.18,135.68,42.51,11.19,36.78,55.1,7.8,1.6,61.68,4.47,8.15,NA,0.93,2.32,1.36,29.86,56.03,1.85,159.27,NA,NA,141.04,753.05,1.07
2026-05-23 07:00:00,61.28,150.88,50.79,12.7,41.02,64.15,11.33,1.05,63.74,4.42,8.47,NA,0.95,2.32,1.34,31.28,53.25,1.7,182.12,NA,NA,300.33,753.43,1.13
2026-05-23 08:00:00,66.53,156.5,45.17,21.12,44.26,70.29,9.95,1.66,65.88,4.51,8.54,NA,0.96,2.36,1.34,33.93,44.53,1.79,135.99,NA,NA,509.38,754.18,1.25
2026-05-23 09:00:00,69.88,162.58,28.24,13.27,25.39,67.41,5.53,0.84,68.73,4.46,8.71,NA,0.95,2.39,1.32,35.2,42.48,2.09,74.45,NA,NA,716.09,754.5,1.3
2026-05-23 10:00:00,70.43,171.45,32.69,12.19,27.67,61.01,1.08,0.77,74.22,4.1,10.03,NA,0.9,2.66,1.17,36.18,42.37,2.26,70.82,NA,NA,846.6,754.78,1.35
2026-05-23 11:00:00,61.6,148.75,34.16,21.8,35.55,55.19,7.64,0.89,77.24,3.97,10.1,NA,0.88,2.66,1.14,38.18,37.78,1.92,68.93,NA,NA,927.02,755.3,1.43
2026-05-23 12:00:00,56.25,140.93,34.3,19.48,33.22,52.4,6.71,1.17,74.44,4.59,9.09,NA,0.82,2.12,1.23,38.85,35.62,2.09,72.45,NA,NA,896.5,755.48,1.46
2026-05-23 13:00:00,42.5,137.9,46.34,20.07,42.39,46.2,8.48,1.19,82.77,5.16,7.54,NA,0.82,1.56,1.27,40.06,32.72,2.21,72.93,NA,NA,247.72,755.8,1.51
2026-05-23 14:00:00,51.5,138.6,36.15,24.65,38.82,47.45,6.9,1.08,85.88,5.08,7.85,NA,0.8,1.57,1.27,39.94,33.08,2.18,78.17,NA,NA,173.26,755.78,1.51
2026-05-23 15:00:00,45.9,161.9,43.47,22.32,43.92,50.84,8.94,0.79,82.59,5.06,7.36,NA,0.8,1.55,1.21,38.91,34.16,2.14,73.82,NA,NA,121.68,755.5,1.46
2026-05-23 16:00:00,42.1,176.65,37.03,19.67,37.38,52.02,8.41,0.88,82.59,4.5,9.8,NA,0.88,1.81,1.39,39.02,33.55,2.05,72.73,NA,NA,100.46,755.53,1.47
2026-05-23 17:00:00,45.3,194.52,36.79,22.35,38.54,55.78,8.24,0.8,80.38,3.96,11.89,NA,0.95,1.91,1.58,38.42,34.2,1.96,67.63,NA,NA,64.48,755.38,1.44
2026-05-23 18:00:00,48.88,173.55,33.14,20.85,35.09,66.11,8.89,0.34,75.34,5.34,14.15,NA,1.21,2.53,2.64,36.5,38.01,2.66,80.29,NA,NA,13.21,754.85,1.36
2026-05-23 19:00:00,38.03,171.1,37.91,18.52,36.83,68.88,6.07,0.7,70.13,5.24,14.02,NA,1.17,2.57,2.62,35.0,40.81,2.76,64.08,NA,NA,3.01,754.45,1.33
2026-05-23 20:00:00,51.82,187.5,46.27,16.92,41.47,72.34,8.51,0.97,70.58,5.45,14.17,NA,1.19,2.49,2.69,33.94,41.28,2.62,53.01,NA,NA,1.75,754.18,1.25
2026-05-23 21:00:00,58.93,193.23,47.41,19.15,42.85,64.33,7.91,1.08,69.99,5.53,14.19,NA,1.21,2.51,2.65,33.53,42.09,2.53,52.62,NA,NA,1.53,754.05,1.23
2026-05-23 22:00:00,60.38,189.25,36.68,17.64,34.16,58.53,7.6,1.15,72.04,4.08,9.59,NA,0.97,1.89,0.95,32.06,44.87,2.27,76.33,NA,NA,0.86,753.65,1.16
2026-05-23 23:00:00,60.15,187.1,25.48,17.67,25.67,48.1,5.59,0.89,69.6,4.06,9.52,NA,1.0,1.86,0.94,31.62,46.18,2.12,71.23,NA,NA,7.43,753.5,1.15
2026-05-24 00:00:00,56.4,173.83,41.72,15.02,36.42,NA,5.58,1.0,71.91,1.65,5.99,NA,0.41,0.64,0.64,30.82,47.77,2.37,66.41,NA,NA,11.71,753.3,1.11
2026-05-24 01:00:00,47.23,162.3,33.78,23.21,33.25,38.91,6.2,0.88,70.73,1.73,5.95,NA,0.36,0.67,0.67,30.36,48.45,2.45,85.27,NA,NA,21.72,753.18,1.09
2026-05-24 02:00:00,47.68,156.5,44.3,10.6,34.58,36.43,6.83,1.13,68.57,1.76,6.03,NA,0.4,0.62,0.66,30.02,49.01,2.25,78.5,NA,NA,28.39,753.1,1.07
2026-05-24 03:00:00,51.9,151.58,51.16,17.98,42.98,39.38,8.85,0.89,69.33,1.72,5.81,NA,0.37,0.67,0.6,29.56,49.76,2.3,54.4,NA,NA,15.94,752.95,1.06
2026-05-24 04:00:00,45.13,151.03,53.5,12.78,42.12,43.74,8.96,1.33,65.94,1.38,5.03,NA,0.46,0.95,0.77,29.21,49.61,1.99,51.74,NA,NA,14.25,752.88,1.04
2026-05-24 05:00:00,53.58,156.43,51.3,15.23,44.07,49.07,8.23,0.73,63.63,1.47,5.14,NA,0.46,0.97,0.79,28.97,49.67,2.32,110.15,NA,NA,32.82,752.82,1.03
2026-05-24 06:00:00,52.08,145.9,32.21,23.21,34.16,57.7,8.2,0.87,62.69,4.22,8.17,NA,0.95,2.38,1.36,30.28,47.7,2.42,113.96,NA,NA,142.64,753.18,1.09
2026-05-24 07:00:00,43.2,164.2,53.71,21.13,50.17,64.27,8.83,1.32,69.93,4.5,8.11,NA,0.92,2.39,1.36,32.27,44.66,2.45,60.87,NA,NA,366.02,753.73,1.17
2026-05-24 08:00:00,51.38,171.02,33.83,17.83,32.09,69.72,6.89,1.7,73.47,4.42,7.99,NA,0.97,2.39,1.36,33.13,44.6,2.29,60.18,NA,NA,580.64,753.95,1.21
2026-05-24 09:00:00,57.48,171.35,32.48,20.9,33.42,67.05,8.69,0.53,73.64,4.38,8.17,NA,0.96,2.33,1.32,34.48,43.46,2.02,59.89,NA,NA,743.45,754.28,1.27
2026-05-24 10:00:00,42.0,163.45,36.05,21.2,37.6,61.61,8.32,1.01,80.09,3.82,10.06,NA,0.88,2.66,1.15,36.19,40.92,1.83,48.49,NA,NA,878.44,754.75,1.34
2026-05-24 11:00:00,44.78,151.18,47.58,25.54,50.14,54.9,7.14,0.67,93.37,4.05,10.04,NA,0.91,2.7,1.14,37.81,36.61,2.28,62.84,NA,NA,960.87,755.2,1.42
2026-05-24 12:00:00,48.65,138.8,37.51,20.85,39.57,49.31,6.65,0.97,90.93,5.23,7.88,NA,0.81,1.57,1.29,38.81,33.43,2.05,67.54,NA,NA,774.13,755.48,1.46
2026-05-24 13:00:00,39.43,129.58,38.41,13.56,34.71,44.54,6.62,1.43,102.62,5.06,7.67,NA,0.79,1.58,1.29,39.38,30.99,2.03,59.7,NA,NA,237.26,755.63,1.48
2026-05-24 14:00:00,33.4,127.1,37.71,20.39,32.76,46.78,4.76,1.43,97.49,5.18,7.79,NA,0.8,1.53,1.21,39.8,31.22,2.17,68.61,NA,NA,151.69,755.73,1.5
2026-05-24 15:00:00,33.57,126.5,34.54,23.42,37.49,50.99,7.74,0.52,103.12,5.13,7.83,NA,0.81,1.59,1.3,39.5,31.37,2.03,61.85,NA,NA,105.08,755.68,1.49
2026-05-24 16:00:00,39.93,121.83,33.34,16.57,32.57,55.5,6.99,0.42,102.9,4.0,11.98,NA,0.95,1.88,1.57,38.86,31.99,1.98,59.11,NA,NA,76.11,755.5,1.46
2026-05-24 17:00:00,40.15,121.4,36.72,21.79,37.52,58.76,5.36,1.04,96.61,4.06,11.5,NA,0.96,1.89,1.48,37.88,33.55,2.37,60.4,NA,NA,39.09,755.23,1.42
2026-05-24 18:00:00,42.15,122.7,40.29,13.86,31.26,66.1,5.34,0.81,84.74,5.63,14.0,NA,1.17,2.55,2.69,36.32,35.68,2.54,50.26,NA,NA,7.25,754.8,1.35
2026-05-24 19:00:00,40.2,128.6,48.97,16.95,45.19,69.19,7.32,1.05,82.18,5.66,14.18,NA,1.17,2.56,2.65,35.22,35.86,2.47,59.5,NA,NA,NA,754.5,1.3
2026-05-24 20:00:00,35.05,139.68,29.43,17.88,30.17,73.01,8.02,1.22,77.17,5.42,14.23,NA,1.2,2.53,2.62,34.62,36.18,2.84,57.74,NA,NA,NA,754.35,1.28
2026-05-24 21:00:00,39.72,143.02,41.66,14.48,37.48,65.09,5.08,0.51,66.17,5.35,13.91,NA,1.23,2.45,2.67,33.48,38.17,2.67,19.3,NA,NA,9.57,754.05,1.23
2026-05-24 22:00:00,42.63,147.55,25.4,17.87,24.75,57.04,8.28,0.84,60.23,4.02,9.55,NA,0.96,1.86,0.94,32.36,39.54,2.72,29.52,NA,NA,18.19,753.73,1.18
2026-05-24 23:00:00,44.35,144.8,39.46,21.0,37.63,47.47,6.31,0.66,65.78,4.28,9.19,NA,0.92,1.92,1.0,32.2,39.96,2.7,29.28,NA,NA,25.09,753.7,1.17
2026-05-25 00:00:00,57.33,129.85,49.63,17.36,45.7,NA,8.2,0.8,70.48,1.69,5.87,NA,0.4,0.63,0.64,31.26,42.4,2.58,110.07,NA,NA,21.62,753.43,1.13
2026-05-25 01:00:00,51.6,125.73,38.76,19.31,37.72,38.77,8.98,0.38,65.15,1.73,5.93,NA,0.36,0.66,0.65,30.02,45.01,2.49,31.59,NA,NA,28.92,753.1,1.08
2026-05-25 02:00:00,39.4,124.02,41.23,22.06,41.16,37.85,9.32,0.48,66.8,1.71,5.96,NA,0.37,0.67,0.71,29.78,44.54,2.47,31.81,NA,NA,31.41,753.05,1.06
2026-05-25 03:00:00,37.53,108.65,38.47,15.92,34.1,38.93,6.65,0.7,71.03,1.75,5.98,NA,0.37,0.64,0.61,29.37,44.84,2.43,33.01,NA,NA,31.85,752.93,1.05
2026-05-25 04:00:00,46.55,95.0,47.02,14.0,41.27,46.44,6.73,0.97,64.77,1.46,5.02,NA,0.45,0.99,0.78,28.89,46.96,2.38,32.33,NA,NA,36.33,752.8,1.02
2026-05-25 05:00:00,45.55,93.48,42.36,20.54,39.5,48.82,8.85,0.89,65.87,1.48,5.07,NA,0.44,0.98,0.78,28.62,47.03,2.04,28.86,NA,NA,49.51,752.7,1.01
2026-05-25 06:00:00,50.9,103.98,40.06,17.76,37.37,57.42,11.43,1.14,69.48,4.26,8.63,NA,0.98,2.37,1.34,28.94,48.52,2.18,211.76,NA,NA,129.08,752.8,1.03
2026-05-25 07:00:00,47.5,107.38,46.23,15.5,37.99,64.93,7.26,0.92,76.3,4.32,8.62,NA,0.96,2.38,1.35,29.82,48.89,2.29,223.74,NA,NA,260.68,753.03,1.06
2026-05-25 08:00:00,51.08,128.9,35.45,18.81,35.38,69.63,2.81,1.53,83.22,4.38,8.84,NA,0.98,2.33,1.35,32.16,46.05,1.34,134.48,NA,NA,424.55,753.68,1.17
2026-05-25 09:00:00,60.58,141.45,33.21,26.22,37.32,67.73,4.94,1.27,83.31,4.27,8.54,NA,0.98,2.39,1.35,34.96,39.04,1.63,121.88,NA,NA,602.04,754.45,1.29
2026-05-25 10:00:00,60.25,143.78,33.8,17.02,36.26,65.99,5.27,1.5,81.94,4.13,9.05,NA,0.95,2.62,1.22,35.6,38.22,2.02,67.14,NA,NA,682.57,754.63,1.32
2026-05-25 11:00:00,56.88,147.8,25.34,18.91,37.42,61.91,8.15,0.37,87.38,3.62,8.85,NA,0.95,2.92,1.3,37.84,36.32,1.96,65.09,NA,NA,841.05,755.23,1.42
2026-05-25 12:00:00,49.1,152.65,35.86,21.6,48.83,55.13,7.39,0.83,86.85,4.63,6.95,NA,0.84,1.77,1.42,38.95,33.96,1.97,71.22,NA,NA,742.63,755.5,1.46
2026-05-25 13:00:00,42.8,174.0,32.2,16.13,41.74,52.66,5.06,0.37,87.5,4.63,7.03,NA,0.87,1.77,1.4,39.56,33.72,1.92,67.13,NA,NA,308.66,755.68,1.49
2026-05-25 14:00:00,49.88,186.73,32.86,26.18,48.99,52.67,2.84,0.09,89.37,4.7,6.94,NA,0.86,1.67,1.38,39.51,35.42,2.2,62.71,NA,NA,190.9,755.68,1.49
2026-05-25 15:00:00,52.4,191.23,36.38,22.56,50.38,55.69,4.7,0.26,89.8,4.67,7.1,NA,0.89,1.69,1.41,39.37,35.82,2.32,62.76,NA,NA,167.79,755.65,1.48
2026-05-25 16:00:00,52.48,209.48,26.9,12.9,34.57,60.82,7.38,0.77,80.13,3.59,10.49,NA,1.12,2.21,1.71,38.95,35.62,2.46,70.07,NA,NA,108.78,755.53,1.46
2026-05-25 17:00:00,58.6,195.63,36.85,13.43,44.34,63.89,6.64,0.85,52.89,3.83,10.5,NA,1.08,2.15,1.79,38.16,36.47,2.66,64.53,NA,NA,60.29,755.3,1.43
2026-05-25 18:00:00,60.05,187.13,29.19,18.24,35.8,71.3,8.74,0.55,44.88,4.91,13.05,NA,1.22,2.74,2.65,37.23,37.29,2.98,34.84,NA,NA,9.85,755.05,1.39
2026-05-25 19:00:00,67.78,185.6,32.27,17.08,41.59,73.49,6.2,1.88,39.78,5.11,12.88,NA,1.38,2.81,2.91,35.53,39.61,3.0,38.17,NA,NA,8.85,754.58,1.32
2026-05-25 20:00:00,72.95,187.2,33.91,16.45,43.26,75.27,7.93,2.11,33.05,5.11,12.66,NA,1.37,2.83,2.89,34.81,41.1,2.94,42.92,NA,NA,11.56,754.4,1.29
2026-05-25 21:00:00,101.38,237.92,24.28,19.6,40.42,71.65,12.49,2.08,26.79,4.84,12.69,NA,1.31,2.8,2.83,33.88,43.37,2.55,48.39,NA,NA,30.63,754.15,1.25
2026-05-25 22:00:00,124.2,285.33,33.16,10.71,39.64,64.46,14.83,0.4,29.14,3.73,8.97,NA,1.05,2.08,1.04,33.71,42.51,2.46,166.68,NA,NA,15.86,754.08,1.23
2026-05-25 23:00:00,124.6,267.7,37.62,13.41,46.12,53.01,7.99,0.8,21.97,3.72,8.79,NA,1.08,2.12,1.15,32.17,24.84,2.26,109.48,NA,NA,35.31,742.85,0.95
2026-05-26 00:00:00,136.68,351.7,37.77,15.63,41.04,NA,14.77,0.28,50.83,1.59,5.65,NA,0.37,0.72,0.68,28.49,36.89,1.38,163.91,NA,NA,43.48,748.48,0.32
2026-05-26 01:00:00,131.08,200.2,48.97,13.74,53.27,45.25,4.06,0.54,51.24,1.54,5.36,NA,0.35,0.7,0.68,30.51,38.96,1.43,132.08,NA,NA,33.64,753.23,1.09
2026-05-26 02:00:00,111.1,181.1,35.71,14.98,41.56,42.98,0.85,0.13,52.34,1.55,5.48,NA,0.43,0.7,0.75,30.83,38.94,1.73,161.25,NA,NA,20.53,753.32,1.11
2026-05-26 03:00:00,NA,NA,34.94,16.13,45.0,46.24,1.57,0.71,52.65,1.58,5.35,NA,0.41,0.71,0.7,30.77,39.53,1.4,135.6,NA,NA,23.52,753.3,1.1
2026-05-26 04:00:00,50.6,NA,30.2,15.96,37.46,47.96,1.75,0.72,51.31,1.48,5.16,NA,0.45,0.9,0.75,30.41,40.45,1.63,205.12,NA,NA,21.99,753.2,1.09
2026-05-26 05:00:00,50.6,NA,36.28,23.48,48.74,55.71,5.58,0.6,45.39,1.3,4.48,NA,0.48,1.07,0.88,29.05,44.64,1.79,315.4,NA,NA,47.27,752.8,1.03
2026-05-26 06:00:00,NA,NA,35.6,24.26,48.77,60.08,5.77,0.77,45.51,2.55,6.2,NA,0.76,1.82,1.19,28.82,46.18,1.38,294.7,NA,NA,95.68,752.75,1.02
2026-05-26 07:00:00,32.9,42.3,39.03,13.48,43.78,70.93,8.08,1.01,49.27,3.91,7.6,NA,1.01,2.6,1.51,29.94,47.08,1.8,297.99,NA,NA,297.03,753.08,1.07
2026-05-26 08:00:00,45.72,51.8,35.55,14.35,43.16,75.61,5.48,1.44,51.82,4.01,7.68,NA,1.02,2.58,1.47,31.5,44.67,1.83,299.28,NA,NA,505.17,753.5,1.14
2026-05-26 09:00:00,56.1,67.88,38.31,13.03,45.41,73.13,5.64,0.62,54.09,4.13,7.59,NA,1.04,2.58,1.46,33.57,41.08,1.69,307.34,NA,NA,697.31,754.05,1.23
2026-05-26 10:00:00,53.33,79.53,34.87,18.62,44.35,67.27,5.11,0.73,59.63,3.79,8.34,NA,0.99,2.79,1.39,34.44,39.34,1.74,311.22,NA,NA,815.42,754.48,1.29
2026-05-26 11:00:00,NA,10.6,18.29,19.78,29.55,55.52,8.5,1.18,75.03,3.59,9.26,NA,0.93,2.92,1.28,37.39,37.02,1.93,31.3,NA,NA,914.97,755.13,1.4
2026-05-26 12:00:00,81.0,69.6,38.8,20.24,50.07,50.8,6.32,1.31,75.63,4.43,7.8,NA,0.88,1.73,1.43,38.52,36.07,2.19,45.46,NA,NA,799.67,755.38,1.44
2026-05-26 13:00:00,53.73,118.98,45.17,18.51,53.93,46.86,5.14,1.35,93.55,4.7,7.35,NA,0.87,1.76,1.4,38.86,35.38,1.97,49.58,NA,NA,498.67,755.5,1.46
2026-05-26 14:00:00,64.35,218.68,33.64,16.13,43.68,46.3,4.51,0.65,121.38,4.54,7.12,NA,0.43,1.36,1.23,39.28,33.18,1.96,73.35,NA,NA,119.28,755.35,1.37
2026-05-26 15:00:00,59.65,225.33,33.49,18.14,50.28,50.28,3.8,0.55,117.57,4.67,6.95,NA,0.9,1.65,1.35,39.57,29.43,2.01,69.45,NA,NA,55.71,755.68,1.49
2026-05-26 16:00:00,54.68,207.2,35.01,18.1,45.55,54.16,2.76,0.54,103.53,3.46,10.94,NA,1.06,2.15,1.71,38.83,30.42,2.19,74.11,NA,NA,38.73,755.48,1.46
2026-05-26 17:00:00,64.0,192.08,37.01,28.32,52.54,59.15,4.21,0.49,100.12,3.54,10.63,NA,1.09,2.05,1.72,38.29,29.53,2.16,80.75,NA,NA,19.41,755.33,1.44
2026-05-26 18:00:00,66.93,165.05,38.96,12.37,44.2,65.93,5.57,0.5,94.41,4.59,13.32,NA,1.38,2.79,2.92,36.4,31.15,2.4,70.82,NA,NA,NA,754.8,1.35
2026-05-26 19:00:00,57.85,158.25,40.93,25.16,55.25,68.76,7.03,1.0,75.42,4.8,12.66,NA,1.3,2.74,2.89,34.19,34.85,2.87,82.5,NA,NA,NA,754.25,1.26
2026-05-26 20:00:00,64.03,238.68,34.46,22.07,45.99,72.0,12.05,1.95,58.14,4.92,12.93,NA,1.28,2.76,2.93,31.93,38.56,2.7,80.71,NA,NA,3.31,753.63,1.16
2026-05-26 21:00:00,82.85,391.48,35.9,13.95,43.08,63.66,10.5,1.24,61.55,4.93,12.78,NA,1.33,2.8,2.9,31.41,40.75,2.5,86.94,NA,NA,10.89,753.5,1.13
2026-05-26 22:00:00,86.0,363.9,41.02,18.5,54.26,60.84,15.0,1.33,67.79,4.06,10.05,NA,1.17,2.44,2.0,31.42,40.19,2.61,188.46,NA,NA,13.71,753.5,1.14
2026-05-26 23:00:00,86.8,285.5,32.43,15.19,40.12,48.87,16.7,1.6,64.09,3.78,8.44,NA,1.1,2.11,1.09,30.5,41.8,2.54,228.32,NA,NA,17.79,753.2,1.1
2026-05-27 00:00:00,86.78,229.05,35.39,12.98,39.18,NA,12.53,1.47,49.39,1.58,5.37,NA,0.44,0.73,0.73,30.81,41.56,2.08,251.05,NA,NA,16.46,753.3,1.11
2026-05-27 01:00:00,82.6,196.15,30.98,16.9,38.39,39.25,10.49,1.38,64.57,1.53,5.3,NA,0.46,0.72,0.72,29.87,53.03,1.96,243.2,NA,NA,22.95,753.05,1.07
2026-05-27 02:00:00,68.8,192.85,36.69,13.36,44.82,37.18,7.67,1.32,59.63,1.55,5.11,NA,0.43,0.72,0.76,28.29,61.36,1.9,237.9,NA,NA,22.36,752.63,1.0
2026-05-27 03:00:00,65.25,164.15,33.77,10.58,39.38,40.43,4.96,1.03,55.88,1.56,5.26,NA,0.39,0.71,0.71,27.75,63.04,1.56,258.06,NA,NA,25.81,752.48,0.97
2026-05-27 04:00:00,65.08,149.15,39.3,14.67,45.47,45.6,1.02,1.0,56.69,1.38,4.46,NA,0.53,1.08,0.84,27.43,63.55,1.7,252.5,NA,NA,28.51,752.4,0.96
2026-05-27 05:00:00,57.7,120.15,36.78,13.92,43.67,51.77,4.57,0.67,56.17,1.35,4.76,NA,0.51,1.09,0.87,26.76,64.77,1.98,227.74,NA,NA,37.32,752.23,0.93
2026-05-27 06:00:00,57.2,131.93,43.92,20.57,52.37,57.34,2.68,0.82,56.96,4.08,7.69,NA,1.04,2.58,1.46,27.11,65.23,2.06,226.51,NA,NA,148.8,752.3,0.95
2026-05-27 07:00:00,54.1,142.93,43.1,13.41,46.79,65.02,6.0,1.05,55.51,4.0,7.69,NA,1.05,2.58,1.5,27.79,64.73,2.02,226.1,NA,NA,330.37,752.5,0.97
2026-05-27 08:00:00,54.68,136.2,48.01,13.71,52.93,69.91,3.77,1.37,52.56,3.91,7.6,NA,1.04,2.56,1.49,28.73,63.66,2.01,222.9,NA,NA,537.11,752.75,1.02
2026-05-27 09:00:00,56.35,142.3,33.8,15.33,42.8,67.79,6.26,0.63,52.7,4.11,7.73,NA,1.05,2.56,1.47,29.73,61.61,2.16,219.36,NA,NA,697.75,753.03,1.06
2026-05-27 10:00:00,59.73,156.05,39.81,9.39,41.39,61.27,5.44,0.98,53.83,3.73,9.01,NA,0.96,2.96,1.3,31.06,58.08,2.21,209.36,NA,NA,841.93,753.38,1.12
2026-05-27 11:00:00,61.13,140.15,39.45,16.43,48.45,55.44,9.41,0.63,57.43,3.63,8.87,NA,0.97,2.91,1.3,32.49,54.89,2.22,220.28,NA,NA,881.12,753.78,1.18
2026-05-27 12:00:00,63.73,130.35,32.07,18.49,42.02,49.47,9.65,1.07,62.4,4.01,8.09,NA,0.92,2.32,1.32,33.82,51.94,1.97,205.54,NA,NA,770.43,753.95,1.24
2026-05-27 13:00:00,70.3,134.63,35.76,21.66,46.89,44.5,7.48,1.14,68.6,4.73,6.97,NA,0.87,1.7,1.42,34.52,50.65,2.23,207.87,NA,NA,288.38,754.33,1.27
2026-05-27 14:00:00,64.7,136.6,31.99,18.38,42.71,46.53,8.46,1.31,66.67,4.64,7.05,NA,0.88,1.71,1.38,34.76,49.59,2.4,217.83,NA,NA,151.66,754.4,1.29
2026-05-27 15:00:00,59.48,141.75,34.93,17.1,45.85,50.97,9.46,0.3,66.14,4.66,7.09,NA,0.87,1.68,1.44,35.19,46.84,2.5,214.0,NA,NA,110.99,754.48,1.3
2026-05-27 16:00:00,66.9,142.28,32.41,12.49,40.31,53.88,9.14,0.22,70.36,3.72,10.41,NA,1.13,2.16,1.73,34.72,46.79,2.5,207.84,NA,NA,85.89,754.35,1.28
2026-05-27 17:00:00,64.1,139.45,32.9,16.43,42.6,61.65,8.07,0.81,73.43,3.62,10.74,NA,1.12,2.09,1.71,34.09,46.8,2.49,211.64,NA,NA,57.78,754.18,1.25
2026-05-27 18:00:00,59.25,140.4,33.91,18.12,40.4,64.1,7.92,0.67,73.15,4.42,11.78,NA,1.22,2.41,2.29,33.76,47.05,2.5,216.78,NA,NA,41.54,754.1,1.24
2026-05-27 19:00:00,50.75,139.03,36.88,18.15,45.61,68.58,6.66,0.97,68.97,5.08,12.8,NA,1.34,2.76,2.89,32.82,47.95,2.6,230.02,NA,NA,12.91,753.93,1.19
2026-05-27 20:00:00,47.43,128.73,46.33,14.57,53.42,72.13,7.32,1.27,68.34,4.94,12.79,NA,1.3,2.74,2.88,32.32,48.77,2.52,230.47,NA,NA,12.0,753.8,1.17
2026-05-27 21:00:00,56.08,149.78,32.05,25.44,45.5,65.46,5.1,0.77,66.63,4.9,12.98,NA,1.3,2.79,2.88,31.87,49.75,2.37,232.21,NA,NA,12.59,753.63,1.15
2026-05-27 22:00:00,64.6,146.85,40.64,15.48,48.13,56.51,5.81,0.92,67.32,3.66,8.76,NA,1.09,2.01,1.05,31.03,52.27,2.25,227.96,NA,NA,16.86,753.43,1.12
2026-05-27 23:00:00,65.17,143.4,43.36,8.96,45.92,50.42,6.38,0.7,62.04,3.48,8.93,NA,1.08,2.03,1.06,29.89,55.12,2.15,229.49,NA,NA,20.26,753.13,1.08
2026-05-28 00:00:00,79.93,150.23,35.35,14.14,43.32,NA,6.19,0.66,64.98,1.56,5.32,NA,0.38,0.74,0.76,28.55,59.9,2.09,228.89,NA,NA,27.47,752.7,1.01
2026-05-28 01:00:00,67.0,142.25,39.23,17.62,48.22,38.94,7.23,0.68,63.6,1.54,5.45,NA,0.44,0.71,0.74,27.66,62.42,2.0,225.39,NA,NA,31.65,752.45,0.97
2026-05-28 02:00:00,67.35,130.1,37.53,17.23,47.16,38.19,7.65,0.69,62.1,1.54,5.33,NA,0.4,0.69,0.7,27.21,63.84,1.89,228.51,NA,NA,34.59,752.33,0.93
2026-05-28 03:00:00,64.9,128.58,31.38,6.83,33.11,39.82,7.52,0.88,61.51,1.54,5.07,NA,0.44,0.69,0.7,25.78,68.17,1.87,224.47,NA,NA,39.24,751.95,0.89
2026-05-28 04:00:00,58.93,119.3,27.77,9.91,32.13,44.53,7.69,0.96,63.26,1.39,4.65,NA,0.45,0.96,0.81,25.54,70.6,1.82,224.62,NA,NA,40.79,751.9,0.88
2026-05-28 05:00:00,53.68,105.0,30.01,11.43,32.64,49.15,6.2,0.72,59.2,1.41,4.67,NA,0.49,1.03,0.85,24.65,75.36,1.79,223.76,NA,NA,59.93,751.65,0.84
2026-05-28 06:00:00,54.73,99.58,25.91,17.02,34.72,57.63,6.02,1.2,58.25,3.92,7.84,NA,1.06,2.59,1.47,24.63,75.24,1.76,221.09,NA,NA,144.3,751.65,0.84
2026-05-28 07:00:00,54.08,99.15,33.42,10.25,38.7,64.56,5.52,0.68,61.24,3.8,7.64,NA,1.05,2.6,1.44,25.2,73.32,1.84,222.27,NA,NA,268.38,751.8,0.86
2026-05-28 08:00:00,42.88,99.98,39.11,11.13,44.27,69.93,4.63,0.82,61.14,3.74,7.86,NA,1.03,2.61,1.48,26.33,70.61,1.9,222.87,NA,NA,430.3,752.13,0.91
2026-05-28 09:00:00,49.9,108.75,33.34,16.72,42.53,67.38,6.58,0.87,60.07,4.0,7.57,NA,1.06,2.6,1.47,27.91,66.48,1.98,224.43,NA,NA,611.53,752.53,0.98
2026-05-28 10:00:00,55.65,116.35,26.69,26.03,42.94,61.34,5.05,1.34,58.57,3.73,9.09,NA,0.94,2.92,1.2,29.15,62.59,2.08,221.2,NA,NA,704.26,752.88,1.04
2026-05-28 11:00:00,56.53,134.1,42.27,16.16,49.2,54.88,9.55,1.3,57.22,3.66,9.22,NA,0.93,2.94,1.25,30.24,59.33,2.08,228.35,NA,NA,786.53,753.18,1.08
2026-05-28 12:00:00,59.6,140.25,43.48,21.0,54.57,51.5,9.99,1.37,60.11,4.09,8.24,NA,0.88,2.33,1.34,30.7,58.07,2.2,229.24,NA,NA,751.58,753.3,1.11
2026-05-28 13:00:00,65.8,154.23,33.26,20.24,45.39,49.55,9.71,1.26,63.65,4.7,7.09,NA,0.89,1.73,1.39,32.02,56.09,2.24,224.12,NA,NA,524.33,753.65,1.16
2026-05-28 14:00:00,70.3,176.78,34.28,18.26,44.16,48.06,8.59,0.68,64.55,4.73,6.98,NA,0.88,1.73,1.35,32.64,54.72,2.16,239.38,NA,NA,213.6,753.8,1.2
2026-05-28 15:00:00,80.63,188.3,24.87,16.34,34.31,51.46,8.47,1.46,66.77,4.69,6.98,NA,0.9,1.66,1.37,33.18,52.92,2.34,232.4,NA,NA,139.6,753.98,1.21
2026-05-28 16:00:00,80.23,187.88,42.21,15.27,49.41,54.72,9.03,1.42,67.81,3.87,9.67,NA,1.03,2.01,1.59,33.32,52.88,2.07,243.62,NA,NA,116.49,754.0,1.22
2026-05-28 17:00:00,74.13,174.75,36.69,13.79,45.0,58.38,8.77,0.63,65.24,3.68,10.52,NA,1.13,2.08,1.74,32.94,53.43,2.41,224.5,NA,NA,75.34,753.9,1.2
2026-05-28 18:00:00,69.1,167.05,19.45,7.95,25.04,66.39,9.33,0.79,63.67,5.13,13.08,NA,1.27,2.75,2.89,32.49,53.82,2.42,212.35,NA,NA,35.89,753.75,1.18
2026-05-28 19:00:00,69.33,168.5,37.97,8.37,38.42,67.2,8.41,0.72,60.86,4.99,12.78,NA,1.34,2.8,2.87,31.82,54.85,2.41,213.93,NA,NA,25.27,753.6,1.15
2026-05-28 20:00:00,64.23,171.25,36.4,15.91,45.55,71.57,8.14,1.03,62.51,5.1,13.0,NA,1.28,2.8,2.89,31.34,54.3,2.29,227.15,NA,NA,29.31,753.48,1.13
2026-05-28 21:00:00,61.05,176.83,34.88,28.44,49.83,64.94,7.05,0.35,61.64,5.11,13.18,NA,1.26,2.82,2.9,30.69,54.77,2.3,224.37,NA,NA,30.33,753.3,1.11
2026-05-28 22:00:00,69.63,168.1,35.16,24.74,45.7,61.23,7.43,0.44,62.02,3.67,8.85,NA,1.03,2.05,1.05,30.06,56.5,2.14,225.0,NA,NA,36.54,753.13,1.08
2026-05-28 23:00:00,73.07,167.03,29.61,17.16,40.22,56.62,7.7,0.42,60.24,3.76,8.95,NA,1.05,2.05,1.05,30.04,56.75,2.01,182.39,NA,NA,40.74,753.1,1.07
2026-05-29 00:00:00,68.23,161.13,35.37,14.55,43.09,NA,8.74,0.79,56.25,1.57,5.42,NA,0.44,0.74,0.73,27.66,65.32,1.31,158.48,NA,NA,49.07,752.45,0.97
2026-05-29 01:00:00,52.2,152.83,33.78,16.62,43.37,38.88,8.77,1.11,66.35,1.56,4.95,NA,0.41,0.69,0.72,26.98,67.45,1.66,205.33,NA,NA,49.69,752.28,0.94
2026-05-29 02:00:00,56.25,139.1,39.87,14.71,52.21,38.8,8.34,1.06,62.82,1.55,5.19,NA,0.37,0.73,0.66,25.69,71.92,1.45,163.3,NA,NA,50.32,751.95,0.88
2026-05-29 03:00:00,63.93,100.38,53.79,15.23,59.11,39.97,10.79,0.51,61.4,1.53,5.32,NA,0.38,0.71,0.7,18.78,74.71,1.16,192.01,NA,NA,66.02,746.05,-0.08
2026-05-29 04:00:00,50.15,86.45,55.06,22.82,56.15,46.73,12.24,0.65,59.61,1.34,4.65,NA,0.49,1.01,0.88,20.46,94.86,1.12,210.96,NA,NA,23.47,750.53,0.66
2026-05-29 05:00:00,42.38,74.88,37.14,22.81,47.16,47.29,10.52,0.74,62.98,1.32,4.6,NA,0.48,1.07,0.87,20.99,94.85,1.16,229.82,NA,NA,28.27,750.65,0.68
2026-05-29 06:00:00,24.65,45.98,42.92,9.04,47.86,60.92,6.82,0.72,61.48,3.93,7.81,NA,1.05,2.55,1.5,21.59,95.41,1.08,180.3,NA,NA,NA,750.85,0.7
2026-05-29 07:00:00,22.88,41.2,34.98,13.88,37.69,64.22,4.83,0.86,63.52,4.01,7.5,NA,1.07,2.57,1.44,22.81,95.26,1.31,189.01,NA,NA,NA,751.15,0.76
2026-05-29 08:00:00,23.8,36.35,43.83,7.65,42.11,69.76,2.75,1.48,69.34,3.86,7.29,NA,1.04,2.61,1.48,24.81,79.04,1.67,206.41,NA,NA,NA,751.68,0.84
2026-05-29 09:00:00,25.25,39.4,47.07,14.18,54.5,67.55,6.15,0.69,72.89,4.04,7.7,NA,1.02,2.58,1.47,26.28,67.86,1.87,211.36,NA,NA,811.85,752.1,0.91
2026-05-29 10:00:00,24.58,40.28,46.58,16.9,50.35,64.06,5.63,0.82,74.5,3.87,8.41,NA,0.97,2.73,1.29,27.35,64.53,1.82,217.04,NA,NA,977.89,752.38,0.93
2026-05-29 11:00:00,30.45,45.08,51.59,18.83,68.89,55.0,11.94,0.32,79.75,3.8,8.77,NA,0.99,2.9,1.26,28.26,44.94,1.98,231.3,NA,NA,434.48,746.1,-0.07
2026-05-29 12:00:00,42.78,51.73,25.95,13.35,29.06,49.28,13.3,0.68,87.45,4.7,7.15,NA,0.87,1.77,1.35,28.12,59.75,2.09,225.06,NA,NA,278.33,752.6,0.99
2026-05-29 13:00:00,31.83,48.98,43.56,17.18,50.85,47.22,5.87,0.58,82.53,4.7,6.93,NA,0.88,1.69,1.43,28.59,62.33,1.99,227.44,NA,NA,135.48,752.7,1.01
2026-05-29 14:00:00,26.48,43.7,35.25,10.31,38.44,49.03,4.93,0.71,86.98,4.67,7.39,NA,0.87,1.73,1.42,28.88,62.41,2.02,226.48,NA,NA,103.24,752.8,1.02
2026-05-29 15:00:00,25.88,42.95,34.87,11.69,39.58,51.03,5.9,0.91,83.82,4.69,7.19,NA,0.86,1.69,1.44,28.95,61.67,2.01,225.05,NA,NA,91.74,752.8,1.03
2026-05-29 16:00:00,24.28,42.45,36.62,16.84,44.65,53.35,8.13,1.17,86.45,3.8,9.61,NA,1.1,2.07,1.73,29.02,61.68,1.99,229.63,NA,NA,67.57,752.82,1.03
2026-05-29 17:00:00,23.97,46.07,48.71,13.54,51.27,59.36,7.06,0.84,89.9,3.65,10.47,NA,1.09,2.19,1.68,28.45,60.97,2.08,228.81,NA,NA,59.93,752.68,1.01
2026-05-29 18:00:00,NA,NA,36.2,14.17,42.67,66.74,7.27,1.13,89.87,4.89,12.93,NA,1.33,2.76,2.89,28.18,58.63,2.05,232.68,NA,NA,50.34,752.63,0.99
2026-05-29 19:00:00,36.25,41.7,44.55,17.16,54.34,67.63,5.56,1.25,84.53,4.92,12.94,NA,1.32,2.82,2.92,27.68,61.28,2.08,230.06,NA,NA,47.16,752.45,0.97
2026-05-29 20:00:00,31.35,43.08,43.29,12.23,45.46,72.46,6.69,1.32,81.56,5.08,13.04,NA,1.34,2.8,2.96,26.95,63.94,1.99,228.86,NA,NA,47.76,752.28,0.94
2026-05-29 21:00:00,31.07,43.53,42.99,6.1,43.72,68.04,6.76,1.22,82.84,5.23,13.23,NA,1.36,2.77,2.99,26.77,65.04,2.0,230.3,NA,NA,47.97,752.23,0.93
2026-05-29 22:00:00,53.7,59.7,44.13,15.29,49.74,59.53,7.53,1.13,81.13,3.58,8.64,NA,1.09,2.09,1.09,26.15,69.03,1.97,223.66,NA,NA,48.2,752.05,0.9
2026-05-29 23:00:00,53.7,59.7,33.34,18.03,41.11,46.41,7.97,0.32,73.17,3.73,9.09,NA,1.1,2.12,1.03,25.83,72.26,1.85,209.8,NA,NA,50.85,751.95,0.89
2026-05-30 00:00:00,44.65,61.5,50.47,8.46,50.44,NA,7.57,0.38,75.55,1.54,5.15,NA,0.38,0.73,0.7,25.04,74.03,1.04,52.94,NA,NA,55.87,751.73,0.85
2026-05-30 01:00:00,38.28,63.08,44.81,19.95,53.47,38.4,6.87,0.77,79.09,1.54,5.54,NA,0.43,0.72,0.72,23.08,79.9,1.57,60.98,NA,NA,55.65,751.23,0.77
2026-05-30 02:00:00,33.88,56.6,42.0,14.19,45.41,37.4,7.17,0.88,82.07,1.57,5.48,NA,0.45,0.74,0.72,23.36,76.19,1.44,274.19,NA,NA,56.36,751.3,0.78
2026-05-30 03:00:00,31.8,53.13,42.14,11.25,44.26,38.68,7.06,0.89,78.33,1.56,5.31,NA,0.46,0.72,0.69,23.46,75.88,1.61,238.64,NA,NA,56.7,751.32,0.78
2026-05-30 04:00:00,26.45,43.38,39.01,19.21,46.23,45.4,6.25,0.93,78.91,1.29,4.65,NA,0.48,1.01,0.87,23.55,77.62,1.67,223.04,NA,NA,56.45,751.35,0.79
2026-05-30 05:00:00,22.3,45.05,39.67,11.0,44.21,50.18,6.58,0.73,74.89,1.29,4.51,NA,0.48,1.1,0.85,23.66,77.43,1.19,187.77,NA,NA,58.97,751.4,0.79
2026-05-30 06:00:00,30.43,46.63,40.61,5.87,34.39,58.78,6.67,0.87,69.33,3.79,7.66,NA,1.06,2.57,1.5,23.34,81.83,1.21,124.85,NA,NA,76.47,751.28,0.78
2026-05-30 07:00:00,27.93,48.4,36.63,13.62,36.84,62.44,6.18,1.0,74.81,3.65,7.39,NA,1.07,2.58,1.49,23.39,82.68,1.44,154.65,NA,NA,80.16,751.3,0.78
2026-05-30 08:00:00,33.43,51.15,43.7,16.13,49.28,69.99,4.52,1.47,73.34,4.01,7.75,NA,1.04,2.63,1.46,24.1,82.08,1.72,208.2,NA,NA,90.43,751.53,0.82
2026-05-30 09:00:00,28.55,57.15,39.03,13.04,43.35,67.53,4.48,1.63,74.22,3.92,7.5,NA,1.04,2.52,1.48,25.51,76.48,1.74,220.05,NA,NA,184.51,751.88,0.87
2026-05-30 10:00:00,36.75,60.4,33.93,14.53,39.62,60.69,3.77,1.9,74.94,3.77,8.47,NA,1.02,2.74,1.4,26.37,72.7,1.84,225.18,NA,NA,218.98,752.3,0.95
2026-05-30 11:00:00,46.25,54.63,27.41,18.96,36.27,55.11,5.42,1.01,80.96,3.65,9.15,NA,0.99,2.93,1.31,27.92,63.68,1.71,228.58,NA,NA,247.69,752.53,0.98
2026-05-30 12:00:00,33.63,55.15,35.29,11.52,40.25,49.76,4.69,1.09,85.52,4.72,6.95,NA,0.86,1.73,1.34,29.16,59.07,1.88,238.93,NA,NA,266.95,752.85,1.04
2026-05-30 13:00:00,29.67,53.7,37.69,10.9,42.48,46.14,7.92,0.85,88.63,4.65,7.16,NA,0.89,1.71,1.33,29.56,57.55,2.0,220.16,NA,NA,125.2,752.98,1.05
2026-05-30 14:00:00,31.5,54.03,41.68,9.73,43.89,48.04,7.38,0.93,88.33,4.7,7.09,NA,0.86,1.73,1.33,29.56,57.53,2.05,227.22,NA,NA,88.24,752.95,1.05
2026-05-30 15:00:00,38.8,55.78,53.21,16.24,49.83,51.31,5.71,0.66,91.43,4.77,6.98,NA,0.87,1.71,1.41,30.08,55.3,1.9,247.15,NA,NA,84.17,753.13,1.08
2026-05-30 16:00:00,39.85,52.88,44.13,13.12,49.05,54.66,4.93,0.88,98.03,3.67,10.75,NA,1.11,2.15,1.71,30.13,56.52,2.15,226.15,NA,NA,77.25,753.13,1.08
2026-05-30 17:00:00,47.18,49.2,34.01,8.51,36.43,59.48,8.5,0.92,96.74,3.64,10.48,NA,1.07,2.01,1.71,29.62,56.57,2.14,222.65,NA,NA,59.77,752.98,1.06
2026-05-30 18:00:00,51.65,55.05,37.83,12.42,40.92,64.57,7.9,1.05,91.49,4.53,12.26,NA,1.27,2.6,2.63,28.61,58.71,1.99,201.05,NA,NA,53.91,752.73,1.01
2026-05-30 19:00:00,55.03,57.32,49.31,12.6,45.89,68.87,5.73,1.02,78.68,5.02,12.82,NA,1.35,2.78,2.97,27.01,64.05,1.73,202.29,NA,NA,50.38,751.9,0.88
2026-05-30 20:00:00,56.3,63.3,39.33,9.66,39.64,71.71,6.79,0.84,80.78,4.85,12.82,NA,1.27,2.81,2.83,25.01,70.3,1.72,203.37,NA,NA,51.55,751.73,0.85
2026-05-30 21:00:00,45.78,65.65,50.3,17.24,55.79,64.17,8.25,0.96,79.87,4.95,12.8,NA,1.29,2.75,2.9,23.93,74.93,1.59,198.08,NA,NA,52.13,751.48,0.8
2026-05-30 22:00:00,44.83,61.68,26.19,9.33,35.0,58.74,8.74,1.02,74.51,3.61,9.02,NA,1.04,2.1,1.06,23.8,77.98,1.28,173.86,NA,NA,52.14,751.43,0.8
2026-05-30 23:00:00,49.7,59.1,32.87,11.78,35.66,50.23,7.78,0.83,75.88,3.55,8.45,NA,1.04,2.01,1.11,23.47,80.0,1.18,174.57,NA,NA,52.49,751.33,0.79
2026-05-31 00:00:00,42.3,57.15,44.18,7.27,43.92,NA,7.32,0.65,73.13,1.59,5.18,NA,0.4,0.71,0.7,22.98,82.31,0.97,135.01,NA,NA,53.62,751.18,0.77
2026-05-31 01:00:00,43.88,59.65,41.27,13.48,42.32,38.29,6.59,1.55,71.59,1.57,5.47,NA,0.42,0.71,0.69,22.23,88.34,1.05,138.82,NA,NA,52.27,751.0,0.73
2026-05-31 02:00:00,40.95,49.65,52.97,12.6,56.09,38.07,6.05,2.01,74.89,1.55,5.15,NA,0.48,0.71,0.76,22.16,94.94,1.12,170.23,NA,NA,52.27,750.98,0.73
2026-05-31 03:00:00,30.22,44.35,44.02,14.68,47.76,39.18,4.06,0.92,67.4,1.59,5.39,NA,0.41,0.69,0.71,21.89,94.94,1.13,166.71,NA,NA,52.62,750.88,0.72
2026-05-31 04:00:00,25.83,37.13,50.35,14.5,51.57,45.9,4.46,1.13,69.71,1.33,4.54,NA,0.5,1.05,0.87,21.57,95.0,1.4,202.53,NA,NA,52.69,750.8,0.7
2026-05-31 05:00:00,27.95,35.8,46.63,16.09,53.08,49.43,6.73,0.94,67.88,1.34,4.55,NA,0.49,1.03,0.86,21.89,95.05,1.18,155.79,NA,NA,59.29,750.9,0.72
2026-05-31 06:00:00,38.33,35.87,48.15,16.52,55.04,58.49,6.47,1.19,66.14,3.93,7.74,NA,1.04,2.59,1.51,23.15,93.92,1.3,151.24,NA,NA,92.91,751.23,0.78
2026-05-31 07:00:00,32.1,38.3,45.88,12.58,51.02,64.82,5.15,1.2,68.89,3.84,7.81,NA,1.01,2.56,1.49,24.52,77.89,1.74,206.9,NA,NA,149.11,751.6,0.83
2026-05-31 08:00:00,30.38,38.32,44.67,17.71,52.37,69.48,3.31,1.62,75.36,4.07,7.69,NA,1.05,2.56,1.46,26.21,73.05,1.83,224.91,NA,NA,207.45,752.05,0.91
2026-05-31 09:00:00,26.88,40.73,29.7,12.07,36.27,67.38,5.49,0.86,77.21,4.1,7.48,NA,1.05,2.64,1.48,28.59,66.89,1.49,255.8,NA,NA,264.39,752.7,1.01
2026-05-31 10:00:00,29.75,43.85,40.31,8.34,42.98,64.32,4.99,0.96,81.13,3.84,8.38,NA,0.97,2.79,1.36,29.5,62.91,1.27,216.75,NA,NA,288.84,752.93,1.05
2026-05-31 11:00:00,31.05,48.25,46.55,17.67,53.92,58.06,4.25,0.98,88.93,3.64,8.61,NA,0.99,2.93,1.28,30.99,56.77,1.19,217.73,NA,NA,296.05,753.38,1.12
2026-05-31 12:00:00,32.1,53.03,27.45,10.55,31.56,51.8,4.58,0.72,93.1,4.51,7.38,NA,0.86,2.02,1.38,31.68,53.57,1.24,212.8,NA,NA,222.1,753.55,1.15
2026-05-31 13:00:00,34.63,59.78,29.56,20.14,40.3,46.8,6.32,0.7,96.2,4.71,7.18,NA,0.86,1.69,1.37,32.13,51.6,1.36,79.89,NA,NA,178.98,753.65,1.21
2026-05-31 14:00:00,35.63,52.6,44.07,15.84,48.22,46.29,6.23,0.59,93.94,4.64,7.29,NA,0.89,1.71,1.39,33.03,48.24,1.11,130.44,NA,NA,97.56,753.9,1.21
2026-05-31 15:00:00,42.05,55.78,39.16,16.29,46.05,48.54,5.34,0.68,88.99,4.62,7.18,NA,0.88,1.75,1.43,29.69,54.75,1.19,187.03,NA,NA,84.47,753.0,1.06
2026-05-31 16:00:00,44.0,70.75,40.77,21.93,51.57,53.36,6.79,0.34,88.34,3.5,10.56,NA,1.11,2.15,1.79,25.04,63.74,0.98,110.23,NA,NA,57.89,750.85,0.7
2026-05-31 17:00:00,55.58,84.3,60.96,19.11,64.65,57.26,5.91,0.94,84.8,3.67,10.77,NA,1.06,2.03,1.73,21.32,74.98,0.82,94.61,NA,NA,58.68,747.6,0.18
2026-05-31 18:00:00,56.75,77.5,51.31,9.79,53.13,62.36,5.43,1.48,80.23,4.27,11.71,NA,1.17,2.41,2.28,21.03,91.36,1.53,173.67,NA,NA,53.32,749.48,0.75
2026-05-31 19:00:00,46.0,63.68,38.0,14.34,44.08,67.71,7.23,0.36,71.38,4.81,13.09,NA,1.3,2.76,2.84,22.51,92.76,1.41,196.43,NA,NA,43.06,751.05,0.74
2026-05-31 20:00:00,38.73,62.23,41.26,15.28,44.84,71.77,9.31,0.42,63.44,4.92,12.8,NA,1.34,2.75,2.94,22.7,95.37,1.5,93.38,NA,NA,43.44,751.13,0.75
2026-05-31 21:00:00,45.88,65.78,33.34,8.5,32.82,66.01,5.75,0.83,66.27,5.09,13.26,NA,1.33,2.84,2.98,22.36,95.5,1.36,159.35,NA,NA,37.93,751.03,0.74
2026-05-31 22:00:00,40.9,63.43,42.7,11.29,47.48,57.39,6.76,1.12,63.58,3.64,8.48,NA,1.06,2.06,1.06,22.92,95.41,1.64,186.7,NA,NA,34.8,751.2,0.76
2026-05-31 23:00:00,35.5,63.7,36.5,10.16,37.74,52.21,6.13,1.06,67.59,3.67,9.25,NA,1.02,2.03,1.08,22.71,95.34,0.99,161.06,NA,NA,29.15,751.17,0.75
2026-06-01 00:00:00,36.78,61.58,44.69,9.25,45.39,NA,7.34,1.04,63.05,1.55,5.42,NA,0.42,0.69,0.74,22.71,95.38,1.5,168.11,NA,NA,35.63,751.1,0.75
2026-06-01 01:00:00,35.78,62.7,47.8,10.48,49.78,39.48,5.89,0.93,63.29,1.53,5.31,NA,0.43,0.7,0.74,22.69,95.34,1.79,232.8,NA,NA,36.45,751.1,0.75
2026-06-01 02:00:00,34.1,62.5,30.94,10.46,36.65,37.29,5.16,1.28,65.41,1.54,5.06,NA,0.43,0.71,0.73,22.67,95.32,1.72,225.75,NA,NA,29.61,751.1,0.75
2026-06-01 03:00:00,37.7,57.98,36.78,18.69,46.22,38.96,7.57,1.13,69.55,1.58,5.48,NA,0.45,0.72,0.73,22.69,95.23,1.69,211.03,NA,NA,12.37,751.13,0.75
2026-06-01 04:00:00,36.7,60.65,36.37,12.93,40.06,46.41,6.53,1.61,71.42,1.33,4.78,NA,0.5,1.05,0.87,22.46,95.28,1.66,211.83,NA,NA,11.31,751.05,0.74
2026-06-01 05:00:00,35.18,64.0,44.38,10.68,47.64,49.81,5.13,1.52,70.0,1.38,4.79,NA,0.5,1.07,0.87,22.68,95.21,1.17,203.95,NA,NA,21.92,751.15,0.76
2026-06-01 06:00:00,45.47,59.68,47.42,12.86,51.82,60.94,5.92,1.44,64.06,3.92,7.72,NA,1.04,2.59,1.49,22.78,95.33,1.06,112.01,NA,NA,12.91,751.18,0.76
2026-06-01 07:00:00,33.13,61.22,37.63,13.35,43.4,64.06,6.06,0.81,70.28,4.02,8.09,NA,1.04,2.66,1.47,23.69,95.05,1.12,60.89,NA,NA,31.84,751.38,0.8
2026-06-01 08:00:00,29.98,59.72,41.43,12.09,45.24,66.57,5.07,0.88,71.21,3.96,8.03,NA,1.06,2.59,1.51,24.23,91.94,1.17,99.23,NA,NA,40.57,751.53,0.82
2026-06-01 09:00:00,25.85,57.88,43.92,14.59,50.69,66.54,6.53,1.01,77.9,4.04,7.53,NA,1.04,2.56,1.51,25.85,73.6,1.44,185.44,NA,NA,45.59,751.98,0.89
2026-06-01 10:00:00,28.1,58.75,47.1,19.59,55.03,64.03,5.94,1.03,75.97,3.97,8.67,NA,1.0,2.7,1.36,26.02,72.84,1.41,162.13,NA,NA,37.54,752.0,0.9
2026-06-01 11:00:00,35.03,61.18,44.14,9.6,35.97,60.62,5.0,0.53,61.55,4.9,13.21,NA,0.9,2.65,1.08,27.3,67.65,1.07,135.67,NA,NA,251.73,752.38,0.96
2026-06-01 12:00:00,36.95,60.53,43.5,8.25,36.83,57.81,4.94,0.63,63.29,5.34,12.23,NA,0.85,2.12,1.13,27.57,67.03,1.24,125.08,NA,NA,208.8,752.45,0.97
2026-06-01 13:00:00,40.45,57.88,43.19,17.59,42.18,48.68,5.97,1.13,68.51,6.0,11.13,NA,0.83,1.57,1.27,29.1,60.28,1.31,119.65,NA,NA,150.4,752.85,1.03
2026-06-01 14:00:00,39.58,52.93,41.25,14.31,39.94,53.37,3.99,1.42,73.9,5.96,11.15,NA,0.77,1.55,1.29,30.02,53.64,1.17,137.94,NA,NA,127.88,753.1,1.08
2026-06-01 15:00:00,32.25,47.65,29.68,14.16,29.98,55.39,6.58,0.77,74.21,5.83,11.47,NA,0.81,1.58,1.27,30.08,52.48,1.65,152.87,NA,NA,102.92,753.1,1.08
2026-06-01 16:00:00,33.97,50.63,35.99,20.73,44.72,58.68,6.11,0.89,75.46,4.84,14.68,NA,0.96,1.94,1.58,30.24,43.91,1.74,183.29,NA,NA,76.25,749.5,0.49
2026-06-01 17:00:00,32.98,49.08,44.07,20.07,44.52,61.04,6.23,0.9,79.95,4.93,14.85,NA,0.99,1.83,1.54,29.86,48.4,1.88,190.15,NA,NA,71.4,751.83,0.86
2026-06-01 18:00:00,31.38,48.38,41.59,14.41,49.57,70.12,7.15,0.51,77.19,5.38,16.16,NA,1.09,2.25,2.12,29.68,52.69,2.03,214.64,NA,NA,58.23,753.0,1.06
2026-06-01 19:00:00,25.73,53.15,47.73,18.77,40.12,74.52,6.78,0.75,66.51,6.26,17.24,NA,1.15,2.52,2.62,28.87,56.7,2.08,212.87,NA,NA,47.96,752.68,1.0
2026-06-01 20:00:00,29.35,58.8,43.24,19.28,41.72,77.41,8.71,0.91,63.5,6.19,16.74,NA,1.23,2.52,2.63,28.02,59.15,2.09,199.38,NA,NA,50.29,752.53,0.98
2026-06-01 21:00:00,43.35,74.85,45.53,10.89,42.43,71.09,7.74,0.95,62.44,6.18,17.81,NA,1.17,2.5,2.62,27.29,61.48,1.8,176.4,NA,NA,51.68,752.35,0.95
2026-06-01 22:00:00,53.15,91.55,41.77,14.11,39.95,63.15,9.83,1.12,62.47,5.02,12.99,NA,0.96,1.86,0.95,26.59,62.05,1.88,191.26,NA,NA,52.29,752.18,0.92
2026-06-01 23:00:00,61.47,94.13,40.54,11.42,36.05,56.35,9.5,0.77,52.11,4.92,12.93,NA,0.97,1.92,0.91,26.26,62.6,1.95,185.5,NA,NA,51.52,752.1,0.91
2026-06-02 00:00:00,53.5,92.0,34.48,15.81,34.7,NA,7.33,0.79,47.38,2.75,9.51,NA,0.44,0.66,0.71,25.45,63.88,1.97,202.72,NA,NA,52.66,751.82,0.87
2026-06-02 01:00:00,63.22,86.45,42.32,16.89,37.97,44.58,7.02,1.03,43.41,2.81,9.63,NA,0.36,0.67,0.65,25.06,66.01,1.97,194.69,NA,NA,53.8,751.75,0.86
2026-06-02 02:00:00,44.9,76.9,43.73,27.22,45.93,42.01,7.31,1.43,44.42,2.78,9.71,NA,0.38,0.66,0.62,24.8,66.71,1.84,193.66,NA,NA,53.32,751.7,0.84
2026-06-02 03:00:00,40.68,77.28,42.95,11.55,38.38,42.34,7.18,1.18,42.4,2.77,9.57,NA,0.37,0.67,0.67,24.63,67.88,1.53,170.45,NA,NA,53.4,751.65,0.84
2026-06-02 04:00:00,36.1,79.58,47.22,13.88,42.6,50.42,7.02,0.8,40.22,2.62,8.81,NA,0.46,0.96,0.77,24.02,74.47,1.92,234.36,NA,NA,54.11,751.48,0.81
2026-06-02 05:00:00,47.57,80.58,34.19,17.97,37.27,55.96,7.0,0.62,34.2,2.57,8.74,NA,0.44,0.97,0.78,23.96,77.86,1.46,189.1,NA,NA,61.14,751.45,0.81
2026-06-02 06:00:00,41.32,74.6,44.87,19.47,46.16,62.75,8.22,1.16,42.0,5.26,11.97,NA,0.97,2.39,1.34,25.49,75.33,1.83,196.77,NA,NA,95.62,751.85,0.88
2026-06-02 07:00:00,35.43,74.75,50.24,13.56,43.03,69.5,7.51,1.12,44.78,5.15,11.83,NA,0.96,2.38,1.33,26.53,70.67,1.89,208.38,NA,NA,132.53,752.13,0.95
2026-06-02 08:00:00,36.5,73.35,39.77,14.61,38.06,74.82,2.88,1.32,48.13,5.22,11.63,NA,0.96,2.34,1.33,29.31,58.65,1.87,169.9,NA,NA,165.07,752.93,1.04
2026-06-02 09:00:00,48.08,72.1,43.39,29.65,49.32,73.38,7.59,0.63,55.94,5.37,11.44,NA,0.94,2.34,1.35,30.81,54.96,1.54,236.29,NA,NA,200.59,753.33,1.07
2026-06-02 10:00:00,45.8,71.38,47.29,26.5,51.53,69.05,6.81,0.92,68.61,5.09,12.51,NA,0.9,2.47,1.23,32.08,52.0,1.7,272.87,NA,NA,243.34,753.68,1.17
2026-06-02 11:00:00,38.78,77.9,57.86,13.63,51.88,62.14,5.09,0.75,93.38,4.83,12.97,NA,0.9,2.65,1.15,33.45,47.67,1.54,193.04,NA,NA,287.53,754.0,1.21
2026-06-02 12:00:00,31.1,76.3,32.45,18.16,34.01,56.6,3.94,0.88,100.88,5.91,11.43,NA,0.81,1.57,1.28,34.81,45.6,1.04,177.75,NA,NA,233.36,754.43,1.27
2026-06-02 13:00:00,29.75,74.95,42.13,22.91,44.33,52.49,4.77,1.03,109.51,5.88,11.23,NA,0.78,1.53,1.27,35.01,45.03,1.18,167.2,NA,NA,178.03,754.45,1.29
2026-06-02 14:00:00,32.48,74.73,46.32,18.18,49.16,53.72,6.1,1.08,131.7,5.82,11.25,NA,0.83,1.57,1.29,34.74,44.16,1.64,248.81,NA,NA,103.76,754.38,1.28
2026-06-02 15:00:00,45.6,83.18,34.17,22.68,35.14,55.55,4.67,1.5,108.41,5.87,11.42,NA,0.8,1.57,1.25,35.14,44.36,1.58,152.6,NA,NA,94.05,754.48,1.3
2026-06-02 16:00:00,40.43,94.03,47.53,17.64,48.13,59.53,5.0,1.61,85.08,4.84,14.88,NA,1.0,1.87,1.55,34.87,45.43,1.86,54.72,NA,NA,78.25,754.4,1.29
2026-06-02 17:00:00,39.28,96.63,41.99,26.02,47.58,60.37,5.68,1.27,85.38,4.92,15.09,NA,0.99,1.87,1.56,33.78,47.78,1.91,65.07,NA,NA,68.87,754.1,1.27
2026-06-02 18:00:00,35.23,100.13,47.53,18.4,45.69,72.35,6.99,0.43,81.86,6.08,17.15,NA,1.19,2.52,2.66,32.71,50.05,2.35,80.44,NA,NA,49.6,753.8,1.19
2026-06-02 19:00:00,34.98,105.73,55.15,14.18,51.46,74.37,6.92,1.04,72.18,6.01,17.36,NA,1.19,2.53,2.65,31.93,51.71,2.38,99.37,NA,NA,48.16,753.6,1.16
2026-06-02 20:00:00,46.83,108.58,50.6,21.37,48.38,75.76,8.38,1.57,66.34,6.13,17.42,NA,1.19,2.51,2.62,31.29,53.64,2.08,143.52,NA,NA,50.08,753.48,1.13
2026-06-02 21:00:00,42.38,117.78,41.93,17.64,40.79,69.97,8.97,0.81,71.19,6.09,17.9,NA,1.17,2.52,2.63,30.46,55.64,2.07,185.47,NA,NA,48.64,753.2,1.1
2026-06-02 22:00:00,50.63,114.68,48.79,29.08,53.83,64.59,9.87,0.85,50.62,4.95,12.81,NA,1.01,1.94,0.97,29.76,57.97,1.99,182.67,NA,NA,49.32,753.03,1.07
2026-06-02 23:00:00,61.2,107.6,35.06,15.06,34.51,53.22,5.22,0.71,44.45,4.89,13.25,NA,0.98,1.86,0.92,29.54,58.08,2.05,177.6,NA,NA,50.65,753.0,1.05
2026-06-03 00:00:00,53.4,115.48,51.95,14.19,46.45,NA,5.3,0.95,42.97,2.85,9.77,NA,0.4,0.64,0.69,28.76,59.82,2.11,156.6,NA,NA,52.26,752.75,1.02
2026-06-03 01:00:00,50.63,109.6,42.27,13.27,39.2,44.0,7.97,0.85,42.89,2.79,9.84,NA,0.36,0.65,0.63,28.13,61.18,2.31,98.06,NA,NA,54.07,752.6,0.99
2026-06-03 02:00:00,57.08,101.77,42.91,17.89,43.76,43.23,8.49,0.69,45.17,2.83,9.62,NA,0.32,0.65,0.66,27.71,61.99,2.27,97.67,NA,NA,53.3,752.5,0.97
2026-06-03 03:00:00,59.38,92.93,47.35,13.77,45.13,43.88,9.77,0.83,40.58,2.8,9.87,NA,0.41,0.66,0.69,27.47,64.6,2.1,232.66,NA,NA,53.02,752.43,0.96
2026-06-03 04:00:00,61.93,92.1,42.5,17.48,41.04,49.7,10.58,0.93,39.84,2.68,9.07,NA,0.46,0.89,0.76,27.14,67.27,2.21,198.27,NA,NA,53.32,752.32,0.95
2026-06-03 05:00:00,59.7,93.58,39.54,17.49,39.29,53.73,8.86,1.56,35.45,2.6,8.91,NA,0.45,0.92,0.79,26.75,70.01,1.68,102.64,NA,NA,57.95,752.23,0.93
2026-06-03 06:00:00,52.05,98.93,47.58,20.95,45.3,63.29,8.59,2.11,40.48,5.17,11.9,NA,0.93,2.33,1.33,28.08,65.62,2.12,114.36,NA,NA,88.28,752.58,0.99
2026-06-03 07:00:00,54.1,96.03,43.54,16.24,44.07,68.94,6.35,1.48,46.42,5.25,12.11,NA,0.93,2.34,1.35,30.15,59.26,1.45,135.31,NA,NA,135.35,753.13,1.08
2026-06-03 08:00:00,44.08,87.88,45.41,14.73,40.93,74.76,3.64,1.98,52.42,5.23,12.14,NA,0.94,2.35,1.35,31.86,54.36,1.4,138.1,NA,NA,190.25,753.58,1.15
2026-06-03 09:00:00,47.25,84.2,41.15,27.87,46.77,71.47,5.98,1.13,50.59,5.43,11.97,NA,0.95,2.34,1.34,33.21,51.17,0.81,141.26,NA,NA,236.8,753.95,1.21
2026-06-03 10:00:00,44.77,83.9,39.72,23.84,40.81,67.34,4.47,1.34,50.53,5.11,12.69,NA,0.9,2.59,1.21,34.07,49.07,1.39,99.06,NA,NA,268.63,754.2,1.25
2026-06-03 11:00:00,NA,NA,39.21,28.17,43.97,68.72,5.41,1.8,54.68,4.46,15.99,NA,0.92,2.91,1.61,35.29,46.32,1.63,70.19,NA,NA,296.72,754.5,1.31
2026-06-03 12:00:00,40.3,115.5,37.13,23.54,43.31,64.48,4.3,2.43,NA,5.16,15.32,NA,0.89,2.18,1.86,35.63,45.35,1.79,56.91,NA,NA,268.61,754.6,1.32
2026-06-03 13:00:00,64.08,112.68,37.9,31.87,46.73,56.16,NA,0.73,89.32,5.23,14.99,NA,0.84,1.89,1.83,36.15,43.27,1.82,66.2,NA,NA,133.61,754.75,1.35
2026-06-03 14:00:00,57.5,108.9,41.12,25.18,44.81,57.67,NA,0.7,106.25,5.24,14.88,NA,0.87,1.87,1.84,35.98,42.68,2.06,65.37,NA,NA,92.67,754.73,1.34
2026-06-03 15:00:00,45.68,100.35,53.7,22.72,53.48,64.74,6.42,0.79,124.04,5.13,15.04,NA,0.87,1.86,1.87,35.84,42.42,1.65,65.93,NA,NA,78.55,754.68,1.33
2026-06-03 16:00:00,47.78,96.7,47.79,22.8,47.69,68.44,5.41,NA,118.83,4.35,17.57,NA,1.05,2.24,2.1,35.51,43.81,2.1,54.68,NA,NA,72.47,754.55,1.32
2026-06-03 17:00:00,54.55,94.1,NA,29.28,52.39,74.89,8.26,0.56,91.51,4.04,18.14,NA,1.08,2.3,2.16,34.46,45.73,2.31,73.9,NA,NA,58.12,754.3,1.27
2026-06-03 18:00:00,50.48,95.57,28.77,22.78,28.8,79.6,9.24,0.49,67.62,4.88,19.69,NA,1.19,2.77,2.75,34.13,46.42,2.3,68.59,NA,NA,53.45,754.2,1.25
2026-06-03 19:00:00,45.75,95.57,44.97,32.73,47.42,83.33,10.43,0.91,63.28,5.39,20.95,NA,1.29,2.83,3.25,33.41,47.65,2.59,76.11,NA,NA,47.12,754.0,1.22
2026-06-03 20:00:00,53.73,93.32,46.79,19.37,43.67,88.92,11.66,1.71,62.24,5.56,21.2,NA,1.3,2.88,3.27,32.19,50.12,2.46,44.63,NA,NA,45.97,753.68,1.17
2026-06-03 21:00:00,52.3,98.55,31.88,23.99,31.88,81.56,11.44,0.97,51.4,5.71,21.04,NA,1.28,2.91,3.26,31.67,51.93,2.3,79.88,NA,NA,48.11,753.55,1.15
2026-06-03 22:00:00,48.13,106.2,45.75,14.29,38.56,72.36,11.66,0.81,40.47,4.23,16.71,NA,1.04,2.23,1.55,31.0,53.89,2.45,60.99,NA,NA,50.1,753.38,1.12
2026-06-03 23:00:00,52.5,107.2,40.71,23.8,39.52,65.04,9.5,0.64,33.02,4.38,17.01,NA,1.07,2.21,1.58,30.45,55.74,2.53,39.19,NA,NA,50.31,753.23,1.09
2026-06-04 00:00:00,46.33,115.45,33.43,17.19,30.36,NA,12.12,0.77,36.44,2.04,13.22,NA,0.39,1.0,1.26,29.81,56.91,2.12,18.04,NA,NA,51.61,753.05,1.07
2026-06-04 01:00:00,48.68,114.73,53.23,20.19,46.58,52.56,11.47,0.82,44.02,2.06,13.31,NA,0.4,1.01,1.23,29.4,57.22,2.34,51.96,NA,NA,50.88,752.93,1.05
2026-06-04 02:00:00,46.75,111.35,54.96,25.24,49.88,51.13,11.1,0.84,43.52,2.07,13.22,NA,0.37,1.0,1.27,28.95,58.58,2.33,67.73,NA,NA,50.88,752.8,1.03
2026-06-04 03:00:00,41.43,101.85,39.53,14.53,30.2,52.83,9.98,0.64,39.26,2.05,13.05,NA,0.41,1.01,1.26,28.23,61.92,2.31,110.99,NA,NA,54.21,752.63,0.99
2026-06-04 04:00:00,43.18,101.23,42.91,15.48,31.78,55.67,9.49,0.61,38.33,1.94,12.81,NA,0.43,1.16,1.31,28.18,62.32,2.3,99.64,NA,NA,54.04,752.6,0.99
2026-06-04 05:00:00,45.93,100.05,39.92,17.78,32.46,61.24,10.22,0.58,39.89,1.86,12.54,NA,0.5,1.3,1.38,28.3,61.7,2.29,89.79,NA,NA,56.91,752.68,1.0
2026-06-04 06:00:00,51.1,98.0,41.43,17.53,37.0,68.96,11.57,0.4,45.09,3.13,14.41,NA,0.76,2.04,1.66,28.8,59.76,2.22,121.26,NA,NA,72.79,752.78,1.02
2026-06-04 07:00:00,67.15,95.15,42.16,18.38,35.87,78.33,7.23,0.6,55.09,4.42,15.6,NA,1.04,2.74,1.91,31.29,54.64,1.62,171.13,NA,NA,127.22,753.33,1.11
2026-06-04 08:00:00,61.6,94.48,50.49,16.45,40.86,83.56,6.33,0.82,59.89,4.5,15.86,NA,1.03,2.72,1.92,32.1,52.77,1.57,203.65,NA,NA,169.33,753.45,1.13
2026-06-04 09:00:00,58.2,95.18,48.24,13.14,38.98,84.61,6.99,0.82,61.91,4.48,15.33,NA,1.06,2.67,1.96,33.57,50.08,1.79,256.67,NA,NA,202.06,754.08,1.23
2026-06-04 10:00:00,52.83,97.08,37.7,23.35,37.63,77.9,9.03,0.69,67.3,4.39,16.47,NA,0.96,2.96,1.81,34.63,47.3,1.73,196.8,NA,NA,241.59,754.33,1.28
2026-06-04 11:00:00,50.05,97.0,39.09,27.9,40.91,71.53,9.62,0.73,68.56,4.16,17.4,NA,0.99,3.02,1.75,34.95,46.49,1.44,129.0,NA,NA,219.52,754.55,1.3
2026-06-04 12:00:00,47.23,98.35,36.57,20.12,36.97,65.2,8.21,1.01,65.87,4.96,15.43,NA,0.89,2.19,1.86,35.83,44.98,1.66,57.49,NA,NA,251.13,754.68,1.33
2026-06-04 13:00:00,45.23,99.23,29.25,28.94,31.6,62.43,8.58,0.61,62.59,5.18,14.86,NA,0.85,1.87,1.91,35.54,45.41,1.93,155.02,NA,NA,215.61,754.6,1.32
2026-06-04 14:00:00,45.05,95.75,30.15,12.81,25.67,61.88,9.5,0.21,62.65,5.15,15.17,NA,0.86,1.91,1.86,34.63,47.44,1.9,177.7,NA,NA,88.19,754.35,1.28
2026-06-04 15:00:00,39.38,93.73,45.38,17.58,33.35,64.07,8.01,0.81,64.79,5.14,14.92,NA,0.89,1.87,1.84,34.37,48.23,1.51,114.41,NA,NA,78.51,754.28,1.26
2026-06-04 16:00:00,37.8,92.33,39.29,32.27,42.58,67.47,7.93,0.92,66.12,4.29,17.83,NA,1.0,2.2,2.07,34.56,47.04,1.8,108.49,NA,NA,69.98,754.3,1.27
2026-06-04 17:00:00,38.43,91.73,44.15,27.7,44.14,70.95,8.73,0.75,65.26,4.25,18.5,NA,1.09,2.28,2.19,34.74,44.85,1.47,129.98,NA,NA,62.15,754.35,1.28
2026-06-04 18:00:00,40.4,85.4,36.54,26.37,37.81,81.19,8.81,0.71,54.82,5.34,21.13,NA,1.32,2.87,3.27,33.84,45.47,2.21,164.88,NA,NA,47.61,754.13,1.24
2026-06-04 19:00:00,44.9,92.93,38.48,18.56,36.19,84.41,12.62,1.1,42.26,5.46,20.8,NA,1.31,2.87,3.2,32.36,48.44,2.72,209.14,NA,NA,47.92,753.73,1.17
2026-06-04 20:00:00,50.25,112.75,32.31,21.33,31.78,86.76,14.69,1.39,43.91,5.45,21.12,NA,1.3,2.88,3.23,32.11,49.81,2.66,216.75,NA,NA,49.42,753.65,1.16
2026-06-04 21:00:00,62.3,144.13,43.59,9.68,33.37,81.04,16.67,1.4,37.87,5.33,20.97,NA,1.28,2.88,3.22,32.03,51.02,2.47,226.77,NA,NA,49.86,753.63,1.16
2026-06-04 22:00:00,55.95,173.35,27.86,21.2,27.32,71.13,20.2,1.57,48.83,4.27,16.62,NA,1.05,2.23,1.59,31.63,52.86,2.63,229.82,NA,NA,49.46,753.55,1.15
2026-06-04 23:00:00,56.27,172.8,29.6,21.36,29.19,68.26,21.56,1.67,49.66,4.17,16.51,NA,1.04,2.16,1.56,31.45,53.3,2.6,227.46,NA,NA,49.44,753.5,1.14
2026-06-05 00:00:00,66.53,142.63,45.61,13.89,33.7,NA,13.16,1.36,46.87,2.07,13.59,NA,0.4,0.99,1.21,30.71,54.92,2.3,289.23,NA,NA,52.2,753.3,1.1
2026-06-05 01:00:00,68.88,130.7,47.42,17.99,41.09,51.47,13.35,1.25,46.03,2.07,13.44,NA,0.4,0.98,1.23,30.41,56.73,2.45,302.39,NA,NA,54.03,753.2,1.09
2026-06-05 02:00:00,60.95,127.75,50.67,13.37,41.6,49.3,12.12,1.37,48.01,2.07,13.5,NA,0.44,1.01,1.22,30.14,56.98,1.67,231.11,NA,NA,53.48,753.1,1.08
2026-06-05 03:00:00,56.23,121.4,54.6,14.23,40.41,51.51,10.2,0.96,49.55,2.06,13.08,NA,0.41,1.0,1.19,28.59,56.9,1.55,60.76,NA,NA,51.03,752.7,1.01
2026-06-05 04:00:00,52.93,112.35,35.71,19.32,31.45,58.44,7.14,0.69,56.82,1.84,12.57,NA,0.48,1.29,1.38,27.13,57.42,1.53,76.83,NA,NA,52.38,752.32,0.95
2026-06-05 05:00:00,50.45,106.18,43.59,16.89,36.42,61.47,6.65,0.86,59.49,1.9,12.57,NA,0.48,1.28,1.38,26.88,58.85,1.57,78.21,NA,NA,56.29,752.25,0.94
2026-06-05 06:00:00,47.6,92.0,37.78,17.54,33.17,69.61,5.85,0.85,62.53,3.91,14.68,NA,0.93,2.35,1.78,25.94,63.05,1.31,59.75,NA,NA,64.3,752.0,0.89
2026-06-05 07:00:00,48.85,81.13,40.18,23.36,38.75,79.73,6.82,0.62,61.69,4.58,15.6,NA,1.05,2.71,1.93,24.29,70.21,1.31,132.96,NA,NA,54.55,751.55,0.82
2026-06-05 08:00:00,40.65,70.53,36.68,12.92,29.66,85.8,7.3,0.74,50.19,4.36,15.69,NA,1.06,2.7,1.92,25.67,70.21,1.18,129.89,NA,NA,58.86,751.93,0.88
2026-06-05 09:00:00,38.7,61.53,35.84,18.3,30.73,83.38,8.44,0.84,51.37,4.29,15.46,NA,1.06,2.67,1.96,27.42,65.24,1.53,141.98,NA,NA,143.5,752.4,0.96
2026-06-05 10:00:00,37.3,57.7,49.1,13.15,41.44,77.02,7.67,1.19,57.97,4.2,16.89,NA,0.99,2.94,1.75,31.38,52.21,1.72,187.37,NA,NA,282.52,753.48,1.19
2026-06-05 11:00:00,34.8,54.68,52.68,16.94,45.16,72.87,7.75,1.04,61.47,4.24,17.21,NA,0.97,3.01,1.77,32.19,51.19,1.44,162.41,NA,NA,280.77,753.68,1.17
2026-06-05 12:00:00,29.38,50.85,44.68,17.31,38.75,63.57,7.15,1.08,58.84,5.17,15.08,NA,0.87,1.91,1.88,31.94,54.94,1.56,105.71,NA,NA,260.11,753.63,1.16
2026-06-05 13:00:00,33.57,55.18,45.64,20.02,39.6,60.91,7.66,0.84,80.38,5.13,15.05,NA,0.88,1.85,1.85,32.63,52.5,1.87,85.51,NA,NA,176.32,753.8,1.19
2026-06-05 14:00:00,37.63,57.55,37.15,18.7,33.83,60.12,7.23,0.64,134.89,5.12,15.34,NA,0.87,1.83,1.84,33.29,50.85,1.73,73.63,NA,NA,89.89,753.98,1.21
2026-06-05 15:00:00,43.63,56.38,29.89,26.45,32.1,65.68,9.72,0.83,141.69,5.13,14.76,NA,0.9,1.88,1.83,34.06,49.56,2.08,65.39,NA,NA,76.92,754.18,1.25
2026-06-05 16:00:00,42.4,55.68,42.91,19.39,39.07,68.76,9.85,0.86,140.46,4.39,17.83,NA,1.05,2.21,2.04,33.72,51.5,1.92,60.09,NA,NA,71.35,754.1,1.24
2026-06-05 17:00:00,39.03,57.43,30.65,12.57,25.84,74.21,8.27,0.81,140.13,4.06,18.43,NA,1.08,2.2,2.19,32.94,54.5,1.88,70.46,NA,NA,62.84,753.9,1.2
2026-06-05 18:00:00,42.95,66.38,32.02,29.13,35.63,81.53,7.76,0.97,132.95,5.59,21.0,NA,1.25,2.9,3.22,31.94,57.66,2.05,81.59,NA,NA,50.92,753.6,1.16
2026-06-05 19:00:00,44.68,75.08,48.64,23.33,45.0,85.7,8.46,0.97,130.18,5.52,20.64,NA,1.26,2.92,3.22,31.61,59.69,2.02,90.91,NA,NA,48.22,753.43,1.13
2026-06-05 20:00:00,47.18,77.68,42.12,17.09,37.95,88.47,10.03,1.18,127.26,5.39,20.84,NA,1.28,2.87,3.34,30.84,59.97,1.85,84.62,NA,NA,48.99,753.3,1.11
2026-06-05 21:00:00,48.6,83.08,48.52,11.16,36.87,83.62,10.09,0.61,128.76,5.55,21.12,NA,1.34,2.86,3.28,30.61,60.42,2.14,84.98,NA,NA,48.95,753.23,1.1
2026-06-05 22:00:00,52.25,95.7,37.88,21.61,35.51,72.77,10.84,0.75,123.9,3.98,16.66,NA,1.05,2.22,1.55,29.67,63.68,2.27,77.55,NA,NA,49.27,753.0,1.06
2026-06-05 23:00:00,52.1,98.2,43.02,22.49,35.0,65.82,10.3,0.67,121.15,4.32,16.66,NA,1.04,2.18,1.54,29.27,65.15,2.14,80.39,NA,NA,50.29,752.9,1.04
2026-06-06 00:00:00,62.45,101.95,44.33,22.8,38.68,NA,11.41,1.19,122.29,2.03,13.42,NA,0.45,1.0,1.22,28.42,67.58,1.81,77.89,NA,NA,51.97,752.65,1.0
2026-06-06 01:00:00,65.55,108.3,38.31,14.33,28.42,52.45,13.69,0.65,120.33,2.04,13.18,NA,0.37,0.98,1.28,27.88,69.63,1.88,70.12,NA,NA,51.06,752.53,0.98
2026-06-06 02:00:00,64.5,113.1,42.37,22.26,38.14,51.31,13.65,0.83,119.94,2.06,13.25,NA,0.4,0.97,1.27,27.48,70.78,1.89,64.26,NA,NA,51.5,752.43,0.96
2026-06-06 03:00:00,63.03,117.43,44.55,17.75,39.66,52.02,10.86,0.72,118.81,2.05,13.44,NA,0.41,0.99,1.25,27.26,69.72,2.0,210.66,NA,NA,52.38,752.35,0.95
2026-06-06 04:00:00,62.28,123.08,36.17,25.44,35.04,58.67,8.96,0.7,121.04,1.87,12.66,NA,0.46,1.25,1.33,27.08,69.33,1.93,71.79,NA,NA,51.79,752.3,0.95
2026-06-06 05:00:00,60.15,129.08,52.11,20.04,44.8,60.93,10.31,1.04,120.28,1.83,12.96,NA,0.51,1.27,1.4,26.94,69.41,2.01,76.05,NA,NA,56.52,752.28,0.94
2026-06-06 06:00:00,59.13,135.2,39.82,18.33,33.1,70.62,10.7,1.41,118.6,3.88,14.67,NA,0.89,2.37,1.79,27.56,68.23,2.19,81.83,NA,NA,83.2,752.43,0.97
2026-06-06 07:00:00,67.23,141.33,32.92,25.26,33.71,78.85,9.24,1.54,124.44,4.41,15.44,NA,1.07,2.73,1.96,29.27,65.06,2.07,73.85,NA,NA,130.73,752.9,1.04
2026-06-06 08:00:00,75.03,145.1,37.48,17.26,34.54,84.47,6.77,1.82,127.27,4.36,15.78,NA,1.05,2.67,1.91,30.44,61.95,1.92,72.98,NA,NA,178.4,753.2,1.09
2026-06-06 09:00:00,76.75,143.3,35.6,19.01,32.64,82.96,9.04,1.46,126.68,4.35,15.6,NA,1.02,2.68,1.97,31.38,58.95,2.05,78.44,NA,NA,234.85,753.48,1.13
2026-06-06 10:00:00,73.63,137.33,43.27,17.6,39.29,78.27,8.97,1.47,128.98,4.36,16.76,NA,1.0,2.93,1.8,32.42,54.6,1.89,70.87,NA,NA,280.09,753.75,1.18
2026-06-06 11:00:00,62.93,126.93,40.25,22.19,38.14,72.01,6.64,0.82,129.41,4.14,16.54,NA,0.99,3.0,1.77,33.18,50.17,1.81,83.03,NA,NA,296.49,753.95,1.21
2026-06-06 12:00:00,51.85,115.07,42.33,23.71,40.89,65.33,6.59,0.51,139.92,4.96,15.61,NA,0.91,2.17,1.83,34.14,48.21,1.53,68.91,NA,NA,271.03,754.2,1.26
2026-06-06 13:00:00,49.68,110.68,35.48,25.33,36.56,60.51,9.0,0.81,140.15,5.17,15.18,NA,0.9,1.92,1.88,34.85,48.13,1.78,53.4,NA,NA,177.72,754.4,1.29
2026-06-06 14:00:00,53.2,111.08,41.64,17.41,36.46,63.01,10.05,1.03,145.3,5.17,15.23,NA,0.89,1.94,1.84,35.22,47.27,1.83,52.95,NA,NA,102.25,754.5,1.3
2026-06-06 15:00:00,55.28,112.45,38.25,22.47,33.62,64.6,9.74,0.88,145.27,5.16,14.87,NA,0.86,1.86,1.87,35.15,47.55,1.62,56.72,NA,NA,86.18,754.48,1.3
2026-06-06 16:00:00,56.48,111.48,43.54,24.54,40.18,68.48,9.72,0.8,151.95,4.33,18.06,NA,1.06,2.17,2.06,34.95,46.27,1.87,73.65,NA,NA,69.84,754.43,1.29
2026-06-06 17:00:00,56.05,107.07,37.41,19.58,35.21,72.81,9.1,0.66,145.78,4.26,18.19,NA,1.05,2.22,2.2,34.6,45.67,2.13,61.48,NA,NA,58.19,754.33,1.27
2026-06-06 18:00:00,55.5,102.35,33.09,23.1,33.68,81.15,9.09,0.8,144.45,4.99,19.96,NA,1.25,2.69,3.02,33.98,45.97,2.41,89.87,NA,NA,50.45,754.15,1.25
2026-06-06 19:00:00,56.45,98.52,46.42,14.62,37.84,82.79,7.96,0.71,131.77,5.52,21.14,NA,1.28,2.89,3.21,33.16,47.65,2.27,152.84,NA,NA,46.82,753.95,1.21
2026-06-06 20:00:00,58.65,102.03,39.82,15.18,34.74,87.6,9.46,0.93,129.69,5.34,20.91,NA,1.3,2.88,3.25,32.44,49.39,2.51,200.06,NA,NA,47.98,753.75,1.18
2026-06-06 21:00:00,60.58,113.2,44.29,26.66,45.6,82.35,11.72,0.81,129.84,5.56,20.76,NA,1.29,2.83,3.29,32.08,49.93,2.61,225.6,NA,NA,49.05,753.68,1.17
2026-06-06 22:00:00,61.35,122.78,54.07,15.69,43.93,74.31,13.61,1.11,129.94,4.41,17.79,NA,1.15,2.42,1.95,31.88,49.99,2.61,220.37,NA,NA,49.17,753.6,1.15
2026-06-06 23:00:00,61.63,126.1,56.66,9.9,43.84,64.73,12.94,1.07,133.06,4.2,16.81,NA,1.11,2.21,1.54,31.43,51.54,2.47,228.6,NA,NA,48.06,753.47,1.13
2026-06-07 00:00:00,70.95,151.18,48.34,12.18,39.43,NA,11.22,1.04,129.11,2.05,13.45,NA,0.44,0.98,1.21,29.53,58.38,2.32,226.72,NA,NA,46.43,752.95,1.05
2026-06-07 01:00:00,72.65,158.58,40.01,22.66,37.56,51.62,9.98,0.9,126.85,2.05,13.27,NA,0.43,1.0,1.26,28.34,62.29,2.17,225.44,NA,NA,47.89,752.65,1.0
2026-06-07 02:00:00,70.35,150.83,33.91,25.49,34.16,50.87,9.99,0.89,125.14,2.04,13.35,NA,0.44,1.01,1.25,27.91,63.49,2.08,227.2,NA,NA,49.24,752.55,0.98
2026-06-07 03:00:00,64.43,128.95,42.32,13.72,32.28,51.6,10.03,0.96,123.41,2.03,13.37,NA,0.4,1.01,1.29,27.07,66.81,2.02,231.63,NA,NA,49.77,752.3,0.94
2026-06-07 04:00:00,58.95,109.88,45.36,27.19,43.99,58.86,10.05,0.97,120.23,1.88,12.78,NA,0.46,1.22,1.34,26.49,68.95,2.02,218.44,NA,NA,49.33,752.13,0.92
2026-06-07 05:00:00,53.33,98.05,51.55,23.09,47.38,62.24,9.75,1.03,117.46,1.85,12.52,NA,0.5,1.34,1.37,25.75,71.64,1.84,205.36,NA,NA,54.44,751.98,0.9
2026-06-07 06:00:00,48.25,93.65,39.94,21.58,37.31,73.98,7.84,1.3,118.58,4.45,15.76,NA,1.04,2.66,1.95,25.86,73.06,1.87,207.57,NA,NA,91.14,751.98,0.89
2026-06-07 07:00:00,58.53,91.28,42.14,19.82,37.7,80.69,8.72,0.76,119.57,4.47,15.66,NA,1.03,2.66,1.98,27.18,69.78,1.87,214.15,NA,NA,142.41,752.33,0.95
2026-06-07 08:00:00,58.18,93.55,47.9,23.56,45.74,83.24,8.04,0.98,119.13,4.34,15.39,NA,1.04,2.7,1.96,28.15,67.32,1.97,219.79,NA,NA,168.06,752.6,0.99
2026-06-07 09:00:00,63.63,101.7,67.34,27.39,61.67,83.26,8.83,1.1,125.66,4.42,15.57,NA,1.04,2.72,1.96,31.14,60.32,1.53,266.6,NA,NA,238.27,753.4,1.12
2026-06-07 10:00:00,65.18,105.5,44.51,17.28,40.05,75.77,8.41,1.44,127.85,4.03,17.17,NA,0.94,2.98,1.73,32.45,55.32,1.55,287.36,NA,NA,262.67,753.85,1.2
2026-06-07 11:00:00,64.6,111.5,45.87,21.44,39.66,72.88,8.98,1.26,128.13,3.99,17.14,NA,0.93,3.0,1.77,34.47,52.46,1.1,204.31,NA,NA,277.33,754.33,1.27
2026-06-07 12:00:00,62.83,117.53,41.99,21.95,40.56,64.42,9.66,1.33,134.65,4.98,15.63,NA,0.88,2.18,1.86,35.53,48.03,1.58,106.65,NA,NA,255.37,754.58,1.32
2026-06-07 13:00:00,59.65,116.1,30.56,20.94,29.62,60.99,8.45,0.92,138.53,5.18,14.98,NA,0.87,1.88,1.88,36.25,44.98,2.19,65.69,NA,NA,178.84,754.75,1.35
2026-06-07 14:00:00,50.73,111.25,40.28,25.46,40.49,60.0,8.16,0.54,144.96,5.18,15.0,NA,0.89,1.85,1.93,36.61,44.43,2.17,63.27,NA,NA,89.29,754.88,1.36
2026-06-07 15:00:00,51.25,109.78,31.12,17.61,30.04,66.3,9.56,0.75,146.82,5.19,14.91,NA,0.88,1.91,1.88,36.67,43.9,2.04,64.46,NA,NA,73.64,754.9,1.37
2026-06-07 16:00:00,49.63,116.2,31.75,20.32,30.34,69.1,9.22,0.8,145.48,4.71,16.42,NA,0.97,2.16,2.03,36.81,43.09,2.22,60.41,NA,NA,64.78,754.93,1.37
2026-06-07 17:00:00,45.0,116.08,40.87,19.41,38.19,73.97,8.7,0.78,141.6,3.96,18.58,NA,1.04,2.23,2.19,36.51,42.16,2.13,53.67,NA,NA,57.81,754.83,1.36
2026-06-07 18:00:00,49.1,119.13,45.2,18.7,38.9,76.35,8.8,0.86,136.99,5.49,20.78,NA,1.28,2.89,3.24,35.44,44.54,2.35,49.71,NA,NA,47.23,754.55,1.31
2026-06-07 19:00:00,49.85,122.55,36.48,16.27,32.56,82.52,10.03,0.69,133.63,5.41,20.97,NA,1.29,2.92,3.28,34.63,45.77,2.4,46.26,NA,NA,42.98,754.35,1.28
2026-06-07 20:00:00,52.68,135.68,38.16,28.74,40.81,86.75,13.15,0.5,125.82,5.15,20.75,NA,1.34,2.9,3.25,33.48,48.12,2.49,49.49,NA,NA,42.24,754.03,1.23
2026-06-07 21:00:00,57.08,143.25,42.26,21.2,41.37,80.66,9.99,0.93,127.04,5.08,21.13,NA,1.37,2.89,3.21,32.77,48.86,2.63,49.81,NA,NA,43.57,753.83,1.19
2026-06-07 22:00:00,53.65,148.48,42.12,14.73,34.64,75.24,9.35,1.28,130.82,4.64,17.75,NA,1.13,2.4,1.95,32.28,49.85,2.62,61.46,NA,NA,45.11,753.7,1.17
2026-06-07 23:00:00,49.4,149.3,39.03,19.63,35.67,65.12,9.59,0.98,131.2,4.07,16.69,NA,1.05,2.26,1.56,31.9,50.76,2.66,38.05,NA,NA,46.34,753.63,1.16
2026-06-08 00:00:00,50.3,144.55,47.35,16.02,40.85,NA,8.82,1.1,66.61,2.04,13.36,NA,0.41,0.98,1.33,31.44,50.76,2.49,105.45,NA,NA,47.66,753.5,1.13
2026-06-08 01:00:00,42.6,146.75,45.98,19.71,40.18,52.49,9.58,1.04,63.99,2.07,13.38,NA,0.42,0.99,1.24,30.49,45.88,2.53,182.32,NA,NA,48.34,750.5,0.65
2026-06-08 02:00:00,43.1,138.25,47.58,23.95,45.05,51.33,9.55,1.07,64.44,2.08,13.33,NA,0.45,0.99,1.26,30.31,46.28,2.48,111.47,NA,NA,49.8,750.6,0.66
2026-06-08 03:00:00,47.08,120.75,37.78,16.66,33.28,53.21,8.67,0.84,66.41,2.06,13.42,NA,0.46,0.99,1.29,30.16,52.91,2.31,61.36,NA,NA,50.71,753.13,1.08
2026-06-08 04:00:00,50.25,111.93,45.07,17.43,39.79,56.75,8.07,0.97,63.97,1.9,13.0,NA,0.47,1.26,1.36,29.57,55.53,2.02,76.78,NA,NA,53.21,752.98,1.06
2026-06-08 05:00:00,48.28,111.9,40.08,21.06,35.43,62.39,7.83,1.23,57.55,1.83,12.49,NA,0.49,1.32,1.36,29.28,57.35,1.71,140.99,NA,NA,55.65,752.9,1.04
2026-06-08 06:00:00,50.83,114.58,38.55,15.53,33.97,71.82,7.26,1.3,57.68,3.87,14.91,NA,0.9,2.3,1.79,29.42,57.75,2.12,155.22,NA,NA,66.18,752.95,1.05
2026-06-08 07:00:00,56.43,117.45,46.56,10.64,36.2,79.79,9.8,1.49,67.16,4.57,15.88,NA,1.05,2.68,1.93,31.88,52.29,1.75,155.13,NA,NA,134.3,753.6,1.15
2026-06-08 08:00:00,58.5,120.85,50.83,23.67,47.14,85.98,7.2,2.04,72.34,4.25,15.55,NA,1.05,2.68,1.96,33.54,47.53,1.81,138.3,NA,NA,192.53,754.05,1.23
2026-06-08 09:00:00,53.18,119.5,45.89,29.85,47.2,82.12,8.05,1.06,75.19,4.5,15.85,NA,1.05,2.68,1.94,34.63,45.07,1.69,82.82,NA,NA,219.86,754.33,1.28
2026-06-08 10:00:00,54.93,120.07,43.02,20.61,44.1,76.87,7.15,1.03,81.57,4.37,17.41,NA,1.13,3.06,1.88,34.62,46.59,2.0,55.0,NA,NA,204.72,754.33,1.28
2026-06-08 11:00:00,59.53,120.8,27.79,25.82,39.63,65.59,8.47,0.89,98.97,4.39,19.19,NA,1.49,3.57,2.01,34.41,47.83,2.16,53.27,NA,NA,258.2,754.28,1.27
2026-06-08 12:00:00,63.08,116.58,42.92,18.27,51.89,59.8,8.5,0.84,100.0,5.32,17.7,NA,1.45,2.63,2.2,35.58,44.93,2.02,42.36,NA,NA,266.75,754.63,1.32
2026-06-08 13:00:00,59.35,101.33,53.31,26.41,70.59,52.92,8.84,0.97,104.77,5.65,17.05,NA,1.41,2.34,2.22,36.52,42.94,2.0,52.09,NA,NA,179.97,754.83,1.36
2026-06-08 14:00:00,51.5,70.18,43.11,26.34,54.33,57.46,9.3,0.62,107.51,5.66,17.09,NA,1.39,2.39,2.21,36.97,44.17,2.06,50.29,NA,NA,87.18,754.95,1.38
2026-06-08 15:00:00,51.05,68.95,51.11,28.94,51.48,59.03,9.14,0.81,107.85,5.7,17.26,NA,1.39,2.36,2.18,36.99,44.23,2.21,57.84,NA,NA,81.27,754.98,1.38
2026-06-08 16:00:00,50.4,86.68,50.41,27.77,56.47,64.14,11.0,0.71,104.85,4.48,21.43,NA,1.57,2.78,2.44,36.53,39.12,2.09,62.11,NA,NA,67.7,751.78,0.86
2026-06-08 17:00:00,51.2,117.33,31.86,23.22,42.48,69.22,8.35,0.55,100.45,4.56,22.03,NA,1.59,2.82,2.5,36.08,39.3,2.26,59.52,NA,NA,60.92,751.65,0.84
2026-06-08 18:00:00,55.53,142.9,56.4,27.77,74.62,74.24,8.01,0.63,74.86,5.38,24.44,NA,1.76,3.28,3.34,35.65,45.88,2.43,50.37,NA,NA,49.71,754.63,1.32
2026-06-08 19:00:00,57.68,163.55,42.99,29.04,57.83,77.23,8.73,0.68,68.57,5.82,25.01,NA,1.82,3.37,3.54,34.85,47.69,2.6,58.57,NA,NA,44.55,754.43,1.29
2026-06-08 20:00:00,52.6,180.3,44.98,20.13,51.76,82.7,8.69,1.14,61.73,5.75,24.22,NA,1.83,3.42,3.55,33.34,52.19,2.68,81.87,NA,NA,44.41,753.98,1.22
2026-06-08 21:00:00,75.98,179.42,44.46,16.36,49.78,75.01,11.29,0.97,60.4,5.84,24.54,NA,1.84,3.39,3.64,32.67,53.04,2.63,45.97,NA,NA,45.92,753.83,1.19
2026-06-08 22:00:00,80.2,183.05,52.28,19.61,61.23,71.01,12.11,1.13,57.11,5.03,21.8,NA,1.72,3.01,2.74,32.31,53.38,2.71,37.19,NA,NA,47.88,753.73,1.17
2026-06-08 23:00:00,88.0,192.7,51.48,21.29,64.3,56.72,12.01,1.12,50.0,4.4,19.03,NA,1.62,2.69,1.92,31.68,54.46,2.64,24.16,NA,NA,52.06,753.53,1.14
2026-06-09 00:00:00,67.98,194.25,44.73,22.44,49.24,NA,11.8,0.98,57.54,2.19,15.16,NA,0.95,1.35,1.58,32.29,50.9,2.3,97.9,NA,NA,48.04,753.73,1.17
2026-06-09 01:00:00,63.33,186.92,49.77,25.19,62.65,45.66,8.43,0.73,56.09,2.23,15.09,NA,0.96,1.37,1.55,31.97,51.19,1.88,173.09,NA,NA,48.37,753.63,1.16
2026-06-09 02:00:00,64.53,164.38,45.98,24.78,59.71,44.54,9.3,0.74,54.35,2.2,15.18,NA,0.97,1.33,1.6,30.1,57.74,1.89,163.81,NA,NA,45.29,753.15,1.08
2026-06-09 03:00:00,49.23,144.7,42.68,11.29,39.23,46.55,9.82,0.53,69.73,2.22,14.71,NA,0.94,1.33,1.61,27.96,57.35,1.68,31.56,NA,NA,56.54,752.53,0.98
2026-06-09 04:00:00,46.13,132.73,45.82,18.75,50.24,49.42,8.68,0.5,71.56,2.09,14.5,NA,0.99,1.5,1.68,28.48,53.97,1.76,166.07,NA,NA,60.42,752.68,1.01
2026-06-09 05:00:00,35.3,103.68,53.78,13.76,55.25,59.65,6.64,0.86,68.17,2.03,14.05,NA,1.02,1.64,1.73,28.2,54.66,1.51,276.54,NA,NA,63.87,752.58,1.0
2026-06-09 06:00:00,34.6,98.95,55.44,20.62,63.44,62.49,6.06,1.07,70.71,3.62,15.85,NA,1.29,2.41,2.02,28.48,54.7,1.64,290.49,NA,NA,80.1,752.68,1.01
2026-06-09 07:00:00,35.38,85.48,59.41,25.7,70.99,73.26,4.41,1.18,67.59,4.94,17.71,NA,1.55,3.3,2.3,30.56,47.41,1.95,291.07,NA,NA,146.47,750.73,0.69
2026-06-09 08:00:00,36.38,81.75,54.68,21.94,60.14,76.62,3.05,1.34,70.76,4.89,18.12,NA,1.57,3.26,2.28,31.81,45.14,1.91,234.71,NA,NA,179.83,751.08,0.74
2026-06-09 09:00:00,39.53,75.03,51.39,33.71,68.76,76.34,7.03,0.5,69.47,4.92,17.78,NA,1.54,3.23,2.3,34.75,46.14,1.95,33.82,NA,NA,263.31,754.4,1.28
2026-06-09 10:00:00,43.55,81.95,42.27,25.77,52.37,74.34,8.04,0.6,75.77,4.73,20.14,NA,1.3,3.34,1.85,35.52,45.97,2.04,53.03,NA,NA,291.88,754.6,1.32
2026-06-09 11:00:00,47.43,86.35,50.47,20.72,51.28,72.84,7.96,0.74,83.35,4.34,21.56,NA,0.99,3.18,1.24,36.18,46.09,1.88,68.86,NA,NA,305.88,754.73,1.34
2026-06-09 12:00:00,53.98,90.15,40.29,17.93,42.34,62.88,7.4,0.77,86.82,5.64,19.03,NA,0.87,1.86,1.38,37.24,45.51,2.1,71.26,NA,NA,272.58,755.03,1.39
2026-06-09 13:00:00,56.8,94.57,47.33,26.74,54.08,59.75,5.91,0.77,104.39,5.52,18.86,NA,0.88,1.89,1.42,37.97,43.77,2.01,64.27,NA,NA,196.64,755.25,1.4
2026-06-09 14:00:00,57.28,107.7,44.52,17.61,44.89,60.84,7.85,0.76,106.15,5.57,19.41,NA,0.88,1.88,1.4,38.62,42.7,2.3,53.4,NA,NA,95.07,755.43,1.45
2026-06-09 15:00:00,57.98,111.2,48.74,20.08,51.39,62.64,6.86,0.72,107.3,5.51,19.15,NA,0.86,1.89,1.38,38.62,42.62,2.16,48.87,NA,NA,84.71,755.43,1.45
2026-06-09 16:00:00,55.55,122.68,98.96,29.14,110.1,68.08,8.46,0.15,108.2,4.28,24.17,NA,1.06,2.3,1.67,30.86,18.12,2.28,82.22,NA,NA,70.91,738.65,-1.28
2026-06-09 17:00:00,50.88,122.53,114.65,32.76,130.16,66.24,13.28,0.32,97.51,4.29,23.81,NA,1.07,2.25,1.66,31.99,10.98,2.03,105.97,NA,NA,64.69,734.95,-1.89
2026-06-09 18:00:00,43.4,120.15,72.25,29.02,81.58,67.95,15.27,1.0,82.4,5.73,26.11,NA,1.23,2.82,2.67,32.65,35.7,2.64,172.71,NA,NA,52.73,749.03,0.4
2026-06-09 19:00:00,44.68,117.1,38.56,27.75,34.76,67.66,11.51,1.34,57.94,5.98,27.12,NA,1.3,3.03,2.85,33.05,46.77,2.84,214.21,NA,NA,49.72,753.1,1.07
2026-06-09 20:00:00,52.98,125.98,58.21,26.53,66.84,70.97,11.3,2.15,48.61,5.68,26.95,NA,1.28,3.02,2.86,31.26,47.43,2.22,172.77,NA,NA,50.58,753.2,1.1
2026-06-09 21:00:00,56.58,131.95,60.38,24.57,67.35,66.72,12.14,2.35,58.22,5.83,26.7,NA,1.32,3.08,2.92,31.36,40.57,1.72,148.0,NA,NA,45.68,749.48,0.48
2026-06-09 22:00:00,59.38,134.13,57.06,28.97,65.79,58.52,13.46,1.56,55.92,4.82,22.56,NA,1.12,2.4,1.51,29.03,47.27,2.28,99.49,NA,NA,18.58,749.35,0.46
2026-06-09 23:00:00,54.67,126.4,50.16,21.53,51.4,49.85,14.86,1.41,45.85,4.31,21.63,NA,1.03,2.22,1.08,29.95,54.65,2.51,87.44,NA,NA,10.18,753.13,1.09
2026-06-10 00:00:00,57.95,122.43,38.33,20.85,40.4,NA,13.72,1.88,48.59,1.9,16.77,NA,0.43,0.79,0.73,30.9,54.83,1.96,235.77,NA,NA,62.82,753.35,1.11
2026-06-10 01:00:00,51.05,138.1,62.69,23.06,70.76,38.68,13.13,0.79,56.54,1.87,17.24,NA,0.4,0.79,0.71,30.43,54.58,2.17,116.13,NA,NA,56.97,753.2,1.09
2026-06-10 02:00:00,54.0,132.5,46.88,26.58,53.49,35.98,12.62,0.68,54.17,1.88,17.01,NA,0.39,0.77,0.7,29.73,56.03,2.08,155.74,NA,NA,57.43,753.03,1.06
2026-06-10 03:00:00,48.73,127.48,43.42,19.6,43.95,40.05,6.79,0.71,55.25,1.88,16.8,NA,0.49,0.78,0.64,29.3,56.0,2.24,80.73,NA,NA,50.9,752.9,1.04
2026-06-10 04:00:00,50.85,138.73,49.2,22.9,55.28,45.46,5.11,0.93,51.99,1.58,16.12,NA,0.51,1.15,0.87,28.47,57.91,1.61,210.52,NA,NA,49.85,752.7,1.01
2026-06-10 05:00:00,60.7,144.35,55.75,26.33,66.02,51.09,6.73,0.62,53.15,1.65,16.02,NA,0.5,1.19,0.84,28.27,58.21,1.82,111.31,NA,NA,55.38,752.65,1.0
2026-06-10 06:00:00,56.88,151.75,45.86,28.34,54.81,59.13,5.42,1.03,50.11,4.76,19.81,NA,1.07,2.81,1.48,28.34,61.34,1.85,143.65,NA,NA,81.14,752.63,1.0
2026-06-10 07:00:00,69.68,159.35,54.6,18.15,55.45,63.97,8.98,1.41,55.81,4.78,20.25,NA,1.07,2.88,1.49,28.18,69.03,2.02,212.17,NA,NA,126.43,752.6,0.99
2026-06-10 08:00:00,73.0,175.35,48.97,29.2,63.02,69.56,7.8,1.85,55.1,4.78,20.09,NA,1.06,2.89,1.45,30.15,63.79,1.69,257.84,NA,NA,183.52,753.15,1.04
2026-06-10 09:00:00,76.15,172.65,41.26,25.23,48.11,67.93,9.18,0.72,62.64,4.64,19.8,NA,1.04,2.83,1.48,32.8,54.64,1.37,243.6,NA,NA,209.82,753.85,1.14
2026-06-10 10:00:00,87.78,174.28,51.32,22.45,63.26,61.92,8.67,0.9,71.96,4.54,20.69,NA,0.99,2.99,1.39,33.58,51.61,1.26,203.05,NA,NA,245.59,754.05,1.24
2026-06-10 11:00:00,86.23,171.55,42.06,20.95,60.62,47.16,11.76,1.42,76.74,4.19,21.56,NA,0.97,3.22,1.27,35.52,41.71,1.81,114.55,NA,NA,263.78,752.3,0.95
2026-06-10 12:00:00,84.5,174.5,63.57,17.0,43.79,43.0,12.39,0.64,78.96,2.52,10.06,NA,0.45,1.27,0.65,36.06,24.76,1.67,99.22,NA,NA,243.91,743.3,-0.26
2026-06-10 13:00:00,85.5,181.0,36.35,11.22,40.94,36.52,11.8,1.18,85.53,5.55,19.2,NA,0.86,1.86,1.4,37.21,43.71,1.77,66.09,NA,NA,146.72,755.03,1.39
2026-06-10 14:00:00,80.2,177.48,39.57,19.6,59.04,38.82,8.53,1.65,83.66,5.52,19.08,NA,0.89,1.88,1.37,37.35,41.87,1.63,49.01,NA,NA,93.19,755.05,1.4
2026-06-10 15:00:00,79.93,176.6,47.35,31.27,76.27,41.7,7.4,0.66,88.29,5.66,19.04,NA,0.87,1.85,1.38,37.83,39.59,1.95,70.11,NA,NA,79.14,755.2,1.42
2026-06-10 16:00:00,69.68,171.3,29.4,19.75,42.22,43.02,12.38,1.38,88.27,4.38,23.95,NA,1.08,2.28,1.7,37.56,38.78,2.55,60.3,NA,NA,66.77,755.13,1.41
2026-06-10 17:00:00,60.63,168.77,23.91,18.88,38.91,48.5,8.32,0.74,86.81,4.46,24.24,NA,1.09,2.32,1.76,37.07,39.25,2.44,25.65,NA,NA,57.43,755.03,1.38
2026-06-10 18:00:00,57.63,162.8,26.25,17.41,41.26,52.78,7.69,0.64,81.14,6.2,26.81,NA,1.35,2.97,2.97,36.19,40.4,2.78,265.7,NA,NA,45.7,754.75,1.35
2026-06-10 19:00:00,62.03,162.23,37.93,13.34,51.51,55.48,9.81,0.66,50.22,5.88,26.94,NA,1.33,3.1,2.88,34.35,43.99,2.91,355.18,NA,NA,44.33,754.25,1.27
2026-06-10 20:00:00,62.35,168.78,35.06,6.64,42.76,57.39,11.43,1.38,47.11,5.91,27.15,NA,1.34,2.98,2.95,33.47,46.64,2.52,287.27,NA,NA,48.52,754.05,1.23
2026-06-10 21:00:00,76.28,191.25,32.3,15.98,44.95,51.62,13.64,0.81,58.05,5.8,27.18,NA,1.33,3.01,2.92,33.16,50.68,2.52,212.18,NA,NA,47.05,753.93,1.21
2026-06-10 22:00:00,98.65,199.1,27.53,15.21,41.12,45.18,11.81,0.65,51.18,4.28,21.57,NA,1.07,2.24,1.1,30.86,59.22,2.23,217.57,NA,NA,49.1,753.33,1.11
2026-06-10 23:00:00,107.0,195.2,42.44,19.27,62.22,38.13,9.36,1.05,47.97,4.56,21.89,NA,1.12,2.3,1.06,30.06,60.85,2.13,222.2,NA,NA,49.54,753.1,1.08
2026-06-11 00:00:00,86.98,173.67,37.95,16.5,53.38,NA,8.29,1.13,53.35,1.87,16.7,NA,0.4,0.8,0.74,27.34,56.31,1.61,190.23,NA,NA,54.24,750.55,0.65
2026-06-11 01:00:00,89.4,176.45,46.93,15.69,63.39,31.35,8.99,1.02,70.14,1.84,17.2,NA,0.41,0.79,0.7,25.03,64.94,1.36,185.15,NA,NA,55.12,751.75,0.85
2026-06-11 02:00:00,66.2,147.65,44.62,13.72,59.08,29.8,9.92,0.78,71.4,1.87,16.69,NA,0.46,0.79,0.74,23.96,68.85,1.26,183.42,NA,NA,56.35,751.45,0.81
2026-06-11 03:00:00,49.18,108.4,40.99,12.86,56.41,31.33,8.47,0.61,72.57,1.86,16.85,NA,0.39,0.78,0.69,23.98,69.2,1.59,210.41,NA,NA,56.58,751.45,0.81
2026-06-11 04:00:00,33.98,76.05,51.75,11.01,65.84,37.19,6.85,0.82,73.0,1.63,16.01,NA,0.5,1.16,0.85,25.06,65.08,1.23,152.21,NA,NA,56.41,751.78,0.86
2026-06-11 05:00:00,31.97,52.5,50.61,20.71,66.47,39.18,6.76,0.87,71.52,1.63,16.37,NA,0.5,1.2,0.87,24.62,69.64,1.29,43.02,NA,NA,57.66,751.65,0.84
2026-06-11 06:00:00,29.53,51.3,36.5,17.29,49.92,45.98,5.95,0.94,70.44,4.98,19.77,NA,1.05,2.92,1.5,25.09,67.62,1.5,244.51,NA,NA,75.23,751.75,0.86
2026-06-11 07:00:00,26.58,52.0,40.42,16.83,60.54,51.67,4.2,1.07,66.13,4.74,19.7,NA,1.04,2.78,1.49,25.98,65.55,1.85,221.99,NA,NA,134.77,752.0,0.9
2026-06-11 08:00:00,31.65,59.35,57.18,12.55,72.3,55.44,2.44,1.49,72.2,4.65,20.42,NA,1.06,2.85,1.48,27.28,61.45,1.87,230.07,NA,NA,195.53,752.35,0.95
2026-06-11 09:00:00,43.6,66.25,52.99,23.43,72.59,54.18,6.79,0.88,74.73,4.81,19.56,NA,1.05,2.85,1.49,28.31,59.02,1.94,232.6,NA,NA,221.29,752.65,1.0
2026-06-11 10:00:00,49.13,58.95,37.14,16.11,52.89,52.56,6.15,1.24,75.34,4.1,20.89,NA,0.92,3.08,1.19,29.25,57.49,1.81,233.81,NA,NA,233.98,752.9,1.04
2026-06-11 11:00:00,35.35,46.63,36.2,24.78,60.93,62.33,4.95,0.64,80.74,3.68,18.71,NA,0.88,2.66,1.13,30.55,55.06,2.02,234.26,NA,NA,300.33,753.25,1.1
2026-06-11 12:00:00,33.5,53.53,32.65,23.79,58.42,56.59,4.21,0.96,77.63,4.69,16.93,NA,0.79,1.56,1.27,31.69,53.78,1.91,219.16,NA,NA,264.1,753.53,1.15
2026-06-11 13:00:00,32.65,47.78,27.88,20.22,49.06,53.04,6.95,0.62,102.16,4.73,16.79,NA,0.8,1.62,1.26,31.94,53.56,2.09,214.66,NA,NA,129.62,753.63,1.16
2026-06-11 14:00:00,25.3,46.38,32.76,23.75,58.09,56.0,6.32,0.58,105.76,4.66,17.14,NA,0.81,1.55,1.25,31.9,52.76,2.18,221.8,NA,NA,93.24,753.6,1.15
2026-06-11 15:00:00,26.75,52.5,48.33,17.96,62.69,58.38,8.39,0.66,104.84,4.65,16.97,NA,0.79,1.56,1.29,31.34,53.01,2.14,224.36,NA,NA,86.69,753.45,1.12
2026-06-11 16:00:00,20.75,55.05,59.81,27.07,78.53,61.18,9.25,0.53,91.08,3.66,20.63,NA,0.95,1.88,1.56,30.95,36.09,2.24,215.56,NA,NA,67.16,744.75,-0.29
2026-06-11 17:00:00,27.6,53.4,83.84,36.13,107.64,66.7,9.72,1.32,100.87,3.66,20.54,NA,0.97,1.88,1.65,28.04,36.38,2.06,199.25,NA,NA,61.05,743.08,-0.56
2026-06-11 18:00:00,30.63,53.4,23.93,35.21,79.83,72.6,6.69,1.36,91.24,4.4,21.58,NA,1.08,2.21,2.15,27.81,51.0,2.07,207.22,NA,NA,56.85,747.85,0.78
2026-06-11 19:00:00,39.57,47.4,39.76,28.58,58.27,74.68,7.45,0.69,52.59,4.75,23.23,NA,1.18,2.5,2.62,27.26,67.78,1.99,213.47,NA,NA,49.07,752.38,0.95
2026-06-11 20:00:00,29.3,45.6,38.01,35.29,57.47,78.47,7.71,0.95,52.41,4.8,22.99,NA,1.16,2.57,2.64,26.56,67.02,2.0,227.42,NA,NA,49.43,752.18,0.92
2026-06-11 21:00:00,44.7,57.0,42.1,27.05,57.73,71.82,7.77,0.9,50.89,5.0,23.22,NA,1.17,2.49,2.65,26.62,67.37,1.94,230.4,NA,NA,50.2,752.18,0.92
2026-06-11 22:00:00,44.3,57.0,42.43,25.27,48.71,64.32,8.27,1.06,49.04,3.74,18.6,NA,1.03,1.92,0.96,26.69,68.11,1.96,232.94,NA,NA,50.04,752.23,0.93
2026-06-11 23:00:00,NA,NA,49.14,28.81,72.75,55.06,6.23,0.82,49.58,3.81,18.96,NA,0.98,1.88,0.96,26.36,70.8,1.92,226.75,NA,NA,50.81,752.1,0.92
2026-06-12 00:00:00,38.23,57.05,32.06,20.98,43.14,NA,7.43,0.79,44.56,1.58,15.18,NA,0.38,0.67,0.66,25.53,77.19,1.8,229.28,NA,NA,51.69,751.88,0.88
2026-06-12 01:00:00,52.4,83.6,47.89,16.66,54.68,47.28,5.96,0.7,45.02,1.56,15.32,NA,0.35,0.66,0.67,25.19,76.24,1.75,228.29,NA,NA,52.39,751.8,0.86
2026-06-12 02:00:00,35.48,61.65,47.08,26.03,62.27,43.7,5.65,0.78,46.1,1.55,15.38,NA,0.35,0.69,0.63,24.88,77.57,1.79,229.11,NA,NA,52.81,751.7,0.85
2026-06-12 03:00:00,37.38,42.93,57.09,28.41,77.07,46.3,6.56,1.07,44.92,1.55,15.46,NA,0.33,0.63,0.65,24.79,76.6,1.76,222.6,NA,NA,52.55,751.7,0.84
2026-06-12 04:00:00,29.53,36.25,43.6,29.42,63.64,52.46,6.8,1.39,41.41,1.4,14.72,NA,0.46,1.0,0.79,24.43,79.57,1.64,212.35,NA,NA,54.42,751.58,0.83
2026-06-12 05:00:00,23.68,31.68,38.24,28.23,56.89,55.66,6.1,0.8,43.61,1.37,14.62,NA,0.45,0.94,0.77,24.04,93.23,1.47,195.22,NA,NA,58.9,751.5,0.81
2026-06-12 06:00:00,22.4,38.2,42.49,25.25,50.12,64.94,5.01,0.84,43.65,4.02,17.83,NA,0.94,2.32,1.34,24.17,94.9,1.06,127.27,NA,NA,68.77,751.5,0.82
2026-06-12 07:00:00,NA,NA,39.38,26.37,53.85,71.34,7.97,0.9,42.25,3.86,17.18,NA,0.96,2.33,1.39,24.19,94.87,1.24,122.03,NA,NA,77.45,751.53,0.82
2026-06-12 08:00:00,NA,NA,50.11,27.98,68.56,76.24,7.42,1.2,47.85,4.02,17.58,NA,0.94,2.35,1.38,25.08,85.09,1.39,170.6,NA,NA,156.87,751.75,0.86
2026-06-12 09:00:00,27.2,44.3,46.28,19.66,49.46,75.09,7.17,1.13,47.92,4.0,17.31,NA,0.95,2.33,1.35,26.22,72.32,1.81,205.57,NA,NA,149.12,752.05,0.91
2026-06-12 10:00:00,27.0,44.3,47.1,24.26,62.36,70.2,6.35,1.3,52.88,3.87,18.9,NA,1.14,2.76,1.33,25.92,74.11,1.82,217.06,NA,NA,84.57,751.98,0.9
2026-06-12 11:00:00,45.8,54.8,54.05,29.1,65.63,72.08,7.64,0.95,68.39,4.41,17.49,NA,1.86,3.11,1.94,26.8,73.17,1.86,216.23,NA,NA,114.21,752.25,0.93
2026-06-12 12:00:00,44.3,54.8,51.5,31.74,65.79,71.19,6.4,0.95,72.47,5.33,15.89,NA,1.77,2.03,2.07,28.46,67.58,1.93,213.03,NA,NA,211.25,752.68,1.01
2026-06-12 13:00:00,48.1,54.35,65.89,22.38,70.33,67.55,6.59,0.87,79.26,5.3,15.97,NA,1.78,1.99,1.97,29.64,64.79,1.98,212.64,NA,NA,164.07,753.0,1.06
2026-06-12 14:00:00,47.9,51.25,58.75,33.1,68.91,59.16,5.2,1.27,79.02,5.31,15.62,NA,1.77,2.01,1.98,30.99,60.61,1.65,185.0,NA,NA,121.45,753.38,1.12
2026-06-12 15:00:00,36.18,44.35,47.81,28.12,55.29,64.57,8.07,1.1,85.81,5.27,15.33,NA,1.77,1.96,1.98,31.56,59.48,1.22,149.74,NA,NA,90.23,753.5,1.14
2026-06-12 16:00:00,34.0,47.28,55.77,23.66,66.04,52.28,7.05,1.51,71.5,4.23,19.82,NA,2.0,2.46,2.38,31.08,60.36,2.1,200.92,NA,NA,78.24,753.38,1.12
2026-06-12 17:00:00,32.4,48.05,49.35,21.13,58.75,53.56,7.71,0.46,64.72,4.26,19.21,NA,1.97,2.45,2.3,30.31,65.02,1.85,189.45,NA,NA,65.56,753.15,1.08
2026-06-12 18:00:00,35.73,53.93,45.11,22.38,54.07,57.42,8.33,0.52,65.22,5.39,21.4,NA,2.21,3.01,3.39,29.39,67.5,1.8,183.52,NA,NA,54.43,752.95,1.04
2026-06-12 19:00:00,35.0,55.43,52.14,32.1,67.29,60.44,8.05,0.6,64.05,5.41,21.56,NA,2.12,2.99,3.39,28.76,69.1,1.64,178.92,NA,NA,50.59,752.75,1.02
2026-06-12 20:00:00,32.0,52.3,50.73,24.0,67.77,65.21,8.3,0.63,57.15,5.56,21.47,NA,2.22,2.96,3.43,27.91,73.15,1.76,182.56,NA,NA,50.07,752.55,0.98
2026-06-12 21:00:00,NA,NA,46.34,29.31,63.06,58.1,5.29,1.25,52.36,5.63,21.62,NA,2.15,2.97,3.34,27.41,76.94,1.86,193.4,NA,NA,50.88,752.4,0.96
2026-06-12 22:00:00,6.3,13.85,50.5,23.6,61.67,62.71,5.81,1.46,45.8,4.25,17.54,NA,1.93,2.31,1.71,27.02,81.16,1.67,189.29,NA,NA,51.62,752.3,0.94
2026-06-12 23:00:00,33.6,88.6,60.55,21.38,71.57,45.1,8.27,0.75,42.12,4.41,17.08,NA,1.96,2.33,1.69,26.8,84.49,1.67,180.91,NA,NA,52.3,752.2,0.93
2026-06-13 00:00:00,33.5,83.93,62.75,17.09,74.11,NA,10.04,1.07,44.06,2.18,13.8,NA,1.39,1.12,1.41,26.64,94.85,1.87,178.06,NA,NA,55.36,752.2,0.93
2026-06-13 01:00:00,56.7,77.58,48.05,18.51,56.49,35.07,9.73,0.86,41.63,2.2,13.89,NA,1.34,1.11,1.42,26.57,94.21,1.9,206.19,NA,NA,55.79,752.15,0.92
2026-06-13 02:00:00,43.7,83.8,35.61,31.16,50.69,34.15,10.32,1.19,43.79,2.19,13.92,NA,1.36,1.12,1.46,25.9,94.89,1.86,207.62,NA,NA,54.95,751.98,0.89
2026-06-13 03:00:00,NA,NA,46.94,30.14,73.8,35.82,10.76,1.09,45.64,2.19,14.0,NA,1.32,1.12,1.46,25.73,94.94,1.88,213.66,NA,NA,54.15,751.93,0.88
2026-06-13 04:00:00,NA,NA,55.64,16.16,60.08,42.82,10.88,1.38,45.63,1.97,13.34,NA,1.44,1.44,1.55,25.66,94.99,1.95,213.63,NA,NA,53.54,751.9,0.88
2026-06-13 05:00:00,NA,NA,49.93,27.76,59.02,47.1,15.02,1.4,43.99,1.99,13.37,NA,1.42,1.42,1.54,25.78,94.96,1.96,209.69,NA,NA,59.66,751.93,0.89
2026-06-13 06:00:00,NA,NA,39.76,14.47,41.14,48.99,15.02,1.95,47.28,4.7,15.88,NA,1.92,2.82,2.15,26.38,94.87,2.01,211.53,NA,NA,78.3,752.1,0.92
2026-06-13 07:00:00,NA,NA,47.73,21.9,58.3,52.4,9.82,1.2,46.51,4.62,15.89,NA,1.93,2.8,2.13,26.59,84.83,1.43,164.48,NA,NA,79.05,752.1,0.91
2026-06-13 08:00:00,115.93,134.75,49.53,24.2,64.3,55.58,11.08,0.77,52.07,4.66,16.42,NA,1.93,2.88,2.07,19.94,82.93,0.96,69.98,NA,NA,66.92,748.3,0.29
2026-06-13 09:00:00,14.3,78.13,63.25,22.22,78.49,60.05,5.57,1.02,51.05,4.63,16.44,NA,1.91,2.88,2.11,20.49,93.68,0.96,97.37,NA,NA,79.17,750.53,0.68
2026-06-13 10:00:00,5.53,13.85,49.49,29.86,63.71,54.57,3.61,1.29,49.99,4.28,17.57,NA,1.83,3.13,1.89,22.72,95.45,1.57,209.17,NA,NA,75.87,751.13,0.75
2026-06-13 11:00:00,6.48,19.23,38.73,24.01,46.76,52.56,8.62,1.14,47.26,4.23,17.42,NA,1.86,3.15,1.92,26.07,89.03,1.77,225.56,NA,NA,76.41,752.05,0.9
2026-06-13 12:00:00,11.45,20.55,43.98,31.15,60.54,51.57,7.94,3.11,55.14,5.28,15.84,NA,1.78,2.01,1.97,28.03,74.81,2.03,230.32,NA,NA,303.8,752.58,0.99
2026-06-13 13:00:00,19.7,38.65,59.27,13.07,65.19,46.09,7.8,0.53,58.95,5.3,15.71,NA,1.78,2.0,2.0,29.8,64.22,1.78,228.35,NA,NA,234.73,753.05,1.06
2026-06-13 14:00:00,26.1,42.18,37.63,35.89,57.93,43.46,4.92,0.93,67.69,5.3,15.79,NA,1.78,2.06,1.98,31.03,58.11,1.41,247.6,NA,NA,116.66,753.35,1.12
2026-06-13 15:00:00,41.73,49.8,35.69,15.73,42.1,45.66,9.3,0.76,71.52,5.33,15.8,NA,1.76,2.02,2.03,31.51,56.37,1.46,111.52,NA,NA,101.03,753.5,1.14
2026-06-13 16:00:00,34.13,51.63,44.13,23.6,57.48,48.68,9.47,0.77,72.19,4.85,17.77,NA,1.86,2.12,2.17,31.72,56.2,1.43,105.89,NA,NA,95.68,753.55,1.15
2026-06-13 17:00:00,23.63,59.1,51.17,27.65,67.79,53.97,9.91,0.64,59.38,4.3,19.22,NA,1.97,2.42,2.25,31.03,62.94,1.85,73.69,NA,NA,75.88,753.38,1.12
2026-06-13 18:00:00,26.93,62.9,48.89,33.88,69.03,57.86,10.42,0.75,57.39,5.71,21.18,NA,2.17,2.96,3.4,30.09,63.71,2.08,74.07,NA,NA,60.88,753.1,1.08
2026-06-13 19:00:00,35.68,56.93,52.66,26.16,69.98,61.28,8.04,0.77,55.05,5.49,21.68,NA,2.19,2.99,3.34,29.46,65.99,2.28,154.38,NA,NA,50.57,752.95,1.05
2026-06-13 20:00:00,26.68,70.28,49.14,15.0,55.93,64.59,9.45,0.95,48.88,5.69,21.79,NA,2.17,2.97,3.44,28.71,71.61,2.2,87.14,NA,NA,49.94,752.73,1.02
2026-06-13 21:00:00,40.88,70.63,55.05,19.83,63.53,59.38,9.05,0.61,46.38,5.85,21.51,NA,2.19,2.95,3.37,28.1,73.12,1.96,81.29,NA,NA,50.58,752.6,0.99
2026-06-13 22:00:00,37.23,64.33,48.67,20.39,58.12,61.04,10.17,0.91,49.87,4.33,17.26,NA,1.97,2.33,1.71,27.83,70.35,2.16,89.14,NA,NA,49.36,752.5,0.98
2026-06-13 23:00:00,46.55,57.9,57.79,19.44,70.68,45.46,8.05,0.51,48.49,4.54,17.57,NA,1.98,2.33,1.76,27.36,71.65,2.18,91.63,NA,NA,50.1,752.4,0.96
2026-06-14 00:00:00,35.78,63.47,50.18,21.84,61.1,NA,9.77,0.85,45.1,2.16,13.95,NA,1.31,1.1,1.43,26.43,74.42,2.07,98.43,NA,NA,53.53,752.13,0.92
2026-06-14 01:00:00,26.15,68.65,42.99,26.79,55.42,35.86,9.9,0.91,48.73,2.23,13.97,NA,1.35,1.14,1.44,26.36,75.59,2.07,182.37,NA,NA,55.34,752.1,0.91
2026-06-14 02:00:00,45.7,74.7,57.6,13.39,63.92,33.45,10.58,0.92,49.65,2.2,14.25,NA,1.33,1.09,1.38,26.77,72.81,1.86,132.93,NA,NA,52.15,752.25,0.93
2026-06-14 03:00:00,25.55,64.45,41.19,18.68,49.85,35.23,11.32,0.88,47.31,2.18,13.86,NA,1.32,1.09,1.45,25.95,78.81,1.81,67.93,NA,NA,51.13,752.0,0.9
2026-06-14 04:00:00,24.3,66.18,39.4,18.17,63.19,40.46,10.75,0.94,45.14,1.95,13.14,NA,1.42,1.29,1.5,25.59,93.43,1.73,83.34,NA,NA,52.09,751.8,0.86
2026-06-14 05:00:00,27.08,71.8,36.07,25.6,47.75,46.34,10.52,1.08,45.89,2.03,13.43,NA,1.43,1.41,1.55,24.91,95.06,1.49,72.22,NA,NA,57.76,751.73,0.85
2026-06-14 06:00:00,37.2,76.65,68.06,19.01,80.09,47.36,9.64,1.35,44.97,4.74,16.42,NA,1.93,2.9,2.1,26.17,90.07,1.68,65.6,NA,NA,91.49,752.05,0.9
2026-06-14 07:00:00,33.33,72.25,50.01,20.52,57.84,51.45,5.66,1.42,52.24,4.55,16.11,NA,1.93,2.78,2.09,28.23,68.96,1.55,63.08,NA,NA,147.13,752.6,0.99
2026-06-14 08:00:00,46.93,67.25,47.7,19.38,55.56,55.15,1.72,1.84,55.56,4.55,16.45,NA,1.93,2.79,2.1,30.31,61.43,2.01,65.46,NA,NA,218.76,753.18,1.08
2026-06-14 09:00:00,36.18,60.55,54.14,22.22,70.16,58.9,7.97,1.01,56.36,4.71,16.1,NA,1.91,2.87,2.14,31.76,55.7,1.82,73.06,NA,NA,271.72,753.58,1.15
2026-06-14 10:00:00,22.08,64.3,56.29,24.97,71.86,54.17,6.72,1.16,55.21,4.31,17.66,NA,1.85,3.11,1.93,33.07,52.93,1.55,60.73,NA,NA,300.71,753.93,1.21
2026-06-14 11:00:00,35.78,66.5,36.62,24.66,45.47,53.35,8.98,0.9,59.12,4.27,17.64,NA,1.87,3.12,1.83,33.34,51.86,1.72,63.42,NA,NA,308.48,753.98,1.22
2026-06-14 12:00:00,36.13,75.95,41.51,27.24,55.5,53.81,8.58,0.94,60.88,4.81,16.86,NA,1.81,2.58,1.92,33.72,49.44,1.47,70.01,NA,NA,309.22,754.08,1.23
2026-06-14 13:00:00,31.6,85.88,44.26,24.57,54.89,46.78,8.04,0.76,66.24,5.29,15.49,NA,1.75,2.03,2.08,35.06,42.89,1.8,70.34,NA,NA,123.34,754.45,1.3
2026-06-14 14:00:00,27.3,95.0,75.73,27.87,94.42,41.94,12.12,0.37,74.92,5.28,15.68,NA,1.78,2.01,2.04,35.11,43.55,1.96,75.15,NA,NA,78.05,754.48,1.3
2026-06-14 15:00:00,37.1,94.65,39.57,19.44,41.52,47.1,5.16,1.11,80.18,5.25,15.58,NA,1.78,2.03,1.99,35.2,44.19,1.81,70.67,NA,NA,71.25,754.5,1.3
2026-06-14 16:00:00,37.25,98.3,35.52,21.58,39.24,50.39,5.05,1.17,78.73,4.76,17.59,NA,1.94,2.16,2.16,35.03,45.08,1.8,75.58,NA,NA,63.93,754.4,1.29
2026-06-14 17:00:00,33.58,91.45,30.97,28.12,44.24,56.53,9.8,1.71,71.66,4.19,19.68,NA,1.98,2.43,2.39,34.24,47.18,2.07,65.93,NA,NA,58.0,754.23,1.26
2026-06-14 18:00:00,39.23,93.68,44.41,32.22,63.59,57.92,8.29,1.36,67.25,5.6,21.43,NA,2.16,3.0,3.42,33.13,49.17,2.07,74.65,NA,NA,48.11,753.95,1.21
2026-06-14 19:00:00,38.08,92.08,37.97,27.51,52.14,61.61,8.7,0.69,58.28,5.55,21.59,NA,2.15,2.99,3.38,32.06,50.92,2.47,80.34,NA,NA,44.27,753.65,1.17
2026-06-14 20:00:00,38.65,99.13,38.21,29.22,54.35,64.74,10.89,1.18,47.74,5.91,21.41,NA,2.15,3.0,3.36,31.34,53.57,2.5,62.87,NA,NA,45.6,753.45,1.13
2026-06-14 21:00:00,49.75,118.5,44.56,26.4,58.41,58.94,11.03,0.54,46.02,5.71,21.71,NA,2.17,2.99,3.43,30.48,56.47,2.23,80.68,NA,NA,46.7,753.23,1.09
2026-06-14 22:00:00,56.58,139.93,47.46,17.92,57.53,63.83,13.33,0.78,38.22,4.28,17.41,NA,1.92,2.36,1.71,29.46,59.25,2.43,118.8,NA,NA,49.15,752.95,1.05
2026-06-14 23:00:00,46.75,133.0,47.15,11.22,43.5,44.8,10.35,1.25,33.45,4.03,17.56,NA,1.92,2.29,1.73,28.74,62.0,2.37,124.66,NA,NA,50.08,752.75,1.02
2026-06-15 00:00:00,60.0,136.48,31.97,31.22,45.39,NA,12.98,2.76,34.3,2.17,13.99,NA,1.37,1.11,1.45,28.51,62.39,2.34,125.96,NA,NA,52.63,752.7,1.01
2026-06-15 01:00:00,42.03,131.2,38.38,34.54,59.14,34.86,10.67,1.4,40.68,2.22,14.28,NA,1.35,1.09,1.4,28.53,62.38,2.24,135.73,NA,NA,56.14,752.7,1.01
2026-06-15 02:00:00,50.63,122.93,31.89,29.78,48.49,34.59,12.21,1.13,55.1,2.18,13.89,NA,1.37,1.09,1.43,28.96,62.0,1.64,153.92,NA,NA,55.47,752.82,1.03
2026-06-15 03:00:00,57.78,116.63,31.08,27.83,45.89,35.79,8.93,0.85,58.53,2.2,13.89,NA,1.34,1.12,1.45,28.22,62.84,1.81,65.2,NA,NA,52.86,752.6,1.0
2026-06-15 04:00:00,45.63,99.0,31.92,27.27,46.48,41.23,8.53,0.82,45.67,1.95,13.29,NA,1.44,1.41,1.55,27.84,61.73,1.81,70.41,NA,NA,54.03,752.5,0.98
2026-06-15 05:00:00,42.83,94.77,44.93,36.51,67.88,42.71,8.3,0.83,29.89,1.94,13.24,NA,1.43,1.4,1.55,27.73,59.84,1.87,74.99,NA,NA,58.03,752.5,0.97
2026-06-15 06:00:00,37.65,106.58,36.48,32.53,54.75,47.91,7.5,0.72,38.92,4.7,16.7,NA,1.91,2.81,2.11,28.05,58.79,1.86,71.11,NA,NA,80.29,752.58,0.99
2026-06-15 07:00:00,39.98,102.0,28.9,32.47,45.69,52.25,8.32,0.86,43.45,4.55,16.6,NA,1.92,2.82,2.12,28.82,56.82,1.79,73.79,NA,NA,141.3,752.78,1.06
2026-06-15 08:00:00,32.95,97.5,36.46,25.27,50.94,55.3,8.88,0.75,44.15,4.57,16.14,NA,1.92,2.89,2.08,31.18,50.77,1.87,77.35,NA,NA,196.55,753.43,1.12
2026-06-15 09:00:00,36.38,97.55,33.1,31.44,44.74,56.69,6.87,0.73,45.14,4.59,16.17,NA,1.92,2.83,2.09,31.87,49.63,1.87,69.94,NA,NA,219.05,753.78,1.16
2026-06-15 10:00:00,32.8,89.35,40.44,19.47,49.54,59.69,4.58,0.89,48.96,4.56,17.69,NA,1.9,3.05,2.04,33.0,48.02,1.18,138.14,NA,NA,263.78,753.9,1.21
2026-06-15 11:00:00,23.8,90.15,52.26,23.36,65.19,58.55,4.92,0.79,60.42,4.72,18.87,NA,1.93,3.4,2.05,34.09,46.34,1.32,55.33,NA,NA,265.68,754.23,1.25
2026-06-15 12:00:00,21.88,102.73,48.85,19.24,58.18,63.4,8.52,0.54,75.26,6.13,17.98,NA,1.91,2.37,2.26,35.87,44.25,1.48,44.87,NA,NA,264.59,754.68,1.33
2026-06-15 13:00:00,23.95,112.85,44.4,19.19,52.34,60.43,7.13,0.84,74.33,6.18,18.0,NA,1.94,2.37,2.29,36.42,42.84,1.27,37.87,NA,NA,142.01,754.83,1.35
2026-06-15 14:00:00,26.58,126.8,58.05,19.93,65.94,53.23,6.75,0.8,79.9,6.29,17.53,NA,1.94,2.4,2.29,35.15,34.98,1.91,47.43,NA,NA,91.56,750.18,0.6
2026-06-15 15:00:00,17.85,109.35,69.95,15.66,66.75,56.18,6.07,0.95,84.25,6.3,17.88,NA,1.93,2.3,2.27,36.5,40.59,2.12,47.17,NA,NA,77.46,754.85,1.36
2026-06-15 16:00:00,21.7,109.55,40.06,18.5,43.12,58.32,5.31,1.0,76.14,4.9,22.81,NA,2.11,2.78,2.6,36.43,40.29,2.35,60.59,NA,NA,79.64,754.8,1.36
2026-06-15 17:00:00,33.6,99.25,54.01,8.0,46.23,62.98,7.21,0.79,68.6,5.05,22.46,NA,2.16,2.71,2.65,35.5,41.1,2.14,62.35,NA,NA,57.84,754.58,1.32
2026-06-15 18:00:00,27.72,103.55,42.72,19.68,43.86,63.62,7.84,0.74,63.43,6.55,25.88,NA,2.41,3.51,3.99,34.49,42.71,2.54,61.93,NA,NA,46.98,754.3,1.27
2026-06-15 19:00:00,20.0,112.05,47.62,14.82,46.1,69.38,9.27,0.71,57.77,6.52,25.07,NA,2.43,3.44,3.91,33.49,46.8,2.06,78.6,NA,NA,43.13,754.03,1.23
2026-06-15 20:00:00,23.88,117.45,61.64,11.21,51.99,71.73,11.14,0.83,56.45,6.41,25.21,NA,2.42,3.5,3.97,32.59,49.61,2.13,77.48,NA,NA,45.55,753.25,1.1
2026-06-15 21:00:00,34.45,125.98,49.48,16.08,46.65,64.91,8.03,1.22,61.46,6.2,25.65,NA,2.45,3.49,3.97,30.93,54.28,1.92,86.18,NA,NA,47.22,753.33,1.11
2026-06-15 22:00:00,37.75,129.63,54.88,25.24,60.75,70.25,7.52,1.24,69.1,5.05,19.73,NA,2.17,2.75,1.95,29.06,53.43,1.26,121.01,NA,NA,48.8,752.85,1.03
2026-06-15 23:00:00,43.1,126.85,48.21,6.88,41.0,48.78,7.66,0.73,64.73,5.04,19.86,NA,2.12,2.68,1.95,28.86,53.24,0.87,176.43,NA,NA,49.8,752.8,1.02
2026-06-16 00:00:00,50.98,103.05,48.31,8.68,42.17,NA,7.67,0.8,69.72,2.51,15.42,NA,1.42,1.25,1.59,28.69,52.75,1.73,190.15,NA,NA,50.21,752.75,1.02
2026-06-16 01:00:00,35.45,102.45,52.27,13.44,48.06,46.21,8.65,0.73,68.12,2.49,16.02,NA,1.42,1.25,1.55,28.28,54.05,1.53,193.99,NA,NA,50.96,752.65,1.0
2026-06-16 02:00:00,31.65,92.9,51.28,13.16,45.48,37.68,8.93,0.84,62.78,2.48,15.65,NA,1.48,1.21,1.52,27.74,56.22,2.07,147.84,NA,NA,52.05,752.5,0.97
2026-06-16 03:00:00,42.28,81.85,44.86,10.39,41.73,39.39,8.52,1.14,58.19,2.51,15.25,NA,1.5,1.23,1.5,27.09,59.39,1.96,80.86,NA,NA,50.34,752.3,0.95
2026-06-16 04:00:00,39.47,62.1,51.06,6.38,40.88,45.58,7.76,1.01,57.79,2.28,14.74,NA,1.53,1.59,1.69,25.9,62.73,1.8,79.67,NA,NA,50.59,751.98,0.89
2026-06-16 05:00:00,44.45,88.65,42.09,15.06,39.53,50.7,8.69,1.15,60.1,2.29,14.8,NA,1.5,1.57,1.71,25.89,62.01,1.48,55.9,NA,NA,57.07,751.98,0.89
2026-06-16 06:00:00,44.5,76.5,45.24,18.83,44.63,53.81,8.05,1.6,58.24,5.22,18.86,NA,2.11,3.36,2.38,27.07,60.12,1.5,91.91,NA,NA,87.65,752.3,0.95
2026-06-16 07:00:00,44.88,62.03,46.94,13.84,43.87,57.57,8.94,0.98,63.13,5.43,18.83,NA,2.11,3.32,2.38,29.01,54.57,1.8,97.29,NA,NA,140.73,752.83,1.03
2026-06-16 08:00:00,38.53,68.7,46.22,11.47,42.57,62.33,7.78,1.43,68.12,5.5,18.68,NA,2.14,3.29,2.38,31.26,49.81,1.67,124.45,NA,NA,198.55,753.43,1.13
2026-06-16 09:00:00,45.45,67.58,62.05,11.75,54.5,66.55,8.8,1.08,70.44,5.51,18.64,NA,2.1,3.29,2.36,32.99,47.41,1.48,116.3,NA,NA,246.58,753.88,1.21
2026-06-16 10:00:00,38.85,77.95,51.79,10.99,46.47,62.82,10.23,1.69,79.73,5.08,20.67,NA,2.04,3.64,2.14,33.95,46.62,1.08,159.41,NA,NA,279.6,754.18,1.25
2026-06-16 11:00:00,58.7,88.38,26.63,8.29,26.16,66.89,7.64,1.02,94.6,5.05,20.12,NA,2.02,3.67,2.15,35.43,43.92,1.39,105.73,NA,NA,296.84,754.55,1.31
2026-06-16 12:00:00,49.35,92.13,25.89,6.21,30.76,66.9,7.25,1.2,85.59,6.21,17.77,NA,1.92,2.36,2.29,36.59,41.04,1.53,60.99,NA,NA,259.76,754.85,1.36
2026-06-16 13:00:00,52.6,95.83,30.43,9.3,29.36,58.58,7.23,0.84,92.59,6.11,17.9,NA,1.92,2.32,2.35,37.29,40.35,1.6,60.31,NA,NA,135.46,755.08,1.39
2026-06-16 14:00:00,47.65,115.1,23.72,13.91,26.64,55.57,6.68,0.74,96.8,6.24,17.49,NA,1.92,2.37,2.28,37.09,39.77,1.87,78.62,NA,NA,83.85,755.0,1.38
2026-06-16 15:00:00,49.13,108.8,21.31,12.78,23.3,59.33,5.71,0.77,91.69,6.21,17.47,NA,1.94,2.29,2.21,37.03,41.17,1.93,76.49,NA,NA,79.33,755.0,1.38
2026-06-16 16:00:00,49.2,NA,37.12,7.16,33.85,64.76,4.97,0.82,80.78,5.25,21.19,NA,2.18,2.71,2.58,36.7,40.07,1.84,73.89,NA,NA,68.91,754.9,1.37
2026-06-16 17:00:00,55.23,58.4,43.84,12.54,42.69,66.11,9.74,0.54,82.52,4.99,22.6,NA,2.15,2.73,2.7,35.29,32.62,1.86,94.88,NA,NA,57.07,748.7,0.35
2026-06-16 18:00:00,54.65,94.8,45.0,10.02,40.88,73.57,10.08,0.42,71.61,6.64,25.23,NA,2.42,3.57,3.93,33.52,43.37,1.72,109.39,NA,NA,48.64,753.45,1.13
2026-06-16 19:00:00,51.68,110.0,36.16,8.59,31.33,79.13,7.07,0.9,72.09,6.78,25.45,NA,2.39,3.47,3.86,33.52,45.54,2.52,93.75,NA,NA,45.1,754.05,1.23
2026-06-16 20:00:00,51.5,121.2,38.64,10.93,35.92,69.86,7.5,0.94,49.59,6.27,25.95,NA,2.42,3.44,3.96,32.84,47.9,2.63,93.16,NA,NA,47.64,753.85,1.2
2026-06-16 21:00:00,51.5,135.3,30.5,12.15,31.91,54.55,7.67,2.4,37.96,6.61,25.73,NA,2.39,3.43,3.94,32.29,50.71,2.26,112.31,NA,NA,48.02,753.73,1.17
2026-06-16 22:00:00,51.23,144.1,35.53,5.53,31.32,58.7,8.84,2.75,36.08,5.25,20.14,NA,2.14,2.76,1.91,31.73,52.74,2.24,114.4,NA,NA,48.7,753.55,1.15
2026-06-16 23:00:00,54.63,147.33,28.94,11.27,28.22,53.49,8.73,2.93,36.01,5.04,19.96,NA,2.12,2.71,1.95,31.62,53.1,2.22,121.63,NA,NA,48.83,753.53,1.14
2026-06-17 00:00:00,62.18,161.0,29.59,11.05,29.17,NA,10.6,2.69,27.91,2.51,15.69,NA,1.4,1.27,1.53,30.47,56.01,2.5,86.63,NA,NA,49.61,753.2,1.09
2026-06-17 01:00:00,82.68,156.0,41.79,9.95,39.6,40.2,9.16,0.77,22.68,2.55,15.77,NA,1.44,1.25,1.53,30.05,57.14,2.03,102.55,NA,NA,50.71,753.1,1.07
2026-06-17 02:00:00,79.43,158.9,30.01,11.79,31.08,33.46,9.51,0.77,26.33,2.5,15.63,NA,1.46,1.25,1.56,29.56,58.85,1.95,80.12,NA,NA,50.88,752.98,1.05
2026-06-17 03:00:00,68.05,150.9,38.03,10.35,37.05,34.64,6.31,0.91,24.06,2.47,15.56,NA,1.44,1.26,1.48,28.49,63.16,1.84,83.52,NA,NA,51.28,752.68,1.01
2026-06-17 04:00:00,67.73,154.6,36.23,9.86,35.41,37.42,6.32,0.85,23.6,2.34,15.24,NA,1.47,1.48,1.6,28.22,64.17,1.86,82.2,NA,NA,52.77,752.6,1.0
2026-06-17 05:00:00,63.25,166.1,20.76,10.11,23.71,41.61,9.18,0.64,28.61,2.22,14.66,NA,1.5,1.58,1.71,27.91,64.23,1.24,136.61,NA,NA,59.4,752.53,0.98
2026-06-17 06:00:00,67.85,144.7,31.83,12.95,34.23,46.13,9.79,0.91,30.94,5.47,18.36,NA,2.11,3.25,2.38,28.76,62.14,1.34,143.11,NA,NA,86.25,752.75,1.02
2026-06-17 07:00:00,69.43,152.1,29.11,6.5,26.8,49.32,10.91,0.88,31.92,5.49,18.68,NA,2.09,3.25,2.38,29.46,61.28,1.2,152.45,NA,NA,98.21,752.98,1.05
2026-06-17 08:00:00,69.98,137.7,33.02,4.93,28.94,51.97,12.2,1.37,31.65,5.34,18.74,NA,2.13,3.28,2.38,31.2,55.95,1.48,199.64,NA,NA,155.5,753.4,1.12
2026-06-17 09:00:00,72.18,129.3,28.33,11.08,28.97,55.48,11.45,0.46,37.35,5.34,18.18,NA,2.15,3.24,2.37,31.93,53.74,1.32,147.89,NA,NA,154.14,753.75,1.17
2026-06-17 10:00:00,NA,NA,24.53,15.49,28.11,51.31,10.92,NA,35.28,4.94,20.88,NA,2.03,3.64,2.14,33.77,49.54,1.31,128.79,NA,NA,239.11,754.1,1.24
2026-06-17 11:00:00,15.0,NA,31.4,17.07,35.88,50.28,NA,1.03,30.15,5.0,20.0,NA,2.01,3.62,2.16,35.08,44.85,1.61,101.45,NA,NA,257.06,754.48,1.3
2026-06-17 12:00:00,19.9,41.28,NA,NA,NA,49.54,0.16,0.75,23.13,6.22,17.79,NA,1.94,2.3,2.29,36.11,42.46,1.83,73.69,NA,NA,271.21,754.75,1.34
2026-06-17 13:00:00,53.35,124.78,27.38,13.52,32.8,45.34,6.34,0.73,40.81,6.23,17.98,NA,1.94,2.35,2.24,36.74,42.4,1.67,58.71,NA,NA,135.15,754.9,1.37
2026-06-17 14:00:00,52.05,114.33,24.7,10.02,30.49,40.29,5.52,1.01,NA,6.31,17.61,NA,1.93,2.32,2.32,37.01,42.13,1.72,61.02,NA,NA,84.83,754.98,1.38
2026-06-17 15:00:00,47.25,120.4,29.44,8.88,29.78,NA,7.29,0.99,37.18,6.22,17.68,NA,1.94,2.33,2.26,37.01,41.17,2.0,68.51,NA,NA,77.26,754.98,1.38
2026-06-17 16:00:00,46.4,116.98,28.74,5.25,28.69,45.31,8.09,0.92,34.94,5.87,17.32,NA,1.92,2.11,2.57,36.71,40.69,1.93,68.57,NA,NA,66.73,754.9,1.37
2026-06-17 17:00:00,46.18,115.38,31.93,8.95,31.83,47.74,7.65,0.76,36.93,NA,NA,NA,NA,NA,NA,36.07,42.0,1.8,77.71,NA,NA,61.12,754.75,1.34
2026-06-17 18:00:00,44.75,129.43,38.75,4.4,34.72,51.02,8.5,0.76,42.89,6.69,25.73,NA,2.39,3.49,3.9,34.66,45.6,2.4,85.24,NA,NA,49.12,754.35,1.28
2026-06-17 19:00:00,46.33,118.88,28.2,4.7,26.88,55.19,8.09,0.67,37.22,6.48,25.61,NA,2.35,3.49,3.92,33.78,47.43,2.75,87.55,NA,NA,46.62,754.1,1.24
2026-06-17 20:00:00,46.63,116.6,35.06,4.64,28.17,57.96,9.11,0.79,35.67,6.44,25.93,NA,2.4,3.53,3.89,33.16,48.94,2.73,81.65,NA,NA,48.92,753.93,1.21
2026-06-17 21:00:00,53.68,122.2,34.64,4.99,28.76,53.66,9.28,0.95,33.07,6.64,25.68,NA,2.36,3.5,3.9,32.67,50.78,2.71,81.64,NA,NA,49.35,753.83,1.19
2026-06-17 22:00:00,70.98,142.7,35.4,4.46,33.05,48.88,9.75,1.25,28.95,5.01,20.31,NA,2.13,2.72,1.94,32.2,51.16,2.64,85.73,NA,NA,48.98,753.68,1.17
2026-06-17 23:00:00,66.63,140.7,41.01,1.01,33.09,34.06,9.83,0.73,26.61,4.85,20.2,NA,2.13,2.69,1.93,31.55,53.84,2.55,81.08,NA,NA,49.41,753.55,1.14
2026-06-18 00:00:00,59.03,140.18,23.52,6.92,24.39,NA,9.14,1.17,27.94,2.51,15.64,NA,1.41,1.24,1.51,30.6,55.53,2.52,99.56,NA,NA,50.68,753.28,1.1
2026-06-18 01:00:00,68.15,136.23,37.59,3.68,32.98,32.96,9.37,0.95,30.36,2.51,15.88,NA,1.42,1.23,1.53,30.39,54.72,2.44,97.13,NA,NA,51.64,753.2,1.09
2026-06-18 02:00:00,52.9,127.15,36.86,5.07,33.94,25.61,9.28,1.01,30.81,2.44,15.81,NA,1.41,1.26,1.54,30.02,55.41,2.34,89.45,NA,NA,50.79,753.1,1.07
2026-06-18 03:00:00,49.93,123.03,32.29,4.43,29.56,26.32,8.81,1.05,29.98,2.49,15.47,NA,1.4,1.24,1.57,29.73,56.24,2.37,90.36,NA,NA,50.92,753.03,1.06
2026-06-18 04:00:00,46.03,118.88,36.67,2.23,31.11,30.57,6.95,1.13,27.38,2.38,15.17,NA,1.46,1.43,1.61,29.01,58.47,2.36,86.99,NA,NA,51.2,752.83,1.03
2026-06-18 05:00:00,43.05,128.65,33.97,6.75,32.99,34.23,8.08,0.89,30.37,2.26,14.9,NA,1.53,1.59,1.69,28.53,59.66,2.35,89.05,NA,NA,58.43,752.7,1.01
2026-06-18 06:00:00,54.08,120.35,27.17,5.13,25.42,38.17,9.9,1.13,32.02,5.28,18.92,NA,2.11,3.37,2.4,30.62,56.02,2.04,125.6,NA,NA,90.41,753.28,1.1
2026-06-18 07:00:00,53.58,121.4,19.8,5.23,19.03,39.0,9.47,0.93,32.9,5.25,19.15,NA,2.11,3.38,2.42,31.2,54.68,2.06,125.89,NA,NA,102.23,753.43,1.13
2026-06-18 08:00:00,65.13,122.6,36.8,3.97,30.43,43.38,8.59,0.65,35.56,5.31,18.55,NA,2.13,3.3,2.38,32.94,50.83,1.76,105.16,NA,NA,195.2,753.88,1.2
2026-06-18 09:00:00,62.8,134.83,28.3,2.84,23.65,44.74,7.97,0.94,36.7,5.6,17.83,NA,2.14,3.3,2.37,35.11,46.06,1.67,62.72,NA,NA,244.54,754.48,1.3
2026-06-18 10:00:00,59.93,134.13,27.66,2.43,17.28,43.64,7.44,0.73,37.63,4.05,13.98,NA,1.57,2.58,1.71,35.44,45.31,1.7,53.28,NA,NA,270.27,754.57,0.98
2026-06-18 11:00:00,58.65,129.8,36.16,3.95,32.47,53.17,6.6,1.08,48.3,4.27,13.12,NA,1.03,3.05,1.57,36.03,43.75,1.68,66.54,NA,NA,223.92,754.73,1.33
2026-06-18 12:00:00,66.85,128.65,30.24,2.8,27.97,59.73,8.85,0.87,60.94,4.36,7.98,NA,0.84,2.1,1.2,36.53,42.7,1.67,55.99,NA,NA,247.39,754.85,1.36
2026-06-18 13:00:00,69.35,131.6,29.97,8.79,35.73,60.67,9.64,1.21,83.56,4.17,6.45,NA,0.7,1.43,1.15,37.2,42.79,1.93,70.17,NA,NA,145.92,755.05,1.39
2026-06-18 14:00:00,60.43,127.1,28.38,4.13,21.45,55.51,10.23,0.27,84.93,3.0,4.77,NA,0.49,1.06,0.84,37.48,42.45,1.73,48.5,NA,NA,88.79,755.13,1.05
2026-06-18 15:00:00,62.8,125.53,22.26,12.64,28.5,62.22,5.48,0.73,83.53,4.21,6.31,NA,0.73,1.39,1.13,37.36,42.56,1.9,62.71,NA,NA,83.59,755.08,1.4
2026-06-18 16:00:00,60.93,131.67,40.64,11.98,42.08,62.85,6.35,0.64,76.71,2.62,7.66,NA,0.87,1.76,1.39,37.04,42.05,1.91,56.98,NA,NA,71.47,755.03,1.38
2026-06-18 17:00:00,63.53,138.4,41.71,19.4,50.32,58.85,6.11,0.71,64.28,1.89,5.58,NA,0.88,1.75,1.49,36.31,43.27,1.94,57.97,NA,NA,61.49,754.8,1.35
2026-06-18 18:00:00,74.6,139.98,44.98,12.11,44.36,65.38,7.67,0.58,67.9,3.05,7.72,NA,1.1,2.24,2.36,35.07,46.98,2.34,69.31,NA,NA,52.2,754.48,1.3
2026-06-18 19:00:00,62.3,134.23,39.02,18.64,45.64,68.65,10.64,0.71,72.09,2.89,7.65,NA,1.08,2.27,2.38,34.06,48.08,2.43,85.01,NA,NA,47.69,754.35,1.25
2026-06-18 20:00:00,64.88,141.13,46.38,7.55,45.93,72.36,12.12,0.98,56.14,2.98,7.81,NA,1.07,2.28,2.35,33.32,51.85,2.48,193.06,NA,NA,49.28,754.0,1.22
2026-06-18 21:00:00,76.13,150.4,32.15,12.46,34.07,66.14,6.39,0.5,41.42,3.14,7.55,NA,1.05,2.28,2.36,32.68,53.29,2.75,47.57,NA,NA,50.49,753.8,1.19
2026-06-18 22:00:00,88.9,156.4,38.7,8.34,35.34,67.48,6.69,0.61,38.48,2.67,5.93,NA,0.98,1.98,1.62,32.58,53.46,2.57,54.67,NA,NA,50.28,753.8,1.19
2026-06-18 23:00:00,106.1,159.9,27.19,17.1,36.88,52.02,10.12,0.54,32.73,1.87,3.88,NA,0.83,1.65,0.86,32.11,54.73,2.67,47.99,NA,NA,50.45,753.65,1.17
2026-06-19 00:00:00,94.1,173.55,24.52,10.93,24.92,NA,11.33,0.79,41.44,0.1,0.73,NA,0.32,0.58,0.58,31.42,56.31,2.62,91.97,NA,NA,50.93,753.48,1.13
2026-06-19 01:00:00,70.55,166.08,39.03,19.15,47.34,45.97,8.19,0.8,38.05,0.11,0.87,NA,0.3,0.6,0.6,31.13,55.96,2.59,88.76,NA,NA,51.31,753.4,1.12
2026-06-19 02:00:00,68.63,151.05,35.17,9.59,38.0,40.03,8.6,0.9,40.25,0.14,1.01,NA,0.34,0.58,0.62,31.06,54.99,2.3,131.23,NA,NA,49.56,753.38,1.12
2026-06-19 03:00:00,61.75,126.98,37.61,6.66,34.4,39.85,9.69,0.96,45.0,0.1,0.65,NA,0.32,0.61,0.58,30.53,55.81,2.5,352.14,NA,NA,50.54,753.23,1.1
2026-06-19 04:00:00,50.68,122.57,49.18,20.26,48.21,46.12,10.47,1.17,45.39,NA,0.28,NA,0.38,0.91,0.67,30.38,56.25,2.41,120.63,NA,NA,50.8,753.18,1.09
2026-06-19 05:00:00,58.65,109.38,27.76,10.22,39.15,49.38,8.42,0.58,44.22,NA,0.26,NA,0.42,0.9,0.72,30.07,57.56,2.31,124.04,NA,NA,52.8,753.13,1.08
2026-06-19 06:00:00,65.18,112.88,37.09,12.43,40.45,49.03,8.53,0.65,43.04,2.34,1.37,NA,0.63,1.48,0.95,30.05,58.48,2.23,130.92,NA,NA,68.12,753.13,1.08
2026-06-19 07:00:00,86.57,130.7,46.13,14.08,50.93,57.25,9.47,1.13,46.71,2.38,2.95,NA,0.84,2.13,1.23,31.68,56.43,1.93,70.73,NA,NA,127.87,753.55,1.15
2026-06-19 08:00:00,77.63,144.55,33.79,13.96,36.86,61.12,11.09,1.54,55.65,2.31,2.9,NA,0.88,2.07,1.23,33.78,52.42,1.62,86.37,NA,NA,175.99,754.1,1.24
2026-06-19 09:00:00,87.2,151.58,31.86,8.11,33.72,63.85,10.6,0.94,69.04,2.41,3.07,NA,0.84,2.11,1.21,34.59,50.61,1.32,124.12,NA,NA,202.5,754.35,1.28
2026-06-19 10:00:00,87.93,161.55,33.48,7.36,33.26,61.7,10.23,1.65,69.0,2.13,4.31,NA,0.79,2.37,1.01,36.7,45.75,0.92,106.9,NA,NA,262.69,754.9,1.37
2026-06-19 11:00:00,74.73,156.63,32.23,17.46,42.22,70.91,10.24,0.77,68.07,3.21,7.8,NA,0.7,2.13,0.91,37.81,43.56,2.16,64.36,NA,NA,291.31,755.2,1.42
2026-06-19 12:00:00,80.7,153.0,20.19,17.79,31.78,70.32,9.65,0.8,69.2,4.08,6.1,NA,0.65,1.23,1.02,38.26,42.8,2.01,59.15,NA,NA,254.82,755.33,1.44
2026-06-19 13:00:00,69.05,149.83,31.2,22.16,45.77,65.46,8.49,0.73,79.24,4.09,6.26,NA,0.64,1.23,1.0,38.48,43.04,2.0,64.16,NA,NA,143.86,755.38,1.44
2026-06-19 14:00:00,64.6,149.24,31.24,24.93,44.91,54.19,7.44,0.63,73.05,4.51,6.7,NA,0.7,1.33,1.04,38.43,42.6,2.07,63.94,NA,NA,203.06,755.38,1.44
2026-06-19 15:00:00,66.73,145.37,48.79,1.04,43.45,49.97,10.25,0.84,65.75,4.74,7.17,NA,0.81,1.53,1.27,38.42,41.23,2.02,52.44,NA,NA,394.71,755.38,1.44
2026-06-19 16:00:00,68.05,143.32,NA,NA,NA,55.42,10.37,0.97,81.53,3.75,10.0,NA,0.96,1.88,1.53,38.04,41.45,2.11,60.97,NA,NA,355.44,755.25,1.42
2026-06-19 17:00:00,48.15,127.57,21.36,4.08,17.84,61.19,8.09,0.92,76.45,3.71,10.69,NA,0.99,2.0,1.59,37.29,41.84,2.06,64.58,NA,NA,295.55,755.05,1.39
2026-06-19 18:00:00,69.15,132.22,16.07,NA,10.59,63.14,6.41,0.44,58.21,5.04,13.12,NA,1.2,2.5,2.65,36.43,43.33,2.58,75.62,NA,NA,245.77,754.83,1.36
2026-06-19 19:00:00,48.38,125.87,12.31,NA,7.35,68.54,9.48,0.39,49.72,5.1,12.87,NA,1.2,2.54,2.67,35.32,45.08,2.5,78.02,NA,NA,220.93,754.53,1.31
2026-06-19 20:00:00,52.28,125.55,11.55,4.94,10.92,70.32,9.73,0.43,49.24,5.02,12.95,NA,1.15,2.52,2.7,34.85,45.54,2.63,74.98,NA,NA,225.57,754.43,1.27
2026-06-19 21:00:00,61.53,134.3,16.9,12.97,28.6,65.33,7.97,0.56,46.78,5.16,12.73,NA,1.17,2.54,2.65,33.68,47.09,2.46,94.52,NA,NA,239.1,754.08,1.23
2026-06-19 22:00:00,56.95,137.2,15.55,10.81,26.35,69.55,8.86,0.71,49.51,3.63,8.68,NA,0.99,1.9,0.93,33.22,47.44,2.42,83.78,NA,NA,243.64,753.98,1.21
2026-06-19 23:00:00,44.05,129.66,16.51,15.72,29.74,51.14,8.71,0.29,52.62,3.77,8.92,NA,0.92,1.84,0.96,32.81,47.75,2.18,69.95,NA,NA,238.48,753.85,1.19
2026-06-20 00:00:00,43.22,124.62,10.45,9.29,21.39,NA,8.88,0.43,55.79,1.54,5.4,NA,0.36,0.66,0.65,31.79,49.58,1.94,73.03,NA,NA,240.87,753.58,1.15
2026-06-20 01:00:00,34.45,115.97,14.03,9.38,24.36,45.68,7.5,0.65,57.12,1.56,5.4,NA,0.43,0.64,0.72,31.0,51.17,2.11,74.89,NA,NA,241.99,753.35,1.12
2026-06-20 02:00:00,35.04,118.13,18.92,7.89,27.54,38.0,7.92,0.72,52.89,1.54,5.24,NA,0.37,0.65,0.72,30.33,53.13,2.1,60.13,NA,NA,247.57,753.2,1.09
2026-06-20 03:00:00,44.1,114.91,15.44,7.98,24.75,39.55,7.78,0.94,55.2,1.58,5.14,NA,0.35,0.66,0.67,29.8,54.35,2.05,69.8,NA,NA,251.74,753.05,1.06
2026-06-20 04:00:00,44.61,109.73,15.31,8.92,25.15,46.13,8.4,1.0,52.5,1.37,4.65,NA,0.45,0.98,0.79,29.24,56.06,2.2,79.01,NA,NA,254.12,752.9,1.04
2026-06-20 05:00:00,34.43,114.3,14.23,8.53,24.06,47.98,8.0,1.12,49.36,1.38,4.56,NA,0.45,0.88,0.79,29.13,56.86,2.1,82.5,NA,NA,284.15,752.85,1.03
2026-06-20 06:00:00,38.99,110.07,8.29,10.13,20.09,53.16,7.72,1.46,46.74,3.85,7.91,NA,0.94,2.33,1.34,30.07,55.91,1.67,85.27,NA,NA,433.74,753.13,1.08
2026-06-20 07:00:00,50.56,116.43,10.72,9.85,21.91,56.44,5.69,0.74,47.22,3.82,7.84,NA,0.93,2.4,1.34,31.54,54.45,1.8,68.68,NA,NA,681.99,753.5,1.14
2026-06-20 08:00:00,46.25,125.18,12.08,13.61,25.02,61.63,3.54,0.93,49.27,3.94,7.56,NA,0.96,2.38,1.35,33.52,52.77,2.19,80.61,NA,NA,940.73,754.05,1.23
2026-06-20 09:00:00,54.67,144.61,18.32,13.28,29.92,63.06,3.59,1.19,107.69,3.95,7.28,NA,0.93,2.29,1.33,35.22,49.27,1.42,62.16,NA,NA,683.56,754.53,1.3
2026-06-20 10:00:00,60.25,167.14,11.84,13.99,25.03,48.02,4.52,1.49,116.24,3.59,9.09,NA,0.86,2.65,1.08,36.2,45.7,1.97,84.63,NA,NA,806.75,754.78,1.34
2026-06-20 11:00:00,56.4,162.22,10.66,13.7,23.91,47.0,6.78,1.33,113.54,3.71,9.19,NA,0.85,2.64,1.1,36.64,44.01,1.86,84.95,NA,NA,854.88,754.98,1.38
2026-06-20 12:00:00,52.55,158.89,6.89,9.7,18.71,46.89,8.15,0.76,116.9,4.68,6.97,NA,0.78,1.55,1.28,38.37,41.77,1.79,71.37,NA,NA,779.92,755.35,1.44
2026-06-20 13:00:00,42.27,161.59,9.39,13.65,22.85,42.69,7.72,0.45,119.85,4.72,6.94,NA,0.81,1.64,1.28,37.71,37.74,2.21,58.52,NA,NA,384.49,752.15,0.91
2026-06-20 14:00:00,46.75,144.4,15.43,11.66,26.7,38.16,6.27,0.09,104.06,4.78,7.1,NA,0.81,1.6,1.31,33.57,52.09,2.04,254.07,NA,NA,151.51,753.8,1.19
2026-06-20 15:00:00,46.0,143.26,14.08,14.31,27.01,39.25,7.58,0.54,112.21,4.71,7.09,NA,0.8,1.61,1.22,35.73,48.08,1.98,144.13,NA,NA,419.64,754.65,1.32
2026-06-20 16:00:00,58.57,135.59,12.54,6.8,21.77,45.81,7.88,1.52,121.29,3.62,10.61,NA,0.95,1.92,1.56,37.03,44.16,1.94,73.8,NA,NA,97.96,754.98,1.38
2026-06-20 17:00:00,36.96,134.7,13.56,10.74,24.7,46.51,7.7,1.26,120.0,3.79,10.72,NA,0.95,1.86,1.59,36.58,41.16,2.26,71.63,NA,NA,36.93,754.85,1.36
2026-06-20 18:00:00,35.37,132.17,11.9,7.26,22.34,55.47,7.5,1.46,93.88,4.72,12.48,NA,1.15,2.39,2.41,35.97,41.2,2.38,62.95,NA,NA,18.84,754.7,1.34
2026-06-20 19:00:00,39.37,129.51,16.58,14.27,30.91,67.79,7.53,0.87,65.93,5.1,12.87,NA,1.19,2.54,2.62,34.89,43.57,2.21,47.21,NA,NA,NA,754.43,1.29
2026-06-20 20:00:00,49.49,124.86,19.07,11.95,31.92,67.85,8.49,0.67,62.15,4.23,11.3,NA,1.04,2.21,2.29,33.89,45.97,2.26,48.72,NA,NA,43.55,754.15,1.25
2026-06-20 21:00:00,45.92,129.28,18.1,10.8,30.6,62.2,8.54,0.68,61.67,4.01,10.68,NA,0.93,2.05,2.13,32.58,42.11,2.41,57.99,NA,NA,45.1,751.3,0.78
2026-06-20 22:00:00,51.54,148.12,21.77,11.7,33.03,62.48,8.38,0.84,48.99,2.92,6.75,NA,0.78,1.53,0.78,32.4,48.33,2.08,48.74,NA,NA,43.03,753.58,1.15
2026-06-20 23:00:00,46.91,163.22,16.9,4.14,23.91,42.29,7.86,0.57,31.91,2.93,7.36,NA,0.76,1.42,0.77,32.14,50.28,1.8,69.47,NA,NA,38.93,753.67,1.16
2026-06-21 00:00:00,42.16,156.6,22.76,4.05,28.52,NA,7.44,0.48,34.61,1.22,4.22,NA,0.29,0.51,0.51,31.68,51.95,2.44,36.49,NA,NA,41.07,753.55,1.15
2026-06-21 01:00:00,48.55,151.36,10.88,7.19,18.99,38.35,8.3,1.26,35.76,1.25,4.18,NA,0.32,0.5,0.54,31.31,53.52,2.39,75.58,NA,NA,40.13,753.45,1.13
2026-06-21 02:00:00,43.42,152.46,22.55,4.13,28.39,29.1,8.75,1.53,31.07,1.26,4.38,NA,0.3,0.53,0.53,30.28,57.0,2.03,67.55,NA,NA,41.94,753.18,1.09
2026-06-21 03:00:00,44.59,157.96,25.24,7.48,32.36,31.41,8.36,0.96,28.04,1.23,4.1,NA,0.28,0.52,0.5,29.5,59.35,1.88,64.67,NA,NA,51.83,752.95,1.05
2026-06-21 04:00:00,44.9,162.07,11.16,5.09,17.79,37.62,7.23,1.18,26.5,1.06,3.79,NA,0.36,0.76,0.63,29.35,58.65,1.89,73.78,NA,NA,54.29,752.9,1.05
2026-06-21 05:00:00,36.28,157.95,18.65,8.16,25.84,42.22,6.99,0.75,26.9,1.1,3.87,NA,0.35,0.73,0.62,29.18,58.58,1.9,60.63,NA,NA,69.38,752.9,1.04
2026-06-21 06:00:00,38.98,148.04,19.51,10.32,29.22,43.99,6.43,0.79,25.78,2.09,4.87,NA,0.56,1.3,0.85,29.43,58.08,1.98,58.84,NA,NA,128.33,752.95,1.05
2026-06-21 07:00:00,43.02,131.12,21.21,8.67,29.72,48.57,6.23,0.96,25.29,3.08,6.08,NA,0.76,1.92,1.09,30.13,57.01,1.88,66.47,NA,NA,270.9,753.13,1.08
2026-06-21 08:00:00,42.68,120.63,16.82,11.56,28.74,53.31,6.43,1.12,38.02,3.16,6.21,NA,0.76,1.88,1.09,31.18,55.84,1.67,66.73,NA,NA,453.55,753.4,1.13
2026-06-21 09:00:00,35.99,104.12,12.44,12.2,26.78,59.61,5.57,1.01,49.82,3.25,5.96,NA,0.76,1.88,1.09,32.73,51.1,1.65,66.67,NA,NA,623.84,752.73,1.01
2026-06-21 10:00:00,29.86,98.87,13.72,15.53,31.5,61.12,5.43,0.98,71.24,3.09,6.85,NA,0.72,2.0,0.99,34.41,47.4,1.87,58.05,NA,NA,751.54,752.75,1.02
2026-06-21 11:00:00,29.56,102.1,23.47,18.78,41.14,56.84,6.67,1.08,77.24,2.92,7.41,NA,0.72,2.1,0.92,35.55,48.84,1.97,66.29,NA,NA,853.19,754.63,1.33
2026-06-21 12:00:00,32.37,111.59,11.4,14.53,24.76,46.86,5.76,1.13,102.45,3.72,5.55,NA,0.67,1.72,0.98,36.05,47.8,2.15,67.3,NA,NA,756.99,754.73,1.35
2026-06-21 13:00:00,31.13,115.36,15.87,12.84,24.45,39.07,6.81,0.57,120.44,3.75,5.85,NA,0.64,1.23,1.05,36.38,46.27,2.12,59.54,NA,NA,354.69,754.83,1.35
2026-06-21 14:00:00,32.83,118.95,17.31,6.84,23.23,38.12,6.17,0.73,125.51,3.73,5.67,NA,0.63,1.26,1.01,37.08,44.41,2.29,53.63,NA,NA,305.84,755.0,1.39
2026-06-21 15:00:00,40.94,126.23,17.86,8.71,25.62,38.32,5.52,0.63,126.78,3.78,5.6,NA,0.63,1.26,1.01,37.98,41.58,2.21,63.1,NA,NA,194.11,755.23,1.42
2026-06-21 16:00:00,53.13,129.47,14.74,8.98,23.22,42.58,5.58,0.64,129.94,2.97,8.53,NA,0.79,1.61,1.24,37.94,40.38,2.45,67.98,NA,NA,132.21,755.25,1.42
2026-06-21 17:00:00,42.24,129.05,15.96,4.09,21.61,47.15,6.8,0.77,123.83,2.93,8.23,NA,0.79,1.59,1.26,37.51,40.4,2.34,65.01,NA,NA,87.12,755.13,1.4
2026-06-21 18:00:00,40.07,122.48,18.43,8.03,25.71,51.19,7.99,0.93,122.04,3.98,10.13,NA,0.9,2.1,2.11,36.3,42.56,2.54,72.41,NA,NA,35.81,754.78,1.36
2026-06-21 19:00:00,33.14,119.08,23.44,5.59,27.68,58.72,6.92,0.74,108.46,3.92,10.23,NA,0.94,2.01,2.13,35.09,45.47,1.55,95.25,NA,NA,21.87,754.48,1.3
2026-06-21 20:00:00,23.03,129.9,32.51,7.62,36.94,74.31,8.27,0.8,77.36,4.21,10.29,NA,0.96,1.97,2.15,34.38,46.49,2.55,49.93,NA,NA,26.84,754.28,1.27
2026-06-21 21:00:00,45.17,132.76,33.86,4.92,35.17,64.98,6.54,1.28,75.75,3.95,10.49,NA,0.94,1.99,2.11,33.96,47.18,2.41,92.44,NA,NA,46.49,754.15,1.25
2026-06-21 22:00:00,47.94,134.72,30.43,3.4,31.39,66.98,6.32,1.19,75.78,3.47,8.69,NA,0.84,1.75,1.43,33.62,48.04,2.25,131.57,NA,NA,47.06,754.08,1.23
2026-06-21 23:00:00,53.74,142.46,26.7,5.42,28.79,29.52,5.15,0.66,45.01,2.74,7.12,NA,0.78,1.52,0.79,32.33,51.58,1.98,178.14,NA,NA,45.46,753.75,1.19
2026-06-22 00:00:00,27.82,117.72,13.57,5.83,20.59,NA,4.03,0.72,27.76,1.27,4.13,NA,0.31,0.51,0.53,31.84,53.2,2.27,110.44,NA,NA,47.83,753.6,1.15
2026-06-22 01:00:00,20.73,109.44,19.8,4.2,23.44,25.96,5.87,1.04,28.02,1.26,4.35,NA,0.28,0.53,0.55,31.13,55.14,2.31,52.64,NA,NA,39.99,753.4,1.13
2026-06-22 02:00:00,23.46,99.36,16.67,8.5,24.53,20.55,6.17,0.96,28.66,1.23,4.35,NA,0.3,0.52,0.52,30.35,57.15,2.25,27.62,NA,NA,38.94,753.2,1.09
2026-06-22 03:00:00,23.11,101.57,18.13,7.39,25.13,21.16,6.05,0.84,27.7,1.26,4.32,NA,0.31,0.53,0.5,29.87,58.64,2.31,72.52,NA,NA,42.92,753.05,1.07
2026-06-22 04:00:00,30.77,94.68,13.1,6.21,20.42,25.27,6.0,0.95,26.79,1.1,3.79,NA,0.36,0.8,0.62,29.18,60.95,2.05,82.74,NA,NA,42.88,752.88,1.04
2026-06-22 05:00:00,26.79,101.16,18.81,7.36,25.67,28.55,4.59,0.74,34.85,1.14,3.86,NA,0.37,0.77,0.64,28.97,61.16,1.85,78.78,NA,NA,61.28,752.8,1.03
2026-06-22 06:00:00,32.49,102.25,19.41,6.61,27.75,30.27,5.42,0.87,34.27,3.13,5.71,NA,0.55,1.91,0.86,29.58,59.7,1.87,70.45,NA,NA,116.21,752.97,1.05
2026-06-22 07:00:00,39.72,106.84,19.5,5.98,23.28,33.98,6.2,0.84,37.49,3.2,5.96,NA,0.77,1.87,1.1,30.84,56.47,1.85,63.74,NA,NA,272.44,753.35,1.11
2026-06-22 08:00:00,61.23,112.78,14.87,11.08,20.01,37.28,6.82,0.7,43.83,3.31,5.82,NA,0.76,1.88,1.08,32.59,51.6,1.86,87.99,NA,NA,464.67,753.8,1.19
2026-06-22 09:00:00,59.18,107.13,14.72,8.2,26.66,41.52,5.65,1.08,49.5,3.3,6.23,NA,0.77,1.86,1.08,34.74,47.07,1.33,43.64,NA,NA,674.72,754.38,1.28
2026-06-22 10:00:00,51.49,117.95,24.27,10.34,34.74,45.67,1.09,1.49,60.22,3.22,6.95,NA,0.76,2.15,1.07,36.15,43.42,2.14,59.15,NA,NA,867.99,754.75,1.34
2026-06-22 11:00:00,52.46,113.6,20.49,16.41,41.29,48.17,6.47,1.43,62.52,3.68,8.09,NA,0.84,2.45,1.06,36.84,42.33,1.9,48.98,NA,NA,952.55,754.95,1.37
2026-06-22 12:00:00,31.6,115.27,18.34,19.92,39.93,52.31,6.87,0.65,62.81,4.65,6.97,NA,0.84,1.55,1.23,37.61,41.4,1.67,54.07,NA,NA,938.42,755.1,1.4
2026-06-22 13:00:00,28.52,127.06,16.04,17.71,37.37,47.73,6.42,0.65,69.09,4.62,6.92,NA,0.81,1.59,1.24,37.74,39.77,1.56,69.58,NA,NA,433.97,755.18,1.41
2026-06-22 14:00:00,30.66,129.93,23.77,21.91,45.39,44.67,5.23,0.66,77.89,4.64,7.08,NA,0.81,1.55,1.26,37.97,38.87,1.62,74.24,NA,NA,155.88,755.25,1.42
2026-06-22 15:00:00,33.32,131.01,23.44,18.6,41.71,45.27,6.12,0.64,78.98,4.6,6.91,NA,0.79,1.58,1.28,37.95,38.7,2.0,66.68,NA,NA,138.19,755.25,1.42
2026-06-22 16:00:00,44.69,129.58,21.93,8.15,29.7,50.48,7.44,0.46,73.4,3.8,9.68,NA,0.96,1.83,1.47,37.73,38.22,1.89,64.69,NA,NA,100.77,755.18,1.41
2026-06-22 17:00:00,48.99,127.47,33.22,9.48,40.77,53.49,10.58,0.62,73.21,3.55,10.94,NA,0.96,1.93,1.56,37.12,38.87,1.84,62.22,NA,NA,79.34,755.1,1.4
2026-06-22 18:00:00,61.06,156.8,39.22,8.85,45.18,57.58,11.41,0.67,67.83,4.19,12.03,NA,1.09,2.24,2.09,36.61,39.78,2.19,79.07,NA,NA,39.64,754.85,1.36
2026-06-22 19:00:00,99.63,242.08,35.59,8.05,41.53,62.39,7.36,1.17,53.8,5.01,12.95,NA,1.18,2.52,2.61,35.13,42.98,2.26,64.62,NA,NA,20.69,754.48,1.3
2026-06-22 20:00:00,100.58,244.08,32.96,7.92,38.95,63.83,7.13,1.15,54.35,4.93,13.1,NA,1.22,2.48,2.64,34.64,44.0,2.33,67.14,NA,NA,20.34,754.33,1.28
2026-06-22 21:00:00,90.79,247.98,31.5,5.42,35.25,57.81,6.11,0.69,56.69,4.99,13.41,NA,1.19,2.52,2.65,33.31,44.34,2.17,72.11,NA,NA,17.55,754.0,1.22
2026-06-22 22:00:00,81.88,185.56,33.84,5.6,38.61,64.48,6.6,0.6,51.43,3.61,8.19,NA,0.95,1.91,0.99,32.42,45.18,1.84,67.24,NA,NA,15.12,753.73,1.17
2026-06-22 23:00:00,59.53,138.67,28.72,8.2,35.64,51.46,6.37,0.65,46.27,3.7,8.62,NA,0.94,1.84,0.98,31.87,46.22,2.26,69.74,NA,NA,17.99,753.6,1.15
2026-06-23 00:00:00,43.71,132.0,37.66,8.77,43.4,NA,5.9,1.02,45.76,1.54,5.31,NA,0.37,0.67,0.67,30.75,49.05,2.05,65.11,NA,NA,28.72,753.3,1.11
2026-06-23 01:00:00,55.19,129.72,32.0,6.88,37.05,41.78,6.78,0.96,45.72,1.56,5.36,NA,0.37,0.66,0.64,30.56,50.4,1.91,77.76,NA,NA,31.33,753.23,1.1
2026-06-23 02:00:00,50.34,131.18,31.15,5.86,35.63,38.2,6.85,0.93,46.85,1.55,5.27,NA,0.4,0.65,0.67,30.4,51.06,2.1,88.63,NA,NA,34.08,753.2,1.09
2026-06-23 03:00:00,46.85,136.83,30.73,6.65,36.04,35.47,6.63,0.77,43.98,1.55,5.18,NA,0.33,0.66,0.58,29.44,53.9,2.04,81.81,NA,NA,37.27,752.95,1.05
2026-06-23 04:00:00,45.42,125.78,34.17,5.81,38.22,39.37,6.17,0.81,42.64,1.3,4.64,NA,0.46,0.98,0.79,28.61,56.07,2.07,71.27,NA,NA,35.72,752.73,1.01
2026-06-23 05:00:00,48.3,123.83,24.85,6.04,30.39,44.22,5.89,0.98,41.31,1.27,4.53,NA,0.45,0.93,0.78,28.2,57.91,2.07,68.92,NA,NA,59.36,752.6,0.99
2026-06-23 06:00:00,42.98,126.09,33.18,8.91,39.23,48.01,5.42,1.13,40.21,4.05,7.7,NA,0.96,2.42,1.34,29.25,56.98,2.09,79.38,NA,NA,188.44,752.9,1.04
2026-06-23 07:00:00,44.91,130.39,29.9,8.18,37.26,51.89,5.19,0.71,44.59,3.98,7.6,NA,0.92,2.37,1.36,30.9,55.0,2.01,78.15,NA,NA,398.91,753.33,1.11
2026-06-23 08:00:00,51.0,132.9,38.24,16.03,56.82,56.92,3.98,0.77,52.8,4.06,7.58,NA,0.94,2.36,1.38,31.72,53.47,2.02,67.69,NA,NA,516.61,753.55,1.15
2026-06-23 09:00:00,47.24,133.99,42.94,15.53,56.57,66.96,6.67,1.19,70.27,4.03,7.59,NA,0.94,2.34,1.36,34.36,46.1,1.82,66.6,NA,NA,824.04,754.28,1.27
2026-06-23 10:00:00,48.53,129.02,44.05,9.52,53.71,64.35,5.85,1.15,69.31,3.74,8.38,NA,0.88,2.48,1.25,34.91,44.15,1.96,59.44,NA,NA,891.24,754.4,1.29
2026-06-23 11:00:00,46.96,115.34,45.64,11.42,55.9,57.9,4.56,0.63,69.76,3.58,9.12,NA,0.87,2.67,1.14,36.26,41.46,1.84,64.05,NA,NA,991.1,754.78,1.35
2026-06-23 12:00:00,72.93,113.26,45.96,14.13,57.93,58.17,2.95,0.74,72.83,4.67,7.01,NA,0.79,1.59,1.25,37.02,39.39,1.72,76.97,NA,NA,846.62,754.98,1.38
2026-06-23 13:00:00,61.63,121.89,45.07,17.0,58.43,52.05,8.83,0.82,74.2,4.64,7.32,NA,0.81,1.57,1.28,37.71,38.26,1.55,54.78,NA,NA,344.64,755.15,1.41
2026-06-23 14:00:00,57.28,116.53,48.87,12.48,59.29,50.17,8.28,1.03,72.37,4.68,7.28,NA,0.81,1.61,1.25,37.78,37.92,1.78,59.8,NA,NA,174.79,755.18,1.42
2026-06-23 15:00:00,37.5,108.96,54.69,12.31,63.32,52.89,8.05,0.45,71.56,4.69,6.9,NA,0.82,1.54,1.31,37.71,37.67,1.9,69.15,NA,NA,120.48,755.15,1.41
2026-06-23 16:00:00,42.34,109.24,55.45,15.27,66.02,55.72,8.69,0.36,72.88,3.65,9.69,NA,0.98,1.61,1.38,37.48,37.16,1.75,70.37,NA,NA,93.3,755.1,1.31
2026-06-23 17:00:00,42.06,106.2,44.76,14.93,63.13,58.66,8.47,0.76,66.25,3.16,9.92,NA,0.66,1.29,1.09,37.25,36.59,2.21,69.92,NA,NA,50.53,755.0,1.39
2026-06-23 18:00:00,29.97,95.64,58.69,16.61,71.88,69.02,7.01,0.89,57.48,2.32,8.28,NA,0.62,1.34,1.33,36.39,37.38,2.22,74.79,NA,NA,25.35,754.75,1.34
2026-06-23 19:00:00,38.06,94.98,53.27,18.67,66.89,74.87,6.26,0.77,52.97,2.71,8.29,NA,0.56,1.31,1.58,35.06,39.61,2.71,86.62,NA,NA,16.32,754.48,1.29
2026-06-23 20:00:00,39.94,98.04,48.53,11.93,57.32,80.57,6.95,1.3,40.58,2.63,8.78,NA,0.57,1.28,1.57,33.47,43.06,2.82,89.6,NA,NA,35.74,754.03,1.23
2026-06-23 21:00:00,53.57,130.19,54.71,14.35,65.7,71.01,8.78,0.83,39.32,2.75,8.54,NA,0.6,1.32,1.6,32.96,45.38,2.77,91.56,NA,NA,45.55,753.88,1.2
2026-06-23 22:00:00,68.19,138.7,54.56,15.0,64.84,77.7,11.26,0.93,44.03,1.63,4.96,NA,0.36,0.78,0.07,32.41,46.39,2.75,92.68,NA,NA,43.43,753.75,1.17
2026-06-23 23:00:00,77.75,164.21,44.99,18.19,60.81,54.19,12.01,0.51,42.37,1.58,4.89,NA,0.37,0.76,0.07,32.35,46.67,2.37,205.31,NA,NA,43.66,753.75,1.17
2026-06-24 00:00:00,68.59,191.03,24.88,18.71,43.42,NA,7.17,0.82,20.94,0.01,1.54,NA,-0.22,-0.4,-0.19,32.37,46.97,2.19,346.77,NA,NA,36.4,753.75,1.18
2026-06-24 01:00:00,61.0,183.06,28.07,19.69,46.65,32.53,7.33,0.83,21.27,0.0,1.8,NA,-0.17,-0.4,-0.21,30.92,50.89,1.66,56.04,NA,NA,41.16,753.37,1.11
2026-06-24 02:00:00,63.72,188.63,25.19,22.76,46.22,26.76,8.33,0.67,26.58,0.0,1.57,NA,-0.19,-0.37,-0.19,28.63,46.21,1.41,76.54,NA,NA,45.94,748.45,0.32
2026-06-24 03:00:00,55.83,213.21,28.43,19.32,46.7,27.38,3.43,1.59,32.55,0.0,1.76,NA,-0.11,-0.39,-0.24,28.44,58.12,1.66,72.55,NA,NA,58.61,752.65,1.01
2026-06-24 04:00:00,64.02,182.66,26.86,19.91,46.29,32.4,2.63,1.52,33.08,NA,1.46,NA,-0.1,-0.16,-0.15,28.32,58.07,1.67,110.0,NA,NA,64.2,752.63,1.0
2026-06-24 05:00:00,42.95,137.68,32.01,23.14,52.51,34.4,5.94,0.71,31.31,NA,1.23,NA,-0.1,-0.11,-0.08,27.9,59.57,1.53,122.71,NA,NA,61.54,752.53,0.98
2026-06-24 06:00:00,48.96,127.29,29.2,20.13,48.39,37.89,5.71,1.03,30.24,1.56,4.04,NA,0.35,1.13,0.38,28.57,57.87,1.74,11.39,NA,NA,90.69,752.7,1.01
2026-06-24 07:00:00,50.98,105.94,28.72,21.44,48.83,40.04,5.75,1.11,31.48,1.88,3.62,NA,0.36,1.13,0.42,29.34,54.36,2.05,130.58,NA,NA,133.05,752.93,1.05
2026-06-24 08:00:00,44.06,100.0,26.35,20.51,46.19,43.23,4.67,1.27,29.73,1.84,3.92,NA,0.36,1.17,0.42,29.49,55.89,1.84,62.85,NA,NA,292.17,752.98,1.05
2026-06-24 09:00:00,45.77,108.9,31.23,19.59,48.43,46.33,4.73,1.55,31.7,1.87,4.0,NA,0.38,1.17,0.43,31.49,52.68,1.75,82.97,NA,NA,776.91,753.5,1.14
2026-06-24 10:00:00,42.67,103.62,27.2,20.38,45.83,42.24,3.22,2.25,30.48,1.74,5.05,NA,0.28,1.41,0.29,33.52,47.29,1.48,73.39,NA,NA,732.62,753.7,1.17
2026-06-24 11:00:00,39.03,96.47,26.65,21.71,31.36,42.57,1.11,1.55,30.73,1.14,3.32,NA,0.19,0.94,0.17,33.37,47.25,1.43,79.69,NA,NA,877.58,754.0,0.81
2026-06-24 12:00:00,57.13,100.16,20.92,19.39,30.23,45.23,3.39,0.33,70.8,3.71,4.41,NA,0.47,1.19,0.72,35.89,43.92,1.38,144.89,NA,NA,983.06,754.67,1.01
2026-06-24 13:00:00,60.63,97.19,16.56,19.3,35.83,39.33,3.84,0.96,70.75,3.72,6.23,NA,0.71,1.37,1.1,37.0,41.58,1.83,137.8,NA,NA,395.99,755.0,1.38
2026-06-24 14:00:00,61.49,94.48,20.51,18.73,36.24,37.23,5.88,0.47,73.65,3.78,6.52,NA,0.72,1.36,1.1,37.11,41.13,1.29,78.48,NA,NA,191.0,755.05,1.38
2026-06-24 15:00:00,46.52,92.79,17.47,20.03,25.43,41.83,6.0,0.65,76.48,3.75,6.4,NA,0.7,1.39,1.17,37.24,40.79,1.81,67.85,NA,NA,141.4,755.05,1.39
2026-06-24 16:00:00,50.52,101.28,20.76,20.25,29.0,45.27,7.27,0.57,74.72,2.74,9.23,NA,0.87,1.73,1.44,36.85,41.06,1.23,50.92,NA,NA,95.9,754.93,1.38
2026-06-24 17:00:00,48.46,104.21,19.35,19.99,27.34,47.02,6.7,0.51,76.6,3.01,9.43,NA,0.9,1.72,1.42,36.33,41.02,1.78,98.41,NA,NA,74.6,754.8,1.35
2026-06-24 18:00:00,47.22,105.36,19.23,19.32,26.55,51.6,6.83,0.76,72.96,3.85,11.39,NA,1.08,2.29,2.4,35.84,41.11,2.45,76.09,NA,NA,51.47,754.68,1.33
2026-06-24 19:00:00,48.55,100.24,19.81,19.41,27.09,53.97,7.61,0.71,66.62,4.0,11.57,NA,1.07,2.27,2.33,34.88,42.29,2.63,94.26,NA,NA,26.09,754.4,1.29
2026-06-24 20:00:00,52.36,103.39,16.73,19.53,24.24,57.22,7.92,0.88,60.45,3.95,11.5,NA,1.05,2.25,2.35,34.17,44.92,2.41,139.09,NA,NA,29.01,754.23,1.25
2026-06-24 21:00:00,53.31,115.56,18.3,19.46,28.24,52.22,7.5,0.88,57.84,4.16,11.71,NA,1.1,2.31,2.4,33.08,48.42,2.51,203.42,NA,NA,36.86,753.93,1.21
2026-06-24 22:00:00,55.21,125.96,17.55,19.12,24.67,54.87,6.57,1.17,50.58,3.68,9.78,NA,1.0,1.95,1.61,32.75,49.47,1.98,175.49,NA,NA,42.37,753.83,1.19
2026-06-24 23:00:00,60.39,145.57,19.8,20.92,28.36,49.44,6.4,0.73,49.28,3.08,7.45,NA,0.85,1.73,0.87,32.23,51.58,2.7,224.22,NA,NA,42.56,753.77,1.18
2026-06-25 00:00:00,64.29,135.47,14.46,17.86,19.88,NA,5.87,0.8,36.24,1.25,4.67,NA,0.36,0.6,0.56,32.11,51.64,2.59,224.33,NA,NA,40.2,753.7,1.16
2026-06-25 01:00:00,67.51,130.57,18.41,18.81,25.25,36.77,7.7,0.58,34.91,1.23,5.0,NA,0.33,0.58,0.58,31.86,51.38,2.39,209.33,NA,NA,44.54,753.6,1.15
2026-06-25 02:00:00,67.19,134.97,16.89,19.4,24.09,30.07,7.38,0.82,34.41,1.24,4.83,NA,0.36,0.58,0.55,31.63,51.86,2.08,317.82,NA,NA,53.54,753.55,1.14
2026-06-25 03:00:00,69.14,140.59,18.95,18.94,25.89,31.35,6.11,0.54,31.23,1.26,4.81,NA,0.31,0.57,0.58,30.42,55.67,1.91,54.55,NA,NA,38.64,753.2,1.09
2026-06-25 04:00:00,64.25,126.78,19.82,19.73,27.49,36.35,6.07,0.73,29.69,1.07,4.3,NA,0.42,0.84,0.68,29.22,59.2,2.07,72.71,NA,NA,41.53,752.9,1.04
2026-06-25 05:00:00,55.56,116.49,16.0,16.9,20.98,39.96,6.8,0.61,32.81,1.07,4.3,NA,0.41,0.87,0.7,28.98,59.31,1.96,83.87,NA,NA,57.78,752.8,1.03
2026-06-25 06:00:00,51.73,106.02,17.85,19.24,25.08,43.12,6.82,0.86,32.3,3.12,5.21,NA,0.86,2.12,1.23,29.92,57.99,1.88,66.87,NA,NA,175.21,753.08,1.07
2026-06-25 07:00:00,45.8,100.89,18.39,17.96,24.39,45.81,5.87,1.04,30.95,3.19,7.11,NA,0.85,2.09,1.21,31.66,54.97,1.81,54.52,NA,NA,377.78,753.55,1.15
2026-06-25 08:00:00,52.54,83.89,13.1,18.59,19.52,49.52,2.01,1.18,28.14,3.2,6.79,NA,0.84,2.14,1.19,33.1,52.48,1.58,65.16,NA,NA,612.15,753.93,1.21
2026-06-25 09:00:00,52.19,80.79,12.06,18.36,18.36,50.67,3.71,1.01,35.8,3.21,6.54,NA,0.87,2.11,1.2,33.63,51.3,1.29,126.04,NA,NA,629.81,754.08,1.23
2026-06-25 10:00:00,49.6,78.53,18.98,19.34,26.31,48.55,6.19,1.21,62.37,2.93,8.05,NA,0.79,2.39,1.09,35.12,47.74,1.41,165.78,NA,NA,802.76,754.48,1.3
2026-06-25 11:00:00,48.51,80.41,17.8,18.88,24.68,46.36,5.16,0.74,67.01,2.96,8.11,NA,0.77,2.39,1.02,36.35,45.29,1.04,224.64,NA,NA,660.42,754.8,1.35
2026-06-25 12:00:00,49.0,84.52,16.4,20.82,25.13,46.34,2.89,0.69,72.37,3.34,6.7,NA,0.74,1.92,1.08,36.82,44.64,1.46,101.31,NA,NA,647.07,754.95,1.37
2026-06-25 13:00:00,55.28,104.95,23.92,20.82,32.74,43.9,9.11,0.13,68.7,3.71,6.37,NA,0.71,1.42,1.09,37.01,44.6,1.56,80.6,NA,NA,446.84,755.0,1.38
2026-06-25 14:00:00,62.3,121.36,26.73,17.65,33.38,41.95,21.01,0.18,89.64,3.46,5.1,NA,0.7,1.44,1.16,36.78,45.5,2.3,62.21,NA,NA,299.01,754.9,1.37
2026-06-25 15:00:00,58.83,117.55,13.67,16.19,19.05,47.05,18.14,0.35,79.85,3.33,2.82,NA,0.72,1.38,1.2,36.81,45.37,2.23,51.6,NA,NA,278.68,754.93,1.37
2026-06-25 16:00:00,53.19,113.63,11.98,14.8,17.2,55.75,2.63,0.89,69.95,2.28,3.29,NA,0.9,1.8,1.4,36.9,43.21,2.51,70.46,NA,NA,121.56,754.95,1.38
2026-06-25 17:00:00,49.13,110.74,12.62,18.31,19.69,51.37,2.85,0.64,55.86,2.41,4.55,NA,0.88,1.76,1.4,36.48,42.44,2.18,73.71,NA,NA,65.37,754.85,1.36
2026-06-25 18:00:00,52.29,105.25,18.71,20.58,27.3,51.05,4.42,0.73,40.64,3.51,6.58,NA,1.08,2.27,2.37,35.34,45.17,2.67,71.45,NA,NA,42.22,754.55,1.31
2026-06-25 19:00:00,55.02,105.95,16.58,19.21,23.65,53.15,5.18,0.99,36.29,3.47,6.74,NA,1.07,2.25,2.41,34.2,47.52,2.33,83.92,NA,NA,45.1,754.4,1.29
2026-06-25 20:00:00,57.26,108.9,20.27,18.79,26.82,57.4,8.21,1.14,34.26,3.39,6.71,NA,1.06,2.24,2.41,34.14,48.39,2.82,220.06,NA,NA,49.38,754.2,1.26
2026-06-25 21:00:00,67.75,127.65,19.32,19.52,26.81,51.54,4.58,1.2,28.82,3.51,6.68,NA,1.08,2.22,2.42,33.61,50.06,2.55,282.97,NA,NA,36.66,754.08,1.23
2026-06-25 22:00:00,70.76,138.1,14.86,20.84,23.45,55.84,4.98,1.24,26.42,2.36,4.01,NA,0.86,1.72,0.88,32.91,50.84,2.47,306.7,NA,NA,30.77,753.9,1.2
2026-06-25 23:00:00,86.95,143.38,17.26,20.45,24.05,46.57,5.02,1.29,25.49,2.38,2.63,NA,0.86,1.73,0.92,32.22,52.6,2.69,337.24,NA,NA,33.42,753.7,1.17
2026-06-26 00:00:00,77.3,144.21,16.55,16.31,23.02,NA,10.41,1.23,29.14,0.38,NA,NA,0.29,0.62,0.57,31.58,53.61,2.64,353.7,NA,NA,44.04,753.53,1.14
2026-06-26 01:00:00,75.34,123.74,12.81,15.73,18.94,36.86,5.56,0.96,25.92,0.4,NA,NA,0.33,0.57,0.56,31.78,54.04,2.5,350.38,NA,NA,54.01,753.58,1.15
2026-06-26 02:00:00,69.0,120.97,11.22,15.86,16.99,33.64,5.61,1.07,25.32,0.39,NA,NA,0.34,0.59,0.63,31.5,55.04,2.43,319.37,NA,NA,52.71,753.5,1.14
2026-06-26 03:00:00,54.55,108.47,13.44,15.83,19.68,31.67,7.22,0.86,23.86,0.43,0.05,NA,0.34,0.6,0.6,30.36,58.8,2.53,290.9,NA,NA,52.64,753.2,1.09
2026-06-26 04:00:00,52.4,109.35,16.88,16.3,23.57,35.84,8.32,0.98,22.48,0.24,NA,NA,0.39,0.87,0.7,30.07,60.04,2.5,289.17,NA,NA,52.05,753.1,1.07
2026-06-26 05:00:00,53.86,105.17,12.64,16.64,19.59,37.13,8.35,0.99,22.72,0.24,NA,NA,0.43,0.87,0.69,30.08,60.43,2.45,285.32,NA,NA,62.36,753.13,1.08
2026-06-26 06:00:00,66.37,104.01,14.11,15.14,19.47,41.64,8.88,1.38,27.12,2.48,1.99,NA,0.85,2.17,1.25,30.12,60.83,2.23,218.69,NA,NA,168.53,753.13,1.08
2026-06-26 07:00:00,84.57,113.12,10.3,16.85,17.36,46.23,8.1,1.0,26.0,2.42,1.83,NA,0.85,2.11,1.25,31.9,57.1,2.2,232.85,NA,NA,342.63,753.6,1.16
2026-06-26 08:00:00,75.12,119.64,15.04,17.92,23.02,50.68,4.84,1.45,27.76,2.64,2.18,NA,0.87,2.16,1.23,32.66,55.88,1.84,269.68,NA,NA,502.66,753.83,1.19
2026-06-26 09:00:00,80.03,124.33,16.16,20.94,25.1,64.73,5.15,1.46,38.28,2.58,5.78,NA,0.84,2.16,1.21,33.7,53.48,1.96,295.62,NA,NA,697.41,754.1,1.23
2026-06-26 10:00:00,56.44,122.14,16.02,20.1,24.12,60.54,3.01,1.53,40.16,2.45,6.9,NA,0.8,2.4,1.01,35.05,50.07,1.93,252.32,NA,NA,824.32,754.48,1.3
2026-06-26 11:00:00,57.97,117.64,12.62,19.93,20.62,56.91,3.78,1.32,45.74,2.32,7.25,NA,0.76,2.41,1.04,35.61,48.79,1.27,258.23,NA,NA,875.43,754.63,1.32
2026-06-26 12:00:00,68.22,108.79,15.1,18.14,22.44,48.81,5.56,0.87,65.79,2.62,5.3,NA,0.69,1.4,1.16,37.1,45.1,1.94,256.15,NA,NA,781.2,755.0,1.39
2026-06-26 13:00:00,58.31,106.1,12.7,18.71,20.56,39.96,6.36,0.93,73.74,3.03,5.17,NA,0.72,1.37,1.11,38.27,42.64,1.66,88.62,NA,NA,298.69,755.35,1.44
2026-06-26 14:00:00,59.77,106.85,14.32,18.81,19.06,39.29,7.39,0.98,78.05,3.05,4.9,NA,0.7,1.38,1.09,38.49,41.68,1.31,210.86,NA,NA,234.82,755.4,1.45
2026-06-26 15:00:00,60.92,99.66,15.22,18.71,23.25,41.19,6.15,0.57,78.73,2.98,5.3,NA,0.73,1.41,1.1,38.26,39.57,1.79,191.67,NA,NA,188.95,754.23,1.26
2026-06-26 16:00:00,47.3,99.69,16.25,17.4,22.63,47.7,8.05,0.57,76.3,2.02,8.72,NA,0.87,1.71,1.45,37.88,41.69,1.86,179.19,NA,NA,146.13,755.2,1.42
2026-06-26 17:00:00,53.03,103.86,14.95,16.81,20.77,50.69,8.03,0.94,74.78,1.98,8.62,NA,0.9,1.7,1.4,37.43,42.5,2.14,231.96,NA,NA,105.4,755.1,1.4
2026-06-26 18:00:00,61.45,102.19,18.48,19.34,25.42,53.67,7.56,1.01,65.67,2.96,9.71,NA,1.01,2.16,2.13,36.74,44.25,2.2,210.2,NA,NA,58.34,754.93,1.37
2026-06-26 19:00:00,61.29,102.13,20.38,24.91,30.51,57.09,5.88,0.82,55.39,3.3,11.0,NA,1.08,2.27,2.43,36.0,45.62,2.39,71.75,NA,NA,46.04,754.75,1.34
2026-06-26 20:00:00,58.97,110.74,28.69,27.93,39.82,61.14,6.74,0.75,45.98,3.5,10.82,NA,1.09,2.26,2.33,34.35,44.78,2.72,46.27,NA,NA,38.55,752.4,1.17
2026-06-26 21:00:00,64.4,127.23,23.79,27.45,36.08,57.79,6.45,0.75,45.99,3.15,10.82,NA,1.1,2.26,2.4,34.01,49.14,2.66,55.88,NA,NA,42.33,754.15,1.05
2026-06-26 22:00:00,74.75,126.1,25.23,25.24,34.88,58.78,7.38,0.78,42.23,2.37,6.44,NA,0.87,1.71,0.91,33.73,49.01,2.39,119.27,NA,NA,45.43,754.1,1.24
2026-06-26 23:00:00,70.06,123.82,28.54,24.42,37.77,44.46,6.92,0.8,43.65,1.98,6.69,NA,0.86,1.7,0.9,33.7,48.71,2.71,166.96,NA,NA,44.4,754.1,1.24
2026-06-27 00:00:00,77.94,124.51,15.18,18.26,20.98,NA,6.88,0.9,32.42,0.21,3.6,NA,0.36,0.55,0.56,31.76,52.22,2.16,92.75,NA,NA,56.23,752.35,0.95
2026-06-27 01:00:00,72.45,117.35,15.6,20.2,23.77,31.19,6.3,1.0,41.71,0.2,3.25,NA,0.42,0.58,0.58,29.47,58.83,1.76,180.75,NA,NA,60.07,752.95,1.05
2026-06-27 02:00:00,59.02,103.6,19.85,17.93,25.61,23.79,7.14,0.92,37.9,0.2,3.32,NA,0.29,0.59,0.66,28.49,64.71,1.99,231.39,NA,NA,58.02,752.7,1.01
2026-06-27 03:00:00,53.6,96.38,20.02,16.97,24.67,25.01,7.5,0.77,36.17,0.2,3.39,NA,0.32,0.59,0.64,28.28,65.8,1.92,243.64,NA,NA,53.78,752.63,1.0
2026-06-27 04:00:00,46.66,79.81,22.74,19.62,30.36,27.81,7.8,0.91,37.65,0.12,2.98,NA,0.37,0.72,0.7,28.55,64.15,1.76,259.48,NA,NA,52.42,752.7,1.01
2026-06-27 05:00:00,43.15,66.31,18.11,17.81,23.8,33.04,6.79,0.93,36.43,0.06,2.61,NA,0.42,0.87,0.7,28.29,65.21,1.85,251.22,NA,NA,59.88,752.63,1.0
2026-06-27 06:00:00,38.35,52.88,17.46,20.3,25.62,37.09,5.57,1.25,32.86,2.39,5.98,NA,0.87,2.08,1.22,27.51,69.69,1.95,230.73,NA,NA,161.76,752.4,0.96
2026-06-27 07:00:00,39.18,51.74,17.35,19.53,24.52,39.82,5.77,1.24,33.71,2.46,5.87,NA,0.86,2.13,1.24,28.19,66.86,1.92,240.02,NA,NA,237.59,752.6,0.99
2026-06-27 08:00:00,51.58,55.98,15.68,18.2,21.74,45.63,4.05,1.68,33.31,2.44,5.93,NA,0.86,2.11,1.17,30.45,61.22,2.09,249.93,NA,NA,509.68,753.23,1.09
2026-06-27 09:00:00,57.83,68.7,19.35,19.52,26.87,48.36,6.87,1.28,32.33,2.48,5.58,NA,0.84,2.14,1.19,32.92,55.79,1.68,315.71,NA,NA,676.57,753.9,1.2
2026-06-27 10:00:00,57.83,70.12,18.82,21.39,27.55,48.58,5.92,1.68,38.32,2.54,6.26,NA,0.79,2.41,1.05,34.72,53.94,1.2,248.49,NA,NA,742.17,754.13,1.24
2026-06-27 11:00:00,61.59,67.4,23.72,24.67,33.81,52.33,7.41,0.81,53.04,3.16,6.89,NA,0.81,2.4,1.03,35.29,50.53,1.62,224.35,NA,NA,893.43,754.5,1.31
2026-06-27 12:00:00,58.3,84.09,19.81,22.46,28.87,57.25,7.29,1.06,75.79,3.93,5.53,NA,0.75,1.65,1.06,36.19,48.67,2.16,250.41,NA,NA,839.38,754.75,1.35
2026-06-27 13:00:00,51.72,102.25,14.66,19.95,22.58,56.71,6.36,0.56,99.99,4.19,4.85,NA,0.72,1.45,1.12,37.45,46.65,1.64,266.27,NA,NA,396.65,755.1,1.4
2026-06-27 14:00:00,56.33,104.77,16.47,19.52,23.96,55.03,6.4,0.61,102.72,4.23,5.14,NA,0.7,1.45,1.14,37.08,47.02,1.68,270.93,NA,NA,251.85,755.0,1.39
2026-06-27 15:00:00,61.87,110.78,15.52,20.61,24.07,55.14,5.94,0.97,105.72,4.29,5.01,NA,0.72,1.42,1.06,37.15,46.77,2.02,216.02,NA,NA,194.22,755.03,1.39
2026-06-27 16:00:00,57.01,117.57,17.57,19.09,24.52,61.19,3.72,1.08,113.02,3.27,8.68,NA,0.89,1.72,1.36,37.67,45.07,0.99,223.29,NA,NA,128.61,755.2,1.41
2026-06-27 17:00:00,62.29,114.63,16.44,20.32,24.63,66.72,6.98,1.07,116.38,3.11,8.96,NA,0.9,1.67,1.43,36.91,46.2,2.57,202.52,NA,NA,86.73,754.95,1.38
2026-06-27 18:00:00,71.95,121.85,17.85,21.73,26.45,69.03,8.64,0.82,103.24,4.67,10.64,NA,1.06,2.29,2.36,36.15,47.8,2.5,194.74,NA,NA,47.37,754.75,1.34
2026-06-27 19:00:00,67.58,121.85,23.64,26.76,33.9,69.85,8.56,0.68,82.61,4.36,10.85,NA,1.08,2.25,2.37,35.73,49.28,2.62,204.39,NA,NA,45.07,754.65,1.33
2026-06-27 20:00:00,62.04,126.44,23.2,27.93,32.84,72.32,9.13,0.41,69.0,4.73,11.39,NA,1.06,2.29,2.33,34.97,51.75,2.89,223.46,NA,NA,42.64,754.43,1.29
2026-06-27 21:00:00,63.16,135.7,34.36,26.31,43.72,58.8,7.57,1.05,53.0,4.21,10.59,NA,1.04,2.23,2.37,34.69,52.58,2.4,253.88,NA,NA,43.74,754.35,1.28
2026-06-27 22:00:00,69.93,149.63,26.13,24.79,35.87,61.88,7.86,0.88,36.24,3.37,7.91,NA,0.89,1.72,0.87,31.12,42.49,1.85,188.49,NA,NA,26.39,746.82,0.06
2026-06-27 23:00:00,72.78,196.4,24.65,19.85,29.84,40.47,2.59,0.9,34.68,3.45,6.62,NA,0.86,1.68,0.85,30.95,61.59,2.48,228.85,NA,NA,NA,753.35,1.12
2026-06-28 00:00:00,60.64,136.79,19.18,18.26,25.28,NA,0.71,1.11,29.49,1.4,3.5,NA,0.35,0.58,0.58,31.21,60.39,1.61,151.46,NA,NA,67.54,753.43,1.12
2026-06-28 01:00:00,65.24,122.0,20.01,17.86,25.86,36.94,6.48,0.95,27.18,1.38,3.33,NA,0.36,0.61,0.55,30.08,62.82,1.87,178.83,NA,NA,53.81,753.15,1.08
2026-06-28 02:00:00,48.94,104.13,18.41,17.43,23.69,30.17,6.59,1.32,31.02,1.4,3.33,NA,0.39,0.55,0.57,29.49,63.67,1.81,193.31,NA,NA,59.59,752.95,1.05
2026-06-28 03:00:00,45.81,100.43,14.82,18.74,21.4,30.78,6.44,0.52,28.25,1.41,3.19,NA,0.34,0.59,0.6,28.95,65.87,1.76,174.92,NA,NA,63.77,752.83,1.03
2026-06-28 04:00:00,46.28,91.48,17.89,17.34,23.13,35.89,6.62,0.64,27.61,1.28,3.06,NA,0.41,0.79,0.67,27.92,71.4,1.83,197.72,NA,NA,64.69,752.53,0.98
2026-06-28 05:00:00,52.36,86.28,17.77,17.91,23.41,41.02,5.86,1.28,24.85,1.21,2.63,NA,0.42,0.86,0.72,27.34,73.66,1.91,226.34,NA,NA,75.78,752.38,0.96
2026-06-28 06:00:00,48.11,76.92,17.79,17.88,23.26,42.89,5.08,1.54,23.91,3.51,5.53,NA,0.85,2.16,1.22,27.08,76.72,1.55,276.63,NA,NA,96.37,752.3,0.94
2026-06-28 07:00:00,49.38,74.25,20.91,17.99,26.89,44.28,4.83,1.34,24.57,3.49,5.62,NA,0.84,2.15,1.21,27.03,77.44,1.67,267.84,NA,NA,127.59,752.28,0.94
2026-06-28 08:00:00,59.0,65.1,15.34,19.22,21.83,51.09,4.03,1.32,24.97,3.74,5.51,NA,0.88,2.14,1.23,28.02,78.29,1.43,299.97,NA,NA,399.11,752.55,0.99
2026-06-28 09:00:00,NA,NA,20.56,24.54,28.85,66.86,5.98,1.11,36.05,3.97,7.78,NA,0.94,2.33,1.32,30.84,66.8,1.54,331.71,NA,NA,643.79,753.33,1.11
2026-06-28 10:00:00,53.29,61.03,21.83,26.1,32.33,59.23,3.69,0.86,60.58,3.7,9.15,NA,0.85,2.68,1.22,32.8,58.48,1.59,109.94,NA,NA,826.33,753.85,1.19
2026-06-28 11:00:00,39.79,63.36,21.76,24.94,30.79,56.95,4.98,1.42,73.27,3.79,9.25,NA,0.89,2.66,1.17,34.21,54.85,1.69,130.2,NA,NA,890.31,754.23,1.26
2026-06-28 12:00:00,42.72,62.79,19.5,26.31,29.97,57.33,2.31,1.72,74.42,4.6,6.97,NA,0.8,1.6,1.23,34.55,53.64,0.81,178.25,NA,NA,772.31,754.33,1.27
2026-06-28 13:00:00,47.28,71.17,21.19,26.46,32.04,51.79,5.38,0.72,77.46,4.67,7.26,NA,0.81,1.52,1.28,35.63,51.84,1.84,126.69,NA,NA,426.93,754.6,1.32
2026-06-28 14:00:00,50.3,64.52,20.96,25.98,31.07,48.16,5.55,0.87,77.6,4.61,7.08,NA,0.81,1.61,1.27,35.69,52.16,1.4,228.78,NA,NA,250.3,754.63,1.32
2026-06-28 15:00:00,48.1,69.21,18.87,20.62,26.83,49.93,6.63,1.14,77.62,4.68,7.19,NA,0.78,1.55,1.2,35.71,52.21,1.58,309.42,NA,NA,224.67,754.63,1.33
2026-06-28 16:00:00,50.44,77.09,16.77,20.86,25.62,55.84,5.43,1.36,78.75,3.5,10.66,NA,0.96,1.87,1.59,35.64,52.73,1.57,225.59,NA,NA,159.41,754.6,1.32
2026-06-28 17:00:00,52.27,80.31,19.05,20.95,27.93,59.86,6.27,0.88,75.93,3.6,10.81,NA,0.95,1.89,1.56,35.72,52.04,1.66,162.57,NA,NA,113.4,754.63,1.33
2026-06-28 18:00:00,54.62,78.92,21.86,23.04,31.4,64.66,7.19,0.84,69.56,4.23,12.09,NA,1.08,2.16,2.09,35.3,52.07,2.42,310.71,NA,NA,70.3,754.48,1.3
2026-06-28 19:00:00,56.04,84.52,22.34,24.47,31.55,70.83,7.69,0.97,61.08,5.09,12.76,NA,1.21,2.51,2.66,34.19,57.84,2.28,265.31,NA,NA,42.66,754.1,1.23
2026-06-28 20:00:00,52.14,97.09,18.31,28.27,28.3,77.26,3.83,1.72,49.6,4.89,12.96,NA,1.17,2.54,2.64,32.7,62.49,1.96,259.86,NA,NA,47.66,753.8,1.2
2026-06-28 21:00:00,47.67,93.12,24.74,28.65,35.35,70.57,8.71,1.12,44.3,4.78,12.71,NA,1.17,2.56,2.67,32.42,62.22,1.92,262.39,NA,NA,49.07,753.73,1.18
2026-06-28 22:00:00,51.06,93.27,27.76,31.62,41.37,73.7,9.1,1.13,36.6,3.71,8.8,NA,0.95,1.88,0.95,32.48,60.19,1.95,287.27,NA,NA,50.23,753.78,1.18
2026-06-28 23:00:00,57.96,87.86,22.68,27.26,34.85,57.39,9.53,0.91,33.4,3.81,8.69,NA,0.97,1.84,0.98,32.39,58.65,2.04,296.42,NA,NA,56.13,753.73,1.18
2026-06-29 00:00:00,57.88,74.12,17.27,20.08,25.28,NA,10.59,0.92,32.97,1.52,5.27,NA,0.45,0.63,0.65,31.79,60.79,1.95,269.32,NA,NA,62.28,753.58,1.15
2026-06-29 01:00:00,55.36,71.57,16.74,17.63,22.36,42.06,5.62,0.96,35.46,1.54,5.3,NA,0.38,0.64,0.69,31.07,66.13,1.95,262.81,NA,NA,51.96,753.4,1.12
2026-06-29 02:00:00,41.89,67.99,17.22,19.25,24.21,34.93,5.95,1.04,32.69,1.56,5.4,NA,0.4,0.63,0.66,30.34,69.57,1.87,266.61,NA,NA,52.04,753.18,1.09
2026-06-29 03:00:00,54.56,72.73,17.31,21.0,26.18,36.85,8.24,0.61,33.17,1.57,5.29,NA,0.37,0.67,0.63,30.04,68.73,1.89,265.67,NA,NA,55.43,753.1,1.07
2026-06-29 04:00:00,52.44,78.41,18.03,19.99,25.68,41.92,8.8,0.7,33.21,1.35,4.41,NA,0.44,0.95,0.79,29.58,70.78,1.79,233.05,NA,NA,61.96,752.98,1.06
2026-06-29 05:00:00,46.88,75.95,19.22,19.14,26.36,44.13,7.86,1.25,38.22,1.33,4.63,NA,0.45,0.97,0.78,25.64,89.17,1.57,203.23,NA,NA,76.0,751.93,0.88
2026-06-29 06:00:00,45.59,74.67,18.28,18.46,24.44,46.15,7.67,1.28,40.98,2.73,6.04,NA,0.72,1.65,1.07,25.24,93.41,1.65,204.61,NA,NA,72.58,751.83,0.86
2026-06-29 07:00:00,41.21,56.81,18.84,17.75,24.42,51.0,6.39,1.39,39.39,3.93,7.46,NA,0.95,2.4,1.33,26.07,95.12,1.9,228.87,NA,NA,125.63,752.0,0.9
2026-06-29 08:00:00,39.48,52.74,19.19,19.72,26.87,54.45,5.47,1.72,43.31,3.95,7.84,NA,0.93,2.36,1.34,26.77,94.96,1.93,233.5,NA,NA,403.66,752.23,0.93
2026-06-29 09:00:00,38.71,51.29,17.42,24.48,26.72,49.88,5.01,1.34,47.79,4.02,7.54,NA,0.92,2.39,1.33,28.09,89.63,1.89,242.42,NA,NA,583.92,752.55,1.01
2026-06-29 10:00:00,37.5,51.33,18.04,24.94,27.63,44.94,3.84,1.53,49.19,3.7,9.06,NA,0.88,2.61,1.18,29.33,73.56,1.92,235.6,NA,NA,571.14,752.93,1.04
2026-06-29 11:00:00,38.71,52.64,20.95,25.87,32.42,44.58,2.9,1.48,50.57,3.65,9.06,NA,0.87,2.64,1.16,30.46,69.1,2.05,236.13,NA,NA,790.04,753.25,1.09
2026-06-29 12:00:00,40.81,58.66,16.33,21.51,25.23,47.36,4.29,0.92,59.63,4.32,7.69,NA,0.79,1.83,1.19,32.39,63.68,1.86,253.93,NA,NA,706.4,753.75,1.17
2026-06-29 13:00:00,21.13,70.95,11.5,18.67,19.0,46.8,5.68,0.96,76.92,4.69,7.38,NA,0.83,1.5,1.29,33.57,58.51,2.08,250.97,NA,NA,493.81,753.0,1.06
2026-06-29 14:00:00,19.86,73.89,13.32,17.77,20.18,44.67,6.26,0.91,80.52,4.7,7.04,NA,0.77,1.55,1.31,34.47,59.47,1.82,238.2,NA,NA,323.48,754.28,1.26
2026-06-29 15:00:00,24.84,73.96,12.77,18.08,20.22,41.47,6.9,0.66,82.74,4.5,7.01,NA,0.72,1.54,1.22,35.43,55.7,2.01,185.42,NA,NA,263.32,754.58,1.31
2026-06-29 16:00:00,26.08,84.76,15.51,16.9,22.56,43.41,8.73,0.66,83.27,2.95,8.25,NA,0.67,1.67,1.27,36.04,53.52,1.48,100.28,NA,NA,176.51,754.73,1.34
2026-06-29 17:00:00,30.5,91.22,14.82,19.06,23.04,45.86,10.14,0.59,75.33,2.33,8.73,NA,0.69,1.62,1.35,35.24,56.36,1.5,161.34,NA,NA,134.59,754.5,1.3
2026-06-29 18:00:00,28.77,93.59,19.72,23.58,29.04,53.87,11.48,0.48,56.56,3.57,10.85,NA,0.89,2.22,2.33,33.27,61.93,2.23,196.77,NA,NA,68.67,753.95,1.22
2026-06-29 19:00:00,22.44,93.45,26.81,26.65,36.67,59.75,5.45,0.79,48.4,3.68,11.27,NA,0.9,2.14,2.34,31.73,67.99,2.22,207.04,NA,NA,50.2,753.68,1.15
2026-06-29 20:00:00,25.68,100.32,23.23,26.64,32.29,64.77,5.94,0.83,46.64,3.56,11.08,NA,0.89,2.21,2.23,30.98,71.31,2.24,214.36,NA,NA,53.18,753.35,1.12
2026-06-29 21:00:00,23.97,95.89,19.94,27.45,29.22,61.58,6.07,0.85,33.18,3.71,11.4,NA,0.91,2.2,2.31,30.65,71.71,2.24,225.15,NA,NA,56.5,753.28,1.1
2026-06-29 22:00:00,34.08,77.25,22.12,30.58,33.96,60.25,3.07,1.09,24.31,2.48,6.5,NA,0.71,1.73,1.12,30.53,70.5,2.08,241.99,NA,NA,57.44,753.23,1.1
2026-06-29 23:00:00,32.97,80.77,24.55,28.18,35.88,50.07,5.2,0.63,23.4,2.49,6.62,NA,0.63,1.59,0.7,30.39,69.89,2.13,233.73,NA,NA,59.42,753.2,1.09
2026-06-30 00:00:00,30.78,72.16,16.84,19.07,23.83,NA,8.04,0.79,21.28,0.28,3.41,NA,0.08,0.36,0.37,29.56,72.3,1.87,250.63,NA,NA,60.23,753.0,1.05
2026-06-30 01:00:00,18.04,69.05,18.11,20.82,26.73,41.64,7.0,1.02,20.76,0.25,3.39,NA,0.07,0.38,0.38,29.25,67.6,1.76,280.74,NA,NA,54.86,752.88,1.04
2026-06-30 02:00:00,23.01,58.46,17.05,19.66,24.59,32.91,7.12,1.1,22.22,0.27,3.13,NA,0.11,0.39,0.36,29.13,61.03,1.95,266.6,NA,NA,55.42,752.85,1.04
2026-06-30 03:00:00,14.88,54.37,19.62,19.72,27.34,35.2,6.54,0.52,21.96,0.23,3.4,NA,0.08,0.36,0.36,28.56,63.07,1.88,255.98,NA,NA,54.77,752.7,1.01
2026-06-30 04:00:00,23.13,51.38,17.05,20.09,25.14,41.39,6.64,0.64,22.76,0.1,2.83,NA,0.16,0.62,0.46,28.4,64.69,1.75,217.06,NA,NA,63.86,752.65,1.0
2026-06-30 05:00:00,13.04,57.64,17.26,20.01,25.24,45.07,5.0,0.6,22.2,0.04,2.74,NA,0.14,0.69,0.48,27.87,68.06,1.76,269.07,NA,NA,69.54,752.53,0.98
2026-06-30 06:00:00,12.48,55.65,16.78,20.1,24.82,46.47,4.72,0.55,22.5,1.38,4.26,NA,0.39,1.38,0.75,27.65,71.18,1.84,255.74,NA,NA,88.59,752.48,0.97
2026-06-30 07:00:00,12.38,57.58,16.99,18.23,23.22,52.03,5.98,1.16,19.78,2.58,5.03,NA,0.64,2.1,1.06,27.0,77.89,1.88,229.53,NA,NA,147.87,752.25,0.94
2026-06-30 08:00:00,19.95,54.44,20.18,18.87,26.79,55.77,5.66,1.25,22.0,2.72,5.45,NA,0.67,1.99,1.02,26.98,75.79,1.97,264.37,NA,NA,140.3,752.28,0.94
2026-06-30 09:00:00,25.79,57.89,19.26,24.03,27.35,57.69,5.59,0.64,26.37,2.68,5.79,NA,0.66,2.04,1.02,27.33,75.41,1.79,162.38,NA,NA,168.02,752.38,0.96
2026-06-30 10:00:00,33.92,62.41,24.7,23.21,32.03,58.09,4.76,0.65,36.44,2.48,6.38,NA,0.61,2.22,0.94,27.21,76.7,1.61,79.6,NA,NA,229.45,752.4,0.96
2026-06-30 11:00:00,33.66,58.95,24.34,27.2,35.57,58.48,5.25,1.13,54.5,2.29,6.96,NA,0.55,2.36,0.85,27.15,77.89,1.17,161.94,NA,NA,348.27,752.32,0.95
2026-06-30 12:00:00,27.27,59.95,19.44,23.62,28.26,58.13,3.26,1.26,62.48,2.99,5.46,NA,0.52,1.54,0.97,27.56,75.22,1.63,187.78,NA,NA,282.35,752.45,0.96
2026-06-30 13:00:00,NA,10.6,18.08,24.25,27.8,53.95,2.99,1.3,60.88,3.36,5.08,NA,0.49,1.27,0.97,27.97,74.36,1.34,157.69,NA,NA,233.11,752.53,0.98
2026-06-30 14:00:00,11.95,12.25,31.47,26.45,43.33,48.73,NA,1.01,61.9,3.32,5.15,NA,0.51,1.26,0.96,28.09,74.02,1.05,146.48,NA,NA,230.31,752.6,0.99
2026-06-30 15:00:00,33.74,43.98,15.93,20.76,25.65,57.67,6.55,1.04,59.04,3.39,5.1,NA,0.49,1.27,0.91,28.3,70.42,1.26,164.48,NA,NA,240.16,752.65,1.0
2026-06-30 16:00:00,25.26,45.14,18.7,19.24,25.93,60.68,5.93,1.17,63.97,2.59,7.53,NA,0.66,1.53,1.18,28.65,69.31,1.23,120.02,NA,NA,212.82,752.73,1.01
2026-06-30 17:00:00,19.43,45.13,16.81,19.68,27.72,59.85,5.96,1.1,56.99,2.49,8.84,NA,0.71,1.63,1.27,27.98,62.44,1.73,185.43,NA,NA,133.45,750.03,0.55
2026-06-30 18:00:00,12.92,43.48,25.83,26.69,35.81,56.46,6.88,1.04,47.46,3.23,10.71,NA,0.76,2.04,2.12,27.87,71.45,1.71,167.49,NA,NA,93.24,752.43,0.96
2026-06-30 19:00:00,10.09,43.03,26.26,24.45,34.83,62.2,5.09,0.79,44.31,3.8,11.23,NA,0.89,2.22,2.43,27.91,72.64,1.72,184.67,NA,NA,53.81,752.48,0.97
2026-06-30 20:00:00,10.79,43.05,26.62,24.76,35.25,63.93,4.88,0.82,34.87,3.59,11.24,NA,0.93,2.25,2.34,27.49,73.49,2.14,203.68,NA,NA,58.22,752.4,0.96
2026-06-30 21:00:00,12.82,40.27,21.99,24.87,29.86,60.77,5.73,0.74,25.0,3.72,11.09,NA,0.88,2.28,2.38,27.47,74.04,2.2,213.56,NA,NA,61.49,752.43,0.96
2026-06-30 22:00:00,15.06,43.77,20.3,25.94,29.26,64.88,5.06,0.07,21.57,2.48,6.97,NA,0.66,1.7,1.07,27.36,77.36,1.97,209.46,NA,NA,68.07,752.35,0.95
2026-06-30 23:00:00,19.29,48.68,21.33,19.78,29.11,43.52,7.05,0.06,22.85,2.4,6.46,NA,0.7,1.56,0.66,26.93,80.21,1.87,200.65,NA,NA,73.54,752.3,0.94
2026-07-01 00:00:00,28.91,55.03,17.28,18.83,24.07,NA,6.18,0.04,22.53,0.25,3.11,NA,0.05,0.36,0.36,26.72,88.78,1.93,205.26,NA,NA,76.51,752.2,0.93
2026-07-01 01:00:00,24.55,51.68,18.29,19.61,25.9,41.52,5.83,0.09,21.72,0.25,3.46,NA,0.08,0.33,0.34,26.68,94.89,2.01,208.7,NA,NA,77.22,752.2,0.93
2026-07-01 02:00:00,20.26,52.12,19.28,18.77,25.82,34.45,6.18,0.09,21.88,0.25,3.51,NA,0.07,0.38,0.34,26.76,94.91,2.02,201.05,NA,NA,75.08,752.2,0.93
2026-07-01 03:00:00,26.65,53.34,22.29,18.66,28.93,35.81,5.03,0.06,21.19,0.26,3.46,NA,0.08,0.37,0.34,26.57,95.05,2.0,202.87,NA,NA,70.92,752.18,0.92
2026-07-01 04:00:00,30.96,57.92,17.85,20.31,26.16,40.72,5.0,0.08,22.09,0.06,2.42,NA,0.17,0.69,0.47,26.54,95.12,1.91,206.08,NA,NA,78.44,752.18,0.92
2026-07-01 05:00:00,31.31,59.54,18.25,19.84,26.13,42.11,5.73,0.06,21.82,0.03,2.51,NA,0.17,0.66,0.46,26.5,95.11,1.91,217.0,NA,NA,81.89,752.15,0.92
2026-07-01 06:00:00,29.1,57.54,20.33,18.35,26.5,45.42,6.55,0.05,21.63,2.66,4.79,NA,0.52,1.7,0.89,26.35,95.21,1.96,221.79,NA,NA,108.76,752.13,0.92
2026-07-01 07:00:00,22.94,58.99,16.64,18.66,23.03,50.3,5.14,0.05,23.11,2.73,5.47,NA,0.64,2.03,1.06,26.65,95.14,1.94,225.33,NA,NA,174.82,752.2,0.93
2026-07-01 08:00:00,35.83,60.29,31.06,19.26,38.19,55.52,7.08,0.05,25.11,2.7,6.06,NA,0.66,2.06,1.04,26.28,64.22,1.85,228.04,NA,NA,349.66,745.28,-0.2
2026-07-01 09:00:00,35.24,69.75,10.32,16.29,14.26,58.72,2.1,0.07,25.53,2.61,5.96,NA,0.63,2.11,1.03,28.8,78.67,2.0,234.73,NA,NA,503.6,752.78,1.02
2026-07-01 10:00:00,34.2,82.78,15.34,20.61,22.12,55.39,0.13,0.07,27.29,2.62,6.15,NA,0.54,2.18,0.86,28.95,74.4,2.0,223.92,NA,NA,350.07,752.8,1.03
2026-07-01 11:00:00,41.46,94.53,19.44,22.23,27.08,53.43,1.0,0.07,42.41,2.77,4.98,NA,0.5,2.1,0.73,29.36,73.22,1.91,227.24,NA,NA,379.18,752.9,1.05
2026-07-01 12:00:00,41.28,106.73,20.45,21.55,28.48,52.86,1.0,0.08,48.26,3.64,3.58,NA,0.45,1.33,0.83,30.41,70.39,1.9,263.48,NA,NA,430.89,753.2,1.09
2026-07-01 13:00:00,33.74,117.18,16.13,18.65,22.4,48.53,4.69,0.07,54.2,3.73,3.17,NA,0.41,1.13,0.82,30.18,71.01,1.7,239.14,NA,NA,305.52,753.15,1.08
2026-07-01 14:00:00,35.48,106.42,15.26,19.37,22.51,46.41,4.48,0.07,53.06,3.8,2.88,NA,0.43,1.12,0.84,29.15,73.22,1.71,132.48,NA,NA,272.07,752.88,1.04
2026-07-01 15:00:00,32.48,96.58,15.11,18.55,21.56,47.83,5.39,0.07,51.95,3.75,3.1,NA,0.41,1.13,0.84,28.16,79.76,1.3,96.05,NA,NA,159.27,752.6,0.99
2026-07-01 16:00:00,17.63,82.4,17.45,20.0,25.36,53.27,8.12,0.07,55.94,3.08,5.58,NA,0.55,1.35,1.02,26.69,94.85,1.35,177.9,NA,NA,50.52,752.2,0.93
2026-07-01 17:00:00,13.74,77.66,21.43,18.5,27.7,56.72,8.04,0.07,55.43,2.92,6.45,NA,0.58,1.5,1.06,26.59,94.93,1.45,177.89,NA,NA,64.28,751.6,0.83
2026-07-01 18:00:00,13.79,71.97,16.6,18.25,22.9,58.94,7.0,0.05,57.62,3.52,7.88,NA,0.68,1.67,1.61,26.67,92.59,1.94,200.3,NA,NA,89.18,751.63,0.83
2026-07-01 19:00:00,16.47,67.31,18.05,19.31,25.34,63.17,6.66,0.06,47.61,4.32,9.26,NA,0.73,1.92,2.06,26.29,94.95,1.71,193.97,NA,NA,61.5,752.15,0.91
2026-07-01 20:00:00,30.68,59.75,19.72,20.24,27.75,68.37,6.43,0.05,23.49,4.27,8.91,NA,0.82,1.96,2.11,26.0,95.05,2.04,216.56,NA,NA,61.94,752.0,0.9
2026-07-01 21:00:00,28.43,62.08,16.97,18.74,23.63,61.12,7.67,0.04,21.95,4.27,8.91,NA,0.72,1.97,2.07,26.34,95.07,1.91,244.42,NA,NA,65.07,752.1,0.91
2026-07-01 22:00:00,28.54,63.28,17.53,20.21,25.65,63.34,7.7,0.05,21.5,3.56,6.75,NA,0.61,1.73,1.31,26.55,95.13,1.87,242.11,NA,NA,63.62,752.15,0.92
2026-07-01 23:00:00,33.84,60.32,18.58,19.14,25.52,46.24,8.78,0.04,21.46,2.58,4.84,NA,0.56,1.4,0.58,26.59,95.12,1.86,244.9,NA,NA,62.88,752.2,0.92
2026-07-02 00:00:00,33.23,60.31,14.16,20.12,21.92,NA,7.34,0.04,22.45,0.77,1.17,NA,0.05,0.28,0.29,26.47,95.35,1.75,266.99,NA,NA,69.14,752.13,0.92
2026-07-02 01:00:00,30.1,57.66,14.32,17.49,19.76,44.81,6.38,0.05,21.97,0.79,1.63,NA,0.03,0.27,0.32,26.68,95.24,1.63,328.21,NA,NA,69.49,752.2,0.93
2026-07-02 02:00:00,20.5,62.7,16.48,19.12,23.42,36.97,6.63,0.07,21.81,0.75,1.39,NA,0.07,0.26,0.31,26.04,95.4,1.87,212.1,NA,NA,63.81,752.0,0.9
2026-07-02 03:00:00,23.62,63.91,14.65,18.62,21.18,38.62,6.49,0.09,21.02,0.74,1.46,NA,0.09,0.31,0.3,25.66,95.42,2.01,212.83,NA,NA,64.05,751.9,0.88
2026-07-02 04:00:00,27.09,61.13,15.66,18.26,21.95,43.93,6.66,0.09,21.77,0.58,0.75,NA,0.08,0.5,0.39,25.96,95.42,2.04,219.26,NA,NA,65.22,752.0,0.89
2026-07-02 05:00:00,27.85,59.33,14.08,19.58,21.35,49.44,6.77,0.08,21.54,0.61,0.59,NA,0.1,0.6,0.4,25.64,95.42,1.87,196.68,NA,NA,79.79,751.93,0.88
2026-07-02 06:00:00,35.44,59.07,19.48,17.51,24.88,51.73,6.05,0.1,22.26,3.26,3.57,NA,0.55,1.82,0.92,24.86,95.42,1.88,220.32,NA,NA,122.42,751.7,0.85
2026-07-02 07:00:00,29.33,55.83,20.38,19.37,27.57,54.47,5.34,0.05,21.91,3.18,3.91,NA,0.54,1.78,0.91,24.47,95.44,1.9,227.05,NA,NA,141.96,751.6,0.83
2026-07-02 08:00:00,23.21,53.85,19.22,18.78,26.07,56.41,5.15,0.06,22.58,3.19,3.68,NA,0.54,1.88,0.87,25.21,95.43,1.87,212.63,NA,NA,127.15,751.73,0.85
2026-07-02 09:00:00,18.52,54.36,19.46,18.99,26.45,60.15,4.58,0.06,21.9,3.17,3.46,NA,0.56,1.84,0.89,25.47,95.42,1.82,213.53,NA,NA,122.02,751.9,0.87
2026-07-02 10:00:00,22.45,53.21,16.63,18.65,23.04,59.96,5.17,0.07,23.63,3.02,4.45,NA,0.5,1.93,0.81,25.79,95.39,1.86,215.23,NA,NA,147.46,751.95,0.89
2026-07-02 11:00:00,19.87,46.36,18.44,19.72,26.11,56.11,7.52,0.08,24.21,2.89,5.05,NA,0.47,2.09,0.77,28.03,95.25,1.92,222.03,NA,NA,NA,752.55,0.99
2026-07-02 12:00:00,20.5,47.49,19.3,19.71,26.88,54.09,6.04,0.1,23.17,3.58,2.97,NA,0.49,1.4,0.91,29.18,88.39,2.05,221.71,NA,NA,424.43,752.88,1.04
2026-07-02 13:00:00,17.37,52.15,16.4,18.13,22.43,44.44,6.35,0.01,23.29,3.72,1.76,NA,0.63,1.29,1.0,29.86,76.97,1.97,207.17,NA,NA,550.73,753.05,1.07
2026-07-02 14:00:00,26.21,56.05,16.45,18.12,22.61,43.78,6.42,0.01,22.08,3.69,1.81,NA,0.66,1.27,1.01,30.16,74.71,1.91,203.91,NA,NA,814.1,753.13,1.08
2026-07-02 15:00:00,43.69,60.35,15.8,20.92,24.67,45.99,3.9,0.07,20.81,3.66,1.78,NA,0.63,1.27,0.99,30.98,67.5,1.96,203.99,NA,NA,868.52,753.35,1.12
2026-07-02 16:00:00,39.87,60.75,17.91,20.45,26.16,51.7,3.06,0.08,21.95,3.03,4.06,NA,0.75,1.52,1.21,30.78,68.79,1.99,210.09,NA,NA,788.16,753.32,1.11
2026-07-02 17:00:00,40.98,63.54,19.42,20.36,27.57,52.82,4.47,0.07,21.95,2.96,4.7,NA,0.8,1.58,1.25,30.37,71.81,2.07,201.05,NA,NA,612.87,753.23,1.09
2026-07-02 18:00:00,33.99,55.2,19.92,20.48,28.41,56.72,8.32,0.03,24.87,3.84,6.13,NA,0.94,1.92,1.88,29.75,74.96,2.12,211.06,NA,NA,346.09,753.03,1.06
2026-07-02 19:00:00,30.44,43.47,14.25,18.83,20.63,61.57,5.9,0.08,23.41,4.02,6.52,NA,0.96,2.02,2.1,29.31,79.04,2.0,202.89,NA,NA,290.83,752.93,1.04
2026-07-02 20:00:00,37.63,51.62,18.68,21.22,25.72,67.49,6.13,0.07,22.77,4.16,6.52,NA,0.95,2.02,2.13,29.04,84.61,2.08,203.96,NA,NA,285.04,752.83,1.03
2026-07-02 21:00:00,38.39,45.9,24.03,24.43,32.79,65.88,5.32,0.06,21.18,4.04,6.34,NA,0.93,2.06,2.08,28.28,95.03,2.01,204.51,NA,NA,271.83,752.58,0.99
2026-07-02 22:00:00,36.52,41.58,24.4,24.02,33.97,68.23,5.17,0.06,22.13,3.52,3.78,NA,0.88,1.75,1.43,27.97,95.05,1.94,211.07,NA,NA,271.82,752.55,0.99
2026-07-02 23:00:00,32.46,39.43,14.39,18.15,21.32,57.28,6.1,0.05,18.83,2.98,2.96,NA,0.77,1.45,0.77,27.84,95.05,2.17,208.48,NA,NA,275.2,752.5,0.98
2026-07-03 00:00:00,33.06,36.36,14.06,18.01,21.27,NA,5.25,0.06,21.0,1.25,0.13,NA,0.23,0.5,0.53,27.49,95.04,1.94,187.3,NA,NA,278.16,752.4,0.96
2026-07-03 01:00:00,30.89,35.04,18.08,18.32,25.58,46.7,5.79,0.08,19.13,1.23,0.3,NA,0.29,0.51,0.52,27.27,95.09,1.81,190.61,NA,NA,279.81,752.38,0.95
2026-07-03 02:00:00,29.85,33.9,15.29,15.62,20.06,37.8,6.15,0.09,20.2,1.26,0.25,NA,0.28,0.5,0.54,26.93,95.28,1.89,203.94,NA,NA,277.09,752.28,0.94
2026-07-03 03:00:00,21.32,33.57,17.5,16.86,23.55,39.17,4.48,0.05,20.81,1.26,0.26,NA,0.33,0.52,0.53,25.04,95.38,1.69,214.13,NA,NA,290.78,751.78,0.85
2026-07-03 04:00:00,14.39,33.74,19.57,16.79,25.55,46.33,4.95,0.07,20.69,1.08,0.14,NA,0.35,0.77,0.63,23.84,95.46,1.77,149.96,NA,NA,295.49,751.43,0.81
2026-07-03 05:00:00,12.54,33.97,14.0,16.93,20.23,47.75,4.82,0.07,20.48,1.08,0.14,NA,0.35,0.75,0.63,24.37,95.46,1.77,225.14,NA,NA,322.03,751.6,0.83
2026-07-03 06:00:00,13.83,34.16,14.29,18.08,21.54,49.96,4.53,0.07,20.78,2.07,2.27,NA,0.54,1.37,0.85,25.05,95.43,1.58,242.45,NA,NA,322.08,751.75,0.86
2026-07-03 07:00:00,19.53,33.83,16.62,16.46,22.04,58.32,4.38,0.06,20.19,3.07,2.32,NA,0.75,1.92,1.06,26.36,95.36,1.99,210.39,NA,NA,257.16,752.25,0.93
2026-07-03 08:00:00,22.77,33.61,16.35,18.62,23.58,59.65,4.05,0.06,23.07,3.14,2.14,NA,0.77,1.87,1.08,28.27,91.25,1.88,231.7,NA,NA,117.55,752.63,1.0
2026-07-03 09:00:00,31.15,33.08,16.32,23.33,26.3,66.78,6.21,0.08,28.72,2.99,1.82,NA,0.76,1.87,1.1,30.38,73.75,2.08,230.61,NA,NA,866.08,753.2,1.09
2026-07-03 10:00:00,28.2,33.27,15.84,21.9,24.49,59.94,4.37,0.11,30.56,2.99,3.09,NA,0.7,2.14,0.89,31.12,70.12,1.79,252.1,NA,NA,999.99,753.4,1.12
2026-07-03 11:00:00,23.09,33.39,22.67,21.9,31.62,54.08,7.84,0.08,37.08,3.66,3.42,NA,0.73,2.12,0.93,31.84,66.5,1.88,228.56,NA,NA,999.99,753.6,1.14
2026-07-03 12:00:00,19.21,33.5,16.76,20.93,25.48,46.18,6.46,0.12,47.82,4.42,2.21,NA,0.68,1.46,1.0,32.47,63.51,2.17,227.82,NA,NA,936.0,753.78,1.18
2026-07-03 13:00:00,20.66,33.41,18.36,21.32,27.41,42.49,5.98,0.07,50.48,4.68,1.52,NA,0.64,1.26,0.98,32.98,61.52,2.08,231.89,NA,NA,800.43,753.9,1.2
2026-07-03 14:00:00,22.46,33.57,15.72,19.33,22.81,40.18,5.76,0.05,49.71,4.61,1.73,NA,0.65,1.23,1.0,33.18,60.33,2.21,214.24,NA,NA,478.46,753.93,1.21
2026-07-03 15:00:00,17.16,33.8,22.86,17.67,30.22,42.57,12.19,0.11,52.83,4.69,1.63,NA,0.63,1.21,0.99,33.5,58.86,2.35,219.16,NA,NA,397.76,754.03,1.23
2026-07-03 16:00:00,18.21,33.33,27.03,16.61,34.1,49.64,25.56,0.41,54.02,3.64,4.36,NA,0.77,1.5,1.25,33.39,59.54,2.34,215.43,NA,NA,322.94,754.0,1.22
2026-07-03 17:00:00,22.29,30.83,20.03,15.89,25.25,44.38,21.48,0.61,46.34,3.66,4.72,NA,0.76,1.49,1.28,33.23,60.26,2.4,212.41,NA,NA,297.98,753.93,1.21
2026-07-03 18:00:00,28.86,34.17,14.94,18.98,21.54,44.04,10.15,0.29,43.03,5.1,6.41,NA,0.94,2.03,2.09,32.32,62.86,2.39,232.59,NA,NA,246.19,753.73,1.17
2026-07-03 19:00:00,29.63,41.85,14.49,18.94,21.26,47.91,6.87,0.43,38.55,4.89,6.23,NA,0.97,1.99,2.09,31.15,66.84,2.02,267.77,NA,NA,214.97,753.4,1.12
2026-07-03 20:00:00,21.16,49.85,17.86,21.2,26.32,44.71,7.53,0.64,31.66,4.73,6.23,NA,0.97,1.98,2.13,30.12,70.75,1.98,252.58,NA,NA,216.22,753.13,1.08
2026-07-03 21:00:00,21.18,58.92,21.13,21.85,29.78,38.8,7.43,0.82,29.5,5.08,6.49,NA,0.94,2.01,2.13,30.03,70.16,2.1,237.84,NA,NA,216.14,753.1,1.08
2026-07-03 22:00:00,20.46,65.72,22.98,19.36,29.97,39.23,8.09,0.87,29.37,4.49,4.63,NA,0.85,1.75,1.44,29.94,70.3,1.83,198.71,NA,NA,216.85,753.08,1.07
2026-07-03 23:00:00,14.75,72.45,13.58,14.26,18.24,32.14,7.61,0.89,30.7,3.82,3.01,NA,0.78,1.52,0.77,29.37,73.22,2.22,198.2,NA,NA,214.68,752.9,1.05
2026-07-04 00:00:00,24.95,81.49,12.61,16.2,19.05,NA,7.46,1.13,31.29,1.55,0.4,NA,0.3,0.53,0.54,28.67,76.91,2.11,207.74,NA,NA,216.67,752.73,1.02
2026-07-04 01:00:00,21.25,69.4,16.79,15.41,22.59,24.76,8.37,0.85,29.52,1.58,0.39,NA,0.32,0.51,0.53,28.44,79.61,2.14,204.55,NA,NA,223.38,752.68,1.01
2026-07-04 02:00:00,23.03,68.4,13.72,15.38,19.36,21.5,7.93,1.04,30.68,1.56,0.32,NA,0.33,0.51,0.54,28.48,79.43,2.12,202.96,NA,NA,224.72,752.7,1.01
2026-07-04 03:00:00,20.76,67.2,15.52,16.67,22.57,19.41,6.37,0.78,28.79,1.55,0.3,NA,0.26,0.5,0.54,28.37,81.78,2.08,209.24,NA,NA,237.39,752.63,1.0
2026-07-04 04:00:00,23.22,69.6,12.64,14.79,17.69,24.39,4.72,0.86,27.65,1.38,NA,NA,0.36,0.78,0.62,28.11,88.18,2.07,202.06,NA,NA,231.38,752.6,0.99
2026-07-04 05:00:00,22.07,69.79,16.12,15.09,21.53,25.26,7.33,0.93,27.43,1.31,0.02,NA,0.35,0.77,0.64,27.89,94.91,2.01,207.67,NA,NA,237.54,752.53,0.98
2026-07-04 06:00:00,21.11,69.74,16.67,15.55,22.56,27.66,8.12,0.96,27.87,2.68,2.04,NA,0.56,1.34,0.85,28.12,94.91,2.03,209.28,NA,NA,299.1,752.6,0.99
2026-07-04 07:00:00,21.67,69.11,15.82,15.6,20.86,31.52,7.22,1.0,28.76,3.97,2.23,NA,0.76,1.92,1.11,29.53,86.69,2.07,218.1,NA,NA,499.79,752.98,1.05
2026-07-04 08:00:00,25.27,70.24,16.02,16.1,21.54,37.36,4.42,1.07,31.24,4.02,2.31,NA,0.73,1.88,1.07,30.81,71.36,1.99,235.35,NA,NA,696.68,753.3,1.11
2026-07-04 09:00:00,23.2,75.79,15.55,18.35,21.27,45.59,4.95,1.32,34.18,3.92,2.2,NA,0.76,1.91,1.08,32.19,66.59,2.03,257.09,NA,NA,825.75,753.65,1.16
2026-07-04 10:00:00,20.04,81.15,16.47,20.82,25.28,43.28,3.82,1.29,33.18,3.71,2.97,NA,0.7,2.05,0.96,32.64,63.32,2.03,232.32,NA,NA,840.33,753.78,1.19
2026-07-04 11:00:00,21.98,86.22,16.61,18.76,23.63,40.86,4.66,1.15,37.03,3.73,3.03,NA,0.68,2.13,0.93,32.98,60.98,2.09,231.87,NA,NA,778.4,753.98,1.22
2026-07-04 12:00:00,21.93,88.65,17.86,17.44,24.24,40.74,7.94,0.72,52.17,4.44,1.89,NA,0.66,1.47,1.0,33.86,58.09,2.4,210.35,NA,NA,857.33,754.13,1.24
2026-07-04 13:00:00,20.36,85.47,16.08,17.58,22.49,36.43,7.79,0.82,56.52,4.67,1.46,NA,0.61,1.24,1.02,33.91,59.06,2.17,238.77,NA,NA,757.97,754.15,1.24
2026-07-04 14:00:00,23.5,84.69,15.74,18.83,23.77,32.79,7.84,0.71,57.06,4.6,1.58,NA,0.63,1.3,1.0,34.22,59.48,1.92,315.49,NA,NA,477.73,754.23,1.26
2026-07-04 15:00:00,28.14,86.21,14.11,18.07,21.38,35.34,7.3,0.6,63.52,4.71,1.74,NA,0.63,1.23,1.0,33.8,58.2,2.26,212.86,NA,NA,310.81,754.13,1.24
2026-07-04 16:00:00,21.52,83.56,14.74,15.87,19.7,39.27,8.51,0.67,68.37,3.96,4.04,NA,0.77,1.44,1.21,33.75,58.2,2.41,227.28,NA,NA,317.84,754.1,1.23
2026-07-04 17:00:00,26.34,87.95,14.06,15.81,20.08,42.05,6.3,0.79,66.62,3.73,4.32,NA,0.81,1.47,1.23,33.88,57.49,2.58,215.97,NA,NA,283.19,754.15,1.24
2026-07-04 18:00:00,28.89,92.13,15.41,18.69,21.96,42.66,5.17,0.86,66.39,4.33,5.4,NA,0.85,1.75,1.66,33.82,57.45,2.54,217.86,NA,NA,268.59,754.13,1.24
2026-07-04 19:00:00,31.31,95.78,18.24,28.24,34.84,41.43,7.44,1.06,45.69,4.91,6.61,NA,0.94,2.02,2.15,32.89,60.05,2.38,173.14,NA,NA,214.59,753.85,1.2
2026-07-04 20:00:00,31.33,94.44,25.01,26.0,31.7,41.93,7.61,1.36,40.45,5.01,6.27,NA,0.93,2.02,2.12,32.03,62.66,2.4,243.34,NA,NA,NA,753.63,1.16
2026-07-04 21:00:00,31.66,94.29,20.03,23.57,26.25,39.45,6.91,1.13,32.3,5.09,6.73,NA,0.93,1.97,2.12,30.83,65.51,2.5,272.92,NA,NA,NA,753.33,1.11
2026-07-04 22:00:00,37.01,104.92,21.07,25.7,30.82,40.84,7.04,1.32,30.85,3.75,3.61,NA,0.82,1.64,1.15,30.91,66.58,2.34,180.02,NA,NA,22.65,753.32,1.11
2026-07-04 23:00:00,45.78,119.02,18.49,21.53,30.42,33.49,7.0,1.08,26.43,3.28,2.96,NA,0.8,1.46,0.81,30.73,68.34,1.98,151.77,NA,NA,18.65,753.3,1.11
2026-07-05 00:00:00,55.02,130.32,17.84,21.37,27.13,NA,6.65,0.73,27.98,1.24,0.24,NA,0.35,0.51,0.5,30.29,71.63,2.39,197.66,NA,NA,19.16,753.18,1.09
2026-07-05 01:00:00,48.2,127.21,15.07,21.99,24.99,27.56,7.4,0.53,31.5,1.26,0.39,NA,0.29,0.52,0.51,30.09,72.85,2.3,213.7,NA,NA,11.99,753.13,1.08
2026-07-05 02:00:00,38.66,120.2,16.27,19.71,23.66,24.14,7.47,0.57,31.99,1.25,0.29,NA,0.33,0.51,0.53,29.99,73.02,2.31,215.08,NA,NA,13.98,753.1,1.07
2026-07-05 03:00:00,34.18,113.95,16.72,19.24,23.89,23.23,7.29,0.8,33.41,1.23,0.38,NA,0.31,0.52,0.51,29.91,73.03,2.31,221.54,NA,NA,14.98,753.08,1.07
2026-07-05 04:00:00,30.56,105.38,13.49,18.6,18.91,25.86,7.17,1.15,31.44,1.13,0.54,NA,0.33,0.64,0.57,29.61,74.53,2.11,215.9,NA,NA,17.0,752.98,1.06
2026-07-05 05:00:00,28.32,97.85,16.49,17.25,21.67,27.15,6.98,1.41,31.07,1.07,NA,NA,0.36,0.77,0.63,29.27,76.52,2.16,219.52,NA,NA,40.92,752.9,1.04
2026-07-05 06:00:00,23.91,95.98,16.15,19.36,23.49,32.34,6.65,1.56,31.33,3.34,2.04,NA,0.76,1.92,1.08,29.29,76.69,2.15,220.26,NA,NA,88.74,752.9,1.04
2026-07-05 07:00:00,26.74,90.86,15.12,19.2,22.22,34.13,5.99,1.52,32.1,3.15,1.92,NA,0.76,1.9,1.08,29.79,75.61,2.21,219.78,NA,NA,320.57,753.05,1.06
2026-07-05 08:00:00,34.66,86.82,16.51,18.42,22.93,35.71,3.72,1.42,33.69,3.12,1.87,NA,0.76,1.92,1.07,30.69,72.23,2.21,226.93,NA,NA,367.69,753.2,1.09
2026-07-05 09:00:00,34.09,81.06,21.65,22.88,30.34,44.34,6.44,0.93,33.4,3.27,2.17,NA,0.77,1.9,1.11,31.33,69.19,1.6,232.63,NA,NA,373.73,753.45,1.13
2026-07-05 10:00:00,28.86,82.15,23.09,28.24,34.3,49.8,7.65,0.43,38.72,2.98,2.86,NA,0.71,2.07,0.94,32.17,65.89,2.14,232.93,NA,NA,613.95,753.7,1.17
2026-07-05 11:00:00,26.54,81.26,23.82,28.78,35.8,48.46,6.79,0.59,43.15,2.94,3.05,NA,0.72,2.13,0.91,33.15,62.21,1.85,235.13,NA,NA,699.41,753.95,1.21
2026-07-05 12:00:00,25.99,76.29,23.56,27.56,34.31,45.62,6.29,0.59,40.39,3.52,2.09,NA,0.64,1.48,1.02,33.63,59.65,2.0,213.31,NA,NA,836.41,754.1,1.23
2026-07-05 13:00:00,24.96,73.76,24.29,28.03,35.47,44.08,6.43,0.71,42.33,3.8,1.68,NA,0.64,1.25,1.07,32.7,60.11,1.91,132.47,NA,NA,386.13,754.05,1.23
2026-07-05 14:00:00,14.71,70.51,20.1,24.35,28.68,39.6,6.12,1.15,46.72,3.69,1.77,NA,0.66,1.22,1.02,33.98,55.59,1.9,160.45,NA,NA,150.59,752.3,0.94
2026-07-05 15:00:00,12.79,69.81,19.69,21.3,27.81,43.29,6.45,0.85,58.65,3.71,1.6,NA,0.66,1.29,1.02,35.06,51.2,2.25,195.65,NA,NA,347.45,752.53,0.98
2026-07-05 16:00:00,13.65,66.7,17.2,19.6,24.72,47.98,7.34,0.45,63.86,3.0,4.0,NA,0.7,1.47,1.17,35.39,52.5,2.44,216.56,NA,NA,551.72,754.55,1.31
2026-07-05 17:00:00,10.61,62.25,21.84,21.23,29.85,53.22,7.34,0.53,62.27,3.0,4.52,NA,0.78,1.57,1.25,35.23,52.27,2.6,217.88,NA,NA,999.99,754.5,1.31
2026-07-05 18:00:00,16.32,62.84,22.54,24.09,30.13,56.75,7.0,0.68,57.71,3.6,5.84,NA,0.93,1.94,1.88,34.16,54.78,2.57,214.49,NA,NA,999.99,754.25,1.26
2026-07-05 19:00:00,28.86,71.24,26.66,29.28,37.95,60.9,9.4,0.68,58.8,3.86,6.52,NA,0.93,2.01,2.11,26.64,79.07,1.71,242.34,NA,NA,999.99,753.1,0.89
2026-07-05 20:00:00,23.61,73.84,24.8,26.76,33.93,63.98,11.97,0.76,57.82,4.05,6.02,NA,0.94,1.98,2.09,23.55,92.85,1.22,187.56,NA,NA,999.99,751.03,0.74
2026-07-05 21:00:00,16.27,64.65,15.03,19.78,22.86,60.49,9.61,1.13,32.39,3.93,6.46,NA,0.92,2.02,2.14,26.58,95.42,2.0,187.74,NA,NA,880.5,752.18,0.92
2026-07-05 22:00:00,12.32,55.36,13.02,14.87,18.28,61.48,7.42,1.44,23.16,3.26,4.01,NA,0.8,1.6,1.08,27.47,95.31,2.03,206.9,NA,NA,525.42,752.43,0.96
2026-07-05 23:00:00,7.53,53.08,11.47,15.19,16.98,50.55,6.56,0.95,22.42,3.04,2.92,NA,0.77,1.57,0.76,27.79,95.22,1.73,224.11,NA,NA,146.42,752.5,0.98
2026-07-06 00:00:00,13.52,50.14,15.74,15.14,21.25,NA,5.64,0.86,21.87,1.25,0.32,NA,0.29,0.52,0.49,28.52,80.7,1.82,226.63,NA,NA,1.83,752.7,1.01
2026-07-06 01:00:00,18.67,47.55,14.3,13.82,18.44,41.68,6.23,0.75,22.25,1.23,0.38,NA,0.31,0.52,0.51,28.19,83.43,2.23,184.82,NA,NA,7.23,752.6,0.99
2026-07-06 02:00:00,15.98,46.9,15.17,15.58,21.1,36.31,6.9,0.81,22.65,1.25,0.33,NA,0.3,0.52,0.55,27.79,91.04,1.77,163.25,NA,NA,9.03,752.38,0.96
2026-07-06 03:00:00,9.63,43.33,13.97,15.63,19.86,34.19,6.77,0.68,22.25,1.23,0.34,NA,0.28,0.52,0.52,27.5,94.98,1.68,201.16,NA,NA,10.26,752.43,0.96
2026-07-06 04:00:00,13.03,43.3,13.71,14.33,18.36,41.43,5.84,0.59,22.55,1.1,0.0,NA,0.34,0.76,0.63,27.16,95.1,1.3,132.17,NA,NA,16.91,752.32,0.95
2026-07-06 05:00:00,22.97,42.93,14.5,15.04,19.9,42.77,6.95,0.81,21.16,1.08,0.0,NA,0.34,0.77,0.62,27.06,95.31,1.53,124.02,NA,NA,18.44,752.32,0.95
2026-07-06 06:00:00,26.76,41.42,14.18,15.93,20.5,46.47,7.3,1.39,21.6,2.19,2.15,NA,0.56,1.31,0.84,27.61,95.26,1.45,192.95,NA,NA,19.2,752.47,0.97
2026-07-06 07:00:00,20.83,38.98,13.15,15.38,18.92,52.37,5.5,0.84,19.96,3.16,2.28,NA,0.76,1.91,1.08,29.23,90.87,1.93,201.91,NA,NA,NA,752.88,1.04
2026-07-06 08:00:00,13.52,41.58,12.95,16.03,17.63,56.3,4.66,0.78,20.47,3.14,2.12,NA,0.77,1.89,1.08,29.56,80.96,2.1,215.82,NA,NA,316.6,752.98,1.06
2026-07-06 09:00:00,12.49,43.57,20.52,25.51,30.43,61.8,4.69,0.48,33.05,3.15,2.11,NA,0.76,1.91,1.09,30.59,70.69,2.23,225.11,NA,NA,489.64,753.25,1.1
2026-07-06 10:00:00,18.12,44.99,20.23,26.38,30.92,62.9,5.31,0.61,31.35,3.07,2.81,NA,0.72,2.02,1.0,32.12,61.06,2.16,223.85,NA,NA,730.15,753.68,1.17
2026-07-06 11:00:00,28.43,44.3,17.36,23.58,27.28,58.52,5.3,0.57,52.81,2.91,3.22,NA,0.7,2.13,0.92,32.75,57.97,2.37,226.05,NA,NA,602.14,753.85,1.19
2026-07-06 12:00:00,24.31,42.31,16.39,21.83,24.6,57.74,4.41,0.75,54.22,3.47,1.96,NA,0.65,1.45,1.0,32.31,60.77,2.39,227.05,NA,NA,522.34,753.7,1.17
2026-07-06 13:00:00,19.53,42.06,16.02,21.41,24.0,54.83,4.95,0.66,54.13,3.75,1.6,NA,0.64,1.27,1.02,32.27,61.08,2.31,222.09,NA,NA,505.21,753.73,1.17
2026-07-06 14:00:00,16.7,43.5,19.08,23.15,29.01,49.77,6.1,0.81,56.28,3.78,1.54,NA,0.65,1.23,1.03,32.6,60.62,2.14,220.24,NA,NA,424.81,753.78,1.19
2026-07-06 15:00:00,20.07,51.19,16.2,20.75,23.75,51.43,6.96,0.82,58.43,3.75,1.58,NA,0.64,1.23,0.97,33.28,59.21,2.08,215.22,NA,NA,321.36,753.98,1.21
2026-07-06 16:00:00,17.29,51.27,17.41,23.07,26.66,50.29,7.1,0.77,56.78,3.09,3.58,NA,0.74,1.45,1.14,33.01,60.06,2.25,218.45,NA,NA,327.72,753.93,1.21
2026-07-06 17:00:00,15.77,52.06,18.08,25.19,28.72,47.29,8.12,0.69,48.69,2.93,4.62,NA,0.77,1.44,1.27,32.53,61.26,2.29,225.16,NA,NA,317.44,753.78,1.18
2026-07-06 18:00:00,16.44,54.57,19.32,24.58,29.41,50.72,8.97,0.5,38.38,3.79,5.99,NA,0.93,1.91,1.92,31.98,61.93,2.39,215.42,NA,NA,305.85,753.6,1.16
2026-07-06 19:00:00,15.57,55.05,22.86,26.86,33.58,54.67,7.78,0.46,33.97,4.15,6.38,NA,0.97,2.04,2.1,31.37,61.98,2.27,213.75,NA,NA,301.12,753.45,1.14
2026-07-06 20:00:00,15.66,55.51,25.02,28.51,36.43,57.48,7.09,0.43,33.46,4.0,6.55,NA,0.89,2.01,2.1,31.19,62.99,2.36,214.67,NA,NA,300.97,753.38,1.12
2026-07-06 21:00:00,16.61,54.44,24.9,29.48,36.32,53.18,8.91,0.89,38.78,3.98,6.0,NA,0.94,2.01,2.11,30.79,64.61,2.29,211.04,NA,NA,230.27,753.3,1.1
2026-07-06 22:00:00,15.0,58.17,27.02,23.61,34.07,53.01,10.93,1.14,34.25,3.19,3.94,NA,0.84,1.65,1.09,30.22,68.38,2.23,212.2,NA,NA,159.96,753.15,1.08
2026-07-06 23:00:00,9.11,58.86,18.0,17.89,23.88,40.57,8.51,1.52,20.37,2.95,3.3,NA,0.78,1.5,0.78,29.84,71.0,2.26,210.71,NA,NA,160.5,753.05,1.07
2026-07-07 00:00:00,24.13,65.79,19.88,18.1,25.97,NA,7.62,1.64,22.1,1.24,0.36,NA,0.32,0.51,0.54,29.31,73.53,2.17,206.93,NA,NA,159.61,752.9,1.04
2026-07-07 01:00:00,14.5,69.04,21.0,17.77,26.76,36.59,6.66,0.96,19.78,1.25,0.41,NA,0.32,0.52,0.54,29.03,73.99,2.12,204.57,NA,NA,160.12,752.82,1.03
2026-07-07 02:00:00,15.32,66.54,18.28,19.5,25.67,33.04,6.59,1.02,20.15,1.23,0.32,NA,0.31,0.53,0.52,28.81,75.04,2.09,205.71,NA,NA,161.05,752.75,1.02
2026-07-07 03:00:00,18.58,61.8,15.97,19.25,22.95,31.59,7.51,0.89,22.02,1.25,0.42,NA,0.29,0.52,0.54,28.41,77.43,2.1,208.02,NA,NA,162.34,752.68,1.0
2026-07-07 04:00:00,13.54,58.2,19.8,19.81,27.5,37.85,7.23,0.73,20.77,1.11,NA,NA,0.35,0.74,0.62,28.08,79.06,2.04,219.38,NA,NA,162.38,752.6,0.99
2026-07-07 05:00:00,11.92,54.38,13.98,19.66,21.51,39.29,8.05,0.63,20.07,1.05,0.08,NA,0.37,0.77,0.61,27.99,76.63,2.04,217.67,NA,NA,164.16,752.55,0.99
2026-07-07 06:00:00,10.37,50.82,18.64,18.63,25.16,43.23,7.57,0.92,20.03,3.18,2.36,NA,0.77,1.9,1.08,27.77,76.66,2.0,212.17,NA,NA,168.13,752.5,0.98
2026-07-07 07:00:00,13.5,47.47,19.01,19.53,26.43,46.58,6.46,1.33,19.89,3.18,2.37,NA,0.77,1.88,1.07,28.25,74.85,1.98,218.7,NA,NA,205.61,752.63,0.99
2026-07-07 08:00:00,20.56,46.38,17.03,19.24,24.19,47.94,5.75,1.76,19.28,3.15,2.14,NA,0.76,1.86,1.07,28.75,73.73,2.02,219.84,NA,NA,224.06,752.75,1.02
2026-07-07 09:00:00,20.22,48.4,17.42,19.55,24.88,53.06,5.89,0.33,20.66,3.21,2.22,NA,0.77,1.89,1.08,28.69,72.69,2.05,207.0,NA,NA,196.99,752.73,1.01
2026-07-07 10:00:00,16.53,52.44,15.75,20.26,23.98,48.48,6.25,0.49,23.12,2.96,2.9,NA,0.71,2.08,0.94,29.09,68.3,2.01,211.04,NA,NA,222.28,751.45,0.81
2026-07-07 11:00:00,15.29,51.64,17.48,18.28,23.54,52.56,5.8,0.75,38.92,2.9,3.16,NA,0.7,2.12,0.85,29.66,69.11,2.09,225.1,NA,NA,255.84,753.0,1.06
2026-07-07 12:00:00,15.59,51.53,16.45,20.13,24.19,51.82,4.89,1.09,55.07,3.5,2.19,NA,0.64,1.45,1.02,29.97,67.99,2.14,221.32,NA,NA,244.52,753.08,1.07
2026-07-07 13:00:00,23.0,47.63,19.5,19.48,26.98,49.33,5.36,0.71,81.8,3.78,1.69,NA,0.6,1.2,1.01,30.63,66.07,2.16,213.6,NA,NA,351.66,753.25,1.1
2026-07-07 14:00:00,21.98,50.98,20.31,19.68,27.87,44.96,5.59,0.53,102.08,3.8,1.91,NA,0.57,1.25,0.97,30.53,65.94,2.1,212.23,NA,NA,423.4,753.23,1.1
2026-07-07 15:00:00,23.18,61.56,18.88,17.63,25.14,46.37,6.96,0.88,92.7,NA,NA,NA,NA,NA,NA,29.49,67.95,2.1,216.91,NA,NA,412.94,752.18,0.92
2026-07-07 16:00:00,20.29,61.65,13.67,13.72,18.3,40.11,9.72,1.15,70.94,2.66,7.6,NA,0.7,1.39,1.07,28.47,74.05,1.94,214.87,NA,NA,417.81,752.68,1.01
2026-07-07 17:00:00,17.77,54.33,11.11,14.09,16.51,42.15,9.79,1.19,53.02,2.59,7.4,NA,0.7,1.3,1.11,28.09,78.38,2.02,223.02,NA,NA,415.06,752.63,1.0
2026-07-07 18:00:00,21.93,49.88,12.05,13.27,16.71,43.92,9.28,1.31,47.06,3.15,8.54,NA,0.75,1.65,1.66,27.08,87.26,1.86,222.86,NA,NA,398.6,752.3,0.91
2026-07-07 19:00:00,25.1,51.45,11.41,13.04,15.94,47.8,6.32,0.9,47.02,3.39,9.31,NA,0.85,1.78,1.88,26.56,95.42,1.91,224.46,NA,NA,386.86,752.15,0.92
2026-07-07 20:00:00,24.33,48.89,14.35,14.04,19.48,49.56,6.25,1.06,34.87,3.44,8.97,NA,0.86,1.81,1.81,26.57,95.42,1.87,227.73,NA,NA,380.96,752.2,0.92
2026-07-07 21:00:00,23.28,50.07,17.31,14.27,21.93,46.39,6.91,1.15,22.21,3.44,9.23,NA,0.83,1.75,1.87,26.5,95.42,1.89,232.8,NA,NA,380.28,752.13,0.92
2026-07-07 22:00:00,23.08,52.14,13.37,15.11,20.71,47.83,7.25,0.92,21.3,2.92,6.71,NA,0.68,1.44,0.98,26.33,95.42,1.89,229.07,NA,NA,381.28,752.1,0.91
2026-07-07 23:00:00,22.5,50.04,14.64,15.09,20.05,40.7,7.51,0.75,21.32,2.53,6.14,NA,0.66,1.3,0.67,26.07,95.42,1.86,229.19,NA,NA,354.1,752.03,0.9
2026-07-08 00:00:00,10.91,38.73,15.23,15.24,20.56,NA,8.81,0.92,20.05,1.12,3.75,NA,0.26,0.47,0.48,25.92,95.42,1.83,228.66,NA,NA,192.21,752.0,0.89
2026-07-08 01:00:00,11.23,34.2,15.28,14.92,20.6,32.11,4.93,0.69,20.67,1.1,3.85,NA,0.24,0.45,0.45,25.84,95.42,1.91,225.7,NA,NA,197.02,751.98,0.89
2026-07-08 02:00:00,11.29,31.99,14.39,16.06,20.84,29.35,4.65,0.76,21.08,1.1,3.62,NA,0.24,0.46,0.45,25.8,95.42,1.91,230.11,NA,NA,204.49,751.95,0.89
2026-07-08 03:00:00,9.9,30.38,13.79,15.11,19.66,26.76,5.67,1.09,20.55,1.09,3.76,NA,0.25,0.45,0.47,25.61,95.42,1.81,223.18,NA,NA,213.92,751.9,0.88
2026-07-08 04:00:00,7.03,31.77,12.94,14.23,17.32,30.9,6.78,1.17,20.38,1.01,3.39,NA,0.3,0.61,0.52,25.23,95.42,1.81,224.68,NA,NA,205.5,751.8,0.86
2026-07-08 05:00:00,12.22,31.55,16.7,14.45,21.55,33.89,7.35,1.21,21.13,0.95,3.17,NA,0.32,0.67,0.55,25.26,95.42,1.79,223.2,NA,NA,208.39,751.8,0.86
2026-07-08 06:00:00,19.64,32.6,14.05,14.69,17.85,37.64,7.73,1.44,21.03,2.84,5.53,NA,0.68,1.14,0.93,25.65,95.42,1.8,227.46,NA,NA,221.61,751.93,0.88
2026-07-08 07:00:00,24.58,33.03,13.73,14.98,19.08,39.02,7.79,0.72,20.63,2.75,5.34,NA,0.66,1.66,0.91,26.4,95.36,1.94,227.24,NA,NA,234.66,752.1,0.91
2026-07-08 08:00:00,24.96,35.69,15.22,15.78,21.35,42.2,7.9,0.99,20.67,2.7,5.18,NA,0.67,1.65,0.96,27.03,95.2,1.94,225.36,NA,NA,246.61,752.3,0.94
2026-07-08 09:00:00,19.11,40.69,14.25,16.84,21.5,46.42,6.34,0.95,19.5,2.76,5.35,NA,0.65,1.65,0.96,28.19,86.85,2.0,231.31,NA,NA,270.02,752.03,0.9
2026-07-08 10:00:00,24.83,42.18,17.81,17.17,23.93,44.52,5.63,1.21,31.19,2.52,5.98,NA,0.65,1.8,0.88,28.41,82.23,1.99,232.23,NA,NA,318.51,752.15,0.92
2026-07-08 11:00:00,27.37,48.23,20.81,19.31,26.99,41.5,8.92,0.89,66.61,2.65,6.49,NA,0.61,1.85,0.8,29.15,74.48,2.04,233.2,NA,NA,424.17,752.85,1.03
2026-07-08 12:00:00,24.48,50.73,14.64,19.76,25.63,40.31,8.54,0.99,67.38,3.12,5.23,NA,0.59,1.29,0.83,29.53,72.88,2.15,230.4,NA,NA,410.17,752.98,1.05
2026-07-08 13:00:00,26.22,57.72,15.02,18.55,22.05,37.74,7.85,1.41,69.18,3.17,4.77,NA,0.57,1.07,0.87,29.39,73.27,2.15,235.56,NA,NA,414.34,752.93,1.04
2026-07-08 14:00:00,26.36,62.54,14.3,18.94,20.71,33.4,7.14,1.41,71.44,3.26,4.95,NA,0.57,1.08,0.89,29.74,74.08,2.04,234.1,NA,NA,411.96,753.0,1.06
2026-07-08 15:00:00,28.43,59.21,20.21,19.9,28.12,34.91,7.93,0.98,49.03,3.26,4.88,NA,0.56,1.1,0.87,27.87,83.51,1.61,259.59,NA,NA,375.78,752.5,0.98
2026-07-08 16:00:00,33.89,55.35,19.49,17.66,18.88,37.59,8.47,0.49,33.22,2.12,4.88,NA,0.47,0.96,0.76,25.58,95.4,1.43,253.76,NA,NA,365.19,751.9,0.66
2026-07-08 17:00:00,31.99,49.39,15.74,20.17,22.69,39.68,9.17,0.8,42.28,2.65,7.58,NA,0.71,1.4,1.11,25.83,95.42,1.63,240.65,NA,NA,361.92,751.98,0.89
2026-07-08 18:00:00,24.49,42.85,17.34,19.03,24.63,44.14,9.22,1.09,37.54,3.51,8.5,NA,0.83,1.67,1.84,26.45,95.42,1.71,245.15,NA,NA,322.85,752.13,0.91
2026-07-08 19:00:00,20.35,40.23,17.75,20.81,25.2,47.47,8.93,1.02,32.32,3.36,8.96,NA,0.85,1.76,1.83,26.52,95.42,1.78,239.77,NA,NA,192.89,752.15,0.92
2026-07-08 20:00:00,22.51,37.68,22.72,23.36,32.14,50.52,8.5,0.84,26.75,3.6,9.0,NA,0.83,1.79,1.84,26.54,95.42,1.91,234.78,NA,NA,41.03,752.18,0.92
2026-07-08 21:00:00,18.97,36.09,20.18,22.3,27.87,45.75,7.3,0.99,26.45,3.2,9.13,NA,0.85,1.8,1.88,26.65,95.42,1.79,233.78,NA,NA,52.48,752.18,0.92
2026-07-08 22:00:00,23.68,36.48,18.92,22.59,26.09,48.43,4.75,1.33,25.81,2.87,6.85,NA,0.67,1.42,0.68,26.82,95.35,1.83,240.36,NA,NA,51.94,752.23,0.93
2026-07-08 23:00:00,21.51,39.93,15.86,21.3,22.4,40.3,6.12,1.26,25.83,2.66,6.1,NA,0.65,1.29,0.67,26.77,95.38,1.99,232.82,NA,NA,51.74,752.2,0.93
2026-07-09 00:00:00,21.59,42.61,19.77,24.7,30.01,NA,4.28,1.49,17.87,1.1,3.74,NA,0.27,0.45,0.42,26.53,95.42,1.76,240.82,NA,NA,54.48,752.18,0.92
2026-07-09 01:00:00,18.82,37.43,18.74,25.08,29.25,32.27,6.94,1.2,18.24,1.08,3.82,NA,0.29,0.47,0.45,26.29,95.42,1.74,236.4,NA,NA,54.44,752.1,0.91
2026-07-09 02:00:00,20.59,32.13,18.36,24.13,28.02,26.4,6.84,1.24,18.39,1.06,3.64,NA,0.23,0.45,0.47,26.18,95.42,1.78,236.4,NA,NA,54.16,752.08,0.91
2026-07-09 03:00:00,24.55,31.59,17.73,24.78,27.74,26.74,5.39,0.7,17.41,1.08,3.79,NA,0.27,0.48,0.45,25.98,95.42,1.86,230.36,NA,NA,54.68,752.0,0.9
2026-07-09 04:00:00,16.82,33.34,18.71,22.9,27.21,32.44,4.02,0.61,18.59,0.93,3.17,NA,0.31,0.67,0.55,25.75,95.42,1.66,248.85,NA,NA,53.94,751.95,0.89
2026-07-09 05:00:00,19.44,32.59,19.81,23.34,28.77,33.9,6.97,0.81,18.32,0.94,3.26,NA,0.31,0.66,0.54,25.74,95.42,1.73,235.86,NA,NA,55.34,751.93,0.89
2026-07-09 06:00:00,25.03,29.98,17.51,23.96,26.92,37.23,7.23,0.91,19.38,2.77,5.12,NA,0.68,1.66,0.93,25.82,95.42,1.62,250.49,NA,NA,60.1,752.0,0.89
2026-07-09 07:00:00,24.0,34.85,21.05,24.58,31.23,40.57,7.38,0.66,17.62,2.82,5.01,NA,0.64,1.62,0.95,25.99,95.42,1.61,257.15,NA,NA,62.85,752.0,0.9
2026-07-09 08:00:00,16.42,36.95,21.63,23.43,30.66,41.94,7.14,0.85,19.65,2.83,5.03,NA,0.67,1.63,0.93,26.5,95.39,1.66,272.77,NA,NA,76.28,752.18,0.91
2026-07-09 09:00:00,14.17,39.19,19.85,24.56,30.02,45.07,7.26,0.56,19.64,2.8,5.25,NA,0.66,1.64,0.92,27.56,95.12,1.54,283.84,NA,NA,87.8,752.4,0.95
2026-07-09 10:00:00,14.0,38.3,18.37,25.63,29.48,43.13,6.73,0.6,19.04,2.65,5.92,NA,0.66,1.76,0.84,27.82,94.22,1.67,265.63,NA,NA,102.46,752.5,0.99
2026-07-09 11:00:00,15.75,NA,17.82,25.71,28.98,41.41,6.67,NA,19.28,2.66,6.33,NA,0.6,1.88,0.8,27.88,94.9,1.91,228.74,NA,NA,127.05,752.55,0.98
2026-07-09 12:00:00,NA,15.6,15.39,21.02,23.17,44.1,NA,0.77,35.11,3.15,5.13,NA,0.57,1.29,0.85,27.53,95.1,2.01,217.51,NA,NA,91.63,752.43,0.96
2026-07-09 13:00:00,29.09,15.6,16.74,18.95,23.6,43.49,NA,0.71,48.05,3.21,5.11,NA,0.55,1.09,0.9,26.19,95.3,1.19,204.67,NA,NA,75.35,752.08,0.87
2026-07-09 14:00:00,21.23,15.6,17.99,21.88,27.87,39.59,NA,0.63,51.95,3.16,4.93,NA,0.57,1.1,0.89,24.38,95.42,1.36,195.1,NA,NA,65.76,751.58,0.82
2026-07-09 15:00:00,12.28,25.6,16.2,21.01,25.12,40.02,3.61,0.4,49.53,3.27,5.02,NA,0.57,1.09,0.88,25.27,95.39,1.84,223.35,NA,NA,56.41,751.83,0.86
2026-07-09 16:00:00,14.97,25.93,16.25,21.21,25.42,44.06,3.25,0.37,46.24,2.81,6.8,NA,0.62,1.29,1.05,26.48,95.37,1.88,235.76,NA,NA,19.02,752.13,0.92
2026-07-09 17:00:00,12.1,27.14,16.71,19.86,24.45,47.94,1.97,0.26,47.93,2.54,7.59,NA,0.69,1.39,1.07,25.92,95.39,1.53,138.4,NA,NA,29.18,751.98,0.89
2026-07-09 18:00:00,10.75,27.58,15.61,19.97,23.42,50.98,1.2,0.26,49.04,3.27,8.68,NA,0.79,1.67,1.66,24.49,95.45,1.65,176.76,NA,NA,53.99,751.63,0.83
2026-07-09 19:00:00,9.23,28.96,19.35,22.07,28.41,53.77,1.94,0.69,38.53,3.48,9.29,NA,0.84,1.78,1.87,24.57,95.46,1.74,251.92,NA,NA,45.62,751.63,0.84
2026-07-09 20:00:00,14.64,35.77,20.17,25.62,30.19,55.97,2.44,1.04,16.12,3.43,9.05,NA,0.84,1.76,1.81,24.69,95.46,1.5,281.78,NA,NA,24.25,751.65,0.84
2026-07-09 21:00:00,18.03,41.19,18.85,25.31,28.15,54.68,2.35,0.82,16.9,3.51,9.06,NA,0.84,1.76,1.83,24.81,95.46,1.64,281.6,NA,NA,26.53,751.68,0.85
2026-07-09 22:00:00,17.85,41.97,18.89,27.49,30.62,55.04,2.52,0.2,20.91,2.56,6.16,NA,0.67,1.35,1.25,24.86,95.46,1.51,275.25,NA,NA,26.17,751.7,0.85
2026-07-09 23:00:00,21.07,41.84,17.03,23.0,25.94,45.62,1.96,0.35,23.79,2.52,5.94,NA,0.68,1.35,0.7,24.83,95.46,1.5,299.36,NA,NA,26.15,751.7,0.85
2026-07-10 00:00:00,20.31,40.17,12.66,18.68,20.52,NA,1.2,0.82,22.09,1.09,3.68,NA,0.33,0.46,0.48,24.64,95.46,1.37,286.37,NA,NA,27.68,751.63,0.84
2026-07-10 01:00:00,12.31,43.22,13.22,18.28,20.7,37.02,1.29,0.72,20.38,1.07,3.82,NA,0.27,0.45,0.46,24.61,95.46,1.74,319.95,NA,NA,27.36,751.6,0.84
2026-07-10 02:00:00,16.04,41.47,11.86,18.97,20.02,32.75,1.3,0.85,19.4,1.1,3.64,NA,0.28,0.46,0.47,24.57,95.46,1.57,326.92,NA,NA,27.12,751.6,0.83
2026-07-10 03:00:00,9.63,44.61,14.46,18.21,21.87,30.87,1.1,0.36,17.82,1.09,3.79,NA,0.3,0.45,0.46,24.46,95.46,1.56,304.43,NA,NA,28.24,751.6,0.83
2026-07-10 04:00:00,8.47,42.52,14.28,17.87,21.34,33.65,1.02,0.42,20.22,1.04,3.58,NA,0.31,0.58,0.5,24.45,95.46,1.59,312.31,NA,NA,29.28,751.6,0.83
2026-07-10 05:00:00,10.61,43.94,12.96,17.75,20.27,37.99,1.02,0.41,24.42,0.95,3.34,NA,0.3,0.65,0.54,24.45,95.46,1.59,337.71,NA,NA,32.42,751.6,0.83
2026-07-10 06:00:00,11.35,43.99,12.76,18.82,20.53,41.22,1.12,0.36,27.07,1.84,4.16,NA,0.48,1.16,0.74,24.45,95.46,1.63,258.45,NA,NA,31.83,751.6,0.83
2026-07-10 07:00:00,8.12,47.71,14.69,18.58,22.67,43.31,2.06,0.27,22.84,2.79,5.28,NA,0.65,1.65,0.94,24.47,95.46,1.51,113.64,NA,NA,28.0,751.6,0.83
2026-07-10 08:00:00,13.79,45.93,13.36,18.63,21.47,45.14,1.78,0.3,21.98,2.73,5.26,NA,0.65,1.65,0.94,24.37,95.46,1.34,110.08,NA,NA,27.51,751.58,0.83
2026-07-10 09:00:00,23.03,34.9,12.89,17.64,20.15,41.08,2.47,0.81,26.2,2.81,5.04,NA,0.68,1.68,0.96,24.25,95.46,1.79,99.62,NA,NA,35.54,751.53,0.82
2026-07-10 10:00:00,23.09,35.78,12.15,16.64,19.12,37.3,2.17,0.88,28.43,2.57,5.63,NA,0.64,1.78,0.83,24.4,95.45,1.57,347.13,NA,NA,57.24,751.55,0.83
2026-07-10 11:00:00,12.96,38.67,17.91,16.53,24.79,35.46,5.75,0.26,47.7,1.87,4.43,NA,0.44,1.32,0.59,24.91,95.42,1.36,176.12,NA,NA,385.65,751.73,0.85
2026-07-10 12:00:00,23.25,42.2,15.94,16.57,22.75,34.87,7.32,0.35,55.41,2.08,4.02,NA,0.41,1.05,0.62,25.31,95.4,1.56,344.31,NA,NA,383.82,751.83,0.87
2026-07-10 13:00:00,35.75,55.97,16.04,16.01,22.45,31.92,6.71,0.45,61.4,2.35,3.64,NA,0.39,0.77,0.65,26.79,95.36,1.66,260.48,NA,NA,359.03,752.23,0.93
2026-07-10 14:00:00,23.89,56.95,13.21,14.91,18.53,28.31,1.9,0.55,66.66,2.31,3.45,NA,0.39,0.79,0.64,28.41,95.22,1.79,172.84,NA,NA,303.91,752.68,1.0
2026-07-10 15:00:00,22.53,58.76,14.24,14.45,19.03,30.67,1.59,0.57,67.85,2.3,3.59,NA,0.38,0.8,0.68,29.25,88.93,1.82,118.15,NA,NA,271.54,752.88,1.04
2026-07-10 16:00:00,28.16,58.51,13.77,15.1,18.75,36.75,1.04,0.61,53.24,2.08,4.8,NA,0.48,0.92,0.71,29.72,76.17,1.46,21.79,NA,NA,257.01,753.0,1.06
2026-07-10 17:00:00,23.31,64.37,16.21,16.67,21.52,46.09,2.39,0.45,33.51,1.77,5.35,NA,0.5,0.96,0.79,24.36,94.87,1.48,262.33,NA,NA,364.24,751.58,0.83
2026-07-10 18:00:00,21.32,54.66,16.06,19.13,21.47,50.13,2.2,0.45,32.03,2.14,5.8,NA,0.57,1.18,1.19,23.89,95.45,1.6,324.09,NA,NA,368.85,751.45,0.81
2026-07-10 19:00:00,12.35,49.74,19.52,19.06,25.52,54.47,1.38,0.73,33.74,2.49,6.52,NA,0.61,1.26,1.32,23.93,95.46,1.57,290.45,NA,NA,368.77,751.43,0.8
2026-07-10 20:00:00,15.34,50.1,20.26,19.54,27.37,57.42,1.38,1.05,30.83,2.52,6.64,NA,0.6,1.28,1.34,23.95,95.46,1.47,292.22,NA,NA,295.13,751.5,0.81
2026-07-10 21:00:00,22.91,48.46,17.45,21.08,28.08,53.5,1.33,0.83,24.23,2.45,6.57,NA,0.6,1.26,1.34,24.13,95.46,1.47,187.0,NA,NA,NA,751.5,0.82
2026-07-10 22:00:00,20.62,45.93,16.46,20.87,23.32,56.73,1.27,0.91,21.3,1.97,4.75,NA,0.51,1.0,0.69,24.24,95.46,1.64,236.31,NA,NA,13.78,751.5,0.82
2026-07-10 23:00:00,28.54,38.25,14.89,19.62,23.58,41.35,1.98,0.41,15.31,1.91,4.26,NA,0.47,0.94,0.49,24.27,95.46,1.7,248.74,NA,NA,13.22,751.55,0.82
2026-07-11 00:00:00,31.58,48.06,12.47,16.23,19.01,NA,1.23,0.99,12.66,0.79,2.76,NA,0.21,0.34,0.31,23.89,95.46,1.31,256.0,NA,NA,14.73,751.48,0.8
2026-07-11 01:00:00,17.74,73.84,11.45,16.1,17.94,37.09,1.03,1.02,12.56,0.77,2.71,NA,0.18,0.31,0.32,23.71,95.46,1.67,320.37,NA,NA,14.84,751.4,0.8
2026-07-11 02:00:00,16.13,57.57,11.87,15.99,18.09,31.43,1.02,1.08,10.61,0.77,2.64,NA,0.23,0.33,0.32,23.74,95.46,1.79,296.23,NA,NA,15.2,751.4,0.8
2026-07-11 03:00:00,15.81,48.17,15.47,16.21,22.08,31.88,1.0,0.89,9.07,0.78,2.7,NA,0.19,0.33,0.32,23.92,95.46,1.77,288.61,NA,NA,18.88,751.45,0.81
2026-07-11 04:00:00,17.13,43.13,16.95,15.9,23.28,35.02,1.0,0.98,8.98,0.72,2.54,NA,0.22,0.4,0.39,23.91,95.46,1.67,232.93,NA,NA,18.86,751.45,0.81
2026-07-11 05:00:00,18.71,39.86,13.31,16.72,20.22,38.01,1.14,0.95,8.65,0.7,2.38,NA,0.22,0.46,0.39,23.84,95.46,1.65,219.86,NA,NA,18.46,751.4,0.8
2026-07-11 06:00:00,19.22,43.61,14.99,16.35,21.65,42.06,1.92,0.5,8.9,1.62,3.43,NA,0.41,1.02,0.61,23.97,95.46,1.51,175.61,NA,NA,20.7,751.45,0.81
2026-07-11 07:00:00,13.15,39.97,12.88,16.23,19.5,44.93,1.51,0.52,9.91,1.95,3.93,NA,0.49,1.16,0.68,24.65,95.44,1.32,115.71,NA,NA,15.24,751.65,0.84
2026-07-11 08:00:00,24.85,42.93,14.88,16.93,21.18,51.4,1.24,0.46,11.58,2.0,3.79,NA,0.48,1.17,0.69,25.74,95.4,1.45,22.61,NA,NA,153.31,751.98,0.88
2026-07-11 09:00:00,17.52,43.85,17.42,21.88,26.09,66.69,2.89,0.67,19.5,2.01,3.69,NA,0.47,1.16,0.68,27.46,95.25,1.52,33.47,NA,NA,295.41,752.4,0.96
2026-07-11 10:00:00,20.95,50.89,19.68,21.87,28.35,61.63,2.66,0.75,21.06,1.85,4.23,NA,0.44,1.25,0.63,29.08,83.43,1.31,41.78,NA,NA,253.19,752.85,1.04
2026-07-11 11:00:00,19.89,60.11,16.94,23.24,26.97,58.3,2.33,0.46,24.78,1.82,4.39,NA,0.44,1.33,0.58,30.51,70.77,1.72,55.43,NA,NA,280.79,753.23,1.1
2026-07-11 12:00:00,38.81,64.02,12.95,20.46,20.11,57.89,1.46,0.79,24.65,2.22,3.8,NA,0.42,0.91,0.63,31.25,67.9,1.74,58.14,NA,NA,351.53,753.45,1.13
2026-07-11 13:00:00,43.53,74.06,13.25,19.43,21.15,52.57,1.0,0.19,34.92,2.65,4.0,NA,0.42,0.89,0.72,31.62,67.33,1.76,44.3,NA,NA,425.18,753.53,1.15
2026-07-11 14:00:00,36.56,73.39,12.52,16.69,18.42,47.21,1.0,0.21,38.48,2.78,4.18,NA,0.48,0.97,0.75,31.98,66.54,1.63,43.39,NA,NA,460.53,753.63,1.16
2026-07-11 15:00:00,39.63,76.68,14.69,17.05,20.0,51.29,1.0,0.45,39.3,2.82,4.26,NA,0.48,0.96,0.75,31.86,66.94,1.77,52.76,NA,NA,419.19,753.6,1.15
2026-07-11 16:00:00,37.82,82.07,13.65,18.25,20.7,55.32,1.0,0.61,40.15,2.44,5.18,NA,0.55,1.04,0.87,31.51,68.04,1.42,64.81,NA,NA,405.26,753.53,1.14
2026-07-11 17:00:00,29.7,85.91,15.67,18.05,24.25,59.66,1.08,0.56,41.18,2.11,6.21,NA,0.56,1.2,0.95,29.93,76.19,1.46,106.34,NA,NA,377.57,753.05,1.07
2026-07-11 18:00:00,31.41,87.53,14.33,18.32,21.84,64.75,1.25,0.65,35.44,2.96,7.73,NA,0.71,1.5,1.62,27.04,93.93,1.42,152.01,NA,NA,373.63,752.28,0.94
2026-07-11 19:00:00,26.81,85.38,15.38,18.73,23.31,67.26,2.26,0.57,33.48,2.99,7.59,NA,0.73,1.51,1.57,26.83,95.39,1.83,180.59,NA,NA,370.62,752.25,0.93
2026-07-11 20:00:00,24.49,77.79,14.8,17.05,21.06,71.67,2.2,0.85,33.27,2.98,7.72,NA,0.71,1.53,1.62,27.06,95.41,2.2,164.01,NA,NA,368.32,752.3,0.94
2026-07-11 21:00:00,30.04,80.61,15.78,17.41,21.36,66.25,2.11,0.91,37.86,3.04,7.98,NA,0.72,1.53,1.61,26.88,95.42,2.19,197.0,NA,NA,367.6,752.25,0.94
2026-07-11 22:00:00,27.97,79.53,14.26,16.71,20.37,68.84,1.64,0.8,37.96,2.35,6.14,NA,0.64,1.23,0.82,26.6,95.42,2.16,194.97,NA,NA,286.76,752.18,0.92
2026-07-11 23:00:00,29.55,70.17,15.25,16.42,21.35,49.91,1.11,0.76,39.99,2.21,5.23,NA,0.56,1.11,0.55,26.5,95.42,1.42,157.56,NA,NA,30.17,752.17,0.92
2026-07-12 00:00:00,30.05,81.58,11.47,17.29,18.81,NA,1.36,0.58,39.32,0.94,3.17,NA,0.24,0.4,0.39,26.85,95.42,1.62,31.24,NA,NA,4.28,752.23,0.93
2026-07-12 01:00:00,28.93,83.81,10.74,15.28,16.24,45.77,1.34,0.65,40.98,0.93,3.33,NA,0.23,0.4,0.39,27.08,95.42,1.76,14.63,NA,NA,NA,752.3,0.94
2026-07-12 02:00:00,38.85,85.1,12.32,15.4,18.09,37.49,1.04,0.81,39.3,0.93,3.11,NA,0.21,0.39,0.37,26.95,95.31,1.61,31.3,NA,NA,NA,752.3,0.94
2026-07-12 03:00:00,29.94,87.39,10.59,17.36,18.34,38.94,3.07,0.24,42.4,0.94,3.21,NA,0.25,0.39,0.38,26.84,94.8,1.79,26.79,NA,NA,NA,752.25,0.93
2026-07-12 04:00:00,31.8,88.87,12.2,16.11,18.7,42.59,2.75,0.26,39.07,0.86,2.96,NA,0.27,0.49,0.43,26.72,91.38,1.67,29.58,NA,NA,NA,752.2,0.93
2026-07-12 05:00:00,28.2,84.43,10.03,17.41,18.17,48.62,2.4,0.33,34.24,0.8,2.76,NA,0.28,0.58,0.46,26.4,87.16,1.75,50.86,NA,NA,0.07,752.13,0.92
2026-07-12 06:00:00,24.79,82.94,9.8,15.66,15.83,50.74,1.5,0.29,26.81,1.58,3.84,NA,0.58,1.41,0.8,26.23,93.88,1.86,111.95,NA,NA,11.03,752.1,0.91
2026-07-12 07:00:00,41.16,78.29,11.74,15.7,17.82,56.59,1.46,0.25,31.56,2.39,4.8,NA,0.56,1.41,0.8,27.01,94.87,1.83,213.91,NA,NA,39.84,752.25,0.93
2026-07-12 08:00:00,23.91,73.69,11.69,16.53,18.52,60.95,1.15,0.41,34.8,2.39,4.47,NA,0.57,1.41,0.82,29.33,74.45,1.91,75.88,NA,NA,129.83,752.75,1.02
2026-07-12 09:00:00,26.75,80.02,12.94,18.92,19.63,65.37,1.11,0.31,50.01,2.35,4.71,NA,0.57,1.43,0.82,30.66,69.74,1.57,66.62,NA,NA,224.99,753.28,1.1
2026-07-12 10:00:00,38.07,80.49,16.69,21.03,25.7,61.04,1.1,0.43,53.54,2.19,5.12,NA,0.53,1.61,0.69,31.93,65.75,1.53,70.45,NA,NA,205.53,753.53,1.15
2026-07-12 11:00:00,20.99,86.86,9.51,18.57,16.78,58.7,2.7,0.47,60.29,2.14,5.48,NA,0.53,1.6,0.73,32.5,64.11,1.54,69.95,NA,NA,208.61,753.78,1.18
2026-07-12 12:00:00,26.41,86.74,14.43,18.73,22.36,58.43,2.11,0.46,63.35,2.63,4.5,NA,0.51,1.1,0.76,33.22,62.71,1.66,73.57,NA,NA,182.59,753.98,1.21
2026-07-12 13:00:00,31.46,104.91,12.37,17.93,19.42,49.37,1.0,0.19,65.84,2.82,4.43,NA,0.49,0.97,0.75,33.82,60.8,1.8,58.97,NA,NA,97.51,754.13,1.24
2026-07-12 14:00:00,30.61,100.82,14.17,17.74,21.1,47.78,1.0,0.22,66.2,2.82,4.06,NA,0.49,0.96,0.75,33.81,61.33,1.76,50.88,NA,NA,107.34,754.13,1.24
2026-07-12 15:00:00,42.69,104.94,14.07,18.64,21.9,52.53,2.7,0.42,63.67,2.83,4.41,NA,0.46,0.93,0.72,33.26,63.77,1.75,52.69,NA,NA,188.18,753.98,1.21
2026-07-12 16:00:00,49.58,115.43,11.52,17.96,18.56,54.41,2.78,0.46,65.44,2.32,6.0,NA,0.53,1.13,0.88,32.77,64.58,1.69,49.02,NA,NA,190.31,753.85,1.19
2026-07-12 17:00:00,42.59,121.74,13.1,18.33,20.62,58.78,1.73,0.53,63.67,2.18,6.19,NA,0.59,1.13,0.91,32.49,64.16,1.8,49.15,NA,NA,176.75,753.78,1.19
2026-07-12 18:00:00,37.23,130.76,16.56,18.33,24.09,63.18,1.49,0.52,62.64,2.75,7.47,NA,0.71,1.42,1.42,31.79,65.27,2.02,51.65,NA,NA,165.05,753.58,1.15
2026-07-12 19:00:00,43.25,134.75,15.58,19.45,22.99,64.85,1.41,0.65,53.97,2.97,7.86,NA,0.71,1.52,1.59,31.04,66.93,1.97,58.76,NA,NA,126.13,753.38,1.12
2026-07-12 20:00:00,45.82,131.17,18.72,23.93,28.21,59.54,1.72,0.7,32.98,3.07,7.83,NA,0.7,1.51,1.59,30.48,67.64,2.05,56.79,NA,NA,60.28,753.2,1.1
2026-07-12 21:00:00,36.46,131.97,22.38,25.97,32.69,53.52,1.35,0.84,19.98,2.7,7.79,NA,0.67,1.5,1.61,29.99,69.0,2.09,54.72,NA,NA,27.51,753.1,1.07
2026-07-12 22:00:00,43.09,133.1,19.28,25.09,28.76,55.43,1.11,0.71,20.17,2.42,5.98,NA,0.62,1.24,0.81,29.77,69.19,1.81,42.22,NA,NA,28.31,753.0,1.06
2026-07-12 23:00:00,50.85,131.6,22.7,27.14,32.03,45.82,1.02,0.88,22.07,2.22,5.11,NA,0.6,1.12,0.57,29.68,68.25,1.87,46.37,NA,NA,28.65,753.0,1.06
2026-07-13 00:00:00,44.1,126.56,14.7,19.59,22.14,NA,1.0,0.52,23.37,0.95,3.26,NA,0.24,0.4,0.39,28.94,70.9,1.69,45.65,NA,NA,29.59,752.8,1.03
2026-07-13 01:00:00,29.26,124.86,14.01,20.63,22.62,37.18,1.52,0.33,21.68,0.92,3.23,NA,0.22,0.38,0.38,28.38,70.5,1.54,43.32,NA,NA,29.7,752.68,1.0
2026-07-13 02:00:00,52.82,114.54,14.99,20.21,23.19,29.82,1.2,0.4,20.35,0.94,3.11,NA,0.25,0.4,0.38,28.02,70.16,1.77,26.45,NA,NA,30.54,752.55,0.99
2026-07-13 03:00:00,47.08,107.3,16.27,19.99,24.25,31.07,1.46,0.51,20.56,0.94,3.1,NA,0.27,0.4,0.37,27.82,70.58,1.82,30.96,NA,NA,30.32,752.5,0.98
2026-07-13 04:00:00,36.74,89.81,14.33,20.14,22.47,36.0,1.29,0.79,19.3,0.8,2.68,NA,0.27,0.58,0.47,27.23,72.51,1.67,46.02,NA,NA,30.52,752.35,0.95
2026-07-13 05:00:00,28.58,83.28,15.48,21.04,24.47,41.19,1.21,0.19,17.02,0.83,2.75,NA,0.27,0.58,0.46,26.89,74.58,1.74,50.07,NA,NA,32.66,752.25,0.94
2026-07-13 06:00:00,31.29,90.73,13.32,20.95,22.26,42.97,1.11,0.29,17.2,2.39,4.56,NA,0.56,1.39,0.81,27.1,75.02,1.65,53.65,NA,NA,42.68,752.32,0.95
2026-07-13 07:00:00,37.88,83.12,13.54,19.54,20.83,45.82,1.05,0.4,20.71,2.35,4.52,NA,0.56,1.42,0.81,27.83,73.79,1.88,54.08,NA,NA,80.93,752.5,0.98
2026-07-13 08:00:00,44.0,92.72,17.65,27.94,29.96,50.14,1.56,0.26,47.04,2.3,4.45,NA,0.56,1.42,0.82,29.96,69.1,1.78,53.98,NA,NA,395.02,753.08,1.07
2026-07-13 09:00:00,45.89,93.15,17.12,28.53,29.96,52.69,1.37,0.6,57.46,2.37,4.68,NA,0.57,1.41,0.83,31.18,66.05,1.71,60.07,NA,NA,473.15,753.4,1.13
2026-07-13 10:00:00,36.97,88.26,18.83,26.17,29.4,48.88,1.0,0.92,61.49,2.24,5.4,NA,0.54,1.54,0.73,32.24,63.0,1.73,70.95,NA,NA,512.67,753.68,1.17
2026-07-13 11:00:00,38.61,96.23,20.09,25.14,30.53,47.88,1.42,0.48,61.71,2.2,5.31,NA,0.52,1.6,0.66,33.6,58.99,1.77,70.41,NA,NA,549.98,754.03,1.23
2026-07-13 12:00:00,40.67,98.25,14.03,21.35,24.19,46.65,2.38,0.14,55.51,2.82,4.52,NA,0.48,0.95,0.77,34.59,56.65,1.71,69.87,NA,NA,527.52,754.35,1.28
2026-07-13 13:00:00,48.32,112.9,17.2,21.65,26.84,43.69,2.24,0.25,57.58,2.77,4.29,NA,0.49,0.93,0.78,34.96,55.4,1.46,71.55,NA,NA,470.65,754.43,1.29
2026-07-13 14:00:00,41.83,115.72,15.27,21.71,25.94,37.22,2.66,0.46,55.02,2.76,4.2,NA,0.47,0.97,0.78,34.5,56.64,1.96,69.45,NA,NA,406.29,754.3,1.26
2026-07-13 15:00:00,45.86,121.92,16.56,20.31,23.97,39.87,1.56,0.88,57.2,2.75,4.18,NA,0.48,0.96,0.74,34.59,57.1,1.68,71.01,NA,NA,403.72,754.33,1.28
2026-07-13 16:00:00,47.31,125.09,15.75,18.7,22.32,43.79,1.08,1.34,57.89,2.32,6.05,NA,0.6,1.1,0.88,34.89,55.8,1.62,72.14,NA,NA,396.8,754.43,1.29
2026-07-13 17:00:00,41.93,125.47,17.17,19.48,24.56,48.83,1.87,0.42,60.05,2.13,6.27,NA,0.59,1.13,0.94,34.26,57.42,1.91,53.78,NA,NA,378.03,754.25,1.26
2026-07-13 18:00:00,47.13,133.6,17.37,21.22,25.19,52.39,1.74,0.37,48.78,2.71,7.54,NA,0.7,1.43,1.44,33.28,60.52,2.16,56.67,NA,NA,303.8,753.95,1.21
2026-07-13 19:00:00,56.62,137.48,19.19,27.55,30.02,56.99,1.01,0.6,30.15,2.83,7.84,NA,0.7,1.49,1.58,32.55,62.01,2.01,47.92,NA,NA,158.2,753.8,1.19
2026-07-13 20:00:00,50.96,140.7,18.81,27.14,32.04,60.67,1.01,0.62,27.72,2.86,7.65,NA,0.7,1.52,1.58,32.02,62.82,2.02,39.17,NA,NA,157.75,753.65,1.16
2026-07-13 21:00:00,50.87,141.66,19.42,25.88,26.64,56.89,1.03,0.48,30.83,2.96,7.55,NA,0.71,1.46,1.6,31.45,64.0,2.11,35.79,NA,NA,158.4,753.5,1.14
2026-07-13 22:00:00,48.16,145.02,16.76,26.63,27.37,56.67,1.02,0.51,32.21,2.44,5.71,NA,0.62,1.2,0.83,30.98,65.62,2.33,48.13,NA,NA,147.1,753.35,1.12
2026-07-13 23:00:00,51.85,143.37,21.41,27.3,33.12,45.48,1.03,0.51,25.96,2.12,5.09,NA,0.58,1.1,0.59,30.76,66.5,1.53,15.98,NA,NA,132.86,753.3,1.1
2026-07-14 00:00:00,50.32,136.32,13.38,17.69,21.47,NA,1.03,0.62,14.53,0.94,3.12,NA,0.22,0.41,0.42,30.42,67.46,1.95,39.09,NA,NA,13.6,753.2,1.09
2026-07-14 01:00:00,34.22,139.52,13.42,16.6,20.43,36.98,1.1,0.63,13.32,0.93,3.22,NA,0.22,0.39,0.4,29.76,68.12,1.99,51.53,NA,NA,13.05,753.03,1.06
2026-07-14 02:00:00,46.11,136.52,13.89,15.66,19.95,29.54,1.01,0.69,12.54,0.91,3.13,NA,0.23,0.41,0.37,29.21,69.68,1.94,61.83,NA,NA,13.65,752.85,1.04
2026-07-14 03:00:00,48.21,130.05,11.74,16.0,18.08,31.31,1.0,0.29,12.94,0.93,3.3,NA,0.24,0.39,0.39,28.92,70.22,1.85,39.73,NA,NA,13.71,752.8,1.03
2026-07-14 04:00:00,45.12,117.42,14.3,16.08,20.65,34.75,1.0,0.15,12.31,0.83,2.84,NA,0.24,0.52,0.45,28.69,70.02,1.87,122.16,NA,NA,13.4,752.73,1.02
2026-07-14 05:00:00,42.35,117.62,11.97,16.48,18.69,37.86,1.2,0.58,12.39,0.82,2.95,NA,0.27,0.58,0.47,28.28,70.15,1.75,47.81,NA,NA,14.98,752.65,1.0
2026-07-14 06:00:00,38.64,121.5,13.4,16.74,20.53,41.82,1.13,0.77,14.3,1.86,4.42,NA,0.5,1.21,0.73,28.34,70.01,1.78,44.86,NA,NA,22.85,752.63,1.0
2026-07-14 07:00:00,51.19,122.2,14.37,16.11,20.86,45.09,2.99,0.34,13.93,2.34,4.58,NA,0.55,1.4,0.81,29.74,67.19,1.94,46.73,NA,NA,59.8,753.0,1.05
2026-07-14 08:00:00,54.19,120.97,15.24,18.34,22.47,51.48,2.68,0.36,15.97,2.4,4.48,NA,0.55,1.37,0.82,30.82,64.83,1.92,63.7,NA,NA,175.53,753.3,1.11
2026-07-14 09:00:00,50.63,126.3,18.37,25.91,29.05,63.54,1.7,0.37,16.79,2.47,4.53,NA,0.58,1.4,0.81,31.66,63.2,1.79,80.14,NA,NA,411.25,753.55,1.15
2026-07-14 10:00:00,45.49,124.51,18.95,29.2,32.1,61.1,1.03,0.29,18.82,2.32,5.4,NA,0.56,1.61,0.78,32.53,62.16,1.87,70.38,NA,NA,500.61,753.78,1.19
2026-07-14 11:00:00,55.53,125.25,22.36,27.8,32.72,54.77,3.14,0.48,35.12,2.43,6.0,NA,0.59,1.81,0.81,33.77,59.41,1.74,81.53,NA,NA,485.02,754.1,1.24
2026-07-14 12:00:00,71.31,139.69,21.01,29.26,33.31,53.42,4.0,0.63,71.4,3.06,5.39,NA,0.57,1.29,0.85,34.83,57.45,1.45,69.85,NA,NA,382.34,754.4,1.29
2026-07-14 13:00:00,67.64,139.05,20.4,28.69,32.28,48.13,3.15,0.58,77.38,3.26,5.08,NA,0.56,1.07,0.93,35.05,56.78,1.37,56.11,NA,NA,284.37,754.48,1.3
2026-07-14 14:00:00,50.97,129.12,20.44,28.77,32.61,43.76,5.79,0.59,74.07,3.17,4.91,NA,0.58,1.11,0.91,35.0,56.17,1.78,70.02,NA,NA,202.02,754.43,1.29
2026-07-14 15:00:00,51.29,150.76,19.67,29.96,32.72,46.23,1.26,0.57,87.97,3.26,4.89,NA,0.56,1.09,0.88,31.76,63.01,1.82,179.7,NA,NA,157.89,753.55,1.15
2026-07-14 16:00:00,46.12,144.23,17.34,28.34,30.28,51.04,1.13,0.65,71.73,2.76,6.94,NA,0.64,1.28,1.06,27.23,79.47,1.59,173.12,NA,NA,107.93,752.35,0.95
2026-07-14 17:00:00,72.44,111.98,12.87,21.54,22.41,55.68,1.95,0.4,26.41,2.58,7.37,NA,0.69,1.36,1.06,25.92,95.4,1.54,198.92,NA,NA,34.62,752.0,0.9
2026-07-14 18:00:00,68.42,89.76,12.85,21.79,21.98,58.0,2.68,0.42,17.21,3.03,8.55,NA,0.78,1.73,1.7,27.28,95.31,1.12,224.02,NA,NA,24.43,752.38,0.95
2026-07-14 19:00:00,49.46,74.14,18.65,25.8,31.37,61.84,1.38,0.64,13.41,3.63,9.1,NA,0.84,1.81,1.82,27.51,81.51,1.49,113.67,NA,NA,13.17,752.4,0.96
2026-07-14 20:00:00,45.65,67.07,18.71,24.07,28.39,65.99,0.83,0.9,17.05,3.57,9.06,NA,0.82,1.74,1.86,27.33,73.38,1.76,189.3,NA,NA,3.91,752.38,0.95
2026-07-14 21:00:00,44.37,60.68,14.97,24.75,24.6,60.41,3.84,0.89,21.1,3.41,8.99,NA,0.84,1.76,1.83,26.92,73.27,1.87,196.88,NA,NA,NA,752.28,0.94
2026-07-14 22:00:00,44.02,57.03,16.54,25.68,27.44,64.34,4.17,1.02,22.78,2.84,6.7,NA,0.74,1.45,0.97,27.0,75.26,1.86,200.75,NA,NA,103.95,752.28,0.94
2026-07-14 23:00:00,39.94,59.61,15.71,24.58,26.32,51.49,3.19,0.85,20.71,2.53,6.29,NA,0.67,1.3,0.67,27.36,76.62,1.88,250.11,NA,NA,59.9,752.37,0.96
2026-07-15 00:00:00,49.26,57.91,8.25,17.48,15.96,NA,3.68,0.82,24.74,1.12,3.73,NA,0.3,0.46,0.46,26.95,86.76,1.66,130.9,NA,NA,8.55,752.28,0.94
2026-07-15 01:00:00,31.54,56.11,9.97,17.03,17.27,40.71,3.48,0.26,23.73,1.08,3.76,NA,0.25,0.46,0.49,24.45,95.45,1.56,237.79,NA,NA,38.67,751.58,0.83
2026-07-15 02:00:00,39.5,53.64,14.73,18.1,23.13,32.1,2.4,0.29,24.2,1.09,3.76,NA,0.29,0.44,0.48,23.84,95.46,1.58,278.18,NA,NA,40.69,751.43,0.8
2026-07-15 03:00:00,29.6,50.1,14.31,16.54,21.19,34.39,3.23,0.47,23.87,1.09,3.75,NA,0.24,0.45,0.47,24.03,95.46,1.85,282.73,NA,NA,42.12,751.5,0.81
2026-07-15 04:00:00,35.39,44.54,10.17,16.37,16.69,39.15,5.9,1.35,23.68,0.99,3.39,NA,0.29,0.59,0.53,24.34,95.46,1.37,151.22,NA,NA,39.76,751.58,0.82
2026-07-15 05:00:00,30.83,43.54,12.63,16.77,19.76,44.23,1.2,0.13,30.64,0.96,3.39,NA,0.3,0.64,0.55,24.47,95.46,1.71,66.21,NA,NA,43.05,751.6,0.83
2026-07-15 06:00:00,30.02,39.89,11.5,17.55,19.44,45.59,2.7,0.23,28.11,2.34,4.72,NA,0.48,1.4,0.83,24.76,95.45,1.52,204.87,NA,NA,47.67,751.73,0.85
2026-07-15 07:00:00,29.8,38.5,12.19,18.37,20.34,51.04,4.04,0.33,24.56,2.77,5.18,NA,0.65,1.65,0.94,25.56,95.43,1.82,176.83,NA,NA,46.46,751.9,0.88
2026-07-15 08:00:00,34.97,47.91,14.08,22.18,24.22,60.37,7.65,0.45,26.9,2.76,5.45,NA,0.66,1.62,0.96,28.22,89.15,1.78,265.06,NA,NA,32.85,752.45,0.97
2026-07-15 09:00:00,31.45,55.26,13.2,21.26,22.44,63.55,6.69,0.55,29.84,2.84,5.4,NA,0.66,1.64,0.97,29.37,81.87,1.37,320.13,NA,NA,NA,752.93,1.04
2026-07-15 10:00:00,31.9,58.14,15.49,21.67,24.55,61.46,4.08,0.79,44.72,2.58,5.74,NA,0.64,1.74,0.91,31.57,68.13,1.39,168.1,NA,NA,199.69,753.6,1.16
2026-07-15 11:00:00,43.51,67.08,17.14,24.36,27.15,59.34,4.42,0.67,68.45,2.73,6.17,NA,0.61,1.86,0.82,32.96,64.42,1.26,95.63,NA,NA,279.58,753.8,1.19
2026-07-15 12:00:00,52.11,76.33,15.48,25.72,26.22,57.89,3.88,0.34,67.75,3.06,5.14,NA,0.58,1.3,0.88,33.18,63.33,1.59,87.96,NA,NA,355.83,753.95,1.21
2026-07-15 13:00:00,59.54,83.93,16.17,25.48,26.75,53.21,3.36,0.37,58.62,3.25,4.87,NA,0.56,1.06,0.9,33.61,62.31,1.07,81.29,NA,NA,385.86,754.08,1.23
2026-07-15 14:00:00,56.1,81.73,14.61,23.89,24.2,53.02,2.52,0.32,56.24,3.26,4.87,NA,0.55,1.11,0.9,32.35,64.45,1.73,135.44,NA,NA,300.69,753.88,1.19
2026-07-15 15:00:00,40.74,85.12,14.31,21.88,23.26,62.96,3.49,0.52,68.18,3.21,5.0,NA,0.53,1.05,0.86,31.24,67.72,2.2,207.0,NA,NA,270.08,753.25,1.1
2026-07-15 16:00:00,42.61,80.31,12.96,22.09,22.52,69.34,3.78,0.51,65.25,2.72,6.47,NA,0.66,1.31,1.06,30.79,68.95,2.2,214.11,NA,NA,271.52,753.3,1.11
2026-07-15 17:00:00,44.68,74.74,15.89,22.73,24.38,66.12,3.27,0.33,47.37,2.95,8.89,NA,0.85,1.73,1.29,30.32,69.64,2.19,210.38,NA,NA,184.48,753.2,1.09
2026-07-15 18:00:00,43.96,68.7,17.94,25.36,28.33,66.69,3.88,0.37,44.99,4.09,11.25,NA,0.99,2.15,2.21,29.99,70.77,2.32,246.64,NA,NA,142.16,753.1,1.08
2026-07-15 19:00:00,32.93,70.32,17.27,30.07,30.64,70.91,3.63,0.51,32.97,4.25,11.54,NA,1.11,2.22,2.4,29.83,72.3,2.47,290.61,NA,NA,76.58,753.03,1.07
2026-07-15 20:00:00,47.5,70.43,15.23,29.18,26.47,75.58,3.95,0.58,26.94,4.33,11.62,NA,1.08,2.3,2.4,29.59,73.77,2.45,287.82,NA,NA,57.05,753.0,1.06
2026-07-15 21:00:00,57.01,70.5,19.33,28.38,30.24,71.67,4.38,0.63,19.83,4.31,11.05,NA,1.08,2.26,2.41,29.37,75.15,2.38,285.98,NA,NA,57.82,752.9,1.05
2026-07-15 22:00:00,54.37,78.05,18.04,28.03,28.76,69.52,5.24,0.74,17.63,3.52,8.55,NA,0.98,1.84,1.28,29.17,76.52,2.2,266.38,NA,NA,57.37,752.85,1.04
2026-07-15 23:00:00,62.57,87.77,14.38,26.59,26.24,60.32,5.83,0.24,13.59,3.42,7.34,NA,0.89,1.68,0.88,28.9,76.8,2.17,280.33,NA,NA,41.95,752.8,1.02
2026-07-16 00:00:00,42.32,102.73,12.6,21.41,21.28,NA,6.89,0.41,13.86,1.41,4.73,NA,0.29,0.59,0.59,28.92,77.27,2.18,24.4,NA,NA,16.02,752.8,1.02
2026-07-16 01:00:00,41.32,98.15,14.09,20.68,22.17,49.34,4.32,0.64,15.84,1.38,4.91,NA,0.36,0.58,0.55,25.58,85.02,1.08,97.89,NA,NA,18.42,751.9,0.88
2026-07-16 02:00:00,38.94,81.97,12.73,21.78,21.92,43.52,4.82,0.75,16.94,1.39,4.77,NA,0.36,0.56,0.6,24.22,90.08,1.13,163.57,NA,NA,19.18,751.55,0.82
2026-07-16 03:00:00,35.5,69.38,10.92,21.31,19.73,42.15,1.88,0.41,24.71,1.36,4.64,NA,0.32,0.61,0.6,23.24,95.47,1.54,202.6,NA,NA,21.8,751.25,0.77
2026-07-16 04:00:00,24.08,53.01,12.2,22.24,21.93,48.3,2.2,0.59,29.79,1.26,4.32,NA,0.4,0.79,0.66,23.48,95.46,1.49,86.17,NA,NA,20.51,751.35,0.79
2026-07-16 05:00:00,13.49,41.28,13.77,21.59,22.84,52.13,3.06,0.51,72.93,1.22,4.17,NA,0.4,0.86,0.69,23.57,95.46,1.79,86.13,NA,NA,20.79,751.35,0.79
2026-07-16 06:00:00,16.92,37.27,13.57,21.82,22.87,52.9,3.18,0.41,79.26,2.32,5.55,NA,0.63,1.5,0.98,23.67,95.46,1.55,130.73,NA,NA,26.15,751.38,0.8
2026-07-16 07:00:00,21.01,36.59,14.17,21.33,23.0,61.96,4.26,0.68,82.79,3.61,6.78,NA,0.84,2.11,1.21,23.98,95.45,1.52,159.11,NA,NA,33.21,751.45,0.81
2026-07-16 08:00:00,14.27,35.75,13.64,22.7,23.83,64.74,4.78,0.68,64.48,3.64,6.71,NA,0.84,2.16,1.19,25.31,95.41,1.5,196.11,NA,NA,33.22,751.73,0.85
2026-07-16 09:00:00,29.46,36.58,13.71,21.33,22.54,69.82,3.83,0.33,26.55,3.46,6.67,NA,0.85,2.11,1.21,27.01,95.35,1.57,73.52,NA,NA,23.49,752.28,0.94
2026-07-16 10:00:00,24.84,40.89,14.09,22.66,23.56,66.91,3.54,0.32,28.46,3.29,7.73,NA,0.81,2.33,1.1,28.93,89.76,1.43,97.68,NA,NA,127.8,752.8,1.02
2026-07-16 11:00:00,24.4,38.24,16.74,24.92,27.18,65.47,2.06,0.57,43.49,3.26,7.75,NA,0.81,2.38,1.07,28.89,83.99,1.37,181.08,NA,NA,215.32,752.78,1.02
2026-07-16 12:00:00,24.76,42.69,16.02,24.88,25.84,63.12,1.28,0.54,49.79,4.0,7.01,NA,0.72,1.64,1.06,28.4,93.72,1.26,160.9,NA,NA,238.67,752.68,1.0
2026-07-16 13:00:00,NA,NA,11.25,20.49,19.55,59.05,3.39,0.49,46.24,4.17,6.19,NA,0.71,1.44,1.13,30.21,86.1,2.12,81.94,NA,NA,230.89,753.15,1.08
2026-07-16 14:00:00,NA,10.6,10.54,18.48,17.72,55.2,2.96,0.71,48.98,4.19,6.38,NA,0.69,1.41,1.18,30.38,77.82,1.79,49.32,NA,NA,258.61,753.2,1.09
2026-07-16 15:00:00,4.38,10.6,NA,NA,NA,54.83,5.64,0.65,47.25,4.17,6.22,NA,0.72,1.39,1.16,30.48,75.67,2.49,135.12,NA,NA,253.9,753.2,1.1
2026-07-16 16:00:00,14.69,23.31,13.92,21.28,23.58,61.52,6.97,0.52,NA,3.54,8.96,NA,0.87,1.65,1.36,30.7,73.37,1.52,188.31,NA,NA,200.31,753.28,1.11
2026-07-16 17:00:00,28.96,48.28,13.8,23.1,23.67,62.58,7.62,0.69,43.67,3.21,9.64,NA,0.87,1.77,1.33,30.38,73.76,2.17,212.05,NA,NA,154.28,753.18,1.09
2026-07-16 18:00:00,37.83,73.49,14.45,24.62,25.36,65.61,8.24,0.7,40.79,3.09,9.61,NA,0.96,1.84,1.48,25.8,89.43,1.25,125.13,NA,NA,138.41,751.97,0.89
2026-07-16 19:00:00,30.54,68.84,16.14,24.49,26.05,68.52,7.96,0.57,33.05,NA,NA,NA,NA,NA,NA,23.65,95.46,1.27,221.67,NA,NA,111.54,751.38,0.79
2026-07-16 20:00:00,26.15,49.97,18.5,27.13,30.88,72.98,9.09,1.05,28.46,NA,NA,NA,NA,NA,NA,23.83,95.46,1.87,244.48,NA,NA,54.35,751.43,0.8
2026-07-16 21:00:00,36.59,51.58,18.05,26.47,29.63,67.5,10.67,0.97,29.67,4.39,11.27,NA,1.1,2.24,2.38,24.21,95.46,1.86,213.63,NA,NA,70.55,751.53,0.82
2026-07-16 22:00:00,32.75,57.91,14.74,24.27,24.38,70.87,11.02,1.34,28.66,3.72,8.52,NA,0.96,1.97,1.64,24.31,95.46,1.85,215.55,NA,NA,79.92,751.6,0.83
2026-07-16 23:00:00,25.26,52.36,10.5,18.01,18.4,42.4,11.21,0.64,24.25,3.28,7.85,NA,0.92,1.65,0.82,24.56,95.46,1.94,227.86,NA,NA,19.24,751.6,0.83
2026-07-17 00:00:00,26.76,45.17,9.94,17.18,17.02,NA,13.55,0.95,25.01,1.38,4.98,NA,0.34,0.57,0.6,24.72,95.46,1.97,224.72,NA,NA,13.39,751.7,0.84
2026-07-17 01:00:00,22.34,42.64,8.88,16.93,15.71,39.31,6.74,0.84,24.96,1.44,4.89,NA,0.3,0.59,0.58,24.8,95.46,1.98,227.09,NA,NA,15.82,751.68,0.85
2026-07-17 02:00:00,17.95,43.68,10.37,17.17,17.42,31.44,7.48,0.99,25.6,1.36,4.72,NA,0.38,0.57,0.55,24.9,95.46,2.0,230.89,NA,NA,18.05,751.7,0.85
2026-07-17 03:00:00,27.09,51.29,9.46,17.11,16.45,32.68,8.14,0.73,24.07,1.39,4.67,NA,0.37,0.61,0.58,24.84,95.46,2.0,230.93,NA,NA,20.2,751.7,0.85
2026-07-17 04:00:00,32.45,58.26,11.02,17.45,18.35,39.19,7.93,0.82,26.99,1.26,4.42,NA,0.38,0.82,0.66,24.9,95.46,1.96,185.8,NA,NA,18.39,751.7,0.85
2026-07-17 05:00:00,28.36,63.01,10.39,17.15,17.44,44.53,8.93,0.99,25.11,1.27,4.16,NA,0.41,0.88,0.72,24.75,95.46,1.94,33.77,NA,NA,20.73,751.7,0.84
2026-07-17 06:00:00,26.98,63.53,11.43,17.55,18.88,45.41,9.47,1.19,25.91,2.52,5.47,NA,0.64,1.51,0.98,25.02,95.45,1.9,115.58,NA,NA,14.86,751.75,0.85
2026-07-17 07:00:00,26.02,61.09,10.0,18.12,18.02,47.76,7.61,0.44,26.85,3.5,7.04,NA,0.83,2.11,1.24,26.56,95.39,1.98,118.75,NA,NA,NA,752.15,0.92
2026-07-17 08:00:00,25.28,57.56,12.65,19.89,21.07,50.67,7.92,0.45,33.06,3.63,7.07,NA,0.87,2.12,1.21,27.59,90.83,1.48,156.56,NA,NA,172.88,752.43,0.97
2026-07-17 09:00:00,25.71,62.68,12.81,23.89,22.78,54.33,6.76,0.51,37.39,3.53,6.61,NA,0.85,2.12,1.2,29.31,78.45,1.47,307.83,NA,NA,308.94,752.93,1.04
2026-07-17 10:00:00,23.86,74.31,12.78,22.5,21.77,52.1,6.56,0.66,40.36,3.29,7.76,NA,0.82,2.33,1.06,30.31,71.89,1.14,262.94,NA,NA,385.66,753.18,1.09
2026-07-17 11:00:00,23.78,78.49,11.28,20.23,19.59,51.68,6.02,0.99,57.47,2.75,8.28,NA,0.78,2.39,1.04,30.84,70.47,2.06,250.52,NA,NA,361.87,753.33,1.11
2026-07-17 12:00:00,28.76,80.31,10.15,19.11,17.82,51.39,5.28,0.99,68.27,1.64,8.05,NA,0.75,1.65,1.1,32.03,67.73,1.36,176.68,NA,NA,380.81,753.65,1.16
2026-07-17 13:00:00,35.56,87.17,11.83,18.96,14.62,46.47,4.4,0.54,70.14,1.13,5.65,NA,0.54,1.05,0.88,32.34,65.89,2.0,55.52,NA,NA,344.16,753.73,0.88
2026-07-17 14:00:00,38.67,91.77,11.2,20.77,20.67,42.58,3.34,0.88,68.22,1.43,7.81,NA,0.71,1.36,1.18,31.2,70.11,1.98,80.08,NA,NA,288.62,753.4,1.13
2026-07-17 15:00:00,35.04,89.46,13.7,20.64,22.68,49.74,6.8,0.55,60.99,1.5,7.84,NA,0.73,1.39,1.11,30.24,75.5,1.67,101.13,NA,NA,257.78,753.18,1.08
2026-07-17 16:00:00,41.32,89.88,14.0,21.98,23.48,56.62,6.67,0.49,43.3,1.52,10.14,NA,0.81,1.68,1.42,29.89,78.54,1.62,115.37,NA,NA,254.57,753.1,1.07
2026-07-17 17:00:00,45.43,93.35,14.45,24.65,24.64,51.73,6.32,0.61,42.08,1.48,11.05,NA,0.91,1.75,1.42,29.88,77.56,1.82,112.4,NA,NA,251.52,753.05,1.07
2026-07-17 18:00:00,46.18,94.62,16.12,26.01,26.57,50.3,6.71,0.71,37.72,1.77,13.25,NA,1.01,2.1,2.22,29.57,81.68,2.01,206.07,NA,NA,187.42,752.95,1.05
2026-07-17 19:00:00,47.29,99.95,19.15,31.53,33.38,55.49,9.48,0.73,30.16,1.89,13.92,NA,1.07,2.3,2.41,28.39,92.27,2.16,209.97,NA,NA,38.76,752.7,1.01
2026-07-17 20:00:00,46.31,101.69,19.43,30.01,32.13,59.07,9.44,0.76,30.16,1.79,14.16,NA,1.06,2.27,2.39,28.13,95.32,2.14,221.86,NA,NA,39.14,752.58,0.99
2026-07-17 21:00:00,47.15,99.73,17.13,31.6,15.72,58.56,9.88,0.32,29.83,0.95,6.84,NA,0.54,1.18,1.21,27.95,95.18,2.2,224.87,NA,NA,38.94,752.5,0.49
2026-07-17 22:00:00,NA,NA,NA,NA,0.0,NA,NA,0.0,NA,0.0,0.0,NA,0.0,0.0,0.0,NA,NA,NA,NA,NA,NA,NA,NA,0.0
2026-07-17 23:00:00,36.96,NA,16.95,21.71,13.08,NA,NA,0.0,26.28,0.58,3.12,NA,3.06,0.86,0.42,27.41,95.4,1.91,230.7,NA,NA,36.93,752.4,0.48
2026-07-18 00:00:00,29.65,82.92,10.15,18.06,17.45,NA,7.73,0.56,25.0,0.84,4.09,NA,0.35,0.57,0.55,27.03,95.42,1.77,285.31,NA,NA,36.82,752.3,0.94
2026-07-18 01:00:00,43.5,72.9,9.98,17.41,17.29,29.91,7.5,1.23,28.33,0.85,4.11,NA,0.36,0.57,0.58,26.9,95.42,1.79,290.65,NA,NA,37.92,752.25,0.94
2026-07-18 02:00:00,40.73,64.54,12.95,17.06,19.91,33.46,8.01,1.37,28.8,0.82,3.98,NA,0.38,0.57,0.55,26.88,95.42,2.05,287.17,NA,NA,36.59,752.25,0.94
2026-07-18 03:00:00,42.07,58.9,9.93,17.36,17.18,28.34,6.68,0.71,30.39,0.85,4.21,NA,0.33,0.58,0.61,26.7,95.42,1.96,289.24,NA,NA,36.49,752.2,0.93
2026-07-18 04:00:00,39.99,63.84,11.7,17.94,19.54,34.6,7.77,0.73,31.02,0.96,7.76,NA,0.41,0.91,0.7,26.61,95.42,1.93,302.24,NA,NA,36.32,752.2,0.93
2026-07-18 05:00:00,35.73,58.97,10.01,18.83,18.74,41.74,6.6,0.64,31.29,0.95,7.72,NA,0.42,0.85,0.7,26.47,95.42,1.88,240.55,NA,NA,37.85,752.13,0.92
2026-07-18 06:00:00,39.05,60.71,12.75,17.44,20.09,44.54,7.03,0.85,30.55,1.63,10.22,NA,0.87,2.1,1.2,26.84,95.42,2.16,313.48,NA,NA,44.77,752.25,0.93
2026-07-18 07:00:00,34.96,64.48,9.4,16.54,15.77,47.73,8.42,0.4,30.93,1.64,10.18,NA,0.84,2.16,1.22,27.85,95.32,2.05,191.77,NA,NA,52.64,752.53,0.95
2026-07-18 08:00:00,36.45,75.26,11.45,16.61,17.96,54.01,8.92,0.43,31.66,1.62,10.3,NA,0.84,2.12,1.17,28.29,92.05,2.04,232.85,NA,NA,61.84,752.65,1.0
2026-07-18 09:00:00,41.15,83.85,9.93,17.18,17.01,51.36,8.23,0.7,30.87,1.68,10.66,NA,0.85,2.09,1.22,27.49,95.32,1.79,197.39,NA,NA,63.05,752.43,0.96
2026-07-18 10:00:00,31.5,81.53,9.49,17.11,16.49,48.71,8.5,0.95,31.71,2.44,8.63,NA,0.78,2.4,1.02,26.59,95.16,1.63,188.24,NA,NA,69.74,752.18,0.92
2026-07-18 11:00:00,27.54,77.53,8.76,17.08,15.51,46.42,7.06,0.42,37.5,2.45,8.42,NA,0.8,2.4,1.04,25.51,95.39,1.88,216.55,NA,NA,138.56,751.88,0.88
2026-07-18 12:00:00,22.48,69.29,10.36,18.05,18.3,45.89,7.49,0.53,47.86,1.5,7.99,NA,0.69,1.41,1.14,25.32,95.42,1.81,211.0,NA,NA,242.88,751.82,0.87
2026-07-18 13:00:00,31.05,53.0,11.0,17.26,18.17,41.13,8.4,0.42,49.24,1.5,7.95,NA,0.69,1.42,1.12,25.39,95.4,1.88,213.98,NA,NA,241.34,751.85,0.87
2026-07-18 14:00:00,30.91,44.83,10.59,17.56,18.04,38.44,8.75,0.71,47.82,1.46,8.01,NA,0.71,1.41,1.13,25.89,95.37,1.83,223.77,NA,NA,262.92,751.98,0.89
2026-07-18 15:00:00,45.98,50.9,8.6,17.05,15.55,47.84,8.35,0.81,46.02,1.46,7.8,NA,0.71,1.37,1.12,26.53,95.33,1.98,223.78,NA,NA,263.87,752.15,0.92
2026-07-18 16:00:00,37.79,54.19,12.07,16.87,18.82,53.52,7.84,0.74,47.69,1.51,11.35,NA,0.88,1.77,1.44,27.35,95.18,1.73,208.94,NA,NA,256.63,752.35,0.96
2026-07-18 17:00:00,32.78,51.83,13.19,19.47,21.13,52.53,8.98,0.71,45.12,1.51,11.58,NA,0.9,1.72,1.39,27.71,86.44,1.8,191.73,NA,NA,206.02,752.5,0.97
2026-07-18 18:00:00,25.74,55.71,14.71,24.52,25.53,56.97,8.59,0.93,39.82,1.79,13.82,NA,1.12,2.26,2.38,27.24,89.44,1.96,214.08,NA,NA,148.56,752.32,0.96
2026-07-18 19:00:00,34.58,60.39,14.88,23.97,25.14,64.08,5.34,0.47,39.22,1.79,14.18,NA,1.09,2.25,2.4,26.9,95.33,2.17,196.88,NA,NA,135.21,752.25,0.94
2026-07-18 20:00:00,30.45,67.37,16.6,25.81,26.87,69.24,5.3,0.75,26.96,1.88,13.92,NA,1.07,2.32,2.37,26.89,95.42,2.18,229.01,NA,NA,44.88,752.28,0.94
2026-07-18 21:00:00,43.86,69.91,20.62,28.56,33.08,60.63,8.23,0.89,25.19,1.81,13.93,NA,1.11,2.25,2.39,26.88,95.4,2.18,226.0,NA,NA,6.33,752.25,0.94
2026-07-18 22:00:00,40.63,71.48,16.93,25.68,27.69,51.6,9.14,1.08,24.13,1.19,5.64,NA,5.83,1.62,0.87,26.57,95.42,2.16,204.17,NA,NA,10.85,752.18,0.92
2026-07-18 23:00:00,45.67,75.56,16.12,23.73,26.14,46.41,7.75,0.56,22.09,1.18,5.75,NA,5.76,1.72,0.89,26.42,95.42,2.08,209.27,NA,NA,16.55,752.13,0.91
2026-07-19 00:00:00,52.49,84.35,12.0,19.98,20.67,NA,8.88,1.33,21.62,0.85,4.24,NA,0.34,0.58,0.6,26.43,95.42,2.15,300.22,NA,NA,17.39,752.1,0.92
2026-07-19 01:00:00,55.66,87.61,12.29,19.84,20.82,33.99,7.14,0.74,21.68,0.82,4.1,NA,0.35,0.59,0.6,26.44,95.42,2.05,290.43,NA,NA,17.95,752.15,0.92
2026-07-19 02:00:00,47.13,81.98,13.44,19.03,21.17,36.5,8.24,0.77,21.71,0.8,4.17,NA,0.33,0.59,0.59,26.44,95.42,2.15,291.7,NA,NA,17.57,752.13,0.92
2026-07-19 03:00:00,37.33,75.65,13.6,20.23,22.53,31.18,9.24,0.84,22.27,0.84,4.24,NA,0.33,0.56,0.6,26.37,95.42,2.13,307.34,NA,NA,18.07,752.1,0.92
2026-07-19 04:00:00,36.8,66.91,11.5,18.56,18.67,40.65,9.13,0.76,22.31,0.95,7.59,NA,0.43,0.84,0.7,26.34,95.42,2.09,330.41,NA,NA,16.96,752.13,0.91
2026-07-19 05:00:00,33.73,63.81,11.62,17.9,18.22,47.18,7.09,1.16,22.39,0.95,7.73,NA,0.41,0.91,0.71,25.91,95.42,2.07,300.83,NA,NA,18.05,752.0,0.89
2026-07-19 06:00:00,29.81,65.73,13.11,19.55,21.36,53.67,7.87,1.36,21.19,1.65,10.73,NA,0.87,2.11,1.22,25.86,95.42,1.84,203.43,NA,NA,18.92,752.0,0.89
2026-07-19 07:00:00,30.78,68.74,13.05,19.44,21.2,56.67,8.47,0.71,22.2,1.65,10.35,NA,0.86,2.12,1.25,25.71,95.42,1.8,194.16,NA,NA,19.34,751.93,0.89
2026-07-19 08:00:00,42.87,69.4,14.01,19.39,22.07,60.74,8.35,0.79,21.16,1.64,10.33,NA,0.85,2.08,1.26,25.45,95.42,1.83,204.61,NA,NA,21.57,751.9,0.87
2026-07-19 09:00:00,39.94,63.11,11.87,18.48,18.83,60.22,9.92,1.01,22.39,1.65,10.09,NA,0.87,2.09,1.21,25.02,95.43,1.83,208.93,NA,NA,21.36,751.72,0.85
2026-07-19 10:00:00,34.68,57.37,16.11,19.08,23.88,53.53,8.7,1.08,19.72,2.34,8.21,NA,0.8,2.4,1.0,23.93,95.46,1.7,202.61,NA,NA,36.85,751.48,0.81
2026-07-19 11:00:00,34.91,59.02,21.06,18.57,27.86,52.53,8.08,0.96,23.67,2.4,8.39,NA,0.79,2.38,1.06,24.17,95.46,1.75,222.28,NA,NA,251.64,751.53,0.82
2026-07-19 12:00:00,27.4,49.78,9.73,19.53,17.57,51.85,2.25,1.91,43.88,1.46,7.7,NA,0.75,1.42,1.11,24.52,95.42,1.84,228.61,NA,NA,249.9,751.6,0.83
2026-07-19 13:00:00,21.38,39.25,11.68,18.62,19.0,45.44,8.42,0.87,42.3,1.54,7.53,NA,0.73,1.39,1.16,24.96,95.42,1.78,202.91,NA,NA,255.17,751.73,0.85
2026-07-19 14:00:00,24.4,33.07,13.73,20.2,22.63,42.9,8.66,1.2,40.39,1.54,7.91,NA,0.71,1.44,1.1,25.53,95.38,1.82,205.62,NA,NA,140.52,751.88,0.88
2026-07-19 15:00:00,NA,NA,13.4,19.46,21.56,53.86,7.48,0.47,40.73,1.46,7.41,NA,0.72,1.43,1.14,25.76,95.38,1.75,201.08,NA,NA,120.07,751.98,0.89
2026-07-19 16:00:00,28.65,29.33,13.73,19.26,21.58,60.07,7.48,0.39,36.25,1.56,11.12,NA,0.88,1.79,1.46,25.49,95.42,1.62,185.44,NA,NA,125.84,751.88,0.87
2026-07-19 17:00:00,28.73,29.38,11.72,20.02,20.34,54.88,8.26,0.77,35.9,1.47,11.27,NA,0.88,1.77,1.45,25.12,95.42,1.74,202.23,NA,NA,122.4,751.8,0.86
2026-07-19 18:00:00,NA,NA,11.53,19.74,19.97,57.92,8.02,1.6,38.35,1.88,13.86,NA,1.02,2.29,2.34,25.09,95.43,1.65,268.2,NA,NA,127.39,751.78,0.86
2026-07-19 19:00:00,23.79,33.67,14.47,22.8,23.76,65.88,8.68,0.67,31.09,1.77,14.18,NA,1.07,2.26,2.43,25.36,95.45,1.71,290.97,NA,NA,75.55,751.82,0.87
2026-07-19 20:00:00,31.05,35.21,21.13,28.34,33.36,70.92,8.44,0.48,21.4,1.79,13.81,NA,1.07,2.28,2.36,25.49,95.45,1.87,289.64,NA,NA,9.32,751.9,0.87
2026-07-19 21:00:00,32.2,39.79,17.49,26.75,28.27,67.81,8.06,0.53,20.94,1.78,13.83,NA,1.06,2.28,2.34,25.53,95.45,1.99,312.31,NA,NA,9.7,751.9,0.88
2026-07-19 22:00:00,24.42,41.56,13.98,20.38,22.69,53.62,9.3,0.8,21.03,1.17,5.71,NA,5.73,1.68,0.89,25.53,95.45,2.01,351.56,NA,NA,14.58,751.9,0.88
2026-07-19 23:00:00,23.62,42.13,13.14,19.82,21.49,51.59,9.5,0.82,21.54,1.19,5.8,NA,5.45,1.69,0.87,25.26,95.45,2.0,336.63,NA,NA,15.98,751.8,0.87
2026-07-20 00:00:00,22.48,36.89,13.15,18.61,20.45,NA,7.93,1.84,22.17,0.84,4.18,NA,0.35,0.59,0.58,24.37,95.46,1.94,309.77,NA,NA,18.96,751.55,0.83
2026-07-20 01:00:00,18.71,37.24,11.82,20.06,20.57,37.05,9.43,0.82,25.87,0.83,4.06,NA,0.33,0.6,0.59,23.67,95.46,1.7,344.09,NA,NA,17.32,751.38,0.79
2026-07-20 02:00:00,22.03,33.57,13.57,19.53,21.52,38.9,10.31,1.02,25.43,0.85,4.2,NA,0.35,0.56,0.6,23.47,95.46,1.64,115.25,NA,NA,18.26,751.32,0.79
2026-07-20 03:00:00,21.69,38.04,12.73,19.63,20.95,34.3,8.94,0.53,23.54,0.85,4.12,NA,0.36,0.57,0.57,23.09,95.46,1.68,52.42,NA,NA,15.74,751.23,0.77
2026-07-20 04:00:00,24.32,35.17,12.15,20.12,20.97,40.79,9.18,0.75,23.93,0.92,7.64,NA,0.41,0.85,0.71,22.74,95.49,1.65,60.19,NA,NA,19.23,751.1,0.75
2026-07-20 05:00:00,18.83,36.67,13.51,18.16,20.37,51.06,8.2,0.17,24.3,0.96,7.76,NA,0.41,0.85,0.69,22.69,95.5,1.58,65.53,NA,NA,19.14,751.1,0.75
2026-07-20 06:00:00,22.49,34.59,12.89,19.11,20.7,56.45,7.44,0.34,23.21,1.65,10.59,NA,0.85,2.1,1.21,22.67,95.5,1.62,130.6,NA,NA,21.28,751.1,0.75
2026-07-20 07:00:00,22.08,30.65,17.71,18.88,25.29,59.85,4.31,0.34,22.22,1.63,10.45,NA,0.83,2.09,1.22,22.8,95.49,1.64,118.18,NA,NA,27.0,751.13,0.75
2026-07-20 08:00:00,25.58,30.45,15.65,17.29,21.49,64.11,2.26,0.53,24.91,1.69,10.49,NA,0.85,2.11,1.21,23.01,95.46,1.63,154.76,NA,NA,107.99,751.2,0.77
2026-07-20 09:00:00,33.11,34.89,15.55,18.43,22.67,62.79,7.58,0.66,30.13,1.66,10.52,NA,0.83,2.13,1.19,23.55,94.74,1.69,205.55,NA,NA,163.56,751.35,0.79
2026-07-20 10:00:00,NA,NA,14.89,18.45,22.02,57.57,11.22,0.74,35.75,2.38,8.56,NA,0.78,2.37,1.05,24.5,95.41,1.46,268.39,NA,NA,128.83,751.6,0.83
2026-07-20 11:00:00,40.81,41.02,15.97,18.67,23.22,56.69,6.8,1.09,39.13,2.11,7.51,NA,0.7,2.14,0.92,24.1,95.42,1.58,38.83,NA,NA,124.78,751.5,0.81
2026-07-20 12:00:00,29.81,51.98,15.3,17.49,21.47,54.74,6.05,1.47,35.69,1.16,5.97,NA,0.55,1.11,0.88,23.87,95.46,1.69,33.95,NA,NA,129.85,751.45,0.81
2026-07-20 13:00:00,23.74,54.62,15.38,18.63,22.47,50.69,6.77,1.57,35.95,1.15,6.07,NA,0.55,1.07,0.87,23.68,95.46,1.62,41.57,NA,NA,141.92,751.4,0.79
2026-07-20 14:00:00,21.36,48.76,16.67,18.65,24.01,46.39,9.12,1.01,27.51,1.19,5.92,NA,0.56,1.08,0.9,23.47,95.46,1.38,87.35,NA,NA,139.94,751.33,0.79
2026-07-20 15:00:00,25.7,48.37,16.73,17.59,20.27,51.15,4.46,1.97,75.92,1.12,6.17,NA,0.55,1.08,0.9,24.07,95.44,1.34,60.18,NA,NA,126.9,751.5,0.81
2026-07-20 16:00:00,21.81,48.31,10.44,17.98,16.83,62.19,1.72,2.02,47.39,1.15,8.3,NA,0.65,1.26,1.08,24.58,95.42,1.58,59.08,NA,NA,109.41,751.63,0.84
2026-07-20 17:00:00,17.89,38.59,13.74,17.29,19.57,58.89,7.11,1.58,37.42,1.17,8.8,NA,0.69,1.4,1.07,24.38,95.44,1.57,62.87,NA,NA,114.99,751.58,0.83
2026-07-20 18:00:00,12.52,33.48,15.09,20.53,23.41,59.23,6.19,1.93,34.36,1.41,11.02,NA,0.84,1.78,1.87,24.05,95.46,1.56,91.12,NA,NA,82.4,751.5,0.81
2026-07-20 19:00:00,11.98,33.72,15.67,20.16,23.1,62.28,6.3,1.61,30.67,1.41,10.91,NA,0.85,1.76,1.81,23.97,95.46,1.55,91.24,NA,NA,42.05,751.5,0.81
2026-07-20 20:00:00,15.7,37.71,24.04,22.86,33.17,69.06,6.71,1.08,27.96,1.46,10.73,NA,0.85,1.76,1.92,23.91,95.46,1.68,95.64,NA,NA,31.07,751.45,0.8
2026-07-20 21:00:00,35.97,52.26,27.0,22.06,35.2,60.74,9.85,0.9,38.28,1.32,11.11,NA,0.84,1.75,1.77,23.8,95.46,1.51,188.51,NA,NA,32.89,751.4,0.8
2026-07-20 22:00:00,28.55,49.29,13.69,20.97,20.53,51.57,6.39,1.71,45.22,0.89,4.23,NA,4.48,1.3,0.69,23.8,95.46,1.87,213.52,NA,NA,32.21,751.4,0.8
2026-07-20 23:00:00,23.57,46.72,12.53,19.96,19.79,49.39,5.1,1.57,28.32,0.89,4.26,NA,4.44,1.32,0.67,23.83,95.46,1.89,219.24,NA,NA,29.75,751.43,0.8
2026-07-21 00:00:00,43.71,54.87,13.51,16.04,19.45,NA,1.32,1.81,22.56,0.61,3.18,NA,0.27,0.45,0.45,24.0,95.46,1.9,188.54,NA,NA,20.88,751.5,0.81
2026-07-21 01:00:00,32.74,47.44,11.89,16.95,18.74,33.5,6.44,0.5,22.4,0.63,3.26,NA,0.26,0.45,0.43,24.09,95.46,1.92,176.93,NA,NA,25.05,751.5,0.81
2026-07-21 02:00:00,26.73,44.06,12.37,16.55,18.81,37.22,6.15,0.61,22.59,0.64,3.22,NA,0.22,0.45,0.45,24.09,95.46,1.73,123.0,NA,NA,22.96,751.5,0.81
2026-07-21 03:00:00,23.52,42.14,13.1,17.04,20.05,35.47,5.64,0.62,23.8,0.62,3.31,NA,0.27,0.46,0.46,23.9,95.46,1.73,122.16,NA,NA,25.36,751.43,0.81
2026-07-21 04:00:00,24.11,42.72,12.85,16.15,18.84,39.52,5.55,0.6,23.54,0.74,6.0,NA,0.31,0.69,0.55,23.33,95.46,1.64,212.0,NA,NA,30.74,751.3,0.78
2026-07-21 05:00:00,16.98,40.3,13.38,15.14,18.41,46.53,4.72,0.84,24.57,0.75,5.86,NA,0.32,0.66,0.54,23.47,95.46,1.68,213.86,NA,NA,29.3,751.3,0.78
2026-07-21 06:00:00,18.96,35.96,13.35,17.24,20.48,51.64,5.4,1.11,24.7,1.25,8.22,NA,0.68,1.65,0.96,23.59,95.46,1.75,208.67,NA,NA,31.03,751.38,0.79
2026-07-21 07:00:00,23.89,34.83,10.01,15.85,15.77,51.25,5.39,1.05,29.29,1.31,7.94,NA,0.66,1.69,0.95,23.21,95.46,1.65,213.73,NA,NA,182.75,751.28,0.77
2026-07-21 08:00:00,19.73,34.46,12.32,16.56,18.78,47.5,5.25,1.21,39.4,1.31,8.25,NA,0.66,1.66,0.93,23.55,95.46,1.64,229.68,NA,NA,349.7,751.38,0.79
2026-07-21 09:00:00,11.78,36.48,11.54,16.78,18.2,45.62,6.99,0.85,40.47,1.29,8.19,NA,0.68,1.68,0.97,23.97,95.43,1.69,224.72,NA,NA,333.01,751.45,0.81
2026-07-21 10:00:00,15.47,38.98,13.2,16.66,19.75,42.76,8.01,0.95,39.75,1.86,6.54,NA,0.62,1.87,0.82,24.63,95.4,1.66,230.83,NA,NA,308.62,751.63,0.83
2026-07-21 11:00:00,16.23,36.25,13.42,16.32,19.64,45.83,9.2,0.78,47.84,1.79,6.68,NA,0.61,1.88,0.86,26.13,95.37,1.74,235.8,NA,NA,389.83,752.05,0.9
2026-07-21 12:00:00,15.62,34.25,13.62,15.55,19.06,45.53,9.52,0.91,50.19,1.16,6.06,NA,0.57,1.1,0.91,27.01,95.36,1.71,237.68,NA,NA,413.68,752.3,0.94
2026-07-21 13:00:00,21.71,40.44,12.56,15.73,18.19,41.58,6.11,0.41,53.55,1.18,6.01,NA,0.58,1.09,0.88,27.96,95.17,1.84,232.97,NA,NA,369.46,752.55,0.98
2026-07-21 14:00:00,24.99,40.6,14.52,15.45,19.85,36.86,7.37,0.29,56.05,1.16,5.89,NA,0.56,1.08,0.93,27.79,94.8,1.96,207.09,NA,NA,436.23,752.48,0.98
2026-07-21 15:00:00,25.35,37.77,12.83,16.47,19.02,46.65,6.24,0.88,57.35,1.15,6.19,NA,0.58,1.09,0.9,28.16,90.81,2.02,218.77,NA,NA,450.07,752.6,0.99
2026-07-21 16:00:00,23.12,38.78,12.57,16.82,19.13,53.47,6.62,0.91,57.16,1.19,8.91,NA,0.71,1.3,1.15,26.9,92.76,1.76,233.56,NA,NA,462.09,752.25,0.94
2026-07-21 17:00:00,26.12,39.55,14.3,18.28,21.78,49.46,5.94,0.68,51.87,1.15,8.89,NA,0.69,1.36,1.11,25.74,95.41,1.87,219.05,NA,NA,391.42,751.95,0.89
2026-07-21 18:00:00,25.54,42.42,13.68,18.63,21.21,50.21,5.44,0.79,46.99,1.33,9.8,NA,0.74,1.52,1.46,25.49,95.42,1.88,239.91,NA,NA,365.34,751.88,0.87
2026-07-21 19:00:00,19.43,52.98,11.92,18.41,18.81,55.96,5.9,1.04,40.5,1.41,11.46,NA,0.83,1.81,1.83,25.74,95.44,1.98,227.17,NA,NA,332.88,751.95,0.89
2026-07-21 20:00:00,29.43,56.5,15.32,19.87,22.48,60.48,6.01,1.24,30.5,1.41,10.92,NA,0.85,1.78,1.9,25.68,95.45,1.96,202.51,NA,NA,184.39,751.93,0.88
2026-07-21 21:00:00,26.91,55.04,17.95,22.85,27.1,52.95,7.32,1.36,23.76,1.46,11.0,NA,0.81,1.79,1.85,25.72,95.45,1.53,248.52,NA,NA,0.11,751.93,0.88
2026-07-21 22:00:00,30.38,55.98,18.42,20.63,25.73,46.24,7.35,1.52,24.05,0.93,4.52,NA,4.47,1.35,0.69,25.69,95.46,1.78,258.37,NA,NA,3.19,751.93,0.88
2026-07-21 23:00:00,30.54,55.11,15.36,17.1,21.15,41.09,6.37,1.37,23.88,0.93,4.4,NA,4.38,1.35,0.67,25.57,95.46,1.9,228.88,NA,NA,17.73,751.9,0.88
2026-07-22 00:00:00,30.84,52.8,11.63,16.15,17.68,NA,5.37,1.24,23.8,0.67,3.29,NA,0.35,0.47,0.46,25.43,95.46,1.94,225.27,NA,NA,13.92,751.88,0.87
2026-07-22 01:00:00,21.82,54.98,11.87,16.93,18.66,29.96,4.75,0.37,24.07,0.65,3.2,NA,0.29,0.46,0.46,25.24,95.46,1.82,217.24,NA,NA,10.82,751.8,0.86
2026-07-22 02:00:00,12.38,48.8,13.69,15.69,19.14,32.64,3.91,0.25,24.22,0.64,3.34,NA,0.28,0.45,0.45,24.77,95.46,1.77,212.19,NA,NA,17.06,751.7,0.84
2026-07-22 03:00:00,9.75,50.85,11.99,15.96,17.82,28.43,5.12,0.62,25.05,0.66,3.39,NA,0.27,0.46,0.44,24.75,95.46,1.81,213.0,NA,NA,18.53,751.7,0.84
2026-07-22 04:00:00,7.99,46.89,13.86,17.09,20.84,34.18,5.1,0.73,24.78,0.76,5.99,NA,0.32,0.66,0.56,24.92,95.46,1.82,225.11,NA,NA,13.63,751.7,0.85
2026-07-22 05:00:00,12.28,39.97,12.27,15.98,18.15,40.3,6.33,0.68,24.75,0.77,6.06,NA,0.31,0.67,0.55,24.57,95.46,1.68,211.59,NA,NA,21.17,751.63,0.83
2026-07-22 06:00:00,21.45,44.99,14.24,16.22,20.36,46.06,5.39,0.73,24.7,1.27,8.05,NA,0.67,1.64,0.93,24.86,95.45,1.74,220.31,NA,NA,18.97,751.7,0.85
2026-07-22 07:00:00,22.57,46.51,16.33,18.03,22.99,51.25,6.91,0.97,34.55,1.29,8.12,NA,0.68,1.66,0.96,25.67,95.39,1.78,223.6,NA,NA,77.53,751.9,0.88
2026-07-22 08:00:00,15.22,46.69,16.84,20.65,24.48,53.45,6.49,1.07,41.44,1.29,8.16,NA,0.68,1.66,0.97,26.11,95.35,1.94,224.48,NA,NA,160.43,752.03,0.9
2026-07-22 09:00:00,12.74,48.05,14.17,20.82,22.49,51.93,6.92,0.7,42.82,1.25,7.96,NA,0.67,1.68,0.93,27.31,88.28,1.96,222.48,NA,NA,306.17,752.35,0.96
2026-07-22 10:00:00,25.32,39.08,15.35,19.13,24.24,53.33,7.48,0.57,43.21,2.18,7.51,NA,0.7,2.09,0.96,28.02,76.34,1.96,226.13,NA,NA,424.9,752.55,0.98
2026-07-22 11:00:00,21.78,35.43,15.87,20.24,24.01,58.18,5.54,0.55,53.58,2.8,9.39,NA,0.88,2.66,1.16,28.67,73.09,2.08,225.89,NA,NA,946.76,752.73,1.02
2026-07-22 12:00:00,15.62,33.32,19.21,19.42,26.63,58.45,4.89,0.59,55.21,1.64,8.99,NA,0.8,1.53,1.29,29.33,70.37,2.04,221.78,NA,NA,980.01,752.93,1.05
2026-07-22 13:00:00,10.38,35.12,18.66,20.44,27.1,52.08,5.53,0.49,49.84,1.64,8.67,NA,0.78,1.57,1.21,29.63,68.12,2.01,227.57,NA,NA,713.14,753.0,1.06
2026-07-22 14:00:00,11.08,32.98,16.54,19.75,24.28,50.74,4.99,0.45,48.3,1.65,8.93,NA,0.8,1.55,1.23,30.13,66.15,2.07,221.42,NA,NA,456.58,753.13,1.08
2026-07-22 15:00:00,18.02,36.53,18.63,20.38,26.97,59.38,5.09,0.55,49.04,1.72,8.75,NA,0.8,1.55,1.27,30.14,66.37,2.16,226.18,NA,NA,445.82,753.13,1.08
2026-07-22 16:00:00,15.87,43.38,18.24,21.24,27.48,66.18,8.21,0.46,52.62,1.64,12.28,NA,1.04,1.89,1.52,29.75,67.01,2.18,223.36,NA,NA,431.08,753.0,1.06
2026-07-22 17:00:00,12.95,42.84,17.22,22.1,26.73,62.97,4.91,1.4,44.56,1.69,12.46,NA,1.01,1.88,1.58,29.09,71.06,2.13,220.54,NA,NA,241.9,752.88,1.03
2026-07-22 18:00:00,14.53,35.42,20.63,21.7,29.13,59.38,4.06,1.7,41.27,1.99,15.5,NA,1.16,2.52,2.69,28.67,71.63,2.12,226.29,NA,NA,95.86,752.73,1.02
2026-07-22 19:00:00,18.08,35.41,15.91,23.06,25.77,66.17,5.19,1.04,39.09,2.02,15.48,NA,1.15,2.55,2.67,28.32,74.89,2.16,215.86,NA,NA,89.14,752.65,1.0
2026-07-22 20:00:00,14.42,43.12,19.55,25.8,30.03,57.96,5.34,1.03,28.69,2.12,15.71,NA,1.16,2.56,2.65,27.92,74.52,2.04,222.32,NA,NA,32.92,752.53,0.98
2026-07-22 21:00:00,24.09,39.19,21.19,26.91,32.41,49.42,5.09,1.0,29.56,2.06,15.23,NA,1.18,2.55,2.57,27.38,74.33,1.97,223.84,NA,NA,23.66,752.38,0.96
2026-07-22 22:00:00,20.17,38.0,19.12,26.43,26.6,43.16,4.93,1.11,28.93,1.33,6.13,NA,6.79,1.93,0.93,26.84,78.6,1.94,224.71,NA,NA,22.08,752.25,0.93
2026-07-22 23:00:00,17.51,42.09,13.94,25.32,27.65,38.44,4.9,1.08,27.96,1.33,6.31,NA,6.46,1.92,0.92,26.54,84.48,1.93,216.07,NA,NA,32.07,752.13,0.92
2026-07-23 00:00:00,14.85,44.45,14.39,18.82,22.38,NA,4.79,1.09,23.4,0.93,4.51,NA,0.4,0.65,0.64,25.9,95.17,1.87,215.64,NA,NA,39.21,752.0,0.89
2026-07-23 01:00:00,10.08,37.17,13.24,18.28,20.62,26.38,5.0,0.64,23.96,0.96,4.78,NA,0.38,0.65,0.67,25.68,95.42,1.8,215.44,NA,NA,40.1,751.9,0.88
2026-07-23 02:00:00,8.37,33.42,12.62,18.52,20.34,28.98,5.16,0.58,22.52,0.92,4.78,NA,0.36,0.65,0.68,25.61,95.42,1.85,218.22,NA,NA,41.23,751.9,0.88
2026-07-23 03:00:00,8.65,39.74,14.14,18.66,22.0,24.58,4.75,0.81,22.92,0.93,4.68,NA,0.38,0.65,0.63,25.4,95.42,1.8,215.38,NA,NA,41.96,751.85,0.87
2026-07-23 04:00:00,8.84,35.19,16.25,18.58,24.03,29.23,3.99,0.97,23.11,1.04,8.59,NA,0.46,0.97,0.77,25.25,95.43,1.76,219.57,NA,NA,41.62,751.8,0.86
2026-07-23 05:00:00,15.05,35.38,14.81,18.69,22.68,37.93,5.18,0.61,23.57,1.05,8.56,NA,0.44,0.94,0.77,25.23,95.43,1.81,217.94,NA,NA,42.22,751.8,0.86
2026-07-23 06:00:00,21.5,37.98,13.95,18.68,21.76,42.49,4.81,0.73,22.93,1.83,11.16,NA,0.94,2.35,1.38,25.2,95.42,1.79,223.85,NA,NA,43.59,751.8,0.86
2026-07-23 07:00:00,22.11,45.36,16.06,19.4,21.93,46.99,4.45,0.64,25.56,1.81,11.08,NA,0.93,2.3,1.35,25.29,95.42,1.8,225.06,NA,NA,63.3,751.85,0.87
2026-07-23 08:00:00,21.07,45.15,17.65,21.37,25.77,50.51,3.66,0.72,32.32,1.88,11.42,NA,0.93,2.41,1.34,26.03,95.25,1.83,225.9,NA,NA,140.31,752.03,0.9
2026-07-23 09:00:00,16.69,47.97,19.25,25.92,31.56,48.6,4.12,0.82,32.32,1.84,11.32,NA,0.94,2.33,1.31,26.42,95.11,1.94,223.87,NA,NA,136.05,752.15,0.92
2026-07-23 10:00:00,15.07,42.29,17.04,25.22,29.86,44.16,4.11,0.91,33.8,2.3,10.1,NA,0.88,2.46,1.25,26.6,95.04,1.88,227.91,NA,NA,133.66,752.25,0.93
2026-07-23 11:00:00,26.8,42.49,16.32,21.67,25.77,42.46,5.24,0.49,47.51,1.69,6.53,NA,0.59,1.79,0.8,26.84,95.06,1.9,228.76,NA,NA,312.58,752.23,0.93
2026-07-23 12:00:00,25.89,46.15,15.23,20.77,24.0,43.12,5.28,0.55,52.29,1.17,5.28,NA,0.5,1.11,0.74,27.1,92.02,1.89,226.01,NA,NA,389.52,752.3,0.94
2026-07-23 13:00:00,25.17,50.9,15.94,21.08,25.02,36.67,3.93,0.59,49.36,1.0,5.28,NA,0.48,0.96,0.77,27.95,78.66,1.97,224.78,NA,NA,392.28,752.53,0.98
2026-07-23 14:00:00,22.02,43.61,13.49,19.83,21.12,34.38,4.02,0.62,52.99,0.99,5.31,NA,0.48,0.94,0.75,28.43,76.13,1.99,223.96,NA,NA,381.42,752.68,1.0
2026-07-23 15:00:00,27.48,47.02,15.69,20.56,24.23,43.93,4.93,0.73,52.46,0.97,5.08,NA,0.46,0.95,0.76,28.5,75.5,2.02,222.39,NA,NA,374.43,752.7,1.01
2026-07-23 16:00:00,29.52,50.42,14.56,20.66,23.06,48.06,4.92,0.9,51.33,1.02,6.78,NA,0.55,1.1,0.92,27.92,79.8,1.92,238.7,NA,NA,366.54,752.53,0.98
2026-07-23 17:00:00,22.42,48.55,18.88,20.45,26.4,44.19,6.09,0.76,41.81,0.97,7.76,NA,0.58,1.16,0.93,26.35,95.2,1.66,253.49,NA,NA,289.21,752.1,0.91
2026-07-23 18:00:00,21.54,45.89,18.24,22.48,27.5,44.87,6.01,0.83,39.63,1.09,8.46,NA,0.64,1.35,1.21,26.18,95.19,1.69,246.98,NA,NA,266.59,752.05,0.9
2026-07-23 19:00:00,29.9,45.8,20.98,23.16,30.95,52.85,4.74,0.81,39.05,1.18,9.31,NA,0.72,1.52,1.59,25.8,95.35,1.9,228.0,NA,NA,262.78,751.98,0.89
2026-07-23 20:00:00,20.88,46.31,16.77,22.96,25.79,57.31,4.51,0.93,30.16,1.23,9.22,NA,0.74,1.5,1.63,25.85,95.41,1.7,235.29,NA,NA,122.77,752.0,0.89
2026-07-23 21:00:00,29.35,38.65,19.41,23.17,28.16,48.33,6.87,0.58,23.32,1.22,9.26,NA,0.72,1.51,1.59,25.78,95.42,1.66,248.76,NA,NA,31.08,751.9,0.88
2026-07-23 22:00:00,30.53,35.53,18.73,20.1,25.62,46.1,6.72,0.7,22.65,1.01,6.45,NA,2.16,1.3,1.11,25.7,95.42,1.75,245.64,NA,NA,30.02,751.9,0.88
2026-07-23 23:00:00,22.19,33.45,18.94,20.73,26.86,39.46,6.05,0.78,24.88,0.77,3.85,NA,3.78,1.13,0.57,25.66,95.42,1.74,235.9,NA,NA,29.41,751.93,0.88
2026-07-24 00:00:00,17.04,30.66,12.72,15.64,18.74,NA,5.94,1.14,23.36,0.57,2.86,NA,0.23,0.41,0.37,25.35,95.43,1.52,248.49,NA,NA,31.21,751.8,0.87
2026-07-24 01:00:00,12.05,30.54,13.11,15.58,19.09,25.95,5.23,0.85,23.26,0.57,2.85,NA,0.24,0.41,0.39,23.88,95.46,1.59,244.8,NA,NA,31.26,751.47,0.81
2026-07-24 02:00:00,10.12,29.67,14.9,16.63,21.93,26.72,5.17,1.02,23.64,0.56,2.71,NA,0.24,0.4,0.38,23.48,95.46,1.59,240.22,NA,NA,31.69,751.35,0.79
2026-07-24 03:00:00,10.8,27.1,12.05,15.43,17.85,25.99,5.4,0.91,24.1,0.57,2.86,NA,0.22,0.39,0.41,23.31,95.46,1.72,237.07,NA,NA,32.74,751.28,0.78
2026-07-24 04:00:00,14.7,25.59,12.43,16.27,19.11,26.92,6.35,0.79,23.47,0.6,3.92,NA,0.24,0.5,0.44,23.31,95.46,1.59,241.7,NA,NA,32.58,751.3,0.78
2026-07-24 05:00:00,9.64,22.05,11.75,15.18,17.32,37.99,5.06,0.85,22.74,0.61,5.1,NA,0.28,0.57,0.46,23.45,95.46,1.72,227.12,NA,NA,33.0,751.3,0.78
2026-07-24 06:00:00,8.19,20.58,11.22,17.38,18.99,41.75,5.14,0.74,22.89,1.1,6.99,NA,0.58,1.44,0.8,23.37,95.46,1.79,227.79,NA,NA,34.09,751.3,0.78
2026-07-24 07:00:00,5.49,19.35,12.67,17.85,20.92,45.86,6.06,0.63,22.35,1.11,6.6,NA,0.56,1.4,0.82,23.65,95.46,1.8,226.26,NA,NA,36.67,751.4,0.79
2026-07-24 08:00:00,6.95,17.99,10.3,17.41,18.11,50.24,6.34,0.89,25.79,1.13,7.0,NA,0.57,1.4,0.8,24.32,95.42,1.64,237.59,NA,NA,29.7,751.58,0.82
2026-07-24 09:00:00,6.11,17.25,11.99,16.31,18.7,48.8,5.17,0.73,26.84,1.09,6.97,NA,0.57,1.44,0.8,25.33,95.39,1.4,269.75,NA,NA,18.56,751.83,0.87
2026-07-24 10:00:00,6.05,17.83,11.48,15.11,16.99,47.43,5.35,0.77,32.13,1.38,6.38,NA,0.54,1.53,0.77,25.99,95.38,1.41,273.74,NA,NA,56.57,752.0,0.9
2026-07-24 11:00:00,11.56,19.41,12.38,15.65,18.38,43.59,6.98,0.6,40.47,1.59,5.65,NA,0.53,1.59,0.72,27.43,94.17,1.75,262.53,NA,NA,94.92,752.4,0.96
2026-07-24 12:00:00,13.84,18.36,11.46,16.36,18.11,42.49,6.73,0.78,54.32,0.98,5.13,NA,0.5,1.26,0.73,29.27,85.57,1.8,242.55,NA,NA,126.34,752.98,1.02
2026-07-24 13:00:00,14.13,18.5,11.87,16.63,18.89,36.23,5.59,0.87,54.84,1.02,5.01,NA,0.47,0.92,0.75,28.88,76.65,2.14,224.88,NA,NA,129.73,752.8,1.02
2026-07-24 14:00:00,15.49,27.37,11.78,16.31,18.49,35.96,5.77,0.86,55.72,1.02,5.09,NA,0.48,0.94,0.77,28.75,77.7,2.01,234.41,NA,NA,223.04,752.78,1.02
2026-07-24 15:00:00,9.74,37.78,14.13,15.17,19.71,43.16,5.11,0.82,55.61,1.0,5.18,NA,0.48,0.98,0.75,28.75,79.63,1.99,258.98,NA,NA,314.59,752.78,1.02
2026-07-24 16:00:00,6.88,29.45,13.4,15.79,19.59,51.13,5.12,0.99,46.07,0.87,6.0,NA,0.49,0.94,0.76,28.27,84.83,2.2,240.44,NA,NA,293.48,752.65,1.0
2026-07-24 17:00:00,15.15,23.47,14.12,16.47,20.97,48.87,5.66,0.29,40.9,0.84,4.85,NA,0.4,0.79,0.64,27.65,94.97,2.07,214.66,NA,NA,278.2,752.43,0.96
2026-07-24 18:00:00,18.31,22.05,11.92,15.71,18.01,49.77,5.96,0.38,39.13,0.91,5.57,NA,0.46,0.94,0.96,27.22,95.11,2.04,215.45,NA,NA,237.95,752.35,0.95
2026-07-24 19:00:00,17.71,25.66,12.22,16.3,18.91,56.99,4.67,0.64,36.81,1.03,6.2,NA,0.46,1.01,1.05,26.75,95.42,1.99,207.82,NA,NA,117.1,752.2,0.93
2026-07-24 20:00:00,17.36,27.74,12.65,17.06,20.11,58.82,4.96,0.67,36.71,1.02,6.17,NA,0.51,1.02,1.04,26.46,95.42,2.01,215.12,NA,NA,111.91,752.13,0.92
2026-07-24 21:00:00,NA,NA,13.61,15.67,19.68,52.46,4.41,0.62,24.47,1.04,6.23,NA,0.49,1.02,1.06,26.26,95.42,1.92,228.29,NA,NA,75.57,752.1,0.91
2026-07-24 22:00:00,37.08,26.64,11.72,17.44,19.49,46.35,4.28,0.6,22.03,0.66,2.54,NA,1.99,0.81,0.56,26.09,95.42,1.98,222.58,NA,NA,NA,752.05,0.9
2026-07-24 23:00:00,32.62,29.58,11.39,16.98,18.78,41.84,5.39,0.59,21.72,0.65,2.6,NA,2.46,0.74,0.4,25.94,95.42,1.97,223.47,NA,NA,NA,752.0,0.89
2026-07-25 00:00:00,23.25,35.63,10.73,16.59,17.62,NA,6.68,0.77,22.57,0.46,1.85,NA,0.15,0.26,0.26,25.68,95.43,1.94,215.76,NA,NA,53.21,751.95,0.88
2026-07-25 01:00:00,14.36,31.94,13.72,15.2,19.32,30.52,5.28,0.61,22.98,0.48,1.82,NA,0.15,0.25,0.27,25.41,95.44,1.98,221.87,NA,NA,53.22,751.88,0.87
2026-07-25 02:00:00,9.26,26.32,10.26,16.62,17.27,33.07,4.53,0.65,21.63,0.49,1.85,NA,0.16,0.26,0.26,25.48,95.43,1.95,226.11,NA,NA,54.58,751.9,0.87
2026-07-25 03:00:00,15.25,27.81,11.65,16.75,18.74,28.84,5.81,0.65,22.49,0.47,1.86,NA,0.16,0.26,0.27,25.4,95.43,1.9,224.5,NA,NA,54.86,751.85,0.87
2026-07-25 04:00:00,13.91,26.1,14.35,15.75,20.51,32.52,6.29,0.74,23.16,0.55,3.43,NA,0.18,0.4,0.31,25.35,95.44,1.88,226.66,NA,NA,55.16,751.8,0.87
2026-07-25 05:00:00,12.58,25.16,10.92,15.79,17.01,43.9,6.58,0.99,23.25,0.54,3.41,NA,0.18,0.38,0.31,25.33,95.45,1.86,228.65,NA,NA,54.54,751.8,0.87
2026-07-25 06:00:00,18.77,20.89,13.5,16.68,20.57,45.36,5.1,1.0,22.81,0.93,4.63,NA,0.38,0.94,0.54,25.48,95.42,1.94,227.84,NA,NA,59.94,751.9,0.87
2026-07-25 07:00:00,18.7,20.87,14.01,18.92,21.96,50.75,5.52,0.74,33.37,0.9,4.6,NA,0.37,0.92,0.55,25.94,95.4,1.91,222.7,NA,NA,218.45,752.03,0.9
2026-07-25 08:00:00,19.86,32.24,15.92,19.75,23.67,53.77,5.48,0.8,41.2,0.92,4.71,NA,0.38,0.95,0.53,27.05,95.35,1.96,222.95,NA,NA,333.66,752.32,0.94
2026-07-25 09:00:00,23.47,29.03,17.23,20.67,25.9,51.67,6.01,0.79,40.02,0.91,4.58,NA,0.38,0.93,0.53,27.48,95.31,1.97,229.83,NA,NA,394.09,752.4,0.96
2026-07-25 10:00:00,24.98,27.87,16.71,20.06,24.78,48.12,6.17,0.89,41.26,1.34,3.73,NA,0.35,1.06,0.46,29.07,92.8,1.71,262.08,NA,NA,393.06,752.82,1.03
2026-07-25 11:00:00,NA,NA,15.98,19.52,23.26,46.5,5.85,0.78,39.75,1.36,3.78,NA,0.35,1.07,0.46,29.28,78.18,1.84,232.97,NA,NA,397.06,752.88,1.04
2026-07-25 12:00:00,40.7,26.52,12.83,20.74,21.38,46.5,5.35,0.81,43.69,0.85,3.47,NA,0.31,0.63,0.53,29.95,75.4,2.2,217.95,NA,NA,422.23,753.08,1.07
2026-07-25 13:00:00,NA,NA,11.08,19.33,18.52,44.67,6.06,0.64,44.1,0.85,3.47,NA,0.32,0.62,0.51,29.47,75.52,2.2,226.48,NA,NA,359.21,752.93,1.05
2026-07-25 14:00:00,20.21,27.08,15.65,17.74,21.59,43.09,8.0,0.51,64.32,0.82,3.37,NA,0.32,0.62,0.51,29.62,73.95,2.16,232.75,NA,NA,321.74,752.98,1.06
2026-07-25 15:00:00,21.54,27.4,19.82,16.53,25.85,49.26,7.59,0.67,47.9,0.85,3.45,NA,0.31,0.62,0.51,30.17,72.63,2.11,235.37,NA,NA,310.6,753.15,1.08
2026-07-25 16:00:00,16.56,25.41,12.33,16.18,17.4,59.86,0.63,1.33,47.99,0.86,5.11,NA,0.4,0.77,0.63,30.31,71.81,1.98,250.95,NA,NA,136.66,753.18,1.09
2026-07-25 17:00:00,18.07,21.69,14.43,18.4,21.81,57.75,5.95,1.38,45.5,0.87,4.87,NA,0.39,0.72,0.63,30.16,71.09,2.05,159.81,NA,NA,116.81,753.15,1.08
2026-07-25 18:00:00,21.11,24.34,13.6,18.68,23.2,58.13,5.71,1.34,43.55,0.89,5.59,NA,0.43,0.86,0.84,29.1,76.32,1.89,128.49,NA,NA,112.11,752.85,1.01
2026-07-25 19:00:00,25.72,28.03,13.42,18.02,20.63,64.13,5.08,0.85,41.17,1.02,6.14,NA,0.46,1.01,1.02,27.05,93.16,1.31,121.58,NA,NA,108.69,752.3,0.94
2026-07-25 20:00:00,15.68,21.83,10.98,17.3,17.58,67.14,5.34,1.03,41.7,1.02,6.12,NA,0.48,1.03,1.07,27.08,95.23,1.58,151.84,NA,NA,109.21,752.3,0.94
2026-07-25 21:00:00,14.5,23.03,12.96,18.58,16.77,61.75,7.75,0.71,40.65,0.76,4.56,NA,0.37,0.77,0.82,27.09,95.34,1.92,207.2,NA,NA,107.86,752.3,0.7
2026-07-25 22:00:00,21.71,25.61,13.61,18.09,22.4,56.47,6.7,0.97,41.46,0.65,2.52,NA,1.55,0.79,0.72,26.76,95.42,2.05,217.03,NA,NA,109.9,752.2,0.93
2026-07-25 23:00:00,24.27,26.3,14.22,17.29,20.71,47.05,6.35,0.93,39.29,0.64,2.45,NA,2.64,0.78,0.37,26.9,95.38,2.05,222.41,NA,NA,85.78,752.27,0.94
2026-07-26 00:00:00,29.02,37.95,13.26,17.56,19.92,NA,4.99,0.99,36.61,0.49,1.84,NA,0.17,0.25,0.25,26.71,95.31,2.16,180.59,NA,NA,49.92,752.23,0.93
2026-07-26 01:00:00,19.14,37.84,15.63,17.79,22.62,33.66,5.12,1.32,39.66,0.46,1.83,NA,0.15,0.26,0.27,26.37,95.42,1.97,181.65,NA,NA,49.25,752.1,0.92
2026-07-26 02:00:00,22.44,35.2,16.06,17.81,23.04,36.47,4.79,1.25,38.24,0.48,1.86,NA,0.14,0.25,0.26,26.07,95.42,1.8,191.81,NA,NA,49.17,752.03,0.9
2026-07-26 03:00:00,18.27,32.47,14.22,18.37,21.79,32.2,7.04,0.73,38.87,0.46,1.83,NA,0.15,0.26,0.25,26.02,95.42,1.94,207.74,NA,NA,48.96,752.0,0.9
2026-07-26 04:00:00,24.5,36.89,13.81,17.8,20.72,38.29,7.35,0.78,36.79,0.51,3.48,NA,0.18,0.39,0.31,25.87,95.42,1.99,208.3,NA,NA,48.96,752.0,0.89
2026-07-26 05:00:00,21.76,36.1,14.0,18.3,21.49,47.61,6.81,0.7,36.0,0.55,3.39,NA,0.18,0.41,0.32,25.62,95.46,2.07,214.1,NA,NA,50.25,751.9,0.88
2026-07-26 06:00:00,20.87,34.62,15.25,18.68,23.11,50.39,6.91,0.82,36.21,0.74,3.99,NA,0.28,0.67,0.42,26.06,95.43,2.05,216.6,NA,NA,56.1,752.05,0.9
2026-07-26 07:00:00,23.59,37.02,14.27,18.46,21.29,57.32,7.04,1.12,39.06,0.91,4.58,NA,0.37,0.95,0.54,28.57,94.48,2.01,238.49,NA,NA,88.34,752.7,1.01
2026-07-26 08:00:00,22.55,36.26,11.95,19.08,19.96,60.8,6.83,1.55,42.26,0.9,4.63,NA,0.38,0.95,0.54,30.08,77.44,1.98,276.15,NA,NA,125.32,753.1,1.08
2026-07-26 09:00:00,25.8,33.32,13.84,19.85,21.69,60.83,7.13,0.75,88.41,0.91,4.6,NA,0.38,0.93,0.53,30.91,71.79,2.03,263.64,NA,NA,328.2,753.35,1.11
2026-07-26 10:00:00,25.04,34.14,17.38,20.18,21.81,54.01,7.31,0.73,91.61,1.12,3.75,NA,0.36,1.01,0.45,31.19,69.51,1.78,275.38,NA,NA,330.78,753.45,1.12
2026-07-26 11:00:00,21.13,32.75,15.16,20.19,23.34,53.38,6.9,0.54,91.19,1.33,3.65,NA,0.36,1.07,0.46,32.19,65.78,1.29,287.71,NA,NA,341.03,753.7,1.17
2026-07-26 12:00:00,24.84,33.87,16.75,19.75,24.5,52.1,6.36,0.74,92.7,0.95,3.55,NA,0.34,0.76,0.5,32.69,63.46,1.5,278.71,NA,NA,329.0,753.8,1.19
2026-07-26 13:00:00,25.25,34.57,15.7,19.88,23.58,49.72,5.68,0.76,96.76,0.79,3.41,NA,0.33,0.64,0.52,33.02,61.33,1.37,246.94,NA,NA,312.65,753.9,1.21
2026-07-26 14:00:00,18.19,30.71,13.96,22.06,23.8,42.85,5.48,1.06,99.0,0.81,3.42,NA,0.32,0.61,0.51,32.71,61.59,2.29,217.06,NA,NA,260.59,753.83,1.19
2026-07-26 15:00:00,27.36,35.5,15.36,20.51,23.11,53.76,5.4,1.65,97.96,0.84,3.54,NA,0.32,0.61,0.5,32.51,63.59,2.36,208.5,NA,NA,246.25,753.73,1.18
2026-07-26 16:00:00,34.57,35.55,18.31,21.26,26.47,59.54,3.88,1.77,97.51,0.85,5.04,NA,0.41,0.72,0.63,32.05,63.73,2.42,218.49,NA,NA,237.12,753.73,1.16
2026-07-26 17:00:00,26.23,35.08,13.12,17.1,19.88,50.55,4.28,0.7,60.45,0.88,5.14,NA,0.4,0.8,0.65,31.57,65.26,1.79,186.15,NA,NA,128.43,753.53,1.14
2026-07-26 18:00:00,29.64,34.54,13.73,15.86,19.99,50.65,4.77,0.94,43.79,1.0,6.16,NA,0.48,0.88,1.06,30.91,66.97,2.54,252.52,NA,NA,86.16,753.35,1.11
2026-07-26 19:00:00,30.1,42.58,13.61,16.7,20.7,57.07,5.22,1.17,43.18,1.02,6.32,NA,0.48,1.03,1.07,29.92,69.71,2.47,303.46,NA,NA,86.12,753.2,1.09
2026-07-26 20:00:00,27.83,43.36,12.49,16.75,19.63,58.61,7.23,1.29,43.74,0.98,6.39,NA,0.48,1.03,1.06,29.63,74.58,2.17,248.35,NA,NA,86.12,753.0,1.06
2026-07-26 21:00:00,30.72,45.35,10.15,15.97,16.47,56.85,6.9,1.92,45.37,1.03,6.28,NA,0.46,0.99,1.04,29.17,79.59,2.41,200.02,NA,NA,86.21,752.85,1.04
2026-07-26 22:00:00,42.46,48.39,13.1,16.44,19.94,44.94,6.72,2.2,45.62,0.64,2.67,NA,2.67,0.74,0.37,29.33,81.86,2.12,201.93,NA,NA,86.18,752.9,1.04
2026-07-26 23:00:00,46.79,54.93,11.89,15.5,17.79,41.68,6.19,1.41,44.08,0.65,2.52,NA,2.62,0.78,0.38,29.11,84.99,2.3,156.69,NA,NA,78.11,752.83,1.04
2026-07-27 00:00:00,40.77,57.68,11.53,15.79,17.7,NA,5.98,0.7,40.85,0.46,1.79,NA,0.16,0.26,0.26,28.2,95.14,2.2,115.19,NA,NA,66.27,752.6,0.99
2026-07-27 01:00:00,29.29,51.32,13.46,17.93,21.78,30.44,4.9,1.33,39.75,0.46,1.89,NA,0.17,0.27,0.24,27.9,95.23,2.06,198.85,NA,NA,66.32,752.53,0.98
2026-07-27 02:00:00,24.98,49.85,13.2,18.42,22.02,32.32,4.41,1.34,37.79,0.47,1.91,NA,0.16,0.26,0.25,27.79,95.35,1.59,209.47,NA,NA,66.37,752.5,0.98
2026-07-27 03:00:00,20.63,51.96,11.55,15.95,17.81,30.52,3.88,1.49,37.68,0.46,1.91,NA,0.15,0.26,0.27,27.67,95.41,1.82,93.43,NA,NA,66.38,752.45,0.97
2026-07-27 04:00:00,26.07,52.75,14.43,16.72,21.55,35.33,5.28,1.3,36.15,0.56,3.32,NA,0.18,0.39,0.31,27.23,95.42,1.86,68.33,NA,NA,66.43,752.32,0.95
2026-07-27 05:00:00,25.21,49.36,14.4,16.88,21.59,37.16,5.74,1.03,36.55,0.55,3.34,NA,0.18,0.38,0.31,27.18,95.42,1.97,54.12,NA,NA,66.52,752.3,0.95
2026-07-27 06:00:00,24.09,44.69,11.0,16.35,17.74,46.82,6.08,0.59,35.63,0.9,4.58,NA,0.38,0.92,0.54,27.22,94.9,2.22,33.65,NA,NA,66.83,752.18,0.93
2026-07-27 07:00:00,22.17,68.32,13.61,15.63,19.63,50.79,6.76,1.26,40.48,0.91,4.73,NA,0.39,0.97,0.53,27.33,95.39,2.13,115.49,NA,NA,67.43,752.35,0.96
2026-07-27 08:00:00,19.38,66.09,11.5,16.48,18.36,54.32,3.69,1.31,41.49,0.91,4.55,NA,0.38,0.94,0.54,27.85,95.37,2.05,110.87,NA,NA,67.74,752.45,0.98
2026-07-27 09:00:00,21.99,56.05,12.7,16.75,19.84,52.25,6.04,0.96,38.95,0.9,4.62,NA,0.38,0.94,0.54,28.41,95.37,2.14,39.65,NA,NA,68.5,752.65,1.0
2026-07-27 10:00:00,31.65,47.47,12.95,15.98,19.01,50.22,5.57,0.92,49.97,1.33,3.78,NA,0.36,1.06,0.47,28.72,95.35,1.94,193.2,NA,NA,101.29,752.75,1.01
2026-07-27 11:00:00,25.3,33.67,15.52,19.81,23.25,62.52,4.74,0.36,106.6,1.34,3.81,NA,0.35,1.07,0.45,28.9,95.33,1.94,74.6,NA,NA,294.91,752.78,1.03
2026-07-27 12:00:00,23.58,31.7,16.85,20.35,25.12,62.1,4.54,0.4,105.28,1.06,3.61,NA,0.34,0.84,0.48,28.63,95.34,1.69,125.23,NA,NA,288.18,752.72,1.01
2026-07-27 13:00:00,26.75,30.31,17.2,19.95,25.04,55.81,4.59,0.69,109.25,0.85,3.36,NA,0.32,0.6,0.5,28.05,95.37,1.58,178.01,NA,NA,284.29,752.58,0.99
2026-07-27 14:00:00,26.38,32.95,16.58,19.02,23.6,53.5,3.78,0.84,110.42,0.83,3.3,NA,0.33,0.64,0.48,28.09,95.37,1.62,230.26,NA,NA,285.16,752.6,0.99
2026-07-27 15:00:00,30.21,35.68,16.56,20.79,25.35,65.11,4.52,0.93,97.9,0.84,3.4,NA,0.33,0.63,0.49,28.29,95.36,1.91,194.39,NA,NA,303.3,752.63,1.0
2026-07-27 16:00:00,31.44,35.17,15.3,20.36,23.65,70.66,4.16,1.19,85.01,0.85,4.67,NA,0.4,0.72,0.59,29.05,95.33,1.8,181.14,NA,NA,381.12,752.85,1.03
2026-07-27 17:00:00,29.71,33.02,15.65,21.28,24.85,68.19,4.58,1.14,81.76,0.81,5.07,NA,0.39,0.77,0.61,29.12,95.33,1.66,180.01,NA,NA,382.45,752.88,1.03
2026-07-27 18:00:00,23.87,29.75,16.5,19.59,24.09,67.14,6.45,1.45,83.06,0.95,5.6,NA,0.42,0.88,0.94,28.88,95.34,1.89,185.31,NA,NA,369.84,752.8,1.02
2026-07-27 19:00:00,22.46,27.76,15.04,21.25,24.29,75.68,3.82,1.38,86.09,1.02,6.32,NA,0.46,1.01,1.08,28.15,95.37,1.99,183.69,NA,NA,362.14,752.6,0.99
2026-07-27 20:00:00,23.19,27.14,16.57,20.89,25.47,78.81,3.77,1.32,86.64,1.05,6.17,NA,0.48,1.03,1.07,27.77,95.37,1.86,187.93,NA,NA,362.43,752.5,0.98
2026-07-27 21:00:00,36.94,31.85,14.79,20.32,23.07,74.7,4.28,1.68,76.13,1.02,6.36,NA,0.46,0.99,1.05,27.1,95.4,1.71,155.71,NA,NA,363.37,752.33,0.95
2026-07-27 22:00:00,39.85,34.9,14.74,20.26,22.9,67.93,3.8,1.53,76.97,0.65,2.48,NA,1.56,0.87,0.73,26.63,95.42,1.26,159.88,NA,NA,363.79,752.2,0.92
2026-07-27 23:00:00,23.87,32.2,13.98,21.04,23.04,57.02,4.64,1.16,75.79,0.65,2.56,NA,2.51,0.73,0.39,26.27,95.42,1.84,163.45,NA,NA,359.06,752.07,0.91
2026-07-28 00:00:00,19.42,30.84,14.7,15.74,20.84,NA,5.81,1.13,40.54,0.48,1.85,NA,0.16,0.25,0.27,25.44,95.44,1.88,94.84,NA,NA,71.63,751.88,0.87
2026-07-28 01:00:00,24.13,30.01,12.63,16.6,19.53,30.9,3.57,0.66,39.07,0.46,1.86,NA,0.15,0.25,0.27,25.1,95.46,1.86,206.14,NA,NA,73.08,751.78,0.86
2026-07-28 02:00:00,18.08,28.82,10.3,16.28,16.77,32.99,2.57,0.6,37.24,0.46,1.86,NA,0.15,0.26,0.25,25.52,95.46,1.93,170.0,NA,NA,74.12,751.9,0.87
2026-07-28 03:00:00,11.25,28.97,11.22,17.33,18.88,28.64,2.31,1.05,38.52,0.46,1.81,NA,0.15,0.28,0.25,25.11,95.46,1.62,152.1,NA,NA,72.35,751.75,0.86
2026-07-28 04:00:00,10.04,28.58,8.95,16.37,15.65,31.0,2.26,1.11,38.47,0.49,2.6,NA,0.17,0.33,0.28,24.94,95.46,1.58,159.8,NA,NA,72.5,751.73,0.85
2026-07-28 05:00:00,17.96,31.79,12.32,16.36,19.06,42.54,5.39,0.58,39.38,0.53,3.32,NA,0.19,0.38,0.31,24.66,95.46,1.86,177.65,NA,NA,73.92,751.63,0.84
2026-07-28 06:00:00,20.24,31.73,11.82,16.24,18.47,44.93,5.52,0.6,40.31,0.83,4.25,NA,0.33,0.8,0.48,25.13,95.45,1.97,212.49,NA,NA,85.16,751.78,0.86
2026-07-28 07:00:00,20.92,28.75,12.57,15.4,18.37,50.78,5.51,0.8,41.99,0.93,4.62,NA,0.38,0.92,0.54,27.44,95.34,1.98,230.39,NA,NA,123.62,752.38,0.96
2026-07-28 08:00:00,14.63,27.13,17.44,20.47,26.51,64.22,5.67,1.07,59.7,0.91,4.59,NA,0.39,0.93,0.55,28.63,95.24,1.75,291.47,NA,NA,238.62,752.73,1.01
2026-07-28 09:00:00,12.39,26.73,18.88,20.79,27.7,66.51,5.55,1.04,66.44,0.92,4.6,NA,0.39,0.93,0.54,29.16,91.26,1.74,277.79,NA,NA,284.67,752.88,1.04
2026-07-28 10:00:00,NA,NA,17.72,19.88,25.6,58.98,5.72,1.13,63.14,1.1,4.47,NA,0.38,1.05,0.52,30.26,75.72,1.81,217.17,NA,NA,281.71,753.25,1.1
2026-07-28 11:00:00,35.72,26.35,18.6,19.87,26.37,54.16,5.06,0.93,69.44,1.21,4.56,NA,0.41,1.19,0.54,29.16,83.98,1.49,119.08,NA,NA,254.95,752.85,1.04
2026-07-28 12:00:00,27.61,29.88,13.08,20.58,21.66,47.28,3.89,0.87,67.38,0.76,5.35,NA,0.41,0.91,0.6,27.72,95.31,1.46,154.31,NA,NA,218.34,752.48,0.97
2026-07-28 13:00:00,24.39,31.19,14.47,20.78,23.21,42.53,4.56,0.95,65.43,0.67,5.27,NA,0.41,0.77,0.63,28.6,90.46,2.07,127.63,NA,NA,169.45,752.73,1.01
2026-07-28 14:00:00,23.48,29.0,15.16,19.17,22.42,38.14,4.78,1.33,72.52,0.67,5.31,NA,0.39,0.77,0.65,29.47,73.86,1.84,179.03,NA,NA,67.0,753.22,1.1
2026-07-28 15:00:00,14.77,27.96,14.75,18.1,22.02,48.5,5.22,1.3,59.46,0.65,5.13,NA,0.4,0.78,0.62,30.29,74.28,2.05,206.51,NA,NA,104.25,753.1,1.07
2026-07-28 16:00:00,12.24,26.87,12.7,18.11,19.77,52.19,5.32,1.31,59.22,0.66,6.9,NA,0.47,0.92,0.73,29.79,73.36,2.0,196.82,NA,NA,124.05,753.05,1.06
2026-07-28 17:00:00,11.85,26.84,12.3,18.5,19.96,50.59,5.13,1.05,56.1,0.66,7.59,NA,0.52,0.95,0.76,28.04,93.76,1.88,204.6,NA,NA,175.83,752.4,0.96
2026-07-28 18:00:00,16.17,27.75,12.84,17.94,19.97,51.25,4.22,0.99,54.99,0.79,8.45,NA,0.6,1.09,1.03,27.33,94.93,1.98,221.73,NA,NA,184.29,752.32,0.95
2026-07-28 19:00:00,18.73,31.53,15.42,17.24,21.72,55.65,3.95,0.74,53.93,0.8,9.25,NA,0.59,1.24,1.34,27.22,95.06,2.02,214.92,NA,NA,185.69,752.32,0.95
2026-07-28 20:00:00,20.51,35.72,12.42,17.24,18.86,59.07,4.54,0.69,51.11,0.82,9.49,NA,0.63,1.28,1.35,27.03,95.42,2.04,209.3,NA,NA,192.42,752.28,0.94
2026-07-28 21:00:00,20.7,38.56,11.0,19.96,20.13,53.64,5.43,0.78,52.0,0.81,9.32,NA,0.58,1.27,1.3,26.84,95.42,2.11,200.19,NA,NA,199.36,752.23,0.93
2026-07-28 22:00:00,23.35,38.45,15.15,19.16,23.51,50.58,6.64,1.02,49.16,0.63,5.26,NA,3.4,1.03,0.7,26.85,95.42,2.09,178.95,NA,NA,100.61,752.23,0.93
2026-07-28 23:00:00,25.86,34.76,14.41,18.83,22.44,41.84,7.05,0.98,41.66,0.51,3.91,NA,3.19,0.95,0.48,26.8,95.42,2.04,201.52,NA,NA,66.9,752.2,0.93
2026-07-29 00:00:00,29.18,31.41,15.66,19.8,24.65,NA,7.8,0.92,39.45,0.38,2.8,NA,0.2,0.33,0.33,26.59,95.42,1.9,190.6,NA,NA,67.07,752.18,0.92
2026-07-29 01:00:00,26.24,29.87,14.14,17.64,20.88,29.87,5.33,0.97,37.01,0.37,2.8,NA,0.2,0.33,0.33,26.2,95.42,1.89,202.68,NA,NA,67.06,752.1,0.91
2026-07-29 02:00:00,25.61,27.77,13.14,19.01,21.14,33.06,4.84,1.45,36.59,0.38,2.76,NA,0.21,0.32,0.33,26.06,95.42,1.86,208.84,NA,NA,66.79,752.0,0.9
2026-07-29 03:00:00,26.61,27.64,13.83,18.89,21.71,30.63,5.4,1.29,36.69,0.37,2.79,NA,0.2,0.33,0.33,26.01,95.42,1.92,207.48,NA,NA,66.82,752.0,0.9
2026-07-29 04:00:00,22.19,29.87,13.95,19.16,22.31,33.71,6.07,1.02,36.46,0.42,5.19,NA,0.22,0.47,0.38,25.84,95.42,1.82,203.47,NA,NA,66.52,751.98,0.89
2026-07-29 05:00:00,17.27,30.51,15.08,18.05,22.33,41.78,7.0,0.76,35.73,0.43,5.28,NA,0.22,0.49,0.39,25.74,95.42,1.87,208.61,NA,NA,66.71,751.93,0.88
2026-07-29 06:00:00,21.63,30.03,15.45,18.23,22.87,45.35,6.3,0.94,36.83,0.72,6.96,NA,0.34,1.16,0.52,26.12,95.41,1.82,202.11,NA,NA,68.95,752.15,0.9
2026-07-29 07:00:00,15.35,30.77,14.69,21.72,23.8,55.33,6.68,0.67,38.14,0.73,7.11,NA,0.48,1.19,0.68,27.53,95.32,1.98,208.56,NA,NA,72.69,752.43,0.97
2026-07-29 08:00:00,17.45,30.31,16.96,23.53,27.29,59.5,6.71,0.72,42.66,0.73,7.09,NA,0.47,1.17,0.67,28.31,88.35,2.0,219.29,NA,NA,77.42,752.65,1.0
2026-07-29 09:00:00,28.59,28.95,16.76,24.41,26.93,57.89,3.95,1.04,48.97,0.75,7.13,NA,0.47,1.17,0.69,29.28,76.34,2.04,229.92,NA,NA,79.64,752.88,1.04
2026-07-29 10:00:00,28.77,NA,15.35,24.72,25.31,63.55,3.35,1.0,71.75,1.05,5.81,NA,0.45,1.34,0.56,30.03,70.03,2.09,222.11,NA,NA,312.08,753.1,1.07
2026-07-29 11:00:00,NA,NA,13.47,20.92,22.3,64.78,3.04,NA,73.01,1.07,5.34,NA,0.44,1.32,0.58,30.47,67.64,2.15,216.43,NA,NA,378.28,753.18,1.09
2026-07-29 12:00:00,NA,10.6,16.48,18.78,23.27,63.52,NA,0.98,76.33,0.68,5.25,NA,0.41,0.79,0.62,30.95,66.21,2.04,218.9,NA,NA,349.89,753.43,1.12
2026-07-29 13:00:00,7.43,10.6,NA,NA,21.71,59.43,NA,0.31,78.9,0.7,5.16,NA,0.39,0.8,0.61,31.45,64.43,2.19,208.71,NA,NA,293.13,753.5,1.14
2026-07-29 14:00:00,14.17,17.45,NA,NA,NA,56.41,1.78,0.22,78.54,0.66,5.07,NA,0.4,0.78,0.64,31.48,63.86,2.17,213.32,NA,NA,270.92,753.5,1.14
2026-07-29 15:00:00,32.95,36.91,1.71,20.62,1.38,63.56,1.16,0.9,NA,0.67,5.03,NA,0.38,0.8,0.67,30.84,66.69,2.12,217.7,NA,NA,235.11,753.33,1.11
2026-07-29 16:00:00,41.6,43.68,5.18,22.1,5.06,68.99,1.07,0.73,53.63,0.64,6.79,NA,0.45,0.93,0.74,29.04,77.06,1.87,192.66,NA,NA,220.28,752.83,1.03
2026-07-29 17:00:00,36.26,45.06,9.91,22.77,14.88,71.44,2.07,0.87,54.9,0.65,7.45,NA,0.49,0.97,0.79,29.65,72.59,1.89,185.74,NA,NA,204.29,752.85,1.06
2026-07-29 18:00:00,18.19,49.75,13.75,24.29,24.84,NA,4.74,1.61,47.86,0.8,9.45,NA,0.58,1.28,1.32,29.85,72.35,2.17,205.02,NA,NA,162.58,753.03,1.07
2026-07-29 19:00:00,14.37,50.11,13.88,24.29,24.97,NA,6.25,1.48,44.58,0.8,9.3,NA,0.59,1.27,1.35,29.6,72.07,2.2,208.82,NA,NA,160.7,752.98,1.06
2026-07-29 20:00:00,13.6,54.31,14.65,24.47,25.72,NA,8.45,1.17,38.4,0.83,9.46,NA,0.6,1.27,1.35,29.15,73.83,2.17,207.74,NA,NA,159.47,752.8,1.03
2026-07-29 21:00:00,33.55,63.39,15.16,26.93,27.69,66.34,5.04,1.53,19.67,0.83,9.24,NA,0.6,1.28,1.29,28.49,78.97,2.15,206.89,NA,NA,159.55,752.68,1.01
2026-07-29 22:00:00,38.52,59.17,15.31,26.62,27.52,59.1,4.36,1.8,19.87,0.6,5.21,NA,2.5,1.02,0.69,28.37,79.01,2.1,212.42,NA,NA,67.34,752.65,1.0
2026-07-29 23:00:00,38.61,58.6,14.91,26.55,27.06,57.04,3.74,1.75,21.05,0.53,3.83,NA,3.38,0.94,0.49,28.35,78.47,2.08,211.43,NA,NA,55.37,752.67,1.0
2026-07-30 00:00:00,31.27,54.93,14.08,26.46,26.14,NA,7.05,0.78,22.91,0.37,2.73,NA,0.21,0.32,0.33,27.71,88.0,2.05,207.66,NA,NA,66.03,752.48,0.97
2026-07-30 01:00:00,32.71,56.31,15.13,26.85,27.58,37.31,5.05,1.16,22.27,0.37,2.75,NA,0.19,0.33,0.35,27.31,95.13,2.01,201.36,NA,NA,66.09,752.38,0.96
2026-07-30 02:00:00,23.05,57.4,14.92,26.83,27.35,40.86,5.57,1.05,21.82,0.37,2.92,NA,0.2,0.33,0.33,26.99,95.28,1.99,205.02,NA,NA,66.07,752.28,0.94
2026-07-30 03:00:00,18.05,53.03,15.74,26.52,27.86,35.65,6.58,0.99,22.37,0.37,2.74,NA,0.21,0.33,0.32,26.61,95.42,1.88,214.68,NA,NA,66.1,752.2,0.92
2026-07-30 04:00:00,13.91,50.77,14.87,26.51,26.97,43.64,6.5,1.21,21.99,0.43,4.88,NA,0.23,0.49,0.39,26.43,95.42,1.89,212.1,NA,NA,66.08,752.13,0.92
2026-07-30 05:00:00,20.78,49.43,15.37,26.34,27.31,52.87,5.3,0.79,22.33,0.42,5.15,NA,0.22,0.48,0.38,26.1,95.42,1.91,201.26,NA,NA,66.2,752.03,0.9
2026-07-30 06:00:00,25.83,50.66,15.05,26.45,27.1,58.63,4.64,0.82,22.26,0.74,7.01,NA,0.46,1.21,0.68,26.32,95.4,1.83,203.54,NA,NA,68.22,752.1,0.91
2026-07-30 07:00:00,17.07,49.27,15.65,26.25,27.5,63.81,5.67,1.03,22.59,0.73,6.94,NA,0.48,1.18,0.68,26.64,95.37,1.89,205.73,NA,NA,69.1,752.2,0.93
2026-07-30 08:00:00,20.17,47.24,14.35,26.32,26.27,67.55,5.72,1.19,22.87,0.74,7.06,NA,0.48,1.2,0.68,27.63,95.17,1.93,219.02,NA,NA,73.93,752.45,0.97
2026-07-30 09:00:00,20.3,46.33,15.47,26.54,27.61,65.55,5.88,1.68,24.71,0.74,6.85,NA,0.47,1.17,0.67,28.73,79.81,2.03,219.5,NA,NA,76.5,752.75,1.02
2026-07-30 10:00:00,19.44,47.95,13.95,25.96,25.82,59.73,5.76,1.81,31.62,1.06,6.22,NA,0.43,1.23,0.61,28.77,77.29,2.05,216.61,NA,NA,97.56,752.75,1.02
2026-07-30 11:00:00,17.67,51.9,14.04,24.02,24.86,50.6,6.44,0.96,54.66,1.35,6.71,NA,0.36,1.06,0.48,29.67,72.47,2.09,209.47,NA,NA,195.19,753.0,1.06
2026-07-30 12:00:00,21.19,49.9,13.25,24.16,24.21,50.31,5.97,1.31,87.25,0.86,6.14,NA,0.32,0.62,0.51,30.3,68.43,2.18,213.32,NA,NA,367.25,753.18,1.09
2026-07-30 13:00:00,21.74,49.61,13.45,24.39,24.64,47.55,5.93,1.2,84.18,0.84,6.21,NA,0.31,0.61,0.5,30.57,67.07,2.25,216.59,NA,NA,360.18,753.25,1.1
2026-07-30 14:00:00,24.92,48.54,14.15,23.45,24.81,40.29,6.67,1.18,79.88,0.83,6.15,NA,0.32,0.64,0.49,30.86,64.82,2.22,223.53,NA,NA,315.94,753.3,1.11
2026-07-30 15:00:00,15.74,48.82,13.69,22.19,23.88,52.44,12.77,0.71,73.78,0.81,6.14,NA,0.32,0.61,0.53,30.01,60.08,2.2,222.6,NA,NA,303.09,751.73,0.85
2026-07-30 16:00:00,25.31,47.9,11.96,21.88,21.71,57.9,9.39,1.14,76.11,NA,NA,NA,NA,NA,NA,30.16,67.72,2.19,225.19,NA,NA,295.31,753.1,1.08
2026-07-30 17:00:00,16.44,46.44,14.11,24.29,25.2,50.38,6.09,1.11,57.4,NA,NA,NA,NA,NA,NA,29.67,68.73,2.17,223.34,NA,NA,280.63,753.0,1.06
2026-07-30 18:00:00,17.09,46.49,14.54,25.1,25.65,51.2,5.91,1.17,53.65,1.01,11.12,NA,0.43,1.01,1.07,29.29,71.67,2.15,221.42,NA,NA,246.83,752.9,1.04
2026-07-30 19:00:00,12.78,46.65,15.57,26.55,27.71,57.13,4.76,1.36,39.24,1.04,10.93,NA,0.49,1.01,1.06,27.43,95.18,1.98,203.91,NA,NA,154.17,752.4,0.96
2026-07-30 20:00:00,20.56,47.93,14.98,26.86,27.43,61.55,5.05,1.5,36.69,1.01,11.09,NA,0.46,1.01,1.08,27.55,92.75,1.9,208.49,NA,NA,150.42,752.4,0.97
2026-07-30 21:00:00,20.85,50.4,15.14,26.69,27.43,52.98,6.38,1.13,37.54,1.01,11.01,NA,0.47,1.0,1.04,27.37,82.0,2.0,206.7,NA,NA,160.63,752.4,0.96
2026-07-30 22:00:00,23.2,49.56,14.07,25.14,25.71,45.56,6.53,1.12,36.55,0.85,7.7,NA,2.05,0.88,0.72,27.35,81.68,1.96,211.98,NA,NA,125.13,752.4,0.96
2026-07-30 23:00:00,23.49,48.74,14.0,23.09,24.64,41.66,6.3,1.12,29.47,0.65,4.47,NA,2.56,0.78,0.38,27.35,80.86,1.96,223.9,NA,NA,83.61,752.4,0.96
2026-07-31 00:00:00,19.25,47.95,10.73,19.97,19.89,37.81,6.29,0.73,22.58,0.47,3.42,NA,0.14,0.26,0.25,26.57,86.26,1.92,219.64,NA,NA,20.63,752.15,0.92
2026-07-31 01:00:00,27.31,51.92,11.9,20.2,21.3,26.83,4.51,0.42,23.0,0.46,3.29,NA,0.16,0.25,0.27,26.09,95.15,1.85,214.17,NA,NA,21.5,752.03,0.9
2026-07-31 02:00:00,16.11,51.28,10.81,19.88,19.88,29.63,5.24,0.5,22.54,0.47,3.15,NA,0.15,0.26,0.25,26.04,95.35,1.87,216.54,NA,NA,23.75,752.0,0.9
2026-07-31 03:00:00,13.73,48.94,11.3,19.94,20.44,25.03,4.79,0.75,21.57,0.45,3.33,NA,0.14,0.26,0.28,26.08,95.29,1.87,220.16,NA,NA,25.24,752.0,0.9
2026-07-31 04:00:00,11.14,48.59,11.17,19.98,20.36,28.07,4.72,0.76,22.8,0.51,4.54,NA,0.17,0.33,0.3,26.04,95.31,1.88,219.51,NA,NA,24.9,752.0,0.9
2026-07-31 05:00:00,19.63,47.57,10.94,20.23,20.37,40.99,4.95,0.61,22.85,0.53,6.01,NA,0.18,0.39,0.31,25.83,95.41,1.82,211.35,NA,NA,25.27,752.0,0.89
2026-07-31 06:00:00,17.62,46.64,11.29,19.77,20.26,44.99,4.68,0.58,23.29,0.93,8.32,NA,0.38,0.95,0.54,25.89,95.39,1.79,215.05,NA,NA,33.6,752.0,0.89
2026-07-31 07:00:00,19.12,44.96,11.16,19.91,20.27,51.5,4.98,0.5,22.54,0.93,7.96,NA,0.38,0.93,0.53,25.97,95.38,1.78,223.17,NA,NA,38.02,752.0,0.9
2026-07-31 08:00:00,16.92,44.0,12.21,21.74,21.9,53.69,4.51,0.5,34.25,0.94,7.97,NA,0.38,0.96,0.55,26.48,95.21,1.86,218.67,NA,NA,131.5,752.15,0.92
2026-07-31 09:00:00,15.39,43.74,14.47,24.08,25.35,55.19,7.11,0.94,60.69,0.92,7.87,NA,0.38,0.95,0.54,26.78,95.1,1.87,221.79,NA,NA,237.2,752.23,0.93
2026-07-31 10:00:00,17.6,44.24,12.83,23.49,23.41,55.24,7.21,1.08,73.55,1.33,6.64,NA,0.35,1.07,0.43,27.5,94.37,1.94,220.33,NA,NA,298.31,752.43,0.96
2026-07-31 11:00:00,10.46,46.14,12.65,21.91,22.55,57.94,5.71,1.36,71.64,1.34,6.8,NA,0.35,1.06,0.47,27.5,85.66,2.01,229.62,NA,NA,264.89,752.43,0.96
2026-07-31 12:00:00,24.69,46.86,12.28,21.91,22.19,57.94,5.81,1.22,72.81,0.81,6.14,NA,0.33,0.62,0.5,28.57,77.35,2.03,229.89,NA,NA,317.31,752.7,1.01
2026-07-31 13:00:00,16.84,46.91,12.88,21.88,22.75,52.98,7.35,0.77,72.81,0.83,6.0,NA,0.32,0.64,0.52,29.0,74.78,2.1,224.01,NA,NA,302.28,752.82,1.03
2026-07-31 14:00:00,17.6,46.81,12.83,22.05,22.73,46.53,7.51,1.06,73.3,0.8,5.76,NA,0.29,0.6,0.48,29.07,75.13,2.09,224.31,NA,NA,278.37,752.82,1.03
2026-07-31 15:00:00,12.56,46.13,12.48,21.79,21.72,41.13,7.72,0.85,73.48,0.64,5.16,NA,0.24,0.47,0.37,29.39,74.1,2.03,214.32,NA,NA,265.59,752.93,1.05
2026-07-31 16:00:00,23.38,45.69,12.78,22.18,22.4,45.17,7.27,0.98,70.53,0.63,6.98,NA,0.28,0.54,0.46,29.18,75.05,2.04,210.06,NA,NA,252.69,752.88,1.04
2026-07-31 17:00:00,24.99,43.05,13.36,23.13,23.21,43.7,5.08,0.91,58.62,0.67,7.43,NA,0.31,0.6,0.48,29.38,73.25,2.13,215.99,NA,NA,197.39,752.93,1.05
2026-07-31 18:00:00,4.65,59.87,13.51,23.99,23.86,44.58,4.97,1.23,50.14,0.83,9.44,NA,0.37,0.76,0.8,28.94,74.16,2.06,213.08,NA,NA,152.85,752.8,1.03
2026-07-31 19:00:00,12.76,79.84,14.28,25.4,25.33,49.9,5.96,0.46,32.41,0.84,9.21,NA,0.35,0.76,0.78,28.61,74.94,2.07,226.74,NA,NA,52.47,752.73,1.01
2026-07-31 20:00:00,20.53,79.77,15.43,26.69,27.17,52.88,6.12,0.56,28.38,0.8,9.47,NA,0.36,0.77,0.8,27.9,75.48,1.98,221.73,NA,NA,50.65,752.53,0.98
2026-07-31 21:00:00,25.82,74.8,14.36,26.28,25.69,47.99,4.86,0.47,28.97,0.77,9.51,NA,0.37,0.74,0.8,27.3,78.33,1.97,224.94,NA,NA,50.46,752.38,0.95
2026-07-31 22:00:00,25.24,72.67,13.52,25.1,24.4,43.86,4.76,0.62,27.75,0.65,6.75,NA,1.21,0.65,0.54,27.04,82.88,1.94,225.59,NA,NA,44.64,752.33,0.94
2026-07-31 23:00:00,20.92,68.41,11.07,19.58,19.31,33.95,5.82,0.8,25.06,0.51,3.72,NA,1.92,0.56,0.29,26.45,95.15,1.86,226.83,NA,NA,21.96,752.1,0.92
2026-08-01 00:00:00,31.07,71.35,11.45,20.06,20.16,34.6,4.78,1.33,23.46,0.39,2.8,NA,0.12,0.2,0.19,26.28,95.4,1.82,228.65,NA,NA,23.13,752.1,0.91
2026-08-01 01:00:00,24.28,70.8,10.98,19.82,19.45,26.07,2.63,1.26,23.08,0.39,2.81,NA,0.11,0.19,0.19,26.17,95.42,1.91,226.75,NA,NA,24.03,752.1,0.9
2026-08-01 02:00:00,17.31,65.5,11.47,20.13,20.25,28.78,2.41,1.18,23.15,0.37,2.62,NA,0.13,0.19,0.2,26.06,95.42,1.87,222.58,NA,NA,22.28,752.0,0.9
2026-08-01 03:00:00,15.41,64.92,11.58,20.01,20.24,26.88,3.16,0.89,22.7,0.37,2.63,NA,0.13,0.19,0.19,26.02,95.42,1.91,221.86,NA,NA,22.44,752.0,0.9
2026-08-01 04:00:00,23.45,68.81,11.44,19.95,20.04,29.04,5.81,0.5,21.89,0.42,5.0,NA,0.14,0.28,0.23,25.78,95.42,1.85,229.07,NA,NA,21.66,751.95,0.89
2026-08-01 05:00:00,25.31,76.1,11.1,19.91,19.66,36.78,6.13,0.59,21.63,0.42,5.19,NA,0.14,0.3,0.24,25.56,95.42,1.82,228.61,NA,NA,24.0,751.9,0.88
2026-08-01 06:00:00,17.54,79.6,11.6,19.8,20.06,38.77,6.12,0.81,22.14,0.75,6.8,NA,0.28,0.7,0.4,25.69,95.42,1.91,223.34,NA,NA,31.59,751.93,0.88
2026-08-01 07:00:00,25.43,84.63,11.31,19.99,19.95,44.5,4.27,0.41,22.88,0.74,6.93,NA,0.29,0.71,0.41,26.15,95.41,1.86,227.85,NA,NA,43.51,752.05,0.9
2026-08-01 08:00:00,33.71,85.12,11.0,20.02,19.67,47.38,4.25,0.4,21.6,0.75,7.01,NA,0.28,0.72,0.41,26.82,95.37,1.92,227.31,NA,NA,67.15,752.2,0.93
2026-08-01 09:00:00,32.46,81.88,11.92,21.65,21.29,50.13,6.79,0.8,34.37,0.72,7.02,NA,0.29,0.7,0.4,27.62,95.32,1.91,231.79,NA,NA,192.55,752.45,0.97
2026-08-01 10:00:00,27.67,85.8,12.17,22.16,21.78,47.96,7.59,0.67,38.08,1.04,5.56,NA,0.26,0.8,0.34,29.04,89.1,1.91,236.71,NA,NA,295.62,752.83,1.03
2026-08-01 11:00:00,24.99,84.47,13.64,21.9,22.98,46.39,6.16,1.03,36.88,1.08,5.74,NA,0.27,0.8,0.34,29.57,73.14,2.02,228.63,NA,NA,270.47,752.98,1.05
2026-08-01 12:00:00,25.62,91.88,14.14,21.9,23.48,46.35,15.02,0.73,37.11,0.65,5.21,NA,0.23,0.47,0.38,30.48,70.4,2.01,237.65,NA,NA,268.0,753.2,1.09
2026-08-01 13:00:00,26.99,89.39,12.18,21.67,21.3,42.19,5.77,1.73,39.46,0.67,5.22,NA,0.24,0.46,0.38,30.9,67.9,2.21,229.64,NA,NA,229.01,753.35,1.11
2026-08-01 14:00:00,31.96,85.81,12.55,21.94,21.94,38.09,4.11,1.95,37.94,0.65,5.32,NA,0.24,0.47,0.39,31.22,67.76,2.13,234.39,NA,NA,204.43,753.43,1.13
2026-08-01 15:00:00,28.09,91.03,12.6,22.18,22.22,47.56,6.34,1.1,37.68,0.66,5.24,NA,0.24,0.47,0.39,30.54,70.88,2.13,230.65,NA,NA,192.98,753.25,1.1
2026-08-01 16:00:00,26.94,94.7,12.56,22.06,22.07,53.98,6.31,1.23,35.33,0.67,6.44,NA,0.3,0.6,0.46,28.58,79.0,2.01,218.94,NA,NA,180.11,752.68,1.01
2026-08-01 17:00:00,27.36,98.98,12.65,22.03,22.13,51.74,5.91,1.13,38.56,0.68,7.25,NA,0.3,0.57,0.47,28.56,78.12,2.08,220.34,NA,NA,174.58,752.73,1.01
2026-08-01 18:00:00,25.14,88.52,12.77,22.09,22.31,51.15,5.77,0.81,39.79,0.83,9.62,NA,0.36,0.76,0.78,28.71,74.63,2.24,227.44,NA,NA,165.23,752.75,1.02
2026-08-01 19:00:00,27.31,88.01,13.14,23.54,23.34,55.89,4.96,1.11,33.69,0.81,9.37,NA,0.37,0.76,0.78,28.66,73.67,2.23,225.87,NA,NA,160.48,752.73,1.02
2026-08-01 20:00:00,23.58,95.36,14.71,26.56,26.32,60.38,4.56,1.72,22.81,0.8,9.38,NA,0.37,0.77,0.78,28.51,75.78,2.22,224.22,NA,NA,160.03,752.68,1.01
2026-08-01 21:00:00,33.0,96.56,15.14,26.65,26.84,52.17,4.17,0.3,23.75,0.79,9.41,NA,0.36,0.76,0.8,28.22,78.47,2.13,226.77,NA,NA,151.19,752.6,0.99
2026-08-01 22:00:00,37.63,93.53,14.95,26.74,26.73,46.91,3.36,0.34,23.64,0.53,3.74,NA,1.76,0.58,0.29,28.3,78.98,1.81,250.21,NA,NA,91.38,752.6,1.0
2026-08-01 23:00:00,38.5,94.27,15.17,26.63,26.85,45.03,3.45,0.3,23.39,0.51,3.81,NA,1.73,0.6,0.29,28.2,86.03,1.77,259.82,NA,NA,91.34,752.53,0.99
2026-08-02 00:00:00,38.92,81.98,15.05,26.41,26.51,39.61,3.85,1.23,21.08,0.37,2.77,NA,0.11,0.19,0.2,27.42,80.88,1.84,299.29,NA,NA,92.54,752.4,0.96
2026-08-02 01:00:00,31.66,74.59,14.94,26.48,26.47,30.8,5.96,0.83,20.99,0.38,2.79,NA,0.12,0.2,0.2,26.35,94.65,1.94,249.08,NA,NA,96.76,752.1,0.91
2026-08-02 02:00:00,21.49,70.16,15.11,26.56,26.72,31.98,6.6,0.83,23.11,0.38,2.71,NA,0.12,0.2,0.2,26.17,95.42,2.11,199.63,NA,NA,96.67,752.08,0.9
2026-08-02 03:00:00,17.47,69.68,15.45,26.54,27.03,28.22,5.11,0.48,23.21,0.37,2.78,NA,0.11,0.19,0.19,26.27,95.42,1.26,132.56,NA,NA,95.18,752.08,0.91
2026-08-02 04:00:00,20.72,69.46,15.75,26.51,27.3,31.83,4.9,0.54,22.93,0.39,3.92,NA,0.13,0.25,0.22,26.09,95.42,1.57,134.13,NA,NA,95.2,752.05,0.9
2026-08-02 05:00:00,26.6,66.91,14.08,26.4,25.53,41.06,3.52,0.59,23.66,0.41,5.15,NA,0.13,0.29,0.23,25.47,95.42,1.88,204.74,NA,NA,92.44,751.9,0.87
2026-08-02 06:00:00,17.16,65.99,15.04,26.45,26.54,45.48,3.75,0.6,23.66,0.74,6.88,NA,0.29,0.69,0.41,25.68,95.42,1.9,208.49,NA,NA,94.24,751.93,0.88
2026-08-02 07:00:00,16.48,67.49,14.96,26.48,26.49,50.91,5.18,0.68,24.1,0.74,6.98,NA,0.29,0.71,0.4,26.68,95.39,1.85,229.06,NA,NA,93.14,752.2,0.93
2026-08-02 08:00:00,20.56,69.93,15.55,26.75,27.34,52.62,5.1,0.73,24.14,0.73,7.07,NA,0.28,0.7,0.4,27.17,95.37,1.97,226.42,NA,NA,109.37,752.33,0.95
2026-08-02 09:00:00,30.75,76.12,14.99,26.78,26.82,52.45,5.52,1.01,25.84,0.76,6.88,NA,0.29,0.72,0.4,28.65,94.97,1.93,237.66,NA,NA,203.5,752.73,1.01
2026-08-02 10:00:00,32.43,77.27,12.67,22.61,22.55,48.39,6.2,1.43,49.75,1.05,5.53,NA,0.26,0.79,0.35,29.88,77.73,1.87,251.4,NA,NA,161.67,753.08,1.07
2026-08-02 11:00:00,26.92,79.85,11.67,21.99,21.11,47.39,5.05,0.98,51.71,1.04,5.76,NA,0.27,0.8,0.34,30.15,74.18,1.87,245.29,NA,NA,173.18,753.13,1.08
2026-08-02 12:00:00,23.31,80.34,12.5,22.17,22.12,51.56,4.77,1.02,61.71,0.73,5.48,NA,0.24,0.54,0.36,30.87,70.82,1.93,255.24,NA,NA,232.01,753.33,1.11
2026-08-02 13:00:00,24.85,78.03,11.89,22.14,21.48,55.4,5.68,1.1,84.62,0.65,5.1,NA,0.24,0.48,0.38,30.34,73.11,2.03,239.47,NA,NA,322.64,753.2,1.09
2026-08-02 14:00:00,21.28,77.54,11.63,21.99,21.06,51.55,5.28,1.17,86.24,0.64,5.2,NA,0.25,0.47,0.39,29.66,78.38,2.06,237.63,NA,NA,314.93,753.0,1.06
2026-08-02 15:00:00,25.67,77.5,12.97,21.99,22.41,63.88,5.09,1.37,85.01,0.67,5.35,NA,0.24,0.46,0.37,28.94,79.52,1.92,247.02,NA,NA,303.97,752.8,1.02
2026-08-02 16:00:00,25.83,73.06,12.56,22.25,22.26,68.59,5.1,1.4,83.83,0.68,6.34,NA,0.25,0.52,0.42,28.77,80.2,1.96,245.85,NA,NA,292.66,752.78,1.01
2026-08-02 17:00:00,22.57,67.21,13.24,23.39,23.48,66.9,5.19,1.34,76.52,0.67,7.58,NA,0.29,0.61,0.48,28.27,86.31,2.11,229.35,NA,NA,251.88,752.63,1.0
2026-08-02 18:00:00,21.96,71.59,13.38,25.1,24.3,65.77,5.24,1.57,45.74,0.8,9.29,NA,0.36,0.77,0.78,27.85,95.08,2.11,221.16,NA,NA,139.35,752.53,0.99
2026-08-02 19:00:00,28.88,72.52,12.53,22.06,22.04,71.0,3.28,0.98,36.02,0.82,9.24,NA,0.36,0.77,0.79,27.58,95.13,2.12,224.91,NA,NA,90.82,752.43,0.97
2026-08-02 20:00:00,31.74,72.58,12.55,22.08,22.08,76.38,3.41,1.08,25.43,0.81,9.26,NA,0.36,0.76,0.78,27.46,95.2,1.97,230.1,NA,NA,91.0,752.4,0.96
2026-08-02 21:00:00,29.93,70.66,12.34,22.07,21.86,66.23,4.35,0.79,24.22,0.8,9.29,NA,0.36,0.73,0.81,27.56,95.1,1.91,244.04,NA,NA,92.2,752.4,0.97
2026-08-02 22:00:00,31.95,66.76,11.96,22.18,21.61,60.39,4.15,0.99,23.26,0.66,6.47,NA,1.11,0.64,0.54,27.5,95.18,1.73,250.19,NA,NA,91.1,752.4,0.96
2026-08-02 23:00:00,33.65,64.39,11.66,21.32,20.84,56.98,3.73,0.95,22.92,0.52,3.85,NA,1.94,0.56,0.29,27.33,95.4,1.75,241.05,NA,NA,74.67,752.4,0.95
2026-08-03 00:00:00,33.1,70.37,10.81,19.72,19.18,49.19,4.44,1.1,22.89,0.37,2.66,NA,0.12,0.2,0.21,27.08,95.41,1.74,154.6,NA,NA,44.85,752.28,0.94
2026-08-03 01:00:00,33.29,69.53,11.65,19.78,20.08,37.92,6.64,0.79,21.82,0.35,2.78,NA,0.11,0.2,0.18,26.73,95.42,2.15,209.49,NA,NA,45.35,752.2,0.93
2026-08-03 02:00:00,24.76,69.85,10.88,19.9,19.42,41.29,6.42,0.87,22.31,0.38,2.89,NA,0.12,0.2,0.19,26.45,95.42,1.99,210.99,NA,NA,44.53,752.13,0.92
2026-08-03 03:00:00,22.0,70.02,11.96,19.97,20.57,35.77,5.68,0.51,21.36,0.39,2.71,NA,0.12,0.19,0.19,26.13,95.42,1.69,269.1,NA,NA,45.26,752.05,0.9
2026-08-03 04:00:00,21.22,63.92,10.93,19.87,19.45,41.01,6.64,0.34,23.97,0.43,5.05,NA,0.14,0.29,0.24,24.73,95.44,1.69,30.22,NA,NA,42.95,751.68,0.84
2026-08-03 05:00:00,20.77,56.17,11.11,20.02,19.78,52.42,5.91,0.76,23.42,0.42,5.22,NA,0.13,0.3,0.23,24.63,95.46,1.81,105.45,NA,NA,45.45,751.65,0.84
2026-08-03 06:00:00,24.76,51.84,11.21,19.64,19.49,57.11,5.04,1.45,22.54,0.74,6.91,NA,0.29,0.72,0.41,24.39,95.46,1.54,154.64,NA,NA,48.37,751.58,0.83
2026-08-03 07:00:00,22.89,49.84,11.31,19.93,19.89,63.46,5.27,1.09,22.97,0.73,6.86,NA,0.28,0.7,0.4,24.45,95.46,1.94,226.57,NA,NA,50.23,751.6,0.83
2026-08-03 08:00:00,19.49,46.87,11.35,19.83,19.82,67.66,5.23,1.28,23.63,0.72,7.11,NA,0.29,0.71,0.41,24.95,95.44,1.57,264.21,NA,NA,62.43,751.75,0.85
2026-08-03 09:00:00,21.73,45.71,11.68,19.92,20.25,64.27,4.94,0.55,22.53,0.75,6.89,NA,0.29,0.71,0.42,26.15,95.38,1.68,281.13,NA,NA,59.67,752.05,0.9
2026-08-03 10:00:00,19.24,44.33,11.94,21.05,21.05,60.47,6.04,0.59,33.78,1.2,6.14,NA,0.31,0.93,0.4,26.9,95.37,1.82,306.4,NA,NA,115.87,752.28,0.94
2026-08-03 11:00:00,14.39,42.25,12.2,21.86,22.45,58.1,4.38,0.98,49.89,1.3,6.59,NA,0.34,1.05,0.47,27.93,95.33,1.49,325.61,NA,NA,297.64,752.53,0.98
2026-08-03 12:00:00,21.03,43.03,12.73,22.04,22.23,57.75,4.28,0.99,49.34,0.92,6.22,NA,0.33,0.72,0.49,29.89,81.02,1.31,188.45,NA,NA,375.5,753.08,1.07
2026-08-03 13:00:00,28.85,49.95,12.42,22.12,21.99,52.12,3.36,0.84,53.71,0.84,6.02,NA,0.32,0.64,0.5,30.76,71.98,1.44,235.65,NA,NA,291.87,753.28,1.11
2026-08-03 14:00:00,22.93,53.55,12.79,21.96,22.23,49.47,2.69,1.06,61.11,0.81,5.9,NA,0.32,0.65,0.48,31.18,69.52,1.66,181.32,NA,NA,272.08,753.4,1.13
2026-08-03 15:00:00,17.41,60.95,12.36,22.11,21.91,53.88,2.71,0.92,68.95,0.84,6.1,NA,0.31,0.61,0.51,31.82,65.42,1.4,20.62,NA,NA,291.43,753.6,1.15
2026-08-03 16:00:00,18.67,65.99,12.38,22.29,22.11,63.63,4.89,0.72,76.86,0.85,8.29,NA,0.39,0.74,0.6,31.2,67.7,2.0,300.48,NA,NA,300.32,753.4,1.13
2026-08-03 17:00:00,16.77,58.5,13.71,24.04,24.21,62.95,6.21,1.19,61.83,0.85,8.84,NA,0.39,0.77,0.62,29.96,75.06,1.95,277.96,NA,NA,190.05,753.1,1.07
2026-08-03 18:00:00,14.49,56.02,13.37,24.3,23.92,64.73,5.73,1.46,61.52,0.97,11.11,NA,0.46,1.01,1.05,29.21,78.17,1.87,266.13,NA,NA,162.61,752.88,1.04
2026-08-03 19:00:00,19.29,52.95,14.12,23.75,24.79,70.01,6.28,1.09,57.58,0.99,10.73,NA,0.47,1.0,1.07,28.81,87.31,1.94,293.45,NA,NA,151.13,752.78,1.02
2026-08-03 20:00:00,32.66,59.2,12.52,21.87,21.84,77.33,5.79,1.28,39.4,0.99,10.82,NA,0.46,1.02,1.05,27.37,95.2,1.78,267.55,NA,NA,92.33,752.43,0.96
2026-08-03 21:00:00,32.5,68.34,12.38,22.11,21.94,69.7,4.18,0.94,39.46,1.02,10.8,NA,0.48,1.01,1.06,25.86,95.38,1.87,224.78,NA,NA,93.51,751.97,0.89
2026-08-03 22:00:00,26.84,73.46,12.29,22.0,21.74,58.11,2.8,1.05,27.76,0.64,4.34,NA,2.56,0.78,0.38,25.55,95.43,1.92,234.92,NA,NA,71.43,751.9,0.88
2026-08-03 23:00:00,29.09,72.96,11.57,21.91,20.93,53.22,2.47,1.08,23.62,0.63,4.41,NA,2.53,0.77,0.38,25.54,95.43,1.91,234.42,NA,NA,64.82,751.9,0.88
2026-08-04 00:00:00,24.74,60.82,11.96,22.17,21.58,49.3,7.42,1.31,22.91,0.46,3.13,NA,0.17,0.27,0.25,25.6,95.45,2.03,224.38,NA,NA,64.92,751.9,0.88
2026-08-04 01:00:00,25.82,59.04,11.82,22.05,21.31,36.67,6.37,0.88,22.36,0.48,3.21,NA,0.15,0.26,0.28,25.7,95.42,2.02,224.84,NA,NA,64.99,751.9,0.88
2026-08-04 02:00:00,22.06,57.2,12.42,22.29,22.16,41.0,6.13,1.1,23.11,0.47,3.49,NA,0.13,0.26,0.26,25.46,95.42,1.94,223.69,NA,NA,63.71,751.9,0.87
2026-08-04 03:00:00,13.91,53.11,13.1,21.92,22.47,35.63,5.79,0.78,22.21,0.46,3.23,NA,0.16,0.26,0.24,25.22,95.46,1.89,218.86,NA,NA,65.32,751.8,0.86
2026-08-04 04:00:00,16.23,51.59,12.84,21.98,22.27,42.08,4.82,0.95,24.19,0.54,6.0,NA,0.18,0.39,0.32,24.48,95.46,1.4,210.3,NA,NA,65.65,751.6,0.83
2026-08-04 05:00:00,16.95,50.26,12.31,22.2,21.95,48.12,4.13,0.93,22.93,0.53,5.89,NA,0.18,0.39,0.31,23.89,95.46,1.54,137.63,NA,NA,65.28,751.43,0.8
2026-08-04 06:00:00,14.62,50.22,12.49,21.77,21.71,57.39,3.47,1.08,23.26,0.9,8.24,NA,0.38,0.94,0.54,23.24,95.48,1.56,225.02,NA,NA,68.65,751.3,0.77
2026-08-04 07:00:00,16.17,50.1,12.44,22.29,22.18,63.78,6.39,0.61,22.79,0.92,8.2,NA,0.38,0.94,0.54,23.27,95.47,1.34,276.17,NA,NA,68.53,751.3,0.78
2026-08-04 08:00:00,14.05,45.64,11.98,21.56,20.99,68.15,6.06,0.76,21.49,0.9,8.5,NA,0.37,0.93,0.54,22.87,95.5,1.39,255.87,NA,NA,67.92,751.18,0.76
2026-08-04 09:00:00,15.29,41.96,12.05,22.17,22.34,65.76,5.9,0.86,21.98,0.92,8.13,NA,0.37,0.97,0.54,22.78,95.5,1.35,282.59,NA,NA,68.57,751.13,0.75
2026-08-04 10:00:00,17.43,42.31,12.54,22.16,22.15,62.24,6.14,0.88,21.84,1.14,7.38,NA,0.36,1.02,0.51,22.83,95.5,1.44,282.45,NA,NA,73.31,751.15,0.76
2026-08-04 11:00:00,18.57,45.64,12.29,22.35,22.09,45.56,5.1,0.85,38.92,1.35,6.56,NA,0.36,1.06,0.45,23.13,95.48,1.52,273.53,NA,NA,158.04,751.23,0.77
2026-08-04 12:00:00,15.07,45.51,11.77,21.95,21.16,40.12,5.2,1.06,44.85,0.91,5.69,NA,0.32,0.7,0.45,23.8,95.45,1.55,296.91,NA,NA,195.23,751.4,0.8
2026-08-04 13:00:00,14.84,44.41,12.52,22.22,22.19,36.48,5.39,0.75,47.66,0.67,4.65,NA,0.26,0.48,0.41,24.46,95.41,1.58,317.73,NA,NA,183.82,751.63,0.83
2026-08-04 14:00:00,11.92,42.74,12.54,22.08,22.07,33.94,5.56,0.81,48.87,0.66,4.3,NA,0.24,0.45,0.39,25.3,95.37,1.58,243.99,NA,NA,164.05,751.83,0.86
2026-08-04 15:00:00,5.32,31.96,12.9,22.27,22.25,40.8,5.74,1.49,49.39,0.66,4.26,NA,0.24,0.47,0.38,25.85,95.37,1.6,296.26,NA,NA,128.2,751.98,0.9
2026-08-04 16:00:00,6.74,34.49,12.11,22.17,21.72,44.55,5.38,1.66,50.25,0.67,5.69,NA,0.27,0.56,0.45,25.98,95.38,1.72,302.27,NA,NA,120.27,752.0,0.9
2026-08-04 17:00:00,10.23,35.61,12.56,22.07,22.08,44.22,5.39,0.79,49.31,0.69,6.48,NA,0.3,0.56,0.48,26.22,95.42,1.87,280.62,NA,NA,124.78,752.08,0.91
2026-08-04 18:00:00,16.31,36.24,12.25,22.0,21.85,44.65,5.7,0.97,50.26,0.82,7.7,NA,0.36,0.76,0.81,26.06,95.42,2.02,305.94,NA,NA,138.94,752.0,0.9
2026-08-04 19:00:00,12.5,41.29,12.81,22.36,22.61,48.26,6.22,1.15,42.67,0.82,7.66,NA,0.36,0.75,0.79,25.72,95.45,2.04,300.73,NA,NA,135.46,751.93,0.88
2026-08-04 20:00:00,8.45,54.99,12.24,22.12,21.8,52.17,7.04,1.64,23.62,0.81,7.97,NA,0.35,0.76,0.79,25.4,95.46,1.86,298.35,NA,NA,15.34,751.85,0.87
2026-08-04 21:00:00,9.59,68.78,12.63,22.01,22.1,47.43,5.67,1.31,24.39,0.8,7.83,NA,0.37,0.76,0.82,25.26,95.46,1.94,287.22,NA,NA,15.55,751.8,0.86
2026-08-04 22:00:00,22.32,70.97,12.7,21.92,21.92,41.55,4.81,1.14,22.2,0.52,4.57,NA,1.45,0.61,0.42,25.23,95.46,1.93,296.77,NA,NA,15.3,751.8,0.86
2026-08-04 23:00:00,25.96,69.98,12.32,22.11,21.88,35.86,5.59,1.21,21.43,0.53,3.25,NA,1.85,0.57,0.3,25.22,95.46,1.86,312.32,NA,NA,14.58,751.8,0.86
2026-08-05 00:00:00,23.05,73.8,12.56,22.28,22.29,34.84,5.88,1.62,22.59,0.38,2.34,NA,0.13,0.19,0.22,25.14,95.46,1.93,322.09,NA,NA,14.73,751.8,0.86
2026-08-05 01:00:00,16.62,61.46,12.52,22.3,22.26,26.58,6.04,0.94,23.01,0.39,2.32,NA,0.11,0.19,0.19,25.05,95.46,1.71,248.07,NA,NA,14.85,751.8,0.85
2026-08-05 02:00:00,16.6,55.21,11.94,22.36,21.75,28.31,6.15,1.04,22.27,0.37,2.34,NA,0.12,0.19,0.21,25.04,95.46,1.79,320.22,NA,NA,15.07,751.8,0.85
2026-08-05 03:00:00,10.02,56.98,12.57,22.45,22.47,25.26,5.37,0.43,21.92,0.38,2.4,NA,0.11,0.19,0.18,25.06,95.46,1.86,330.95,NA,NA,15.23,751.8,0.86
2026-08-05 04:00:00,9.46,57.92,12.89,21.91,22.25,29.45,5.19,0.58,21.75,0.42,3.76,NA,0.12,0.27,0.22,24.95,95.46,1.94,262.31,NA,NA,15.66,751.75,0.85
2026-08-05 05:00:00,10.17,53.86,12.3,21.78,21.52,37.39,5.63,0.38,20.46,0.42,4.29,NA,0.14,0.29,0.24,24.51,95.46,1.96,356.25,NA,NA,16.89,751.6,0.83
2026-08-05 06:00:00,10.23,50.26,12.28,22.09,21.81,40.61,5.54,0.43,21.56,0.59,5.07,NA,0.21,0.5,0.32,24.7,95.45,2.03,1.38,NA,NA,17.28,751.65,0.84
2026-08-05 07:00:00,12.92,50.24,12.36,21.91,21.72,43.71,5.34,0.96,23.59,0.72,5.87,NA,0.29,0.71,0.41,25.29,95.43,1.69,283.05,NA,NA,16.91,751.8,0.87
2026-08-05 08:00:00,19.13,57.51,13.18,22.02,22.66,47.83,5.82,1.16,23.79,0.76,5.85,NA,0.29,0.72,0.41,25.81,95.4,1.85,234.38,NA,NA,13.28,751.98,0.89
2026-08-05 09:00:00,16.04,58.76,13.01,22.39,22.85,45.77,5.91,0.93,48.93,0.74,5.9,NA,0.28,0.7,0.4,26.52,95.35,1.88,230.32,NA,NA,113.52,752.15,0.92
2026-08-05 10:00:00,17.13,60.22,12.08,21.08,21.2,42.83,6.92,1.06,51.0,0.98,5.09,NA,0.26,0.78,0.35,27.04,95.33,1.81,232.54,NA,NA,175.88,752.3,0.94
2026-08-05 11:00:00,15.91,56.03,9.69,18.67,17.88,41.56,7.1,0.81,52.99,1.05,4.55,NA,0.27,0.8,0.36,27.41,95.3,1.86,237.31,NA,NA,329.06,752.43,0.96
2026-08-05 12:00:00,13.01,51.38,9.94,17.82,17.61,41.13,7.09,0.68,50.91,0.77,4.47,NA,0.24,0.55,0.37,28.39,85.83,1.85,246.57,NA,NA,372.56,752.65,1.0
2026-08-05 13:00:00,13.02,53.69,9.98,17.7,17.53,36.08,5.17,0.82,55.26,0.68,4.36,NA,0.25,0.47,0.37,29.59,74.86,1.74,277.77,NA,NA,360.64,753.0,1.06
2026-08-05 14:00:00,10.74,50.49,10.51,17.77,18.12,34.76,5.0,0.92,54.1,0.65,4.35,NA,0.24,0.47,0.38,29.64,75.92,1.48,317.87,NA,NA,346.22,752.98,1.06
2026-08-05 15:00:00,9.94,36.28,9.6,17.79,17.24,41.92,5.28,0.44,50.71,0.66,4.35,NA,0.24,0.47,0.37,28.4,84.44,1.66,129.97,NA,NA,294.96,752.65,1.0
2026-08-05 16:00:00,8.05,40.22,10.17,17.52,17.54,45.07,6.15,0.48,53.73,0.65,6.06,NA,0.29,0.55,0.44,26.03,93.35,1.27,244.63,NA,NA,271.88,752.03,0.9
2026-08-05 17:00:00,10.06,39.2,10.52,18.24,18.1,43.85,4.07,0.76,52.15,0.67,6.22,NA,0.3,0.58,0.47,24.82,95.44,1.26,158.02,NA,NA,249.4,751.7,0.85
2026-08-05 18:00:00,12.44,38.49,12.56,21.17,21.78,44.99,4.59,0.87,46.16,0.75,6.94,NA,0.35,0.66,0.73,24.55,95.46,1.51,82.61,NA,NA,194.44,751.6,0.84
2026-08-05 19:00:00,18.31,35.09,14.13,22.81,23.67,48.19,4.65,1.4,33.27,0.79,7.76,NA,0.35,0.75,0.8,24.61,95.46,1.69,176.6,NA,NA,113.82,751.6,0.83
2026-08-05 20:00:00,21.55,32.11,13.66,24.34,24.24,52.63,4.87,1.8,24.85,0.82,7.64,NA,0.37,0.75,0.79,24.7,95.46,1.71,212.92,NA,NA,17.07,751.63,0.84
2026-08-05 21:00:00,13.99,30.1,13.56,24.54,24.35,47.81,6.66,0.97,25.85,0.83,7.85,NA,0.38,0.75,0.77,24.84,95.46,1.98,133.98,NA,NA,17.12,751.7,0.85
2026-08-05 22:00:00,14.77,32.82,12.63,22.96,22.58,42.29,6.72,1.0,26.74,0.58,4.21,NA,1.56,0.62,0.4,24.8,95.46,1.74,141.25,NA,NA,16.99,751.7,0.84
2026-08-05 23:00:00,14.61,35.25,11.49,20.0,20.14,35.44,6.23,1.13,27.14,0.54,3.21,NA,1.94,0.55,0.29,24.77,95.46,1.18,72.59,NA,NA,17.0,751.7,0.84
2026-08-06 00:00:00,26.3,28.76,10.99,19.85,19.5,34.37,5.06,1.25,26.35,0.36,2.29,NA,0.11,0.2,0.19,24.68,95.46,1.86,115.58,NA,NA,16.96,751.68,0.84
2026-08-06 01:00:00,14.18,24.0,11.09,19.99,19.72,26.62,5.17,1.22,27.47,0.38,2.31,NA,0.13,0.19,0.19,24.6,95.46,1.66,87.83,NA,NA,16.98,751.6,0.83
2026-08-06 02:00:00,10.06,24.32,11.2,19.99,19.84,28.6,4.25,1.2,26.58,0.38,2.24,NA,0.11,0.19,0.2,24.54,95.46,1.86,49.17,NA,NA,17.01,751.6,0.83
2026-08-06 03:00:00,12.61,28.65,11.44,19.81,19.9,24.39,6.58,1.41,26.76,0.38,2.3,NA,0.11,0.2,0.21,24.47,95.46,1.8,77.44,NA,NA,16.99,751.6,0.83
2026-08-06 04:00:00,13.9,27.49,11.72,19.92,20.28,28.3,6.24,1.34,27.51,0.42,3.87,NA,0.13,0.26,0.23,24.17,95.46,1.73,132.17,NA,NA,17.07,751.53,0.82
2026-08-06 05:00:00,10.89,26.83,11.5,20.01,20.01,34.85,5.47,1.08,25.73,0.42,4.26,NA,0.14,0.29,0.23,23.47,95.46,1.54,203.27,NA,NA,17.05,751.32,0.79
2026-08-06 06:00:00,10.13,24.18,11.01,19.54,19.2,39.61,5.69,0.8,25.38,0.58,4.97,NA,0.22,0.5,0.32,23.37,95.46,1.67,201.66,NA,NA,17.38,751.3,0.78
2026-08-06 07:00:00,11.14,21.98,11.64,19.48,19.77,42.72,4.77,0.88,26.54,0.73,5.75,NA,0.28,0.71,0.41,23.47,95.46,1.62,210.92,NA,NA,18.09,751.32,0.79
2026-08-06 08:00:00,13.42,19.24,11.03,19.78,19.58,46.93,4.3,0.8,24.91,0.74,5.64,NA,0.28,0.7,0.41,23.73,95.46,1.66,224.05,NA,NA,18.97,751.4,0.79
2026-08-06 09:00:00,11.63,18.03,12.34,21.23,21.32,45.83,2.22,0.99,45.37,0.74,5.95,NA,0.28,0.71,0.41,24.3,95.43,1.71,225.03,NA,NA,93.01,751.55,0.82
2026-08-06 10:00:00,11.81,13.87,12.6,21.95,21.99,43.51,2.11,1.02,51.76,0.97,4.91,NA,0.27,0.78,0.36,24.76,95.42,1.78,226.1,NA,NA,115.49,751.68,0.84
2026-08-06 11:00:00,10.01,11.91,12.5,21.99,21.94,40.16,3.54,1.02,50.3,1.03,4.78,NA,0.26,0.8,0.35,24.82,95.43,1.66,207.35,NA,NA,154.21,751.7,0.85
2026-08-06 12:00:00,12.58,15.25,12.49,21.77,21.7,41.17,4.6,0.9,49.07,0.75,4.47,NA,0.24,0.55,0.37,24.27,95.45,1.56,222.91,NA,NA,251.97,751.55,0.82
2026-08-06 13:00:00,8.45,15.35,12.71,21.98,22.14,37.0,4.73,1.1,46.99,0.65,4.45,NA,0.24,0.48,0.39,24.68,95.43,1.6,256.93,NA,NA,285.75,751.63,0.84
2026-08-06 14:00:00,6.03,16.3,13.27,21.83,22.55,34.73,4.72,1.33,48.1,0.68,4.45,NA,0.24,0.46,0.38,24.89,95.42,1.76,237.87,NA,NA,276.21,751.7,0.85
2026-08-06 15:00:00,4.62,18.41,11.36,20.68,19.96,39.75,5.35,0.72,51.54,0.57,3.43,NA,0.16,0.38,0.25,25.19,95.41,1.83,231.09,NA,NA,338.79,751.8,0.65
2026-08-06 16:00:00,3.55,16.66,10.19,17.63,17.67,45.41,5.39,1.05,48.32,0.49,3.41,NA,0.18,0.38,0.29,25.78,95.38,1.9,228.54,NA,NA,428.1,751.95,0.89
2026-08-06 17:00:00,9.89,19.23,10.36,18.22,18.13,42.14,8.21,0.92,45.61,0.5,3.78,NA,NA,NA,NA,25.83,95.42,2.01,220.05,NA,NA,398.97,751.98,0.89
2026-08-06 18:00:00,14.34,22.89,11.71,20.71,20.47,44.37,7.93,1.08,47.09,0.57,4.48,NA,NA,NA,NA,25.63,95.43,2.0,215.75,NA,NA,218.16,751.9,0.88
2026-08-06 19:00:00,13.18,20.99,12.97,22.48,22.4,48.5,7.16,0.92,42.76,0.64,4.72,NA,NA,NA,NA,25.36,95.45,1.94,212.45,NA,NA,114.87,751.82,0.87
2026-08-06 20:00:00,18.84,23.09,14.09,24.14,24.49,52.18,5.6,0.87,26.49,0.59,4.58,NA,NA,NA,NA,25.13,95.46,1.84,210.2,NA,NA,46.17,751.78,0.86
2026-08-06 21:00:00,20.51,28.69,13.76,24.21,24.22,48.87,7.46,0.78,24.85,0.61,4.69,NA,NA,NA,NA,24.96,95.46,1.63,251.44,NA,NA,16.01,751.7,0.85
2026-08-06 22:00:00,15.97,33.78,13.46,23.23,23.65,40.95,7.15,0.95,24.98,0.38,1.96,NA,NA,NA,NA,24.68,95.46,1.77,223.05,NA,NA,16.7,751.65,0.84
2026-08-06 23:00:00,15.31,34.71,9.38,19.99,17.2,34.87,5.84,0.82,24.98,0.39,1.96,NA,NA,NA,NA,24.57,95.46,1.8,233.2,NA,NA,16.8,751.6,0.83
2026-08-07 00:00:00,13.09,35.59,10.04,17.85,17.73,34.43,5.27,0.69,25.54,0.28,1.41,NA,NA,NA,NA,24.5,95.46,1.6,262.74,NA,NA,17.08,751.6,0.83
2026-08-07 01:00:00,12.02,31.96,10.57,17.83,18.25,26.18,2.96,0.74,23.97,0.29,1.38,NA,NA,NA,NA,24.29,95.46,1.68,284.15,NA,NA,16.83,751.55,0.82
2026-08-07 02:00:00,14.08,29.59,10.66,17.63,18.13,27.62,2.63,0.83,24.45,0.27,1.42,NA,NA,NA,NA,24.15,95.46,1.73,293.36,NA,NA,16.89,751.5,0.82
2026-08-07 03:00:00,11.71,26.87,11.0,17.58,18.43,26.35,3.2,0.83,22.83,0.29,1.39,NA,NA,NA,NA,24.06,95.46,1.65,277.46,NA,NA,16.84,751.5,0.81
2026-08-07 04:00:00,7.76,23.24,9.86,17.52,17.23,27.37,5.94,0.51,21.64,0.31,1.91,NA,NA,NA,NA,24.06,95.46,1.75,250.99,NA,NA,17.06,751.5,0.81
2026-08-07 05:00:00,7.87,22.17,11.19,17.5,18.54,36.62,7.26,1.19,22.01,0.31,2.64,NA,NA,NA,NA,24.21,95.46,1.76,233.98,NA,NA,17.03,751.5,0.82
2026-08-07 06:00:00,11.38,24.48,10.33,17.23,17.42,40.69,4.62,1.26,23.16,0.55,3.36,NA,NA,NA,NA,24.29,95.46,1.79,220.29,NA,NA,17.48,751.55,0.82
2026-08-07 07:00:00,23.09,33.88,10.91,19.96,19.68,43.21,5.8,0.91,27.56,0.56,3.49,NA,NA,NA,NA,24.69,95.43,1.6,245.09,NA,NA,86.41,751.65,0.84
2026-08-07 08:00:00,18.78,44.16,12.16,22.03,21.65,47.74,6.68,0.9,29.97,0.55,3.48,NA,NA,NA,NA,25.83,95.33,1.68,240.33,NA,NA,102.43,751.98,0.89
2026-08-07 09:00:00,13.06,39.7,11.67,22.17,21.29,45.84,6.62,0.66,31.96,0.55,3.43,NA,NA,NA,NA,26.99,95.26,1.77,232.54,NA,NA,78.2,752.28,0.94
2026-08-07 10:00:00,11.95,35.73,12.74,21.81,22.0,44.03,7.1,0.56,31.97,0.74,3.04,NA,NA,NA,NA,27.81,92.33,1.86,236.7,NA,NA,80.13,752.5,0.98
2026-08-07 11:00:00,16.3,29.73,12.69,22.08,22.22,40.0,5.62,0.82,36.0,0.82,2.91,NA,NA,NA,NA,28.24,82.97,1.98,236.89,NA,NA,179.96,752.63,0.99
2026-08-07 12:00:00,16.19,32.13,12.18,21.9,21.52,40.43,1.18,0.76,34.98,0.5,2.58,NA,NA,NA,NA,28.48,80.27,1.89,240.02,NA,NA,252.64,752.7,1.0
2026-08-07 13:00:00,19.16,35.25,11.91,21.97,21.33,36.5,4.8,0.89,32.53,0.51,2.65,NA,NA,NA,NA,28.9,78.52,2.01,233.48,NA,NA,282.8,752.8,1.02
2026-08-07 14:00:00,11.49,36.54,12.39,21.83,21.67,33.49,6.63,1.0,32.26,0.5,2.7,NA,NA,NA,NA,29.68,74.18,1.93,242.23,NA,NA,281.23,753.0,1.05
2026-08-07 15:00:00,10.57,43.1,12.81,21.78,22.04,39.83,8.76,0.55,32.21,0.5,2.63,NA,NA,NA,NA,29.93,72.63,2.02,238.76,NA,NA,241.23,753.08,1.07
2026-08-07 16:00:00,17.39,46.93,14.34,22.21,23.99,47.9,12.16,0.52,37.8,0.49,3.52,NA,NA,NA,NA,29.82,72.71,1.94,245.62,NA,NA,202.58,753.03,1.07
2026-08-07 17:00:00,15.66,45.87,10.81,21.92,20.18,49.68,5.39,0.65,43.71,0.5,3.8,NA,NA,NA,NA,29.56,74.45,2.12,235.51,NA,NA,188.85,752.98,1.05
2026-08-07 18:00:00,22.97,43.88,10.77,22.08,20.31,50.36,2.79,0.82,46.13,0.61,4.17,NA,NA,NA,NA,28.89,78.19,2.07,241.33,NA,NA,167.33,752.78,1.03
2026-08-07 19:00:00,17.48,43.53,11.94,22.28,21.66,52.85,3.92,0.58,36.66,0.63,4.65,NA,NA,NA,NA,28.5,81.29,2.07,235.7,NA,NA,153.68,752.7,1.01
2026-08-07 20:00:00,18.28,47.12,12.17,22.12,21.74,55.54,4.48,0.46,33.91,0.63,4.74,NA,NA,NA,NA,28.31,84.6,2.07,256.76,NA,NA,111.93,752.65,1.0
2026-08-07 21:00:00,27.74,57.13,11.74,22.12,21.32,49.39,5.22,0.5,29.98,0.63,4.58,NA,NA,NA,NA,27.62,95.19,2.18,257.03,NA,NA,93.2,752.45,0.97
2026-08-07 22:00:00,32.96,63.1,12.82,21.99,22.26,45.09,6.16,0.55,33.04,0.45,2.48,NA,NA,NA,NA,27.24,95.42,2.11,202.86,NA,NA,93.94,752.4,0.96
2026-08-07 23:00:00,33.5,64.09,12.3,21.72,21.47,37.26,7.06,0.39,24.67,0.4,1.92,NA,NA,NA,NA,26.99,95.42,1.56,213.27,NA,NA,NA,752.25,0.94
2026-08-08 00:00:00,30.25,67.31,12.68,21.81,21.94,37.08,7.24,0.45,20.83,0.27,1.4,NA,NA,NA,NA,26.76,95.42,2.01,204.38,NA,NA,16.71,752.2,0.93
2026-08-08 01:00:00,29.28,68.3,12.12,22.13,21.69,29.34,5.53,0.7,21.15,0.28,1.33,NA,NA,NA,NA,26.4,95.42,1.95,210.76,NA,NA,16.49,752.13,0.92
2026-08-08 02:00:00,31.5,65.64,11.95,22.12,21.52,30.92,5.81,0.67,21.63,0.27,1.38,NA,NA,NA,NA,26.24,95.42,1.95,215.02,NA,NA,16.41,752.08,0.91
2026-08-08 03:00:00,23.86,69.38,12.27,21.99,21.7,28.38,6.18,0.47,21.02,0.28,1.35,NA,NA,NA,NA,26.08,95.42,1.92,222.08,NA,NA,16.48,752.0,0.9
2026-08-08 04:00:00,25.3,68.54,12.0,22.13,21.58,31.51,5.86,0.45,20.04,0.29,1.95,NA,NA,NA,NA,26.09,95.42,1.94,221.55,NA,NA,16.53,752.03,0.9
2026-08-08 05:00:00,23.36,63.75,11.72,22.23,21.39,38.1,6.48,0.61,21.53,0.31,2.53,NA,NA,NA,NA,25.99,95.42,1.84,221.9,NA,NA,16.84,752.0,0.9
2026-08-08 06:00:00,16.24,54.21,12.2,21.79,21.44,42.74,7.23,0.73,22.42,0.49,3.25,NA,NA,NA,NA,25.86,95.42,1.91,228.33,NA,NA,17.3,752.0,0.89
2026-08-08 07:00:00,17.75,46.91,12.59,22.08,22.12,47.09,6.25,0.57,22.56,0.57,3.46,NA,NA,NA,NA,25.82,95.42,1.89,223.23,NA,NA,18.09,751.98,0.89
2026-08-08 08:00:00,18.56,44.99,14.13,24.82,24.28,52.36,5.42,0.59,33.7,0.55,3.51,NA,NA,NA,NA,26.09,95.4,1.83,226.04,NA,NA,167.58,752.03,0.91
2026-08-08 09:00:00,23.26,46.03,14.0,26.87,24.36,53.35,4.87,0.56,36.05,0.56,3.48,NA,NA,NA,NA,26.95,95.33,1.91,230.49,NA,NA,272.48,752.43,0.95
2026-08-08 10:00:00,22.76,50.31,14.23,26.56,24.82,50.85,6.32,0.29,35.45,0.73,3.07,NA,NA,NA,NA,28.08,91.54,1.92,231.7,NA,NA,291.65,752.58,0.99
2026-08-08 11:00:00,17.53,50.62,14.11,25.39,24.38,48.02,5.85,0.45,49.91,0.8,2.82,NA,NA,NA,NA,28.78,81.53,2.07,228.02,NA,NA,328.55,752.78,1.03
2026-08-08 12:00:00,33.34,50.25,11.6,21.98,21.03,47.1,NA,1.16,61.9,0.44,2.54,NA,NA,NA,NA,29.94,71.49,2.08,228.62,NA,NA,316.7,753.08,1.07
2026-08-08 13:00:00,30.95,49.26,12.97,22.4,22.82,43.79,9.05,0.45,63.77,0.51,2.58,NA,NA,NA,NA,30.2,69.96,2.15,223.02,NA,NA,282.89,753.15,1.08
2026-08-08 14:00:00,26.45,46.79,11.45,22.03,20.92,40.25,6.47,0.68,62.44,0.52,2.67,NA,NA,NA,NA,30.17,69.53,2.17,217.72,NA,NA,245.26,753.1,1.08
2026-08-08 15:00:00,20.49,51.19,11.12,22.43,21.0,48.73,5.3,0.28,59.21,0.51,2.56,NA,NA,NA,NA,30.41,68.27,2.15,228.45,NA,NA,223.82,753.2,1.09
2026-08-08 16:00:00,19.21,56.62,12.4,22.37,22.22,53.38,6.14,0.35,61.14,0.54,3.74,NA,NA,NA,NA,30.27,68.03,2.22,226.19,NA,NA,216.58,753.18,1.09
2026-08-08 17:00:00,15.93,53.83,11.95,22.53,21.93,50.44,6.99,0.33,61.13,0.49,3.71,NA,NA,NA,NA,29.89,70.13,2.15,230.63,NA,NA,210.81,753.05,1.07
2026-08-08 18:00:00,16.77,49.1,11.56,22.38,21.39,52.37,7.39,0.31,57.28,0.62,4.66,NA,NA,NA,NA,29.38,72.19,2.08,229.84,NA,NA,204.34,752.93,1.05
2026-08-08 19:00:00,16.6,43.1,12.42,22.22,22.09,55.96,7.11,0.39,43.26,0.6,4.53,NA,NA,NA,NA,28.92,75.47,2.2,222.02,NA,NA,103.73,752.8,1.03
2026-08-08 20:00:00,20.91,44.19,13.04,22.13,22.62,60.06,7.14,0.45,37.74,0.62,4.69,NA,NA,NA,NA,28.61,77.69,2.21,211.31,NA,NA,16.2,752.73,1.01
2026-08-08 21:00:00,17.22,55.35,13.75,23.51,23.79,64.47,4.53,0.68,26.51,0.6,4.58,NA,NA,NA,NA,28.27,81.45,2.22,216.46,NA,NA,16.24,752.63,1.0
2026-08-08 22:00:00,15.59,60.86,12.88,23.15,22.7,56.24,4.79,0.79,20.29,0.39,1.94,NA,NA,NA,NA,28.02,89.36,2.16,208.7,NA,NA,16.27,752.55,0.99
2026-08-08 23:00:00,15.38,59.42,11.39,19.88,19.92,48.2,6.32,0.34,18.97,0.4,2.12,NA,NA,NA,NA,27.7,94.98,2.08,198.1,NA,NA,16.26,752.5,0.97
2026-08-09 00:00:00,18.02,66.52,11.08,19.94,19.67,49.55,6.41,0.46,19.92,0.28,1.41,NA,NA,NA,NA,27.32,95.34,2.08,213.2,NA,NA,16.29,752.4,0.95
2026-08-09 01:00:00,14.97,62.35,10.88,20.13,19.66,37.37,4.84,0.36,19.8,0.28,1.38,NA,NA,NA,NA,27.11,95.4,2.05,220.93,NA,NA,16.31,752.3,0.95
2026-08-09 02:00:00,13.6,59.52,11.08,19.86,19.59,39.17,4.95,0.45,20.19,0.28,1.39,NA,NA,NA,NA,26.84,95.42,1.97,220.77,NA,NA,16.28,752.25,0.94
2026-08-09 03:00:00,13.54,55.24,11.05,19.63,19.33,38.77,4.74,0.43,20.23,0.29,1.44,NA,NA,NA,NA,26.64,95.42,1.93,215.22,NA,NA,16.26,752.2,0.93
2026-08-09 04:00:00,14.76,52.74,10.64,19.66,18.94,41.95,4.08,0.34,23.12,0.32,2.26,NA,NA,NA,NA,26.34,95.42,1.97,212.52,NA,NA,16.26,752.13,0.91
2026-08-09 05:00:00,9.16,48.82,11.09,19.88,19.62,53.64,5.45,0.54,22.43,0.32,2.56,NA,NA,NA,NA,26.0,95.42,1.89,219.18,NA,NA,16.33,752.0,0.9
2026-08-09 06:00:00,7.64,45.47,11.3,19.75,19.7,56.2,5.55,0.6,22.07,0.56,3.43,NA,NA,NA,NA,25.99,95.41,1.89,214.61,NA,NA,17.84,752.03,0.9
2026-08-09 07:00:00,8.29,43.56,11.18,19.82,19.65,62.66,5.75,0.6,22.05,0.55,3.54,NA,NA,NA,NA,27.12,95.32,1.96,213.3,NA,NA,23.56,752.3,0.95
2026-08-09 08:00:00,13.19,38.36,11.28,20.45,20.25,68.04,4.78,0.69,27.27,0.67,4.22,NA,NA,NA,NA,27.99,93.11,1.86,227.44,NA,NA,148.41,752.55,0.98
2026-08-09 09:00:00,14.18,36.78,12.8,22.12,22.38,65.77,6.38,0.45,40.85,0.91,5.9,NA,NA,NA,NA,29.0,76.16,2.05,216.07,NA,NA,310.61,752.82,1.03
2026-08-09 10:00:00,12.31,39.66,12.79,22.07,22.23,60.16,6.8,0.53,40.64,1.33,4.73,NA,NA,NA,NA,29.4,75.07,2.09,214.81,NA,NA,333.02,752.9,1.05
2026-08-09 11:00:00,11.56,42.73,11.68,21.97,21.09,60.77,6.37,0.5,47.53,1.31,4.71,NA,NA,NA,NA,29.55,74.61,2.07,214.93,NA,NA,385.75,752.95,1.05
2026-08-09 12:00:00,15.45,51.4,12.8,22.09,22.34,57.04,4.99,0.42,55.83,0.96,4.31,NA,NA,NA,NA,29.64,74.19,2.08,210.42,NA,NA,276.35,753.0,1.06
2026-08-09 13:00:00,14.74,49.55,12.65,22.2,22.28,51.1,5.31,0.42,72.08,0.85,4.36,NA,NA,NA,NA,29.16,76.35,2.11,215.69,NA,NA,211.19,752.88,1.04
2026-08-09 14:00:00,12.32,48.58,12.26,22.44,22.15,49.87,6.66,0.4,79.87,0.83,4.17,NA,NA,NA,NA,28.88,76.54,2.04,215.15,NA,NA,191.85,752.8,1.02
2026-08-09 15:00:00,7.94,43.49,12.54,22.3,22.26,60.0,6.86,0.35,76.63,0.86,4.38,NA,NA,NA,NA,29.32,76.59,2.04,209.57,NA,NA,441.6,752.93,1.04
2026-08-09 16:00:00,9.8,39.98,12.32,22.17,21.82,66.41,6.5,0.35,79.0,0.85,6.22,NA,NA,NA,NA,29.61,74.7,2.14,215.7,NA,NA,445.88,752.98,1.06
2026-08-09 17:00:00,13.65,44.15,12.65,22.21,22.3,62.2,6.16,0.52,80.04,0.81,6.25,NA,NA,NA,NA,29.6,73.8,2.18,226.5,NA,NA,433.0,752.98,1.06
2026-08-09 18:00:00,18.37,51.66,12.88,23.57,23.3,64.2,5.58,0.72,73.01,0.94,7.75,NA,NA,NA,NA,29.14,75.61,2.16,220.14,NA,NA,262.86,752.85,1.04
2026-08-09 19:00:00,20.4,56.57,14.18,25.75,25.3,70.54,5.69,0.59,58.82,0.98,7.66,NA,NA,NA,NA,28.74,77.26,2.19,220.2,NA,NA,162.61,752.75,1.02
2026-08-09 20:00:00,18.99,59.16,15.55,27.36,27.66,75.46,5.51,0.33,51.21,1.02,7.7,NA,NA,NA,NA,28.28,80.26,2.13,211.84,NA,NA,98.02,752.63,1.0
2026-08-09 21:00:00,20.03,65.4,13.56,28.52,25.92,67.36,8.98,0.51,24.44,1.04,7.74,NA,NA,NA,NA,27.86,88.11,2.12,214.85,NA,NA,16.32,752.53,0.98
2026-08-09 22:00:00,22.55,68.08,14.02,28.18,26.37,63.08,9.25,0.54,25.02,0.84,5.5,NA,NA,NA,NA,27.75,91.24,2.13,212.94,NA,NA,16.35,752.5,0.98
2026-08-09 23:00:00,25.66,71.24,13.8,25.85,25.09,55.4,9.04,0.65,24.61,0.66,3.24,NA,NA,NA,NA,27.62,94.97,2.09,206.16,NA,NA,16.4,752.47,0.97
2026-08-10 00:00:00,22.29,66.43,11.3,20.13,20.09,48.56,7.34,0.41,22.53,0.46,2.36,NA,NA,NA,NA,27.05,95.36,2.01,207.37,NA,NA,16.36,752.3,0.94
2026-08-10 01:00:00,22.52,61.62,11.11,20.11,19.87,37.75,4.39,0.7,22.75,0.46,2.3,NA,NA,NA,NA,26.84,95.42,1.98,210.99,NA,NA,16.38,752.2,0.93
2026-08-10 02:00:00,20.02,61.45,10.71,20.03,19.38,41.92,4.49,0.76,23.14,0.46,2.3,NA,NA,NA,NA,26.68,95.42,1.94,207.79,NA,NA,16.38,752.2,0.93
2026-08-10 03:00:00,16.02,61.88,10.57,19.93,19.16,38.05,6.49,0.55,22.83,0.45,2.23,NA,NA,NA,NA,26.55,95.42,1.97,210.66,NA,NA,16.36,752.15,0.92
2026-08-10 04:00:00,15.37,57.82,10.66,20.3,19.43,42.02,7.48,0.4,21.92,0.52,4.18,NA,NA,NA,NA,26.16,95.42,1.91,206.02,NA,NA,16.49,752.05,0.9
2026-08-10 05:00:00,14.81,55.34,10.98,20.14,19.77,50.65,7.25,0.27,21.74,0.51,4.28,NA,NA,NA,NA,26.11,95.42,1.9,204.81,NA,NA,16.77,752.03,0.9
2026-08-10 06:00:00,16.41,55.39,10.46,20.38,19.49,58.59,7.12,0.44,20.36,0.92,5.77,NA,NA,NA,NA,26.49,95.41,1.92,214.66,NA,NA,18.11,752.15,0.92
2026-08-10 07:00:00,19.2,47.87,11.25,21.57,20.8,63.21,6.49,0.33,34.59,0.91,5.76,NA,NA,NA,NA,27.18,95.36,1.87,219.77,NA,NA,331.0,752.33,0.95
2026-08-10 08:00:00,18.44,46.67,12.34,23.2,22.69,65.63,6.52,0.32,43.99,0.92,5.69,NA,NA,NA,NA,27.35,95.35,1.98,224.41,NA,NA,431.38,752.4,0.96
2026-08-10 09:00:00,17.38,49.1,13.67,24.97,24.88,65.55,6.41,0.44,45.1,0.92,5.75,NA,NA,NA,NA,27.74,95.33,1.96,222.1,NA,NA,517.91,752.48,0.97
2026-08-10 10:00:00,20.26,51.08,13.49,26.3,25.25,56.22,6.66,0.56,46.12,1.35,4.54,NA,NA,NA,NA,28.11,95.3,1.97,223.45,NA,NA,560.04,752.55,0.99
2026-08-10 11:00:00,NA,NA,14.91,27.25,27.21,51.66,6.13,NA,40.23,1.31,4.57,NA,NA,NA,NA,28.69,95.16,2.02,219.68,NA,NA,583.92,752.73,1.01
2026-08-10 12:00:00,NA,NA,15.66,26.68,27.37,51.38,9.18,0.16,43.89,0.81,4.37,NA,NA,NA,NA,29.53,82.97,2.1,211.92,NA,NA,612.74,752.98,1.05
2026-08-10 13:00:00,NA,10.0,10.64,26.18,21.88,48.29,NA,0.89,47.28,0.84,4.45,NA,NA,NA,NA,29.99,75.1,2.14,223.62,NA,NA,630.59,753.1,1.07
2026-08-10 14:00:00,NA,19.97,NA,NA,NA,42.62,0.41,NA,49.18,0.82,4.39,NA,NA,NA,NA,30.21,73.53,2.1,233.1,NA,NA,515.11,753.18,1.08
2026-08-10 15:00:00,13.89,41.78,13.63,26.86,25.15,52.92,0.84,0.41,43.21,0.85,4.39,NA,NA,NA,NA,29.43,77.44,2.03,239.38,NA,NA,500.63,752.95,1.05
2026-08-10 16:00:00,25.68,44.39,13.9,27.18,25.94,NA,6.21,0.41,50.48,0.75,6.38,NA,NA,NA,NA,29.15,82.57,2.17,224.94,NA,NA,472.83,752.85,1.03
2026-08-10 17:00:00,28.67,47.63,14.46,26.57,26.08,61.71,7.12,0.34,59.51,NA,NA,NA,NA,NA,NA,28.13,91.38,2.05,228.44,NA,NA,418.88,752.58,0.99
2026-08-10 18:00:00,24.33,54.35,13.83,26.77,25.65,63.51,4.96,0.35,34.67,1.03,8.13,NA,NA,NA,NA,27.8,94.87,2.08,224.88,NA,NA,165.21,752.5,0.98
2026-08-10 19:00:00,25.85,60.72,15.2,27.83,27.38,70.73,5.55,0.46,33.34,1.1,7.69,NA,NA,NA,NA,27.73,95.0,2.12,219.09,NA,NA,78.43,752.5,0.97
2026-08-10 20:00:00,20.54,60.23,14.57,29.19,27.61,76.3,5.6,0.51,27.76,1.03,7.7,NA,NA,NA,NA,27.84,95.04,1.98,215.05,NA,NA,16.57,752.5,0.98
2026-08-10 21:00:00,19.4,59.04,16.64,29.01,29.52,66.54,6.87,0.44,28.23,1.01,8.03,NA,NA,NA,NA,27.69,95.12,2.06,208.03,NA,NA,16.62,752.5,0.97
2026-08-10 22:00:00,22.69,58.48,13.19,24.63,24.07,55.67,7.34,0.41,18.44,0.67,3.17,NA,NA,NA,NA,27.56,95.29,2.01,219.75,NA,NA,44.4,752.4,0.96
2026-08-10 23:00:00,22.66,57.49,13.26,24.33,24.01,53.59,7.23,0.39,16.79,0.66,3.08,NA,NA,NA,NA,27.53,95.32,2.0,221.51,NA,NA,47.07,752.4,0.96
2026-08-11 00:00:00,14.32,66.05,10.76,20.0,19.41,48.68,6.35,0.2,21.06,0.45,2.4,NA,NA,NA,NA,27.22,95.39,2.0,223.63,NA,NA,47.06,752.32,0.95
2026-08-11 01:00:00,16.39,56.7,10.55,19.7,18.9,37.58,6.89,0.33,18.48,0.45,2.28,NA,NA,NA,NA,26.98,95.42,2.04,208.27,NA,NA,47.03,752.28,0.94
2026-08-11 02:00:00,16.27,65.05,10.6,20.15,19.39,40.97,5.45,0.39,23.65,0.46,2.3,NA,NA,NA,NA,26.81,95.42,1.96,224.52,NA,NA,47.04,752.2,0.93
2026-08-11 03:00:00,17.72,64.86,11.07,20.17,19.88,35.43,5.76,0.49,22.11,0.47,2.39,NA,NA,NA,NA,26.76,95.42,1.93,220.6,NA,NA,47.18,752.2,0.93
2026-08-11 04:00:00,14.11,55.65,11.04,20.04,19.72,43.34,4.27,0.87,23.34,0.54,4.21,NA,NA,NA,NA,26.33,95.42,1.87,206.48,NA,NA,47.06,752.1,0.91
2026-08-11 05:00:00,7.8,47.14,11.36,20.02,20.03,52.17,4.82,0.98,19.9,0.52,4.19,NA,NA,NA,NA,25.6,95.42,1.84,207.75,NA,NA,46.62,751.93,0.88
2026-08-11 06:00:00,5.22,39.83,10.3,20.04,18.95,57.61,4.94,0.27,19.71,0.92,5.93,NA,NA,NA,NA,25.74,95.41,1.86,212.46,NA,NA,52.32,751.95,0.88
2026-08-11 07:00:00,7.39,37.1,11.94,22.34,21.73,56.69,4.73,0.37,30.3,0.94,5.75,NA,NA,NA,NA,27.3,95.23,1.88,215.36,NA,NA,214.7,752.35,0.95
2026-08-11 08:00:00,12.23,33.19,12.49,22.95,22.57,60.57,3.91,0.46,32.5,0.94,5.74,NA,NA,NA,NA,28.43,77.44,2.01,226.28,NA,NA,291.07,752.68,1.01
2026-08-11 09:00:00,9.43,32.12,13.59,24.39,24.22,59.7,4.49,0.5,42.58,0.89,5.81,NA,NA,NA,NA,28.92,75.13,2.02,224.28,NA,NA,327.14,752.78,1.03
2026-08-11 10:00:00,6.8,31.64,14.38,25.8,25.67,54.88,7.08,0.16,54.43,1.49,5.81,NA,NA,NA,NA,29.69,75.57,1.76,270.27,NA,NA,313.12,753.0,1.06
2026-08-11 11:00:00,12.67,37.43,13.31,24.82,24.33,54.11,7.29,0.18,67.41,1.59,6.83,NA,NA,NA,NA,30.48,72.65,1.89,215.68,NA,NA,340.47,753.23,1.09
2026-08-11 12:00:00,22.94,41.26,12.39,22.47,22.26,53.16,7.79,0.26,71.69,1.14,6.13,NA,NA,NA,NA,31.18,69.88,1.79,233.29,NA,NA,324.33,753.4,1.13
2026-08-11 13:00:00,27.0,45.67,12.72,22.49,22.66,49.43,8.04,0.25,76.72,0.98,6.24,NA,NA,NA,NA,31.44,67.86,2.1,226.13,NA,NA,295.78,753.48,1.14
2026-08-11 14:00:00,30.82,54.25,12.9,22.63,22.98,43.99,4.67,0.3,74.2,0.99,6.14,NA,NA,NA,NA,31.44,67.33,2.2,213.65,NA,NA,232.81,753.5,1.13
2026-08-11 15:00:00,30.83,60.86,13.72,22.38,23.55,54.22,8.56,0.09,79.27,0.98,6.12,NA,NA,NA,NA,31.11,69.48,2.16,216.22,NA,NA,222.3,753.38,1.12
2026-08-11 16:00:00,28.07,55.24,14.0,22.18,23.63,60.16,8.33,0.28,86.41,1.01,8.83,NA,NA,NA,NA,30.95,70.3,2.12,203.41,NA,NA,210.07,753.35,1.11
2026-08-11 17:00:00,26.93,55.29,13.61,21.99,23.05,57.25,9.11,0.25,81.89,1.0,8.83,NA,NA,NA,NA,30.88,69.71,2.24,208.55,NA,NA,202.73,753.35,1.11
2026-08-11 18:00:00,24.29,53.26,13.28,21.91,22.41,55.86,10.24,0.3,80.66,1.11,9.76,NA,NA,NA,NA,30.57,70.11,2.18,210.63,NA,NA,196.95,753.23,1.1
2026-08-11 19:00:00,18.62,51.39,14.33,23.45,24.3,65.55,9.33,0.53,66.36,1.24,10.83,NA,NA,NA,NA,30.01,73.3,2.34,211.39,NA,NA,96.59,753.1,1.07
2026-08-11 20:00:00,24.94,50.67,15.74,26.11,26.61,68.92,10.32,0.69,50.37,1.27,10.95,NA,NA,NA,NA,29.79,74.99,2.29,209.78,NA,NA,46.62,753.03,1.06
2026-08-11 21:00:00,38.58,51.62,14.82,26.1,25.97,59.45,10.39,0.76,49.48,1.23,11.0,NA,NA,NA,NA,29.54,76.75,2.31,212.8,NA,NA,46.63,753.0,1.05
2026-08-11 22:00:00,41.61,52.5,15.18,25.2,25.79,50.66,8.1,0.56,49.36,0.85,4.5,NA,NA,NA,NA,29.42,75.6,2.35,223.4,NA,NA,43.39,752.9,1.05
2026-08-11 23:00:00,42.98,53.76,12.14,24.21,24.18,43.74,8.21,0.57,39.63,0.76,4.62,NA,NA,NA,NA,29.31,75.64,2.27,227.34,NA,NA,26.31,752.9,1.04
2026-08-12 00:00:00,28.81,47.57,12.21,19.24,20.1,39.29,5.92,0.35,22.59,0.57,3.16,NA,NA,NA,NA,28.93,77.68,2.32,224.78,NA,NA,16.2,752.8,1.03
2026-08-12 01:00:00,29.09,39.73,11.18,19.37,19.2,29.92,5.33,0.39,22.16,0.56,3.29,NA,NA,NA,NA,28.58,81.85,1.82,254.45,NA,NA,16.29,752.73,1.01
2026-08-12 02:00:00,28.66,41.4,10.85,19.87,19.37,33.06,3.42,0.66,21.83,0.58,3.13,NA,NA,NA,NA,28.23,93.59,2.06,280.06,NA,NA,16.33,752.6,1.0
2026-08-12 03:00:00,29.15,44.08,11.3,19.73,19.68,28.22,1.98,0.86,21.1,0.57,3.32,NA,NA,NA,NA,27.43,95.02,1.84,298.9,NA,NA,16.32,752.4,0.96
2026-08-12 04:00:00,28.58,40.74,11.68,20.04,20.23,33.14,2.41,0.75,22.04,0.6,4.68,NA,NA,NA,NA,27.15,95.0,1.98,284.04,NA,NA,16.32,752.33,0.95
2026-08-12 05:00:00,25.89,33.35,11.14,19.78,19.58,44.51,3.68,0.7,21.85,0.63,6.12,NA,NA,NA,NA,26.6,95.04,2.14,262.23,NA,NA,16.48,752.18,0.92
2026-08-12 06:00:00,24.02,34.92,11.84,19.83,20.32,45.14,6.67,0.61,21.86,1.1,8.22,NA,NA,NA,NA,27.72,83.26,1.93,249.48,NA,NA,18.03,752.5,0.97
2026-08-12 07:00:00,27.58,50.1,12.89,21.83,22.3,50.62,7.37,0.79,42.13,1.11,8.06,NA,NA,NA,NA,29.24,72.94,1.85,51.76,NA,NA,198.46,752.88,1.04
2026-08-12 08:00:00,38.22,64.45,15.26,23.84,25.72,63.69,8.51,0.5,44.17,1.08,7.99,NA,NA,NA,NA,30.47,69.91,1.82,63.45,NA,NA,262.51,753.23,1.09
2026-08-12 09:00:00,39.25,62.34,15.3,24.2,25.82,66.98,9.15,0.49,43.81,1.09,8.04,NA,NA,NA,NA,30.96,68.65,1.23,102.4,NA,NA,279.35,753.35,1.12
2026-08-12 10:00:00,44.07,59.06,11.13,21.22,21.77,64.65,1.85,0.37,46.49,1.61,6.65,NA,NA,NA,NA,32.49,62.85,1.45,123.66,NA,NA,297.16,753.75,1.15
2026-08-12 11:00:00,47.97,57.46,13.24,26.56,23.09,64.01,NA,0.59,57.07,1.52,6.48,NA,NA,NA,NA,32.26,63.01,2.18,156.75,NA,NA,276.07,753.7,1.17
2026-08-12 12:00:00,47.0,61.48,14.69,26.89,26.63,64.38,8.21,0.65,57.53,1.11,6.1,NA,NA,NA,NA,32.52,62.77,1.9,157.42,NA,NA,227.11,753.78,1.18
2026-08-12 13:00:00,48.18,69.41,15.55,26.88,27.48,57.61,12.7,0.37,58.7,1.01,6.03,NA,NA,NA,NA,32.86,62.01,1.87,225.83,NA,NA,200.79,753.85,1.2
2026-08-12 14:00:00,53.52,74.52,13.59,25.47,24.65,55.37,9.08,0.79,59.29,0.99,5.97,NA,NA,NA,NA,32.91,61.83,2.01,291.98,NA,NA,223.33,753.9,1.2
2026-08-12 15:00:00,36.01,72.06,11.81,22.13,22.01,66.03,6.44,1.18,64.29,1.01,6.2,NA,NA,NA,NA,32.89,61.08,1.73,258.58,NA,NA,283.42,753.88,1.2
2026-08-12 16:00:00,36.5,73.99,12.24,22.31,22.0,71.04,6.4,0.75,62.47,1.08,8.1,NA,NA,NA,NA,32.69,61.47,1.98,260.74,NA,NA,276.6,753.82,1.19
2026-08-12 17:00:00,31.83,55.84,11.66,22.5,16.59,63.14,7.65,0.33,52.05,1.02,8.54,NA,NA,NA,NA,32.05,63.89,1.95,284.21,NA,NA,191.05,753.63,0.87
2026-08-12 18:00:00,38.22,56.86,12.02,22.36,22.38,64.42,5.23,0.8,42.67,1.9,15.25,NA,NA,NA,NA,31.3,66.43,2.34,286.11,NA,NA,186.78,753.45,1.13
2026-08-12 19:00:00,51.82,61.81,11.82,22.73,22.55,69.63,4.72,0.98,37.56,2.05,15.44,NA,NA,NA,NA,29.96,84.36,1.9,182.05,NA,NA,186.85,753.08,1.07
2026-08-12 20:00:00,46.55,61.03,12.17,22.53,22.7,74.95,8.49,1.16,34.45,2.0,15.28,NA,NA,NA,NA,29.49,94.86,2.21,208.04,NA,NA,186.98,752.98,1.05
2026-08-12 21:00:00,44.59,58.78,12.18,22.49,22.67,66.15,8.02,0.87,24.59,2.01,15.47,NA,NA,NA,NA,29.24,94.93,2.28,212.01,NA,NA,187.32,752.9,1.04
2026-08-12 22:00:00,31.96,54.55,12.45,22.28,22.73,56.39,8.77,0.79,25.76,1.27,6.48,NA,NA,NA,NA,29.17,95.03,1.97,207.73,NA,NA,188.61,752.85,1.04
2026-08-12 23:00:00,37.39,51.54,11.98,21.98,21.96,48.69,8.59,1.04,19.24,1.28,6.59,NA,NA,NA,NA,29.4,94.94,2.26,296.71,NA,NA,187.86,752.9,1.05
2026-08-13 00:00:00,42.13,56.78,11.61,22.56,22.16,49.02,2.65,0.96,17.91,0.88,4.81,NA,NA,NA,NA,28.89,95.02,2.38,307.67,NA,NA,188.55,752.78,1.02
2026-08-13 01:00:00,29.44,52.53,12.71,22.39,23.1,37.48,2.6,1.08,18.8,0.97,4.59,NA,NA,NA,NA,28.72,95.08,2.35,304.39,NA,NA,189.42,752.75,1.02
2026-08-13 02:00:00,27.89,48.63,12.05,21.91,21.96,41.98,5.02,0.95,19.69,0.92,4.77,NA,NA,NA,NA,28.47,95.27,2.27,299.16,NA,NA,189.15,752.68,1.01
2026-08-13 03:00:00,28.33,51.33,11.93,22.31,22.24,38.76,5.18,0.97,19.12,0.94,4.65,NA,NA,NA,NA,28.25,95.34,2.32,305.59,NA,NA,189.2,752.63,1.0
2026-08-13 04:00:00,29.72,52.1,12.92,22.13,23.04,42.52,6.01,0.86,19.35,1.07,8.66,NA,NA,NA,NA,27.6,95.42,2.26,337.62,NA,NA,189.22,752.43,0.97
2026-08-13 05:00:00,25.46,46.86,12.1,22.31,22.41,55.9,6.48,1.1,20.43,1.02,8.21,NA,NA,NA,NA,27.4,95.42,2.24,344.03,NA,NA,190.81,752.4,0.96
2026-08-13 06:00:00,32.34,54.75,12.1,22.26,22.36,55.98,4.9,1.22,22.42,1.77,11.36,NA,NA,NA,NA,27.98,95.35,2.29,259.15,NA,NA,201.54,752.55,0.98
2026-08-13 07:00:00,33.39,75.13,12.18,22.44,22.61,69.24,4.73,2.13,32.36,1.83,11.6,NA,NA,NA,NA,30.86,75.31,1.85,36.12,NA,NA,262.72,753.33,1.11
2026-08-13 08:00:00,38.49,70.05,11.88,22.4,22.28,71.95,10.78,1.57,33.22,1.86,11.67,NA,NA,NA,NA,31.37,72.65,2.12,35.14,NA,NA,270.31,753.48,1.14
2026-08-13 09:00:00,26.42,57.97,11.55,22.38,21.93,72.45,9.79,0.5,35.32,1.81,11.21,NA,NA,NA,NA,31.23,70.99,1.69,315.0,NA,NA,250.37,753.43,1.13
2026-08-13 10:00:00,26.28,54.44,11.64,22.46,22.1,66.36,8.14,0.35,35.15,2.69,9.52,NA,NA,NA,NA,32.48,67.47,1.86,240.01,NA,NA,376.81,753.8,1.18
2026-08-13 11:00:00,34.37,52.97,13.29,22.74,24.03,63.91,6.35,0.06,34.81,2.66,9.27,NA,NA,NA,NA,32.88,65.1,1.8,202.46,NA,NA,300.34,753.85,1.2
2026-08-13 12:00:00,NA,NA,13.05,21.9,22.95,63.03,2.86,1.26,36.22,1.67,8.48,NA,0.75,1.45,1.35,32.99,63.87,1.96,81.83,NA,NA,271.73,753.9,1.2
2026-08-13 13:00:00,NA,NA,11.29,22.08,21.36,56.64,NA,2.09,36.12,1.68,8.44,NA,0.83,1.58,1.28,32.57,64.21,1.58,86.24,NA,NA,222.0,753.78,1.19
2026-08-13 14:00:00,41.16,43.32,11.81,22.04,21.85,54.83,6.69,1.61,33.86,1.68,8.54,NA,0.81,1.54,1.3,31.9,67.45,2.06,81.23,NA,NA,204.89,753.63,1.16
2026-08-13 15:00:00,35.5,43.75,11.54,22.06,21.59,66.14,6.06,0.6,30.47,1.64,8.77,NA,0.8,1.54,1.31,31.33,70.21,2.17,66.35,NA,NA,193.95,753.45,1.13
2026-08-13 16:00:00,26.55,42.43,11.78,22.17,21.95,71.99,5.59,0.78,32.09,1.64,11.27,NA,0.94,1.81,1.48,31.21,72.04,2.19,116.45,NA,NA,204.47,753.43,1.13
2026-08-13 17:00:00,23.23,54.11,12.41,22.34,22.75,67.98,5.02,0.8,30.01,1.7,12.49,NA,0.98,1.94,1.56,30.23,82.64,2.03,200.56,NA,NA,196.36,753.15,1.08
2026-08-13 18:00:00,20.59,78.61,12.04,22.52,22.56,70.77,5.61,0.55,33.54,2.01,15.56,NA,1.16,2.5,2.64,29.86,82.11,2.39,227.96,NA,NA,191.59,753.05,1.07
2026-08-13 19:00:00,37.03,72.06,11.79,22.28,22.02,78.23,6.36,0.45,31.5,2.06,15.81,NA,1.18,2.53,2.61,25.9,94.21,1.67,219.58,NA,NA,185.53,752.0,0.89
2026-08-13 20:00:00,43.75,59.17,14.27,26.97,26.85,82.77,3.87,1.21,24.81,2.04,15.64,NA,1.18,2.52,2.65,25.45,95.46,1.64,189.86,NA,NA,197.33,751.85,0.87
2026-08-13 21:00:00,35.35,54.42,14.37,27.02,27.0,76.82,3.89,1.56,24.88,2.01,15.66,NA,1.19,2.52,2.67,25.72,95.45,1.9,199.8,NA,NA,196.75,751.93,0.88
2026-08-13 22:00:00,14.43,43.9,13.59,26.68,25.88,63.88,6.59,1.52,25.25,1.31,6.38,NA,6.41,1.93,0.95,26.64,95.42,2.17,230.59,NA,NA,196.55,752.18,0.93
2026-08-13 23:00:00,10.37,40.96,14.4,27.09,27.09,53.15,7.3,1.68,25.29,1.26,6.14,NA,6.59,1.79,0.96,26.84,95.42,2.08,251.4,NA,NA,195.54,752.25,0.94
2026-08-14 00:00:00,30.54,45.7,15.04,26.92,27.56,54.22,7.19,0.9,30.01,0.92,4.77,NA,0.38,0.65,0.65,27.0,95.42,2.07,268.19,NA,NA,195.14,752.28,0.94
2026-08-14 01:00:00,30.16,39.54,14.36,26.43,26.4,41.03,9.19,0.7,30.18,0.93,4.74,NA,0.35,0.66,0.63,26.85,95.42,2.0,209.28,NA,NA,191.58,752.23,0.93
2026-08-14 02:00:00,23.23,37.29,15.54,26.49,27.62,45.28,5.15,0.84,30.31,0.94,4.54,NA,0.4,0.65,0.67,26.02,95.42,1.8,223.13,NA,NA,177.85,752.03,0.9
2026-08-14 03:00:00,19.87,33.81,14.49,26.6,26.68,39.71,5.41,0.71,28.09,0.92,4.66,NA,0.36,0.68,0.66,23.97,95.46,1.6,236.2,NA,NA,189.41,751.45,0.81
2026-08-14 04:00:00,30.79,30.56,14.42,26.78,26.8,46.24,5.55,1.07,29.91,1.04,8.8,NA,0.44,0.95,0.79,23.5,95.48,1.4,260.26,NA,NA,195.47,751.32,0.79
2026-08-14 05:00:00,21.47,25.55,14.2,26.43,26.23,58.76,5.19,1.09,31.4,1.06,8.55,NA,0.45,0.94,0.79,23.52,95.49,1.75,217.58,NA,NA,194.92,751.32,0.79
2026-08-14 06:00:00,15.05,24.09,15.16,26.77,27.53,64.14,7.57,0.91,29.09,1.85,11.35,NA,0.93,2.35,1.34,23.5,95.48,1.4,122.65,NA,NA,201.26,751.32,0.79
2026-08-14 07:00:00,11.61,20.23,10.21,18.3,18.66,45.54,7.0,0.99,41.89,1.86,11.52,NA,0.96,2.3,1.35,23.84,95.46,1.61,207.02,NA,NA,210.42,751.43,0.8
2026-08-14 08:00:00,8.77,19.72,9.86,17.9,18.16,47.48,7.57,0.66,42.42,1.82,11.74,NA,0.95,2.37,1.32,24.86,95.43,1.57,265.91,NA,NA,217.06,751.75,0.85
2026-08-14 09:00:00,7.88,21.48,9.59,17.54,17.53,46.22,6.29,0.93,43.92,1.88,11.75,NA,0.96,2.38,1.35,26.26,95.37,1.59,196.31,NA,NA,188.26,752.08,0.91
2026-08-14 10:00:00,NA,NA,NA,NA,NA,NA,NA,NA,NA,NA,NA,NA,NA,NA,NA,NA,NA,NA,NA,NA,NA,NA,NA,NA
2026-08-14 11:00:00,NA,NA,NA,NA,NA,NA,NA,NA,NA,NA,NA,NA,NA,NA,NA,NA,NA,NA,NA,NA,NA,NA,NA,NA
2026-08-14 12:00:00,NA,NA,NA,NA,NA,NA,NA,NA,NA,NA,NA,NA,NA,NA,NA,NA,NA,NA,NA,NA,NA,NA,NA,NA
2026-08-14 13:00:00,NA,NA,NA,NA,NA,NA,NA,NA,NA,NA,NA,NA,NA,NA,NA,NA,NA,NA,NA,NA,NA,NA,NA,NA
2026-08-14 14:00:00,NA,NA,NA,NA,NA,NA,NA,NA,NA,NA,NA,NA,NA,NA,NA,NA,NA,NA,NA,NA,NA,NA,NA,NA
2026-08-14 15:00:00,NA,NA,NA,NA,NA,NA,NA,NA,NA,NA,NA,NA,NA,NA,NA,NA,NA,NA,NA,NA,NA,NA,NA,NA
2026-08-14 16:00:00,NA,NA,NA,NA,NA,NA,NA,NA,NA,NA,NA,NA,NA,NA,NA,NA,NA,NA,NA,NA,NA,NA,NA,NA
2026-08-14 17:00:00,NA,NA,NA,NA,NA,NA,NA,NA,NA,NA,NA,NA,NA,NA,NA,NA,NA,NA,NA,NA,NA,NA,NA,NA
2026-08-14 18:00:00,NA,NA,NA,NA,NA,NA,NA,NA,NA,NA,NA,NA,NA,NA,NA,NA,NA,NA,NA,NA,NA,NA,NA,NA
2026-08-14 19:00:00,NA,NA,NA,NA,NA,NA,NA,NA,NA,NA,NA,NA,NA,NA,NA,NA,NA,NA,NA,NA,NA,NA,NA,NA
2026-08-14 20:00:00,NA,NA,NA,NA,NA,NA,NA,NA,NA,NA,NA,NA,NA,NA,NA,NA,NA,NA,NA,NA,NA,NA,NA,NA
2026-08-14 21:00:00,NA,NA,NA,NA,NA,NA,NA,NA,NA,NA,NA,NA,NA,NA,NA,NA,NA,NA,NA,NA,NA,NA,NA,NA
2026-08-14 22:00:00,NA,NA,NA,NA,NA,NA,NA,NA,NA,NA,NA,NA,NA,NA,NA,NA,NA,NA,NA,NA,NA,NA,NA,NA
2026-08-14 23:00:00,NA,NA,NA,NA,NA,NA,NA,NA,NA,NA,NA,NA,NA,NA,NA,NA,NA,NA,NA,NA,NA,NA,NA,NA
2026-08-15 00:00:00,NA,NA,NA,NA,NA,NA,NA,NA,NA,NA,NA,NA,NA,NA,NA,NA,NA,NA,NA,NA,NA,NA,NA,NA
2026-08-15 01:00:00,NA,NA,NA,NA,NA,NA,NA,NA,NA,NA,NA,NA,NA,NA,NA,NA,NA,NA,NA,NA,NA,NA,NA,NA
2026-08-15 02:00:00,NA,NA,NA,NA,NA,NA,NA,NA,NA,NA,NA,NA,NA,NA,NA,NA,NA,NA,NA,NA,NA,NA,NA,NA
2026-08-15 03:00:00,NA,NA,NA,NA,NA,NA,NA,NA,NA,NA,NA,NA,NA,NA,NA,NA,NA,NA,NA,NA,NA,NA,NA,NA
2026-08-15 04:00:00,NA,NA,NA,NA,NA,NA,NA,NA,NA,NA,NA,NA,NA,NA,NA,NA,NA,NA,NA,NA,NA,NA,NA,NA
2026-08-15 05:00:00,NA,NA,NA,NA,NA,NA,NA,NA,NA,NA,NA,NA,NA,NA,NA,NA,NA,NA,NA,NA,NA,NA,NA,NA
2026-08-15 06:00:00,NA,NA,NA,NA,NA,NA,NA,NA,NA,NA,NA,NA,NA,NA,NA,NA,NA,NA,NA,NA,NA,NA,NA,NA
2026-08-15 07:00:00,NA,NA,NA,NA,NA,NA,NA,NA,NA,NA,NA,NA,NA,NA,NA,NA,NA,NA,NA,NA,NA,NA,NA,NA
2026-08-15 08:00:00,NA,NA,NA,NA,NA,NA,NA,NA,NA,NA,NA,NA,NA,NA,NA,NA,NA,NA,NA,NA,NA,NA,NA,NA
2026-08-15 09:00:00,NA,NA,NA,NA,NA,NA,NA,NA,NA,NA,NA,NA,NA,NA,NA,NA,NA,NA,NA,NA,NA,NA,NA,NA
2026-08-15 10:00:00,NA,NA,NA,NA,NA,NA,NA,NA,NA,NA,NA,NA,NA,NA,NA,NA,NA,NA,NA,NA,NA,NA,NA,NA
2026-08-15 11:00:00,NA,NA,NA,NA,NA,NA,NA,NA,NA,NA,NA,NA,NA,NA,NA,NA,NA,NA,NA,NA,NA,NA,NA,NA
2026-08-15 12:00:00,NA,NA,NA,NA,NA,NA,NA,NA,NA,NA,NA,NA,NA,NA,NA,NA,NA,NA,NA,NA,NA,NA,NA,NA
2026-08-15 13:00:00,NA,NA,NA,NA,NA,NA,NA,NA,NA,NA,NA,NA,NA,NA,NA,NA,NA,NA,NA,NA,NA,NA,NA,NA
2026-08-15 14:00:00,NA,NA,NA,NA,NA,NA,NA,NA,NA,NA,NA,NA,NA,NA,NA,NA,NA,NA,NA,NA,NA,NA,NA,NA
2026-08-15 15:00:00,NA,NA,NA,NA,NA,NA,NA,NA,NA,NA,NA,NA,NA,NA,NA,NA,NA,NA,NA,NA,NA,NA,NA,NA
2026-08-15 16:00:00,NA,NA,NA,NA,NA,NA,NA,NA,NA,NA,NA,NA,NA,NA,NA,NA,NA,NA,NA,NA,NA,NA,NA,NA
2026-08-15 17:00:00,NA,NA,NA,NA,NA,NA,NA,NA,NA,NA,NA,NA,NA,NA,NA,NA,NA,NA,NA,NA,NA,NA,NA,NA
2026-08-15 18:00:00,NA,NA,NA,NA,NA,NA,NA,NA,NA,NA,NA,NA,NA,NA,NA,NA,NA,NA,NA,NA,NA,NA,NA,NA
2026-08-15 19:00:00,NA,NA,NA,NA,NA,NA,NA,NA,NA,NA,NA,NA,NA,NA,NA,NA,NA,NA,NA,NA,NA,NA,NA,NA
2026-08-15 20:00:00,NA,NA,NA,NA,NA,NA,NA,NA,NA,NA,NA,NA,NA,NA,NA,NA,NA,NA,NA,NA,NA,NA,NA,NA
2026-08-15 21:00:00,NA,NA,NA,NA,NA,NA,NA,NA,NA,NA,NA,NA,NA,NA,NA,NA,NA,NA,NA,NA,NA,NA,NA,NA
2026-08-15 22:00:00,NA,NA,NA,NA,NA,NA,NA,NA,NA,NA,NA,NA,NA,NA,NA,NA,NA,NA,NA,NA,NA,NA,NA,NA
2026-08-15 23:00:00,NA,NA,NA,NA,NA,NA,NA,NA,NA,NA,NA,NA,NA,NA,NA,NA,NA,NA,NA,NA,NA,NA,NA,NA
2026-08-16 00:00:00,NA,NA,NA,NA,NA,NA,NA,NA,NA,NA,NA,NA,NA,NA,NA,NA,NA,NA,NA,NA,NA,NA,NA,NA
2026-08-16 01:00:00,NA,NA,NA,NA,NA,NA,NA,NA,NA,NA,NA,NA,NA,NA,NA,NA,NA,NA,NA,NA,NA,NA,NA,NA
2026-08-16 02:00:00,NA,NA,NA,NA,NA,NA,NA,NA,NA,NA,NA,NA,NA,NA,NA,NA,NA,NA,NA,NA,NA,NA,NA,NA
2026-08-16 03:00:00,NA,NA,NA,NA,NA,NA,NA,NA,NA,NA,NA,NA,NA,NA,NA,NA,NA,NA,NA,NA,NA,NA,NA,NA
2026-08-16 04:00:00,NA,NA,NA,NA,NA,NA,NA,NA,NA,NA,NA,NA,NA,NA,NA,NA,NA,NA,NA,NA,NA,NA,NA,NA
2026-08-16 05:00:00,NA,NA,NA,NA,NA,NA,NA,NA,NA,NA,NA,NA,NA,NA,NA,NA,NA,NA,NA,NA,NA,NA,NA,NA
2026-08-16 06:00:00,NA,NA,NA,NA,NA,NA,NA,NA,NA,NA,NA,NA,NA,NA,NA,NA,NA,NA,NA,NA,NA,NA,NA,NA
2026-08-16 07:00:00,NA,NA,NA,NA,NA,NA,NA,NA,NA,NA,NA,NA,NA,NA,NA,NA,NA,NA,NA,NA,NA,NA,NA,NA
2026-08-16 08:00:00,NA,NA,NA,NA,NA,NA,NA,NA,NA,NA,NA,NA,NA,NA,NA,NA,NA,NA,NA,NA,NA,NA,NA,NA
2026-08-16 09:00:00,NA,NA,NA,NA,NA,NA,NA,NA,NA,NA,NA,NA,NA,NA,NA,NA,NA,NA,NA,NA,NA,NA,NA,NA
2026-08-16 10:00:00,NA,NA,NA,NA,NA,NA,NA,NA,NA,NA,NA,NA,NA,NA,NA,NA,NA,NA,NA,NA,NA,NA,NA,NA
2026-08-16 11:00:00,NA,NA,NA,NA,NA,NA,NA,NA,NA,NA,NA,NA,NA,NA,NA,NA,NA,NA,NA,NA,NA,NA,NA,NA
2026-08-16 12:00:00,NA,NA,NA,NA,NA,NA,NA,NA,NA,NA,NA,NA,NA,NA,NA,NA,NA,NA,NA,NA,NA,NA,NA,NA
2026-08-16 13:00:00,NA,NA,NA,NA,NA,NA,NA,NA,NA,NA,NA,NA,NA,NA,NA,NA,NA,NA,NA,NA,NA,NA,NA,NA
2026-08-16 14:00:00,NA,NA,NA,NA,NA,NA,NA,NA,NA,NA,NA,NA,NA,NA,NA,NA,NA,NA,NA,NA,NA,NA,NA,NA
2026-08-16 15:00:00,NA,NA,NA,NA,NA,NA,NA,NA,NA,NA,NA,NA,NA,NA,NA,NA,NA,NA,NA,NA,NA,NA,NA,NA
2026-08-16 16:00:00,14.18,41.0,9.2,18.13,17.03,47.09,7.99,0.44,71.99,0.52,3.81,NA,0.29,0.53,0.48,28.39,95.34,1.15,101.37,NA,NA,493.77,752.67,1.0
2026-08-16 17:00:00,12.63,41.08,9.75,18.61,17.76,47.09,8.04,0.62,63.53,0.5,3.81,NA,0.29,0.54,0.47,27.68,95.36,1.43,57.29,NA,NA,461.2,752.48,0.97
2026-08-16 18:00:00,15.17,40.81,10.64,19.34,18.59,53.87,7.08,0.55,52.75,0.63,4.61,NA,0.35,0.63,0.81,27.02,95.41,1.82,82.37,NA,NA,361.57,752.3,0.94
2026-08-16 19:00:00,29.32,42.39,10.92,20.08,19.51,58.31,6.59,0.86,44.97,0.63,4.63,NA,0.37,0.69,0.8,26.82,95.42,2.05,86.16,NA,NA,363.37,752.2,0.93
2026-08-16 20:00:00,16.62,33.81,10.47,20.31,19.18,62.55,6.27,1.01,40.23,0.64,4.71,NA,0.35,0.68,0.78,26.73,95.42,1.99,81.25,NA,NA,339.84,752.2,0.93
2026-08-16 21:00:00,26.91,34.13,10.93,20.96,19.97,58.58,6.5,1.17,34.34,0.64,4.63,NA,0.35,0.68,0.77,26.61,95.42,1.78,84.47,NA,NA,209.9,752.18,0.93
2026-08-16 22:00:00,25.53,34.5,9.46,17.78,16.95,49.04,7.77,1.36,20.35,0.39,1.91,NA,1.94,0.52,0.28,26.19,95.42,1.54,179.96,NA,NA,20.81,752.08,0.91
2026-08-16 23:00:00,22.6,30.18,9.79,17.83,17.31,42.71,8.55,1.38,20.3,0.38,1.98,NA,1.9,0.49,0.29,26.0,95.42,1.79,149.26,NA,NA,20.92,752.0,0.9
2026-08-17 00:00:00,21.69,25.28,9.77,17.92,17.38,43.54,9.81,1.25,20.43,0.29,1.4,NA,0.11,0.17,0.2,25.96,95.42,2.07,82.09,NA,NA,21.07,752.0,0.89
2026-08-17 01:00:00,14.11,27.61,9.61,17.74,17.05,35.83,10.38,1.38,21.02,0.28,1.37,NA,0.12,0.19,0.19,25.8,95.42,2.01,70.57,NA,NA,21.06,751.98,0.89
2026-08-17 02:00:00,18.26,33.08,9.44,18.17,17.31,37.1,8.85,0.67,19.9,0.29,1.47,NA,0.12,0.18,0.2,25.66,95.42,1.69,64.01,NA,NA,21.02,751.9,0.88
2026-08-17 03:00:00,17.71,32.3,9.58,17.96,17.24,33.87,9.55,0.72,22.05,0.28,1.38,NA,0.11,0.18,0.2,25.59,95.43,1.82,218.99,NA,NA,21.06,751.9,0.88
2026-08-17 04:00:00,12.48,31.14,9.67,18.17,17.53,38.82,7.1,0.24,20.98,0.32,2.52,NA,0.13,0.26,0.24,25.47,95.45,1.98,105.27,NA,NA,21.07,751.9,0.87
2026-08-17 05:00:00,8.93,26.78,9.4,18.23,17.33,46.54,7.84,0.19,22.29,0.33,2.58,NA,0.14,0.26,0.23,24.57,95.45,1.53,74.05,NA,NA,20.53,751.65,0.83
2026-08-17 06:00:00,11.0,26.59,9.79,17.93,17.41,49.38,7.48,0.6,26.35,0.56,3.45,NA,0.29,0.64,0.4,22.26,95.49,1.19,135.09,NA,NA,21.58,751.0,0.73
2026-08-17 07:00:00,8.67,31.2,9.63,17.95,17.27,52.97,8.12,0.62,24.2,0.56,3.5,NA,0.29,0.64,0.39,22.51,95.5,1.6,265.37,NA,NA,21.84,751.08,0.74
2026-08-17 08:00:00,20.84,33.71,9.75,18.07,17.52,56.56,7.95,0.83,26.74,0.56,3.4,NA,0.29,0.64,0.41,22.73,95.5,1.66,294.97,NA,NA,45.62,751.1,0.75
2026-08-17 09:00:00,10.53,30.14,9.75,17.96,17.41,55.75,8.75,0.91,41.87,0.54,3.55,NA,0.29,0.64,0.4,22.94,95.49,1.54,330.47,NA,NA,253.28,751.2,0.76
2026-08-17 10:00:00,10.19,28.08,9.77,17.82,17.29,49.85,7.75,0.68,42.92,0.71,3.06,NA,0.27,0.7,0.35,23.13,95.47,1.42,252.09,NA,NA,257.4,751.25,0.77
2026-08-17 11:00:00,11.05,26.78,9.62,18.02,16.74,43.95,8.76,0.68,47.47,0.75,2.93,NA,0.27,0.71,0.35,23.3,95.46,1.59,82.87,NA,NA,257.67,751.3,0.78
2026-08-17 12:00:00,14.3,25.79,9.12,17.75,16.57,40.42,8.24,0.65,47.72,0.62,2.79,NA,0.26,0.56,0.36,23.4,95.46,1.08,76.62,NA,NA,257.98,751.32,0.78
2026-08-17 13:00:00,32.39,25.63,9.06,18.03,16.85,38.35,9.11,0.48,52.17,0.38,1.92,NA,0.17,0.34,0.28,23.53,95.46,1.03,64.02,NA,NA,374.69,751.35,0.79
2026-08-17 14:00:00,NA,16.56,9.33,18.06,16.93,36.99,8.95,0.42,40.96,0.33,1.72,NA,0.16,0.32,0.25,23.89,95.43,1.23,59.38,NA,NA,413.78,751.45,0.8
2026-08-17 15:00:00,22.15,20.52,8.45,18.18,16.33,43.45,7.49,0.63,37.24,0.33,1.7,NA,0.15,0.31,0.26,24.18,95.42,1.37,60.44,NA,NA,400.46,751.53,0.82
2026-08-17 16:00:00,32.62,40.41,10.77,18.27,18.74,48.74,4.42,1.02,43.35,0.33,2.31,NA,0.19,0.38,0.3,24.44,95.42,1.31,62.68,NA,NA,388.03,751.58,0.83
2026-08-17 17:00:00,17.34,33.1,11.05,18.74,19.08,47.31,0.25,1.3,41.69,0.33,2.5,NA,0.2,0.38,0.32,24.61,95.42,1.64,78.16,NA,NA,285.76,751.63,0.83
2026-08-17 18:00:00,12.86,29.68,11.39,19.11,19.32,47.76,2.22,1.05,39.39,0.37,2.74,NA,0.21,0.44,0.43,24.54,95.44,1.62,153.83,NA,NA,240.65,751.6,0.83
2026-08-17 19:00:00,5.83,31.31,11.32,21.12,20.45,51.9,5.96,0.63,31.38,0.42,3.12,NA,0.23,0.51,0.53,24.42,95.46,1.74,21.4,NA,NA,164.18,751.6,0.83
2026-08-17 20:00:00,5.23,40.03,12.31,22.38,22.0,56.78,6.58,0.57,24.69,0.41,3.15,NA,0.24,0.52,0.53,24.43,95.46,1.96,34.85,NA,NA,84.06,751.6,0.83
2026-08-17 21:00:00,8.74,31.89,12.8,22.44,22.57,50.34,7.1,0.45,25.82,0.42,3.17,NA,0.23,0.5,0.53,24.42,95.46,1.93,59.21,NA,NA,84.48,751.6,0.83
2026-08-17 22:00:00,14.19,29.84,12.77,21.95,21.82,47.65,6.9,0.65,25.87,0.26,1.29,NA,1.25,0.39,0.2,24.41,95.46,1.95,56.71,NA,NA,84.47,751.6,0.83
2026-08-17 23:00:00,18.2,28.12,11.44,19.18,19.6,39.67,6.94,0.65,20.54,0.27,1.3,NA,1.31,0.38,0.19,24.31,95.46,1.94,57.48,NA,NA,54.88,751.57,0.82
2026-08-18 00:00:00,31.12,34.83,10.12,17.82,17.63,34.55,5.73,0.67,20.61,0.19,0.95,NA,0.08,0.14,0.13,24.38,95.46,1.95,57.31,NA,NA,21.26,751.6,0.83
2026-08-18 01:00:00,28.76,39.01,10.46,17.35,17.51,26.37,6.42,0.45,20.47,0.19,0.89,NA,0.08,0.13,0.13,24.47,95.46,1.96,77.27,NA,NA,21.01,751.6,0.83
2026-08-18 02:00:00,19.21,46.32,9.75,17.78,17.22,29.0,7.4,0.45,20.46,0.19,0.93,NA,0.07,0.13,0.13,24.44,95.46,1.54,78.32,NA,NA,21.52,751.6,0.83
2026-08-18 03:00:00,13.24,42.9,9.27,17.89,16.86,24.6,7.26,0.41,18.42,0.19,0.94,NA,0.08,0.13,0.14,24.33,95.46,1.36,74.66,NA,NA,21.47,751.58,0.82
2026-08-18 04:00:00,10.68,46.7,9.99,17.95,17.64,29.18,6.83,0.28,19.64,0.21,1.71,NA,0.1,0.2,0.16,24.22,95.46,1.6,83.05,NA,NA,21.57,751.5,0.82
2026-08-18 05:00:00,18.09,46.28,9.56,17.88,17.14,37.37,6.54,0.23,18.92,0.22,1.67,NA,0.09,0.2,0.16,23.94,95.46,1.61,77.19,NA,NA,21.67,751.45,0.81
2026-08-18 06:00:00,21.39,41.36,9.59,17.79,17.08,38.11,6.26,0.31,20.07,0.3,1.98,NA,0.14,0.33,0.22,23.93,95.46,1.53,78.34,NA,NA,21.83,751.45,0.81
2026-08-18 07:00:00,17.77,39.01,10.67,17.76,18.13,44.46,5.16,0.37,18.95,0.37,2.32,NA,0.19,0.47,0.28,24.27,95.46,1.71,229.92,NA,NA,22.42,751.55,0.82
2026-08-18 08:00:00,17.99,39.68,10.32,17.43,17.45,46.05,5.5,0.48,25.56,0.37,2.37,NA,0.19,0.48,0.27,24.46,95.45,1.9,248.3,NA,NA,86.71,751.6,0.83
2026-08-18 09:00:00,26.0,38.45,9.79,17.4,17.12,45.38,6.07,1.58,33.9,0.37,2.33,NA,0.19,0.47,0.27,24.44,95.46,1.88,261.57,NA,NA,222.55,751.6,0.83
2026-08-18 10:00:00,29.62,37.64,8.27,13.34,12.7,41.16,5.79,0.39,35.2,0.54,1.88,NA,0.18,0.5,0.25,23.87,95.46,1.63,224.26,NA,NA,224.66,751.43,0.8
2026-08-18 11:00:00,21.38,32.68,7.36,13.18,12.63,35.67,6.29,0.53,38.18,0.51,1.83,NA,0.18,0.54,0.24,23.92,95.46,1.73,107.37,NA,NA,255.47,751.43,0.81
2026-08-18 12:00:00,21.38,NA,7.44,13.25,12.78,35.39,5.87,NA,42.01,0.41,1.78,NA,0.17,0.43,0.24,24.21,95.43,1.65,129.07,NA,NA,255.58,751.53,0.82
2026-08-18 13:00:00,NA,10.0,7.57,13.38,13.05,31.77,5.67,0.32,46.27,0.33,1.73,NA,0.17,0.32,0.26,24.99,95.37,1.46,70.8,NA,NA,237.26,751.73,0.85
2026-08-18 14:00:00,17.35,18.23,7.48,12.98,12.56,29.42,1.3,0.38,52.28,0.33,1.71,NA,0.16,0.31,0.25,25.69,95.36,0.87,79.81,NA,NA,209.71,751.93,0.88
2026-08-18 15:00:00,23.65,31.96,7.74,13.2,13.04,35.95,2.87,0.53,NA,0.34,1.68,NA,0.16,0.31,0.25,27.74,95.33,1.46,29.58,NA,NA,259.6,752.47,0.97
2026-08-18 16:00:00,NA,NA,NA,NA,NA,NA,NA,NA,NA,NA,NA,NA,NA,NA,NA,NA,NA,NA,NA,NA,NA,NA,NA,NA
2026-08-18 17:00:00,NA,NA,NA,NA,NA,NA,NA,NA,NA,NA,NA,NA,NA,NA,NA,NA,NA,NA,NA,NA,NA,NA,NA,NA
2026-08-18 18:00:00,NA,NA,NA,NA,NA,NA,NA,NA,NA,NA,NA,NA,NA,NA,NA,NA,NA,NA,NA,NA,NA,NA,NA,NA
2026-08-18 19:00:00,NA,NA,NA,NA,NA,NA,NA,NA,NA,NA,NA,NA,NA,NA,NA,NA,NA,NA,NA,NA,NA,NA,NA,NA
2026-08-18 20:00:00,NA,NA,NA,NA,NA,NA,NA,NA,NA,NA,NA,NA,NA,NA,NA,NA,NA,NA,NA,NA,NA,NA,NA,NA
2026-08-18 21:00:00,NA,NA,NA,NA,NA,NA,NA,NA,NA,NA,NA,NA,NA,NA,NA,NA,NA,NA,NA,NA,NA,NA,NA,NA
2026-08-18 22:00:00,NA,NA,NA,NA,NA,NA,NA,NA,NA,NA,NA,NA,NA,NA,NA,NA,NA,NA,NA,NA,NA,NA,NA,NA
2026-08-18 23:00:00,NA,NA,NA,NA,NA,NA,NA,NA,NA,NA,NA,NA,NA,NA,NA,NA,NA,NA,NA,NA,NA,NA,NA,NA
2026-08-19 00:00:00,NA,NA,NA,NA,NA,NA,NA,NA,NA,NA,NA,NA,NA,NA,NA,NA,NA,NA,NA,NA,NA,NA,NA,NA
2026-08-19 01:00:00,NA,NA,NA,NA,NA,NA,NA,NA,NA,NA,NA,NA,NA,NA,NA,NA,NA,NA,NA,NA,NA,NA,NA,NA
2026-08-19 02:00:00,NA,NA,NA,NA,NA,NA,NA,NA,NA,NA,NA,NA,NA,NA,NA,NA,NA,NA,NA,NA,NA,NA,NA,NA
2026-08-19 03:00:00,NA,NA,NA,NA,NA,NA,NA,NA,NA,NA,NA,NA,NA,NA,NA,NA,NA,NA,NA,NA,NA,NA,NA,NA
2026-08-19 04:00:00,NA,NA,NA,NA,NA,NA,NA,NA,NA,NA,NA,NA,NA,NA,NA,NA,NA,NA,NA,NA,NA,NA,NA,NA
2026-08-19 05:00:00,NA,NA,NA,NA,NA,NA,NA,NA,NA,NA,NA,NA,NA,NA,NA,NA,NA,NA,NA,NA,NA,NA,NA,NA
2026-08-19 06:00:00,NA,NA,NA,NA,NA,NA,NA,NA,NA,NA,NA,NA,NA,NA,NA,NA,NA,NA,NA,NA,NA,NA,NA,NA
2026-08-19 07:00:00,NA,NA,NA,NA,NA,NA,NA,NA,NA,NA,NA,NA,NA,NA,NA,NA,NA,NA,NA,NA,NA,NA,NA,NA
2026-08-19 08:00:00,NA,NA,NA,NA,NA,NA,NA,NA,NA,NA,NA,NA,NA,NA,NA,NA,NA,NA,NA,NA,NA,NA,NA,NA
2026-08-19 09:00:00,NA,NA,NA,NA,NA,NA,NA,NA,NA,NA,NA,NA,NA,NA,NA,NA,NA,NA,NA,NA,NA,NA,NA,NA
2026-08-19 10:00:00,24.18,42.34,9.72,16.38,15.75,46.6,6.77,0.78,45.63,0.42,2.12,NA,0.18,0.51,0.27,25.06,95.42,1.82,207.64,NA,NA,355.82,751.75,0.86
2026-08-19 11:00:00,22.91,47.89,6.84,13.12,11.8,48.64,4.31,1.0,51.3,0.54,1.89,NA,0.17,0.54,0.23,25.47,95.41,1.74,196.54,NA,NA,354.59,751.9,0.88
2026-08-19 12:00:00,17.79,45.03,5.94,12.06,10.45,49.8,4.93,0.95,49.36,0.43,1.78,NA,0.16,0.42,0.25,26.18,95.38,1.63,188.89,NA,NA,352.93,752.08,0.91
2026-08-19 13:00:00,12.67,37.29,5.6,11.13,9.83,48.03,6.64,0.55,39.98,0.33,1.76,NA,0.16,0.31,0.27,27.56,95.34,1.71,196.39,NA,NA,354.55,752.43,0.96
2026-08-19 14:00:00,43.41,68.16,6.67,10.91,10.68,42.9,10.39,0.67,46.0,0.34,1.76,NA,0.16,0.32,0.26,28.45,91.76,2.01,198.99,NA,NA,362.34,752.68,1.01
2026-08-19 15:00:00,24.41,47.86,6.31,11.04,10.45,51.51,10.57,0.64,46.66,0.33,1.77,NA,0.16,0.32,0.26,29.04,84.47,2.02,206.66,NA,NA,361.25,752.82,1.03
2026-08-19 16:00:00,17.76,37.36,6.08,10.85,10.03,54.56,6.49,0.83,48.48,0.34,2.34,NA,0.18,0.36,0.3,29.2,78.11,2.04,208.06,NA,NA,358.16,752.88,1.04
2026-08-19 17:00:00,9.34,26.29,6.91,11.08,11.09,51.73,5.37,0.86,52.13,0.36,2.43,NA,0.2,0.39,0.31,29.28,77.68,2.11,210.25,NA,NA,356.33,752.9,1.04
2026-08-19 18:00:00,5.51,26.72,6.35,11.05,10.49,54.9,7.4,0.75,50.06,0.4,2.84,NA,0.22,0.46,0.42,28.86,83.13,1.76,118.74,NA,NA,354.63,752.73,1.01
2026-08-19 19:00:00,5.55,30.26,6.91,12.03,11.43,58.93,8.04,0.7,46.69,0.41,3.17,NA,0.24,0.5,0.52,27.72,95.34,1.77,90.22,NA,NA,270.9,752.5,0.97
2026-08-19 20:00:00,5.06,31.08,7.81,13.44,12.94,61.69,7.49,0.71,42.16,0.41,3.15,NA,0.23,0.5,0.52,27.34,95.42,1.75,112.0,NA,NA,156.25,752.38,0.96
2026-08-19 21:00:00,11.17,25.23,8.84,15.18,14.72,56.65,7.31,0.82,34.65,0.4,3.16,NA,0.25,0.5,0.53,26.93,95.42,1.53,131.58,NA,NA,20.69,752.28,0.94
2026-08-19 22:00:00,16.53,34.95,9.24,15.21,15.15,49.64,5.69,0.7,36.23,0.26,2.22,NA,0.77,0.43,0.37,26.57,95.42,1.51,186.6,NA,NA,20.98,752.15,0.92
2026-08-19 23:00:00,19.95,29.9,8.13,15.08,14.06,45.25,5.81,0.75,33.02,0.26,1.3,NA,1.21,0.37,0.19,25.9,95.42,1.3,266.26,NA,NA,20.86,752.0,0.9
2026-08-20 00:00:00,20.42,37.51,7.74,13.28,12.92,39.14,3.07,0.67,25.34,0.18,0.95,NA,0.06,0.13,0.13,24.91,95.46,1.7,273.91,NA,NA,15.78,751.7,0.85
2026-08-20 01:00:00,12.82,31.33,7.6,13.01,12.51,31.93,3.41,0.73,24.0,0.19,0.95,NA,0.08,0.13,0.13,23.85,95.46,1.7,281.32,NA,NA,16.85,751.45,0.8
2026-08-20 02:00:00,9.34,31.0,7.86,12.93,12.69,33.95,4.84,0.4,24.05,0.18,0.93,NA,0.08,0.13,0.13,23.86,95.46,1.23,124.76,NA,NA,16.82,751.43,0.8
2026-08-20 03:00:00,6.59,26.51,7.16,13.2,12.26,31.65,5.76,0.29,25.43,0.19,0.96,NA,0.08,0.13,0.12,23.93,95.46,1.21,97.45,NA,NA,16.59,751.45,0.81
2026-08-20 04:00:00,6.36,25.0,7.46,13.33,12.69,33.6,5.69,0.39,23.69,0.21,1.36,NA,0.08,0.16,0.14,23.73,95.46,1.13,126.76,NA,NA,16.35,751.38,0.8
2026-08-20 05:00:00,8.87,32.39,7.61,13.05,12.56,39.61,5.33,0.74,25.26,0.21,1.68,NA,0.09,0.2,0.16,23.56,95.47,1.37,159.52,NA,NA,16.34,751.35,0.79
2026-08-20 06:00:00,12.83,37.74,7.65,13.25,12.8,42.18,4.53,0.7,24.39,0.3,2.01,NA,0.14,0.32,0.21,23.92,95.46,1.53,189.27,NA,NA,16.66,751.45,0.81
2026-08-20 07:00:00,14.71,44.21,8.71,14.66,14.56,47.93,4.03,0.86,32.44,0.37,2.28,NA,0.19,0.46,0.27,25.7,95.35,1.77,199.96,NA,NA,118.52,751.93,0.89
2026-08-20 08:00:00,14.88,41.27,8.79,14.96,14.65,49.19,4.28,0.81,35.72,0.37,2.28,NA,0.19,0.46,0.27,26.09,95.34,1.9,205.99,NA,NA,159.96,752.05,0.9
2026-08-20 09:00:00,9.15,49.59,9.72,17.03,16.59,49.3,7.03,0.69,45.24,0.37,2.34,NA,0.19,0.48,0.27,27.16,95.32,1.88,202.51,NA,NA,243.4,752.32,0.95
2026-08-20 10:00:00,16.75,46.8,10.57,18.13,18.06,48.99,6.74,0.75,49.32,0.6,2.52,NA,0.22,0.65,0.31,27.43,95.31,1.91,203.63,NA,NA,312.82,752.38,0.96
2026-08-20 11:00:00,37.54,34.46,10.99,20.03,19.87,50.68,5.85,0.83,57.83,1.07,3.86,NA,0.35,1.08,0.46,28.89,82.95,2.03,205.38,NA,NA,523.33,752.78,1.03
2026-08-20 12:00:00,23.94,36.02,10.56,18.67,18.68,50.78,4.63,0.76,58.43,0.78,3.55,NA,0.32,0.74,0.48,29.12,78.4,2.04,211.73,NA,NA,551.0,752.85,1.04
2026-08-20 13:00:00,27.57,35.76,8.69,15.28,15.22,46.42,3.11,0.81,66.38,0.65,3.51,NA,0.33,0.62,0.5,29.43,76.56,2.1,209.59,NA,NA,546.52,752.93,1.06
2026-08-20 14:00:00,27.13,34.5,8.8,15.36,15.41,43.17,4.59,0.75,66.0,0.65,3.53,NA,0.32,0.61,0.51,29.76,75.02,2.03,209.24,NA,NA,441.51,753.05,1.06
2026-08-20 15:00:00,26.1,45.71,9.12,15.29,15.65,52.41,6.49,0.7,67.85,0.66,3.51,NA,0.32,0.63,0.52,30.18,72.32,2.21,213.53,NA,NA,395.12,753.18,1.08
2026-08-20 16:00:00,23.13,44.0,9.56,15.22,16.02,55.38,6.09,0.7,62.1,0.68,4.71,NA,0.37,0.76,0.6,30.18,72.86,2.24,219.22,NA,NA,350.48,753.13,1.08
2026-08-20 17:00:00,18.4,39.34,9.03,15.68,15.95,55.14,5.91,0.68,50.7,0.68,4.96,NA,0.39,0.76,0.62,29.86,74.18,2.07,203.28,NA,NA,255.05,753.05,1.07
2026-08-20 18:00:00,21.48,36.78,9.14,15.39,15.77,53.87,4.71,0.64,47.09,0.77,6.02,NA,0.46,0.95,0.94,29.13,78.98,2.05,203.74,NA,NA,217.53,752.88,1.05
2026-08-20 19:00:00,22.63,35.94,10.35,17.26,17.81,59.36,4.79,0.21,44.4,0.79,6.29,NA,0.47,1.01,1.06,28.68,82.03,2.22,207.25,NA,NA,127.64,752.73,1.01
2026-08-20 20:00:00,28.49,35.66,11.49,19.63,19.97,63.39,4.61,0.8,34.53,0.82,6.03,NA,0.48,1.0,1.06,28.45,84.04,2.29,212.99,NA,NA,21.13,752.68,1.0
2026-08-20 21:00:00,34.8,33.12,11.49,19.71,20.05,58.41,5.04,0.94,35.41,0.81,6.23,NA,0.46,1.02,1.04,27.84,91.13,2.28,223.56,NA,NA,21.1,752.53,0.98
2026-08-20 22:00:00,NA,NA,9.87,17.64,17.56,50.62,5.93,0.86,26.3,0.52,4.47,NA,1.99,0.88,0.7,27.48,95.35,2.23,220.17,NA,NA,29.12,752.43,0.96
2026-08-20 23:00:00,40.96,67.5,9.36,15.56,16.16,44.33,5.95,0.61,20.49,0.52,2.57,NA,2.69,0.76,0.39,27.52,95.42,2.08,220.35,NA,NA,36.86,752.4,0.96
2026-08-21 00:00:00,36.3,54.5,8.96,15.37,15.57,44.24,4.0,0.53,19.68,0.38,1.85,NA,0.14,0.26,0.27,26.79,95.42,1.9,208.19,NA,NA,36.72,752.23,0.93
2026-08-21 01:00:00,35.45,47.36,8.4,15.16,14.8,35.96,3.98,0.61,19.17,0.38,1.91,NA,0.15,0.26,0.23,26.42,95.42,2.03,212.81,NA,NA,36.77,752.1,0.91
2026-08-21 02:00:00,30.67,59.58,8.51,15.49,15.25,37.13,4.29,0.52,19.42,0.37,1.85,NA,0.16,0.26,0.25,26.35,95.42,2.02,211.27,NA,NA,36.88,752.1,0.91
2026-08-21 03:00:00,14.76,58.66,8.95,15.43,15.63,35.15,5.43,0.56,18.9,0.38,1.82,NA,0.17,0.25,0.24,26.02,95.42,1.97,200.5,NA,NA,36.91,752.0,0.9
2026-08-21 04:00:00,8.74,60.82,8.94,15.34,15.53,41.14,5.39,0.75,19.78,0.4,3.38,NA,0.19,0.38,0.31,25.79,95.44,1.66,193.41,NA,NA,36.82,751.95,0.89
2026-08-21 05:00:00,11.35,53.47,9.2,15.66,16.12,46.27,4.91,0.68,20.11,0.43,3.36,NA,0.19,0.39,0.31,25.51,95.46,1.61,180.16,NA,NA,36.83,751.9,0.88
2026-08-21 06:00:00,16.42,49.3,8.74,15.44,15.43,48.58,4.69,0.86,20.74,0.57,4.08,NA,0.28,0.67,0.43,25.63,95.45,1.48,175.08,NA,NA,37.78,751.93,0.88
2026-08-21 07:00:00,21.6,43.37,8.9,15.82,15.79,53.83,5.65,1.21,21.86,0.74,4.69,NA,0.38,0.96,0.53,26.89,95.36,1.66,180.67,NA,NA,62.88,752.25,0.94
2026-08-21 08:00:00,19.87,43.01,11.31,19.8,19.96,57.26,4.15,0.71,47.15,0.75,4.72,NA,0.39,0.95,0.54,28.34,95.24,1.83,195.72,NA,NA,314.0,752.63,1.0
2026-08-21 09:00:00,23.34,42.27,11.2,19.69,19.74,55.68,2.71,0.9,72.9,0.73,4.65,NA,0.38,0.93,0.53,28.86,95.2,1.86,208.05,NA,NA,425.33,752.78,1.02
2026-08-21 10:00:00,24.23,40.47,11.53,20.18,20.26,54.86,2.87,0.85,76.13,0.89,4.26,NA,0.36,0.99,0.51,29.3,90.72,1.86,206.44,NA,NA,433.2,752.9,1.04
2026-08-21 11:00:00,31.99,49.05,12.85,21.96,22.46,53.34,5.05,0.63,77.88,1.04,3.72,NA,0.35,1.06,0.48,30.71,72.23,2.01,215.59,NA,NA,433.8,753.28,1.1
2026-08-21 12:00:00,26.94,47.16,11.73,22.12,21.5,53.49,4.87,0.8,76.74,0.82,3.7,NA,0.34,0.85,0.49,31.01,70.75,2.03,208.47,NA,NA,398.05,753.38,1.12
2026-08-21 13:00:00,23.46,40.01,12.44,21.94,22.03,48.69,4.73,0.83,76.1,0.7,3.41,NA,0.32,0.61,0.5,31.53,68.61,1.96,201.92,NA,NA,322.19,753.5,1.14
2026-08-21 14:00:00,31.33,36.56,11.91,20.73,21.22,47.73,4.78,0.8,74.99,0.68,3.39,NA,0.32,0.62,0.5,31.68,67.41,1.89,191.79,NA,NA,292.96,753.53,1.15
2026-08-21 15:00:00,29.56,57.25,9.9,17.75,17.7,54.74,5.88,0.64,69.32,0.66,3.44,NA,0.32,0.63,0.51,31.76,66.73,1.72,190.56,NA,NA,244.47,753.55,1.15
2026-08-21 16:00:00,28.06,47.26,10.21,17.75,17.98,59.92,6.76,0.54,68.55,0.67,5.0,NA,0.38,0.82,0.58,31.28,68.92,1.8,183.51,NA,NA,227.48,753.43,1.13
2026-08-21 17:00:00,24.52,44.46,10.65,18.07,18.47,57.26,7.11,0.58,61.98,0.67,4.95,NA,0.4,0.78,0.62,30.34,74.12,1.91,144.84,NA,NA,198.15,753.15,1.09
2026-08-21 18:00:00,23.71,53.42,10.78,18.78,19.01,55.52,7.35,0.59,56.52,0.78,5.58,NA,0.43,0.93,0.83,28.5,84.16,1.55,110.84,NA,NA,165.08,752.68,1.01
2026-08-21 19:00:00,25.89,66.21,10.11,18.01,17.94,57.6,7.43,0.52,43.96,0.82,6.12,NA,0.48,1.01,1.04,24.68,95.44,1.46,232.82,NA,NA,55.19,751.65,0.84
2026-08-21 20:00:00,19.23,55.21,8.71,15.05,15.0,59.0,5.97,0.65,34.35,0.86,6.23,NA,0.48,1.02,1.05,25.31,95.43,1.78,160.03,NA,NA,21.84,751.82,0.87
2026-08-21 21:00:00,17.75,53.13,8.78,15.02,15.05,55.38,4.8,0.67,35.23,0.83,6.29,NA,0.46,1.03,1.05,25.38,95.42,1.68,127.06,NA,NA,21.65,751.82,0.87
2026-08-21 22:00:00,14.03,46.61,9.24,15.31,15.8,48.35,5.3,0.62,28.5,0.67,4.39,NA,1.57,0.86,0.73,25.33,95.42,1.77,126.82,NA,NA,21.48,751.82,0.87
2026-08-21 23:00:00,17.83,39.05,9.03,15.29,15.56,39.8,5.18,0.47,22.55,0.53,2.62,NA,2.69,0.75,0.39,25.32,95.42,1.28,185.13,NA,NA,21.54,751.8,0.87
2026-08-22 00:00:00,24.24,37.32,9.09,15.46,15.79,39.38,5.27,0.54,22.97,0.38,1.83,NA,0.15,0.26,0.27,25.55,95.43,1.43,136.58,NA,NA,21.49,751.9,0.88
2026-08-22 01:00:00,21.22,35.72,9.39,15.35,16.0,31.31,4.95,0.62,19.13,0.38,1.85,NA,0.16,0.26,0.25,25.51,95.45,1.85,98.02,NA,NA,21.46,751.9,0.87
2026-08-22 02:00:00,16.64,37.42,9.13,15.26,15.65,32.88,5.18,0.67,20.31,0.38,1.82,NA,0.16,0.25,0.26,25.47,95.45,1.78,80.46,NA,NA,21.49,751.88,0.87
2026-08-22 03:00:00,13.17,42.23,8.81,15.34,15.51,31.68,5.78,0.66,20.01,0.37,1.76,NA,0.16,0.27,0.28,25.42,95.45,2.02,61.73,NA,NA,21.63,751.85,0.87
2026-08-22 04:00:00,12.27,39.45,9.1,15.21,15.56,33.75,5.19,0.83,20.21,0.43,3.43,NA,0.18,0.4,0.32,25.57,95.42,1.94,64.83,NA,NA,21.65,751.9,0.88
2026-08-22 05:00:00,12.3,36.6,9.0,15.29,15.53,37.01,5.39,0.8,19.29,0.41,3.51,NA,0.19,0.39,0.32,25.59,95.42,1.82,80.26,NA,NA,21.6,751.9,0.88
2026-08-22 06:00:00,17.4,43.99,9.07,15.5,15.82,43.14,7.1,0.76,22.49,0.66,4.31,NA,0.29,0.79,0.48,23.64,95.44,1.25,139.32,NA,NA,21.13,751.7,0.84
2026-08-22 07:00:00,17.97,51.46,9.63,15.23,16.11,48.05,6.94,1.27,27.91,0.74,4.66,NA,0.37,0.95,0.54,23.28,95.47,1.62,176.28,NA,NA,70.5,751.28,0.78
2026-08-22 08:00:00,18.17,46.25,8.88,15.54,15.67,52.44,4.87,0.72,42.17,0.73,4.57,NA,0.38,0.95,0.54,23.23,95.5,1.62,214.41,NA,NA,217.38,751.25,0.78
2026-08-22 09:00:00,13.65,42.74,8.75,15.36,15.36,50.67,5.29,0.8,36.89,0.74,4.61,NA,0.39,0.96,0.55,23.44,95.46,1.49,227.93,NA,NA,223.12,751.32,0.78
2026-08-22 10:00:00,16.13,42.58,8.99,15.2,15.44,48.8,5.14,0.8,38.68,0.91,4.09,NA,0.38,1.01,0.5,23.84,95.44,1.62,221.66,NA,NA,241.94,751.43,0.8
2026-08-22 11:00:00,24.21,36.73,8.89,15.25,15.39,45.67,5.42,0.65,38.48,1.06,3.85,NA,0.35,1.06,0.46,26.1,95.4,1.23,165.31,NA,NA,216.78,752.03,0.9
2026-08-22 12:00:00,17.19,33.97,8.58,15.28,15.12,45.59,4.49,0.67,41.58,0.85,3.59,NA,0.33,0.84,0.48,27.69,95.32,1.22,133.55,NA,NA,150.83,752.28,0.94
2026-08-22 13:00:00,10.81,28.96,8.73,15.55,15.53,42.06,4.05,0.76,47.78,0.66,3.35,NA,0.33,0.62,0.52,27.82,95.3,1.46,161.11,NA,NA,66.42,752.5,0.98
2026-08-22 14:00:00,10.0,33.55,9.12,15.35,15.89,38.58,4.05,0.49,44.97,0.68,3.43,NA,0.32,0.61,0.51,27.8,95.3,1.11,155.86,NA,NA,93.31,752.48,0.98
2026-08-22 15:00:00,9.48,33.2,8.93,15.39,15.56,46.43,4.82,0.5,46.92,0.66,3.5,NA,0.32,0.63,0.5,28.04,95.29,1.35,124.74,NA,NA,95.09,752.58,0.99
2026-08-22 16:00:00,11.01,35.27,9.08,15.48,15.81,49.49,5.2,0.55,48.42,0.65,4.3,NA,0.35,0.68,0.57,28.22,95.27,1.2,170.4,NA,NA,92.4,752.6,0.99
2026-08-22 17:00:00,9.54,35.04,8.16,15.4,14.81,48.98,5.33,0.68,47.98,0.66,4.98,NA,0.4,0.76,0.62,28.26,95.28,1.71,149.98,NA,NA,155.58,752.63,1.0
2026-08-22 18:00:00,11.41,32.68,9.42,16.26,16.32,50.78,4.78,0.7,43.58,0.81,5.9,NA,0.43,0.97,0.94,27.86,95.37,1.8,164.1,NA,NA,159.81,752.5,0.98
2026-08-22 19:00:00,13.23,38.47,10.97,19.96,19.77,61.65,5.2,0.86,33.7,0.78,6.2,NA,0.46,1.0,1.08,26.88,95.42,1.71,160.65,NA,NA,139.36,752.25,0.94
2026-08-22 20:00:00,14.81,46.21,11.29,20.47,20.31,64.4,5.62,1.02,30.78,0.82,6.24,NA,0.47,1.02,1.07,26.69,95.42,1.96,155.13,NA,NA,110.83,752.2,0.93
2026-08-22 21:00:00,20.95,41.64,11.89,21.69,21.23,58.53,5.79,0.79,24.42,0.82,6.42,NA,0.46,1.0,1.06,26.53,95.42,2.14,220.12,NA,NA,20.28,752.18,0.92
2026-08-22 22:00:00,24.56,53.16,12.69,21.81,22.15,56.18,6.48,1.01,25.06,0.61,3.48,NA,1.54,0.78,0.55,26.35,95.44,2.12,220.38,NA,NA,20.47,752.13,0.91
2026-08-22 23:00:00,27.76,64.37,12.8,22.06,22.51,49.39,6.93,1.16,25.47,0.52,2.68,NA,2.54,0.73,0.4,26.0,95.45,2.09,219.04,NA,NA,20.77,752.03,0.9
2026-08-23 00:00:00,26.2,47.5,9.89,17.18,17.11,44.49,4.86,0.95,23.2,0.39,1.86,NA,0.16,0.27,0.25,25.8,95.46,2.09,219.04,NA,NA,20.99,751.95,0.89
2026-08-23 01:00:00,23.62,50.07,9.95,17.56,17.56,34.9,4.66,0.84,24.5,0.38,1.83,NA,0.14,0.26,0.24,25.98,95.46,1.77,125.88,NA,NA,20.95,752.0,0.9
2026-08-23 02:00:00,26.61,51.46,10.1,17.56,17.71,35.94,5.15,0.68,24.3,0.38,1.82,NA,0.16,0.26,0.23,25.88,95.46,1.75,98.1,NA,NA,20.82,751.98,0.89
2026-08-23 03:00:00,45.52,48.94,10.3,17.35,17.7,33.06,6.48,0.6,24.87,0.37,1.91,NA,0.15,0.26,0.26,25.51,95.46,2.05,89.6,NA,NA,21.15,751.9,0.88
2026-08-23 04:00:00,43.12,45.15,9.95,17.68,17.68,37.81,5.32,0.67,24.28,0.41,3.02,NA,0.18,0.35,0.3,25.4,95.46,1.85,92.08,NA,NA,21.17,751.85,0.87
2026-08-23 05:00:00,28.51,54.7,10.01,17.32,17.38,47.1,4.7,0.7,23.84,0.44,3.42,NA,0.19,0.39,0.32,25.1,95.46,1.9,106.12,NA,NA,21.42,751.8,0.86
2026-08-23 06:00:00,23.78,52.77,9.86,17.34,17.25,48.6,4.87,0.78,24.56,0.59,4.04,NA,0.29,0.68,0.43,25.37,95.45,1.88,100.94,NA,NA,21.79,751.88,0.87
2026-08-23 07:00:00,18.76,47.1,11.04,17.66,18.75,53.14,4.79,0.95,25.13,0.73,4.57,NA,0.37,0.96,0.54,26.28,95.41,1.86,127.17,NA,NA,22.76,752.1,0.91
2026-08-23 08:00:00,18.54,42.21,9.63,17.47,17.15,59.7,5.41,0.79,25.2,0.73,4.55,NA,0.38,0.93,0.54,26.88,95.37,1.82,66.92,NA,NA,23.07,752.25,0.94
2026-08-23 09:00:00,20.07,44.3,10.63,18.68,18.5,57.38,5.46,0.94,40.03,0.74,4.65,NA,0.39,0.94,0.54,26.78,95.37,1.99,66.89,NA,NA,186.2,752.23,0.93
2026-08-23 10:00:00,25.4,42.93,10.86,19.52,19.28,55.75,5.31,0.93,45.98,0.91,4.18,NA,0.36,1.01,0.51,27.26,95.35,2.09,145.27,NA,NA,217.76,752.38,0.95
2026-08-23 11:00:00,35.79,46.46,11.02,19.7,19.56,55.87,3.58,1.0,52.35,1.07,3.73,NA,0.34,1.06,0.46,29.12,89.54,1.48,130.8,NA,NA,302.12,752.85,1.04
2026-08-23 12:00:00,34.4,42.45,11.07,19.72,19.63,54.94,2.87,0.78,50.88,0.79,3.52,NA,0.32,0.74,0.5,29.61,82.64,1.42,155.85,NA,NA,387.13,753.0,1.06
2026-08-23 13:00:00,22.1,35.36,11.15,19.81,19.81,50.22,2.17,0.88,55.35,0.67,3.47,NA,0.32,0.65,0.5,30.75,73.78,1.21,140.68,NA,NA,317.92,753.28,1.11
2026-08-23 14:00:00,21.2,39.54,11.38,20.02,20.13,48.16,3.0,0.75,56.19,0.67,3.49,NA,0.32,0.65,0.5,30.56,74.54,1.18,102.96,NA,NA,260.98,753.23,1.1
2026-08-23 15:00:00,23.24,40.7,11.48,19.91,20.27,57.84,4.76,0.55,52.24,0.68,3.42,NA,0.32,0.64,0.51,29.72,78.83,1.72,126.24,NA,NA,158.12,753.03,1.06
2026-08-23 16:00:00,19.44,36.15,11.53,19.96,20.36,62.75,6.75,0.57,52.16,0.69,4.98,NA,0.38,0.76,0.61,27.65,90.46,1.69,134.8,NA,NA,228.88,752.48,0.97
2026-08-23 17:00:00,18.0,36.32,11.49,19.75,20.09,60.75,6.99,0.58,54.19,0.67,4.96,NA,0.4,0.77,0.63,27.58,94.98,1.84,159.42,NA,NA,247.53,752.45,0.97
2026-08-23 18:00:00,15.29,35.58,11.93,19.68,20.24,60.54,4.74,0.53,52.69,0.81,5.98,NA,0.47,0.95,0.97,26.84,95.21,1.62,81.69,NA,NA,228.67,752.25,0.93
2026-08-23 19:00:00,14.29,39.4,10.81,20.21,19.87,66.06,4.34,0.48,38.94,0.8,6.29,NA,0.48,1.01,1.07,23.49,95.46,1.22,195.02,NA,NA,271.82,751.35,0.79
2026-08-23 20:00:00,13.29,38.98,11.23,19.63,19.47,68.51,7.16,0.64,37.86,0.78,6.19,NA,0.48,1.02,1.07,23.26,95.46,1.51,151.47,NA,NA,291.4,751.28,0.78
2026-08-23 21:00:00,16.96,34.9,11.6,19.78,20.04,65.14,7.34,0.94,34.7,0.79,6.27,NA,0.48,1.01,1.07,23.51,95.46,1.6,130.58,NA,NA,278.48,751.35,0.79
2026-08-23 22:00:00,21.09,32.32,11.01,20.15,20.01,54.2,5.76,0.55,24.22,0.53,2.58,NA,2.74,0.74,0.39,23.49,95.46,1.86,229.14,NA,NA,21.32,751.32,0.79
2026-08-23 23:00:00,13.94,34.55,11.46,20.08,20.38,47.78,6.13,0.55,23.97,0.52,2.67,NA,2.59,0.76,0.39,23.58,95.46,1.87,227.29,NA,NA,21.29,751.4,0.79
2026-08-24 00:00:00,8.53,41.71,11.25,19.41,19.52,48.69,7.32,0.56,24.29,0.36,1.83,NA,0.15,0.25,0.28,23.87,95.46,1.9,235.91,NA,NA,21.25,751.43,0.8
2026-08-24 01:00:00,7.24,35.32,11.68,19.76,20.28,39.99,7.45,0.64,23.99,0.38,1.83,NA,0.16,0.27,0.28,24.02,95.46,1.71,255.51,NA,NA,21.29,751.48,0.81
2026-08-24 02:00:00,9.36,42.55,11.23,19.7,19.78,42.67,4.8,0.49,23.73,0.36,1.91,NA,0.14,0.26,0.25,24.05,95.46,1.8,77.35,NA,NA,21.17,751.5,0.81
2026-08-24 03:00:00,7.85,42.14,11.52,19.85,20.22,38.16,5.19,0.53,23.3,0.38,1.79,NA,0.16,0.26,0.24,23.77,95.46,1.73,77.72,NA,NA,21.14,751.4,0.8
2026-08-24 04:00:00,10.71,40.67,11.07,19.96,19.88,44.54,6.0,0.65,23.81,0.45,3.48,NA,0.18,0.38,0.31,23.83,95.46,1.54,113.63,NA,NA,21.19,751.4,0.8
2026-08-24 05:00:00,10.39,39.73,11.0,19.75,19.6,53.75,5.92,0.66,24.88,0.41,3.47,NA,0.18,0.38,0.31,23.93,95.46,1.84,180.15,NA,NA,21.48,751.45,0.81
2026-08-24 06:00:00,14.18,36.44,10.93,19.53,19.31,56.08,5.43,0.79,22.34,0.73,4.74,NA,0.38,0.94,0.54,24.07,95.46,1.39,139.63,NA,NA,22.14,751.5,0.81
2026-08-24 07:00:00,14.25,37.48,10.83,19.95,19.63,60.06,5.67,0.99,24.41,0.75,4.62,NA,0.38,0.95,0.54,25.23,95.42,1.16,173.29,NA,NA,23.15,751.83,0.86
2026-08-24 08:00:00,10.43,35.05,11.31,20.75,20.48,63.57,4.95,0.99,29.1,0.75,4.55,NA,0.38,0.94,0.54,26.45,95.35,1.73,207.29,NA,NA,162.49,752.23,0.93
2026-08-24 09:00:00,16.35,32.95,13.31,21.76,22.71,61.78,3.16,1.09,43.03,0.73,4.65,NA,0.39,0.95,0.54,28.56,93.38,1.42,204.22,NA,NA,78.61,752.7,1.01
2026-08-24 10:00:00,26.45,36.74,12.45,22.46,22.17,56.69,3.01,0.75,44.1,0.98,4.02,NA,0.37,1.03,0.47,29.48,84.06,1.4,227.33,NA,NA,180.73,752.95,1.05
2026-08-24 11:00:00,NA,34.54,13.1,22.89,23.04,47.81,2.19,0.67,51.8,1.09,3.87,NA,0.35,1.07,0.46,29.89,78.99,1.65,214.48,NA,NA,338.98,753.08,1.07
2026-08-24 12:00:00,NA,33.55,11.11,20.01,19.96,46.61,4.67,0.58,61.13,0.75,3.61,NA,0.32,0.75,0.49,29.67,77.98,1.97,226.19,NA,NA,378.02,753.08,1.06
2026-08-24 13:00:00,25.66,47.64,11.39,19.73,19.97,43.38,5.83,0.53,61.76,0.74,3.85,NA,0.36,0.7,0.57,29.97,77.12,2.23,218.52,NA,NA,399.88,753.1,1.07
2026-08-24 14:00:00,28.14,56.99,11.41,19.71,19.97,44.56,5.94,0.56,60.3,0.84,4.35,NA,0.4,0.79,0.6,30.14,77.02,2.15,178.89,NA,NA,399.66,753.15,1.08
2026-08-24 15:00:00,17.15,59.19,11.59,19.78,20.22,53.0,6.28,0.69,60.69,0.85,4.35,NA,0.4,0.8,0.63,29.72,82.32,1.67,90.81,NA,NA,390.94,753.03,1.06
2026-08-24 16:00:00,17.75,60.25,11.97,19.83,20.65,58.94,5.14,0.67,57.67,0.84,5.62,NA,0.45,0.97,0.75,27.3,89.38,1.59,75.46,NA,NA,301.63,752.38,0.96
2026-08-24 17:00:00,15.48,55.25,11.95,19.31,20.11,56.28,5.69,0.84,52.06,0.85,6.29,NA,0.49,0.97,0.8,25.17,95.42,1.68,185.95,NA,NA,225.25,751.9,0.86
2026-08-24 18:00:00,13.59,62.16,11.57,19.79,20.21,57.24,6.33,0.96,52.49,0.99,7.4,NA,0.55,1.22,1.18,25.34,95.43,1.98,237.24,NA,NA,200.7,751.85,0.87
2026-08-24 19:00:00,19.69,62.38,11.54,19.52,19.92,62.56,5.42,1.0,41.81,1.03,7.74,NA,0.59,1.28,1.3,25.36,95.45,1.96,234.42,NA,NA,128.32,751.85,0.87
2026-08-24 20:00:00,25.45,58.16,11.08,19.69,19.61,65.62,5.36,1.07,34.75,1.0,7.94,NA,0.58,1.25,1.32,25.81,95.44,1.66,207.32,NA,NA,72.04,751.93,0.88
2026-08-24 21:00:00,31.1,58.52,11.07,19.55,19.47,59.93,5.86,0.72,25.43,1.02,7.78,NA,0.59,1.27,1.33,25.58,95.44,1.73,191.03,NA,NA,20.97,751.9,0.88
2026-08-24 22:00:00,28.27,56.5,10.95,19.31,19.11,55.38,5.85,0.69,25.84,0.82,4.24,NA,1.86,1.0,0.91,25.3,95.45,1.72,188.63,NA,NA,21.0,751.85,0.87
2026-08-24 23:00:00,15.87,47.11,11.11,19.27,19.22,44.27,4.56,0.67,25.65,0.65,3.26,NA,3.05,0.93,0.5,25.24,95.46,1.41,157.99,NA,NA,21.24,751.8,0.86
2026-08-25 00:00:00,9.54,44.37,11.3,19.83,19.98,44.21,5.67,0.65,24.38,0.46,2.29,NA,0.21,0.34,0.34,25.07,95.46,1.69,117.78,NA,NA,21.33,751.78,0.86
2026-08-25 01:00:00,8.38,42.14,11.32,19.46,19.63,34.36,5.03,0.7,26.06,0.48,2.33,NA,0.19,0.33,0.33,24.78,95.46,1.33,152.75,NA,NA,21.19,751.7,0.84
2026-08-25 02:00:00,21.16,56.3,11.22,20.05,20.12,36.36,5.17,0.58,25.89,0.46,2.32,NA,0.17,0.34,0.34,24.63,95.46,1.78,190.04,NA,NA,21.31,751.65,0.84
2026-08-25 03:00:00,14.0,48.85,10.97,19.65,19.46,32.36,4.89,0.61,24.62,0.48,2.26,NA,0.17,0.33,0.33,24.48,95.46,1.77,201.09,NA,NA,21.61,751.6,0.83
2026-08-25 04:00:00,15.54,45.96,11.38,19.77,19.99,36.08,5.58,0.67,24.13,0.5,3.32,NA,0.2,0.41,0.37,24.55,95.46,1.83,211.82,NA,NA,21.63,751.63,0.83
2026-08-25 05:00:00,20.21,36.75,11.6,19.94,20.39,47.93,6.84,0.82,24.61,0.53,4.32,NA,0.22,0.48,0.39,24.72,95.46,1.54,196.39,NA,NA,21.42,751.7,0.84
2026-08-25 06:00:00,21.7,36.58,11.76,19.85,20.46,50.7,8.06,0.78,25.82,0.73,5.1,NA,0.35,0.82,0.52,24.82,95.46,1.81,199.23,NA,NA,21.52,751.73,0.85
2026-08-25 07:00:00,29.95,36.81,10.8,20.26,19.91,57.33,7.88,0.81,25.68,0.93,5.75,NA,0.48,1.19,0.69,25.18,95.43,1.86,206.48,NA,NA,21.73,751.8,0.86
2026-08-25 08:00:00,23.42,35.23,11.26,19.92,20.02,60.04,8.04,0.78,32.68,0.93,5.83,NA,0.48,1.19,0.68,25.47,95.42,1.8,207.65,NA,NA,85.81,751.88,0.88
2026-08-25 09:00:00,15.1,30.7,11.61,19.59,20.05,60.1,7.1,0.67,51.52,0.92,5.64,NA,0.48,1.19,0.67,26.24,95.4,1.9,209.2,NA,NA,188.65,752.03,0.91
2026-08-25 10:00:00,22.37,56.69,10.99,19.94,19.78,55.96,4.99,0.49,49.73,1.3,4.78,NA,0.45,1.34,0.58,26.4,95.39,1.9,209.95,NA,NA,180.73,752.1,0.92
2026-08-25 11:00:00,13.4,53.44,11.8,19.79,20.43,53.15,5.01,0.49,50.85,1.35,4.69,NA,0.44,1.34,0.6,26.43,95.38,1.81,204.94,NA,NA,191.28,752.1,0.92
2026-08-25 12:00:00,12.68,49.05,10.94,19.71,19.49,52.45,4.56,0.5,49.26,0.94,4.45,NA,0.41,0.9,0.63,26.42,95.37,1.83,206.85,NA,NA,178.09,752.13,0.92
2026-08-25 13:00:00,11.99,43.52,10.81,19.67,19.33,52.08,3.29,0.57,64.18,0.83,4.29,NA,0.39,0.78,0.65,26.77,95.37,1.76,205.14,NA,NA,284.37,752.23,0.93
2026-08-25 14:00:00,10.39,41.11,10.71,19.47,19.32,51.52,4.14,0.6,69.13,0.81,4.4,NA,0.39,0.8,0.63,27.0,95.37,1.75,198.31,NA,NA,390.15,752.3,0.94
2026-08-25 15:00:00,8.66,36.92,10.39,17.6,18.04,59.16,6.63,0.66,71.29,0.83,4.31,NA,0.4,0.79,0.64,26.52,95.4,1.85,197.2,NA,NA,338.43,752.15,0.92
2026-08-25 16:00:00,13.33,33.91,10.16,17.22,17.42,61.57,6.32,0.49,65.69,0.85,5.6,NA,0.48,0.9,0.74,26.55,95.42,1.95,185.72,NA,NA,307.87,752.15,0.92
2026-08-25 17:00:00,17.08,30.67,10.16,18.89,18.49,55.94,6.22,0.37,48.38,0.78,5.67,NA,0.45,0.89,0.7,26.55,95.42,1.58,133.01,NA,NA,196.59,752.18,0.92
2026-08-25 18:00:00,22.64,43.01,12.54,22.48,22.66,58.32,6.18,0.75,36.68,0.64,4.58,NA,0.36,0.76,0.79,26.07,95.42,1.36,178.58,NA,NA,61.08,752.05,0.9
2026-08-25 19:00:00,16.28,36.95,13.0,22.02,22.66,63.31,6.28,0.71,34.86,0.64,4.7,NA,0.35,0.76,0.8,25.81,95.42,1.46,178.96,NA,NA,61.15,752.0,0.89
2026-08-25 20:00:00,13.01,38.9,12.84,22.03,22.52,67.38,6.26,0.79,26.83,0.61,4.66,NA,0.36,0.76,0.82,25.84,95.42,1.58,171.79,NA,NA,36.82,752.0,0.89
2026-08-25 21:00:00,19.34,43.94,12.8,21.51,21.96,62.04,6.19,0.74,21.25,0.61,4.89,NA,0.35,0.76,0.79,25.85,95.42,1.58,162.59,NA,NA,21.17,752.0,0.89
2026-08-25 22:00:00,23.33,39.48,12.34,20.89,21.49,51.68,5.91,0.85,21.03,0.44,2.67,NA,1.53,0.62,0.41,25.8,95.42,1.46,147.09,NA,NA,21.74,751.95,0.89
2026-08-25 23:00:00,23.66,39.29,11.02,18.85,19.09,48.32,5.84,0.92,20.31,0.4,1.85,NA,1.93,0.56,0.28,25.77,95.42,1.7,155.0,NA,NA,21.86,751.97,0.89
2026-08-26 00:00:00,19.21,41.44,10.7,17.33,18.07,44.33,5.89,0.55,20.16,0.29,1.4,NA,0.11,0.2,0.19,25.8,95.42,1.6,187.04,NA,NA,21.28,751.95,0.89
2026-08-26 01:00:00,26.77,42.0,10.71,17.31,18.07,33.49,5.47,0.56,20.71,0.28,1.42,NA,0.11,0.19,0.19,25.97,95.42,1.72,196.07,NA,NA,20.74,752.0,0.9
2026-08-26 02:00:00,14.96,54.98,10.06,17.63,17.74,36.78,5.12,0.78,20.25,0.28,1.43,NA,0.11,0.19,0.19,25.82,95.42,1.81,202.56,NA,NA,20.95,752.0,0.89
2026-08-26 03:00:00,9.55,53.01,9.59,17.56,17.19,32.1,4.89,0.82,21.1,0.28,1.38,NA,0.11,0.2,0.19,25.83,95.42,1.76,203.74,NA,NA,19.94,751.98,0.89
2026-08-26 04:00:00,10.4,49.14,10.1,17.5,17.65,34.71,5.4,0.79,20.6,0.29,1.98,NA,0.12,0.24,0.21,25.73,95.43,1.78,199.26,NA,NA,19.65,751.95,0.89
2026-08-26 05:00:00,17.22,38.68,10.47,17.37,17.88,45.89,5.89,0.52,20.9,0.3,2.54,NA,0.14,0.29,0.23,25.48,95.46,1.7,196.78,NA,NA,19.21,751.9,0.87
2026-08-26 06:00:00,12.64,35.82,10.66,17.35,18.05,50.91,6.97,0.68,20.48,0.57,3.38,NA,0.29,0.71,0.4,25.43,95.44,1.74,198.17,NA,NA,18.71,751.9,0.87
2026-08-26 07:00:00,24.88,32.08,10.56,17.62,18.23,56.47,6.66,0.69,20.48,0.56,3.47,NA,0.29,0.7,0.41,25.7,95.42,1.79,204.21,NA,NA,17.02,751.95,0.88
2026-08-26 08:00:00,24.72,48.83,10.91,18.11,18.47,59.57,5.56,0.68,25.31,0.56,3.46,NA,0.29,0.68,0.4,26.09,95.42,1.81,202.05,NA,NA,47.34,752.05,0.9
2026-08-26 09:00:00,22.34,52.59,11.83,21.96,21.43,58.57,4.16,0.63,39.0,0.55,3.45,NA,0.29,0.71,0.41,26.74,95.37,1.96,214.78,NA,NA,139.08,752.23,0.93
2026-08-26 10:00:00,19.77,48.0,12.09,21.85,21.59,55.79,5.85,0.7,40.09,0.74,2.94,NA,0.27,0.77,0.37,27.02,95.37,1.9,223.07,NA,NA,165.04,752.3,0.94
2026-08-26 11:00:00,24.59,NA,12.48,22.01,22.14,52.8,4.46,NA,41.14,0.83,2.82,NA,0.26,0.8,0.35,27.74,95.37,1.91,235.67,NA,NA,221.64,752.48,0.97
2026-08-26 12:00:00,NA,NA,12.23,22.27,22.14,53.29,3.92,0.65,38.7,0.58,2.74,NA,0.23,0.54,0.36,27.63,95.37,1.85,266.35,NA,NA,237.33,752.45,0.97
2026-08-26 13:00:00,NA,NA,13.23,21.67,22.55,47.3,3.31,1.07,39.26,0.51,2.57,NA,0.24,0.47,0.38,28.54,95.34,1.9,258.2,NA,NA,202.52,752.7,1.01
2026-08-26 14:00:00,NA,10.0,13.11,21.68,22.44,45.63,5.99,0.32,38.68,0.51,2.69,NA,0.24,0.46,0.38,29.55,89.94,1.86,194.91,NA,NA,182.22,752.98,1.05
2026-08-26 15:00:00,NA,10.0,11.99,22.53,22.17,47.56,6.85,0.27,37.47,0.48,2.6,NA,0.23,0.46,0.38,28.49,90.17,1.82,170.55,NA,NA,218.96,752.7,1.01
2026-08-26 16:00:00,26.01,35.0,13.31,22.26,23.23,57.04,9.29,0.61,NA,0.5,3.46,NA,0.28,0.54,0.45,25.31,95.41,1.52,205.67,NA,NA,218.55,751.83,0.87
2026-08-26 17:00:00,5.92,19.45,12.18,21.87,21.7,NA,9.09,0.91,51.21,0.52,3.86,NA,0.29,0.56,0.48,24.12,95.46,0.97,184.55,NA,NA,220.72,751.5,0.81
2026-08-26 18:00:00,7.08,10.0,12.31,21.74,21.71,NA,7.13,0.83,74.31,0.58,4.48,NA,0.35,0.7,0.71,24.46,95.46,1.49,67.71,NA,NA,219.15,751.6,0.83
2026-08-26 19:00:00,20.4,10.0,12.32,21.66,21.63,NA,6.53,1.03,136.12,0.6,4.59,NA,0.34,0.77,0.78,24.67,95.46,1.51,153.1,NA,NA,217.44,751.63,0.83
2026-08-26 20:00:00,11.97,11.23,12.93,22.11,23.06,100.23,4.96,1.07,204.58,0.62,4.64,NA,0.35,0.76,0.8,24.51,95.46,1.59,155.55,NA,NA,203.83,751.6,0.83
2026-08-26 21:00:00,32.8,10.34,12.27,21.84,21.76,60.22,4.19,0.73,140.53,0.59,4.7,NA,0.36,0.74,0.79,24.25,95.46,1.65,205.24,NA,NA,21.31,751.55,0.82
2026-08-26 22:00:00,19.02,10.93,13.0,22.18,22.83,50.57,7.89,0.71,129.56,0.39,1.94,NA,1.96,0.59,0.28,24.63,95.46,1.5,188.67,NA,NA,21.35,751.65,0.84
2026-08-26 23:00:00,NA,NA,12.59,21.77,22.01,49.51,7.57,0.73,127.65,0.39,1.89,NA,1.88,0.58,0.28,24.67,95.46,1.55,180.9,NA,NA,21.37,751.67,0.84
2026-08-27 00:00:00,NA,NA,12.35,22.45,22.45,44.77,3.46,0.4,42.81,0.27,1.38,NA,0.1,0.2,0.19,24.72,95.46,1.76,192.17,NA,NA,21.42,751.7,0.84
2026-08-27 01:00:00,29.59,20.52,12.49,21.7,21.83,33.57,3.24,0.38,32.02,0.28,1.41,NA,0.1,0.19,0.21,24.73,95.46,1.78,208.78,NA,NA,21.57,751.7,0.84
2026-08-27 02:00:00,16.41,22.09,12.86,22.16,22.67,36.41,6.04,0.74,30.28,0.27,1.36,NA,0.12,0.19,0.2,24.8,95.46,1.76,212.12,NA,NA,21.35,751.7,0.85
2026-08-27 03:00:00,12.03,21.43,13.45,22.27,23.36,32.71,6.47,0.73,30.63,0.29,1.41,NA,0.12,0.19,0.19,24.67,95.46,1.74,200.95,NA,NA,21.31,751.63,0.84
2026-08-27 04:00:00,8.49,21.33,11.54,21.92,21.1,36.42,6.79,0.5,31.8,0.32,2.49,NA,0.14,0.3,0.23,24.76,95.46,1.63,184.82,NA,NA,21.74,751.7,0.84
2026-08-27 05:00:00,8.79,18.59,11.32,21.72,20.69,47.28,6.66,0.46,31.65,0.33,2.55,NA,0.14,0.28,0.23,24.9,95.46,1.65,202.22,NA,NA,21.45,751.7,0.85
2026-08-27 06:00:00,16.95,21.42,12.28,21.79,21.71,50.93,6.37,0.62,31.73,0.55,3.48,NA,0.28,0.7,0.41,25.3,95.43,1.69,196.65,NA,NA,21.51,751.83,0.87
2026-08-27 07:00:00,23.56,26.76,12.93,22.17,22.75,56.79,6.03,0.76,30.99,0.55,3.6,NA,0.29,0.72,0.41,26.05,95.41,1.81,206.84,NA,NA,17.26,752.03,0.9
2026-08-27 08:00:00,18.45,30.81,13.26,22.03,22.94,60.54,5.17,0.66,41.1,0.55,3.44,NA,0.28,0.71,0.41,26.65,95.36,1.88,212.04,NA,NA,66.53,752.2,0.93
2026-08-27 09:00:00,33.53,35.71,12.68,22.31,22.65,59.32,4.35,0.64,52.38,0.55,3.45,NA,0.29,0.7,0.41,27.63,95.31,1.92,205.96,NA,NA,114.17,752.45,0.97
2026-08-27 10:00:00,25.66,36.2,12.46,23.27,22.8,58.21,6.88,0.35,55.39,0.97,3.88,NA,0.37,1.03,0.46,28.0,95.3,1.9,206.19,NA,NA,235.48,752.58,0.98
2026-08-27 11:00:00,36.72,42.53,14.61,23.87,24.93,58.8,8.89,0.45,62.17,1.31,4.81,NA,0.44,1.33,0.61,28.94,95.2,1.9,205.32,NA,NA,467.27,752.78,1.03
2026-08-27 12:00:00,35.56,45.09,13.75,22.59,23.39,57.84,6.29,0.36,61.24,1.05,4.55,NA,0.42,1.09,0.62,29.06,95.18,1.86,205.36,NA,NA,440.23,752.83,1.03
2026-08-27 13:00:00,26.36,48.4,11.65,19.99,20.38,55.02,4.97,0.35,69.95,NA,NA,NA,NA,NA,NA,29.13,95.19,2.1,213.48,NA,NA,417.21,752.88,1.03
2026-08-27 14:00:00,24.22,43.7,11.42,20.08,20.35,50.57,5.18,0.61,72.24,NA,NA,NA,NA,NA,NA,28.31,95.29,1.13,168.43,NA,NA,363.39,752.68,1.0
2026-08-27 15:00:00,25.32,50.74,11.0,19.88,19.74,58.88,6.61,0.83,70.44,0.82,4.69,NA,0.4,0.75,0.69,28.45,95.33,1.7,78.27,NA,NA,293.29,752.68,1.0
2026-08-27 16:00:00,17.47,45.16,11.61,19.77,20.23,63.49,6.71,0.62,66.9,0.83,6.09,NA,0.49,0.98,0.82,28.25,95.35,1.66,73.25,NA,NA,241.5,752.6,1.0
2026-08-27 17:00:00,25.68,35.98,10.86,19.47,19.17,64.06,6.36,0.5,64.09,0.86,6.27,NA,0.51,0.89,0.76,28.06,95.37,1.51,79.64,NA,NA,219.91,752.58,0.99
2026-08-27 18:00:00,23.38,36.69,11.33,19.82,20.0,NA,5.94,0.69,66.15,0.94,6.82,NA,0.54,1.07,1.05,27.47,95.38,1.4,89.15,NA,NA,222.5,752.45,0.96
2026-08-27 19:00:00,18.18,44.04,11.73,19.64,20.23,NA,6.04,0.73,67.38,1.03,7.73,NA,0.61,1.27,1.34,26.88,95.4,1.59,78.45,NA,NA,217.32,752.25,0.94
2026-08-27 20:00:00,14.51,42.5,14.02,23.32,24.37,74.85,6.45,0.57,48.48,1.04,7.77,NA,0.58,1.26,1.31,26.22,95.42,1.6,76.24,NA,NA,67.38,752.08,0.91
2026-08-27 21:00:00,11.22,41.24,14.41,24.18,25.04,67.4,6.84,0.64,38.65,1.03,7.64,NA,0.6,1.27,1.33,25.93,95.42,1.89,90.03,NA,NA,21.22,752.0,0.89
2026-08-27 22:00:00,7.51,42.38,13.32,23.2,23.57,60.22,5.57,0.55,28.3,0.65,3.15,NA,3.17,0.94,0.49,25.91,95.42,1.67,117.3,NA,NA,21.61,752.0,0.9
2026-08-27 23:00:00,13.51,39.99,12.11,20.24,20.83,50.96,5.29,0.58,24.76,0.64,3.32,NA,3.33,0.94,0.49,25.94,95.42,1.49,118.49,NA,NA,21.83,752.0,0.9
2026-08-28 00:00:00,12.87,33.82,10.57,17.54,18.16,50.2,5.99,0.87,25.08,0.46,2.37,NA,0.17,0.33,0.32,25.29,95.46,1.66,62.57,NA,NA,21.27,751.82,0.87
2026-08-28 01:00:00,9.36,27.38,10.75,17.56,18.35,39.5,6.0,0.94,24.82,0.47,2.33,NA,0.21,0.33,0.31,25.04,95.46,1.6,88.49,NA,NA,21.16,751.75,0.85
2026-08-28 02:00:00,10.95,22.39,9.66,17.38,17.09,43.34,5.98,0.76,24.79,0.47,2.33,NA,0.2,0.33,0.34,25.02,95.46,1.61,94.39,NA,NA,21.13,751.73,0.85
2026-08-28 03:00:00,18.39,24.54,10.15,17.7,17.9,38.34,6.45,0.68,25.37,0.47,2.37,NA,0.2,0.33,0.32,25.01,95.46,1.53,84.64,NA,NA,21.52,751.7,0.85
2026-08-28 04:00:00,17.66,27.87,10.7,17.49,18.24,43.99,6.53,0.69,24.78,0.51,3.74,NA,0.22,0.44,0.37,25.02,95.46,1.38,104.16,NA,NA,21.62,751.73,0.85
2026-08-28 05:00:00,14.39,32.96,10.96,17.26,18.26,49.62,6.52,0.83,25.1,0.53,4.29,NA,0.22,0.47,0.39,24.94,95.46,1.26,165.46,NA,NA,21.82,751.73,0.85
2026-08-28 06:00:00,8.95,31.76,10.25,17.75,18.59,55.77,5.49,0.62,23.76,0.73,5.0,NA,0.42,1.02,0.6,24.56,95.46,1.58,122.75,NA,NA,22.19,751.65,0.84
2026-08-28 07:00:00,5.17,25.89,9.94,17.55,17.54,63.23,4.29,0.66,25.27,0.91,5.86,NA,0.46,1.2,0.68,24.61,95.45,1.65,75.64,NA,NA,23.58,751.65,0.84
2026-08-28 08:00:00,12.46,22.35,9.89,17.62,17.56,65.75,7.1,0.86,25.0,0.94,5.92,NA,0.48,1.18,0.68,24.77,95.43,1.44,60.93,NA,NA,24.28,751.7,0.85
2026-08-28 09:00:00,8.86,20.49,12.67,21.46,22.07,65.58,7.68,0.95,41.28,0.94,5.95,NA,0.48,1.2,0.68,25.86,95.36,1.69,86.72,NA,NA,242.26,751.98,0.89
2026-08-28 10:00:00,7.48,19.27,12.05,21.73,21.43,61.15,6.49,0.85,44.37,1.23,4.95,NA,0.45,1.3,0.6,27.41,95.28,0.96,158.76,NA,NA,259.98,752.4,0.96
2026-08-28 11:00:00,8.36,26.2,12.34,21.78,21.77,59.06,5.02,0.87,39.84,1.37,4.73,NA,0.44,1.34,0.55,29.12,95.14,1.65,241.92,NA,NA,255.46,752.85,1.04
2026-08-28 12:00:00,7.52,29.14,13.01,21.68,22.35,56.98,4.52,0.68,41.48,0.93,4.48,NA,0.41,0.93,0.62,29.91,85.9,1.63,196.37,NA,NA,257.1,753.08,1.07
2026-08-28 13:00:00,7.98,24.56,12.63,21.94,22.22,52.45,4.96,0.74,45.26,0.8,4.23,NA,0.4,0.8,0.65,29.15,87.23,1.8,150.47,NA,NA,265.16,752.88,1.04
2026-08-28 14:00:00,12.22,25.58,12.77,22.38,22.8,49.81,7.25,0.58,46.39,0.84,4.38,NA,0.39,0.76,0.63,26.93,92.94,1.66,55.48,NA,NA,268.27,752.25,0.94
2026-08-28 15:00:00,14.74,24.82,12.76,22.09,22.5,56.04,8.28,0.57,45.5,0.82,4.27,NA,0.39,0.77,0.63,25.77,95.39,1.61,195.81,NA,NA,271.15,751.95,0.89
2026-08-28 16:00:00,12.28,24.43,13.11,22.01,22.77,65.03,7.06,0.53,51.09,0.81,5.75,NA,0.46,0.95,0.74,26.99,95.37,1.75,118.62,NA,NA,267.32,752.28,0.94
2026-08-28 17:00:00,8.8,32.38,12.18,21.71,21.54,62.63,6.24,0.49,44.87,0.85,6.15,NA,0.49,1.0,0.8,27.45,95.37,1.64,55.83,NA,NA,264.05,752.4,0.96
2026-08-28 18:00:00,6.76,33.63,13.73,23.12,23.75,64.41,6.59,0.52,47.97,0.98,7.52,NA,0.59,1.21,1.2,27.16,95.39,1.79,37.89,NA,NA,167.47,752.32,0.95
2026-08-28 19:00:00,18.2,40.83,13.26,23.75,23.8,66.85,6.42,0.6,44.53,0.99,7.75,NA,0.6,1.27,1.34,27.0,95.42,1.98,110.7,NA,NA,110.51,752.3,0.94
2026-08-28 20:00:00,31.42,47.47,14.34,24.14,24.93,74.54,6.62,0.77,47.09,0.98,7.87,NA,0.59,1.27,1.34,26.83,95.42,1.89,113.35,NA,NA,111.08,752.23,0.93
2026-08-28 21:00:00,32.02,51.64,14.41,24.23,25.09,68.4,6.89,0.84,45.48,1.0,7.78,NA,0.57,1.26,1.35,26.71,95.42,2.02,286.39,NA,NA,111.27,752.2,0.93
2026-08-28 22:00:00,36.54,59.04,11.72,20.63,20.68,58.93,4.64,0.99,36.5,0.73,4.43,NA,2.6,1.0,0.69,26.64,95.42,2.17,353.82,NA,NA,95.21,752.2,0.92
2026-08-28 23:00:00,37.53,60.35,10.41,17.91,18.36,50.37,3.52,1.04,29.32,0.63,2.95,NA,3.48,0.95,0.48,26.66,95.42,2.15,354.64,NA,NA,52.62,752.2,0.93
2026-08-29 00:00:00,33.47,61.38,10.27,17.53,17.85,50.72,4.35,0.64,27.49,0.44,2.29,NA,0.2,0.32,0.32,26.47,95.42,NA,NA,NA,NA,52.86,752.13,0.92
2026-08-29 01:00:00,35.16,70.81,9.96,17.61,17.62,39.88,4.13,0.7,27.23,0.48,2.28,NA,0.2,0.33,0.3,26.26,95.42,1.95,9.72,NA,NA,53.04,752.1,0.91
2026-08-29 02:00:00,35.56,64.6,9.48,17.66,17.24,41.26,5.36,0.46,27.17,0.45,2.35,NA,0.18,0.32,0.34,26.0,95.42,1.98,39.07,NA,NA,52.5,752.0,0.9
2026-08-29 03:00:00,35.86,57.15,9.7,17.61,17.36,38.05,5.24,0.58,30.34,0.48,2.3,NA,0.17,0.32,0.34,25.47,95.46,1.46,60.11,NA,NA,51.33,751.88,0.87
2026-08-29 04:00:00,28.21,55.39,10.42,17.59,18.05,44.14,6.4,0.51,27.33,0.52,4.26,NA,0.22,0.49,0.39,25.13,95.46,1.95,95.86,NA,NA,52.17,751.78,0.86
2026-08-29 05:00:00,29.46,52.72,10.37,17.54,17.96,49.16,6.09,0.62,28.14,0.52,4.26,NA,0.22,0.48,0.38,25.04,95.46,1.88,149.57,NA,NA,52.47,751.75,0.86
2026-08-29 06:00:00,30.79,45.24,10.07,17.48,17.6,56.46,5.95,0.42,29.59,0.84,5.45,NA,0.4,0.98,0.61,25.23,95.45,1.75,47.98,NA,NA,53.03,751.8,0.86
2026-08-29 07:00:00,17.61,41.55,10.13,17.34,17.52,63.59,5.23,0.44,28.04,0.93,5.64,NA,0.48,1.18,0.67,26.81,95.36,1.84,80.1,NA,NA,48.69,752.23,0.93
2026-08-29 08:00:00,18.6,35.34,10.56,17.83,18.44,67.11,5.32,0.44,28.45,0.93,5.86,NA,0.46,1.15,0.7,27.51,95.33,1.36,191.94,NA,NA,47.67,752.43,0.96
2026-08-29 09:00:00,27.16,37.81,11.15,19.88,19.89,64.62,4.18,0.68,41.42,0.93,5.98,NA,0.47,1.2,0.68,29.36,93.09,1.16,175.16,NA,NA,166.92,752.9,1.05
2026-08-29 10:00:00,25.02,34.2,12.44,21.61,20.83,61.46,4.22,0.7,47.74,1.15,5.38,NA,0.45,1.26,0.64,29.98,86.9,1.5,134.64,NA,NA,320.89,753.1,1.07
2026-08-29 11:00:00,21.73,33.96,12.49,21.45,21.63,60.24,4.31,0.75,59.06,1.34,4.79,NA,0.45,1.34,0.58,31.18,76.7,1.08,213.16,NA,NA,446.57,753.4,1.13
2026-08-29 12:00:00,23.42,47.7,11.58,19.99,20.37,63.45,6.86,0.52,75.71,0.85,4.44,NA,0.4,0.79,0.62,31.54,73.8,1.46,72.61,NA,NA,382.32,753.53,1.14
2026-08-29 13:00:00,37.46,63.93,10.7,19.81,19.36,58.35,6.68,0.44,79.17,0.84,4.3,NA,0.4,0.76,0.64,27.56,88.69,1.26,74.66,NA,NA,241.4,752.45,0.97
2026-08-29 14:00:00,40.53,61.35,11.37,19.75,19.97,53.87,5.7,0.69,74.1,0.83,4.28,NA,0.4,0.76,0.62,25.68,95.42,1.52,194.44,NA,NA,218.68,751.9,0.88
2026-08-29 15:00:00,43.58,53.54,12.2,20.15,21.2,64.59,6.37,0.72,76.28,0.8,4.28,NA,0.4,0.79,0.63,25.82,95.42,1.88,215.05,NA,NA,212.11,751.95,0.89
2026-08-29 16:00:00,36.38,47.82,11.39,19.72,19.96,68.59,6.32,1.01,74.68,0.82,5.18,NA,0.45,0.91,0.7,25.63,95.42,1.89,206.95,NA,NA,212.92,751.9,0.88
2026-08-29 17:00:00,24.88,33.43,11.72,19.7,20.26,70.16,6.34,1.09,76.65,0.86,6.36,NA,0.51,1.0,0.8,25.13,95.46,1.76,177.74,NA,NA,216.9,751.8,0.86
2026-08-29 18:00:00,21.85,32.84,12.1,19.74,20.39,70.74,6.64,1.02,73.97,0.91,7.29,NA,0.55,1.15,1.07,25.12,95.46,1.89,191.74,NA,NA,214.38,751.8,0.86
2026-08-29 19:00:00,22.86,32.29,12.79,23.54,23.64,72.85,7.26,0.88,49.55,0.99,7.75,NA,0.59,1.25,1.34,25.21,95.46,1.93,253.86,NA,NA,195.5,751.8,0.86
2026-08-29 20:00:00,14.33,29.82,14.03,25.72,26.71,79.41,6.02,1.01,38.84,1.04,7.79,NA,0.58,1.26,1.32,25.37,95.46,2.04,283.56,NA,NA,152.03,751.82,0.87
2026-08-29 21:00:00,NA,NA,12.61,26.22,24.05,72.93,4.31,1.7,34.17,1.02,7.77,NA,0.58,1.26,1.32,25.42,95.46,2.05,272.43,NA,NA,21.78,751.85,0.87
2026-08-29 22:00:00,31.92,31.21,12.38,25.86,23.48,62.24,7.15,1.83,29.92,0.63,3.09,NA,3.31,0.94,0.49,25.74,95.44,1.82,172.51,NA,NA,21.96,751.9,0.89
2026-08-29 23:00:00,32.52,33.75,12.47,26.73,24.44,55.16,9.29,1.72,30.04,0.65,3.12,NA,3.03,0.94,0.49,25.67,95.45,1.95,153.32,NA,NA,21.9,751.9,0.88
2026-08-30 00:00:00,NA,NA,17.68,26.69,29.63,55.32,7.45,0.59,28.57,0.46,2.35,NA,0.18,0.33,0.32,25.79,95.46,1.99,288.54,NA,NA,22.06,751.98,0.89
2026-08-30 01:00:00,NA,NA,16.62,26.19,28.06,43.42,10.31,0.71,33.42,0.5,2.35,NA,0.22,0.33,0.32,25.67,95.45,1.88,286.91,NA,NA,22.1,751.93,0.88
2026-08-30 02:00:00,38.81,39.01,15.99,26.22,27.46,47.03,7.25,0.72,36.51,0.47,2.34,NA,0.21,0.32,0.33,25.61,95.44,1.74,289.93,NA,NA,22.22,751.9,0.88
2026-08-30 03:00:00,32.76,37.14,16.13,26.1,27.48,45.61,7.57,0.73,36.68,0.46,2.44,NA,0.22,0.34,0.32,25.37,95.44,1.67,251.25,NA,NA,22.14,751.85,0.87
2026-08-30 04:00:00,17.64,38.96,15.32,26.43,27.0,47.53,6.64,0.86,41.81,0.5,3.83,NA,0.22,0.45,0.37,24.32,95.46,1.31,102.07,NA,NA,21.69,751.55,0.82
2026-08-30 05:00:00,9.91,36.44,15.49,26.57,27.31,57.45,5.69,0.99,41.34,0.54,4.28,NA,0.23,0.49,0.4,23.52,95.46,1.15,94.1,NA,NA,21.72,751.35,0.79
2026-08-30 06:00:00,6.47,29.0,15.71,25.96,26.92,65.49,6.49,0.69,42.6,0.91,5.89,NA,0.46,1.19,0.68,23.37,95.46,1.11,170.76,NA,NA,22.27,751.3,0.78
2026-08-30 07:00:00,4.17,24.35,15.7,26.34,27.29,69.38,5.94,0.76,41.04,0.91,5.76,NA,0.48,1.17,0.67,23.68,95.46,1.42,80.2,NA,NA,23.01,751.38,0.8
2026-08-30 08:00:00,3.39,20.96,15.24,26.29,26.77,73.74,4.82,0.7,40.14,0.91,5.82,NA,0.47,1.16,0.68,24.36,95.44,1.2,139.16,NA,NA,22.44,751.55,0.82
2026-08-30 09:00:00,12.28,21.17,15.59,26.26,27.11,71.26,4.61,0.74,40.64,0.93,5.66,NA,0.48,1.17,0.68,25.24,95.41,1.39,188.93,NA,NA,20.6,751.8,0.87
2026-08-30 10:00:00,13.3,19.71,14.13,26.1,25.48,65.55,5.71,0.88,38.61,1.35,4.6,NA,0.43,1.32,0.59,26.22,95.37,1.17,118.11,NA,NA,17.04,752.08,0.91
2026-08-30 11:00:00,12.51,17.01,15.82,26.03,27.1,64.67,4.75,0.94,40.75,1.32,4.67,NA,0.44,1.33,0.6,27.24,95.35,1.23,114.92,NA,NA,10.49,752.33,0.95
2026-08-30 12:00:00,9.97,25.74,15.32,26.02,26.59,64.34,4.45,0.76,37.36,0.87,4.44,NA,0.41,0.78,0.64,27.43,95.33,1.01,125.68,NA,NA,8.92,752.38,0.96
2026-08-30 13:00:00,9.71,23.01,15.19,26.16,26.6,57.82,3.61,0.65,38.47,0.83,4.29,NA,0.39,0.78,0.63,27.56,95.33,1.08,141.27,NA,NA,14.92,752.43,0.97
2026-08-30 14:00:00,8.22,25.94,15.22,25.74,26.2,55.11,4.62,0.43,37.14,0.86,4.44,NA,0.41,0.78,0.62,28.41,95.29,1.11,134.64,NA,NA,23.78,752.68,1.0
2026-08-30 15:00:00,7.14,24.69,15.43,25.74,26.42,59.95,4.67,0.46,38.21,0.84,4.34,NA,0.41,0.78,0.63,28.62,95.25,1.14,113.57,NA,NA,25.09,752.73,1.01
2026-08-30 16:00:00,6.52,26.03,14.88,26.26,26.39,74.07,4.76,0.66,38.49,0.85,6.36,NA,0.5,0.94,0.79,28.72,90.69,1.51,120.45,NA,NA,22.58,752.75,1.02
2026-08-30 17:00:00,4.54,29.45,15.27,26.35,26.87,65.9,5.13,0.64,37.72,0.83,6.3,NA,0.51,0.96,0.79,28.16,94.74,1.48,93.56,NA,NA,20.57,752.6,0.99
2026-08-30 18:00:00,3.39,26.62,15.36,26.23,26.84,69.2,5.6,0.63,37.67,0.93,7.74,NA,0.57,1.27,1.29,27.47,95.38,1.81,135.07,NA,NA,20.08,752.4,0.96
2026-08-30 19:00:00,5.9,28.18,15.76,25.8,26.81,77.19,5.8,0.56,37.38,1.0,7.83,NA,0.58,1.25,1.33,26.2,95.42,1.78,163.15,NA,NA,20.22,752.08,0.91
2026-08-30 20:00:00,10.29,25.36,15.83,26.54,27.62,81.66,6.6,0.59,35.21,1.02,7.74,NA,0.59,1.25,1.35,26.02,95.43,2.08,101.1,NA,NA,20.83,752.0,0.9
2026-08-30 21:00:00,18.79,29.46,14.67,26.36,26.28,71.4,6.88,0.57,35.24,1.01,7.59,NA,0.6,1.24,1.33,26.34,95.43,2.08,89.74,NA,NA,19.9,752.1,0.91
2026-08-30 22:00:00,21.11,31.19,15.69,26.31,27.55,63.14,9.37,0.88,36.85,0.72,3.32,NA,3.25,0.95,0.49,26.3,95.42,2.1,83.79,NA,NA,19.35,752.08,0.91
2026-08-30 23:00:00,21.2,31.68,14.84,25.62,25.71,59.71,8.91,0.89,37.94,0.64,3.39,NA,3.16,0.94,0.48,26.25,95.42,2.08,83.97,NA,NA,19.3,752.07,0.91
2026-08-31 00:00:00,25.93,34.6,15.35,25.73,26.33,55.09,6.21,0.73,38.02,0.47,2.33,NA,0.2,0.32,0.3,25.81,95.46,2.09,89.85,NA,NA,20.23,751.98,0.89
2026-08-31 01:00:00,26.84,44.98,13.73,26.33,25.3,43.38,5.97,0.68,34.36,0.47,2.39,NA,0.16,0.32,0.33,25.54,95.46,2.06,83.73,NA,NA,20.5,751.88,0.88
2026-08-31 02:00:00,22.72,44.47,14.79,26.25,26.29,44.93,5.2,0.71,36.66,0.47,2.35,NA,0.16,0.32,0.34,25.45,95.46,2.05,84.11,NA,NA,20.63,751.88,0.87
2026-08-31 03:00:00,11.96,45.29,16.14,26.43,27.82,41.23,3.47,0.96,33.45,0.45,2.36,NA,0.2,0.33,0.33,25.58,95.46,2.02,85.34,NA,NA,20.43,751.9,0.88
2026-08-31 04:00:00,12.81,45.93,16.68,26.45,28.37,44.84,3.6,0.84,33.33,0.5,3.24,NA,0.21,0.41,0.37,25.55,95.46,1.96,88.42,NA,NA,20.22,751.9,0.88
2026-08-31 05:00:00,21.21,45.99,15.54,26.4,27.19,52.93,3.76,0.61,34.34,0.5,4.2,NA,0.22,0.46,0.4,25.39,95.46,1.81,133.19,NA,NA,20.36,751.88,0.87
2026-08-31 06:00:00,32.03,41.12,14.44,26.05,25.73,63.35,5.8,0.56,37.36,0.91,5.85,NA,0.47,1.18,0.67,25.65,95.45,2.03,244.94,NA,NA,20.65,751.93,0.88
2026-08-31 07:00:00,28.72,49.44,15.64,26.11,26.3,69.34,5.87,0.83,36.63,0.9,5.87,NA,0.47,1.18,0.68,26.09,95.42,1.85,109.95,NA,NA,19.67,752.05,0.9
2026-08-31 08:00:00,29.6,45.46,16.24,26.15,27.63,73.9,5.92,0.73,35.53,0.92,5.95,NA,0.48,1.16,0.68,26.52,95.42,2.04,112.75,NA,NA,20.04,752.15,0.92
2026-08-31 09:00:00,26.71,42.3,14.98,26.12,27.1,72.14,6.31,0.69,36.09,0.92,5.64,NA,0.47,1.19,0.69,27.23,95.37,1.79,77.61,NA,NA,21.69,752.35,0.95
2026-08-31 10:00:00,20.59,49.34,15.59,26.38,27.23,67.97,6.39,0.7,35.24,1.25,5.07,NA,0.45,1.29,0.59,27.63,95.37,1.58,101.33,NA,NA,24.55,752.48,0.97
2026-08-31 11:00:00,44.28,48.79,15.46,26.27,26.99,63.36,4.99,0.57,58.64,1.34,4.75,NA,0.43,1.34,0.59,28.51,95.31,1.85,164.3,NA,NA,270.39,752.7,1.01
2026-08-31 12:00:00,24.44,58.2,14.64,26.21,26.1,62.99,5.31,0.68,66.43,0.83,4.18,NA,0.41,0.79,0.63,29.66,86.1,1.76,54.76,NA,NA,414.97,753.0,1.06
2026-08-31 13:00:00,24.53,54.41,16.08,26.06,27.38,57.67,4.39,0.72,63.93,0.81,4.33,NA,0.4,0.78,0.63,28.34,89.37,1.47,70.46,NA,NA,315.7,752.65,1.0
2026-08-31 14:00:00,14.94,56.99,14.8,26.48,26.53,54.22,6.66,0.61,63.33,0.83,4.32,NA,0.39,0.79,0.62,27.7,95.33,1.38,66.87,NA,NA,251.41,752.48,0.97
2026-08-31 15:00:00,9.42,55.6,15.4,26.52,27.17,65.4,7.04,0.68,60.87,0.84,4.36,NA,0.39,0.78,0.64,28.03,95.34,1.71,59.13,NA,NA,272.96,752.55,0.99
2026-08-31 16:00:00,9.28,53.52,15.47,26.5,27.23,70.33,5.34,0.75,62.6,0.84,5.91,NA,0.48,0.92,0.72,27.78,95.36,1.68,57.43,NA,NA,259.29,752.48,0.98
2026-08-31 17:00:00,8.75,53.36,13.66,22.54,23.28,66.82,5.94,0.76,47.46,0.86,6.29,NA,0.5,0.94,0.77,27.0,95.39,1.85,35.78,NA,NA,215.02,752.3,0.94
2026-08-31 18:00:00,14.95,55.6,12.95,22.84,22.95,60.97,6.55,0.67,38.76,0.91,6.92,NA,0.52,1.14,1.15,24.6,95.44,1.64,191.08,NA,NA,156.66,751.63,0.84
2026-08-31 19:00:00,17.17,45.04,12.38,19.66,20.89,47.8,6.34,0.67,26.96,0.61,4.58,NA,0.36,0.75,0.8,22.96,95.49,1.57,188.89,NA,NA,22.01,751.2,0.76
2026-08-31 20:00:00,13.14,34.73,10.98,19.44,19.27,50.78,5.84,0.9,24.24,0.61,4.68,NA,0.35,0.76,0.79,23.94,95.46,1.48,136.93,NA,NA,22.12,751.45,0.81
2026-08-31 21:00:00,8.42,28.48,11.62,19.71,20.18,45.26,5.92,0.9,24.95,0.58,4.55,NA,0.35,0.76,0.8,24.29,95.46,1.82,226.64,NA,NA,21.86,751.58,0.82
2026-08-31 22:00:00,14.09,29.25,11.21,19.82,19.88,39.91,5.31,0.39,24.94,0.38,1.94,NA,1.93,0.57,0.29,24.32,95.46,1.76,137.79,NA,NA,21.93,751.6,0.82
2026-08-31 23:00:00,11.98,25.7,11.33,19.67,19.85,34.96,5.17,0.51,26.1,0.39,2.03,NA,1.95,0.56,0.28,24.36,95.46,1.91,231.4,NA,NA,21.92,751.6,0.82
