Timestamp,PM2.5 (µg/m³),Station,Actual_PM2.5_24h,Predicted_PM2.5_24h
2026-01-01 00:00:00,28.5,Gomti Nagar,95.25,70.7537327273194
2026-01-01 01:00:00,30.5,Gomti Nagar,107.25,48.93756510640537
2026-01-01 02:00:00,27.75,Gomti Nagar,109.0,66.64559706803921
2026-01-01 03:00:00,26.0,Gomti Nagar,109.75,44.071152036552085
2026-01-01 04:00:00,21.75,Gomti Nagar,94.5,43.23468830347832
2026-01-01 05:00:00,20.0,Gomti Nagar,89.25,38.767524946723604
2026-01-01 06:00:00,20.0,Gomti Nagar,82.75,37.309239914841044
2026-01-01 07:00:00,28.5,Gomti Nagar,87.25,36.14864397738479
2026-01-01 08:00:00,51.75,Gomti Nagar,88.0,43.032996678709075
2026-01-01 09:00:00,66.0,Gomti Nagar,88.75,65.53893354483043
2026-01-01 10:00:00,57.5,Gomti Nagar,92.5,66.57368947616925
2026-01-01 11:00:00,55.25,Gomti Nagar,86.0,65.08111938372724
2026-01-01 12:00:00,63.0,Gomti Nagar,71.5,64.52215273681469
2026-01-01 13:00:00,67.5,Gomti Nagar,70.75,63.81587973917415
2026-01-01 14:00:00,70.75,Gomti Nagar,72.0,64.30173024450451
2026-01-01 15:00:00,72.0,Gomti Nagar,79.0,63.01071617087639
2026-01-01 16:00:00,75.5,Gomti Nagar,74.75,63.774158799826694
2026-01-01 17:00:00,64.75,Gomti Nagar,63.5,67.92790563487787
2026-01-01 18:00:00,77.0,Gomti Nagar,53.25,76.26162348956738
2026-01-01 19:00:00,89.5,Gomti Nagar,52.0,81.7774519403798
2026-01-01 20:00:00,104.0,Gomti Nagar,52.0,84.98716787438883
2026-01-01 21:00:00,97.25,Gomti Nagar,54.75,77.97269211776809
2026-01-01 22:00:00,94.25,Gomti Nagar,54.25,66.38897715189002
2026-01-01 23:00:00,91.25,Gomti Nagar,48.75,64.68283687121846
2026-01-02 00:00:00,95.25,Gomti Nagar,41.5,51.78214298330326
2026-01-02 01:00:00,107.25,Gomti Nagar,32.25,58.489237748027975
2026-01-02 02:00:00,109.0,Gomti Nagar,22.25,53.398967782091084
2026-01-02 03:00:00,109.75,Gomti Nagar,21.75,53.16869673036758
2026-01-02 04:00:00,94.5,Gomti Nagar,22.0,53.86149621479773
2026-01-02 05:00:00,89.25,Gomti Nagar,22.5,53.196010772769334
2026-01-02 06:00:00,82.75,Gomti Nagar,18.5,54.945705395545325
2026-01-02 07:00:00,87.25,Gomti Nagar,23.5,54.313873403299915
2026-01-02 08:00:00,88.0,Gomti Nagar,28.5,72.2331198616967
2026-01-02 09:00:00,88.75,Gomti Nagar,28.75,81.04588682463009
2026-01-02 10:00:00,92.5,Gomti Nagar,28.5,73.99757711517931
2026-01-02 11:00:00,86.0,Gomti Nagar,31.75,72.89518404435037
2026-01-02 12:00:00,71.5,Gomti Nagar,38.25,75.50878834373268
2026-01-02 13:00:00,70.75,Gomti Nagar,38.5,71.62155601673531
2026-01-02 14:00:00,72.0,Gomti Nagar,37.0,72.39979261828994
2026-01-02 15:00:00,79.0,Gomti Nagar,35.75,73.23776432397166
2026-01-02 16:00:00,74.75,Gomti Nagar,43.5,80.73128808931945
2026-01-02 17:00:00,63.5,Gomti Nagar,57.75,68.62185537491844
2026-01-02 18:00:00,53.25,Gomti Nagar,80.0,78.65989609826903
2026-01-02 19:00:00,52.0,Gomti Nagar,100.25,96.26149183387763
2026-01-02 20:00:00,52.0,Gomti Nagar,128.25,103.5908140393006
2026-01-02 21:00:00,54.75,Gomti Nagar,123.25,98.0829381789355
2026-01-02 22:00:00,54.25,Gomti Nagar,91.5,88.58835430899934
2026-01-02 23:00:00,48.75,Gomti Nagar,80.0,92.07472590552277
2026-01-03 00:00:00,41.5,Gomti Nagar,77.25,91.46472448193214
2026-01-03 01:00:00,32.25,Gomti Nagar,73.25,82.11169940637315
2026-01-03 02:00:00,22.25,Gomti Nagar,67.75,68.94767160715833
2026-01-03 03:00:00,21.75,Gomti Nagar,64.5,41.360405518774705
2026-01-03 04:00:00,22.0,Gomti Nagar,66.75,43.725302680871856
2026-01-03 05:00:00,22.5,Gomti Nagar,59.25,40.59548012912894
2026-01-03 06:00:00,18.5,Gomti Nagar,65.0,40.04636901801784
2026-01-03 07:00:00,23.5,Gomti Nagar,72.25,40.003494767650686
2026-01-03 08:00:00,28.5,Gomti Nagar,97.5,39.73434234337068
2026-01-03 09:00:00,28.75,Gomti Nagar,108.0,51.23013040814723
2026-01-03 10:00:00,28.5,Gomti Nagar,100.25,58.83531160586308
2026-01-03 11:00:00,31.75,Gomti Nagar,79.0,50.034215033029156
2026-01-03 12:00:00,38.25,Gomti Nagar,63.75,56.72255422577525
2026-01-03 13:00:00,38.5,Gomti Nagar,68.0,61.044319948074374
2026-01-03 14:00:00,37.0,Gomti Nagar,63.5,61.6606823373613
2026-01-03 15:00:00,35.75,Gomti Nagar,65.75,60.33621322210541
2026-01-03 16:00:00,43.5,Gomti Nagar,69.5,54.72851639852274
2026-01-03 17:00:00,57.75,Gomti Nagar,71.0,60.65982047095759
2026-01-03 18:00:00,80.0,Gomti Nagar,93.75,63.92187317605169
2026-01-03 19:00:00,100.25,Gomti Nagar,121.5,69.80950989997515
2026-01-03 20:00:00,128.25,Gomti Nagar,154.5,74.15728699978469
2026-01-03 21:00:00,123.25,Gomti Nagar,211.25,83.07505357471972
2026-01-03 22:00:00,91.5,Gomti Nagar,160.0,83.1983411772487
2026-01-03 23:00:00,80.0,Gomti Nagar,125.25,75.36288978475227
2026-01-04 00:00:00,77.25,Gomti Nagar,102.0,64.54107995133005
2026-01-04 01:00:00,73.25,Gomti Nagar,99.75,60.07432701672881
2026-01-04 02:00:00,67.75,Gomti Nagar,97.25,52.160934325573656
2026-01-04 03:00:00,64.5,Gomti Nagar,92.75,48.956849333358875
2026-01-04 04:00:00,66.75,Gomti Nagar,87.75,47.002803621618256
2026-01-04 05:00:00,59.25,Gomti Nagar,75.75,48.776042656958204
2026-01-04 06:00:00,65.0,Gomti Nagar,70.5,48.85551540272311
2026-01-04 07:00:00,72.25,Gomti Nagar,75.75,50.0289283335088
2026-01-04 08:00:00,97.5,Gomti Nagar,94.5,51.52429334735165
2026-01-04 09:00:00,108.0,Gomti Nagar,95.0,47.66096701310008
2026-01-04 10:00:00,100.25,Gomti Nagar,74.75,46.343502984912014
2026-01-04 11:00:00,79.0,Gomti Nagar,71.75,55.74823073322903
2026-01-04 12:00:00,63.75,Gomti Nagar,68.5,59.978447400805855
2026-01-04 13:00:00,68.0,Gomti Nagar,65.5,56.68275494296249
2026-01-04 14:00:00,63.5,Gomti Nagar,57.25,55.117314923033675
2026-01-04 15:00:00,65.75,Gomti Nagar,61.25,55.522684837273346
2026-01-04 16:00:00,69.5,Gomti Nagar,62.75,56.634487705325846
2026-01-04 17:00:00,71.0,Gomti Nagar,68.25,67.16724373261873
2026-01-04 18:00:00,93.75,Gomti Nagar,79.5,85.56301905889399
2026-01-04 19:00:00,121.5,Gomti Nagar,86.25,89.93791259241051
2026-01-04 20:00:00,154.5,Gomti Nagar,83.5,110.3306570616536
2026-01-04 21:00:00,211.25,Gomti Nagar,84.75,117.54680515964235
2026-01-04 22:00:00,160.0,Gomti Nagar,85.0,109.66626563668525
2026-01-04 23:00:00,125.25,Gomti Nagar,75.25,99.63574883047959
2026-01-05 00:00:00,102.0,Gomti Nagar,68.0,91.83337190325591
2026-01-05 01:00:00,99.75,Gomti Nagar,60.75,84.62259993003947
2026-01-05 02:00:00,97.25,Gomti Nagar,57.5,76.83315065394821
2026-01-05 03:00:00,92.75,Gomti Nagar,53.0,78.37288956087458
2026-01-05 04:00:00,87.75,Gomti Nagar,53.75,81.52053463408865
2026-01-05 05:00:00,75.75,Gomti Nagar,56.75,87.20705639745316
2026-01-05 06:00:00,70.5,Gomti Nagar,58.75,102.23669212601547
2026-01-05 07:00:00,75.75,Gomti Nagar,55.5,97.36682095504605
2026-01-05 08:00:00,94.5,Gomti Nagar,57.5,96.21793746600348
2026-01-05 09:00:00,95.0,Gomti Nagar,66.0,96.85065611959438
2026-01-05 10:00:00,74.75,Gomti Nagar,75.75,94.43814701152245
2026-01-05 11:00:00,71.75,Gomti Nagar,84.75,86.25981874114301
2026-01-05 12:00:00,68.5,Gomti Nagar,92.5,75.4446303722806
2026-01-05 13:00:00,65.5,Gomti Nagar,99.25,73.0152614453719
2026-01-05 14:00:00,57.25,Gomti Nagar,89.5,71.37056061393051
2026-01-05 15:00:00,61.25,Gomti Nagar,87.0,74.02638859936367
2026-01-05 16:00:00,62.75,Gomti Nagar,87.75,76.44546021867795
2026-01-05 17:00:00,68.25,Gomti Nagar,89.0,81.07415025571134
2026-01-05 18:00:00,79.5,Gomti Nagar,103.33,88.25419367390244
2026-01-05 19:00:00,86.25,Gomti Nagar,98.0,98.29165330655059
2026-01-05 20:00:00,83.5,Gomti Nagar,85.5,109.48026140712847
2026-01-05 21:00:00,84.75,Gomti Nagar,74.25,108.17439369775178
2026-01-05 22:00:00,85.0,Gomti Nagar,70.25,103.67882182971466
2026-01-05 23:00:00,75.25,Gomti Nagar,67.5,107.66215294142697
2026-01-06 00:00:00,68.0,Gomti Nagar,65.25,85.11713324057388
2026-01-06 01:00:00,60.75,Gomti Nagar,62.5,77.3355753837637
2026-01-06 02:00:00,57.5,Gomti Nagar,60.25,74.92971890699633
2026-01-06 03:00:00,53.0,Gomti Nagar,54.25,80.83708862138019
2026-01-06 04:00:00,53.75,Gomti Nagar,68.0,87.19200129722951
2026-01-06 05:00:00,56.75,Gomti Nagar,91.0,87.24311093027144
2026-01-06 06:00:00,58.75,Gomti Nagar,94.75,80.18634363460102
2026-01-06 07:00:00,55.5,Gomti Nagar,86.25,85.03785088004744
2026-01-06 08:00:00,57.5,Gomti Nagar,81.5,87.56572791839105
2026-01-06 09:00:00,66.0,Gomti Nagar,82.75,95.9628059874497
2026-01-06 10:00:00,75.75,Gomti Nagar,80.5,89.62226310061767
2026-01-06 11:00:00,84.75,Gomti Nagar,83.5,77.36877293768669
2026-01-06 12:00:00,92.5,Gomti Nagar,84.0,82.6037518306719
2026-01-06 13:00:00,99.25,Gomti Nagar,79.75,84.41072612241977
2026-01-06 14:00:00,89.5,Gomti Nagar,75.5,86.74535836099447
2026-01-06 15:00:00,87.0,Gomti Nagar,74.25,82.9545561207655
2026-01-06 16:00:00,87.75,Gomti Nagar,69.25,79.53252359342649
2026-01-06 17:00:00,89.0,Gomti Nagar,74.0,78.33210366820462
2026-01-06 18:00:00,103.33,Gomti Nagar,86.5,86.87289556098331
2026-01-06 19:00:00,98.0,Gomti Nagar,110.75,91.63823935411811
2026-01-06 20:00:00,85.5,Gomti Nagar,108.0,78.79571314705355
2026-01-06 21:00:00,74.25,Gomti Nagar,103.5,81.91133738233354
2026-01-06 22:00:00,70.25,Gomti Nagar,83.75,94.63901303357405
2026-01-06 23:00:00,67.5,Gomti Nagar,71.5,86.5176860839071
2026-01-07 00:00:00,65.25,Gomti Nagar,69.25,78.51090759541488
2026-01-07 01:00:00,62.5,Gomti Nagar,68.75,71.66830592827382
2026-01-07 02:00:00,60.25,Gomti Nagar,65.5,69.2135602758675
2026-01-07 03:00:00,54.25,Gomti Nagar,48.0,67.73586709551992
2026-01-07 04:00:00,68.0,Gomti Nagar,33.75,71.56360970599071
2026-01-07 05:00:00,91.0,Gomti Nagar,30.25,74.3581468286968
2026-01-07 06:00:00,94.75,Gomti Nagar,27.25,79.86916048117216
2026-01-07 07:00:00,86.25,Gomti Nagar,25.25,79.23592259191501
2026-01-07 08:00:00,81.5,Gomti Nagar,31.0,80.20052432707308
2026-01-07 09:00:00,82.75,Gomti Nagar,40.5,80.34941717256991
2026-01-07 10:00:00,80.5,Gomti Nagar,47.25,86.81522523296898
2026-01-07 11:00:00,83.5,Gomti Nagar,57.5,79.73617004788856
2026-01-07 12:00:00,84.0,Gomti Nagar,53.75,81.00970770753165
2026-01-07 13:00:00,79.75,Gomti Nagar,60.0,77.30977287826168
2026-01-07 14:00:00,75.5,Gomti Nagar,61.75,80.05313113623157
2026-01-07 15:00:00,74.25,Gomti Nagar,69.75,81.3309184115283
2026-01-07 16:00:00,69.25,Gomti Nagar,58.5,81.69916287580706
2026-01-07 17:00:00,74.0,Gomti Nagar,79.5,77.77736386191417
2026-01-07 18:00:00,86.5,Gomti Nagar,103.0,85.39730336555189
2026-01-07 19:00:00,110.75,Gomti Nagar,138.25,91.82905069526167
2026-01-07 20:00:00,108.0,Gomti Nagar,123.75,108.7871135423019
2026-01-07 21:00:00,103.5,Gomti Nagar,117.25,95.35578053122468
2026-01-07 22:00:00,83.75,Gomti Nagar,91.75,83.50760878315505
2026-01-07 23:00:00,71.5,Gomti Nagar,103.0,78.89693173255466
2026-01-08 00:00:00,69.25,Gomti Nagar,95.5,70.04071466487686
2026-01-08 01:00:00,68.75,Gomti Nagar,59.0,68.2526345174788
2026-01-08 02:00:00,65.5,Gomti Nagar,41.0,60.1614162396006
2026-01-08 03:00:00,48.0,Gomti Nagar,39.0,55.74013966076921
2026-01-08 04:00:00,33.75,Gomti Nagar,39.75,77.68154841593153
2026-01-08 05:00:00,30.25,Gomti Nagar,41.0,70.62505651352889
2026-01-08 06:00:00,27.25,Gomti Nagar,42.75,66.82886499043398
2026-01-08 07:00:00,25.25,Gomti Nagar,41.25,50.39542374684192
2026-01-08 08:00:00,31.0,Gomti Nagar,41.0,47.23855154924048
2026-01-08 09:00:00,40.5,Gomti Nagar,46.5,66.91925233589197
2026-01-08 10:00:00,47.25,Gomti Nagar,68.0,71.81112843601571
2026-01-08 11:00:00,57.5,Gomti Nagar,86.0,73.99063522599619
2026-01-08 12:00:00,53.75,Gomti Nagar,96.25,76.84529515998443
2026-01-08 13:00:00,60.0,Gomti Nagar,81.25,71.84440683026776
2026-01-08 14:00:00,61.75,Gomti Nagar,63.5,76.99064587436247
2026-01-08 15:00:00,69.75,Gomti Nagar,51.5,72.02688978255726
2026-01-08 16:00:00,58.5,Gomti Nagar,42.25,68.96493745255148
2026-01-08 17:00:00,79.5,Gomti Nagar,47.0,76.57930309791398
2026-01-08 18:00:00,103.0,Gomti Nagar,69.0,81.7583940035467
2026-01-08 19:00:00,138.25,Gomti Nagar,100.75,83.8941963428102
2026-01-08 20:00:00,123.75,Gomti Nagar,110.0,96.2698437173937
2026-01-08 21:00:00,117.25,Gomti Nagar,102.25,89.3411048006575
2026-01-08 22:00:00,91.75,Gomti Nagar,96.5,89.06243458573694
2026-01-08 23:00:00,103.0,Gomti Nagar,90.0,81.02172850850008
2026-01-09 00:00:00,95.5,Gomti Nagar,89.0,82.02458480371071
2026-01-09 01:00:00,59.0,Gomti Nagar,76.0,86.32954950871645
2026-01-09 02:00:00,41.0,Gomti Nagar,64.25,83.90988959888358
2026-01-09 03:00:00,39.0,Gomti Nagar,66.5,68.6114410302945
2026-01-09 04:00:00,39.75,Gomti Nagar,67.75,59.740788848092244
2026-01-09 05:00:00,41.0,Gomti Nagar,75.0,59.696571735831164
2026-01-09 06:00:00,42.75,Gomti Nagar,64.0,56.939471680641326
2026-01-09 07:00:00,41.25,Gomti Nagar,65.75,57.22601255863888
2026-01-09 08:00:00,41.0,Gomti Nagar,78.25,56.47343401285006
2026-01-09 09:00:00,46.5,Gomti Nagar,97.5,57.36129971354648
2026-01-09 10:00:00,68.0,Gomti Nagar,114.5,68.66418292750286
2026-01-09 11:00:00,86.0,Gomti Nagar,73.5,76.38935250937074
2026-01-09 12:00:00,96.25,Gomti Nagar,66.0,83.21915888031381
2026-01-09 13:00:00,81.25,Gomti Nagar,51.0,82.9324870706758
2026-01-09 14:00:00,63.5,Gomti Nagar,47.0,78.92407674698624
2026-01-09 15:00:00,51.5,Gomti Nagar,59.25,71.3454588126215
2026-01-09 16:00:00,42.25,Gomti Nagar,40.0,66.48932891966352
2026-01-09 17:00:00,47.0,Gomti Nagar,36.75,68.65411515507847
2026-01-09 18:00:00,69.0,Gomti Nagar,77.75,81.90889034762203
2026-01-09 19:00:00,100.75,Gomti Nagar,98.5,87.1055936511698
2026-01-09 20:00:00,110.0,Gomti Nagar,125.25,88.88080687583455
2026-01-09 21:00:00,102.25,Gomti Nagar,154.25,88.0625643019217
2026-01-09 22:00:00,96.5,Gomti Nagar,132.0,92.23634937059711
2026-01-09 23:00:00,90.0,Gomti Nagar,155.75,102.66036903274443
2026-01-10 00:00:00,89.0,Gomti Nagar,125.25,99.65905184872425
2026-01-10 01:00:00,76.0,Gomti Nagar,98.25,73.98715776847469
2026-01-10 02:00:00,64.25,Gomti Nagar,82.75,61.93978623731352
2026-01-10 03:00:00,66.5,Gomti Nagar,62.0,54.98642267785451
2026-01-10 04:00:00,67.75,Gomti Nagar,55.5,54.62766003776135
2026-01-10 05:00:00,75.0,Gomti Nagar,54.25,55.74237082333172
2026-01-10 06:00:00,64.0,Gomti Nagar,63.75,61.64345114934503
2026-01-10 07:00:00,65.75,Gomti Nagar,69.5,60.91070462123624
2026-01-10 08:00:00,78.25,Gomti Nagar,79.0,57.27411614567968
2026-01-10 09:00:00,97.5,Gomti Nagar,87.5,65.5918484741247
2026-01-10 10:00:00,114.5,Gomti Nagar,107.25,83.5866961425611
2026-01-10 11:00:00,73.5,Gomti Nagar,108.25,99.9938406644518
2026-01-10 12:00:00,66.0,Gomti Nagar,84.5,76.45142430584187
2026-01-10 13:00:00,51.0,Gomti Nagar,59.75,80.94226281881157
2026-01-10 14:00:00,47.0,Gomti Nagar,38.25,60.34256977238797
2026-01-10 15:00:00,59.25,Gomti Nagar,37.75,56.01024770393473
2026-01-10 16:00:00,40.0,Gomti Nagar,38.0,51.12343676727369
2026-01-10 17:00:00,36.75,Gomti Nagar,44.0,55.42581291298479
2026-01-10 18:00:00,77.75,Gomti Nagar,45.75,60.41484143236731
2026-01-10 19:00:00,98.5,Gomti Nagar,54.75,99.74189483086295
2026-01-10 20:00:00,125.25,Gomti Nagar,67.25,114.40726014686578
2026-01-10 21:00:00,154.25,Gomti Nagar,70.75,109.1425159430928
2026-01-10 22:00:00,132.0,Gomti Nagar,72.0,112.71380309835574
2026-01-10 23:00:00,155.75,Gomti Nagar,66.75,110.3784495287971
2026-01-11 00:00:00,125.25,Gomti Nagar,56.5,101.10381814836009
2026-01-11 01:00:00,98.25,Gomti Nagar,49.75,81.75397507364146
2026-01-11 02:00:00,82.75,Gomti Nagar,47.0,76.45377443037586
2026-01-11 03:00:00,62.0,Gomti Nagar,43.5,80.37626537545772
2026-01-11 04:00:00,55.5,Gomti Nagar,44.5,78.33190022734973
2026-01-11 05:00:00,54.25,Gomti Nagar,48.5,88.42203420531898
2026-01-11 06:00:00,63.75,Gomti Nagar,52.5,78.48885576571224
2026-01-11 07:00:00,69.5,Gomti Nagar,59.25,75.24343079055184
2026-01-11 08:00:00,79.0,Gomti Nagar,73.25,90.24691424736777
2026-01-11 09:00:00,87.5,Gomti Nagar,92.0,100.47661845182901
2026-01-11 10:00:00,107.25,Gomti Nagar,99.25,114.01069264653312
2026-01-11 11:00:00,108.25,Gomti Nagar,101.75,92.862870960515
2026-01-11 12:00:00,84.5,Gomti Nagar,82.0,79.85301270710725
2026-01-11 13:00:00,59.75,Gomti Nagar,60.75,69.58838552344702
2026-01-11 14:00:00,38.25,Gomti Nagar,48.25,59.36242235968933
2026-01-11 15:00:00,37.75,Gomti Nagar,45.5,48.08986353671112
2026-01-11 16:00:00,38.0,Gomti Nagar,37.25,45.81661667984371
2026-01-11 17:00:00,44.0,Gomti Nagar,46.0,49.83182051908593
2026-01-11 18:00:00,45.75,Gomti Nagar,63.0,66.32224899256633
2026-01-11 19:00:00,54.75,Gomti Nagar,82.5,82.83552620449328
2026-01-11 20:00:00,67.25,Gomti Nagar,97.25,88.75878674796337
2026-01-11 21:00:00,70.75,Gomti Nagar,111.25,94.42191969806042
2026-01-11 22:00:00,72.0,Gomti Nagar,112.5,93.26919407643372
2026-01-11 23:00:00,66.75,Gomti Nagar,106.0,92.32781711620858
2026-01-12 00:00:00,56.5,Gomti Nagar,94.5,84.98675576040019
2026-01-12 01:00:00,49.75,Gomti Nagar,90.5,69.55325491109738
2026-01-12 02:00:00,47.0,Gomti Nagar,79.5,61.86111074265517
2026-01-12 03:00:00,43.5,Gomti Nagar,69.25,61.51652803756517
2026-01-12 04:00:00,44.5,Gomti Nagar,64.0,54.85668861415538
2026-01-12 05:00:00,48.5,Gomti Nagar,64.75,55.40130448481761
2026-01-12 06:00:00,52.5,Gomti Nagar,68.5,59.823219507175125
2026-01-12 07:00:00,59.25,Gomti Nagar,75.0,64.68849021547155
2026-01-12 08:00:00,73.25,Gomti Nagar,88.25,77.13344547357269
2026-01-12 09:00:00,92.0,Gomti Nagar,87.5,83.09688187762889
2026-01-12 10:00:00,99.25,Gomti Nagar,91.5,103.15231536950445
2026-01-12 11:00:00,101.75,Gomti Nagar,83.25,85.84207457293607
2026-01-12 12:00:00,82.0,Gomti Nagar,69.75,74.0863898641962
2026-01-12 13:00:00,60.75,Gomti Nagar,61.0,73.45205166056752
2026-01-12 14:00:00,48.25,Gomti Nagar,51.5,56.856102350461576
2026-01-12 15:00:00,45.5,Gomti Nagar,57.5,51.7585122582238
2026-01-12 16:00:00,37.25,Gomti Nagar,40.25,57.52973726783348
2026-01-12 17:00:00,46.0,Gomti Nagar,43.25,52.31089165597203
2026-01-12 18:00:00,63.0,Gomti Nagar,61.0,58.2591537902656
2026-01-12 19:00:00,82.5,Gomti Nagar,77.0,75.37655531872903
2026-01-12 20:00:00,97.25,Gomti Nagar,88.5,89.56872725937215
2026-01-12 21:00:00,111.25,Gomti Nagar,106.75,95.65794294956747
2026-01-12 22:00:00,112.5,Gomti Nagar,121.25,97.33830322889257
2026-01-12 23:00:00,106.0,Gomti Nagar,140.5,89.4257882936019
2026-01-13 00:00:00,94.5,Gomti Nagar,112.75,79.57834309739623
2026-01-13 01:00:00,90.5,Gomti Nagar,114.25,74.44353409926761
2026-01-13 02:00:00,79.5,Gomti Nagar,91.5,68.23164387653802
2026-01-13 03:00:00,69.25,Gomti Nagar,73.75,56.103975624650765
2026-01-13 04:00:00,64.0,Gomti Nagar,66.0,51.69319189056788
2026-01-13 05:00:00,64.75,Gomti Nagar,68.0,56.26922554826489
2026-01-13 06:00:00,68.5,Gomti Nagar,74.25,61.05329589066387
2026-01-13 07:00:00,75.0,Gomti Nagar,74.5,64.03250580792324
2026-01-13 08:00:00,88.25,Gomti Nagar,87.25,74.49560862592483
2026-01-13 09:00:00,87.5,Gomti Nagar,109.25,98.44336087423257
2026-01-13 10:00:00,91.5,Gomti Nagar,105.0,100.1065575451936
2026-01-13 11:00:00,83.25,Gomti Nagar,84.0,102.16695649063878
2026-01-13 12:00:00,69.75,Gomti Nagar,62.0,87.76587294960693
2026-01-13 13:00:00,61.0,Gomti Nagar,47.75,61.681743635196725
2026-01-13 14:00:00,51.5,Gomti Nagar,45.25,55.02490661974397
2026-01-13 15:00:00,57.5,Gomti Nagar,42.5,50.59274152289604
2026-01-13 16:00:00,40.25,Gomti Nagar,43.0,52.8385006027345
2026-01-13 17:00:00,43.25,Gomti Nagar,42.25,50.61268213420945
2026-01-13 18:00:00,61.0,Gomti Nagar,61.75,56.09546058699577
2026-01-13 19:00:00,77.0,Gomti Nagar,77.0,76.03685754785299
2026-01-13 20:00:00,88.5,Gomti Nagar,83.25,85.41509883814858
2026-01-13 21:00:00,106.75,Gomti Nagar,101.0,102.09216365357592
2026-01-13 22:00:00,121.25,Gomti Nagar,106.33,107.3309485824064
2026-01-13 23:00:00,140.5,Gomti Nagar,114.0,102.89361405619307
2026-01-14 00:00:00,112.75,Gomti Nagar,92.25,102.06608170286268
2026-01-14 01:00:00,114.25,Gomti Nagar,105.5,94.13981661218676
2026-01-14 02:00:00,91.5,Gomti Nagar,86.25,86.70235132560721
2026-01-14 03:00:00,73.75,Gomti Nagar,68.25,81.02360125628248
2026-01-14 04:00:00,66.0,Gomti Nagar,65.25,71.37083800525266
2026-01-14 05:00:00,68.0,Gomti Nagar,66.75,66.3013486938195
2026-01-14 06:00:00,74.25,Gomti Nagar,68.75,73.53270466867158
2026-01-14 07:00:00,74.5,Gomti Nagar,100.5,88.79127777381485
2026-01-14 08:00:00,87.25,Gomti Nagar,261.0,84.50363806338979
2026-01-14 09:00:00,109.25,Gomti Nagar,152.25,101.21900504947854
2026-01-14 10:00:00,105.0,Gomti Nagar,122.5,102.81848138758065
2026-01-14 11:00:00,84.0,Gomti Nagar,100.0,107.51638120131766
2026-01-14 12:00:00,62.0,Gomti Nagar,92.75,77.41706745931795
2026-01-14 13:00:00,47.75,Gomti Nagar,78.0,63.21621436825686
2026-01-14 14:00:00,45.25,Gomti Nagar,55.25,54.99548921062507
2026-01-14 15:00:00,42.5,Gomti Nagar,58.75,53.365427265206215
2026-01-14 16:00:00,43.0,Gomti Nagar,53.5,48.566185659681
2026-01-14 17:00:00,42.25,Gomti Nagar,60.5,51.453570139985395
2026-01-14 18:00:00,61.75,Gomti Nagar,81.0,58.70514641641388
2026-01-14 19:00:00,77.0,Gomti Nagar,89.25,83.85466285809483
2026-01-14 20:00:00,83.25,Gomti Nagar,124.0,86.10363118938281
2026-01-14 21:00:00,101.0,Gomti Nagar,146.75,107.75521546759376
2026-01-14 22:00:00,106.33,Gomti Nagar,142.0,122.03621796213352
2026-01-14 23:00:00,114.0,Gomti Nagar,101.25,120.06182184265522
2026-01-15 00:00:00,92.25,Gomti Nagar,83.0,96.95771208862116
2026-01-15 01:00:00,105.5,Gomti Nagar,83.75,79.79128680183753
2026-01-15 02:00:00,86.25,Gomti Nagar,91.0,76.94605367581059
2026-01-15 03:00:00,68.25,Gomti Nagar,91.75,79.99148707256373
2026-01-15 04:00:00,65.25,Gomti Nagar,84.25,69.45941865669755
2026-01-15 05:00:00,66.75,Gomti Nagar,84.75,70.14664384076039
2026-01-15 06:00:00,68.75,Gomti Nagar,89.5,79.72145032678141
2026-01-15 07:00:00,100.5,Gomti Nagar,86.5,82.24577333310357
2026-01-15 08:00:00,261.0,Gomti Nagar,78.75,95.51590815579067
2026-01-15 09:00:00,152.25,Gomti Nagar,81.5,112.90729395938385
2026-01-15 10:00:00,122.5,Gomti Nagar,99.5,97.95846462812555
2026-01-15 11:00:00,100.0,Gomti Nagar,112.25,89.71873253654036
2026-01-15 12:00:00,92.75,Gomti Nagar,116.5,65.67392529430035
2026-01-15 13:00:00,78.0,Gomti Nagar,113.0,64.43710280460543
2026-01-15 14:00:00,55.25,Gomti Nagar,106.0,50.79684224151385
2026-01-15 15:00:00,58.75,Gomti Nagar,110.25,46.659794384528
2026-01-15 16:00:00,53.5,Gomti Nagar,78.75,47.96188741289316
2026-01-15 17:00:00,60.5,Gomti Nagar,78.25,49.59869385503319
2026-01-15 18:00:00,81.0,Gomti Nagar,104.25,65.45768915157758
2026-01-15 19:00:00,89.25,Gomti Nagar,136.75,87.17786042780538
2026-01-15 20:00:00,124.0,Gomti Nagar,159.25,93.57761041069249
2026-01-15 21:00:00,146.75,Gomti Nagar,268.0,99.80394066515308
2026-01-15 22:00:00,142.0,Gomti Nagar,284.25,102.33892104901514
2026-01-15 23:00:00,101.25,Gomti Nagar,285.0,102.2219353419411
2026-01-16 00:00:00,83.0,Gomti Nagar,284.75,98.37647868425724
2026-01-16 01:00:00,83.75,Gomti Nagar,284.75,95.6468120029146
2026-01-16 02:00:00,91.0,Gomti Nagar,284.75,78.39008781592013
2026-01-16 03:00:00,91.75,Gomti Nagar,284.5,70.40502730707402
2026-01-16 04:00:00,84.25,Gomti Nagar,284.75,68.59006632886985
2026-01-16 05:00:00,84.75,Gomti Nagar,284.75,75.43659897548177
2026-01-16 06:00:00,89.5,Gomti Nagar,284.75,80.58767928391903
2026-01-16 07:00:00,86.5,Gomti Nagar,284.75,94.22052998713076
2026-01-16 08:00:00,78.75,Gomti Nagar,91.75,103.7966835449829
2026-01-16 09:00:00,81.5,Gomti Nagar,52.5,97.0966225237512
2026-01-16 10:00:00,99.5,Gomti Nagar,37.25,97.63049856204246
2026-01-16 11:00:00,112.25,Gomti Nagar,123.75,92.05324978455052
2026-01-16 12:00:00,116.5,Gomti Nagar,203.0,90.8120368227338
2026-01-16 13:00:00,113.0,Gomti Nagar,235.0,90.69836902815094
2026-01-16 14:00:00,106.0,Gomti Nagar,96.75,72.19507165701208
2026-01-16 15:00:00,110.25,Gomti Nagar,53.0,67.45183341456989
2026-01-16 16:00:00,78.75,Gomti Nagar,55.0,69.5641587741106
2026-01-16 17:00:00,78.25,Gomti Nagar,53.25,67.81361756045223
2026-01-16 18:00:00,104.25,Gomti Nagar,58.25,79.6100276006628
2026-01-16 19:00:00,136.75,Gomti Nagar,71.25,89.41736001643498
2026-01-16 20:00:00,159.25,Gomti Nagar,109.5,109.85691838297974
2026-01-16 21:00:00,268.0,Gomti Nagar,120.25,117.81465033022906
2026-01-16 22:00:00,284.25,Gomti Nagar,140.0,106.37828832820979
2026-01-16 23:00:00,285.0,Gomti Nagar,119.25,107.32673110182859
2026-01-17 00:00:00,284.75,Gomti Nagar,119.5,99.02248956193584
2026-01-17 01:00:00,284.75,Gomti Nagar,128.25,92.28182060589188
2026-01-17 02:00:00,284.75,Gomti Nagar,145.5,91.31183121112005
2026-01-17 03:00:00,284.5,Gomti Nagar,124.0,96.247406998187
2026-01-17 04:00:00,284.75,Gomti Nagar,117.5,93.13368513431014
2026-01-17 05:00:00,284.75,Gomti Nagar,218.5,88.64954189560441
2026-01-17 06:00:00,284.75,Gomti Nagar,234.5,91.38392497558
2026-01-17 07:00:00,284.75,Gomti Nagar,114.0,92.39021489621491
2026-01-17 08:00:00,91.75,Gomti Nagar,57.75,99.04454702380947
2026-01-17 09:00:00,52.5,Gomti Nagar,65.25,95.75378347727981
2026-01-17 10:00:00,37.25,Gomti Nagar,91.25,95.08118074498556
2026-01-17 13:00:00,235.0,Gomti Nagar,51.5,98.68376365079365
2026-01-17 14:00:00,96.75,Gomti Nagar,41.5,95.66903752645509
2026-01-17 15:00:00,53.0,Gomti Nagar,38.25,90.46164808201063
2026-01-17 16:00:00,55.0,Gomti Nagar,32.75,72.6185646601486
2026-01-17 17:00:00,53.25,Gomti Nagar,40.0,74.00989507656351
2026-01-17 18:00:00,58.25,Gomti Nagar,56.0,82.58938866561095
2026-01-17 19:00:00,71.25,Gomti Nagar,58.0,86.28242480859555
2026-01-17 20:00:00,109.5,Gomti Nagar,74.5,85.1358462205387
2026-01-17 21:00:00,120.25,Gomti Nagar,61.25,105.81141349206348
2026-01-17 22:00:00,140.0,Gomti Nagar,112.25,101.3042309523809
2026-01-17 23:00:00,119.25,Gomti Nagar,81.5,123.55974646999442
2026-01-18 00:00:00,119.5,Gomti Nagar,90.75,118.0999891750209
2026-01-18 01:00:00,128.25,Gomti Nagar,50.0,113.51782613269289
2026-01-18 02:00:00,145.5,Gomti Nagar,35.25,114.41381163614165
2026-01-18 03:00:00,124.0,Gomti Nagar,32.25,85.96160202336652
2026-01-18 04:00:00,117.5,Gomti Nagar,32.75,86.71615019278968
2026-01-18 05:00:00,218.5,Gomti Nagar,36.5,83.12621704260656
2026-01-18 06:00:00,234.5,Gomti Nagar,34.25,87.3873674150119
2026-01-18 07:00:00,114.0,Gomti Nagar,47.5,102.45916054232802
2026-01-18 08:00:00,57.75,Gomti Nagar,64.0,99.24459527777778
2026-01-18 09:00:00,65.25,Gomti Nagar,76.5,62.362196086860905
2026-01-18 10:00:00,91.25,Gomti Nagar,61.5,54.249251698126706
2026-01-18 11:00:00,,Gomti Nagar,44.25,110.94104550264548
2026-01-21 13:00:00,60.75,Gomti Nagar,54.75,63.63364399818912
2026-01-21 14:00:00,28.75,Gomti Nagar,42.75,57.24393887887235
2026-01-21 15:00:00,28.25,Gomti Nagar,40.0,45.056583072902576
2026-01-21 16:00:00,29.0,Gomti Nagar,36.5,44.18724417120937
2026-01-21 17:00:00,33.5,Gomti Nagar,36.0,44.66920275398987
2026-01-21 18:00:00,35.75,Gomti Nagar,49.0,49.950452087740125
2026-01-21 19:00:00,48.25,Gomti Nagar,64.0,53.469079030080906
2026-01-21 20:00:00,81.25,Gomti Nagar,100.0,79.76903984839969
2026-01-21 21:00:00,80.75,Gomti Nagar,133.75,106.86880256548388
2026-01-21 22:00:00,99.5,Gomti Nagar,131.75,98.1477975920073
2026-01-21 23:00:00,106.25,Gomti Nagar,103.75,94.8661514430637
2026-01-22 00:00:00,115.75,Gomti Nagar,83.5,84.56326635227656
2026-01-22 01:00:00,104.75,Gomti Nagar,68.75,93.01466577605946
2026-01-22 02:00:00,76.75,Gomti Nagar,54.0,80.63622939514188
2026-01-22 03:00:00,47.75,Gomti Nagar,43.25,62.30722663985317
2026-01-22 04:00:00,53.5,Gomti Nagar,44.5,56.85253944275008
2026-01-22 05:00:00,55.5,Gomti Nagar,52.75,53.96783229949837
2026-01-22 06:00:00,56.75,Gomti Nagar,50.5,53.093961106058195
2026-01-22 07:00:00,57.0,Gomti Nagar,52.75,56.740478579604435
2026-01-22 08:00:00,76.0,Gomti Nagar,58.25,66.44782712498814
2026-01-22 09:00:00,90.25,Gomti Nagar,67.75,85.56272596745582
2026-01-22 10:00:00,90.75,Gomti Nagar,69.0,88.45193237218126
2026-01-22 11:00:00,83.25,Gomti Nagar,64.75,84.19607963550557
2026-01-22 12:00:00,62.75,Gomti Nagar,60.5,75.9786290724117
2026-01-22 13:00:00,54.75,Gomti Nagar,48.75,63.077190591571394
2026-01-22 14:00:00,42.75,Gomti Nagar,41.0,45.267476541859104
2026-01-22 15:00:00,40.0,Gomti Nagar,42.75,53.676886475965084
2026-01-22 16:00:00,36.5,Gomti Nagar,45.5,49.7208009972124
2026-01-22 17:00:00,36.0,Gomti Nagar,51.25,49.998078856377475
2026-01-22 18:00:00,49.0,Gomti Nagar,185.0,50.331146208883375
2026-01-22 19:00:00,64.0,Gomti Nagar,77.5,69.90228087225714
2026-01-22 20:00:00,100.0,Gomti Nagar,63.25,82.52536226522511
2026-01-22 21:00:00,133.75,Gomti Nagar,60.0,106.68167580178937
2026-01-22 22:00:00,131.75,Gomti Nagar,53.75,109.17137754759018
2026-01-22 23:00:00,103.75,Gomti Nagar,50.0,110.90906109593698
2026-01-23 00:00:00,83.5,Gomti Nagar,50.75,99.08850536690808
2026-01-23 01:00:00,68.75,Gomti Nagar,45.75,94.62969582952213
2026-01-23 02:00:00,54.0,Gomti Nagar,41.5,88.93028673198143
2026-01-23 03:00:00,43.25,Gomti Nagar,34.0,56.15882749435773
2026-01-23 04:00:00,44.5,Gomti Nagar,29.5,53.835594678111455
2026-01-23 05:00:00,52.75,Gomti Nagar,23.5,56.58109046490941
2026-01-23 06:00:00,50.5,Gomti Nagar,23.75,60.25563742389101
2026-01-23 07:00:00,52.75,Gomti Nagar,23.25,58.65901069733931
2026-01-23 08:00:00,58.25,Gomti Nagar,29.0,92.33530819926447
2026-01-23 09:00:00,67.75,Gomti Nagar,35.75,108.6166096153117
2026-01-23 10:00:00,69.0,Gomti Nagar,39.5,95.23346754934987
2026-01-23 11:00:00,64.75,Gomti Nagar,40.75,84.10990314089918
2026-01-23 12:00:00,60.5,Gomti Nagar,37.5,69.17191981379914
2026-01-23 13:00:00,48.75,Gomti Nagar,40.5,61.08689135884751
2026-01-23 14:00:00,41.0,Gomti Nagar,29.0,54.29495767837991
2026-01-23 15:00:00,42.75,Gomti Nagar,27.0,49.629258280643
2026-01-23 16:00:00,45.5,Gomti Nagar,27.0,53.10642697072618
2026-01-23 17:00:00,51.25,Gomti Nagar,34.75,61.18924722258351
2026-01-23 18:00:00,185.0,Gomti Nagar,55.0,56.99586216145445
2026-01-23 19:00:00,77.5,Gomti Nagar,71.75,103.49437946200042
2026-01-23 20:00:00,63.25,Gomti Nagar,69.0,98.24135626461624
2026-01-23 21:00:00,60.0,Gomti Nagar,59.5,94.7447244077045
2026-01-23 22:00:00,53.75,Gomti Nagar,45.0,92.55894081795114
2026-01-23 23:00:00,50.0,Gomti Nagar,36.0,97.23075901055074
2026-01-24 00:00:00,50.75,Gomti Nagar,32.5,80.42473675698417
2026-01-24 01:00:00,45.75,Gomti Nagar,26.75,74.47663932414714
2026-01-24 02:00:00,41.5,Gomti Nagar,23.25,59.30357523106073
2026-01-24 03:00:00,34.0,Gomti Nagar,18.5,53.22611861822623
2026-01-24 04:00:00,29.5,Gomti Nagar,18.75,50.6460169954948
2026-01-24 05:00:00,23.5,Gomti Nagar,18.0,50.81146134207714
2026-01-24 06:00:00,23.75,Gomti Nagar,19.0,41.96835925765535
2026-01-24 07:00:00,23.25,Gomti Nagar,20.75,44.017352473619674
2026-01-24 08:00:00,29.0,Gomti Nagar,27.0,43.48737256358618
2026-01-24 09:00:00,35.75,Gomti Nagar,28.0,46.96022073459461
2026-01-24 10:00:00,39.5,Gomti Nagar,30.5,47.63934829071238
2026-01-24 11:00:00,40.75,Gomti Nagar,26.5,52.591917032401426
2026-01-24 12:00:00,37.5,Gomti Nagar,22.5,53.56095491721215
2026-01-24 13:00:00,40.5,Gomti Nagar,25.5,48.38476702240001
2026-01-24 14:00:00,29.0,Gomti Nagar,23.25,52.56332940198164
2026-01-24 15:00:00,27.0,Gomti Nagar,26.5,46.60479882051263
2026-01-24 16:00:00,27.0,Gomti Nagar,20.75,42.46513012909562
2026-01-24 17:00:00,34.75,Gomti Nagar,18.25,41.3879983511354
2026-01-24 18:00:00,55.0,Gomti Nagar,25.0,45.970383627534645
2026-01-24 19:00:00,71.75,Gomti Nagar,27.75,68.02501952352705
2026-01-24 20:00:00,69.0,Gomti Nagar,33.25,68.46781052143976
2026-01-24 21:00:00,59.5,Gomti Nagar,43.75,62.80774717231782
2026-01-24 22:00:00,45.0,Gomti Nagar,42.25,60.93303973101425
2026-01-24 23:00:00,36.0,Gomti Nagar,49.75,70.85214652675691
2026-01-25 00:00:00,32.5,Gomti Nagar,37.0,47.24650350291763
2026-01-25 01:00:00,26.75,Gomti Nagar,34.0,43.57916209898855
2026-01-25 02:00:00,23.25,Gomti Nagar,30.5,37.84985367225219
2026-01-25 03:00:00,18.5,Gomti Nagar,30.0,34.649769784332115
2026-01-25 04:00:00,18.75,Gomti Nagar,30.75,31.620112609709636
2026-01-25 05:00:00,18.0,Gomti Nagar,29.25,29.98796925226919
2026-01-25 06:00:00,19.0,Gomti Nagar,29.5,30.444634476218404
2026-01-25 07:00:00,20.75,Gomti Nagar,30.0,30.203962107941273
2026-01-25 08:00:00,27.0,Gomti Nagar,48.25,30.41134727224092
2026-01-25 09:00:00,28.0,Gomti Nagar,57.25,37.19880362144727
2026-01-25 10:00:00,30.5,Gomti Nagar,44.75,32.54288582949352
2026-01-25 13:00:00,25.5,Gomti Nagar,33.0,30.908900507360794
2026-01-25 14:00:00,23.25,Gomti Nagar,24.25,35.187412763217814
2026-01-25 15:00:00,26.5,Gomti Nagar,19.5,29.585240812745408
2026-01-25 16:00:00,20.75,Gomti Nagar,18.25,33.30473940314548
2026-01-25 17:00:00,18.25,Gomti Nagar,21.5,27.829043352204888
2026-01-25 18:00:00,25.0,Gomti Nagar,27.25,29.62435590901187
2026-01-25 19:00:00,27.75,Gomti Nagar,43.0,35.1839122957051
2026-01-25 20:00:00,33.25,Gomti Nagar,52.0,40.93979924337359
2026-01-25 21:00:00,43.75,Gomti Nagar,62.0,53.43615126017345
2026-01-25 22:00:00,42.25,Gomti Nagar,57.5,66.06599849145779
2026-01-25 23:00:00,49.75,Gomti Nagar,57.75,61.53839796124389
2026-01-26 00:00:00,37.0,Gomti Nagar,59.75,53.016102966015474
2026-01-26 01:00:00,34.0,Gomti Nagar,44.0,40.97629529148772
2026-01-26 02:00:00,30.5,Gomti Nagar,36.75,38.02420986513527
2026-01-26 03:00:00,30.0,Gomti Nagar,43.75,39.36387872408625
2026-01-26 04:00:00,30.75,Gomti Nagar,41.25,39.22336860503863
2026-01-26 05:00:00,29.25,Gomti Nagar,45.75,40.00705829393905
2026-01-26 06:00:00,29.5,Gomti Nagar,42.5,41.87506876422689
2026-01-26 07:00:00,30.0,Gomti Nagar,47.25,39.3637991400912
2026-01-26 08:00:00,48.25,Gomti Nagar,73.25,55.612871718555276
2026-01-26 09:00:00,57.25,Gomti Nagar,89.25,48.42828773547045
2026-01-26 10:00:00,44.75,Gomti Nagar,77.0,50.430877569190066
2026-01-26 11:00:00,36.75,Gomti Nagar,70.5,41.08985049056759
2026-01-26 12:00:00,33.25,Gomti Nagar,58.75,37.86408649982163
2026-01-26 13:00:00,33.0,Gomti Nagar,43.75,36.75049927597272
2026-01-26 14:00:00,24.25,Gomti Nagar,39.5,36.186491903311236
2026-01-26 15:00:00,19.5,Gomti Nagar,39.75,29.652620286514352
2026-01-26 16:00:00,18.25,Gomti Nagar,45.25,28.37253329801881
2026-01-26 17:00:00,21.5,Gomti Nagar,56.5,30.3479913241583
2026-01-26 18:00:00,27.25,Gomti Nagar,60.5,32.19839948023104
2026-01-26 19:00:00,43.0,Gomti Nagar,74.67,38.186306250701314
2026-01-26 20:00:00,52.0,Gomti Nagar,80.5,55.58010539799183
2026-01-26 21:00:00,62.0,Gomti Nagar,60.5,68.82497921177767
2026-01-26 22:00:00,57.5,Gomti Nagar,52.0,57.50846551398335
2026-01-26 23:00:00,57.75,Gomti Nagar,49.25,61.63522448771764
2026-01-27 00:00:00,59.75,Gomti Nagar,45.5,52.73104860710176
2026-01-27 01:00:00,44.0,Gomti Nagar,43.25,52.95548242750169
2026-01-27 02:00:00,36.75,Gomti Nagar,31.0,45.815536614714155
2026-01-27 03:00:00,43.75,Gomti Nagar,26.75,44.096464583317584
2026-01-27 04:00:00,41.25,Gomti Nagar,31.25,44.50654218861004
2026-01-27 05:00:00,45.75,Gomti Nagar,10.5,42.933565624119254
2026-01-27 06:00:00,42.5,Gomti Nagar,5.5,53.444134191424475
2026-01-27 07:00:00,47.25,Gomti Nagar,5.0,46.9545945048978
2026-01-27 08:00:00,73.25,Gomti Nagar,6.0,48.32126550320878
2026-01-27 09:00:00,89.25,Gomti Nagar,8.0,65.44946508341222
2026-01-27 10:00:00,77.0,Gomti Nagar,6.0,56.06019996334327
2026-01-27 11:00:00,70.5,Gomti Nagar,7.75,55.50076675360718
2026-01-27 12:00:00,58.75,Gomti Nagar,8.0,53.09187998218144
2026-01-27 13:00:00,43.75,Gomti Nagar,8.75,50.74883203324013
2026-01-27 14:00:00,39.5,Gomti Nagar,8.25,47.777730530597374
2026-01-27 15:00:00,39.75,Gomti Nagar,7.25,49.83888705094845
2026-01-27 16:00:00,45.25,Gomti Nagar,9.5,52.406587874129514
2026-01-27 17:00:00,56.5,Gomti Nagar,14.25,52.720036494362496
2026-01-27 18:00:00,60.5,Gomti Nagar,16.75,47.493898492103504
2026-01-27 19:00:00,74.67,Gomti Nagar,25.5,60.911066342757074
2026-01-27 20:00:00,80.5,Gomti Nagar,29.5,84.2497802088956
2026-01-27 21:00:00,60.5,Gomti Nagar,34.25,86.7486716330467
2026-01-27 22:00:00,52.0,Gomti Nagar,28.0,77.03872338766357
2026-01-27 23:00:00,49.25,Gomti Nagar,29.25,77.3013845472235
2026-01-28 00:00:00,45.5,Gomti Nagar,27.25,65.16611051555361
2026-01-28 01:00:00,43.25,Gomti Nagar,25.0,63.14631187647769
2026-01-28 02:00:00,31.0,Gomti Nagar,19.75,53.52283258292873
2026-01-28 03:00:00,26.75,Gomti Nagar,18.25,45.47791691685609
2026-01-28 04:00:00,31.25,Gomti Nagar,17.25,37.831212469621136
2026-01-28 05:00:00,10.5,Gomti Nagar,15.25,46.61121299699415
2026-01-28 06:00:00,5.5,Gomti Nagar,19.0,33.93473639948357
2026-01-28 07:00:00,5.0,Gomti Nagar,26.5,42.54230760407963
2026-01-28 08:00:00,6.0,Gomti Nagar,32.0,41.289045558393845
2026-01-28 09:00:00,8.0,Gomti Nagar,41.25,43.9449230006105
2026-01-28 10:00:00,6.0,Gomti Nagar,57.25,44.49955846799278
2026-01-28 11:00:00,7.75,Gomti Nagar,53.0,41.744904484127
2026-01-28 12:00:00,8.0,Gomti Nagar,39.25,41.66512748886107
2026-01-28 13:00:00,8.75,Gomti Nagar,32.75,34.10505755300987
2026-01-28 14:00:00,8.25,Gomti Nagar,32.0,30.16249699336015
2026-01-28 15:00:00,7.25,Gomti Nagar,32.0,28.453883073978844
2026-01-28 16:00:00,9.5,Gomti Nagar,31.25,28.829986887403994
2026-01-28 17:00:00,14.25,Gomti Nagar,31.75,33.61344317889691
2026-01-28 18:00:00,16.75,Gomti Nagar,36.5,34.3535211001642
2026-01-28 19:00:00,25.5,Gomti Nagar,38.5,32.02302678571428
2026-01-28 20:00:00,29.5,Gomti Nagar,37.75,44.14655729584628
2026-01-28 21:00:00,34.25,Gomti Nagar,36.25,184.28537501649552
2026-01-28 22:00:00,28.0,Gomti Nagar,32.5,151.35536507181308
2026-01-28 23:00:00,29.25,Gomti Nagar,28.5,49.004542185529175
2026-01-29 00:00:00,27.25,Gomti Nagar,28.0,116.37402739792714
2026-01-29 01:00:00,25.0,Gomti Nagar,29.0,38.83904346674775
2026-01-29 02:00:00,19.75,Gomti Nagar,33.5,29.332536919231384
2026-01-29 03:00:00,18.25,Gomti Nagar,33.25,27.884196681288472
2026-01-29 04:00:00,17.25,Gomti Nagar,36.5,29.73823316924899
2026-01-29 05:00:00,15.25,Gomti Nagar,40.5,30.538926442338525
2026-01-29 06:00:00,19.0,Gomti Nagar,33.75,30.880622284364513
2026-01-29 07:00:00,26.5,Gomti Nagar,44.25,31.87906637561242
2026-01-29 08:00:00,32.0,Gomti Nagar,43.0,37.64801559687272
2026-01-29 09:00:00,41.25,Gomti Nagar,45.25,41.931391796547295
2026-01-29 10:00:00,57.25,Gomti Nagar,47.75,45.939404205966966
2026-01-29 11:00:00,53.0,Gomti Nagar,49.0,40.39825382275131
2026-01-29 12:00:00,39.25,Gomti Nagar,44.5,39.96125917213897
2026-01-29 13:00:00,32.75,Gomti Nagar,39.5,40.41540255061824
2026-01-29 14:00:00,32.0,Gomti Nagar,39.0,36.37127829084571
2026-01-29 15:00:00,32.0,Gomti Nagar,46.75,36.648960824598795
2026-01-29 16:00:00,31.25,Gomti Nagar,39.25,36.70881578606453
2026-01-29 17:00:00,31.75,Gomti Nagar,33.75,38.35299483031645
2026-01-29 18:00:00,36.5,Gomti Nagar,31.5,41.25441692119369
2026-01-29 19:00:00,38.5,Gomti Nagar,37.0,40.374131230446466
2026-01-29 20:00:00,37.75,Gomti Nagar,42.25,52.49718710047841
2026-01-29 21:00:00,36.25,Gomti Nagar,37.75,46.59644189106282
2026-01-29 22:00:00,32.5,Gomti Nagar,37.0,43.545618783761334
2026-01-29 23:00:00,28.5,Gomti Nagar,37.0,43.03955652431117
2026-01-30 00:00:00,28.0,Gomti Nagar,38.0,32.30686929720549
2026-01-30 01:00:00,29.0,Gomti Nagar,37.25,31.392738491158806
2026-01-30 02:00:00,33.5,Gomti Nagar,49.25,37.22046344314361
2026-01-30 03:00:00,33.25,Gomti Nagar,42.25,38.94143990112178
2026-01-30 04:00:00,36.5,Gomti Nagar,39.25,38.650821390945914
2026-01-30 05:00:00,40.5,Gomti Nagar,33.0,39.79781021724902
2026-01-30 06:00:00,33.75,Gomti Nagar,35.5,40.88462501929633
2026-01-30 07:00:00,44.25,Gomti Nagar,19.25,38.462870844514356
2026-01-30 08:00:00,43.0,Gomti Nagar,26.5,42.49895617777135
2026-01-30 09:00:00,45.25,Gomti Nagar,33.25,47.296826281861996
2026-01-30 10:00:00,47.75,Gomti Nagar,46.0,51.793005866733225
2026-01-30 11:00:00,49.0,Gomti Nagar,50.5,55.73372370657589
2026-01-30 12:00:00,44.5,Gomti Nagar,46.75,44.817944124917766
2026-01-30 13:00:00,39.5,Gomti Nagar,44.25,41.263741576440886
2026-01-30 14:00:00,39.0,Gomti Nagar,44.75,37.043637829150065
2026-01-30 15:00:00,46.75,Gomti Nagar,48.0,36.37196489890812
2026-01-30 16:00:00,39.25,Gomti Nagar,47.75,41.68881134329023
2026-01-30 17:00:00,33.75,Gomti Nagar,43.75,37.97931508305532
2026-01-30 18:00:00,31.5,Gomti Nagar,48.5,38.174420773848375
2026-01-30 19:00:00,37.0,Gomti Nagar,70.75,41.50700658123107
2026-01-30 20:00:00,42.25,Gomti Nagar,79.25,43.706811352984445
2026-01-30 21:00:00,37.75,Gomti Nagar,76.5,50.011862951865886
2026-01-30 22:00:00,37.0,Gomti Nagar,86.5,45.36697005681195
2026-01-30 23:00:00,37.0,Gomti Nagar,83.0,44.49733587487937
2026-01-31 00:00:00,38.0,Gomti Nagar,84.5,39.61835480694264
2026-01-31 01:00:00,37.25,Gomti Nagar,81.5,40.78095401269567
2026-01-31 02:00:00,49.25,Gomti Nagar,64.5,40.23708266741453
2026-01-31 03:00:00,42.25,Gomti Nagar,61.0,44.8120672212447
2026-01-31 04:00:00,39.25,Gomti Nagar,52.25,41.97026582870188
2026-01-31 05:00:00,33.0,Gomti Nagar,45.0,40.51181126991526
2026-01-31 06:00:00,35.5,Gomti Nagar,46.5,36.57573768956724
2026-01-31 07:00:00,19.25,Gomti Nagar,49.75,44.98471890075492
2026-01-31 08:00:00,26.5,Gomti Nagar,62.25,34.709007062359795
2026-01-31 09:00:00,33.25,Gomti Nagar,63.25,38.32378415695344
2026-01-31 10:00:00,46.0,Gomti Nagar,64.0,39.03620010300735
2026-01-31 11:00:00,50.5,Gomti Nagar,71.75,55.13500585653092
2026-01-31 12:00:00,46.75,Gomti Nagar,60.75,56.94363616154409
2026-01-31 13:00:00,44.25,Gomti Nagar,50.0,54.55983120427348
2026-01-31 14:00:00,44.75,Gomti Nagar,40.25,46.05933239929481
2026-01-31 15:00:00,48.0,Gomti Nagar,44.25,49.90901648942419
2026-01-31 16:00:00,47.75,Gomti Nagar,52.0,50.6261719376893
2026-01-31 17:00:00,43.75,Gomti Nagar,39.75,49.26272194123833
2026-01-31 18:00:00,48.5,Gomti Nagar,38.0,50.70701892859749
2026-01-31 19:00:00,70.75,Gomti Nagar,64.25,62.05469892274728
2026-01-31 20:00:00,79.25,Gomti Nagar,95.75,66.17836644250421
2026-01-31 21:00:00,76.5,Gomti Nagar,104.25,66.62890876685272
2026-01-31 22:00:00,86.5,Gomti Nagar,116.25,72.08297647709237
2026-01-31 23:00:00,83.0,Gomti Nagar,86.25,69.54846175776647
2026-02-01 00:00:00,84.5,Gomti Nagar,86.25,61.8347953316198
2026-02-01 01:00:00,81.5,Gomti Nagar,85.25,67.78441549247417
2026-02-01 02:00:00,64.5,Gomti Nagar,70.25,59.096920570685676
2026-02-01 03:00:00,61.0,Gomti Nagar,55.75,58.827510890333976
2026-02-01 04:00:00,52.25,Gomti Nagar,48.75,56.32964496852983
2026-02-01 05:00:00,45.0,Gomti Nagar,47.25,50.45867985112779
2026-02-01 06:00:00,46.5,Gomti Nagar,44.5,45.26681480633085
2026-02-01 07:00:00,49.75,Gomti Nagar,51.0,53.33121063692052
2026-02-01 08:00:00,62.25,Gomti Nagar,60.0,48.19461966809776
2026-02-01 09:00:00,63.25,Gomti Nagar,64.75,55.20554022356111
2026-02-01 10:00:00,64.0,Gomti Nagar,68.0,64.4964516583669
2026-02-01 11:00:00,71.75,Gomti Nagar,63.0,62.14504583998654
2026-02-01 12:00:00,60.75,Gomti Nagar,54.25,58.82195420108089
2026-02-01 13:00:00,50.0,Gomti Nagar,40.0,56.328112042575064
2026-02-01 14:00:00,40.25,Gomti Nagar,30.0,53.22866308236555
2026-02-01 15:00:00,44.25,Gomti Nagar,35.0,46.65554980232539
2026-02-01 16:00:00,52.0,Gomti Nagar,30.75,48.34869829785646
2026-02-01 17:00:00,39.75,Gomti Nagar,23.0,51.581545649476105
2026-02-01 18:00:00,38.0,Gomti Nagar,30.75,50.119074941417566
2026-02-01 19:00:00,64.25,Gomti Nagar,50.25,54.43096528236881
2026-02-01 20:00:00,95.75,Gomti Nagar,54.0,68.86457587410601
2026-02-01 21:00:00,104.25,Gomti Nagar,50.5,81.37459975502142
2026-02-01 22:00:00,116.25,Gomti Nagar,55.25,81.47884310947585
2026-02-01 23:00:00,86.25,Gomti Nagar,44.75,84.73965519700981
2026-02-02 00:00:00,86.25,Gomti Nagar,49.75,72.62503014898545
2026-02-02 01:00:00,85.25,Gomti Nagar,46.5,77.44265759059573
2026-02-02 02:00:00,70.25,Gomti Nagar,47.75,77.72575421370416
2026-02-02 03:00:00,55.75,Gomti Nagar,46.25,65.22549741371373
2026-02-02 04:00:00,48.75,Gomti Nagar,43.75,54.99289677360992
2026-02-02 05:00:00,47.25,Gomti Nagar,44.75,53.34411450718451
2026-02-02 06:00:00,44.5,Gomti Nagar,45.0,51.19550832773554
2026-02-02 07:00:00,51.0,Gomti Nagar,39.5,55.12068728048212
2026-02-02 08:00:00,60.0,Gomti Nagar,45.0,55.502580374086534
2026-02-02 09:00:00,64.75,Gomti Nagar,56.5,69.07396802091277
2026-02-02 10:00:00,68.0,Gomti Nagar,82.5,67.10222806783725
2026-02-02 11:00:00,63.0,Gomti Nagar,33.5,68.43700177664076
2026-02-02 12:00:00,54.25,Gomti Nagar,28.5,65.43654173491176
2026-02-02 13:00:00,40.0,Gomti Nagar,19.5,55.924291553001325
2026-02-02 14:00:00,30.0,Gomti Nagar,17.0,45.007983204602525
2026-02-02 15:00:00,35.0,Gomti Nagar,10.0,40.58381124803336
2026-02-02 16:00:00,30.75,Gomti Nagar,10.75,43.51115014137506
2026-02-02 17:00:00,23.0,Gomti Nagar,17.0,40.754500276946814
2026-02-02 18:00:00,30.75,Gomti Nagar,26.75,41.0548183040514
2026-02-02 19:00:00,50.25,Gomti Nagar,81.0,41.29512150924212
2026-02-02 20:00:00,54.0,Gomti Nagar,72.5,64.57672479908925
2026-02-02 21:00:00,50.5,Gomti Nagar,77.75,65.72874388505174
2026-02-02 22:00:00,55.25,Gomti Nagar,65.0,64.37070562575093
2026-02-02 23:00:00,44.75,Gomti Nagar,54.25,68.84497504849045
2026-02-03 00:00:00,49.75,Gomti Nagar,37.25,57.632092397157585
2026-02-03 01:00:00,46.5,Gomti Nagar,41.0,54.934897686224296
2026-02-03 02:00:00,47.75,Gomti Nagar,50.0,51.802230502065505
2026-02-03 03:00:00,46.25,Gomti Nagar,47.0,50.19310276694567
2026-02-03 04:00:00,43.75,Gomti Nagar,42.75,44.22634514099543
2026-02-03 05:00:00,44.75,Gomti Nagar,34.25,48.7733664789888
2026-02-03 06:00:00,45.0,Gomti Nagar,31.25,45.26537886284407
2026-02-03 07:00:00,39.5,Gomti Nagar,30.75,66.6792730732599
2026-02-03 08:00:00,45.0,Gomti Nagar,30.0,46.10924867773836
2026-02-03 09:00:00,56.5,Gomti Nagar,25.5,85.0118536425786
2026-02-03 10:00:00,82.5,Gomti Nagar,32.0,59.84881707206798
2026-02-03 11:00:00,33.5,Gomti Nagar,30.25,70.7101294786587
2026-02-03 12:00:00,28.5,Gomti Nagar,28.25,41.680021712672634
2026-02-03 13:00:00,19.5,Gomti Nagar,30.5,42.35311699827046
2026-02-03 14:00:00,17.0,Gomti Nagar,28.25,31.881862170086933
2026-02-03 15:00:00,10.0,Gomti Nagar,21.75,33.78168194591608
2026-02-03 16:00:00,10.75,Gomti Nagar,15.75,33.816243986027544
2026-02-03 17:00:00,17.0,Gomti Nagar,21.0,33.12416931216932
2026-02-03 18:00:00,26.75,Gomti Nagar,23.75,36.08519690303656
2026-02-03 19:00:00,81.0,Gomti Nagar,44.75,45.059863433259906
2026-02-03 20:00:00,72.5,Gomti Nagar,61.0,76.58724251526657
2026-02-03 21:00:00,77.75,Gomti Nagar,70.0,75.4524517340784
2026-02-03 22:00:00,65.0,Gomti Nagar,73.5,84.68779607951807
2026-02-03 23:00:00,54.25,Gomti Nagar,50.5,66.48531810213602
2026-02-04 00:00:00,37.25,Gomti Nagar,40.0,53.75410317099118
2026-02-04 01:00:00,41.0,Gomti Nagar,42.5,42.29555639901747
2026-02-04 02:00:00,50.0,Gomti Nagar,46.5,44.2342514762071
2026-02-04 03:00:00,47.0,Gomti Nagar,51.25,85.8283220105475
2026-02-04 04:00:00,42.75,Gomti Nagar,58.0,82.31383984783157
2026-02-04 05:00:00,34.25,Gomti Nagar,64.25,44.77605732856629
2026-02-04 06:00:00,31.25,Gomti Nagar,71.0,39.546665760712095
2026-02-04 07:00:00,30.75,Gomti Nagar,64.25,38.100718814922445
2026-02-04 08:00:00,30.0,Gomti Nagar,51.0,35.54688678138745
2026-02-04 09:00:00,25.5,Gomti Nagar,50.0,36.481079995592275
2026-02-04 10:00:00,32.0,Gomti Nagar,58.75,39.102775146606064
2026-02-04 11:00:00,30.25,Gomti Nagar,54.75,40.330738032261166
2026-02-04 12:00:00,28.25,Gomti Nagar,46.25,40.24574268939974
2026-02-04 13:00:00,30.5,Gomti Nagar,36.25,28.72282249071482
2026-02-04 14:00:00,28.25,Gomti Nagar,28.0,38.37542434697004
2026-02-04 15:00:00,21.75,Gomti Nagar,23.5,34.26346036596061
2026-02-04 16:00:00,15.75,Gomti Nagar,30.75,31.484397378901054
2026-02-04 17:00:00,21.0,Gomti Nagar,28.0,34.10231322786691
2026-02-04 18:00:00,23.75,Gomti Nagar,40.33,40.76906275889143
2026-02-04 19:00:00,44.75,Gomti Nagar,53.5,37.84153581282264
2026-02-04 20:00:00,61.0,Gomti Nagar,79.25,53.29607761803147
2026-02-04 21:00:00,70.0,Gomti Nagar,74.5,70.48626829985771
2026-02-04 22:00:00,73.5,Gomti Nagar,53.25,60.614396438582745
2026-02-04 23:00:00,50.5,Gomti Nagar,55.25,64.16400286463796
2026-02-05 00:00:00,40.0,Gomti Nagar,52.5,52.2425015902479
2026-02-05 01:00:00,42.5,Gomti Nagar,43.5,50.80288012814023
2026-02-05 02:00:00,46.5,Gomti Nagar,41.25,47.07515729420687
2026-02-05 03:00:00,51.25,Gomti Nagar,35.0,48.198084712677144
2026-02-05 04:00:00,58.0,Gomti Nagar,34.75,49.12233701786431
2026-02-05 05:00:00,64.25,Gomti Nagar,33.25,53.08046231813385
2026-02-05 06:00:00,71.0,Gomti Nagar,31.25,54.07241058773948
2026-02-05 07:00:00,64.25,Gomti Nagar,39.25,55.406770545391964
2026-02-05 08:00:00,51.0,Gomti Nagar,56.5,49.756987229608036
2026-02-05 09:00:00,50.0,Gomti Nagar,66.0,46.511846674430736
2026-02-05 10:00:00,58.75,Gomti Nagar,58.25,47.57428234297844
2026-02-05 11:00:00,54.75,Gomti Nagar,52.75,47.84758751605231
2026-02-05 12:00:00,46.25,Gomti Nagar,45.0,44.293124713100944
2026-02-05 13:00:00,36.25,Gomti Nagar,34.5,54.42753133048361
2026-02-05 14:00:00,28.0,Gomti Nagar,29.5,42.59254938777216
2026-02-05 15:00:00,23.5,Gomti Nagar,36.0,53.47916884231378
2026-02-05 16:00:00,30.75,Gomti Nagar,36.0,53.90326557276939
2026-02-05 17:00:00,28.0,Gomti Nagar,63.75,41.21652462119191
2026-02-05 18:00:00,40.33,Gomti Nagar,51.0,41.82921698069186
2026-02-05 19:00:00,53.5,Gomti Nagar,57.5,53.0439580726231
2026-02-05 20:00:00,79.25,Gomti Nagar,82.0,68.40648231793475
2026-02-05 21:00:00,74.5,Gomti Nagar,103.25,73.57605455745664
2026-02-05 22:00:00,53.25,Gomti Nagar,126.75,67.62656099943409
2026-02-05 23:00:00,55.25,Gomti Nagar,91.75,65.47067324591706
2026-02-06 00:00:00,52.5,Gomti Nagar,66.0,58.25378410343384
2026-02-06 01:00:00,43.5,Gomti Nagar,50.0,53.83524575973406
2026-02-06 02:00:00,41.25,Gomti Nagar,42.75,47.572622902443115
2026-02-06 03:00:00,35.0,Gomti Nagar,37.75,45.76375286024336
2026-02-06 04:00:00,34.75,Gomti Nagar,35.25,44.41470669732311
2026-02-06 05:00:00,33.25,Gomti Nagar,40.75,44.76029042645995
2026-02-06 06:00:00,31.25,Gomti Nagar,49.0,43.79832795397191
2026-02-06 07:00:00,39.25,Gomti Nagar,52.75,45.20548926126518
2026-02-06 08:00:00,56.5,Gomti Nagar,59.75,45.26886637525263
2026-02-06 09:00:00,66.0,Gomti Nagar,61.0,63.83117590849917
2026-02-06 10:00:00,58.25,Gomti Nagar,53.5,61.23097180735677
2026-02-06 11:00:00,52.75,Gomti Nagar,50.5,54.50202676200725
2026-02-06 12:00:00,45.0,Gomti Nagar,46.5,46.74062268550235
2026-02-06 13:00:00,34.5,Gomti Nagar,40.0,41.37059821918879
2026-02-06 14:00:00,29.5,Gomti Nagar,39.75,36.83935333293459
2026-02-06 15:00:00,36.0,Gomti Nagar,40.0,39.240081496624605
2026-02-06 16:00:00,36.0,Gomti Nagar,42.5,37.498147022457786
2026-02-06 17:00:00,63.75,Gomti Nagar,45.0,39.646446011032715
2026-02-06 18:00:00,51.0,Gomti Nagar,47.75,55.54565439374344
2026-02-06 19:00:00,57.5,Gomti Nagar,67.0,59.23007609325147
2026-02-06 20:00:00,82.0,Gomti Nagar,72.5,65.2473553870909
2026-02-06 21:00:00,103.25,Gomti Nagar,71.25,80.30559789835041
2026-02-06 22:00:00,126.75,Gomti Nagar,72.75,76.91325110053327
2026-02-06 23:00:00,91.75,Gomti Nagar,65.25,76.1909428292679
2026-02-07 00:00:00,66.0,Gomti Nagar,68.25,74.3746162948105
2026-02-07 01:00:00,50.0,Gomti Nagar,47.5,74.00317185376932
2026-02-07 02:00:00,42.75,Gomti Nagar,36.0,53.35212642189367
2026-02-07 03:00:00,37.75,Gomti Nagar,35.0,49.01554619355686
2026-02-07 04:00:00,35.25,Gomti Nagar,38.5,45.86556723780878
2026-02-07 05:00:00,40.75,Gomti Nagar,40.75,42.402874729275936
2026-02-07 06:00:00,49.0,Gomti Nagar,46.25,47.31298600435771
2026-02-07 07:00:00,52.75,Gomti Nagar,48.5,51.094471046667365
2026-02-07 08:00:00,59.75,Gomti Nagar,59.25,55.73555989972043
2026-02-07 09:00:00,61.0,Gomti Nagar,65.25,66.00858896438267
2026-02-07 10:00:00,53.5,Gomti Nagar,60.0,65.62197657514511
2026-02-07 11:00:00,50.5,Gomti Nagar,57.25,57.624763966268326
2026-02-07 12:00:00,46.5,Gomti Nagar,38.0,52.55078827913045
2026-02-07 13:00:00,40.0,Gomti Nagar,27.25,55.76949990553881
2026-02-07 14:00:00,39.75,Gomti Nagar,32.25,45.546653481652655
2026-02-07 15:00:00,40.0,Gomti Nagar,34.0,44.974263864547076
2026-02-07 16:00:00,42.5,Gomti Nagar,37.5,45.92168869676754
2026-02-07 17:00:00,45.0,Gomti Nagar,33.75,53.05925731767795
2026-02-07 18:00:00,47.75,Gomti Nagar,43.5,53.4704312891311
2026-02-07 19:00:00,67.0,Gomti Nagar,58.5,64.95983246615177
2026-02-07 20:00:00,72.5,Gomti Nagar,74.25,73.58455365384022
2026-02-07 21:00:00,71.25,Gomti Nagar,77.75,74.48021180545076
2026-02-07 22:00:00,72.75,Gomti Nagar,79.75,72.35429844753148
2026-02-07 23:00:00,65.25,Gomti Nagar,95.5,70.1523996043406
2026-02-08 00:00:00,68.25,Gomti Nagar,94.5,65.75858930155181
2026-02-08 01:00:00,47.5,Gomti Nagar,135.5,56.98746428666429
2026-02-08 02:00:00,36.0,Gomti Nagar,122.75,52.70285777421243
2026-02-08 03:00:00,35.0,Gomti Nagar,82.5,49.27649937746889
2026-02-08 04:00:00,38.5,Gomti Nagar,73.5,51.827784009653875
2026-02-08 05:00:00,40.75,Gomti Nagar,62.25,47.87035096956745
2026-02-08 06:00:00,46.25,Gomti Nagar,62.75,50.61632909998636
2026-02-08 07:00:00,48.5,Gomti Nagar,64.75,54.76296775767432
2026-02-08 08:00:00,59.25,Gomti Nagar,87.75,62.23271017764386
2026-02-08 09:00:00,65.25,Gomti Nagar,96.75,71.57175444612182
2026-02-08 10:00:00,60.0,Gomti Nagar,66.5,71.85931616387968
2026-02-08 11:00:00,57.25,Gomti Nagar,43.75,62.92702148864186
2026-02-08 12:00:00,38.0,Gomti Nagar,42.75,58.99701155844901
2026-02-08 13:00:00,27.25,Gomti Nagar,41.25,46.28204201924034
2026-02-08 14:00:00,32.25,Gomti Nagar,26.0,42.94230665003428
2026-02-08 15:00:00,34.0,Gomti Nagar,21.5,44.63615182897238
2026-02-08 16:00:00,37.5,Gomti Nagar,21.0,43.72768395032154
2026-02-08 17:00:00,33.75,Gomti Nagar,26.5,42.25248725839404
2026-02-08 18:00:00,43.5,Gomti Nagar,35.75,48.52463369666354
2026-02-08 19:00:00,58.5,Gomti Nagar,49.0,65.0283368225331
2026-02-08 20:00:00,74.25,Gomti Nagar,63.25,66.70511830172393
2026-02-08 21:00:00,77.75,Gomti Nagar,64.5,74.5240593534242
2026-02-08 22:00:00,79.75,Gomti Nagar,65.25,77.68271510648795
2026-02-08 23:00:00,95.5,Gomti Nagar,71.25,76.39372669787508
2026-02-09 00:00:00,94.5,Gomti Nagar,78.0,77.85709109575743
2026-02-09 01:00:00,135.5,Gomti Nagar,66.0,71.8923338347353
2026-02-09 02:00:00,122.75,Gomti Nagar,66.5,64.47133886365037
2026-02-09 03:00:00,82.5,Gomti Nagar,68.0,60.79021574289311
2026-02-09 04:00:00,73.5,Gomti Nagar,65.5,65.94462977614445
2026-02-09 05:00:00,62.25,Gomti Nagar,67.5,63.62498466308709
2026-02-09 06:00:00,62.75,Gomti Nagar,87.0,54.29158320989877
2026-02-09 07:00:00,64.75,Gomti Nagar,78.5,56.191568985704095
2026-02-09 08:00:00,87.75,Gomti Nagar,96.25,63.85658696437464
2026-02-09 09:00:00,96.75,Gomti Nagar,140.0,81.36957759045572
2026-02-09 10:00:00,66.5,Gomti Nagar,139.0,82.77528803057666
2026-02-09 11:00:00,43.75,Gomti Nagar,66.75,61.92312027129255
2026-02-09 12:00:00,42.75,Gomti Nagar,58.5,48.70094762410525
2026-02-09 13:00:00,41.25,Gomti Nagar,46.0,48.59777623639386
2026-02-09 14:00:00,26.0,Gomti Nagar,34.5,45.84329565886742
2026-02-09 15:00:00,21.5,Gomti Nagar,35.75,45.02179493773851
2026-02-09 16:00:00,21.0,Gomti Nagar,33.25,41.045996052802515
2026-02-09 17:00:00,26.5,Gomti Nagar,32.0,40.907191412903124
2026-02-09 18:00:00,35.75,Gomti Nagar,42.0,41.979458270894334
2026-02-09 19:00:00,49.0,Gomti Nagar,81.25,45.38034161639489
2026-02-09 20:00:00,63.25,Gomti Nagar,71.25,71.36384599494089
2026-02-09 21:00:00,64.5,Gomti Nagar,70.0,72.99174316464918
2026-02-09 22:00:00,65.25,Gomti Nagar,73.5,67.18694773365964
2026-02-09 23:00:00,71.25,Gomti Nagar,65.25,65.53993986897773
2026-02-10 00:00:00,78.0,Gomti Nagar,65.75,62.394019349220436
2026-02-10 01:00:00,66.0,Gomti Nagar,68.75,72.51421407540043
2026-02-10 02:00:00,66.5,Gomti Nagar,61.0,64.64764531137442
2026-02-10 03:00:00,68.0,Gomti Nagar,57.25,65.76660806477312
2026-02-10 04:00:00,65.5,Gomti Nagar,55.25,62.17758145538028
2026-02-10 05:00:00,67.5,Gomti Nagar,57.75,60.29683839324241
2026-02-10 06:00:00,87.0,Gomti Nagar,64.0,61.90814216148037
2026-02-10 07:00:00,78.5,Gomti Nagar,77.25,71.39480013520298
2026-02-10 08:00:00,96.25,Gomti Nagar,81.25,71.06675326393409
2026-02-10 09:00:00,140.0,Gomti Nagar,85.75,77.4084793311114
2026-02-10 10:00:00,139.0,Gomti Nagar,80.5,82.83228463395075
2026-02-10 11:00:00,66.75,Gomti Nagar,76.5,63.05779455655748
2026-02-10 12:00:00,58.5,Gomti Nagar,74.75,63.16376038765656
2026-02-10 13:00:00,46.0,Gomti Nagar,55.0,58.21517140138129
2026-02-10 14:00:00,34.5,Gomti Nagar,42.5,48.4942371622916
2026-02-10 15:00:00,35.75,Gomti Nagar,37.5,45.425922216141586
2026-02-10 16:00:00,33.25,Gomti Nagar,40.5,43.54685522150094
2026-02-10 17:00:00,32.0,Gomti Nagar,39.5,41.644770432019996
2026-02-10 18:00:00,42.0,Gomti Nagar,46.25,41.48053900347621
2026-02-10 19:00:00,81.25,Gomti Nagar,69.75,56.73611317874625
2026-02-10 20:00:00,71.25,Gomti Nagar,92.0,87.37461482875591
2026-02-10 21:00:00,70.0,Gomti Nagar,99.25,84.09717300872452
2026-02-10 22:00:00,73.5,Gomti Nagar,100.0,83.49434561801374
2026-02-10 23:00:00,65.25,Gomti Nagar,94.0,84.81164392539478
2026-02-11 00:00:00,65.75,Gomti Nagar,88.0,80.49197419994715
2026-02-11 09:00:00,85.75,Gomti Nagar,75.5,96.5913578727354
2026-02-11 10:00:00,80.5,Gomti Nagar,80.25,100.92847514194112
2026-02-11 11:00:00,76.5,Gomti Nagar,75.0,71.93148475462158
2026-02-11 12:00:00,74.75,Gomti Nagar,64.25,62.891722981027414
2026-02-11 13:00:00,55.0,Gomti Nagar,53.25,54.111010306078356
2026-02-11 14:00:00,42.5,Gomti Nagar,45.75,52.47368784163661
2026-02-11 15:00:00,37.5,Gomti Nagar,45.75,53.20619608832883
2026-02-11 16:00:00,40.5,Gomti Nagar,42.5,48.10852515171716
2026-02-11 17:00:00,39.5,Gomti Nagar,35.0,48.80106553785859
2026-02-11 18:00:00,46.25,Gomti Nagar,38.0,50.25359477496805
2026-02-11 19:00:00,69.75,Gomti Nagar,58.75,64.77105318322718
2026-02-11 20:00:00,92.0,Gomti Nagar,66.25,74.2013370718368
2026-02-11 21:00:00,99.25,Gomti Nagar,75.0,84.0462745089461
2026-02-11 22:00:00,100.0,Gomti Nagar,93.33,80.30307484054799
2026-02-11 23:00:00,94.0,Gomti Nagar,95.25,85.91829658391096
2026-02-12 00:00:00,88.0,Gomti Nagar,94.5,78.9352770648585
2026-02-12 01:00:00,,Gomti Nagar,66.75,82.70966381465492
2026-02-15 09:00:00,100.0,Gomti Nagar,95.25,94.68662802343624
2026-02-15 10:00:00,84.5,Gomti Nagar,75.75,91.66149388602878
2026-02-15 11:00:00,73.25,Gomti Nagar,76.5,83.97054053603073
2026-02-15 12:00:00,68.5,Gomti Nagar,71.75,67.89751198765258
2026-02-15 13:00:00,63.0,Gomti Nagar,57.0,57.50448245028554
2026-02-15 14:00:00,51.75,Gomti Nagar,45.5,54.16792330272424
2026-02-15 15:00:00,45.5,Gomti Nagar,38.75,51.03797426819428
2026-02-15 16:00:00,39.75,Gomti Nagar,33.5,57.36763905317835
2026-02-15 17:00:00,43.5,Gomti Nagar,42.5,49.45166129418661
2026-02-15 18:00:00,57.0,Gomti Nagar,46.75,51.17729512625656
2026-02-15 19:00:00,80.75,Gomti Nagar,56.5,69.42654990697781
2026-02-15 20:00:00,77.0,Gomti Nagar,63.25,84.37680372433066
2026-02-15 21:00:00,107.75,Gomti Nagar,98.75,84.21625413664935
2026-02-15 22:00:00,113.25,Gomti Nagar,192.75,89.97697236448587
2026-02-15 23:00:00,100.0,Gomti Nagar,206.25,97.78382388134042
2026-02-16 00:00:00,92.0,Gomti Nagar,192.25,85.49939442812808
2026-02-16 01:00:00,86.0,Gomti Nagar,149.25,92.78416137858575
2026-02-16 02:00:00,67.5,Gomti Nagar,103.0,86.25636629493768
2026-02-16 03:00:00,69.0,Gomti Nagar,89.5,68.30711661563394
2026-02-16 04:00:00,61.25,Gomti Nagar,93.75,71.51040958615283
2026-02-16 05:00:00,55.75,Gomti Nagar,71.5,57.73448342351751
2026-02-16 06:00:00,71.5,Gomti Nagar,68.0,57.682959321311436
2026-02-16 07:00:00,73.25,Gomti Nagar,75.5,67.82448803222738
2026-02-16 08:00:00,100.75,Gomti Nagar,100.5,74.30125930456654
2026-02-16 09:00:00,95.25,Gomti Nagar,144.75,95.64522283959037
2026-02-16 10:00:00,75.75,Gomti Nagar,116.5,91.17596315263422
2026-02-16 11:00:00,76.5,Gomti Nagar,107.5,65.94247750545938
2026-02-16 12:00:00,71.75,Gomti Nagar,70.75,65.02750727126839
2026-02-16 13:00:00,57.0,Gomti Nagar,58.0,58.664378678107596
2026-02-16 14:00:00,45.5,Gomti Nagar,42.25,52.06357456124586
2026-02-16 15:00:00,38.75,Gomti Nagar,39.0,53.386971870964366
2026-02-16 16:00:00,33.5,Gomti Nagar,30.25,49.67403235589374
2026-02-16 17:00:00,42.5,Gomti Nagar,42.0,50.45594631125858
2026-02-16 18:00:00,46.75,Gomti Nagar,57.0,54.69581826547772
2026-02-16 19:00:00,56.5,Gomti Nagar,56.5,68.1554755806807
2026-02-16 20:00:00,63.25,Gomti Nagar,101.0,72.98147755976927
2026-02-16 21:00:00,98.75,Gomti Nagar,96.0,75.49011111955419
2026-02-16 22:00:00,192.75,Gomti Nagar,139.0,97.59159266366974
2026-02-16 23:00:00,206.25,Gomti Nagar,120.0,111.90886785190645
2026-02-17 00:00:00,192.25,Gomti Nagar,91.0,91.91854377685644
2026-02-17 01:00:00,149.25,Gomti Nagar,63.5,75.84797116096372
2026-02-17 02:00:00,103.0,Gomti Nagar,85.25,71.92569836062346
2026-02-17 03:00:00,89.5,Gomti Nagar,117.0,66.08599509818697
2026-02-17 04:00:00,93.75,Gomti Nagar,99.5,70.2436826353435
2026-02-17 05:00:00,71.5,Gomti Nagar,107.25,67.68574647213981
2026-02-17 06:00:00,68.0,Gomti Nagar,126.5,72.34669614205434
2026-02-17 07:00:00,75.5,Gomti Nagar,118.25,72.8113379189387
2026-02-17 08:00:00,100.5,Gomti Nagar,65.75,77.48686624563315
2026-02-17 09:00:00,144.75,Gomti Nagar,81.5,93.05010887865159
2026-02-17 10:00:00,116.5,Gomti Nagar,72.75,94.97137990047355
2026-02-17 11:00:00,107.5,Gomti Nagar,57.0,86.74511029709917
2026-02-17 12:00:00,70.75,Gomti Nagar,42.0,80.53378509213013
2026-02-17 13:00:00,58.0,Gomti Nagar,34.75,66.8140824867105
2026-02-17 14:00:00,42.25,Gomti Nagar,27.0,53.7670987119188
2026-02-17 15:00:00,39.0,Gomti Nagar,29.5,46.16008829552545
2026-02-17 16:00:00,30.25,Gomti Nagar,29.0,44.388341722060616
2026-02-17 17:00:00,42.0,Gomti Nagar,27.25,43.234536224035
2026-02-17 18:00:00,57.0,Gomti Nagar,30.5,51.13458314424251
2026-02-17 19:00:00,56.5,Gomti Nagar,45.75,72.70246888830908
2026-02-17 20:00:00,101.0,Gomti Nagar,51.75,75.97552506178252
2026-02-17 21:00:00,96.0,Gomti Nagar,47.25,95.8070885822086
2026-02-17 22:00:00,139.0,Gomti Nagar,47.0,97.89258988617208
2026-02-17 23:00:00,120.0,Gomti Nagar,48.75,92.92414540868846
2026-02-18 00:00:00,91.0,Gomti Nagar,47.0,94.28584809177396
2026-02-18 01:00:00,63.5,Gomti Nagar,38.25,76.3528494101585
2026-02-18 02:00:00,85.25,Gomti Nagar,35.0,73.24234109556555
2026-02-18 03:00:00,117.0,Gomti Nagar,31.5,71.07517580642408
2026-02-18 04:00:00,99.5,Gomti Nagar,20.5,66.24666889726741
2026-02-18 05:00:00,107.25,Gomti Nagar,15.5,72.0539343689237
2026-02-18 06:00:00,126.5,Gomti Nagar,18.5,76.41735155766405
2026-02-18 07:00:00,118.25,Gomti Nagar,25.0,65.84967863884555
2026-02-18 08:00:00,65.75,Gomti Nagar,33.25,74.07163326339122
2026-02-18 09:00:00,81.5,Gomti Nagar,32.5,74.90568775732105
2026-02-18 10:00:00,72.75,Gomti Nagar,31.25,76.93288069859669
2026-02-18 11:00:00,57.0,Gomti Nagar,33.75,70.21926807160364
2026-02-18 12:00:00,42.0,Gomti Nagar,26.25,61.30298837847053
2026-02-18 13:00:00,34.75,Gomti Nagar,24.25,48.41138082078485
2026-02-18 14:00:00,27.0,Gomti Nagar,20.5,41.8971873480006
2026-02-18 15:00:00,29.5,Gomti Nagar,17.25,40.41752713632182
2026-02-18 16:00:00,29.0,Gomti Nagar,26.5,44.11027157242257
2026-02-18 17:00:00,27.25,Gomti Nagar,17.75,46.01920189737949
2026-02-18 18:00:00,30.5,Gomti Nagar,23.0,44.59956402364509
2026-02-18 19:00:00,45.75,Gomti Nagar,35.25,54.380240731334084
2026-02-18 20:00:00,51.75,Gomti Nagar,36.5,69.4536271682455
2026-02-18 21:00:00,47.25,Gomti Nagar,34.25,68.97720541038206
2026-02-18 22:00:00,47.0,Gomti Nagar,33.0,74.78484595242529
2026-02-18 23:00:00,48.75,Gomti Nagar,27.75,75.85204037337527
2026-02-19 00:00:00,47.0,Gomti Nagar,27.0,80.56852099641645
2026-02-19 09:00:00,32.5,Gomti Nagar,68.25,48.52101821869528
2026-02-19 10:00:00,31.25,Gomti Nagar,63.0,42.94467204210767
2026-02-19 11:00:00,33.75,Gomti Nagar,61.25,41.905756720281445
2026-02-19 12:00:00,26.25,Gomti Nagar,43.75,42.66125704691922
2026-02-19 13:00:00,24.25,Gomti Nagar,39.25,30.243667511088212
2026-02-19 14:00:00,20.5,Gomti Nagar,35.0,28.616243515312775
2026-02-19 15:00:00,17.25,Gomti Nagar,42.0,27.052854966171967
2026-02-19 16:00:00,26.5,Gomti Nagar,39.5,25.432803915249636
2026-02-19 17:00:00,17.75,Gomti Nagar,38.5,31.54788187072444
2026-02-19 18:00:00,23.0,Gomti Nagar,48.5,25.5492355653282
2026-02-19 19:00:00,35.25,Gomti Nagar,60.5,29.74207017637787
2026-02-19 20:00:00,36.5,Gomti Nagar,75.0,52.22542600614412
2026-02-19 21:00:00,34.25,Gomti Nagar,64.0,44.08154722380209
2026-02-19 22:00:00,33.0,Gomti Nagar,63.25,46.52791189737477
2026-02-19 23:00:00,27.75,Gomti Nagar,65.25,46.43970732959849
2026-02-20 00:00:00,27.0,Gomti Nagar,57.25,37.7404610058623
2026-02-20 01:00:00,23.5,Gomti Nagar,50.75,34.83745477354686
2026-02-20 02:00:00,26.5,Gomti Nagar,43.25,32.540482058854124
2026-02-20 03:00:00,25.25,Gomti Nagar,41.5,35.6337493298368
2026-02-20 04:00:00,18.25,Gomti Nagar,39.5,39.0602672199893
2026-02-20 05:00:00,16.0,Gomti Nagar,46.5,31.83979087361833
2026-02-20 06:00:00,29.75,Gomti Nagar,48.0,33.14763794321539
2026-02-20 07:00:00,48.0,Gomti Nagar,56.75,52.67696896885434
2026-02-20 08:00:00,59.75,Gomti Nagar,68.5,67.58027184867399
2026-02-20 09:00:00,68.25,Gomti Nagar,67.5,49.925577848725354
2026-02-20 10:00:00,63.0,Gomti Nagar,72.25,50.448807613240575
2026-02-20 11:00:00,61.25,Gomti Nagar,67.25,53.22838885405946
2026-02-20 12:00:00,43.75,Gomti Nagar,66.75,44.40585227513229
2026-02-20 13:00:00,39.25,Gomti Nagar,84.75,46.36310261427349
2026-02-20 14:00:00,35.0,Gomti Nagar,64.75,40.96189002967171
2026-02-20 15:00:00,42.0,Gomti Nagar,49.75,40.78667862896463
2026-02-20 16:00:00,39.5,Gomti Nagar,58.0,43.33676773429288
2026-02-20 17:00:00,38.5,Gomti Nagar,56.5,43.89742688467759
2026-02-20 18:00:00,48.5,Gomti Nagar,55.5,52.11741479707064
2026-02-20 19:00:00,60.5,Gomti Nagar,63.25,62.888598036072715
2026-02-20 20:00:00,75.0,Gomti Nagar,68.25,67.83849661412984
2026-02-20 21:00:00,64.0,Gomti Nagar,63.75,73.21985015493763
2026-02-20 22:00:00,63.25,Gomti Nagar,57.0,67.67982628349809
2026-02-20 23:00:00,65.25,Gomti Nagar,56.75,59.06365386630035
2026-02-21 00:00:00,57.25,Gomti Nagar,49.25,45.43437082299022
2026-02-21 01:00:00,50.75,Gomti Nagar,44.5,44.04571058808792
2026-02-21 02:00:00,43.25,Gomti Nagar,40.5,47.05360755306887
2026-02-21 03:00:00,41.5,Gomti Nagar,53.0,51.30710531140136
2026-02-21 04:00:00,39.5,Gomti Nagar,47.25,57.44661731695852
2026-02-21 05:00:00,46.5,Gomti Nagar,50.75,59.535774161102346
2026-02-21 06:00:00,48.0,Gomti Nagar,48.75,58.793184440653036
2026-02-21 07:00:00,56.75,Gomti Nagar,57.5,62.78048284096602
2026-02-21 08:00:00,68.5,Gomti Nagar,75.25,70.560242948733
2026-02-21 09:00:00,67.5,Gomti Nagar,82.25,71.99501315922838
2026-02-21 10:00:00,72.25,Gomti Nagar,72.75,70.43822131196458
2026-02-21 11:00:00,67.25,Gomti Nagar,61.25,70.91337468165177
2026-02-21 12:00:00,66.75,Gomti Nagar,57.5,57.230368793787214
2026-02-21 13:00:00,84.75,Gomti Nagar,51.75,53.29970967357643
2026-02-21 14:00:00,64.75,Gomti Nagar,41.5,56.991184692869126
2026-02-21 15:00:00,49.75,Gomti Nagar,33.75,56.06590669316046
2026-02-21 16:00:00,58.0,Gomti Nagar,31.0,52.05212573069261
2026-02-21 17:00:00,56.5,Gomti Nagar,30.0,53.65107586883958
2026-02-21 18:00:00,55.5,Gomti Nagar,36.0,72.74822551765278
2026-02-21 19:00:00,63.25,Gomti Nagar,51.5,67.29719789726235
2026-02-21 20:00:00,68.25,Gomti Nagar,58.25,68.3341257967701
2026-02-21 21:00:00,63.75,Gomti Nagar,59.75,72.42302735016992
2026-02-21 22:00:00,57.0,Gomti Nagar,60.0,68.366903353878
2026-02-21 23:00:00,56.75,Gomti Nagar,75.5,67.27433188888637
2026-02-22 00:00:00,49.25,Gomti Nagar,89.0,67.59693359854175
2026-02-22 01:00:00,44.5,Gomti Nagar,92.0,58.6213561417524
2026-02-22 02:00:00,40.5,Gomti Nagar,76.5,53.97941160823982
2026-02-22 03:00:00,53.0,Gomti Nagar,71.0,51.22846364232703
2026-02-22 04:00:00,47.25,Gomti Nagar,65.0,59.068628586669426
2026-02-22 05:00:00,50.75,Gomti Nagar,59.75,57.7633483069387
2026-02-22 06:00:00,48.75,Gomti Nagar,83.25,54.25117435101159
2026-02-22 07:00:00,57.5,Gomti Nagar,66.75,58.452896175379685
2026-02-22 08:00:00,75.25,Gomti Nagar,78.75,68.487745339962
2026-02-22 09:00:00,82.25,Gomti Nagar,74.25,74.69897309814365
2026-02-22 10:00:00,72.75,Gomti Nagar,74.0,82.2024898489621
2026-02-22 11:00:00,61.25,Gomti Nagar,56.75,70.72847140059865
2026-02-22 12:00:00,57.5,Gomti Nagar,49.75,64.96059875848952
2026-02-22 13:00:00,51.75,Gomti Nagar,49.25,67.93886325144535
2026-02-22 14:00:00,41.5,Gomti Nagar,43.0,57.9559925029923
2026-02-22 15:00:00,33.75,Gomti Nagar,41.0,48.69982190017504
2026-02-22 16:00:00,31.0,Gomti Nagar,38.5,45.366621908501116
2026-02-22 17:00:00,30.0,Gomti Nagar,33.75,46.81807733459388
2026-02-22 18:00:00,36.0,Gomti Nagar,54.25,49.76188027396967
2026-02-22 19:00:00,51.5,Gomti Nagar,78.25,52.6323270814901
2026-02-22 20:00:00,58.25,Gomti Nagar,105.5,71.61640433199864
2026-02-22 21:00:00,59.75,Gomti Nagar,130.75,70.43941051173096
2026-02-22 22:00:00,60.0,Gomti Nagar,141.75,69.86091491381235
2026-02-22 23:00:00,75.5,Gomti Nagar,107.5,68.48526335875046
2026-02-23 00:00:00,89.0,Gomti Nagar,123.75,69.107817842948
2026-02-23 01:00:00,92.0,Gomti Nagar,159.0,57.951528170012956
2026-02-23 02:00:00,76.5,Gomti Nagar,148.5,57.78065877362713
2026-02-23 03:00:00,71.0,Gomti Nagar,95.75,64.07869636117766
2026-02-23 04:00:00,65.0,Gomti Nagar,72.75,60.20076184769284
2026-02-23 05:00:00,59.75,Gomti Nagar,49.5,59.92005483537405
2026-02-23 06:00:00,83.25,Gomti Nagar,51.25,56.883281950758146
2026-02-23 07:00:00,66.75,Gomti Nagar,69.25,70.53200346313369
2026-02-23 08:00:00,78.75,Gomti Nagar,100.5,74.75966846284051
2026-02-23 09:00:00,74.25,Gomti Nagar,106.25,82.37990990297598
2026-02-23 10:00:00,74.0,Gomti Nagar,79.25,76.64821417271004
2026-02-23 11:00:00,56.75,Gomti Nagar,58.5,70.70894577588034
2026-02-23 12:00:00,49.75,Gomti Nagar,51.5,57.453497872130214
2026-02-23 13:00:00,49.25,Gomti Nagar,51.75,55.03889306143324
2026-02-23 14:00:00,43.0,Gomti Nagar,43.25,50.194596966526944
2026-02-23 15:00:00,41.0,Gomti Nagar,40.5,49.10565278336522
2026-02-23 16:00:00,38.5,Gomti Nagar,48.25,47.61362013725937
2026-02-23 17:00:00,33.75,Gomti Nagar,39.5,49.65856016368484
2026-02-23 18:00:00,54.25,Gomti Nagar,50.25,48.52427827351117
2026-02-23 19:00:00,78.25,Gomti Nagar,54.0,65.55990560392364
2026-02-23 20:00:00,105.5,Gomti Nagar,68.75,77.90819499230325
2026-02-23 21:00:00,130.75,Gomti Nagar,114.25,88.31430502349684
2026-02-23 22:00:00,141.75,Gomti Nagar,103.5,97.00214993645452
2026-02-23 23:00:00,107.5,Gomti Nagar,101.75,96.95824129366613
2026-02-24 00:00:00,123.75,Gomti Nagar,112.75,103.83010421788904
2026-02-24 01:00:00,159.0,Gomti Nagar,109.0,104.46433585060973
2026-02-24 02:00:00,148.5,Gomti Nagar,87.25,90.60887457893006
2026-02-24 03:00:00,95.75,Gomti Nagar,79.75,85.30499574639256
2026-02-24 04:00:00,72.75,Gomti Nagar,77.25,80.55423737730794
2026-02-24 05:00:00,49.5,Gomti Nagar,83.0,64.92787724076152
2026-02-24 06:00:00,51.25,Gomti Nagar,71.75,75.57315984538621
2026-02-24 07:00:00,69.25,Gomti Nagar,76.25,80.07840227494881
2026-02-24 08:00:00,100.5,Gomti Nagar,102.25,93.77276449472394
2026-02-24 09:00:00,106.25,Gomti Nagar,107.0,92.78369472612205
2026-02-24 10:00:00,79.25,Gomti Nagar,99.75,92.72683091848168
2026-02-24 11:00:00,58.5,Gomti Nagar,86.75,76.64701814265239
2026-02-24 12:00:00,51.5,Gomti Nagar,69.5,62.813508714216525
2026-02-24 13:00:00,51.75,Gomti Nagar,53.75,57.170450778231356
2026-02-24 14:00:00,43.25,Gomti Nagar,50.25,53.795553032519365
2026-02-24 15:00:00,40.5,Gomti Nagar,58.75,45.70568094982527
2026-02-24 16:00:00,48.25,Gomti Nagar,60.75,44.450075856586054
2026-02-24 17:00:00,39.5,Gomti Nagar,44.5,51.221577311011984
2026-02-24 18:00:00,50.25,Gomti Nagar,44.75,52.87187214747995
2026-02-24 19:00:00,54.0,Gomti Nagar,60.25,68.79367028771188
2026-02-24 20:00:00,68.75,Gomti Nagar,91.75,72.6888065091389
2026-02-24 21:00:00,114.25,Gomti Nagar,78.75,78.26830539175381
2026-02-24 22:00:00,103.5,Gomti Nagar,95.75,112.17159745534673
2026-02-24 23:00:00,101.75,Gomti Nagar,79.5,97.07874594516183
2026-02-25 00:00:00,112.75,Gomti Nagar,67.5,89.4485502319307
2026-02-25 01:00:00,109.0,Gomti Nagar,79.25,89.76528466343
2026-02-25 02:00:00,87.25,Gomti Nagar,63.0,90.5259327992621
2026-02-25 03:00:00,79.75,Gomti Nagar,83.25,98.8798633674381
2026-02-25 04:00:00,77.25,Gomti Nagar,85.25,77.41196382305009
2026-02-25 05:00:00,83.0,Gomti Nagar,72.0,63.729988842218084
2026-02-25 06:00:00,71.75,Gomti Nagar,60.5,68.92433950795181
2026-02-25 07:00:00,76.25,Gomti Nagar,72.0,70.9324964037052
2026-02-25 08:00:00,102.25,Gomti Nagar,83.5,74.91121092530462
2026-02-25 09:00:00,107.0,Gomti Nagar,85.25,96.55788131529454
2026-02-25 10:00:00,99.75,Gomti Nagar,81.0,91.33142339304011
2026-02-25 11:00:00,86.75,Gomti Nagar,69.75,77.71124062838516
2026-02-25 12:00:00,69.5,Gomti Nagar,55.0,69.12724674570963
2026-02-25 13:00:00,53.75,Gomti Nagar,72.0,58.828792634275146
2026-02-25 14:00:00,50.25,Gomti Nagar,95.75,50.587569948053066
2026-02-25 15:00:00,58.75,Gomti Nagar,67.0,49.98408443582702
2026-02-25 16:00:00,60.75,Gomti Nagar,45.5,51.18102696498063
2026-02-25 17:00:00,44.5,Gomti Nagar,39.5,54.52551267408025
2026-02-25 18:00:00,44.75,Gomti Nagar,51.5,52.933493201401326
2026-02-25 19:00:00,60.25,Gomti Nagar,75.5,58.47412218592268
2026-02-25 20:00:00,91.75,Gomti Nagar,80.75,69.98327252311627
2026-02-25 21:00:00,78.75,Gomti Nagar,64.75,101.16215316775127
2026-02-25 22:00:00,95.75,Gomti Nagar,64.5,82.5021792586795
2026-02-25 23:00:00,79.5,Gomti Nagar,79.0,84.74761479521777
2026-02-26 00:00:00,67.5,Gomti Nagar,78.5,73.12596340271074
2026-02-26 01:00:00,79.25,Gomti Nagar,63.25,86.36860195808083
2026-02-26 02:00:00,63.0,Gomti Nagar,55.75,73.43213822903236
2026-02-26 03:00:00,83.25,Gomti Nagar,47.0,62.09551546248797
2026-02-26 04:00:00,85.25,Gomti Nagar,47.5,72.14398436383135
2026-02-26 05:00:00,72.0,Gomti Nagar,53.0,69.24254632473694
2026-02-26 06:00:00,60.5,Gomti Nagar,65.25,61.211108892748705
2026-02-26 07:00:00,72.0,Gomti Nagar,67.25,58.533788757716245
2026-02-26 08:00:00,83.5,Gomti Nagar,80.0,61.531063158940015
2026-02-26 09:00:00,85.25,Gomti Nagar,86.25,80.25525464304005
2026-02-26 10:00:00,81.0,Gomti Nagar,88.0,78.5914891355296
2026-02-26 11:00:00,69.75,Gomti Nagar,77.25,70.41468170996325
2026-02-26 12:00:00,55.0,Gomti Nagar,62.25,57.60080643904214
2026-02-26 13:00:00,72.0,Gomti Nagar,58.25,57.7867406003921
2026-02-26 14:00:00,95.75,Gomti Nagar,61.5,56.98874333821555
2026-02-26 15:00:00,67.0,Gomti Nagar,54.75,91.2739075055029
2026-02-26 16:00:00,45.5,Gomti Nagar,44.5,56.03271942883427
2026-02-26 17:00:00,39.5,Gomti Nagar,41.0,59.32572115583411
2026-02-26 18:00:00,51.5,Gomti Nagar,44.5,53.05602120951433
2026-02-26 19:00:00,75.5,Gomti Nagar,65.75,62.99233819170971
2026-02-26 20:00:00,80.75,Gomti Nagar,87.0,73.19231405351663
2026-02-26 21:00:00,64.75,Gomti Nagar,74.5,74.2557033751955
2026-02-26 22:00:00,64.5,Gomti Nagar,103.0,67.95127400434768
2026-02-26 23:00:00,79.0,Gomti Nagar,107.25,67.34720289526393
2026-02-27 00:00:00,78.5,Gomti Nagar,87.25,73.96559511967826
2026-02-27 01:00:00,63.25,Gomti Nagar,85.25,72.9719719830702
2026-02-27 02:00:00,55.75,Gomti Nagar,63.75,58.57592221218727
2026-02-27 03:00:00,47.0,Gomti Nagar,72.0,61.53501432687301
2026-02-27 04:00:00,47.5,Gomti Nagar,72.25,58.75949404771195
2026-02-27 05:00:00,53.0,Gomti Nagar,71.25,59.23861841658915
2026-02-27 06:00:00,65.25,Gomti Nagar,76.0,55.51432461001744
2026-02-27 07:00:00,67.25,Gomti Nagar,89.0,61.99146394041436
2026-02-27 08:00:00,80.0,Gomti Nagar,104.5,65.62061418082781
2026-02-27 09:00:00,86.25,Gomti Nagar,101.0,79.66449677088485
2026-02-27 10:00:00,88.0,Gomti Nagar,96.5,80.31484610076907
2026-02-27 11:00:00,77.25,Gomti Nagar,70.0,74.80465668396712
2026-02-27 12:00:00,62.25,Gomti Nagar,58.25,65.08948098862977
2026-02-27 13:00:00,58.25,Gomti Nagar,59.75,58.635372730601475
2026-02-27 14:00:00,61.5,Gomti Nagar,54.0,56.93959463309014
2026-02-27 15:00:00,54.75,Gomti Nagar,55.75,56.20601573037416
2026-02-27 16:00:00,44.5,Gomti Nagar,52.5,51.1541429719497
2026-02-27 17:00:00,41.0,Gomti Nagar,53.75,50.658398157169835
2026-02-27 18:00:00,44.5,Gomti Nagar,72.75,53.43746699466128
2026-02-27 19:00:00,65.75,Gomti Nagar,83.5,61.99437020074571
2026-02-27 20:00:00,87.0,Gomti Nagar,79.75,67.80484836878952
2026-02-27 21:00:00,74.5,Gomti Nagar,105.0,78.01919247749937
2026-02-27 22:00:00,103.0,Gomti Nagar,129.75,75.81293345252624
2026-02-27 23:00:00,107.25,Gomti Nagar,95.33,78.98942640862172
2026-02-28 00:00:00,87.25,Gomti Nagar,77.5,83.68155143954925
2026-02-28 01:00:00,85.25,Gomti Nagar,73.5,79.46862465217686
2026-02-28 02:00:00,63.75,Gomti Nagar,61.0,72.85074410321697
2026-02-28 03:00:00,72.0,Gomti Nagar,54.25,54.56828393299391
2026-02-28 04:00:00,72.25,Gomti Nagar,51.25,52.75389781553401
2026-02-28 05:00:00,71.25,Gomti Nagar,52.75,58.6166236756616
2026-02-28 06:00:00,76.0,Gomti Nagar,57.5,59.34014657751669
2026-02-28 07:00:00,89.0,Gomti Nagar,58.25,68.49472019016771
2026-02-28 08:00:00,104.5,Gomti Nagar,73.25,86.1889894565213
2026-02-28 09:00:00,101.0,Gomti Nagar,70.0,86.16795099519375
2026-02-28 10:00:00,96.5,Gomti Nagar,69.0,90.05994967716778
2026-02-28 11:00:00,70.0,Gomti Nagar,59.5,80.69653373408036
2026-02-28 12:00:00,58.25,Gomti Nagar,53.75,62.68138982612221
2026-02-28 13:00:00,59.75,Gomti Nagar,87.0,57.16715666703859
2026-02-28 14:00:00,54.0,Gomti Nagar,114.25,60.76217991622256
2026-02-28 15:00:00,55.75,Gomti Nagar,99.0,51.47710755862874
2026-02-28 16:00:00,52.5,Gomti Nagar,139.0,52.06016347865019
2026-02-28 17:00:00,53.75,Gomti Nagar,79.75,52.21192034973576
2026-02-28 18:00:00,72.75,Gomti Nagar,46.25,54.70559289465557
2026-02-28 19:00:00,83.5,Gomti Nagar,61.75,68.04856653439082
2026-02-28 20:00:00,79.75,Gomti Nagar,74.25,86.14738318450884
2026-02-28 21:00:00,105.0,Gomti Nagar,88.0,80.1118965134557
2026-02-28 22:00:00,129.75,Gomti Nagar,86.0,82.49772611719672
2026-02-28 23:00:00,95.33,Gomti Nagar,83.75,88.42918553416222
2026-03-01 00:00:00,77.5,Gomti Nagar,76.0,89.55198469338993
2026-03-01 01:00:00,73.5,Gomti Nagar,56.0,74.95957805235047
2026-03-01 02:00:00,61.0,Gomti Nagar,47.5,72.68004124580355
2026-03-01 03:00:00,54.25,Gomti Nagar,49.5,70.5756554247222
2026-03-01 04:00:00,51.25,Gomti Nagar,44.0,63.771875181330095
2026-03-01 05:00:00,52.75,Gomti Nagar,41.25,61.41574551860196
2026-03-01 06:00:00,57.5,Gomti Nagar,45.25,60.66694888498639
2026-03-01 07:00:00,58.25,Gomti Nagar,72.75,69.86865763514288
2026-03-01 08:00:00,73.25,Gomti Nagar,69.75,69.37569306589127
2026-03-01 09:00:00,70.0,Gomti Nagar,78.25,72.98293683611259
2026-03-01 10:00:00,69.0,Gomti Nagar,94.75,68.74220360005557
2026-03-01 11:00:00,59.5,Gomti Nagar,87.5,65.33414122349072
2026-03-01 12:00:00,53.75,Gomti Nagar,71.25,66.2751162018937
2026-03-01 13:00:00,87.0,Gomti Nagar,70.25,59.5158871289497
2026-03-01 14:00:00,114.25,Gomti Nagar,76.5,80.31967421965108
2026-03-01 15:00:00,99.0,Gomti Nagar,144.0,86.3383907629518
2026-03-01 16:00:00,139.0,Gomti Nagar,96.5,84.34368365623304
2026-03-01 17:00:00,79.75,Gomti Nagar,74.25,87.56983987920346
2026-03-01 18:00:00,46.25,Gomti Nagar,63.5,76.53667316819218
2026-03-01 19:00:00,61.75,Gomti Nagar,68.0,64.48336668025303
2026-03-01 20:00:00,74.25,Gomti Nagar,79.5,85.70442100212412
2026-03-01 21:00:00,88.0,Gomti Nagar,85.25,81.335307874687
2026-03-01 22:00:00,86.0,Gomti Nagar,80.0,97.88370957114734
2026-03-01 23:00:00,83.75,Gomti Nagar,66.75,88.33413136384796
2026-03-02 00:00:00,76.0,Gomti Nagar,63.25,77.46679025199794
2026-03-02 01:00:00,56.0,Gomti Nagar,68.25,68.87063296003207
2026-03-02 02:00:00,47.5,Gomti Nagar,63.75,61.239104952212934
2026-03-02 03:00:00,49.5,Gomti Nagar,53.5,54.766290326429846
2026-03-02 04:00:00,44.0,Gomti Nagar,55.5,51.15804440790169
2026-03-02 05:00:00,41.25,Gomti Nagar,58.5,53.439759314704
2026-03-02 06:00:00,45.25,Gomti Nagar,59.0,53.74882273381092
2026-03-02 07:00:00,72.75,Gomti Nagar,74.75,52.69352422909703
2026-03-02 08:00:00,69.75,Gomti Nagar,78.75,70.06991856041002
2026-03-02 09:00:00,78.25,Gomti Nagar,82.25,70.65771117851946
2026-03-02 10:00:00,94.75,Gomti Nagar,86.5,73.84825344693053
2026-03-02 11:00:00,87.5,Gomti Nagar,78.25,83.77872784391535
2026-03-02 12:00:00,71.25,Gomti Nagar,83.75,78.61787201101937
2026-03-02 13:00:00,70.25,Gomti Nagar,104.75,58.26909478238858
2026-03-02 14:00:00,76.5,Gomti Nagar,88.25,56.89070624288026
2026-03-02 15:00:00,144.0,Gomti Nagar,87.5,67.0386117106861
2026-03-02 16:00:00,96.5,Gomti Nagar,63.0,77.76323313850047
2026-03-02 17:00:00,74.25,Gomti Nagar,54.75,70.59994387948348
2026-03-02 18:00:00,63.5,Gomti Nagar,49.0,65.92044619396991
2026-03-02 19:00:00,68.0,Gomti Nagar,68.75,66.90323946521197
2026-03-02 20:00:00,79.5,Gomti Nagar,83.25,72.14038944249616
2026-03-02 21:00:00,85.25,Gomti Nagar,98.0,86.1676675352836
2026-03-02 22:00:00,80.0,Gomti Nagar,83.25,81.49859133848507
2026-03-02 23:00:00,66.75,Gomti Nagar,70.5,77.06650812434894
2026-03-03 00:00:00,63.25,Gomti Nagar,67.25,64.17993124928648
2026-03-03 01:00:00,68.25,Gomti Nagar,71.25,62.37579631495549
2026-03-03 02:00:00,63.75,Gomti Nagar,69.5,61.232661106393316
2026-03-03 03:00:00,53.5,Gomti Nagar,60.5,60.17447006754494
2026-03-03 04:00:00,55.5,Gomti Nagar,60.75,52.49075891306688
2026-03-03 05:00:00,58.5,Gomti Nagar,56.75,56.06624737477836
2026-03-03 06:00:00,59.0,Gomti Nagar,56.25,57.770898626624195
2026-03-03 07:00:00,74.75,Gomti Nagar,70.0,61.13503887999085
2026-03-03 08:00:00,78.75,Gomti Nagar,74.5,67.63212729765958
2026-03-03 09:00:00,82.25,Gomti Nagar,74.5,74.21524400649541
2026-03-03 10:00:00,86.5,Gomti Nagar,82.75,82.12614478953643
2026-03-03 11:00:00,78.25,Gomti Nagar,85.75,80.45490691955861
2026-03-03 12:00:00,83.75,Gomti Nagar,76.5,68.92029830339442
2026-03-03 13:00:00,104.75,Gomti Nagar,72.0,71.72230297270825
2026-03-03 14:00:00,88.25,Gomti Nagar,60.75,85.30965393268795
2026-03-03 15:00:00,87.5,Gomti Nagar,54.25,81.94411700431668
2026-03-03 16:00:00,63.0,Gomti Nagar,46.25,76.19385937591676
2026-03-03 17:00:00,54.75,Gomti Nagar,46.75,55.67940976195788
2026-03-03 18:00:00,49.0,Gomti Nagar,48.0,57.467578711370514
2026-03-03 19:00:00,68.75,Gomti Nagar,56.5,63.225546279651525
2026-03-03 20:00:00,83.25,Gomti Nagar,63.0,66.75751629696413
2026-03-03 21:00:00,98.0,Gomti Nagar,67.0,78.20409066790619
2026-03-03 22:00:00,83.25,Gomti Nagar,69.5,80.80453774386017
2026-03-03 23:00:00,70.5,Gomti Nagar,76.0,78.87018241563662
2026-03-04 00:00:00,67.25,Gomti Nagar,66.5,67.2524266284315
2026-03-04 01:00:00,71.25,Gomti Nagar,61.25,62.53600386094366
2026-03-04 02:00:00,69.5,Gomti Nagar,59.75,62.261564244730316
2026-03-04 03:00:00,60.5,Gomti Nagar,57.25,62.4443924896851
2026-03-04 04:00:00,60.75,Gomti Nagar,62.25,57.271205129718446
2026-03-04 05:00:00,56.75,Gomti Nagar,63.0,57.70581436881643
2026-03-04 06:00:00,56.25,Gomti Nagar,64.75,57.595284572657924
2026-03-04 07:00:00,70.0,Gomti Nagar,70.25,60.11736804221844
2026-03-04 08:00:00,74.5,Gomti Nagar,83.0,62.06876159845555
2026-03-04 09:00:00,74.5,Gomti Nagar,97.5,69.59896666055997
2026-03-04 10:00:00,82.75,Gomti Nagar,91.5,67.3772377730009
2026-03-04 11:00:00,85.75,Gomti Nagar,90.5,75.56614582528361
2026-03-04 12:00:00,76.5,Gomti Nagar,79.0,73.42800706739824
2026-03-04 13:00:00,72.0,Gomti Nagar,72.75,61.89113156588864
2026-03-04 14:00:00,60.75,Gomti Nagar,68.5,56.76330101368608
2026-03-04 15:00:00,54.25,Gomti Nagar,74.25,69.61058543962012
2026-03-04 16:00:00,46.25,Gomti Nagar,68.25,54.58790955196765
2026-03-04 17:00:00,46.75,Gomti Nagar,67.0,51.04866604826618
2026-03-04 18:00:00,48.0,Gomti Nagar,74.0,49.04043055938769
2026-03-04 19:00:00,56.5,Gomti Nagar,80.0,59.7932843445285
2026-03-04 20:00:00,63.0,Gomti Nagar,90.5,66.40317078957018
2026-03-04 21:00:00,67.0,Gomti Nagar,105.5,67.49076776699039
2026-03-04 22:00:00,69.5,Gomti Nagar,98.5,68.55191092535365
2026-03-04 23:00:00,76.0,Gomti Nagar,92.25,68.79225012581244
2026-03-05 00:00:00,66.5,Gomti Nagar,84.25,71.1964584575197
2026-03-05 01:00:00,61.25,Gomti Nagar,80.0,60.81998003518129
2026-03-05 02:00:00,59.75,Gomti Nagar,76.75,55.21946681656533
2026-03-05 03:00:00,57.25,Gomti Nagar,77.0,59.122207248739855
2026-03-05 04:00:00,62.25,Gomti Nagar,78.0,56.425121706933204
2026-03-05 05:00:00,63.0,Gomti Nagar,78.75,58.15517966687605
2026-03-05 06:00:00,64.75,Gomti Nagar,79.0,60.12234040199442
2026-03-05 07:00:00,70.25,Gomti Nagar,82.5,57.46636795408111
2026-03-05 08:00:00,83.0,Gomti Nagar,88.0,55.40876635018011
2026-03-05 09:00:00,97.5,Gomti Nagar,85.75,78.60550579370323
2026-03-05 10:00:00,91.5,Gomti Nagar,76.25,80.44935957197148
2026-03-05 11:00:00,90.5,Gomti Nagar,69.75,81.08746886670393
2026-03-05 12:00:00,79.0,Gomti Nagar,63.0,76.57390787749142
2026-03-05 13:00:00,72.75,Gomti Nagar,54.25,70.15152998047559
2026-03-05 14:00:00,68.5,Gomti Nagar,47.0,62.10390614783868
2026-03-05 15:00:00,74.25,Gomti Nagar,46.0,59.76837355167516
2026-03-05 16:00:00,68.25,Gomti Nagar,45.25,59.27198017853574
2026-03-05 17:00:00,67.0,Gomti Nagar,50.25,52.23413205074911
2026-03-05 18:00:00,74.0,Gomti Nagar,63.0,55.896671838449706
2026-03-05 19:00:00,80.0,Gomti Nagar,80.5,62.69650527310829
2026-03-05 20:00:00,90.5,Gomti Nagar,100.25,70.90932183767796
2026-03-05 21:00:00,105.5,Gomti Nagar,91.75,76.79349639168795
2026-03-05 22:00:00,98.5,Gomti Nagar,85.75,82.73069674717344
2026-03-05 23:00:00,92.25,Gomti Nagar,81.5,83.63759101724492
2026-03-06 00:00:00,84.25,Gomti Nagar,83.75,85.52477190781296
2026-03-06 01:00:00,80.0,Gomti Nagar,80.5,70.32821234816369
2026-03-06 02:00:00,76.75,Gomti Nagar,73.25,66.60526679354122
2026-03-06 03:00:00,77.0,Gomti Nagar,68.75,62.6496462857759
2026-03-06 04:00:00,78.0,Gomti Nagar,70.5,62.54400950956797
2026-03-06 05:00:00,78.75,Gomti Nagar,70.5,65.60038411070984
2026-03-06 06:00:00,79.0,Gomti Nagar,64.0,64.56711501613745
2026-03-06 07:00:00,82.5,Gomti Nagar,77.5,66.02594667288801
2026-03-06 08:00:00,88.0,Gomti Nagar,106.5,81.02653526281141
2026-03-06 09:00:00,85.75,Gomti Nagar,95.5,92.50639036620335
2026-03-06 10:00:00,76.25,Gomti Nagar,77.5,86.44701306644919
2026-03-06 11:00:00,69.75,Gomti Nagar,71.5,61.154437942167675
2026-03-06 12:00:00,63.0,Gomti Nagar,63.25,55.42803049476167
2026-03-06 13:00:00,54.25,Gomti Nagar,55.25,57.414057291818864
2026-03-06 14:00:00,47.0,Gomti Nagar,54.0,56.225702377614276
2026-03-06 15:00:00,46.0,Gomti Nagar,58.25,54.78178761888761
2026-03-06 16:00:00,45.25,Gomti Nagar,54.75,55.05089762822776
2026-03-06 17:00:00,50.25,Gomti Nagar,55.0,55.40408972882427
2026-03-06 18:00:00,63.0,Gomti Nagar,62.75,58.58918905781963
2026-03-06 19:00:00,80.5,Gomti Nagar,69.0,68.32984482647525
2026-03-06 20:00:00,100.25,Gomti Nagar,82.75,85.59196529234038
2026-03-06 21:00:00,91.75,Gomti Nagar,109.0,87.03855786060868
2026-03-06 22:00:00,85.75,Gomti Nagar,107.75,90.33140205362817
2026-03-06 23:00:00,81.5,Gomti Nagar,97.0,82.46350724625755
2026-03-07 00:00:00,83.75,Gomti Nagar,132.0,80.73332569993941
2026-03-07 01:00:00,80.5,Gomti Nagar,133.75,82.45978891126238
2026-03-07 02:00:00,73.25,Gomti Nagar,103.0,79.33302827924398
2026-03-07 03:00:00,68.75,Gomti Nagar,108.5,60.412427518514306
2026-03-07 04:00:00,70.5,Gomti Nagar,97.25,57.00750686756867
2026-03-07 05:00:00,70.5,Gomti Nagar,98.5,61.18353132956341
2026-03-07 06:00:00,64.0,Gomti Nagar,109.25,59.58223866946556
2026-03-07 07:00:00,77.5,Gomti Nagar,108.5,56.58225578786291
2026-03-07 08:00:00,106.5,Gomti Nagar,127.0,68.54991555693917
2026-03-07 09:00:00,95.5,Gomti Nagar,128.25,95.17059956981817
2026-03-07 10:00:00,77.5,Gomti Nagar,98.0,87.40772083913028
2026-03-07 11:00:00,71.5,Gomti Nagar,81.75,69.2168860088863
2026-03-07 12:00:00,63.25,Gomti Nagar,80.75,62.36959894198992
2026-03-07 13:00:00,55.25,Gomti Nagar,60.5,58.173724695701964
2026-03-07 14:00:00,54.0,Gomti Nagar,52.75,56.08109027899159
2026-03-07 15:00:00,58.25,Gomti Nagar,53.75,52.64840436714211
2026-03-07 16:00:00,54.75,Gomti Nagar,58.5,54.7774188654575
2026-03-07 17:00:00,55.0,Gomti Nagar,57.25,57.279548972345694
2026-03-07 18:00:00,62.75,Gomti Nagar,56.75,66.26234640341933
2026-03-07 19:00:00,69.0,Gomti Nagar,62.25,68.61167262392813
2026-03-07 20:00:00,82.75,Gomti Nagar,70.75,70.18129731277645
2026-03-07 21:00:00,109.0,Gomti Nagar,88.5,86.70493172328653
2026-03-07 22:00:00,107.75,Gomti Nagar,148.75,93.83539913945287
2026-03-07 23:00:00,97.0,Gomti Nagar,125.0,83.88115979873166
2026-03-08 00:00:00,132.0,Gomti Nagar,117.5,75.20917305421133
2026-03-08 01:00:00,133.75,Gomti Nagar,106.75,77.78769726665728
2026-03-08 02:00:00,103.0,Gomti Nagar,110.25,81.526208100365
2026-03-08 03:00:00,108.5,Gomti Nagar,93.75,78.50103214084598
2026-03-08 04:00:00,97.25,Gomti Nagar,91.0,78.83050195722048
2026-03-08 05:00:00,98.5,Gomti Nagar,78.25,76.65345235941552
2026-03-08 06:00:00,109.25,Gomti Nagar,82.0,76.19820072646317
2026-03-08 07:00:00,108.5,Gomti Nagar,79.5,85.0573334778909
2026-03-08 08:00:00,127.0,Gomti Nagar,91.0,90.50291412839
2026-03-08 09:00:00,128.25,Gomti Nagar,101.0,108.43403695979372
2026-03-08 10:00:00,98.0,Gomti Nagar,100.5,92.81429566039934
2026-03-08 11:00:00,81.75,Gomti Nagar,94.75,80.51118024211247
2026-03-08 12:00:00,80.75,Gomti Nagar,86.25,74.42670299875125
2026-03-08 13:00:00,60.5,Gomti Nagar,76.5,67.25478034637197
2026-03-08 14:00:00,52.75,Gomti Nagar,64.5,59.55507936027418
2026-03-08 15:00:00,53.75,Gomti Nagar,56.0,58.153810526605426
2026-03-08 16:00:00,58.5,Gomti Nagar,53.25,57.063921788543524
2026-03-08 17:00:00,57.25,Gomti Nagar,54.5,64.57171323468496
2026-03-08 18:00:00,56.75,Gomti Nagar,66.0,56.965849392339706
2026-03-08 19:00:00,62.25,Gomti Nagar,81.75,66.02178317115987
2026-03-08 20:00:00,70.75,Gomti Nagar,116.0,77.71307632063107
2026-03-08 21:00:00,88.5,Gomti Nagar,103.75,75.32217823388056
2026-03-08 22:00:00,148.75,Gomti Nagar,91.5,81.54608289431138
2026-03-08 23:00:00,125.0,Gomti Nagar,90.0,95.12537526016409
2026-03-09 00:00:00,117.5,Gomti Nagar,87.5,96.72087838753049
2026-03-09 01:00:00,106.75,Gomti Nagar,89.33,68.25766088715775
2026-03-09 02:00:00,110.25,Gomti Nagar,85.75,62.63308750035618
2026-03-09 03:00:00,93.75,Gomti Nagar,85.0,59.21976655465871
2026-03-09 04:00:00,91.0,Gomti Nagar,85.75,57.829921041272804
2026-03-09 05:00:00,78.25,Gomti Nagar,89.25,59.28634027056383
2026-03-09 06:00:00,82.0,Gomti Nagar,90.0,71.21733532288411
2026-03-09 07:00:00,79.5,Gomti Nagar,92.5,72.4159899882018
2026-03-09 08:00:00,91.0,Gomti Nagar,99.0,78.61227050827033
2026-03-09 09:00:00,101.0,Gomti Nagar,105.25,86.33181666713402
2026-03-09 10:00:00,100.5,Gomti Nagar,90.5,81.32963100520487
2026-03-09 11:00:00,94.75,Gomti Nagar,89.75,76.53143379136208
2026-03-09 12:00:00,86.25,Gomti Nagar,87.5,73.08052018548892
2026-03-09 13:00:00,76.5,Gomti Nagar,89.75,71.22148335238471
2026-03-09 14:00:00,64.5,Gomti Nagar,84.75,62.1901279131647
2026-03-09 15:00:00,56.0,Gomti Nagar,84.5,57.09412059819321
2026-03-09 16:00:00,53.25,Gomti Nagar,87.5,53.45171896137804
2026-03-09 17:00:00,54.5,Gomti Nagar,92.25,49.80518016282386
2026-03-09 18:00:00,66.0,Gomti Nagar,92.75,55.85672068654571
2026-03-09 19:00:00,81.75,Gomti Nagar,93.75,71.20204248894707
2026-03-09 20:00:00,116.0,Gomti Nagar,105.25,79.53834339214293
2026-03-09 21:00:00,103.75,Gomti Nagar,103.5,75.4003336696598
2026-03-09 22:00:00,91.5,Gomti Nagar,95.25,84.0815868606303
2026-03-09 23:00:00,90.0,Gomti Nagar,90.5,79.58181421711188
2026-03-10 00:00:00,87.5,Gomti Nagar,93.25,76.69618461041469
2026-03-10 01:00:00,89.33,Gomti Nagar,95.75,76.57679295309416
2026-03-10 02:00:00,85.75,Gomti Nagar,92.5,66.56748649564148
2026-03-10 03:00:00,85.0,Gomti Nagar,82.5,63.58136725294005
2026-03-10 04:00:00,85.75,Gomti Nagar,82.75,62.71394176956551
2026-03-10 05:00:00,89.25,Gomti Nagar,77.0,63.70492689990618
2026-03-10 06:00:00,90.0,Gomti Nagar,79.0,64.08442366113546
2026-03-10 07:00:00,92.5,Gomti Nagar,89.5,74.52779005923223
2026-03-10 08:00:00,99.0,Gomti Nagar,86.75,80.11700760440146
2026-03-10 09:00:00,105.25,Gomti Nagar,86.75,84.44158860471748
2026-03-10 10:00:00,90.5,Gomti Nagar,94.0,81.81812657115897
2026-03-10 11:00:00,89.75,Gomti Nagar,85.0,69.41238235561637
2026-03-10 12:00:00,87.5,Gomti Nagar,75.25,65.87215541811017
2026-03-10 13:00:00,89.75,Gomti Nagar,69.75,76.4626673948705
2026-03-10 14:00:00,84.75,Gomti Nagar,68.0,73.76623072565415
2026-03-10 15:00:00,84.5,Gomti Nagar,71.5,65.04823336520899
2026-03-10 16:00:00,87.5,Gomti Nagar,63.5,64.37472627690323
2026-03-10 17:00:00,92.25,Gomti Nagar,51.5,69.20499729464484
2026-03-10 18:00:00,92.75,Gomti Nagar,51.75,70.67122898469002
2026-03-10 19:00:00,93.75,Gomti Nagar,77.75,70.92899736017499
2026-03-10 20:00:00,105.25,Gomti Nagar,97.5,72.29251630619983
2026-03-10 21:00:00,103.5,Gomti Nagar,100.5,71.65909550662325
2026-03-10 22:00:00,95.25,Gomti Nagar,123.25,68.00084444231851
2026-03-10 23:00:00,90.5,Gomti Nagar,179.0,64.64311254252647
2026-03-11 00:00:00,93.25,Gomti Nagar,106.0,67.26981674146391
2026-03-11 01:00:00,95.75,Gomti Nagar,89.5,73.632765000412
2026-03-11 02:00:00,92.5,Gomti Nagar,101.0,77.36743859417574
2026-03-11 03:00:00,82.5,Gomti Nagar,85.75,72.48402405742037
2026-03-11 04:00:00,82.75,Gomti Nagar,79.75,65.81874489673676
2026-03-11 05:00:00,77.0,Gomti Nagar,63.5,69.14102301990805
2026-03-11 06:00:00,79.0,Gomti Nagar,54.0,64.5816938605703
2026-03-11 07:00:00,89.5,Gomti Nagar,62.75,69.48883520393044
2026-03-11 08:00:00,86.75,Gomti Nagar,73.5,79.38569988048685
2026-03-11 09:00:00,86.75,Gomti Nagar,79.5,81.04170735545725
2026-03-11 10:00:00,94.0,Gomti Nagar,80.0,77.76130629359551
2026-03-11 11:00:00,85.0,Gomti Nagar,71.25,72.90185758486743
2026-03-11 12:00:00,75.25,Gomti Nagar,68.0,69.54456189895572
2026-03-11 13:00:00,69.75,Gomti Nagar,68.0,61.41980332588322
2026-03-11 14:00:00,68.0,Gomti Nagar,75.0,55.04024085751919
2026-03-11 15:00:00,71.5,Gomti Nagar,73.5,54.948354131416366
2026-03-11 16:00:00,63.5,Gomti Nagar,54.0,56.2665840950296
2026-03-11 17:00:00,51.5,Gomti Nagar,50.0,56.71904328397674
2026-03-11 18:00:00,51.75,Gomti Nagar,53.5,55.10714535462233
2026-03-11 19:00:00,77.75,Gomti Nagar,69.75,62.03632135315632
2026-03-11 20:00:00,97.5,Gomti Nagar,89.25,77.78589451379133
2026-03-11 21:00:00,100.5,Gomti Nagar,83.25,71.67333589392034
2026-03-11 22:00:00,123.25,Gomti Nagar,96.75,69.97489665223408
2026-03-11 23:00:00,179.0,Gomti Nagar,100.75,76.13895624646842
2026-03-12 00:00:00,106.0,Gomti Nagar,99.25,82.44901886922335
2026-03-12 01:00:00,89.5,Gomti Nagar,107.5,67.35879997783285
2026-03-12 02:00:00,101.0,Gomti Nagar,101.25,70.37627226069169
2026-03-12 03:00:00,85.75,Gomti Nagar,71.75,66.71431167273774
2026-03-12 04:00:00,79.75,Gomti Nagar,68.75,70.95856178654664
2026-03-12 05:00:00,63.5,Gomti Nagar,77.5,71.16510967886762
2026-03-12 06:00:00,54.0,Gomti Nagar,73.0,65.55644531183825
2026-03-12 07:00:00,62.75,Gomti Nagar,69.5,66.11095352080925
2026-03-12 08:00:00,73.5,Gomti Nagar,88.75,72.75651990115591
2026-03-12 09:00:00,79.5,Gomti Nagar,85.25,75.17557167420391
2026-03-12 10:00:00,80.0,Gomti Nagar,72.0,79.83598235438518
2026-03-12 11:00:00,71.25,Gomti Nagar,70.0,78.38476150826385
2026-03-12 12:00:00,68.0,Gomti Nagar,56.25,65.93209956920283
2026-03-12 13:00:00,68.0,Gomti Nagar,51.75,64.22393185029854
2026-03-12 14:00:00,75.0,Gomti Nagar,51.5,62.80592697049784
2026-03-12 15:00:00,73.5,Gomti Nagar,60.0,64.48758232858678
2026-03-12 16:00:00,54.0,Gomti Nagar,56.0,63.40157688451071
2026-03-12 17:00:00,50.0,Gomti Nagar,49.0,52.690281260904726
2026-03-12 18:00:00,53.5,Gomti Nagar,49.25,53.63111197980776
2026-03-12 19:00:00,69.75,Gomti Nagar,65.25,66.38782979230366
2026-03-12 20:00:00,89.25,Gomti Nagar,66.25,73.87376345119345
2026-03-12 21:00:00,83.25,Gomti Nagar,60.0,79.77648350688507
2026-03-12 22:00:00,96.75,Gomti Nagar,59.75,84.04399621478548
2026-03-12 23:00:00,100.75,Gomti Nagar,56.5,92.39360272891201
2026-03-13 00:00:00,99.25,Gomti Nagar,45.75,69.24012792305874
2026-03-13 01:00:00,107.5,Gomti Nagar,40.5,68.84752005891237
2026-03-13 02:00:00,101.25,Gomti Nagar,38.5,73.93088331498807
2026-03-13 03:00:00,71.75,Gomti Nagar,31.75,69.82798651849662
2026-03-13 04:00:00,68.75,Gomti Nagar,26.75,66.67516001464848
2026-03-13 05:00:00,77.5,Gomti Nagar,31.25,68.52510637855205
2026-03-13 06:00:00,73.0,Gomti Nagar,30.25,69.19164357040664
2026-03-13 07:00:00,69.5,Gomti Nagar,37.75,67.48815021955528
2026-03-13 08:00:00,88.75,Gomti Nagar,42.5,62.90106811884857
2026-03-13 09:00:00,85.25,Gomti Nagar,45.75,78.46175311626871
2026-03-13 10:00:00,72.0,Gomti Nagar,49.5,77.86582984054084
2026-03-13 11:00:00,70.0,Gomti Nagar,48.75,62.35110622815343
2026-03-13 12:00:00,56.25,Gomti Nagar,49.0,64.0314045367871
2026-03-13 13:00:00,51.75,Gomti Nagar,46.5,58.93836035248967
2026-03-13 14:00:00,51.5,Gomti Nagar,33.25,51.60221319650952
2026-03-13 15:00:00,60.0,Gomti Nagar,39.5,54.795144683749484
2026-03-13 16:00:00,56.0,Gomti Nagar,32.5,60.42109970356533
2026-03-13 17:00:00,49.0,Gomti Nagar,37.0,55.39509356578647
2026-03-13 18:00:00,49.25,Gomti Nagar,44.0,54.00289250466977
2026-03-13 19:00:00,65.25,Gomti Nagar,50.25,64.68250589064051
2026-03-13 20:00:00,66.25,Gomti Nagar,58.0,70.56021864559143
2026-03-13 21:00:00,60.0,Gomti Nagar,60.75,70.75500494502228
2026-03-13 22:00:00,59.75,Gomti Nagar,61.75,68.27966831258688
2026-03-13 23:00:00,56.5,Gomti Nagar,77.75,88.029661562898
2026-03-14 00:00:00,45.75,Gomti Nagar,57.0,66.47089171069017
2026-03-14 01:00:00,40.5,Gomti Nagar,42.0,63.40417159364045
2026-03-14 02:00:00,38.5,Gomti Nagar,35.75,58.42904917688762
2026-03-14 03:00:00,31.75,Gomti Nagar,34.0,53.5360148003793
2026-03-14 04:00:00,26.75,Gomti Nagar,37.25,51.16354867853949
2026-03-14 05:00:00,31.25,Gomti Nagar,44.75,39.03642339875414
2026-03-14 06:00:00,30.25,Gomti Nagar,58.25,47.036277816069585
2026-03-14 07:00:00,37.75,Gomti Nagar,196.5,45.48101303425175
2026-03-14 08:00:00,42.5,Gomti Nagar,78.0,48.50616500362997
2026-03-14 09:00:00,45.75,Gomti Nagar,39.5,54.94711302159872
2026-03-14 10:00:00,49.5,Gomti Nagar,37.75,56.305086391018655
2026-03-14 11:00:00,48.75,Gomti Nagar,54.25,53.45155106189379
2026-03-14 12:00:00,49.0,Gomti Nagar,75.0,49.54480931642398
2026-03-14 13:00:00,46.5,Gomti Nagar,64.0,41.701722787557095
2026-03-14 14:00:00,33.25,Gomti Nagar,46.5,41.182015375824676
2026-03-14 15:00:00,39.5,Gomti Nagar,43.25,42.45051357396025
2026-03-14 16:00:00,32.5,Gomti Nagar,36.25,44.19986071641798
2026-03-14 17:00:00,37.0,Gomti Nagar,38.5,40.579964070528966
2026-03-14 18:00:00,44.0,Gomti Nagar,60.5,42.996980121826994
2026-03-14 19:00:00,50.25,Gomti Nagar,76.75,53.42115065069805
2026-03-14 20:00:00,58.0,Gomti Nagar,51.75,55.84904768608776
2026-03-14 21:00:00,60.75,Gomti Nagar,37.5,59.244775950822586
2026-03-14 22:00:00,61.75,Gomti Nagar,30.75,61.00634218460421
2026-03-14 23:00:00,77.75,Gomti Nagar,29.25,61.348916102605834
2026-03-15 00:00:00,57.0,Gomti Nagar,21.25,63.69762775539764
2026-03-15 01:00:00,42.0,Gomti Nagar,16.75,54.3698768830056
2026-03-15 02:00:00,35.75,Gomti Nagar,12.75,49.63708441594794
2026-03-15 03:00:00,34.0,Gomti Nagar,10.25,46.30123675259783
2026-03-15 04:00:00,37.25,Gomti Nagar,14.25,47.87026092141992
2026-03-15 05:00:00,44.75,Gomti Nagar,17.75,49.38086535533019
2026-03-15 06:00:00,58.25,Gomti Nagar,25.75,48.042489399313354
2026-03-15 07:00:00,196.5,Gomti Nagar,16.75,49.29741964007991
2026-03-15 08:00:00,78.0,Gomti Nagar,20.5,53.063939734357575
2026-03-15 09:00:00,39.5,Gomti Nagar,27.0,71.1969624942358
2026-03-15 10:00:00,37.75,Gomti Nagar,50.5,47.42986182751396
2026-03-15 11:00:00,54.25,Gomti Nagar,41.0,44.06441058088481
2026-03-15 12:00:00,75.0,Gomti Nagar,33.75,63.80398683905885
2026-03-15 13:00:00,64.0,Gomti Nagar,30.75,65.0650198716544
2026-03-15 14:00:00,46.5,Gomti Nagar,30.5,48.10167307014633
2026-03-15 15:00:00,43.25,Gomti Nagar,33.5,45.127303074869516
2026-03-15 16:00:00,36.25,Gomti Nagar,34.0,43.15840066442496
2026-03-15 17:00:00,38.5,Gomti Nagar,40.0,41.228492051569575
2026-03-15 18:00:00,60.5,Gomti Nagar,49.5,49.614452267857175
2026-03-15 19:00:00,76.75,Gomti Nagar,58.75,67.68502518355685
2026-03-15 20:00:00,51.75,Gomti Nagar,84.25,73.44319192442036
2026-03-15 21:00:00,37.5,Gomti Nagar,63.0,67.93436458148331
2026-03-15 22:00:00,30.75,Gomti Nagar,54.75,54.982242910752014
2026-03-15 23:00:00,29.25,Gomti Nagar,47.25,49.37412000230093
2026-03-16 00:00:00,21.25,Gomti Nagar,44.25,52.13623668616374
2026-03-16 01:00:00,16.75,Gomti Nagar,39.25,38.39121003028965
2026-03-16 02:00:00,12.75,Gomti Nagar,40.75,32.07718758180732
2026-03-16 03:00:00,10.25,Gomti Nagar,44.5,31.166275826253816
2026-03-16 04:00:00,14.25,Gomti Nagar,45.75,35.857300925925905
2026-03-16 05:00:00,17.75,Gomti Nagar,46.0,39.82098589065252
2026-03-16 06:00:00,25.75,Gomti Nagar,46.75,39.91735489775488
2026-03-16 07:00:00,16.75,Gomti Nagar,49.75,47.22983818653032
2026-03-16 08:00:00,20.5,Gomti Nagar,51.0,38.61314870161514
2026-03-16 09:00:00,27.0,Gomti Nagar,48.5,25.093700706477957
2026-03-16 10:00:00,50.5,Gomti Nagar,56.5,33.616615135659465
2026-03-16 11:00:00,41.0,Gomti Nagar,51.5,69.73015296220913
2026-03-16 12:00:00,33.75,Gomti Nagar,46.75,48.730450741438474
2026-03-16 13:00:00,30.75,Gomti Nagar,41.75,38.63436518205957
2026-03-16 14:00:00,30.5,Gomti Nagar,38.25,38.10827666732004
2026-03-16 15:00:00,33.5,Gomti Nagar,39.75,88.31510773980456
2026-03-16 16:00:00,34.0,Gomti Nagar,40.0,35.142835606223414
2026-03-16 17:00:00,40.0,Gomti Nagar,43.5,36.78897143243316
2026-03-16 18:00:00,49.5,Gomti Nagar,50.0,51.81459471455465
2026-03-16 19:00:00,58.75,Gomti Nagar,63.0,106.46944529028633
2026-03-16 20:00:00,84.25,Gomti Nagar,65.5,464.96994272486785
2026-03-16 21:00:00,63.0,Gomti Nagar,63.25,68.85050690864905
2026-03-16 22:00:00,54.75,Gomti Nagar,58.75,61.07274563473776
2026-03-16 23:00:00,47.25,Gomti Nagar,52.0,58.056162842733535
2026-03-17 00:00:00,44.25,Gomti Nagar,47.5,45.02702373789602
2026-03-17 01:00:00,39.25,Gomti Nagar,47.75,42.52195500829265
2026-03-17 02:00:00,40.75,Gomti Nagar,44.5,40.52575076644124
2026-03-17 03:00:00,44.5,Gomti Nagar,44.0,44.91833327027778
2026-03-17 04:00:00,45.75,Gomti Nagar,47.5,44.73990473723797
2026-03-17 05:00:00,46.0,Gomti Nagar,50.5,60.46350001500733
2026-03-17 06:00:00,46.75,Gomti Nagar,56.25,52.28442465189853
2026-03-17 07:00:00,49.75,Gomti Nagar,67.75,57.436395889204775
2026-03-17 08:00:00,51.0,Gomti Nagar,91.25,51.199886311588635
2026-03-17 09:00:00,48.5,Gomti Nagar,65.0,47.140032843464276
2026-03-17 10:00:00,56.5,Gomti Nagar,55.0,45.155228214157425
2026-03-17 11:00:00,51.5,Gomti Nagar,44.5,56.52717564529349
2026-03-17 12:00:00,46.75,Gomti Nagar,44.75,51.42344601485478
2026-03-17 13:00:00,41.75,Gomti Nagar,42.0,49.482976775057104
2026-03-17 14:00:00,38.25,Gomti Nagar,52.25,46.47190631017409
2026-03-17 15:00:00,39.75,Gomti Nagar,55.0,45.08392903913617
2026-03-17 16:00:00,40.0,Gomti Nagar,48.0,42.61300674705485
2026-03-17 17:00:00,43.5,Gomti Nagar,42.5,44.033314379408175
2026-03-17 18:00:00,50.0,Gomti Nagar,57.5,46.313838522901186
2026-03-17 19:00:00,63.0,Gomti Nagar,67.5,63.1055462797325
2026-03-17 20:00:00,65.5,Gomti Nagar,80.25,67.0740498343374
2026-03-17 21:00:00,63.25,Gomti Nagar,77.0,69.09884954902459
2026-03-17 22:00:00,58.75,Gomti Nagar,79.5,76.99421874956307
2026-03-17 23:00:00,52.0,Gomti Nagar,74.0,73.40815475900416
2026-03-18 00:00:00,47.5,Gomti Nagar,60.25,61.367760511230095
2026-03-18 01:00:00,47.75,Gomti Nagar,51.25,56.82021163408132
2026-03-18 02:00:00,44.5,Gomti Nagar,48.25,54.32290298019013
2026-03-18 03:00:00,44.0,Gomti Nagar,56.5,52.27847879986322
2026-03-18 04:00:00,47.5,Gomti Nagar,48.25,52.51150810633196
2026-03-18 05:00:00,50.5,Gomti Nagar,40.25,59.53030648458862
2026-03-18 06:00:00,56.25,Gomti Nagar,36.5,68.98301857176543
2026-03-18 07:00:00,67.75,Gomti Nagar,36.75,99.35834610106141
2026-03-18 08:00:00,91.25,Gomti Nagar,40.25,86.64867326427695
2026-03-18 09:00:00,65.0,Gomti Nagar,45.25,76.055013378496
2026-03-18 10:00:00,55.0,Gomti Nagar,53.75,66.6117867255912
2026-03-18 11:00:00,44.5,Gomti Nagar,56.0,78.59706850014669
2026-03-18 12:00:00,44.75,Gomti Nagar,39.0,53.649727338340966
2026-03-18 13:00:00,42.0,Gomti Nagar,34.25,54.600487897413124
2026-03-18 14:00:00,52.25,Gomti Nagar,29.5,48.58123596569135
2026-03-18 15:00:00,55.0,Gomti Nagar,25.5,51.548264944402504
2026-03-18 16:00:00,48.0,Gomti Nagar,20.75,52.39021543602867
2026-03-18 17:00:00,42.5,Gomti Nagar,24.25,52.11652280820815
2026-03-18 18:00:00,57.5,Gomti Nagar,38.25,54.34264089456911
2026-03-18 19:00:00,67.5,Gomti Nagar,52.75,72.97008721011039
2026-03-18 20:00:00,80.25,Gomti Nagar,61.0,73.52276721291132
2026-03-18 21:00:00,77.0,Gomti Nagar,60.25,78.0598554803931
2026-03-18 22:00:00,79.5,Gomti Nagar,53.5,73.42306671832752
2026-03-18 23:00:00,74.0,Gomti Nagar,49.5,71.8962944642214
2026-03-19 00:00:00,60.25,Gomti Nagar,45.5,62.6779776757937
2026-03-19 01:00:00,51.25,Gomti Nagar,43.25,57.82635605880198
2026-03-19 02:00:00,48.25,Gomti Nagar,43.75,58.229007584947055
2026-03-19 03:00:00,56.5,Gomti Nagar,45.75,55.32747296326809
2026-03-19 04:00:00,48.25,Gomti Nagar,51.0,60.35328379710485
2026-03-19 05:00:00,40.25,Gomti Nagar,50.25,57.803965324272404
2026-03-19 06:00:00,36.5,Gomti Nagar,42.25,55.64923854898108
2026-03-19 07:00:00,36.75,Gomti Nagar,47.75,53.01351656537165
2026-03-19 08:00:00,40.25,Gomti Nagar,65.25,53.37014825467825
2026-03-19 09:00:00,45.25,Gomti Nagar,67.25,54.10464038719574
2026-03-19 10:00:00,53.75,Gomti Nagar,89.75,55.266288003621035
2026-03-19 11:00:00,56.0,Gomti Nagar,44.25,58.77793383376644
2026-03-19 12:00:00,39.0,Gomti Nagar,32.75,55.87646619797735
2026-03-19 13:00:00,34.25,Gomti Nagar,34.5,57.31282871381291
2026-03-19 14:00:00,29.5,Gomti Nagar,25.75,48.882175392199684
2026-03-19 15:00:00,25.5,Gomti Nagar,24.75,43.57182103367721
2026-03-19 16:00:00,20.75,Gomti Nagar,20.75,49.37566764687275
2026-03-19 17:00:00,24.25,Gomti Nagar,23.33,44.80394302522905
2026-03-19 18:00:00,38.25,Gomti Nagar,26.75,45.255798770982764
2026-03-19 19:00:00,52.75,Gomti Nagar,34.0,50.0966808047906
2026-03-19 20:00:00,61.0,Gomti Nagar,24.75,66.75941265517591
2026-03-19 21:00:00,60.25,Gomti Nagar,21.25,63.99002378510555
2026-03-19 22:00:00,53.5,Gomti Nagar,22.75,64.2897549047495
2026-03-19 23:00:00,49.5,Gomti Nagar,37.0,69.21438526672065
2026-03-20 00:00:00,45.5,Gomti Nagar,36.0,68.25244371701406
2026-03-20 01:00:00,43.25,Gomti Nagar,27.25,52.34252688480079
2026-03-20 02:00:00,43.75,Gomti Nagar,14.75,54.824553535389626
2026-03-20 03:00:00,45.75,Gomti Nagar,7.0,52.96168585975238
2026-03-20 04:00:00,51.0,Gomti Nagar,2.5,47.11426285645644
2026-03-20 05:00:00,50.25,Gomti Nagar,2.75,50.10059830664023
2026-03-20 06:00:00,42.25,Gomti Nagar,13.25,49.7675223180654
2026-03-20 07:00:00,47.75,Gomti Nagar,17.5,52.69342183621563
2026-03-20 08:00:00,65.25,Gomti Nagar,18.0,51.50492776131134
2026-03-20 09:00:00,67.25,Gomti Nagar,21.5,51.21372607198145
2026-03-20 10:00:00,89.75,Gomti Nagar,19.25,57.79688027757652
2026-03-20 11:00:00,44.25,Gomti Nagar,13.5,67.82258844031247
2026-03-20 12:00:00,32.75,Gomti Nagar,12.0,54.376498698904946
2026-03-20 13:00:00,34.5,Gomti Nagar,17.75,49.490800433993236
2026-03-20 14:00:00,25.75,Gomti Nagar,26.75,50.123714037072084
2026-03-20 15:00:00,24.75,Gomti Nagar,20.75,46.2565628213549
2026-03-20 16:00:00,20.75,Gomti Nagar,23.75,45.788726658647484
2026-03-20 17:00:00,23.33,Gomti Nagar,23.25,43.6304367553878
2026-03-20 18:00:00,26.75,Gomti Nagar,28.25,47.98669878542203
2026-03-20 19:00:00,34.0,Gomti Nagar,38.25,48.19196021366898
2026-03-20 20:00:00,24.75,Gomti Nagar,41.25,50.73450861224743
2026-03-20 21:00:00,21.25,Gomti Nagar,43.5,45.74638483186718
2026-03-20 22:00:00,22.75,Gomti Nagar,58.25,42.793362150828465
2026-03-20 23:00:00,37.0,Gomti Nagar,45.75,40.35615370655958
2026-03-21 00:00:00,36.0,Gomti Nagar,39.75,53.22668661712051
2026-03-21 01:00:00,27.25,Gomti Nagar,39.0,47.66804603919063
2026-03-21 02:00:00,14.75,Gomti Nagar,43.25,31.90632103147312
2026-03-21 03:00:00,7.0,Gomti Nagar,40.5,30.550563272009725
2026-03-21 04:00:00,2.5,Gomti Nagar,48.25,28.98075195937529
2026-03-21 05:00:00,2.75,Gomti Nagar,40.5,29.167544923328606
2026-03-21 06:00:00,13.25,Gomti Nagar,39.75,27.721612325865596
2026-03-21 07:00:00,17.5,Gomti Nagar,40.0,28.78165968754199
2026-03-21 08:00:00,18.0,Gomti Nagar,32.25,28.58757967429615
2026-03-21 09:00:00,21.5,Gomti Nagar,32.25,27.523561417562167
2026-03-21 10:00:00,19.25,Gomti Nagar,30.25,29.514780401129077
2026-03-21 11:00:00,13.5,Gomti Nagar,22.25,32.677365294481724
2026-03-21 12:00:00,12.0,Gomti Nagar,22.75,35.154570988717644
2026-03-21 13:00:00,17.75,Gomti Nagar,22.0,28.472156917781092
2026-03-21 14:00:00,26.75,Gomti Nagar,20.25,30.988199356838706
2026-03-21 15:00:00,20.75,Gomti Nagar,24.0,37.42791110201678
2026-03-21 16:00:00,23.75,Gomti Nagar,24.75,35.44932807716404
2026-03-21 17:00:00,23.25,Gomti Nagar,39.5,37.52606176862631
2026-03-21 18:00:00,28.25,Gomti Nagar,36.0,28.78613392857029
2026-03-21 19:00:00,38.25,Gomti Nagar,48.75,29.791021871062597
2026-03-21 20:00:00,41.25,Gomti Nagar,65.5,41.99603359192062
2026-03-21 21:00:00,43.5,Gomti Nagar,75.75,42.677418143053316
2026-03-21 22:00:00,58.25,Gomti Nagar,71.75,43.99276772805972
2026-03-21 23:00:00,45.75,Gomti Nagar,93.75,46.48564304083949
2026-03-22 00:00:00,39.75,Gomti Nagar,66.75,43.23837237551374
2026-03-22 01:00:00,39.0,Gomti Nagar,61.0,40.1240252149371
2026-03-22 02:00:00,43.25,Gomti Nagar,48.0,40.95686304393314
2026-03-22 03:00:00,40.5,Gomti Nagar,42.5,41.062412521009996
2026-03-22 04:00:00,48.25,Gomti Nagar,43.75,41.25288394470731
2026-03-22 05:00:00,40.5,Gomti Nagar,54.75,38.25969719177021
2026-03-22 06:00:00,39.75,Gomti Nagar,57.0,37.5274019538599
2026-03-22 07:00:00,40.0,Gomti Nagar,68.75,38.74097265185369
2026-03-22 08:00:00,32.25,Gomti Nagar,102.25,37.68927033143247
2026-03-22 09:00:00,32.25,Gomti Nagar,75.5,33.21411317241951
2026-03-22 10:00:00,30.25,Gomti Nagar,44.25,32.96755950709905
2026-03-22 11:00:00,22.25,Gomti Nagar,49.5,29.167207848650367
2026-03-22 12:00:00,22.75,Gomti Nagar,48.5,39.226558232544576
2026-03-22 13:00:00,22.0,Gomti Nagar,40.0,29.49688111387533
2026-03-22 14:00:00,20.25,Gomti Nagar,41.75,38.33898456452829
2026-03-22 15:00:00,24.0,Gomti Nagar,45.5,37.56836565222606
2026-03-22 16:00:00,24.75,Gomti Nagar,41.67,46.19369009996057
2026-03-22 17:00:00,39.5,Gomti Nagar,44.25,40.24989800906918
2026-03-22 18:00:00,36.0,Gomti Nagar,40.75,38.00252381614678
2026-03-22 19:00:00,48.75,Gomti Nagar,41.0,41.9055575080679
2026-03-22 20:00:00,65.5,Gomti Nagar,53.0,53.53950675155487
2026-03-22 21:00:00,75.75,Gomti Nagar,57.5,59.752735094451005
2026-03-22 22:00:00,71.75,Gomti Nagar,64.0,59.5003643933928
2026-03-22 23:00:00,93.75,Gomti Nagar,58.0,56.271343483504474
2026-03-23 00:00:00,66.75,Gomti Nagar,54.5,60.234696193365316
2026-03-23 01:00:00,61.0,Gomti Nagar,50.75,57.63777207835294
2026-03-23 02:00:00,48.0,Gomti Nagar,41.5,62.256130751562985
2026-03-23 03:00:00,42.5,Gomti Nagar,56.5,51.12403604393103
2026-03-23 04:00:00,43.75,Gomti Nagar,53.75,48.708913223006455
2026-03-23 05:00:00,54.75,Gomti Nagar,50.0,46.53681582918598
2026-03-23 06:00:00,57.0,Gomti Nagar,52.5,52.676588314912614
2026-03-23 07:00:00,68.75,Gomti Nagar,55.5,59.23550766440922
2026-03-23 08:00:00,102.25,Gomti Nagar,61.75,61.619485915695996
2026-03-23 09:00:00,75.5,Gomti Nagar,46.75,64.42838608553333
2026-03-23 10:00:00,44.25,Gomti Nagar,36.25,58.655177618253596
2026-03-23 11:00:00,49.5,Gomti Nagar,31.5,48.875734503110465
2026-03-23 12:00:00,48.5,Gomti Nagar,32.25,46.39524886792955
2026-03-23 13:00:00,40.0,Gomti Nagar,34.75,44.57162484467996
2026-03-23 14:00:00,41.75,Gomti Nagar,36.75,44.637281192795975
2026-03-23 15:00:00,45.5,Gomti Nagar,34.5,45.12139907594907
2026-03-23 16:00:00,41.67,Gomti Nagar,41.75,60.48418972342521
2026-03-23 17:00:00,44.25,Gomti Nagar,44.75,49.00110966556024
2026-03-23 18:00:00,40.75,Gomti Nagar,39.25,51.22069413944851
2026-03-23 19:00:00,41.0,Gomti Nagar,52.5,64.50151035083573
2026-03-23 20:00:00,53.0,Gomti Nagar,75.75,65.2710830040164
2026-03-23 21:00:00,57.5,Gomti Nagar,86.0,66.71078803624265
2026-03-23 22:00:00,64.0,Gomti Nagar,79.5,68.80919580938384
2026-03-23 23:00:00,58.0,Gomti Nagar,79.75,72.25640810809459
2026-03-24 00:00:00,54.5,Gomti Nagar,84.25,67.41974405170909
2026-03-24 01:00:00,50.75,Gomti Nagar,68.75,66.56552986558307
2026-03-24 02:00:00,41.5,Gomti Nagar,53.0,55.82336073712613
2026-03-24 03:00:00,56.5,Gomti Nagar,56.25,52.949835108280006
2026-03-24 04:00:00,53.75,Gomti Nagar,55.0,56.111855998475804
2026-03-24 05:00:00,50.0,Gomti Nagar,56.5,55.66799311783412
2026-03-24 06:00:00,52.5,Gomti Nagar,53.5,53.777487043489884
2026-03-24 07:00:00,55.5,Gomti Nagar,54.75,57.92930479686718
2026-03-24 08:00:00,61.75,Gomti Nagar,54.75,65.5846839068102
2026-03-24 09:00:00,46.75,Gomti Nagar,48.25,60.75175013966269
2026-03-24 10:00:00,36.25,Gomti Nagar,44.5,51.498002427606586
2026-03-24 11:00:00,31.5,Gomti Nagar,36.75,46.317646642655134
2026-03-24 12:00:00,32.25,Gomti Nagar,35.5,43.098882522561965
2026-03-24 13:00:00,34.75,Gomti Nagar,36.0,41.527598384509155
2026-03-24 14:00:00,36.75,Gomti Nagar,32.5,40.2312519790681
2026-03-24 15:00:00,34.5,Gomti Nagar,43.25,44.10825389484921
2026-03-24 16:00:00,41.75,Gomti Nagar,40.0,43.120947155181526
2026-03-24 17:00:00,44.75,Gomti Nagar,318.75,47.36308763214285
2026-03-24 18:00:00,39.25,Gomti Nagar,78.75,49.78514140108745
2026-03-24 19:00:00,52.5,Gomti Nagar,43.25,52.18321425264128
2026-03-24 20:00:00,75.75,Gomti Nagar,73.25,62.63477463225191
2026-03-24 21:00:00,86.0,Gomti Nagar,77.25,72.56584654638404
2026-03-24 22:00:00,79.5,Gomti Nagar,75.25,73.13271255141817
2026-03-24 23:00:00,79.75,Gomti Nagar,76.0,70.86319845423174
2026-03-25 00:00:00,84.25,Gomti Nagar,68.0,70.02557435768077
2026-03-25 01:00:00,68.75,Gomti Nagar,62.5,66.13258196715417
2026-03-25 02:00:00,53.0,Gomti Nagar,48.25,60.508207623253035
2026-03-25 03:00:00,56.25,Gomti Nagar,44.25,58.36066747626942
2026-03-25 04:00:00,55.0,Gomti Nagar,47.5,63.99958389860384
2026-03-25 05:00:00,56.5,Gomti Nagar,48.75,66.39931719432525
2026-03-25 06:00:00,53.5,Gomti Nagar,44.75,62.815923181682045
2026-03-25 07:00:00,54.75,Gomti Nagar,64.5,57.17223759536116
2026-03-25 08:00:00,54.75,Gomti Nagar,79.0,70.51511337894324
2026-03-25 09:00:00,48.25,Gomti Nagar,65.5,60.97275033533719
2026-03-25 10:00:00,44.5,Gomti Nagar,55.25,50.005295016567324
2026-03-25 11:00:00,36.75,Gomti Nagar,45.25,50.143276409402525
2026-03-25 12:00:00,35.5,Gomti Nagar,42.0,45.97729458085115
2026-03-25 13:00:00,36.0,Gomti Nagar,40.0,44.06190408001916
2026-03-25 14:00:00,32.5,Gomti Nagar,39.0,45.18916665943616
2026-03-25 15:00:00,43.25,Gomti Nagar,39.75,42.48137381529288
2026-03-25 16:00:00,40.0,Gomti Nagar,37.75,49.96562835462096
2026-03-25 17:00:00,318.75,Gomti Nagar,40.5,54.184224721788674
2026-03-25 18:00:00,78.75,Gomti Nagar,45.5,46.62234618969809
2026-03-25 19:00:00,43.25,Gomti Nagar,65.0,76.80506451315854
2026-03-25 20:00:00,73.25,Gomti Nagar,80.0,64.36205535817228
2026-03-25 21:00:00,77.25,Gomti Nagar,76.75,92.82955421430525
2026-03-25 22:00:00,75.25,Gomti Nagar,68.0,88.8307988425967
2026-03-25 23:00:00,76.0,Gomti Nagar,59.0,87.8009879986394
2026-03-26 00:00:00,68.0,Gomti Nagar,55.5,80.16945237553472
2026-03-26 01:00:00,62.5,Gomti Nagar,43.0,75.61301500057571
2026-03-26 02:00:00,48.25,Gomti Nagar,37.5,61.6934688590268
2026-03-26 03:00:00,44.25,Gomti Nagar,32.5,59.964316019069486
2026-03-26 04:00:00,47.5,Gomti Nagar,33.5,55.65865929804756
2026-03-26 05:00:00,48.75,Gomti Nagar,35.75,65.88880377702115
2026-03-26 06:00:00,44.75,Gomti Nagar,42.75,61.18422795860622
2026-03-26 07:00:00,64.5,Gomti Nagar,49.0,56.37369166627376
2026-03-26 08:00:00,79.0,Gomti Nagar,64.75,70.79532529102337
2026-03-26 09:00:00,65.5,Gomti Nagar,57.0,66.37654973345275
2026-03-26 10:00:00,55.25,Gomti Nagar,55.25,57.89739310302566
2026-03-26 11:00:00,45.25,Gomti Nagar,46.5,56.346203723334405
2026-03-26 12:00:00,42.0,Gomti Nagar,43.5,50.45012238288453
2026-03-26 13:00:00,40.0,Gomti Nagar,36.75,46.42623992256586
2026-03-26 14:00:00,39.0,Gomti Nagar,28.25,46.177294147253235
2026-03-26 15:00:00,39.75,Gomti Nagar,23.0,44.94613791762962
2026-03-26 16:00:00,37.75,Gomti Nagar,30.75,46.16232821157786
2026-03-26 17:00:00,40.5,Gomti Nagar,34.75,53.73523654898378
2026-03-26 18:00:00,45.5,Gomti Nagar,25.5,53.35168617965484
2026-03-26 19:00:00,65.0,Gomti Nagar,41.0,66.24305920063874
2026-03-26 20:00:00,80.0,Gomti Nagar,49.0,79.2011281491474
2026-03-26 21:00:00,76.75,Gomti Nagar,49.25,86.11593973407389
2026-03-26 22:00:00,68.0,Gomti Nagar,46.25,84.86894624944225
2026-03-26 23:00:00,59.0,Gomti Nagar,40.0,82.04545490032395
2026-03-27 00:00:00,55.5,Gomti Nagar,61.25,73.87214639908922
2026-03-27 01:00:00,43.0,Gomti Nagar,50.75,70.95104105819415
2026-03-27 02:00:00,37.5,Gomti Nagar,54.0,53.49263590506265
2026-03-27 03:00:00,32.5,Gomti Nagar,51.5,51.3273042665977
2026-03-27 04:00:00,33.5,Gomti Nagar,37.0,49.32917711253675
2026-03-27 05:00:00,35.75,Gomti Nagar,36.75,50.9121301683687
2026-03-27 06:00:00,42.75,Gomti Nagar,43.75,50.44025699847867
2026-03-27 07:00:00,49.0,Gomti Nagar,42.5,55.1230166585237
2026-03-27 08:00:00,64.75,Gomti Nagar,56.5,69.53465908898444
2026-03-27 09:00:00,57.0,Gomti Nagar,51.25,69.7729360931646
2026-03-27 10:00:00,55.25,Gomti Nagar,46.75,62.75270077125994
2026-03-27 11:00:00,46.5,Gomti Nagar,35.0,57.02243054312462
2026-03-27 12:00:00,43.5,Gomti Nagar,28.75,52.19104450684571
2026-03-27 13:00:00,36.75,Gomti Nagar,38.25,47.329029433696185
2026-03-27 14:00:00,28.25,Gomti Nagar,34.5,44.87812350536288
2026-03-27 15:00:00,23.0,Gomti Nagar,34.25,40.83101480962699
2026-03-27 16:00:00,30.75,Gomti Nagar,35.0,39.586719741491564
2026-03-27 17:00:00,34.75,Gomti Nagar,31.75,47.888762768478415
2026-03-27 18:00:00,25.5,Gomti Nagar,33.0,44.80910538461452
2026-03-27 19:00:00,41.0,Gomti Nagar,35.75,45.23720795207198
2026-03-27 20:00:00,49.0,Gomti Nagar,53.25,61.856067660801855
2026-03-27 21:00:00,49.25,Gomti Nagar,70.5,64.66705472391439
2026-03-27 22:00:00,46.25,Gomti Nagar,85.75,62.2056520973405
2026-03-27 23:00:00,40.0,Gomti Nagar,81.25,62.094057660825065
2026-03-28 00:00:00,61.25,Gomti Nagar,86.75,59.30681684497664
2026-03-28 01:00:00,50.75,Gomti Nagar,85.25,63.52738127478304
2026-03-28 02:00:00,54.0,Gomti Nagar,67.0,54.96727701501226
2026-03-28 03:00:00,51.5,Gomti Nagar,53.75,61.51038866747897
2026-03-28 04:00:00,37.0,Gomti Nagar,51.25,74.65417880300856
2026-03-28 05:00:00,36.75,Gomti Nagar,51.0,57.2933453004306
2026-03-28 06:00:00,43.75,Gomti Nagar,63.75,47.11100251804001
2026-03-28 07:00:00,42.5,Gomti Nagar,80.75,51.205947336444495
2026-03-28 08:00:00,56.5,Gomti Nagar,94.25,52.42775189923863
2026-03-28 09:00:00,51.25,Gomti Nagar,90.75,59.17075859787726
2026-03-28 10:00:00,46.75,Gomti Nagar,88.25,51.39048447295746
2026-03-28 11:00:00,35.0,Gomti Nagar,70.0,49.09363899511683
2026-03-28 12:00:00,28.75,Gomti Nagar,55.25,48.17562436066591
2026-03-28 13:00:00,38.25,Gomti Nagar,45.25,43.633462949201125
2026-03-28 14:00:00,34.5,Gomti Nagar,39.75,46.499511200957066
2026-03-28 15:00:00,34.25,Gomti Nagar,35.0,47.334198750409115
2026-03-28 16:00:00,35.0,Gomti Nagar,42.5,44.05656160206257
2026-03-28 17:00:00,31.75,Gomti Nagar,35.5,58.691166335244986
2026-03-28 18:00:00,33.0,Gomti Nagar,57.0,53.72222867392347
2026-03-28 19:00:00,35.75,Gomti Nagar,60.0,48.82416260049255
2026-03-28 20:00:00,53.25,Gomti Nagar,69.5,48.891126753719284
2026-03-28 21:00:00,70.5,Gomti Nagar,74.0,57.94226582211383
2026-03-28 22:00:00,85.75,Gomti Nagar,86.0,59.274018255776376
2026-03-28 23:00:00,81.25,Gomti Nagar,80.25,69.05597702964
2026-03-29 00:00:00,86.75,Gomti Nagar,63.75,61.979345901128276
2026-03-29 01:00:00,85.25,Gomti Nagar,60.0,67.5941443676904
2026-03-29 02:00:00,67.0,Gomti Nagar,54.0,67.30522420583921
2026-03-29 03:00:00,53.75,Gomti Nagar,52.25,58.20971806918785
2026-03-29 04:00:00,51.25,Gomti Nagar,53.0,51.92711978655802
2026-03-29 05:00:00,51.0,Gomti Nagar,55.75,49.66972277730408
2026-03-29 06:00:00,63.75,Gomti Nagar,57.75,50.75630138605377
2026-03-29 07:00:00,80.75,Gomti Nagar,74.25,58.887372013387385
2026-03-29 08:00:00,94.25,Gomti Nagar,85.25,67.02456110984112
2026-03-29 09:00:00,90.75,Gomti Nagar,85.25,76.25064726370489
2026-03-29 10:00:00,88.25,Gomti Nagar,85.0,73.00139890988946
2026-03-29 11:00:00,70.0,Gomti Nagar,80.0,66.40083217683741
2026-03-29 12:00:00,55.25,Gomti Nagar,69.5,53.84993590796577
2026-03-29 13:00:00,45.25,Gomti Nagar,62.0,56.263221630116725
2026-03-29 14:00:00,39.75,Gomti Nagar,55.0,46.85397498749034
2026-03-29 15:00:00,35.0,Gomti Nagar,52.25,45.022647572098805
2026-03-29 16:00:00,42.5,Gomti Nagar,70.0,45.02496675088787
2026-03-29 17:00:00,35.5,Gomti Nagar,70.25,49.13469837915763
2026-03-29 18:00:00,57.0,Gomti Nagar,66.75,49.147693253717634
2026-03-29 19:00:00,60.0,Gomti Nagar,74.5,62.87710049275382
2026-03-29 20:00:00,69.5,Gomti Nagar,76.75,70.63163353616615
2026-03-29 21:00:00,74.0,Gomti Nagar,87.0,82.12833970850352
2026-03-29 22:00:00,86.0,Gomti Nagar,133.75,87.46301453582198
2026-03-29 23:00:00,80.25,Gomti Nagar,135.5,90.75117169484507
2026-03-30 00:00:00,63.75,Gomti Nagar,111.75,83.76856740513057
2026-03-30 01:00:00,60.0,Gomti Nagar,131.5,70.92818250971862
2026-03-30 02:00:00,54.0,Gomti Nagar,172.0,63.27636949081577
2026-03-30 03:00:00,52.25,Gomti Nagar,134.75,55.0434251028291
2026-03-30 04:00:00,53.0,Gomti Nagar,82.5,51.85812404863686
2026-03-30 05:00:00,55.75,Gomti Nagar,63.0,53.08818162154042
2026-03-30 06:00:00,57.75,Gomti Nagar,59.0,64.29297927661145
2026-03-30 07:00:00,74.25,Gomti Nagar,46.0,73.05955891610533
2026-03-30 08:00:00,85.25,Gomti Nagar,33.5,80.61075025231536
2026-03-30 09:00:00,85.25,Gomti Nagar,31.25,85.07563358864972
2026-03-30 10:00:00,85.0,Gomti Nagar,29.5,80.42371003971488
2026-03-30 11:00:00,80.0,Gomti Nagar,26.75,78.67224571563514
2026-03-30 12:00:00,69.5,Gomti Nagar,23.5,66.07418955229171
2026-03-30 13:00:00,62.0,Gomti Nagar,20.5,54.98241797904314
2026-03-30 14:00:00,55.0,Gomti Nagar,20.0,55.55603557301644
2026-03-30 15:00:00,52.25,Gomti Nagar,15.0,53.60013228430137
2026-03-30 16:00:00,70.0,Gomti Nagar,16.5,50.60268197846216
2026-03-30 17:00:00,70.25,Gomti Nagar,15.75,57.79521080209776
2026-03-30 18:00:00,66.75,Gomti Nagar,16.25,64.69727446962298
2026-03-30 19:00:00,74.5,Gomti Nagar,23.75,65.9347013146626
2026-03-30 20:00:00,76.75,Gomti Nagar,32.0,74.73027158788638
2026-03-30 21:00:00,87.0,Gomti Nagar,29.75,78.31888474686001
2026-03-30 22:00:00,133.75,Gomti Nagar,30.75,88.32496132560917
2026-03-30 23:00:00,135.5,Gomti Nagar,44.67,95.40821074755725
2026-03-31 00:00:00,111.75,Gomti Nagar,48.0,87.6919778473623
2026-03-31 01:00:00,131.5,Gomti Nagar,200.0,81.89676698092616
2026-03-31 02:00:00,172.0,Gomti Nagar,40.5,80.20212106300339
2026-03-31 03:00:00,134.75,Gomti Nagar,5.75,82.37785320170131
2026-03-31 04:00:00,82.5,Gomti Nagar,17.5,71.23595103341843
2026-03-31 05:00:00,63.0,Gomti Nagar,11.0,71.38111589772
2026-03-31 07:00:00,46.0,Gomti Nagar,3.0,76.90690249080161
2026-03-31 08:00:00,33.5,Gomti Nagar,1.0,71.22079466105586
2026-03-31 10:00:00,29.5,Gomti Nagar,2.33,41.02357358148178
2026-03-31 11:00:00,26.75,Gomti Nagar,1.33,43.8067679147823
2026-03-31 12:00:00,23.5,Gomti Nagar,5.75,44.49451100967919
2026-03-31 13:00:00,20.5,Gomti Nagar,6.75,41.39602232127897
2026-03-31 14:00:00,20.0,Gomti Nagar,3.75,43.83028076444452
2026-03-31 15:00:00,15.0,Gomti Nagar,9.5,45.062308307734554
2026-03-31 16:00:00,16.5,Gomti Nagar,12.75,43.989876243176354
2026-03-31 17:00:00,15.75,Gomti Nagar,14.25,43.9791574944359
2026-03-31 18:00:00,16.25,Gomti Nagar,13.5,45.331496031217384
2026-03-31 19:00:00,23.75,Gomti Nagar,16.5,44.244436835386814
2026-03-31 20:00:00,32.0,Gomti Nagar,30.75,47.29078684975157
2026-03-31 21:00:00,29.75,Gomti Nagar,34.0,69.02406367158711
2026-03-31 22:00:00,30.75,Gomti Nagar,42.0,60.14747970098379
2026-03-31 23:00:00,44.67,Gomti Nagar,32.5,60.93117905567688
2026-04-01 00:00:00,48.0,Gomti Nagar,28.25,73.6644022884186
2026-04-01 01:00:00,200.0,Gomti Nagar,26.25,80.87219768692492
2026-04-01 02:00:00,40.5,Gomti Nagar,24.5,67.82963764550261
2026-04-01 03:00:00,5.75,Gomti Nagar,25.75,56.83675118662539
2026-04-01 04:00:00,17.5,Gomti Nagar,35.0,45.32739324121884
2026-04-01 05:00:00,11.0,Gomti Nagar,28.25,34.97795131549298
2026-04-01 06:00:00,,Gomti Nagar,30.25,36.38787641078058
2026-04-04 10:00:00,65.25,Gomti Nagar,2.75,70.32353026574206
2026-04-04 11:00:00,50.0,Gomti Nagar,1.33,69.65194509320322
2026-04-04 12:00:00,43.75,Gomti Nagar,1.0,65.59502806178048
2026-04-04 14:00:00,24.0,Gomti Nagar,1.0,40.42034258481919
2026-04-04 15:00:00,23.25,Gomti Nagar,2.25,41.19348772352706
2026-04-04 16:00:00,27.5,Gomti Nagar,3.0,42.09650934738021
2026-04-04 17:00:00,35.0,Gomti Nagar,6.5,44.184978190289556
2026-04-04 18:00:00,42.75,Gomti Nagar,11.25,49.83413229078834
2026-04-04 19:00:00,26.0,Gomti Nagar,18.0,65.12482061818642
2026-04-04 20:00:00,9.0,Gomti Nagar,24.0,44.51633231258162
2026-04-04 21:00:00,4.0,Gomti Nagar,24.25,50.12045098441085
2026-04-04 22:00:00,,Gomti Nagar,7.75,47.26808127705626
2026-04-12 07:00:00,79.5,Gomti Nagar,93.75,67.64139488311913
2026-04-12 08:00:00,78.0,Gomti Nagar,90.75,69.86352596309176
2026-04-12 09:00:00,78.0,Gomti Nagar,65.5,59.402428547536985
2026-04-12 10:00:00,80.25,Gomti Nagar,34.5,61.2395192905798
2026-04-12 11:00:00,68.25,Gomti Nagar,37.25,57.17785234406743
2026-04-12 12:00:00,62.5,Gomti Nagar,53.25,53.78276694892973
2026-04-12 14:00:00,66.75,Gomti Nagar,42.5,60.52074089533505
2026-04-12 15:00:00,64.25,Gomti Nagar,39.75,60.0372441750398
2026-04-12 16:00:00,73.75,Gomti Nagar,35.75,55.87493993865895
2026-04-12 17:00:00,75.0,Gomti Nagar,36.0,57.102008415199236
2026-04-12 18:00:00,73.0,Gomti Nagar,39.5,62.61520684498874
2026-04-12 19:00:00,81.0,Gomti Nagar,45.75,55.34998582433571
2026-04-12 20:00:00,111.0,Gomti Nagar,46.5,86.81536733622549
2026-04-12 21:00:00,111.75,Gomti Nagar,54.75,107.27257080890953
2026-04-12 22:00:00,98.75,Gomti Nagar,50.25,121.88048741124167
2026-04-12 23:00:00,95.25,Gomti Nagar,59.75,105.52699230224903
2026-04-13 00:00:00,97.5,Gomti Nagar,56.0,102.67048591446472
2026-04-13 01:00:00,96.25,Gomti Nagar,48.0,100.43417787905501
2026-04-13 02:00:00,88.25,Gomti Nagar,45.25,100.02533267225527
2026-04-13 03:00:00,80.0,Gomti Nagar,50.0,98.15539721820066
2026-04-13 04:00:00,76.0,Gomti Nagar,58.75,92.87905349841951
2026-04-13 05:00:00,73.5,Gomti Nagar,72.75,75.21120917269741
2026-04-13 06:00:00,84.25,Gomti Nagar,55.25,68.52222161355964
2026-04-13 07:00:00,93.75,Gomti Nagar,49.25,97.52339098841826
2026-04-13 08:00:00,90.75,Gomti Nagar,52.5,101.4141058479417
2026-04-13 09:00:00,65.5,Gomti Nagar,56.5,94.7873773367114
2026-04-13 10:00:00,34.5,Gomti Nagar,45.25,61.846343681551744
2026-04-13 11:00:00,37.25,Gomti Nagar,33.0,54.60449230810537
2026-04-13 12:00:00,53.25,Gomti Nagar,20.0,55.333316957723206
2026-04-13 13:00:00,67.25,Gomti Nagar,24.25,60.17955822437664
2026-04-13 14:00:00,42.5,Gomti Nagar,25.25,63.68202333241186
2026-04-13 15:00:00,39.75,Gomti Nagar,30.25,55.09069397986555
2026-04-13 16:00:00,35.75,Gomti Nagar,29.25,54.637830936916906
2026-04-13 17:00:00,36.0,Gomti Nagar,40.25,55.68737954244454
2026-04-13 18:00:00,39.5,Gomti Nagar,34.0,57.81634985065588
2026-04-13 19:00:00,45.75,Gomti Nagar,54.5,62.192801101412954
2026-04-13 20:00:00,46.5,Gomti Nagar,56.25,66.38029234106354
2026-04-13 21:00:00,54.75,Gomti Nagar,75.75,61.6682952668192
2026-04-13 22:00:00,50.25,Gomti Nagar,56.0,59.824295810292774
2026-04-13 23:00:00,59.75,Gomti Nagar,51.25,58.817698670818075
2026-04-14 00:00:00,56.0,Gomti Nagar,45.5,66.04488230804091
2026-04-14 01:00:00,48.0,Gomti Nagar,40.75,63.15021046806249
2026-04-14 02:00:00,45.25,Gomti Nagar,42.5,55.18207653189016
2026-04-14 03:00:00,50.0,Gomti Nagar,42.25,53.58079329756158
2026-04-14 04:00:00,58.75,Gomti Nagar,38.5,57.834366183563255
2026-04-14 05:00:00,72.75,Gomti Nagar,39.0,57.69392720560073
2026-04-14 06:00:00,55.25,Gomti Nagar,52.5,62.86251062910731
2026-04-14 07:00:00,49.25,Gomti Nagar,63.5,62.96335963307922
2026-04-14 08:00:00,52.5,Gomti Nagar,70.5,61.45059602784334
2026-04-14 09:00:00,56.5,Gomti Nagar,63.25,58.498415638286524
2026-04-14 10:00:00,45.25,Gomti Nagar,56.75,60.04530976322527
2026-04-14 11:00:00,33.0,Gomti Nagar,38.5,49.314136266165555
2026-04-14 12:00:00,20.0,Gomti Nagar,21.5,44.930490971856074
2026-04-14 13:00:00,24.25,Gomti Nagar,26.0,46.69899497577412
2026-04-14 14:00:00,25.25,Gomti Nagar,26.25,44.93112200556339
2026-04-14 15:00:00,30.25,Gomti Nagar,24.0,45.67588552011282
2026-04-14 16:00:00,29.25,Gomti Nagar,26.0,42.944489644936255
2026-04-14 17:00:00,40.25,Gomti Nagar,27.0,44.869704093527616
2026-04-14 18:00:00,34.0,Gomti Nagar,24.75,54.034054854662315
2026-04-14 19:00:00,54.5,Gomti Nagar,36.75,48.45401718798817
2026-04-14 20:00:00,56.25,Gomti Nagar,44.0,66.26346897044469
2026-04-14 21:00:00,75.75,Gomti Nagar,52.0,63.64307847850499
2026-04-14 22:00:00,56.0,Gomti Nagar,49.5,69.77878568673812
2026-04-14 23:00:00,51.25,Gomti Nagar,54.25,64.32426959154529
2026-04-15 00:00:00,45.5,Gomti Nagar,52.5,61.731720741832454
2026-04-15 01:00:00,40.75,Gomti Nagar,35.75,54.861169283421575
2026-04-15 02:00:00,42.5,Gomti Nagar,32.25,50.82518161347294
2026-04-15 03:00:00,42.25,Gomti Nagar,36.75,54.13005040263457
2026-04-15 04:00:00,38.5,Gomti Nagar,54.25,65.85693481686461
2026-04-15 05:00:00,39.0,Gomti Nagar,42.5,60.91231785005474
2026-04-15 06:00:00,52.5,Gomti Nagar,41.75,63.53307120833466
2026-04-15 08:00:00,70.5,Gomti Nagar,58.5,62.48414539688265
2026-04-15 09:00:00,63.25,Gomti Nagar,64.25,62.99922853914748
2026-04-15 10:00:00,56.75,Gomti Nagar,48.25,63.01343584873601
2026-04-15 11:00:00,38.5,Gomti Nagar,37.75,61.233751888884264
2026-04-15 12:00:00,21.5,Gomti Nagar,32.25,47.00803398492775
2026-04-15 13:00:00,26.0,Gomti Nagar,26.75,39.00262387831441
2026-04-15 14:00:00,26.25,Gomti Nagar,27.25,40.87256578243057
2026-04-15 15:00:00,24.0,Gomti Nagar,17.5,42.27036290933193
2026-04-15 16:00:00,26.0,Gomti Nagar,15.0,45.550354881392785
2026-04-15 17:00:00,27.0,Gomti Nagar,17.5,47.37947125027219
2026-04-15 18:00:00,24.75,Gomti Nagar,20.5,46.06004939462862
2026-04-15 19:00:00,36.75,Gomti Nagar,29.0,44.50751778488518
2026-04-15 20:00:00,44.0,Gomti Nagar,38.5,56.32780065966147
2026-04-15 21:00:00,52.0,Gomti Nagar,73.25,64.38204445061746
2026-04-16 00:00:00,52.5,Gomti Nagar,100.0,64.00204733379636
2026-04-16 01:00:00,35.75,Gomti Nagar,77.25,59.954940438515
2026-04-16 02:00:00,32.25,Gomti Nagar,61.0,49.223175369621934
2026-04-16 03:00:00,36.75,Gomti Nagar,55.75,53.63351026047823
2026-04-16 04:00:00,54.25,Gomti Nagar,50.75,49.18144144489375
2026-04-16 05:00:00,42.5,Gomti Nagar,36.33,71.68390767411849
2026-04-16 06:00:00,41.75,Gomti Nagar,36.0,49.42023114990995
2026-04-16 07:00:00,53.0,Gomti Nagar,69.25,51.36418411321639
2026-04-16 08:00:00,58.5,Gomti Nagar,84.0,60.72999076836881
2026-04-16 09:00:00,64.25,Gomti Nagar,82.75,59.34282539417008
2026-04-16 10:00:00,48.25,Gomti Nagar,82.5,55.60186494330166
2026-04-16 11:00:00,37.75,Gomti Nagar,81.5,50.978836631761276
2026-04-16 12:00:00,32.25,Gomti Nagar,59.75,48.44126505866821
2026-04-16 13:00:00,26.75,Gomti Nagar,47.5,42.70134543557435
2026-04-16 14:00:00,27.25,Gomti Nagar,44.75,38.4812581011802
2026-04-16 15:00:00,17.5,Gomti Nagar,40.5,38.79683052155565
2026-04-16 16:00:00,15.0,Gomti Nagar,36.0,34.71552791607897
2026-04-16 17:00:00,17.5,Gomti Nagar,37.0,31.494561565670107
2026-04-16 18:00:00,20.5,Gomti Nagar,32.0,31.92206679535393
2026-04-16 19:00:00,29.0,Gomti Nagar,41.25,34.83776839191822
2026-04-16 20:00:00,38.5,Gomti Nagar,61.0,50.45043903824339
2026-04-16 21:00:00,73.25,Gomti Nagar,87.0,51.67570940130725
2026-04-16 22:00:00,75.75,Gomti Nagar,78.0,59.55012194525435
2026-04-16 23:00:00,91.5,Gomti Nagar,67.5,58.19269622270799
2026-04-17 00:00:00,100.0,Gomti Nagar,52.5,66.87290668295505
2026-04-17 01:00:00,77.25,Gomti Nagar,48.25,61.048405534707626
2026-04-17 02:00:00,61.0,Gomti Nagar,50.5,64.96753043968772
2026-04-17 03:00:00,55.75,Gomti Nagar,52.75,61.00890971659621
2026-04-17 04:00:00,50.75,Gomti Nagar,59.75,58.79982593560674
2026-04-17 05:00:00,36.33,Gomti Nagar,63.0,53.54597872653507
2026-04-17 06:00:00,36.0,Gomti Nagar,66.5,45.629981881325314
2026-04-17 07:00:00,69.25,Gomti Nagar,75.0,50.25556205942238
2026-04-17 08:00:00,84.0,Gomti Nagar,84.5,60.06967871863981
2026-04-17 09:00:00,82.75,Gomti Nagar,80.75,74.08451318237572
2026-04-17 10:00:00,82.5,Gomti Nagar,63.0,64.67989956353854
2026-04-17 11:00:00,81.5,Gomti Nagar,49.75,61.43957840630551
2026-04-17 12:00:00,59.75,Gomti Nagar,39.0,60.64001841979442
2026-04-17 13:00:00,47.5,Gomti Nagar,41.75,50.00321264591765
2026-04-17 14:00:00,44.75,Gomti Nagar,51.5,47.76314128910667
2026-04-17 15:00:00,40.5,Gomti Nagar,55.5,51.60516057039962
2026-04-17 16:00:00,36.0,Gomti Nagar,65.5,52.97640156330253
2026-04-17 17:00:00,37.0,Gomti Nagar,55.25,51.40207202502544
2026-04-17 18:00:00,32.0,Gomti Nagar,55.0,60.28604878653391
2026-04-17 19:00:00,41.25,Gomti Nagar,68.5,50.27253894297372
2026-04-17 20:00:00,61.0,Gomti Nagar,69.75,59.49165024731835
2026-04-17 21:00:00,87.0,Gomti Nagar,60.5,77.4918682363421
2026-04-17 22:00:00,78.0,Gomti Nagar,64.0,89.78609231613059
2026-04-17 23:00:00,67.5,Gomti Nagar,65.0,86.05571579251901
2026-04-18 00:00:00,52.5,Gomti Nagar,69.5,73.7019896691548
2026-04-18 01:00:00,48.25,Gomti Nagar,50.5,63.69884622396756
2026-04-18 02:00:00,50.5,Gomti Nagar,44.75,62.73084994096757
2026-04-18 03:00:00,52.75,Gomti Nagar,42.25,58.02061147502183
2026-04-18 04:00:00,59.75,Gomti Nagar,46.25,55.36749343543339
2026-04-18 05:00:00,63.0,Gomti Nagar,44.5,56.26535328724605
2026-04-18 06:00:00,66.5,Gomti Nagar,89.75,56.210389997010644
2026-04-18 07:00:00,75.0,Gomti Nagar,70.0,68.74670535292721
2026-04-18 08:00:00,84.5,Gomti Nagar,67.5,78.39076470517578
2026-04-18 09:00:00,80.75,Gomti Nagar,70.5,86.8273924859858
2026-04-18 10:00:00,63.0,Gomti Nagar,59.5,78.35275918339613
2026-04-18 11:00:00,49.75,Gomti Nagar,53.75,69.83903739452671
2026-04-18 12:00:00,39.0,Gomti Nagar,41.75,61.255917988354774
2026-04-18 13:00:00,41.75,Gomti Nagar,49.25,51.510430264708354
2026-04-18 14:00:00,51.5,Gomti Nagar,54.5,50.265626502322604
2026-04-18 15:00:00,55.5,Gomti Nagar,49.5,53.67963244500369
2026-04-18 16:00:00,65.5,Gomti Nagar,45.5,50.31660435855193
2026-04-18 17:00:00,55.25,Gomti Nagar,37.25,54.15279686438779
2026-04-18 18:00:00,55.0,Gomti Nagar,35.25,55.17060978389442
2026-04-18 19:00:00,68.5,Gomti Nagar,42.75,66.29531393854597
2026-04-18 20:00:00,69.75,Gomti Nagar,51.5,74.57560808890217
2026-04-18 21:00:00,60.5,Gomti Nagar,56.5,74.24121441668174
2026-04-18 22:00:00,64.0,Gomti Nagar,63.0,68.51154305137017
2026-04-18 23:00:00,65.0,Gomti Nagar,53.75,70.81181193238724
2026-04-19 00:00:00,69.5,Gomti Nagar,60.25,63.38260999768012
2026-04-19 01:00:00,50.5,Gomti Nagar,61.75,57.98142880846961
2026-04-19 02:00:00,44.75,Gomti Nagar,45.75,58.4651573918027
2026-04-19 03:00:00,42.25,Gomti Nagar,37.75,58.58987680562559
2026-04-19 04:00:00,46.25,Gomti Nagar,50.0,56.65289019719363
2026-04-19 05:00:00,44.5,Gomti Nagar,43.5,57.56218685255671
2026-04-19 06:00:00,89.75,Gomti Nagar,47.25,59.554138189782094
2026-04-19 07:00:00,70.0,Gomti Nagar,64.25,90.86476799672013
2026-04-19 08:00:00,67.5,Gomti Nagar,71.25,75.85303206491831
2026-04-19 09:00:00,70.5,Gomti Nagar,67.75,72.05471089750833
2026-04-19 10:00:00,59.5,Gomti Nagar,83.5,68.84024656590428
2026-04-19 11:00:00,53.75,Gomti Nagar,71.33,66.00236895116416
2026-04-19 12:00:00,41.75,Gomti Nagar,54.5,54.94903518122627
2026-04-19 13:00:00,49.25,Gomti Nagar,53.25,56.29456892598622
2026-04-19 14:00:00,54.5,Gomti Nagar,54.0,56.23566363937721
2026-04-19 15:00:00,49.5,Gomti Nagar,54.75,61.415614980270654
2026-04-19 16:00:00,45.5,Gomti Nagar,50.75,59.122371964227966
2026-04-19 17:00:00,37.25,Gomti Nagar,46.5,57.42725108701235
2026-04-19 18:00:00,35.25,Gomti Nagar,33.25,61.63391613797532
2026-04-19 19:00:00,42.75,Gomti Nagar,48.0,56.83227021326812
2026-04-19 20:00:00,51.5,Gomti Nagar,67.25,63.84231727722248
2026-04-19 21:00:00,56.5,Gomti Nagar,62.25,68.78445295800043
2026-04-19 22:00:00,63.0,Gomti Nagar,56.75,67.95271383863638
2026-04-19 23:00:00,53.75,Gomti Nagar,51.75,69.53115182045086
2026-04-20 00:00:00,60.25,Gomti Nagar,43.0,69.21868024123073
2026-04-20 01:00:00,61.75,Gomti Nagar,34.75,66.26528348041975
2026-04-20 02:00:00,45.75,Gomti Nagar,34.0,74.2515369724032
2026-04-20 03:00:00,37.75,Gomti Nagar,51.25,72.03007926075719
2026-04-20 04:00:00,50.0,Gomti Nagar,47.0,54.05372909616787
2026-04-20 05:00:00,43.5,Gomti Nagar,38.25,60.98338560712678
2026-04-20 06:00:00,47.25,Gomti Nagar,49.75,59.13929657056508
2026-04-20 07:00:00,64.25,Gomti Nagar,47.75,61.23351846982994
2026-04-20 08:00:00,71.25,Gomti Nagar,49.5,73.87178040950407
2026-04-20 09:00:00,67.75,Gomti Nagar,48.0,74.85452513837801
2026-04-20 10:00:00,83.5,Gomti Nagar,48.25,71.12694403483164
2026-04-20 11:00:00,71.33,Gomti Nagar,46.0,70.79673527519832
2026-04-20 12:00:00,54.5,Gomti Nagar,49.0,68.16274024606787
2026-04-20 13:00:00,53.25,Gomti Nagar,46.0,62.87502863724708
2026-04-20 14:00:00,54.0,Gomti Nagar,60.5,59.831137280247
2026-04-20 15:00:00,54.75,Gomti Nagar,96.5,56.80263647675399
2026-04-20 16:00:00,50.75,Gomti Nagar,70.25,58.507264918539256
2026-04-20 17:00:00,46.5,Gomti Nagar,59.5,58.853258337471004
2026-04-20 18:00:00,33.25,Gomti Nagar,50.0,65.01846739546144
2026-04-20 19:00:00,48.0,Gomti Nagar,48.0,52.74730295649277
2026-04-20 20:00:00,67.25,Gomti Nagar,57.5,66.80585552867804
2026-04-20 21:00:00,62.25,Gomti Nagar,65.0,75.18520351578972
2026-04-20 22:00:00,56.75,Gomti Nagar,70.75,73.83414687991637
2026-04-20 23:00:00,51.75,Gomti Nagar,133.0,71.39996599457068
2026-04-21 00:00:00,43.0,Gomti Nagar,85.0,73.18057328140287
2026-04-21 01:00:00,34.75,Gomti Nagar,57.75,64.02930482204441
2026-04-21 02:00:00,34.0,Gomti Nagar,53.5,54.16597420264119
2026-04-21 03:00:00,51.25,Gomti Nagar,47.75,49.39467290131857
2026-04-21 04:00:00,47.0,Gomti Nagar,55.75,61.63204752527392
2026-04-21 05:00:00,38.25,Gomti Nagar,53.5,58.85300669774919
2026-04-21 06:00:00,49.75,Gomti Nagar,50.25,50.79180676467739
2026-04-21 07:00:00,47.75,Gomti Nagar,64.5,67.0927730907809
2026-04-21 08:00:00,49.5,Gomti Nagar,61.25,66.6613059083282
2026-04-21 09:00:00,48.0,Gomti Nagar,61.0,64.2339793810462
2026-04-21 10:00:00,48.25,Gomti Nagar,63.5,61.72965945228379
2026-04-21 11:00:00,46.0,Gomti Nagar,64.0,56.51774886416789
2026-04-21 12:00:00,49.0,Gomti Nagar,60.75,49.38828870230531
2026-04-21 13:00:00,46.0,Gomti Nagar,63.0,47.652674911321064
2026-04-21 14:00:00,60.5,Gomti Nagar,74.25,44.418238356731585
2026-04-21 15:00:00,96.5,Gomti Nagar,63.25,60.81201784584282
2026-04-21 16:00:00,70.25,Gomti Nagar,52.0,80.99332368654734
2026-04-21 17:00:00,59.5,Gomti Nagar,52.75,61.69971240647718
2026-04-21 18:00:00,50.0,Gomti Nagar,48.75,72.26856524428806
2026-04-21 19:00:00,48.0,Gomti Nagar,51.25,65.5260878286626
2026-04-21 20:00:00,57.5,Gomti Nagar,59.25,74.78884453306821
2026-04-21 21:00:00,65.0,Gomti Nagar,60.0,72.23076848375923
2026-04-21 22:00:00,70.75,Gomti Nagar,58.5,72.27775901757404
2026-04-21 23:00:00,133.0,Gomti Nagar,58.0,71.8094736016239
2026-04-22 00:00:00,85.0,Gomti Nagar,57.0,64.61241729440366
2026-04-22 01:00:00,57.75,Gomti Nagar,50.25,72.44961727092743
2026-04-22 02:00:00,53.5,Gomti Nagar,56.0,81.0510734408325
2026-04-22 03:00:00,47.75,Gomti Nagar,45.0,58.23648338763003
2026-04-22 04:00:00,55.75,Gomti Nagar,42.25,57.23214514386387
2026-04-22 05:00:00,53.5,Gomti Nagar,42.75,55.416530798448825
2026-04-22 06:00:00,50.25,Gomti Nagar,52.25,58.135614750237536
2026-04-22 07:00:00,64.5,Gomti Nagar,77.75,55.30054281192257
2026-04-22 08:00:00,61.25,Gomti Nagar,74.25,70.65343631516421
2026-04-22 09:00:00,61.0,Gomti Nagar,76.5,66.97462683292942
2026-04-22 10:00:00,63.5,Gomti Nagar,62.75,64.66657179784234
2026-04-22 11:00:00,64.0,Gomti Nagar,75.75,61.28646258345056
2026-04-22 12:00:00,60.75,Gomti Nagar,64.5,54.56781487429105
2026-04-22 13:00:00,63.0,Gomti Nagar,63.25,54.12496504542685
2026-04-22 14:00:00,74.25,Gomti Nagar,52.75,58.26285638909028
2026-04-22 15:00:00,63.25,Gomti Nagar,207.75,49.384069514276185
2026-04-22 16:00:00,52.0,Gomti Nagar,200.0,50.91982894939424
2026-04-22 17:00:00,52.75,Gomti Nagar,64.25,58.204631975998296
2026-04-22 18:00:00,48.75,Gomti Nagar,38.25,54.28779285537794
2026-04-22 19:00:00,51.25,Gomti Nagar,45.75,62.94413319958983
2026-04-22 20:00:00,59.25,Gomti Nagar,61.75,67.82689877753454
2026-04-22 21:00:00,60.0,Gomti Nagar,58.0,67.39772220496212
2026-04-22 22:00:00,58.5,Gomti Nagar,45.75,65.28000523014816
2026-04-22 23:00:00,58.0,Gomti Nagar,33.75,65.4264085194492
2026-04-23 00:00:00,57.0,Gomti Nagar,44.25,63.81476480548572
2026-04-23 01:00:00,50.25,Gomti Nagar,41.75,72.40856023838391
2026-04-23 02:00:00,56.0,Gomti Nagar,32.5,63.77185707197636
2026-04-23 03:00:00,45.0,Gomti Nagar,28.5,68.34061695604497
2026-04-23 04:00:00,42.25,Gomti Nagar,49.25,58.213141682821124
2026-04-23 05:00:00,42.75,Gomti Nagar,34.25,55.211095289701674
2026-04-23 06:00:00,52.25,Gomti Nagar,32.75,51.87976616723868
2026-04-23 07:00:00,77.75,Gomti Nagar,55.0,60.374677769110605
2026-04-23 08:00:00,74.25,Gomti Nagar,60.25,74.06158510340815
2026-04-23 09:00:00,76.5,Gomti Nagar,62.75,74.93170336407807
2026-04-23 10:00:00,62.75,Gomti Nagar,52.5,73.9536903535265
2026-04-23 11:00:00,75.75,Gomti Nagar,41.25,64.9255320228231
2026-04-23 12:00:00,64.5,Gomti Nagar,35.75,65.44395429680755
2026-04-23 13:00:00,63.25,Gomti Nagar,23.0,59.88593522263353
2026-04-23 14:00:00,52.75,Gomti Nagar,19.75,60.79390725778885
2026-04-23 15:00:00,207.75,Gomti Nagar,20.25,57.58461608849486
2026-04-23 16:00:00,200.0,Gomti Nagar,24.75,81.16326608652464
2026-04-23 17:00:00,64.25,Gomti Nagar,26.75,72.39851922751927
2026-04-23 18:00:00,38.25,Gomti Nagar,30.0,63.78154913443539
2026-04-23 19:00:00,45.75,Gomti Nagar,35.5,51.89484802247656
2026-04-23 20:00:00,61.75,Gomti Nagar,48.75,70.05993560681986
2026-04-23 21:00:00,58.0,Gomti Nagar,58.0,77.45912352416768
2026-04-23 22:00:00,45.75,Gomti Nagar,60.5,70.62707709742433
2026-04-23 23:00:00,33.75,Gomti Nagar,66.75,74.82276411947808
2026-04-24 00:00:00,44.25,Gomti Nagar,110.5,55.61110075579436
2026-04-24 01:00:00,41.75,Gomti Nagar,84.75,59.5621897670432
2026-04-24 02:00:00,32.5,Gomti Nagar,70.75,61.43963897955149
2026-04-24 03:00:00,28.5,Gomti Nagar,86.5,48.076599970900816
2026-04-24 04:00:00,49.25,Gomti Nagar,86.5,45.32594592626942
2026-04-24 05:00:00,34.25,Gomti Nagar,53.0,56.966771376806136
2026-04-24 06:00:00,32.75,Gomti Nagar,50.0,45.628059164335816
2026-04-24 07:00:00,55.0,Gomti Nagar,45.75,48.223660622940066
2026-04-24 08:00:00,60.25,Gomti Nagar,73.75,73.62966117284297
2026-04-24 09:00:00,62.75,Gomti Nagar,74.75,74.72703529363443
2026-04-24 10:00:00,52.5,Gomti Nagar,73.75,70.66880297417403
2026-04-24 11:00:00,41.25,Gomti Nagar,50.0,63.04192580453737
2026-04-24 12:00:00,35.75,Gomti Nagar,40.0,51.00352921455426
2026-04-24 13:00:00,23.0,Gomti Nagar,34.75,45.57553537408663
2026-04-24 14:00:00,19.75,Gomti Nagar,33.5,50.14217253836819
2026-04-24 15:00:00,20.25,Gomti Nagar,34.5,52.25036563954392
2026-04-24 16:00:00,24.75,Gomti Nagar,38.5,47.14295412427793
2026-04-24 17:00:00,26.75,Gomti Nagar,43.25,43.78722897935118
2026-04-24 18:00:00,30.0,Gomti Nagar,39.5,41.839263743239144
2026-04-24 19:00:00,35.5,Gomti Nagar,54.25,49.975914470519406
2026-04-24 20:00:00,48.75,Gomti Nagar,79.0,51.676855338447176
2026-04-24 21:00:00,58.0,Gomti Nagar,82.25,66.24872988254009
2026-04-24 22:00:00,60.5,Gomti Nagar,71.75,63.115928657874626
2026-04-24 23:00:00,66.75,Gomti Nagar,58.25,72.34460375966628
2026-04-25 00:00:00,110.5,Gomti Nagar,48.25,66.42700431829535
2026-04-25 01:00:00,84.75,Gomti Nagar,78.5,62.694113417649596
2026-04-25 02:00:00,70.75,Gomti Nagar,65.5,67.54108948051217
2026-04-25 03:00:00,86.5,Gomti Nagar,46.0,71.645604174598
2026-04-25 04:00:00,86.5,Gomti Nagar,44.75,63.00286323900105
2026-04-25 05:00:00,53.0,Gomti Nagar,60.25,69.19078781235707
2026-04-25 06:00:00,50.0,Gomti Nagar,73.0,56.51591659799577
2026-04-25 07:00:00,45.75,Gomti Nagar,81.75,58.614218655010745
2026-04-25 08:00:00,73.75,Gomti Nagar,88.0,61.722860638780624
2026-04-25 09:00:00,74.75,Gomti Nagar,87.25,73.48129347896057
2026-04-25 10:00:00,73.75,Gomti Nagar,67.75,65.03155884542952
2026-04-25 11:00:00,50.0,Gomti Nagar,54.75,65.45092261691137
2026-04-25 12:00:00,40.0,Gomti Nagar,53.0,58.0999372236243
2026-04-25 13:00:00,34.75,Gomti Nagar,55.5,52.11666229005315
2026-04-25 14:00:00,33.5,Gomti Nagar,46.75,50.31785074790669
2026-04-25 15:00:00,34.5,Gomti Nagar,45.75,51.828406981339306
2026-04-25 16:00:00,38.5,Gomti Nagar,52.75,54.25069874347026
2026-04-25 17:00:00,43.25,Gomti Nagar,46.25,52.5756241301756
2026-04-25 18:00:00,39.5,Gomti Nagar,48.25,56.355204628823834
2026-04-25 19:00:00,54.25,Gomti Nagar,55.0,60.326179012484815
2026-04-25 20:00:00,79.0,Gomti Nagar,61.0,70.4633876474457
2026-04-25 21:00:00,82.25,Gomti Nagar,61.25,73.29814517671745
2026-04-25 22:00:00,71.75,Gomti Nagar,67.0,77.38952961769866
2026-04-25 23:00:00,58.25,Gomti Nagar,71.0,83.31502379188376
2026-04-26 00:00:00,48.25,Gomti Nagar,143.0,83.6144877228978
2026-04-26 01:00:00,78.5,Gomti Nagar,106.5,70.9915735856634
2026-04-26 02:00:00,65.5,Gomti Nagar,74.0,72.29075397374817
2026-04-26 03:00:00,46.0,Gomti Nagar,55.5,81.697082431613
2026-04-26 04:00:00,44.75,Gomti Nagar,42.75,66.90072502614166
2026-04-26 05:00:00,60.25,Gomti Nagar,33.75,58.63501299949336
2026-04-26 06:00:00,73.0,Gomti Nagar,25.25,63.089227973562856
2026-04-26 07:00:00,81.75,Gomti Nagar,22.25,70.01486895112818
2026-04-26 08:00:00,88.0,Gomti Nagar,24.5,91.46706185590736
2026-04-26 09:00:00,87.25,Gomti Nagar,27.0,92.03250598371564
2026-04-26 10:00:00,67.75,Gomti Nagar,33.25,87.03675715498326
2026-04-26 11:00:00,54.75,Gomti Nagar,35.75,68.60778764555207
2026-04-26 12:00:00,53.0,Gomti Nagar,39.75,62.87909057147225
2026-04-26 13:00:00,55.5,Gomti Nagar,45.25,56.655191646641626
2026-04-26 14:00:00,46.75,Gomti Nagar,45.25,58.56474870252863
2026-04-26 15:00:00,45.75,Gomti Nagar,42.0,62.70659370332916
2026-04-26 16:00:00,52.75,Gomti Nagar,38.5,77.93534417866852
2026-04-26 17:00:00,46.25,Gomti Nagar,42.25,57.79982917189807
2026-04-26 18:00:00,48.25,Gomti Nagar,43.75,62.691469879008366
2026-04-26 19:00:00,55.0,Gomti Nagar,50.75,60.27612095239752
2026-04-26 20:00:00,61.0,Gomti Nagar,64.0,76.74287987823277
2026-04-26 21:00:00,61.25,Gomti Nagar,60.25,75.76334778891632
2026-04-26 22:00:00,67.0,Gomti Nagar,52.75,71.282161976065
2026-04-26 23:00:00,71.0,Gomti Nagar,53.75,69.03980750076862
2026-04-27 00:00:00,143.0,Gomti Nagar,84.75,67.18837437824304
2026-04-27 01:00:00,106.5,Gomti Nagar,61.75,79.11556365547358
2026-04-27 02:00:00,74.0,Gomti Nagar,40.75,83.2566442332305
2026-04-27 03:00:00,55.5,Gomti Nagar,33.5,67.37655488213726
2026-04-27 04:00:00,42.75,Gomti Nagar,27.75,65.02913034808216
2026-04-27 05:00:00,33.75,Gomti Nagar,24.75,58.859241052742206
2026-04-27 06:00:00,25.25,Gomti Nagar,20.75,49.71660524760058
2026-04-27 07:00:00,22.25,Gomti Nagar,21.75,45.015363119463004
2026-04-27 08:00:00,24.5,Gomti Nagar,26.25,45.21807785375843
2026-04-27 09:00:00,27.0,Gomti Nagar,25.75,45.69154501489321
2026-04-27 10:00:00,33.25,Gomti Nagar,29.5,47.90846137787012
2026-04-27 11:00:00,35.75,Gomti Nagar,37.25,46.5717217678582
2026-04-27 12:00:00,39.75,Gomti Nagar,42.75,47.07174038656248
2026-04-27 13:00:00,45.25,Gomti Nagar,43.0,47.26247163423108
2026-04-27 14:00:00,45.25,Gomti Nagar,38.5,50.22378373796859
2026-04-27 15:00:00,42.0,Gomti Nagar,36.75,51.04883029024342
2026-04-27 16:00:00,38.5,Gomti Nagar,39.5,47.601345990898054
2026-04-27 17:00:00,42.25,Gomti Nagar,45.0,46.93462832977401
2026-04-27 18:00:00,43.75,Gomti Nagar,45.0,50.17017788454014
2026-04-27 19:00:00,50.75,Gomti Nagar,53.25,53.507885374463534
2026-04-27 20:00:00,64.0,Gomti Nagar,57.5,62.927365334040914
2026-04-27 21:00:00,60.25,Gomti Nagar,70.0,68.23571746058032
2026-04-27 22:00:00,52.75,Gomti Nagar,55.75,65.8738424193919
2026-04-27 23:00:00,53.75,Gomti Nagar,53.0,65.96921432874643
2026-04-28 00:00:00,84.75,Gomti Nagar,53.0,67.02290339533755
2026-04-28 01:00:00,61.75,Gomti Nagar,50.5,76.63645948266294
2026-04-28 02:00:00,40.75,Gomti Nagar,49.0,64.83462492767207
2026-04-28 03:00:00,33.5,Gomti Nagar,49.0,54.3724395176235
2026-04-28 04:00:00,27.75,Gomti Nagar,45.5,48.45431596233987
2026-04-28 05:00:00,24.75,Gomti Nagar,45.75,39.054176789672404
2026-04-28 06:00:00,20.75,Gomti Nagar,46.0,37.8070742851073
2026-04-28 07:00:00,21.75,Gomti Nagar,58.75,37.59706358465117
2026-04-28 08:00:00,26.25,Gomti Nagar,71.75,37.23703356020772
2026-04-28 09:00:00,25.75,Gomti Nagar,69.75,41.37780808002257
2026-04-28 10:00:00,29.5,Gomti Nagar,66.75,39.65022953579476
2026-04-28 11:00:00,37.25,Gomti Nagar,68.5,45.07675051947049
2026-04-28 12:00:00,42.75,Gomti Nagar,65.5,46.51479885527572
2026-04-28 13:00:00,43.0,Gomti Nagar,66.75,48.38773339883528
2026-04-28 14:00:00,38.5,Gomti Nagar,209.5,46.890248297166025
2026-04-28 15:00:00,36.75,Gomti Nagar,115.0,45.15472088365801
2026-04-28 16:00:00,39.5,Gomti Nagar,45.5,44.933331684100516
2026-04-28 17:00:00,45.0,Gomti Nagar,28.5,46.195157812162876
2026-04-28 18:00:00,45.0,Gomti Nagar,33.25,47.76286710744459
2026-04-28 19:00:00,53.25,Gomti Nagar,40.0,52.62169568764327
2026-04-28 20:00:00,57.5,Gomti Nagar,52.0,61.29104174585034
2026-04-28 21:00:00,70.0,Gomti Nagar,54.0,66.29220677062705
2026-04-28 22:00:00,55.75,Gomti Nagar,44.75,65.01502033855901
2026-04-28 23:00:00,53.0,Gomti Nagar,69.25,63.51101447386775
2026-04-29 00:00:00,53.0,Gomti Nagar,70.0,74.4238186071768
2026-04-29 01:00:00,50.5,Gomti Nagar,22.25,68.43984724208046
2026-04-29 02:00:00,49.0,Gomti Nagar,11.5,53.56831600539349
2026-04-29 03:00:00,49.0,Gomti Nagar,16.0,53.564023284073805
2026-04-29 04:00:00,45.5,Gomti Nagar,15.25,49.47821308174818
2026-04-29 05:00:00,45.75,Gomti Nagar,15.5,62.65884944589125
2026-04-29 06:00:00,46.0,Gomti Nagar,4.5,73.25427851566397
2026-04-29 07:00:00,58.75,Gomti Nagar,2.5,61.38050516114537
2026-04-29 08:00:00,71.75,Gomti Nagar,8.0,56.998406788222965
2026-04-29 09:00:00,69.75,Gomti Nagar,26.0,61.35217120719992
2026-04-29 10:00:00,66.75,Gomti Nagar,27.25,64.44255599490945
2026-04-29 11:00:00,68.5,Gomti Nagar,30.25,65.48018366675211
2026-04-29 12:00:00,65.5,Gomti Nagar,41.75,66.95020714271439
2026-04-29 13:00:00,66.75,Gomti Nagar,36.25,67.54612430871494
2026-04-29 14:00:00,209.5,Gomti Nagar,23.0,69.14235495274586
2026-04-29 15:00:00,115.0,Gomti Nagar,17.75,46.11614065319347
2026-04-29 16:00:00,45.5,Gomti Nagar,14.25,48.58564836862903
2026-04-29 17:00:00,28.5,Gomti Nagar,14.25,51.36229807531991
2026-04-29 18:00:00,33.25,Gomti Nagar,13.75,46.37811989586215
2026-04-29 19:00:00,40.0,Gomti Nagar,19.75,42.96307194794759
2026-04-29 20:00:00,52.0,Gomti Nagar,27.75,57.42146555778367
2026-04-29 21:00:00,54.0,Gomti Nagar,23.0,75.73415276422828
2026-04-29 22:00:00,44.75,Gomti Nagar,83.25,69.52730885625888
2026-04-29 23:00:00,69.25,Gomti Nagar,55.0,59.34613063959653
2026-04-30 09:00:00,26.0,Gomti Nagar,2.5,53.600673971861475
2026-04-30 10:00:00,27.25,Gomti Nagar,3.0,55.56191070950856
2026-04-30 11:00:00,30.25,Gomti Nagar,7.5,61.64598194272224
2026-04-30 12:00:00,41.75,Gomti Nagar,8.75,80.65828817869658
2026-04-30 13:00:00,36.25,Gomti Nagar,8.75,87.2955824940639
2026-04-30 14:00:00,23.0,Gomti Nagar,7.0,96.60415702607088
2026-04-30 15:00:00,17.75,Gomti Nagar,7.0,27.65750744416627
2026-04-30 16:00:00,14.25,Gomti Nagar,7.25,27.598314845036832
2026-04-30 17:00:00,14.25,Gomti Nagar,9.5,25.189247349178874
2026-04-30 18:00:00,13.75,Gomti Nagar,10.0,27.26035039125639
2026-04-30 19:00:00,19.75,Gomti Nagar,15.0,28.44541106801482
2026-04-30 20:00:00,27.75,Gomti Nagar,22.0,30.34053366510037
2026-04-30 21:00:00,23.0,Gomti Nagar,28.0,35.27374403033696
2026-04-30 22:00:00,83.25,Gomti Nagar,23.75,34.16253170143508
2026-04-30 23:00:00,55.0,Gomti Nagar,20.25,210.61010912698416
2026-05-01 00:00:00,,Gomti Nagar,15.0,205.30633796778523
2026-05-06 12:00:00,56.75,Gomti Nagar,32.0,65.12734909220856
2026-05-06 13:00:00,49.25,Gomti Nagar,27.75,61.147263899693
2026-05-06 14:00:00,53.0,Gomti Nagar,30.25,62.77464270599002
2026-05-06 15:00:00,62.5,Gomti Nagar,35.25,67.08611614406121
2026-05-06 16:00:00,61.5,Gomti Nagar,45.75,70.56210555736955
2026-05-06 17:00:00,64.0,Gomti Nagar,52.0,74.49982244346533
2026-05-06 18:00:00,73.5,Gomti Nagar,74.25,70.72093319046267
2026-05-06 19:00:00,84.25,Gomti Nagar,90.0,78.88404326657651
2026-05-06 20:00:00,103.25,Gomti Nagar,92.25,100.93556815564546
2026-05-06 21:00:00,134.5,Gomti Nagar,81.0,98.14882088872254
2026-05-06 22:00:00,163.75,Gomti Nagar,94.5,90.1565510105349
2026-05-06 23:00:00,141.75,Gomti Nagar,89.75,91.17432600649349
2026-05-07 00:00:00,58.5,Gomti Nagar,103.75,94.81009782914975
2026-05-07 01:00:00,35.0,Gomti Nagar,111.25,83.67093006693393
2026-05-07 02:00:00,29.5,Gomti Nagar,95.5,55.388145213739065
2026-05-07 03:00:00,25.0,Gomti Nagar,90.25,52.25243938725565
2026-05-07 04:00:00,22.25,Gomti Nagar,80.0,53.249896370406574
2026-05-07 05:00:00,88.25,Gomti Nagar,65.75,51.55917422206114
2026-05-07 06:00:00,27.5,Gomti Nagar,64.25,96.70738220941894
2026-05-07 07:00:00,11.0,Gomti Nagar,65.0,56.50276388265524
2026-05-07 08:00:00,10.0,Gomti Nagar,72.0,56.617533821245175
2026-05-07 09:00:00,14.75,Gomti Nagar,65.75,53.11049974988519
2026-05-07 10:00:00,21.25,Gomti Nagar,26.33,53.41171201909748
2026-05-07 11:00:00,30.25,Gomti Nagar,21.75,51.327153512788975
2026-05-07 12:00:00,32.0,Gomti Nagar,20.25,59.48847069964408
2026-05-07 13:00:00,27.75,Gomti Nagar,20.5,56.690880454817695
2026-05-07 14:00:00,30.25,Gomti Nagar,15.75,67.56786998124424
2026-05-07 15:00:00,35.25,Gomti Nagar,21.75,50.82786838981
2026-05-07 16:00:00,45.75,Gomti Nagar,19.75,50.8019750884114
2026-05-07 17:00:00,52.0,Gomti Nagar,22.5,59.1146640220381
2026-05-07 18:00:00,74.25,Gomti Nagar,29.0,67.80536158958182
2026-05-07 19:00:00,90.0,Gomti Nagar,36.0,90.45043375985125
2026-05-07 20:00:00,92.25,Gomti Nagar,45.0,71.68787245624742
2026-05-07 21:00:00,81.0,Gomti Nagar,44.5,71.52291522486769
2026-05-07 22:00:00,94.5,Gomti Nagar,61.0,73.09800855710434
2026-05-07 23:00:00,89.75,Gomti Nagar,56.5,78.26711038523426
2026-05-08 09:00:00,65.75,Gomti Nagar,33.75,80.00345007100064
2026-05-08 10:00:00,26.33,Gomti Nagar,330.5,74.6463013065706
2026-05-08 11:00:00,21.75,Gomti Nagar,196.5,43.37885357481642
2026-05-08 12:00:00,20.25,Gomti Nagar,24.0,42.417572867065125
2026-05-08 13:00:00,20.5,Gomti Nagar,20.5,41.762722408851275
2026-05-08 14:00:00,15.75,Gomti Nagar,21.25,41.79210076197961
2026-05-08 15:00:00,21.75,Gomti Nagar,29.0,40.32998467739369
2026-05-08 16:00:00,19.75,Gomti Nagar,29.25,47.033569472112866
2026-05-08 17:00:00,22.5,Gomti Nagar,31.5,49.37848021726949
2026-05-08 18:00:00,29.0,Gomti Nagar,30.75,54.33490761385026
2026-05-08 19:00:00,36.0,Gomti Nagar,27.5,56.032267423754725
2026-05-08 20:00:00,45.0,Gomti Nagar,41.5,56.62622368543207
2026-05-08 21:00:00,44.5,Gomti Nagar,40.75,66.04892253473972
2026-05-08 22:00:00,61.0,Gomti Nagar,43.5,67.62212110130469
2026-05-08 23:00:00,56.5,Gomti Nagar,34.25,86.09201885608947
2026-05-09 00:00:00,43.25,Gomti Nagar,30.75,70.18942133800353
2026-05-09 01:00:00,35.25,Gomti Nagar,31.0,57.20206603798263
2026-05-09 02:00:00,37.75,Gomti Nagar,29.25,60.12619079323297
2026-05-09 03:00:00,38.25,Gomti Nagar,26.5,57.83363127295886
2026-05-09 04:00:00,35.5,Gomti Nagar,26.0,57.73093974359175
2026-05-09 05:00:00,29.0,Gomti Nagar,25.25,49.01956168648102
2026-05-09 06:00:00,29.75,Gomti Nagar,25.75,43.672207584426395
2026-05-09 07:00:00,27.75,Gomti Nagar,29.25,44.854686536030684
2026-05-09 08:00:00,29.25,Gomti Nagar,26.25,32.524978441604695
2026-05-09 09:00:00,33.75,Gomti Nagar,23.0,38.199025190370755
2026-05-09 10:00:00,330.5,Gomti Nagar,23.0,37.56236419270061
2026-05-09 11:00:00,196.5,Gomti Nagar,20.75,40.1299374206349
2026-05-09 12:00:00,24.0,Gomti Nagar,20.5,40.86290968253968
2026-05-09 13:00:00,20.5,Gomti Nagar,26.75,49.103575500029464
2026-05-09 14:00:00,21.25,Gomti Nagar,29.75,47.41128148557617
2026-05-09 15:00:00,29.0,Gomti Nagar,32.33,46.11586946948591
2026-05-09 16:00:00,29.25,Gomti Nagar,28.5,45.67881291645096
2026-05-09 17:00:00,31.5,Gomti Nagar,29.0,46.378553718630734
2026-05-09 18:00:00,30.75,Gomti Nagar,37.5,49.012115975543246
2026-05-09 19:00:00,27.5,Gomti Nagar,43.25,50.975253199579086
2026-05-09 20:00:00,41.5,Gomti Nagar,52.25,55.223744074216434
2026-05-09 21:00:00,40.75,Gomti Nagar,59.75,60.757457143063704
2026-05-09 22:00:00,43.5,Gomti Nagar,56.75,64.86847251959355
2026-05-09 23:00:00,34.25,Gomti Nagar,51.0,64.89760507965444
2026-05-10 00:00:00,30.75,Gomti Nagar,48.25,55.24954676703663
2026-05-10 01:00:00,31.0,Gomti Nagar,41.75,56.485961669633994
2026-05-10 02:00:00,29.25,Gomti Nagar,35.0,51.0494087993072
2026-05-10 03:00:00,26.5,Gomti Nagar,29.75,47.54122156713013
2026-05-10 04:00:00,26.0,Gomti Nagar,24.75,40.66300802089035
2026-05-10 05:00:00,25.25,Gomti Nagar,25.25,40.29628646004379
2026-05-10 06:00:00,25.75,Gomti Nagar,24.75,41.412309089266415
2026-05-10 12:00:00,20.5,Gomti Nagar,24.0,38.710683640397626
2026-05-10 13:00:00,26.75,Gomti Nagar,24.25,30.958243759445242
2026-05-10 14:00:00,29.75,Gomti Nagar,23.0,33.08617372920339
2026-05-10 15:00:00,32.33,Gomti Nagar,25.0,48.29140546181049
2026-05-10 16:00:00,28.5,Gomti Nagar,23.75,47.694105947982315
2026-05-10 17:00:00,29.0,Gomti Nagar,29.75,35.057034922898005
2026-05-10 18:00:00,37.5,Gomti Nagar,30.75,43.660692563731835
2026-05-10 19:00:00,43.25,Gomti Nagar,36.5,49.405975079671016
2026-05-10 20:00:00,52.25,Gomti Nagar,52.25,59.593793187467405
2026-05-10 21:00:00,59.75,Gomti Nagar,61.75,61.382132216123985
2026-05-10 22:00:00,56.75,Gomti Nagar,57.75,101.06282440476188
2026-05-10 23:00:00,51.0,Gomti Nagar,50.0,69.3831349206349
2026-05-11 00:00:00,48.25,Gomti Nagar,49.0,57.28223687172181
2026-05-11 01:00:00,41.75,Gomti Nagar,33.75,60.093498024819404
2026-05-11 02:00:00,35.0,Gomti Nagar,27.5,52.01866809483751
2026-05-11 03:00:00,29.75,Gomti Nagar,27.0,44.6566833322484
2026-05-11 04:00:00,24.75,Gomti Nagar,33.0,36.921878873309836
2026-05-11 05:00:00,25.25,Gomti Nagar,37.5,29.113803693484552
2026-05-11 06:00:00,24.75,Gomti Nagar,46.5,32.76356693175728
2026-05-11 07:00:00,25.25,Gomti Nagar,52.0,34.35187996830197
2026-05-11 08:00:00,29.75,Gomti Nagar,55.5,41.44028677746503
2026-05-11 09:00:00,27.75,Gomti Nagar,48.25,38.091490080429075
2026-05-11 10:00:00,22.75,Gomti Nagar,47.25,47.375244239883216
2026-05-11 11:00:00,21.75,Gomti Nagar,46.25,43.103760724205586
2026-05-11 12:00:00,24.0,Gomti Nagar,40.5,43.44379016899866
2026-05-11 13:00:00,24.25,Gomti Nagar,45.25,37.530819431720865
2026-05-11 14:00:00,23.0,Gomti Nagar,41.75,38.76555741033395
2026-05-11 15:00:00,25.0,Gomti Nagar,42.75,34.857392204560995
2026-05-11 16:00:00,23.75,Gomti Nagar,39.75,37.08437040043453
2026-05-11 17:00:00,29.75,Gomti Nagar,42.25,34.01720654930028
2026-05-11 18:00:00,30.75,Gomti Nagar,48.25,49.66354526810558
2026-05-11 19:00:00,36.5,Gomti Nagar,59.75,63.94181474633909
2026-05-11 20:00:00,52.25,Gomti Nagar,59.5,46.16225265244921
2026-05-11 21:00:00,61.75,Gomti Nagar,66.75,62.13471508142821
2026-05-11 22:00:00,57.75,Gomti Nagar,63.75,69.1392676409004
2026-05-11 23:00:00,50.0,Gomti Nagar,54.5,65.2791797628063
2026-05-12 00:00:00,49.0,Gomti Nagar,47.25,60.12028063017686
2026-05-12 01:00:00,33.75,Gomti Nagar,40.0,53.56271057769357
2026-05-12 02:00:00,27.5,Gomti Nagar,36.5,46.061086240031585
2026-05-12 03:00:00,27.0,Gomti Nagar,40.25,33.11845408396543
2026-05-12 04:00:00,33.0,Gomti Nagar,42.75,31.74807823410875
2026-05-12 05:00:00,37.5,Gomti Nagar,46.0,42.22986002224142
2026-05-12 06:00:00,46.5,Gomti Nagar,53.75,41.82097979810056
2026-05-12 07:00:00,52.0,Gomti Nagar,50.75,52.731855359745246
2026-05-12 08:00:00,55.5,Gomti Nagar,53.0,51.8318938223157
2026-05-12 09:00:00,48.25,Gomti Nagar,52.25,58.54396718763264
2026-05-12 10:00:00,47.25,Gomti Nagar,57.0,54.43508695930754
2026-05-12 11:00:00,46.25,Gomti Nagar,56.5,45.92464319270367
2026-05-12 12:00:00,40.5,Gomti Nagar,54.5,42.577472585750144
2026-05-12 13:00:00,45.25,Gomti Nagar,52.0,38.0314192962414
2026-05-12 14:00:00,41.75,Gomti Nagar,58.0,38.55841240050274
2026-05-12 15:00:00,42.75,Gomti Nagar,123.75,36.22795943764124
2026-05-12 16:00:00,39.75,Gomti Nagar,93.5,37.90522758012285
2026-05-12 17:00:00,42.25,Gomti Nagar,32.5,38.32328869145635
2026-05-12 18:00:00,48.25,Gomti Nagar,22.25,44.40830024401837
2026-05-12 19:00:00,59.75,Gomti Nagar,40.5,52.718553219387765
2026-05-12 20:00:00,59.5,Gomti Nagar,68.5,64.65432089214612
2026-05-12 21:00:00,66.75,Gomti Nagar,82.25,65.14356578480809
2026-05-12 22:00:00,63.75,Gomti Nagar,110.0,69.2388552176736
2026-05-12 23:00:00,54.5,Gomti Nagar,71.0,63.09942399291415
2026-05-13 00:00:00,47.25,Gomti Nagar,120.75,56.38003855992162
2026-05-13 01:00:00,40.0,Gomti Nagar,92.5,57.99928181738543
2026-05-13 02:00:00,36.5,Gomti Nagar,67.25,48.72179927276873
2026-05-13 03:00:00,40.25,Gomti Nagar,31.0,42.52406513257839
2026-05-13 04:00:00,42.75,Gomti Nagar,17.5,44.60049041450293
2026-05-13 05:00:00,46.0,Gomti Nagar,13.0,48.47427043553776
2026-05-13 06:00:00,53.75,Gomti Nagar,19.75,49.984796310195726
2026-05-13 07:00:00,50.75,Gomti Nagar,47.25,51.1220598174419
2026-05-13 08:00:00,53.0,Gomti Nagar,70.75,50.04169209485574
2026-05-13 09:00:00,52.25,Gomti Nagar,74.0,49.72891060268959
2026-05-13 10:00:00,57.0,Gomti Nagar,72.25,50.03672953448144
2026-05-13 11:00:00,56.5,Gomti Nagar,67.0,59.14899309763128
2026-05-13 12:00:00,54.5,Gomti Nagar,61.0,60.613197701410925
2026-05-13 13:00:00,52.0,Gomti Nagar,55.0,60.62494637761149
2026-05-13 14:00:00,58.0,Gomti Nagar,52.0,59.718920268066555
2026-05-13 15:00:00,123.75,Gomti Nagar,49.0,62.99466559936957
2026-05-13 16:00:00,93.5,Gomti Nagar,42.5,63.204796031451224
2026-05-13 17:00:00,32.5,Gomti Nagar,40.0,66.37607748464225
2026-05-13 18:00:00,22.25,Gomti Nagar,41.75,59.880716131715346
2026-05-13 19:00:00,40.5,Gomti Nagar,43.5,53.82238732760347
2026-05-13 20:00:00,68.5,Gomti Nagar,45.0,61.80516671253019
2026-05-13 21:00:00,82.25,Gomti Nagar,49.25,85.2978247332426
2026-05-13 22:00:00,110.0,Gomti Nagar,49.25,84.10881143789572
2026-05-13 23:00:00,71.0,Gomti Nagar,52.25,96.68531093560996
2026-05-14 00:00:00,120.75,Gomti Nagar,46.25,67.08743048311108
2026-05-14 01:00:00,92.5,Gomti Nagar,38.25,81.97461718994194
2026-05-14 02:00:00,67.25,Gomti Nagar,37.0,79.48783986268363
2026-05-14 03:00:00,31.0,Gomti Nagar,31.75,94.74381202708757
2026-05-14 04:00:00,17.5,Gomti Nagar,35.5,45.49256708040287
2026-05-14 05:00:00,13.0,Gomti Nagar,36.0,43.33921367466068
2026-05-14 06:00:00,19.75,Gomti Nagar,38.5,45.807362444281
2026-05-14 07:00:00,47.25,Gomti Nagar,40.5,48.87551925831367
2026-05-14 08:00:00,70.75,Gomti Nagar,44.25,66.67888703833964
2026-05-14 09:00:00,74.0,Gomti Nagar,63.25,67.48184140160964
2026-05-14 10:00:00,72.25,Gomti Nagar,62.75,66.39283115485924
2026-05-14 11:00:00,67.0,Gomti Nagar,61.25,64.92234330048157
2026-05-14 12:00:00,61.0,Gomti Nagar,59.25,66.00909706289676
2026-05-14 13:00:00,55.0,Gomti Nagar,48.75,60.06196797866842
2026-05-14 14:00:00,52.0,Gomti Nagar,51.25,70.51708391422487
2026-05-14 15:00:00,49.0,Gomti Nagar,48.75,60.19824159562106
2026-05-14 16:00:00,42.5,Gomti Nagar,49.25,62.2805013634686
2026-05-14 17:00:00,40.0,Gomti Nagar,52.5,53.69341465934809
2026-05-14 18:00:00,41.75,Gomti Nagar,54.75,63.02277588493852
2026-05-14 19:00:00,43.5,Gomti Nagar,44.0,56.680296201273755
2026-05-14 20:00:00,45.0,Gomti Nagar,75.75,61.294237248436886
2026-05-14 21:00:00,49.25,Gomti Nagar,62.5,61.77050433966367
2026-05-14 22:00:00,49.25,Gomti Nagar,52.25,66.97582291157987
2026-05-14 23:00:00,52.25,Gomti Nagar,75.5,63.173504920499155
2026-05-15 00:00:00,46.25,Gomti Nagar,67.25,54.23651151631147
2026-05-15 01:00:00,38.25,Gomti Nagar,56.5,57.25873986063213
2026-05-15 02:00:00,37.0,Gomti Nagar,50.0,51.89991780042786
2026-05-15 03:00:00,31.75,Gomti Nagar,46.5,45.14815523691799
2026-05-15 04:00:00,35.5,Gomti Nagar,40.25,38.806043320033105
2026-05-15 05:00:00,36.0,Gomti Nagar,45.75,41.70624462914692
2026-05-15 06:00:00,38.5,Gomti Nagar,61.0,49.33518586754954
2026-05-15 07:00:00,40.5,Gomti Nagar,63.75,43.89884617160903
2026-05-15 08:00:00,44.25,Gomti Nagar,62.25,47.816930085056235
2026-05-15 09:00:00,63.25,Gomti Nagar,59.5,49.69400354305893
2026-05-15 10:00:00,62.75,Gomti Nagar,53.0,56.16498853114609
2026-05-15 11:00:00,61.25,Gomti Nagar,47.75,58.61736792902131
2026-05-15 12:00:00,59.25,Gomti Nagar,47.75,60.04582988973539
2026-05-15 13:00:00,48.75,Gomti Nagar,48.75,53.88098373390459
2026-05-15 14:00:00,51.25,Gomti Nagar,49.75,46.41209631890959
2026-05-15 15:00:00,48.75,Gomti Nagar,56.0,44.292707567081685
2026-05-15 16:00:00,49.25,Gomti Nagar,41.75,52.562704009365795
2026-05-15 17:00:00,52.5,Gomti Nagar,43.25,55.366292211285995
2026-05-15 18:00:00,54.75,Gomti Nagar,50.75,56.91757224448868
2026-05-15 19:00:00,44.0,Gomti Nagar,55.25,63.30133835673519
2026-05-15 20:00:00,75.75,Gomti Nagar,72.75,53.22616902543083
2026-05-15 21:00:00,62.5,Gomti Nagar,108.0,64.30603896264425
2026-05-15 22:00:00,52.25,Gomti Nagar,89.75,66.75223944372497
2026-05-15 23:00:00,75.5,Gomti Nagar,70.75,67.61273994376963
2026-05-16 00:00:00,67.25,Gomti Nagar,69.75,66.84552950616843
2026-05-16 01:00:00,56.5,Gomti Nagar,61.5,86.47652309879709
2026-05-16 02:00:00,50.0,Gomti Nagar,46.0,74.5045215064563
2026-05-16 03:00:00,46.5,Gomti Nagar,41.5,56.653581780067505
2026-05-16 04:00:00,40.25,Gomti Nagar,38.5,62.277006494594595
2026-05-16 05:00:00,45.75,Gomti Nagar,50.75,51.658900175974175
2026-05-16 06:00:00,61.0,Gomti Nagar,64.75,79.35220992836133
2026-05-16 07:00:00,63.75,Gomti Nagar,60.25,70.28719269119848
2026-05-16 08:00:00,62.25,Gomti Nagar,76.75,72.95083992725154
2026-05-16 09:00:00,59.5,Gomti Nagar,69.75,67.43566260578318
2026-05-16 10:00:00,53.0,Gomti Nagar,69.75,63.851222931580075
2026-05-16 11:00:00,47.75,Gomti Nagar,60.0,60.597550901234776
2026-05-16 12:00:00,47.75,Gomti Nagar,80.0,55.592550116180306
2026-05-16 13:00:00,48.75,Gomti Nagar,89.0,50.326614802993085
2026-05-16 14:00:00,49.75,Gomti Nagar,295.25,51.09336059593019
2026-05-16 15:00:00,56.0,Gomti Nagar,124.5,55.89608888587456
2026-05-16 16:00:00,41.75,Gomti Nagar,84.25,57.10359275091144
2026-05-16 17:00:00,43.25,Gomti Nagar,293.5,51.36664452980662
2026-05-16 18:00:00,50.75,Gomti Nagar,120.0,53.23894515327754
2026-05-16 19:00:00,55.25,Gomti Nagar,84.25,63.28881212412056
2026-05-16 20:00:00,72.75,Gomti Nagar,293.75,63.681565984432694
2026-05-16 21:00:00,108.0,Gomti Nagar,141.5,70.34045727778833
2026-05-16 22:00:00,89.75,Gomti Nagar,49.5,75.9044250183341
2026-05-16 23:00:00,70.75,Gomti Nagar,54.75,79.00384847860023
2026-05-17 00:00:00,69.75,Gomti Nagar,58.5,71.33121505776218
2026-05-17 01:00:00,61.5,Gomti Nagar,48.75,67.3219357223901
2026-05-17 02:00:00,46.0,Gomti Nagar,34.25,59.302109605257
2026-05-17 03:00:00,41.5,Gomti Nagar,33.75,56.7302465133445
2026-05-17 04:00:00,38.5,Gomti Nagar,33.0,54.4708609285068
2026-05-17 05:00:00,50.75,Gomti Nagar,36.25,55.47221005203832
2026-05-17 06:00:00,64.75,Gomti Nagar,50.5,60.552017050114976
2026-05-17 07:00:00,60.25,Gomti Nagar,54.5,64.2922602780962
2026-05-17 08:00:00,76.75,Gomti Nagar,165.0,65.23582489090826
2026-05-17 09:00:00,69.75,Gomti Nagar,185.0,70.96210794653884
2026-05-17 10:00:00,69.75,Gomti Nagar,98.75,69.16427637037073
2026-05-17 11:00:00,60.0,Gomti Nagar,149.0,61.27347882339641
2026-05-17 12:00:00,80.0,Gomti Nagar,185.0,60.40570147464393
2026-05-17 13:00:00,89.0,Gomti Nagar,185.0,61.23273967617676
2026-05-17 14:00:00,295.25,Gomti Nagar,65.0,65.28095802673622
2026-05-17 15:00:00,124.5,Gomti Nagar,45.5,69.60595786753208
2026-05-17 16:00:00,84.25,Gomti Nagar,41.75,67.03203305865229
2026-05-17 17:00:00,293.5,Gomti Nagar,40.25,74.94545610537212
2026-05-17 18:00:00,120.0,Gomti Nagar,27.25,61.18993608337601
2026-05-17 19:00:00,84.25,Gomti Nagar,29.25,59.99099345087783
2026-05-17 20:00:00,293.75,Gomti Nagar,39.0,88.98488124634228
2026-05-17 21:00:00,141.5,Gomti Nagar,39.0,96.78978255252099
2026-05-17 22:00:00,49.5,Gomti Nagar,32.25,92.31831305222252
2026-05-17 23:00:00,54.75,Gomti Nagar,32.75,69.41224134645576
2026-05-18 00:00:00,58.5,Gomti Nagar,52.5,70.43628598412073
2026-05-18 01:00:00,48.75,Gomti Nagar,54.0,74.86413168376313
2026-05-18 02:00:00,34.25,Gomti Nagar,45.5,60.51636354361717
2026-05-18 03:00:00,33.75,Gomti Nagar,38.75,44.372290422283584
2026-05-18 04:00:00,33.0,Gomti Nagar,33.75,40.96172487663909
2026-05-18 05:00:00,36.25,Gomti Nagar,36.5,45.61052259374014
2026-05-18 06:00:00,50.5,Gomti Nagar,41.5,43.59221482984436
2026-05-18 07:00:00,54.5,Gomti Nagar,43.75,60.17853079552
2026-05-18 08:00:00,165.0,Gomti Nagar,39.25,64.26337980799744
2026-05-18 09:00:00,185.0,Gomti Nagar,34.5,89.66926419477439
2026-05-18 10:00:00,98.75,Gomti Nagar,35.0,77.46622051846097
2026-05-18 11:00:00,149.0,Gomti Nagar,33.5,78.29924916617318
2026-05-18 12:00:00,185.0,Gomti Nagar,34.0,70.55553617959805
2026-05-18 13:00:00,185.0,Gomti Nagar,37.25,69.31821904996842
2026-05-18 14:00:00,65.0,Gomti Nagar,37.0,69.17009299330844
2026-05-18 15:00:00,45.5,Gomti Nagar,37.0,72.06212317201316
2026-05-18 16:00:00,41.75,Gomti Nagar,37.0,55.17925848632415
2026-05-18 17:00:00,40.25,Gomti Nagar,38.75,51.453826071643405
2026-05-18 18:00:00,27.25,Gomti Nagar,39.75,54.44339619190184
2026-05-18 19:00:00,29.25,Gomti Nagar,41.75,47.827493938261455
2026-05-18 20:00:00,39.0,Gomti Nagar,41.25,49.926978126637515
2026-05-18 21:00:00,39.0,Gomti Nagar,46.0,60.263733351220154
2026-05-18 22:00:00,32.25,Gomti Nagar,41.25,57.65722536647524
2026-05-18 23:00:00,32.75,Gomti Nagar,38.5,47.665809870150284
2026-05-19 00:00:00,52.5,Gomti Nagar,36.5,58.65118428211829
2026-05-19 01:00:00,54.0,Gomti Nagar,34.25,65.46653629775686
2026-05-19 02:00:00,45.5,Gomti Nagar,32.25,57.180415860305416
2026-05-19 03:00:00,38.75,Gomti Nagar,29.5,55.412622192334496
2026-05-19 04:00:00,33.75,Gomti Nagar,29.0,46.78571280068078
2026-05-19 05:00:00,36.5,Gomti Nagar,34.0,40.06832257322551
2026-05-19 06:00:00,41.5,Gomti Nagar,34.25,42.47331097278268
2026-05-19 07:00:00,43.75,Gomti Nagar,40.0,50.871298417112094
2026-05-19 08:00:00,39.25,Gomti Nagar,39.25,49.828411217648885
2026-05-19 09:00:00,34.5,Gomti Nagar,38.0,46.81427603476403
2026-05-19 10:00:00,35.0,Gomti Nagar,41.25,41.93430293204679
2026-05-19 11:00:00,33.5,Gomti Nagar,48.25,39.275141136701755
2026-05-19 12:00:00,34.0,Gomti Nagar,46.5,38.609950251951254
2026-05-19 13:00:00,37.25,Gomti Nagar,45.0,39.049011104055786
2026-05-19 14:00:00,37.0,Gomti Nagar,36.5,56.91184637165719
2026-05-19 15:00:00,37.0,Gomti Nagar,35.0,55.338550219186324
2026-05-19 16:00:00,37.0,Gomti Nagar,36.75,49.068159138998986
2026-05-19 17:00:00,38.75,Gomti Nagar,34.5,54.67486784760633
2026-05-19 18:00:00,39.75,Gomti Nagar,38.25,64.92045284098263
2026-05-19 19:00:00,41.75,Gomti Nagar,47.5,72.43584723101708
2026-05-19 20:00:00,41.25,Gomti Nagar,58.25,78.56131018271304
2026-05-19 21:00:00,46.0,Gomti Nagar,49.0,83.46941732557018
2026-05-19 22:00:00,41.25,Gomti Nagar,42.75,78.87452336801084
2026-05-19 23:00:00,38.5,Gomti Nagar,39.5,72.65180518897503
2026-05-20 00:00:00,36.5,Gomti Nagar,41.0,93.99530051901768
2026-05-20 01:00:00,34.25,Gomti Nagar,39.25,91.47473298473516
2026-05-20 02:00:00,32.25,Gomti Nagar,44.25,104.22570471360355
2026-05-20 03:00:00,29.5,Gomti Nagar,30.75,58.70363961417338
2026-05-20 04:00:00,29.0,Gomti Nagar,36.5,47.37782896498153
2026-05-20 05:00:00,34.0,Gomti Nagar,34.5,45.78943671961116
2026-05-20 06:00:00,34.25,Gomti Nagar,35.0,67.66972961637748
2026-05-20 07:00:00,40.0,Gomti Nagar,39.75,87.70622894255109
2026-05-20 08:00:00,39.25,Gomti Nagar,47.75,63.437399432450654
2026-05-20 09:00:00,38.0,Gomti Nagar,46.5,56.43173681804098
2026-05-20 10:00:00,41.25,Gomti Nagar,42.25,58.677741273174654
2026-05-20 11:00:00,48.25,Gomti Nagar,39.5,64.95496046031138
2026-05-20 12:00:00,46.5,Gomti Nagar,39.75,61.06114426289401
2026-05-20 13:00:00,45.0,Gomti Nagar,35.0,64.08280640058922
2026-05-20 14:00:00,36.5,Gomti Nagar,41.75,52.090252708049356
2026-05-20 15:00:00,35.0,Gomti Nagar,39.75,50.09358248380966
2026-05-20 16:00:00,36.75,Gomti Nagar,38.25,43.16466095885426
2026-05-20 17:00:00,34.5,Gomti Nagar,35.5,50.898502950220305
2026-05-20 18:00:00,38.25,Gomti Nagar,42.0,54.23370615001032
2026-05-20 19:00:00,47.5,Gomti Nagar,50.75,53.936713191628094
2026-05-20 20:00:00,58.25,Gomti Nagar,56.25,67.872082450682
2026-05-20 21:00:00,49.0,Gomti Nagar,73.0,74.70806708376175
2026-05-20 22:00:00,42.75,Gomti Nagar,84.5,59.57740874360618
2026-05-20 23:00:00,39.5,Gomti Nagar,95.25,56.097812502350436
2026-05-21 00:00:00,41.0,Gomti Nagar,83.5,47.94960645514689
2026-05-21 01:00:00,39.25,Gomti Nagar,71.0,49.51849695842541
2026-05-21 02:00:00,44.25,Gomti Nagar,67.25,45.62760942583764
2026-05-21 03:00:00,30.75,Gomti Nagar,67.75,47.14050636218057
2026-05-21 04:00:00,36.5,Gomti Nagar,41.0,42.717027895835415
2026-05-21 05:00:00,34.5,Gomti Nagar,28.25,44.1379464403917
2026-05-21 06:00:00,35.0,Gomti Nagar,19.75,45.95923817532348
2026-05-21 07:00:00,39.75,Gomti Nagar,18.0,45.15623388478975
2026-05-21 08:00:00,47.75,Gomti Nagar,17.25,53.26257564195483
2026-05-21 09:00:00,46.5,Gomti Nagar,24.75,60.10253576549309
2026-05-21 10:00:00,42.25,Gomti Nagar,23.5,47.859084580291636
2026-05-21 11:00:00,39.5,Gomti Nagar,31.5,43.079661596761575
2026-05-21 12:00:00,39.75,Gomti Nagar,33.0,42.57816499249282
2026-05-21 13:00:00,35.0,Gomti Nagar,40.5,41.87488920216238
2026-05-21 14:00:00,41.75,Gomti Nagar,37.75,245.21657009286534
2026-05-21 15:00:00,39.75,Gomti Nagar,33.5,251.42944600709782
2026-05-21 16:00:00,38.25,Gomti Nagar,37.25,248.73149779321383
2026-05-21 17:00:00,35.5,Gomti Nagar,39.0,250.50489015432487
2026-05-21 18:00:00,42.0,Gomti Nagar,58.25,251.18607636464236
2026-05-21 19:00:00,50.75,Gomti Nagar,46.75,244.98941697302283
2026-05-21 20:00:00,56.25,Gomti Nagar,49.75,213.725849811266
2026-05-21 21:00:00,73.0,Gomti Nagar,55.25,143.7449293198514
2026-05-21 22:00:00,84.5,Gomti Nagar,46.75,142.37381944444448
2026-05-21 23:00:00,95.25,Gomti Nagar,62.0,64.94152705026455
2026-05-22 00:00:00,83.5,Gomti Nagar,75.25,57.862840253181155
2026-05-22 01:00:00,71.0,Gomti Nagar,51.75,59.87178007506952
2026-05-22 02:00:00,67.25,Gomti Nagar,38.5,64.35636954085848
2026-05-22 03:00:00,67.75,Gomti Nagar,35.25,53.732996137532496
2026-05-22 04:00:00,41.0,Gomti Nagar,36.75,54.17841858985348
2026-05-22 05:00:00,28.25,Gomti Nagar,33.5,50.15935599207069
2026-05-22 06:00:00,19.75,Gomti Nagar,32.25,37.95764004456048
2026-05-22 07:00:00,18.0,Gomti Nagar,45.5,38.30328473628432
2026-05-22 08:00:00,17.25,Gomti Nagar,53.75,45.68362548723527
2026-05-22 09:00:00,24.75,Gomti Nagar,50.0,41.830421090731605
2026-05-22 10:00:00,23.5,Gomti Nagar,56.0,42.12202311569266
2026-05-22 11:00:00,31.5,Gomti Nagar,50.25,37.88842056747718
2026-05-22 12:00:00,33.0,Gomti Nagar,46.5,41.19651125878375
2026-05-22 13:00:00,40.5,Gomti Nagar,55.75,39.37796171223428
2026-05-22 14:00:00,37.75,Gomti Nagar,68.0,43.74261368134769
2026-05-22 15:00:00,33.5,Gomti Nagar,74.25,39.055631239036046
2026-05-22 16:00:00,37.25,Gomti Nagar,83.5,38.858293080487044
2026-05-22 17:00:00,39.0,Gomti Nagar,66.25,40.351008974849535
2026-05-22 18:00:00,58.25,Gomti Nagar,82.0,45.10271164307301
2026-05-22 19:00:00,46.75,Gomti Nagar,96.25,56.62936533486722
2026-05-22 20:00:00,49.75,Gomti Nagar,110.0,57.99467301500058
2026-05-22 21:00:00,55.25,Gomti Nagar,115.5,56.9697014661305
2026-05-22 22:00:00,46.75,Gomti Nagar,105.75,60.12335619730994
2026-05-22 23:00:00,62.0,Gomti Nagar,107.25,56.204037117198965
2026-05-23 00:00:00,75.25,Gomti Nagar,96.25,57.03339722071286
2026-05-23 01:00:00,51.75,Gomti Nagar,92.25,59.54147362748685
2026-05-23 02:00:00,38.5,Gomti Nagar,83.5,60.662606703567654
2026-05-23 03:00:00,35.25,Gomti Nagar,82.0,57.28861984229061
2026-05-23 04:00:00,36.75,Gomti Nagar,81.0,43.18093593273503
2026-05-23 05:00:00,33.5,Gomti Nagar,83.5,44.612139045708574
2026-05-23 06:00:00,32.25,Gomti Nagar,89.75,41.4903016560218
2026-05-23 07:00:00,45.5,Gomti Nagar,101.0,38.888251519552455
2026-05-23 08:00:00,53.75,Gomti Nagar,89.5,47.67697735117889
2026-05-23 09:00:00,50.0,Gomti Nagar,89.25,45.656506394811565
2026-05-23 10:00:00,56.0,Gomti Nagar,82.25,43.72275081535762
2026-05-23 11:00:00,50.25,Gomti Nagar,72.0,50.628585436394815
2026-05-23 12:00:00,46.5,Gomti Nagar,67.75,47.45294839901822
2026-05-23 13:00:00,55.75,Gomti Nagar,64.25,45.352646419665895
2026-05-23 14:00:00,68.0,Gomti Nagar,38.75,50.26263247940058
2026-05-23 15:00:00,74.25,Gomti Nagar,51.75,53.989316041582896
2026-05-23 16:00:00,83.5,Gomti Nagar,60.75,56.113214845692866
2026-05-23 17:00:00,66.25,Gomti Nagar,52.5,58.454105402504844
2026-05-23 18:00:00,82.0,Gomti Nagar,44.25,61.439878160673885
2026-05-23 19:00:00,96.25,Gomti Nagar,44.67,63.58282152268969
2026-05-23 20:00:00,110.0,Gomti Nagar,39.75,70.66450153797737
2026-05-23 21:00:00,115.5,Gomti Nagar,47.25,72.11691839819565
2026-05-23 22:00:00,105.75,Gomti Nagar,43.0,69.16606810507248
2026-05-23 23:00:00,107.25,Gomti Nagar,44.25,79.17782743140775
2026-05-24 00:00:00,96.25,Gomti Nagar,43.25,75.43350541635411
2026-05-24 01:00:00,92.25,Gomti Nagar,35.25,72.53587360797869
2026-05-24 02:00:00,83.5,Gomti Nagar,27.25,60.75382041236399
2026-05-24 03:00:00,82.0,Gomti Nagar,26.0,61.189178891642136
2026-05-24 04:00:00,81.0,Gomti Nagar,24.25,63.042231458544336
2026-05-24 05:00:00,83.5,Gomti Nagar,39.5,58.632888382212066
2026-05-24 06:00:00,89.75,Gomti Nagar,37.0,58.82056851545458
2026-05-24 07:00:00,101.0,Gomti Nagar,47.0,68.70356470037125
2026-05-24 08:00:00,89.5,Gomti Nagar,53.25,86.02172698627827
2026-05-24 09:00:00,89.25,Gomti Nagar,55.75,76.21431688887228
2026-05-24 10:00:00,82.25,Gomti Nagar,52.5,80.07566994186993
2026-05-24 11:00:00,72.0,Gomti Nagar,64.75,66.59247121717326
2026-05-24 12:00:00,67.75,Gomti Nagar,66.25,62.68095845021867
2026-05-24 13:00:00,64.25,Gomti Nagar,74.5,61.490807196788154
2026-05-24 14:00:00,38.75,Gomti Nagar,76.0,58.731911539261276
2026-05-24 15:00:00,51.75,Gomti Nagar,79.5,53.80186342921335
2026-05-24 16:00:00,60.75,Gomti Nagar,79.0,61.86902178468279
2026-05-24 17:00:00,52.5,Gomti Nagar,86.75,66.76323256689554
2026-05-24 18:00:00,44.25,Gomti Nagar,80.5,65.73323841178329
2026-05-24 19:00:00,44.67,Gomti Nagar,74.75,61.11888485967171
2026-05-24 20:00:00,39.75,Gomti Nagar,90.0,67.23158424159517
2026-05-24 21:00:00,47.25,Gomti Nagar,83.75,63.56264005615874
2026-05-24 22:00:00,43.0,Gomti Nagar,95.75,68.02192582401713
2026-05-24 23:00:00,44.25,Gomti Nagar,85.25,62.504625864885895
2026-05-25 00:00:00,43.25,Gomti Nagar,168.5,60.53114582928982
2026-05-25 01:00:00,35.25,Gomti Nagar,130.0,60.42728923027993
2026-05-25 02:00:00,27.25,Gomti Nagar,42.0,47.445118191419
2026-05-25 03:00:00,26.0,Gomti Nagar,14.25,40.17041230077403
2026-05-25 04:00:00,24.25,Gomti Nagar,11.25,38.948082039345806
2026-05-25 05:00:00,39.5,Gomti Nagar,11.0,37.60522682645518
2026-05-25 06:00:00,37.0,Gomti Nagar,17.75,48.57699753230605
2026-05-25 07:00:00,47.0,Gomti Nagar,30.0,42.322888966091604
2026-05-25 08:00:00,53.25,Gomti Nagar,33.25,56.71434148309877
2026-05-25 09:00:00,55.75,Gomti Nagar,35.75,57.090059894832024
2026-05-25 10:00:00,52.5,Gomti Nagar,35.25,55.87235148653671
2026-05-25 11:00:00,64.75,Gomti Nagar,36.75,54.91584064772087
2026-05-25 12:00:00,66.25,Gomti Nagar,48.75,56.16765015622409
2026-05-25 13:00:00,74.5,Gomti Nagar,52.75,56.99551981758746
2026-05-25 14:00:00,76.0,Gomti Nagar,49.75,53.50267149131834
2026-05-25 15:00:00,79.5,Gomti Nagar,54.25,57.80991629666056
2026-05-25 16:00:00,79.0,Gomti Nagar,45.25,61.092290213644546
2026-05-25 17:00:00,86.75,Gomti Nagar,37.25,60.1048494241587
2026-05-25 18:00:00,80.5,Gomti Nagar,24.25,60.218247399199036
2026-05-25 19:00:00,74.75,Gomti Nagar,25.25,68.28109920634924
2026-05-25 20:00:00,90.0,Gomti Nagar,34.75,75.72297023809529
2026-05-25 21:00:00,83.75,Gomti Nagar,28.5,63.470640585698796
2026-05-25 22:00:00,95.75,Gomti Nagar,45.75,72.82652112698415
2026-05-25 23:00:00,85.25,Gomti Nagar,76.25,78.75160410052912
2026-05-26 00:00:00,168.5,Gomti Nagar,51.25,64.01243326025825
2026-05-26 01:00:00,130.0,Gomti Nagar,39.25,51.01757239639989
2026-05-26 02:00:00,42.0,Gomti Nagar,35.0,49.59805444673461
2026-05-26 03:00:00,14.25,Gomti Nagar,26.75,52.654091234483296
2026-05-26 04:00:00,11.25,Gomti Nagar,25.0,36.914194917436156
2026-05-26 05:00:00,11.0,Gomti Nagar,25.0,37.42094859839573
2026-05-26 06:00:00,17.75,Gomti Nagar,25.75,34.785744804504425
2026-05-26 07:00:00,30.0,Gomti Nagar,27.0,42.10395902066417
2026-05-26 08:00:00,33.25,Gomti Nagar,23.5,51.021506945423006
2026-05-26 09:00:00,35.75,Gomti Nagar,21.25,54.33777709601183
2026-05-26 10:00:00,35.25,Gomti Nagar,27.75,57.35895260996541
2026-05-26 11:00:00,36.75,Gomti Nagar,29.75,57.55958979080194
2026-05-26 12:00:00,48.75,Gomti Nagar,161.0,46.932271306058674
2026-05-26 13:00:00,52.75,Gomti Nagar,53.5,48.883985959764644
2026-05-26 14:00:00,49.75,Gomti Nagar,30.25,62.15070711200591
2026-05-26 15:00:00,54.25,Gomti Nagar,32.0,64.67488194862506
2026-05-26 16:00:00,45.25,Gomti Nagar,33.0,101.79158303443079
2026-05-26 17:00:00,37.25,Gomti Nagar,30.5,125.09046999901783
2026-05-26 18:00:00,24.25,Gomti Nagar,26.25,48.33406400264119
2026-05-26 19:00:00,25.25,Gomti Nagar,25.75,47.092220383917784
2026-05-26 20:00:00,34.75,Gomti Nagar,28.5,47.825942629643286
2026-05-26 21:00:00,28.5,Gomti Nagar,34.0,48.05432491518179
2026-05-26 22:00:00,45.75,Gomti Nagar,32.5,46.23660468291952
2026-05-26 23:00:00,76.25,Gomti Nagar,29.5,55.861556905580386
2026-05-27 00:00:00,51.25,Gomti Nagar,23.25,73.85528116428117
2026-05-27 01:00:00,39.25,Gomti Nagar,24.5,64.2524989019377
2026-05-27 02:00:00,35.0,Gomti Nagar,16.0,48.11969102859276
2026-05-27 03:00:00,26.75,Gomti Nagar,16.75,37.334972572623286
2026-05-27 04:00:00,25.0,Gomti Nagar,14.5,26.550737564899304
2026-05-27 05:00:00,25.0,Gomti Nagar,9.0,28.132870011112118
2026-05-27 06:00:00,25.75,Gomti Nagar,10.25,29.660376643251112
2026-05-27 07:00:00,27.0,Gomti Nagar,11.75,31.17382188040103
2026-05-27 08:00:00,23.5,Gomti Nagar,17.0,32.86496485552113
2026-05-27 09:00:00,21.25,Gomti Nagar,32.5,31.249375456639967
2026-05-27 10:00:00,27.75,Gomti Nagar,57.0,27.246630398730844
2026-05-27 11:00:00,29.75,Gomti Nagar,89.75,37.054397443731006
2026-05-27 12:00:00,161.0,Gomti Nagar,96.5,42.4114621079997
2026-05-27 13:00:00,53.5,Gomti Nagar,104.0,72.85666574453126
2026-05-27 14:00:00,30.25,Gomti Nagar,98.25,51.527758341737815
2026-05-27 15:00:00,32.0,Gomti Nagar,80.75,44.1334995486259
2026-05-27 16:00:00,33.0,Gomti Nagar,64.5,43.48826839460867
2026-05-27 17:00:00,30.5,Gomti Nagar,55.25,39.41857872740739
2026-05-27 18:00:00,26.25,Gomti Nagar,54.75,48.3105305692804
2026-05-27 19:00:00,25.75,Gomti Nagar,55.25,39.209151444897984
2026-05-27 20:00:00,28.5,Gomti Nagar,59.25,42.02941930342835
2026-05-27 21:00:00,34.0,Gomti Nagar,54.75,42.6251712585576
2026-05-27 22:00:00,32.5,Gomti Nagar,48.0,49.914999317085055
2026-05-27 23:00:00,29.5,Gomti Nagar,49.5,52.34718827499122
2026-05-28 00:00:00,23.25,Gomti Nagar,39.75,52.22256003176481
2026-05-28 01:00:00,24.5,Gomti Nagar,49.0,34.94790372164601
2026-05-28 02:00:00,16.0,Gomti Nagar,25.75,31.970094923053455
2026-05-28 03:00:00,16.75,Gomti Nagar,24.5,27.765353187909284
2026-05-28 04:00:00,14.5,Gomti Nagar,13.0,27.739319136491535
2026-05-28 08:00:00,17.0,Gomti Nagar,10.67,28.806097496126217
2026-05-28 09:00:00,32.5,Gomti Nagar,15.5,29.9356653789209
2026-05-28 10:00:00,57.0,Gomti Nagar,19.25,48.76041205867777
2026-05-28 11:00:00,89.75,Gomti Nagar,16.5,42.879289967975495
2026-05-28 12:00:00,96.5,Gomti Nagar,21.0,67.31914338806784
2026-05-28 13:00:00,104.0,Gomti Nagar,21.25,186.64511315090215
2026-05-28 14:00:00,98.25,Gomti Nagar,19.5,40.37631105820107
2026-05-28 15:00:00,80.75,Gomti Nagar,17.25,46.82856720226036
2026-05-28 16:00:00,64.5,Gomti Nagar,17.0,50.45670068095486
2026-05-28 17:00:00,55.25,Gomti Nagar,17.0,50.054697546151935
2026-05-28 18:00:00,54.75,Gomti Nagar,18.75,49.62040850142463
2026-05-28 19:00:00,55.25,Gomti Nagar,22.75,63.61896990439903
2026-05-28 20:00:00,59.25,Gomti Nagar,34.0,57.910831638218525
2026-05-28 21:00:00,54.75,Gomti Nagar,36.75,60.50539657124346
2026-05-28 22:00:00,48.0,Gomti Nagar,31.0,64.7949581376824
2026-05-28 23:00:00,49.5,Gomti Nagar,29.25,68.69537373542188
2026-05-29 00:00:00,39.75,Gomti Nagar,38.25,62.21210583286473
2026-05-29 01:00:00,49.0,Gomti Nagar,56.0,50.847969093768
2026-05-29 02:00:00,25.75,Gomti Nagar,20.25,49.88726534180571
2026-05-29 03:00:00,24.5,Gomti Nagar,8.75,40.69091944104912
2026-05-29 04:00:00,13.0,Gomti Nagar,9.75,39.92242551020328
2026-05-29 05:00:00,,Gomti Nagar,10.0,33.6931546957672
2026-06-01 08:00:00,25.25,Gomti Nagar,46.25,37.833051827346516
2026-06-01 09:00:00,26.0,Gomti Nagar,52.5,38.20096860844909
2026-06-01 10:00:00,35.25,Gomti Nagar,75.5,35.140678764625484
2026-06-01 11:00:00,53.0,Gomti Nagar,68.0,39.64502842616408
2026-06-01 12:00:00,41.25,Gomti Nagar,64.5,37.281340523179075
2026-06-01 13:00:00,32.0,Gomti Nagar,49.75,41.70691145485461
2026-06-01 14:00:00,41.0,Gomti Nagar,53.0,39.99333336092242
2026-06-01 15:00:00,36.5,Gomti Nagar,57.5,41.53964853173004
2026-06-01 16:00:00,27.5,Gomti Nagar,52.25,49.72170041381643
2026-06-01 17:00:00,27.75,Gomti Nagar,60.75,33.777940118341924
2026-06-01 18:00:00,34.25,Gomti Nagar,65.25,32.34226221997299
2026-06-01 19:00:00,55.25,Gomti Nagar,68.75,40.089517173574336
2026-06-01 20:00:00,67.5,Gomti Nagar,73.25,55.655489117364134
2026-06-01 21:00:00,75.75,Gomti Nagar,91.0,49.37650201418956
2026-06-01 22:00:00,76.0,Gomti Nagar,87.75,52.39761375661376
2026-06-01 23:00:00,58.0,Gomti Nagar,74.0,57.35087367724867
2026-06-02 00:00:00,54.0,Gomti Nagar,64.25,46.964936660561655
2026-06-02 01:00:00,36.75,Gomti Nagar,57.0,48.3966980617181
2026-06-02 02:00:00,29.75,Gomti Nagar,62.75,58.687830224985554
2026-06-02 03:00:00,22.75,Gomti Nagar,74.25,52.741474533962375
2026-06-02 04:00:00,26.25,Gomti Nagar,58.25,53.34730586901151
2026-06-02 05:00:00,31.25,Gomti Nagar,82.0,53.51133132955008
2026-06-02 06:00:00,36.75,Gomti Nagar,74.25,45.598517480565874
2026-06-02 07:00:00,41.25,Gomti Nagar,79.5,48.04676898424548
2026-06-02 08:00:00,46.25,Gomti Nagar,70.5,41.55878266517818
2026-06-02 09:00:00,52.5,Gomti Nagar,60.5,38.32953679106531
2026-06-02 10:00:00,75.5,Gomti Nagar,61.5,38.628727136413374
2026-06-02 11:00:00,68.0,Gomti Nagar,70.5,63.317907624022226
2026-06-02 12:00:00,64.5,Gomti Nagar,64.25,43.97581946178819
2026-06-02 13:00:00,49.75,Gomti Nagar,67.5,40.1005808554871
2026-06-02 14:00:00,53.0,Gomti Nagar,69.0,40.162315852810096
2026-06-02 15:00:00,57.5,Gomti Nagar,64.0,43.10193027078715
2026-06-02 16:00:00,52.25,Gomti Nagar,57.25,45.119657054956846
2026-06-02 17:00:00,60.75,Gomti Nagar,73.75,52.59332967465789
2026-06-02 18:00:00,65.25,Gomti Nagar,69.5,59.81739279335162
2026-06-02 19:00:00,68.75,Gomti Nagar,69.5,84.08261643426474
2026-06-02 20:00:00,73.25,Gomti Nagar,106.5,81.22826844672083
2026-06-02 21:00:00,91.0,Gomti Nagar,98.0,69.08023226386263
2026-06-02 22:00:00,87.75,Gomti Nagar,75.0,85.26657833029651
2026-06-02 23:00:00,74.0,Gomti Nagar,66.0,79.48042713480793
2026-06-03 00:00:00,64.25,Gomti Nagar,83.5,74.55209681028916
2026-06-03 01:00:00,57.0,Gomti Nagar,85.25,48.01750522910827
2026-06-03 02:00:00,62.75,Gomti Nagar,92.25,44.41255028809385
2026-06-03 03:00:00,74.25,Gomti Nagar,58.25,42.670523157887885
2026-06-03 04:00:00,58.25,Gomti Nagar,53.75,42.317117736489955
2026-06-03 05:00:00,82.0,Gomti Nagar,41.5,43.685956517342134
2026-06-03 06:00:00,74.25,Gomti Nagar,89.5,47.73942511931321
2026-06-03 07:00:00,79.5,Gomti Nagar,69.5,46.7968598010288
2026-06-03 08:00:00,70.5,Gomti Nagar,65.75,67.61355309419812
2026-06-03 09:00:00,60.5,Gomti Nagar,66.0,70.9979645412368
2026-06-03 10:00:00,61.5,Gomti Nagar,77.75,67.54846928960353
2026-06-03 11:00:00,70.5,Gomti Nagar,68.25,64.44101294535895
2026-06-03 12:00:00,64.25,Gomti Nagar,66.75,64.83210666452135
2026-06-03 13:00:00,67.5,Gomti Nagar,75.5,61.97716687325777
2026-06-03 14:00:00,69.0,Gomti Nagar,76.0,62.980729178923696
2026-06-03 15:00:00,64.0,Gomti Nagar,57.5,65.04480549617558
2026-06-03 16:00:00,57.25,Gomti Nagar,69.0,72.50713930962917
2026-06-03 17:00:00,73.75,Gomti Nagar,40.75,69.75366125604934
2026-06-03 18:00:00,69.5,Gomti Nagar,33.25,66.97430044728057
2026-06-03 19:00:00,69.5,Gomti Nagar,45.0,66.11219991622474
2026-06-03 20:00:00,106.5,Gomti Nagar,39.75,62.93749128772786
2026-06-03 21:00:00,98.0,Gomti Nagar,79.25,90.48346250756413
2026-06-03 22:00:00,75.0,Gomti Nagar,78.75,90.65718897683558
2026-06-03 23:00:00,66.0,Gomti Nagar,55.25,74.61619765428115
2026-06-04 00:00:00,83.5,Gomti Nagar,51.0,63.782597171761715
2026-06-04 01:00:00,85.25,Gomti Nagar,54.75,70.03169349721965
2026-06-04 02:00:00,92.25,Gomti Nagar,51.75,85.13732068627614
2026-06-04 03:00:00,58.25,Gomti Nagar,66.0,92.67847200464026
2026-06-04 04:00:00,53.75,Gomti Nagar,69.0,56.123219976387446
2026-06-04 05:00:00,41.5,Gomti Nagar,33.75,61.85148823824727
2026-06-04 06:00:00,89.5,Gomti Nagar,23.5,59.81678430777015
2026-06-04 07:00:00,69.5,Gomti Nagar,23.0,91.01314593551372
2026-06-04 08:00:00,65.75,Gomti Nagar,18.0,63.53817070265799
2026-06-04 09:00:00,66.0,Gomti Nagar,21.25,59.11198193850614
2026-06-04 10:00:00,77.75,Gomti Nagar,21.0,64.70633877425841
2026-06-04 11:00:00,68.25,Gomti Nagar,33.5,69.24380397940027
2026-06-04 12:00:00,66.75,Gomti Nagar,35.75,68.28088518054983
2026-06-04 13:00:00,75.5,Gomti Nagar,41.25,62.65314772897429
2026-06-04 14:00:00,76.0,Gomti Nagar,37.25,66.6729319308969
2026-06-04 15:00:00,57.5,Gomti Nagar,32.75,66.52968968251514
2026-06-04 16:00:00,69.0,Gomti Nagar,31.25,58.73829138135375
2026-06-04 17:00:00,40.75,Gomti Nagar,35.25,63.94455237461467
2026-06-04 18:00:00,33.25,Gomti Nagar,46.5,60.09982192288258
2026-06-04 19:00:00,45.0,Gomti Nagar,46.25,62.61942063567522
2026-06-04 20:00:00,39.75,Gomti Nagar,51.5,61.47971950827119
2026-06-04 21:00:00,79.25,Gomti Nagar,53.0,61.02546904324929
2026-06-04 22:00:00,78.75,Gomti Nagar,48.0,84.72031875172392
2026-06-04 23:00:00,55.25,Gomti Nagar,52.75,72.68725428959411
2026-06-05 00:00:00,51.0,Gomti Nagar,56.5,70.43911215440875
2026-06-05 01:00:00,54.75,Gomti Nagar,58.0,63.45703455856784
2026-06-05 02:00:00,51.75,Gomti Nagar,58.0,66.20316216286798
2026-06-05 03:00:00,66.0,Gomti Nagar,60.5,52.460494647945104
2026-06-05 04:00:00,69.0,Gomti Nagar,61.0,55.93999114848039
2026-06-05 08:00:00,18.0,Gomti Nagar,78.75,51.60447758277417
2026-06-05 09:00:00,21.25,Gomti Nagar,65.5,49.507894260105175
2026-06-05 10:00:00,21.0,Gomti Nagar,61.75,48.87247260344393
2026-06-05 11:00:00,33.5,Gomti Nagar,51.0,45.596772510828664
2026-06-05 12:00:00,35.75,Gomti Nagar,54.0,46.32432478171654
2026-06-05 13:00:00,41.25,Gomti Nagar,48.25,46.95693717228582
2026-06-05 14:00:00,37.25,Gomti Nagar,50.5,46.2279559950983
2026-06-05 15:00:00,32.75,Gomti Nagar,59.75,47.28819701477309
2026-06-05 16:00:00,31.25,Gomti Nagar,78.75,46.96201504653027
2026-06-05 17:00:00,35.25,Gomti Nagar,56.0,39.48764412988295
2026-06-05 18:00:00,46.5,Gomti Nagar,46.5,41.82930662979447
2026-06-05 19:00:00,46.25,Gomti Nagar,48.0,54.22850037709822
2026-06-05 20:00:00,51.5,Gomti Nagar,52.25,52.90744494758595
2026-06-05 21:00:00,53.0,Gomti Nagar,72.0,54.3356739829046
2026-06-05 22:00:00,48.0,Gomti Nagar,79.25,54.73386964954254
2026-06-05 23:00:00,52.75,Gomti Nagar,75.75,53.85544384569487
2026-06-06 00:00:00,56.5,Gomti Nagar,79.25,50.496627140805145
2026-06-06 01:00:00,58.0,Gomti Nagar,66.5,51.44768444156817
2026-06-06 02:00:00,58.0,Gomti Nagar,47.25,50.079061863363904
2026-06-06 03:00:00,60.5,Gomti Nagar,35.5,54.325663017790795
2026-06-06 04:00:00,61.0,Gomti Nagar,30.75,54.370509889508995
2026-06-06 05:00:00,66.0,Gomti Nagar,27.25,39.823621819923595
2026-06-06 06:00:00,66.75,Gomti Nagar,37.5,43.06075925298309
2026-06-06 07:00:00,77.75,Gomti Nagar,40.25,43.243831853993186
2026-06-06 08:00:00,78.75,Gomti Nagar,51.5,43.66303516865239
2026-06-06 09:00:00,65.5,Gomti Nagar,48.0,45.22673633958958
2026-06-06 10:00:00,61.75,Gomti Nagar,52.75,44.07479082841859
2026-06-06 11:00:00,51.0,Gomti Nagar,56.5,45.480554768439106
2026-06-06 12:00:00,54.0,Gomti Nagar,51.25,46.88710632804819
2026-06-06 13:00:00,48.25,Gomti Nagar,54.25,47.04423021693077
2026-06-06 14:00:00,50.5,Gomti Nagar,59.25,47.571499531925156
2026-06-06 15:00:00,59.75,Gomti Nagar,64.25,46.578052472330015
2026-06-06 16:00:00,78.75,Gomti Nagar,66.75,44.785779602627855
2026-06-06 17:00:00,56.0,Gomti Nagar,72.75,47.701746722778985
2026-06-06 18:00:00,46.5,Gomti Nagar,67.25,59.992637035461364
2026-06-06 19:00:00,48.0,Gomti Nagar,80.25,68.22382165331068
2026-06-06 20:00:00,52.25,Gomti Nagar,96.0,65.35145424828029
2026-06-06 21:00:00,72.0,Gomti Nagar,99.0,64.51539929244873
2026-06-06 22:00:00,79.25,Gomti Nagar,94.75,65.44119585013225
2026-06-06 23:00:00,75.75,Gomti Nagar,90.5,62.08883690006896
2026-06-07 00:00:00,79.25,Gomti Nagar,98.5,64.14946381370477
2026-06-07 01:00:00,66.5,Gomti Nagar,78.0,64.01778654983876
2026-06-07 02:00:00,47.25,Gomti Nagar,71.5,60.92551250681492
2026-06-07 03:00:00,35.5,Gomti Nagar,66.75,58.62446134624909
2026-06-07 04:00:00,30.75,Gomti Nagar,57.5,58.57607824551044
2026-06-07 05:00:00,27.25,Gomti Nagar,56.0,66.9631002020814
2026-06-07 06:00:00,37.5,Gomti Nagar,56.75,54.73369864743923
2026-06-07 07:00:00,40.25,Gomti Nagar,66.25,99.33833369551417
2026-06-07 08:00:00,51.5,Gomti Nagar,68.0,92.66577204522474
2026-06-07 09:00:00,48.0,Gomti Nagar,68.5,68.23635628914838
2026-06-07 10:00:00,52.75,Gomti Nagar,78.25,70.91273081633193
2026-06-07 11:00:00,56.5,Gomti Nagar,102.75,53.57712820085562
2026-06-07 12:00:00,51.25,Gomti Nagar,79.25,59.82159926735256
2026-06-07 13:00:00,54.25,Gomti Nagar,62.25,54.15653479240312
2026-06-07 14:00:00,59.25,Gomti Nagar,63.25,55.51260813239128
2026-06-07 15:00:00,64.25,Gomti Nagar,89.5,61.4318625269317
2026-06-07 16:00:00,66.75,Gomti Nagar,85.5,63.789675699753424
2026-06-07 17:00:00,72.75,Gomti Nagar,90.25,58.70631698934215
2026-06-07 18:00:00,67.25,Gomti Nagar,91.0,52.46677038339462
2026-06-07 19:00:00,80.25,Gomti Nagar,103.5,53.22279381280202
2026-06-07 20:00:00,96.0,Gomti Nagar,120.25,61.49843814830015
2026-06-07 21:00:00,99.0,Gomti Nagar,112.5,78.94649777019706
2026-06-07 22:00:00,94.75,Gomti Nagar,103.25,77.69309273571628
2026-06-07 23:00:00,90.5,Gomti Nagar,95.25,77.43424376855748
2026-06-08 00:00:00,98.5,Gomti Nagar,89.75,79.43881468163765
2026-06-08 01:00:00,78.0,Gomti Nagar,76.25,76.49252315631678
2026-06-08 02:00:00,71.5,Gomti Nagar,60.5,54.8743915846391
2026-06-08 03:00:00,66.75,Gomti Nagar,47.0,42.34430338679815
2026-06-08 04:00:00,57.5,Gomti Nagar,33.0,41.555441917736964
2026-06-08 05:00:00,56.0,Gomti Nagar,42.5,40.484979685704545
2026-06-08 06:00:00,56.75,Gomti Nagar,29.25,43.45657105432918
2026-06-08 07:00:00,66.25,Gomti Nagar,30.25,44.62655938332266
2026-06-08 08:00:00,68.0,Gomti Nagar,21.75,54.12310632989583
2026-06-08 09:00:00,68.5,Gomti Nagar,30.25,51.64094969492476
2026-06-08 10:00:00,78.25,Gomti Nagar,49.0,56.26619285615508
2026-06-08 11:00:00,102.75,Gomti Nagar,56.5,66.56067264775972
2026-06-08 12:00:00,79.25,Gomti Nagar,61.75,65.57376658458327
2026-06-08 13:00:00,62.25,Gomti Nagar,59.5,62.89153315369805
2026-06-08 14:00:00,63.25,Gomti Nagar,53.5,62.63862650178901
2026-06-08 15:00:00,89.5,Gomti Nagar,67.25,61.68379882577397
2026-06-08 16:00:00,85.5,Gomti Nagar,66.75,90.52406361677822
2026-06-08 17:00:00,90.25,Gomti Nagar,80.25,89.15440063998187
2026-06-08 18:00:00,91.0,Gomti Nagar,54.0,79.30868106331883
2026-06-08 19:00:00,103.5,Gomti Nagar,63.5,86.01933310441643
2026-06-08 20:00:00,120.25,Gomti Nagar,71.25,90.7048362579338
2026-06-08 21:00:00,112.5,Gomti Nagar,76.25,106.11820453401896
2026-06-08 22:00:00,103.25,Gomti Nagar,70.25,101.67636745951113
2026-06-08 23:00:00,95.25,Gomti Nagar,54.75,93.07932434246335
2026-06-09 00:00:00,89.75,Gomti Nagar,89.25,95.86511001319286
2026-06-09 01:00:00,76.25,Gomti Nagar,94.25,95.77928872081388
2026-06-09 02:00:00,60.5,Gomti Nagar,57.75,73.8037632160361
2026-06-09 03:00:00,47.0,Gomti Nagar,74.5,60.17783922811459
2026-06-09 04:00:00,33.0,Gomti Nagar,98.5,54.8949393938682
2026-06-09 05:00:00,42.5,Gomti Nagar,102.0,81.93664196800468
2026-06-09 06:00:00,29.25,Gomti Nagar,115.5,60.12673933397055
2026-06-09 07:00:00,30.25,Gomti Nagar,102.75,66.8980595221877
2026-06-09 08:00:00,21.75,Gomti Nagar,77.25,63.49569142517471
2026-06-09 09:00:00,30.25,Gomti Nagar,74.75,44.6870303870847
2026-06-09 10:00:00,49.0,Gomti Nagar,96.5,53.64861898300504
2026-06-09 11:00:00,56.5,Gomti Nagar,107.5,56.171700709037395
2026-06-09 12:00:00,61.75,Gomti Nagar,112.0,56.99638434806095
2026-06-09 13:00:00,59.5,Gomti Nagar,93.25,58.76326421032804
2026-06-09 14:00:00,53.5,Gomti Nagar,74.0,60.06148695679072
2026-06-09 15:00:00,67.25,Gomti Nagar,76.75,52.92007207218551
2026-06-09 16:00:00,66.75,Gomti Nagar,74.25,56.23312975896494
2026-06-09 17:00:00,80.25,Gomti Nagar,80.5,58.95853220266918
2026-06-09 18:00:00,54.0,Gomti Nagar,78.5,72.95619677065876
2026-06-09 19:00:00,63.5,Gomti Nagar,89.75,59.23498333876568
2026-06-09 20:00:00,71.25,Gomti Nagar,77.75,67.41052967551657
2026-06-09 21:00:00,76.25,Gomti Nagar,93.5,68.74375523760996
2026-06-09 22:00:00,70.25,Gomti Nagar,124.0,72.81057661059059
2026-06-09 23:00:00,54.75,Gomti Nagar,79.0,69.84887608342258
2026-06-10 00:00:00,89.25,Gomti Nagar,53.0,68.82160991367142
2026-06-10 01:00:00,94.25,Gomti Nagar,153.5,85.63043609552086
2026-06-10 02:00:00,57.75,Gomti Nagar,57.0,65.96028012766203
2026-06-10 03:00:00,74.5,Gomti Nagar,9.0,58.32838841445791
2026-06-10 04:00:00,98.5,Gomti Nagar,1.75,44.603041294727646
2026-06-10 05:00:00,102.0,Gomti Nagar,11.25,48.148986854201986
2026-06-10 06:00:00,115.5,Gomti Nagar,18.75,43.38985245757386
2026-06-10 07:00:00,102.75,Gomti Nagar,19.25,45.71921513311505
2026-06-10 08:00:00,77.25,Gomti Nagar,24.25,46.37825480083505
2026-06-10 09:00:00,74.75,Gomti Nagar,18.5,49.89622000230026
2026-06-10 10:00:00,96.5,Gomti Nagar,19.5,62.41081080375033
2026-06-10 11:00:00,107.5,Gomti Nagar,21.5,75.28177476950745
2026-06-10 12:00:00,112.0,Gomti Nagar,25.25,78.45117618922664
2026-06-10 13:00:00,93.25,Gomti Nagar,22.25,74.58637927435242
2026-06-10 14:00:00,74.0,Gomti Nagar,20.25,67.54068989213073
2026-06-10 15:00:00,76.75,Gomti Nagar,19.75,69.07639363814938
2026-06-10 16:00:00,74.25,Gomti Nagar,18.25,70.46729113244335
2026-06-10 17:00:00,80.5,Gomti Nagar,18.75,71.35905724355514
2026-06-10 18:00:00,78.5,Gomti Nagar,23.5,67.74696341503014
2026-06-10 19:00:00,89.75,Gomti Nagar,21.5,72.84180220844377
2026-06-10 20:00:00,77.75,Gomti Nagar,22.0,89.55963687352708
2026-06-10 21:00:00,93.5,Gomti Nagar,21.75,72.91341612458642
2026-06-10 22:00:00,124.0,Gomti Nagar,17.75,87.84795109482354
2026-06-10 23:00:00,79.0,Gomti Nagar,18.75,83.0067879913755
2026-06-11 00:00:00,53.0,Gomti Nagar,13.5,72.72345009564373
2026-06-11 01:00:00,153.5,Gomti Nagar,9.75,55.326332643645074
2026-06-11 02:00:00,57.0,Gomti Nagar,11.5,88.03461517471621
2026-06-11 03:00:00,9.0,Gomti Nagar,10.25,84.90011310691726
2026-06-11 04:00:00,1.75,Gomti Nagar,6.75,43.500851852532534
2026-06-11 05:00:00,11.25,Gomti Nagar,7.25,42.38363175973309
2026-06-11 06:00:00,18.75,Gomti Nagar,9.5,44.00476756503729
2026-06-11 07:00:00,19.25,Gomti Nagar,13.0,47.54600030260971
2026-06-11 08:00:00,24.25,Gomti Nagar,21.75,50.01314135368827
2026-06-11 09:00:00,18.5,Gomti Nagar,25.5,52.7203481009171
2026-06-11 10:00:00,19.5,Gomti Nagar,36.0,50.75196021306964
2026-06-11 11:00:00,21.5,Gomti Nagar,59.0,51.54785484390178
2026-06-11 12:00:00,25.25,Gomti Nagar,42.75,48.7040431197463
2026-06-11 13:00:00,22.25,Gomti Nagar,39.0,48.82537191381281
2026-06-11 14:00:00,20.25,Gomti Nagar,44.0,44.506165659065736
2026-06-11 15:00:00,19.75,Gomti Nagar,40.5,52.57773425009
2026-06-11 16:00:00,18.25,Gomti Nagar,41.75,55.38100177654503
2026-06-11 17:00:00,18.75,Gomti Nagar,37.25,46.10853866436926
2026-06-11 18:00:00,23.5,Gomti Nagar,46.25,44.8916810515873
2026-06-11 19:00:00,21.5,Gomti Nagar,52.25,46.54503124999998
2026-06-11 20:00:00,22.0,Gomti Nagar,52.5,46.42943683862434
2026-06-11 21:00:00,21.75,Gomti Nagar,52.75,41.201892063492075
2026-06-11 22:00:00,17.75,Gomti Nagar,46.25,40.20590790739476
2026-06-11 23:00:00,18.75,Gomti Nagar,41.0,35.054411875648704
2026-06-12 00:00:00,13.5,Gomti Nagar,38.5,30.75949019550909
2026-06-12 01:00:00,9.75,Gomti Nagar,42.75,28.287449915824904
2026-06-12 02:00:00,11.5,Gomti Nagar,55.25,23.310867319343878
2026-06-12 03:00:00,10.25,Gomti Nagar,67.25,24.048885785950358
2026-06-12 04:00:00,6.75,Gomti Nagar,63.75,23.758835576146836
2026-06-12 05:00:00,7.25,Gomti Nagar,59.5,26.78486765970821
2026-06-12 06:00:00,9.5,Gomti Nagar,56.5,27.312455765406586
2026-06-12 07:00:00,13.0,Gomti Nagar,55.75,26.60140641248223
2026-06-12 08:00:00,21.75,Gomti Nagar,247.5,26.47308091945674
2026-06-12 09:00:00,25.5,Gomti Nagar,70.25,26.95492737045944
2026-06-12 10:00:00,36.0,Gomti Nagar,7.0,33.770598849983415
2026-06-12 11:00:00,59.0,Gomti Nagar,9.75,39.16912027576768
2026-06-12 12:00:00,42.75,Gomti Nagar,16.5,35.886176587301605
2026-06-12 13:00:00,39.0,Gomti Nagar,22.0,106.34574932046827
2026-06-12 14:00:00,44.0,Gomti Nagar,22.75,43.33901250610067
2026-06-12 15:00:00,40.5,Gomti Nagar,23.75,91.85358867064029
2026-06-12 16:00:00,41.75,Gomti Nagar,47.25,78.82892728925867
2026-06-12 17:00:00,37.25,Gomti Nagar,31.0,93.20540906034272
2026-06-12 18:00:00,46.25,Gomti Nagar,36.25,139.0112235607959
2026-06-12 19:00:00,52.25,Gomti Nagar,33.75,47.554448379959865
2026-06-12 20:00:00,52.5,Gomti Nagar,33.75,51.60848003644307
2026-06-12 21:00:00,52.75,Gomti Nagar,36.0,53.02010147528427
2026-06-12 22:00:00,46.25,Gomti Nagar,28.0,60.150501472550765
2026-06-12 23:00:00,41.0,Gomti Nagar,26.5,69.91772734960067
2026-06-13 00:00:00,38.5,Gomti Nagar,37.25,45.95236020794392
2026-06-13 01:00:00,42.75,Gomti Nagar,39.75,50.9263140544254
2026-06-13 02:00:00,55.25,Gomti Nagar,52.25,42.827874739121214
2026-06-13 03:00:00,67.25,Gomti Nagar,57.5,43.4679007936508
2026-06-13 04:00:00,63.75,Gomti Nagar,49.25,45.199688940092145
2026-06-13 05:00:00,59.5,Gomti Nagar,34.5,45.102632936507916
2026-06-13 06:00:00,56.5,Gomti Nagar,41.0,47.721338955026425
2026-06-13 07:00:00,55.75,Gomti Nagar,37.75,47.7223779100529
2026-06-13 08:00:00,247.5,Gomti Nagar,31.75,45.10424158646571
2026-06-13 09:00:00,70.25,Gomti Nagar,37.5,40.634467001274864
2026-06-13 10:00:00,7.0,Gomti Nagar,34.75,43.74849301616605
2026-06-13 11:00:00,9.75,Gomti Nagar,38.0,53.95522972081287
2026-06-13 12:00:00,16.5,Gomti Nagar,38.0,50.73189553270803
2026-06-13 13:00:00,22.0,Gomti Nagar,72.25,40.041344276094286
2026-06-13 14:00:00,22.75,Gomti Nagar,48.0,44.40982259046187
2026-06-13 15:00:00,23.75,Gomti Nagar,53.25,42.620073607594215
2026-06-13 16:00:00,47.25,Gomti Nagar,63.5,45.82662781934252
2026-06-13 17:00:00,31.0,Gomti Nagar,63.25,46.60710592736356
2026-06-13 18:00:00,36.25,Gomti Nagar,60.25,74.76726087146146
2026-06-13 19:00:00,33.75,Gomti Nagar,65.75,80.24075719020794
2026-06-13 20:00:00,33.75,Gomti Nagar,68.0,72.5913546670137
2026-06-13 21:00:00,36.0,Gomti Nagar,88.0,67.30184779227156
2026-06-13 22:00:00,28.0,Gomti Nagar,89.5,154.79786686507938
2026-06-13 23:00:00,26.5,Gomti Nagar,76.75,64.42802316252592
2026-06-14 00:00:00,37.25,Gomti Nagar,96.75,57.05556018518518
2026-06-14 01:00:00,39.75,Gomti Nagar,74.25,60.65929069008317
2026-06-14 02:00:00,52.25,Gomti Nagar,81.75,55.323822958388085
2026-06-14 03:00:00,57.5,Gomti Nagar,83.25,60.56273071523672
2026-06-14 04:00:00,49.25,Gomti Nagar,56.0,65.33683340138423
2026-06-14 05:00:00,34.5,Gomti Nagar,44.25,54.97191510994287
2026-06-14 06:00:00,41.0,Gomti Nagar,41.25,55.446758130573535
2026-06-14 07:00:00,37.75,Gomti Nagar,46.0,50.011329443192515
2026-06-14 08:00:00,31.75,Gomti Nagar,42.5,51.778034487896996
2026-06-14 09:00:00,37.5,Gomti Nagar,44.5,42.804361570281365
2026-06-14 10:00:00,34.75,Gomti Nagar,47.5,33.78937531005039
2026-06-14 11:00:00,38.0,Gomti Nagar,66.5,31.415147742536227
2026-06-14 12:00:00,38.0,Gomti Nagar,66.75,30.223752015591447
2026-06-14 13:00:00,72.25,Gomti Nagar,92.5,30.83139868088383
2026-06-14 14:00:00,48.0,Gomti Nagar,75.25,44.030092261904734
2026-06-14 15:00:00,53.25,Gomti Nagar,78.75,41.56046449415602
2026-06-14 16:00:00,63.5,Gomti Nagar,87.0,50.336148733799
2026-06-14 17:00:00,63.25,Gomti Nagar,86.25,47.3563416005291
2026-06-14 18:00:00,60.25,Gomti Nagar,82.25,47.44130522486774
2026-06-14 19:00:00,65.75,Gomti Nagar,88.5,58.05455864908689
2026-06-14 20:00:00,68.0,Gomti Nagar,90.25,60.139842222222214
2026-06-14 21:00:00,88.0,Gomti Nagar,95.25,60.544140873015856
2026-06-14 22:00:00,89.5,Gomti Nagar,144.5,62.13398776455027
2026-06-14 23:00:00,76.75,Gomti Nagar,91.5,61.68758829365079
2026-06-15 00:00:00,96.75,Gomti Nagar,54.75,53.319738075109264
2026-06-15 01:00:00,74.25,Gomti Nagar,47.75,52.071147569497285
2026-06-15 02:00:00,81.75,Gomti Nagar,36.25,64.38981460542394
2026-06-15 03:00:00,83.25,Gomti Nagar,39.0,65.66261568025796
2026-06-15 04:00:00,56.0,Gomti Nagar,40.25,60.390813973192394
2026-06-15 05:00:00,44.25,Gomti Nagar,38.5,46.76732527821097
2026-06-15 06:00:00,41.25,Gomti Nagar,49.25,53.99677211209236
2026-06-15 07:00:00,46.0,Gomti Nagar,55.0,51.8054596440472
2026-06-15 08:00:00,42.5,Gomti Nagar,68.75,64.55495237196463
2026-06-15 09:00:00,44.5,Gomti Nagar,61.25,51.39984313701616
2026-06-15 10:00:00,47.5,Gomti Nagar,70.25,61.49339088673542
2026-06-15 11:00:00,66.5,Gomti Nagar,81.5,55.32884544749966
2026-06-15 12:00:00,66.75,Gomti Nagar,81.75,49.58517741766844
2026-06-15 13:00:00,92.5,Gomti Nagar,77.75,69.09225794333025
2026-06-15 14:00:00,75.25,Gomti Nagar,77.0,69.30794185393393
2026-06-15 15:00:00,78.75,Gomti Nagar,94.0,77.81967090660794
2026-06-15 16:00:00,87.0,Gomti Nagar,111.5,72.57204746014774
2026-06-15 17:00:00,86.25,Gomti Nagar,103.0,77.24764343221167
2026-06-15 18:00:00,82.25,Gomti Nagar,95.5,74.81079790958141
2026-06-15 19:00:00,88.5,Gomti Nagar,93.0,73.87082400253952
2026-06-15 20:00:00,90.25,Gomti Nagar,95.0,78.60574420568557
2026-06-15 21:00:00,95.25,Gomti Nagar,95.75,86.33117635366847
2026-06-15 22:00:00,144.5,Gomti Nagar,95.75,86.36627763407708
2026-06-15 23:00:00,91.5,Gomti Nagar,94.25,98.7879539613139
2026-06-16 00:00:00,54.75,Gomti Nagar,93.25,84.95036888369427
2026-06-16 01:00:00,47.75,Gomti Nagar,88.75,68.69660029480083
2026-06-16 02:00:00,36.25,Gomti Nagar,78.75,61.918367095724875
2026-06-16 03:00:00,39.0,Gomti Nagar,77.5,66.00658202888745
2026-06-16 04:00:00,40.25,Gomti Nagar,72.0,56.413803326498176
2026-06-16 05:00:00,38.5,Gomti Nagar,73.5,56.87673338816795
2026-06-16 06:00:00,49.25,Gomti Nagar,77.25,50.885893570250225
2026-06-16 07:00:00,55.0,Gomti Nagar,83.0,49.92523888504032
2026-06-16 08:00:00,68.75,Gomti Nagar,82.75,56.29030845803041
2026-06-16 09:00:00,61.25,Gomti Nagar,84.75,46.73340457870668
2026-06-16 10:00:00,70.25,Gomti Nagar,68.5,60.62414608010113
2026-06-16 11:00:00,81.5,Gomti Nagar,66.25,67.0756747914005
2026-06-16 12:00:00,81.75,Gomti Nagar,59.5,77.48055486400445
2026-06-16 13:00:00,77.75,Gomti Nagar,53.0,81.43940325368695
2026-06-16 14:00:00,77.0,Gomti Nagar,49.5,69.11025531754439
2026-06-16 15:00:00,94.0,Gomti Nagar,62.5,69.91435509740425
2026-06-16 16:00:00,111.5,Gomti Nagar,52.5,76.63116934040654
2026-06-16 17:00:00,103.0,Gomti Nagar,43.0,84.94929563146192
2026-06-16 18:00:00,95.5,Gomti Nagar,36.25,84.21541213017295
2026-06-16 19:00:00,93.0,Gomti Nagar,35.0,91.92168768759042
2026-06-16 20:00:00,95.0,Gomti Nagar,37.5,95.88563872924769
2026-06-16 21:00:00,95.75,Gomti Nagar,38.0,89.74255301910965
2026-06-16 22:00:00,95.75,Gomti Nagar,49.0,110.54130064037925
2026-06-16 23:00:00,94.25,Gomti Nagar,45.25,95.69031032923708
2026-06-17 00:00:00,93.25,Gomti Nagar,52.25,74.3193565222345
2026-06-17 01:00:00,88.75,Gomti Nagar,48.0,65.3445694816278
2026-06-17 02:00:00,78.75,Gomti Nagar,33.75,46.60285530432671
2026-06-17 03:00:00,77.5,Gomti Nagar,27.75,48.009576077535
2026-06-17 04:00:00,72.0,Gomti Nagar,21.25,49.594544623711045
2026-06-17 05:00:00,73.5,Gomti Nagar,17.5,47.067898302521456
2026-06-17 06:00:00,77.25,Gomti Nagar,20.25,62.14964316523837
2026-06-17 07:00:00,83.0,Gomti Nagar,27.75,66.03716339885891
2026-06-17 08:00:00,82.75,Gomti Nagar,38.0,77.57947480838432
2026-06-17 09:00:00,84.75,Gomti Nagar,33.75,75.21009630961134
2026-06-17 10:00:00,68.5,Gomti Nagar,38.75,77.61082182051878
2026-06-17 11:00:00,66.25,Gomti Nagar,47.75,54.707839141334176
2026-06-17 12:00:00,59.5,Gomti Nagar,50.25,55.32562664068831
2026-06-17 13:00:00,53.0,Gomti Nagar,53.5,58.314115537448295
2026-06-17 14:00:00,49.5,Gomti Nagar,49.0,51.726518774216835
2026-06-17 15:00:00,62.5,Gomti Nagar,56.25,55.15548647334906
2026-06-17 16:00:00,52.5,Gomti Nagar,50.5,63.863540053416
2026-06-17 17:00:00,43.0,Gomti Nagar,49.0,58.05359904756139
2026-06-17 18:00:00,36.25,Gomti Nagar,56.5,56.75457106762912
2026-06-17 19:00:00,35.0,Gomti Nagar,57.5,62.51537026277451
2026-06-17 20:00:00,37.5,Gomti Nagar,63.0,60.373262068828964
2026-06-17 21:00:00,38.0,Gomti Nagar,63.75,61.236512115129926
2026-06-17 22:00:00,49.0,Gomti Nagar,80.75,62.92118242210762
2026-06-17 23:00:00,45.25,Gomti Nagar,74.0,63.022064269494635
2026-06-18 00:00:00,52.25,Gomti Nagar,61.0,54.8521806723484
2026-06-18 01:00:00,48.0,Gomti Nagar,73.5,58.486825526474725
2026-06-18 02:00:00,33.75,Gomti Nagar,73.5,55.148796697343215
2026-06-18 03:00:00,27.75,Gomti Nagar,62.25,62.72200383265645
2026-06-18 04:00:00,21.25,Gomti Nagar,63.25,43.819181500945206
2026-06-18 05:00:00,17.5,Gomti Nagar,47.75,40.62444443645011
2026-06-18 06:00:00,20.25,Gomti Nagar,63.0,40.6845598654646
2026-06-18 07:00:00,27.75,Gomti Nagar,56.0,42.43238722428164
2026-06-18 08:00:00,38.0,Gomti Nagar,63.25,43.73415106501931
2026-06-18 09:00:00,33.75,Gomti Nagar,66.25,45.67914195528363
2026-06-18 10:00:00,38.75,Gomti Nagar,70.25,44.947701264115175
2026-06-18 11:00:00,47.75,Gomti Nagar,73.5,43.302584081377574
2026-06-18 12:00:00,50.25,Gomti Nagar,83.5,49.345671267288935
2026-06-18 13:00:00,53.5,Gomti Nagar,85.0,43.74508607685659
2026-06-18 14:00:00,49.0,Gomti Nagar,78.0,37.54064387965743
2026-06-18 15:00:00,56.25,Gomti Nagar,77.75,48.17402989816482
2026-06-18 16:00:00,50.5,Gomti Nagar,64.5,45.71416480213489
2026-06-18 17:00:00,49.0,Gomti Nagar,60.0,36.54124202239923
2026-06-18 18:00:00,56.5,Gomti Nagar,54.25,36.94287692741173
2026-06-18 19:00:00,57.5,Gomti Nagar,50.5,41.862447420634915
2026-06-18 20:00:00,63.0,Gomti Nagar,59.25,45.02707878762234
2026-06-18 21:00:00,63.75,Gomti Nagar,52.25,43.80427028929851
2026-06-18 22:00:00,80.75,Gomti Nagar,54.25,50.51283705408925
2026-06-18 23:00:00,74.0,Gomti Nagar,51.75,51.46044692541859
2026-06-19 00:00:00,61.0,Gomti Nagar,40.25,52.26035996995647
2026-06-19 01:00:00,73.5,Gomti Nagar,33.75,42.82251760812194
2026-06-19 02:00:00,73.5,Gomti Nagar,31.0,38.49558970480507
2026-06-19 03:00:00,62.25,Gomti Nagar,41.0,38.47728214893501
2026-06-19 04:00:00,63.25,Gomti Nagar,65.5,36.47341965988063
2026-06-19 05:00:00,47.75,Gomti Nagar,45.75,37.81875750677609
2026-06-19 06:00:00,63.0,Gomti Nagar,49.25,44.813227632108585
2026-06-19 07:00:00,56.0,Gomti Nagar,85.75,38.951218519837106
2026-06-19 08:00:00,63.25,Gomti Nagar,63.5,41.542134303001234
2026-06-19 09:00:00,66.25,Gomti Nagar,63.75,39.2832205222794
2026-06-19 10:00:00,70.25,Gomti Nagar,69.75,44.566832910274975
2026-06-19 11:00:00,73.5,Gomti Nagar,74.0,57.45486966192098
2026-06-19 12:00:00,83.5,Gomti Nagar,69.5,54.89603892435463
2026-06-19 13:00:00,85.0,Gomti Nagar,66.5,64.17736030419111
2026-06-19 14:00:00,78.0,Gomti Nagar,109.5,61.534826157036235
2026-06-19 15:00:00,77.75,Gomti Nagar,43.0,60.517759725400985
2026-06-19 16:00:00,64.5,Gomti Nagar,40.5,57.453306133244354
2026-06-19 17:00:00,60.0,Gomti Nagar,56.0,55.48254711275104
2026-06-19 18:00:00,54.25,Gomti Nagar,57.5,57.645020996581955
2026-06-19 19:00:00,50.5,Gomti Nagar,53.75,59.77186668550848
2026-06-19 20:00:00,59.25,Gomti Nagar,61.5,62.82385918617583
2026-06-19 21:00:00,52.25,Gomti Nagar,72.25,69.27771926236451
2026-06-19 22:00:00,54.25,Gomti Nagar,74.0,65.15748113050118
2026-06-19 23:00:00,51.75,Gomti Nagar,74.0,62.36369257657603
2026-06-20 00:00:00,40.25,Gomti Nagar,70.0,65.73176935801231
2026-06-20 01:00:00,33.75,Gomti Nagar,71.75,59.937558462997416
2026-06-20 02:00:00,31.0,Gomti Nagar,72.75,72.68083197527362
2026-06-20 03:00:00,41.0,Gomti Nagar,70.75,86.3372449996782
2026-06-20 04:00:00,65.5,Gomti Nagar,84.25,93.64142176419347
2026-06-20 05:00:00,45.75,Gomti Nagar,60.25,72.75157542475667
2026-06-20 06:00:00,49.25,Gomti Nagar,44.0,69.94249295222153
2026-06-20 07:00:00,85.75,Gomti Nagar,41.0,60.1021634484081
2026-06-20 08:00:00,63.5,Gomti Nagar,41.0,82.07849506438029
2026-06-20 09:00:00,63.75,Gomti Nagar,41.75,70.66419966725624
2026-06-20 10:00:00,69.75,Gomti Nagar,48.25,62.031164975249155
2026-06-20 11:00:00,74.0,Gomti Nagar,56.0,62.79864653544533
2026-06-20 12:00:00,69.5,Gomti Nagar,66.25,68.35210241953696
2026-06-20 13:00:00,66.5,Gomti Nagar,60.5,65.28290729292665
2026-06-20 14:00:00,109.5,Gomti Nagar,58.25,65.3745581667702
2026-06-20 15:00:00,43.0,Gomti Nagar,70.0,77.81120316175509
2026-06-20 16:00:00,40.5,Gomti Nagar,66.25,55.011834322759206
2026-06-20 17:00:00,56.0,Gomti Nagar,55.0,57.66079490501322
2026-06-20 18:00:00,57.5,Gomti Nagar,48.75,58.11932936931953
2026-06-20 19:00:00,53.75,Gomti Nagar,71.5,61.40536913708884
2026-06-20 20:00:00,61.5,Gomti Nagar,73.5,60.10737164624483
2026-06-20 21:00:00,72.25,Gomti Nagar,56.25,63.207670579495385
2026-06-20 22:00:00,74.0,Gomti Nagar,64.75,61.93448620814374
2026-06-20 23:00:00,74.0,Gomti Nagar,63.75,62.7311526436028
2026-06-21 00:00:00,70.0,Gomti Nagar,40.5,44.5942708356851
2026-06-21 01:00:00,71.75,Gomti Nagar,35.0,40.46382242052484
2026-06-21 02:00:00,72.75,Gomti Nagar,27.5,44.083450753791894
2026-06-21 03:00:00,70.75,Gomti Nagar,26.0,42.677543651785335
2026-06-21 04:00:00,84.25,Gomti Nagar,30.5,61.412472345510636
2026-06-21 05:00:00,60.25,Gomti Nagar,36.5,47.178264372144476
2026-06-21 06:00:00,44.0,Gomti Nagar,51.25,51.92398893450433
2026-06-21 07:00:00,41.0,Gomti Nagar,59.25,56.865518878850295
2026-06-21 08:00:00,41.0,Gomti Nagar,43.25,54.737615512998964
2026-06-21 09:00:00,41.75,Gomti Nagar,37.25,53.548673933370615
2026-06-21 10:00:00,48.25,Gomti Nagar,45.5,54.8762766654255
2026-06-21 11:00:00,56.0,Gomti Nagar,53.0,58.15878105550655
2026-06-21 12:00:00,66.25,Gomti Nagar,59.25,59.59265741838596
2026-06-21 13:00:00,60.5,Gomti Nagar,71.0,68.9456886501754
2026-06-21 14:00:00,58.25,Gomti Nagar,61.75,67.44642760486256
2026-06-21 15:00:00,70.0,Gomti Nagar,85.0,46.96902032050132
2026-06-21 16:00:00,66.25,Gomti Nagar,83.25,45.54695665330268
2026-06-21 17:00:00,55.0,Gomti Nagar,65.75,67.40896036722542
2026-06-21 18:00:00,48.75,Gomti Nagar,63.5,68.53441378658994
2026-06-21 19:00:00,71.5,Gomti Nagar,59.75,55.48624033361262
2026-06-21 20:00:00,73.5,Gomti Nagar,61.5,62.27202510967134
2026-06-21 21:00:00,56.25,Gomti Nagar,60.0,67.26397831851077
2026-06-21 22:00:00,64.75,Gomti Nagar,53.25,68.70571221071502
2026-06-21 23:00:00,63.75,Gomti Nagar,55.25,71.98418435274132
2026-06-22 00:00:00,40.5,Gomti Nagar,64.25,69.76243435598548
2026-06-22 01:00:00,35.0,Gomti Nagar,70.5,63.11401638004976
2026-06-22 02:00:00,27.5,Gomti Nagar,64.25,81.0419047103524
2026-06-22 03:00:00,26.0,Gomti Nagar,58.75,45.24204032249045
2026-06-22 04:00:00,30.5,Gomti Nagar,50.5,43.44081368425616
2026-06-22 05:00:00,36.5,Gomti Nagar,48.0,55.52140427359551
2026-06-22 06:00:00,51.25,Gomti Nagar,137.75,49.8901354289328
2026-06-22 07:00:00,59.25,Gomti Nagar,236.0,44.601536595655176
2026-06-22 08:00:00,43.25,Gomti Nagar,58.0,42.263231233935414
2026-06-22 09:00:00,37.25,Gomti Nagar,53.5,48.31570774570485
2026-06-22 10:00:00,45.5,Gomti Nagar,50.0,46.98235430482319
2026-06-22 11:00:00,53.0,Gomti Nagar,69.75,49.68179816052337
2026-06-22 12:00:00,59.25,Gomti Nagar,60.5,52.464950978289124
2026-06-22 13:00:00,71.0,Gomti Nagar,57.25,66.58378371826831
2026-06-22 14:00:00,61.75,Gomti Nagar,59.75,66.72701946175205
2026-06-22 15:00:00,85.0,Gomti Nagar,47.25,62.05963503364955
2026-06-22 16:00:00,83.25,Gomti Nagar,50.5,72.73498358648338
2026-06-22 17:00:00,65.75,Gomti Nagar,45.25,69.47945188048384
2026-06-22 18:00:00,63.5,Gomti Nagar,37.75,64.65655452121446
2026-06-22 19:00:00,59.75,Gomti Nagar,32.25,69.27744822700542
2026-06-22 20:00:00,61.5,Gomti Nagar,36.25,68.61661914091809
2026-06-22 21:00:00,60.0,Gomti Nagar,38.75,62.24510473130611
2026-06-22 22:00:00,53.25,Gomti Nagar,43.75,66.16176535469847
2026-06-22 23:00:00,55.25,Gomti Nagar,59.67,62.980501456954514
2026-06-23 00:00:00,64.25,Gomti Nagar,74.0,46.726650643922625
2026-06-23 01:00:00,70.5,Gomti Nagar,73.0,42.0206297386104
2026-06-23 02:00:00,64.25,Gomti Nagar,113.25,41.22956218307253
2026-06-23 03:00:00,58.75,Gomti Nagar,160.5,41.97165561914109
2026-06-23 04:00:00,50.5,Gomti Nagar,59.0,45.29696972570661
2026-06-23 05:00:00,48.0,Gomti Nagar,23.75,52.21156923499837
2026-06-23 06:00:00,137.75,Gomti Nagar,33.0,53.77218942837071
2026-06-23 07:00:00,236.0,Gomti Nagar,34.0,78.70586155866017
2026-06-23 08:00:00,58.0,Gomti Nagar,35.0,46.537072524129634
2026-06-23 09:00:00,53.5,Gomti Nagar,40.0,42.58363580218158
2026-06-23 10:00:00,50.0,Gomti Nagar,36.33,51.35685692181991
2026-06-23 11:00:00,69.75,Gomti Nagar,27.5,50.52584749548278
2026-06-23 12:00:00,60.5,Gomti Nagar,28.75,66.91477130710125
2026-06-23 13:00:00,57.25,Gomti Nagar,33.5,77.29328682288852
2026-06-23 14:00:00,59.75,Gomti Nagar,27.5,67.85479542368888
2026-06-23 15:00:00,47.25,Gomti Nagar,31.25,71.6633206053546
2026-06-23 16:00:00,50.5,Gomti Nagar,34.5,62.80434597900361
2026-06-23 17:00:00,45.25,Gomti Nagar,35.75,64.77051036805435
2026-06-23 18:00:00,37.75,Gomti Nagar,37.25,53.28129277402956
2026-06-23 19:00:00,32.25,Gomti Nagar,38.0,54.61772668575651
2026-06-23 20:00:00,36.25,Gomti Nagar,41.5,50.05174943311403
2026-06-23 21:00:00,38.75,Gomti Nagar,55.25,49.31584731584875
2026-06-23 22:00:00,43.75,Gomti Nagar,52.0,51.90714693216278
2026-06-23 23:00:00,59.67,Gomti Nagar,46.75,55.71057949527955
2026-06-24 00:00:00,74.0,Gomti Nagar,57.75,70.99328069937286
2026-06-24 01:00:00,73.0,Gomti Nagar,54.25,76.2381572833688
2026-06-24 02:00:00,113.25,Gomti Nagar,49.0,77.52056004134181
2026-06-24 03:00:00,160.5,Gomti Nagar,59.0,83.27117928943989
2026-06-24 04:00:00,59.0,Gomti Nagar,58.5,80.24339283185164
2026-06-24 05:00:00,23.75,Gomti Nagar,39.5,60.092373672327824
2026-06-24 06:00:00,33.0,Gomti Nagar,26.75,48.892334116987506
2026-06-24 07:00:00,34.0,Gomti Nagar,26.0,62.077612305535865
2026-06-24 08:00:00,35.0,Gomti Nagar,33.25,52.93765658066293
2026-06-24 09:00:00,40.0,Gomti Nagar,25.0,49.04380699350091
2026-06-24 10:00:00,36.33,Gomti Nagar,38.75,46.594602298628786
2026-06-24 11:00:00,27.5,Gomti Nagar,42.75,49.72742343454261
2026-06-24 12:00:00,28.75,Gomti Nagar,48.75,46.76778734408467
2026-06-24 13:00:00,33.5,Gomti Nagar,49.75,49.37745401291624
2026-06-24 14:00:00,27.5,Gomti Nagar,45.75,50.142309230160386
2026-06-24 15:00:00,31.25,Gomti Nagar,54.75,39.17349249788324
2026-06-24 16:00:00,34.5,Gomti Nagar,48.0,40.49472438705091
2026-06-24 17:00:00,35.75,Gomti Nagar,40.75,38.66877126674462
2026-06-24 18:00:00,37.25,Gomti Nagar,38.25,49.155197001204755
2026-06-24 19:00:00,38.0,Gomti Nagar,42.25,82.73308417546008
2026-06-24 20:00:00,41.5,Gomti Nagar,55.75,47.497073419471675
2026-06-24 21:00:00,55.25,Gomti Nagar,85.75,49.390282003352354
2026-06-24 22:00:00,52.0,Gomti Nagar,79.75,45.62364008442701
2026-06-24 23:00:00,46.75,Gomti Nagar,62.0,56.57924517724628
2026-06-25 00:00:00,57.75,Gomti Nagar,59.5,58.019891379166374
2026-06-25 01:00:00,54.25,Gomti Nagar,48.0,59.91051202345213
2026-06-25 02:00:00,49.0,Gomti Nagar,67.75,55.79334997673485
2026-06-25 03:00:00,59.0,Gomti Nagar,38.5,53.732776858516495
2026-06-25 04:00:00,58.5,Gomti Nagar,35.25,50.74832598498509
2026-06-25 05:00:00,39.5,Gomti Nagar,36.0,41.58787763658085
2026-06-25 06:00:00,26.75,Gomti Nagar,34.5,42.398589898802484
2026-06-25 07:00:00,26.0,Gomti Nagar,57.5,40.31409072871283
2026-06-25 08:00:00,33.25,Gomti Nagar,57.5,36.760050362186085
2026-06-25 09:00:00,25.0,Gomti Nagar,49.5,33.041278950387635
2026-06-25 10:00:00,38.75,Gomti Nagar,50.5,35.05009515431696
2026-06-25 11:00:00,42.75,Gomti Nagar,46.75,31.06418263282875
2026-06-25 12:00:00,48.75,Gomti Nagar,41.25,34.23687004920167
2026-06-25 13:00:00,49.75,Gomti Nagar,39.25,35.38586664534405
2026-06-25 14:00:00,45.75,Gomti Nagar,37.75,34.9351628846988
2026-06-25 15:00:00,54.75,Gomti Nagar,38.5,36.48000625015499
2026-06-25 16:00:00,48.0,Gomti Nagar,36.25,39.31773931639425
2026-06-25 17:00:00,40.75,Gomti Nagar,40.75,36.52943796081987
2026-06-25 18:00:00,38.25,Gomti Nagar,42.25,40.36328121214271
2026-06-25 19:00:00,42.25,Gomti Nagar,42.75,40.48478335419539
2026-06-25 20:00:00,55.75,Gomti Nagar,55.5,42.70298239734331
2026-06-25 21:00:00,85.75,Gomti Nagar,61.25,51.232995035355934
2026-06-25 22:00:00,79.75,Gomti Nagar,55.25,63.33887974426809
2026-06-25 23:00:00,62.0,Gomti Nagar,75.75,59.45689724438106
2026-06-26 00:00:00,59.5,Gomti Nagar,65.0,62.40811688206253
2026-06-26 01:00:00,48.0,Gomti Nagar,49.5,59.45373736887601
2026-06-26 02:00:00,67.75,Gomti Nagar,21.0,51.08886044106
2026-06-26 03:00:00,38.5,Gomti Nagar,11.75,67.02953351258776
2026-06-26 04:00:00,35.25,Gomti Nagar,5.0,55.12474475041044
2026-06-26 05:00:00,36.0,Gomti Nagar,2.0,58.66413170308909
2026-06-26 06:00:00,34.5,Gomti Nagar,6.5,56.134169461911476
2026-06-26 07:00:00,57.5,Gomti Nagar,9.5,51.303520981876396
2026-06-26 08:00:00,57.5,Gomti Nagar,15.0,42.65705660105319
2026-06-26 09:00:00,49.5,Gomti Nagar,25.75,43.217264047502205
2026-06-26 10:00:00,50.5,Gomti Nagar,32.25,43.81029105265472
2026-06-26 11:00:00,46.75,Gomti Nagar,30.25,49.63305890289233
2026-06-26 12:00:00,41.25,Gomti Nagar,32.5,49.581598818852164
2026-06-26 13:00:00,39.25,Gomti Nagar,32.75,47.633956533740566
2026-06-26 14:00:00,37.75,Gomti Nagar,30.25,57.25659423515098
2026-06-26 15:00:00,38.5,Gomti Nagar,29.0,47.16535224010961
2026-06-26 16:00:00,36.25,Gomti Nagar,35.75,41.550328172687415
2026-06-26 17:00:00,40.75,Gomti Nagar,41.75,41.1327880930381
2026-06-26 18:00:00,42.25,Gomti Nagar,41.25,42.42037331829197
2026-06-26 19:00:00,42.75,Gomti Nagar,51.0,50.02979716068851
2026-06-26 20:00:00,55.5,Gomti Nagar,60.5,51.453246908329334
2026-06-26 21:00:00,61.25,Gomti Nagar,61.0,57.53361945070199
2026-06-26 22:00:00,55.25,Gomti Nagar,58.75,57.8679379492927
2026-06-26 23:00:00,75.75,Gomti Nagar,98.0,57.7943304742462
2026-06-27 00:00:00,65.0,Gomti Nagar,26.0,59.8233863290542
2026-06-27 01:00:00,49.5,Gomti Nagar,41.75,52.81109537000454
2026-06-27 02:00:00,21.0,Gomti Nagar,24.75,54.873738618731814
2026-06-27 03:00:00,11.75,Gomti Nagar,19.25,48.36631648629148
2026-06-27 04:00:00,5.0,Gomti Nagar,15.75,32.45981920223497
2026-06-27 05:00:00,2.0,Gomti Nagar,51.75,29.824682582259776
2026-06-27 06:00:00,6.5,Gomti Nagar,17.25,31.116322871708903
2026-06-27 07:00:00,9.5,Gomti Nagar,10.25,42.56663370410452
2026-06-27 08:00:00,15.0,Gomti Nagar,11.5,41.11131165023248
2026-06-27 09:00:00,25.75,Gomti Nagar,9.25,31.703599537037025
2026-06-27 10:00:00,32.25,Gomti Nagar,14.0,35.96156183862432
2026-06-27 11:00:00,30.25,Gomti Nagar,15.0,58.82211768755483
2026-06-27 12:00:00,32.5,Gomti Nagar,16.0,42.376153707861434
2026-06-27 13:00:00,32.75,Gomti Nagar,20.25,39.2486723593659
2026-06-27 14:00:00,30.25,Gomti Nagar,22.25,36.17343069989444
2026-06-27 15:00:00,29.0,Gomti Nagar,27.25,33.91790744289314
2026-06-27 16:00:00,35.75,Gomti Nagar,24.75,58.67833982554575
2026-06-27 17:00:00,41.75,Gomti Nagar,30.0,63.96389240003776
2026-06-27 18:00:00,41.25,Gomti Nagar,27.75,112.41252070599508
2026-06-27 19:00:00,51.0,Gomti Nagar,33.75,184.07887674686873
2026-06-27 20:00:00,60.5,Gomti Nagar,29.25,54.78571924958144
2026-06-27 21:00:00,61.0,Gomti Nagar,31.25,56.476093831009955
2026-06-27 22:00:00,58.75,Gomti Nagar,24.75,52.635846132584255
2026-06-27 23:00:00,98.0,Gomti Nagar,26.25,55.61864704496524
2026-06-28 00:00:00,26.0,Gomti Nagar,25.25,71.27249893176467
2026-06-28 01:00:00,41.75,Gomti Nagar,21.5,33.22528124394944
2026-06-28 02:00:00,24.75,Gomti Nagar,20.0,41.06525370001413
2026-06-28 03:00:00,19.25,Gomti Nagar,19.0,28.402851799637986
2026-06-28 04:00:00,15.75,Gomti Nagar,19.75,26.144410331384012
2026-06-28 05:00:00,51.75,Gomti Nagar,20.75,25.782450707163214
2026-06-28 06:00:00,17.25,Gomti Nagar,6.75,32.52400394374594
2026-06-28 07:00:00,10.25,Gomti Nagar,1.0,30.30464071669072
2026-06-28 09:00:00,9.25,Gomti Nagar,2.0,30.08196483696616
2026-06-28 10:00:00,14.0,Gomti Nagar,9.0,29.00465394350776
2026-06-28 11:00:00,15.0,Gomti Nagar,14.25,28.67291675630666
2026-06-28 12:00:00,16.0,Gomti Nagar,15.0,34.489708850056026
2026-06-28 13:00:00,20.25,Gomti Nagar,19.5,28.651175337402353
2026-06-28 14:00:00,22.25,Gomti Nagar,22.25,26.18841284679744
2026-06-28 15:00:00,27.25,Gomti Nagar,26.5,27.258186718553382
2026-06-28 16:00:00,24.75,Gomti Nagar,26.0,30.169625471140524
2026-06-28 17:00:00,30.0,Gomti Nagar,33.5,32.555604174901475
2026-06-28 18:00:00,27.75,Gomti Nagar,34.25,35.862695830149455
2026-06-28 19:00:00,33.75,Gomti Nagar,32.25,57.56488256695847
2026-06-28 20:00:00,29.25,Gomti Nagar,31.25,80.55610594793995
2026-06-28 21:00:00,31.25,Gomti Nagar,24.25,227.2292903903524
2026-06-28 22:00:00,24.75,Gomti Nagar,17.75,51.54019024880909
2026-06-28 23:00:00,26.25,Gomti Nagar,22.0,34.60901372608873
2026-06-29 00:00:00,25.25,Gomti Nagar,23.25,27.244396870105046
2026-06-29 01:00:00,21.5,Gomti Nagar,22.25,29.344071522934417
2026-06-29 02:00:00,20.0,Gomti Nagar,11.25,23.47190750353686
2026-06-29 03:00:00,19.0,Gomti Nagar,8.25,23.635814357029876
2026-06-29 04:00:00,19.75,Gomti Nagar,13.0,22.914338484517305
2026-06-29 05:00:00,20.75,Gomti Nagar,17.25,21.6653611235633
2026-06-29 06:00:00,6.75,Gomti Nagar,20.25,24.806823923287496
2026-06-29 07:00:00,1.0,Gomti Nagar,21.5,33.523283277330165
2026-06-29 08:00:00,,Gomti Nagar,13.5,28.030921640366305
2026-08-02 11:00:00,406.0,Gomti Nagar,3.0,30.89070117241978
2026-08-02 12:00:00,485.25,Gomti Nagar,6.25,40.06057710317458
2026-08-02 13:00:00,485.75,Gomti Nagar,10.5,44.06775816358669
2026-08-02 14:00:00,485.5,Gomti Nagar,9.5,44.08023846781949
2026-08-02 15:00:00,486.0,Gomti Nagar,7.5,40.59058693463048
2026-08-02 16:00:00,486.0,Gomti Nagar,11.25,39.613521775900324
2026-08-02 17:00:00,683.0,Gomti Nagar,22.0,39.84028557736124
2026-08-02 18:00:00,,Gomti Nagar,20.5,43.39331037663603
2026-08-09 16:00:00,32.75,Gomti Nagar,32.0,32.297195453940354
2026-08-09 17:00:00,41.25,Gomti Nagar,21.75,43.08264890480345
2026-08-09 19:00:00,57.0,Gomti Nagar,15.5,58.10489486589046
2026-08-09 20:00:00,65.25,Gomti Nagar,23.25,48.601955618874136
2026-08-09 21:00:00,68.5,Gomti Nagar,28.25,45.85924111552029
2026-08-09 22:00:00,69.75,Gomti Nagar,28.0,44.71469987213403
2026-08-09 23:00:00,61.75,Gomti Nagar,22.0,47.86253444925442
2026-08-10 00:00:00,50.25,Gomti Nagar,23.5,37.137279547642414
2026-08-10 01:00:00,47.5,Gomti Nagar,20.0,41.83954750948704
2026-08-10 02:00:00,33.75,Gomti Nagar,16.5,39.141399310882264
2026-08-10 03:00:00,29.0,Gomti Nagar,14.5,31.529108679696698
2026-08-10 04:00:00,22.5,Gomti Nagar,12.75,32.01540135300845
2026-08-10 11:00:00,40.0,Gomti Nagar,21.0,49.42301121758524
2026-08-10 12:00:00,32.25,Gomti Nagar,28.5,43.963984836141705
2026-08-10 13:00:00,35.5,Gomti Nagar,31.75,38.71588842553513
2026-08-10 14:00:00,31.75,Gomti Nagar,26.5,43.64970425976106
2026-08-10 15:00:00,39.25,Gomti Nagar,27.25,42.15171584105141
2026-08-10 16:00:00,32.0,Gomti Nagar,31.5,41.92926910324772
2026-08-10 17:00:00,21.75,Gomti Nagar,44.5,41.227931644483704
2026-08-10 18:00:00,19.5,Gomti Nagar,38.25,39.49830078759842
2026-08-10 19:00:00,15.5,Gomti Nagar,34.5,35.578954808979056
2026-08-10 20:00:00,23.25,Gomti Nagar,40.75,32.65527049344622
2026-08-10 21:00:00,28.25,Gomti Nagar,40.75,33.35583556735761
2026-08-10 22:00:00,28.0,Gomti Nagar,34.5,38.571328667406426
2026-08-11 01:00:00,20.0,Gomti Nagar,17.25,28.331485501252633
2026-08-11 02:00:00,16.5,Gomti Nagar,18.5,22.328319291615774
2026-08-11 08:00:00,2.75,Gomti Nagar,26.75,23.856781097780395
2026-08-11 09:00:00,5.0,Gomti Nagar,26.75,23.603022634570305
2026-08-11 10:00:00,12.5,Gomti Nagar,38.5,23.19128188007024
2026-08-11 11:00:00,21.0,Gomti Nagar,41.0,23.58548548310553
2026-08-11 12:00:00,28.5,Gomti Nagar,32.0,30.79466514245342
2026-08-11 13:00:00,31.75,Gomti Nagar,34.75,30.025082701955423
2026-08-11 14:00:00,26.5,Gomti Nagar,38.0,36.028663397302864
2026-08-11 15:00:00,27.25,Gomti Nagar,32.75,28.953811490833925
2026-08-11 16:00:00,31.5,Gomti Nagar,27.0,30.564251643123292
2026-08-11 17:00:00,44.5,Gomti Nagar,28.5,40.99358558141332
2026-08-11 18:00:00,38.25,Gomti Nagar,27.75,51.97651848087069
2026-08-11 19:00:00,34.5,Gomti Nagar,24.5,52.097454366224866
2026-08-11 20:00:00,40.75,Gomti Nagar,30.0,52.61472650225203
2026-08-11 21:00:00,40.75,Gomti Nagar,43.75,60.431642163808085
2026-08-11 22:00:00,34.5,Gomti Nagar,49.0,42.24241393416556
2026-08-11 23:00:00,30.25,Gomti Nagar,51.0,37.204212547002186
2026-08-12 00:00:00,21.0,Gomti Nagar,31.5,31.333238774886674
2026-08-12 01:00:00,17.25,Gomti Nagar,25.75,23.38934493536861
2026-08-12 02:00:00,18.5,Gomti Nagar,22.25,19.829032467965423
2026-08-12 03:00:00,18.75,Gomti Nagar,23.5,18.082811845240407
2026-08-12 04:00:00,11.0,Gomti Nagar,24.5,19.764195677226525
2026-08-12 05:00:00,5.5,Gomti Nagar,24.0,20.696927690513533
2026-08-12 06:00:00,164.25,Gomti Nagar,35.0,22.53349960424432
2026-08-12 07:00:00,59.5,Gomti Nagar,28.0,37.74220476190478
2026-08-12 08:00:00,26.75,Gomti Nagar,35.25,37.14946494708996
2026-08-12 09:00:00,26.75,Gomti Nagar,37.0,40.18518431515219
2026-08-12 10:00:00,38.5,Gomti Nagar,35.0,39.57555506708545
2026-08-12 11:00:00,41.0,Gomti Nagar,35.75,35.00538582646019
2026-08-12 12:00:00,32.0,Gomti Nagar,33.0,36.43186841067107
2026-08-12 13:00:00,34.75,Gomti Nagar,27.5,36.39706775808479
2026-08-12 14:00:00,38.0,Gomti Nagar,27.5,37.675213994386226
2026-08-12 15:00:00,32.75,Gomti Nagar,38.75,37.06399472704871
2026-08-12 16:00:00,27.0,Gomti Nagar,42.0,41.73351802942838
2026-08-12 17:00:00,28.5,Gomti Nagar,39.0,53.44148229839037
2026-08-12 18:00:00,27.75,Gomti Nagar,49.25,44.53607397537146
2026-08-12 19:00:00,24.5,Gomti Nagar,49.75,38.45086425007784
2026-08-12 20:00:00,30.0,Gomti Nagar,38.75,34.06060682827587
2026-08-12 21:00:00,43.75,Gomti Nagar,47.5,43.5883601112456
2026-08-12 22:00:00,49.0,Gomti Nagar,47.25,46.94466831689684
2026-08-12 23:00:00,51.0,Gomti Nagar,43.5,44.79584380451881
2026-08-13 00:00:00,31.5,Gomti Nagar,37.25,37.529080318467805
2026-08-13 01:00:00,25.75,Gomti Nagar,30.0,39.18408164312282
2026-08-13 02:00:00,22.25,Gomti Nagar,25.5,29.10752614693759
2026-08-13 03:00:00,23.5,Gomti Nagar,16.0,27.10000705484757
2026-08-13 10:00:00,35.0,Gomti Nagar,15.0,34.49840727338454
2026-08-23 16:00:00,27.5,Gomti Nagar,38.5,27.739201731652084
2026-08-23 17:00:00,21.75,Gomti Nagar,27.75,30.710607066526705
2026-08-23 18:00:00,19.5,Gomti Nagar,20.25,22.78775903587318
2026-08-23 19:00:00,18.25,Gomti Nagar,13.5,23.496049282962023
2026-08-23 20:00:00,8.0,Gomti Nagar,18.5,24.64308624112954
2026-08-23 21:00:00,5.67,Gomti Nagar,25.25,22.986972713576893
2026-08-23 22:00:00,4.5,Gomti Nagar,21.25,20.323345820223004
2026-08-23 23:00:00,4.75,Gomti Nagar,17.0,19.315256839759005
2026-08-24 00:00:00,8.0,Gomti Nagar,14.25,15.250020578958077
2026-08-24 01:00:00,6.5,Gomti Nagar,10.25,12.012857142857142
2026-08-24 02:00:00,8.75,Gomti Nagar,6.0,10.496122655122656
2026-08-24 03:00:00,12.75,Gomti Nagar,9.0,10.620764880952386
2026-08-24 04:00:00,12.0,Gomti Nagar,6.25,11.205165343915349
2026-08-24 05:00:00,8.0,Gomti Nagar,6.25,13.558480489417983
2026-08-24 06:00:00,3.0,Gomti Nagar,5.75,13.525843915343916
2026-08-24 07:00:00,4.0,Gomti Nagar,9.25,14.428234457671952
2026-08-24 08:00:00,9.5,Gomti Nagar,15.0,13.296307208994714
2026-08-24 09:00:00,17.33,Gomti Nagar,15.0,11.821960978835985
2026-08-24 10:00:00,26.5,Gomti Nagar,11.5,11.329236772486778
2026-08-24 11:00:00,30.75,Gomti Nagar,13.25,18.83468915343915
2026-08-24 12:00:00,36.0,Gomti Nagar,10.25,53.56465338277389
2026-08-24 13:00:00,31.75,Gomti Nagar,11.5,30.210944454887212
2026-08-24 14:00:00,29.75,Gomti Nagar,12.0,30.965669454887216
2026-08-24 15:00:00,29.75,Gomti Nagar,18.0,26.842058989213395
2026-08-24 16:00:00,38.5,Gomti Nagar,16.75,26.5508569233759
2026-08-24 17:00:00,27.75,Gomti Nagar,15.25,37.90723795107594
2026-08-24 18:00:00,20.25,Gomti Nagar,16.0,22.551571636742135
2026-08-24 19:00:00,13.5,Gomti Nagar,15.75,26.41406398809525
2026-08-24 20:00:00,18.5,Gomti Nagar,10.0,26.480134616886424
2026-08-24 21:00:00,25.25,Gomti Nagar,15.5,24.59139261953192
2026-08-24 22:00:00,21.25,Gomti Nagar,10.75,27.35909210596167
2026-08-24 23:00:00,17.0,Gomti Nagar,8.5,25.49640758215215
2026-08-25 00:00:00,14.25,Gomti Nagar,6.75,21.450815476190467
2026-08-25 01:00:00,10.25,Gomti Nagar,7.5,19.323843721244526
2026-08-25 02:00:00,6.0,Gomti Nagar,5.25,22.123185824511634
2026-08-25 03:00:00,9.0,Gomti Nagar,6.75,16.955775966358203
2026-08-25 04:00:00,6.25,Gomti Nagar,9.75,14.459016111203603
2026-08-25 05:00:00,6.25,Gomti Nagar,10.0,14.052618220899467
2026-08-25 06:00:00,5.75,Gomti Nagar,13.5,14.184620866402113
2026-08-25 07:00:00,9.25,Gomti Nagar,14.75,17.80749074074075
2026-08-25 08:00:00,15.0,Gomti Nagar,19.25,21.676529100529095
2026-08-25 09:00:00,15.0,Gomti Nagar,19.25,21.763706018518516
2026-08-25 10:00:00,11.5,Gomti Nagar,20.5,20.0185300925926
2026-08-25 11:00:00,13.25,Gomti Nagar,20.25,18.91011044973545
2026-08-25 12:00:00,10.25,Gomti Nagar,23.25,19.37910218253969
2026-08-25 13:00:00,11.5,Gomti Nagar,24.25,16.428600859788354
2026-08-25 14:00:00,12.0,Gomti Nagar,25.5,16.98196191077441
2026-08-25 15:00:00,18.0,Gomti Nagar,25.25,16.98894934463685
2026-08-26 10:00:00,20.5,Gomti Nagar,26.5,17.21870833333334
2026-08-26 11:00:00,20.25,Gomti Nagar,27.75,18.25811111111111
2026-08-26 12:00:00,23.25,Gomti Nagar,30.25,18.82095767195767
2026-08-26 13:00:00,24.25,Gomti Nagar,29.25,14.449847883597876
2026-08-26 14:00:00,25.5,Gomti Nagar,28.25,14.94656672932331
2026-08-26 15:00:00,25.25,Gomti Nagar,32.75,16.50071669625452
2026-08-26 16:00:00,18.25,Gomti Nagar,28.25,18.198710638654706
2026-08-26 17:00:00,10.5,Gomti Nagar,20.0,13.986104226791724
2026-08-26 18:00:00,10.0,Gomti Nagar,23.75,21.14257677970178
2026-08-26 19:00:00,14.0,Gomti Nagar,20.0,23.336453042328046
2026-08-26 20:00:00,10.25,Gomti Nagar,15.25,22.23100694444444
2026-08-26 21:00:00,6.25,Gomti Nagar,19.25,23.096125330687833
2026-08-26 22:00:00,4.5,Gomti Nagar,15.5,21.570293650793655
2026-08-26 23:00:00,7.5,Gomti Nagar,23.25,22.522680886243386
2026-08-27 00:00:00,8.0,Gomti Nagar,23.25,15.527565806878316
2026-08-27 07:00:00,23.5,Gomti Nagar,4.25,19.204945105820105
2026-08-27 08:00:00,24.75,Gomti Nagar,7.0,19.93758068783069
2026-08-27 09:00:00,26.5,Gomti Nagar,6.0,21.621051527176522
2026-08-27 10:00:00,26.5,Gomti Nagar,7.25,17.591420409451647
2026-08-27 11:00:00,27.75,Gomti Nagar,8.0,16.864843749999988
2026-08-27 12:00:00,30.25,Gomti Nagar,11.75,19.604486111111097
2026-08-27 13:00:00,29.25,Gomti Nagar,18.75,42.36296547619047
2026-08-27 14:00:00,28.25,Gomti Nagar,15.5,32.35687107753356
2026-08-27 15:00:00,32.75,Gomti Nagar,7.0,23.179634081196586
2026-08-27 16:00:00,28.25,Gomti Nagar,8.75,26.67494925213675
2026-08-27 17:00:00,20.0,Gomti Nagar,12.25,22.78165824684575
2026-08-27 18:00:00,23.75,Gomti Nagar,27.5,26.993264038196102
2026-08-27 19:00:00,20.0,Gomti Nagar,40.5,26.82516088903046
2026-08-27 20:00:00,15.25,Gomti Nagar,44.0,26.656556722363785
2026-08-27 21:00:00,19.25,Gomti Nagar,40.75,22.291336814956377
2026-08-27 22:00:00,15.5,Gomti Nagar,44.0,23.906018362575434
2026-08-27 23:00:00,23.25,Gomti Nagar,47.25,26.709449528631588
2026-08-28 00:00:00,23.25,Gomti Nagar,46.25,23.377358818415885
2026-08-28 01:00:00,12.0,Gomti Nagar,46.5,23.458111082355643
2026-08-28 02:00:00,6.75,Gomti Nagar,46.5,22.21793070486277
2026-08-28 03:00:00,3.0,Gomti Nagar,38.75,18.572311024623527
2026-08-28 04:00:00,9.0,Gomti Nagar,28.5,19.10995227573352
2026-08-28 05:00:00,4.5,Gomti Nagar,28.75,19.067364914021166
2026-08-28 06:00:00,2.25,Gomti Nagar,21.5,21.206988591269848
2026-08-28 07:00:00,4.25,Gomti Nagar,20.75,22.785118055555557
2026-08-28 08:00:00,7.0,Gomti Nagar,22.0,22.72414880952381
2026-08-28 09:00:00,6.0,Gomti Nagar,26.25,22.294429834054828
2026-08-28 10:00:00,7.25,Gomti Nagar,29.0,20.688218855218853
2026-08-28 11:00:00,8.0,Gomti Nagar,25.5,20.886073412698412
2026-08-28 12:00:00,11.75,Gomti Nagar,25.5,20.564570436507942
2026-08-28 13:00:00,18.75,Gomti Nagar,39.0,18.16511078042329
2026-08-28 14:00:00,15.5,Gomti Nagar,42.0,16.291361772486766
2026-08-28 15:00:00,7.0,Gomti Nagar,14.0,17.58992857142857
2026-08-28 16:00:00,8.75,Gomti Nagar,3.25,16.729013227513228
2026-08-28 17:00:00,12.25,Gomti Nagar,5.25,16.882077050264545
2026-08-28 18:00:00,27.5,Gomti Nagar,5.25,17.42468584656085
2026-08-28 19:00:00,40.5,Gomti Nagar,6.0,23.54735945767196
2026-08-28 20:00:00,44.0,Gomti Nagar,10.5,45.180593239512184
2026-08-28 21:00:00,40.75,Gomti Nagar,12.75,47.72725408607305
2026-08-28 22:00:00,44.0,Gomti Nagar,21.25,47.74415708647762
2026-08-28 23:00:00,47.25,Gomti Nagar,29.75,61.904523224728486
2026-08-29 00:00:00,46.25,Gomti Nagar,32.75,47.36633653254894
2026-08-29 01:00:00,46.5,Gomti Nagar,26.5,45.33457069937824
2026-08-29 02:00:00,46.5,Gomti Nagar,24.5,45.35834598797851
2026-08-29 03:00:00,38.75,Gomti Nagar,22.5,52.21995875583567
2026-08-29 04:00:00,28.5,Gomti Nagar,19.75,51.602690410477315
2026-08-29 05:00:00,28.75,Gomti Nagar,12.75,24.952713009259263
2026-08-29 06:00:00,21.5,Gomti Nagar,4.25,30.37723114732943
2026-08-29 07:00:00,20.75,Gomti Nagar,2.0,22.05799116661153
2026-08-29 08:00:00,22.0,Gomti Nagar,6.75,22.446943842319612
2026-08-29 09:00:00,26.25,Gomti Nagar,6.25,21.595911804760433
2026-08-29 10:00:00,29.0,Gomti Nagar,2.0,21.890715778471677
2026-08-29 11:00:00,25.5,Gomti Nagar,1.5,32.3961363711379
2026-08-29 12:00:00,25.5,Gomti Nagar,6.75,21.1391183989611
2026-08-29 13:00:00,39.0,Gomti Nagar,7.0,18.740336282985687
2026-08-29 14:00:00,42.0,Gomti Nagar,9.0,33.23137629492416
2026-08-29 15:00:00,14.0,Gomti Nagar,3.0,30.640934579801062
2026-08-29 16:00:00,3.25,Gomti Nagar,6.0,22.332204102781102
2026-08-29 17:00:00,5.25,Gomti Nagar,10.75,25.72973341898943
2026-08-29 18:00:00,5.25,Gomti Nagar,12.5,25.861006268358334
2026-08-29 19:00:00,6.0,Gomti Nagar,11.5,30.699013769747598
2026-08-29 20:00:00,10.5,Gomti Nagar,12.0,29.522396828623425
2026-08-29 21:00:00,12.75,Gomti Nagar,19.0,21.153172291177775
2026-08-29 22:00:00,21.25,Gomti Nagar,24.5,22.3796747190858
2026-08-29 23:00:00,29.75,Gomti Nagar,29.5,24.702730581279155
2026-08-30 00:00:00,32.75,Gomti Nagar,24.25,45.99460490371584
2026-08-30 01:00:00,26.5,Gomti Nagar,26.0,46.46958283164222
2026-08-30 02:00:00,24.5,Gomti Nagar,23.75,25.579985966189614
2026-08-30 03:00:00,22.5,Gomti Nagar,25.75,23.900626980296042
2026-08-30 04:00:00,19.75,Gomti Nagar,21.5,24.69160921682952
2026-08-30 05:00:00,12.75,Gomti Nagar,23.0,22.425503095333774
2026-08-30 06:00:00,4.25,Gomti Nagar,26.25,23.3160087266404
2026-08-30 07:00:00,2.0,Gomti Nagar,35.5,22.643917066609415
2026-08-30 08:00:00,6.75,Gomti Nagar,39.75,19.986395266905998
2026-08-30 09:00:00,6.25,Gomti Nagar,49.0,17.455034955014177
2026-08-30 10:00:00,2.0,Gomti Nagar,52.5,16.799610172384366
2026-08-30 11:00:00,1.5,Gomti Nagar,48.75,14.769783778552073
2026-08-30 12:00:00,6.75,Gomti Nagar,41.25,14.46339041265871
2026-08-30 13:00:00,7.0,Gomti Nagar,47.75,11.889520372976163
2026-08-30 14:00:00,9.0,Gomti Nagar,34.75,10.966607343875637
2026-08-30 15:00:00,3.0,Gomti Nagar,26.5,13.156103174603178
2026-08-30 16:00:00,6.0,Gomti Nagar,32.75,14.155149801587301
2026-08-30 17:00:00,10.75,Gomti Nagar,41.0,15.170914351851849
2026-08-30 18:00:00,12.5,Gomti Nagar,31.25,12.553216931216934
2026-08-30 19:00:00,11.5,Gomti Nagar,7.33,18.325197089947082
2026-08-30 20:00:00,12.0,Gomti Nagar,2.75,25.296348875661373
2026-08-30 21:00:00,19.0,Gomti Nagar,4.0,17.650754629629617
2026-08-30 22:00:00,24.5,Gomti Nagar,9.0,26.601975198412696
2026-08-30 23:00:00,29.5,Gomti Nagar,11.33,35.419138888888895
2026-01-05 09:00:00,117.75,Kendriya Vidyalaya,71.0,114.31291335409932
2026-01-05 11:00:00,104.25,Kendriya Vidyalaya,17.0,132.4478187608836
2026-01-05 12:00:00,80.0,Kendriya Vidyalaya,132.25,123.33224046153728
2026-01-05 13:00:00,72.75,Kendriya Vidyalaya,110.25,93.44451639983518
2026-01-05 14:00:00,61.0,Kendriya Vidyalaya,86.0,94.04350797772196
2026-01-05 15:00:00,62.5,Kendriya Vidyalaya,88.75,86.63518796818744
2026-01-05 16:00:00,59.0,Kendriya Vidyalaya,82.25,88.3451458282912
2026-01-05 17:00:00,62.5,Kendriya Vidyalaya,89.75,70.88789839182672
2026-01-05 18:00:00,67.75,Kendriya Vidyalaya,109.75,92.4016225737847
2026-01-05 19:00:00,84.0,Kendriya Vidyalaya,103.0,122.5391190627557
2026-01-05 20:00:00,100.5,Kendriya Vidyalaya,98.25,159.16520659485764
2026-01-05 21:00:00,105.0,Kendriya Vidyalaya,82.25,185.85960215180836
2026-01-05 22:00:00,102.25,Kendriya Vidyalaya,89.0,208.99115082163317
2026-01-05 23:00:00,94.0,Kendriya Vidyalaya,85.0,197.20779568807748
2026-01-06 00:00:00,89.0,Kendriya Vidyalaya,91.75,147.4092138869198
2026-01-06 01:00:00,88.5,Kendriya Vidyalaya,83.75,144.41539960560274
2026-01-06 02:00:00,76.75,Kendriya Vidyalaya,76.0,121.84057966968342
2026-01-06 03:00:00,70.25,Kendriya Vidyalaya,76.0,98.45529598130649
2026-01-06 04:00:00,62.75,Kendriya Vidyalaya,72.75,86.0609320538004
2026-01-06 05:00:00,66.75,Kendriya Vidyalaya,96.25,77.94609031975912
2026-01-06 06:00:00,72.75,Kendriya Vidyalaya,109.0,78.12507160065056
2026-01-06 07:00:00,72.75,Kendriya Vidyalaya,109.0,82.73018928035924
2026-01-06 08:00:00,67.25,Kendriya Vidyalaya,102.75,79.83531144218158
2026-01-06 09:00:00,71.0,Kendriya Vidyalaya,97.5,83.76874191998135
2026-01-10 21:00:00,145.25,Kendriya Vidyalaya,102.0,138.68037106436006
2026-01-10 22:00:00,167.5,Kendriya Vidyalaya,98.0,137.16144880441732
2026-01-10 23:00:00,163.5,Kendriya Vidyalaya,92.0,125.3633121108747
2026-01-11 00:00:00,138.0,Kendriya Vidyalaya,76.0,113.71451487377175
2026-01-11 01:00:00,121.25,Kendriya Vidyalaya,81.5,95.45322454074332
2026-01-11 02:00:00,102.25,Kendriya Vidyalaya,72.0,111.72847396803341
2026-01-11 03:00:00,92.25,Kendriya Vidyalaya,65.75,105.21677267752912
2026-01-11 04:00:00,93.75,Kendriya Vidyalaya,68.75,92.98094418297956
2026-01-11 05:00:00,96.5,Kendriya Vidyalaya,70.75,97.73516784687966
2026-01-11 06:00:00,111.25,Kendriya Vidyalaya,70.5,98.06615632331057
2026-01-11 07:00:00,117.25,Kendriya Vidyalaya,78.25,100.67188771916496
2026-01-11 08:00:00,102.75,Kendriya Vidyalaya,83.25,106.82368487630457
2026-01-11 09:00:00,104.25,Kendriya Vidyalaya,112.5,103.38886782149581
2026-01-11 10:00:00,110.75,Kendriya Vidyalaya,130.0,113.19810010030449
2026-01-11 11:00:00,114.0,Kendriya Vidyalaya,128.5,111.2847046377331
2026-01-11 12:00:00,95.25,Kendriya Vidyalaya,116.75,110.65905439029275
2026-01-11 13:00:00,75.0,Kendriya Vidyalaya,101.25,101.41962561763783
2026-01-11 14:00:00,58.25,Kendriya Vidyalaya,77.0,88.75210959890477
2026-01-11 15:00:00,46.75,Kendriya Vidyalaya,57.25,77.68497083393386
2026-01-11 16:00:00,43.25,Kendriya Vidyalaya,50.5,72.09778513344975
2026-01-11 17:00:00,41.75,Kendriya Vidyalaya,57.5,77.96902711840788
2026-01-11 18:00:00,44.5,Kendriya Vidyalaya,69.25,80.5797686739071
2026-01-11 19:00:00,61.75,Kendriya Vidyalaya,86.0,118.43088548945944
2026-01-11 20:00:00,91.5,Kendriya Vidyalaya,98.75,123.66923485306441
2026-01-11 21:00:00,102.0,Kendriya Vidyalaya,121.75,156.77700254759742
2026-01-11 22:00:00,98.0,Kendriya Vidyalaya,132.25,151.45478975530108
2026-01-11 23:00:00,92.0,Kendriya Vidyalaya,127.33,149.39598120203277
2026-01-12 00:00:00,76.0,Kendriya Vidyalaya,125.0,108.67332612270576
2026-01-12 01:00:00,81.5,Kendriya Vidyalaya,113.75,72.77262681590932
2026-01-12 02:00:00,72.0,Kendriya Vidyalaya,108.0,67.77904418269165
2026-01-12 03:00:00,65.75,Kendriya Vidyalaya,114.75,67.36112696300081
2026-01-12 04:00:00,68.75,Kendriya Vidyalaya,103.5,68.70831030048636
2026-01-12 05:00:00,70.75,Kendriya Vidyalaya,100.25,68.93931343987639
2026-01-12 06:00:00,70.5,Kendriya Vidyalaya,101.25,66.62202260508526
2026-01-12 07:00:00,78.25,Kendriya Vidyalaya,109.0,67.3110370651062
2026-01-12 08:00:00,83.25,Kendriya Vidyalaya,110.25,74.03927702992519
2026-01-12 09:00:00,112.5,Kendriya Vidyalaya,140.25,76.36499706357135
2026-01-12 10:00:00,130.0,Kendriya Vidyalaya,144.75,92.38025967426705
2026-01-12 11:00:00,128.5,Kendriya Vidyalaya,128.5,85.68787789803098
2026-01-12 12:00:00,116.75,Kendriya Vidyalaya,100.0,85.86930866093437
2026-01-12 13:00:00,101.25,Kendriya Vidyalaya,81.5,81.89311670420051
2026-01-12 14:00:00,77.0,Kendriya Vidyalaya,70.5,66.7767448444475
2026-01-12 15:00:00,57.25,Kendriya Vidyalaya,70.5,62.36464570285946
2026-01-12 16:00:00,50.5,Kendriya Vidyalaya,62.5,66.3540289892957
2026-01-12 17:00:00,57.5,Kendriya Vidyalaya,58.0,57.271683717202066
2026-01-12 18:00:00,69.25,Kendriya Vidyalaya,60.75,61.78990180053509
2026-01-12 19:00:00,86.0,Kendriya Vidyalaya,62.0,83.43687447605242
2026-01-12 22:00:00,132.25,Kendriya Vidyalaya,12.0,114.40897615392639
2026-01-13 00:00:00,125.0,Kendriya Vidyalaya,133.0,90.74413629214519
2026-01-13 01:00:00,113.75,Kendriya Vidyalaya,121.25,92.85371109804314
2026-01-13 02:00:00,108.0,Kendriya Vidyalaya,123.25,93.3697983030466
2026-01-13 03:00:00,114.75,Kendriya Vidyalaya,112.75,86.3407339038383
2026-01-13 04:00:00,103.5,Kendriya Vidyalaya,103.75,79.86415811681397
2026-01-13 05:00:00,100.25,Kendriya Vidyalaya,88.25,79.32647676799643
2026-01-13 06:00:00,101.25,Kendriya Vidyalaya,97.5,78.45281976903085
2026-01-13 07:00:00,109.0,Kendriya Vidyalaya,104.0,88.7216990822046
2026-01-13 08:00:00,110.25,Kendriya Vidyalaya,109.25,93.85691717526716
2026-01-13 09:00:00,140.25,Kendriya Vidyalaya,128.75,101.1246493011558
2026-01-13 11:00:00,128.5,Kendriya Vidyalaya,143.5,119.9822793115635
2026-01-13 12:00:00,100.0,Kendriya Vidyalaya,103.75,115.35040807434567
2026-01-13 13:00:00,81.5,Kendriya Vidyalaya,81.0,104.20225203272157
2026-01-13 14:00:00,70.5,Kendriya Vidyalaya,61.75,81.81041594678489
2026-01-13 15:00:00,70.5,Kendriya Vidyalaya,48.75,83.72691786380261
2026-01-13 16:00:00,62.5,Kendriya Vidyalaya,57.0,74.30416655636033
2026-01-13 17:00:00,58.0,Kendriya Vidyalaya,55.0,70.21557079315679
2026-01-13 18:00:00,60.75,Kendriya Vidyalaya,70.0,75.0739562131802
2026-01-13 19:00:00,62.0,Kendriya Vidyalaya,91.25,91.98397334184183
2026-01-13 20:00:00,,Kendriya Vidyalaya,119.75,107.26413763142985
2026-01-25 11:00:00,58.0,Kendriya Vidyalaya,76.5,103.73349400010272
2026-01-25 12:00:00,46.75,Kendriya Vidyalaya,53.75,100.5255825312611
2026-01-25 13:00:00,47.75,Kendriya Vidyalaya,56.75,87.8792442310353
2026-01-25 14:00:00,40.5,Kendriya Vidyalaya,42.25,78.98903885627234
2026-01-25 15:00:00,42.75,Kendriya Vidyalaya,35.25,64.50262795804078
2026-01-25 16:00:00,27.0,Kendriya Vidyalaya,36.75,62.14707663041214
2026-01-25 17:00:00,34.5,Kendriya Vidyalaya,43.5,62.725281772739784
2026-01-25 18:00:00,38.75,Kendriya Vidyalaya,45.0,66.42914765122991
2026-01-25 19:00:00,39.0,Kendriya Vidyalaya,60.75,77.19395967304207
2026-01-25 20:00:00,60.5,Kendriya Vidyalaya,78.75,93.81415880648105
2026-01-25 21:00:00,73.0,Kendriya Vidyalaya,102.25,99.36431134020381
2026-01-25 23:00:00,70.33,Kendriya Vidyalaya,109.33,118.00100569139052
2026-01-26 00:00:00,64.5,Kendriya Vidyalaya,101.5,84.91040542545511
2026-01-26 01:00:00,67.75,Kendriya Vidyalaya,92.75,85.68039791754933
2026-01-26 02:00:00,66.0,Kendriya Vidyalaya,83.75,74.67844732787374
2026-01-26 03:00:00,66.0,Kendriya Vidyalaya,75.5,74.87091580741591
2026-01-26 04:00:00,65.25,Kendriya Vidyalaya,64.75,66.91641723334436
2026-01-26 05:00:00,61.5,Kendriya Vidyalaya,54.75,72.61243506651199
2026-01-26 06:00:00,53.5,Kendriya Vidyalaya,64.0,59.31408086551378
2026-01-26 07:00:00,69.5,Kendriya Vidyalaya,59.5,61.15443659050949
2026-01-26 08:00:00,72.75,Kendriya Vidyalaya,97.0,75.72538054214785
2026-01-26 09:00:00,72.25,Kendriya Vidyalaya,111.0,86.04311687184796
2026-01-26 10:00:00,104.5,Kendriya Vidyalaya,93.5,88.36860117095529
2026-01-26 13:00:00,56.75,Kendriya Vidyalaya,49.67,80.94968974271795
2026-01-26 14:00:00,42.25,Kendriya Vidyalaya,67.75,73.48304810833001
2026-01-26 15:00:00,35.25,Kendriya Vidyalaya,61.25,67.71018363988345
2026-01-26 16:00:00,36.75,Kendriya Vidyalaya,59.5,66.76180233558605
2026-01-26 17:00:00,43.5,Kendriya Vidyalaya,67.0,69.94038990647655
2026-01-26 18:00:00,45.0,Kendriya Vidyalaya,71.25,71.31853261802966
2026-01-26 19:00:00,60.75,Kendriya Vidyalaya,70.75,95.75781352801675
2026-01-26 20:00:00,78.75,Kendriya Vidyalaya,77.25,98.82231091505645
2026-01-26 21:00:00,102.25,Kendriya Vidyalaya,77.5,127.38106025029772
2026-01-26 22:00:00,119.75,Kendriya Vidyalaya,77.5,163.73864905459894
2026-01-26 23:00:00,109.33,Kendriya Vidyalaya,80.67,143.1360990255992
2026-01-27 00:00:00,101.5,Kendriya Vidyalaya,82.75,112.94266538236127
2026-01-27 01:00:00,92.75,Kendriya Vidyalaya,83.75,109.15808084461308
2026-01-27 02:00:00,83.75,Kendriya Vidyalaya,77.25,105.61516677134763
2026-01-27 03:00:00,75.5,Kendriya Vidyalaya,64.5,87.15078484952694
2026-01-27 04:00:00,64.75,Kendriya Vidyalaya,46.75,85.6002251632066
2026-01-27 05:00:00,54.75,Kendriya Vidyalaya,38.0,85.72664849432692
2026-01-27 06:00:00,64.0,Kendriya Vidyalaya,34.0,74.64970005140046
2026-01-27 07:00:00,59.5,Kendriya Vidyalaya,35.0,87.52921217397223
2026-01-27 08:00:00,97.0,Kendriya Vidyalaya,52.0,82.50149610373656
2026-01-27 09:00:00,111.0,Kendriya Vidyalaya,50.25,103.81983395828766
2026-01-27 10:00:00,93.5,Kendriya Vidyalaya,44.0,114.12688044922443
2026-01-27 11:00:00,,Kendriya Vidyalaya,37.75,97.0490273391676
2026-01-30 13:00:00,59.0,Kendriya Vidyalaya,51.5,81.33095281074847
2026-01-30 14:00:00,51.0,Kendriya Vidyalaya,54.25,68.90764329857413
2026-01-30 15:00:00,52.5,Kendriya Vidyalaya,56.0,68.81219203890626
2026-01-30 16:00:00,50.0,Kendriya Vidyalaya,57.75,67.6871232094966
2026-01-30 17:00:00,43.0,Kendriya Vidyalaya,57.25,67.10370357841175
2026-01-30 18:00:00,50.0,Kendriya Vidyalaya,64.5,66.28076344370525
2026-01-30 19:00:00,56.25,Kendriya Vidyalaya,77.75,97.35299432648544
2026-01-30 20:00:00,59.5,Kendriya Vidyalaya,89.0,107.8582865798941
2026-01-30 21:00:00,65.75,Kendriya Vidyalaya,86.0,107.83305495868852
2026-01-30 22:00:00,76.0,Kendriya Vidyalaya,86.0,126.16131364827513
2026-01-30 23:00:00,71.33,Kendriya Vidyalaya,161.0,147.2585449941285
2026-01-31 00:00:00,62.0,Kendriya Vidyalaya,157.75,120.57543712467654
2026-01-31 01:00:00,65.5,Kendriya Vidyalaya,134.5,104.96665589655673
2026-01-31 02:00:00,57.5,Kendriya Vidyalaya,139.25,116.37379290549785
2026-01-31 03:00:00,51.0,Kendriya Vidyalaya,135.25,96.07616333304813
2026-01-31 04:00:00,48.25,Kendriya Vidyalaya,103.0,86.9689212539858
2026-01-31 05:00:00,41.75,Kendriya Vidyalaya,83.5,87.14007760926856
2026-01-31 06:00:00,39.75,Kendriya Vidyalaya,214.75,79.31106238131238
2026-01-31 07:00:00,42.75,Kendriya Vidyalaya,246.25,85.11283263012535
2026-01-31 08:00:00,59.25,Kendriya Vidyalaya,175.0,85.56856757688767
2026-01-31 09:00:00,70.5,Kendriya Vidyalaya,134.5,105.35584628114431
2026-01-31 10:00:00,65.5,Kendriya Vidyalaya,140.25,103.57250045387221
2026-01-31 11:00:00,65.5,Kendriya Vidyalaya,145.75,91.5356585005587
2026-01-31 12:00:00,58.25,Kendriya Vidyalaya,131.0,82.51585607635126
2026-01-31 13:00:00,51.5,Kendriya Vidyalaya,113.25,82.68642743945433
2026-01-31 14:00:00,54.25,Kendriya Vidyalaya,84.25,70.01648200331368
2026-01-31 15:00:00,56.0,Kendriya Vidyalaya,62.5,70.37865365242871
2026-01-31 16:00:00,57.75,Kendriya Vidyalaya,57.0,70.05664232218021
2026-01-31 17:00:00,57.25,Kendriya Vidyalaya,56.25,65.4958185528389
2026-01-31 18:00:00,64.5,Kendriya Vidyalaya,60.75,68.60043860685722
2026-01-31 19:00:00,77.75,Kendriya Vidyalaya,74.5,97.91886062354303
2026-01-31 20:00:00,89.0,Kendriya Vidyalaya,96.75,108.83184519408616
2026-01-31 21:00:00,86.0,Kendriya Vidyalaya,124.25,115.56672197150162
2026-01-31 22:00:00,86.0,Kendriya Vidyalaya,136.5,130.4591732093017
2026-01-31 23:00:00,161.0,Kendriya Vidyalaya,130.33,140.7580816204686
2026-02-01 00:00:00,157.75,Kendriya Vidyalaya,119.0,110.03321936369156
2026-02-01 01:00:00,134.5,Kendriya Vidyalaya,126.75,113.9252919991983
2026-02-01 02:00:00,139.25,Kendriya Vidyalaya,114.5,89.95796483213054
2026-02-01 03:00:00,135.25,Kendriya Vidyalaya,94.5,86.69940527889815
2026-02-01 04:00:00,103.0,Kendriya Vidyalaya,80.75,81.16947931271541
2026-02-01 05:00:00,83.5,Kendriya Vidyalaya,68.5,79.7897447176619
2026-02-01 06:00:00,214.75,Kendriya Vidyalaya,75.75,67.2679284886558
2026-02-01 07:00:00,246.25,Kendriya Vidyalaya,88.5,84.07471200493143
2026-02-01 08:00:00,175.0,Kendriya Vidyalaya,89.25,82.21113718484305
2026-02-01 09:00:00,134.5,Kendriya Vidyalaya,103.0,88.53010356044734
2026-02-01 10:00:00,140.25,Kendriya Vidyalaya,111.75,82.37977050701068
2026-02-01 11:00:00,145.75,Kendriya Vidyalaya,96.5,92.75560466741163
2026-02-01 12:00:00,131.0,Kendriya Vidyalaya,78.0,91.91151106466828
2026-02-01 13:00:00,113.25,Kendriya Vidyalaya,65.75,83.71020376172613
2026-02-01 14:00:00,84.25,Kendriya Vidyalaya,47.25,83.89194149729985
2026-02-01 15:00:00,62.5,Kendriya Vidyalaya,41.75,75.38534234097568
2026-02-01 16:00:00,57.0,Kendriya Vidyalaya,40.75,67.94404307245752
2026-02-01 17:00:00,56.25,Kendriya Vidyalaya,33.0,74.09430625925418
2026-02-01 18:00:00,60.75,Kendriya Vidyalaya,27.0,79.32942550537422
2026-02-01 19:00:00,74.5,Kendriya Vidyalaya,36.5,88.70286920074153
2026-02-01 20:00:00,96.75,Kendriya Vidyalaya,45.0,117.99001217890599
2026-02-01 21:00:00,124.25,Kendriya Vidyalaya,11.0,120.8161728451597
2026-02-01 22:00:00,136.5,Kendriya Vidyalaya,47.0,132.66325193183073
2026-02-01 23:00:00,130.33,Kendriya Vidyalaya,48.0,165.51980072641538
2026-02-02 00:00:00,119.0,Kendriya Vidyalaya,46.0,157.04052160650156
2026-02-02 01:00:00,126.75,Kendriya Vidyalaya,46.75,129.53568465617812
2026-02-02 02:00:00,114.5,Kendriya Vidyalaya,43.0,122.48314032748195
2026-02-02 03:00:00,94.5,Kendriya Vidyalaya,43.5,124.22316274535788
2026-02-02 04:00:00,80.75,Kendriya Vidyalaya,52.5,108.07429358268831
2026-02-02 05:00:00,68.5,Kendriya Vidyalaya,59.25,91.93811135638333
2026-02-02 06:00:00,75.75,Kendriya Vidyalaya,62.5,114.39397463527823
2026-02-02 07:00:00,88.5,Kendriya Vidyalaya,55.0,112.8332802712285
2026-02-02 08:00:00,89.25,Kendriya Vidyalaya,56.5,113.98838391039538
2026-02-02 09:00:00,103.0,Kendriya Vidyalaya,65.5,99.34669516646768
2026-02-02 10:00:00,111.75,Kendriya Vidyalaya,70.25,112.87370014415625
2026-02-02 11:00:00,96.5,Kendriya Vidyalaya,60.5,114.39081307200554
2026-02-02 12:00:00,78.0,Kendriya Vidyalaya,52.0,94.97555824024771
2026-02-02 13:00:00,65.75,Kendriya Vidyalaya,52.5,73.73537663078162
2026-02-02 14:00:00,47.25,Kendriya Vidyalaya,43.25,56.326877688107494
2026-02-02 15:00:00,41.75,Kendriya Vidyalaya,31.75,50.770595404776294
2026-02-02 16:00:00,40.75,Kendriya Vidyalaya,28.25,46.9609913458771
2026-02-02 17:00:00,33.0,Kendriya Vidyalaya,34.5,49.16913028896623
2026-02-02 18:00:00,27.0,Kendriya Vidyalaya,46.0,42.923021155792696
2026-02-02 19:00:00,36.5,Kendriya Vidyalaya,46.25,60.72062917533117
2026-02-02 20:00:00,45.0,Kendriya Vidyalaya,76.5,58.910379726810284
2026-02-02 21:00:00,11.0,Kendriya Vidyalaya,103.25,63.35764212784489
2026-02-02 22:00:00,47.0,Kendriya Vidyalaya,88.5,57.65248838856231
2026-02-02 23:00:00,48.0,Kendriya Vidyalaya,83.0,92.48667427170687
2026-02-03 00:00:00,46.0,Kendriya Vidyalaya,58.75,90.04660591295959
2026-02-03 01:00:00,46.75,Kendriya Vidyalaya,52.75,72.48908904000795
2026-02-03 02:00:00,43.0,Kendriya Vidyalaya,47.0,62.65172965449689
2026-02-03 03:00:00,43.5,Kendriya Vidyalaya,62.5,56.35967769414207
2026-02-03 04:00:00,52.5,Kendriya Vidyalaya,53.75,47.36758564913093
2026-02-03 05:00:00,59.25,Kendriya Vidyalaya,51.25,47.99153067231917
2026-02-03 06:00:00,62.5,Kendriya Vidyalaya,54.25,60.82914882859716
2026-02-03 07:00:00,55.0,Kendriya Vidyalaya,55.5,74.40484213283406
2026-02-03 08:00:00,56.5,Kendriya Vidyalaya,50.0,65.6546199889962
2026-02-03 09:00:00,65.5,Kendriya Vidyalaya,50.75,63.16802696607384
2026-02-03 10:00:00,70.25,Kendriya Vidyalaya,48.5,72.09519916187892
2026-02-03 13:00:00,52.5,Kendriya Vidyalaya,37.75,42.68199126797131
2026-02-03 14:00:00,43.25,Kendriya Vidyalaya,31.75,42.08471591403225
2026-02-03 15:00:00,31.75,Kendriya Vidyalaya,29.5,37.649032180557676
2026-02-03 16:00:00,28.25,Kendriya Vidyalaya,24.0,37.61590733131024
2026-02-03 17:00:00,34.5,Kendriya Vidyalaya,24.5,37.64314977940963
2026-02-03 18:00:00,46.0,Kendriya Vidyalaya,34.5,33.6838473944705
2026-02-03 19:00:00,46.25,Kendriya Vidyalaya,41.0,42.57800240428036
2026-02-03 20:00:00,76.5,Kendriya Vidyalaya,38.75,53.318409000842564
2026-02-03 21:00:00,103.25,Kendriya Vidyalaya,51.0,77.08741186375362
2026-02-03 22:00:00,88.5,Kendriya Vidyalaya,67.0,114.31215955742411
2026-02-03 23:00:00,83.0,Kendriya Vidyalaya,51.0,86.65853347973642
2026-02-04 00:00:00,58.75,Kendriya Vidyalaya,51.5,87.27141627474705
2026-02-04 01:00:00,52.75,Kendriya Vidyalaya,58.5,73.98484731905079
2026-02-04 02:00:00,47.0,Kendriya Vidyalaya,50.25,66.01141825305405
2026-02-04 03:00:00,62.5,Kendriya Vidyalaya,56.5,54.265770867316306
2026-02-04 04:00:00,53.75,Kendriya Vidyalaya,65.0,59.080722181998
2026-02-04 05:00:00,51.25,Kendriya Vidyalaya,67.25,49.16054296917586
2026-02-04 06:00:00,54.25,Kendriya Vidyalaya,72.0,49.77984237895549
2026-02-04 07:00:00,55.5,Kendriya Vidyalaya,73.0,50.29469235602801
2026-02-04 08:00:00,50.0,Kendriya Vidyalaya,59.75,51.139585105948676
2026-02-04 09:00:00,50.75,Kendriya Vidyalaya,72.0,51.23261239213284
2026-02-04 10:00:00,48.5,Kendriya Vidyalaya,70.25,51.26351761465457
2026-02-04 11:00:00,55.25,Kendriya Vidyalaya,71.75,46.08578625783978
2026-02-04 12:00:00,41.75,Kendriya Vidyalaya,63.0,53.25976658303993
2026-02-04 13:00:00,37.75,Kendriya Vidyalaya,34.0,41.74043818501249
2026-02-04 14:00:00,31.75,Kendriya Vidyalaya,31.25,34.755850602903074
2026-02-04 15:00:00,29.5,Kendriya Vidyalaya,20.0,31.499910669434282
2026-02-04 16:00:00,24.0,Kendriya Vidyalaya,21.0,29.569534451130036
2026-02-04 17:00:00,24.5,Kendriya Vidyalaya,21.25,30.652641070797543
2026-02-04 18:00:00,34.5,Kendriya Vidyalaya,25.75,35.35813401234468
2026-02-04 19:00:00,41.0,Kendriya Vidyalaya,36.75,40.81984205264811
2026-02-04 20:00:00,38.75,Kendriya Vidyalaya,47.25,46.920482927475085
2026-02-04 21:00:00,51.0,Kendriya Vidyalaya,64.5,54.61241190013435
2026-02-04 22:00:00,67.0,Kendriya Vidyalaya,40.25,61.10421679797565
2026-02-04 23:00:00,51.0,Kendriya Vidyalaya,46.0,82.85633295078085
2026-02-05 00:00:00,51.5,Kendriya Vidyalaya,46.0,66.60433147707442
2026-02-05 01:00:00,58.5,Kendriya Vidyalaya,45.5,69.35221488243255
2026-02-05 02:00:00,50.25,Kendriya Vidyalaya,40.0,77.37706827219868
2026-02-05 03:00:00,56.5,Kendriya Vidyalaya,39.5,63.72887079333484
2026-02-05 04:00:00,65.0,Kendriya Vidyalaya,34.25,64.30215364535394
2026-02-05 05:00:00,67.25,Kendriya Vidyalaya,40.75,66.70056921946532
2026-02-05 06:00:00,72.0,Kendriya Vidyalaya,37.0,63.90410908058503
2026-02-05 07:00:00,73.0,Kendriya Vidyalaya,54.75,70.11778074938093
2026-02-05 08:00:00,59.75,Kendriya Vidyalaya,51.5,65.72597058463614
2026-02-05 09:00:00,72.0,Kendriya Vidyalaya,71.0,66.43138714640267
2026-02-05 10:00:00,70.25,Kendriya Vidyalaya,55.75,77.46023753664545
2026-02-05 11:00:00,71.75,Kendriya Vidyalaya,63.25,71.79090410628939
2026-02-05 12:00:00,63.0,Kendriya Vidyalaya,50.25,63.149847832197494
2026-02-05 13:00:00,34.0,Kendriya Vidyalaya,51.5,61.64095769300562
2026-02-05 14:00:00,31.25,Kendriya Vidyalaya,27.75,40.78854041787702
2026-02-05 15:00:00,20.0,Kendriya Vidyalaya,23.5,38.14239072735637
2026-02-05 16:00:00,21.0,Kendriya Vidyalaya,31.5,36.061707415337935
2026-02-05 17:00:00,21.25,Kendriya Vidyalaya,25.5,35.24878389723818
2026-02-05 18:00:00,25.75,Kendriya Vidyalaya,32.0,36.64200464404942
2026-02-05 19:00:00,36.75,Kendriya Vidyalaya,47.75,46.11189845497911
2026-02-05 20:00:00,47.25,Kendriya Vidyalaya,62.0,54.65849816165616
2026-02-05 22:00:00,40.25,Kendriya Vidyalaya,28.0,85.27189975448425
2026-02-05 23:00:00,46.0,Kendriya Vidyalaya,55.67,63.49032547652857
2026-02-06 00:00:00,46.0,Kendriya Vidyalaya,60.25,56.0391962786356
2026-02-06 01:00:00,45.5,Kendriya Vidyalaya,53.75,57.25664460004335
2026-02-06 02:00:00,40.0,Kendriya Vidyalaya,52.25,49.296193693132025
2026-02-06 03:00:00,39.5,Kendriya Vidyalaya,54.75,52.496498038232694
2026-02-06 04:00:00,34.25,Kendriya Vidyalaya,43.25,52.52571926406333
2026-02-06 05:00:00,40.75,Kendriya Vidyalaya,42.0,52.329794735341906
2026-02-06 06:00:00,37.0,Kendriya Vidyalaya,40.25,56.01175335185738
2026-02-06 07:00:00,54.75,Kendriya Vidyalaya,39.25,52.60698414293627
2026-02-06 08:00:00,51.5,Kendriya Vidyalaya,70.0,69.07699081602931
2026-02-06 09:00:00,71.0,Kendriya Vidyalaya,70.25,74.35709444800071
2026-02-06 10:00:00,55.75,Kendriya Vidyalaya,58.25,85.02976821141806
2026-02-06 11:00:00,63.25,Kendriya Vidyalaya,64.25,72.02574862670352
2026-02-06 12:00:00,50.25,Kendriya Vidyalaya,54.0,72.34381720562766
2026-02-06 13:00:00,51.5,Kendriya Vidyalaya,49.0,59.433146996981236
2026-02-06 15:00:00,23.5,Kendriya Vidyalaya,36.5,41.69426505012506
2026-02-06 16:00:00,31.5,Kendriya Vidyalaya,37.0,42.43529659927409
2026-02-06 17:00:00,25.5,Kendriya Vidyalaya,34.0,40.21648249599292
2026-02-06 18:00:00,32.0,Kendriya Vidyalaya,35.0,39.588296040728586
2026-02-06 19:00:00,47.75,Kendriya Vidyalaya,51.5,49.96726805684987
2026-02-06 20:00:00,62.0,Kendriya Vidyalaya,65.0,65.9915516230886
2026-02-06 21:00:00,,Kendriya Vidyalaya,59.5,84.99983596839812
2026-02-10 15:00:00,47.5,Kendriya Vidyalaya,50.0,46.689831143503625
2026-02-10 16:00:00,45.5,Kendriya Vidyalaya,59.75,40.72496495321495
2026-02-10 17:00:00,48.0,Kendriya Vidyalaya,63.25,37.91178000446383
2026-02-10 18:00:00,41.0,Kendriya Vidyalaya,70.0,46.033411797723666
2026-02-10 19:00:00,61.5,Kendriya Vidyalaya,77.0,55.301698680977466
2026-02-10 20:00:00,87.25,Kendriya Vidyalaya,88.25,74.64463463012991
2026-02-10 21:00:00,116.0,Kendriya Vidyalaya,95.75,108.6908985223871
2026-02-10 22:00:00,113.75,Kendriya Vidyalaya,110.0,122.16382170524777
2026-02-10 23:00:00,102.0,Kendriya Vidyalaya,108.0,126.20614800391473
2026-02-11 00:00:00,90.5,Kendriya Vidyalaya,94.25,94.35886167415626
2026-02-11 01:00:00,86.25,Kendriya Vidyalaya,86.0,92.60039756446149
2026-02-11 02:00:00,80.25,Kendriya Vidyalaya,85.0,81.69480522439402
2026-02-11 03:00:00,75.5,Kendriya Vidyalaya,71.75,77.82402446467962
2026-02-11 04:00:00,78.5,Kendriya Vidyalaya,73.5,69.09401634885502
2026-02-11 05:00:00,76.0,Kendriya Vidyalaya,71.0,75.30358464505154
2026-02-11 06:00:00,78.0,Kendriya Vidyalaya,68.75,76.17031494782597
2026-02-11 07:00:00,78.0,Kendriya Vidyalaya,78.25,77.64260756454804
2026-02-11 08:00:00,,Kendriya Vidyalaya,102.75,78.95935113633793
2026-02-14 12:00:00,39.0,Kendriya Vidyalaya,49.0,68.43300662955788
2026-02-14 13:00:00,36.0,Kendriya Vidyalaya,41.5,55.549342696312166
2026-02-14 15:00:00,30.5,Kendriya Vidyalaya,29.25,45.80903680759829
2026-02-14 16:00:00,30.75,Kendriya Vidyalaya,29.75,43.95059893215709
2026-02-14 17:00:00,27.0,Kendriya Vidyalaya,33.75,43.49622891310067
2026-02-14 18:00:00,28.5,Kendriya Vidyalaya,40.5,42.76826508589662
2026-02-14 19:00:00,41.25,Kendriya Vidyalaya,52.0,55.29811350430782
2026-02-14 20:00:00,49.25,Kendriya Vidyalaya,60.5,70.93474283206434
2026-02-14 21:00:00,52.5,Kendriya Vidyalaya,77.0,80.94000087663785
2026-02-14 22:00:00,55.75,Kendriya Vidyalaya,85.75,76.94264827478914
2026-02-14 23:00:00,58.33,Kendriya Vidyalaya,81.33,83.21950622382579
2026-02-15 00:00:00,63.5,Kendriya Vidyalaya,73.5,80.92369580756059
2026-02-15 01:00:00,64.75,Kendriya Vidyalaya,72.75,85.96971885719834
2026-02-15 02:00:00,57.5,Kendriya Vidyalaya,70.25,85.11108126053034
2026-02-15 03:00:00,55.0,Kendriya Vidyalaya,63.25,85.14267775416849
2026-02-15 04:00:00,49.5,Kendriya Vidyalaya,52.25,83.31805516326442
2026-02-15 05:00:00,50.75,Kendriya Vidyalaya,48.75,80.09837126518234
2026-02-15 06:00:00,54.25,Kendriya Vidyalaya,49.0,75.84527007840259
2026-02-15 07:00:00,57.5,Kendriya Vidyalaya,52.25,83.06574616542517
2026-02-15 08:00:00,64.0,Kendriya Vidyalaya,58.5,99.73511185806791
2026-02-15 09:00:00,63.5,Kendriya Vidyalaya,59.25,108.05993278063123
2026-02-15 10:00:00,61.5,Kendriya Vidyalaya,54.5,113.77390680366601
2026-02-15 11:00:00,58.5,Kendriya Vidyalaya,48.5,101.29971693621675
2026-02-15 12:00:00,49.0,Kendriya Vidyalaya,43.0,84.04674683203329
2026-02-15 13:00:00,41.5,Kendriya Vidyalaya,35.75,73.20118378884402
2026-02-15 14:00:00,37.0,Kendriya Vidyalaya,38.5,64.74980554368261
2026-02-15 15:00:00,29.25,Kendriya Vidyalaya,34.0,52.710358518198476
2026-02-15 16:00:00,29.75,Kendriya Vidyalaya,20.25,53.14303059094417
2026-02-15 17:00:00,33.75,Kendriya Vidyalaya,22.75,48.085947594268504
2026-02-15 18:00:00,40.5,Kendriya Vidyalaya,29.25,47.81877973989028
2026-02-15 19:00:00,52.0,Kendriya Vidyalaya,48.0,64.10766100288195
2026-02-15 20:00:00,60.5,Kendriya Vidyalaya,75.0,84.21513520774499
2026-02-15 21:00:00,77.0,Kendriya Vidyalaya,99.25,84.30380448946774
2026-02-15 22:00:00,85.75,Kendriya Vidyalaya,111.75,118.1442730297957
2026-02-15 23:00:00,81.33,Kendriya Vidyalaya,117.0,121.66934523387155
2026-02-16 00:00:00,73.5,Kendriya Vidyalaya,112.0,109.69195262076323
2026-02-16 01:00:00,72.75,Kendriya Vidyalaya,108.5,110.71578166233098
2026-02-16 02:00:00,70.25,Kendriya Vidyalaya,110.5,103.21277025031532
2026-02-16 03:00:00,63.25,Kendriya Vidyalaya,99.25,95.50886682429343
2026-02-16 04:00:00,52.25,Kendriya Vidyalaya,90.25,86.57373317510316
2026-02-16 05:00:00,48.75,Kendriya Vidyalaya,79.0,75.72628789774895
2026-02-16 06:00:00,49.0,Kendriya Vidyalaya,74.5,76.24175027426355
2026-02-16 07:00:00,52.25,Kendriya Vidyalaya,79.5,79.46639660351549
2026-02-16 08:00:00,58.5,Kendriya Vidyalaya,105.75,82.32578358628653
2026-02-16 09:00:00,59.25,Kendriya Vidyalaya,119.0,84.33340546291491
2026-02-16 10:00:00,54.5,Kendriya Vidyalaya,108.25,83.472854172401
2026-02-16 11:00:00,48.5,Kendriya Vidyalaya,95.25,76.33649809725941
2026-02-16 12:00:00,43.0,Kendriya Vidyalaya,73.25,67.69587677046395
2026-02-16 13:00:00,35.75,Kendriya Vidyalaya,49.25,58.61674318956194
2026-02-16 14:00:00,38.5,Kendriya Vidyalaya,42.75,47.68656683970586
2026-02-16 15:00:00,34.0,Kendriya Vidyalaya,38.0,47.9221918116502
2026-02-16 16:00:00,20.25,Kendriya Vidyalaya,42.25,47.32212661305438
2026-02-16 17:00:00,22.75,Kendriya Vidyalaya,43.25,45.622588069224285
2026-02-16 18:00:00,29.25,Kendriya Vidyalaya,56.5,43.7359685708882
2026-02-16 19:00:00,48.0,Kendriya Vidyalaya,73.25,53.27058023638277
2026-02-16 20:00:00,75.0,Kendriya Vidyalaya,91.25,73.54143166505501
2026-02-16 21:00:00,99.25,Kendriya Vidyalaya,122.75,96.27699769967312
2026-02-16 22:00:00,111.75,Kendriya Vidyalaya,136.75,115.66920942607818
2026-02-16 23:00:00,117.0,Kendriya Vidyalaya,131.0,113.32307015981681
2026-02-17 00:00:00,112.0,Kendriya Vidyalaya,130.25,115.13368972159009
2026-02-17 01:00:00,108.5,Kendriya Vidyalaya,125.75,112.0942188765998
2026-02-17 02:00:00,110.5,Kendriya Vidyalaya,113.5,105.69024745005775
2026-02-17 03:00:00,99.25,Kendriya Vidyalaya,111.5,93.76766392725564
2026-02-17 04:00:00,90.25,Kendriya Vidyalaya,112.5,82.17752505984267
2026-02-17 05:00:00,79.0,Kendriya Vidyalaya,116.25,83.05994099389696
2026-02-17 06:00:00,74.5,Kendriya Vidyalaya,116.0,78.7727137167949
2026-02-17 07:00:00,79.5,Kendriya Vidyalaya,115.25,85.24549972343233
2026-02-17 08:00:00,105.75,Kendriya Vidyalaya,116.0,91.8487465301683
2026-02-17 09:00:00,119.0,Kendriya Vidyalaya,118.75,99.15441241732665
2026-02-17 10:00:00,108.25,Kendriya Vidyalaya,114.25,97.89285894824594
2026-02-17 13:00:00,49.25,Kendriya Vidyalaya,51.67,69.76798433072331
2026-02-17 14:00:00,42.75,Kendriya Vidyalaya,56.75,54.33202350709634
2026-02-17 15:00:00,38.0,Kendriya Vidyalaya,54.0,52.49409712169732
2026-02-17 16:00:00,42.25,Kendriya Vidyalaya,55.5,43.68987076539745
2026-02-17 17:00:00,43.25,Kendriya Vidyalaya,82.75,46.64092477443417
2026-02-17 18:00:00,56.5,Kendriya Vidyalaya,82.5,52.606150355785964
2026-02-17 19:00:00,73.25,Kendriya Vidyalaya,80.25,76.54308970818734
2026-02-17 20:00:00,91.25,Kendriya Vidyalaya,81.5,103.8351157054055
2026-02-17 21:00:00,122.75,Kendriya Vidyalaya,82.0,124.43282672123894
2026-02-17 22:00:00,136.75,Kendriya Vidyalaya,81.0,130.20764093622088
2026-02-17 23:00:00,131.0,Kendriya Vidyalaya,87.67,135.75281990099276
2026-02-18 00:00:00,130.25,Kendriya Vidyalaya,93.25,124.29415092549817
2026-02-18 01:00:00,125.75,Kendriya Vidyalaya,83.5,113.143731364591
2026-02-18 02:00:00,113.5,Kendriya Vidyalaya,81.75,110.43745437478671
2026-02-18 03:00:00,111.5,Kendriya Vidyalaya,78.75,101.79824169982706
2026-02-18 04:00:00,112.5,Kendriya Vidyalaya,64.0,104.23621557146072
2026-02-18 05:00:00,116.25,Kendriya Vidyalaya,43.75,94.03784973670241
2026-02-18 06:00:00,116.0,Kendriya Vidyalaya,45.0,100.01887559733909
2026-02-18 07:00:00,115.25,Kendriya Vidyalaya,42.0,98.78819878741969
2026-02-18 10:00:00,114.25,Kendriya Vidyalaya,58.25,110.25890310913677
2026-02-21 13:00:00,60.25,Kendriya Vidyalaya,110.25,70.788711987366
2026-02-21 14:00:00,50.25,Kendriya Vidyalaya,69.25,68.11745419037149
2026-02-21 15:00:00,40.5,Kendriya Vidyalaya,43.25,68.18557787714379
2026-02-21 16:00:00,39.0,Kendriya Vidyalaya,36.5,60.763827918404736
2026-02-21 17:00:00,39.75,Kendriya Vidyalaya,23.0,59.33668388579635
2026-02-21 18:00:00,41.0,Kendriya Vidyalaya,37.25,59.78067703442827
2026-02-21 19:00:00,61.25,Kendriya Vidyalaya,50.75,75.97903426551474
2026-02-21 20:00:00,53.75,Kendriya Vidyalaya,56.25,86.23178969835483
2026-02-21 21:00:00,98.25,Kendriya Vidyalaya,78.25,84.59533527272946
2026-02-21 22:00:00,93.5,Kendriya Vidyalaya,81.5,124.05590922750362
2026-02-21 23:00:00,64.33,Kendriya Vidyalaya,96.0,110.80428247805384
2026-02-22 00:00:00,60.75,Kendriya Vidyalaya,99.5,115.11528261062277
2026-02-22 01:00:00,51.25,Kendriya Vidyalaya,84.25,120.66924535031656
2026-02-22 02:00:00,49.0,Kendriya Vidyalaya,73.75,111.88181693213751
2026-02-22 03:00:00,53.0,Kendriya Vidyalaya,67.25,95.71317333735301
2026-02-22 04:00:00,53.25,Kendriya Vidyalaya,64.25,85.84178172322508
2026-02-22 05:00:00,45.75,Kendriya Vidyalaya,78.75,87.44754895524605
2026-02-22 06:00:00,52.25,Kendriya Vidyalaya,82.0,82.49252075267808
2026-02-22 07:00:00,61.25,Kendriya Vidyalaya,84.5,99.20238878398189
2026-02-22 08:00:00,61.5,Kendriya Vidyalaya,94.75,96.53826563907626
2026-02-22 09:00:00,80.5,Kendriya Vidyalaya,93.75,96.75978720257815
2026-02-22 10:00:00,81.75,Kendriya Vidyalaya,85.75,109.57378456344017
2026-02-22 11:00:00,134.0,Kendriya Vidyalaya,76.75,93.318791693597
2026-02-22 12:00:00,173.0,Kendriya Vidyalaya,69.5,82.13822615312422
2026-02-22 13:00:00,110.25,Kendriya Vidyalaya,62.5,79.82171543174611
2026-02-22 14:00:00,69.25,Kendriya Vidyalaya,48.75,67.38501857265952
2026-02-22 15:00:00,43.25,Kendriya Vidyalaya,42.75,56.03269226456798
2026-02-22 16:00:00,36.5,Kendriya Vidyalaya,34.75,51.14521991593246
2026-02-22 17:00:00,23.0,Kendriya Vidyalaya,34.0,50.726727561226234
2026-02-22 18:00:00,37.25,Kendriya Vidyalaya,67.5,58.12798679348135
2026-02-22 19:00:00,50.75,Kendriya Vidyalaya,81.5,81.47809986908807
2026-02-22 20:00:00,56.25,Kendriya Vidyalaya,79.75,96.91581643074323
2026-02-22 21:00:00,78.25,Kendriya Vidyalaya,93.0,103.26983636903692
2026-02-22 22:00:00,81.5,Kendriya Vidyalaya,96.0,129.68922185556877
2026-02-22 23:00:00,96.0,Kendriya Vidyalaya,105.0,121.20984768479707
2026-02-23 00:00:00,99.5,Kendriya Vidyalaya,98.25,111.29312012892743
2026-02-23 01:00:00,84.25,Kendriya Vidyalaya,97.75,100.64472455460377
2026-02-23 02:00:00,73.75,Kendriya Vidyalaya,93.0,95.75528131259956
2026-02-23 03:00:00,67.25,Kendriya Vidyalaya,93.75,90.38334740759946
2026-02-23 04:00:00,64.25,Kendriya Vidyalaya,84.25,72.78801438371977
2026-02-23 05:00:00,78.75,Kendriya Vidyalaya,84.5,75.2225863953741
2026-02-23 06:00:00,82.0,Kendriya Vidyalaya,98.75,67.21803299907592
2026-02-23 07:00:00,84.5,Kendriya Vidyalaya,105.25,76.63050258071995
2026-02-23 08:00:00,94.75,Kendriya Vidyalaya,118.25,79.61730390362007
2026-02-23 09:00:00,93.75,Kendriya Vidyalaya,127.5,91.9748132587208
2026-02-23 10:00:00,85.75,Kendriya Vidyalaya,107.0,87.0689220258249
2026-02-23 11:00:00,76.75,Kendriya Vidyalaya,90.5,91.1397377953298
2026-02-23 12:00:00,69.5,Kendriya Vidyalaya,72.5,92.17244783828248
2026-02-23 13:00:00,62.5,Kendriya Vidyalaya,55.0,66.72196320986595
2026-02-23 14:00:00,48.75,Kendriya Vidyalaya,42.25,60.91374351173659
2026-02-23 15:00:00,42.75,Kendriya Vidyalaya,40.0,52.07999903572522
2026-02-23 16:00:00,34.75,Kendriya Vidyalaya,40.75,50.48057318726782
2026-02-23 17:00:00,34.0,Kendriya Vidyalaya,31.25,46.26998164390058
2026-02-23 18:00:00,67.5,Kendriya Vidyalaya,36.5,47.392336309180465
2026-02-23 19:00:00,81.5,Kendriya Vidyalaya,45.5,71.09124225596105
2026-02-23 20:00:00,79.75,Kendriya Vidyalaya,68.25,90.100288747352
2026-02-23 21:00:00,93.0,Kendriya Vidyalaya,93.25,113.77630632996572
2026-02-23 22:00:00,96.0,Kendriya Vidyalaya,111.75,118.0905378883912
2026-02-23 23:00:00,105.0,Kendriya Vidyalaya,121.0,109.48108436858759
2026-02-24 00:00:00,98.25,Kendriya Vidyalaya,109.25,118.25327683135254
2026-02-24 01:00:00,97.75,Kendriya Vidyalaya,109.25,110.19545714480019
2026-02-24 02:00:00,93.0,Kendriya Vidyalaya,92.75,100.43429476956395
2026-02-24 03:00:00,93.75,Kendriya Vidyalaya,82.5,85.21042393628679
2026-02-24 04:00:00,84.25,Kendriya Vidyalaya,80.25,84.05266006883744
2026-02-24 05:00:00,84.5,Kendriya Vidyalaya,80.0,90.36697759920293
2026-02-24 06:00:00,98.75,Kendriya Vidyalaya,74.25,88.90735115533622
2026-02-24 07:00:00,105.25,Kendriya Vidyalaya,73.75,96.00374082620453
2026-02-24 08:00:00,118.25,Kendriya Vidyalaya,75.75,104.59961298370925
2026-02-24 09:00:00,127.5,Kendriya Vidyalaya,76.0,112.20922405469251
2026-02-24 10:00:00,107.0,Kendriya Vidyalaya,77.0,104.15073270438232
2026-02-24 11:00:00,90.5,Kendriya Vidyalaya,72.75,94.72723379251688
2026-02-24 12:00:00,72.5,Kendriya Vidyalaya,54.0,76.38399307566462
2026-02-24 13:00:00,55.0,Kendriya Vidyalaya,51.5,73.85267905631243
2026-02-24 14:00:00,42.25,Kendriya Vidyalaya,43.0,49.89233441626661
2026-02-24 15:00:00,40.0,Kendriya Vidyalaya,43.5,48.53529207175773
2026-02-24 16:00:00,40.75,Kendriya Vidyalaya,38.25,41.16254503684556
2026-02-24 17:00:00,31.25,Kendriya Vidyalaya,37.0,41.65598204472144
2026-02-24 18:00:00,36.5,Kendriya Vidyalaya,42.0,45.038117183508966
2026-02-24 19:00:00,45.5,Kendriya Vidyalaya,57.75,60.5283769816933
2026-02-24 20:00:00,68.25,Kendriya Vidyalaya,61.75,73.81587792992046
2026-02-24 21:00:00,93.25,Kendriya Vidyalaya,76.0,102.56996590253887
2026-02-24 22:00:00,111.75,Kendriya Vidyalaya,92.0,124.0570347510075
2026-02-24 23:00:00,121.0,Kendriya Vidyalaya,113.0,130.10825498056633
2026-02-25 00:00:00,109.25,Kendriya Vidyalaya,100.33,123.61230759336176
2026-02-25 01:00:00,109.25,Kendriya Vidyalaya,76.0,115.96791750551294
2026-02-25 02:00:00,92.75,Kendriya Vidyalaya,77.75,110.28875422474366
2026-02-25 03:00:00,82.5,Kendriya Vidyalaya,73.25,100.11709887450091
2026-02-25 04:00:00,80.25,Kendriya Vidyalaya,62.25,95.43752355566917
2026-02-25 05:00:00,80.0,Kendriya Vidyalaya,57.5,96.61888416005439
2026-02-25 06:00:00,74.25,Kendriya Vidyalaya,63.5,99.39348821333354
2026-02-25 07:00:00,73.75,Kendriya Vidyalaya,73.0,100.38633000728281
2026-02-25 08:00:00,75.75,Kendriya Vidyalaya,77.5,106.12231203173259
2026-02-25 09:00:00,76.0,Kendriya Vidyalaya,78.75,107.7461176016223
2026-02-25 10:00:00,77.0,Kendriya Vidyalaya,79.75,101.19456282231069
2026-02-25 13:00:00,51.5,Kendriya Vidyalaya,65.25,53.3979378845844
2026-02-25 14:00:00,43.0,Kendriya Vidyalaya,51.5,53.307159479752904
2026-02-25 15:00:00,43.5,Kendriya Vidyalaya,36.75,46.759009709716814
2026-02-25 16:00:00,38.25,Kendriya Vidyalaya,44.75,45.359693579654945
2026-02-25 17:00:00,37.0,Kendriya Vidyalaya,43.0,41.29307877405107
2026-02-25 18:00:00,42.0,Kendriya Vidyalaya,51.0,43.008911383877646
2026-02-25 19:00:00,57.75,Kendriya Vidyalaya,74.25,63.94082061856991
2026-02-25 20:00:00,61.75,Kendriya Vidyalaya,75.75,77.04109436910434
2026-02-25 21:00:00,76.0,Kendriya Vidyalaya,102.75,94.7602204249799
2026-02-25 22:00:00,92.0,Kendriya Vidyalaya,97.5,120.21573917873849
2026-02-25 23:00:00,113.0,Kendriya Vidyalaya,89.0,114.25859267816433
2026-02-26 00:00:00,100.33,Kendriya Vidyalaya,65.75,108.02261131074039
2026-02-26 01:00:00,76.0,Kendriya Vidyalaya,51.25,113.19322178189853
2026-02-26 02:00:00,77.75,Kendriya Vidyalaya,64.5,99.99992991177955
2026-02-26 03:00:00,73.25,Kendriya Vidyalaya,51.33,91.49388727670538
2026-02-26 04:00:00,62.25,Kendriya Vidyalaya,52.5,84.68980300598884
2026-02-26 05:00:00,57.5,Kendriya Vidyalaya,58.75,70.3650852240088
2026-02-26 06:00:00,63.5,Kendriya Vidyalaya,72.25,68.39130697338845
2026-02-26 07:00:00,73.0,Kendriya Vidyalaya,67.75,72.35432659077871
2026-02-26 08:00:00,77.5,Kendriya Vidyalaya,73.25,81.321638538783
2026-02-26 09:00:00,78.75,Kendriya Vidyalaya,97.75,80.00480416288241
2026-02-26 10:00:00,79.75,Kendriya Vidyalaya,100.75,82.30594433402878
2026-02-26 11:00:00,73.5,Kendriya Vidyalaya,83.75,79.08479287806634
2026-02-26 12:00:00,59.75,Kendriya Vidyalaya,56.25,69.46388276518368
2026-02-26 13:00:00,65.25,Kendriya Vidyalaya,54.25,55.303137648519694
2026-02-26 14:00:00,51.5,Kendriya Vidyalaya,45.0,58.16783704000526
2026-02-26 17:00:00,43.0,Kendriya Vidyalaya,30.0,43.25553837338331
2026-02-26 18:00:00,51.0,Kendriya Vidyalaya,41.75,45.53737120125612
2026-02-26 19:00:00,74.25,Kendriya Vidyalaya,56.0,60.47083703083741
2026-02-26 20:00:00,75.75,Kendriya Vidyalaya,72.75,72.39243548521189
2026-02-26 21:00:00,102.75,Kendriya Vidyalaya,99.25,95.04785149446452
2026-02-26 22:00:00,97.5,Kendriya Vidyalaya,132.5,103.64937939380559
2026-02-26 23:00:00,89.0,Kendriya Vidyalaya,146.33,106.3048258097417
2026-02-27 00:00:00,65.75,Kendriya Vidyalaya,131.5,97.07351182231265
2026-02-27 01:00:00,51.25,Kendriya Vidyalaya,122.25,97.63930239437343
2026-02-27 02:00:00,64.5,Kendriya Vidyalaya,101.25,90.24909749678417
2026-02-27 03:00:00,51.33,Kendriya Vidyalaya,87.5,88.95125641048475
2026-02-27 04:00:00,52.5,Kendriya Vidyalaya,73.5,71.10452020537635
2026-02-27 05:00:00,58.75,Kendriya Vidyalaya,66.75,67.78680144545898
2026-02-27 06:00:00,72.25,Kendriya Vidyalaya,68.0,65.12888951894922
2026-02-27 07:00:00,67.75,Kendriya Vidyalaya,75.25,91.15880305155065
2026-02-27 08:00:00,73.25,Kendriya Vidyalaya,102.25,87.93992114001377
2026-02-27 09:00:00,97.75,Kendriya Vidyalaya,105.25,93.29852225920006
2026-02-27 10:00:00,100.75,Kendriya Vidyalaya,84.25,90.7290244035197
2026-02-27 11:00:00,83.75,Kendriya Vidyalaya,68.25,80.95526190884244
2026-02-27 12:00:00,56.25,Kendriya Vidyalaya,49.5,70.26552761744816
2026-02-27 13:00:00,54.25,Kendriya Vidyalaya,42.0,65.47952133733163
2026-02-27 14:00:00,45.0,Kendriya Vidyalaya,42.75,54.46156563150143
2026-02-27 15:00:00,,Kendriya Vidyalaya,36.0,49.55319813008753
2026-03-02 17:00:00,31.75,Kendriya Vidyalaya,49.75,28.466292629369395
2026-03-02 18:00:00,41.25,Kendriya Vidyalaya,53.25,27.377497251816052
2026-03-02 19:00:00,49.5,Kendriya Vidyalaya,59.5,41.159838545055045
2026-03-02 20:00:00,55.25,Kendriya Vidyalaya,65.25,54.597073133337744
2026-03-02 21:00:00,55.25,Kendriya Vidyalaya,70.75,61.096957103761454
2026-03-02 22:00:00,54.75,Kendriya Vidyalaya,66.0,66.70996792957887
2026-03-02 23:00:00,60.0,Kendriya Vidyalaya,65.67,66.09412099010518
2026-03-03 00:00:00,64.25,Kendriya Vidyalaya,67.5,71.6276110963766
2026-03-03 01:00:00,72.5,Kendriya Vidyalaya,64.75,78.67348558659279
2026-03-03 02:00:00,76.75,Kendriya Vidyalaya,61.0,72.36086394218567
2026-03-03 03:00:00,78.0,Kendriya Vidyalaya,61.5,74.72526344554002
2026-03-03 04:00:00,67.25,Kendriya Vidyalaya,64.0,72.59516189791516
2026-03-03 05:00:00,52.75,Kendriya Vidyalaya,71.75,68.11539191202573
2026-03-03 06:00:00,52.25,Kendriya Vidyalaya,73.5,61.00189444696946
2026-03-03 07:00:00,64.75,Kendriya Vidyalaya,69.5,66.79696451843289
2026-03-03 08:00:00,72.0,Kendriya Vidyalaya,72.0,78.29390119953037
2026-03-03 09:00:00,72.0,Kendriya Vidyalaya,79.75,82.43938162025505
2026-03-03 10:00:00,77.25,Kendriya Vidyalaya,85.0,82.92368607547164
2026-03-03 11:00:00,77.0,Kendriya Vidyalaya,76.5,78.81560087155994
2026-03-03 12:00:00,68.5,Kendriya Vidyalaya,68.5,67.34066177944081
2026-03-03 13:00:00,64.0,Kendriya Vidyalaya,66.0,64.00681714014803
2026-03-03 14:00:00,55.25,Kendriya Vidyalaya,63.0,51.045636204259175
2026-03-03 15:00:00,48.25,Kendriya Vidyalaya,53.25,45.039338697033806
2026-03-03 16:00:00,51.0,Kendriya Vidyalaya,47.5,41.05378608436457
2026-03-03 17:00:00,49.75,Kendriya Vidyalaya,45.25,44.5719779238998
2026-03-03 18:00:00,53.25,Kendriya Vidyalaya,50.75,45.76110848105337
2026-03-03 19:00:00,59.5,Kendriya Vidyalaya,61.0,55.92905989534325
2026-03-03 20:00:00,65.25,Kendriya Vidyalaya,61.5,65.95877423178676
2026-03-03 21:00:00,70.75,Kendriya Vidyalaya,58.25,85.29447125452943
2026-03-03 22:00:00,66.0,Kendriya Vidyalaya,63.75,89.45772675205497
2026-03-03 23:00:00,65.67,Kendriya Vidyalaya,73.67,91.66953052203048
2026-03-04 00:00:00,67.5,Kendriya Vidyalaya,75.25,87.7840673078374
2026-03-04 01:00:00,64.75,Kendriya Vidyalaya,75.0,90.63739166488732
2026-03-04 02:00:00,61.0,Kendriya Vidyalaya,69.0,92.56654969302025
2026-03-04 03:00:00,61.5,Kendriya Vidyalaya,68.5,77.13079181305196
2026-03-04 04:00:00,64.0,Kendriya Vidyalaya,72.0,74.67048083523194
2026-03-04 05:00:00,71.75,Kendriya Vidyalaya,77.5,74.11960433667444
2026-03-04 06:00:00,73.5,Kendriya Vidyalaya,79.25,73.79334915019491
2026-03-04 07:00:00,69.5,Kendriya Vidyalaya,81.75,80.38649927463823
2026-03-04 08:00:00,72.0,Kendriya Vidyalaya,86.5,78.983390211055
2026-03-04 09:00:00,79.75,Kendriya Vidyalaya,80.25,81.85076732810901
2026-03-04 10:00:00,85.0,Kendriya Vidyalaya,80.5,92.13666898301588
2026-03-04 11:00:00,76.5,Kendriya Vidyalaya,87.0,80.31437801494612
2026-03-04 12:00:00,68.5,Kendriya Vidyalaya,87.0,61.84459512387434
2026-03-04 13:00:00,66.0,Kendriya Vidyalaya,85.0,62.26208441883623
2026-03-04 14:00:00,63.0,Kendriya Vidyalaya,79.25,55.09704833574414
2026-03-04 15:00:00,53.25,Kendriya Vidyalaya,75.0,51.07909761523528
2026-03-04 16:00:00,47.5,Kendriya Vidyalaya,70.5,48.17816543788484
2026-03-04 17:00:00,45.25,Kendriya Vidyalaya,62.75,46.98308743344083
2026-03-04 18:00:00,50.75,Kendriya Vidyalaya,62.5,45.83879986533303
2026-03-04 19:00:00,61.0,Kendriya Vidyalaya,68.67,61.18549741851566
2026-03-04 20:00:00,61.5,Kendriya Vidyalaya,78.75,68.85075597579147
2026-03-04 21:00:00,58.25,Kendriya Vidyalaya,90.75,68.90426147494541
2026-03-04 22:00:00,63.75,Kendriya Vidyalaya,110.75,71.4258550445262
2026-03-04 23:00:00,73.67,Kendriya Vidyalaya,115.33,84.23622799845907
2026-03-05 00:00:00,75.25,Kendriya Vidyalaya,106.5,86.77836075520884
2026-03-05 01:00:00,75.0,Kendriya Vidyalaya,111.5,92.39376544330783
2026-03-05 02:00:00,69.0,Kendriya Vidyalaya,105.75,94.6748029038756
2026-03-05 03:00:00,68.5,Kendriya Vidyalaya,102.0,92.12536909701565
2026-03-05 04:00:00,72.0,Kendriya Vidyalaya,97.75,80.00401244754067
2026-03-05 05:00:00,77.5,Kendriya Vidyalaya,78.25,81.38052875964884
2026-03-05 06:00:00,79.25,Kendriya Vidyalaya,80.25,92.92408360713499
2026-03-05 07:00:00,81.75,Kendriya Vidyalaya,91.5,84.34055035225964
2026-03-05 08:00:00,86.5,Kendriya Vidyalaya,94.5,95.3268102441326
2026-03-05 09:00:00,80.25,Kendriya Vidyalaya,94.5,101.51331638767259
2026-03-05 10:00:00,80.5,Kendriya Vidyalaya,86.0,102.74529294977481
2026-03-05 11:00:00,87.0,Kendriya Vidyalaya,80.5,84.95160450988628
2026-03-05 12:00:00,87.0,Kendriya Vidyalaya,69.25,67.79292707266654
2026-03-05 13:00:00,85.0,Kendriya Vidyalaya,58.25,64.75758475584826
2026-03-05 14:00:00,79.25,Kendriya Vidyalaya,54.5,59.98522356925584
2026-03-05 15:00:00,75.0,Kendriya Vidyalaya,46.25,54.06323171452
2026-03-05 16:00:00,70.5,Kendriya Vidyalaya,49.25,53.52396492289589
2026-03-05 17:00:00,62.75,Kendriya Vidyalaya,55.5,55.11186216890668
2026-03-05 18:00:00,62.5,Kendriya Vidyalaya,51.75,61.0308871646353
2026-03-05 19:00:00,68.67,Kendriya Vidyalaya,56.0,73.15537826810282
2026-03-05 20:00:00,78.75,Kendriya Vidyalaya,78.0,72.03671470488445
2026-03-05 21:00:00,90.75,Kendriya Vidyalaya,104.25,80.0555820873622
2026-03-05 22:00:00,110.75,Kendriya Vidyalaya,122.5,86.13256391859788
2026-03-05 23:00:00,115.33,Kendriya Vidyalaya,137.67,110.55469421576437
2026-03-06 00:00:00,106.5,Kendriya Vidyalaya,141.5,115.06739888522632
2026-03-06 01:00:00,111.5,Kendriya Vidyalaya,130.25,112.17889076380695
2026-03-06 02:00:00,105.75,Kendriya Vidyalaya,115.0,106.8848383570746
2026-03-06 03:00:00,102.0,Kendriya Vidyalaya,101.75,93.18269899128732
2026-03-06 04:00:00,97.75,Kendriya Vidyalaya,92.25,85.57658452071581
2026-03-06 05:00:00,78.25,Kendriya Vidyalaya,92.0,95.15709410934488
2026-03-06 06:00:00,80.25,Kendriya Vidyalaya,94.5,103.34960496776675
2026-03-06 07:00:00,91.5,Kendriya Vidyalaya,103.25,98.7830841899627
2026-03-06 08:00:00,94.5,Kendriya Vidyalaya,113.75,110.84568760922316
2026-03-06 09:00:00,94.5,Kendriya Vidyalaya,120.0,109.49005405400028
2026-03-06 10:00:00,86.0,Kendriya Vidyalaya,114.75,102.38338940904735
2026-03-06 11:00:00,80.5,Kendriya Vidyalaya,96.75,100.42994399986367
2026-03-06 12:00:00,69.25,Kendriya Vidyalaya,82.75,85.69963449481831
2026-03-06 13:00:00,58.25,Kendriya Vidyalaya,77.5,77.64102650300065
2026-03-06 14:00:00,54.5,Kendriya Vidyalaya,67.75,52.455831537635845
2026-03-06 17:00:00,55.5,Kendriya Vidyalaya,65.75,48.32497687223901
2026-03-06 18:00:00,51.75,Kendriya Vidyalaya,65.0,50.3734319973678
2026-03-06 19:00:00,56.0,Kendriya Vidyalaya,68.75,59.85351336253456
2026-03-06 20:00:00,78.0,Kendriya Vidyalaya,86.25,71.09115722176107
2026-03-06 21:00:00,104.25,Kendriya Vidyalaya,99.0,115.77579379941113
2026-03-06 22:00:00,122.5,Kendriya Vidyalaya,115.5,112.7279986302404
2026-03-06 23:00:00,137.67,Kendriya Vidyalaya,128.67,129.0644088917323
2026-03-07 00:00:00,141.5,Kendriya Vidyalaya,125.25,128.16138553780613
2026-03-07 01:00:00,130.25,Kendriya Vidyalaya,126.5,129.22078319660986
2026-03-07 02:00:00,115.0,Kendriya Vidyalaya,127.0,119.06679178730302
2026-03-07 03:00:00,101.75,Kendriya Vidyalaya,120.25,110.64228996585807
2026-03-07 04:00:00,92.25,Kendriya Vidyalaya,113.5,105.87401798364442
2026-03-07 05:00:00,92.0,Kendriya Vidyalaya,121.25,92.64225230605766
2026-03-07 06:00:00,94.5,Kendriya Vidyalaya,128.5,95.46638847656014
2026-03-07 07:00:00,103.25,Kendriya Vidyalaya,134.25,101.83487822427495
2026-03-07 08:00:00,113.75,Kendriya Vidyalaya,141.75,109.18910010051083
2026-03-07 09:00:00,120.0,Kendriya Vidyalaya,138.75,106.09192104877225
2026-03-07 10:00:00,114.75,Kendriya Vidyalaya,138.0,103.35767653798949
2026-03-07 11:00:00,96.75,Kendriya Vidyalaya,144.0,86.3920468014191
2026-03-07 16:00:00,61.5,Kendriya Vidyalaya,55.0,51.42883475739459
2026-03-07 17:00:00,65.75,Kendriya Vidyalaya,58.5,53.78161367915761
2026-03-07 18:00:00,65.0,Kendriya Vidyalaya,63.5,57.96195225010113
2026-03-07 19:00:00,68.75,Kendriya Vidyalaya,70.75,77.9135702805966
2026-03-07 20:00:00,86.25,Kendriya Vidyalaya,84.25,92.50667688438344
2026-03-07 21:00:00,99.0,Kendriya Vidyalaya,102.25,109.01772464568913
2026-03-07 22:00:00,115.5,Kendriya Vidyalaya,113.0,120.46940392373813
2026-03-08 08:00:00,141.75,Kendriya Vidyalaya,141.0,90.11557644261693
2026-03-08 09:00:00,138.75,Kendriya Vidyalaya,116.0,97.85233764952153
2026-03-08 10:00:00,138.0,Kendriya Vidyalaya,82.67,95.4357959154041
2026-03-08 11:00:00,144.0,Kendriya Vidyalaya,103.75,81.68012981352696
2026-03-08 12:00:00,,Kendriya Vidyalaya,86.0,66.81333952155865
2026-03-14 12:00:00,43.0,Kendriya Vidyalaya,42.25,62.601469636887224
2026-03-14 13:00:00,34.25,Kendriya Vidyalaya,44.5,58.05198069495821
2026-03-14 14:00:00,23.75,Kendriya Vidyalaya,49.25,45.794125330601304
2026-03-14 15:00:00,105.5,Kendriya Vidyalaya,43.25,51.933955982491945
2026-03-14 16:00:00,83.25,Kendriya Vidyalaya,61.5,70.33210115827882
2026-03-14 17:00:00,60.0,Kendriya Vidyalaya,47.25,54.49343695995436
2026-03-14 18:00:00,57.0,Kendriya Vidyalaya,62.0,52.755165254743034
2026-03-14 19:00:00,47.5,Kendriya Vidyalaya,50.33,67.56392996529755
2026-03-14 20:00:00,57.0,Kendriya Vidyalaya,36.75,69.55656512381019
2026-03-14 21:00:00,64.0,Kendriya Vidyalaya,39.25,77.44355516551725
2026-03-14 22:00:00,77.0,Kendriya Vidyalaya,39.25,81.04280885715622
2026-03-14 23:00:00,78.33,Kendriya Vidyalaya,31.0,95.74859634297876
2026-03-15 00:00:00,73.75,Kendriya Vidyalaya,28.25,84.63723569180503
2026-03-15 01:00:00,99.5,Kendriya Vidyalaya,25.5,83.09737829697195
2026-03-15 02:00:00,78.5,Kendriya Vidyalaya,24.0,84.00310942600379
2026-03-15 03:00:00,57.0,Kendriya Vidyalaya,18.0,90.19263870356852
2026-03-15 04:00:00,60.0,Kendriya Vidyalaya,24.5,81.44284403018358
2026-03-15 05:00:00,64.5,Kendriya Vidyalaya,30.25,75.64251907738743
2026-03-15 06:00:00,85.5,Kendriya Vidyalaya,32.75,73.69466671559924
2026-03-15 07:00:00,78.75,Kendriya Vidyalaya,34.0,79.47316920643495
2026-03-15 08:00:00,76.0,Kendriya Vidyalaya,35.75,84.52529860122733
2026-03-15 09:00:00,64.0,Kendriya Vidyalaya,36.75,82.6154698006752
2026-03-15 10:00:00,58.5,Kendriya Vidyalaya,37.75,90.92011121178321
2026-03-15 11:00:00,51.25,Kendriya Vidyalaya,33.75,73.4274115525438
2026-03-15 16:00:00,61.5,Kendriya Vidyalaya,41.75,51.8676467392259
2026-03-15 17:00:00,47.25,Kendriya Vidyalaya,47.75,53.58747436993198
2026-03-15 18:00:00,62.0,Kendriya Vidyalaya,44.75,51.63096631577006
2026-03-15 19:00:00,50.33,Kendriya Vidyalaya,63.5,64.22570316963912
2026-03-15 20:00:00,36.75,Kendriya Vidyalaya,52.5,69.87451054435704
2026-03-15 21:00:00,39.25,Kendriya Vidyalaya,64.25,65.07891699139266
2026-03-15 22:00:00,39.25,Kendriya Vidyalaya,78.0,64.87791682137892
2026-03-16 08:00:00,35.75,Kendriya Vidyalaya,77.0,53.789076030779114
2026-03-16 09:00:00,36.75,Kendriya Vidyalaya,65.25,51.95541664540663
2026-03-16 10:00:00,37.75,Kendriya Vidyalaya,54.5,44.48026866326709
2026-03-16 11:00:00,33.75,Kendriya Vidyalaya,46.25,46.91508617540748
2026-03-16 12:00:00,30.5,Kendriya Vidyalaya,35.75,39.66841743134753
2026-03-16 13:00:00,32.5,Kendriya Vidyalaya,40.0,35.85365475908003
2026-03-16 14:00:00,20.25,Kendriya Vidyalaya,36.75,38.22199033648967
2026-03-16 15:00:00,41.0,Kendriya Vidyalaya,41.75,37.19184357977388
2026-03-16 16:00:00,41.75,Kendriya Vidyalaya,42.0,45.98801696820335
2026-03-16 17:00:00,47.75,Kendriya Vidyalaya,54.0,41.131120808948246
2026-03-16 18:00:00,44.75,Kendriya Vidyalaya,52.5,41.64006070490822
2026-03-16 19:00:00,63.5,Kendriya Vidyalaya,63.75,45.92981819845098
2026-03-16 20:00:00,52.5,Kendriya Vidyalaya,57.5,49.40265636541213
2026-03-16 21:00:00,64.25,Kendriya Vidyalaya,68.75,53.814551818029585
2026-03-16 22:00:00,78.0,Kendriya Vidyalaya,72.75,54.673390400841285
2026-03-16 23:00:00,73.67,Kendriya Vidyalaya,77.67,66.48052053340948
2026-03-17 00:00:00,76.25,Kendriya Vidyalaya,81.5,61.02525126909847
2026-03-17 01:00:00,78.0,Kendriya Vidyalaya,82.0,58.59880602329998
2026-03-17 02:00:00,58.5,Kendriya Vidyalaya,83.0,57.41382942293965
2026-03-17 03:00:00,70.5,Kendriya Vidyalaya,70.25,55.928762705425896
2026-03-17 04:00:00,67.0,Kendriya Vidyalaya,76.5,60.22020055888087
2026-03-17 05:00:00,76.25,Kendriya Vidyalaya,86.5,62.46946357277776
2026-03-17 06:00:00,68.75,Kendriya Vidyalaya,90.5,68.92886884158807
2026-03-17 07:00:00,65.25,Kendriya Vidyalaya,97.0,77.66724783762872
2026-03-17 08:00:00,77.0,Kendriya Vidyalaya,93.75,78.78445588202807
2026-03-17 10:00:00,54.5,Kendriya Vidyalaya,79.0,76.63398814344346
2026-03-17 13:00:00,40.0,Kendriya Vidyalaya,64.25,41.02029963978197
2026-03-17 14:00:00,36.75,Kendriya Vidyalaya,55.25,44.07328779836287
2026-03-17 15:00:00,41.75,Kendriya Vidyalaya,54.75,43.312684212160654
2026-03-17 16:00:00,42.0,Kendriya Vidyalaya,45.75,46.24821839708118
2026-03-17 17:00:00,54.0,Kendriya Vidyalaya,44.75,47.27584714222208
2026-03-17 18:00:00,52.5,Kendriya Vidyalaya,35.75,52.2209458689528
2026-03-17 19:00:00,63.75,Kendriya Vidyalaya,50.0,64.84898483083401
2026-03-17 20:00:00,57.5,Kendriya Vidyalaya,60.5,72.05517919108603
2026-03-17 21:00:00,68.75,Kendriya Vidyalaya,78.0,74.8688651904547
2026-03-17 22:00:00,72.75,Kendriya Vidyalaya,92.0,85.71717912370268
2026-03-17 23:00:00,77.67,Kendriya Vidyalaya,86.0,90.29807600507444
2026-03-18 00:00:00,81.5,Kendriya Vidyalaya,71.25,86.34776895219598
2026-03-18 01:00:00,82.0,Kendriya Vidyalaya,81.75,95.4916130457765
2026-03-18 02:00:00,83.0,Kendriya Vidyalaya,83.25,74.20948448609572
2026-03-18 03:00:00,70.25,Kendriya Vidyalaya,69.25,85.75399036090985
2026-03-18 04:00:00,76.5,Kendriya Vidyalaya,73.0,82.146780242676
2026-03-18 05:00:00,86.5,Kendriya Vidyalaya,66.25,93.10410865858239
2026-03-18 06:00:00,90.5,Kendriya Vidyalaya,51.25,87.25406997084899
2026-03-18 07:00:00,97.0,Kendriya Vidyalaya,66.0,89.41470650814098
2026-03-18 08:00:00,93.75,Kendriya Vidyalaya,68.25,100.6560553116263
2026-03-18 09:00:00,90.5,Kendriya Vidyalaya,84.25,89.7140964023165
2026-03-18 10:00:00,79.0,Kendriya Vidyalaya,73.5,82.17190976532802
2026-03-18 12:00:00,50.75,Kendriya Vidyalaya,63.0,50.070792974730594
2026-03-18 13:00:00,64.25,Kendriya Vidyalaya,55.75,50.251473211312224
2026-03-18 14:00:00,55.25,Kendriya Vidyalaya,48.25,49.44544056184047
2026-03-18 15:00:00,54.75,Kendriya Vidyalaya,29.25,51.04199060262775
2026-03-18 16:00:00,45.75,Kendriya Vidyalaya,30.25,49.265910674760676
2026-03-18 17:00:00,44.75,Kendriya Vidyalaya,27.5,49.07560929836765
2026-03-18 18:00:00,35.75,Kendriya Vidyalaya,30.25,47.34004365945253
2026-03-18 19:00:00,50.0,Kendriya Vidyalaya,25.75,56.359756784831475
2026-03-18 20:00:00,60.5,Kendriya Vidyalaya,38.5,65.45851572286476
2026-03-18 21:00:00,78.0,Kendriya Vidyalaya,49.5,68.27123983410283
2026-03-18 22:00:00,92.0,Kendriya Vidyalaya,60.5,90.58864220894837
2026-03-18 23:00:00,86.0,Kendriya Vidyalaya,57.33,102.42096192446172
2026-03-19 00:00:00,71.25,Kendriya Vidyalaya,52.5,100.02064878907946
2026-03-19 01:00:00,81.75,Kendriya Vidyalaya,65.5,91.79856058232983
2026-03-19 02:00:00,83.25,Kendriya Vidyalaya,66.25,100.90130352854054
2026-03-19 03:00:00,69.25,Kendriya Vidyalaya,61.0,91.21316716487202
2026-03-19 04:00:00,73.0,Kendriya Vidyalaya,61.75,82.8789344520447
2026-03-19 05:00:00,66.25,Kendriya Vidyalaya,57.5,91.4647895890235
2026-03-19 06:00:00,51.25,Kendriya Vidyalaya,53.5,88.94947330825194
2026-03-19 07:00:00,66.0,Kendriya Vidyalaya,59.0,80.02513895192476
2026-03-19 08:00:00,68.25,Kendriya Vidyalaya,71.75,91.47404100013858
2026-03-19 09:00:00,84.25,Kendriya Vidyalaya,75.75,85.89062776340404
2026-03-19 10:00:00,73.5,Kendriya Vidyalaya,98.25,82.11162699802138
2026-03-19 11:00:00,74.33,Kendriya Vidyalaya,101.5,66.10848939384664
2026-03-19 14:00:00,48.25,Kendriya Vidyalaya,62.75,50.35889055976779
2026-03-19 15:00:00,29.25,Kendriya Vidyalaya,65.75,48.41493893988763
2026-03-19 16:00:00,30.25,Kendriya Vidyalaya,53.25,41.38695716827494
2026-03-19 17:00:00,27.5,Kendriya Vidyalaya,48.5,39.46087601194303
2026-03-19 18:00:00,30.25,Kendriya Vidyalaya,52.75,37.78563578310568
2026-03-19 19:00:00,25.75,Kendriya Vidyalaya,54.75,47.17282906361086
2026-03-19 20:00:00,38.5,Kendriya Vidyalaya,52.5,51.08435031546058
2026-03-19 21:00:00,49.5,Kendriya Vidyalaya,53.5,53.26397420319589
2026-03-19 22:00:00,60.5,Kendriya Vidyalaya,65.25,70.26956028730469
2026-03-19 23:00:00,57.33,Kendriya Vidyalaya,74.67,69.52533336555543
2026-03-20 00:00:00,52.5,Kendriya Vidyalaya,60.75,69.80854123223627
2026-03-20 01:00:00,65.5,Kendriya Vidyalaya,64.25,68.12319618873723
2026-03-20 02:00:00,66.25,Kendriya Vidyalaya,48.0,69.99064421595821
2026-03-20 03:00:00,61.0,Kendriya Vidyalaya,53.0,65.93788705763276
2026-03-20 04:00:00,61.75,Kendriya Vidyalaya,43.5,62.82749392256123
2026-03-20 05:00:00,57.5,Kendriya Vidyalaya,42.75,68.4336879838403
2026-03-20 06:00:00,53.5,Kendriya Vidyalaya,44.0,59.845010169604954
2026-03-20 07:00:00,59.0,Kendriya Vidyalaya,48.75,67.33017547588753
2026-03-20 08:00:00,71.75,Kendriya Vidyalaya,49.25,71.09529317150566
2026-03-20 09:00:00,75.75,Kendriya Vidyalaya,40.0,82.61879386718485
2026-03-20 10:00:00,98.25,Kendriya Vidyalaya,41.5,92.88323214124941
2026-03-20 11:00:00,101.5,Kendriya Vidyalaya,28.25,84.05859527404239
2026-03-20 12:00:00,,Kendriya Vidyalaya,35.75,69.8786584436781
2026-03-29 06:00:00,86.0,Kendriya Vidyalaya,65.0,58.15651615389703
2026-03-29 07:00:00,94.0,Kendriya Vidyalaya,89.0,59.792065533342324
2026-03-29 08:00:00,88.25,Kendriya Vidyalaya,78.25,68.374924802894
2026-03-29 09:00:00,27.0,Kendriya Vidyalaya,102.0,67.70621568925313
2026-03-29 10:00:00,41.25,Kendriya Vidyalaya,78.25,58.484713198892166
2026-03-29 14:00:00,36.0,Kendriya Vidyalaya,13.0,40.835356837065824
2026-03-29 15:00:00,49.75,Kendriya Vidyalaya,31.0,38.173140842664964
2026-03-29 16:00:00,48.25,Kendriya Vidyalaya,45.25,42.57426743469947
2026-03-29 17:00:00,42.5,Kendriya Vidyalaya,59.25,36.34576388495103
2026-03-29 18:00:00,32.0,Kendriya Vidyalaya,64.5,36.95356076376738
2026-03-29 19:00:00,40.25,Kendriya Vidyalaya,62.75,37.060652186615
2026-03-29 20:00:00,41.0,Kendriya Vidyalaya,56.5,45.68383286953836
2026-03-29 21:00:00,46.5,Kendriya Vidyalaya,62.0,51.607141238445756
2026-03-29 22:00:00,35.0,Kendriya Vidyalaya,77.75,57.23671996027781
2026-03-29 23:00:00,49.0,Kendriya Vidyalaya,76.0,49.473286383458415
2026-03-30 00:00:00,53.75,Kendriya Vidyalaya,61.0,50.827206023082745
2026-03-30 01:00:00,51.25,Kendriya Vidyalaya,60.0,55.818958023134215
2026-03-30 02:00:00,51.0,Kendriya Vidyalaya,54.0,54.2969161323103
2026-03-30 03:00:00,57.25,Kendriya Vidyalaya,67.75,57.23006946402366
2026-03-30 04:00:00,37.75,Kendriya Vidyalaya,55.25,56.14604996855511
2026-03-30 05:00:00,53.5,Kendriya Vidyalaya,71.25,49.530473543320035
2026-03-30 06:00:00,65.0,Kendriya Vidyalaya,54.0,53.15214902983159
2026-03-30 07:00:00,89.0,Kendriya Vidyalaya,54.5,67.60519835217252
2026-03-30 08:00:00,78.25,Kendriya Vidyalaya,49.0,60.734792465144395
2026-03-30 09:00:00,102.0,Kendriya Vidyalaya,56.5,48.94601137263828
2026-03-30 10:00:00,78.25,Kendriya Vidyalaya,52.25,49.6978142534764
2026-03-30 11:00:00,,Kendriya Vidyalaya,38.0,45.82586125278516
2026-04-07 00:00:00,62.5,Kendriya Vidyalaya,35.25,36.948138497584964
2026-04-07 01:00:00,56.75,Kendriya Vidyalaya,31.5,40.955544659533864
2026-04-07 02:00:00,56.0,Kendriya Vidyalaya,39.0,43.073070670124075
2026-04-07 03:00:00,65.75,Kendriya Vidyalaya,29.5,41.7670526462583
2026-04-07 04:00:00,65.25,Kendriya Vidyalaya,29.75,46.210251544465656
2026-04-07 05:00:00,52.75,Kendriya Vidyalaya,33.5,49.94652016973417
2026-04-07 06:00:00,65.0,Kendriya Vidyalaya,34.75,37.9787245777829
2026-04-07 07:00:00,67.0,Kendriya Vidyalaya,26.25,47.19063590360165
2026-04-07 08:00:00,68.75,Kendriya Vidyalaya,27.67,46.170779985017205
2026-04-07 09:00:00,64.75,Kendriya Vidyalaya,35.0,51.308466859097486
2026-04-07 10:00:00,56.0,Kendriya Vidyalaya,28.0,49.74241598869852
2026-04-07 11:00:00,49.75,Kendriya Vidyalaya,29.75,50.079658418735626
2026-04-07 12:00:00,47.25,Kendriya Vidyalaya,27.5,45.07860414754581
2026-04-07 13:00:00,44.5,Kendriya Vidyalaya,28.0,41.13653841573033
2026-04-07 14:00:00,38.75,Kendriya Vidyalaya,24.5,38.94813443352133
2026-04-07 15:00:00,32.75,Kendriya Vidyalaya,22.25,43.18545195424018
2026-04-07 16:00:00,33.5,Kendriya Vidyalaya,33.5,41.166637212503964
2026-04-07 17:00:00,39.0,Kendriya Vidyalaya,36.75,38.953763509354
2026-04-07 18:00:00,42.5,Kendriya Vidyalaya,39.0,38.467062825446455
2026-04-07 19:00:00,66.75,Kendriya Vidyalaya,37.75,37.29520144020441
2026-04-07 20:00:00,53.25,Kendriya Vidyalaya,42.25,46.71061823045289
2026-04-07 21:00:00,44.0,Kendriya Vidyalaya,36.0,50.537919047465564
2026-04-07 22:00:00,34.0,Kendriya Vidyalaya,28.0,52.64276014246548
2026-04-07 23:00:00,,Kendriya Vidyalaya,30.0,59.05315597766154
2026-04-12 22:00:00,58.75,Kendriya Vidyalaya,40.5,62.42479385942949
2026-04-12 23:00:00,62.5,Kendriya Vidyalaya,50.0,55.21767847022871
2026-04-13 00:00:00,57.75,Kendriya Vidyalaya,49.5,58.29986658216382
2026-04-13 01:00:00,55.25,Kendriya Vidyalaya,55.75,60.05780657114791
2026-04-13 02:00:00,58.5,Kendriya Vidyalaya,55.75,58.84854516748457
2026-04-13 03:00:00,54.75,Kendriya Vidyalaya,45.5,55.12137460988098
2026-04-13 04:00:00,61.75,Kendriya Vidyalaya,51.5,53.89255754930139
2026-04-13 05:00:00,64.0,Kendriya Vidyalaya,38.0,55.41975142608949
2026-04-13 06:00:00,71.0,Kendriya Vidyalaya,35.75,54.96117976588974
2026-04-13 07:00:00,73.75,Kendriya Vidyalaya,49.25,56.13764506554321
2026-04-13 08:00:00,99.5,Kendriya Vidyalaya,56.25,63.17104295893995
2026-04-13 09:00:00,78.5,Kendriya Vidyalaya,65.25,70.52370117496652
2026-04-13 10:00:00,71.5,Kendriya Vidyalaya,55.25,64.28231062986487
2026-04-13 11:00:00,50.0,Kendriya Vidyalaya,47.25,70.47803784992261
2026-04-13 12:00:00,52.75,Kendriya Vidyalaya,31.0,52.216293210161254
2026-04-13 13:00:00,49.0,Kendriya Vidyalaya,38.75,48.638091272456386
2026-04-13 14:00:00,48.25,Kendriya Vidyalaya,28.5,46.86264652840194
2026-04-13 15:00:00,36.75,Kendriya Vidyalaya,29.25,46.21743200492468
2026-04-13 16:00:00,30.33,Kendriya Vidyalaya,21.75,42.174949475628274
2026-04-13 17:00:00,,Kendriya Vidyalaya,18.0,40.52658102800998
2026-04-16 22:00:00,120.25,Kendriya Vidyalaya,92.0,89.96211094523248
2026-04-16 23:00:00,110.5,Kendriya Vidyalaya,105.5,84.26464662319746
2026-04-17 00:00:00,105.0,Kendriya Vidyalaya,118.25,97.24739448967584
2026-04-17 01:00:00,112.5,Kendriya Vidyalaya,119.0,91.4964483906026
2026-04-17 02:00:00,107.25,Kendriya Vidyalaya,88.5,92.64814324109805
2026-04-17 03:00:00,100.25,Kendriya Vidyalaya,76.25,87.3268324673835
2026-04-17 04:00:00,90.75,Kendriya Vidyalaya,75.0,81.74476354203019
2026-04-17 05:00:00,82.5,Kendriya Vidyalaya,74.25,86.30779640525363
2026-04-17 06:00:00,87.75,Kendriya Vidyalaya,69.0,69.68660113808257
2026-04-17 07:00:00,84.75,Kendriya Vidyalaya,73.25,76.99333252910583
2026-04-17 08:00:00,103.75,Kendriya Vidyalaya,72.75,86.12218566823448
2026-04-17 09:00:00,111.25,Kendriya Vidyalaya,74.25,90.18782456089602
2026-04-17 10:00:00,123.5,Kendriya Vidyalaya,69.0,87.53919031406306
2026-04-17 11:00:00,123.75,Kendriya Vidyalaya,63.25,71.0591528574904
2026-04-17 12:00:00,103.0,Kendriya Vidyalaya,59.5,71.15783344683881
2026-04-17 13:00:00,71.0,Kendriya Vidyalaya,48.75,67.84918050614432
2026-04-17 14:00:00,66.75,Kendriya Vidyalaya,33.75,53.19358644608432
2026-04-17 15:00:00,62.0,Kendriya Vidyalaya,30.25,56.71370693271309
2026-04-17 16:00:00,35.75,Kendriya Vidyalaya,26.0,50.3509874762613
2026-04-17 17:00:00,35.75,Kendriya Vidyalaya,24.25,42.83846793320946
2026-04-17 18:00:00,71.25,Kendriya Vidyalaya,29.0,47.036871431345276
2026-04-17 19:00:00,92.75,Kendriya Vidyalaya,25.5,64.13152320653687
2026-04-17 20:00:00,89.5,Kendriya Vidyalaya,39.75,69.80731291258468
2026-04-17 21:00:00,98.75,Kendriya Vidyalaya,50.5,86.22993704119281
2026-04-17 22:00:00,92.0,Kendriya Vidyalaya,51.0,92.38440820653929
2026-04-17 23:00:00,105.5,Kendriya Vidyalaya,49.67,94.28326819374696
2026-04-18 00:00:00,118.25,Kendriya Vidyalaya,55.75,97.79574351246647
2026-04-18 01:00:00,119.0,Kendriya Vidyalaya,45.5,97.32111855960903
2026-04-18 02:00:00,88.5,Kendriya Vidyalaya,53.0,99.92313015052542
2026-04-18 03:00:00,76.25,Kendriya Vidyalaya,47.25,89.33045721769606
2026-04-18 04:00:00,75.0,Kendriya Vidyalaya,31.75,82.98265475504948
2026-04-18 05:00:00,74.25,Kendriya Vidyalaya,40.5,75.56261773682543
2026-04-18 06:00:00,69.0,Kendriya Vidyalaya,44.5,83.65611044438165
2026-04-18 07:00:00,73.25,Kendriya Vidyalaya,48.25,82.59157734574565
2026-04-18 08:00:00,72.75,Kendriya Vidyalaya,57.0,89.80972876014009
2026-04-18 09:00:00,74.25,Kendriya Vidyalaya,56.75,85.30691157476835
2026-04-18 10:00:00,69.0,Kendriya Vidyalaya,62.5,81.51378007782418
2026-04-18 11:00:00,63.25,Kendriya Vidyalaya,44.75,72.5231383986617
2026-04-18 12:00:00,59.5,Kendriya Vidyalaya,31.75,66.78280643940298
2026-04-18 13:00:00,48.75,Kendriya Vidyalaya,31.5,61.3642411300212
2026-04-18 14:00:00,33.75,Kendriya Vidyalaya,36.0,58.350497824575726
2026-04-18 15:00:00,30.25,Kendriya Vidyalaya,26.25,49.764735550392196
2026-04-18 16:00:00,26.0,Kendriya Vidyalaya,23.25,42.55553840178779
2026-04-18 17:00:00,24.25,Kendriya Vidyalaya,19.5,40.63886682886975
2026-04-18 18:00:00,29.0,Kendriya Vidyalaya,17.0,49.1857073057502
2026-04-18 19:00:00,25.5,Kendriya Vidyalaya,31.75,58.31097787793168
2026-04-18 20:00:00,39.75,Kendriya Vidyalaya,46.5,57.649303281858415
2026-04-18 21:00:00,50.5,Kendriya Vidyalaya,53.5,65.26249472554338
2026-04-18 22:00:00,51.0,Kendriya Vidyalaya,61.75,72.56054336247367
2026-04-18 23:00:00,49.67,Kendriya Vidyalaya,66.0,73.65502016661863
2026-04-19 00:00:00,55.75,Kendriya Vidyalaya,63.25,69.65840369508462
2026-04-19 01:00:00,45.5,Kendriya Vidyalaya,60.5,70.74348921698896
2026-04-19 02:00:00,53.0,Kendriya Vidyalaya,56.75,59.22187484846091
2026-04-19 03:00:00,47.25,Kendriya Vidyalaya,50.25,60.24829827517774
2026-04-19 04:00:00,31.75,Kendriya Vidyalaya,56.5,56.947839498620475
2026-04-19 05:00:00,40.5,Kendriya Vidyalaya,63.75,48.30557335843357
2026-04-19 06:00:00,44.5,Kendriya Vidyalaya,60.25,53.33076412879751
2026-04-19 07:00:00,48.25,Kendriya Vidyalaya,61.75,56.69103399115325
2026-04-19 08:00:00,57.0,Kendriya Vidyalaya,67.25,60.605864617130784
2026-04-19 09:00:00,56.75,Kendriya Vidyalaya,70.0,64.63280666895218
2026-04-19 10:00:00,62.5,Kendriya Vidyalaya,78.5,67.81447102053961
2026-04-19 11:00:00,44.75,Kendriya Vidyalaya,78.0,69.45839309875223
2026-04-19 12:00:00,31.75,Kendriya Vidyalaya,78.5,60.16021212465934
2026-04-19 13:00:00,31.5,Kendriya Vidyalaya,66.25,48.42158284344159
2026-04-19 14:00:00,36.0,Kendriya Vidyalaya,53.75,44.734584701873274
2026-04-19 15:00:00,26.25,Kendriya Vidyalaya,51.25,42.72078790441161
2026-04-19 16:00:00,23.25,Kendriya Vidyalaya,54.25,38.461345096637395
2026-04-19 17:00:00,19.5,Kendriya Vidyalaya,53.5,38.10094405033877
2026-04-19 18:00:00,17.0,Kendriya Vidyalaya,45.75,37.15567908208642
2026-04-19 19:00:00,31.75,Kendriya Vidyalaya,70.25,50.86445281132722
2026-04-19 20:00:00,46.5,Kendriya Vidyalaya,77.5,56.013149070592604
2026-04-19 21:00:00,53.5,Kendriya Vidyalaya,86.5,63.223084165971976
2026-04-19 22:00:00,61.75,Kendriya Vidyalaya,81.75,74.91921162123295
2026-04-19 23:00:00,66.0,Kendriya Vidyalaya,92.0,74.69854854496958
2026-04-20 00:00:00,63.25,Kendriya Vidyalaya,89.25,58.99882947456926
2026-04-20 01:00:00,60.5,Kendriya Vidyalaya,71.25,61.1482781941731
2026-04-20 02:00:00,56.75,Kendriya Vidyalaya,65.5,63.16756282433788
2026-04-20 03:00:00,50.25,Kendriya Vidyalaya,61.5,55.892434009349145
2026-04-20 04:00:00,56.5,Kendriya Vidyalaya,65.75,54.22674837689376
2026-04-20 05:00:00,63.75,Kendriya Vidyalaya,53.75,51.30062337438497
2026-04-20 06:00:00,60.25,Kendriya Vidyalaya,62.5,50.60901922621809
2026-04-20 07:00:00,61.75,Kendriya Vidyalaya,64.25,55.46109131206671
2026-04-20 08:00:00,67.25,Kendriya Vidyalaya,89.75,66.67576811179894
2026-04-20 09:00:00,70.0,Kendriya Vidyalaya,69.25,68.02226556229105
2026-04-20 10:00:00,78.5,Kendriya Vidyalaya,66.25,65.02483936253128
2026-04-20 11:00:00,78.0,Kendriya Vidyalaya,62.75,59.45384904499894
2026-04-20 12:00:00,78.5,Kendriya Vidyalaya,53.5,53.66980578497638
2026-04-20 13:00:00,66.25,Kendriya Vidyalaya,43.75,53.07953874657781
2026-04-20 14:00:00,53.75,Kendriya Vidyalaya,44.0,45.9853506892416
2026-04-20 15:00:00,51.25,Kendriya Vidyalaya,49.0,40.088174087056466
2026-04-20 16:00:00,54.25,Kendriya Vidyalaya,54.25,41.459711962221796
2026-04-20 18:00:00,45.75,Kendriya Vidyalaya,41.5,38.31142570228852
2026-04-20 19:00:00,70.25,Kendriya Vidyalaya,51.75,46.40583400189131
2026-04-20 20:00:00,77.5,Kendriya Vidyalaya,59.75,60.21482705044423
2026-04-20 21:00:00,86.5,Kendriya Vidyalaya,62.5,71.11629641851958
2026-04-20 22:00:00,81.75,Kendriya Vidyalaya,68.0,82.02600447184163
2026-04-20 23:00:00,92.0,Kendriya Vidyalaya,76.0,85.76323886087098
2026-04-21 00:00:00,89.25,Kendriya Vidyalaya,76.5,80.81403179430225
2026-04-21 01:00:00,71.25,Kendriya Vidyalaya,72.0,82.7317005111441
2026-04-21 02:00:00,65.5,Kendriya Vidyalaya,80.0,73.9291427436187
2026-04-21 03:00:00,61.5,Kendriya Vidyalaya,61.25,69.54643401072202
2026-04-21 04:00:00,65.75,Kendriya Vidyalaya,57.75,62.29955819558881
2026-04-21 05:00:00,53.75,Kendriya Vidyalaya,66.5,72.4398316364344
2026-04-21 06:00:00,62.5,Kendriya Vidyalaya,60.5,57.193501776869496
2026-04-21 07:00:00,64.25,Kendriya Vidyalaya,81.25,66.089579453033
2026-04-21 08:00:00,89.75,Kendriya Vidyalaya,77.0,68.06456164455301
2026-04-21 09:00:00,69.25,Kendriya Vidyalaya,81.75,83.27887828194277
2026-04-21 10:00:00,66.25,Kendriya Vidyalaya,76.0,72.51302732516072
2026-04-21 11:00:00,62.75,Kendriya Vidyalaya,72.67,64.87156262020781
2026-04-21 12:00:00,53.5,Kendriya Vidyalaya,25.0,56.381916897462354
2026-04-21 13:00:00,43.75,Kendriya Vidyalaya,0.0,51.87033924511296
2026-04-21 14:00:00,44.0,Kendriya Vidyalaya,115.0,49.2411817284622
2026-04-21 15:00:00,49.0,Kendriya Vidyalaya,67.0,46.73483147288677
2026-04-21 16:00:00,54.25,Kendriya Vidyalaya,57.0,47.319511271178364
2026-04-21 17:00:00,47.0,Kendriya Vidyalaya,44.25,49.64494037970468
2026-04-21 18:00:00,41.5,Kendriya Vidyalaya,44.0,47.21646560541075
2026-04-21 19:00:00,51.75,Kendriya Vidyalaya,37.5,57.653030118528754
2026-04-21 20:00:00,59.75,Kendriya Vidyalaya,35.25,63.24544485253275
2026-04-21 21:00:00,62.5,Kendriya Vidyalaya,54.5,64.13818726210253
2026-04-21 22:00:00,68.0,Kendriya Vidyalaya,69.0,70.5834077535569
2026-04-21 23:00:00,76.0,Kendriya Vidyalaya,76.0,74.81276845477578
2026-04-22 00:00:00,76.5,Kendriya Vidyalaya,76.0,84.9391672377029
2026-04-22 01:00:00,72.0,Kendriya Vidyalaya,68.75,77.4913612248974
2026-04-22 02:00:00,80.0,Kendriya Vidyalaya,62.75,72.89973101141798
2026-04-22 03:00:00,61.25,Kendriya Vidyalaya,52.75,72.53062993029037
2026-04-22 04:00:00,57.75,Kendriya Vidyalaya,48.25,67.16210308497104
2026-04-22 05:00:00,66.5,Kendriya Vidyalaya,54.75,62.47632200619062
2026-04-22 06:00:00,60.5,Kendriya Vidyalaya,49.0,63.73736311978949
2026-04-22 07:00:00,81.25,Kendriya Vidyalaya,78.25,64.49294086523503
2026-04-22 08:00:00,77.0,Kendriya Vidyalaya,82.75,82.8720990523004
2026-04-22 09:00:00,81.75,Kendriya Vidyalaya,63.0,75.57403077156827
2026-04-22 10:00:00,76.0,Kendriya Vidyalaya,62.5,70.0353922589164
2026-04-22 11:00:00,72.67,Kendriya Vidyalaya,66.25,61.6063221594668
2026-04-22 12:00:00,25.0,Kendriya Vidyalaya,59.5,55.27945227543112
2026-04-22 13:00:00,0.0,Kendriya Vidyalaya,53.75,41.94622931410362
2026-04-22 14:00:00,115.0,Kendriya Vidyalaya,38.0,41.089430350297185
2026-04-22 15:00:00,67.0,Kendriya Vidyalaya,38.75,49.53207349084784
2026-04-22 16:00:00,57.0,Kendriya Vidyalaya,43.25,49.76852905210642
2026-04-22 17:00:00,44.25,Kendriya Vidyalaya,78.75,52.503264775774085
2026-04-22 18:00:00,44.0,Kendriya Vidyalaya,90.25,46.777019109977154
2026-04-22 19:00:00,37.5,Kendriya Vidyalaya,129.25,57.3278049494891
2026-04-22 20:00:00,35.25,Kendriya Vidyalaya,141.75,59.36840008469807
2026-04-22 21:00:00,54.5,Kendriya Vidyalaya,156.33,57.4433653891146
2026-04-22 22:00:00,69.0,Kendriya Vidyalaya,111.25,62.38367002277384
2026-04-22 23:00:00,76.0,Kendriya Vidyalaya,87.0,71.02128907319627
2026-04-23 00:00:00,76.0,Kendriya Vidyalaya,64.0,67.60811585198036
2026-04-23 01:00:00,68.75,Kendriya Vidyalaya,76.5,67.68749110680713
2026-04-23 02:00:00,62.75,Kendriya Vidyalaya,65.5,69.82555625943232
2026-04-23 03:00:00,52.75,Kendriya Vidyalaya,95.25,71.50328696222981
2026-04-23 04:00:00,48.25,Kendriya Vidyalaya,53.25,61.388180621075364
2026-04-23 05:00:00,54.75,Kendriya Vidyalaya,67.0,61.00943355127813
2026-04-23 06:00:00,49.0,Kendriya Vidyalaya,114.75,58.89433584804481
2026-04-23 07:00:00,78.25,Kendriya Vidyalaya,103.5,57.49463046629655
2026-04-23 08:00:00,82.75,Kendriya Vidyalaya,88.75,74.21910384346953
2026-04-23 09:00:00,63.0,Kendriya Vidyalaya,82.75,81.62840711183664
2026-04-23 10:00:00,62.5,Kendriya Vidyalaya,76.75,69.54941836637501
2026-04-23 11:00:00,66.25,Kendriya Vidyalaya,77.0,63.361555183105395
2026-04-23 12:00:00,59.5,Kendriya Vidyalaya,66.5,46.61523891084496
2026-04-23 13:00:00,53.75,Kendriya Vidyalaya,54.5,45.24342082871941
2026-04-23 14:00:00,38.0,Kendriya Vidyalaya,33.5,60.741958099568535
2026-04-23 15:00:00,38.75,Kendriya Vidyalaya,14.67,47.000141359223925
2026-04-23 16:00:00,43.25,Kendriya Vidyalaya,41.75,46.82600921116565
2026-04-23 17:00:00,78.75,Kendriya Vidyalaya,35.75,44.26273497838419
2026-04-23 18:00:00,90.25,Kendriya Vidyalaya,31.25,48.38760354028121
2026-04-23 19:00:00,129.25,Kendriya Vidyalaya,101.5,59.579455548666246
2026-04-23 20:00:00,141.75,Kendriya Vidyalaya,136.25,71.25615735515606
2026-04-23 21:00:00,156.33,Kendriya Vidyalaya,223.0,89.08761381593456
2026-04-23 22:00:00,111.25,Kendriya Vidyalaya,286.25,104.6112680253903
2026-04-23 23:00:00,87.0,Kendriya Vidyalaya,308.0,106.13839858838108
2026-04-24 00:00:00,64.0,Kendriya Vidyalaya,291.0,99.07552821129654
2026-04-24 01:00:00,76.5,Kendriya Vidyalaya,232.25,100.28821636116062
2026-04-24 02:00:00,65.5,Kendriya Vidyalaya,190.0,81.7907427451526
2026-04-24 03:00:00,95.25,Kendriya Vidyalaya,212.5,73.16160698063801
2026-04-24 04:00:00,53.25,Kendriya Vidyalaya,212.25,74.88178288076482
2026-04-24 05:00:00,67.0,Kendriya Vidyalaya,228.0,74.34259162836885
2026-04-24 07:00:00,103.5,Kendriya Vidyalaya,163.5,85.11311871416818
2026-04-24 09:00:00,82.75,Kendriya Vidyalaya,207.25,83.36578253132097
2026-04-24 10:00:00,76.75,Kendriya Vidyalaya,220.75,79.29248885017708
2026-04-24 11:00:00,77.0,Kendriya Vidyalaya,187.25,67.6828762875997
2026-04-24 12:00:00,66.5,Kendriya Vidyalaya,86.25,61.62103291900305
2026-04-24 13:00:00,54.5,Kendriya Vidyalaya,54.5,64.0775694362403
2026-04-24 14:00:00,33.5,Kendriya Vidyalaya,25.25,52.230939063773775
2026-04-24 15:00:00,14.67,Kendriya Vidyalaya,35.5,49.08737244451854
2026-04-24 16:00:00,41.75,Kendriya Vidyalaya,56.0,46.22941484229083
2026-04-24 17:00:00,35.75,Kendriya Vidyalaya,55.25,57.694266460886084
2026-04-24 18:00:00,31.25,Kendriya Vidyalaya,38.5,62.86147978148198
2026-04-24 19:00:00,101.5,Kendriya Vidyalaya,75.25,63.37189611132347
2026-04-24 20:00:00,136.25,Kendriya Vidyalaya,93.0,97.73171699240518
2026-04-24 21:00:00,223.0,Kendriya Vidyalaya,94.0,97.5476934414262
2026-04-24 22:00:00,286.25,Kendriya Vidyalaya,135.75,105.56318682304163
2026-04-24 23:00:00,308.0,Kendriya Vidyalaya,126.0,127.03557829454023
2026-04-25 00:00:00,291.0,Kendriya Vidyalaya,312.0,124.80885245407221
2026-04-25 02:00:00,190.0,Kendriya Vidyalaya,135.25,107.70317492592412
2026-04-25 03:00:00,212.5,Kendriya Vidyalaya,96.25,127.86908037540083
2026-04-25 04:00:00,212.25,Kendriya Vidyalaya,82.5,126.28774332388363
2026-04-25 05:00:00,228.0,Kendriya Vidyalaya,95.5,108.54801157411485
2026-04-25 06:00:00,,Kendriya Vidyalaya,117.0,134.81639055573842
2026-04-30 08:00:00,20.25,Kendriya Vidyalaya,17.0,70.77894304380501
2026-04-30 09:00:00,28.0,Kendriya Vidyalaya,18.0,71.26192565589295
2026-04-30 10:00:00,26.0,Kendriya Vidyalaya,20.0,68.72810817082569
2026-04-30 11:00:00,31.0,Kendriya Vidyalaya,21.0,61.78768471760742
2026-04-30 12:00:00,22.25,Kendriya Vidyalaya,18.0,48.29668151387899
2026-04-30 13:00:00,42.5,Kendriya Vidyalaya,24.0,54.99825586783116
2026-04-30 14:00:00,28.0,Kendriya Vidyalaya,24.5,56.64239423093954
2026-04-30 15:00:00,34.0,Kendriya Vidyalaya,30.0,53.797335699031684
2026-04-30 16:00:00,31.75,Kendriya Vidyalaya,25.5,49.16080966869029
2026-04-30 17:00:00,26.0,Kendriya Vidyalaya,19.5,37.42494184916293
2026-04-30 18:00:00,28.0,Kendriya Vidyalaya,18.25,41.695159589000056
2026-04-30 19:00:00,27.25,Kendriya Vidyalaya,22.5,46.95332026357733
2026-04-30 20:00:00,49.0,Kendriya Vidyalaya,27.5,48.524142176612465
2026-04-30 21:00:00,45.75,Kendriya Vidyalaya,29.0,56.993456612490576
2026-04-30 22:00:00,35.0,Kendriya Vidyalaya,30.25,47.588091023741576
2026-04-30 23:00:00,32.33,Kendriya Vidyalaya,28.33,53.051330013072814
2026-05-01 00:00:00,24.0,Kendriya Vidyalaya,26.0,43.56733226272127
2026-05-01 01:00:00,25.0,Kendriya Vidyalaya,26.0,44.745903319957144
2026-05-01 02:00:00,25.0,Kendriya Vidyalaya,24.0,51.14136464201148
2026-05-01 03:00:00,20.0,Kendriya Vidyalaya,22.75,49.091843708655475
2026-05-01 04:00:00,21.0,Kendriya Vidyalaya,25.75,49.341181177565396
2026-05-01 05:00:00,17.0,Kendriya Vidyalaya,21.25,48.83181566391918
2026-05-01 06:00:00,14.0,Kendriya Vidyalaya,24.0,49.065004721838605
2026-05-01 07:00:00,12.25,Kendriya Vidyalaya,31.0,51.021245313064945
2026-05-01 08:00:00,17.0,Kendriya Vidyalaya,25.0,51.78906609827357
2026-05-01 09:00:00,18.0,Kendriya Vidyalaya,25.75,56.909187059216194
2026-05-01 10:00:00,20.0,Kendriya Vidyalaya,22.0,53.7607120955773
2026-05-01 11:00:00,21.0,Kendriya Vidyalaya,28.0,53.618551055864856
2026-05-01 12:00:00,18.0,Kendriya Vidyalaya,28.5,53.52930745316747
2026-05-01 13:00:00,24.0,Kendriya Vidyalaya,27.0,52.87838615635486
2026-05-01 14:00:00,24.5,Kendriya Vidyalaya,25.25,49.62278876756566
2026-05-01 15:00:00,30.0,Kendriya Vidyalaya,26.0,50.957488893266
2026-05-01 16:00:00,25.5,Kendriya Vidyalaya,28.75,51.33189407755386
2026-05-01 17:00:00,19.5,Kendriya Vidyalaya,23.0,51.5457779922523
2026-05-01 18:00:00,18.25,Kendriya Vidyalaya,24.0,49.514117014910134
2026-05-01 19:00:00,22.5,Kendriya Vidyalaya,29.0,62.4565597373636
2026-05-01 20:00:00,27.5,Kendriya Vidyalaya,31.5,60.57553372375579
2026-05-01 21:00:00,29.0,Kendriya Vidyalaya,35.0,58.110784158289256
2026-05-01 22:00:00,30.25,Kendriya Vidyalaya,42.5,61.38745897033433
2026-05-01 23:00:00,28.33,Kendriya Vidyalaya,43.33,58.39954962783228
2026-05-02 00:00:00,26.0,Kendriya Vidyalaya,36.75,56.796939119260045
2026-05-02 01:00:00,26.0,Kendriya Vidyalaya,31.0,60.80451216365841
2026-05-02 02:00:00,24.0,Kendriya Vidyalaya,30.5,66.5455403929647
2026-05-02 03:00:00,22.75,Kendriya Vidyalaya,35.0,60.84375603360395
2026-05-02 04:00:00,25.75,Kendriya Vidyalaya,37.5,64.32173121105451
2026-05-02 05:00:00,21.25,Kendriya Vidyalaya,41.75,65.82246955692197
2026-05-02 07:00:00,31.0,Kendriya Vidyalaya,24.0,63.24443407699323
2026-05-02 09:00:00,25.75,Kendriya Vidyalaya,18.0,47.4685686990175
2026-05-02 10:00:00,22.0,Kendriya Vidyalaya,19.0,46.525834261839236
2026-05-02 11:00:00,28.0,Kendriya Vidyalaya,17.0,42.483171761427464
2026-05-02 12:00:00,28.5,Kendriya Vidyalaya,19.0,38.470674144224716
2026-05-02 13:00:00,27.0,Kendriya Vidyalaya,17.0,39.83757558648469
2026-05-02 14:00:00,25.25,Kendriya Vidyalaya,15.75,35.83395113668408
2026-05-02 15:00:00,26.0,Kendriya Vidyalaya,18.25,36.43685186760567
2026-05-02 16:00:00,28.75,Kendriya Vidyalaya,19.0,36.17630837881245
2026-05-02 17:00:00,23.0,Kendriya Vidyalaya,18.0,36.17221770346668
2026-05-02 18:00:00,24.0,Kendriya Vidyalaya,19.0,35.053011228187614
2026-05-02 19:00:00,29.0,Kendriya Vidyalaya,18.0,38.07087347772936
2026-05-02 20:00:00,31.5,Kendriya Vidyalaya,24.0,41.954898459596976
2026-05-02 21:00:00,35.0,Kendriya Vidyalaya,31.0,43.61244990559945
2026-05-02 22:00:00,42.5,Kendriya Vidyalaya,33.0,48.243014707557464
2026-05-02 23:00:00,43.33,Kendriya Vidyalaya,35.0,59.37748982161255
2026-05-03 00:00:00,36.75,Kendriya Vidyalaya,34.0,54.951130011224535
2026-05-03 02:00:00,30.5,Kendriya Vidyalaya,35.5,45.969846831236886
2026-05-03 03:00:00,35.0,Kendriya Vidyalaya,23.0,45.890853316142206
2026-05-03 04:00:00,37.5,Kendriya Vidyalaya,23.0,47.587824874790755
2026-05-03 05:00:00,41.75,Kendriya Vidyalaya,31.75,48.837790749515825
2026-05-03 06:00:00,26.0,Kendriya Vidyalaya,30.0,54.9372257991245
2026-05-03 07:00:00,24.0,Kendriya Vidyalaya,31.0,45.37494768218969
2026-05-03 10:00:00,19.0,Kendriya Vidyalaya,29.0,45.730002587482794
2026-05-03 11:00:00,17.0,Kendriya Vidyalaya,11.0,43.992019743478544
2026-05-03 12:00:00,19.0,Kendriya Vidyalaya,9.0,38.67520306513814
2026-05-03 13:00:00,17.0,Kendriya Vidyalaya,9.0,39.31625276004066
2026-05-03 14:00:00,15.75,Kendriya Vidyalaya,12.0,34.59317060354232
2026-05-03 18:00:00,19.0,Kendriya Vidyalaya,0.75,39.69204031719246
2026-05-03 19:00:00,18.0,Kendriya Vidyalaya,3.75,40.988216798006775
2026-05-03 20:00:00,24.0,Kendriya Vidyalaya,15.25,39.967191763985475
2026-05-03 21:00:00,31.0,Kendriya Vidyalaya,12.0,43.15477556606362
2026-05-03 22:00:00,33.0,Kendriya Vidyalaya,12.25,43.51817971496721
2026-05-03 23:00:00,35.0,Kendriya Vidyalaya,12.67,44.64059480019177
2026-05-04 00:00:00,34.0,Kendriya Vidyalaya,13.5,40.79196733150667
2026-05-04 01:00:00,37.0,Kendriya Vidyalaya,16.5,40.37318238434115
2026-05-04 02:00:00,35.5,Kendriya Vidyalaya,15.5,38.23537262845889
2026-05-04 03:00:00,23.0,Kendriya Vidyalaya,12.75,38.790759830514375
2026-05-04 04:00:00,23.0,Kendriya Vidyalaya,12.5,34.24410155093685
2026-05-04 05:00:00,31.75,Kendriya Vidyalaya,13.25,35.65413679991768
2026-05-04 06:00:00,30.0,Kendriya Vidyalaya,12.25,33.3327824711305
2026-05-04 08:00:00,30.0,Kendriya Vidyalaya,13.5,35.74859171496384
2026-05-04 09:00:00,38.75,Kendriya Vidyalaya,15.25,34.697766709769084
2026-05-04 10:00:00,29.0,Kendriya Vidyalaya,15.5,36.94390317192592
2026-05-04 11:00:00,11.0,Kendriya Vidyalaya,13.0,33.137807632980085
2026-05-04 12:00:00,9.0,Kendriya Vidyalaya,12.0,27.97899054245465
2026-05-04 13:00:00,9.0,Kendriya Vidyalaya,13.0,26.621391319575054
2026-05-04 14:00:00,12.0,Kendriya Vidyalaya,9.25,27.021381457089394
2026-05-04 15:00:00,,Kendriya Vidyalaya,8.0,26.70511050701927
2026-05-08 22:00:00,31.75,Kendriya Vidyalaya,55.5,42.004133960037265
2026-05-08 23:00:00,72.5,Kendriya Vidyalaya,55.0,44.29512621938788
2026-05-09 00:00:00,64.25,Kendriya Vidyalaya,57.0,58.75569596333342
2026-05-09 01:00:00,55.5,Kendriya Vidyalaya,58.25,52.51569593785785
2026-05-09 02:00:00,55.25,Kendriya Vidyalaya,60.75,45.54431897752635
2026-05-09 03:00:00,50.5,Kendriya Vidyalaya,60.0,43.681383464603165
2026-05-09 04:00:00,48.25,Kendriya Vidyalaya,71.5,45.353075710191305
2026-05-09 05:00:00,50.0,Kendriya Vidyalaya,78.75,43.42699047262198
2026-05-09 06:00:00,57.5,Kendriya Vidyalaya,68.25,46.51086505063651
2026-05-09 07:00:00,53.25,Kendriya Vidyalaya,62.75,52.86814720816599
2026-05-09 08:00:00,55.0,Kendriya Vidyalaya,60.0,58.13069470225458
2026-05-09 09:00:00,43.5,Kendriya Vidyalaya,55.0,55.64525438692291
2026-05-09 10:00:00,35.5,Kendriya Vidyalaya,46.25,52.47311748992174
2026-05-09 11:00:00,33.75,Kendriya Vidyalaya,42.0,43.71263670589342
2026-05-09 12:00:00,34.25,Kendriya Vidyalaya,48.75,41.182081152060825
2026-05-09 13:00:00,27.25,Kendriya Vidyalaya,42.0,47.89669761897341
2026-05-09 14:00:00,38.25,Kendriya Vidyalaya,39.25,42.92746856620038
2026-05-09 15:00:00,36.0,Kendriya Vidyalaya,31.5,43.67639918617499
2026-05-09 16:00:00,38.75,Kendriya Vidyalaya,22.25,39.52859451425348
2026-05-09 17:00:00,45.25,Kendriya Vidyalaya,27.5,38.10255653588413
2026-05-09 18:00:00,35.75,Kendriya Vidyalaya,55.75,41.981875040729804
2026-05-09 19:00:00,37.0,Kendriya Vidyalaya,61.25,45.060340189085515
2026-05-09 20:00:00,49.25,Kendriya Vidyalaya,55.5,43.40848502021938
2026-05-09 21:00:00,54.25,Kendriya Vidyalaya,58.25,46.526820246279726
2026-05-09 22:00:00,55.5,Kendriya Vidyalaya,72.75,46.82752543136571
2026-05-09 23:00:00,55.0,Kendriya Vidyalaya,73.0,55.40682296352553
2026-05-10 00:00:00,57.0,Kendriya Vidyalaya,73.25,55.09708479715481
2026-05-10 01:00:00,58.25,Kendriya Vidyalaya,71.75,66.69241585626285
2026-05-10 02:00:00,60.75,Kendriya Vidyalaya,69.5,67.5830662228191
2026-05-10 03:00:00,60.0,Kendriya Vidyalaya,69.0,61.161063878556355
2026-05-10 04:00:00,71.5,Kendriya Vidyalaya,71.5,61.23573333990684
2026-05-10 05:00:00,78.75,Kendriya Vidyalaya,79.75,62.49196642402454
2026-05-10 06:00:00,68.25,Kendriya Vidyalaya,73.75,60.428437258647044
2026-05-10 07:00:00,62.75,Kendriya Vidyalaya,65.25,59.74997456121734
2026-05-10 08:00:00,60.0,Kendriya Vidyalaya,55.0,68.7843115811477
2026-05-10 09:00:00,55.0,Kendriya Vidyalaya,45.75,58.878784300175866
2026-05-10 10:00:00,46.25,Kendriya Vidyalaya,44.0,56.40971037909016
2026-05-10 11:00:00,42.0,Kendriya Vidyalaya,32.25,52.687724609153975
2026-05-10 12:00:00,48.75,Kendriya Vidyalaya,54.5,50.23666576463644
2026-05-10 13:00:00,42.0,Kendriya Vidyalaya,52.75,52.96370273475339
2026-05-10 14:00:00,39.25,Kendriya Vidyalaya,34.0,50.85728016876531
2026-05-10 15:00:00,31.5,Kendriya Vidyalaya,35.0,46.45467093197858
2026-05-10 16:00:00,22.25,Kendriya Vidyalaya,42.25,44.61991481400555
2026-05-10 17:00:00,27.5,Kendriya Vidyalaya,51.25,41.708408544512835
2026-05-10 18:00:00,55.75,Kendriya Vidyalaya,39.0,42.57933080737542
2026-05-10 19:00:00,61.25,Kendriya Vidyalaya,40.0,52.832284656643075
2026-05-10 20:00:00,55.5,Kendriya Vidyalaya,43.75,60.21666743910349
2026-05-10 21:00:00,58.25,Kendriya Vidyalaya,42.5,65.11524539056246
2026-05-10 22:00:00,72.75,Kendriya Vidyalaya,59.75,63.34679329127874
2026-05-10 23:00:00,73.0,Kendriya Vidyalaya,65.67,79.12755284735019
2026-05-11 00:00:00,73.25,Kendriya Vidyalaya,56.75,67.923681592312
2026-05-11 01:00:00,71.75,Kendriya Vidyalaya,55.5,69.8860858997232
2026-05-11 02:00:00,69.5,Kendriya Vidyalaya,50.75,69.5477288064833
2026-05-11 03:00:00,69.0,Kendriya Vidyalaya,40.0,61.90233350516994
2026-05-11 04:00:00,71.5,Kendriya Vidyalaya,41.75,62.06841543407119
2026-05-11 05:00:00,79.75,Kendriya Vidyalaya,53.25,62.07986130384279
2026-05-11 06:00:00,73.75,Kendriya Vidyalaya,68.0,68.13558953135725
2026-05-11 07:00:00,65.25,Kendriya Vidyalaya,76.75,70.53683220556736
2026-05-11 08:00:00,55.0,Kendriya Vidyalaya,64.5,67.89889352618782
2026-05-11 09:00:00,45.75,Kendriya Vidyalaya,58.0,59.819858830950196
2026-05-11 10:00:00,44.0,Kendriya Vidyalaya,61.5,56.476853673184415
2026-05-11 11:00:00,32.25,Kendriya Vidyalaya,67.5,50.14640737146966
2026-05-11 12:00:00,54.5,Kendriya Vidyalaya,62.25,47.163116062631225
2026-05-11 13:00:00,52.75,Kendriya Vidyalaya,54.75,50.22283334567769
2026-05-11 14:00:00,34.0,Kendriya Vidyalaya,46.75,45.855174221757835
2026-05-11 18:00:00,39.0,Kendriya Vidyalaya,62.25,49.68499243854357
2026-05-11 19:00:00,40.0,Kendriya Vidyalaya,48.75,49.55507489304719
2026-05-11 20:00:00,43.75,Kendriya Vidyalaya,53.5,51.86985787704847
2026-05-11 21:00:00,42.5,Kendriya Vidyalaya,72.25,51.70901708738391
2026-05-11 22:00:00,59.75,Kendriya Vidyalaya,85.75,53.490212641705874
2026-05-11 23:00:00,65.67,Kendriya Vidyalaya,80.5,53.77845189046968
2026-05-12 00:00:00,56.75,Kendriya Vidyalaya,69.0,68.35509852551792
2026-05-12 01:00:00,55.5,Kendriya Vidyalaya,71.5,67.12815733304834
2026-05-12 02:00:00,50.75,Kendriya Vidyalaya,62.5,65.22254748244025
2026-05-12 03:00:00,40.0,Kendriya Vidyalaya,65.0,61.0239321653601
2026-05-12 04:00:00,41.75,Kendriya Vidyalaya,76.0,58.8324319087077
2026-05-12 05:00:00,53.25,Kendriya Vidyalaya,71.5,64.93017885270426
2026-05-12 06:00:00,68.0,Kendriya Vidyalaya,69.0,59.082797177642625
2026-05-12 07:00:00,76.75,Kendriya Vidyalaya,75.0,61.211535626631836
2026-05-12 08:00:00,64.5,Kendriya Vidyalaya,89.25,63.54733743743232
2026-05-12 09:00:00,58.0,Kendriya Vidyalaya,91.25,63.89886120947751
2026-05-12 10:00:00,61.5,Kendriya Vidyalaya,75.0,62.59799153239665
2026-05-12 11:00:00,67.5,Kendriya Vidyalaya,74.25,54.876958056274155
2026-05-12 12:00:00,62.25,Kendriya Vidyalaya,76.75,57.51044919283149
2026-05-12 13:00:00,54.75,Kendriya Vidyalaya,66.5,56.24409885086273
2026-05-12 14:00:00,46.75,Kendriya Vidyalaya,53.25,47.88573507533361
2026-05-12 15:00:00,53.5,Kendriya Vidyalaya,75.0,44.44898793591045
2026-05-12 16:00:00,63.0,Kendriya Vidyalaya,70.0,47.885290299721675
2026-05-12 17:00:00,66.0,Kendriya Vidyalaya,45.75,52.063331421757134
2026-05-12 18:00:00,62.25,Kendriya Vidyalaya,37.75,53.45456878596855
2026-05-12 19:00:00,48.75,Kendriya Vidyalaya,25.0,53.10801513893827
2026-05-12 20:00:00,53.5,Kendriya Vidyalaya,29.75,54.999984475364094
2026-05-12 22:00:00,85.75,Kendriya Vidyalaya,54.75,73.51645911778971
2026-05-12 23:00:00,80.5,Kendriya Vidyalaya,63.33,84.86550035967267
2026-05-13 00:00:00,69.0,Kendriya Vidyalaya,58.5,85.52229257874866
2026-05-13 01:00:00,71.5,Kendriya Vidyalaya,64.75,85.38719962687821
2026-05-13 02:00:00,62.5,Kendriya Vidyalaya,62.75,73.15806067706923
2026-05-13 03:00:00,65.0,Kendriya Vidyalaya,58.25,66.43603354175946
2026-05-13 04:00:00,76.0,Kendriya Vidyalaya,41.0,73.12465452290087
2026-05-13 05:00:00,71.5,Kendriya Vidyalaya,36.25,76.4888302706695
2026-05-13 06:00:00,69.0,Kendriya Vidyalaya,40.75,75.02118305185881
2026-05-13 07:00:00,75.0,Kendriya Vidyalaya,41.0,74.12245755609496
2026-05-13 08:00:00,89.25,Kendriya Vidyalaya,37.5,71.29875450066537
2026-05-13 09:00:00,91.25,Kendriya Vidyalaya,48.75,71.02828992261377
2026-05-13 10:00:00,75.0,Kendriya Vidyalaya,67.75,71.16560283760802
2026-05-13 11:00:00,74.25,Kendriya Vidyalaya,60.0,63.73160871727919
2026-05-13 12:00:00,76.75,Kendriya Vidyalaya,48.5,57.54353551443187
2026-05-13 13:00:00,66.5,Kendriya Vidyalaya,49.25,57.110543147679
2026-05-13 14:00:00,53.25,Kendriya Vidyalaya,46.0,53.51972554510953
2026-05-13 16:00:00,70.0,Kendriya Vidyalaya,5.0,58.09377910574602
2026-05-13 17:00:00,45.75,Kendriya Vidyalaya,34.75,56.971259227906074
2026-05-13 18:00:00,37.75,Kendriya Vidyalaya,52.25,54.62954563561409
2026-05-13 19:00:00,25.0,Kendriya Vidyalaya,50.5,55.510423804185244
2026-05-13 20:00:00,29.75,Kendriya Vidyalaya,49.0,58.86374238511164
2026-05-13 21:00:00,46.0,Kendriya Vidyalaya,58.0,61.242824195453295
2026-05-13 22:00:00,54.75,Kendriya Vidyalaya,53.25,70.90078291154894
2026-05-13 23:00:00,63.33,Kendriya Vidyalaya,47.33,72.01608311957189
2026-05-14 00:00:00,58.5,Kendriya Vidyalaya,46.0,77.6643244507876
2026-05-14 01:00:00,64.75,Kendriya Vidyalaya,51.25,70.09964468470791
2026-05-14 02:00:00,62.75,Kendriya Vidyalaya,50.0,74.13139632938389
2026-05-14 03:00:00,58.25,Kendriya Vidyalaya,45.25,70.43028925771706
2026-05-14 04:00:00,41.0,Kendriya Vidyalaya,48.25,65.89828148594262
2026-05-14 05:00:00,36.25,Kendriya Vidyalaya,49.0,61.77496275926738
2026-05-14 06:00:00,40.75,Kendriya Vidyalaya,59.5,49.61652023037471
2026-05-14 07:00:00,41.0,Kendriya Vidyalaya,56.5,65.05071415612464
2026-05-14 08:00:00,37.5,Kendriya Vidyalaya,70.5,59.96517375564206
2026-05-14 09:00:00,48.75,Kendriya Vidyalaya,76.0,57.59986101626976
2026-05-14 10:00:00,67.75,Kendriya Vidyalaya,57.5,61.105043611841616
2026-05-14 11:00:00,60.0,Kendriya Vidyalaya,51.5,62.08454670229093
2026-05-14 12:00:00,48.5,Kendriya Vidyalaya,57.5,55.79188116053885
2026-05-14 13:00:00,49.25,Kendriya Vidyalaya,52.75,55.01961154345532
2026-05-14 14:00:00,46.0,Kendriya Vidyalaya,38.5,52.82894372365164
2026-05-14 15:00:00,,Kendriya Vidyalaya,51.0,50.8038746630898
2026-05-17 16:00:00,45.35,Kendriya Vidyalaya,61.97,49.13955950971457
2026-05-17 17:00:00,45.1,Kendriya Vidyalaya,57.38,51.18723576318937
2026-05-17 18:00:00,36.35,Kendriya Vidyalaya,39.65,51.819730897413756
2026-05-17 19:00:00,36.75,Kendriya Vidyalaya,49.1,51.38329617902354
2026-05-17 20:00:00,51.1,Kendriya Vidyalaya,41.9,55.82438070251464
2026-05-17 21:00:00,55.63,Kendriya Vidyalaya,52.38,67.288868175058
2026-05-17 22:00:00,67.28,Kendriya Vidyalaya,56.4,66.5047641787666
2026-05-17 23:00:00,64.2,Kendriya Vidyalaya,62.2,73.9061960293578
2026-05-18 00:00:00,68.93,Kendriya Vidyalaya,63.38,59.86995843173718
2026-05-18 01:00:00,62.33,Kendriya Vidyalaya,71.65,54.20807969136415
2026-05-18 02:00:00,63.25,Kendriya Vidyalaya,65.43,58.810747424319906
2026-05-18 03:00:00,63.2,Kendriya Vidyalaya,73.95,54.05580607101336
2026-05-18 04:00:00,55.3,Kendriya Vidyalaya,62.87,54.6571250073064
2026-05-18 11:00:00,71.88,Kendriya Vidyalaya,70.02,51.951459265707925
2026-05-18 12:00:00,56.5,Kendriya Vidyalaya,82.33,46.813942551805425
2026-05-18 13:00:00,55.68,Kendriya Vidyalaya,82.4,43.50583275555699
2026-05-18 15:00:00,57.03,Kendriya Vidyalaya,5.0,42.46591825815009
2026-05-18 16:00:00,61.97,Kendriya Vidyalaya,58.33,44.33020927148089
2026-05-18 17:00:00,57.38,Kendriya Vidyalaya,75.8,45.525169320820524
2026-05-18 18:00:00,39.65,Kendriya Vidyalaya,72.0,42.18707809191687
2026-05-18 19:00:00,49.1,Kendriya Vidyalaya,60.88,41.36131957694906
2026-05-18 20:00:00,41.9,Kendriya Vidyalaya,57.73,54.89058191918732
2026-05-18 21:00:00,52.38,Kendriya Vidyalaya,71.08,57.15961816942502
2026-05-18 22:00:00,56.4,Kendriya Vidyalaya,154.85,62.02135154885998
2026-05-18 23:00:00,62.2,Kendriya Vidyalaya,153.6,64.23019511318822
2026-05-19 00:00:00,63.38,Kendriya Vidyalaya,108.15,55.72087173413476
2026-05-19 01:00:00,71.65,Kendriya Vidyalaya,76.55,56.873515053269145
2026-05-19 02:00:00,65.43,Kendriya Vidyalaya,64.05,57.62440430947276
2026-05-19 03:00:00,73.95,Kendriya Vidyalaya,62.32,59.52441106273228
2026-05-19 04:00:00,62.87,Kendriya Vidyalaya,64.3,58.42981180533901
2026-05-19 05:00:00,,Kendriya Vidyalaya,67.2,53.15053864717501
2026-05-22 15:00:00,38.78,Kendriya Vidyalaya,45.9,52.03236471937295
2026-05-22 16:00:00,30.18,Kendriya Vidyalaya,42.1,35.96702129674797
2026-05-22 17:00:00,30.13,Kendriya Vidyalaya,45.3,34.154971477021014
2026-05-22 18:00:00,34.53,Kendriya Vidyalaya,48.88,35.55488111630159
2026-05-22 19:00:00,32.38,Kendriya Vidyalaya,38.03,45.11812876807904
2026-05-22 20:00:00,38.08,Kendriya Vidyalaya,51.82,45.101510668935255
2026-05-22 21:00:00,43.03,Kendriya Vidyalaya,58.93,46.690411177776426
2026-05-22 22:00:00,49.9,Kendriya Vidyalaya,60.38,51.45270084313673
2026-05-22 23:00:00,54.9,Kendriya Vidyalaya,60.15,57.33817833706154
2026-05-23 00:00:00,53.48,Kendriya Vidyalaya,56.4,57.43232433754559
2026-05-23 01:00:00,48.43,Kendriya Vidyalaya,47.23,63.249197504638644
2026-05-23 02:00:00,45.43,Kendriya Vidyalaya,47.68,66.55328357299229
2026-05-23 03:00:00,47.45,Kendriya Vidyalaya,51.9,62.68714578522725
2026-05-23 04:00:00,52.03,Kendriya Vidyalaya,45.13,57.85571815012326
2026-05-23 05:00:00,51.9,Kendriya Vidyalaya,53.58,57.19299390347703
2026-05-23 06:00:00,48.18,Kendriya Vidyalaya,52.08,60.87776037385001
2026-05-23 07:00:00,61.28,Kendriya Vidyalaya,43.2,54.911372808161055
2026-05-23 08:00:00,66.53,Kendriya Vidyalaya,51.38,55.132929350810116
2026-05-23 09:00:00,69.88,Kendriya Vidyalaya,57.48,56.2045659835982
2026-05-23 10:00:00,70.43,Kendriya Vidyalaya,42.0,60.02520661051707
2026-05-23 11:00:00,61.6,Kendriya Vidyalaya,44.78,58.14067542553693
2026-05-23 12:00:00,56.25,Kendriya Vidyalaya,48.65,50.54091060892396
2026-05-23 13:00:00,42.5,Kendriya Vidyalaya,39.43,54.85577222991895
2026-05-23 14:00:00,51.5,Kendriya Vidyalaya,33.4,52.40036303393518
2026-05-23 15:00:00,45.9,Kendriya Vidyalaya,33.57,54.31885678174061
2026-05-23 16:00:00,42.1,Kendriya Vidyalaya,39.93,50.332413038426445
2026-05-23 17:00:00,45.3,Kendriya Vidyalaya,40.15,49.4839358231797
2026-05-23 18:00:00,48.88,Kendriya Vidyalaya,42.15,47.02308664710418
2026-05-23 19:00:00,38.03,Kendriya Vidyalaya,40.2,54.99118533269483
2026-05-23 20:00:00,51.82,Kendriya Vidyalaya,35.05,52.64550999182568
2026-05-23 21:00:00,58.93,Kendriya Vidyalaya,39.72,63.566227888470955
2026-05-23 22:00:00,60.38,Kendriya Vidyalaya,42.63,65.08597107773134
2026-05-23 23:00:00,60.15,Kendriya Vidyalaya,44.35,68.9396089660218
2026-05-24 00:00:00,56.4,Kendriya Vidyalaya,57.33,66.43258440837
2026-05-24 01:00:00,47.23,Kendriya Vidyalaya,51.6,62.33231129419368
2026-05-24 02:00:00,47.68,Kendriya Vidyalaya,39.4,61.10729420923489
2026-05-24 03:00:00,51.9,Kendriya Vidyalaya,37.53,63.44591965421273
2026-05-24 04:00:00,45.13,Kendriya Vidyalaya,46.55,65.21878076152075
2026-05-24 05:00:00,53.58,Kendriya Vidyalaya,45.55,60.47659129013126
2026-05-24 06:00:00,52.08,Kendriya Vidyalaya,50.9,61.16144310993178
2026-05-24 07:00:00,43.2,Kendriya Vidyalaya,47.5,62.4261242721772
2026-05-24 08:00:00,51.38,Kendriya Vidyalaya,51.08,63.58606906920325
2026-05-24 09:00:00,57.48,Kendriya Vidyalaya,60.58,69.66342452878551
2026-05-24 10:00:00,42.0,Kendriya Vidyalaya,60.25,67.37938781213516
2026-05-24 11:00:00,44.78,Kendriya Vidyalaya,56.88,66.69065185022917
2026-05-24 12:00:00,48.65,Kendriya Vidyalaya,49.1,62.58352286846966
2026-05-24 13:00:00,39.43,Kendriya Vidyalaya,42.8,62.50773011293687
2026-05-24 14:00:00,33.4,Kendriya Vidyalaya,49.88,49.61584812135412
2026-05-24 15:00:00,33.57,Kendriya Vidyalaya,52.4,46.258064069425174
2026-05-24 16:00:00,39.93,Kendriya Vidyalaya,52.48,39.81441086053207
2026-05-24 17:00:00,40.15,Kendriya Vidyalaya,58.6,40.59900324144564
2026-05-24 18:00:00,42.15,Kendriya Vidyalaya,60.05,50.52251130932045
2026-05-24 19:00:00,40.2,Kendriya Vidyalaya,67.78,56.32561096279977
2026-05-24 20:00:00,35.05,Kendriya Vidyalaya,72.95,60.99292219957895
2026-05-24 21:00:00,39.72,Kendriya Vidyalaya,101.38,60.33340327562122
2026-05-24 22:00:00,42.63,Kendriya Vidyalaya,124.2,63.93429862524487
2026-05-24 23:00:00,44.35,Kendriya Vidyalaya,124.6,74.11686329341998
2026-05-25 00:00:00,57.33,Kendriya Vidyalaya,136.68,58.00303639878794
2026-05-25 01:00:00,51.6,Kendriya Vidyalaya,131.08,57.4279165993069
2026-05-25 02:00:00,39.4,Kendriya Vidyalaya,111.1,54.854842571481015
2026-05-25 04:00:00,46.55,Kendriya Vidyalaya,50.6,39.0007883366915
2026-05-25 05:00:00,45.55,Kendriya Vidyalaya,50.6,50.14879560023596
2026-05-25 07:00:00,47.5,Kendriya Vidyalaya,32.9,46.32574951355586
2026-05-25 08:00:00,51.08,Kendriya Vidyalaya,45.72,47.16757547898892
2026-05-25 09:00:00,60.58,Kendriya Vidyalaya,56.1,50.95705067144697
2026-05-25 10:00:00,60.25,Kendriya Vidyalaya,53.33,46.26104876767146
2026-05-25 12:00:00,49.1,Kendriya Vidyalaya,81.0,41.85245637713323
2026-05-25 13:00:00,42.8,Kendriya Vidyalaya,53.73,37.97958004186521
2026-05-25 14:00:00,49.88,Kendriya Vidyalaya,64.35,37.3356712917696
2026-05-25 15:00:00,52.4,Kendriya Vidyalaya,59.65,38.13843241133986
2026-05-25 16:00:00,52.48,Kendriya Vidyalaya,54.68,42.39049026730673
2026-05-25 17:00:00,58.6,Kendriya Vidyalaya,64.0,41.13088988362194
2026-05-25 18:00:00,60.05,Kendriya Vidyalaya,66.93,43.457904676589145
2026-05-25 19:00:00,67.78,Kendriya Vidyalaya,57.85,46.91245027810471
2026-05-25 20:00:00,72.95,Kendriya Vidyalaya,64.03,52.1691439216512
2026-05-25 21:00:00,101.38,Kendriya Vidyalaya,82.85,54.790478729322885
2026-05-25 22:00:00,124.2,Kendriya Vidyalaya,86.0,64.45574283623998
2026-05-25 23:00:00,124.6,Kendriya Vidyalaya,86.8,69.71941209876923
2026-05-26 00:00:00,136.68,Kendriya Vidyalaya,86.78,70.93720248524384
2026-05-26 01:00:00,131.08,Kendriya Vidyalaya,82.6,74.01847780665697
2026-05-26 02:00:00,111.1,Kendriya Vidyalaya,68.8,74.06666547565277
2026-05-26 03:00:00,,Kendriya Vidyalaya,65.25,71.68806307608635
2026-05-29 12:00:00,42.78,Kendriya Vidyalaya,33.63,45.099073377760845
2026-05-29 13:00:00,31.83,Kendriya Vidyalaya,29.67,53.4404345840903
2026-05-29 14:00:00,26.48,Kendriya Vidyalaya,31.5,45.00568634549208
2026-05-29 15:00:00,25.88,Kendriya Vidyalaya,38.8,46.157639230191435
2026-05-29 16:00:00,24.28,Kendriya Vidyalaya,39.85,45.57134870917254
2026-05-29 17:00:00,23.97,Kendriya Vidyalaya,47.18,43.25718458055083
2026-05-29 18:00:00,,Kendriya Vidyalaya,51.65,41.5719330241763
2026-06-01 19:00:00,25.73,Kendriya Vidyalaya,34.98,38.826672569760056
2026-06-01 20:00:00,29.35,Kendriya Vidyalaya,46.83,39.04393416638218
2026-06-01 21:00:00,43.35,Kendriya Vidyalaya,42.38,44.88777712124217
2026-06-01 22:00:00,53.15,Kendriya Vidyalaya,50.63,53.57380626780342
2026-06-01 23:00:00,61.47,Kendriya Vidyalaya,61.2,54.55820280253976
2026-06-02 00:00:00,53.5,Kendriya Vidyalaya,53.4,49.66808772577703
2026-06-02 01:00:00,63.22,Kendriya Vidyalaya,50.63,52.04129503135928
2026-06-02 02:00:00,44.9,Kendriya Vidyalaya,57.08,57.65837499465783
2026-06-02 04:00:00,36.1,Kendriya Vidyalaya,61.93,42.67699712789051
2026-06-02 05:00:00,47.57,Kendriya Vidyalaya,59.7,39.599539498466875
2026-06-02 07:00:00,35.43,Kendriya Vidyalaya,54.1,40.45907278855973
2026-06-02 08:00:00,36.5,Kendriya Vidyalaya,44.08,35.99407346754193
2026-06-02 09:00:00,48.08,Kendriya Vidyalaya,47.25,37.97687246154732
2026-06-02 10:00:00,45.8,Kendriya Vidyalaya,44.77,41.41914782623616
2026-06-02 12:00:00,31.1,Kendriya Vidyalaya,40.3,33.88980968565328
2026-06-02 13:00:00,29.75,Kendriya Vidyalaya,64.08,32.22927748248518
2026-06-02 14:00:00,32.48,Kendriya Vidyalaya,57.5,30.51838081084398
2026-06-02 15:00:00,45.6,Kendriya Vidyalaya,45.68,30.242448176793705
2026-06-02 16:00:00,40.43,Kendriya Vidyalaya,47.78,34.60410197770681
2026-06-02 17:00:00,39.28,Kendriya Vidyalaya,54.55,33.59656276302457
2026-06-02 18:00:00,35.23,Kendriya Vidyalaya,50.48,33.79658833104542
2026-06-02 19:00:00,34.98,Kendriya Vidyalaya,45.75,38.35452863343679
2026-06-02 20:00:00,46.83,Kendriya Vidyalaya,53.73,40.92871729387407
2026-06-02 21:00:00,42.38,Kendriya Vidyalaya,52.3,50.059600716823105
2026-06-02 22:00:00,50.63,Kendriya Vidyalaya,48.13,57.65954096476213
2026-06-02 23:00:00,61.2,Kendriya Vidyalaya,52.5,57.301849073888874
2026-06-03 00:00:00,53.4,Kendriya Vidyalaya,46.33,51.93539120810586
2026-06-03 01:00:00,50.63,Kendriya Vidyalaya,48.68,53.397313832663
2026-06-03 02:00:00,57.08,Kendriya Vidyalaya,46.75,51.85788772344549
2026-06-03 03:00:00,59.38,Kendriya Vidyalaya,41.43,47.83556405176874
2026-06-03 04:00:00,61.93,Kendriya Vidyalaya,43.18,44.24331997872521
2026-06-03 05:00:00,59.7,Kendriya Vidyalaya,45.93,49.357559208746615
2026-06-03 06:00:00,52.05,Kendriya Vidyalaya,51.1,41.260515981716274
2026-06-03 07:00:00,54.1,Kendriya Vidyalaya,67.15,50.44219409587724
2026-06-03 08:00:00,44.08,Kendriya Vidyalaya,61.6,51.8098436089585
2026-06-03 09:00:00,47.25,Kendriya Vidyalaya,58.2,51.36087346517414
2026-06-03 10:00:00,44.77,Kendriya Vidyalaya,52.83,56.64080722147119
2026-06-03 11:00:00,,Kendriya Vidyalaya,50.05,46.69808999081399
2026-06-06 12:00:00,51.85,Kendriya Vidyalaya,62.83,59.12003595070016
2026-06-06 13:00:00,49.68,Kendriya Vidyalaya,59.65,57.82696291361271
2026-06-06 14:00:00,53.2,Kendriya Vidyalaya,50.73,59.05408086948783
2026-06-06 15:00:00,55.28,Kendriya Vidyalaya,51.25,60.7993414835192
2026-06-06 16:00:00,56.48,Kendriya Vidyalaya,49.63,58.31383088007233
2026-06-06 17:00:00,56.05,Kendriya Vidyalaya,45.0,57.94101462941576
2026-06-06 18:00:00,55.5,Kendriya Vidyalaya,49.1,59.97204936173067
2026-06-06 19:00:00,56.45,Kendriya Vidyalaya,49.85,66.15520904486543
2026-06-06 20:00:00,58.65,Kendriya Vidyalaya,52.68,74.20023380049837
2026-06-06 21:00:00,60.58,Kendriya Vidyalaya,57.08,75.56139921594796
2026-06-06 22:00:00,61.35,Kendriya Vidyalaya,53.65,72.76964554650459
2026-06-06 23:00:00,61.63,Kendriya Vidyalaya,49.4,74.44265874222761
2026-06-07 00:00:00,70.95,Kendriya Vidyalaya,50.3,74.93481800953701
2026-06-07 01:00:00,72.65,Kendriya Vidyalaya,42.6,74.9634178118724
2026-06-07 02:00:00,70.35,Kendriya Vidyalaya,43.1,73.20540148668358
2026-06-07 03:00:00,64.43,Kendriya Vidyalaya,47.08,68.1894408235087
2026-06-07 04:00:00,58.95,Kendriya Vidyalaya,50.25,65.95571848286883
2026-06-07 05:00:00,53.33,Kendriya Vidyalaya,48.28,61.491463196695655
2026-06-07 06:00:00,48.25,Kendriya Vidyalaya,50.83,61.05620960020816
2026-06-07 07:00:00,58.53,Kendriya Vidyalaya,56.43,61.771765504979484
2026-06-07 08:00:00,58.18,Kendriya Vidyalaya,58.5,63.959296771699506
2026-06-07 09:00:00,63.63,Kendriya Vidyalaya,53.18,63.295010991007274
2026-06-07 10:00:00,65.18,Kendriya Vidyalaya,54.93,70.41570939798883
2026-06-07 11:00:00,64.6,Kendriya Vidyalaya,59.53,69.4695080213387
2026-06-07 12:00:00,62.83,Kendriya Vidyalaya,63.08,57.09900229175502
2026-06-07 13:00:00,59.65,Kendriya Vidyalaya,59.35,58.82779215735051
2026-06-07 14:00:00,50.73,Kendriya Vidyalaya,51.5,61.99163054232709
2026-06-07 15:00:00,51.25,Kendriya Vidyalaya,51.05,63.11401942779385
2026-06-07 16:00:00,49.63,Kendriya Vidyalaya,50.4,61.1071532782857
2026-06-07 17:00:00,45.0,Kendriya Vidyalaya,51.2,58.97525077567076
2026-06-07 18:00:00,49.1,Kendriya Vidyalaya,55.53,61.98290106540944
2026-06-07 19:00:00,49.85,Kendriya Vidyalaya,57.68,69.67429080614887
2026-06-07 20:00:00,52.68,Kendriya Vidyalaya,52.6,74.39218355363968
2026-06-07 21:00:00,57.08,Kendriya Vidyalaya,75.98,77.68430500910844
2026-06-07 22:00:00,53.65,Kendriya Vidyalaya,80.2,77.83559386024773
2026-06-07 23:00:00,49.4,Kendriya Vidyalaya,88.0,76.74075640093247
2026-06-08 00:00:00,50.3,Kendriya Vidyalaya,67.98,65.6899776486255
2026-06-08 01:00:00,42.6,Kendriya Vidyalaya,63.33,66.09250980186259
2026-06-08 02:00:00,43.1,Kendriya Vidyalaya,64.53,62.41194776068253
2026-06-08 03:00:00,47.08,Kendriya Vidyalaya,49.23,60.023979969614686
2026-06-08 04:00:00,50.25,Kendriya Vidyalaya,46.13,55.3239879790589
2026-06-08 05:00:00,48.28,Kendriya Vidyalaya,35.3,57.522629064980215
2026-06-08 06:00:00,50.83,Kendriya Vidyalaya,34.6,52.11041579292675
2026-06-08 07:00:00,56.43,Kendriya Vidyalaya,35.38,54.33384906076589
2026-06-08 08:00:00,58.5,Kendriya Vidyalaya,36.38,67.44827871960287
2026-06-08 09:00:00,53.18,Kendriya Vidyalaya,39.53,69.48665911600136
2026-06-08 10:00:00,54.93,Kendriya Vidyalaya,43.55,69.61748637861497
2026-06-08 11:00:00,59.53,Kendriya Vidyalaya,47.43,57.62333568330462
2026-06-08 12:00:00,63.08,Kendriya Vidyalaya,53.98,56.18357144887679
2026-06-08 13:00:00,59.35,Kendriya Vidyalaya,56.8,53.850347169306055
2026-06-08 14:00:00,51.5,Kendriya Vidyalaya,57.28,50.12507386207726
2026-06-08 15:00:00,51.05,Kendriya Vidyalaya,57.98,50.291518099306145
2026-06-08 16:00:00,50.4,Kendriya Vidyalaya,55.55,50.023473353198
2026-06-08 17:00:00,51.2,Kendriya Vidyalaya,50.88,50.39410500570223
2026-06-08 18:00:00,55.53,Kendriya Vidyalaya,43.4,50.7940879408549
2026-06-08 19:00:00,57.68,Kendriya Vidyalaya,44.68,59.774389806577226
2026-06-08 20:00:00,52.6,Kendriya Vidyalaya,52.98,63.02675674784124
2026-06-08 21:00:00,75.98,Kendriya Vidyalaya,56.58,70.58903378614738
2026-06-08 22:00:00,80.2,Kendriya Vidyalaya,59.38,75.1237425954086
2026-06-08 23:00:00,88.0,Kendriya Vidyalaya,54.67,73.18262387774377
2026-06-09 00:00:00,67.98,Kendriya Vidyalaya,57.95,70.8633999311237
2026-06-09 01:00:00,63.33,Kendriya Vidyalaya,51.05,73.05930313791953
2026-06-09 02:00:00,64.53,Kendriya Vidyalaya,54.0,65.68620497213747
2026-06-09 03:00:00,49.23,Kendriya Vidyalaya,48.73,64.81874223707433
2026-06-09 04:00:00,46.13,Kendriya Vidyalaya,50.85,58.391978399546154
2026-06-09 05:00:00,35.3,Kendriya Vidyalaya,60.7,57.99113459882946
2026-06-09 06:00:00,34.6,Kendriya Vidyalaya,56.88,47.16059105757398
2026-06-09 07:00:00,35.38,Kendriya Vidyalaya,69.68,47.268707795562584
2026-06-09 08:00:00,36.38,Kendriya Vidyalaya,73.0,47.34239324074891
2026-06-09 09:00:00,39.53,Kendriya Vidyalaya,76.15,45.90824777609456
2026-06-09 10:00:00,43.55,Kendriya Vidyalaya,87.78,44.891718446348364
2026-06-09 11:00:00,47.43,Kendriya Vidyalaya,86.23,49.08230672727711
2026-06-09 12:00:00,53.98,Kendriya Vidyalaya,84.5,52.30247324049693
2026-06-09 13:00:00,56.8,Kendriya Vidyalaya,85.5,53.06688402862834
2026-06-09 14:00:00,57.28,Kendriya Vidyalaya,80.2,50.75563492966907
2026-06-09 15:00:00,57.98,Kendriya Vidyalaya,79.93,51.58179465248494
2026-06-09 16:00:00,55.55,Kendriya Vidyalaya,69.68,50.83025012163142
2026-06-09 17:00:00,50.88,Kendriya Vidyalaya,60.63,50.174708081342516
2026-06-09 18:00:00,43.4,Kendriya Vidyalaya,57.63,51.44753896563105
2026-06-09 19:00:00,44.68,Kendriya Vidyalaya,62.03,53.104510725803216
2026-06-09 20:00:00,52.98,Kendriya Vidyalaya,62.35,55.79921603848306
2026-06-09 21:00:00,56.58,Kendriya Vidyalaya,76.28,69.93870841677942
2026-06-09 22:00:00,59.38,Kendriya Vidyalaya,98.65,74.57889183327664
2026-06-09 23:00:00,54.67,Kendriya Vidyalaya,107.0,80.34818179426605
2026-06-10 00:00:00,57.95,Kendriya Vidyalaya,86.98,70.53803816966213
2026-06-10 01:00:00,51.05,Kendriya Vidyalaya,89.4,69.02525556578964
2026-06-10 02:00:00,54.0,Kendriya Vidyalaya,66.2,72.08723309275068
2026-06-10 03:00:00,48.73,Kendriya Vidyalaya,49.18,65.30627864715399
2026-06-10 04:00:00,50.85,Kendriya Vidyalaya,33.98,60.10975726712853
2026-06-10 05:00:00,60.7,Kendriya Vidyalaya,31.97,56.73404542864923
2026-06-10 06:00:00,56.88,Kendriya Vidyalaya,29.53,52.65647506140344
2026-06-10 07:00:00,69.68,Kendriya Vidyalaya,26.58,52.64172539388038
2026-06-10 08:00:00,73.0,Kendriya Vidyalaya,31.65,55.206886364568895
2026-06-10 09:00:00,76.15,Kendriya Vidyalaya,43.6,54.20070385682074
2026-06-10 10:00:00,87.78,Kendriya Vidyalaya,49.13,54.83703758435629
2026-06-10 12:00:00,84.5,Kendriya Vidyalaya,33.5,56.242698363806646
2026-06-10 13:00:00,85.5,Kendriya Vidyalaya,32.65,56.09749044071046
2026-06-10 14:00:00,80.2,Kendriya Vidyalaya,25.3,59.77082445448207
2026-06-10 15:00:00,79.93,Kendriya Vidyalaya,26.75,58.59461364604953
2026-06-10 16:00:00,69.68,Kendriya Vidyalaya,20.75,62.48915451991475
2026-06-10 17:00:00,60.63,Kendriya Vidyalaya,27.6,58.013773275875
2026-06-10 18:00:00,57.63,Kendriya Vidyalaya,30.63,59.3309896496344
2026-06-10 19:00:00,62.03,Kendriya Vidyalaya,39.57,66.44221483774822
2026-06-10 20:00:00,62.35,Kendriya Vidyalaya,29.3,69.1199619113614
2026-06-10 21:00:00,76.28,Kendriya Vidyalaya,44.7,84.85952430896637
2026-06-10 22:00:00,98.65,Kendriya Vidyalaya,44.3,76.24425743322848
2026-06-11 00:00:00,86.98,Kendriya Vidyalaya,38.23,87.20003244305929
2026-06-11 01:00:00,89.4,Kendriya Vidyalaya,52.4,79.28304219549977
2026-06-11 02:00:00,66.2,Kendriya Vidyalaya,35.48,85.73009666192794
2026-06-11 03:00:00,49.18,Kendriya Vidyalaya,37.38,68.30748180627752
2026-06-11 04:00:00,33.98,Kendriya Vidyalaya,29.53,62.805338184533966
2026-06-11 05:00:00,31.97,Kendriya Vidyalaya,23.68,59.36623069103781
2026-06-11 06:00:00,29.53,Kendriya Vidyalaya,22.4,55.386435403161585
2026-06-11 09:00:00,43.6,Kendriya Vidyalaya,27.2,52.32416107898284
2026-06-11 10:00:00,49.13,Kendriya Vidyalaya,27.0,57.06528196099857
2026-06-11 11:00:00,35.35,Kendriya Vidyalaya,45.8,55.31959276789382
2026-06-11 12:00:00,33.5,Kendriya Vidyalaya,44.3,44.98148114841048
2026-06-11 13:00:00,32.65,Kendriya Vidyalaya,48.1,46.15129352371418
2026-06-11 14:00:00,25.3,Kendriya Vidyalaya,47.9,43.7313923789827
2026-06-11 15:00:00,26.75,Kendriya Vidyalaya,36.18,44.2449413663265
2026-06-11 16:00:00,20.75,Kendriya Vidyalaya,34.0,44.08874533144323
2026-06-11 17:00:00,27.6,Kendriya Vidyalaya,32.4,41.239792999868705
2026-06-11 18:00:00,30.63,Kendriya Vidyalaya,35.73,42.492405117013156
2026-06-11 19:00:00,39.57,Kendriya Vidyalaya,35.0,48.42581734540718
2026-06-11 20:00:00,29.3,Kendriya Vidyalaya,32.0,50.030316168950755
2026-06-11 22:00:00,44.3,Kendriya Vidyalaya,6.3,66.77012937582069
2026-06-11 23:00:00,,Kendriya Vidyalaya,33.6,60.85825278520215
2026-06-16 08:00:00,38.53,Kendriya Vidyalaya,69.98,40.0524047779289
2026-06-16 09:00:00,45.45,Kendriya Vidyalaya,72.18,35.90264079664103
2026-06-16 11:00:00,58.7,Kendriya Vidyalaya,15.0,39.65482095028699
2026-06-16 12:00:00,49.35,Kendriya Vidyalaya,19.9,35.40722629378614
2026-06-16 13:00:00,52.6,Kendriya Vidyalaya,53.35,35.83891387400281
2026-06-16 14:00:00,47.65,Kendriya Vidyalaya,52.05,35.93502325897567
2026-06-16 15:00:00,49.13,Kendriya Vidyalaya,47.25,38.03916210220908
2026-06-16 16:00:00,49.2,Kendriya Vidyalaya,46.4,36.16894897784577
2026-06-16 17:00:00,55.23,Kendriya Vidyalaya,46.18,40.78929004630804
2026-06-16 18:00:00,54.65,Kendriya Vidyalaya,44.75,37.836937472698914
2026-06-16 19:00:00,51.68,Kendriya Vidyalaya,46.33,41.01876374118253
2026-06-16 20:00:00,51.5,Kendriya Vidyalaya,46.63,43.51387829984953
2026-06-16 21:00:00,51.5,Kendriya Vidyalaya,53.68,54.85983951584439
2026-06-16 22:00:00,51.23,Kendriya Vidyalaya,70.98,57.01012782756531
2026-06-16 23:00:00,54.63,Kendriya Vidyalaya,66.63,59.444391711465954
2026-06-17 00:00:00,62.18,Kendriya Vidyalaya,59.03,54.157221945256886
2026-06-17 01:00:00,82.68,Kendriya Vidyalaya,68.15,55.55331961246429
2026-06-17 02:00:00,79.43,Kendriya Vidyalaya,52.9,52.054036738373725
2026-06-17 03:00:00,68.05,Kendriya Vidyalaya,49.93,59.00024221793419
2026-06-17 04:00:00,67.73,Kendriya Vidyalaya,46.03,57.92866266504303
2026-06-17 05:00:00,63.25,Kendriya Vidyalaya,43.05,60.05582841503577
2026-06-17 06:00:00,67.85,Kendriya Vidyalaya,54.08,57.63737045377887
2026-06-17 07:00:00,69.43,Kendriya Vidyalaya,53.58,60.8919383536946
2026-06-17 08:00:00,69.98,Kendriya Vidyalaya,65.13,58.31621299331071
2026-06-17 09:00:00,72.18,Kendriya Vidyalaya,62.8,61.508474088400106
2026-06-17 10:00:00,,Kendriya Vidyalaya,59.93,62.08705461530357
2026-06-20 11:00:00,56.4,Kendriya Vidyalaya,29.56,52.725129733873096
2026-06-20 12:00:00,52.55,Kendriya Vidyalaya,32.37,54.91168984669359
2026-06-20 13:00:00,42.27,Kendriya Vidyalaya,31.13,57.29556988028509
2026-06-20 14:00:00,46.75,Kendriya Vidyalaya,32.83,52.310984287652914
2026-06-20 15:00:00,46.0,Kendriya Vidyalaya,40.94,56.653999412007245
2026-06-20 16:00:00,58.57,Kendriya Vidyalaya,53.13,52.749335109711446
2026-06-20 17:00:00,36.96,Kendriya Vidyalaya,42.24,50.716419338814205
2026-06-20 18:00:00,35.37,Kendriya Vidyalaya,40.07,54.90112770238487
2026-06-20 19:00:00,39.37,Kendriya Vidyalaya,33.14,47.82214564631499
2026-06-20 20:00:00,49.49,Kendriya Vidyalaya,23.03,49.14877243531509
2026-06-20 21:00:00,45.92,Kendriya Vidyalaya,45.17,73.21615727548834
2026-06-20 22:00:00,51.54,Kendriya Vidyalaya,47.94,69.0228265565128
2026-06-20 23:00:00,46.91,Kendriya Vidyalaya,53.74,70.78007924426831
2026-06-21 00:00:00,42.16,Kendriya Vidyalaya,27.82,58.63126509075389
2026-06-21 01:00:00,48.55,Kendriya Vidyalaya,20.73,53.81270965809478
2026-06-21 02:00:00,43.42,Kendriya Vidyalaya,23.46,58.060203948601846
2026-06-21 03:00:00,44.59,Kendriya Vidyalaya,23.11,52.3249985975281
2026-06-21 04:00:00,44.9,Kendriya Vidyalaya,30.77,54.80631969598146
2026-06-21 05:00:00,36.28,Kendriya Vidyalaya,26.79,49.78976655430687
2026-06-21 06:00:00,38.98,Kendriya Vidyalaya,32.49,43.16433917324934
2026-06-21 07:00:00,43.02,Kendriya Vidyalaya,39.72,55.88605893463645
2026-06-21 08:00:00,42.68,Kendriya Vidyalaya,61.23,63.44910370418532
2026-06-21 09:00:00,35.99,Kendriya Vidyalaya,59.18,62.92231053007969
2026-06-21 10:00:00,29.86,Kendriya Vidyalaya,51.49,61.00589580493791
2026-06-21 11:00:00,29.56,Kendriya Vidyalaya,52.46,55.15100143798928
2026-06-21 12:00:00,32.37,Kendriya Vidyalaya,31.6,51.583263131337425
2026-06-21 13:00:00,31.13,Kendriya Vidyalaya,28.52,41.792742714258424
2026-06-21 14:00:00,32.83,Kendriya Vidyalaya,30.66,42.18263166592885
2026-06-21 15:00:00,40.94,Kendriya Vidyalaya,33.32,43.1192143169251
2026-06-21 16:00:00,53.13,Kendriya Vidyalaya,44.69,49.30901865033254
2026-06-21 17:00:00,42.24,Kendriya Vidyalaya,48.99,41.8648369217059
2026-06-21 18:00:00,40.07,Kendriya Vidyalaya,61.06,42.453606572717646
2026-06-21 19:00:00,33.14,Kendriya Vidyalaya,99.63,47.42354673584511
2026-06-21 20:00:00,23.03,Kendriya Vidyalaya,100.58,48.58171163163654
2026-06-21 21:00:00,45.17,Kendriya Vidyalaya,90.79,45.93385105517835
2026-06-21 22:00:00,47.94,Kendriya Vidyalaya,81.88,52.26958454601052
2026-06-21 23:00:00,53.74,Kendriya Vidyalaya,59.53,54.45883384274742
2026-06-22 00:00:00,27.82,Kendriya Vidyalaya,43.71,53.54839081932684
2026-06-22 01:00:00,20.73,Kendriya Vidyalaya,55.19,42.63242870193051
2026-06-22 02:00:00,23.46,Kendriya Vidyalaya,50.34,45.26276140728257
2026-06-22 03:00:00,23.11,Kendriya Vidyalaya,46.85,44.554613976582246
2026-06-22 04:00:00,30.77,Kendriya Vidyalaya,45.42,44.80860311724132
2026-06-22 05:00:00,26.79,Kendriya Vidyalaya,48.3,42.053815285200116
2026-06-22 06:00:00,32.49,Kendriya Vidyalaya,42.98,43.42988945922971
2026-06-22 07:00:00,39.72,Kendriya Vidyalaya,44.91,40.3535494885913
2026-06-22 08:00:00,61.23,Kendriya Vidyalaya,51.0,39.03393237595482
2026-06-22 09:00:00,59.18,Kendriya Vidyalaya,47.24,42.4831884099013
2026-06-22 10:00:00,51.49,Kendriya Vidyalaya,48.53,47.097927670809604
2026-06-22 11:00:00,52.46,Kendriya Vidyalaya,46.96,45.01985136054274
2026-06-22 12:00:00,31.6,Kendriya Vidyalaya,72.93,42.14547819505037
2026-06-22 13:00:00,28.52,Kendriya Vidyalaya,61.63,34.8115100195769
2026-06-22 14:00:00,30.66,Kendriya Vidyalaya,57.28,36.02172894716908
2026-06-22 15:00:00,33.32,Kendriya Vidyalaya,37.5,34.46737448784215
2026-06-22 16:00:00,44.69,Kendriya Vidyalaya,42.34,35.59311721106531
2026-06-22 17:00:00,48.99,Kendriya Vidyalaya,42.06,39.986955268559605
2026-06-22 18:00:00,61.06,Kendriya Vidyalaya,29.97,40.03563501000478
2026-06-22 19:00:00,99.63,Kendriya Vidyalaya,38.06,48.31424836172079
2026-06-22 20:00:00,100.58,Kendriya Vidyalaya,39.94,62.31321002869011
2026-06-22 21:00:00,90.79,Kendriya Vidyalaya,53.57,67.8786393934842
2026-06-22 22:00:00,81.88,Kendriya Vidyalaya,68.19,69.51656152115976
2026-06-22 23:00:00,59.53,Kendriya Vidyalaya,77.75,74.94376471795567
2026-06-23 00:00:00,43.71,Kendriya Vidyalaya,68.59,42.81198801176669
2026-06-23 01:00:00,55.19,Kendriya Vidyalaya,61.0,42.72275263584642
2026-06-23 02:00:00,50.34,Kendriya Vidyalaya,63.72,43.029860184272344
2026-06-23 03:00:00,46.85,Kendriya Vidyalaya,55.83,49.10413892701775
2026-06-23 04:00:00,45.42,Kendriya Vidyalaya,64.02,48.52949247155673
2026-06-23 05:00:00,48.3,Kendriya Vidyalaya,42.95,44.670144091827844
2026-06-23 06:00:00,42.98,Kendriya Vidyalaya,48.96,47.64592324425109
2026-06-23 07:00:00,44.91,Kendriya Vidyalaya,50.98,46.731600787774234
2026-06-23 08:00:00,51.0,Kendriya Vidyalaya,44.06,53.55956580780258
2026-06-23 09:00:00,47.24,Kendriya Vidyalaya,45.77,54.25444656344215
2026-06-23 10:00:00,48.53,Kendriya Vidyalaya,42.67,51.00248697294746
2026-06-23 11:00:00,46.96,Kendriya Vidyalaya,39.03,51.69016852603438
2026-06-23 12:00:00,72.93,Kendriya Vidyalaya,57.13,43.33991488902843
2026-06-23 13:00:00,61.63,Kendriya Vidyalaya,60.63,43.87413686233711
2026-06-23 14:00:00,57.28,Kendriya Vidyalaya,61.49,42.407683515531374
2026-06-23 15:00:00,37.5,Kendriya Vidyalaya,46.52,44.23572082795013
2026-06-23 16:00:00,42.34,Kendriya Vidyalaya,50.52,39.80814811337298
2026-06-23 17:00:00,42.06,Kendriya Vidyalaya,48.46,45.3451695393689
2026-06-23 18:00:00,29.97,Kendriya Vidyalaya,47.22,49.480336729070125
2026-06-23 19:00:00,38.06,Kendriya Vidyalaya,48.55,58.09160744540616
2026-06-23 20:00:00,39.94,Kendriya Vidyalaya,52.36,63.1847722824587
2026-06-23 21:00:00,53.57,Kendriya Vidyalaya,53.31,55.82911678861743
2026-06-23 22:00:00,68.19,Kendriya Vidyalaya,55.21,63.40874579331512
2026-06-23 23:00:00,77.75,Kendriya Vidyalaya,60.39,63.257355883093624
2026-06-24 00:00:00,68.59,Kendriya Vidyalaya,64.29,61.52200926233306
2026-06-24 01:00:00,61.0,Kendriya Vidyalaya,67.51,61.46174700382431
2026-06-24 02:00:00,63.72,Kendriya Vidyalaya,67.19,55.754072293731404
2026-06-24 03:00:00,55.83,Kendriya Vidyalaya,69.14,58.17259406007106
2026-06-24 04:00:00,64.02,Kendriya Vidyalaya,64.25,55.479358921975944
2026-06-24 05:00:00,42.95,Kendriya Vidyalaya,55.56,56.37926634827578
2026-06-24 06:00:00,48.96,Kendriya Vidyalaya,51.73,47.317041206115405
2026-06-24 07:00:00,50.98,Kendriya Vidyalaya,45.8,49.5791689268505
2026-06-24 08:00:00,44.06,Kendriya Vidyalaya,52.54,53.84395898106513
2026-06-24 09:00:00,45.77,Kendriya Vidyalaya,52.19,53.24599583224785
2026-06-24 11:00:00,39.03,Kendriya Vidyalaya,48.51,46.777167851652614
2026-06-24 12:00:00,57.13,Kendriya Vidyalaya,49.0,44.75176356201688
2026-06-24 13:00:00,60.63,Kendriya Vidyalaya,55.28,53.71123448171758
2026-06-24 14:00:00,61.49,Kendriya Vidyalaya,62.3,47.668980576233785
2026-06-24 15:00:00,46.52,Kendriya Vidyalaya,58.83,43.394730243439504
2026-06-24 16:00:00,50.52,Kendriya Vidyalaya,53.19,43.130047800095156
2026-06-24 17:00:00,48.46,Kendriya Vidyalaya,49.13,43.68044719078869
2026-06-24 18:00:00,47.22,Kendriya Vidyalaya,52.29,40.896235124116686
2026-06-24 19:00:00,48.55,Kendriya Vidyalaya,55.02,53.19610499462516
2026-06-24 20:00:00,52.36,Kendriya Vidyalaya,57.26,55.56639706565965
2026-06-24 21:00:00,53.31,Kendriya Vidyalaya,67.75,65.8189578705608
2026-06-24 22:00:00,55.21,Kendriya Vidyalaya,70.76,67.21713004413685
2026-06-24 23:00:00,60.39,Kendriya Vidyalaya,86.95,65.9331952948588
2026-06-25 00:00:00,64.29,Kendriya Vidyalaya,77.3,69.14270028375414
2026-06-25 01:00:00,67.51,Kendriya Vidyalaya,75.34,68.14442698963504
2026-06-25 02:00:00,67.19,Kendriya Vidyalaya,69.0,64.7205136324945
2026-06-25 03:00:00,69.14,Kendriya Vidyalaya,54.55,60.20354291275556
2026-06-25 04:00:00,64.25,Kendriya Vidyalaya,52.4,61.50272305796781
2026-06-25 05:00:00,55.56,Kendriya Vidyalaya,53.86,53.226003944037735
2026-06-25 06:00:00,51.73,Kendriya Vidyalaya,66.37,55.00117210957222
2026-06-25 07:00:00,45.8,Kendriya Vidyalaya,84.57,54.839302602739785
2026-06-25 08:00:00,52.54,Kendriya Vidyalaya,75.12,47.740863731959955
2026-06-25 09:00:00,52.19,Kendriya Vidyalaya,80.03,55.08672755585299
2026-06-25 10:00:00,49.6,Kendriya Vidyalaya,56.44,53.30511328749289
2026-06-25 11:00:00,48.51,Kendriya Vidyalaya,57.97,49.31784710213376
2026-06-25 12:00:00,49.0,Kendriya Vidyalaya,68.22,55.26911385226132
2026-06-25 13:00:00,55.28,Kendriya Vidyalaya,58.31,49.13057045855596
2026-06-25 14:00:00,62.3,Kendriya Vidyalaya,59.77,54.75342987263521
2026-06-25 15:00:00,58.83,Kendriya Vidyalaya,60.92,51.69927394413966
2026-06-25 16:00:00,53.19,Kendriya Vidyalaya,47.3,52.02069536858191
2026-06-25 17:00:00,49.13,Kendriya Vidyalaya,53.03,51.055732325857235
2026-06-25 18:00:00,52.29,Kendriya Vidyalaya,61.45,48.143376497306164
2026-06-25 19:00:00,55.02,Kendriya Vidyalaya,61.29,57.13743425916427
2026-06-25 20:00:00,57.26,Kendriya Vidyalaya,58.97,59.97849208863721
2026-06-25 21:00:00,67.75,Kendriya Vidyalaya,64.4,68.62482750996685
2026-06-25 22:00:00,70.76,Kendriya Vidyalaya,74.75,69.29933156537727
2026-06-25 23:00:00,86.95,Kendriya Vidyalaya,70.06,77.09409132720813
2026-06-26 00:00:00,77.3,Kendriya Vidyalaya,77.94,75.3613206943306
2026-06-26 01:00:00,75.34,Kendriya Vidyalaya,72.45,81.83244374548849
2026-06-26 02:00:00,69.0,Kendriya Vidyalaya,59.02,72.30851109104353
2026-06-26 03:00:00,54.55,Kendriya Vidyalaya,53.6,67.2725682436722
2026-06-26 04:00:00,52.4,Kendriya Vidyalaya,46.66,61.02210724553069
2026-06-26 05:00:00,53.86,Kendriya Vidyalaya,43.15,60.73067002136256
2026-06-26 06:00:00,66.37,Kendriya Vidyalaya,38.35,56.68801557959782
2026-06-26 07:00:00,84.57,Kendriya Vidyalaya,39.18,57.99008813101237
2026-06-26 08:00:00,75.12,Kendriya Vidyalaya,51.58,64.2041179821938
2026-06-26 09:00:00,80.03,Kendriya Vidyalaya,57.83,62.306251625899414
2026-06-26 10:00:00,56.44,Kendriya Vidyalaya,57.83,62.29370673629821
2026-06-26 11:00:00,57.97,Kendriya Vidyalaya,61.59,53.22263928653422
2026-06-26 12:00:00,68.22,Kendriya Vidyalaya,58.3,49.403963824110214
2026-06-26 13:00:00,58.31,Kendriya Vidyalaya,51.72,57.648987437052185
2026-06-26 14:00:00,59.77,Kendriya Vidyalaya,56.33,56.496682862818446
2026-06-26 15:00:00,60.92,Kendriya Vidyalaya,61.87,54.07435785785449
2026-06-26 16:00:00,47.3,Kendriya Vidyalaya,57.01,52.86571469732193
2026-06-26 17:00:00,53.03,Kendriya Vidyalaya,62.29,46.728622092029795
2026-06-26 18:00:00,61.45,Kendriya Vidyalaya,71.95,55.51427121767981
2026-06-26 19:00:00,61.29,Kendriya Vidyalaya,67.58,60.504896018873275
2026-06-26 20:00:00,58.97,Kendriya Vidyalaya,62.04,68.86608577084638
2026-06-26 21:00:00,64.4,Kendriya Vidyalaya,63.16,75.02671438948022
2026-06-26 22:00:00,74.75,Kendriya Vidyalaya,69.93,83.62731259332354
2026-06-26 23:00:00,70.06,Kendriya Vidyalaya,72.78,91.34456191732889
2026-06-27 00:00:00,77.94,Kendriya Vidyalaya,60.64,75.78895776795487
2026-06-27 01:00:00,72.45,Kendriya Vidyalaya,65.24,75.28884994805146
2026-06-27 02:00:00,59.02,Kendriya Vidyalaya,48.94,69.44650964519074
2026-06-27 03:00:00,53.6,Kendriya Vidyalaya,45.81,64.2448890939087
2026-06-27 04:00:00,46.66,Kendriya Vidyalaya,46.28,60.383878141940194
2026-06-27 05:00:00,43.15,Kendriya Vidyalaya,52.36,62.98465785548365
2026-06-27 06:00:00,38.35,Kendriya Vidyalaya,48.11,62.820037473327645
2026-06-27 07:00:00,39.18,Kendriya Vidyalaya,49.38,58.678115663595946
2026-06-27 08:00:00,51.58,Kendriya Vidyalaya,59.0,54.67392644881977
2026-06-27 10:00:00,57.83,Kendriya Vidyalaya,53.29,56.581448662769674
2026-06-27 11:00:00,61.59,Kendriya Vidyalaya,39.79,60.4235426290507
2026-06-27 12:00:00,58.3,Kendriya Vidyalaya,42.72,60.656533504735435
2026-06-27 13:00:00,51.72,Kendriya Vidyalaya,47.28,58.66858247765863
2026-06-27 14:00:00,56.33,Kendriya Vidyalaya,50.3,57.56853498104955
2026-06-27 15:00:00,61.87,Kendriya Vidyalaya,48.1,58.888953258076555
2026-06-27 16:00:00,57.01,Kendriya Vidyalaya,50.44,53.6606296269561
2026-06-27 17:00:00,62.29,Kendriya Vidyalaya,52.27,53.26540326659095
2026-06-27 18:00:00,71.95,Kendriya Vidyalaya,54.62,60.46419269783969
2026-06-27 19:00:00,67.58,Kendriya Vidyalaya,56.04,62.21986542488703
2026-06-27 20:00:00,62.04,Kendriya Vidyalaya,52.14,73.7746610139251
2026-06-27 21:00:00,63.16,Kendriya Vidyalaya,47.67,74.14437254291462
2026-06-27 22:00:00,69.93,Kendriya Vidyalaya,51.06,82.84122829807653
2026-06-27 23:00:00,72.78,Kendriya Vidyalaya,57.96,92.21641454604627
2026-06-28 00:00:00,60.64,Kendriya Vidyalaya,57.88,87.33556825308908
2026-06-28 01:00:00,65.24,Kendriya Vidyalaya,55.36,79.16431153744739
2026-06-28 02:00:00,48.94,Kendriya Vidyalaya,41.89,80.05745135741566
2026-06-28 03:00:00,45.81,Kendriya Vidyalaya,54.56,68.10639933943672
2026-06-28 04:00:00,46.28,Kendriya Vidyalaya,52.44,62.20597124783893
2026-06-28 05:00:00,52.36,Kendriya Vidyalaya,46.88,59.78291371934124
2026-06-28 06:00:00,48.11,Kendriya Vidyalaya,45.59,58.978369449541205
2026-06-28 07:00:00,49.38,Kendriya Vidyalaya,41.21,71.20261418096499
2026-06-28 08:00:00,59.0,Kendriya Vidyalaya,39.48,73.36148789075196
2026-06-28 09:00:00,,Kendriya Vidyalaya,38.71,75.2882721828851
2026-07-03 14:00:00,22.46,Kendriya Vidyalaya,23.5,31.07332150928321
2026-07-03 15:00:00,17.16,Kendriya Vidyalaya,28.14,30.300026876551915
2026-07-03 16:00:00,18.21,Kendriya Vidyalaya,21.52,25.846209603642823
2026-07-03 17:00:00,22.29,Kendriya Vidyalaya,26.34,21.660769862699816
2026-07-03 18:00:00,28.86,Kendriya Vidyalaya,28.89,22.809621306046104
2026-07-03 19:00:00,29.63,Kendriya Vidyalaya,31.31,30.337920591605176
2026-07-03 20:00:00,21.16,Kendriya Vidyalaya,31.33,36.00945828837952
2026-07-03 21:00:00,21.18,Kendriya Vidyalaya,31.66,35.348917081333596
2026-07-03 22:00:00,20.46,Kendriya Vidyalaya,37.01,35.30542344834555
2026-07-03 23:00:00,14.75,Kendriya Vidyalaya,45.78,32.64514923135216
2026-07-04 00:00:00,24.95,Kendriya Vidyalaya,55.02,31.448217198397977
2026-07-04 01:00:00,21.25,Kendriya Vidyalaya,48.2,32.84175062251116
2026-07-04 02:00:00,23.03,Kendriya Vidyalaya,38.66,29.459326665178786
2026-07-04 03:00:00,20.76,Kendriya Vidyalaya,34.18,29.193079019079974
2026-07-04 04:00:00,23.22,Kendriya Vidyalaya,30.56,28.385905867665173
2026-07-04 05:00:00,22.07,Kendriya Vidyalaya,28.32,29.45120396431032
2026-07-04 06:00:00,21.11,Kendriya Vidyalaya,23.91,29.027008592499296
2026-07-04 07:00:00,21.67,Kendriya Vidyalaya,26.74,28.108007749925026
2026-07-04 08:00:00,25.27,Kendriya Vidyalaya,34.66,29.12547206486045
2026-07-04 09:00:00,23.2,Kendriya Vidyalaya,34.09,28.586114506808894
2026-07-04 10:00:00,20.04,Kendriya Vidyalaya,28.86,29.22221571033889
2026-07-04 11:00:00,21.98,Kendriya Vidyalaya,26.54,28.16773291973154
2026-07-04 12:00:00,21.93,Kendriya Vidyalaya,25.99,26.813079083816913
2026-07-04 13:00:00,20.36,Kendriya Vidyalaya,24.96,22.060795867231423
2026-07-04 14:00:00,23.5,Kendriya Vidyalaya,14.71,24.6690344212533
2026-07-04 15:00:00,28.14,Kendriya Vidyalaya,12.79,27.228477340158072
2026-07-04 16:00:00,21.52,Kendriya Vidyalaya,13.65,26.04997345963735
2026-07-04 17:00:00,26.34,Kendriya Vidyalaya,10.61,24.31228390785241
2026-07-04 18:00:00,28.89,Kendriya Vidyalaya,16.32,27.157081396680425
2026-07-04 19:00:00,31.31,Kendriya Vidyalaya,28.86,30.007173248216308
2026-07-04 20:00:00,31.33,Kendriya Vidyalaya,23.61,32.225485781335976
2026-07-04 21:00:00,31.66,Kendriya Vidyalaya,16.27,33.42552508031235
2026-07-04 22:00:00,37.01,Kendriya Vidyalaya,12.32,33.2357940113648
2026-07-04 23:00:00,45.78,Kendriya Vidyalaya,7.53,36.42569250198214
2026-07-05 00:00:00,55.02,Kendriya Vidyalaya,13.52,43.05361628592869
2026-07-05 01:00:00,48.2,Kendriya Vidyalaya,18.67,39.427648436995185
2026-07-05 02:00:00,38.66,Kendriya Vidyalaya,15.98,44.45298050326593
2026-07-05 03:00:00,34.18,Kendriya Vidyalaya,9.63,37.624196107070794
2026-07-05 04:00:00,30.56,Kendriya Vidyalaya,13.03,31.40058538915349
2026-07-05 05:00:00,28.32,Kendriya Vidyalaya,22.97,31.06359131920858
2026-07-05 06:00:00,23.91,Kendriya Vidyalaya,26.76,31.898565330686573
2026-07-05 07:00:00,26.74,Kendriya Vidyalaya,20.83,30.28987794773237
2026-07-05 08:00:00,34.66,Kendriya Vidyalaya,13.52,34.88636106603601
2026-07-05 10:00:00,28.86,Kendriya Vidyalaya,18.12,34.77784638706086
2026-07-05 11:00:00,26.54,Kendriya Vidyalaya,28.43,35.74046544945882
2026-07-05 12:00:00,25.99,Kendriya Vidyalaya,24.31,30.433247412478597
2026-07-05 13:00:00,24.96,Kendriya Vidyalaya,19.53,32.910480349456584
2026-07-05 14:00:00,14.71,Kendriya Vidyalaya,16.7,31.482866630294275
2026-07-05 15:00:00,12.79,Kendriya Vidyalaya,20.07,27.666191502979725
2026-07-05 16:00:00,13.65,Kendriya Vidyalaya,17.29,27.920721022621287
2026-07-05 17:00:00,10.61,Kendriya Vidyalaya,15.77,31.936261517437558
2026-07-05 18:00:00,16.32,Kendriya Vidyalaya,16.44,31.493328380967178
2026-07-05 19:00:00,28.86,Kendriya Vidyalaya,15.57,33.804532588338866
2026-07-05 20:00:00,23.61,Kendriya Vidyalaya,15.66,40.426551864442814
2026-07-05 21:00:00,16.27,Kendriya Vidyalaya,16.61,40.32455390474779
2026-07-05 22:00:00,12.32,Kendriya Vidyalaya,15.0,38.34719607446197
2026-07-05 23:00:00,7.53,Kendriya Vidyalaya,9.11,34.93728288896983
2026-07-06 00:00:00,13.52,Kendriya Vidyalaya,24.13,28.068643955314837
2026-07-06 01:00:00,18.67,Kendriya Vidyalaya,14.5,24.01445024559347
2026-07-06 02:00:00,15.98,Kendriya Vidyalaya,15.32,23.1836498558397
2026-07-06 03:00:00,9.63,Kendriya Vidyalaya,18.58,23.74262048867606
2026-07-06 04:00:00,13.03,Kendriya Vidyalaya,13.54,19.217175175313685
2026-07-06 05:00:00,22.97,Kendriya Vidyalaya,11.92,21.569202854228955
2026-07-06 06:00:00,26.76,Kendriya Vidyalaya,10.37,25.402702100865202
2026-07-06 07:00:00,20.83,Kendriya Vidyalaya,13.5,29.27548713042401
2026-07-06 08:00:00,13.52,Kendriya Vidyalaya,20.56,23.925414836958915
2026-07-06 09:00:00,12.49,Kendriya Vidyalaya,20.22,22.85749709307974
2026-07-06 10:00:00,18.12,Kendriya Vidyalaya,16.53,22.714482728876416
2026-07-06 11:00:00,28.43,Kendriya Vidyalaya,15.29,21.31713848383798
2026-07-06 12:00:00,24.31,Kendriya Vidyalaya,15.59,24.91048348054936
2026-07-06 13:00:00,19.53,Kendriya Vidyalaya,23.0,23.63629426364701
2026-07-06 14:00:00,16.7,Kendriya Vidyalaya,21.98,21.990303269899645
2026-07-06 15:00:00,20.07,Kendriya Vidyalaya,23.18,23.089347123149157
2026-07-06 16:00:00,17.29,Kendriya Vidyalaya,20.29,22.842805705474508
2026-07-06 17:00:00,15.77,Kendriya Vidyalaya,17.77,20.11506742334255
2026-07-06 18:00:00,16.44,Kendriya Vidyalaya,21.93,20.462016287524303
2026-07-06 19:00:00,15.57,Kendriya Vidyalaya,25.1,22.383478632457035
2026-07-06 20:00:00,15.66,Kendriya Vidyalaya,24.33,24.663905796585254
2026-07-06 21:00:00,16.61,Kendriya Vidyalaya,23.28,25.135737574428173
2026-07-06 22:00:00,15.0,Kendriya Vidyalaya,23.08,27.00640141753416
2026-07-06 23:00:00,9.11,Kendriya Vidyalaya,22.5,27.899095868800213
2026-07-07 00:00:00,24.13,Kendriya Vidyalaya,10.91,22.282997151057604
2026-07-07 01:00:00,14.5,Kendriya Vidyalaya,11.23,25.69261116726724
2026-07-07 02:00:00,15.32,Kendriya Vidyalaya,11.29,24.587879805850147
2026-07-07 03:00:00,18.58,Kendriya Vidyalaya,9.9,22.375856919251774
2026-07-07 04:00:00,13.54,Kendriya Vidyalaya,7.03,22.265075160504725
2026-07-07 05:00:00,11.92,Kendriya Vidyalaya,12.22,20.120589031038627
2026-07-07 06:00:00,10.37,Kendriya Vidyalaya,19.64,17.798497417132634
2026-07-07 07:00:00,13.5,Kendriya Vidyalaya,24.58,19.426683193265283
2026-07-07 08:00:00,20.56,Kendriya Vidyalaya,24.96,20.280998449562237
2026-07-07 09:00:00,20.22,Kendriya Vidyalaya,19.11,20.711291556052164
2026-07-07 10:00:00,16.53,Kendriya Vidyalaya,24.83,19.33735478005156
2026-07-07 11:00:00,15.29,Kendriya Vidyalaya,27.37,20.19873522969446
2026-07-07 12:00:00,15.59,Kendriya Vidyalaya,24.48,19.85188949943624
2026-07-07 14:00:00,21.98,Kendriya Vidyalaya,26.36,20.49744137719117
2026-07-07 15:00:00,23.18,Kendriya Vidyalaya,28.43,18.716900053075634
2026-07-07 16:00:00,20.29,Kendriya Vidyalaya,33.89,19.84261314614196
2026-07-07 17:00:00,17.77,Kendriya Vidyalaya,31.99,19.97079360231973
2026-07-07 18:00:00,21.93,Kendriya Vidyalaya,24.49,21.25315714752922
2026-07-07 19:00:00,25.1,Kendriya Vidyalaya,20.35,21.216775118081685
2026-07-07 20:00:00,24.33,Kendriya Vidyalaya,22.51,24.7982938691202
2026-07-07 21:00:00,23.28,Kendriya Vidyalaya,18.97,24.366137761531604
2026-07-07 22:00:00,23.08,Kendriya Vidyalaya,23.68,22.987297296635116
2026-07-07 23:00:00,22.5,Kendriya Vidyalaya,21.51,24.800992585721556
2026-07-08 00:00:00,10.91,Kendriya Vidyalaya,21.59,20.77242633813007
2026-07-08 01:00:00,11.23,Kendriya Vidyalaya,18.82,18.381074068814943
2026-07-08 02:00:00,11.29,Kendriya Vidyalaya,20.59,15.740156527487564
2026-07-08 03:00:00,9.9,Kendriya Vidyalaya,24.55,15.670635592418343
2026-07-08 04:00:00,7.03,Kendriya Vidyalaya,16.82,14.889759881680002
2026-07-08 05:00:00,12.22,Kendriya Vidyalaya,19.44,14.465978960235523
2026-07-08 06:00:00,19.64,Kendriya Vidyalaya,25.03,14.593702801187726
2026-07-08 07:00:00,24.58,Kendriya Vidyalaya,24.0,16.631553255711147
2026-07-08 08:00:00,24.96,Kendriya Vidyalaya,16.42,18.481785287075212
2026-07-08 09:00:00,19.11,Kendriya Vidyalaya,14.17,18.406308243530113
2026-07-08 10:00:00,24.83,Kendriya Vidyalaya,14.0,16.562969123183933
2026-07-08 11:00:00,27.37,Kendriya Vidyalaya,15.75,19.29975378974185
2026-07-08 13:00:00,26.22,Kendriya Vidyalaya,29.09,19.381090754074265
2026-07-08 14:00:00,26.36,Kendriya Vidyalaya,21.23,18.625129079831336
2026-07-08 15:00:00,28.43,Kendriya Vidyalaya,12.28,18.717987985915617
2026-07-08 16:00:00,33.89,Kendriya Vidyalaya,14.97,18.456076864131585
2026-07-08 17:00:00,31.99,Kendriya Vidyalaya,12.1,19.3476277705955
2026-07-08 18:00:00,24.49,Kendriya Vidyalaya,10.75,19.50132503055112
2026-07-08 19:00:00,20.35,Kendriya Vidyalaya,9.23,21.360141539363298
2026-07-08 20:00:00,22.51,Kendriya Vidyalaya,14.64,19.76302648213349
2026-07-08 21:00:00,18.97,Kendriya Vidyalaya,18.03,21.24667699819494
2026-07-08 22:00:00,23.68,Kendriya Vidyalaya,17.85,21.74338481416827
2026-07-08 23:00:00,21.51,Kendriya Vidyalaya,21.07,22.227403414148004
2026-07-09 00:00:00,21.59,Kendriya Vidyalaya,20.31,19.32956060183392
2026-07-09 01:00:00,18.82,Kendriya Vidyalaya,12.31,18.27271100295215
2026-07-09 02:00:00,20.59,Kendriya Vidyalaya,16.04,18.25184982589046
2026-07-09 03:00:00,24.55,Kendriya Vidyalaya,9.63,17.028586732167113
2026-07-09 04:00:00,16.82,Kendriya Vidyalaya,8.47,18.27821711225117
2026-07-09 05:00:00,19.44,Kendriya Vidyalaya,10.61,15.853652088876354
2026-07-09 06:00:00,25.03,Kendriya Vidyalaya,11.35,17.397454926155305
2026-07-09 07:00:00,24.0,Kendriya Vidyalaya,8.12,19.08011974110016
2026-07-09 08:00:00,16.42,Kendriya Vidyalaya,13.79,18.417247806669415
2026-07-09 09:00:00,14.17,Kendriya Vidyalaya,23.03,16.828479541703455
2026-07-09 10:00:00,14.0,Kendriya Vidyalaya,23.09,16.058073433111936
2026-07-09 11:00:00,15.75,Kendriya Vidyalaya,12.96,15.02923005176967
2026-07-09 12:00:00,,Kendriya Vidyalaya,23.25,14.660556867516036
2026-07-12 13:00:00,31.46,Kendriya Vidyalaya,48.32,30.45788263364526
2026-07-12 14:00:00,30.61,Kendriya Vidyalaya,41.83,30.838183691643508
2026-07-12 15:00:00,42.69,Kendriya Vidyalaya,45.86,32.45183693061078
2026-07-12 16:00:00,49.58,Kendriya Vidyalaya,47.31,41.64807471918513
2026-07-12 17:00:00,42.59,Kendriya Vidyalaya,41.93,40.63732436903652
2026-07-12 18:00:00,37.23,Kendriya Vidyalaya,47.13,42.75195323719833
2026-07-12 19:00:00,43.25,Kendriya Vidyalaya,56.62,35.90149046464091
2026-07-12 20:00:00,45.82,Kendriya Vidyalaya,50.96,39.970356438675
2026-07-12 21:00:00,36.46,Kendriya Vidyalaya,50.87,43.946148325660126
2026-07-12 22:00:00,43.09,Kendriya Vidyalaya,48.16,38.022832105062
2026-07-12 23:00:00,50.85,Kendriya Vidyalaya,51.85,40.97439386301036
2026-07-13 00:00:00,44.1,Kendriya Vidyalaya,50.32,31.526769903016582
2026-07-13 01:00:00,29.26,Kendriya Vidyalaya,34.22,28.045071249712954
2026-07-13 02:00:00,52.82,Kendriya Vidyalaya,46.11,30.639357746674335
2026-07-13 03:00:00,47.08,Kendriya Vidyalaya,48.21,28.253750158749817
2026-07-13 04:00:00,36.74,Kendriya Vidyalaya,45.12,32.612614650656376
2026-07-13 05:00:00,28.58,Kendriya Vidyalaya,42.35,27.72535481010515
2026-07-13 06:00:00,31.29,Kendriya Vidyalaya,38.64,26.709909521138357
2026-07-13 07:00:00,37.88,Kendriya Vidyalaya,51.19,29.69190887514229
2026-07-13 08:00:00,44.0,Kendriya Vidyalaya,54.19,29.04508458305396
2026-07-13 09:00:00,45.89,Kendriya Vidyalaya,50.63,31.070301893966906
2026-07-13 10:00:00,36.97,Kendriya Vidyalaya,45.49,33.324333961722616
2026-07-13 11:00:00,38.61,Kendriya Vidyalaya,55.53,28.97024716906744
2026-07-13 12:00:00,40.67,Kendriya Vidyalaya,71.31,27.89127951854883
2026-07-13 13:00:00,48.32,Kendriya Vidyalaya,67.64,29.543584565893894
2026-07-13 14:00:00,41.83,Kendriya Vidyalaya,50.97,31.222376643967173
2026-07-13 15:00:00,45.86,Kendriya Vidyalaya,51.29,36.57194827603051
2026-07-13 16:00:00,47.31,Kendriya Vidyalaya,46.12,32.81271422605307
2026-07-13 17:00:00,41.93,Kendriya Vidyalaya,72.44,35.012608887349835
2026-07-13 18:00:00,47.13,Kendriya Vidyalaya,68.42,36.658940836023554
2026-07-13 19:00:00,56.62,Kendriya Vidyalaya,49.46,37.88428530809325
2026-07-13 20:00:00,50.96,Kendriya Vidyalaya,45.65,39.89484805791206
2026-07-13 21:00:00,50.87,Kendriya Vidyalaya,44.37,41.51410328830205
2026-07-13 22:00:00,48.16,Kendriya Vidyalaya,44.02,37.77711738146606
2026-07-13 23:00:00,51.85,Kendriya Vidyalaya,39.94,41.118790326604454
2026-07-14 00:00:00,50.32,Kendriya Vidyalaya,49.26,42.018180236634855
2026-07-14 01:00:00,34.22,Kendriya Vidyalaya,31.54,35.25914259826848
2026-07-14 02:00:00,46.11,Kendriya Vidyalaya,39.5,35.444479757439865
2026-07-14 03:00:00,48.21,Kendriya Vidyalaya,29.6,40.71590205150387
2026-07-14 04:00:00,45.12,Kendriya Vidyalaya,35.39,37.48410293399959
2026-07-14 05:00:00,42.35,Kendriya Vidyalaya,30.83,34.344375893815304
2026-07-14 06:00:00,38.64,Kendriya Vidyalaya,30.02,38.78251601165581
2026-07-14 07:00:00,51.19,Kendriya Vidyalaya,29.8,36.349423227311995
2026-07-14 08:00:00,54.19,Kendriya Vidyalaya,34.97,42.8476321089625
2026-07-14 09:00:00,50.63,Kendriya Vidyalaya,31.45,40.76986108054061
2026-07-14 10:00:00,45.49,Kendriya Vidyalaya,31.9,41.10766195456004
2026-07-14 11:00:00,55.53,Kendriya Vidyalaya,43.51,38.167091245074786
2026-07-14 12:00:00,71.31,Kendriya Vidyalaya,52.11,37.16853410564282
2026-07-14 13:00:00,67.64,Kendriya Vidyalaya,59.54,40.839955559492154
2026-07-14 14:00:00,50.97,Kendriya Vidyalaya,56.1,41.16107612272623
2026-07-14 15:00:00,51.29,Kendriya Vidyalaya,40.74,33.75865807578884
2026-07-14 16:00:00,46.12,Kendriya Vidyalaya,42.61,33.053110253425096
2026-07-14 17:00:00,72.44,Kendriya Vidyalaya,44.68,31.994189999017237
2026-07-14 18:00:00,68.42,Kendriya Vidyalaya,43.96,44.0287646213435
2026-07-14 19:00:00,49.46,Kendriya Vidyalaya,32.93,54.31313856789761
2026-07-14 20:00:00,45.65,Kendriya Vidyalaya,47.5,55.87217969847959
2026-07-14 21:00:00,44.37,Kendriya Vidyalaya,57.01,53.45308874038259
2026-07-14 22:00:00,44.02,Kendriya Vidyalaya,54.37,56.04605399178515
2026-07-14 23:00:00,39.94,Kendriya Vidyalaya,62.57,57.76306714995734
2026-07-15 00:00:00,49.26,Kendriya Vidyalaya,42.32,45.74083084584847
2026-07-15 01:00:00,31.54,Kendriya Vidyalaya,41.32,46.38784437352477
2026-07-15 02:00:00,39.5,Kendriya Vidyalaya,38.94,45.4355423392236
2026-07-15 03:00:00,29.6,Kendriya Vidyalaya,35.5,44.29796583927828
2026-07-15 04:00:00,35.39,Kendriya Vidyalaya,24.08,38.02887515716654
2026-07-15 05:00:00,30.83,Kendriya Vidyalaya,13.49,38.92669063141892
2026-07-15 06:00:00,30.02,Kendriya Vidyalaya,16.92,35.56913003249472
2026-07-15 07:00:00,29.8,Kendriya Vidyalaya,21.01,39.10069454560749
2026-07-15 08:00:00,34.97,Kendriya Vidyalaya,14.27,39.91781920379043
2026-07-15 09:00:00,31.45,Kendriya Vidyalaya,29.46,39.165344204778805
2026-07-15 10:00:00,31.9,Kendriya Vidyalaya,24.84,36.90667366750197
2026-07-15 11:00:00,43.51,Kendriya Vidyalaya,24.4,37.91172196273202
2026-07-15 12:00:00,52.11,Kendriya Vidyalaya,24.76,44.2503591084161
2026-07-15 15:00:00,40.74,Kendriya Vidyalaya,4.38,46.93119334322663
2026-07-15 16:00:00,42.61,Kendriya Vidyalaya,14.69,42.771831007732985
2026-07-15 17:00:00,44.68,Kendriya Vidyalaya,28.96,45.917387661383124
2026-07-15 18:00:00,43.96,Kendriya Vidyalaya,37.83,47.8428876590505
2026-07-15 19:00:00,32.93,Kendriya Vidyalaya,30.54,48.63000459769956
2026-07-15 20:00:00,47.5,Kendriya Vidyalaya,26.15,44.34162814570791
2026-07-15 21:00:00,57.01,Kendriya Vidyalaya,36.59,52.625475020024325
2026-07-15 22:00:00,54.37,Kendriya Vidyalaya,32.75,55.531122180084594
2026-07-15 23:00:00,62.57,Kendriya Vidyalaya,25.26,54.04123351107054
2026-07-16 00:00:00,42.32,Kendriya Vidyalaya,26.76,56.09425187280449
2026-07-16 01:00:00,41.32,Kendriya Vidyalaya,22.34,48.03132259624364
2026-07-16 02:00:00,38.94,Kendriya Vidyalaya,17.95,50.43065999938471
2026-07-16 03:00:00,35.5,Kendriya Vidyalaya,27.09,42.365412813999654
2026-07-16 04:00:00,24.08,Kendriya Vidyalaya,32.45,39.77094652248193
2026-07-16 05:00:00,13.49,Kendriya Vidyalaya,28.36,37.80152011528009
2026-07-16 06:00:00,16.92,Kendriya Vidyalaya,26.98,30.953994632046197
2026-07-16 07:00:00,21.01,Kendriya Vidyalaya,26.02,29.954816076467207
2026-07-16 08:00:00,14.27,Kendriya Vidyalaya,25.28,31.690178909325322
2026-07-16 09:00:00,29.46,Kendriya Vidyalaya,25.71,33.09802175909939
2026-07-16 10:00:00,24.84,Kendriya Vidyalaya,23.86,35.0207672413983
2026-07-16 11:00:00,24.4,Kendriya Vidyalaya,23.78,33.40081806335617
2026-07-16 13:00:00,,Kendriya Vidyalaya,35.56,36.051823281022
2026-07-23 11:00:00,26.8,Kendriya Vidyalaya,11.56,17.793343929836407
2026-07-23 12:00:00,25.89,Kendriya Vidyalaya,13.84,19.164811129438487
2026-07-23 15:00:00,27.48,Kendriya Vidyalaya,9.74,21.825505069600425
2026-07-23 16:00:00,29.52,Kendriya Vidyalaya,6.88,25.149326852085302
2026-07-23 17:00:00,22.42,Kendriya Vidyalaya,15.15,22.913671130227748
2026-07-23 18:00:00,21.54,Kendriya Vidyalaya,18.31,20.82185213640583
2026-07-23 19:00:00,29.9,Kendriya Vidyalaya,17.71,22.062259141027162
2026-07-23 20:00:00,20.88,Kendriya Vidyalaya,17.36,26.187455805911007
2026-07-23 22:00:00,30.53,Kendriya Vidyalaya,37.08,28.160043082927153
2026-07-23 23:00:00,22.19,Kendriya Vidyalaya,32.62,28.849060983906007
2026-07-24 00:00:00,17.04,Kendriya Vidyalaya,23.25,26.775440966179335
2026-07-24 01:00:00,12.05,Kendriya Vidyalaya,14.36,25.720121661422912
2026-07-24 02:00:00,10.12,Kendriya Vidyalaya,9.26,20.59206036129639
2026-07-24 03:00:00,10.8,Kendriya Vidyalaya,15.25,16.612790125385448
2026-07-24 04:00:00,14.7,Kendriya Vidyalaya,13.91,17.59709966371252
2026-07-24 05:00:00,9.64,Kendriya Vidyalaya,12.58,19.65898760911888
2026-07-24 06:00:00,8.19,Kendriya Vidyalaya,18.77,17.53489063705819
2026-07-24 07:00:00,5.49,Kendriya Vidyalaya,18.7,17.95437467870773
2026-07-24 08:00:00,6.95,Kendriya Vidyalaya,19.86,14.556336222118805
2026-07-24 09:00:00,6.11,Kendriya Vidyalaya,23.47,14.70253954307338
2026-07-24 10:00:00,6.05,Kendriya Vidyalaya,24.98,19.13774167881331
2026-07-24 12:00:00,13.84,Kendriya Vidyalaya,40.7,16.266562450916613
2026-07-24 14:00:00,15.49,Kendriya Vidyalaya,20.21,18.117933769173003
2026-07-24 15:00:00,9.74,Kendriya Vidyalaya,21.54,19.176951093616456
2026-07-24 16:00:00,6.88,Kendriya Vidyalaya,16.56,17.815006930927506
2026-07-24 17:00:00,15.15,Kendriya Vidyalaya,18.07,17.958204958922035
2026-07-24 18:00:00,18.31,Kendriya Vidyalaya,21.11,19.972071646209066
2026-07-24 19:00:00,17.71,Kendriya Vidyalaya,25.72,23.786712133075454
2026-07-24 20:00:00,17.36,Kendriya Vidyalaya,15.68,22.786304035760192
2026-07-24 21:00:00,,Kendriya Vidyalaya,14.5,28.481366947475987
2026-08-01 14:00:00,31.96,Kendriya Vidyalaya,21.28,21.451705911514658
2026-08-01 15:00:00,28.09,Kendriya Vidyalaya,25.67,19.955183840800586
2026-08-01 16:00:00,26.94,Kendriya Vidyalaya,25.83,21.229569267384868
2026-08-01 17:00:00,27.36,Kendriya Vidyalaya,22.57,19.41154160019643
2026-08-01 18:00:00,25.14,Kendriya Vidyalaya,21.96,19.94029342251477
2026-08-01 19:00:00,27.31,Kendriya Vidyalaya,28.88,21.793290340561963
2026-08-01 20:00:00,23.58,Kendriya Vidyalaya,31.74,23.71395796730375
2026-08-01 21:00:00,33.0,Kendriya Vidyalaya,29.93,22.279956193926683
2026-08-01 22:00:00,37.63,Kendriya Vidyalaya,31.95,24.186577474871466
2026-08-01 23:00:00,38.5,Kendriya Vidyalaya,33.65,25.862746784149966
2026-08-02 00:00:00,38.92,Kendriya Vidyalaya,33.1,26.761785939172206
2026-08-02 01:00:00,31.66,Kendriya Vidyalaya,33.29,31.85735143774461
2026-08-02 02:00:00,21.49,Kendriya Vidyalaya,24.76,25.31489273500273
2026-08-02 03:00:00,17.47,Kendriya Vidyalaya,22.0,21.120623676744053
2026-08-02 04:00:00,20.72,Kendriya Vidyalaya,21.22,19.375079743705392
2026-08-02 05:00:00,26.6,Kendriya Vidyalaya,20.77,24.062582001433668
2026-08-02 06:00:00,17.16,Kendriya Vidyalaya,24.76,24.523917570206155
2026-08-02 07:00:00,16.48,Kendriya Vidyalaya,22.89,24.138030913816348
2026-08-02 08:00:00,20.56,Kendriya Vidyalaya,19.49,23.91161432470281
2026-08-02 09:00:00,30.75,Kendriya Vidyalaya,21.73,25.24940868189325
2026-08-02 10:00:00,32.43,Kendriya Vidyalaya,19.24,26.21173142232864
2026-08-02 11:00:00,26.92,Kendriya Vidyalaya,14.39,25.200459475397516
2026-08-02 12:00:00,23.31,Kendriya Vidyalaya,21.03,28.364977445841056
2026-08-02 13:00:00,24.85,Kendriya Vidyalaya,28.85,24.23539057602302
2026-08-02 14:00:00,21.28,Kendriya Vidyalaya,22.93,22.539253169185002
2026-08-02 15:00:00,25.67,Kendriya Vidyalaya,17.41,15.548464526147223
2026-08-02 16:00:00,25.83,Kendriya Vidyalaya,18.67,21.003968822001315
2026-08-02 17:00:00,22.57,Kendriya Vidyalaya,16.77,21.47333055358404
2026-08-02 18:00:00,21.96,Kendriya Vidyalaya,14.49,18.402066371738155
2026-08-02 19:00:00,28.88,Kendriya Vidyalaya,19.29,18.488458789629654
2026-08-02 20:00:00,31.74,Kendriya Vidyalaya,32.66,24.153160895689357
2026-08-02 21:00:00,29.93,Kendriya Vidyalaya,32.5,24.452809048554357
2026-08-02 22:00:00,31.95,Kendriya Vidyalaya,26.84,25.745327890362166
2026-08-02 23:00:00,33.65,Kendriya Vidyalaya,29.09,26.020923639839143
2026-08-03 00:00:00,33.1,Kendriya Vidyalaya,24.74,24.64829195683941
2026-08-03 01:00:00,33.29,Kendriya Vidyalaya,25.82,21.793756502662735
2026-08-03 02:00:00,24.76,Kendriya Vidyalaya,22.06,20.982469264690238
2026-08-03 03:00:00,22.0,Kendriya Vidyalaya,13.91,18.923461538927555
2026-08-03 04:00:00,21.22,Kendriya Vidyalaya,16.23,17.628352442699352
2026-08-03 05:00:00,20.77,Kendriya Vidyalaya,16.95,19.990260405862596
2026-08-03 06:00:00,24.76,Kendriya Vidyalaya,14.62,18.852491456413944
2026-08-03 07:00:00,22.89,Kendriya Vidyalaya,16.17,23.314640074841428
2026-08-03 08:00:00,19.49,Kendriya Vidyalaya,14.05,22.23915843189615
2026-08-03 09:00:00,21.73,Kendriya Vidyalaya,15.29,21.83020534511366
2026-08-03 10:00:00,19.24,Kendriya Vidyalaya,17.43,22.98584302130874
2026-08-03 11:00:00,14.39,Kendriya Vidyalaya,18.57,21.511296464291036
2026-08-03 12:00:00,21.03,Kendriya Vidyalaya,15.07,20.718143788169684
2026-08-03 13:00:00,28.85,Kendriya Vidyalaya,14.84,20.98664643048518
2026-08-03 14:00:00,22.93,Kendriya Vidyalaya,11.92,22.777898841558883
2026-08-03 15:00:00,17.41,Kendriya Vidyalaya,5.32,21.049264708444806
2026-08-03 16:00:00,18.67,Kendriya Vidyalaya,6.74,19.72166684835757
2026-08-03 17:00:00,16.77,Kendriya Vidyalaya,10.23,19.41537770762639
2026-08-03 18:00:00,14.49,Kendriya Vidyalaya,16.31,26.221257278885307
2026-08-03 19:00:00,19.29,Kendriya Vidyalaya,12.5,23.918881532593506
2026-08-03 20:00:00,32.66,Kendriya Vidyalaya,8.45,23.95232022806559
2026-08-03 21:00:00,32.5,Kendriya Vidyalaya,9.59,28.417228681355347
2026-08-03 22:00:00,26.84,Kendriya Vidyalaya,22.32,29.577469464141835
2026-08-03 23:00:00,29.09,Kendriya Vidyalaya,25.96,29.342465605081102
2026-08-04 00:00:00,24.74,Kendriya Vidyalaya,23.05,26.718676532486928
2026-08-04 01:00:00,25.82,Kendriya Vidyalaya,16.62,25.03283430915137
2026-08-04 02:00:00,22.06,Kendriya Vidyalaya,16.6,23.671896606311048
2026-08-04 03:00:00,13.91,Kendriya Vidyalaya,10.02,18.730654327150443
2026-08-04 04:00:00,16.23,Kendriya Vidyalaya,9.46,20.337519804402913
2026-08-04 05:00:00,16.95,Kendriya Vidyalaya,10.17,20.93700831850059
2026-08-04 06:00:00,14.62,Kendriya Vidyalaya,10.23,18.975418151281986
2026-08-04 07:00:00,16.17,Kendriya Vidyalaya,12.92,19.697836211616366
2026-08-04 08:00:00,14.05,Kendriya Vidyalaya,19.13,20.781875008720686
2026-08-04 09:00:00,15.29,Kendriya Vidyalaya,16.04,23.966063588801056
2026-08-04 11:00:00,18.57,Kendriya Vidyalaya,15.91,23.826358051216243
2026-08-04 12:00:00,15.07,Kendriya Vidyalaya,13.01,20.038956375484407
2026-08-04 13:00:00,14.84,Kendriya Vidyalaya,13.02,20.001615721454886
2026-08-04 14:00:00,11.92,Kendriya Vidyalaya,10.74,19.264304171153366
2026-08-04 15:00:00,5.32,Kendriya Vidyalaya,9.94,17.976176979472754
2026-08-04 16:00:00,6.74,Kendriya Vidyalaya,8.05,17.341040769021944
2026-08-04 17:00:00,10.23,Kendriya Vidyalaya,10.06,16.028635386918655
2026-08-04 18:00:00,16.31,Kendriya Vidyalaya,12.44,17.384218269845682
2026-08-04 19:00:00,12.5,Kendriya Vidyalaya,18.31,20.51423017535904
2026-08-04 20:00:00,8.45,Kendriya Vidyalaya,21.55,20.213761998188534
2026-08-04 21:00:00,9.59,Kendriya Vidyalaya,13.99,21.23215353821599
2026-08-04 22:00:00,22.32,Kendriya Vidyalaya,14.77,21.69367594334875
2026-08-04 23:00:00,25.96,Kendriya Vidyalaya,14.61,23.514146790169804
2026-08-05 00:00:00,23.05,Kendriya Vidyalaya,26.3,22.558842999599
2026-08-05 01:00:00,16.62,Kendriya Vidyalaya,14.18,20.796314944938775
2026-08-05 02:00:00,16.6,Kendriya Vidyalaya,10.06,18.872517886979423
2026-08-05 03:00:00,10.02,Kendriya Vidyalaya,12.61,18.033648695406608
2026-08-05 04:00:00,9.46,Kendriya Vidyalaya,13.9,16.198924707983988
2026-08-05 05:00:00,10.17,Kendriya Vidyalaya,10.89,16.72350778006033
2026-08-05 06:00:00,10.23,Kendriya Vidyalaya,10.13,16.533279855993054
2026-08-05 07:00:00,12.92,Kendriya Vidyalaya,11.14,15.313868391745638
2026-08-05 08:00:00,19.13,Kendriya Vidyalaya,13.42,16.62310768369696
2026-08-05 09:00:00,16.04,Kendriya Vidyalaya,11.63,16.62310768369696
2026-08-05 10:00:00,17.13,Kendriya Vidyalaya,11.81,18.607522434215735
2026-08-05 13:00:00,13.02,Kendriya Vidyalaya,8.45,16.920323519352745
2026-08-05 14:00:00,10.74,Kendriya Vidyalaya,6.03,15.972495208097238
2026-08-05 15:00:00,9.94,Kendriya Vidyalaya,4.62,13.588614022605986
2026-08-05 16:00:00,8.05,Kendriya Vidyalaya,3.55,14.239610728188767
2026-08-05 17:00:00,10.06,Kendriya Vidyalaya,9.89,13.306986583924214
2026-08-05 18:00:00,12.44,Kendriya Vidyalaya,14.34,13.5358910187905
2026-08-05 19:00:00,18.31,Kendriya Vidyalaya,13.18,14.540872545185211
2026-08-05 20:00:00,21.55,Kendriya Vidyalaya,18.84,16.450132874941325
2026-08-05 21:00:00,13.99,Kendriya Vidyalaya,20.51,18.661119301250167
2026-08-05 22:00:00,14.77,Kendriya Vidyalaya,15.97,21.879973312069957
2026-08-05 23:00:00,14.61,Kendriya Vidyalaya,15.31,22.80052359936182
2026-08-06 00:00:00,26.3,Kendriya Vidyalaya,13.09,19.394165678843443
2026-08-06 01:00:00,14.18,Kendriya Vidyalaya,12.02,21.775717101825865
2026-08-06 02:00:00,10.06,Kendriya Vidyalaya,14.08,19.283401385979143
2026-08-06 03:00:00,12.61,Kendriya Vidyalaya,11.71,13.923196923780177
2026-08-06 04:00:00,13.9,Kendriya Vidyalaya,7.76,14.431309471966772
2026-08-06 05:00:00,10.89,Kendriya Vidyalaya,7.87,16.041536950902177
2026-08-06 06:00:00,10.13,Kendriya Vidyalaya,11.38,15.401960682987216
2026-08-06 07:00:00,11.14,Kendriya Vidyalaya,23.09,14.046707886312173
2026-08-06 08:00:00,13.42,Kendriya Vidyalaya,18.78,14.745780758243672
2026-08-06 09:00:00,11.63,Kendriya Vidyalaya,13.06,16.721796417388735
2026-08-06 10:00:00,11.81,Kendriya Vidyalaya,11.95,15.052048274294336
2026-08-06 11:00:00,10.01,Kendriya Vidyalaya,16.3,13.678516951717599
2026-08-06 12:00:00,12.58,Kendriya Vidyalaya,16.19,12.882897294476647
2026-08-06 13:00:00,8.45,Kendriya Vidyalaya,19.16,14.214933925729634
2026-08-06 14:00:00,6.03,Kendriya Vidyalaya,11.49,13.051927834676341
2026-08-06 15:00:00,4.62,Kendriya Vidyalaya,10.57,14.157748796040948
2026-08-06 16:00:00,3.55,Kendriya Vidyalaya,17.39,13.667177376384227
2026-08-06 17:00:00,9.89,Kendriya Vidyalaya,15.66,13.341983767980903
2026-08-06 18:00:00,14.34,Kendriya Vidyalaya,22.97,14.399898172965036
2026-08-06 19:00:00,13.18,Kendriya Vidyalaya,17.48,15.857936591575728
2026-08-06 20:00:00,18.84,Kendriya Vidyalaya,18.28,17.744021913031286
2026-08-06 21:00:00,20.51,Kendriya Vidyalaya,27.74,17.958780645782447
2026-08-06 22:00:00,15.97,Kendriya Vidyalaya,32.96,21.524494379172005
2026-08-06 23:00:00,15.31,Kendriya Vidyalaya,33.5,21.59767169917347
2026-08-07 00:00:00,13.09,Kendriya Vidyalaya,30.25,20.476833211048824
2026-08-07 01:00:00,12.02,Kendriya Vidyalaya,29.28,21.42781601156011
2026-08-07 02:00:00,14.08,Kendriya Vidyalaya,31.5,18.06951842506981
2026-08-07 03:00:00,11.71,Kendriya Vidyalaya,23.86,18.422342097808972
2026-08-07 04:00:00,7.76,Kendriya Vidyalaya,25.3,16.971406318182588
2026-08-07 05:00:00,7.87,Kendriya Vidyalaya,23.36,16.4289729290851
2026-08-07 06:00:00,11.38,Kendriya Vidyalaya,16.24,17.48710898864259
2026-08-07 07:00:00,23.09,Kendriya Vidyalaya,17.75,18.738282478898867
2026-08-07 08:00:00,18.78,Kendriya Vidyalaya,18.56,22.018076425775206
2026-08-07 09:00:00,13.06,Kendriya Vidyalaya,23.26,19.75723402018796
2026-08-07 10:00:00,11.95,Kendriya Vidyalaya,22.76,20.042509026824945
2026-08-07 11:00:00,16.3,Kendriya Vidyalaya,17.53,18.893590500911724
2026-08-07 12:00:00,16.19,Kendriya Vidyalaya,33.34,19.16549697523448
2026-08-07 13:00:00,19.16,Kendriya Vidyalaya,30.95,16.361451277893472
2026-08-07 14:00:00,11.49,Kendriya Vidyalaya,26.45,15.30186507477256
2026-08-07 15:00:00,10.57,Kendriya Vidyalaya,20.49,15.833986093063187
2026-08-07 16:00:00,17.39,Kendriya Vidyalaya,19.21,14.471188329827386
2026-08-07 17:00:00,15.66,Kendriya Vidyalaya,15.93,16.58230527604708
2026-08-07 18:00:00,22.97,Kendriya Vidyalaya,16.77,17.886485291939685
2026-08-07 19:00:00,17.48,Kendriya Vidyalaya,16.6,19.789452820426007
2026-08-07 20:00:00,18.28,Kendriya Vidyalaya,20.91,23.803935977835625
2026-08-07 21:00:00,27.74,Kendriya Vidyalaya,17.22,19.19453154143056
2026-08-07 22:00:00,32.96,Kendriya Vidyalaya,15.59,23.48457989697069
2026-08-07 23:00:00,33.5,Kendriya Vidyalaya,15.38,23.332873376011953
2026-08-08 00:00:00,30.25,Kendriya Vidyalaya,18.02,24.351127383000346
2026-08-08 01:00:00,29.28,Kendriya Vidyalaya,14.97,20.526462854146327
2026-08-08 02:00:00,31.5,Kendriya Vidyalaya,13.6,20.471508783690403
2026-08-08 03:00:00,23.86,Kendriya Vidyalaya,13.54,18.98365384617414
2026-08-08 04:00:00,25.3,Kendriya Vidyalaya,14.76,19.27980880784854
2026-08-08 05:00:00,23.36,Kendriya Vidyalaya,9.16,20.45520895908932
2026-08-08 06:00:00,16.24,Kendriya Vidyalaya,7.64,19.77891781456226
2026-08-08 07:00:00,17.75,Kendriya Vidyalaya,8.29,18.843532282615953
2026-08-08 08:00:00,18.56,Kendriya Vidyalaya,13.19,18.843532282615953
2026-08-08 09:00:00,23.26,Kendriya Vidyalaya,14.18,18.984706926516854
2026-08-08 10:00:00,22.76,Kendriya Vidyalaya,12.31,20.053231186855
2026-08-08 11:00:00,17.53,Kendriya Vidyalaya,11.56,18.443690921579982
2026-08-08 12:00:00,33.34,Kendriya Vidyalaya,15.45,17.17277448610127
2026-08-08 13:00:00,30.95,Kendriya Vidyalaya,14.74,19.45616486557519
2026-08-08 14:00:00,26.45,Kendriya Vidyalaya,12.32,19.790001804801904
2026-08-08 15:00:00,20.49,Kendriya Vidyalaya,7.94,21.565013645830668
2026-08-08 16:00:00,19.21,Kendriya Vidyalaya,9.8,19.88524104371615
2026-08-08 17:00:00,15.93,Kendriya Vidyalaya,13.65,16.90550028382531
2026-08-08 18:00:00,16.77,Kendriya Vidyalaya,18.37,17.75951487833253
2026-08-08 19:00:00,16.6,Kendriya Vidyalaya,20.4,19.728757272798465
2026-08-08 20:00:00,20.91,Kendriya Vidyalaya,18.99,20.506685885683183
2026-08-08 21:00:00,17.22,Kendriya Vidyalaya,20.03,22.991512889808682
2026-08-08 22:00:00,15.59,Kendriya Vidyalaya,22.55,23.502765647094908
2026-08-08 23:00:00,15.38,Kendriya Vidyalaya,25.66,23.54066913667575
2026-08-09 00:00:00,18.02,Kendriya Vidyalaya,22.29,18.621949802598408
2026-08-09 01:00:00,14.97,Kendriya Vidyalaya,22.52,17.832926030341707
2026-08-09 02:00:00,13.6,Kendriya Vidyalaya,20.02,17.311416004572227
2026-08-09 03:00:00,13.54,Kendriya Vidyalaya,16.02,16.35517458399279
2026-08-09 04:00:00,14.76,Kendriya Vidyalaya,15.37,16.63517574558824
2026-08-09 05:00:00,9.16,Kendriya Vidyalaya,14.81,16.63517574558824
2026-08-09 06:00:00,7.64,Kendriya Vidyalaya,16.41,14.793279527526513
2026-08-09 07:00:00,8.29,Kendriya Vidyalaya,19.2,17.81425613565761
2026-08-09 08:00:00,13.19,Kendriya Vidyalaya,18.44,17.50326872419429
2026-08-09 09:00:00,14.18,Kendriya Vidyalaya,17.38,17.1056619689789
2026-08-09 10:00:00,12.31,Kendriya Vidyalaya,20.26,17.060526845305
2026-08-09 15:00:00,7.94,Kendriya Vidyalaya,13.89,12.41540826078101
2026-08-09 16:00:00,9.8,Kendriya Vidyalaya,25.68,14.537454667108307
2026-08-09 17:00:00,13.65,Kendriya Vidyalaya,28.67,12.259412751794992
2026-08-09 18:00:00,18.37,Kendriya Vidyalaya,24.33,15.654016657398323
2026-08-09 19:00:00,20.4,Kendriya Vidyalaya,25.85,17.415902099783164
2026-08-09 20:00:00,18.99,Kendriya Vidyalaya,20.54,18.899570276016775
2026-08-09 21:00:00,20.03,Kendriya Vidyalaya,19.4,21.33274948107609
2026-08-09 22:00:00,22.55,Kendriya Vidyalaya,22.69,20.829261200280545
2026-08-09 23:00:00,25.66,Kendriya Vidyalaya,22.66,21.579211946352377
2026-08-10 00:00:00,22.29,Kendriya Vidyalaya,14.32,22.420823870867977
2026-08-10 01:00:00,22.52,Kendriya Vidyalaya,16.39,19.74503612095994
2026-08-10 02:00:00,20.02,Kendriya Vidyalaya,16.27,21.095023625162952
2026-08-10 03:00:00,16.02,Kendriya Vidyalaya,17.72,18.441555362670197
2026-08-10 04:00:00,15.37,Kendriya Vidyalaya,14.11,24.026148058412783
2026-08-10 05:00:00,14.81,Kendriya Vidyalaya,7.8,21.126146886363337
2026-08-10 06:00:00,16.41,Kendriya Vidyalaya,5.22,16.841060303716116
2026-08-10 07:00:00,19.2,Kendriya Vidyalaya,7.39,17.948977367888585
2026-08-10 08:00:00,18.44,Kendriya Vidyalaya,12.23,17.563256678034083
2026-08-10 09:00:00,17.38,Kendriya Vidyalaya,9.43,18.288472991733038
2026-08-10 10:00:00,20.26,Kendriya Vidyalaya,6.8,18.65797929215555
2026-08-10 11:00:00,,Kendriya Vidyalaya,12.67,16.41333428466133
2026-08-23 23:00:00,13.94,Kendriya Vidyalaya,15.87,24.76601241857397
2026-08-24 00:00:00,8.53,Kendriya Vidyalaya,9.54,23.768483253840653
2026-08-24 01:00:00,7.24,Kendriya Vidyalaya,8.38,22.988622546637206
2026-08-24 02:00:00,9.36,Kendriya Vidyalaya,21.16,20.66284598626496
2026-08-24 03:00:00,7.85,Kendriya Vidyalaya,14.0,19.470799951968175
2026-08-24 04:00:00,10.71,Kendriya Vidyalaya,15.54,16.0292688769606
2026-08-24 05:00:00,10.39,Kendriya Vidyalaya,20.21,13.884042958294811
2026-08-24 06:00:00,14.18,Kendriya Vidyalaya,21.7,15.001865205898753
2026-08-24 07:00:00,14.25,Kendriya Vidyalaya,29.95,18.52048522585367
2026-08-24 08:00:00,10.43,Kendriya Vidyalaya,23.42,18.65097536646114
2026-08-24 09:00:00,16.35,Kendriya Vidyalaya,15.1,14.368690660902914
2026-08-24 10:00:00,26.45,Kendriya Vidyalaya,22.37,17.31245643971961
2026-08-24 11:00:00,,Kendriya Vidyalaya,13.4,20.723189359126327
2026-01-10 01:00:00,89.25,Lalbagh,59.0,97.01680091136267
2026-01-10 02:00:00,82.0,Lalbagh,64.25,100.80167161209165
2026-01-10 03:00:00,85.67,Lalbagh,87.75,89.89901872496712
2026-01-10 06:00:00,111.0,Lalbagh,82.75,99.18060985171263
2026-01-10 07:00:00,90.75,Lalbagh,89.75,101.55140885964917
2026-01-10 08:00:00,79.25,Lalbagh,72.0,88.52656496921415
2026-01-10 10:00:00,69.5,Lalbagh,92.5,88.97978709025824
2026-01-10 12:00:00,87.5,Lalbagh,101.5,98.33599477021045
2026-01-10 13:00:00,124.67,Lalbagh,100.0,116.78442305555558
2026-01-10 14:00:00,112.0,Lalbagh,87.67,130.63452582668805
2026-01-10 16:00:00,81.5,Lalbagh,99.0,141.3903324603173
2026-01-10 17:00:00,79.25,Lalbagh,101.25,116.14527217973385
2026-01-10 18:00:00,96.0,Lalbagh,78.0,112.99910263668433
2026-01-10 19:00:00,96.75,Lalbagh,95.5,115.01957265873017
2026-01-10 20:00:00,96.75,Lalbagh,106.25,113.77159104005172
2026-01-10 21:00:00,86.5,Lalbagh,110.0,114.50890599206349
2026-01-10 22:00:00,82.75,Lalbagh,101.5,121.18827743200985
2026-01-11 00:00:00,63.75,Lalbagh,103.0,150.9685497751322
2026-01-11 01:00:00,59.0,Lalbagh,105.5,157.75414507936517
2026-01-11 02:00:00,64.25,Lalbagh,87.25,114.1358881349206
2026-01-11 04:00:00,94.0,Lalbagh,67.0,137.50024892857155
2026-01-11 05:00:00,97.33,Lalbagh,64.5,152.06152234126992
2026-01-11 06:00:00,82.75,Lalbagh,90.25,154.17325269841277
2026-01-11 07:00:00,89.75,Lalbagh,100.0,137.51015916900099
2026-01-11 08:00:00,72.0,Lalbagh,88.0,117.11885384920645
2026-01-11 09:00:00,77.25,Lalbagh,97.0,123.09566132275128
2026-01-11 10:00:00,92.5,Lalbagh,101.25,112.270923968254
2026-01-11 11:00:00,90.0,Lalbagh,87.25,112.47805531746032
2026-01-11 12:00:00,101.5,Lalbagh,76.0,119.98838714519133
2026-01-11 13:00:00,100.0,Lalbagh,123.5,155.54151432539692
2026-01-11 15:00:00,87.0,Lalbagh,100.67,151.71522231613156
2026-01-11 16:00:00,99.0,Lalbagh,97.0,120.07884659645904
2026-01-11 17:00:00,101.25,Lalbagh,85.0,108.58744706349206
2026-01-11 18:00:00,78.0,Lalbagh,86.25,151.02579480158727
2026-01-11 19:00:00,95.5,Lalbagh,103.5,149.3354060317461
2026-01-11 20:00:00,106.25,Lalbagh,102.5,151.77058226911984
2026-01-11 21:00:00,110.0,Lalbagh,86.0,144.686834920635
2026-01-11 22:00:00,101.5,Lalbagh,80.0,144.5347608879321
2026-01-11 23:00:00,99.0,Lalbagh,100.0,121.03021411375667
2026-01-12 00:00:00,103.0,Lalbagh,79.75,106.95329661375672
2026-01-12 01:00:00,105.5,Lalbagh,69.75,113.15571972222223
2026-01-12 02:00:00,87.25,Lalbagh,63.75,176.24459755291008
2026-01-12 03:00:00,85.0,Lalbagh,65.5,132.11962280118027
2026-01-12 04:00:00,67.0,Lalbagh,79.0,138.80158717948723
2026-01-12 05:00:00,64.5,Lalbagh,75.0,134.36643421550673
2026-01-12 07:00:00,100.0,Lalbagh,84.75,130.4488584879935
2026-01-12 08:00:00,88.0,Lalbagh,85.75,118.62466289682544
2026-01-12 09:00:00,97.0,Lalbagh,95.5,110.38581563085067
2026-01-12 10:00:00,101.25,Lalbagh,105.5,140.7713462037038
2026-01-12 11:00:00,87.25,Lalbagh,100.0,133.77017312169312
2026-01-12 12:00:00,76.0,Lalbagh,89.25,150.35209374236877
2026-01-12 13:00:00,123.5,Lalbagh,91.0,150.50632365995122
2026-01-12 14:00:00,102.0,Lalbagh,80.33,129.61190970658973
2026-01-12 15:00:00,100.67,Lalbagh,81.5,122.77175132154888
2026-01-12 16:00:00,97.0,Lalbagh,72.0,144.68038539682536
2026-01-12 18:00:00,86.25,Lalbagh,85.25,104.6805396296297
2026-01-12 19:00:00,103.5,Lalbagh,91.0,160.605806904762
2026-01-12 20:00:00,102.5,Lalbagh,83.25,159.16413056878298
2026-01-12 21:00:00,86.0,Lalbagh,93.25,164.3023843783069
2026-01-12 22:00:00,80.0,Lalbagh,79.25,163.48232841269842
2026-01-12 23:00:00,100.0,Lalbagh,81.0,163.8751211904762
2026-01-13 00:00:00,79.75,Lalbagh,92.0,168.66931181929192
2026-01-13 01:00:00,69.75,Lalbagh,88.0,180.48559134310148
2026-01-13 04:00:00,79.0,Lalbagh,78.25,106.01183333333339
2026-01-13 05:00:00,75.0,Lalbagh,82.5,110.71961394179898
2026-01-13 06:00:00,86.33,Lalbagh,76.75,131.31053341269845
2026-01-13 07:00:00,84.75,Lalbagh,74.67,153.8429647619048
2026-01-13 08:00:00,85.75,Lalbagh,73.0,131.28273331298334
2026-01-13 09:00:00,95.5,Lalbagh,80.25,146.76466294261297
2026-01-13 10:00:00,105.5,Lalbagh,78.0,140.55580710317463
2026-01-13 11:00:00,100.0,Lalbagh,94.25,118.07387448412703
2026-01-13 12:00:00,89.25,Lalbagh,96.0,100.16404671957679
2026-01-13 13:00:00,91.0,Lalbagh,25.0,152.40156333333337
2026-01-13 14:00:00,80.33,Lalbagh,0.5,148.70689238400493
2026-01-13 15:00:00,81.5,Lalbagh,47.33,146.40718945665446
2026-01-13 16:00:00,72.0,Lalbagh,60.67,144.85881052503052
2026-01-13 17:00:00,,Lalbagh,50.0,117.37719482397225
2026-01-16 18:00:00,64.25,Lalbagh,71.0,90.13083497017317
2026-01-16 19:00:00,57.25,Lalbagh,135.0,87.84224649996696
2026-01-16 20:00:00,58.25,Lalbagh,147.5,84.64539437037037
2026-01-16 21:00:00,51.75,Lalbagh,103.25,89.71083701587297
2026-01-16 22:00:00,59.5,Lalbagh,83.0,73.82331272486773
2026-01-16 23:00:00,74.33,Lalbagh,108.0,104.84815601851852
2026-01-17 00:00:00,84.25,Lalbagh,153.0,120.04857625786164
2026-01-17 01:00:00,77.75,Lalbagh,151.75,122.27118436507929
2026-01-17 02:00:00,80.5,Lalbagh,150.0,120.75131256613747
2026-01-17 03:00:00,131.0,Lalbagh,121.25,110.19373078042331
2026-01-17 04:00:00,146.75,Lalbagh,84.67,133.2605285730455
2026-01-17 05:00:00,108.0,Lalbagh,73.75,133.000795071995
2026-01-17 06:00:00,109.0,Lalbagh,61.25,127.04889690220176
2026-01-17 07:00:00,108.75,Lalbagh,63.0,100.3450831359131
2026-01-17 08:00:00,92.0,Lalbagh,100.5,95.66061894896775
2026-01-17 09:00:00,120.25,Lalbagh,102.0,93.08014015094926
2026-01-17 10:00:00,118.0,Lalbagh,75.67,94.31274593146458
2026-01-17 11:00:00,122.0,Lalbagh,84.0,102.8627841916352
2026-01-17 12:00:00,110.0,Lalbagh,73.0,124.48331420704349
2026-01-17 13:00:00,113.25,Lalbagh,73.0,121.38759802737518
2026-01-17 16:00:00,90.5,Lalbagh,130.0,103.6872820836814
2026-01-17 17:00:00,62.75,Lalbagh,101.33,103.4954474975101
2026-01-17 18:00:00,71.0,Lalbagh,114.25,85.7204758431891
2026-01-17 19:00:00,135.0,Lalbagh,129.5,85.53392598324508
2026-01-17 20:00:00,147.5,Lalbagh,138.75,107.08150412242729
2026-01-17 21:00:00,103.25,Lalbagh,113.75,111.1566562301587
2026-01-17 22:00:00,83.0,Lalbagh,115.25,95.62012744227985
2026-01-17 23:00:00,108.0,Lalbagh,134.0,101.84135766415676
2026-01-18 00:00:00,153.0,Lalbagh,103.5,101.22104600030092
2026-01-18 01:00:00,151.75,Lalbagh,136.25,106.93629636162004
2026-01-18 02:00:00,150.0,Lalbagh,107.25,105.55861607912973
2026-01-18 03:00:00,121.25,Lalbagh,78.33,129.4189797486773
2026-01-18 04:00:00,84.67,Lalbagh,113.5,121.9306412169312
2026-01-18 05:00:00,73.75,Lalbagh,129.25,108.97080985994397
2026-01-18 06:00:00,61.25,Lalbagh,102.0,105.82209183796591
2026-01-18 07:00:00,63.0,Lalbagh,85.75,98.86420379830292
2026-01-18 08:00:00,100.5,Lalbagh,120.0,105.29600010782676
2026-01-18 09:00:00,102.0,Lalbagh,142.0,112.70368097811492
2026-01-18 10:00:00,75.67,Lalbagh,115.5,116.35371226039196
2026-01-18 11:00:00,84.0,Lalbagh,84.0,107.3716628278397
2026-01-18 13:00:00,73.0,Lalbagh,108.0,110.18142826513474
2026-01-18 14:00:00,,Lalbagh,101.0,114.99841147942048
2026-02-22 15:00:00,29.5,Lalbagh,27.75,43.682979091724995
2026-02-22 16:00:00,41.25,Lalbagh,19.75,37.04201487523685
2026-02-22 17:00:00,42.5,Lalbagh,13.67,55.458373131868136
2026-02-22 18:00:00,27.5,Lalbagh,19.0,60.186057959355495
2026-02-22 19:00:00,34.75,Lalbagh,25.0,64.462580515873
2026-02-22 20:00:00,51.75,Lalbagh,31.75,63.254868492063395
2026-02-22 21:00:00,63.25,Lalbagh,38.25,74.8457196825397
2026-02-22 22:00:00,60.75,Lalbagh,51.25,81.37703921470343
2026-02-22 23:00:00,56.0,Lalbagh,45.0,81.20667926990686
2026-02-23 00:00:00,58.75,Lalbagh,42.0,82.51966068061569
2026-02-23 01:00:00,57.25,Lalbagh,45.5,81.93038613139129
2026-02-23 02:00:00,60.75,Lalbagh,49.5,82.60823090548344
2026-02-23 03:00:00,66.5,Lalbagh,51.25,73.28888410052913
2026-02-23 04:00:00,64.75,Lalbagh,34.5,74.61977603174604
2026-02-23 06:00:00,43.0,Lalbagh,35.0,79.91614560846568
2026-02-23 07:00:00,52.75,Lalbagh,38.0,86.99953801587299
2026-02-23 08:00:00,37.5,Lalbagh,37.25,77.83415789682533
2026-02-23 09:00:00,21.5,Lalbagh,30.0,69.55304005878897
2026-02-23 10:00:00,31.75,Lalbagh,25.25,60.339256587301556
2026-02-23 11:00:00,30.0,Lalbagh,41.25,48.292832017195764
2026-02-23 12:00:00,41.5,Lalbagh,44.75,40.97350927910052
2026-02-23 13:00:00,37.75,Lalbagh,48.5,46.64988833947759
2026-02-23 14:00:00,30.25,Lalbagh,60.5,41.42232312490897
2026-02-23 15:00:00,27.75,Lalbagh,47.5,35.393892450142424
2026-02-23 16:00:00,19.75,Lalbagh,30.75,37.64080847032599
2026-02-23 17:00:00,13.67,Lalbagh,18.25,38.937334992025534
2026-02-23 18:00:00,19.0,Lalbagh,34.75,40.18263655917837
2026-02-23 19:00:00,25.0,Lalbagh,47.25,67.30375169312168
2026-02-23 20:00:00,31.75,Lalbagh,53.75,66.21507884920639
2026-02-23 21:00:00,38.25,Lalbagh,61.75,71.46178750000006
2026-02-23 22:00:00,51.25,Lalbagh,68.5,74.04121350529103
2026-02-23 23:00:00,45.0,Lalbagh,60.0,82.85033810846562
2026-02-24 00:00:00,42.0,Lalbagh,54.0,90.47923259881732
2026-02-24 01:00:00,45.5,Lalbagh,53.0,87.72783685807656
2026-02-24 02:00:00,49.5,Lalbagh,57.75,84.45296149470903
2026-02-24 03:00:00,51.25,Lalbagh,61.0,85.28359567460315
2026-02-24 04:00:00,34.5,Lalbagh,57.75,89.4018688425926
2026-02-24 05:00:00,28.25,Lalbagh,38.5,69.66615883597885
2026-02-24 06:00:00,35.0,Lalbagh,45.5,70.57536383597883
2026-02-24 07:00:00,38.0,Lalbagh,49.75,67.38064975274722
2026-02-24 08:00:00,37.25,Lalbagh,44.25,63.59584515873018
2026-02-24 09:00:00,30.0,Lalbagh,49.25,61.316448624338626
2026-02-24 10:00:00,25.25,Lalbagh,45.5,52.854449484126995
2026-02-24 11:00:00,41.25,Lalbagh,44.75,43.14083296296296
2026-02-24 12:00:00,44.75,Lalbagh,33.75,39.75746557390248
2026-02-24 13:00:00,48.5,Lalbagh,18.5,41.52202309339568
2026-02-24 14:00:00,60.5,Lalbagh,10.25,40.67446163914332
2026-02-24 15:00:00,47.5,Lalbagh,14.25,61.146101934258525
2026-02-24 16:00:00,30.75,Lalbagh,65.5,47.62447356856351
2026-02-24 18:00:00,34.75,Lalbagh,68.25,34.92756838078587
2026-02-24 19:00:00,47.25,Lalbagh,59.0,64.11482273809521
2026-02-24 20:00:00,53.75,Lalbagh,73.75,70.9151103174603
2026-02-24 21:00:00,61.75,Lalbagh,71.5,74.13522527777774
2026-02-24 22:00:00,68.5,Lalbagh,79.0,80.5049342063492
2026-02-24 23:00:00,60.0,Lalbagh,77.67,84.28282961640217
2026-02-25 00:00:00,54.0,Lalbagh,80.75,84.33890520683018
2026-02-25 01:00:00,53.0,Lalbagh,84.25,95.18277826877801
2026-02-25 02:00:00,57.75,Lalbagh,71.75,96.61677957950434
2026-02-25 03:00:00,61.0,Lalbagh,59.75,91.7491823032523
2026-02-25 04:00:00,57.75,Lalbagh,75.25,76.38728123015876
2026-02-25 05:00:00,38.5,Lalbagh,90.75,79.09050206349212
2026-02-25 06:00:00,45.5,Lalbagh,78.0,87.90872539682536
2026-02-25 07:00:00,49.75,Lalbagh,77.25,89.39286496031745
2026-02-25 08:00:00,44.25,Lalbagh,77.75,81.76428154761905
2026-02-25 09:00:00,49.25,Lalbagh,84.25,70.49424252119184
2026-02-25 10:00:00,45.5,Lalbagh,95.0,59.16610802957061
2026-02-25 11:00:00,44.75,Lalbagh,93.5,49.43456575718075
2026-02-25 12:00:00,33.75,Lalbagh,85.25,39.72748503545995
2026-02-25 13:00:00,18.5,Lalbagh,88.25,36.73536238677456
2026-02-25 14:00:00,10.25,Lalbagh,77.0,33.81945614838867
2026-02-25 15:00:00,14.25,Lalbagh,61.75,29.475651611351616
2026-02-25 16:00:00,65.5,Lalbagh,72.33,29.597652487139307
2026-02-25 17:00:00,74.75,Lalbagh,76.67,53.7057676166426
2026-02-25 18:00:00,68.25,Lalbagh,84.25,62.77115924603169
2026-02-25 19:00:00,59.0,Lalbagh,99.25,68.37679035233283
2026-02-25 20:00:00,73.75,Lalbagh,94.0,77.1156798674084
2026-02-25 21:00:00,71.5,Lalbagh,79.0,80.46301579552402
2026-02-25 22:00:00,79.0,Lalbagh,69.5,85.786822686356
2026-02-25 23:00:00,77.67,Lalbagh,73.33,82.68602089222419
2026-02-26 00:00:00,80.75,Lalbagh,93.75,75.97077110690232
2026-02-26 01:00:00,84.25,Lalbagh,98.25,77.60931932785809
2026-02-26 02:00:00,71.75,Lalbagh,82.75,83.37571416207811
2026-02-26 03:00:00,59.75,Lalbagh,74.25,87.63689592605971
2026-02-26 04:00:00,75.25,Lalbagh,64.0,87.5214724680697
2026-02-26 05:00:00,90.75,Lalbagh,73.0,72.75271316929799
2026-02-26 06:00:00,78.0,Lalbagh,87.75,73.29736439153439
2026-02-26 07:00:00,77.25,Lalbagh,80.25,86.4641805620908
2026-02-26 08:00:00,77.75,Lalbagh,67.75,71.93952538001805
2026-02-26 09:00:00,84.25,Lalbagh,57.75,70.92721157049421
2026-02-26 10:00:00,95.0,Lalbagh,62.75,66.45638999215312
2026-02-26 14:00:00,77.0,Lalbagh,78.25,52.07226664661779
2026-02-26 15:00:00,61.75,Lalbagh,83.0,58.10586296536796
2026-02-26 16:00:00,72.33,Lalbagh,72.0,63.87409690476188
2026-02-26 17:00:00,76.67,Lalbagh,73.5,79.23435862433858
2026-02-26 18:00:00,84.25,Lalbagh,72.5,91.80373783068784
2026-02-26 19:00:00,99.25,Lalbagh,66.75,90.9409976058201
2026-02-26 20:00:00,94.0,Lalbagh,73.0,106.51335775793653
2026-02-26 21:00:00,79.0,Lalbagh,82.75,102.11847152310916
2026-02-26 22:00:00,69.5,Lalbagh,95.25,93.93378844771235
2026-02-26 23:00:00,73.33,Lalbagh,89.0,71.5982467411584
2026-02-27 00:00:00,93.75,Lalbagh,67.0,79.42499909951157
2026-02-27 01:00:00,98.25,Lalbagh,66.75,101.27894936041083
2026-02-27 02:00:00,82.75,Lalbagh,72.5,100.00166965513988
2026-02-27 03:00:00,74.25,Lalbagh,66.0,91.81912776069439
2026-02-27 04:00:00,64.0,Lalbagh,58.0,81.37245572933631
2026-02-27 05:00:00,73.0,Lalbagh,71.5,69.43205547599878
2026-02-27 06:00:00,87.75,Lalbagh,86.75,78.98628712334973
2026-02-27 07:00:00,80.25,Lalbagh,84.5,98.53358688783375
2026-02-27 08:00:00,67.75,Lalbagh,83.5,95.8835907653789
2026-02-27 09:00:00,57.75,Lalbagh,76.25,69.2636154824814
2026-02-27 10:00:00,62.75,Lalbagh,80.5,67.61194924994815
2026-02-27 11:00:00,61.75,Lalbagh,95.25,62.8066755767695
2026-02-27 12:00:00,63.75,Lalbagh,101.0,57.004739227563114
2026-02-27 13:00:00,76.5,Lalbagh,79.67,65.21792232804235
2026-02-27 14:00:00,78.25,Lalbagh,80.75,87.59014976595837
2026-02-27 15:00:00,83.0,Lalbagh,90.5,89.6264785714285
2026-02-27 16:00:00,72.0,Lalbagh,95.0,109.68642365740743
2026-02-27 17:00:00,73.5,Lalbagh,75.75,94.02393391534393
2026-02-27 18:00:00,72.5,Lalbagh,81.25,97.91461139162561
2026-02-27 19:00:00,66.75,Lalbagh,85.5,82.3201684948002
2026-02-27 20:00:00,73.0,Lalbagh,92.75,78.81691493659909
2026-02-27 21:00:00,82.75,Lalbagh,100.75,92.52645099480026
2026-02-27 22:00:00,95.25,Lalbagh,104.75,108.76200678571435
2026-02-27 23:00:00,89.0,Lalbagh,91.0,118.3648731125192
2026-02-28 00:00:00,67.0,Lalbagh,66.5,108.89116398148144
2026-02-28 01:00:00,66.75,Lalbagh,73.5,77.44412079365078
2026-02-28 02:00:00,72.5,Lalbagh,92.25,78.60193548941793
2026-02-28 03:00:00,66.0,Lalbagh,105.25,88.64289667989411
2026-02-28 04:00:00,58.0,Lalbagh,107.75,80.93261842251236
2026-02-28 05:00:00,71.5,Lalbagh,113.25,82.37243458946605
2026-02-28 06:00:00,86.75,Lalbagh,106.5,92.22757947089944
2026-02-28 07:00:00,84.5,Lalbagh,85.75,118.33781020502647
2026-02-28 08:00:00,83.5,Lalbagh,78.75,113.27673330210709
2026-02-28 09:00:00,76.25,Lalbagh,85.0,101.58726375064005
2026-02-28 10:00:00,80.5,Lalbagh,81.0,88.94061921189127
2026-02-28 11:00:00,95.25,Lalbagh,65.0,73.85314785014002
2026-02-28 12:00:00,101.0,Lalbagh,58.0,82.12861846560855
2026-02-28 13:00:00,79.67,Lalbagh,85.0,91.89696869949502
2026-02-28 14:00:00,80.75,Lalbagh,82.5,92.55227036998134
2026-02-28 15:00:00,90.5,Lalbagh,81.5,100.54009281084659
2026-02-28 16:00:00,95.0,Lalbagh,87.0,102.62483319188426
2026-02-28 17:00:00,75.75,Lalbagh,94.0,101.01469386648743
2026-02-28 18:00:00,81.25,Lalbagh,81.75,96.72329992336574
2026-02-28 19:00:00,85.5,Lalbagh,77.75,103.35764595767193
2026-02-28 20:00:00,92.75,Lalbagh,90.25,104.55492949479434
2026-02-28 21:00:00,100.75,Lalbagh,82.25,105.32927168394777
2026-02-28 22:00:00,104.75,Lalbagh,74.0,103.93749524123919
2026-02-28 23:00:00,91.0,Lalbagh,70.67,109.58484760181277
2026-03-01 00:00:00,66.5,Lalbagh,73.25,102.32981787037033
2026-03-01 01:00:00,73.5,Lalbagh,84.0,90.40253748079873
2026-03-01 02:00:00,92.25,Lalbagh,94.75,99.9133749729375
2026-03-01 03:00:00,105.25,Lalbagh,97.0,108.90195806722689
2026-03-01 04:00:00,107.75,Lalbagh,103.25,96.6782207112333
2026-03-01 05:00:00,113.25,Lalbagh,109.0,100.80249066378073
2026-03-01 06:00:00,106.5,Lalbagh,110.0,98.99175114892961
2026-03-01 07:00:00,85.75,Lalbagh,77.25,102.849560000541
2026-03-01 08:00:00,78.75,Lalbagh,68.0,101.68188824307504
2026-03-01 09:00:00,85.0,Lalbagh,71.25,94.0251704100529
2026-03-01 10:00:00,81.0,Lalbagh,75.0,88.32152138064113
2026-03-01 11:00:00,65.0,Lalbagh,78.0,86.90781880678486
2026-03-01 12:00:00,58.0,Lalbagh,89.5,77.1614784900285
2026-03-01 13:00:00,85.0,Lalbagh,93.75,66.45638988095239
2026-03-01 14:00:00,82.5,Lalbagh,93.0,85.25926122752269
2026-03-01 15:00:00,81.5,Lalbagh,91.75,98.42622449649552
2026-03-01 16:00:00,87.0,Lalbagh,90.33,98.90261620605324
2026-03-01 17:00:00,94.0,Lalbagh,82.0,89.47059077786307
2026-03-01 18:00:00,81.75,Lalbagh,68.25,91.64107695918182
2026-03-01 19:00:00,77.75,Lalbagh,66.25,91.7268371079244
2026-03-01 20:00:00,90.25,Lalbagh,70.0,94.55900015739026
2026-03-01 21:00:00,82.25,Lalbagh,71.5,100.58406534187928
2026-03-01 22:00:00,74.0,Lalbagh,84.5,100.83773299760321
2026-03-01 23:00:00,70.67,Lalbagh,98.33,93.54128372280931
2026-03-02 00:00:00,73.25,Lalbagh,94.5,87.5533428281277
2026-03-02 01:00:00,84.0,Lalbagh,83.5,87.7539764115813
2026-03-02 02:00:00,94.75,Lalbagh,78.0,96.96564055852232
2026-03-02 03:00:00,97.0,Lalbagh,81.0,101.58430234053421
2026-03-02 04:00:00,103.25,Lalbagh,72.0,104.93774770537301
2026-03-02 05:00:00,109.0,Lalbagh,78.75,111.16865369576718
2026-03-02 06:00:00,110.0,Lalbagh,78.75,109.23928113741094
2026-03-02 07:00:00,77.25,Lalbagh,86.0,96.12075562223406
2026-03-02 08:00:00,68.0,Lalbagh,83.0,100.99136387566139
2026-03-02 09:00:00,71.25,Lalbagh,90.25,92.6736549235385
2026-03-02 10:00:00,75.0,Lalbagh,104.75,86.36460524431995
2026-03-02 11:00:00,78.0,Lalbagh,87.75,81.38382930361036
2026-03-02 12:00:00,89.5,Lalbagh,76.25,79.23306633699367
2026-03-02 13:00:00,93.75,Lalbagh,74.5,89.62488248640402
2026-03-02 14:00:00,93.0,Lalbagh,83.75,96.53844238359788
2026-03-02 15:00:00,91.75,Lalbagh,84.5,100.32460332010575
2026-03-02 16:00:00,90.33,Lalbagh,87.25,101.03469688013134
2026-03-02 17:00:00,82.0,Lalbagh,96.0,100.3431153299521
2026-03-02 18:00:00,68.25,Lalbagh,99.5,98.97027133341867
2026-03-02 19:00:00,66.25,Lalbagh,85.0,87.16287875085955
2026-03-02 20:00:00,70.0,Lalbagh,75.5,83.992807148962
2026-03-02 21:00:00,71.5,Lalbagh,75.75,88.46410706459959
2026-03-02 22:00:00,84.5,Lalbagh,65.5,92.26412724442223
2026-03-02 23:00:00,98.33,Lalbagh,70.0,101.92248510135619
2026-03-03 00:00:00,94.5,Lalbagh,73.5,107.37231998997171
2026-03-03 01:00:00,83.5,Lalbagh,69.75,102.82746274876258
2026-03-03 02:00:00,78.0,Lalbagh,82.5,98.34174661900806
2026-03-03 03:00:00,81.0,Lalbagh,76.25,99.01820167122192
2026-03-03 04:00:00,72.0,Lalbagh,76.25,101.16378153365577
2026-03-03 05:00:00,78.75,Lalbagh,79.0,87.59536802910048
2026-03-03 06:00:00,78.75,Lalbagh,70.5,102.44948149397327
2026-03-03 07:00:00,86.0,Lalbagh,74.75,105.88715340352445
2026-03-03 08:00:00,83.0,Lalbagh,68.0,98.66228975957047
2026-03-03 09:00:00,90.25,Lalbagh,62.25,97.54325267601119
2026-03-03 10:00:00,104.75,Lalbagh,60.5,87.61786993791603
2026-03-03 11:00:00,87.75,Lalbagh,71.0,99.23083747595004
2026-03-03 12:00:00,76.25,Lalbagh,74.25,87.9261572503608
2026-03-03 13:00:00,74.5,Lalbagh,81.25,82.75586179831524
2026-03-03 14:00:00,83.75,Lalbagh,87.5,84.45799452735677
2026-03-03 15:00:00,84.5,Lalbagh,82.25,97.47053978348956
2026-03-03 16:00:00,87.25,Lalbagh,86.5,99.22312122711301
2026-03-03 17:00:00,96.0,Lalbagh,74.75,98.63409363500595
2026-03-03 18:00:00,99.5,Lalbagh,57.0,97.1829427248677
2026-03-03 19:00:00,85.0,Lalbagh,56.5,100.77769426166424
2026-03-03 20:00:00,75.5,Lalbagh,67.25,94.32017309523808
2026-03-03 21:00:00,75.75,Lalbagh,69.5,91.3157645609319
2026-03-03 22:00:00,65.5,Lalbagh,81.75,95.24020731225464
2026-03-03 23:00:00,70.0,Lalbagh,83.33,79.65398481481469
2026-03-04 00:00:00,73.5,Lalbagh,68.75,82.85361451058193
2026-03-04 01:00:00,69.75,Lalbagh,74.5,95.99936985193722
2026-03-04 02:00:00,82.5,Lalbagh,77.25,97.93708742063492
2026-03-04 03:00:00,76.25,Lalbagh,85.0,109.18737487839228
2026-03-04 04:00:00,76.25,Lalbagh,98.5,104.7140138671275
2026-03-04 05:00:00,79.0,Lalbagh,108.0,104.823547526455
2026-03-04 06:00:00,70.5,Lalbagh,91.5,103.87810470899473
2026-03-04 07:00:00,74.75,Lalbagh,90.5,85.2351837301587
2026-03-04 08:00:00,68.0,Lalbagh,85.0,93.58799048024407
2026-03-04 09:00:00,62.25,Lalbagh,83.0,78.79976804112549
2026-03-04 10:00:00,60.5,Lalbagh,93.0,71.62896207551705
2026-03-04 11:00:00,71.0,Lalbagh,95.0,70.51820010461759
2026-03-04 12:00:00,74.25,Lalbagh,89.0,74.04936126984128
2026-03-04 13:00:00,81.25,Lalbagh,79.25,77.64032084656087
2026-03-04 14:00:00,87.5,Lalbagh,78.25,95.53470898012387
2026-03-04 15:00:00,82.25,Lalbagh,90.0,101.2011415722101
2026-03-04 16:00:00,86.5,Lalbagh,93.5,100.40970974912038
2026-03-04 17:00:00,74.75,Lalbagh,86.5,103.6800430979913
2026-03-04 18:00:00,57.0,Lalbagh,78.0,92.17795006237482
2026-03-04 19:00:00,56.5,Lalbagh,82.5,80.08835019980498
2026-03-04 20:00:00,67.25,Lalbagh,77.0,78.60573210456695
2026-03-04 21:00:00,69.5,Lalbagh,79.0,83.85761346560841
2026-03-04 22:00:00,81.75,Lalbagh,84.5,85.80895445511177
2026-03-04 23:00:00,83.33,Lalbagh,84.0,110.32461073818061
2026-03-05 00:00:00,68.75,Lalbagh,81.75,107.05117245639967
2026-03-05 01:00:00,74.5,Lalbagh,84.25,83.8236637816849
2026-03-05 02:00:00,77.25,Lalbagh,86.0,97.92353347627584
2026-03-05 03:00:00,85.0,Lalbagh,77.25,101.95588107548218
2026-03-05 04:00:00,98.5,Lalbagh,63.75,104.74623415087903
2026-03-05 05:00:00,108.0,Lalbagh,75.25,110.21475644099725
2026-03-05 06:00:00,91.5,Lalbagh,70.5,99.44812312409816
2026-03-05 07:00:00,90.5,Lalbagh,67.5,106.97047078668143
2026-03-05 08:00:00,85.0,Lalbagh,82.25,104.03349150304203
2026-03-05 09:00:00,83.0,Lalbagh,75.75,98.99437977738783
2026-03-05 10:00:00,93.0,Lalbagh,61.75,91.67406075064008
2026-03-05 11:00:00,95.0,Lalbagh,73.0,86.07179075420879
2026-03-05 12:00:00,89.0,Lalbagh,83.75,85.00721043410299
2026-03-05 13:00:00,79.25,Lalbagh,73.75,82.19846421981731
2026-03-05 14:00:00,78.25,Lalbagh,73.25,91.3439758275254
2026-03-05 15:00:00,90.0,Lalbagh,85.25,97.37745210978842
2026-03-05 16:00:00,93.5,Lalbagh,82.0,99.03166735201523
2026-03-05 17:00:00,86.5,Lalbagh,85.25,99.46512630952384
2026-03-05 18:00:00,78.0,Lalbagh,97.0,89.15966329365071
2026-03-05 19:00:00,82.5,Lalbagh,104.75,95.21155511111101
2026-03-05 20:00:00,77.0,Lalbagh,105.0,97.74953661119636
2026-03-05 21:00:00,79.0,Lalbagh,96.0,93.63917264294241
2026-03-05 22:00:00,84.5,Lalbagh,92.25,94.09473371437106
2026-03-05 23:00:00,84.0,Lalbagh,93.67,96.15236446833929
2026-03-06 00:00:00,81.75,Lalbagh,84.0,93.733376574074
2026-03-06 01:00:00,84.25,Lalbagh,77.5,96.35087105564082
2026-03-06 02:00:00,86.0,Lalbagh,70.75,97.91953192865674
2026-03-06 03:00:00,77.25,Lalbagh,73.25,99.06249897961746
2026-03-06 04:00:00,63.75,Lalbagh,89.0,97.08061875686235
2026-03-06 05:00:00,75.25,Lalbagh,99.75,80.6736048665223
2026-03-06 06:00:00,70.5,Lalbagh,86.5,93.79567242660788
2026-03-06 07:00:00,67.5,Lalbagh,80.75,76.83569918590656
2026-03-06 08:00:00,82.25,Lalbagh,91.75,78.4252129148629
2026-03-06 09:00:00,75.75,Lalbagh,102.0,96.72397714691074
2026-03-06 10:00:00,61.75,Lalbagh,89.25,88.25667028183133
2026-03-06 11:00:00,73.0,Lalbagh,70.75,70.8259047077922
2026-03-06 12:00:00,83.75,Lalbagh,59.25,77.42368469526093
2026-03-06 13:00:00,73.75,Lalbagh,53.5,83.27183565079369
2026-03-06 14:00:00,73.25,Lalbagh,67.5,78.07825578408784
2026-03-06 15:00:00,85.25,Lalbagh,88.75,86.50082326067695
2026-03-06 16:00:00,82.0,Lalbagh,97.25,102.80667192143889
2026-03-06 17:00:00,85.25,Lalbagh,95.0,100.17190158113097
2026-03-06 18:00:00,97.0,Lalbagh,90.75,94.43631680960914
2026-03-06 19:00:00,104.75,Lalbagh,89.25,104.7110205686279
2026-03-06 20:00:00,105.0,Lalbagh,92.25,103.75404134920639
2026-03-06 21:00:00,96.0,Lalbagh,81.5,99.50098130952382
2026-03-06 22:00:00,92.25,Lalbagh,79.5,105.90753514163447
2026-03-06 23:00:00,93.67,Lalbagh,93.0,105.51934438937501
2026-03-07 00:00:00,84.0,Lalbagh,105.0,104.92321839345838
2026-03-07 01:00:00,77.5,Lalbagh,108.5,103.1831419483655
2026-03-07 02:00:00,70.75,Lalbagh,103.75,101.81794334859342
2026-03-07 03:00:00,73.25,Lalbagh,83.0,96.12004605742295
2026-03-07 04:00:00,89.0,Lalbagh,74.25,97.35724714933286
2026-03-07 05:00:00,99.75,Lalbagh,67.5,109.71267401274648
2026-03-07 06:00:00,86.5,Lalbagh,70.0,114.04079890211636
2026-03-07 07:00:00,80.75,Lalbagh,63.5,108.55814698412695
2026-03-07 08:00:00,91.75,Lalbagh,52.0,107.63360335722815
2026-03-07 09:00:00,102.0,Lalbagh,57.75,106.82985573818053
2026-03-07 10:00:00,89.25,Lalbagh,78.0,92.71285121537505
2026-03-07 11:00:00,70.75,Lalbagh,87.0,86.17600155026457
2026-03-07 12:00:00,59.25,Lalbagh,72.0,76.03395817460314
2026-03-07 13:00:00,53.5,Lalbagh,61.25,67.48927369047622
2026-03-07 14:00:00,67.5,Lalbagh,76.25,55.73911326858813
2026-03-07 15:00:00,88.75,Lalbagh,76.0,87.488520296373
2026-03-07 16:00:00,97.25,Lalbagh,85.5,98.27890918020152
2026-03-07 17:00:00,95.0,Lalbagh,89.25,103.3585953136976
2026-03-07 18:00:00,90.75,Lalbagh,72.25,97.24677721081918
2026-03-07 19:00:00,89.25,Lalbagh,72.25,100.53377074882341
2026-03-07 20:00:00,92.25,Lalbagh,83.75,101.30414129203207
2026-03-07 21:00:00,81.5,Lalbagh,79.25,100.38139028674105
2026-03-07 22:00:00,79.5,Lalbagh,67.0,100.33309354784238
2026-03-07 23:00:00,93.0,Lalbagh,57.0,99.71778076573737
2026-03-08 00:00:00,105.0,Lalbagh,49.75,106.10085936251916
2026-03-08 01:00:00,108.5,Lalbagh,62.25,95.04299120022276
2026-03-08 02:00:00,103.75,Lalbagh,76.25,94.38886047859545
2026-03-08 03:00:00,83.0,Lalbagh,71.25,100.37328206589706
2026-03-08 04:00:00,74.25,Lalbagh,72.25,97.07158281925167
2026-03-08 05:00:00,67.5,Lalbagh,72.25,92.66648624948427
2026-03-08 06:00:00,70.0,Lalbagh,66.25,87.33134435651219
2026-03-08 07:00:00,63.5,Lalbagh,66.0,88.30787857057
2026-03-08 08:00:00,52.0,Lalbagh,62.5,84.81791833943835
2026-03-08 09:00:00,57.75,Lalbagh,56.25,89.98528452380958
2026-03-08 10:00:00,78.0,Lalbagh,54.0,83.57530403439151
2026-03-08 12:00:00,72.0,Lalbagh,26.5,76.63560544606298
2026-03-08 13:00:00,61.25,Lalbagh,28.0,73.28096294445395
2026-03-08 14:00:00,76.25,Lalbagh,49.5,69.88803282060195
2026-03-08 15:00:00,76.0,Lalbagh,48.0,98.32569618238719
2026-03-08 16:00:00,85.5,Lalbagh,61.5,97.3891812389144
2026-03-08 17:00:00,89.25,Lalbagh,66.0,102.14914926791951
2026-03-08 18:00:00,72.25,Lalbagh,68.0,101.0383368694781
2026-03-08 19:00:00,72.25,Lalbagh,50.5,85.90601734565922
2026-03-08 20:00:00,83.75,Lalbagh,50.0,86.02993527590827
2026-03-08 21:00:00,79.25,Lalbagh,50.0,98.2441927902001
2026-03-08 22:00:00,67.0,Lalbagh,37.75,94.6598822557371
2026-03-08 23:00:00,57.0,Lalbagh,93.0,82.34657943121687
2026-03-09 00:00:00,49.75,Lalbagh,100.75,78.2808947029822
2026-03-09 01:00:00,62.25,Lalbagh,87.5,86.62481996825406
2026-03-09 02:00:00,76.25,Lalbagh,65.75,76.88555396825394
2026-03-09 03:00:00,71.25,Lalbagh,84.25,113.05304319849807
2026-03-09 04:00:00,72.25,Lalbagh,67.5,101.43353877465128
2026-03-09 05:00:00,72.25,Lalbagh,67.0,104.37087429860163
2026-03-09 06:00:00,66.25,Lalbagh,88.25,100.5937998426207
2026-03-09 07:00:00,66.0,Lalbagh,90.0,92.60506829233404
2026-03-09 08:00:00,62.5,Lalbagh,98.75,90.50426710317461
2026-03-09 09:00:00,56.25,Lalbagh,98.0,82.52183148148151
2026-03-09 10:00:00,54.0,Lalbagh,104.75,71.91470886243393
2026-03-09 11:00:00,,Lalbagh,80.75,57.82488095763304
2026-03-12 12:00:00,117.0,Lalbagh,107.75,103.7509747510822
2026-03-12 13:00:00,113.25,Lalbagh,100.25,84.63461595840562
2026-03-12 14:00:00,90.0,Lalbagh,99.0,83.43345655660617
2026-03-12 15:00:00,74.5,Lalbagh,108.75,88.74342502950758
2026-03-12 16:00:00,70.25,Lalbagh,117.75,81.63846133868559
2026-03-12 17:00:00,79.5,Lalbagh,99.67,83.08056435783026
2026-03-12 18:00:00,87.75,Lalbagh,94.25,84.7183351575276
2026-03-12 19:00:00,85.0,Lalbagh,105.5,91.77564736652238
2026-03-12 20:00:00,83.0,Lalbagh,83.75,101.89787122116189
2026-03-12 21:00:00,70.5,Lalbagh,100.5,102.49207415766979
2026-03-12 22:00:00,72.75,Lalbagh,105.75,100.74740739495792
2026-03-12 23:00:00,99.67,Lalbagh,98.33,100.60696145762903
2026-03-13 00:00:00,110.5,Lalbagh,86.25,95.70916404912896
2026-03-13 01:00:00,87.75,Lalbagh,83.0,121.36520017371512
2026-03-13 02:00:00,104.25,Lalbagh,77.25,97.14552663581605
2026-03-13 03:00:00,107.0,Lalbagh,97.0,106.25624832168327
2026-03-13 04:00:00,117.5,Lalbagh,85.5,97.75186821204194
2026-03-13 05:00:00,95.75,Lalbagh,97.75,93.25113255638121
2026-03-13 06:00:00,85.25,Lalbagh,83.5,98.31891567668468
2026-03-13 07:00:00,98.5,Lalbagh,99.5,101.42119053835351
2026-03-13 08:00:00,111.5,Lalbagh,94.25,105.8352518313607
2026-03-13 09:00:00,115.75,Lalbagh,100.75,117.62151703638949
2026-03-13 10:00:00,116.0,Lalbagh,105.75,120.36280296296289
2026-03-13 11:00:00,101.5,Lalbagh,97.25,114.1925972515528
2026-03-13 12:00:00,107.75,Lalbagh,88.25,99.6937952434039
2026-03-13 15:00:00,108.75,Lalbagh,79.25,84.91233598901104
2026-03-13 17:00:00,99.67,Lalbagh,89.5,87.41000743626742
2026-03-13 18:00:00,94.25,Lalbagh,90.75,93.09580395462919
2026-03-13 19:00:00,105.5,Lalbagh,99.75,92.30663500721505
2026-03-13 20:00:00,83.75,Lalbagh,96.0,94.82848318783068
2026-03-13 21:00:00,100.5,Lalbagh,81.5,92.79737905881154
2026-03-13 22:00:00,105.75,Lalbagh,72.25,102.29703790700036
2026-03-13 23:00:00,98.33,Lalbagh,69.0,105.81914276803114
2026-03-14 00:00:00,86.25,Lalbagh,83.5,111.89272462897625
2026-03-14 01:00:00,83.0,Lalbagh,71.5,103.08365421991694
2026-03-14 02:00:00,77.25,Lalbagh,65.25,101.8077909373846
2026-03-14 03:00:00,97.0,Lalbagh,69.0,100.54658002454472
2026-03-14 04:00:00,85.5,Lalbagh,88.0,110.1572214180858
2026-03-14 05:00:00,97.75,Lalbagh,81.25,100.77361597526937
2026-03-14 06:00:00,83.5,Lalbagh,74.25,104.44488264840624
2026-03-14 07:00:00,99.5,Lalbagh,96.25,103.1093566563836
2026-03-14 08:00:00,94.25,Lalbagh,100.0,106.89145830494682
2026-03-14 09:00:00,100.75,Lalbagh,97.0,106.96973701429566
2026-03-14 11:00:00,97.25,Lalbagh,92.5,104.33700010822506
2026-03-14 12:00:00,88.25,Lalbagh,114.25,96.67517935475541
2026-03-19 14:00:00,65.0,Lalbagh,76.75,62.080725395345425
2026-03-19 15:00:00,48.25,Lalbagh,61.5,83.48122805194807
2026-03-19 16:00:00,41.0,Lalbagh,52.75,51.84567547501751
2026-03-19 17:00:00,41.0,Lalbagh,61.0,50.71929577219685
2026-03-19 19:00:00,76.5,Lalbagh,72.0,84.99107842677896
2026-03-19 20:00:00,74.0,Lalbagh,72.0,96.79563748501575
2026-03-19 21:00:00,57.75,Lalbagh,72.0,99.00299596790195
2026-03-19 23:00:00,60.0,Lalbagh,53.67,90.60308035261768
2026-03-20 00:00:00,65.75,Lalbagh,34.75,95.85299642287346
2026-03-20 01:00:00,78.0,Lalbagh,54.0,92.08063984689291
2026-03-20 02:00:00,87.0,Lalbagh,61.25,98.6060407542263
2026-03-20 03:00:00,85.75,Lalbagh,56.67,100.51059166860928
2026-03-20 05:00:00,75.5,Lalbagh,43.0,88.4614019243369
2026-03-20 06:00:00,73.0,Lalbagh,43.0,95.58333026232746
2026-03-20 10:00:00,87.5,Lalbagh,47.0,93.31214379794584
2026-03-20 11:00:00,76.75,Lalbagh,43.0,79.30366508201054
2026-03-20 12:00:00,64.25,Lalbagh,2.0,67.35145316972987
2026-03-20 13:00:00,76.25,Lalbagh,18.25,59.828385563909784
2026-03-20 14:00:00,76.75,Lalbagh,42.25,83.67723442710012
2026-03-20 15:00:00,61.5,Lalbagh,44.0,82.49919194444443
2026-03-20 16:00:00,52.75,Lalbagh,43.0,70.54550120845046
2026-03-20 17:00:00,61.0,Lalbagh,47.0,56.030944639007345
2026-03-20 18:00:00,,Lalbagh,36.75,87.21084504391492
2026-03-25 14:00:00,63.25,Lalbagh,23.25,60.196999685245316
2026-03-25 15:00:00,55.5,Lalbagh,45.25,80.79707157107512
2026-03-25 16:00:00,46.0,Lalbagh,43.0,63.2911170007783
2026-03-25 17:00:00,43.33,Lalbagh,42.75,46.12347876352619
2026-03-25 18:00:00,61.25,Lalbagh,40.25,53.1143441213677
2026-03-25 19:00:00,70.0,Lalbagh,38.5,75.38629737794933
2026-03-25 20:00:00,74.5,Lalbagh,38.0,78.07783561415316
2026-03-25 21:00:00,73.75,Lalbagh,38.0,80.29159246473176
2026-03-25 22:00:00,74.5,Lalbagh,38.0,80.65392727828083
2026-03-25 23:00:00,64.33,Lalbagh,37.67,86.36502310902414
2026-03-26 00:00:00,69.0,Lalbagh,37.25,87.03434687676425
2026-03-26 01:00:00,67.25,Lalbagh,39.0,86.10289894281642
2026-03-26 02:00:00,54.25,Lalbagh,39.25,79.77078474969484
2026-03-26 03:00:00,50.0,Lalbagh,38.0,76.17644710259832
2026-03-26 04:00:00,57.25,Lalbagh,38.0,78.88396762382379
2026-03-26 05:00:00,66.5,Lalbagh,38.0,80.13303237573099
2026-03-26 06:00:00,56.75,Lalbagh,38.0,75.39742751066733
2026-03-26 07:00:00,42.0,Lalbagh,37.5,77.50534846098836
2026-03-26 08:00:00,38.75,Lalbagh,36.5,84.314076716442
2026-03-26 09:00:00,57.75,Lalbagh,36.5,78.93059742860943
2026-03-26 10:00:00,66.5,Lalbagh,37.0,82.7521298664574
2026-03-26 11:00:00,75.0,Lalbagh,37.0,74.34766503968254
2026-03-26 12:00:00,,Lalbagh,37.0,82.87352660956877
2026-04-03 12:00:00,46.75,Lalbagh,70.25,43.67566849624883
2026-04-03 13:00:00,53.0,Lalbagh,68.75,44.554267208150364
2026-04-03 14:00:00,41.25,Lalbagh,56.75,42.42974367269724
2026-04-03 15:00:00,39.0,Lalbagh,43.25,44.30674043771435
2026-04-03 16:00:00,53.0,Lalbagh,41.0,45.88705306248119
2026-04-03 17:00:00,62.33,Lalbagh,43.75,51.70387366051171
2026-04-03 18:00:00,71.5,Lalbagh,51.33,66.67191494912493
2026-04-03 19:00:00,91.25,Lalbagh,69.5,75.64722604710093
2026-04-03 20:00:00,85.0,Lalbagh,67.0,84.54133569244887
2026-04-03 21:00:00,82.0,Lalbagh,39.5,79.5407196655441
2026-04-03 22:00:00,74.25,Lalbagh,30.0,78.4902225700076
2026-04-03 23:00:00,67.33,Lalbagh,19.33,73.76484190960561
2026-04-04 00:00:00,58.75,Lalbagh,21.0,68.24180061579911
2026-04-04 01:00:00,50.5,Lalbagh,22.0,68.80862890361422
2026-04-04 08:00:00,46.5,Lalbagh,37.67,75.74149871138124
2026-04-04 09:00:00,51.5,Lalbagh,25.25,69.08256308104448
2026-04-04 10:00:00,62.25,Lalbagh,22.0,63.94886791409763
2026-04-04 11:00:00,69.0,Lalbagh,31.25,59.351340013227514
2026-04-04 12:00:00,70.25,Lalbagh,36.25,57.79659667989415
2026-04-04 13:00:00,68.75,Lalbagh,33.25,55.917844373924986
2026-04-04 14:00:00,56.75,Lalbagh,25.25,56.17968145250628
2026-04-04 15:00:00,43.25,Lalbagh,18.25,54.844409055361005
2026-04-04 16:00:00,41.0,Lalbagh,30.5,48.92390003291391
2026-04-04 17:00:00,43.75,Lalbagh,41.25,51.45875829905219
2026-04-04 18:00:00,51.33,Lalbagh,33.25,54.81024477610349
2026-04-04 19:00:00,69.5,Lalbagh,25.5,67.31054372956702
2026-04-04 20:00:00,67.0,Lalbagh,30.75,74.72634913738271
2026-04-04 21:00:00,39.5,Lalbagh,41.5,78.23460690716045
2026-04-04 22:00:00,30.0,Lalbagh,39.0,70.26935318510735
2026-04-04 23:00:00,19.33,Lalbagh,31.0,70.15036964166009
2026-04-05 00:00:00,21.0,Lalbagh,44.25,64.11062121633321
2026-04-05 01:00:00,22.0,Lalbagh,53.5,59.3709703048319
2026-04-05 02:00:00,,Lalbagh,44.0,59.58713078327135
2026-04-14 13:00:00,,Lalbagh,41.25,64.49427421957668
2026-05-04 14:00:00,,Lalbagh,18.25,24.482886626984133
2026-05-16 20:00:00,34.83,Lalbagh,110.38,77.20334966909792
2026-05-16 21:00:00,21.33,Lalbagh,83.05,88.29511453823953
2026-05-16 22:00:00,46.35,Lalbagh,58.13,77.53740440476192
2026-05-16 23:00:00,31.57,Lalbagh,51.73,79.21264343314095
2026-05-17 00:00:00,33.03,Lalbagh,60.65,75.35392001322752
2026-05-17 01:00:00,32.75,Lalbagh,190.9,67.04726019841267
2026-05-17 03:00:00,66.9,Lalbagh,140.8,80.23679716238007
2026-05-17 04:00:00,87.78,Lalbagh,91.85,67.73901290532521
2026-05-17 05:00:00,83.93,Lalbagh,79.3,80.34339367146936
2026-05-17 06:00:00,90.0,Lalbagh,71.53,73.41692415701259
2026-05-17 07:00:00,91.2,Lalbagh,50.45,79.94947765579008
2026-05-17 08:00:00,77.98,Lalbagh,67.9,71.3431063361239
2026-05-17 09:00:00,82.65,Lalbagh,55.9,74.04495824520828
2026-05-17 10:00:00,62.48,Lalbagh,54.08,64.24513674711616
2026-05-17 11:00:00,62.4,Lalbagh,108.3,62.84544066475095
2026-05-17 12:00:00,66.35,Lalbagh,71.38,60.49708825175191
2026-05-17 13:00:00,82.2,Lalbagh,134.85,62.08108553461495
2026-05-17 14:00:00,67.58,Lalbagh,94.25,69.97085569036592
2026-05-17 15:00:00,44.53,Lalbagh,97.3,66.43989044501562
2026-05-17 16:00:00,23.53,Lalbagh,120.9,56.65280708373445
2026-05-17 17:00:00,11.8,Lalbagh,70.97,55.38057237960884
2026-05-17 18:00:00,5.88,Lalbagh,94.1,54.70101861162607
2026-05-17 21:00:00,83.05,Lalbagh,131.0,91.46812088624347
2026-05-17 22:00:00,58.13,Lalbagh,70.65,74.88537406246255
2026-05-17 23:00:00,51.73,Lalbagh,55.13,62.15104775271507
2026-05-18 00:00:00,60.65,Lalbagh,106.68,65.1276621296296
2026-05-18 01:00:00,190.9,Lalbagh,131.98,64.16454636718834
2026-05-25 10:00:00,50.45,Lalbagh,53.95,68.836138501221
2026-05-25 11:00:00,64.1,Lalbagh,53.1,56.9264274942202
2026-05-25 12:00:00,,Lalbagh,54.0,65.69007244954119
2026-06-01 23:00:00,39.77,Lalbagh,31.5,32.03557601851851
2026-06-02 00:00:00,43.0,Lalbagh,27.75,31.867949246031767
2026-06-02 01:00:00,38.5,Lalbagh,21.35,31.43829448412699
2026-06-02 02:00:00,36.5,Lalbagh,37.25,30.610813597883602
2026-06-02 03:00:00,36.23,Lalbagh,33.95,30.854633835978834
2026-06-02 04:00:00,38.55,Lalbagh,36.1,30.48661097883599
2026-06-02 05:00:00,46.63,Lalbagh,21.9,30.540700343915372
2026-06-02 06:00:00,46.08,Lalbagh,41.38,30.29950423280427
2026-06-02 07:00:00,42.65,Lalbagh,52.88,31.399880343915363
2026-06-02 08:00:00,44.7,Lalbagh,44.95,32.13391966931218
2026-06-02 09:00:00,46.32,Lalbagh,58.15,30.114009153439145
2026-06-02 10:00:00,55.8,Lalbagh,38.73,29.997057089947095
2026-06-02 11:00:00,35.4,Lalbagh,27.15,41.551830610870596
2026-06-02 12:00:00,,Lalbagh,14.05,31.519795224867714
2026-06-18 16:00:00,49.85,Lalbagh,54.58,59.50268544973539
2026-06-18 17:00:00,54.78,Lalbagh,58.83,53.28289083696799
2026-06-18 20:00:00,47.18,Lalbagh,56.93,59.82691161255416
2026-06-18 21:00:00,47.45,Lalbagh,62.83,59.93144292207796
2026-06-18 22:00:00,52.05,Lalbagh,57.28,58.149379152236676
2026-06-18 23:00:00,61.17,Lalbagh,56.67,62.092190717893246
2026-06-19 00:00:00,46.25,Lalbagh,56.5,59.487220158730175
2026-06-19 01:00:00,41.95,Lalbagh,43.65,55.88674752983882
2026-06-19 02:00:00,43.2,Lalbagh,43.63,60.948421259997524
2026-06-19 10:00:00,48.78,Lalbagh,50.63,71.80930876853304
2026-06-19 13:00:00,55.58,Lalbagh,50.1,51.515082341269824
2026-06-19 14:00:00,50.55,Lalbagh,48.28,50.01050782123959
2026-06-19 15:00:00,53.68,Lalbagh,54.8,51.96239113185425
2026-06-19 16:00:00,54.58,Lalbagh,51.83,51.03812014880953
2026-06-19 17:00:00,58.83,Lalbagh,60.73,56.79336994019557
2026-06-19 18:00:00,50.85,Lalbagh,83.2,63.81854004298949
2026-06-19 19:00:00,52.0,Lalbagh,78.43,54.21939822751322
2026-06-19 20:00:00,56.93,Lalbagh,64.58,51.86018866740493
2026-06-19 21:00:00,62.83,Lalbagh,59.2,59.372884973544984
2026-06-19 22:00:00,57.28,Lalbagh,57.65,64.07124607142858
2026-06-19 23:00:00,56.67,Lalbagh,50.17,63.21509535714284
2026-06-20 00:00:00,56.5,Lalbagh,65.05,58.44207793650792
2026-06-20 01:00:00,43.65,Lalbagh,69.78,56.452530476190454
2026-06-20 02:00:00,43.63,Lalbagh,72.33,54.83022748053628
2026-06-20 03:00:00,46.73,Lalbagh,63.8,57.04776991101491
2026-06-20 04:00:00,50.35,Lalbagh,44.45,61.12652578703697
2026-06-20 05:00:00,57.7,Lalbagh,35.4,58.50937318783063
2026-06-20 06:00:00,63.97,Lalbagh,33.1,65.36894227513227
2026-06-20 07:00:00,58.1,Lalbagh,34.8,67.71748476190476
2026-06-20 08:00:00,45.0,Lalbagh,40.03,67.83028507936508
2026-06-20 09:00:00,45.68,Lalbagh,43.25,55.77964479196728
2026-06-20 10:00:00,50.63,Lalbagh,38.4,53.78716557479559
2026-06-20 12:00:00,51.3,Lalbagh,46.8,50.90107495802805
2026-06-20 13:00:00,50.1,Lalbagh,53.23,49.54632423881674
2026-06-20 14:00:00,48.28,Lalbagh,59.78,51.21043357142856
2026-06-20 17:00:00,60.73,Lalbagh,46.63,55.33855026605339
2026-06-20 18:00:00,83.2,Lalbagh,63.03,60.693613118386224
2026-06-20 19:00:00,78.43,Lalbagh,67.53,73.22141293650796
2026-06-20 20:00:00,64.58,Lalbagh,52.68,73.25564753968251
2026-06-20 23:00:00,50.17,Lalbagh,42.37,62.45953722222222
2026-06-21 00:00:00,65.05,Lalbagh,43.85,58.539080291005256
2026-06-21 01:00:00,69.78,Lalbagh,35.95,64.35561945767198
2026-06-21 02:00:00,72.33,Lalbagh,35.08,67.99154183862437
2026-06-21 03:00:00,63.8,Lalbagh,39.5,73.56938186577553
2026-06-21 04:00:00,44.45,Lalbagh,40.73,72.63363974937346
2026-06-21 05:00:00,35.4,Lalbagh,64.2,61.85667264021168
2026-06-21 06:00:00,33.1,Lalbagh,69.82,71.06711443121695
2026-06-21 07:00:00,34.8,Lalbagh,62.6,67.96437092857147
2026-06-21 08:00:00,40.03,Lalbagh,52.83,63.04476013612316
2026-06-21 09:00:00,43.25,Lalbagh,61.08,58.352828412698415
2026-06-21 10:00:00,38.4,Lalbagh,66.7,57.534614936267424
2026-06-21 13:00:00,53.23,Lalbagh,27.1,56.57996148088028
2026-06-21 14:00:00,59.78,Lalbagh,33.75,55.975290923335976
2026-06-21 15:00:00,56.3,Lalbagh,31.5,64.70625570586822
2026-06-21 16:00:00,48.55,Lalbagh,30.25,59.32162148869647
2026-06-21 17:00:00,46.63,Lalbagh,28.3,57.56817861427109
2026-06-21 18:00:00,63.03,Lalbagh,22.78,59.920902685185126
2026-06-21 19:00:00,67.53,Lalbagh,19.78,69.86520219576724
2026-06-21 20:00:00,52.68,Lalbagh,16.08,68.74691794937794
2026-06-21 21:00:00,45.2,Lalbagh,9.13,62.685442748917716
2026-06-21 22:00:00,38.9,Lalbagh,5.98,61.32842814574315
2026-06-21 23:00:00,42.37,Lalbagh,10.1,62.22552110509857
2026-06-22 00:00:00,43.85,Lalbagh,19.13,61.47750568783066
2026-06-22 01:00:00,35.95,Lalbagh,21.55,59.69824723544972
2026-06-22 02:00:00,35.08,Lalbagh,18.33,57.71444907407404
2026-06-22 03:00:00,39.5,Lalbagh,19.33,55.90233103174599
2026-06-22 04:00:00,40.73,Lalbagh,18.53,45.46095814814814
2026-06-22 05:00:00,64.2,Lalbagh,14.75,43.56040821428573
2026-06-22 06:00:00,69.82,Lalbagh,13.58,62.97347894179895
2026-06-22 07:00:00,62.6,Lalbagh,12.88,68.58119702380955
2026-06-22 08:00:00,52.83,Lalbagh,31.63,66.92083158730156
2026-06-22 09:00:00,61.08,Lalbagh,31.45,57.93437681929179
2026-06-22 10:00:00,66.7,Lalbagh,36.73,59.0702698833574
2026-06-22 11:00:00,,Lalbagh,43.15,60.24640875901879
2026-07-12 21:00:00,26.65,Lalbagh,26.65,32.60484509259259
2026-07-12 22:00:00,26.68,Lalbagh,36.7,31.641857976190483
2026-07-12 23:00:00,19.63,Lalbagh,45.87,32.51521996031745
2026-07-13 00:00:00,19.7,Lalbagh,34.25,23.627038332744522
2026-07-13 01:00:00,26.13,Lalbagh,36.83,22.210164476924405
2026-07-13 02:00:00,27.45,Lalbagh,40.98,23.430666038256287
2026-07-13 03:00:00,36.63,Lalbagh,28.63,24.45624621394173
2026-07-13 04:00:00,45.58,Lalbagh,25.6,25.747850096889735
2026-07-13 05:00:00,45.93,Lalbagh,29.38,26.544268787816407
2026-07-13 06:00:00,40.8,Lalbagh,28.15,23.13208397674221
2026-07-13 07:00:00,31.2,Lalbagh,25.3,24.433316756854257
2026-07-13 08:00:00,22.95,Lalbagh,26.1,25.457252152793593
2026-07-13 09:00:00,23.17,Lalbagh,25.98,24.872879374770108
2026-07-13 10:00:00,34.58,Lalbagh,34.7,23.25274437014831
2026-07-13 13:00:00,38.98,Lalbagh,44.9,28.170249015224076
2026-07-13 14:00:00,37.5,Lalbagh,49.55,27.756346112013
2026-07-13 15:00:00,32.93,Lalbagh,35.08,28.573076231060597
2026-07-13 16:00:00,35.43,Lalbagh,41.43,27.01332724074073
2026-07-13 17:00:00,35.63,Lalbagh,55.63,28.650258677248658
2026-07-13 18:00:00,39.4,Lalbagh,43.0,28.906639178849904
2026-07-13 19:00:00,37.08,Lalbagh,48.48,30.369076254578733
2026-07-13 21:00:00,26.65,Lalbagh,42.0,28.96301188961039
2026-07-13 22:00:00,36.7,Lalbagh,32.3,27.308609597180592
2026-07-13 23:00:00,45.87,Lalbagh,31.17,26.761563643578643
2026-07-14 00:00:00,34.25,Lalbagh,57.3,26.384242447786132
2026-07-14 01:00:00,36.83,Lalbagh,52.3,25.723958744588746
2026-07-14 02:00:00,40.98,Lalbagh,46.07,26.378465693701727
2026-07-14 04:00:00,25.6,Lalbagh,39.2,29.251138682539658
2026-07-14 05:00:00,29.38,Lalbagh,35.22,28.486379714285714
2026-07-14 06:00:00,28.15,Lalbagh,37.03,26.529714452032636
2026-07-14 07:00:00,25.3,Lalbagh,42.95,24.168991149242846
2026-07-14 08:00:00,26.1,Lalbagh,43.4,22.365527419084092
2026-07-14 09:00:00,25.98,Lalbagh,39.7,22.390074652816665
2026-07-14 11:00:00,52.83,Lalbagh,35.0,26.82598847883598
2026-07-14 12:00:00,41.9,Lalbagh,47.0,26.45361209633279
2026-07-14 13:00:00,44.9,Lalbagh,38.78,25.12241019841271
2026-07-14 14:00:00,49.55,Lalbagh,43.8,26.81060575396827
2026-07-14 15:00:00,35.08,Lalbagh,51.85,30.08069130952379
2026-07-14 16:00:00,41.43,Lalbagh,54.08,28.360096679894166
2026-07-14 17:00:00,55.63,Lalbagh,42.25,30.405054365079348
2026-07-14 18:00:00,43.0,Lalbagh,53.38,40.041497222222205
2026-07-14 19:00:00,48.48,Lalbagh,53.95,32.25865661375661
2026-07-14 20:00:00,47.47,Lalbagh,46.33,30.887888928571417
2026-07-14 21:00:00,42.0,Lalbagh,46.58,29.947701269841268
2026-07-14 22:00:00,32.3,Lalbagh,63.97,32.95299413299664
2026-07-14 23:00:00,31.17,Lalbagh,66.37,29.748394682539676
2026-07-15 00:00:00,57.3,Lalbagh,44.15,30.808914722222223
2026-07-15 01:00:00,52.3,Lalbagh,42.4,42.06212060846565
2026-07-15 02:00:00,46.07,Lalbagh,34.35,34.54640271164023
2026-07-15 03:00:00,,Lalbagh,29.87,40.82528412087912
2026-08-10 11:00:00,54.78,Lalbagh,39.8,49.15496295612116
2026-08-10 13:00:00,28.4,Lalbagh,39.4,21.751973730158745
2026-08-10 14:00:00,47.22,Lalbagh,40.15,21.23100882275134
2026-08-10 15:00:00,32.5,Lalbagh,35.3,22.47653630170908
2026-08-10 16:00:00,44.4,Lalbagh,32.6,20.187993862433853
2026-08-10 17:00:00,38.03,Lalbagh,43.03,22.663002870370374
2026-08-10 18:00:00,30.6,Lalbagh,51.33,20.982360072045513
2026-08-10 19:00:00,36.53,Lalbagh,50.1,30.835702386243387
2026-08-10 20:00:00,38.13,Lalbagh,46.2,31.112354920634935
2026-08-10 21:00:00,31.4,Lalbagh,52.35,32.95074424603174
2026-08-10 22:00:00,25.53,Lalbagh,55.38,32.045883730158714
2026-08-10 23:00:00,37.0,Lalbagh,48.77,29.841388849206353
2026-08-11 06:00:00,44.17,Lalbagh,42.5,25.23623043880838
2026-08-23 16:00:00,17.1,Lalbagh,24.6,27.263047486772482
2026-08-23 17:00:00,24.15,Lalbagh,34.2,26.748816088554733
2026-08-23 18:00:00,25.88,Lalbagh,40.55,25.962374369952663
2026-08-23 19:00:00,26.1,Lalbagh,45.23,31.13135667989416
2026-08-23 20:00:00,,Lalbagh,39.23,30.582188650793626
2026-08-27 14:00:00,18.48,Lalbagh,18.2,21.751625793900914
2026-08-27 16:00:00,6.83,Lalbagh,26.4,21.07660569076348
2026-08-27 17:00:00,16.88,Lalbagh,28.73,22.339347973780605
2026-08-27 18:00:00,26.78,Lalbagh,37.38,23.255620911680904
2026-08-27 19:00:00,28.2,Lalbagh,35.95,37.68303177248676
2026-08-27 20:00:00,23.4,Lalbagh,38.27,40.05266194444445
2026-08-27 21:00:00,,Lalbagh,41.15,41.860753253968234
2026-01-01 00:00:00,94.0,Talkatora DIC,137.75,136.45743371572865
2026-01-01 01:00:00,74.5,Talkatora DIC,134.0,115.4213978691679
2026-01-01 02:00:00,70.5,Talkatora DIC,135.5,99.9060797883598
2026-01-01 03:00:00,69.25,Talkatora DIC,131.0,92.16137421957671
2026-01-01 04:00:00,72.25,Talkatora DIC,118.5,88.49940238095233
2026-01-01 05:00:00,74.0,Talkatora DIC,115.25,90.36320771164024
2026-01-01 06:00:00,72.5,Talkatora DIC,111.5,96.9299859998275
2026-01-01 07:00:00,76.75,Talkatora DIC,108.5,90.96982054232807
2026-01-01 08:00:00,89.25,Talkatora DIC,114.0,96.48821788359788
2026-01-01 09:00:00,96.5,Talkatora DIC,112.0,100.46643470177973
2026-01-01 10:00:00,99.0,Talkatora DIC,113.0,111.04041959250625
2026-01-01 11:00:00,97.25,Talkatora DIC,106.25,114.44501589914083
2026-01-01 12:00:00,89.75,Talkatora DIC,94.75,109.21607741830071
2026-01-01 13:00:00,90.75,Talkatora DIC,95.75,101.95688059523805
2026-01-01 14:00:00,101.0,Talkatora DIC,108.5,103.40363897426641
2026-01-01 15:00:00,106.75,Talkatora DIC,113.75,121.48051976270646
2026-01-01 16:00:00,103.5,Talkatora DIC,103.75,125.14446631834224
2026-01-01 17:00:00,103.5,Talkatora DIC,92.75,125.0355252829886
2026-01-01 18:00:00,110.25,Talkatora DIC,81.25,135.31661299863705
2026-01-01 19:00:00,135.75,Talkatora DIC,78.0,147.3443004509379
2026-01-01 20:00:00,159.75,Talkatora DIC,86.0,150.00939755411264
2026-01-01 21:00:00,156.67,Talkatora DIC,87.75,141.25419557196625
2026-01-01 22:00:00,143.5,Talkatora DIC,80.75,139.19765273919165
2026-01-01 23:00:00,141.0,Talkatora DIC,74.33,139.94058929347068
2026-01-02 00:00:00,137.75,Talkatora DIC,63.75,147.46196257591453
2026-01-02 01:00:00,134.0,Talkatora DIC,57.5,127.26481031147239
2026-01-02 02:00:00,135.5,Talkatora DIC,41.25,115.12277459718668
2026-01-02 03:00:00,131.0,Talkatora DIC,41.5,111.90673008948019
2026-01-02 04:00:00,118.5,Talkatora DIC,49.0,101.73627457212675
2026-01-02 05:00:00,115.25,Talkatora DIC,43.25,94.0146005595068
2026-01-02 06:00:00,111.5,Talkatora DIC,38.0,91.76880264020683
2026-01-02 07:00:00,108.5,Talkatora DIC,38.75,97.67502482325104
2026-01-02 08:00:00,114.0,Talkatora DIC,42.0,102.55185575722089
2026-01-02 09:00:00,112.0,Talkatora DIC,45.25,102.32313095344573
2026-01-02 10:00:00,113.0,Talkatora DIC,46.5,100.17802828923591
2026-01-02 11:00:00,106.25,Talkatora DIC,42.75,98.08718413207124
2026-01-02 12:00:00,94.75,Talkatora DIC,42.75,94.14115611514472
2026-01-02 13:00:00,95.75,Talkatora DIC,52.75,95.89958770618041
2026-01-02 14:00:00,108.5,Talkatora DIC,55.75,97.31411967990307
2026-01-02 15:00:00,113.75,Talkatora DIC,54.0,104.3372741866801
2026-01-02 16:00:00,103.75,Talkatora DIC,60.5,104.08732255164709
2026-01-02 17:00:00,92.75,Talkatora DIC,68.25,102.79271894714972
2026-01-02 18:00:00,81.25,Talkatora DIC,81.0,117.68745002421657
2026-01-02 19:00:00,78.0,Talkatora DIC,101.0,135.82980489417997
2026-01-02 20:00:00,86.0,Talkatora DIC,127.0,135.0348216005291
2026-01-02 21:00:00,87.75,Talkatora DIC,133.75,150.76918370025302
2026-01-02 22:00:00,80.75,Talkatora DIC,114.5,136.184160349928
2026-01-02 23:00:00,74.33,Talkatora DIC,103.0,124.5926387301588
2026-01-03 00:00:00,63.75,Talkatora DIC,88.75,92.73915614014639
2026-01-03 01:00:00,57.5,Talkatora DIC,84.25,83.01401908876576
2026-01-03 02:00:00,41.25,Talkatora DIC,84.0,81.53403905196207
2026-01-03 03:00:00,41.5,Talkatora DIC,81.0,68.96214940616909
2026-01-03 04:00:00,49.0,Talkatora DIC,81.0,67.41606419452889
2026-01-03 05:00:00,43.25,Talkatora DIC,77.25,68.91858581010456
2026-01-03 06:00:00,38.0,Talkatora DIC,69.75,67.47341218253969
2026-01-03 07:00:00,38.75,Talkatora DIC,68.0,68.66112341269842
2026-01-03 08:00:00,42.0,Talkatora DIC,78.5,72.13383750000001
2026-01-03 09:00:00,45.25,Talkatora DIC,98.25,73.68281928571429
2026-01-03 10:00:00,46.5,Talkatora DIC,107.0,78.42475932539686
2026-01-03 11:00:00,42.75,Talkatora DIC,94.5,81.75686525132278
2026-01-03 12:00:00,42.75,Talkatora DIC,85.5,82.21417555555556
2026-01-03 13:00:00,52.75,Talkatora DIC,89.0,84.70003428571432
2026-01-03 14:00:00,55.75,Talkatora DIC,89.0,86.79504163354618
2026-01-03 15:00:00,54.0,Talkatora DIC,87.0,87.27793246687952
2026-01-03 16:00:00,60.5,Talkatora DIC,90.75,84.69717371743994
2026-01-03 17:00:00,68.25,Talkatora DIC,95.25,84.28346793803416
2026-01-03 18:00:00,81.0,Talkatora DIC,103.0,90.12240733846204
2026-01-03 19:00:00,101.0,Talkatora DIC,154.5,109.80354932753035
2026-01-03 20:00:00,127.0,Talkatora DIC,241.75,118.81908232681289
2026-01-03 21:00:00,133.75,Talkatora DIC,305.33,129.4379369444445
2026-01-03 22:00:00,114.5,Talkatora DIC,318.25,142.8959573412698
2026-01-03 23:00:00,103.0,Talkatora DIC,263.0,109.48090055898521
2026-01-04 00:00:00,88.75,Talkatora DIC,182.75,96.35212586135069
2026-01-04 01:00:00,84.25,Talkatora DIC,150.25,87.76036916305917
2026-01-04 02:00:00,84.0,Talkatora DIC,143.5,73.02896850529096
2026-01-04 03:00:00,81.0,Talkatora DIC,125.75,72.4904362037037
2026-01-04 04:00:00,81.0,Talkatora DIC,97.25,73.59228403920153
2026-01-04 05:00:00,77.25,Talkatora DIC,83.5,74.2835715011724
2026-01-04 06:00:00,69.75,Talkatora DIC,82.0,71.09990450336184
2026-01-04 07:00:00,68.0,Talkatora DIC,91.0,68.9274933788536
2026-01-04 08:00:00,78.5,Talkatora DIC,115.75,70.32429503568237
2026-01-04 09:00:00,98.25,Talkatora DIC,128.25,77.05554883549483
2026-01-04 10:00:00,107.0,Talkatora DIC,116.0,81.24660190030038
2026-01-04 11:00:00,94.5,Talkatora DIC,106.0,82.59473580388317
2026-01-04 12:00:00,85.5,Talkatora DIC,6.0,77.01456881433384
2026-01-04 13:00:00,89.0,Talkatora DIC,48.25,77.81976729920343
2026-01-04 14:00:00,89.0,Talkatora DIC,79.0,82.74414929361049
2026-01-04 15:00:00,87.0,Talkatora DIC,74.5,82.30579446060035
2026-01-04 16:00:00,90.75,Talkatora DIC,70.25,81.12084080980668
2026-01-04 17:00:00,95.25,Talkatora DIC,79.5,88.66974975023581
2026-01-04 18:00:00,103.0,Talkatora DIC,92.75,103.33589407322299
2026-01-04 19:00:00,154.5,Talkatora DIC,106.75,112.98376212907417
2026-01-04 20:00:00,241.75,Talkatora DIC,116.75,176.6333181778352
2026-01-04 21:00:00,305.33,Talkatora DIC,123.5,175.78524919312164
2026-01-04 22:00:00,318.25,Talkatora DIC,111.0,168.72359974867723
2026-01-04 23:00:00,263.0,Talkatora DIC,96.0,237.3452004761905
2026-01-05 00:00:00,182.75,Talkatora DIC,82.75,217.9334403042329
2026-01-05 01:00:00,150.25,Talkatora DIC,71.5,179.78160498677252
2026-01-05 02:00:00,143.5,Talkatora DIC,66.75,165.4882082407407
2026-01-05 03:00:00,125.75,Talkatora DIC,70.75,155.1020183597884
2026-01-05 04:00:00,97.25,Talkatora DIC,70.0,147.22441962962966
2026-01-05 05:00:00,83.5,Talkatora DIC,71.5,117.65450687830683
2026-01-05 06:00:00,82.0,Talkatora DIC,72.0,100.24639353174597
2026-01-05 07:00:00,91.0,Talkatora DIC,65.67,96.42076964285718
2026-01-05 08:00:00,115.75,Talkatora DIC,70.75,108.68550538853444
2026-01-05 09:00:00,128.25,Talkatora DIC,80.25,120.67891484620644
2026-01-05 10:00:00,116.0,Talkatora DIC,86.25,124.58643050264553
2026-01-05 11:00:00,106.0,Talkatora DIC,97.5,105.99465953657291
2026-01-05 12:00:00,6.0,Talkatora DIC,99.75,97.56458446640787
2026-01-05 13:00:00,48.25,Talkatora DIC,101.0,91.71493164021157
2026-01-05 14:00:00,79.0,Talkatora DIC,103.25,87.94117035714278
2026-01-05 15:00:00,74.5,Talkatora DIC,104.25,116.8369390053137
2026-01-05 16:00:00,70.25,Talkatora DIC,99.25,111.8380491257537
2026-01-05 17:00:00,79.5,Talkatora DIC,101.25,101.0596528703704
2026-01-05 18:00:00,92.75,Talkatora DIC,99.0,110.0696128727754
2026-01-05 19:00:00,106.75,Talkatora DIC,98.0,117.60725968253963
2026-01-05 20:00:00,116.75,Talkatora DIC,100.0,137.52408117724866
2026-01-05 21:00:00,123.5,Talkatora DIC,102.5,140.40405005291
2026-01-05 22:00:00,111.0,Talkatora DIC,96.5,137.6769058333333
2026-01-05 23:00:00,96.0,Talkatora DIC,85.33,134.75117163929946
2026-01-06 00:00:00,82.75,Talkatora DIC,81.25,158.71990944444454
2026-01-06 01:00:00,71.5,Talkatora DIC,83.5,97.59736694324194
2026-01-06 02:00:00,66.75,Talkatora DIC,79.25,94.98531434906704
2026-01-06 03:00:00,70.75,Talkatora DIC,75.5,92.40614287037035
2026-01-06 04:00:00,70.0,Talkatora DIC,77.25,99.91050689273695
2026-01-06 05:00:00,71.5,Talkatora DIC,78.25,89.50417977513229
2026-01-06 06:00:00,72.0,Talkatora DIC,86.0,87.27666841269838
2026-01-06 07:00:00,65.67,Talkatora DIC,93.25,89.38070953580663
2026-01-06 08:00:00,70.75,Talkatora DIC,93.33,92.03730694444445
2026-01-06 09:00:00,80.25,Talkatora DIC,96.75,93.04601637566138
2026-01-06 10:00:00,86.25,Talkatora DIC,94.25,92.1763551322751
2026-01-06 11:00:00,97.5,Talkatora DIC,89.5,94.96874199631787
2026-01-06 12:00:00,99.75,Talkatora DIC,87.25,69.83022067460318
2026-01-06 13:00:00,101.0,Talkatora DIC,94.5,76.67039626325169
2026-01-06 14:00:00,103.25,Talkatora DIC,97.0,95.90143158268398
2026-01-06 15:00:00,104.25,Talkatora DIC,95.25,87.10996140511084
2026-01-06 16:00:00,99.25,Talkatora DIC,90.75,89.655328162176
2026-01-06 17:00:00,101.25,Talkatora DIC,90.5,99.46584863936584
2026-01-06 18:00:00,99.0,Talkatora DIC,101.75,101.90415829109655
2026-01-06 19:00:00,98.0,Talkatora DIC,123.5,115.12996160428564
2026-01-06 20:00:00,100.0,Talkatora DIC,136.0,177.01300424603178
2026-01-06 21:00:00,102.5,Talkatora DIC,133.0,190.187576031746
2026-01-06 22:00:00,96.5,Talkatora DIC,118.0,189.76913138888892
2026-01-06 23:00:00,85.33,Talkatora DIC,106.67,151.48043021539678
2026-01-07 00:00:00,81.25,Talkatora DIC,92.75,138.74699880451348
2026-01-07 01:00:00,83.5,Talkatora DIC,90.75,101.75490875897795
2026-01-07 02:00:00,79.25,Talkatora DIC,87.5,100.79629167564462
2026-01-07 03:00:00,75.5,Talkatora DIC,75.75,102.25049373192171
2026-01-07 04:00:00,77.25,Talkatora DIC,58.25,97.18537853542783
2026-01-07 05:00:00,78.25,Talkatora DIC,49.0,97.47224562738728
2026-01-07 06:00:00,86.0,Talkatora DIC,44.25,98.53794757416604
2026-01-07 07:00:00,93.25,Talkatora DIC,74.25,93.19044005952381
2026-01-07 08:00:00,93.33,Talkatora DIC,106.0,96.08917483249571
2026-01-07 09:00:00,96.75,Talkatora DIC,117.5,111.75303986486544
2026-01-07 10:00:00,94.25,Talkatora DIC,124.5,110.34363487470725
2026-01-07 11:00:00,89.5,Talkatora DIC,127.25,106.9411829677808
2026-01-07 12:00:00,87.25,Talkatora DIC,136.0,101.36529973121542
2026-01-07 13:00:00,94.5,Talkatora DIC,142.25,102.0004023269888
2026-01-07 14:00:00,97.0,Talkatora DIC,140.75,106.11445482653275
2026-01-07 15:00:00,95.25,Talkatora DIC,148.5,106.02711489154456
2026-01-07 16:00:00,90.75,Talkatora DIC,148.75,104.32484435512508
2026-01-07 17:00:00,90.5,Talkatora DIC,153.0,104.54278999894646
2026-01-07 18:00:00,101.75,Talkatora DIC,173.75,105.85213254499081
2026-01-07 19:00:00,123.5,Talkatora DIC,188.0,116.74731637453569
2026-01-07 20:00:00,136.0,Talkatora DIC,191.5,132.84420988991297
2026-01-07 21:00:00,133.0,Talkatora DIC,184.5,146.17292305508127
2026-01-07 22:00:00,118.0,Talkatora DIC,183.0,151.83648092748658
2026-01-07 23:00:00,106.67,Talkatora DIC,177.0,135.3892489772146
2026-01-08 00:00:00,92.75,Talkatora DIC,150.75,128.18930761718565
2026-01-08 01:00:00,90.75,Talkatora DIC,129.25,123.66584132929192
2026-01-08 02:00:00,87.5,Talkatora DIC,114.75,115.5453363570122
2026-01-08 03:00:00,75.75,Talkatora DIC,108.25,103.19041151325942
2026-01-08 04:00:00,58.25,Talkatora DIC,108.25,103.06524020227637
2026-01-08 05:00:00,49.0,Talkatora DIC,105.0,79.94344273208368
2026-01-08 06:00:00,44.25,Talkatora DIC,98.0,64.51621852513222
2026-01-08 07:00:00,74.25,Talkatora DIC,104.25,61.859242175925864
2026-01-08 08:00:00,106.0,Talkatora DIC,112.75,102.19796751541543
2026-01-08 09:00:00,117.5,Talkatora DIC,118.0,114.04046003547579
2026-01-08 10:00:00,124.5,Talkatora DIC,135.5,117.32294400293506
2026-01-08 11:00:00,127.25,Talkatora DIC,154.5,126.32383448722042
2026-01-08 12:00:00,136.0,Talkatora DIC,154.5,119.04748833873374
2026-01-08 13:00:00,142.25,Talkatora DIC,148.25,110.40597253591605
2026-01-08 14:00:00,140.75,Talkatora DIC,143.0,116.58563237561839
2026-01-08 15:00:00,148.5,Talkatora DIC,131.0,116.17285148626269
2026-01-08 16:00:00,148.75,Talkatora DIC,117.0,116.80522437545486
2026-01-08 17:00:00,153.0,Talkatora DIC,117.75,121.51223680280391
2026-01-08 18:00:00,173.75,Talkatora DIC,126.75,129.28727361188427
2026-01-08 19:00:00,188.0,Talkatora DIC,150.0,137.74607816137572
2026-01-08 20:00:00,191.5,Talkatora DIC,169.67,143.75796443439998
2026-01-08 21:00:00,184.5,Talkatora DIC,171.5,147.4355695654727
2026-01-08 22:00:00,183.0,Talkatora DIC,165.75,143.06072800612642
2026-01-08 23:00:00,177.0,Talkatora DIC,160.0,159.28215915343924
2026-01-09 00:00:00,150.75,Talkatora DIC,153.25,156.6458106084658
2026-01-09 01:00:00,129.25,Talkatora DIC,150.25,145.06347679894193
2026-01-09 02:00:00,114.75,Talkatora DIC,150.25,138.24616056878315
2026-01-09 03:00:00,108.25,Talkatora DIC,172.75,104.05615123496874
2026-01-09 04:00:00,108.25,Talkatora DIC,172.5,83.92038194288833
2026-01-09 05:00:00,105.0,Talkatora DIC,148.0,82.78878484006738
2026-01-09 06:00:00,98.0,Talkatora DIC,134.0,83.11021007414142
2026-01-09 07:00:00,104.25,Talkatora DIC,137.0,88.11204545667563
2026-01-09 08:00:00,112.75,Talkatora DIC,148.75,108.32442011241747
2026-01-09 09:00:00,118.0,Talkatora DIC,167.75,122.01952791304653
2026-01-09 10:00:00,135.5,Talkatora DIC,183.25,122.74421312468665
2026-01-09 11:00:00,154.5,Talkatora DIC,170.25,126.1505357811225
2026-01-09 12:00:00,154.5,Talkatora DIC,139.0,125.77665178492808
2026-01-09 13:00:00,148.25,Talkatora DIC,118.0,125.8056960682374
2026-01-09 14:00:00,143.0,Talkatora DIC,113.5,129.13551938469422
2026-01-09 15:00:00,131.0,Talkatora DIC,114.0,131.29151404118835
2026-01-09 16:00:00,117.0,Talkatora DIC,106.0,125.37422560644409
2026-01-09 17:00:00,117.75,Talkatora DIC,108.25,123.24272203581711
2026-01-09 18:00:00,126.75,Talkatora DIC,129.0,128.01053470223744
2026-01-09 19:00:00,150.0,Talkatora DIC,174.25,141.6873326603334
2026-01-09 20:00:00,169.67,Talkatora DIC,236.25,152.98687378908122
2026-01-09 21:00:00,171.5,Talkatora DIC,286.25,155.82943409423362
2026-01-09 22:00:00,165.75,Talkatora DIC,283.5,150.96631502364048
2026-01-09 23:00:00,160.0,Talkatora DIC,262.67,151.2717881489826
2026-01-10 00:00:00,153.25,Talkatora DIC,219.0,132.11821796468837
2026-01-10 01:00:00,150.25,Talkatora DIC,189.0,131.91806436883988
2026-01-10 02:00:00,150.25,Talkatora DIC,176.75,137.95676594453462
2026-01-10 03:00:00,172.75,Talkatora DIC,156.25,128.2642618275709
2026-01-10 04:00:00,172.5,Talkatora DIC,138.5,123.31017411500875
2026-01-10 05:00:00,148.0,Talkatora DIC,139.25,117.9823460157007
2026-01-10 06:00:00,134.0,Talkatora DIC,137.75,111.7216507533271
2026-01-10 07:00:00,137.0,Talkatora DIC,131.75,109.93805084165275
2026-01-10 08:00:00,148.75,Talkatora DIC,147.0,132.28086703580703
2026-01-10 09:00:00,167.75,Talkatora DIC,164.25,140.4933718348904
2026-01-10 10:00:00,183.25,Talkatora DIC,172.0,146.3888808825094
2026-01-10 11:00:00,170.25,Talkatora DIC,164.0,149.82402852199954
2026-01-10 12:00:00,139.0,Talkatora DIC,149.5,148.55814018145122
2026-01-10 13:00:00,118.0,Talkatora DIC,143.25,135.7645841893878
2026-01-10 14:00:00,113.5,Talkatora DIC,125.0,130.72377359749572
2026-01-10 15:00:00,114.0,Talkatora DIC,109.5,128.21351337876703
2026-01-10 16:00:00,106.0,Talkatora DIC,100.75,131.65796398723268
2026-01-10 17:00:00,108.25,Talkatora DIC,99.5,129.7680470238096
2026-01-10 18:00:00,129.0,Talkatora DIC,102.0,134.27148007862505
2026-01-10 19:00:00,174.25,Talkatora DIC,111.0,157.41035807720047
2026-01-10 20:00:00,236.25,Talkatora DIC,122.0,164.94595106559288
2026-01-10 21:00:00,286.25,Talkatora DIC,149.0,199.1573961706349
2026-01-10 22:00:00,283.5,Talkatora DIC,149.0,240.33966364718634
2026-01-10 23:00:00,262.67,Talkatora DIC,145.33,248.84504670634942
2026-01-11 00:00:00,219.0,Talkatora DIC,137.5,188.32972867063484
2026-01-11 01:00:00,189.0,Talkatora DIC,131.75,133.20058427910044
2026-01-11 02:00:00,176.75,Talkatora DIC,136.25,129.82885997354495
2026-01-11 03:00:00,156.25,Talkatora DIC,126.0,116.27659821428567
2026-01-11 04:00:00,138.5,Talkatora DIC,125.75,102.50808884920636
2026-01-11 05:00:00,139.25,Talkatora DIC,131.25,99.60758075396821
2026-01-11 06:00:00,137.75,Talkatora DIC,132.5,95.28043833333335
2026-01-11 07:00:00,131.75,Talkatora DIC,139.0,99.20847910533918
2026-01-11 08:00:00,147.0,Talkatora DIC,157.0,100.51572709475711
2026-01-11 09:00:00,164.25,Talkatora DIC,173.0,103.9186776322752
2026-01-11 10:00:00,172.0,Talkatora DIC,172.25,105.11087219576724
2026-01-11 11:00:00,164.0,Talkatora DIC,169.0,99.09550717893215
2026-01-11 12:00:00,149.5,Talkatora DIC,157.0,91.14925760341508
2026-01-11 13:00:00,143.25,Talkatora DIC,141.75,82.46150625661377
2026-01-11 14:00:00,125.0,Talkatora DIC,124.0,81.48119036565917
2026-01-11 15:00:00,109.5,Talkatora DIC,108.25,89.67839355820101
2026-01-11 16:00:00,100.75,Talkatora DIC,105.0,90.46023414632297
2026-01-11 17:00:00,99.5,Talkatora DIC,115.0,97.84110230769862
2026-01-11 18:00:00,102.0,Talkatora DIC,136.75,115.67729866522365
2026-01-11 19:00:00,111.0,Talkatora DIC,169.75,123.42323431457429
2026-01-11 20:00:00,122.0,Talkatora DIC,194.75,134.50146329365083
2026-01-11 21:00:00,149.0,Talkatora DIC,201.75,133.4017561243387
2026-01-11 22:00:00,149.0,Talkatora DIC,190.0,129.4232557804233
2026-01-11 23:00:00,145.33,Talkatora DIC,176.33,128.27386650793656
2026-01-12 00:00:00,137.5,Talkatora DIC,166.0,99.2822923544974
2026-01-12 01:00:00,131.75,Talkatora DIC,168.75,96.47024543290053
2026-01-12 02:00:00,136.25,Talkatora DIC,160.5,100.85930510586161
2026-01-12 03:00:00,126.0,Talkatora DIC,148.75,100.65061534391543
2026-01-12 04:00:00,125.75,Talkatora DIC,139.0,99.55588651300238
2026-01-12 05:00:00,131.25,Talkatora DIC,137.0,103.4279195553719
2026-01-12 06:00:00,132.5,Talkatora DIC,146.5,102.62738731833721
2026-01-12 07:00:00,139.0,Talkatora DIC,157.5,104.0085928836394
2026-01-12 08:00:00,157.0,Talkatora DIC,167.75,104.10362062173462
2026-01-12 09:00:00,173.0,Talkatora DIC,168.5,101.77783203703714
2026-01-12 10:00:00,172.25,Talkatora DIC,165.5,108.32875414021167
2026-01-12 11:00:00,169.0,Talkatora DIC,104.0,101.99238514161225
2026-01-12 12:00:00,157.0,Talkatora DIC,89.25,125.60089138888894
2026-01-12 13:00:00,141.75,Talkatora DIC,84.0,98.20970355820111
2026-01-12 14:00:00,124.0,Talkatora DIC,74.25,93.7539342724868
2026-01-12 15:00:00,108.25,Talkatora DIC,67.0,97.33806010110894
2026-01-12 16:00:00,105.0,Talkatora DIC,70.0,95.22632464266015
2026-01-12 17:00:00,115.0,Talkatora DIC,68.0,89.0131807114224
2026-01-12 18:00:00,136.75,Talkatora DIC,75.25,88.29866356550295
2026-01-12 19:00:00,169.75,Talkatora DIC,110.5,126.64693359307353
2026-01-12 22:00:00,190.0,Talkatora DIC,148.0,135.8229081878307
2026-01-12 23:00:00,176.33,Talkatora DIC,142.0,130.48218593915354
2026-01-13 00:00:00,166.0,Talkatora DIC,131.0,103.07722181294744
2026-01-13 01:00:00,168.75,Talkatora DIC,127.75,95.60187088624335
2026-01-13 02:00:00,160.5,Talkatora DIC,120.5,93.09385916666668
2026-01-13 03:00:00,148.75,Talkatora DIC,107.75,87.99225781356985
2026-01-13 04:00:00,139.0,Talkatora DIC,103.0,83.12304215608464
2026-01-13 05:00:00,137.0,Talkatora DIC,100.5,84.79350435185187
2026-01-13 06:00:00,146.5,Talkatora DIC,94.5,84.74202661014914
2026-01-13 07:00:00,157.5,Talkatora DIC,92.0,87.1619540175566
2026-01-13 08:00:00,167.75,Talkatora DIC,104.0,88.57101866041373
2026-01-13 09:00:00,168.5,Talkatora DIC,122.25,92.37247052910062
2026-01-13 10:00:00,165.5,Talkatora DIC,128.5,95.90714981481487
2026-01-13 12:00:00,89.25,Talkatora DIC,105.0,101.15426169429712
2026-01-13 13:00:00,84.0,Talkatora DIC,82.25,95.4404016021679
2026-01-13 14:00:00,74.25,Talkatora DIC,62.0,96.10982451883456
2026-01-13 15:00:00,67.0,Talkatora DIC,57.75,88.73958565843569
2026-01-13 16:00:00,70.0,Talkatora DIC,56.0,86.09810161623308
2026-01-13 17:00:00,68.0,Talkatora DIC,58.0,93.24187718967563
2026-01-13 18:00:00,75.25,Talkatora DIC,73.0,91.80889940494905
2026-01-13 19:00:00,110.5,Talkatora DIC,103.75,115.43482865548496
2026-01-13 20:00:00,,Talkatora DIC,156.0,128.31079885193793
2026-01-19 14:00:00,85.5,Talkatora DIC,82.5,88.64893475202118
2026-01-19 15:00:00,81.25,Talkatora DIC,63.25,83.77120782076953
2026-01-19 16:00:00,78.25,Talkatora DIC,59.25,86.78810520172198
2026-01-19 17:00:00,76.33,Talkatora DIC,65.5,86.8690438158855
2026-01-19 18:00:00,113.0,Talkatora DIC,67.75,102.60937509259256
2026-01-19 19:00:00,170.25,Talkatora DIC,109.25,130.34421424194818
2026-01-19 20:00:00,231.0,Talkatora DIC,110.5,140.20274855820122
2026-01-19 21:00:00,270.25,Talkatora DIC,139.75,171.0838838347765
2026-01-19 22:00:00,275.75,Talkatora DIC,131.25,202.28911597883607
2026-01-19 23:00:00,270.0,Talkatora DIC,118.67,158.36308320105823
2026-01-20 00:00:00,225.0,Talkatora DIC,99.25,148.99883279100516
2026-01-20 01:00:00,175.0,Talkatora DIC,92.5,142.83674870370373
2026-01-20 02:00:00,122.25,Talkatora DIC,90.25,137.33433365079352
2026-01-20 03:00:00,107.25,Talkatora DIC,73.75,142.25261154761904
2026-01-20 04:00:00,98.0,Talkatora DIC,68.0,135.04660396825406
2026-01-20 05:00:00,99.75,Talkatora DIC,78.0,116.77533429894189
2026-01-20 06:00:00,91.0,Talkatora DIC,70.0,106.90048873522457
2026-01-20 07:00:00,99.0,Talkatora DIC,82.5,93.63930509920637
2026-01-20 08:00:00,108.25,Talkatora DIC,94.0,99.95253909356984
2026-01-20 09:00:00,116.25,Talkatora DIC,108.5,112.71143483431064
2026-01-20 10:00:00,109.75,Talkatora DIC,111.75,119.72274435691766
2026-01-20 11:00:00,111.75,Talkatora DIC,103.0,116.77534713469548
2026-01-20 12:00:00,111.0,Talkatora DIC,82.25,104.63126966460096
2026-01-20 13:00:00,88.5,Talkatora DIC,72.75,74.6089977804884
2026-01-20 14:00:00,82.5,Talkatora DIC,60.25,80.4222851481252
2026-01-20 15:00:00,63.25,Talkatora DIC,52.75,79.51622456179162
2026-01-20 16:00:00,59.25,Talkatora DIC,53.0,91.94684969576717
2026-01-20 17:00:00,65.5,Talkatora DIC,54.75,90.67703739417989
2026-01-20 18:00:00,67.75,Talkatora DIC,52.25,105.20030533068787
2026-01-20 19:00:00,109.25,Talkatora DIC,69.0,111.14003617724867
2026-01-20 22:00:00,131.25,Talkatora DIC,156.0,125.79708311267441
2026-01-20 23:00:00,118.67,Talkatora DIC,147.0,131.9737722132036
2026-01-21 00:00:00,99.25,Talkatora DIC,117.0,139.3397500264551
2026-01-21 01:00:00,92.5,Talkatora DIC,101.25,141.79402690476192
2026-01-21 02:00:00,90.25,Talkatora DIC,92.0,113.28997287037048
2026-01-21 03:00:00,73.75,Talkatora DIC,94.75,98.68523027777776
2026-01-21 04:00:00,68.0,Talkatora DIC,102.25,100.09497286217301
2026-01-21 05:00:00,78.0,Talkatora DIC,92.0,107.70010984126982
2026-01-21 06:00:00,70.0,Talkatora DIC,92.75,88.98080920077794
2026-01-21 07:00:00,82.5,Talkatora DIC,89.25,97.37326935527022
2026-01-21 08:00:00,94.0,Talkatora DIC,99.75,93.90734561892602
2026-01-21 09:00:00,108.5,Talkatora DIC,104.5,111.50391029693492
2026-01-21 10:00:00,111.75,Talkatora DIC,110.5,115.84673635972958
2026-01-21 12:00:00,82.25,Talkatora DIC,97.0,118.53911324677286
2026-01-21 13:00:00,72.75,Talkatora DIC,91.5,81.91574010955334
2026-01-21 14:00:00,60.25,Talkatora DIC,67.75,91.99855681029662
2026-01-21 15:00:00,52.75,Talkatora DIC,65.0,78.3763945972996
2026-01-21 16:00:00,53.0,Talkatora DIC,70.25,77.71545015743386
2026-01-21 17:00:00,54.75,Talkatora DIC,65.5,86.13982295417546
2026-01-21 18:00:00,52.25,Talkatora DIC,75.0,95.4234515343915
2026-01-21 19:00:00,69.0,Talkatora DIC,127.0,113.11058489417992
2026-01-21 20:00:00,87.25,Talkatora DIC,203.0,116.051070978836
2026-01-21 21:00:00,117.75,Talkatora DIC,284.75,153.36346555555554
2026-01-21 22:00:00,156.0,Talkatora DIC,333.25,162.95744742063496
2026-01-21 23:00:00,147.0,Talkatora DIC,304.33,165.2780112698414
2026-01-22 00:00:00,117.0,Talkatora DIC,222.75,132.94217839133094
2026-01-22 01:00:00,101.25,Talkatora DIC,147.5,132.71439536456464
2026-01-22 02:00:00,92.0,Talkatora DIC,113.75,116.16254628808565
2026-01-22 03:00:00,94.75,Talkatora DIC,114.75,94.43080473554954
2026-01-22 04:00:00,102.25,Talkatora DIC,109.5,87.56565267837428
2026-01-22 05:00:00,92.0,Talkatora DIC,100.75,91.44019139343412
2026-01-22 06:00:00,92.75,Talkatora DIC,92.75,84.6286319823346
2026-01-22 07:00:00,89.25,Talkatora DIC,83.0,87.39625016172116
2026-01-22 08:00:00,99.75,Talkatora DIC,97.25,87.00897435802894
2026-01-22 09:00:00,104.5,Talkatora DIC,112.5,106.81047335361234
2026-01-22 10:00:00,110.5,Talkatora DIC,108.5,119.69021891747136
2026-01-22 11:00:00,114.5,Talkatora DIC,127.0,93.75700132160682
2026-01-22 12:00:00,97.0,Talkatora DIC,130.0,92.60760471228214
2026-01-22 13:00:00,91.5,Talkatora DIC,101.25,83.05774013246462
2026-01-22 14:00:00,67.75,Talkatora DIC,102.5,76.24606142147832
2026-01-22 15:00:00,65.0,Talkatora DIC,106.5,66.48241349322126
2026-01-22 16:00:00,70.25,Talkatora DIC,107.75,68.62162566253349
2026-01-22 17:00:00,65.5,Talkatora DIC,91.0,72.00814439906729
2026-01-22 18:00:00,75.0,Talkatora DIC,85.25,72.49651938787318
2026-01-22 19:00:00,127.0,Talkatora DIC,88.5,91.01614724041893
2026-01-22 20:00:00,203.0,Talkatora DIC,98.0,108.06619316919503
2026-01-22 21:00:00,284.75,Talkatora DIC,112.5,129.83849694444444
2026-01-22 22:00:00,333.25,Talkatora DIC,106.0,144.73693828703696
2026-01-22 23:00:00,304.33,Talkatora DIC,98.0,144.01658189814813
2026-01-23 00:00:00,222.75,Talkatora DIC,99.75,136.1549550992063
2026-01-23 01:00:00,147.5,Talkatora DIC,93.75,121.15419094576725
2026-01-23 02:00:00,113.75,Talkatora DIC,90.25,109.0433116929083
2026-01-23 03:00:00,114.75,Talkatora DIC,97.25,104.54100344418353
2026-01-23 04:00:00,109.5,Talkatora DIC,82.75,100.79530441798936
2026-01-23 05:00:00,100.75,Talkatora DIC,78.25,102.41506500503009
2026-01-23 06:00:00,92.75,Talkatora DIC,78.75,100.94480310190703
2026-01-23 07:00:00,83.0,Talkatora DIC,68.25,93.62573791362325
2026-01-23 08:00:00,97.25,Talkatora DIC,94.0,92.51538517397879
2026-01-23 09:00:00,112.5,Talkatora DIC,99.75,97.99080218700664
2026-01-23 10:00:00,108.5,Talkatora DIC,113.5,128.85963195735656
2026-01-23 11:00:00,127.0,Talkatora DIC,116.0,128.4685327694411
2026-01-23 12:00:00,130.0,Talkatora DIC,97.0,87.1900333930334
2026-01-23 14:00:00,102.5,Talkatora DIC,88.75,87.19936925907427
2026-01-23 15:00:00,106.5,Talkatora DIC,90.75,86.04923317347082
2026-01-23 16:00:00,107.75,Talkatora DIC,88.25,84.62665711090565
2026-01-23 17:00:00,91.0,Talkatora DIC,92.5,86.51676419005648
2026-01-23 18:00:00,85.25,Talkatora DIC,93.0,81.86631895153361
2026-01-23 19:00:00,88.5,Talkatora DIC,93.75,117.44248566378063
2026-01-23 20:00:00,98.0,Talkatora DIC,104.75,120.82642501563254
2026-01-23 21:00:00,112.5,Talkatora DIC,115.0,141.27120166683963
2026-01-23 22:00:00,106.0,Talkatora DIC,99.75,151.57410734669668
2026-01-23 23:00:00,98.0,Talkatora DIC,92.67,144.61539345153955
2026-01-24 00:00:00,99.75,Talkatora DIC,84.0,124.81788274311269
2026-01-24 01:00:00,93.75,Talkatora DIC,73.0,122.74654192918193
2026-01-24 02:00:00,90.25,Talkatora DIC,67.5,118.51341271292557
2026-01-24 03:00:00,97.25,Talkatora DIC,66.25,104.17424516917299
2026-01-24 04:00:00,82.75,Talkatora DIC,63.5,117.19562113967042
2026-01-24 05:00:00,78.25,Talkatora DIC,57.75,100.92458187935013
2026-01-24 06:00:00,78.75,Talkatora DIC,63.25,90.22548184422162
2026-01-24 07:00:00,68.25,Talkatora DIC,56.75,89.83751136781721
2026-01-24 08:00:00,94.0,Talkatora DIC,68.5,80.69560661994598
2026-01-24 09:00:00,99.75,Talkatora DIC,67.5,106.42434800988653
2026-01-24 10:00:00,113.5,Talkatora DIC,66.25,104.28615620589585
2026-01-24 11:00:00,116.0,Talkatora DIC,62.5,122.92190940039274
2026-01-24 12:00:00,97.0,Talkatora DIC,65.5,120.41204116168701
2026-01-24 13:00:00,96.0,Talkatora DIC,60.5,87.2447942871929
2026-01-24 14:00:00,88.75,Talkatora DIC,47.5,88.25454373948402
2026-01-24 15:00:00,90.75,Talkatora DIC,43.25,89.3800714572362
2026-01-24 16:00:00,88.25,Talkatora DIC,44.0,89.90346689781413
2026-01-24 17:00:00,92.5,Talkatora DIC,46.75,83.20342775000613
2026-01-24 18:00:00,93.0,Talkatora DIC,68.5,84.52800010209859
2026-01-24 19:00:00,93.75,Talkatora DIC,95.0,96.21249362092979
2026-01-24 20:00:00,104.75,Talkatora DIC,94.0,112.39370272332678
2026-01-24 21:00:00,115.0,Talkatora DIC,85.75,190.82036308994705
2026-01-24 22:00:00,99.75,Talkatora DIC,86.0,139.96427492063503
2026-01-24 23:00:00,92.67,Talkatora DIC,80.0,135.22962769276387
2026-01-25 00:00:00,84.0,Talkatora DIC,66.0,127.28202253126507
2026-01-25 01:00:00,73.0,Talkatora DIC,63.25,116.3743143952472
2026-01-25 02:00:00,67.5,Talkatora DIC,58.5,101.68375868209259
2026-01-25 03:00:00,66.25,Talkatora DIC,66.0,83.8473632659933
2026-01-25 04:00:00,63.5,Talkatora DIC,74.25,83.71594514752637
2026-01-25 05:00:00,57.75,Talkatora DIC,66.0,77.3126809317868
2026-01-25 06:00:00,63.25,Talkatora DIC,64.0,75.05829762107179
2026-01-25 07:00:00,56.75,Talkatora DIC,66.75,73.65819429980472
2026-01-25 08:00:00,68.5,Talkatora DIC,72.25,76.87813611659233
2026-01-25 09:00:00,67.5,Talkatora DIC,84.5,82.54717608983484
2026-01-25 10:00:00,66.25,Talkatora DIC,85.0,82.7079890969739
2026-01-25 11:00:00,62.5,Talkatora DIC,71.5,83.73985855862779
2026-01-25 12:00:00,65.5,Talkatora DIC,72.75,79.38208624898895
2026-01-25 13:00:00,60.5,Talkatora DIC,58.5,86.67063624898896
2026-01-25 14:00:00,47.5,Talkatora DIC,57.0,83.9711969775133
2026-01-25 15:00:00,43.25,Talkatora DIC,54.25,81.57154687830689
2026-01-25 16:00:00,44.0,Talkatora DIC,53.25,80.7629573809524
2026-01-25 17:00:00,46.75,Talkatora DIC,62.0,80.60662914021167
2026-01-25 18:00:00,68.5,Talkatora DIC,50.5,82.5711742857143
2026-01-25 19:00:00,95.0,Talkatora DIC,71.5,91.5215856300181
2026-01-25 20:00:00,94.0,Talkatora DIC,75.0,114.5781720370371
2026-01-25 21:00:00,85.75,Talkatora DIC,79.5,105.96372997354493
2026-01-25 22:00:00,86.0,Talkatora DIC,101.5,106.50307341283992
2026-01-25 23:00:00,80.0,Talkatora DIC,123.67,106.85864943977596
2026-01-26 00:00:00,66.0,Talkatora DIC,124.33,98.45014330940984
2026-01-26 01:00:00,63.25,Talkatora DIC,104.25,85.519615509768
2026-01-26 02:00:00,58.5,Talkatora DIC,84.0,75.00950504489563
2026-01-26 03:00:00,66.0,Talkatora DIC,83.0,72.20987636100324
2026-01-26 04:00:00,74.25,Talkatora DIC,68.5,68.51047108089838
2026-01-26 05:00:00,66.0,Talkatora DIC,66.0,69.75681474924343
2026-01-26 06:00:00,64.0,Talkatora DIC,74.0,66.09026525695828
2026-01-26 07:00:00,66.75,Talkatora DIC,93.0,63.34849900822423
2026-01-26 08:00:00,72.25,Talkatora DIC,105.75,79.58038609925408
2026-01-26 09:00:00,84.5,Talkatora DIC,107.75,86.87253442664566
2026-01-26 10:00:00,85.0,Talkatora DIC,119.75,90.32991818477177
2026-01-26 11:00:00,71.5,Talkatora DIC,121.0,87.29115937953219
2026-01-26 12:00:00,72.75,Talkatora DIC,111.25,83.72297396940134
2026-01-26 13:00:00,58.5,Talkatora DIC,98.5,74.41878682373952
2026-01-26 14:00:00,57.0,Talkatora DIC,88.0,69.54180215795213
2026-01-26 15:00:00,54.25,Talkatora DIC,88.75,70.66508668397964
2026-01-26 16:00:00,53.25,Talkatora DIC,76.5,71.65042133077442
2026-01-26 17:00:00,62.0,Talkatora DIC,97.5,74.06699987485703
2026-01-26 18:00:00,50.5,Talkatora DIC,107.25,80.76871113854352
2026-01-26 19:00:00,71.5,Talkatora DIC,129.75,81.88575041608789
2026-01-26 20:00:00,75.0,Talkatora DIC,105.0,106.61002531024538
2026-01-26 21:00:00,79.5,Talkatora DIC,95.75,106.23705145448542
2026-01-26 22:00:00,101.5,Talkatora DIC,93.25,104.61186883373169
2026-01-26 23:00:00,123.67,Talkatora DIC,97.33,96.98914776015826
2026-01-27 00:00:00,124.33,Talkatora DIC,91.75,93.55545252892058
2026-01-27 01:00:00,104.25,Talkatora DIC,71.25,87.86532390072867
2026-01-27 02:00:00,84.0,Talkatora DIC,75.25,81.93830048499241
2026-01-27 03:00:00,83.0,Talkatora DIC,74.25,82.78764927056864
2026-01-27 04:00:00,68.5,Talkatora DIC,60.0,82.82966456315431
2026-01-27 05:00:00,66.0,Talkatora DIC,49.0,79.05744399970823
2026-01-27 06:00:00,74.0,Talkatora DIC,75.0,78.05255383466853
2026-01-27 07:00:00,93.0,Talkatora DIC,66.25,82.63431025625951
2026-01-27 08:00:00,105.75,Talkatora DIC,58.75,84.87865340960012
2026-01-27 09:00:00,107.75,Talkatora DIC,51.75,92.38836774659471
2026-01-27 10:00:00,119.75,Talkatora DIC,47.25,94.37668542574269
2026-01-27 11:00:00,121.0,Talkatora DIC,43.5,87.26863154309638
2026-01-27 12:00:00,111.25,Talkatora DIC,41.25,85.40295055253306
2026-01-27 13:00:00,98.5,Talkatora DIC,33.0,84.14720560480328
2026-01-27 14:00:00,88.0,Talkatora DIC,33.75,84.5050927172188
2026-01-27 15:00:00,88.75,Talkatora DIC,33.0,82.94474396513527
2026-01-27 16:00:00,76.5,Talkatora DIC,29.25,82.43854934332191
2026-01-27 17:00:00,97.5,Talkatora DIC,39.75,81.42314405309699
2026-01-27 18:00:00,107.25,Talkatora DIC,36.5,79.81629970383838
2026-01-27 19:00:00,129.75,Talkatora DIC,49.5,86.77172224767438
2026-01-27 20:00:00,105.0,Talkatora DIC,45.5,88.30576871420864
2026-01-27 21:00:00,95.75,Talkatora DIC,54.0,94.58443231709775
2026-01-27 22:00:00,93.25,Talkatora DIC,54.25,104.21516863238105
2026-01-27 23:00:00,97.33,Talkatora DIC,51.33,126.12435146095595
2026-01-28 00:00:00,91.75,Talkatora DIC,57.25,115.17562088255293
2026-01-28 01:00:00,71.25,Talkatora DIC,69.5,96.5066673267269
2026-01-28 02:00:00,75.25,Talkatora DIC,71.0,99.60858256974505
2026-01-28 03:00:00,74.25,Talkatora DIC,64.75,92.11796756700961
2026-01-28 04:00:00,60.0,Talkatora DIC,62.25,79.69588627717138
2026-01-28 05:00:00,49.0,Talkatora DIC,47.5,77.00565568370993
2026-01-28 06:00:00,75.0,Talkatora DIC,58.75,67.0455047009886
2026-01-28 07:00:00,66.25,Talkatora DIC,55.5,88.99204768000129
2026-01-28 08:00:00,58.75,Talkatora DIC,54.0,88.58686535515677
2026-01-28 09:00:00,51.75,Talkatora DIC,69.25,83.1384168238575
2026-01-28 10:00:00,47.25,Talkatora DIC,80.0,77.24531541729313
2026-01-28 11:00:00,43.5,Talkatora DIC,65.75,65.04710935707325
2026-01-28 13:00:00,33.0,Talkatora DIC,6.0,63.65280883356895
2026-01-28 14:00:00,33.75,Talkatora DIC,11.0,64.21563910185743
2026-01-28 15:00:00,33.0,Talkatora DIC,38.25,65.69403373961498
2026-01-28 16:00:00,29.25,Talkatora DIC,51.75,65.84838058916642
2026-01-28 17:00:00,39.75,Talkatora DIC,63.0,67.5448597761449
2026-01-28 18:00:00,36.5,Talkatora DIC,71.25,68.95412166666664
2026-01-28 19:00:00,49.5,Talkatora DIC,61.75,72.57210609126986
2026-01-28 20:00:00,45.5,Talkatora DIC,59.75,75.77512438881107
2026-01-28 21:00:00,54.0,Talkatora DIC,58.5,69.95721340608462
2026-01-28 22:00:00,54.25,Talkatora DIC,60.0,78.5857527367546
2026-01-28 23:00:00,51.33,Talkatora DIC,52.0,77.04351152260821
2026-01-29 00:00:00,57.25,Talkatora DIC,54.0,74.57366176887925
2026-01-29 01:00:00,69.5,Talkatora DIC,52.5,78.0346300132275
2026-01-29 02:00:00,71.0,Talkatora DIC,43.75,84.86160598845596
2026-01-29 03:00:00,64.75,Talkatora DIC,41.25,82.63450498316502
2026-01-29 04:00:00,62.25,Talkatora DIC,58.75,65.72113353600102
2026-01-29 05:00:00,47.5,Talkatora DIC,68.5,68.61680440018316
2026-01-29 06:00:00,58.75,Talkatora DIC,73.75,65.00943269841272
2026-01-29 07:00:00,55.5,Talkatora DIC,81.0,75.10861358906972
2026-01-29 08:00:00,54.0,Talkatora DIC,71.25,71.23555209315376
2026-01-29 09:00:00,69.25,Talkatora DIC,72.0,72.02251508173921
2026-01-29 10:00:00,80.0,Talkatora DIC,68.25,72.5785700793651
2026-01-29 11:00:00,65.75,Talkatora DIC,69.0,67.05896846496987
2026-01-29 12:00:00,,Talkatora DIC,67.25,71.11027571354298
2026-02-01 13:00:00,86.5,Talkatora DIC,70.5,85.38643855816443
2026-02-01 14:00:00,75.75,Talkatora DIC,48.25,81.04079794928104
2026-02-01 15:00:00,83.25,Talkatora DIC,45.25,81.8944870253693
2026-02-01 16:00:00,73.5,Talkatora DIC,47.0,83.84118017509535
2026-02-01 17:00:00,68.0,Talkatora DIC,48.0,82.16458029245254
2026-02-01 18:00:00,74.0,Talkatora DIC,47.75,79.8451175722439
2026-02-01 19:00:00,92.0,Talkatora DIC,52.0,86.9210841601036
2026-02-01 20:00:00,135.0,Talkatora DIC,10.0,101.97690031946445
2026-02-01 21:00:00,125.5,Talkatora DIC,76.0,160.568426329365
2026-02-01 22:00:00,103.5,Talkatora DIC,74.0,147.0411610215709
2026-02-01 23:00:00,101.0,Talkatora DIC,73.0,136.59830038997487
2026-02-02 00:00:00,106.25,Talkatora DIC,77.75,117.40080213963954
2026-02-02 01:00:00,97.0,Talkatora DIC,66.0,115.27024888558832
2026-02-02 02:00:00,90.0,Talkatora DIC,71.75,104.01886101396144
2026-02-02 03:00:00,81.75,Talkatora DIC,64.0,102.84519379152258
2026-02-02 04:00:00,89.25,Talkatora DIC,65.0,88.68948735706275
2026-02-02 05:00:00,77.0,Talkatora DIC,63.0,84.07570446233132
2026-02-02 06:00:00,64.0,Talkatora DIC,60.75,74.65138730054085
2026-02-02 07:00:00,70.25,Talkatora DIC,56.25,73.1393616071274
2026-02-02 08:00:00,78.75,Talkatora DIC,69.0,79.50152181929856
2026-02-02 09:00:00,89.75,Talkatora DIC,75.0,86.70836007385225
2026-02-02 10:00:00,81.25,Talkatora DIC,73.75,88.4690687569031
2026-02-02 11:00:00,87.5,Talkatora DIC,61.25,82.31897473566836
2026-02-02 12:00:00,67.5,Talkatora DIC,70.75,87.14861861030069
2026-02-02 13:00:00,70.5,Talkatora DIC,65.0,71.90356137056261
2026-02-02 14:00:00,48.25,Talkatora DIC,54.75,71.88387271538707
2026-02-02 15:00:00,45.25,Talkatora DIC,43.0,56.58184817341548
2026-02-02 16:00:00,47.0,Talkatora DIC,36.0,54.294917283721446
2026-02-02 17:00:00,48.0,Talkatora DIC,48.0,56.4880359826218
2026-02-02 18:00:00,47.75,Talkatora DIC,45.25,59.218894355825384
2026-02-02 19:00:00,52.0,Talkatora DIC,74.25,71.1632560582011
2026-02-02 20:00:00,10.0,Talkatora DIC,104.25,79.75759441020972
2026-02-02 21:00:00,76.0,Talkatora DIC,113.75,88.26583003968261
2026-02-02 22:00:00,74.0,Talkatora DIC,100.75,94.34590778101528
2026-02-02 23:00:00,73.0,Talkatora DIC,84.0,94.52995013347764
2026-02-03 00:00:00,77.75,Talkatora DIC,64.25,79.7698435621795
2026-02-03 01:00:00,66.0,Talkatora DIC,72.0,77.47630217523651
2026-02-03 02:00:00,71.75,Talkatora DIC,77.0,77.75309848049264
2026-02-03 03:00:00,64.0,Talkatora DIC,82.0,73.14010808903821
2026-02-03 04:00:00,65.0,Talkatora DIC,75.75,68.42344819322706
2026-02-03 05:00:00,63.0,Talkatora DIC,64.75,67.16503776508551
2026-02-03 06:00:00,60.75,Talkatora DIC,51.0,63.028981354489694
2026-02-03 07:00:00,56.25,Talkatora DIC,49.0,62.92528287236281
2026-02-03 08:00:00,69.0,Talkatora DIC,53.0,64.64200230766278
2026-02-03 09:00:00,75.0,Talkatora DIC,49.0,69.73917112037515
2026-02-03 10:00:00,73.75,Talkatora DIC,52.25,70.77159787003076
2026-02-03 11:00:00,61.25,Talkatora DIC,58.0,69.23571273566519
2026-02-03 12:00:00,70.75,Talkatora DIC,55.75,66.42064180633882
2026-02-03 13:00:00,65.0,Talkatora DIC,44.75,76.63303588702746
2026-02-03 14:00:00,54.75,Talkatora DIC,37.0,59.55708107645154
2026-02-03 15:00:00,43.0,Talkatora DIC,43.0,58.50706600178613
2026-02-03 16:00:00,36.0,Talkatora DIC,43.0,57.019487733704906
2026-02-03 17:00:00,48.0,Talkatora DIC,39.25,58.162771373736945
2026-02-03 18:00:00,45.25,Talkatora DIC,50.0,60.1047669591982
2026-02-03 19:00:00,74.25,Talkatora DIC,52.25,64.11990804385422
2026-02-03 20:00:00,104.25,Talkatora DIC,66.25,68.65418979128118
2026-02-03 21:00:00,113.75,Talkatora DIC,75.0,99.47101218086381
2026-02-03 22:00:00,100.75,Talkatora DIC,70.75,104.4075411050986
2026-02-03 23:00:00,84.0,Talkatora DIC,58.0,95.3258543862434
2026-02-04 00:00:00,64.25,Talkatora DIC,65.0,84.15256465783563
2026-02-04 01:00:00,72.0,Talkatora DIC,67.75,75.77432860837172
2026-02-04 02:00:00,77.0,Talkatora DIC,58.75,77.34802184907613
2026-02-04 03:00:00,82.0,Talkatora DIC,53.25,76.55168887431023
2026-02-04 04:00:00,75.75,Talkatora DIC,63.0,74.30839692306542
2026-02-04 05:00:00,64.75,Talkatora DIC,65.25,71.11537812044831
2026-02-04 06:00:00,51.0,Talkatora DIC,74.75,76.38290596234371
2026-02-04 07:00:00,49.0,Talkatora DIC,71.0,67.88107603916617
2026-02-04 08:00:00,53.0,Talkatora DIC,73.25,61.097780397211096
2026-02-04 09:00:00,49.0,Talkatora DIC,82.25,65.25613924880754
2026-02-04 10:00:00,52.25,Talkatora DIC,99.0,58.31720405660638
2026-02-04 11:00:00,58.0,Talkatora DIC,86.75,66.82238225625943
2026-02-04 12:00:00,55.75,Talkatora DIC,68.0,66.98601378427314
2026-02-04 13:00:00,44.75,Talkatora DIC,62.75,66.43134414024924
2026-02-04 14:00:00,37.0,Talkatora DIC,56.75,56.80292244958917
2026-02-04 15:00:00,43.0,Talkatora DIC,43.25,63.70883563251705
2026-02-04 16:00:00,43.0,Talkatora DIC,57.0,61.35643699532109
2026-02-04 17:00:00,39.25,Talkatora DIC,48.0,61.6354356716071
2026-02-04 18:00:00,50.0,Talkatora DIC,50.0,61.74135999856638
2026-02-04 19:00:00,52.25,Talkatora DIC,59.0,69.46097400577327
2026-02-04 20:00:00,66.25,Talkatora DIC,66.25,73.49016725902757
2026-02-04 21:00:00,75.0,Talkatora DIC,72.0,83.37827796287046
2026-02-04 22:00:00,70.75,Talkatora DIC,82.75,82.54698497192422
2026-02-04 23:00:00,58.0,Talkatora DIC,66.0,80.89078816336234
2026-02-05 00:00:00,65.0,Talkatora DIC,64.0,73.29676313785455
2026-02-05 01:00:00,67.75,Talkatora DIC,65.0,72.80691360240343
2026-02-05 02:00:00,58.75,Talkatora DIC,56.75,69.95734242465944
2026-02-05 03:00:00,53.25,Talkatora DIC,37.25,69.92304942802345
2026-02-05 04:00:00,63.0,Talkatora DIC,55.0,69.50886612809838
2026-02-05 05:00:00,65.25,Talkatora DIC,50.0,70.46568437477845
2026-02-05 06:00:00,74.75,Talkatora DIC,55.25,71.99738126068033
2026-02-05 07:00:00,71.0,Talkatora DIC,63.0,64.86212890298341
2026-02-05 08:00:00,73.25,Talkatora DIC,59.0,72.73916572058835
2026-02-05 09:00:00,82.25,Talkatora DIC,58.25,69.03158894340412
2026-02-05 10:00:00,99.0,Talkatora DIC,74.0,65.80063656338325
2026-02-05 11:00:00,86.75,Talkatora DIC,70.75,68.2595585454619
2026-02-05 13:00:00,62.75,Talkatora DIC,52.75,56.122216280179536
2026-02-05 14:00:00,56.75,Talkatora DIC,51.75,55.43471974677861
2026-02-05 15:00:00,43.25,Talkatora DIC,46.0,55.96889946013279
2026-02-05 16:00:00,57.0,Talkatora DIC,56.0,53.080416638630986
2026-02-05 17:00:00,48.0,Talkatora DIC,50.0,58.54168706311196
2026-02-05 18:00:00,50.0,Talkatora DIC,62.0,58.177437250069296
2026-02-05 19:00:00,59.0,Talkatora DIC,75.25,64.14684898648586
2026-02-05 20:00:00,66.25,Talkatora DIC,90.25,74.60353079788625
2026-02-05 21:00:00,72.0,Talkatora DIC,109.67,82.14771656236974
2026-02-05 22:00:00,82.75,Talkatora DIC,89.0,86.70267182978239
2026-02-05 23:00:00,66.0,Talkatora DIC,85.0,81.75210901690497
2026-02-06 00:00:00,64.0,Talkatora DIC,81.0,66.73952373238163
2026-02-06 01:00:00,65.0,Talkatora DIC,71.75,65.27026544865072
2026-02-06 02:00:00,56.75,Talkatora DIC,54.75,64.90001684701716
2026-02-06 03:00:00,37.25,Talkatora DIC,47.0,60.29428557426104
2026-02-06 04:00:00,55.0,Talkatora DIC,48.0,53.12587268124598
2026-02-06 05:00:00,50.0,Talkatora DIC,58.0,65.59094543168794
2026-02-06 06:00:00,55.25,Talkatora DIC,56.0,68.02367901111653
2026-02-06 07:00:00,63.0,Talkatora DIC,48.25,66.96701226127573
2026-02-06 08:00:00,59.0,Talkatora DIC,66.0,69.33842533995862
2026-02-06 09:00:00,58.25,Talkatora DIC,77.25,70.08851967616667
2026-02-06 10:00:00,74.0,Talkatora DIC,95.75,65.25029500472412
2026-02-06 11:00:00,70.75,Talkatora DIC,83.0,69.96515347821232
2026-02-06 12:00:00,57.75,Talkatora DIC,78.0,74.77937621468
2026-02-06 13:00:00,52.75,Talkatora DIC,77.0,60.74340120537911
2026-02-06 14:00:00,51.75,Talkatora DIC,71.0,62.10815579269364
2026-02-06 15:00:00,46.0,Talkatora DIC,65.0,59.65555298545221
2026-02-06 16:00:00,56.0,Talkatora DIC,60.75,57.74768556867406
2026-02-06 17:00:00,50.0,Talkatora DIC,57.25,64.79911292063358
2026-02-06 18:00:00,62.0,Talkatora DIC,66.25,63.347521530455474
2026-02-06 19:00:00,75.25,Talkatora DIC,70.0,68.59108402200336
2026-02-06 20:00:00,90.25,Talkatora DIC,68.25,83.88729719425943
2026-02-06 21:00:00,109.67,Talkatora DIC,71.0,94.23850531442899
2026-02-06 22:00:00,89.0,Talkatora DIC,60.0,93.38151629613236
2026-02-06 23:00:00,85.0,Talkatora DIC,64.0,85.2427224780964
2026-02-07 00:00:00,81.0,Talkatora DIC,66.0,78.37968510016762
2026-02-07 01:00:00,71.75,Talkatora DIC,72.0,76.9013918066564
2026-02-07 02:00:00,54.75,Talkatora DIC,67.75,64.36617627853596
2026-02-07 03:00:00,47.0,Talkatora DIC,53.0,56.58558689116642
2026-02-07 04:00:00,48.0,Talkatora DIC,56.0,52.43500268436134
2026-02-07 05:00:00,58.0,Talkatora DIC,54.0,51.75797926286822
2026-02-07 06:00:00,56.0,Talkatora DIC,56.0,58.91107884490045
2026-02-07 07:00:00,48.25,Talkatora DIC,63.0,64.04444428467373
2026-02-07 08:00:00,66.0,Talkatora DIC,70.75,57.487919297671056
2026-02-07 09:00:00,77.25,Talkatora DIC,56.67,64.70914597015984
2026-02-07 10:00:00,95.75,Talkatora DIC,85.0,82.81163907123774
2026-02-07 11:00:00,83.0,Talkatora DIC,82.75,88.44056203475166
2026-02-07 12:00:00,78.0,Talkatora DIC,68.75,71.09225367255084
2026-02-07 13:00:00,77.0,Talkatora DIC,45.0,70.02039551487981
2026-02-07 14:00:00,71.0,Talkatora DIC,49.0,64.53001172645504
2026-02-07 15:00:00,65.0,Talkatora DIC,49.0,64.0434279564581
2026-02-07 16:00:00,60.75,Talkatora DIC,46.25,62.81225452824211
2026-02-07 17:00:00,57.25,Talkatora DIC,59.75,60.773710936726964
2026-02-07 18:00:00,66.25,Talkatora DIC,48.0,61.85376086315475
2026-02-07 19:00:00,70.0,Talkatora DIC,65.25,67.30477029633522
2026-02-07 20:00:00,68.25,Talkatora DIC,91.33,75.62389221933974
2026-02-07 21:00:00,71.0,Talkatora DIC,112.0,72.37651850559162
2026-02-07 22:00:00,60.0,Talkatora DIC,114.75,83.52076422819869
2026-02-07 23:00:00,64.0,Talkatora DIC,107.0,71.74131474812779
2026-02-08 00:00:00,66.0,Talkatora DIC,116.25,70.78824004997965
2026-02-08 01:00:00,72.0,Talkatora DIC,128.0,74.0744775196339
2026-02-08 02:00:00,67.75,Talkatora DIC,127.0,67.98483618218202
2026-02-08 03:00:00,53.0,Talkatora DIC,121.75,65.00828074532038
2026-02-08 04:00:00,56.0,Talkatora DIC,109.75,65.42626640627371
2026-02-08 05:00:00,54.0,Talkatora DIC,95.0,66.80785340227725
2026-02-08 06:00:00,56.0,Talkatora DIC,90.25,67.0603996911631
2026-02-08 07:00:00,63.0,Talkatora DIC,91.0,66.70295721156413
2026-02-08 08:00:00,70.75,Talkatora DIC,91.25,70.78554983829434
2026-02-08 09:00:00,56.67,Talkatora DIC,104.0,77.71574774772724
2026-02-08 10:00:00,85.0,Talkatora DIC,108.0,70.80926433770496
2026-02-08 11:00:00,82.75,Talkatora DIC,99.0,88.5073441345847
2026-02-08 12:00:00,68.75,Talkatora DIC,83.75,83.18660674810062
2026-02-08 13:00:00,45.0,Talkatora DIC,72.75,72.9241174365735
2026-02-08 14:00:00,49.0,Talkatora DIC,57.0,60.41337245177287
2026-02-08 15:00:00,49.0,Talkatora DIC,49.0,62.404736375376416
2026-02-08 16:00:00,46.25,Talkatora DIC,53.0,53.6279916872715
2026-02-08 17:00:00,59.75,Talkatora DIC,58.25,54.448829994151204
2026-02-08 18:00:00,48.0,Talkatora DIC,75.25,68.27864736276821
2026-02-08 19:00:00,65.25,Talkatora DIC,97.25,70.53341556397304
2026-02-08 20:00:00,91.33,Talkatora DIC,110.25,74.91638329883699
2026-02-08 21:00:00,112.0,Talkatora DIC,113.33,90.0728067616643
2026-02-08 22:00:00,114.75,Talkatora DIC,124.0,93.79202422650145
2026-02-08 23:00:00,107.0,Talkatora DIC,122.0,93.48932008749232
2026-02-09 00:00:00,116.25,Talkatora DIC,127.0,90.28213321301068
2026-02-09 01:00:00,128.0,Talkatora DIC,128.75,86.85019470895136
2026-02-09 02:00:00,127.0,Talkatora DIC,111.75,92.5090976803026
2026-02-09 03:00:00,121.75,Talkatora DIC,92.25,91.08483630110622
2026-02-09 04:00:00,109.75,Talkatora DIC,107.0,86.88708982905982
2026-02-09 05:00:00,95.0,Talkatora DIC,101.0,76.45157467765058
2026-02-09 06:00:00,90.25,Talkatora DIC,107.25,72.71868223482855
2026-02-09 07:00:00,91.0,Talkatora DIC,127.0,79.5217172030658
2026-02-09 08:00:00,91.25,Talkatora DIC,128.25,75.34505755639393
2026-02-09 09:00:00,104.0,Talkatora DIC,156.25,73.06139679851194
2026-02-09 10:00:00,108.0,Talkatora DIC,160.25,88.79480767251867
2026-02-09 11:00:00,99.0,Talkatora DIC,115.5,86.47219979047809
2026-02-09 12:00:00,83.75,Talkatora DIC,93.75,77.45816476079409
2026-02-09 13:00:00,72.75,Talkatora DIC,79.75,72.06096658693787
2026-02-09 14:00:00,57.0,Talkatora DIC,69.75,69.35683610099109
2026-02-09 15:00:00,49.0,Talkatora DIC,59.0,62.41178430215832
2026-02-09 16:00:00,53.0,Talkatora DIC,60.25,58.96557410277637
2026-02-09 17:00:00,58.25,Talkatora DIC,78.0,64.14083360881055
2026-02-09 18:00:00,75.25,Talkatora DIC,72.25,68.24614085085445
2026-02-09 19:00:00,97.25,Talkatora DIC,88.25,85.84618107775097
2026-02-09 20:00:00,110.25,Talkatora DIC,100.5,99.55139143275687
2026-02-09 21:00:00,113.33,Talkatora DIC,125.5,135.6521557394242
2026-02-09 22:00:00,124.0,Talkatora DIC,173.0,127.91741597650157
2026-02-09 23:00:00,122.0,Talkatora DIC,174.0,107.09492049625295
2026-02-10 00:00:00,127.0,Talkatora DIC,134.0,122.11906242033561
2026-02-10 01:00:00,128.75,Talkatora DIC,135.0,129.29455707095363
2026-02-10 02:00:00,111.75,Talkatora DIC,126.0,134.10245419023295
2026-02-10 03:00:00,92.25,Talkatora DIC,118.75,128.6061832980599
2026-02-10 04:00:00,107.0,Talkatora DIC,103.0,92.44345485185181
2026-02-10 05:00:00,101.0,Talkatora DIC,99.75,88.67136337350972
2026-02-10 06:00:00,107.25,Talkatora DIC,93.25,84.29982217938394
2026-02-10 07:00:00,127.0,Talkatora DIC,111.25,83.27306944510899
2026-02-10 08:00:00,128.25,Talkatora DIC,125.25,83.1746603180675
2026-02-10 09:00:00,156.25,Talkatora DIC,143.0,91.27978396905704
2026-02-10 10:00:00,160.25,Talkatora DIC,137.75,107.31382362471244
2026-02-10 11:00:00,115.5,Talkatora DIC,121.5,98.77658605754067
2026-02-10 12:00:00,93.75,Talkatora DIC,90.75,87.51332586302382
2026-02-10 13:00:00,79.75,Talkatora DIC,80.0,80.63957169117653
2026-02-10 14:00:00,69.75,Talkatora DIC,6.0,76.00604387063532
2026-02-10 15:00:00,59.0,Talkatora DIC,6.25,64.81214142361436
2026-02-10 16:00:00,60.25,Talkatora DIC,16.0,57.66433570091496
2026-02-10 17:00:00,78.0,Talkatora DIC,12.0,60.9420907563603
2026-02-10 18:00:00,72.25,Talkatora DIC,9.0,77.14712914152555
2026-02-10 19:00:00,88.25,Talkatora DIC,9.67,88.14853189610176
2026-02-10 20:00:00,100.5,Talkatora DIC,8.0,92.89896109558319
2026-02-10 21:00:00,125.5,Talkatora DIC,8.0,112.04691430257088
2026-02-10 22:00:00,173.0,Talkatora DIC,12.75,125.81791975095157
2026-02-10 23:00:00,174.0,Talkatora DIC,59.0,154.72504386915375
2026-02-11 00:00:00,134.0,Talkatora DIC,58.0,128.8150122977184
2026-02-11 01:00:00,135.0,Talkatora DIC,58.0,114.01831167110099
2026-02-11 02:00:00,126.0,Talkatora DIC,58.0,110.20755621358464
2026-02-11 03:00:00,118.75,Talkatora DIC,58.0,101.8004420701348
2026-02-11 04:00:00,103.0,Talkatora DIC,58.0,97.25565726624976
2026-02-11 05:00:00,99.75,Talkatora DIC,60.0,90.57737700273734
2026-02-11 06:00:00,93.25,Talkatora DIC,58.0,92.19020498515154
2026-02-11 07:00:00,111.25,Talkatora DIC,57.0,96.6186634152205
2026-02-11 08:00:00,125.25,Talkatora DIC,57.0,103.24868300616443
2026-02-11 09:00:00,143.0,Talkatora DIC,56.25,106.27713958419406
2026-02-11 10:00:00,137.75,Talkatora DIC,56.0,108.01847420932893
2026-02-11 11:00:00,121.5,Talkatora DIC,55.25,104.49564179544136
2026-02-11 13:00:00,80.0,Talkatora DIC,56.0,76.77445789111405
2026-02-11 14:00:00,6.0,Talkatora DIC,54.75,74.77833259748901
2026-02-11 15:00:00,6.25,Talkatora DIC,54.0,65.735467989418
2026-02-11 16:00:00,16.0,Talkatora DIC,54.75,65.71475525132276
2026-02-11 17:00:00,12.0,Talkatora DIC,55.75,60.98659005031514
2026-02-11 18:00:00,9.0,Talkatora DIC,55.25,71.86933051587302
2026-02-11 19:00:00,9.67,Talkatora DIC,55.0,97.36435370370374
2026-02-11 20:00:00,8.0,Talkatora DIC,55.0,104.18959817460322
2026-02-11 21:00:00,8.0,Talkatora DIC,55.75,107.16081804232806
2026-02-11 22:00:00,12.75,Talkatora DIC,56.75,111.61271645502653
2026-02-11 23:00:00,59.0,Talkatora DIC,56.33,91.07296117724874
2026-02-12 00:00:00,58.0,Talkatora DIC,56.0,86.89621134259266
2026-02-12 01:00:00,58.0,Talkatora DIC,56.75,84.56029837029261
2026-02-12 02:00:00,58.0,Talkatora DIC,56.25,85.72857033012737
2026-02-12 03:00:00,58.0,Talkatora DIC,56.5,81.47030046901628
2026-02-12 04:00:00,58.0,Talkatora DIC,57.5,81.56849852004481
2026-02-12 05:00:00,60.0,Talkatora DIC,57.25,81.00188348951973
2026-02-12 06:00:00,58.0,Talkatora DIC,57.0,79.3977392831705
2026-02-12 07:00:00,57.0,Talkatora DIC,57.0,81.86559658475784
2026-02-12 08:00:00,57.0,Talkatora DIC,57.75,77.72441096967847
2026-02-12 09:00:00,56.25,Talkatora DIC,57.25,78.18317683862432
2026-02-12 10:00:00,56.0,Talkatora DIC,57.75,78.48592183862435
2026-02-12 11:00:00,55.25,Talkatora DIC,57.5,80.82064330730499
2026-02-12 12:00:00,,Talkatora DIC,7.25,78.43048474910395
2026-02-15 13:00:00,69.5,Talkatora DIC,70.75,80.80762497825039
2026-02-15 14:00:00,53.75,Talkatora DIC,66.0,68.95346470974864
2026-02-15 15:00:00,55.25,Talkatora DIC,51.25,64.29575692768039
2026-02-15 16:00:00,57.25,Talkatora DIC,50.75,61.46439764202703
2026-02-15 17:00:00,53.0,Talkatora DIC,59.0,65.57113119911654
2026-02-15 18:00:00,54.5,Talkatora DIC,64.75,67.92319410767902
2026-02-15 19:00:00,70.25,Talkatora DIC,75.5,73.19114383805369
2026-02-15 20:00:00,83.67,Talkatora DIC,111.25,88.66477642721688
2026-02-15 21:00:00,98.5,Talkatora DIC,152.0,100.95406824762307
2026-02-15 22:00:00,104.25,Talkatora DIC,182.5,105.53179626330265
2026-02-15 23:00:00,105.0,Talkatora DIC,183.67,109.33088989245121
2026-02-16 00:00:00,120.75,Talkatora DIC,175.5,93.857059993637
2026-02-16 01:00:00,107.75,Talkatora DIC,155.75,85.59744092157256
2026-02-16 02:00:00,99.25,Talkatora DIC,145.0,78.70658615225251
2026-02-16 03:00:00,86.25,Talkatora DIC,146.75,77.18006034807827
2026-02-16 04:00:00,74.0,Talkatora DIC,148.75,74.196721409693
2026-02-16 05:00:00,67.5,Talkatora DIC,132.0,75.20902850197152
2026-02-16 06:00:00,68.0,Talkatora DIC,116.5,78.76884796213635
2026-02-16 07:00:00,73.75,Talkatora DIC,126.5,78.30240628581873
2026-02-16 08:00:00,85.5,Talkatora DIC,151.5,77.60687910509927
2026-02-16 09:00:00,89.25,Talkatora DIC,154.5,82.87655178376266
2026-02-16 10:00:00,85.0,Talkatora DIC,139.25,81.94926605150565
2026-02-16 11:00:00,86.5,Talkatora DIC,116.0,82.2151382258561
2026-02-16 12:00:00,74.5,Talkatora DIC,99.75,82.3826675786397
2026-02-16 13:00:00,70.75,Talkatora DIC,81.75,72.52818934849259
2026-02-16 14:00:00,66.0,Talkatora DIC,66.25,64.72192682729728
2026-02-16 15:00:00,51.25,Talkatora DIC,62.0,58.92463520370131
2026-02-16 16:00:00,50.75,Talkatora DIC,56.5,60.330845332833135
2026-02-16 17:00:00,59.0,Talkatora DIC,58.75,60.99489311153696
2026-02-16 18:00:00,64.75,Talkatora DIC,67.25,61.70264925479854
2026-02-16 19:00:00,75.5,Talkatora DIC,85.75,76.7101498955761
2026-02-16 20:00:00,111.25,Talkatora DIC,121.0,82.39019691205982
2026-02-16 21:00:00,152.0,Talkatora DIC,166.0,98.40742318437694
2026-02-16 22:00:00,182.5,Talkatora DIC,196.75,115.12813548941799
2026-02-16 23:00:00,183.67,Talkatora DIC,186.33,122.40794407522446
2026-02-17 00:00:00,175.5,Talkatora DIC,159.25,301.1825305952379
2026-02-17 01:00:00,155.75,Talkatora DIC,144.0,138.11424538359785
2026-02-17 02:00:00,145.0,Talkatora DIC,144.0,109.24870784900277
2026-02-17 03:00:00,146.75,Talkatora DIC,146.0,105.86441243503788
2026-02-17 04:00:00,148.75,Talkatora DIC,138.5,85.14997345568787
2026-02-17 05:00:00,132.0,Talkatora DIC,144.5,84.22399862764553
2026-02-17 06:00:00,116.5,Talkatora DIC,136.0,82.49492661664526
2026-02-17 07:00:00,126.5,Talkatora DIC,132.0,77.03263848263806
2026-02-17 08:00:00,151.5,Talkatora DIC,136.5,94.74840827236697
2026-02-17 09:00:00,154.5,Talkatora DIC,129.33,100.87833013208818
2026-02-17 10:00:00,139.25,Talkatora DIC,114.25,98.2396230685961
2026-02-17 11:00:00,116.0,Talkatora DIC,99.25,94.911683066901
2026-02-17 12:00:00,99.75,Talkatora DIC,83.0,78.75356895221385
2026-02-17 13:00:00,81.75,Talkatora DIC,73.75,79.60478536216748
2026-02-17 14:00:00,66.25,Talkatora DIC,65.75,80.81181636338005
2026-02-17 15:00:00,62.0,Talkatora DIC,74.0,64.29836130301953
2026-02-17 16:00:00,56.5,Talkatora DIC,75.0,65.30699691061497
2026-02-17 17:00:00,58.75,Talkatora DIC,74.25,67.7583206078587
2026-02-17 18:00:00,67.25,Talkatora DIC,77.0,74.70502789693454
2026-02-17 19:00:00,85.75,Talkatora DIC,72.5,86.25162008149258
2026-02-17 20:00:00,121.0,Talkatora DIC,72.0,103.46609820707073
2026-02-17 21:00:00,166.0,Talkatora DIC,82.0,126.56302679626211
2026-02-17 22:00:00,196.75,Talkatora DIC,79.75,127.65648567580577
2026-02-17 23:00:00,186.33,Talkatora DIC,81.0,118.7984748544973
2026-02-18 00:00:00,159.25,Talkatora DIC,83.25,120.1761282936508
2026-02-18 01:00:00,144.0,Talkatora DIC,81.0,113.33319184523813
2026-02-18 02:00:00,144.0,Talkatora DIC,71.0,114.98965198412698
2026-02-18 03:00:00,146.0,Talkatora DIC,61.75,113.57516697438038
2026-02-18 04:00:00,138.5,Talkatora DIC,56.25,110.9697060039619
2026-02-18 05:00:00,144.5,Talkatora DIC,55.0,107.00681691666031
2026-02-18 06:00:00,136.0,Talkatora DIC,55.0,109.19836854845445
2026-02-18 07:00:00,132.0,Talkatora DIC,57.75,113.3570745008354
2026-02-18 08:00:00,136.5,Talkatora DIC,59.75,112.1194731816916
2026-02-18 09:00:00,129.33,Talkatora DIC,65.5,114.7563859270019
2026-02-18 10:00:00,114.25,Talkatora DIC,62.5,114.8567413815474
2026-02-18 11:00:00,99.25,Talkatora DIC,70.75,113.84853008645361
2026-02-18 12:00:00,83.0,Talkatora DIC,66.5,88.27540786100049
2026-02-18 13:00:00,73.75,Talkatora DIC,57.75,79.84424503620264
2026-02-18 14:00:00,65.75,Talkatora DIC,54.0,75.90313255073212
2026-02-18 15:00:00,74.0,Talkatora DIC,51.0,64.09833755783269
2026-02-18 16:00:00,75.0,Talkatora DIC,56.75,67.06562801500628
2026-02-18 17:00:00,74.25,Talkatora DIC,61.25,69.81915961268984
2026-02-18 18:00:00,77.0,Talkatora DIC,65.5,77.10736224321971
2026-02-18 19:00:00,72.5,Talkatora DIC,65.75,87.67377393884632
2026-02-18 20:00:00,72.0,Talkatora DIC,74.0,93.2104936281676
2026-02-18 21:00:00,82.0,Talkatora DIC,82.75,93.56197678292953
2026-02-18 22:00:00,79.75,Talkatora DIC,76.0,111.06650190596444
2026-02-18 23:00:00,81.0,Talkatora DIC,82.33,103.3559666810967
2026-02-19 00:00:00,83.25,Talkatora DIC,86.0,89.74209080808077
2026-02-19 01:00:00,81.0,Talkatora DIC,79.25,89.055357957801
2026-02-19 02:00:00,71.0,Talkatora DIC,72.75,83.71772397407139
2026-02-19 03:00:00,61.75,Talkatora DIC,67.0,81.19492203563938
2026-02-19 04:00:00,56.25,Talkatora DIC,62.25,77.80468463658524
2026-02-19 05:00:00,55.0,Talkatora DIC,55.5,72.66833942420504
2026-02-19 06:00:00,55.0,Talkatora DIC,57.25,72.69691592046848
2026-02-19 07:00:00,57.75,Talkatora DIC,61.75,72.45903895862851
2026-02-19 08:00:00,59.75,Talkatora DIC,62.25,75.44476446884126
2026-02-19 09:00:00,65.5,Talkatora DIC,75.75,77.13771833047686
2026-02-19 10:00:00,62.5,Talkatora DIC,78.75,77.01571929496522
2026-02-19 11:00:00,70.75,Talkatora DIC,75.5,73.97668449768318
2026-02-19 13:00:00,57.75,Talkatora DIC,30.5,80.89611377510552
2026-02-19 14:00:00,54.0,Talkatora DIC,54.25,74.3026401957402
2026-02-19 15:00:00,51.0,Talkatora DIC,53.0,68.43993766241802
2026-02-19 16:00:00,56.75,Talkatora DIC,60.5,65.05852470586227
2026-02-19 17:00:00,61.25,Talkatora DIC,68.5,68.08099011004201
2026-02-19 18:00:00,65.5,Talkatora DIC,63.0,74.69210635501827
2026-02-19 19:00:00,65.75,Talkatora DIC,57.5,80.8918803203131
2026-02-19 20:00:00,74.0,Talkatora DIC,62.5,88.05454702384259
2026-02-19 21:00:00,82.75,Talkatora DIC,64.75,93.88378454047943
2026-02-19 22:00:00,76.0,Talkatora DIC,66.25,104.88816472954318
2026-02-19 23:00:00,82.33,Talkatora DIC,71.5,98.54609381976046
2026-02-20 00:00:00,86.0,Talkatora DIC,72.25,99.94453598012282
2026-02-20 01:00:00,79.25,Talkatora DIC,69.25,100.11290267658774
2026-02-20 02:00:00,72.75,Talkatora DIC,64.75,84.73844290597094
2026-02-20 03:00:00,67.0,Talkatora DIC,62.0,70.6250313212191
2026-02-20 04:00:00,62.25,Talkatora DIC,57.75,67.46618935112357
2026-02-20 05:00:00,55.5,Talkatora DIC,56.25,62.983050073943765
2026-02-20 06:00:00,57.25,Talkatora DIC,56.0,60.76802610341538
2026-02-20 07:00:00,61.75,Talkatora DIC,58.25,62.519744556418516
2026-02-20 08:00:00,62.25,Talkatora DIC,73.5,65.3878750357936
2026-02-20 09:00:00,75.75,Talkatora DIC,86.75,75.34436605173245
2026-02-20 10:00:00,78.75,Talkatora DIC,91.0,76.23755388435404
2026-02-20 11:00:00,75.5,Talkatora DIC,95.75,79.82852119754594
2026-02-20 12:00:00,6.0,Talkatora DIC,102.0,77.83535549673675
2026-02-20 13:00:00,30.5,Talkatora DIC,102.0,64.6618618950339
2026-02-20 14:00:00,54.25,Talkatora DIC,91.25,51.15681508489954
2026-02-20 15:00:00,53.0,Talkatora DIC,82.5,60.00093417845022
2026-02-20 16:00:00,60.5,Talkatora DIC,79.67,60.51722452537902
2026-02-20 17:00:00,68.5,Talkatora DIC,74.5,63.29138500985709
2026-02-20 18:00:00,63.0,Talkatora DIC,73.75,76.28127024681069
2026-02-20 19:00:00,57.5,Talkatora DIC,79.0,75.17878536900226
2026-02-20 20:00:00,62.5,Talkatora DIC,81.25,74.69276887237311
2026-02-20 21:00:00,64.75,Talkatora DIC,81.75,78.2496032047935
2026-02-20 22:00:00,66.25,Talkatora DIC,77.0,78.07594671326568
2026-02-20 23:00:00,71.5,Talkatora DIC,68.67,79.93501957013555
2026-02-21 00:00:00,72.25,Talkatora DIC,64.0,80.98083742546274
2026-02-21 01:00:00,69.25,Talkatora DIC,57.0,80.0096741102619
2026-02-21 02:00:00,64.75,Talkatora DIC,52.5,78.38585855475789
2026-02-21 03:00:00,62.0,Talkatora DIC,56.75,75.3980284133169
2026-02-21 04:00:00,57.75,Talkatora DIC,57.25,65.9882049283315
2026-02-21 05:00:00,56.25,Talkatora DIC,56.0,60.360983233011694
2026-02-21 06:00:00,56.0,Talkatora DIC,60.25,62.59519567694904
2026-02-21 07:00:00,58.25,Talkatora DIC,69.5,64.19517774749944
2026-02-21 08:00:00,73.5,Talkatora DIC,74.0,66.5963839723184
2026-02-21 09:00:00,86.75,Talkatora DIC,81.75,80.34186820062143
2026-02-21 10:00:00,91.0,Talkatora DIC,91.75,93.31117068055059
2026-02-21 11:00:00,95.75,Talkatora DIC,86.0,89.00617567215626
2026-02-21 12:00:00,102.0,Talkatora DIC,77.5,71.77954010717885
2026-02-21 13:00:00,102.0,Talkatora DIC,69.0,80.63424242385094
2026-02-21 14:00:00,91.25,Talkatora DIC,57.0,77.02598902247851
2026-02-21 15:00:00,82.5,Talkatora DIC,52.5,74.39954776328459
2026-02-21 16:00:00,79.67,Talkatora DIC,49.25,75.7536469336298
2026-02-21 17:00:00,74.5,Talkatora DIC,50.25,81.80423634215418
2026-02-21 18:00:00,73.75,Talkatora DIC,49.75,77.16832159486717
2026-02-21 19:00:00,79.0,Talkatora DIC,59.0,72.84677204601759
2026-02-21 20:00:00,81.25,Talkatora DIC,74.25,78.48534165678167
2026-02-21 21:00:00,81.75,Talkatora DIC,90.0,84.06388015804822
2026-02-21 22:00:00,77.0,Talkatora DIC,102.75,84.9343349743924
2026-02-21 23:00:00,68.67,Talkatora DIC,113.33,86.50480890403838
2026-02-22 00:00:00,64.0,Talkatora DIC,127.5,75.91041603082945
2026-02-22 01:00:00,57.0,Talkatora DIC,121.5,70.63553820495177
2026-02-22 02:00:00,52.5,Talkatora DIC,112.0,69.8653202059015
2026-02-22 03:00:00,56.75,Talkatora DIC,101.75,69.6528285498128
2026-02-22 04:00:00,57.25,Talkatora DIC,90.5,69.6894785492495
2026-02-22 05:00:00,56.0,Talkatora DIC,86.5,70.30222244081233
2026-02-22 06:00:00,60.25,Talkatora DIC,80.0,70.43760554166444
2026-02-22 07:00:00,69.5,Talkatora DIC,77.25,73.95294441108672
2026-02-22 08:00:00,74.0,Talkatora DIC,95.75,79.14499783697316
2026-02-22 09:00:00,81.75,Talkatora DIC,100.75,79.01081934620807
2026-02-22 10:00:00,91.75,Talkatora DIC,94.5,83.96301144132774
2026-02-22 11:00:00,86.0,Talkatora DIC,77.5,89.77987636111816
2026-02-22 12:00:00,77.5,Talkatora DIC,66.75,87.51635945014466
2026-02-22 13:00:00,69.0,Talkatora DIC,68.5,81.65213521844434
2026-02-22 14:00:00,57.0,Talkatora DIC,60.0,65.39274219812981
2026-02-22 15:00:00,52.5,Talkatora DIC,60.0,63.15681022310697
2026-02-22 16:00:00,49.25,Talkatora DIC,60.75,63.84383511382082
2026-02-22 17:00:00,50.25,Talkatora DIC,58.5,67.0991410298224
2026-02-22 18:00:00,49.75,Talkatora DIC,70.75,69.49905749214194
2026-02-22 19:00:00,59.0,Talkatora DIC,100.5,77.38818015632515
2026-02-22 20:00:00,74.25,Talkatora DIC,121.25,80.2432476217838
2026-02-22 21:00:00,90.0,Talkatora DIC,139.25,88.77156469720312
2026-02-22 22:00:00,102.75,Talkatora DIC,137.5,94.56314312490923
2026-02-22 23:00:00,113.33,Talkatora DIC,118.0,91.70510773268056
2026-02-23 00:00:00,127.5,Talkatora DIC,122.75,84.47422966810535
2026-02-23 01:00:00,121.5,Talkatora DIC,136.5,91.16365239286475
2026-02-23 02:00:00,112.0,Talkatora DIC,131.0,90.41065669024466
2026-02-23 03:00:00,101.75,Talkatora DIC,118.0,86.19566147443653
2026-02-23 04:00:00,90.5,Talkatora DIC,117.5,84.10854473688553
2026-02-23 05:00:00,86.5,Talkatora DIC,125.0,72.32681166123912
2026-02-23 06:00:00,80.0,Talkatora DIC,116.25,73.54113884128898
2026-02-23 07:00:00,77.25,Talkatora DIC,125.0,77.76070223718325
2026-02-23 08:00:00,95.75,Talkatora DIC,141.25,78.92894265839729
2026-02-23 09:00:00,100.75,Talkatora DIC,130.75,89.22765088113971
2026-02-23 10:00:00,94.5,Talkatora DIC,108.5,91.49771754338805
2026-02-23 11:00:00,77.5,Talkatora DIC,98.0,88.60201835973099
2026-02-23 12:00:00,66.75,Talkatora DIC,79.5,77.9523140825562
2026-02-23 13:00:00,68.5,Talkatora DIC,57.5,74.70457888086828
2026-02-23 14:00:00,60.0,Talkatora DIC,60.0,69.18869888413691
2026-02-23 15:00:00,60.0,Talkatora DIC,67.0,65.27329878111675
2026-02-23 16:00:00,60.75,Talkatora DIC,68.0,66.36275993452823
2026-02-23 17:00:00,58.5,Talkatora DIC,65.25,70.44377438511002
2026-02-23 18:00:00,70.75,Talkatora DIC,67.5,70.00677399390369
2026-02-23 19:00:00,100.5,Talkatora DIC,99.75,75.87616775143489
2026-02-23 20:00:00,121.25,Talkatora DIC,137.5,87.11736909067263
2026-02-23 21:00:00,139.25,Talkatora DIC,162.25,97.14385801149889
2026-02-23 22:00:00,137.5,Talkatora DIC,175.75,113.21492750691982
2026-02-23 23:00:00,118.0,Talkatora DIC,166.33,150.56526535057543
2026-02-24 00:00:00,122.75,Talkatora DIC,137.25,124.36396908116086
2026-02-24 01:00:00,136.5,Talkatora DIC,129.0,121.18430852848239
2026-02-24 02:00:00,131.0,Talkatora DIC,145.75,136.35557177550362
2026-02-24 03:00:00,118.0,Talkatora DIC,150.25,93.02684721897214
2026-02-24 04:00:00,117.5,Talkatora DIC,121.5,91.2330371555949
2026-02-24 05:00:00,125.0,Talkatora DIC,91.25,88.86589276932756
2026-02-24 06:00:00,116.25,Talkatora DIC,81.5,81.8654220484179
2026-02-24 07:00:00,125.0,Talkatora DIC,83.75,74.78684957318113
2026-02-24 08:00:00,141.25,Talkatora DIC,96.5,88.7969733641232
2026-02-24 09:00:00,130.75,Talkatora DIC,105.5,93.8482079121319
2026-02-24 10:00:00,108.5,Talkatora DIC,97.75,90.84435615608486
2026-02-24 11:00:00,98.0,Talkatora DIC,92.0,82.44621281113693
2026-02-24 12:00:00,79.5,Talkatora DIC,87.5,76.16414361615713
2026-02-24 13:00:00,57.5,Talkatora DIC,79.0,83.18352608076485
2026-02-24 14:00:00,60.0,Talkatora DIC,69.0,69.1648539099398
2026-02-24 15:00:00,67.0,Talkatora DIC,63.0,68.10991299869053
2026-02-24 16:00:00,68.0,Talkatora DIC,63.5,71.05015627439592
2026-02-24 17:00:00,65.25,Talkatora DIC,61.75,68.06893044048405
2026-02-24 18:00:00,67.5,Talkatora DIC,60.0,78.15173261673732
2026-02-24 19:00:00,99.75,Talkatora DIC,75.5,89.04725282518842
2026-02-24 20:00:00,137.5,Talkatora DIC,88.0,113.45687620285032
2026-02-24 21:00:00,162.25,Talkatora DIC,97.25,130.6054766495487
2026-02-24 22:00:00,175.75,Talkatora DIC,97.5,146.10125656084662
2026-02-24 23:00:00,166.33,Talkatora DIC,93.67,137.91166835016844
2026-02-25 00:00:00,137.25,Talkatora DIC,96.25,132.94736652477158
2026-02-25 01:00:00,129.0,Talkatora DIC,90.5,122.83237947790488
2026-02-25 02:00:00,145.75,Talkatora DIC,82.0,117.65565213682004
2026-02-25 03:00:00,150.25,Talkatora DIC,77.0,120.00083918936306
2026-02-25 04:00:00,121.5,Talkatora DIC,72.25,117.81448845873751
2026-02-25 05:00:00,91.25,Talkatora DIC,73.5,112.12683722143454
2026-02-25 06:00:00,81.5,Talkatora DIC,79.75,90.2012230224868
2026-02-25 07:00:00,83.75,Talkatora DIC,83.25,81.68924725529104
2026-02-25 08:00:00,96.5,Talkatora DIC,90.5,81.69354621031749
2026-02-25 09:00:00,105.5,Talkatora DIC,101.5,97.10291180521017
2026-02-25 10:00:00,97.75,Talkatora DIC,99.5,97.32900236251949
2026-02-25 11:00:00,92.0,Talkatora DIC,88.0,91.21130722696266
2026-02-25 12:00:00,87.5,Talkatora DIC,78.25,82.84989237593112
2026-02-25 13:00:00,79.0,Talkatora DIC,75.75,72.66072829820568
2026-02-25 14:00:00,69.0,Talkatora DIC,75.5,71.68042351345805
2026-02-25 15:00:00,63.0,Talkatora DIC,73.0,73.04000377010114
2026-02-25 16:00:00,63.5,Talkatora DIC,71.25,69.01934999175752
2026-02-25 17:00:00,61.75,Talkatora DIC,66.0,69.00460368930455
2026-02-25 18:00:00,60.0,Talkatora DIC,73.5,70.6691687891551
2026-02-25 19:00:00,75.5,Talkatora DIC,83.5,77.10472887042137
2026-02-25 20:00:00,88.0,Talkatora DIC,74.75,87.32179115218713
2026-02-25 21:00:00,97.25,Talkatora DIC,64.75,101.63593086219338
2026-02-25 22:00:00,97.5,Talkatora DIC,65.25,114.88403385126594
2026-02-25 23:00:00,93.67,Talkatora DIC,67.33,108.77674452486792
2026-02-26 00:00:00,96.25,Talkatora DIC,65.25,93.18410407712653
2026-02-26 01:00:00,90.5,Talkatora DIC,60.25,102.66285368806749
2026-02-26 02:00:00,82.0,Talkatora DIC,66.75,86.20759892620445
2026-02-26 03:00:00,77.0,Talkatora DIC,63.0,78.81713805829695
2026-02-26 04:00:00,72.25,Talkatora DIC,64.25,76.75324531818323
2026-02-26 05:00:00,73.5,Talkatora DIC,67.5,77.25775252117326
2026-02-26 06:00:00,79.75,Talkatora DIC,61.25,73.92912194766097
2026-02-26 07:00:00,83.25,Talkatora DIC,68.75,82.60340221035548
2026-02-26 08:00:00,90.5,Talkatora DIC,80.25,85.3644777084707
2026-02-26 09:00:00,101.5,Talkatora DIC,90.0,90.67102579727256
2026-02-26 10:00:00,99.5,Talkatora DIC,90.25,85.35775598182073
2026-02-26 11:00:00,88.0,Talkatora DIC,80.0,82.04649981677429
2026-02-26 12:00:00,78.25,Talkatora DIC,71.0,75.91631248702045
2026-02-26 13:00:00,75.75,Talkatora DIC,62.5,74.26924031228774
2026-02-26 14:00:00,75.5,Talkatora DIC,61.25,73.42971038127969
2026-02-26 15:00:00,73.0,Talkatora DIC,66.75,70.63394779273872
2026-02-26 16:00:00,71.25,Talkatora DIC,66.75,68.07031645836659
2026-02-26 17:00:00,66.0,Talkatora DIC,71.0,69.56756179284514
2026-02-26 18:00:00,73.5,Talkatora DIC,69.5,71.0290469097923
2026-02-26 19:00:00,83.5,Talkatora DIC,72.0,86.14942492460047
2026-02-26 20:00:00,74.75,Talkatora DIC,89.25,93.67574917338996
2026-02-26 21:00:00,64.75,Talkatora DIC,117.5,91.59071774824588
2026-02-26 22:00:00,65.25,Talkatora DIC,142.25,85.20380276606248
2026-02-26 23:00:00,67.33,Talkatora DIC,139.33,83.17669577264527
2026-02-27 00:00:00,65.25,Talkatora DIC,115.25,88.69719760176878
2026-02-27 01:00:00,60.25,Talkatora DIC,101.0,89.79485059816385
2026-02-27 02:00:00,66.75,Talkatora DIC,97.75,77.69881125661844
2026-02-27 03:00:00,63.0,Talkatora DIC,102.0,83.94903255873274
2026-02-27 04:00:00,64.25,Talkatora DIC,98.75,77.94140327546084
2026-02-27 05:00:00,67.5,Talkatora DIC,91.75,73.70187878034577
2026-02-27 06:00:00,61.25,Talkatora DIC,95.25,75.18008940082481
2026-02-27 07:00:00,68.75,Talkatora DIC,96.0,73.92123244998334
2026-02-27 08:00:00,80.25,Talkatora DIC,111.75,79.25318261955812
2026-02-27 09:00:00,90.0,Talkatora DIC,109.0,87.81684561279428
2026-02-27 10:00:00,90.25,Talkatora DIC,90.75,88.56758649091257
2026-02-27 11:00:00,80.0,Talkatora DIC,92.25,87.52883404230433
2026-02-27 12:00:00,71.0,Talkatora DIC,88.0,84.12192160836031
2026-02-27 13:00:00,62.5,Talkatora DIC,72.75,74.55376298618141
2026-02-27 14:00:00,61.25,Talkatora DIC,64.0,74.09797184023242
2026-02-27 15:00:00,66.75,Talkatora DIC,59.75,74.88454996789653
2026-02-27 16:00:00,66.75,Talkatora DIC,57.5,78.70916640327496
2026-02-27 17:00:00,71.0,Talkatora DIC,58.0,80.00990658069412
2026-02-27 18:00:00,69.5,Talkatora DIC,67.75,83.56133346179801
2026-02-27 19:00:00,72.0,Talkatora DIC,92.25,90.12919182279698
2026-02-27 20:00:00,89.25,Talkatora DIC,107.0,92.79124506811749
2026-02-27 22:00:00,142.25,Talkatora DIC,147.0,92.4846592975366
2026-02-27 23:00:00,139.33,Talkatora DIC,152.33,110.51790305008605
2026-02-28 00:00:00,115.25,Talkatora DIC,161.5,108.39198071484071
2026-02-28 01:00:00,101.0,Talkatora DIC,150.0,97.43835782911218
2026-02-28 02:00:00,97.75,Talkatora DIC,120.0,91.46795648424632
2026-02-28 03:00:00,102.0,Talkatora DIC,90.5,88.40409735565152
2026-02-28 04:00:00,98.75,Talkatora DIC,76.25,79.71662276390637
2026-02-28 05:00:00,91.75,Talkatora DIC,72.5,80.26422978540172
2026-02-28 06:00:00,95.25,Talkatora DIC,68.75,79.54964079210025
2026-02-28 07:00:00,96.0,Talkatora DIC,66.5,81.89631323168814
2026-02-28 08:00:00,111.75,Talkatora DIC,84.0,84.69996273431526
2026-02-28 09:00:00,109.0,Talkatora DIC,93.0,88.29471460982985
2026-02-28 10:00:00,90.75,Talkatora DIC,97.0,88.83892679508251
2026-02-28 11:00:00,92.25,Talkatora DIC,87.75,82.28742792422358
2026-02-28 12:00:00,88.0,Talkatora DIC,77.25,75.52902332981334
2026-02-28 13:00:00,72.75,Talkatora DIC,82.25,73.26831768458952
2026-02-28 14:00:00,64.0,Talkatora DIC,82.75,74.2336265748835
2026-02-28 15:00:00,59.75,Talkatora DIC,84.75,71.37233654231105
2026-02-28 16:00:00,57.5,Talkatora DIC,87.0,69.98790642803466
2026-02-28 17:00:00,58.0,Talkatora DIC,78.0,68.63026780015839
2026-02-28 18:00:00,67.75,Talkatora DIC,70.5,71.12580519769722
2026-02-28 19:00:00,92.25,Talkatora DIC,65.5,84.1335886001537
2026-02-28 20:00:00,107.0,Talkatora DIC,68.5,97.16521814336042
2026-02-28 21:00:00,,Talkatora DIC,73.75,134.61684467611659
2026-03-05 19:00:00,78.0,Talkatora DIC,83.25,65.44002547616373
2026-03-05 20:00:00,105.5,Talkatora DIC,125.75,77.76407389966032
2026-03-05 21:00:00,130.25,Talkatora DIC,143.0,87.31140475065125
2026-03-05 22:00:00,143.75,Talkatora DIC,128.25,99.5901337231709
2026-03-05 23:00:00,149.33,Talkatora DIC,123.33,107.13987493697394
2026-03-06 00:00:00,138.75,Talkatora DIC,114.25,101.8334839065564
2026-03-06 01:00:00,122.25,Talkatora DIC,106.5,91.45508597909766
2026-03-06 02:00:00,119.25,Talkatora DIC,97.75,87.90010055412009
2026-03-06 03:00:00,112.0,Talkatora DIC,100.25,84.10109786282393
2026-03-06 04:00:00,103.75,Talkatora DIC,99.75,91.14717537495608
2026-03-06 05:00:00,104.75,Talkatora DIC,96.0,92.82833837035986
2026-03-06 06:00:00,108.0,Talkatora DIC,99.0,78.00135912166999
2026-03-06 07:00:00,107.0,Talkatora DIC,124.0,76.16272399537937
2026-03-06 08:00:00,117.5,Talkatora DIC,123.5,93.01089838383602
2026-03-06 09:00:00,122.25,Talkatora DIC,120.75,91.98304646582494
2026-03-06 10:00:00,103.75,Talkatora DIC,110.5,76.23527250339201
2026-03-06 11:00:00,83.0,Talkatora DIC,107.0,79.860054549569
2026-03-06 12:00:00,80.5,Talkatora DIC,104.67,87.1776333152472
2026-03-06 13:00:00,77.25,Talkatora DIC,86.5,86.39512662569199
2026-03-06 14:00:00,82.5,Talkatora DIC,95.25,79.16490187253048
2026-03-06 15:00:00,74.5,Talkatora DIC,108.5,79.89086482968514
2026-03-06 16:00:00,66.25,Talkatora DIC,120.5,80.77133843691118
2026-03-06 17:00:00,62.25,Talkatora DIC,106.25,65.85752326727565
2026-03-06 18:00:00,66.25,Talkatora DIC,97.0,63.70052075321723
2026-03-06 19:00:00,83.25,Talkatora DIC,97.0,74.57493024852141
2026-03-06 20:00:00,125.75,Talkatora DIC,119.5,96.30877149889152
2026-03-06 21:00:00,143.0,Talkatora DIC,139.0,123.80764474478681
2026-03-06 22:00:00,128.25,Talkatora DIC,153.25,141.01361415616248
2026-03-06 23:00:00,123.33,Talkatora DIC,157.0,122.09347691715152
2026-03-07 00:00:00,114.25,Talkatora DIC,149.75,119.99923505579713
2026-03-07 01:00:00,106.5,Talkatora DIC,153.0,111.62273334567598
2026-03-07 02:00:00,97.75,Talkatora DIC,149.75,102.3064769909865
2026-03-07 03:00:00,100.25,Talkatora DIC,138.25,96.07907898028162
2026-03-07 04:00:00,99.75,Talkatora DIC,131.25,94.13565225578398
2026-03-07 05:00:00,96.0,Talkatora DIC,124.75,92.36685230336224
2026-03-07 06:00:00,99.0,Talkatora DIC,122.75,98.11086596917278
2026-03-07 07:00:00,124.0,Talkatora DIC,123.0,96.64219125479488
2026-03-07 08:00:00,123.5,Talkatora DIC,124.5,104.3163014631495
2026-03-07 09:00:00,120.75,Talkatora DIC,117.0,104.505552004976
2026-03-07 10:00:00,110.5,Talkatora DIC,113.75,96.20408140543776
2026-03-07 11:00:00,107.0,Talkatora DIC,106.5,93.16457142813375
2026-03-07 12:00:00,104.67,Talkatora DIC,95.0,89.2418643343011
2026-03-07 13:00:00,86.5,Talkatora DIC,93.0,84.11669438603037
2026-03-07 14:00:00,95.25,Talkatora DIC,90.5,85.44925587524143
2026-03-07 16:00:00,120.5,Talkatora DIC,5.75,78.50564193240506
2026-03-07 17:00:00,106.25,Talkatora DIC,71.0,80.49464849959767
2026-03-07 18:00:00,97.0,Talkatora DIC,78.75,80.81879859779205
2026-03-07 19:00:00,97.0,Talkatora DIC,96.25,89.2862337681797
2026-03-07 20:00:00,119.5,Talkatora DIC,105.25,121.95930627899793
2026-03-07 22:00:00,153.25,Talkatora DIC,198.5,123.14738512566149
2026-03-07 23:00:00,157.0,Talkatora DIC,180.0,123.59214646825404
2026-03-08 00:00:00,149.75,Talkatora DIC,165.0,122.64226646825406
2026-03-08 01:00:00,153.0,Talkatora DIC,156.0,104.45470977015724
2026-03-08 02:00:00,149.75,Talkatora DIC,136.75,99.23577844078913
2026-03-08 03:00:00,138.25,Talkatora DIC,120.0,96.86342166244175
2026-03-08 04:00:00,131.25,Talkatora DIC,105.75,96.29342761208555
2026-03-08 05:00:00,124.75,Talkatora DIC,110.75,96.54671856772023
2026-03-08 06:00:00,122.75,Talkatora DIC,101.5,99.06458471240151
2026-03-08 07:00:00,123.0,Talkatora DIC,101.0,121.29804996612005
2026-03-08 08:00:00,124.5,Talkatora DIC,105.0,125.43634873867462
2026-03-08 09:00:00,117.0,Talkatora DIC,104.25,126.04727059734068
2026-03-08 10:00:00,113.75,Talkatora DIC,99.5,117.28543471773293
2026-03-08 11:00:00,106.5,Talkatora DIC,105.25,101.30186023861839
2026-03-08 12:00:00,95.0,Talkatora DIC,103.75,95.90676151696275
2026-03-08 13:00:00,93.0,Talkatora DIC,101.25,93.40509030998251
2026-03-08 14:00:00,90.5,Talkatora DIC,76.5,96.61689649993976
2026-03-08 15:00:00,,Talkatora DIC,71.0,97.29183583977975
2026-03-16 13:00:00,65.25,Talkatora DIC,66.25,70.61942215488213
2026-03-16 14:00:00,50.25,Talkatora DIC,67.5,67.80966907805535
2026-03-16 15:00:00,57.75,Talkatora DIC,63.75,57.96351264440396
2026-03-16 16:00:00,54.25,Talkatora DIC,63.75,60.56482894904546
2026-03-16 17:00:00,59.5,Talkatora DIC,57.5,60.278150527923366
2026-03-16 18:00:00,67.5,Talkatora DIC,71.5,61.69349044290262
2026-03-16 19:00:00,73.0,Talkatora DIC,71.75,60.92833220407187
2026-03-16 20:00:00,85.5,Talkatora DIC,68.5,60.17275145773488
2026-03-16 21:00:00,70.75,Talkatora DIC,71.25,59.962811719576735
2026-03-16 22:00:00,81.75,Talkatora DIC,73.75,62.62091616757944
2026-03-16 23:00:00,83.33,Talkatora DIC,73.33,68.90038685468129
2026-03-17 00:00:00,76.5,Talkatora DIC,81.25,62.52674030728894
2026-03-17 01:00:00,80.0,Talkatora DIC,82.25,62.22046793217738
2026-03-17 02:00:00,67.0,Talkatora DIC,75.5,58.10674358988322
2026-03-17 03:00:00,69.75,Talkatora DIC,73.25,57.41540716573237
2026-03-17 04:00:00,73.5,Talkatora DIC,80.5,56.1675725815762
2026-03-17 05:00:00,72.5,Talkatora DIC,79.5,57.76690861632691
2026-03-17 06:00:00,72.0,Talkatora DIC,77.5,60.623198627712036
2026-03-17 07:00:00,63.75,Talkatora DIC,103.25,60.31395551288143
2026-03-17 08:00:00,72.0,Talkatora DIC,114.0,62.46211075168656
2026-03-17 09:00:00,81.25,Talkatora DIC,105.25,65.47467283138134
2026-03-17 10:00:00,83.0,Talkatora DIC,99.0,67.07621323826113
2026-03-17 11:00:00,87.0,Talkatora DIC,129.25,73.97103903769026
2026-03-17 12:00:00,74.75,Talkatora DIC,108.0,76.09265536706161
2026-03-17 13:00:00,66.25,Talkatora DIC,92.0,75.2367435228638
2026-03-17 14:00:00,67.5,Talkatora DIC,75.25,65.34591418078689
2026-03-17 15:00:00,63.75,Talkatora DIC,77.0,65.87399513582605
2026-03-17 16:00:00,63.75,Talkatora DIC,77.25,63.68082694683528
2026-03-17 17:00:00,57.5,Talkatora DIC,65.5,65.66747666838798
2026-03-17 18:00:00,71.5,Talkatora DIC,64.5,68.84355221543181
2026-03-17 19:00:00,71.75,Talkatora DIC,63.25,75.41056871700441
2026-03-17 20:00:00,68.5,Talkatora DIC,76.0,73.5353470822336
2026-03-17 21:00:00,71.25,Talkatora DIC,81.5,77.51193796107503
2026-03-17 22:00:00,73.75,Talkatora DIC,89.5,71.76859446882918
2026-03-17 23:00:00,73.33,Talkatora DIC,87.0,69.87353663423318
2026-03-18 00:00:00,81.25,Talkatora DIC,89.0,75.90285882403653
2026-03-18 01:00:00,82.25,Talkatora DIC,92.5,83.75993227212402
2026-03-18 02:00:00,75.5,Talkatora DIC,85.5,75.77935218050472
2026-03-18 03:00:00,73.25,Talkatora DIC,84.75,72.85632964067216
2026-03-18 04:00:00,80.5,Talkatora DIC,76.0,72.4805576112039
2026-03-18 05:00:00,79.5,Talkatora DIC,73.0,76.19053491510302
2026-03-18 06:00:00,77.5,Talkatora DIC,86.25,77.51995213406101
2026-03-18 07:00:00,103.25,Talkatora DIC,92.25,74.07645142698868
2026-03-18 08:00:00,114.0,Talkatora DIC,86.5,77.69044231996475
2026-03-18 09:00:00,105.25,Talkatora DIC,78.5,90.38812937511494
2026-03-18 10:00:00,99.0,Talkatora DIC,87.0,88.87014005060865
2026-03-18 11:00:00,129.25,Talkatora DIC,87.5,86.43724828025856
2026-03-18 12:00:00,108.0,Talkatora DIC,73.0,81.40960710809821
2026-03-18 21:00:00,81.5,Talkatora DIC,70.75,75.7301256774891
2026-03-18 22:00:00,89.5,Talkatora DIC,62.0,78.08805241324067
2026-03-18 23:00:00,87.0,Talkatora DIC,67.67,77.73875997124914
2026-03-19 00:00:00,89.0,Talkatora DIC,56.75,91.39534130990252
2026-03-19 01:00:00,92.5,Talkatora DIC,59.75,89.66662204711868
2026-03-19 02:00:00,85.5,Talkatora DIC,56.75,75.57150464652267
2026-03-19 03:00:00,84.75,Talkatora DIC,66.75,72.29473195429014
2026-03-19 04:00:00,76.0,Talkatora DIC,75.5,83.8562312266721
2026-03-19 05:00:00,73.0,Talkatora DIC,61.25,75.28357863748316
2026-03-19 06:00:00,86.25,Talkatora DIC,67.75,70.96542710666228
2026-03-19 07:00:00,92.25,Talkatora DIC,89.0,90.38512913238665
2026-03-19 08:00:00,86.5,Talkatora DIC,115.25,89.46237074468081
2026-03-19 09:00:00,78.5,Talkatora DIC,115.0,86.98155102455722
2026-03-19 10:00:00,87.0,Talkatora DIC,111.5,81.87612055189742
2026-03-19 11:00:00,87.5,Talkatora DIC,99.5,75.26552351936908
2026-03-19 12:00:00,73.0,Talkatora DIC,84.0,90.51198944665525
2026-03-19 13:00:00,63.25,Talkatora DIC,63.0,74.31838039217517
2026-03-19 14:00:00,44.75,Talkatora DIC,50.0,69.26363579351039
2026-03-19 15:00:00,51.75,Talkatora DIC,48.0,56.278404459784035
2026-03-19 16:00:00,57.25,Talkatora DIC,38.0,63.84184509257598
2026-03-19 17:00:00,56.5,Talkatora DIC,37.5,65.7637422959911
2026-03-19 18:00:00,61.0,Talkatora DIC,42.0,68.77535148514664
2026-03-19 19:00:00,60.25,Talkatora DIC,49.25,71.36097093872772
2026-03-19 20:00:00,65.0,Talkatora DIC,58.75,71.78737269365506
2026-03-19 21:00:00,70.75,Talkatora DIC,61.75,69.68391613748707
2026-03-19 22:00:00,62.0,Talkatora DIC,67.75,75.24139289070793
2026-03-19 23:00:00,67.67,Talkatora DIC,70.0,69.59117363367884
2026-03-20 00:00:00,56.75,Talkatora DIC,55.5,68.5026205996369
2026-03-20 01:00:00,59.75,Talkatora DIC,52.0,64.92338514061508
2026-03-20 03:00:00,66.75,Talkatora DIC,41.0,64.46940375169036
2026-03-20 04:00:00,75.5,Talkatora DIC,41.75,66.00449284994467
2026-03-20 05:00:00,61.25,Talkatora DIC,37.0,76.88694444110398
2026-03-20 06:00:00,67.75,Talkatora DIC,38.0,66.15358581312687
2026-03-20 07:00:00,89.0,Talkatora DIC,31.5,70.16011033162609
2026-03-20 08:00:00,115.25,Talkatora DIC,30.75,91.2025787819108
2026-03-20 09:00:00,115.0,Talkatora DIC,33.5,91.94654698152671
2026-03-20 10:00:00,111.5,Talkatora DIC,35.0,91.4899228856358
2026-03-20 13:00:00,63.0,Talkatora DIC,23.75,81.43902552362029
2026-03-20 14:00:00,50.0,Talkatora DIC,25.5,67.3052927525505
2026-03-20 15:00:00,48.0,Talkatora DIC,36.75,62.97019717331186
2026-03-20 16:00:00,38.0,Talkatora DIC,39.0,52.87388825975044
2026-03-20 17:00:00,37.5,Talkatora DIC,31.5,48.53409104674243
2026-03-20 18:00:00,42.0,Talkatora DIC,40.75,51.43849454490339
2026-03-20 19:00:00,49.25,Talkatora DIC,39.0,59.64954247354986
2026-03-20 20:00:00,58.75,Talkatora DIC,39.0,69.645122156792
2026-03-20 21:00:00,61.75,Talkatora DIC,36.5,71.42044994770345
2026-03-20 22:00:00,67.75,Talkatora DIC,34.5,75.51068363531606
2026-03-20 23:00:00,70.0,Talkatora DIC,45.0,77.33388278070142
2026-03-21 00:00:00,55.5,Talkatora DIC,50.5,73.02257060776219
2026-03-21 01:00:00,52.0,Talkatora DIC,47.0,69.14243432710303
2026-03-21 02:00:00,,Talkatora DIC,48.5,67.11696099425689
2026-03-26 13:00:00,64.25,Talkatora DIC,77.25,69.9291840334897
2026-03-26 14:00:00,42.5,Talkatora DIC,48.75,60.808057043104164
2026-03-26 15:00:00,50.75,Talkatora DIC,58.75,54.17967215121764
2026-03-26 16:00:00,46.0,Talkatora DIC,52.0,61.01673100542977
2026-03-26 18:00:00,42.25,Talkatora DIC,70.5,57.52231232671278
2026-03-26 19:00:00,53.75,Talkatora DIC,63.25,68.35141296176049
2026-03-26 20:00:00,58.75,Talkatora DIC,70.0,70.56969291351706
2026-03-26 21:00:00,71.75,Talkatora DIC,77.75,70.95268787482705
2026-03-26 22:00:00,89.75,Talkatora DIC,63.25,81.15822894106512
2026-03-26 23:00:00,91.0,Talkatora DIC,67.67,95.39140334725705
2026-03-27 00:00:00,71.5,Talkatora DIC,97.25,96.0041033140806
2026-03-27 01:00:00,58.25,Talkatora DIC,70.5,68.3632733599132
2026-03-27 02:00:00,48.25,Talkatora DIC,57.5,64.52626264585227
2026-03-27 03:00:00,56.75,Talkatora DIC,54.0,54.193337066544764
2026-03-27 04:00:00,53.0,Talkatora DIC,48.0,60.500870507296206
2026-03-27 05:00:00,52.0,Talkatora DIC,45.0,62.36045218891389
2026-03-27 06:00:00,59.75,Talkatora DIC,49.0,61.33824261140946
2026-03-27 07:00:00,75.75,Talkatora DIC,48.0,67.68252487728363
2026-03-27 08:00:00,77.0,Talkatora DIC,50.0,83.3683744951664
2026-03-27 09:00:00,76.0,Talkatora DIC,41.25,86.52955278631116
2026-03-27 10:00:00,97.5,Talkatora DIC,54.5,81.07899243927362
2026-03-27 11:00:00,104.75,Talkatora DIC,43.25,92.17824499911914
2026-03-27 12:00:00,87.5,Talkatora DIC,39.25,78.43560930996584
2026-03-27 13:00:00,77.25,Talkatora DIC,39.0,69.52778360473947
2026-03-27 14:00:00,48.75,Talkatora DIC,40.0,59.342720900680106
2026-03-27 15:00:00,58.75,Talkatora DIC,40.0,50.10996232613058
2026-03-27 16:00:00,52.0,Talkatora DIC,47.0,58.67009055897352
2026-03-27 17:00:00,,Talkatora DIC,52.0,59.601040854246115
2026-03-31 23:00:00,66.67,Talkatora DIC,51.0,69.38717137637116
2026-04-01 00:00:00,67.0,Talkatora DIC,51.0,74.29120809434544
2026-04-01 01:00:00,84.5,Talkatora DIC,55.0,71.16764703614457
2026-04-01 02:00:00,59.5,Talkatora DIC,38.25,74.82150276991311
2026-04-01 03:00:00,38.5,Talkatora DIC,41.0,63.25841370776856
2026-04-01 04:00:00,48.75,Talkatora DIC,48.0,53.705857638374766
2026-04-01 05:00:00,40.25,Talkatora DIC,50.75,53.60038742032969
2026-04-01 06:00:00,35.25,Talkatora DIC,60.75,54.32100530497254
2026-04-01 07:00:00,35.75,Talkatora DIC,66.0,50.473743951634894
2026-04-01 08:00:00,38.75,Talkatora DIC,70.75,53.02398028608953
2026-04-01 09:00:00,31.0,Talkatora DIC,70.0,58.48641216575269
2026-04-01 10:00:00,32.0,Talkatora DIC,60.25,56.49310115724105
2026-04-01 11:00:00,35.75,Talkatora DIC,61.0,59.40629538845786
2026-04-01 12:00:00,31.0,Talkatora DIC,52.25,57.017220993793636
2026-04-01 13:00:00,26.25,Talkatora DIC,38.25,53.083602684657
2026-04-01 14:00:00,21.0,Talkatora DIC,42.0,49.17176502483531
2026-04-01 15:00:00,24.75,Talkatora DIC,43.0,48.90179935704465
2026-04-01 16:00:00,29.0,Talkatora DIC,24.5,42.89613118988311
2026-04-01 17:00:00,29.0,Talkatora DIC,35.75,46.13948263738546
2026-04-01 18:00:00,33.0,Talkatora DIC,50.75,45.836484547140245
2026-04-01 19:00:00,40.0,Talkatora DIC,49.25,47.6405649975123
2026-04-01 20:00:00,42.0,Talkatora DIC,65.75,48.265150937871326
2026-04-01 21:00:00,48.75,Talkatora DIC,70.0,48.95956193699674
2026-04-01 22:00:00,48.0,Talkatora DIC,80.75,51.89147124157509
2026-04-01 23:00:00,51.0,Talkatora DIC,88.0,51.7904537558356
2026-04-02 00:00:00,51.0,Talkatora DIC,86.0,51.121473696054224
2026-04-02 01:00:00,55.0,Talkatora DIC,82.0,57.0949714014291
2026-04-02 02:00:00,38.25,Talkatora DIC,87.0,53.66287018576616
2026-04-02 03:00:00,41.0,Talkatora DIC,64.5,49.39633907097877
2026-04-02 04:00:00,48.0,Talkatora DIC,45.5,50.871923878254144
2026-04-02 05:00:00,50.75,Talkatora DIC,60.75,51.83253314268985
2026-04-02 06:00:00,60.75,Talkatora DIC,62.0,52.01898552164155
2026-04-02 07:00:00,66.0,Talkatora DIC,65.0,58.45912991147739
2026-04-02 08:00:00,70.75,Talkatora DIC,78.75,59.51460842874704
2026-04-02 09:00:00,70.0,Talkatora DIC,74.25,50.155846031746016
2026-04-02 10:00:00,60.25,Talkatora DIC,56.25,48.586074417989394
2026-04-02 11:00:00,61.0,Talkatora DIC,69.5,57.56110646606115
2026-04-02 13:00:00,38.25,Talkatora DIC,6.0,49.76938214936821
2026-04-02 14:00:00,42.0,Talkatora DIC,42.5,40.535665679617054
2026-04-02 15:00:00,43.0,Talkatora DIC,46.0,37.62711398699397
2026-04-02 16:00:00,24.5,Talkatora DIC,46.75,33.57344822358027
2026-04-02 17:00:00,35.75,Talkatora DIC,53.25,33.3450072284928
2026-04-02 18:00:00,50.75,Talkatora DIC,62.25,34.71972827695205
2026-04-02 19:00:00,49.25,Talkatora DIC,92.0,53.844356063721506
2026-04-02 20:00:00,65.75,Talkatora DIC,121.25,58.51206769676168
2026-04-02 21:00:00,70.0,Talkatora DIC,124.0,67.4724726142986
2026-04-02 22:00:00,80.75,Talkatora DIC,116.0,73.09577494492156
2026-04-02 23:00:00,88.0,Talkatora DIC,118.67,67.90244443386244
2026-04-03 00:00:00,86.0,Talkatora DIC,111.0,65.81186645141898
2026-04-03 01:00:00,82.0,Talkatora DIC,122.75,62.19557982563736
2026-04-03 02:00:00,87.0,Talkatora DIC,129.5,56.37710317991744
2026-04-03 03:00:00,64.5,Talkatora DIC,128.25,66.98795435545938
2026-04-03 04:00:00,45.5,Talkatora DIC,118.0,53.47667742462059
2026-04-03 05:00:00,60.75,Talkatora DIC,99.75,53.90927994508171
2026-04-03 06:00:00,62.0,Talkatora DIC,99.0,65.67552289887232
2026-04-03 07:00:00,65.0,Talkatora DIC,107.25,71.37064163364327
2026-04-03 08:00:00,78.75,Talkatora DIC,105.25,76.35046223814311
2026-04-03 09:00:00,74.25,Talkatora DIC,105.0,88.35680479452272
2026-04-03 10:00:00,56.25,Talkatora DIC,101.5,69.8126911888775
2026-04-03 11:00:00,69.5,Talkatora DIC,81.75,68.73108177273593
2026-04-03 12:00:00,,Talkatora DIC,71.75,64.59893155495025
2026-04-06 13:00:00,43.25,Talkatora DIC,66.5,42.98031633477634
2026-04-06 14:00:00,35.75,Talkatora DIC,51.25,39.7016123362193
2026-04-06 15:00:00,37.75,Talkatora DIC,58.25,38.694111507936476
2026-04-06 16:00:00,42.5,Talkatora DIC,57.25,37.20465712301585
2026-04-06 17:00:00,41.25,Talkatora DIC,46.0,35.93646931637806
2026-04-06 18:00:00,48.25,Talkatora DIC,58.5,39.31759606321498
2026-04-06 19:00:00,61.0,Talkatora DIC,90.0,45.663532122348684
2026-04-06 20:00:00,64.0,Talkatora DIC,73.0,44.91799363636364
2026-04-06 21:00:00,71.25,Talkatora DIC,52.0,43.88839685064932
2026-04-06 22:00:00,75.75,Talkatora DIC,43.5,48.34124551467048
2026-04-06 23:00:00,85.67,Talkatora DIC,34.33,52.08085896825393
2026-04-07 00:00:00,87.0,Talkatora DIC,33.0,54.716328452380935
2026-04-07 01:00:00,79.75,Talkatora DIC,36.75,53.58482509259257
2026-04-07 02:00:00,79.0,Talkatora DIC,37.0,50.910569722222164
2026-04-07 03:00:00,70.0,Talkatora DIC,25.33,56.12069871332367
2026-04-07 04:00:00,68.0,Talkatora DIC,26.75,50.60961556878308
2026-04-07 05:00:00,75.25,Talkatora DIC,26.25,48.681609163059115
2026-04-07 06:00:00,68.75,Talkatora DIC,27.0,55.963951031745985
2026-04-07 07:00:00,69.0,Talkatora DIC,28.0,49.106127872704604
2026-04-07 08:00:00,73.5,Talkatora DIC,30.0,52.002208480392135
2026-04-07 09:00:00,79.5,Talkatora DIC,31.0,55.997841374458865
2026-04-07 10:00:00,84.5,Talkatora DIC,49.25,85.80188281615983
2026-04-07 11:00:00,81.5,Talkatora DIC,45.5,74.94664190769655
2026-04-07 12:00:00,89.25,Talkatora DIC,38.75,66.95909390798856
2026-04-07 13:00:00,66.5,Talkatora DIC,47.25,67.57212922475266
2026-04-07 14:00:00,51.25,Talkatora DIC,32.5,48.13035559523809
2026-04-07 15:00:00,58.25,Talkatora DIC,44.5,43.95732188191437
2026-04-07 16:00:00,57.25,Talkatora DIC,37.75,47.394110000000005
2026-04-07 17:00:00,46.0,Talkatora DIC,39.67,49.71924083333333
2026-04-07 18:00:00,58.5,Talkatora DIC,42.75,43.90481017713366
2026-04-07 19:00:00,90.0,Talkatora DIC,51.25,50.471870423280414
2026-04-07 20:00:00,73.0,Talkatora DIC,41.25,80.73320011904767
2026-04-07 21:00:00,52.0,Talkatora DIC,42.75,61.09950506613766
2026-04-07 22:00:00,43.5,Talkatora DIC,26.75,52.25334870370371
2026-04-07 23:00:00,34.33,Talkatora DIC,29.33,51.97100521825393
2026-04-08 00:00:00,33.0,Talkatora DIC,27.25,42.43051901760279
2026-04-08 01:00:00,36.75,Talkatora DIC,28.0,38.28183542696639
2026-04-08 02:00:00,37.0,Talkatora DIC,27.25,42.32418352886447
2026-04-08 03:00:00,25.33,Talkatora DIC,26.25,39.30897313727939
2026-04-08 04:00:00,26.75,Talkatora DIC,20.5,32.67696715838508
2026-04-08 05:00:00,26.25,Talkatora DIC,24.5,33.02826848986763
2026-04-08 06:00:00,27.0,Talkatora DIC,28.5,34.271795915103404
2026-04-08 07:00:00,28.0,Talkatora DIC,34.33,39.73069456932303
2026-04-08 08:00:00,30.0,Talkatora DIC,30.5,43.070113248557
2026-04-08 09:00:00,31.0,Talkatora DIC,34.5,50.258433981502485
2026-04-08 10:00:00,49.25,Talkatora DIC,31.25,50.33425386245487
2026-04-08 11:00:00,45.5,Talkatora DIC,47.5,45.272394956644526
2026-04-08 12:00:00,38.75,Talkatora DIC,31.75,41.35306177474704
2026-04-08 13:00:00,47.25,Talkatora DIC,44.5,40.96635200121126
2026-04-08 14:00:00,32.5,Talkatora DIC,36.0,43.68922434803256
2026-04-08 15:00:00,44.5,Talkatora DIC,41.25,38.601846616453436
2026-04-08 16:00:00,37.75,Talkatora DIC,34.5,39.148999747811125
2026-04-08 17:00:00,39.67,Talkatora DIC,43.0,41.94221903598711
2026-04-08 18:00:00,42.75,Talkatora DIC,50.5,42.2669769914987
2026-04-08 19:00:00,51.25,Talkatora DIC,47.5,50.66965165194671
2026-04-08 20:00:00,41.25,Talkatora DIC,48.0,65.31376291819288
2026-04-08 21:00:00,42.75,Talkatora DIC,66.25,60.21048680027754
2026-04-08 22:00:00,26.75,Talkatora DIC,47.25,65.34587478636499
2026-04-08 23:00:00,29.33,Talkatora DIC,64.67,63.39363086186358
2026-04-09 00:00:00,27.25,Talkatora DIC,58.75,46.65623239113601
2026-04-09 01:00:00,28.0,Talkatora DIC,61.75,56.2404618644928
2026-04-09 02:00:00,27.25,Talkatora DIC,49.25,53.99589557535921
2026-04-09 03:00:00,26.25,Talkatora DIC,59.75,43.68648251539522
2026-04-09 04:00:00,20.5,Talkatora DIC,52.0,44.83205615434886
2026-04-09 05:00:00,24.5,Talkatora DIC,58.25,43.93922624453644
2026-04-09 06:00:00,28.5,Talkatora DIC,43.5,46.20295283183803
2026-04-09 07:00:00,34.33,Talkatora DIC,49.25,46.75090465521712
2026-04-09 08:00:00,30.5,Talkatora DIC,58.25,46.47493582409801
2026-04-09 09:00:00,34.5,Talkatora DIC,54.25,46.9119157158729
2026-04-09 10:00:00,31.25,Talkatora DIC,49.5,55.91521458754011
2026-04-09 11:00:00,47.5,Talkatora DIC,53.5,51.81252255170555
2026-04-09 12:00:00,31.75,Talkatora DIC,65.0,53.59820092394574
2026-04-09 13:00:00,44.5,Talkatora DIC,63.25,54.295725183844645
2026-04-09 14:00:00,36.0,Talkatora DIC,51.0,45.855553473210115
2026-04-09 15:00:00,41.25,Talkatora DIC,53.5,53.54195120091527
2026-04-09 16:00:00,34.5,Talkatora DIC,41.25,51.61812969343661
2026-04-09 17:00:00,43.0,Talkatora DIC,50.0,53.38746280888148
2026-04-09 18:00:00,50.5,Talkatora DIC,41.0,54.59913925079192
2026-04-09 19:00:00,47.5,Talkatora DIC,45.5,55.88282671440092
2026-04-09 20:00:00,48.0,Talkatora DIC,63.25,53.982494087690434
2026-04-09 21:00:00,66.25,Talkatora DIC,89.5,53.938833949037864
2026-04-09 22:00:00,47.25,Talkatora DIC,76.5,47.07875486111113
2026-04-09 23:00:00,64.67,Talkatora DIC,61.67,50.17948117784993
2026-04-10 00:00:00,58.75,Talkatora DIC,51.0,49.63003251984131
2026-04-10 01:00:00,61.75,Talkatora DIC,57.0,46.974526567460316
2026-04-10 02:00:00,49.25,Talkatora DIC,57.0,47.957062123015895
2026-04-10 03:00:00,59.75,Talkatora DIC,39.75,38.8718486453824
2026-04-10 04:00:00,52.0,Talkatora DIC,47.0,44.147558798100015
2026-04-10 05:00:00,58.25,Talkatora DIC,42.5,43.85540673141513
2026-04-10 06:00:00,43.5,Talkatora DIC,40.0,47.596423776455026
2026-04-10 07:00:00,49.25,Talkatora DIC,55.0,41.86290129188652
2026-04-10 08:00:00,58.25,Talkatora DIC,53.25,53.80093694966918
2026-04-10 09:00:00,54.25,Talkatora DIC,67.5,60.43096720198703
2026-04-10 10:00:00,49.5,Talkatora DIC,69.0,61.780853240342594
2026-04-10 11:00:00,53.5,Talkatora DIC,73.5,53.79009722151025
2026-04-10 13:00:00,63.25,Talkatora DIC,70.0,57.25749195165948
2026-04-10 14:00:00,51.0,Talkatora DIC,85.5,58.73113654001771
2026-04-10 15:00:00,53.5,Talkatora DIC,83.5,54.84476116056319
2026-04-10 16:00:00,41.25,Talkatora DIC,63.0,57.304085758806686
2026-04-10 17:00:00,50.0,Talkatora DIC,58.25,51.4766149727951
2026-04-10 18:00:00,41.0,Talkatora DIC,77.0,56.417421792896285
2026-04-10 19:00:00,45.5,Talkatora DIC,84.5,67.74638070837325
2026-04-10 20:00:00,63.25,Talkatora DIC,64.0,56.33184553596043
2026-04-10 21:00:00,89.5,Talkatora DIC,75.5,65.04964627224626
2026-04-10 22:00:00,76.5,Talkatora DIC,69.75,61.972007651515135
2026-04-10 23:00:00,61.67,Talkatora DIC,67.33,70.3099862073112
2026-04-11 00:00:00,51.0,Talkatora DIC,73.25,56.25980032983902
2026-04-11 01:00:00,57.0,Talkatora DIC,68.5,60.65768305315061
2026-04-11 02:00:00,57.0,Talkatora DIC,55.25,62.70182076634697
2026-04-11 03:00:00,39.75,Talkatora DIC,68.75,56.71383773809523
2026-04-11 04:00:00,47.0,Talkatora DIC,69.25,48.126305800264554
2026-04-11 05:00:00,42.5,Talkatora DIC,68.0,50.545246468254014
2026-04-11 06:00:00,40.0,Talkatora DIC,69.0,48.29408214429495
2026-04-11 07:00:00,55.0,Talkatora DIC,80.0,50.53457580543011
2026-04-11 08:00:00,53.25,Talkatora DIC,82.0,54.84754820973692
2026-04-11 09:00:00,67.5,Talkatora DIC,79.25,58.049603502939064
2026-04-11 10:00:00,69.0,Talkatora DIC,77.25,62.50695452536569
2026-04-11 11:00:00,73.5,Talkatora DIC,69.75,65.68187020463742
2026-04-11 12:00:00,78.5,Talkatora DIC,75.5,66.49158501322749
2026-04-11 13:00:00,70.0,Talkatora DIC,81.5,72.1964300300625
2026-04-11 14:00:00,85.5,Talkatora DIC,77.5,61.625015931780666
2026-04-11 15:00:00,83.5,Talkatora DIC,66.0,59.153463571428574
2026-04-11 16:00:00,63.0,Talkatora DIC,60.5,62.86037951465204
2026-04-11 17:00:00,58.25,Talkatora DIC,62.75,58.35984652287691
2026-04-11 18:00:00,77.0,Talkatora DIC,69.5,59.79779694010341
2026-04-11 19:00:00,84.5,Talkatora DIC,77.25,66.17141265363394
2026-04-11 20:00:00,64.0,Talkatora DIC,85.25,73.92031067821068
2026-04-11 21:00:00,75.5,Talkatora DIC,80.5,95.59051751322757
2026-04-11 22:00:00,69.75,Talkatora DIC,79.0,88.85298123598622
2026-04-11 23:00:00,67.33,Talkatora DIC,83.33,76.41831024290536
2026-04-12 00:00:00,73.25,Talkatora DIC,69.5,72.72231937414733
2026-04-12 01:00:00,68.5,Talkatora DIC,71.75,72.42726697754797
2026-04-12 02:00:00,55.25,Talkatora DIC,61.0,72.7743751695527
2026-04-12 03:00:00,68.75,Talkatora DIC,62.75,69.36926795029339
2026-04-12 04:00:00,69.25,Talkatora DIC,66.5,72.09629495310247
2026-04-12 05:00:00,68.0,Talkatora DIC,59.75,75.34328947226084
2026-04-12 06:00:00,69.0,Talkatora DIC,68.0,71.04225124098123
2026-04-12 07:00:00,80.0,Talkatora DIC,97.25,73.74229362193363
2026-04-12 08:00:00,82.0,Talkatora DIC,101.0,72.41285158008658
2026-04-12 09:00:00,79.25,Talkatora DIC,102.75,83.07799651616898
2026-04-12 10:00:00,77.25,Talkatora DIC,95.75,81.30662054423088
2026-04-12 13:00:00,81.5,Talkatora DIC,6.0,73.73723443147901
2026-04-12 14:00:00,77.5,Talkatora DIC,76.5,82.20776559824596
2026-04-12 15:00:00,66.0,Talkatora DIC,60.25,77.31467968554756
2026-04-12 16:00:00,60.5,Talkatora DIC,60.0,61.39906310908445
2026-04-12 17:00:00,62.75,Talkatora DIC,61.0,63.87604490544699
2026-04-12 18:00:00,69.5,Talkatora DIC,33.5,62.48992248810793
2026-04-12 19:00:00,77.25,Talkatora DIC,89.0,71.5563550190211
2026-04-12 20:00:00,85.25,Talkatora DIC,51.75,76.75564850178965
2026-04-12 21:00:00,80.5,Talkatora DIC,105.75,89.16484230354817
2026-04-12 22:00:00,79.0,Talkatora DIC,91.25,81.30130648715001
2026-04-12 23:00:00,83.33,Talkatora DIC,92.0,80.91527097003971
2026-04-13 00:00:00,69.5,Talkatora DIC,89.0,77.09485725789759
2026-04-13 01:00:00,71.75,Talkatora DIC,94.75,70.69709076245276
2026-04-13 02:00:00,61.0,Talkatora DIC,89.25,64.32576762376623
2026-04-13 03:00:00,62.75,Talkatora DIC,90.0,61.13783009504236
2026-04-13 04:00:00,66.5,Talkatora DIC,95.0,62.787931392715265
2026-04-13 05:00:00,59.75,Talkatora DIC,87.25,64.95143426390464
2026-04-13 06:00:00,68.0,Talkatora DIC,78.25,61.093319566992406
2026-04-13 07:00:00,97.25,Talkatora DIC,89.75,75.29906438183285
2026-04-13 08:00:00,101.0,Talkatora DIC,101.75,92.58175420628855
2026-04-13 09:00:00,102.75,Talkatora DIC,123.0,81.25871777063357
2026-04-13 10:00:00,95.75,Talkatora DIC,112.25,74.49506197136994
2026-04-13 11:00:00,,Talkatora DIC,104.0,76.30877286065498
2026-04-17 21:00:00,186.5,Talkatora DIC,116.25,125.98381949940189
2026-04-17 22:00:00,197.0,Talkatora DIC,118.0,157.7338577805011
2026-04-17 23:00:00,192.33,Talkatora DIC,113.33,143.29788718915344
2026-04-18 00:00:00,144.0,Talkatora DIC,95.25,125.92395816798948
2026-04-18 01:00:00,115.5,Talkatora DIC,79.25,118.35641122354502
2026-04-18 02:00:00,105.0,Talkatora DIC,65.25,115.29873888072716
2026-04-18 03:00:00,86.25,Talkatora DIC,75.75,114.05804643924901
2026-04-18 04:00:00,89.0,Talkatora DIC,75.0,99.24767808201062
2026-04-18 05:00:00,82.25,Talkatora DIC,67.0,98.98890443519662
2026-04-18 06:00:00,99.5,Talkatora DIC,80.75,85.81070568791232
2026-04-18 07:00:00,110.75,Talkatora DIC,114.25,109.4205866209452
2026-04-18 08:00:00,123.75,Talkatora DIC,161.0,117.24136017429846
2026-04-18 09:00:00,137.75,Talkatora DIC,142.25,120.86890729510958
2026-04-18 10:00:00,127.25,Talkatora DIC,123.25,130.63779001533052
2026-04-18 11:00:00,114.25,Talkatora DIC,115.25,119.17258541230392
2026-04-18 12:00:00,100.25,Talkatora DIC,107.25,113.62680086316007
2026-04-18 13:00:00,96.0,Talkatora DIC,94.25,106.08842391981267
2026-04-18 14:00:00,80.25,Talkatora DIC,87.0,89.68185921299813
2026-04-18 15:00:00,110.5,Talkatora DIC,108.75,84.92570959228429
2026-04-18 16:00:00,98.25,Talkatora DIC,90.5,88.67388824534724
2026-04-18 17:00:00,106.75,Talkatora DIC,75.25,91.49879578235755
2026-04-18 18:00:00,105.0,Talkatora DIC,63.33,89.69936924788306
2026-04-18 19:00:00,112.75,Talkatora DIC,82.5,92.83847666179985
2026-04-18 20:00:00,130.75,Talkatora DIC,98.75,117.0500668456389
2026-04-18 21:00:00,116.25,Talkatora DIC,115.75,126.2228871868042
2026-04-18 22:00:00,118.0,Talkatora DIC,130.75,120.24935841431987
2026-04-18 23:00:00,113.33,Talkatora DIC,114.33,117.1402306197872
2026-04-19 00:00:00,95.25,Talkatora DIC,108.25,116.15156368125126
2026-04-19 01:00:00,79.25,Talkatora DIC,146.25,100.7577045936209
2026-04-19 02:00:00,65.25,Talkatora DIC,120.5,95.18522529514205
2026-04-19 03:00:00,75.75,Talkatora DIC,117.0,83.05256404587666
2026-04-19 04:00:00,75.0,Talkatora DIC,100.25,85.59070486980907
2026-04-19 05:00:00,67.0,Talkatora DIC,101.0,84.99291306779435
2026-04-19 06:00:00,80.75,Talkatora DIC,108.0,79.98580913632935
2026-04-19 07:00:00,114.25,Talkatora DIC,138.25,83.02803943714596
2026-04-19 08:00:00,161.0,Talkatora DIC,145.75,119.27232388067432
2026-04-19 09:00:00,142.25,Talkatora DIC,160.75,122.66219803311071
2026-04-19 10:00:00,123.25,Talkatora DIC,160.0,123.20811087573925
2026-04-19 11:00:00,115.25,Talkatora DIC,134.5,119.90848775299492
2026-04-19 12:00:00,107.25,Talkatora DIC,109.5,92.59539589182337
2026-04-19 13:00:00,94.25,Talkatora DIC,106.25,91.21460263796627
2026-04-19 14:00:00,87.0,Talkatora DIC,104.0,86.68741979423363
2026-04-19 15:00:00,108.75,Talkatora DIC,86.5,87.61195569583928
2026-04-19 16:00:00,90.5,Talkatora DIC,68.5,89.74088961319777
2026-04-19 17:00:00,75.25,Talkatora DIC,55.25,91.16744960322823
2026-04-19 18:00:00,63.33,Talkatora DIC,45.25,87.08883657837752
2026-04-19 19:00:00,82.5,Talkatora DIC,49.0,80.95851979028312
2026-04-19 20:00:00,98.75,Talkatora DIC,70.75,95.48985716027244
2026-04-19 21:00:00,115.75,Talkatora DIC,69.0,122.43414538859851
2026-04-19 22:00:00,130.75,Talkatora DIC,77.75,135.32457385989008
2026-04-19 23:00:00,114.33,Talkatora DIC,73.33,135.73175703754578
2026-04-20 00:00:00,108.25,Talkatora DIC,71.0,102.1090015930577
2026-04-20 01:00:00,146.25,Talkatora DIC,71.0,91.4418934971287
2026-04-20 02:00:00,120.5,Talkatora DIC,66.25,88.9744111792936
2026-04-20 03:00:00,117.0,Talkatora DIC,75.0,86.51772472766167
2026-04-20 04:00:00,100.25,Talkatora DIC,70.0,83.0955539306911
2026-04-20 05:00:00,101.0,Talkatora DIC,79.75,84.7048078426797
2026-04-20 06:00:00,108.0,Talkatora DIC,78.0,92.19886672624885
2026-04-20 07:00:00,138.25,Talkatora DIC,86.75,108.82907900764837
2026-04-20 08:00:00,145.75,Talkatora DIC,105.0,112.54650252213736
2026-04-20 09:00:00,160.75,Talkatora DIC,88.25,113.29832470688206
2026-04-20 10:00:00,160.0,Talkatora DIC,85.0,115.09996118564021
2026-04-20 13:00:00,106.25,Talkatora DIC,79.0,103.57221838728536
2026-04-27 12:00:00,85.0,Talkatora DIC,103.75,83.04048055410966
2026-04-27 13:00:00,85.0,Talkatora DIC,78.5,96.34832985748793
2026-04-27 14:00:00,83.5,Talkatora DIC,85.5,97.25224230148078
2026-04-27 15:00:00,71.25,Talkatora DIC,75.0,70.33960444736074
2026-04-27 16:00:00,72.75,Talkatora DIC,76.5,74.12046211031357
2026-04-27 17:00:00,83.75,Talkatora DIC,84.5,79.43666500168388
2026-04-27 18:00:00,77.25,Talkatora DIC,75.5,67.18100408892236
2026-04-27 19:00:00,81.75,Talkatora DIC,68.75,79.45514901759614
2026-04-27 20:00:00,117.25,Talkatora DIC,85.5,93.39407898140809
2026-04-27 21:00:00,124.25,Talkatora DIC,97.75,95.1396860180267
2026-04-27 22:00:00,111.0,Talkatora DIC,91.75,91.45199133886159
2026-04-27 23:00:00,113.0,Talkatora DIC,88.0,97.32767994816035
2026-04-28 00:00:00,98.75,Talkatora DIC,79.75,109.00888304232794
2026-04-28 01:00:00,93.0,Talkatora DIC,77.0,92.69742379120873
2026-04-28 02:00:00,77.67,Talkatora DIC,76.5,84.23654838237141
2026-04-28 03:00:00,73.5,Talkatora DIC,63.5,82.65099624045801
2026-04-28 04:00:00,45.25,Talkatora DIC,54.25,71.41464900827853
2026-04-28 05:00:00,51.25,Talkatora DIC,77.5,53.00294127684407
2026-04-28 06:00:00,57.5,Talkatora DIC,65.25,65.46468568105917
2026-04-28 07:00:00,67.25,Talkatora DIC,70.0,71.4481794828419
2026-04-28 08:00:00,69.5,Talkatora DIC,89.75,74.91836712500549
2026-04-28 09:00:00,100.0,Talkatora DIC,102.33,80.47917156870272
2026-04-28 10:00:00,118.25,Talkatora DIC,106.0,84.74644059723153
2026-04-28 11:00:00,87.0,Talkatora DIC,90.0,87.95011879986123
2026-04-28 12:00:00,103.75,Talkatora DIC,110.0,84.46836540763917
2026-05-03 16:00:00,20.0,Talkatora DIC,24.0,61.57940775488848
2026-05-03 17:00:00,20.75,Talkatora DIC,23.25,49.93248085721082
2026-05-03 18:00:00,24.5,Talkatora DIC,23.0,46.055596952880435
2026-05-03 19:00:00,25.75,Talkatora DIC,24.75,47.58302382878233
2026-05-03 20:00:00,36.75,Talkatora DIC,27.75,54.42535227215268
2026-05-03 21:00:00,40.75,Talkatora DIC,30.75,49.68057572295352
2026-05-03 22:00:00,42.75,Talkatora DIC,29.25,53.663278356115576
2026-05-03 23:00:00,40.33,Talkatora DIC,30.67,61.62604880181911
2026-05-04 00:00:00,39.0,Talkatora DIC,19.5,54.4536192628668
2026-05-04 01:00:00,38.0,Talkatora DIC,18.75,54.508210476190484
2026-05-04 02:00:00,39.75,Talkatora DIC,19.0,51.47491194202255
2026-05-04 03:00:00,38.25,Talkatora DIC,26.0,51.0945902531427
2026-05-04 04:00:00,29.0,Talkatora DIC,21.0,49.78299827863574
2026-05-04 05:00:00,36.0,Talkatora DIC,25.5,48.39681192003091
2026-05-04 06:00:00,37.0,Talkatora DIC,24.25,49.59946255956646
2026-05-04 07:00:00,32.5,Talkatora DIC,33.75,42.64647869241103
2026-05-04 08:00:00,50.5,Talkatora DIC,18.5,50.56952398125959
2026-05-04 09:00:00,34.0,Talkatora DIC,8.5,43.92430629837999
2026-05-04 10:00:00,23.0,Talkatora DIC,25.5,46.09582895906618
2026-05-04 11:00:00,14.75,Talkatora DIC,31.67,48.3511860456346
2026-05-04 12:00:00,9.5,Talkatora DIC,33.0,45.41745131371617
2026-05-04 13:00:00,15.25,Talkatora DIC,33.75,46.20573473278077
2026-05-04 14:00:00,17.75,Talkatora DIC,35.0,43.51956943362193
2026-05-04 15:00:00,16.25,Talkatora DIC,33.5,44.666316225084735
2026-05-04 16:00:00,24.0,Talkatora DIC,37.25,41.75762802402655
2026-05-04 17:00:00,23.25,Talkatora DIC,28.75,43.34392603000124
2026-05-04 18:00:00,23.0,Talkatora DIC,21.25,44.46461071254092
2026-05-04 19:00:00,24.75,Talkatora DIC,31.25,44.77817137151156
2026-05-04 20:00:00,27.75,Talkatora DIC,28.5,47.83063641466557
2026-05-04 21:00:00,30.75,Talkatora DIC,28.25,50.879238360431486
2026-05-04 22:00:00,29.25,Talkatora DIC,27.5,48.988288603310245
2026-05-04 23:00:00,30.67,Talkatora DIC,42.0,50.06767463505629
2026-05-05 00:00:00,19.5,Talkatora DIC,42.25,59.916184854497324
2026-05-05 01:00:00,18.75,Talkatora DIC,42.5,52.45148440476189
2026-05-05 02:00:00,19.0,Talkatora DIC,41.75,51.905781309523775
2026-05-05 03:00:00,26.0,Talkatora DIC,42.5,48.89236029100528
2026-05-05 04:00:00,21.0,Talkatora DIC,37.5,41.451362392576556
2026-05-05 05:00:00,25.5,Talkatora DIC,37.5,37.39022634805914
2026-05-05 06:00:00,24.25,Talkatora DIC,40.75,40.93420617484363
2026-05-05 07:00:00,33.75,Talkatora DIC,36.75,40.213997348484824
2026-05-05 08:00:00,18.5,Talkatora DIC,36.0,46.678052817044424
2026-05-05 09:00:00,8.5,Talkatora DIC,36.5,38.60684623061484
2026-05-05 10:00:00,25.5,Talkatora DIC,35.25,37.00413953606921
2026-05-05 11:00:00,31.67,Talkatora DIC,26.25,40.86109096921596
2026-05-05 12:00:00,33.0,Talkatora DIC,27.25,45.20365039682538
2026-05-05 13:00:00,33.75,Talkatora DIC,32.0,42.8406889285714
2026-05-05 14:00:00,35.0,Talkatora DIC,42.5,44.564304289643935
2026-05-05 15:00:00,33.5,Talkatora DIC,32.25,50.44262119047619
2026-05-05 16:00:00,37.25,Talkatora DIC,26.75,44.94168883639348
2026-05-05 17:00:00,28.75,Talkatora DIC,30.25,51.123977959770095
2026-05-05 18:00:00,21.25,Talkatora DIC,31.75,45.91713972772436
2026-05-05 19:00:00,31.25,Talkatora DIC,29.5,41.370694657201234
2026-05-05 20:00:00,28.5,Talkatora DIC,26.0,49.942354745484394
2026-05-05 21:00:00,28.25,Talkatora DIC,33.25,50.848595092592554
2026-05-05 22:00:00,27.5,Talkatora DIC,39.25,52.28071884920636
2026-05-05 23:00:00,42.0,Talkatora DIC,56.0,62.13509377145845
2026-05-06 00:00:00,42.25,Talkatora DIC,41.0,66.7475487166985
2026-05-06 01:00:00,42.5,Talkatora DIC,29.0,54.949270407647916
2026-05-06 02:00:00,41.75,Talkatora DIC,21.5,53.75218509259261
2026-05-06 03:00:00,42.5,Talkatora DIC,18.25,52.18451615965079
2026-05-06 04:00:00,37.5,Talkatora DIC,14.25,52.38754629496381
2026-05-06 05:00:00,37.5,Talkatora DIC,22.0,50.370107297554846
2026-05-06 06:00:00,40.75,Talkatora DIC,20.25,51.006306433547195
2026-05-06 07:00:00,36.75,Talkatora DIC,17.25,48.31286565078539
2026-05-06 08:00:00,36.0,Talkatora DIC,24.5,51.949570512940966
2026-05-06 09:00:00,36.5,Talkatora DIC,23.5,47.76713950808175
2026-05-06 10:00:00,35.25,Talkatora DIC,24.25,56.24786668029457
2026-05-06 11:00:00,26.25,Talkatora DIC,22.25,61.618827639136434
2026-05-06 12:00:00,27.25,Talkatora DIC,23.75,54.270724583542766
2026-05-07 13:00:00,27.0,Talkatora DIC,40.25,56.19961288823918
2026-05-07 14:00:00,31.75,Talkatora DIC,37.0,45.20372659898166
2026-05-07 16:00:00,42.0,Talkatora DIC,33.0,46.336018251234464
2026-05-07 17:00:00,33.0,Talkatora DIC,35.25,46.65667581751352
2026-05-07 18:00:00,23.25,Talkatora DIC,41.0,43.93730705179989
2026-05-07 19:00:00,24.5,Talkatora DIC,34.25,39.996058199763326
2026-05-07 20:00:00,27.5,Talkatora DIC,34.5,41.620600855206916
2026-05-07 21:00:00,33.0,Talkatora DIC,33.0,42.80409880134159
2026-05-07 22:00:00,36.0,Talkatora DIC,35.5,43.88937395193869
2026-05-07 23:00:00,32.0,Talkatora DIC,43.0,45.25220693336243
2026-05-08 00:00:00,27.75,Talkatora DIC,34.0,42.964685646347206
2026-05-08 01:00:00,32.5,Talkatora DIC,35.0,38.972803240640225
2026-05-08 02:00:00,28.0,Talkatora DIC,31.5,42.07770712962164
2026-05-08 03:00:00,27.5,Talkatora DIC,31.0,41.08291108492819
2026-05-08 04:00:00,29.0,Talkatora DIC,33.25,41.8486418982967
2026-05-08 05:00:00,30.5,Talkatora DIC,30.75,43.578112502024936
2026-05-08 06:00:00,36.75,Talkatora DIC,32.5,44.89121723100436
2026-05-08 07:00:00,40.5,Talkatora DIC,41.5,49.62283097271342
2026-05-08 08:00:00,40.75,Talkatora DIC,42.5,47.80530658569998
2026-05-08 09:00:00,35.5,Talkatora DIC,40.75,47.85402841922264
2026-05-08 10:00:00,35.5,Talkatora DIC,40.25,49.4343924717157
2026-05-08 11:00:00,41.5,Talkatora DIC,46.5,48.90317014244473
2026-05-08 12:00:00,42.75,Talkatora DIC,49.5,49.14860284463469
2026-05-08 13:00:00,40.25,Talkatora DIC,43.75,48.412447027477114
2026-05-08 14:00:00,37.0,Talkatora DIC,42.25,47.04069227120426
2026-05-08 15:00:00,33.0,Talkatora DIC,39.5,46.28186532407462
2026-05-08 16:00:00,33.0,Talkatora DIC,41.5,48.54451276708979
2026-05-08 17:00:00,35.25,Talkatora DIC,44.0,45.59872936327749
2026-05-08 18:00:00,41.0,Talkatora DIC,47.0,45.92347966613505
2026-05-08 19:00:00,34.25,Talkatora DIC,45.25,44.71518585505871
2026-05-08 20:00:00,34.5,Talkatora DIC,39.75,43.792483429492435
2026-05-08 21:00:00,33.0,Talkatora DIC,44.25,43.68191548077447
2026-05-08 22:00:00,35.5,Talkatora DIC,51.75,45.384666845548324
2026-05-08 23:00:00,43.0,Talkatora DIC,55.0,48.75874802891051
2026-05-09 00:00:00,34.0,Talkatora DIC,86.25,49.480950286195295
2026-05-09 01:00:00,35.0,Talkatora DIC,71.5,48.293095974026016
2026-05-09 02:00:00,31.5,Talkatora DIC,69.0,48.51640446608952
2026-05-09 03:00:00,31.0,Talkatora DIC,53.75,47.616088174603206
2026-05-09 04:00:00,33.25,Talkatora DIC,47.0,45.05438123015875
2026-05-09 05:00:00,30.75,Talkatora DIC,50.0,45.8691601659452
2026-05-09 06:00:00,32.5,Talkatora DIC,47.25,47.52123253968257
2026-05-09 07:00:00,41.5,Talkatora DIC,40.5,46.97269738853741
2026-05-09 08:00:00,42.5,Talkatora DIC,47.0,47.51446885249956
2026-05-09 09:00:00,40.75,Talkatora DIC,40.75,49.93941878597319
2026-05-09 10:00:00,40.25,Talkatora DIC,38.75,49.370133631250866
2026-05-09 11:00:00,46.5,Talkatora DIC,34.5,46.84683813341402
2026-05-09 12:00:00,49.5,Talkatora DIC,33.5,48.02690165295004
2026-05-09 13:00:00,43.75,Talkatora DIC,39.75,47.70501544795242
2026-05-09 14:00:00,42.25,Talkatora DIC,41.25,48.40629751509184
2026-05-09 15:00:00,39.5,Talkatora DIC,36.75,46.31855522066855
2026-05-09 16:00:00,41.5,Talkatora DIC,34.5,45.62945977937831
2026-05-09 17:00:00,44.0,Talkatora DIC,38.25,44.943862481827495
2026-05-09 18:00:00,47.0,Talkatora DIC,33.75,47.47540355522529
2026-05-09 19:00:00,45.25,Talkatora DIC,37.25,49.16018190471395
2026-05-09 20:00:00,39.75,Talkatora DIC,43.25,45.697427401789966
2026-05-09 21:00:00,44.25,Talkatora DIC,50.25,44.72798844727041
2026-05-09 22:00:00,51.75,Talkatora DIC,62.0,48.61487323234661
2026-05-09 23:00:00,55.0,Talkatora DIC,62.0,54.520853231074476
2026-05-10 00:00:00,86.25,Talkatora DIC,70.25,55.02995332010579
2026-05-10 01:00:00,71.5,Talkatora DIC,63.25,54.639206124338635
2026-05-10 02:00:00,69.0,Talkatora DIC,56.5,52.09104233512162
2026-05-10 03:00:00,53.75,Talkatora DIC,38.25,53.37767215270743
2026-05-10 04:00:00,47.0,Talkatora DIC,28.25,56.15376574751796
2026-05-10 05:00:00,50.0,Talkatora DIC,35.5,52.02358865149337
2026-05-10 06:00:00,47.25,Talkatora DIC,36.5,52.527938970239255
2026-05-10 07:00:00,40.5,Talkatora DIC,45.75,53.10392157994979
2026-05-10 08:00:00,47.0,Talkatora DIC,46.0,51.694149773857994
2026-05-10 09:00:00,40.75,Talkatora DIC,43.0,51.891590089215335
2026-05-10 10:00:00,38.75,Talkatora DIC,57.0,53.39942211774729
2026-05-10 11:00:00,34.5,Talkatora DIC,57.25,55.04515786450053
2026-05-10 12:00:00,33.5,Talkatora DIC,56.5,54.87790176060441
2026-05-10 13:00:00,39.75,Talkatora DIC,51.5,55.07014100168347
2026-05-10 14:00:00,41.25,Talkatora DIC,49.5,51.93569344313389
2026-05-10 15:00:00,36.75,Talkatora DIC,45.0,52.16416121608977
2026-05-10 16:00:00,34.5,Talkatora DIC,34.75,53.193932112561455
2026-05-10 17:00:00,38.25,Talkatora DIC,34.5,50.38931391838035
2026-05-10 18:00:00,33.75,Talkatora DIC,38.0,52.10534348187242
2026-05-10 19:00:00,37.25,Talkatora DIC,42.0,50.07727581097457
2026-05-10 20:00:00,43.25,Talkatora DIC,44.5,48.965051494048566
2026-05-10 21:00:00,50.25,Talkatora DIC,53.75,48.682126219474604
2026-05-10 22:00:00,62.0,Talkatora DIC,56.75,56.370950248486494
2026-05-10 23:00:00,62.0,Talkatora DIC,59.0,60.04352131746029
2026-05-11 00:00:00,70.25,Talkatora DIC,49.0,55.906580198412705
2026-05-11 01:00:00,63.25,Talkatora DIC,47.0,58.21737527777782
2026-05-11 02:00:00,56.5,Talkatora DIC,38.75,55.44235595238098
2026-05-11 03:00:00,38.25,Talkatora DIC,32.0,56.463954603174585
2026-05-11 04:00:00,28.25,Talkatora DIC,29.25,53.02401444343615
2026-05-11 05:00:00,35.5,Talkatora DIC,44.0,55.87401526354198
2026-05-11 06:00:00,36.5,Talkatora DIC,49.75,63.02365811321862
2026-05-11 07:00:00,45.75,Talkatora DIC,58.25,62.493269531900275
2026-05-11 08:00:00,46.0,Talkatora DIC,61.0,62.78230659941729
2026-05-11 09:00:00,43.0,Talkatora DIC,68.0,59.3309035682397
2026-05-11 10:00:00,57.0,Talkatora DIC,67.25,58.81718943674498
2026-05-11 11:00:00,57.25,Talkatora DIC,64.0,60.91271742063495
2026-05-11 12:00:00,56.5,Talkatora DIC,60.25,59.672874206349185
2026-05-11 13:00:00,51.5,Talkatora DIC,58.25,56.55240658446242
2026-05-11 14:00:00,49.5,Talkatora DIC,56.5,55.81902392008668
2026-05-11 15:00:00,45.0,Talkatora DIC,48.0,52.0786126128713
2026-05-11 16:00:00,34.75,Talkatora DIC,52.0,50.05458626667656
2026-05-11 17:00:00,34.5,Talkatora DIC,62.5,53.24353136428265
2026-05-11 18:00:00,38.0,Talkatora DIC,54.75,54.34614784204564
2026-05-11 19:00:00,42.0,Talkatora DIC,57.0,52.92962174348854
2026-05-11 20:00:00,44.5,Talkatora DIC,56.25,50.20291952323269
2026-05-11 21:00:00,53.75,Talkatora DIC,51.5,48.2314637724781
2026-05-11 22:00:00,56.75,Talkatora DIC,57.0,57.358789328212694
2026-05-11 23:00:00,59.0,Talkatora DIC,60.0,61.45526594627595
2026-05-12 00:00:00,49.0,Talkatora DIC,53.25,57.497366626984174
2026-05-12 01:00:00,47.0,Talkatora DIC,47.5,53.22075401071001
2026-05-12 02:00:00,38.75,Talkatora DIC,47.25,51.2845254980921
2026-05-12 03:00:00,32.0,Talkatora DIC,40.75,47.785826857059504
2026-05-12 04:00:00,29.25,Talkatora DIC,40.75,45.483681186441615
2026-05-12 05:00:00,44.0,Talkatora DIC,48.75,46.345720941732594
2026-05-12 06:00:00,49.75,Talkatora DIC,67.5,48.403165991826775
2026-05-12 07:00:00,58.25,Talkatora DIC,64.5,56.11879163881062
2026-05-12 08:00:00,61.0,Talkatora DIC,59.5,59.46964063146997
2026-05-12 09:00:00,68.0,Talkatora DIC,58.5,61.128287126436796
2026-05-12 10:00:00,67.25,Talkatora DIC,58.75,57.73454258093859
2026-05-12 11:00:00,64.0,Talkatora DIC,58.0,57.85178466473174
2026-05-12 12:00:00,60.25,Talkatora DIC,65.0,56.70965807160273
2026-05-12 13:00:00,58.25,Talkatora DIC,54.5,58.369359188340034
2026-05-12 14:00:00,56.5,Talkatora DIC,53.0,59.37319350546952
2026-05-12 15:00:00,48.0,Talkatora DIC,55.25,59.237388195084506
2026-05-12 16:00:00,52.0,Talkatora DIC,57.75,50.78394928545158
2026-05-12 17:00:00,62.5,Talkatora DIC,43.5,55.49976763138487
2026-05-12 18:00:00,54.75,Talkatora DIC,44.5,58.304949657960954
2026-05-12 19:00:00,57.0,Talkatora DIC,60.0,62.061085701680774
2026-05-12 20:00:00,56.25,Talkatora DIC,113.5,62.96052549004061
2026-05-12 21:00:00,51.5,Talkatora DIC,117.25,65.58483011325299
2026-05-12 22:00:00,57.0,Talkatora DIC,149.0,65.6759225537292
2026-05-12 23:00:00,60.0,Talkatora DIC,129.0,69.72101574237524
2026-05-13 00:00:00,53.25,Talkatora DIC,87.5,69.035634553847
2026-05-13 01:00:00,47.5,Talkatora DIC,73.0,69.38146162544284
2026-05-13 02:00:00,47.25,Talkatora DIC,61.25,52.89731984444719
2026-05-13 03:00:00,40.75,Talkatora DIC,53.0,44.51683744634989
2026-05-13 04:00:00,40.75,Talkatora DIC,43.25,46.6688431040163
2026-05-13 05:00:00,48.75,Talkatora DIC,35.25,55.414822140790484
2026-05-13 06:00:00,67.5,Talkatora DIC,40.75,56.97966252609428
2026-05-13 07:00:00,64.5,Talkatora DIC,42.75,71.66813717684288
2026-05-13 08:00:00,59.5,Talkatora DIC,46.25,71.25878385098598
2026-05-13 09:00:00,58.5,Talkatora DIC,62.5,68.94266488832426
2026-05-13 10:00:00,58.75,Talkatora DIC,67.5,70.81665320843003
2026-05-13 11:00:00,58.0,Talkatora DIC,69.5,68.29519998888989
2026-05-13 12:00:00,65.0,Talkatora DIC,73.5,68.44009617632219
2026-05-13 13:00:00,54.5,Talkatora DIC,86.75,68.61585939445065
2026-05-13 14:00:00,53.0,Talkatora DIC,66.75,67.44321511665363
2026-05-13 15:00:00,55.25,Talkatora DIC,58.5,64.38119110637011
2026-05-13 16:00:00,57.75,Talkatora DIC,53.75,65.379362975628
2026-05-13 17:00:00,43.5,Talkatora DIC,49.25,68.05122052484714
2026-05-13 19:00:00,60.0,Talkatora DIC,26.5,59.79207773846523
2026-05-13 20:00:00,113.5,Talkatora DIC,80.25,71.2311551903612
2026-05-13 21:00:00,117.25,Talkatora DIC,60.0,81.29521784752296
2026-05-13 22:00:00,149.0,Talkatora DIC,54.0,89.2024998051949
2026-05-13 23:00:00,129.0,Talkatora DIC,51.0,107.33522984126989
2026-05-14 00:00:00,87.5,Talkatora DIC,48.25,104.80398230158735
2026-05-14 01:00:00,73.0,Talkatora DIC,47.75,97.86719679984677
2026-05-14 02:00:00,61.25,Talkatora DIC,43.25,74.34138994006851
2026-05-14 03:00:00,53.0,Talkatora DIC,41.0,65.10244365756557
2026-05-14 04:00:00,43.25,Talkatora DIC,37.5,62.76598862329431
2026-05-14 05:00:00,35.25,Talkatora DIC,37.0,54.36831632144927
2026-05-14 06:00:00,40.75,Talkatora DIC,43.25,51.96681455678364
2026-05-14 07:00:00,42.75,Talkatora DIC,52.0,54.37218212662217
2026-05-14 08:00:00,46.25,Talkatora DIC,51.5,56.441724554698474
2026-05-14 09:00:00,62.5,Talkatora DIC,70.0,59.030506060276224
2026-05-14 13:00:00,86.75,Talkatora DIC,73.0,67.91673281302893
2026-05-14 14:00:00,66.75,Talkatora DIC,71.0,74.79843672077921
2026-05-14 15:00:00,58.5,Talkatora DIC,69.62,67.94366862918444
2026-05-14 16:00:00,53.75,Talkatora DIC,65.07,66.07758630696104
2026-05-14 17:00:00,49.25,Talkatora DIC,62.34,58.340372936888066
2026-05-14 18:00:00,,Talkatora DIC,57.13,60.542595833654936
2026-05-18 13:00:00,73.5,Talkatora DIC,61.93,72.83902524818045
2026-05-18 14:00:00,75.92,Talkatora DIC,80.08,67.96915135940516
2026-05-18 15:00:00,75.31,Talkatora DIC,79.23,67.8454125290837
2026-05-18 16:00:00,65.33,Talkatora DIC,75.89,65.74899402503006
2026-05-18 17:00:00,54.23,Talkatora DIC,77.6,62.17483989527563
2026-05-18 18:00:00,45.43,Talkatora DIC,81.11,59.577468515456594
2026-05-18 19:00:00,52.09,Talkatora DIC,84.94,60.2691900321187
2026-05-18 20:00:00,69.99,Talkatora DIC,81.5,64.19755052256302
2026-05-18 21:00:00,80.95,Talkatora DIC,79.14,81.86123415863271
2026-05-18 22:00:00,129.33,Talkatora DIC,71.74,101.47846158655904
2026-05-18 23:00:00,244.56,Talkatora DIC,63.3,120.42446866611331
2026-05-19 00:00:00,334.54,Talkatora DIC,67.16,175.4067766534391
2026-05-19 01:00:00,308.15,Talkatora DIC,61.44,164.28379847883605
2026-05-19 02:00:00,,Talkatora DIC,54.58,162.03500864418
2026-05-22 03:00:00,84.26,Talkatora DIC,78.05,78.27581812406086
2026-05-22 04:00:00,94.5,Talkatora DIC,79.26,73.59404203760306
2026-05-22 05:00:00,78.77,Talkatora DIC,75.98,71.99472069482349
2026-05-22 06:00:00,59.04,Talkatora DIC,73.62,76.33506037869304
2026-05-22 07:00:00,57.13,Talkatora DIC,88.6,66.21401817618472
2026-05-22 08:00:00,58.0,Talkatora DIC,102.67,64.890894106778
2026-05-22 09:00:00,60.54,Talkatora DIC,109.6,71.77340192624476
2026-05-22 13:00:00,102.71,Talkatora DIC,88.7,82.28415561314569
2026-05-22 14:00:00,89.07,Talkatora DIC,81.95,81.13835244921025
2026-05-22 15:00:00,75.17,Talkatora DIC,75.3,82.14749732680397
2026-05-22 16:00:00,67.6,Talkatora DIC,78.03,77.87854412978938
2026-05-22 17:00:00,71.13,Talkatora DIC,78.17,70.03173045728904
2026-05-22 18:00:00,86.93,Talkatora DIC,74.18,72.06457337847674
2026-05-22 19:00:00,91.89,Talkatora DIC,78.2,81.28941594997437
2026-05-22 20:00:00,78.06,Talkatora DIC,83.1,81.17125589673
2026-05-22 21:00:00,76.36,Talkatora DIC,86.15,83.34753670547653
2026-05-22 22:00:00,83.26,Talkatora DIC,89.03,80.93787414103147
2026-05-22 23:00:00,88.87,Talkatora DIC,82.79,86.33536430075895
2026-05-23 00:00:00,92.76,Talkatora DIC,69.86,97.1378469619152
2026-05-23 01:00:00,85.7,Talkatora DIC,69.17,95.36258991045027
2026-05-23 02:00:00,80.18,Talkatora DIC,73.57,82.54061114045693
2026-05-23 03:00:00,78.05,Talkatora DIC,72.65,81.61583718152114
2026-05-23 04:00:00,79.26,Talkatora DIC,70.5,81.10357374684426
2026-05-23 05:00:00,75.98,Talkatora DIC,65.45,78.70489278444049
2026-05-23 06:00:00,73.62,Talkatora DIC,66.51,63.21568856111259
2026-05-23 07:00:00,88.6,Talkatora DIC,67.85,64.00700307880825
2026-05-23 08:00:00,102.67,Talkatora DIC,70.82,70.4825504379397
2026-05-23 09:00:00,109.6,Talkatora DIC,82.01,76.88060414127925
2026-05-23 10:00:00,120.8,Talkatora DIC,81.63,87.1158905140243
2026-05-23 11:00:00,122.51,Talkatora DIC,73.14,87.3084510162527
2026-05-23 12:00:00,111.96,Talkatora DIC,64.21,91.76472944248104
2026-05-23 13:00:00,88.7,Talkatora DIC,58.99,90.42995787830804
2026-05-23 14:00:00,81.95,Talkatora DIC,48.65,88.81740418192298
2026-05-23 15:00:00,75.3,Talkatora DIC,49.06,87.14799532568037
2026-05-23 16:00:00,78.03,Talkatora DIC,47.63,83.32629725058051
2026-05-23 17:00:00,78.17,Talkatora DIC,44.29,81.06960150607968
2026-05-23 18:00:00,74.18,Talkatora DIC,49.91,86.20602727005289
2026-05-23 19:00:00,78.2,Talkatora DIC,50.37,82.33227999407332
2026-05-23 20:00:00,83.1,Talkatora DIC,49.51,89.41334965587257
2026-05-23 21:00:00,86.15,Talkatora DIC,54.59,88.64348439750334
2026-05-23 22:00:00,89.03,Talkatora DIC,59.39,97.36552762203449
2026-05-23 23:00:00,82.79,Talkatora DIC,60.94,97.1307422992125
2026-05-24 00:00:00,69.86,Talkatora DIC,57.19,99.65511179688585
2026-05-24 01:00:00,69.17,Talkatora DIC,54.29,80.34126089646072
2026-05-24 02:00:00,73.57,Talkatora DIC,53.13,70.95397895143554
2026-05-24 03:00:00,72.65,Talkatora DIC,56.88,76.3757654683714
2026-05-24 04:00:00,70.5,Talkatora DIC,58.3,73.60775687042327
2026-05-24 05:00:00,65.45,Talkatora DIC,59.73,70.33225538301842
2026-05-24 06:00:00,66.51,Talkatora DIC,61.87,67.47767739254168
2026-05-24 07:00:00,67.85,Talkatora DIC,79.0,67.71752582368342
2026-05-24 08:00:00,70.82,Talkatora DIC,98.5,72.09486953653094
2026-05-24 09:00:00,82.01,Talkatora DIC,106.22,80.973583948524
2026-05-24 10:00:00,81.63,Talkatora DIC,107.31,79.66519226097654
2026-05-24 11:00:00,73.14,Talkatora DIC,96.77,77.84434829152003
2026-05-24 12:00:00,64.21,Talkatora DIC,88.57,71.91524481686788
2026-05-24 13:00:00,58.99,Talkatora DIC,84.7,72.34445450745505
2026-05-24 14:00:00,48.65,Talkatora DIC,83.36,65.38280798854366
2026-05-24 15:00:00,49.06,Talkatora DIC,94.25,59.28517299325762
2026-05-24 16:00:00,47.63,Talkatora DIC,97.39,60.29935878565968
2026-05-24 17:00:00,44.29,Talkatora DIC,93.55,61.03280156704493
2026-05-24 18:00:00,49.91,Talkatora DIC,94.54,60.893152122189285
2026-05-24 19:00:00,50.37,Talkatora DIC,103.72,71.00653508889053
2026-05-24 20:00:00,49.51,Talkatora DIC,122.91,70.46237864829412
2026-05-24 21:00:00,54.59,Talkatora DIC,141.44,73.91424132374472
2026-05-24 22:00:00,59.39,Talkatora DIC,127.21,73.79215768598345
2026-05-24 23:00:00,60.94,Talkatora DIC,114.16,74.47626920587557
2026-05-25 00:00:00,57.19,Talkatora DIC,135.75,69.26815883028995
2026-05-25 01:00:00,54.29,Talkatora DIC,174.92,68.3305706932599
2026-05-25 02:00:00,53.13,Talkatora DIC,100.66,66.74303236906199
2026-05-25 04:00:00,58.3,Talkatora DIC,47.66,68.03744088508306
2026-05-25 05:00:00,59.73,Talkatora DIC,47.85,66.95011676105891
2026-05-25 06:00:00,61.87,Talkatora DIC,52.91,65.80288492604205
2026-05-25 07:00:00,79.0,Talkatora DIC,62.79,67.22453298867804
2026-05-25 08:00:00,98.5,Talkatora DIC,69.46,76.07188176647423
2026-05-25 09:00:00,106.22,Talkatora DIC,73.63,84.95488117993123
2026-05-25 10:00:00,107.31,Talkatora DIC,94.66,88.66471752128544
2026-05-25 11:00:00,96.77,Talkatora DIC,112.96,82.84931599641996
2026-05-25 12:00:00,88.57,Talkatora DIC,100.15,79.96497581167871
2026-05-25 13:00:00,84.7,Talkatora DIC,91.36,76.8245894557633
2026-05-25 14:00:00,83.36,Talkatora DIC,91.53,73.64733311819683
2026-05-25 15:00:00,94.25,Talkatora DIC,86.33,74.92199018715026
2026-05-25 16:00:00,97.39,Talkatora DIC,76.59,74.8525230622261
2026-05-25 17:00:00,93.55,Talkatora DIC,61.82,72.57338585607737
2026-05-25 18:00:00,94.54,Talkatora DIC,54.68,75.62404667489885
2026-05-25 19:00:00,103.72,Talkatora DIC,58.09,74.30163063383968
2026-05-25 20:00:00,122.91,Talkatora DIC,61.64,76.48369151399562
2026-05-25 21:00:00,141.44,Talkatora DIC,73.99,79.75556000750818
2026-05-25 22:00:00,127.21,Talkatora DIC,95.51,88.80382269536818
2026-05-25 23:00:00,114.16,Talkatora DIC,100.93,87.02225650284744
2026-05-26 00:00:00,135.75,Talkatora DIC,78.53,84.72075736063871
2026-05-26 01:00:00,174.92,Talkatora DIC,64.13,84.47574305391896
2026-05-26 03:00:00,,Talkatora DIC,68.3,82.89666672783962
2026-05-29 04:00:00,21.07,Talkatora DIC,16.91,52.12995118983157
2026-05-29 05:00:00,19.89,Talkatora DIC,16.11,48.68956734211483
2026-05-29 06:00:00,23.66,Talkatora DIC,16.66,40.675234251141
2026-05-29 07:00:00,16.3,Talkatora DIC,22.93,43.29246335643961
2026-05-29 08:00:00,19.21,Talkatora DIC,22.97,46.30468905719364
2026-05-29 09:00:00,27.95,Talkatora DIC,27.22,47.412986957879546
2026-05-29 10:00:00,32.35,Talkatora DIC,37.46,53.66760878751103
2026-05-29 11:00:00,37.13,Talkatora DIC,38.69,53.79344773909776
2026-05-29 12:00:00,39.88,Talkatora DIC,47.35,51.89271707719021
2026-05-29 13:00:00,39.43,Talkatora DIC,51.66,53.72132407380764
2026-05-29 14:00:00,38.32,Talkatora DIC,46.92,52.08847373381034
2026-05-29 15:00:00,41.51,Talkatora DIC,44.56,52.81165244524245
2026-05-29 16:00:00,40.98,Talkatora DIC,47.88,50.94431324205784
2026-05-29 17:00:00,36.95,Talkatora DIC,43.1,50.477588124616
2026-05-29 18:00:00,38.73,Talkatora DIC,38.97,52.43885940927773
2026-05-29 19:00:00,35.26,Talkatora DIC,35.34,49.73399338666648
2026-05-29 20:00:00,30.17,Talkatora DIC,35.65,48.54023554132303
2026-05-29 21:00:00,29.48,Talkatora DIC,34.71,49.67193669971524
2026-05-29 22:00:00,26.24,Talkatora DIC,24.97,56.0321655985316
2026-05-29 23:00:00,25.82,Talkatora DIC,23.8,57.12602870465476
2026-05-30 00:00:00,27.13,Talkatora DIC,18.78,50.11521946846879
2026-05-30 01:00:00,25.48,Talkatora DIC,18.88,48.94061597602557
2026-05-30 02:00:00,18.38,Talkatora DIC,21.36,52.25952196198408
2026-05-30 03:00:00,17.2,Talkatora DIC,13.84,48.49508497835503
2026-05-30 04:00:00,16.91,Talkatora DIC,12.94,41.34881799542794
2026-05-30 05:00:00,16.11,Talkatora DIC,16.38,41.970966823930354
2026-05-30 06:00:00,16.66,Talkatora DIC,18.19,41.04354155002405
2026-05-30 07:00:00,22.93,Talkatora DIC,26.92,44.206761337415976
2026-05-30 08:00:00,22.97,Talkatora DIC,33.66,46.49972218253967
2026-05-30 09:00:00,27.22,Talkatora DIC,32.87,46.94720308201057
2026-05-30 10:00:00,37.46,Talkatora DIC,35.85,53.72029164021164
2026-05-30 11:00:00,38.69,Talkatora DIC,38.27,57.29412642551889
2026-05-30 12:00:00,47.35,Talkatora DIC,44.5,51.730014032813145
2026-05-30 13:00:00,51.66,Talkatora DIC,47.03,57.49258533821398
2026-05-30 14:00:00,46.92,Talkatora DIC,50.33,60.34076108759926
2026-05-30 15:00:00,44.56,Talkatora DIC,61.32,59.78309715303213
2026-05-30 16:00:00,47.88,Talkatora DIC,67.32,61.69159237974984
2026-05-30 17:00:00,43.1,Talkatora DIC,55.76,53.45029117281456
2026-05-30 18:00:00,38.97,Talkatora DIC,37.57,53.932602820959964
2026-05-30 19:00:00,35.34,Talkatora DIC,31.82,47.36007515160267
2026-05-30 20:00:00,35.65,Talkatora DIC,27.05,50.00084255239636
2026-05-30 21:00:00,34.71,Talkatora DIC,28.36,56.86115943481388
2026-05-30 22:00:00,24.97,Talkatora DIC,23.47,55.723813858338715
2026-05-30 23:00:00,23.8,Talkatora DIC,21.0,47.54159297898126
2026-05-31 00:00:00,18.78,Talkatora DIC,21.84,46.882613997499796
2026-05-31 01:00:00,18.88,Talkatora DIC,24.56,46.85353335790788
2026-05-31 02:00:00,21.36,Talkatora DIC,22.86,44.66709593658812
2026-05-31 03:00:00,13.84,Talkatora DIC,23.41,36.143831419753106
2026-05-31 04:00:00,12.94,Talkatora DIC,23.58,33.952472327074474
2026-05-31 05:00:00,16.38,Talkatora DIC,24.21,33.152686546651175
2026-05-31 06:00:00,18.19,Talkatora DIC,21.49,32.50746394179894
2026-05-31 07:00:00,26.92,Talkatora DIC,20.44,35.733075500610525
2026-05-31 08:00:00,33.66,Talkatora DIC,19.74,41.828738207948895
2026-05-31 09:00:00,32.87,Talkatora DIC,26.13,54.08868361577962
2026-05-31 10:00:00,35.85,Talkatora DIC,32.62,51.10907250440914
2026-05-31 11:00:00,38.27,Talkatora DIC,26.86,48.357156574986284
2026-05-31 12:00:00,44.5,Talkatora DIC,4.8,50.73920315407773
2026-05-31 13:00:00,47.03,Talkatora DIC,40.17,54.716291725506295
2026-05-31 14:00:00,50.33,Talkatora DIC,34.89,56.39767062671045
2026-05-31 15:00:00,61.32,Talkatora DIC,28.17,54.50199973401018
2026-05-31 16:00:00,67.32,Talkatora DIC,20.13,55.516865565998344
2026-05-31 17:00:00,55.76,Talkatora DIC,24.35,54.885203595098865
2026-05-31 18:00:00,37.57,Talkatora DIC,28.64,53.406472489557224
2026-05-31 19:00:00,31.82,Talkatora DIC,31.86,52.20584094955155
2026-05-31 20:00:00,27.05,Talkatora DIC,34.73,55.297520393163445
2026-05-31 21:00:00,28.36,Talkatora DIC,38.6,54.92878763587305
2026-05-31 22:00:00,23.47,Talkatora DIC,45.34,57.06355230596328
2026-05-31 23:00:00,21.0,Talkatora DIC,42.22,53.19328348548641
2026-06-01 00:00:00,21.84,Talkatora DIC,35.26,43.946128495671005
2026-06-01 01:00:00,24.56,Talkatora DIC,27.19,42.865098071117345
2026-06-01 02:00:00,22.86,Talkatora DIC,27.65,47.40589196509374
2026-06-01 03:00:00,23.41,Talkatora DIC,32.28,42.28346093334769
2026-06-01 04:00:00,23.58,Talkatora DIC,26.79,41.31745908963585
2026-06-01 05:00:00,24.21,Talkatora DIC,20.66,41.3423905273648
2026-06-01 06:00:00,21.49,Talkatora DIC,25.1,40.260108004098335
2026-06-01 07:00:00,20.44,Talkatora DIC,32.55,45.572207609890114
2026-06-01 08:00:00,19.74,Talkatora DIC,42.57,46.69872361157361
2026-06-01 09:00:00,26.13,Talkatora DIC,44.31,45.70549414067414
2026-06-01 10:00:00,32.62,Talkatora DIC,38.51,49.67274912398679
2026-06-01 11:00:00,26.86,Talkatora DIC,39.15,51.45538101951943
2026-06-01 12:00:00,4.8,Talkatora DIC,39.32,49.94865254442809
2026-06-01 13:00:00,40.17,Talkatora DIC,42.33,44.476851965812
2026-06-01 14:00:00,34.89,Talkatora DIC,37.54,49.507742056897804
2026-06-01 15:00:00,28.17,Talkatora DIC,50.62,52.542081348300286
2026-06-01 16:00:00,20.13,Talkatora DIC,63.35,50.5351786399852
2026-06-01 17:00:00,24.35,Talkatora DIC,62.32,47.237638497936636
2026-06-01 18:00:00,28.64,Talkatora DIC,52.17,49.98185290183822
2026-06-01 19:00:00,31.86,Talkatora DIC,45.78,47.424762198338385
2026-06-01 20:00:00,34.73,Talkatora DIC,42.21,46.56835297250033
2026-06-01 21:00:00,38.6,Talkatora DIC,44.44,46.299995670457996
2026-06-01 22:00:00,45.34,Talkatora DIC,40.08,47.12665172550655
2026-06-01 23:00:00,42.22,Talkatora DIC,38.68,49.92312845682191
2026-06-02 00:00:00,35.26,Talkatora DIC,35.91,44.947636806976746
2026-06-02 01:00:00,27.19,Talkatora DIC,42.1,43.4811793205727
2026-06-02 02:00:00,27.65,Talkatora DIC,47.56,44.058655619827
2026-06-02 04:00:00,26.79,Talkatora DIC,40.79,38.3991290427996
2026-06-02 05:00:00,20.66,Talkatora DIC,41.05,36.81240875851485
2026-06-02 06:00:00,25.1,Talkatora DIC,47.26,35.9568483143923
2026-06-02 07:00:00,32.55,Talkatora DIC,42.1,39.94500176646143
2026-06-02 08:00:00,42.57,Talkatora DIC,39.13,42.219626997022395
2026-06-02 09:00:00,44.31,Talkatora DIC,41.09,45.25549566143101
2026-06-02 10:00:00,38.51,Talkatora DIC,44.05,52.228636776302785
2026-06-02 11:00:00,39.15,Talkatora DIC,42.86,50.573899015895655
2026-06-02 12:00:00,39.32,Talkatora DIC,47.59,52.13921121356752
2026-06-02 13:00:00,42.33,Talkatora DIC,51.95,47.404850924886276
2026-06-02 14:00:00,37.54,Talkatora DIC,52.67,46.69934616572784
2026-06-02 15:00:00,50.62,Talkatora DIC,60.89,46.63546795149782
2026-06-02 16:00:00,63.35,Talkatora DIC,64.52,45.586479361151106
2026-06-02 17:00:00,62.32,Talkatora DIC,45.54,48.919953534701456
2026-06-02 18:00:00,52.17,Talkatora DIC,51.79,46.536770935807105
2026-06-02 19:00:00,45.78,Talkatora DIC,51.66,48.814349986270905
2026-06-02 20:00:00,42.21,Talkatora DIC,36.21,48.17143327005004
2026-06-02 21:00:00,44.44,Talkatora DIC,35.94,45.49239981449665
2026-06-02 22:00:00,40.08,Talkatora DIC,33.35,46.71158459836081
2026-06-02 23:00:00,38.68,Talkatora DIC,41.89,46.195466850719654
2026-06-03 00:00:00,35.91,Talkatora DIC,40.26,39.83540007972066
2026-06-03 01:00:00,42.1,Talkatora DIC,39.96,38.73635490204557
2026-06-03 02:00:00,47.56,Talkatora DIC,35.82,38.99043257917924
2026-06-03 03:00:00,38.89,Talkatora DIC,40.19,44.05222982548232
2026-06-03 04:00:00,40.79,Talkatora DIC,39.29,39.33818565197066
2026-06-03 05:00:00,41.05,Talkatora DIC,39.51,40.45846245230485
2026-06-03 06:00:00,47.26,Talkatora DIC,39.24,41.4812235473826
2026-06-03 07:00:00,42.1,Talkatora DIC,40.16,44.05093725878182
2026-06-03 08:00:00,39.13,Talkatora DIC,40.94,44.92883519619982
2026-06-03 09:00:00,41.09,Talkatora DIC,37.76,44.71088502761826
2026-06-03 10:00:00,44.05,Talkatora DIC,39.34,46.95912629062437
2026-06-03 11:00:00,42.86,Talkatora DIC,44.37,46.95707920683933
2026-06-03 12:00:00,47.59,Talkatora DIC,54.66,46.57012128043144
2026-06-03 13:00:00,51.95,Talkatora DIC,43.97,47.68945724539196
2026-06-03 14:00:00,52.67,Talkatora DIC,37.01,47.037119400426924
2026-06-03 15:00:00,60.89,Talkatora DIC,39.37,50.60981033383748
2026-06-03 16:00:00,64.52,Talkatora DIC,30.85,53.25425317460315
2026-06-03 17:00:00,45.54,Talkatora DIC,29.94,52.60459342655882
2026-06-03 18:00:00,51.79,Talkatora DIC,31.96,49.789238078291305
2026-06-03 19:00:00,51.66,Talkatora DIC,40.42,47.27399219763431
2026-06-03 20:00:00,36.21,Talkatora DIC,42.27,46.564797529359105
2026-06-03 21:00:00,35.94,Talkatora DIC,40.86,46.14446228628663
2026-06-03 22:00:00,33.35,Talkatora DIC,40.48,47.44525792466485
2026-06-03 23:00:00,41.89,Talkatora DIC,49.63,47.004900817460275
2026-06-04 00:00:00,40.26,Talkatora DIC,44.56,43.201327351471534
2026-06-04 04:00:00,39.29,Talkatora DIC,36.16,40.38390669047242
2026-06-04 05:00:00,39.51,Talkatora DIC,28.59,41.60841843047869
2026-06-04 06:00:00,39.24,Talkatora DIC,28.59,42.8777325528449
2026-06-04 08:00:00,40.94,Talkatora DIC,24.38,48.35997896887968
2026-06-04 12:00:00,54.66,Talkatora DIC,46.82,49.894104913838206
2026-06-04 13:00:00,43.97,Talkatora DIC,35.21,51.563043109176746
2026-06-04 14:00:00,37.01,Talkatora DIC,28.04,48.984425690186875
2026-06-04 15:00:00,39.37,Talkatora DIC,41.52,50.017752515161504
2026-06-04 16:00:00,30.85,Talkatora DIC,45.64,50.09346367170049
2026-06-04 17:00:00,29.94,Talkatora DIC,47.9,54.34335192340067
2026-06-04 18:00:00,31.96,Talkatora DIC,44.48,52.97251790864893
2026-06-04 19:00:00,40.42,Talkatora DIC,34.7,53.86662555068225
2026-06-04 20:00:00,42.27,Talkatora DIC,38.28,56.38657091422466
2026-06-04 21:00:00,40.86,Talkatora DIC,35.35,58.46356188492062
2026-06-04 22:00:00,40.48,Talkatora DIC,36.74,59.28630580026455
2026-06-04 23:00:00,49.63,Talkatora DIC,40.82,58.480234957311225
2026-06-05 00:00:00,44.56,Talkatora DIC,39.98,55.154763115079334
2026-06-05 01:00:00,,Talkatora DIC,43.58,51.31411341269839
2026-06-08 12:00:00,43.97,Talkatora DIC,72.54,56.070455896278034
2026-06-08 13:00:00,28.1,Talkatora DIC,83.18,52.07680872342524
2026-06-08 14:00:00,39.47,Talkatora DIC,110.33,51.8906998453124
2026-06-08 15:00:00,60.69,Talkatora DIC,86.4,53.87879729177442
2026-06-08 16:00:00,56.19,Talkatora DIC,77.28,61.21225869047617
2026-06-08 17:00:00,58.5,Talkatora DIC,77.42,59.305169457671894
2026-06-08 18:00:00,60.6,Talkatora DIC,69.24,59.54062264230978
2026-06-08 19:00:00,69.8,Talkatora DIC,65.53,58.42558942802407
2026-06-08 20:00:00,68.75,Talkatora DIC,68.33,61.22727217532475
2026-06-08 21:00:00,74.8,Talkatora DIC,71.68,61.67463451659455
2026-06-08 22:00:00,78.67,Talkatora DIC,78.06,65.63562444925452
2026-06-08 23:00:00,86.22,Talkatora DIC,81.87,65.69475059523812
2026-06-09 00:00:00,78.03,Talkatora DIC,71.6,58.074460300162755
2026-06-09 01:00:00,53.58,Talkatora DIC,45.8,61.49420379463132
2026-06-09 02:00:00,54.53,Talkatora DIC,52.08,58.863487766955295
2026-06-09 03:00:00,52.6,Talkatora DIC,61.91,59.31565230144581
2026-06-09 04:00:00,44.28,Talkatora DIC,64.14,55.41428261823457
2026-06-09 05:00:00,42.7,Talkatora DIC,64.7,55.61621795586747
2026-06-09 06:00:00,39.67,Talkatora DIC,78.37,54.774318210505314
2026-06-09 07:00:00,45.17,Talkatora DIC,76.92,57.081692180199816
2026-06-09 08:00:00,54.1,Talkatora DIC,82.95,57.88062581321574
2026-06-09 09:00:00,69.14,Talkatora DIC,87.76,61.74511334535832
2026-06-09 10:00:00,85.76,Talkatora DIC,114.97,63.12652165824921
2026-06-09 11:00:00,75.73,Talkatora DIC,135.81,69.22320407477027
2026-06-09 12:00:00,72.54,Talkatora DIC,127.72,66.82655990574244
2026-06-09 13:00:00,83.18,Talkatora DIC,119.47,59.625411888389365
2026-06-09 14:00:00,110.33,Talkatora DIC,109.17,65.61285318500495
2026-06-09 15:00:00,86.4,Talkatora DIC,95.92,72.3286714511013
2026-06-09 16:00:00,77.28,Talkatora DIC,91.65,67.90776889134908
2026-06-09 17:00:00,77.42,Talkatora DIC,91.71,63.93552726864567
2026-06-09 18:00:00,69.24,Talkatora DIC,100.07,63.852518963403746
2026-06-09 19:00:00,65.53,Talkatora DIC,93.16,75.41937915584415
2026-06-09 20:00:00,68.33,Talkatora DIC,86.59,76.8908227405003
2026-06-09 21:00:00,71.68,Talkatora DIC,104.43,87.5246201340789
2026-06-09 22:00:00,78.06,Talkatora DIC,96.01,92.67425067172982
2026-06-09 23:00:00,81.87,Talkatora DIC,89.94,91.59722971953802
2026-06-10 00:00:00,71.6,Talkatora DIC,71.78,88.60865435020172
2026-06-10 01:00:00,45.8,Talkatora DIC,55.44,67.69678900666082
2026-06-10 02:00:00,52.08,Talkatora DIC,51.01,64.83333435366185
2026-06-10 03:00:00,61.91,Talkatora DIC,36.53,63.83942180555559
2026-06-10 04:00:00,64.14,Talkatora DIC,31.01,61.17960681043375
2026-06-10 05:00:00,64.7,Talkatora DIC,26.24,60.09149420220863
2026-06-10 06:00:00,78.37,Talkatora DIC,37.73,60.94329404227596
2026-06-10 07:00:00,76.92,Talkatora DIC,41.85,64.73988105463532
2026-06-10 08:00:00,82.95,Talkatora DIC,42.88,63.04047747668998
2026-06-10 09:00:00,87.76,Talkatora DIC,43.21,72.67973146832765
2026-06-10 10:00:00,114.97,Talkatora DIC,65.38,81.73380252356766
2026-06-10 11:00:00,135.81,Talkatora DIC,69.63,72.48069197686361
2026-06-10 12:00:00,127.72,Talkatora DIC,61.38,89.28427166526116
2026-06-10 13:00:00,119.47,Talkatora DIC,57.61,85.2958104601877
2026-06-10 14:00:00,109.17,Talkatora DIC,63.55,131.74447973487779
2026-06-10 15:00:00,95.92,Talkatora DIC,62.6,86.90681874989461
2026-06-10 16:00:00,91.65,Talkatora DIC,65.25,78.42716117757877
2026-06-10 17:00:00,91.71,Talkatora DIC,64.41,76.87562982695722
2026-06-10 18:00:00,100.07,Talkatora DIC,63.01,73.52982628778793
2026-06-10 19:00:00,93.16,Talkatora DIC,60.29,73.19882034460801
2026-06-10 20:00:00,86.59,Talkatora DIC,51.35,74.4545062257961
2026-06-10 21:00:00,104.43,Talkatora DIC,52.2,74.69932444487506
2026-06-10 22:00:00,96.01,Talkatora DIC,47.24,91.21968203628838
2026-06-10 23:00:00,89.94,Talkatora DIC,40.41,94.52043506956338
2026-06-11 00:00:00,71.78,Talkatora DIC,36.3,70.58338668485935
2026-06-11 01:00:00,55.44,Talkatora DIC,32.82,62.124892936009786
2026-06-11 02:00:00,51.01,Talkatora DIC,30.26,57.003006004752955
2026-06-11 03:00:00,36.53,Talkatora DIC,27.99,58.568145865262125
2026-06-11 04:00:00,31.01,Talkatora DIC,32.17,45.69350226382954
2026-06-11 05:00:00,26.24,Talkatora DIC,30.8,42.24947872129449
2026-06-11 06:00:00,37.73,Talkatora DIC,34.88,42.60938508450485
2026-06-11 07:00:00,41.85,Talkatora DIC,30.52,46.161579932869
2026-06-11 08:00:00,42.88,Talkatora DIC,29.09,48.3869833308041
2026-06-11 09:00:00,43.21,Talkatora DIC,32.95,49.32934140561185
2026-06-11 10:00:00,65.38,Talkatora DIC,40.18,50.816567840797006
2026-06-11 11:00:00,69.63,Talkatora DIC,51.82,67.19127088399665
2026-06-11 12:00:00,61.38,Talkatora DIC,53.32,67.41924847611266
2026-06-11 13:00:00,57.61,Talkatora DIC,54.24,65.3109451481322
2026-06-11 14:00:00,63.55,Talkatora DIC,49.32,65.14261673379498
2026-06-11 15:00:00,62.6,Talkatora DIC,53.56,66.75102259069634
2026-06-11 16:00:00,65.25,Talkatora DIC,49.36,65.06651204806906
2026-06-11 17:00:00,64.41,Talkatora DIC,40.95,66.51374848472564
2026-06-11 18:00:00,63.01,Talkatora DIC,41.45,64.69037592306445
2026-06-11 19:00:00,60.29,Talkatora DIC,44.96,65.48093886367938
2026-06-11 20:00:00,51.35,Talkatora DIC,46.33,64.8524942449217
2026-06-11 21:00:00,52.2,Talkatora DIC,42.6,60.35474600573714
2026-06-11 22:00:00,47.24,Talkatora DIC,34.44,60.456958498416896
2026-06-11 23:00:00,40.41,Talkatora DIC,38.05,56.73896079374357
2026-06-12 00:00:00,36.3,Talkatora DIC,41.69,44.33523900454028
2026-06-12 04:00:00,32.17,Talkatora DIC,49.98,36.36638418231385
2026-06-12 05:00:00,30.8,Talkatora DIC,59.14,37.06792958575301
2026-06-12 06:00:00,34.88,Talkatora DIC,54.28,41.372930526268085
2026-06-12 08:00:00,29.09,Talkatora DIC,60.61,42.633700378425374
2026-06-12 12:00:00,53.32,Talkatora DIC,27.77,48.40994215859355
2026-06-12 13:00:00,54.24,Talkatora DIC,29.88,47.08933339170747
2026-06-12 14:00:00,49.32,Talkatora DIC,29.79,47.03487607122269
2026-06-12 15:00:00,53.56,Talkatora DIC,30.42,48.83720873831369
2026-06-12 16:00:00,49.36,Talkatora DIC,29.32,53.540967716594324
2026-06-12 17:00:00,40.95,Talkatora DIC,31.07,50.76443397939074
2026-06-12 18:00:00,41.45,Talkatora DIC,28.94,45.88554396139746
2026-06-12 19:00:00,44.96,Talkatora DIC,27.46,44.23501908185121
2026-06-12 20:00:00,46.33,Talkatora DIC,32.23,45.87993623447023
2026-06-12 21:00:00,42.6,Talkatora DIC,29.03,46.30456947261989
2026-06-12 22:00:00,34.44,Talkatora DIC,26.56,50.71790331576711
2026-06-12 23:00:00,38.05,Talkatora DIC,25.46,54.55724293240527
2026-06-13 00:00:00,41.69,Talkatora DIC,21.64,48.387257532218186
2026-06-13 01:00:00,37.03,Talkatora DIC,23.12,40.99852951058198
2026-06-13 02:00:00,38.89,Talkatora DIC,25.66,39.40459804232802
2026-06-13 03:00:00,43.76,Talkatora DIC,27.71,38.82327364875864
2026-06-13 04:00:00,49.98,Talkatora DIC,24.29,39.998031845238096
2026-06-13 05:00:00,59.14,Talkatora DIC,28.71,38.91943198616195
2026-06-13 06:00:00,54.28,Talkatora DIC,29.09,44.42434040089542
2026-06-13 07:00:00,57.52,Talkatora DIC,31.92,40.32305632275132
2026-06-13 08:00:00,60.61,Talkatora DIC,27.83,42.96731732804233
2026-06-13 09:00:00,36.01,Talkatora DIC,26.91,44.34843542328043
2026-06-13 10:00:00,21.74,Talkatora DIC,24.5,47.82078540007765
2026-06-13 11:00:00,20.49,Talkatora DIC,29.96,46.49818692151978
2026-06-13 12:00:00,27.77,Talkatora DIC,24.72,47.83883655903779
2026-06-13 13:00:00,29.88,Talkatora DIC,19.28,51.11202811114932
2026-06-13 14:00:00,29.79,Talkatora DIC,18.29,51.74378074340751
2026-06-13 16:00:00,29.32,Talkatora DIC,39.82,50.80912573003407
2026-06-13 17:00:00,31.07,Talkatora DIC,29.92,53.78464921281137
2026-06-13 18:00:00,28.94,Talkatora DIC,33.4,59.176425720003586
2026-06-13 19:00:00,27.46,Talkatora DIC,35.16,60.27341842781476
2026-06-13 20:00:00,32.23,Talkatora DIC,38.22,57.38996385630437
2026-06-13 21:00:00,29.03,Talkatora DIC,41.16,64.90264720121381
2026-06-13 22:00:00,26.56,Talkatora DIC,41.05,64.83019156240275
2026-06-13 23:00:00,25.46,Talkatora DIC,41.9,58.438809265224606
2026-06-14 00:00:00,21.64,Talkatora DIC,43.08,43.8641561971189
2026-06-14 01:00:00,23.12,Talkatora DIC,30.8,40.49315020282184
2026-06-14 02:00:00,25.66,Talkatora DIC,36.64,41.55038950108575
2026-06-14 03:00:00,27.71,Talkatora DIC,37.11,37.068418297117525
2026-06-14 04:00:00,24.29,Talkatora DIC,29.22,37.833159577180076
2026-06-14 05:00:00,28.71,Talkatora DIC,27.61,37.81470799140474
2026-06-14 06:00:00,29.09,Talkatora DIC,28.43,42.33471467152413
2026-06-14 07:00:00,31.92,Talkatora DIC,40.18,44.5596660613903
2026-06-14 08:00:00,27.83,Talkatora DIC,44.9,46.679182990939246
2026-06-14 09:00:00,26.91,Talkatora DIC,36.86,47.46564392857143
2026-06-14 10:00:00,24.5,Talkatora DIC,33.07,47.101572186147195
2026-06-14 11:00:00,29.96,Talkatora DIC,59.55,48.10113385281386
2026-06-14 12:00:00,24.72,Talkatora DIC,67.6,51.05963480158733
2026-06-18 16:00:00,67.44,Talkatora DIC,55.12,43.16983105402396
2026-06-18 17:00:00,50.18,Talkatora DIC,47.14,41.19978772069062
2026-06-18 18:00:00,51.28,Talkatora DIC,48.49,40.32080812021846
2026-06-18 19:00:00,56.04,Talkatora DIC,40.96,40.680736091966004
2026-06-18 20:00:00,66.48,Talkatora DIC,53.99,44.9398455048501
2026-06-18 21:00:00,72.1,Talkatora DIC,51.05,58.088225160586624
2026-06-18 22:00:00,59.94,Talkatora DIC,45.05,62.29340542410317
2026-06-18 23:00:00,47.16,Talkatora DIC,39.19,62.43135314397104
2026-06-19 00:00:00,56.66,Talkatora DIC,41.29,60.09376346410342
2026-06-19 01:00:00,48.39,Talkatora DIC,35.72,61.733689482354855
2026-06-19 02:00:00,40.18,Talkatora DIC,39.35,62.52313963765699
2026-06-19 03:00:00,39.1,Talkatora DIC,33.15,66.45074600514668
2026-06-19 04:00:00,39.85,Talkatora DIC,42.33,66.06003063961576
2026-06-19 05:00:00,32.98,Talkatora DIC,35.35,62.00741237545642
2026-06-19 06:00:00,43.91,Talkatora DIC,41.91,57.48466059149088
2026-06-19 07:00:00,38.21,Talkatora DIC,40.54,60.08769349972053
2026-06-19 08:00:00,61.89,Talkatora DIC,42.34,60.30434510186353
2026-06-19 09:00:00,62.92,Talkatora DIC,47.33,59.93503458330164
2026-06-19 10:00:00,75.26,Talkatora DIC,62.16,61.273457870847466
2026-06-19 11:00:00,70.89,Talkatora DIC,69.71,52.8746132202982
2026-06-19 12:00:00,74.41,Talkatora DIC,67.44,67.48743835194048
2026-06-19 13:00:00,71.73,Talkatora DIC,63.71,70.918473701362
2026-06-19 14:00:00,76.95,Talkatora DIC,66.5,74.77296215416064
2026-06-19 15:00:00,67.8,Talkatora DIC,47.92,68.54850888810105
2026-06-19 16:00:00,55.12,Talkatora DIC,53.69,66.7458223833574
2026-06-19 17:00:00,47.14,Talkatora DIC,49.92,54.77813017436266
2026-06-19 18:00:00,48.49,Talkatora DIC,50.33,61.38923701721503
2026-06-19 19:00:00,40.96,Talkatora DIC,47.31,55.111633859233564
2026-06-19 20:00:00,53.99,Talkatora DIC,35.2,59.57697508547495
2026-06-19 21:00:00,51.05,Talkatora DIC,44.59,67.06520658105698
2026-06-19 22:00:00,45.05,Talkatora DIC,46.06,58.9050599134576
2026-06-19 23:00:00,39.19,Talkatora DIC,39.26,50.71708482425664
2026-06-20 00:00:00,41.29,Talkatora DIC,49.5,49.45454543632279
2026-06-20 01:00:00,35.72,Talkatora DIC,44.58,47.13252421226909
2026-06-20 02:00:00,39.35,Talkatora DIC,52.19,47.44733870218005
2026-06-20 03:00:00,33.15,Talkatora DIC,48.54,46.22144551712437
2026-06-20 04:00:00,42.33,Talkatora DIC,41.82,41.43951935539781
2026-06-20 05:00:00,35.35,Talkatora DIC,41.63,38.44099927888653
2026-06-20 06:00:00,41.91,Talkatora DIC,41.16,39.972069407140715
2026-06-20 07:00:00,40.54,Talkatora DIC,34.97,40.16762204114983
2026-06-20 08:00:00,42.34,Talkatora DIC,29.48,41.679239356490804
2026-06-20 09:00:00,47.33,Talkatora DIC,42.42,43.527318125784234
2026-06-20 10:00:00,62.16,Talkatora DIC,48.25,50.88323165642965
2026-06-20 11:00:00,69.71,Talkatora DIC,42.6,57.88580715549516
2026-06-20 12:00:00,67.44,Talkatora DIC,55.86,61.75763912698417
2026-06-20 13:00:00,63.71,Talkatora DIC,51.46,59.68104596742401
2026-06-20 14:00:00,66.5,Talkatora DIC,56.62,61.81012149371876
2026-06-20 15:00:00,47.92,Talkatora DIC,57.43,56.11963239417989
2026-06-20 16:00:00,53.69,Talkatora DIC,54.7,46.806654724870356
2026-06-20 17:00:00,49.92,Talkatora DIC,42.77,50.54738391317941
2026-06-20 18:00:00,50.33,Talkatora DIC,39.86,51.65741287136554
2026-06-20 19:00:00,47.31,Talkatora DIC,40.71,49.63601453245728
2026-06-20 20:00:00,35.2,Talkatora DIC,40.64,48.13459591513361
2026-06-20 21:00:00,44.59,Talkatora DIC,42.42,47.296416335024865
2026-06-20 22:00:00,46.06,Talkatora DIC,39.42,47.284606837069134
2026-06-20 23:00:00,39.26,Talkatora DIC,28.82,48.20733393076519
2026-06-21 00:00:00,49.5,Talkatora DIC,27.58,48.60681431378534
2026-06-21 01:00:00,44.58,Talkatora DIC,27.89,47.245561415112675
2026-06-21 02:00:00,52.19,Talkatora DIC,25.98,45.1171614428925
2026-06-21 03:00:00,48.54,Talkatora DIC,29.04,43.261758751803754
2026-06-21 04:00:00,41.82,Talkatora DIC,30.51,45.543863917227576
2026-06-21 05:00:00,41.63,Talkatora DIC,35.41,42.86912886298846
2026-06-21 06:00:00,41.16,Talkatora DIC,36.43,45.87849056092016
2026-06-21 07:00:00,34.97,Talkatora DIC,51.22,42.56580840241508
2026-06-21 08:00:00,29.48,Talkatora DIC,42.72,45.82246427350181
2026-06-21 09:00:00,42.42,Talkatora DIC,65.85,44.70370493732238
2026-06-21 10:00:00,48.25,Talkatora DIC,68.87,44.75463002943468
2026-06-21 11:00:00,42.6,Talkatora DIC,61.66,51.50010271178125
2026-06-21 12:00:00,55.86,Talkatora DIC,56.62,50.214821461338175
2026-06-21 13:00:00,51.46,Talkatora DIC,42.72,51.74169097402595
2026-06-21 14:00:00,56.62,Talkatora DIC,49.61,58.34864269841265
2026-06-21 16:00:00,54.7,Talkatora DIC,62.92,56.15547453703706
2026-06-21 17:00:00,42.77,Talkatora DIC,69.51,55.097745833333356
2026-06-21 18:00:00,39.86,Talkatora DIC,53.96,54.06722007181028
2026-06-21 19:00:00,40.71,Talkatora DIC,51.87,52.36607829067994
2026-06-21 20:00:00,40.64,Talkatora DIC,47.63,51.851281608345374
2026-06-21 21:00:00,42.42,Talkatora DIC,46.39,52.74727894734895
2026-06-21 22:00:00,39.42,Talkatora DIC,41.92,52.64079866041368
2026-06-21 23:00:00,28.82,Talkatora DIC,39.72,51.3148238011063
2026-06-22 00:00:00,27.58,Talkatora DIC,41.16,48.126513856705344
2026-06-22 01:00:00,27.89,Talkatora DIC,40.27,42.671468548601034
2026-06-22 02:00:00,25.98,Talkatora DIC,36.1,42.8052441085308
2026-06-22 03:00:00,29.04,Talkatora DIC,32.99,39.38393144425822
2026-06-22 04:00:00,30.51,Talkatora DIC,41.97,38.061342391186614
2026-06-22 05:00:00,35.41,Talkatora DIC,38.07,37.38880031446699
2026-06-22 06:00:00,36.43,Talkatora DIC,41.18,34.44502640667172
2026-06-22 07:00:00,51.22,Talkatora DIC,50.16,34.792418910984445
2026-06-22 08:00:00,42.72,Talkatora DIC,52.9,39.32719212956468
2026-06-22 09:00:00,65.85,Talkatora DIC,53.08,36.32633166358637
2026-06-22 10:00:00,68.87,Talkatora DIC,51.78,42.333494351851854
2026-06-22 11:00:00,61.66,Talkatora DIC,57.73,40.0484186111111
2026-06-22 12:00:00,56.62,Talkatora DIC,52.92,39.79828404761903
2026-06-22 16:00:00,62.92,Talkatora DIC,34.23,44.272002205740904
2026-06-22 17:00:00,69.51,Talkatora DIC,39.59,44.93940966004582
2026-06-22 18:00:00,53.96,Talkatora DIC,47.21,45.80761889044506
2026-06-22 19:00:00,51.87,Talkatora DIC,36.23,43.64834512793812
2026-06-22 20:00:00,47.63,Talkatora DIC,47.4,44.04245814847967
2026-06-22 21:00:00,46.39,Talkatora DIC,55.53,42.72747709120935
2026-06-22 22:00:00,41.92,Talkatora DIC,55.35,40.178476598392315
2026-06-22 23:00:00,39.72,Talkatora DIC,60.61,39.53440672218046
2026-06-23 00:00:00,41.16,Talkatora DIC,61.89,37.79370596037177
2026-06-23 01:00:00,40.27,Talkatora DIC,59.33,36.35065181469433
2026-06-23 02:00:00,36.1,Talkatora DIC,61.56,37.2650422008589
2026-06-23 03:00:00,32.99,Talkatora DIC,68.13,37.64158725319003
2026-06-23 04:00:00,41.97,Talkatora DIC,51.24,37.75003645398703
2026-06-23 05:00:00,38.07,Talkatora DIC,44.42,34.352420336898945
2026-06-23 06:00:00,41.18,Talkatora DIC,37.89,33.02023709199087
2026-06-23 07:00:00,50.16,Talkatora DIC,47.14,32.8181280107055
2026-06-23 08:00:00,52.9,Talkatora DIC,33.69,37.22226878248242
2026-06-23 09:00:00,53.08,Talkatora DIC,40.37,40.608469912027516
2026-06-23 10:00:00,51.78,Talkatora DIC,53.44,41.73302012096211
2026-06-23 11:00:00,57.73,Talkatora DIC,45.35,41.543506622993036
2026-06-23 12:00:00,52.92,Talkatora DIC,40.55,47.135202787812425
2026-06-23 13:00:00,48.44,Talkatora DIC,49.49,47.89955498357962
2026-06-23 14:00:00,46.72,Talkatora DIC,52.76,41.0697702259967
2026-06-23 15:00:00,44.29,Talkatora DIC,51.05,37.37399384918391
2026-06-23 16:00:00,34.23,Talkatora DIC,46.37,38.050900268064886
2026-06-23 17:00:00,39.59,Talkatora DIC,49.81,36.56880188446475
2026-06-23 18:00:00,47.21,Talkatora DIC,43.02,38.68467193589154
2026-06-23 19:00:00,36.23,Talkatora DIC,38.08,37.80678162773426
2026-06-23 20:00:00,47.4,Talkatora DIC,40.92,36.39777087637408
2026-06-23 21:00:00,55.53,Talkatora DIC,49.75,36.65144051463323
2026-06-23 22:00:00,55.35,Talkatora DIC,57.62,38.54155080640947
2026-06-23 23:00:00,60.61,Talkatora DIC,54.48,38.666185034340394
2026-06-24 00:00:00,61.89,Talkatora DIC,53.85,40.26687428252144
2026-06-24 01:00:00,59.33,Talkatora DIC,57.19,40.48041044654259
2026-06-24 02:00:00,61.56,Talkatora DIC,66.65,42.28930152958155
2026-06-24 03:00:00,68.13,Talkatora DIC,69.28,42.82053446608947
2026-06-24 04:00:00,51.24,Talkatora DIC,53.09,44.84887071428568
2026-06-24 05:00:00,44.42,Talkatora DIC,32.19,43.391267743003446
2026-06-24 06:00:00,37.89,Talkatora DIC,36.23,41.33357645802543
2026-06-24 07:00:00,47.14,Talkatora DIC,45.43,41.07884877383094
2026-06-24 08:00:00,33.69,Talkatora DIC,36.38,42.21061587430927
2026-06-24 09:00:00,40.37,Talkatora DIC,40.77,44.656938568881166
2026-06-24 10:00:00,53.44,Talkatora DIC,47.15,42.2561864627341
2026-06-24 11:00:00,45.35,Talkatora DIC,55.88,44.491368717833105
2026-06-24 12:00:00,40.55,Talkatora DIC,69.52,40.11149143897023
2026-06-24 13:00:00,49.49,Talkatora DIC,67.2,40.95514128684921
2026-06-24 14:00:00,52.76,Talkatora DIC,61.66,43.72329685376312
2026-06-24 15:00:00,51.05,Talkatora DIC,62.9,45.30194689043213
2026-06-24 16:00:00,46.37,Talkatora DIC,59.98,43.33564892838131
2026-06-24 17:00:00,49.81,Talkatora DIC,64.6,40.60420870904297
2026-06-24 18:00:00,43.02,Talkatora DIC,56.83,43.48754564017414
2026-06-24 19:00:00,38.08,Talkatora DIC,49.0,38.21790556301865
2026-06-24 20:00:00,40.92,Talkatora DIC,39.94,40.27731278378748
2026-06-24 21:00:00,49.75,Talkatora DIC,43.89,40.92484329090464
2026-06-24 22:00:00,57.62,Talkatora DIC,62.49,45.87553391422875
2026-06-24 23:00:00,54.48,Talkatora DIC,61.86,51.265203454048304
2026-06-25 00:00:00,53.85,Talkatora DIC,49.02,44.766686923720385
2026-06-25 01:00:00,57.19,Talkatora DIC,50.39,49.48263744028962
2026-06-25 02:00:00,66.65,Talkatora DIC,42.87,53.494505301039986
2026-06-25 03:00:00,69.28,Talkatora DIC,41.7,61.08702333333337
2026-06-25 04:00:00,53.09,Talkatora DIC,46.49,61.00124476190477
2026-06-25 05:00:00,32.19,Talkatora DIC,45.33,58.33757992521371
2026-06-25 06:00:00,36.23,Talkatora DIC,55.09,52.39712092412223
2026-06-25 07:00:00,45.43,Talkatora DIC,68.51,53.38709842244136
2026-06-25 08:00:00,36.38,Talkatora DIC,76.34,49.166658783438805
2026-06-25 09:00:00,40.77,Talkatora DIC,74.85,53.68955159645911
2026-06-25 10:00:00,47.15,Talkatora DIC,78.26,53.07249372618857
2026-06-25 11:00:00,55.88,Talkatora DIC,65.96,50.13382091773884
2026-06-25 12:00:00,69.52,Talkatora DIC,61.64,57.60159473544975
2026-06-25 13:00:00,67.2,Talkatora DIC,77.08,58.44395873015875
2026-06-25 14:00:00,61.66,Talkatora DIC,81.6,56.20191564814816
2026-06-25 15:00:00,62.9,Talkatora DIC,59.56,56.32119526135746
2026-06-25 16:00:00,59.98,Talkatora DIC,59.47,57.35423608946611
2026-06-25 17:00:00,64.6,Talkatora DIC,52.81,58.969741230158704
2026-06-25 18:00:00,56.83,Talkatora DIC,48.94,59.00077795454545
2026-06-25 19:00:00,49.0,Talkatora DIC,63.12,57.244749246031716
2026-06-25 20:00:00,39.94,Talkatora DIC,71.81,57.43802438750018
2026-06-25 21:00:00,43.89,Talkatora DIC,52.64,56.944279434527225
2026-06-25 22:00:00,62.49,Talkatora DIC,60.35,56.238638677837564
2026-06-25 23:00:00,61.86,Talkatora DIC,48.6,61.3130847005772
2026-06-26 00:00:00,49.02,Talkatora DIC,51.86,61.101529224386695
2026-06-26 01:00:00,50.39,Talkatora DIC,46.28,57.3102888817421
2026-06-26 02:00:00,42.87,Talkatora DIC,41.5,58.31890985187579
2026-06-26 03:00:00,41.7,Talkatora DIC,51.14,56.193279737295015
2026-06-26 04:00:00,46.49,Talkatora DIC,41.26,54.68064904004559
2026-06-26 05:00:00,45.33,Talkatora DIC,36.19,39.22388472199097
2026-06-26 06:00:00,55.09,Talkatora DIC,44.46,43.125506615983014
2026-06-26 07:00:00,68.51,Talkatora DIC,57.86,57.422999867724876
2026-06-26 08:00:00,76.34,Talkatora DIC,56.45,49.786757858345375
2026-06-26 09:00:00,74.85,Talkatora DIC,53.67,56.96421141895141
2026-06-26 10:00:00,78.26,Talkatora DIC,46.94,67.18380926166427
2026-06-26 11:00:00,65.96,Talkatora DIC,38.53,67.85679625901874
2026-06-26 12:00:00,61.64,Talkatora DIC,43.27,62.68396023024732
2026-06-26 13:00:00,77.08,Talkatora DIC,57.34,61.163315042657146
2026-06-26 14:00:00,81.6,Talkatora DIC,54.25,60.42720020322266
2026-06-26 15:00:00,59.56,Talkatora DIC,65.12,67.61630951790802
2026-06-26 16:00:00,59.47,Talkatora DIC,42.68,55.462335716834275
2026-06-26 17:00:00,52.81,Talkatora DIC,49.48,61.071690682017746
2026-06-26 18:00:00,48.94,Talkatora DIC,51.94,55.89333267962395
2026-06-26 19:00:00,63.12,Talkatora DIC,52.52,59.620146853019406
2026-06-26 20:00:00,71.81,Talkatora DIC,65.5,56.36946430495432
2026-06-26 21:00:00,52.64,Talkatora DIC,68.46,63.48944905674148
2026-06-26 22:00:00,60.35,Talkatora DIC,61.41,63.70764669489376
2026-06-26 23:00:00,48.6,Talkatora DIC,58.23,63.62359236348441
2026-06-27 00:00:00,51.86,Talkatora DIC,45.53,59.95208533476677
2026-06-27 01:00:00,46.28,Talkatora DIC,35.3,61.67309569681776
2026-06-27 02:00:00,41.5,Talkatora DIC,38.83,58.90898936884099
2026-06-27 03:00:00,51.14,Talkatora DIC,35.95,59.441251317781756
2026-06-27 04:00:00,41.26,Talkatora DIC,36.04,59.65953431433815
2026-06-27 05:00:00,36.19,Talkatora DIC,32.79,62.54537109355887
2026-06-27 06:00:00,44.46,Talkatora DIC,32.45,59.30521162265942
2026-06-27 07:00:00,57.86,Talkatora DIC,33.3,62.19998634993174
2026-06-27 08:00:00,56.45,Talkatora DIC,26.83,68.01492154040409
2026-06-27 09:00:00,53.67,Talkatora DIC,26.06,67.24730253246761
2026-06-27 10:00:00,46.94,Talkatora DIC,30.15,66.78038207564371
2026-06-27 11:00:00,38.53,Talkatora DIC,25.73,60.011782542120066
2026-06-27 12:00:00,43.27,Talkatora DIC,29.04,51.38082412462656
2026-06-27 13:00:00,57.34,Talkatora DIC,18.93,53.869752238683816
2026-06-27 14:00:00,54.25,Talkatora DIC,26.16,67.14511111712366
2026-06-27 15:00:00,65.12,Talkatora DIC,31.89,51.885045432402876
2026-06-27 16:00:00,42.68,Talkatora DIC,38.71,50.46761030651344
2026-06-27 17:00:00,49.48,Talkatora DIC,33.39,48.4953107129678
2026-06-27 18:00:00,51.94,Talkatora DIC,39.6,51.493493567834086
2026-06-27 19:00:00,52.52,Talkatora DIC,47.0,53.30503563576256
2026-06-27 20:00:00,65.5,Talkatora DIC,45.8,58.90316713804716
2026-06-27 21:00:00,68.46,Talkatora DIC,31.56,53.65851574074075
2026-06-27 22:00:00,61.41,Talkatora DIC,38.45,51.371992400793644
2026-06-27 23:00:00,58.23,Talkatora DIC,28.87,52.571725376440284
2026-06-28 00:00:00,45.53,Talkatora DIC,35.27,54.22485945028631
2026-06-28 01:00:00,35.3,Talkatora DIC,34.12,52.201126379177
2026-06-28 02:00:00,38.83,Talkatora DIC,34.41,54.55412587172149
2026-06-28 03:00:00,35.95,Talkatora DIC,39.27,51.20545135605196
2026-06-28 04:00:00,36.04,Talkatora DIC,30.39,50.862739760169625
2026-06-28 07:00:00,33.3,Talkatora DIC,23.43,47.17337993010557
2026-06-28 08:00:00,26.83,Talkatora DIC,36.63,47.692477490796456
2026-06-28 09:00:00,26.06,Talkatora DIC,28.75,45.83201796035629
2026-06-28 10:00:00,30.15,Talkatora DIC,45.2,43.41025092322422
2026-06-28 11:00:00,25.73,Talkatora DIC,36.22,44.469952679579855
2026-06-28 12:00:00,29.04,Talkatora DIC,40.9,42.84933651813959
2026-06-28 13:00:00,18.93,Talkatora DIC,41.58,44.62997663251034
2026-06-28 14:00:00,26.16,Talkatora DIC,38.9,48.55127626574745
2026-06-28 15:00:00,31.89,Talkatora DIC,6.0,52.19001580038965
2026-06-28 16:00:00,38.71,Talkatora DIC,7.29,47.98145804110736
2026-06-28 17:00:00,33.39,Talkatora DIC,7.98,46.95607274206429
2026-06-28 18:00:00,39.6,Talkatora DIC,20.9,47.057525238456805
2026-06-28 19:00:00,47.0,Talkatora DIC,37.28,47.69200429930334
2026-06-28 20:00:00,45.8,Talkatora DIC,39.34,53.373131548279545
2026-06-28 21:00:00,31.56,Talkatora DIC,43.8,54.358110482798686
2026-06-28 22:00:00,38.45,Talkatora DIC,37.59,51.90141296510398
2026-06-28 23:00:00,28.87,Talkatora DIC,28.18,54.589067039557804
2026-06-29 00:00:00,35.27,Talkatora DIC,27.18,46.070828154735665
2026-06-29 01:00:00,34.12,Talkatora DIC,22.17,43.38423108174476
2026-06-29 02:00:00,34.41,Talkatora DIC,16.15,42.83401168370271
2026-06-29 03:00:00,39.27,Talkatora DIC,19.24,42.11614174844794
2026-06-29 04:00:00,30.39,Talkatora DIC,25.16,40.97397214527332
2026-06-29 05:00:00,,Talkatora DIC,22.23,39.48968948754461
2026-07-06 15:00:00,37.78,Talkatora DIC,36.49,35.38805875311466
2026-07-06 16:00:00,47.45,Talkatora DIC,28.97,33.942662682484304
2026-07-06 17:00:00,53.92,Talkatora DIC,32.73,35.23255342338612
2026-07-06 18:00:00,44.25,Talkatora DIC,37.99,35.47569561937332
2026-07-06 19:00:00,31.5,Talkatora DIC,39.26,34.290568687073254
2026-07-06 20:00:00,23.89,Talkatora DIC,44.77,34.69064696029385
2026-07-06 21:00:00,22.21,Talkatora DIC,40.67,34.80781003497596
2026-07-06 22:00:00,39.12,Talkatora DIC,27.89,33.8801269160602
2026-07-06 23:00:00,57.54,Talkatora DIC,18.33,35.62531583555352
2026-07-07 00:00:00,40.12,Talkatora DIC,13.35,30.503900812299985
2026-07-07 01:00:00,36.79,Talkatora DIC,11.39,30.15391645769867
2026-07-07 02:00:00,34.16,Talkatora DIC,10.36,30.417169999277316
2026-07-07 03:00:00,28.91,Talkatora DIC,8.93,30.79244723836573
2026-07-07 04:00:00,18.07,Talkatora DIC,7.42,30.5249958742703
2026-07-07 05:00:00,19.85,Talkatora DIC,10.1,28.63574003765078
2026-07-07 06:00:00,26.36,Talkatora DIC,20.1,27.89637130697054
2026-07-07 07:00:00,21.06,Talkatora DIC,24.84,31.255227523800652
2026-07-07 08:00:00,20.08,Talkatora DIC,24.96,36.080754924927476
2026-07-07 09:00:00,24.06,Talkatora DIC,31.9,36.912823653056826
2026-07-07 10:00:00,29.78,Talkatora DIC,43.6,36.944741329777884
2026-07-07 11:00:00,39.39,Talkatora DIC,48.05,36.26185574909011
2026-07-07 12:00:00,38.18,Talkatora DIC,33.84,34.57567739181496
2026-07-07 13:00:00,36.7,Talkatora DIC,29.45,35.47630708774788
2026-07-07 14:00:00,39.55,Talkatora DIC,6.0,33.89523026557259
2026-07-07 15:00:00,36.49,Talkatora DIC,6.43,33.27283191711652
2026-07-07 16:00:00,28.97,Talkatora DIC,6.59,32.60003839900659
2026-07-07 17:00:00,32.73,Talkatora DIC,5.95,32.92527606293063
2026-07-07 18:00:00,37.99,Talkatora DIC,9.92,32.50004274276265
2026-07-07 19:00:00,39.26,Talkatora DIC,20.58,31.96665347662132
2026-07-07 20:00:00,44.77,Talkatora DIC,25.86,32.94574650971238
2026-07-07 21:00:00,40.67,Talkatora DIC,20.04,33.55368476915132
2026-07-07 22:00:00,27.89,Talkatora DIC,17.85,35.76448011476986
2026-07-07 23:00:00,18.33,Talkatora DIC,19.26,38.37555522770106
2026-07-08 00:00:00,13.35,Talkatora DIC,18.43,32.09757750685153
2026-07-08 01:00:00,11.39,Talkatora DIC,23.84,29.790481378709885
2026-07-08 02:00:00,10.36,Talkatora DIC,25.28,28.045614435336173
2026-07-08 03:00:00,8.93,Talkatora DIC,18.47,28.93780618125056
2026-07-08 04:00:00,7.42,Talkatora DIC,19.07,25.428473467957115
2026-07-08 05:00:00,10.1,Talkatora DIC,28.71,22.39526196520543
2026-07-08 06:00:00,20.1,Talkatora DIC,34.33,23.69351653110247
2026-07-08 07:00:00,24.84,Talkatora DIC,30.84,30.61629696045913
2026-07-08 08:00:00,24.96,Talkatora DIC,25.51,35.60157905260296
2026-07-08 09:00:00,31.9,Talkatora DIC,20.49,34.788833110353856
2026-07-08 10:00:00,43.6,Talkatora DIC,17.66,36.599842871709164
2026-07-08 11:00:00,48.05,Talkatora DIC,27.43,36.944643719293694
2026-07-08 12:00:00,33.84,Talkatora DIC,25.9,35.62887444817917
2026-07-08 13:00:00,29.45,Talkatora DIC,17.11,34.922175267481904
2026-07-08 14:00:00,6.0,Talkatora DIC,18.22,33.00103785689005
2026-07-08 15:00:00,6.43,Talkatora DIC,21.46,33.684032201096166
2026-07-08 16:00:00,6.59,Talkatora DIC,17.35,32.77836220562471
2026-07-08 17:00:00,5.95,Talkatora DIC,14.32,27.51781234839235
2026-07-08 18:00:00,9.92,Talkatora DIC,18.64,26.640759391441897
2026-07-08 19:00:00,20.58,Talkatora DIC,18.32,27.17137261520609
2026-07-08 20:00:00,25.86,Talkatora DIC,19.68,30.13749765047039
2026-07-08 21:00:00,20.04,Talkatora DIC,23.88,32.098738023888714
2026-07-08 22:00:00,17.85,Talkatora DIC,18.39,30.346129965919875
2026-07-08 23:00:00,19.26,Talkatora DIC,14.39,27.35164233358492
2026-07-09 00:00:00,18.43,Talkatora DIC,12.48,21.586145277964647
2026-07-09 01:00:00,23.84,Talkatora DIC,13.44,18.848755309732876
2026-07-09 02:00:00,25.28,Talkatora DIC,17.61,26.038342997671126
2026-07-09 03:00:00,18.47,Talkatora DIC,16.52,26.481685315191562
2026-07-09 10:00:00,17.66,Talkatora DIC,14.77,33.74195491530801
2026-07-09 11:00:00,27.43,Talkatora DIC,19.52,30.1389598854508
2026-07-09 12:00:00,25.9,Talkatora DIC,28.82,34.27557184357994
2026-07-09 13:00:00,17.11,Talkatora DIC,34.03,35.301362217894585
2026-07-09 14:00:00,18.22,Talkatora DIC,35.43,25.029066672812284
2026-07-09 15:00:00,21.46,Talkatora DIC,37.96,24.205635994911948
2026-07-09 16:00:00,17.35,Talkatora DIC,41.36,25.720651015694834
2026-07-09 17:00:00,14.32,Talkatora DIC,32.48,24.629356208355894
2026-07-09 18:00:00,18.64,Talkatora DIC,25.45,22.095087865225388
2026-07-09 19:00:00,18.32,Talkatora DIC,22.36,27.515183126480036
2026-07-09 20:00:00,19.68,Talkatora DIC,23.09,26.023618924851533
2026-07-09 21:00:00,23.88,Talkatora DIC,23.65,24.75973887619648
2026-07-09 22:00:00,18.39,Talkatora DIC,25.24,28.51797776556207
2026-07-09 23:00:00,14.39,Talkatora DIC,26.47,23.200750804378362
2026-07-10 00:00:00,12.48,Talkatora DIC,19.94,18.526883054627756
2026-07-10 01:00:00,13.44,Talkatora DIC,19.87,23.041235781519422
2026-07-10 02:00:00,17.61,Talkatora DIC,16.88,20.713816437011282
2026-07-10 03:00:00,16.52,Talkatora DIC,13.56,20.067853780070344
2026-07-10 04:00:00,17.09,Talkatora DIC,11.54,19.303137290263415
2026-07-10 05:00:00,23.03,Talkatora DIC,12.1,20.996960271773467
2026-07-10 06:00:00,24.54,Talkatora DIC,17.44,29.33020043457842
2026-07-10 07:00:00,23.06,Talkatora DIC,18.67,28.295669397144938
2026-07-10 08:00:00,20.28,Talkatora DIC,18.94,28.666744430382003
2026-07-10 09:00:00,16.4,Talkatora DIC,18.89,25.42762825283563
2026-07-10 10:00:00,14.77,Talkatora DIC,24.45,21.998598707806536
2026-07-10 11:00:00,19.52,Talkatora DIC,29.47,29.801890376382897
2026-07-10 12:00:00,28.82,Talkatora DIC,31.46,29.713458659031676
2026-07-10 13:00:00,34.03,Talkatora DIC,36.23,30.573517567329
2026-07-10 15:00:00,37.96,Talkatora DIC,51.49,32.60041819120474
2026-07-10 16:00:00,41.36,Talkatora DIC,44.47,31.01062392296027
2026-07-10 17:00:00,32.48,Talkatora DIC,41.85,33.17430388817414
2026-07-10 18:00:00,25.45,Talkatora DIC,52.21,33.65997737886532
2026-07-10 19:00:00,22.36,Talkatora DIC,53.46,32.01382014828253
2026-07-10 20:00:00,23.09,Talkatora DIC,50.98,29.313579128640498
2026-07-10 21:00:00,23.65,Talkatora DIC,55.19,28.42106485607628
2026-07-10 22:00:00,25.24,Talkatora DIC,61.27,26.249466661737166
2026-07-10 23:00:00,26.47,Talkatora DIC,58.38,28.160982790406113
2026-07-11 00:00:00,19.94,Talkatora DIC,45.49,25.534077390156146
2026-07-11 01:00:00,19.87,Talkatora DIC,40.82,22.155517709988107
2026-07-11 02:00:00,16.88,Talkatora DIC,35.93,21.798907170494232
2026-07-11 03:00:00,13.56,Talkatora DIC,30.88,19.509130402296552
2026-07-11 04:00:00,11.54,Talkatora DIC,31.19,20.25098795397722
2026-07-11 05:00:00,12.1,Talkatora DIC,32.76,20.738627050272996
2026-07-11 06:00:00,17.44,Talkatora DIC,35.28,24.08265839766581
2026-07-11 07:00:00,18.67,Talkatora DIC,35.79,26.10000187316907
2026-07-11 08:00:00,18.94,Talkatora DIC,38.47,25.360576930982408
2026-07-11 09:00:00,18.89,Talkatora DIC,39.9,23.897643967181654
2026-07-11 10:00:00,24.45,Talkatora DIC,44.52,22.52190321239474
2026-07-11 11:00:00,29.47,Talkatora DIC,47.35,29.841532592097053
2026-07-11 12:00:00,31.46,Talkatora DIC,39.03,30.94446172920091
2026-07-11 13:00:00,36.23,Talkatora DIC,37.31,29.64478242360581
2026-07-11 14:00:00,42.89,Talkatora DIC,38.05,28.180866762155294
2026-07-11 15:00:00,51.49,Talkatora DIC,37.33,29.482296599243437
2026-07-11 16:00:00,44.47,Talkatora DIC,41.0,27.373465671292234
2026-07-11 17:00:00,41.85,Talkatora DIC,39.29,26.343864805772313
2026-07-11 18:00:00,52.21,Talkatora DIC,33.04,26.213539891199833
2026-07-11 19:00:00,53.46,Talkatora DIC,33.64,29.867181734378956
2026-07-11 20:00:00,50.98,Talkatora DIC,53.74,30.501223803505837
2026-07-11 21:00:00,55.19,Talkatora DIC,70.21,30.944638556096063
2026-07-11 22:00:00,61.27,Talkatora DIC,52.5,31.50543207397882
2026-07-11 23:00:00,58.38,Talkatora DIC,31.06,30.931270572064204
2026-07-12 00:00:00,45.49,Talkatora DIC,19.43,28.387669269048008
2026-07-12 01:00:00,40.82,Talkatora DIC,17.66,29.77320404723278
2026-07-12 02:00:00,35.93,Talkatora DIC,21.63,31.454333491436053
2026-07-12 03:00:00,30.88,Talkatora DIC,21.55,30.768717446462517
2026-07-12 04:00:00,31.19,Talkatora DIC,18.95,29.5646446439929
2026-07-12 05:00:00,32.76,Talkatora DIC,22.02,29.98381395164634
2026-07-12 06:00:00,35.28,Talkatora DIC,28.81,27.856405755816084
2026-07-12 07:00:00,35.79,Talkatora DIC,33.42,34.037338384765974
2026-07-12 08:00:00,38.47,Talkatora DIC,36.43,37.70778214431328
2026-07-12 09:00:00,39.9,Talkatora DIC,36.03,36.48414466248664
2026-07-12 10:00:00,44.52,Talkatora DIC,35.37,38.02923163944972
2026-07-12 11:00:00,47.35,Talkatora DIC,41.97,35.78643429103114
2026-07-12 12:00:00,39.03,Talkatora DIC,47.66,36.878928300358915
2026-07-12 13:00:00,37.31,Talkatora DIC,44.44,39.229565924883964
2026-07-12 14:00:00,38.05,Talkatora DIC,48.54,38.76893449889196
2026-07-12 15:00:00,37.33,Talkatora DIC,52.45,37.248668134955956
2026-07-12 16:00:00,41.0,Talkatora DIC,50.26,37.29204669650556
2026-07-12 17:00:00,39.29,Talkatora DIC,53.07,37.688513806686174
2026-07-12 18:00:00,33.04,Talkatora DIC,52.79,38.483730726395
2026-07-12 19:00:00,33.64,Talkatora DIC,51.42,38.482595002703015
2026-07-12 20:00:00,53.74,Talkatora DIC,46.71,37.51709667007057
2026-07-12 21:00:00,70.21,Talkatora DIC,34.14,34.54082760772106
2026-07-12 22:00:00,52.5,Talkatora DIC,37.11,37.661100275830265
2026-07-12 23:00:00,31.06,Talkatora DIC,54.14,30.48401892246917
2026-07-13 00:00:00,19.43,Talkatora DIC,62.09,27.547123419525512
2026-07-13 01:00:00,17.66,Talkatora DIC,49.52,25.91338310314928
2026-07-13 02:00:00,21.63,Talkatora DIC,43.15,26.753135783368673
2026-07-13 03:00:00,21.55,Talkatora DIC,39.39,25.809529269648497
2026-07-13 04:00:00,18.95,Talkatora DIC,36.67,24.744789002849004
2026-07-13 05:00:00,22.02,Talkatora DIC,42.84,25.704859201432118
2026-07-13 06:00:00,28.81,Talkatora DIC,48.42,25.64034715148686
2026-07-13 07:00:00,33.42,Talkatora DIC,51.61,29.007887401401767
2026-07-13 08:00:00,36.43,Talkatora DIC,61.76,30.957298977854226
2026-07-13 09:00:00,36.03,Talkatora DIC,61.91,31.486785088776074
2026-07-13 10:00:00,35.37,Talkatora DIC,59.59,35.281282036184436
2026-07-13 11:00:00,41.97,Talkatora DIC,67.47,38.288146946874306
2026-07-13 12:00:00,47.66,Talkatora DIC,71.97,39.83605892744318
2026-07-13 13:00:00,44.44,Talkatora DIC,71.75,39.27007097226406
2026-07-13 14:00:00,48.54,Talkatora DIC,72.87,39.153263377120616
2026-07-13 15:00:00,52.45,Talkatora DIC,63.06,39.37319081806553
2026-07-13 16:00:00,50.26,Talkatora DIC,49.2,40.53060990133113
2026-07-13 17:00:00,53.07,Talkatora DIC,48.29,36.852086653291245
2026-07-13 18:00:00,52.79,Talkatora DIC,49.79,34.5220724203508
2026-07-13 19:00:00,51.42,Talkatora DIC,44.4,33.55017576018579
2026-07-13 20:00:00,46.71,Talkatora DIC,38.82,31.346352915012666
2026-07-13 21:00:00,34.14,Talkatora DIC,39.2,32.766317592586944
2026-07-13 22:00:00,37.11,Talkatora DIC,43.75,34.822466310467355
2026-07-13 23:00:00,54.14,Talkatora DIC,52.28,36.78546253847846
2026-07-14 00:00:00,62.09,Talkatora DIC,50.41,29.6661560219901
2026-07-14 01:00:00,49.52,Talkatora DIC,40.2,29.756714998695244
2026-07-14 02:00:00,43.15,Talkatora DIC,24.17,29.525681737039662
2026-07-14 03:00:00,39.39,Talkatora DIC,20.36,29.020788151837962
2026-07-14 04:00:00,36.67,Talkatora DIC,28.95,27.359562399965192
2026-07-14 05:00:00,42.84,Talkatora DIC,31.83,29.157560732136645
2026-07-14 06:00:00,48.42,Talkatora DIC,33.36,33.075152143254314
2026-07-14 07:00:00,51.61,Talkatora DIC,38.57,33.08411864385263
2026-07-14 08:00:00,61.76,Talkatora DIC,59.92,37.201864520870075
2026-07-14 09:00:00,61.91,Talkatora DIC,52.32,39.38833860518858
2026-07-14 10:00:00,59.59,Talkatora DIC,52.45,40.436583046325744
2026-07-14 11:00:00,67.47,Talkatora DIC,62.03,40.09589386111909
2026-07-14 12:00:00,71.97,Talkatora DIC,4.8,39.931319869602945
2026-07-14 13:00:00,71.75,Talkatora DIC,4.33,43.783544389373944
2026-07-14 14:00:00,72.87,Talkatora DIC,3.85,46.75092743124153
2026-07-14 15:00:00,63.06,Talkatora DIC,41.33,45.90127939131848
2026-07-14 16:00:00,49.2,Talkatora DIC,58.5,42.771243231350475
2026-07-14 17:00:00,48.29,Talkatora DIC,63.92,39.04202706362976
2026-07-14 18:00:00,49.79,Talkatora DIC,67.68,38.512243837442526
2026-07-14 19:00:00,44.4,Talkatora DIC,67.16,37.961263546509706
2026-07-14 20:00:00,38.82,Talkatora DIC,70.83,37.54508891929332
2026-07-14 21:00:00,39.2,Talkatora DIC,63.67,37.67153145155565
2026-07-14 22:00:00,43.75,Talkatora DIC,58.0,35.56969473100428
2026-07-14 23:00:00,52.28,Talkatora DIC,66.2,34.76064413179558
2026-07-15 00:00:00,50.41,Talkatora DIC,59.5,32.117139872286074
2026-07-15 01:00:00,40.2,Talkatora DIC,46.61,31.446856842801438
2026-07-15 02:00:00,24.17,Talkatora DIC,41.65,29.75396017644794
2026-07-15 03:00:00,20.36,Talkatora DIC,34.33,25.807334514101047
2026-07-15 04:00:00,28.95,Talkatora DIC,29.74,23.96623760582011
2026-07-15 05:00:00,31.83,Talkatora DIC,29.23,26.372217663817676
2026-07-15 06:00:00,33.36,Talkatora DIC,26.07,27.360758531612174
2026-07-15 07:00:00,38.57,Talkatora DIC,21.99,29.51669279618866
2026-07-15 08:00:00,59.92,Talkatora DIC,21.08,34.80700184014384
2026-07-15 09:00:00,52.32,Talkatora DIC,21.45,42.85226433656957
2026-07-15 11:00:00,62.03,Talkatora DIC,16.0,41.262099653282455
2026-07-15 12:00:00,4.8,Talkatora DIC,43.86,40.976797864307706
2026-07-15 13:00:00,4.33,Talkatora DIC,36.45,35.44273214811422
2026-07-15 14:00:00,3.85,Talkatora DIC,32.0,35.9562038675354
2026-07-15 15:00:00,41.33,Talkatora DIC,34.56,35.306628299560934
2026-07-15 16:00:00,58.5,Talkatora DIC,39.61,39.386866398076066
2026-07-15 17:00:00,63.92,Talkatora DIC,46.47,39.377017807612205
2026-07-15 18:00:00,67.68,Talkatora DIC,36.9,39.38206973456022
2026-07-15 19:00:00,67.16,Talkatora DIC,25.85,38.621955399831656
2026-07-15 20:00:00,70.83,Talkatora DIC,20.33,39.12795654344192
2026-07-15 21:00:00,63.67,Talkatora DIC,23.03,40.34638016778057
2026-07-15 23:00:00,66.2,Talkatora DIC,29.42,34.29047451460418
2026-07-16 00:00:00,59.5,Talkatora DIC,19.5,35.80026579365079
2026-07-16 01:00:00,46.61,Talkatora DIC,24.33,35.281652619047605
2026-07-16 02:00:00,41.65,Talkatora DIC,29.84,35.126693365737566
2026-07-16 03:00:00,34.33,Talkatora DIC,25.45,31.725043524740997
2026-07-16 04:00:00,29.74,Talkatora DIC,22.74,31.839984116558178
2026-07-16 05:00:00,29.23,Talkatora DIC,19.75,31.85043820021643
2026-07-16 06:00:00,26.07,Talkatora DIC,14.14,34.54585862914864
2026-07-16 07:00:00,21.99,Talkatora DIC,21.18,35.21657038910812
2026-07-16 08:00:00,21.08,Talkatora DIC,25.32,39.57747224004574
2026-07-16 09:00:00,21.45,Talkatora DIC,27.82,38.93103444624817
2026-07-16 10:00:00,,Talkatora DIC,35.1,36.612212853833825
2026-07-24 18:00:00,25.81,Talkatora DIC,18.13,25.698384508538837
2026-07-24 19:00:00,29.12,Talkatora DIC,21.91,26.98226790100483
2026-07-24 22:00:00,21.33,Talkatora DIC,26.01,26.808245051899608
2026-07-24 23:00:00,22.63,Talkatora DIC,25.29,20.361425776998477
2026-07-25 00:00:00,,Talkatora DIC,28.89,22.000214238653506
2026-07-30 12:00:00,45.06,Talkatora DIC,35.92,35.13685196940472
2026-07-30 13:00:00,42.42,Talkatora DIC,38.07,35.17259436217366
2026-07-30 14:00:00,30.99,Talkatora DIC,31.44,35.78365448077071
2026-07-30 15:00:00,30.87,Talkatora DIC,32.93,33.862676660013
2026-07-30 16:00:00,29.24,Talkatora DIC,41.75,32.58342058771006
2026-07-30 17:00:00,32.88,Talkatora DIC,32.81,31.76871845215255
2026-07-30 18:00:00,30.74,Talkatora DIC,29.96,30.811668550774453
2026-07-30 19:00:00,34.2,Talkatora DIC,20.85,30.75268947234412
2026-07-30 20:00:00,34.67,Talkatora DIC,23.83,32.1427285062862
2026-07-30 21:00:00,37.66,Talkatora DIC,24.15,32.79512453511242
2026-07-30 22:00:00,30.51,Talkatora DIC,24.47,31.327485632667305
2026-07-30 23:00:00,27.02,Talkatora DIC,20.33,31.405639609236058
2026-07-31 00:00:00,20.85,Talkatora DIC,20.37,27.32729175308779
2026-07-31 01:00:00,14.25,Talkatora DIC,15.62,25.519648203304133
2026-07-31 02:00:00,15.19,Talkatora DIC,11.97,24.413725270617647
2026-07-31 03:00:00,26.1,Talkatora DIC,11.94,24.546541518529402
2026-07-31 04:00:00,23.89,Talkatora DIC,18.39,23.84465692529896
2026-07-31 05:00:00,19.29,Talkatora DIC,27.38,23.765706170238683
2026-07-31 06:00:00,20.01,Talkatora DIC,20.03,26.326169710811204
2026-07-31 07:00:00,14.83,Talkatora DIC,22.41,27.061095170568336
2026-07-31 08:00:00,27.19,Talkatora DIC,21.63,29.830238301045803
2026-07-31 09:00:00,31.83,Talkatora DIC,27.71,34.61836101104389
2026-07-31 10:00:00,32.43,Talkatora DIC,37.34,36.10249030024676
2026-07-31 11:00:00,33.38,Talkatora DIC,40.71,34.67435089073129
2026-07-31 12:00:00,35.92,Talkatora DIC,43.54,33.32934799305379
2026-07-31 13:00:00,38.07,Talkatora DIC,35.14,32.23804660054882
2026-07-31 14:00:00,31.44,Talkatora DIC,25.84,29.56472888766586
2026-07-31 15:00:00,32.93,Talkatora DIC,27.6,28.41944981940486
2026-07-31 16:00:00,41.75,Talkatora DIC,35.66,29.075546283753738
2026-07-31 17:00:00,32.81,Talkatora DIC,31.19,29.020082318928957
2026-07-31 18:00:00,29.96,Talkatora DIC,41.49,28.945279363512334
2026-07-31 19:00:00,20.85,Talkatora DIC,37.33,29.637779595758627
2026-07-31 20:00:00,23.83,Talkatora DIC,31.51,33.17265662713118
2026-07-31 21:00:00,24.15,Talkatora DIC,43.45,31.39297513035334
2026-07-31 22:00:00,24.47,Talkatora DIC,40.34,29.492969077359213
2026-07-31 23:00:00,20.33,Talkatora DIC,30.62,28.523037430438652
2026-08-01 01:00:00,15.62,Talkatora DIC,22.34,26.703082066944624
2026-08-01 02:00:00,11.97,Talkatora DIC,26.55,25.100884332796866
2026-08-01 03:00:00,11.94,Talkatora DIC,20.56,25.787065858947525
2026-08-01 04:00:00,18.39,Talkatora DIC,26.58,27.574795355144584
2026-08-01 05:00:00,27.38,Talkatora DIC,18.44,27.151237865572725
2026-08-01 06:00:00,20.03,Talkatora DIC,29.76,28.599099243718573
2026-08-01 07:00:00,22.41,Talkatora DIC,36.08,27.062560610007857
2026-08-01 09:00:00,27.71,Talkatora DIC,29.1,34.50448494888381
2026-08-01 10:00:00,37.34,Talkatora DIC,32.35,32.30244795538856
2026-08-01 11:00:00,40.71,Talkatora DIC,32.65,31.908930203961567
2026-08-01 12:00:00,43.54,Talkatora DIC,26.95,32.37334201521344
2026-08-01 13:00:00,35.14,Talkatora DIC,17.13,31.135299579630203
2026-08-01 14:00:00,25.84,Talkatora DIC,16.3,31.989142944634843
2026-08-01 15:00:00,27.6,Talkatora DIC,24.23,31.27351958486659
2026-08-01 16:00:00,35.66,Talkatora DIC,26.67,29.13410578354796
2026-08-01 17:00:00,31.19,Talkatora DIC,28.16,28.02673445138585
2026-08-01 18:00:00,41.49,Talkatora DIC,32.46,27.53725141134906
2026-08-01 19:00:00,37.33,Talkatora DIC,33.24,32.048123371580964
2026-08-01 22:00:00,40.34,Talkatora DIC,25.87,33.3918796952501
2026-08-01 23:00:00,30.62,Talkatora DIC,26.99,32.98366854356244
2026-08-02 00:00:00,25.37,Talkatora DIC,28.85,31.231069073803514
2026-08-02 01:00:00,22.34,Talkatora DIC,26.93,28.682054660891147
2026-08-02 02:00:00,26.55,Talkatora DIC,18.89,27.94775895680044
2026-08-02 03:00:00,20.56,Talkatora DIC,13.46,26.62905167901118
2026-08-02 04:00:00,26.58,Talkatora DIC,9.53,29.252151321212338
2026-08-02 05:00:00,18.44,Talkatora DIC,7.77,28.480143744099447
2026-08-02 06:00:00,29.76,Talkatora DIC,8.04,29.21382309565631
2026-08-02 07:00:00,36.08,Talkatora DIC,6.99,29.365303160841165
2026-08-02 08:00:00,34.04,Talkatora DIC,22.18,30.769865915426713
2026-08-02 09:00:00,29.1,Talkatora DIC,27.94,30.475467098459617
2026-08-02 10:00:00,32.35,Talkatora DIC,23.26,34.099425043055234
2026-08-02 11:00:00,32.65,Talkatora DIC,18.4,36.2833039824889
2026-08-02 12:00:00,26.95,Talkatora DIC,23.58,35.1999224060111
2026-08-02 13:00:00,17.13,Talkatora DIC,18.87,32.304370836836846
2026-08-02 14:00:00,16.3,Talkatora DIC,14.94,33.835106178877204
2026-08-02 15:00:00,24.23,Talkatora DIC,19.35,31.405456116232198
2026-08-02 16:00:00,26.67,Talkatora DIC,20.06,32.58034254516062
2026-08-02 17:00:00,28.16,Talkatora DIC,17.56,32.88294217896151
2026-08-02 18:00:00,32.46,Talkatora DIC,27.43,33.57263474638076
2026-08-02 19:00:00,33.24,Talkatora DIC,26.58,30.577512764013264
2026-08-02 20:00:00,24.7,Talkatora DIC,21.55,30.436576604789558
2026-08-02 21:00:00,30.93,Talkatora DIC,22.91,33.63691731316789
2026-08-02 22:00:00,25.87,Talkatora DIC,21.29,32.32904979104672
2026-08-02 23:00:00,26.99,Talkatora DIC,20.06,31.086788311850178
2026-08-03 00:00:00,28.85,Talkatora DIC,23.27,30.395623394855907
2026-08-03 01:00:00,26.93,Talkatora DIC,16.4,31.4425507709733
2026-08-03 02:00:00,18.89,Talkatora DIC,11.91,30.22573150511708
2026-08-03 03:00:00,13.46,Talkatora DIC,13.64,26.949513094782798
2026-08-03 04:00:00,9.53,Talkatora DIC,16.27,23.052484612437276
2026-08-03 05:00:00,7.77,Talkatora DIC,13.23,19.931998986592205
2026-08-03 06:00:00,8.04,Talkatora DIC,9.61,23.8439224896869
2026-08-03 07:00:00,6.99,Talkatora DIC,30.18,25.199694398357625
2026-08-03 08:00:00,22.18,Talkatora DIC,28.25,26.241047101913978
2026-08-03 09:00:00,27.94,Talkatora DIC,17.89,30.855669581630718
2026-08-03 10:00:00,23.26,Talkatora DIC,35.08,31.90425693285522
2026-08-03 12:00:00,23.58,Talkatora DIC,22.53,26.918821216186696
2026-08-03 13:00:00,18.87,Talkatora DIC,15.68,26.655048613536973
2026-08-03 14:00:00,14.94,Talkatora DIC,12.01,22.52909466377415
2026-08-03 15:00:00,19.35,Talkatora DIC,9.04,24.515303620754445
2026-08-03 16:00:00,20.06,Talkatora DIC,20.94,25.0503410222402
2026-08-03 17:00:00,17.56,Talkatora DIC,23.57,26.627668092642054
2026-08-03 18:00:00,27.43,Talkatora DIC,18.71,28.20215765673869
2026-08-03 19:00:00,26.58,Talkatora DIC,16.97,30.838770640928427
2026-08-03 20:00:00,21.55,Talkatora DIC,20.67,29.557869986952458
2026-08-03 21:00:00,22.91,Talkatora DIC,23.95,27.356050294734885
2026-08-03 22:00:00,21.29,Talkatora DIC,27.71,27.522707888524685
2026-08-03 23:00:00,20.06,Talkatora DIC,20.66,25.410522909441994
2026-08-04 00:00:00,23.27,Talkatora DIC,13.31,23.758245760737164
2026-08-04 01:00:00,16.4,Talkatora DIC,13.76,25.404032669433352
2026-08-04 02:00:00,11.91,Talkatora DIC,10.31,20.823833704519195
2026-08-04 03:00:00,13.64,Talkatora DIC,8.83,17.931914301938075
2026-08-04 04:00:00,16.27,Talkatora DIC,8.12,16.26899792152231
2026-08-04 05:00:00,13.23,Talkatora DIC,11.67,16.388659065504676
2026-08-04 06:00:00,9.61,Talkatora DIC,15.96,17.342485593924458
2026-08-04 07:00:00,30.18,Talkatora DIC,14.74,20.851919774106594
2026-08-04 08:00:00,28.25,Talkatora DIC,17.98,30.30463729663636
2026-08-04 09:00:00,17.89,Talkatora DIC,19.45,30.587110514293332
2026-08-04 10:00:00,35.08,Talkatora DIC,28.83,28.530561475211865
2026-08-04 11:00:00,26.06,Talkatora DIC,23.33,29.734156835072124
2026-08-04 12:00:00,22.53,Talkatora DIC,27.91,28.125678961973172
2026-08-04 13:00:00,15.68,Talkatora DIC,34.88,25.795572977662733
2026-08-04 14:00:00,12.01,Talkatora DIC,31.16,19.684545946263434
2026-08-04 15:00:00,9.04,Talkatora DIC,21.97,21.966500504268517
2026-08-04 16:00:00,20.94,Talkatora DIC,14.22,23.594285915920818
2026-08-04 17:00:00,23.57,Talkatora DIC,13.83,23.43851499675146
2026-08-04 18:00:00,18.71,Talkatora DIC,23.13,27.923145907879807
2026-08-04 19:00:00,16.97,Talkatora DIC,20.83,25.851729810220558
2026-08-04 23:00:00,20.66,Talkatora DIC,98.9,29.010212629599742
2026-08-05 00:00:00,13.31,Talkatora DIC,35.77,25.284365343577974
2026-08-05 01:00:00,13.76,Talkatora DIC,23.13,20.4822654311386
2026-08-05 02:00:00,10.31,Talkatora DIC,13.97,18.642937397835105
2026-08-05 03:00:00,8.83,Talkatora DIC,10.03,15.399578750876566
2026-08-05 04:00:00,8.12,Talkatora DIC,7.45,15.788629899405617
2026-08-05 05:00:00,11.67,Talkatora DIC,5.76,16.31984226251483
2026-08-05 06:00:00,15.96,Talkatora DIC,5.52,21.047265452683522
2026-08-05 07:00:00,14.74,Talkatora DIC,14.43,25.140677241017173
2026-08-05 08:00:00,17.98,Talkatora DIC,12.62,26.534187303914468
2026-08-05 09:00:00,19.45,Talkatora DIC,14.82,24.023527017813585
2026-08-05 10:00:00,28.83,Talkatora DIC,15.94,30.419523208479653
2026-08-05 11:00:00,23.33,Talkatora DIC,20.33,28.99747546434887
2026-08-05 12:00:00,27.91,Talkatora DIC,17.39,31.440017804211518
2026-08-05 13:00:00,34.88,Talkatora DIC,12.99,25.18669423629038
2026-08-05 14:00:00,31.16,Talkatora DIC,24.11,25.66126088191682
2026-08-05 15:00:00,21.97,Talkatora DIC,18.88,29.874945468039073
2026-08-05 16:00:00,14.22,Talkatora DIC,16.13,27.690438361614362
2026-08-05 17:00:00,13.83,Talkatora DIC,13.53,25.50977720360885
2026-08-05 18:00:00,23.13,Talkatora DIC,11.01,23.496730788979296
2026-08-05 19:00:00,20.83,Talkatora DIC,8.49,27.684945000010895
2026-08-05 20:00:00,,Talkatora DIC,13.62,26.172078358411486
2026-08-10 12:00:00,48.03,Talkatora DIC,31.4,35.352036638841255
2026-08-10 13:00:00,42.37,Talkatora DIC,33.82,34.63286455624945
2026-08-10 14:00:00,37.15,Talkatora DIC,37.26,31.172694621586235
2026-08-10 15:00:00,37.06,Talkatora DIC,38.48,32.118335153480075
2026-08-10 16:00:00,36.68,Talkatora DIC,40.77,33.08395055332088
2026-08-10 17:00:00,28.1,Talkatora DIC,32.2,31.9632138232015
2026-08-10 18:00:00,22.56,Talkatora DIC,29.43,32.837265420032196
2026-08-10 19:00:00,23.75,Talkatora DIC,33.71,29.481468869008733
2026-08-10 20:00:00,30.91,Talkatora DIC,33.07,28.45378129847229
2026-08-10 21:00:00,30.1,Talkatora DIC,30.43,29.662956799838412
2026-08-10 22:00:00,27.58,Talkatora DIC,34.44,29.93773801129284
2026-08-10 23:00:00,28.57,Talkatora DIC,38.52,31.79563229412309
2026-08-11 00:00:00,24.36,Talkatora DIC,23.41,27.54731475223418
2026-08-11 01:00:00,23.02,Talkatora DIC,19.15,24.882368101216088
2026-08-11 02:00:00,26.14,Talkatora DIC,20.5,25.916697061565447
2026-08-11 03:00:00,22.37,Talkatora DIC,20.99,26.03644797544468
2026-08-11 04:00:00,22.76,Talkatora DIC,14.7,25.44104335796744
2026-08-11 05:00:00,27.32,Talkatora DIC,12.06,28.405051844655972
2026-08-11 06:00:00,31.76,Talkatora DIC,14.98,34.21569371478045
2026-08-11 07:00:00,37.54,Talkatora DIC,17.85,35.98033109256537
2026-08-11 08:00:00,35.87,Talkatora DIC,13.31,37.64676064991317
2026-08-11 09:00:00,30.43,Talkatora DIC,14.41,37.578704054028414
2026-08-11 10:00:00,36.32,Talkatora DIC,32.21,37.034117242384944
2026-08-11 11:00:00,38.21,Talkatora DIC,46.11,37.17794576248891
2026-08-11 12:00:00,31.4,Talkatora DIC,47.84,34.68928882055468
2026-08-11 13:00:00,33.82,Talkatora DIC,49.97,31.74675490855696
2026-08-11 14:00:00,37.26,Talkatora DIC,58.22,30.59564690781474
2026-08-11 15:00:00,38.48,Talkatora DIC,63.1,32.06578251338238
2026-08-11 16:00:00,40.77,Talkatora DIC,60.46,33.46734587653735
2026-08-11 17:00:00,32.2,Talkatora DIC,58.85,34.339354482237276
2026-08-11 18:00:00,29.43,Talkatora DIC,49.22,33.279986289933994
2026-08-11 19:00:00,33.71,Talkatora DIC,47.52,32.20310904302722
2026-08-11 20:00:00,33.07,Talkatora DIC,51.04,30.12133968211662
2026-08-11 21:00:00,30.43,Talkatora DIC,53.54,30.94080395783723
2026-08-11 22:00:00,34.44,Talkatora DIC,52.69,32.412989151863194
2026-08-11 23:00:00,38.52,Talkatora DIC,55.46,33.39894556450865
2026-08-12 00:00:00,23.41,Talkatora DIC,54.87,32.28695285856428
2026-08-12 01:00:00,19.15,Talkatora DIC,52.57,26.908381677503016
2026-08-12 02:00:00,20.5,Talkatora DIC,53.25,26.091339347010045
2026-08-12 03:00:00,20.99,Talkatora DIC,46.22,26.46772599020213
2026-08-12 04:00:00,14.7,Talkatora DIC,42.81,26.25994703517567
2026-08-12 05:00:00,12.06,Talkatora DIC,43.9,24.19412082040602
2026-08-12 06:00:00,14.98,Talkatora DIC,42.5,23.841960570948284
2026-08-12 07:00:00,17.85,Talkatora DIC,43.23,24.552414154517326
2026-08-12 08:00:00,13.31,Talkatora DIC,45.81,29.624733544117454
2026-08-12 09:00:00,14.41,Talkatora DIC,45.27,27.399793367100592
2026-08-12 10:00:00,32.21,Talkatora DIC,47.28,30.251142178215755
2026-08-12 11:00:00,46.11,Talkatora DIC,48.37,34.34292656523146
2026-08-12 12:00:00,47.84,Talkatora DIC,46.55,36.44597042824338
2026-08-12 13:00:00,49.97,Talkatora DIC,40.28,35.44874029244885
2026-08-12 14:00:00,58.22,Talkatora DIC,41.06,33.86934939019612
2026-08-12 15:00:00,63.1,Talkatora DIC,41.38,31.85485214408484
2026-08-12 16:00:00,60.46,Talkatora DIC,45.19,27.94922665401559
2026-08-12 17:00:00,58.85,Talkatora DIC,52.13,25.814094765353992
2026-08-12 18:00:00,49.22,Talkatora DIC,54.66,26.72473455926641
2026-08-12 19:00:00,47.52,Talkatora DIC,55.47,26.08476007462955
2026-08-12 23:00:00,55.46,Talkatora DIC,45.85,37.967045631312835
2026-08-13 00:00:00,54.87,Talkatora DIC,44.37,33.901818068783015
2026-08-13 01:00:00,52.57,Talkatora DIC,43.23,30.224262783804722
2026-08-13 02:00:00,53.25,Talkatora DIC,51.45,30.966773027671987
2026-08-13 03:00:00,46.22,Talkatora DIC,54.71,31.34860681555077
2026-08-13 04:00:00,42.81,Talkatora DIC,43.21,30.78003749582289
2026-08-13 05:00:00,43.9,Talkatora DIC,34.4,29.675341860902257
2026-08-13 06:00:00,42.5,Talkatora DIC,30.26,29.09060428404932
2026-08-13 07:00:00,43.23,Talkatora DIC,27.73,29.851889175464336
2026-08-13 08:00:00,45.81,Talkatora DIC,29.26,32.21781536963055
2026-08-13 09:00:00,45.27,Talkatora DIC,39.84,33.45929877468681
2026-08-23 16:00:00,18.04,Talkatora DIC,22.01,34.738161542338254
2026-08-23 17:00:00,24.56,Talkatora DIC,23.1,26.053709034391535
2026-08-23 18:00:00,23.98,Talkatora DIC,18.81,29.924931634077996
2026-08-23 19:00:00,14.61,Talkatora DIC,25.83,30.65006894788064
2026-08-23 20:00:00,16.36,Talkatora DIC,29.72,28.377777522847524
2026-08-23 21:00:00,21.18,Talkatora DIC,36.38,26.040100662111353
2026-08-23 22:00:00,14.63,Talkatora DIC,36.63,27.012208637566136
2026-08-23 23:00:00,10.57,Talkatora DIC,21.91,21.894315143097632
2026-08-24 00:00:00,19.51,Talkatora DIC,14.8,21.453835504379384
2026-08-24 01:00:00,13.88,Talkatora DIC,18.34,23.57347977809859
2026-08-24 02:00:00,13.96,Talkatora DIC,14.29,18.187038539142794
2026-08-24 03:00:00,13.01,Talkatora DIC,10.28,15.71083214170975
2026-08-24 04:00:00,13.86,Talkatora DIC,13.69,18.536301421925177
2026-08-24 05:00:00,11.45,Talkatora DIC,17.14,18.05914047156606
2026-08-24 06:00:00,14.87,Talkatora DIC,21.43,16.748942230415132
2026-08-24 07:00:00,10.54,Talkatora DIC,13.83,16.815447366597844
2026-08-24 08:00:00,13.73,Talkatora DIC,25.26,19.860041822357907
2026-08-24 09:00:00,18.79,Talkatora DIC,23.31,22.150661808300253
2026-08-24 10:00:00,28.4,Talkatora DIC,20.35,25.267071063164547
2026-08-24 11:00:00,17.18,Talkatora DIC,36.78,31.44661479442874
2026-08-24 12:00:00,26.67,Talkatora DIC,31.9,18.027975851172698
2026-08-24 13:00:00,32.03,Talkatora DIC,25.23,28.737108918485465
2026-08-24 14:00:00,33.48,Talkatora DIC,15.62,26.274924578555492
2026-08-24 15:00:00,25.69,Talkatora DIC,24.86,27.621928161375653
2026-08-24 16:00:00,22.01,Talkatora DIC,15.91,25.957419493924977
2026-08-24 17:00:00,23.1,Talkatora DIC,18.05,25.717851251662267
2026-08-24 18:00:00,18.81,Talkatora DIC,21.16,26.08261928375232
2026-08-24 19:00:00,25.83,Talkatora DIC,22.72,19.651745293040292
2026-08-24 20:00:00,29.72,Talkatora DIC,15.49,25.520409488177506
2026-08-24 21:00:00,36.38,Talkatora DIC,15.84,27.594169998054912
2026-08-24 22:00:00,36.63,Talkatora DIC,17.07,26.880625148643023
2026-08-24 23:00:00,21.91,Talkatora DIC,23.3,26.701026359798934
2026-08-25 00:00:00,14.8,Talkatora DIC,16.87,23.260209428474262
2026-08-25 01:00:00,18.34,Talkatora DIC,18.94,18.47911675316658
2026-08-25 02:00:00,14.29,Talkatora DIC,15.03,15.441614683146918
2026-08-25 03:00:00,10.28,Talkatora DIC,15.61,14.789622650929674
2026-08-25 04:00:00,13.69,Talkatora DIC,13.08,14.512598356498234
2026-08-25 05:00:00,17.14,Talkatora DIC,14.05,13.963820434628026
2026-08-25 06:00:00,21.43,Talkatora DIC,15.41,15.881178159750009
2026-08-25 07:00:00,13.83,Talkatora DIC,19.42,17.568251817611603
2026-08-25 08:00:00,25.26,Talkatora DIC,28.29,15.93160346220812
2026-08-25 09:00:00,23.31,Talkatora DIC,28.92,28.376565801286784
2026-08-25 10:00:00,20.35,Talkatora DIC,31.06,30.09164515078926
2026-08-25 11:00:00,36.78,Talkatora DIC,30.68,22.407582948585
2026-08-25 13:00:00,25.23,Talkatora DIC,8.43,26.876659220615387
2026-08-25 14:00:00,15.62,Talkatora DIC,22.34,29.47522455315262
2026-08-25 15:00:00,24.86,Talkatora DIC,21.34,25.21557649034643
2026-08-26 10:00:00,31.06,Talkatora DIC,42.36,31.270302168102415
2026-08-26 11:00:00,30.68,Talkatora DIC,37.76,31.117756487061282
2026-08-26 12:00:00,,Talkatora DIC,36.96,30.30065474913006
2026-08-30 07:00:00,19.5,Talkatora DIC,13.29,17.185231580067537
2026-08-30 08:00:00,15.09,Talkatora DIC,11.5,20.761423967248522
2026-08-30 09:00:00,11.36,Talkatora DIC,15.76,20.739647896825428
2026-08-30 10:00:00,12.09,Talkatora DIC,21.53,23.059101356698875
2026-08-30 11:00:00,10.5,Talkatora DIC,22.9,22.19865241657698
2026-08-30 12:00:00,10.08,Talkatora DIC,20.45,20.706487913772264
2026-08-30 13:00:00,13.89,Talkatora DIC,14.71,21.12561223424724
2026-08-30 14:00:00,11.68,Talkatora DIC,13.68,19.659014210968753
2026-08-30 15:00:00,9.81,Talkatora DIC,17.16,20.9175326309612
2026-08-30 16:00:00,8.39,Talkatora DIC,20.62,18.39869400245974
2026-08-30 17:00:00,8.98,Talkatora DIC,20.94,19.897553698984282
2026-08-30 18:00:00,11.6,Talkatora DIC,27.27,19.84547560001189
2026-08-30 19:00:00,10.3,Talkatora DIC,27.26,20.6905884849121
2026-08-30 20:00:00,13.45,Talkatora DIC,24.5,19.934825096291732
2026-08-30 21:00:00,17.8,Talkatora DIC,23.74,19.500744292871232
2026-08-30 22:00:00,17.79,Talkatora DIC,25.72,21.810772687830685
2026-08-30 23:00:00,14.49,Talkatora DIC,24.41,17.21945547313798
