priority_rank,Timestamp,PM2.5 (µg/m³),predicted_pm25_24h,is_anomaly,risk_score,risk_category,inspection_priority_score,priority_level
1,2026-01-16 21:00:00,268.0,118.79282467634206,1,83.75856493526841,Critical,87.00685194821473,Urgent
2,2026-01-04 21:00:00,211.25,112.51317279437703,1,82.5026345588754,Critical,86.00210764710032,Urgent
3,2026-02-16 23:00:00,206.25,110.03935039729423,1,82.00787007945884,Critical,85.60629606356707,Urgent
4,2026-01-16 23:00:00,285.0,109.3511767810621,1,81.87023535621242,Critical,85.49618828496993,Urgent
5,2026-01-16 22:00:00,284.25,107.64874468049604,1,81.52974893609921,Critical,85.22379914887937,Urgent
6,2026-01-17 00:00:00,284.75,96.84567882275134,1,79.36913576455026,Critical,83.49530861164021,Urgent
7,2026-01-17 13:00:00,235.0,95.7765509065934,1,79.15531018131868,Critical,83.32424814505495,Urgent
8,2026-04-01 01:00:00,200.0,95.60789690690738,1,79.12157938138148,Critical,83.29726350510518,Urgent
9,2026-01-15 08:00:00,261.0,95.52715529677089,1,79.10543105935417,Critical,83.28434484748334,Urgent
10,2026-01-17 04:00:00,284.75,92.80224826575932,1,78.56044965315186,Critical,82.8483597225215,Urgent
11,2026-01-17 03:00:00,284.5,92.31301556776558,1,78.46260311355312,Critical,82.7700824908425,Urgent
12,2026-01-17 07:00:00,284.75,90.75927779812777,1,78.15185555962555,Critical,82.52148444770043,Urgent
13,2026-01-17 06:00:00,284.75,90.73674916056164,1,78.14734983211233,Critical,82.51787986568986,Urgent
14,2026-01-17 05:00:00,284.75,90.28977306734659,1,78.05795461346932,Critical,82.44636369077546,Urgent
15,2026-01-17 01:00:00,284.75,90.06136467236469,1,78.01227293447293,Critical,82.40981834757835,Urgent
16,2026-02-16 22:00:00,192.75,95.67970596405688,1,77.68594119281137,Critical,82.14875295424909,Urgent
17,2026-05-17 20:00:00,293.75,88.02729804780074,1,77.60545960956014,Critical,82.08436768764813,Urgent
18,2026-01-18 06:00:00,234.5,86.32367659171072,1,77.26473531834215,Critical,81.81178825467373,Urgent
19,2026-02-17 00:00:00,192.25,93.12368617517242,1,77.07473723503449,Critical,81.6597897880276,Urgent
20,2026-01-17 02:00:00,284.75,85.27781610659875,1,77.05556322131974,Critical,81.6444505770558,Urgent
21,2026-01-18 05:00:00,218.5,82.10747277151206,1,76.42149455430241,Critical,81.13719564344194,Urgent
22,2026-04-23 16:00:00,200.0,78.00274528483355,1,75.60054905696671,Critical,80.48043924557336,Urgent
23,2026-05-18 09:00:00,185.0,89.29789561804436,1,74.85957912360888,High,79.8876632988871,Urgent
24,2026-05-28 13:00:00,104.0,166.2765236709198,1,74.05530473418396,High,79.24424378734717,Urgent
25,2026-01-04 22:00:00,160.0,109.70582440215651,1,73.9411648804313,High,79.15293190434505,Urgent
26,2026-01-16 20:00:00,159.25,108.00813566172378,1,73.45162713234475,High,78.76130170587581,Urgent
27,2026-05-17 14:00:00,295.25,67.18750855811832,1,73.43750171162367,High,78.75000136929893,Urgent
28,2026-04-29 14:00:00,209.5,67.08108847501728,1,73.41621769500345,High,78.73297415600277,Urgent
29,2026-05-17 17:00:00,293.5,65.85719837624836,1,73.17143967524967,High,78.53715174019973,Urgent
30,2026-01-10 21:00:00,154.25,108.79352634629045,1,72.6087052692581,High,78.08696421540648,Urgent
31,2026-01-04 20:00:00,154.5,108.39041551015151,1,72.5780831020303,High,78.06246648162426,Urgent
32,2026-01-10 23:00:00,155.75,106.81987654230822,1,72.51397530846165,High,78.01118024676933,Urgent
33,2026-02-24 01:00:00,159.0,102.01362043905443,1,72.20272408781089,High,77.76217927024871,Urgent
34,2026-04-23 15:00:00,207.75,59.489416726154595,1,71.89788334523092,High,77.51830667618475,Urgent
35,2026-03-25 17:00:00,318.75,51.23398841407913,1,70.24679768281582,High,76.19743814625267,Urgent
36,2026-01-17 22:00:00,140.0,110.37911031746029,1,70.07582206349205,High,76.06065765079364,Urgent
37,2026-01-18 02:00:00,145.5,104.31400555464126,1,69.96280111092825,High,75.97024088874261,Urgent
38,2026-01-13 23:00:00,140.5,107.45109754387657,1,69.5902195087753,High,75.67217560702025,Urgent
39,2026-03-15 07:00:00,196.5,50.93856038242998,1,69.487712076486,High,75.59016966118881,Urgent
40,2026-08-02 17:00:00,683.0,47.31054842592593,1,69.46210968518518,High,75.56968774814814,Urgent
41,2026-08-02 15:00:00,486.0,46.75268242063492,1,69.35053648412699,High,75.4804291873016,Urgent
42,2026-01-10 22:00:00,132.0,114.11347679636633,1,69.22269535927327,High,75.37815628741862,Urgent
43,2026-01-15 21:00:00,146.75,98.86371518865471,1,69.12274303773094,High,75.29819443018476,Urgent
44,2026-08-02 16:00:00,486.0,45.56105649470901,1,69.1122112989418,High,75.28976903915344,Urgent
45,2026-08-02 14:00:00,485.5,45.52978671296295,1,69.10595734259259,High,75.28476587407408,Urgent
46,2026-06-13 08:00:00,247.5,45.452235573341575,1,69.09044711466831,High,75.27235769173464,Urgent
47,2026-08-02 13:00:00,485.75,42.99704121143845,1,68.5994082422877,High,74.87952659383015,High
48,2026-01-23 18:00:00,185.0,57.51914860188932,1,68.50382972037787,High,74.8030637763023,High
49,2026-08-02 12:00:00,485.25,41.36712619821095,1,68.2734252396422,High,74.61874019171375,High
50,2026-01-15 22:00:00,142.0,98.75719434485293,1,68.15143886897059,High,74.52115109517646,High
51,2026-02-23 22:00:00,141.75,96.49800084277769,1,67.64960016855554,High,74.11968013484443,High
52,2026-01-18 01:00:00,128.25,109.97765250333582,1,67.64553050066716,High,74.11642440053373,High
53,2026-05-09 10:00:00,330.5,37.81605048676646,1,67.56321009735329,High,74.05056807788264,High
54,2026-01-17 23:00:00,119.25,118.07554388357254,1,67.4651087767145,High,73.9720870213716,High
55,2026-02-24 02:00:00,148.5,88.35072865834903,1,67.37014573166981,High,73.89611658533585,High
56,2026-01-22 21:00:00,133.75,102.84081893642829,1,67.31816378728566,High,73.85453102982854,High
57,2026-01-18 00:00:00,119.5,112.86414182512512,1,66.47282836502502,High,73.17826269202001,High
58,2026-08-02 11:00:00,406.0,30.169452908225466,1,66.0338905816451,High,72.82711246531608,High
59,2026-01-13 22:00:00,121.25,108.35868688271235,1,65.92173737654247,High,72.73738990123397,High
60,2026-01-17 21:00:00,120.25,108.90121461038962,1,65.83024292207793,High,72.66419433766234,High
61,2026-02-17 01:00:00,149.25,78.72864629898169,1,65.59572925979634,High,72.47658340783707,High
62,2026-01-04 23:00:00,125.25,101.8872742582783,1,65.42745485165565,High,72.34196388132452,High
63,2026-01-11 00:00:00,125.25,101.8497330523275,1,65.4199466104655,High,72.33595728837241,High
64,2026-01-16 19:00:00,136.75,89.6761393364513,1,65.28522786729026,High,72.22818229383222,High
65,2026-01-08 19:00:00,138.25,87.03824633557488,1,65.05764926711498,High,72.046119413692,High
66,2026-01-07 20:00:00,108.0,107.24505258365421,1,63.049010516730846,High,70.43920841338468,High
67,2026-02-17 23:00:00,120.0,94.73803325085734,1,62.947606650171466,High,70.35808532013718,High
68,2026-01-08 20:00:00,123.75,89.00530474155474,1,62.55106094831095,High,70.04084875864876,High
69,2026-01-14 00:00:00,112.75,99.41287233412439,1,62.432574466824875,High,69.9460595734599,High
70,2026-01-12 22:00:00,112.5,97.63617378163859,1,62.027234756327715,High,69.62178780506218,High
71,2026-01-18 07:00:00,114.0,96.10429656758363,1,62.02085931351672,High,69.61668745081337,High
72,2026-01-04 19:00:00,121.5,87.78340327381731,1,61.856680654763466,High,69.48534452381077,High
73,2026-06-10 22:00:00,124.0,84.8721302029457,1,61.77442604058914,High,69.41954083247131,High
74,2026-01-18 03:00:00,124.0,83.95041415343913,1,61.59008283068783,High,69.27206626455026,High
75,2026-01-03 21:00:00,123.25,84.28830828118643,1,61.50766165623729,High,69.20612932498983,High
76,2026-06-11 01:00:00,153.5,53.83535460591657,1,61.467070921183314,High,69.17365673694665,High
77,2026-04-21 23:00:00,133.0,73.73508437132953,1,61.34701687426591,High,69.07761349941273,High
78,2026-02-09 01:00:00,135.5,70.54283662528525,1,61.20856732505705,High,68.96685386004563,High
79,2026-02-15 22:00:00,113.25,92.18035268803982,1,61.08607053760797,High,68.86885643008637,High
80,2026-01-14 01:00:00,114.25,90.8452229911787,1,61.01904459823574,High,68.81523567858859,High
81,2026-01-08 21:00:00,117.25,87.68934402056279,1,60.98786880411256,High,68.79029504329006,High
82,2026-01-03 20:00:00,128.25,76.62475209815726,1,60.97495041963145,High,68.77996033570517,High
83,2026-01-07 19:00:00,110.75,93.17536674042586,1,60.78507334808517,High,68.62805867846814,High
84,2026-05-27 12:00:00,161.0,42.64709182913637,1,60.72941836582728,High,68.58353469266183,High
85,2026-01-18 04:00:00,117.5,84.43068408103586,1,60.38613681620717,High,68.30890945296574,High
86,2026-01-15 23:00:00,101.25,99.5027493179368,1,60.15054986358736,High,68.12043989086989,High
87,2026-01-09 20:00:00,110.0,89.334558847097,1,59.8669117694194,High,67.89352941553553,High
88,2026-01-07 21:00:00,103.5,93.81532858927237,1,59.46306571785448,High,67.57045257428359,High
89,2026-01-12 23:00:00,106.0,91.11055864872165,1,59.42211172974433,High,67.53768938379547,High
90,2026-01-05 00:00:00,102.0,94.05992121864318,1,59.21198424372864,High,67.36958739498291,High
91,2026-01-05 08:00:00,94.5,100.68100164926072,1,59.03620032985214,High,67.22896026388172,High
92,2026-01-16 10:00:00,99.5,93.71560679146943,1,58.64312135829388,High,66.91449708663511,High
93,2026-01-06 18:00:00,103.33,88.11981592663406,1,58.28996318532681,High,66.63197054826145,High
94,2026-01-06 19:00:00,98.0,93.08542095032553,1,58.21708419006511,High,66.5736673520521,High
95,2026-01-10 00:00:00,89.0,101.34766249946956,1,58.06953249989391,High,66.45562599991513,High
96,2026-01-05 20:00:00,83.5,106.81688831539806,1,58.063377663079606,High,66.4507021304637,High
97,2026-06-10 12:00:00,112.0,77.9351099265899,1,57.98702198531798,High,66.3896175882544,High
98,2026-01-17 08:00:00,91.75,97.79832499999998,1,57.909665,High,66.327732,High
99,2026-01-09 23:00:00,90.0,99.12375130383637,1,57.824750260767274,High,66.25980020861383,High
100,2026-01-09 21:00:00,102.25,84.7901002890242,1,57.40802005780483,High,65.92641604624387,High
101,2026-01-05 21:00:00,84.75,101.48596478831945,1,57.24719295766389,High,65.79775436613112,High
102,2026-01-08 23:00:00,103.0,82.99823217640981,1,57.19964643528196,High,65.75971714822558,High
103,2026-01-09 22:00:00,96.5,88.92840431311653,1,57.085680862623306,High,65.66854469009866,High
104,2026-01-05 22:00:00,85.0,98.74719858248031,1,56.74943971649606,High,65.39955177319686,High
105,2026-01-05 01:00:00,99.75,83.91780221037949,1,56.7335604420759,High,65.38684835366072,High
106,2026-01-05 19:00:00,86.25,96.74953222840156,1,56.59990644568031,High,65.27992515654425,High
107,2026-06-10 11:00:00,107.5,75.02746014056488,1,56.505492028112975,High,65.20439362249039,High
108,2026-01-05 02:00:00,97.25,83.42099577776732,1,56.13419915555346,High,64.90735932444278,High
109,2026-01-11 01:00:00,98.25,81.98259594419466,1,56.04651918883893,High,64.83721535107114,High
110,2026-01-15 07:00:00,100.5,79.23712781135791,1,55.947425562271576,High,64.75794044981726,High
111,2026-01-08 22:00:00,91.75,87.35175438152245,1,55.82035087630449,High,64.65628070104358,High
112,2026-01-16 01:00:00,83.75,94.68642266287141,1,55.68728453257428,High,64.54982762605943,High
113,2026-01-05 03:00:00,92.75,85.37882491390893,1,55.62576498278179,High,64.50061198622544,High
114,2026-06-10 01:00:00,94.25,83.83657573223408,1,55.61731514644682,High,64.49385211715746,High
115,2026-01-16 07:00:00,86.5,91.09782641070775,1,55.51956528214155,High,64.41565222571325,High
116,2026-01-04 18:00:00,93.75,83.07274134986532,1,55.364548269973064,High,64.29163861597846,High
117,2026-01-16 00:00:00,83.0,92.60667166268303,1,55.121334332536605,High,64.09706746602929,High
118,2026-01-05 23:00:00,75.25,100.19756990553843,1,55.089513981107686,High,64.07161118488615,High
119,2026-01-09 00:00:00,95.5,79.6175492223822,1,55.023509844476436,High,64.01880787558116,High
120,2026-01-03 22:00:00,91.5,82.61516240797603,1,54.823032481595206,High,63.85842598527617,High
121,2026-06-10 21:00:00,93.5,78.21802084729215,1,54.34360416945843,High,63.474883335566744,High
122,2026-01-05 07:00:00,75.75,95.09464019519754,1,54.16892803903951,High,63.33514243123161,High
123,2026-01-16 02:00:00,91.0,79.4144938856176,1,54.08289877712352,High,63.26631902169882,High
124,2026-06-10 13:00:00,93.25,76.63999176855626,1,53.97799835371125,High,63.182398682969,High
125,2026-01-07 22:00:00,83.75,86.00232011123465,1,53.95046402224693,High,63.16037121779755,High
126,2026-01-03 19:00:00,100.25,68.43307059842151,1,53.7366141196843,High,62.98929129574744,High
127,2026-01-06 20:00:00,85.5,83.08554424816079,1,53.71710884963216,High,62.97368707970573,High
128,2026-06-10 20:00:00,77.75,90.46931767318699,1,53.6438635346374,High,62.91509082770992,High
129,2026-01-02 01:00:00,107.25,58.77546639362822,1,53.20509327872564,High,62.56407462298051,High
130,2026-06-10 23:00:00,79.0,85.71852240593851,1,52.94370448118771,High,62.35496358495017,High
131,2026-01-06 22:00:00,70.25,94.35516352147874,1,52.921032704295754,High,62.336826163436605,High
132,2026-01-13 01:00:00,90.5,73.41909671030916,1,52.78381934206183,High,62.22705547364947,High
133,2026-01-02 02:00:00,109.0,54.47696136624635,1,52.69539227324927,High,62.156313818599415,High
134,2026-01-16 03:00:00,91.75,71.3713426869213,1,52.62426853738426,High,62.09941482990741,High
135,2026-01-02 03:00:00,109.75,53.26362224865332,1,52.602724449730665,High,62.082179559784535,High
136,2026-06-10 19:00:00,89.75,73.18306210499246,1,52.58661242099849,High,62.069289936798796,High
137,2026-01-11 23:00:00,66.75,93.33193103301328,1,52.016386206602654,High,61.61310896528212,High
138,2026-01-16 05:00:00,84.75,75.26326896352813,1,52.00265379270563,High,61.60212303416451,High
139,2026-01-06 23:00:00,67.5,92.50490522972314,1,52.00098104594463,High,61.60078483675571,High
140,2026-06-10 10:00:00,96.5,62.98529146925397,1,51.89705829385079,High,61.51764663508064,High
141,2026-01-31 22:00:00,86.5,72.37970187846881,1,51.775940375693764,High,61.420752300555016,High
142,2026-01-04 09:00:00,108.0,50.75566536903909,1,51.75113307380782,High,61.40090645904626,High
143,2026-06-10 06:00:00,115.5,42.08456643341927,1,51.51691328668386,High,61.21353062934709,High
144,2026-01-01 23:00:00,91.25,66.18762955747958,1,51.487525911495915,High,61.19002072919673,High
145,2026-06-10 00:00:00,89.25,67.83551969939717,1,51.41710393987943,High,61.13368315190355,High
146,2026-01-07 23:00:00,71.5,85.23086528268877,1,51.34617305653775,High,61.076938445230205,High
147,2026-04-21 15:00:00,96.5,59.720872286194925,1,51.244174457238984,High,60.99533956579119,High
148,2026-01-16 04:00:00,84.25,71.72592218700076,1,51.19518443740015,High,60.956147549920125,High
149,2026-01-03 23:00:00,80.0,75.48628533957778,1,51.09725706791556,High,60.87780565433245,High
150,2026-01-18 08:00:00,57.75,95.99918498677246,1,50.74983699735449,High,60.5998695978836,High
151,2026-01-10 01:00:00,76.0,77.59958795074137,1,50.71991759014827,High,60.57593407211862,High
152,2026-01-31 23:00:00,83.0,68.8232876289789,1,50.36465752579578,High,60.291726020636624,High
153,2026-06-10 17:00:00,80.5,70.77588578658748,1,50.2551771573175,High,60.204141725854,High
154,2026-01-06 00:00:00,68.0,82.22895307854647,1,50.04579061570929,High,60.036632492567435,High
155,2026-01-04 08:00:00,97.5,51.68534627794781,1,49.83706925558956,Moderate,59.86965540447165,High
156,2026-02-01 01:00:00,81.5,67.55284989375417,1,49.810569978750834,Moderate,59.84845598300067,High
157,2026-01-11 07:00:00,69.5,78.96722554899692,1,49.693445109799384,Moderate,59.75475608783951,High
158,2026-06-10 07:00:00,102.75,45.4214388001163,1,49.63428776002326,Moderate,59.707430208018614,High
159,2026-01-09 01:00:00,59.0,89.04674035365113,1,49.60934807073023,Moderate,59.68747845658419,High
160,2026-06-10 18:00:00,78.5,69.42715280571849,1,49.5854305611437,Moderate,59.668344448914965,High
161,2026-01-17 09:00:00,52.5,95.23285032316261,1,49.54657006463252,Moderate,59.63725605170602,High
162,2026-02-01 00:00:00,84.5,62.814142002216045,1,49.46282840044321,Moderate,59.57026272035457,High
163,2026-01-02 00:00:00,95.25,51.608155640125496,1,49.3716311280251,Moderate,59.49730490242008,High
164,2026-06-10 16:00:00,74.25,71.94612219357111,1,49.239224438714224,Moderate,59.39137955097138,High
165,2026-01-04 00:00:00,77.25,68.76527931169288,1,49.20305586233857,Moderate,59.36244468987086,High
166,2026-06-09 21:00:00,76.25,68.95130256035888,1,49.040260512071775,Moderate,59.232208409657424,High
167,2026-06-10 15:00:00,76.75,68.19615185810977,1,48.98923037162196,Moderate,59.19138429729757,High
168,2026-01-03 18:00:00,80.0,64.07755793605276,1,48.81551158721055,Moderate,59.05240926976845,High
169,2026-01-02 23:00:00,48.75,95.21988508830844,1,48.79397701766169,Moderate,59.03518161412936,High
170,2026-01-06 08:00:00,57.5,85.6452130408892,1,48.62904260817784,Moderate,58.90323408654228,High
171,2026-06-09 22:00:00,70.25,71.83776855654146,1,48.417553711308294,Moderate,58.73404296904664,High
172,2026-06-10 14:00:00,74.0,66.9653775164432,1,48.19307550328864,Moderate,58.554460402630916,High
173,2026-01-31 21:00:00,76.5,64.43666205756611,1,48.187332411513225,Moderate,58.54986592921058,High
174,2026-05-28 14:00:00,98.25,40.73928534391535,1,47.797857068783074,Moderate,58.23828565502646,High
175,2026-01-06 06:00:00,58.75,78.75536397623874,1,47.50107279524775,Moderate,58.000858236198205,High
176,2026-01-06 07:00:00,55.5,81.7084245577109,1,47.44168491154218,Moderate,57.95334792923375,High
177,2026-06-09 20:00:00,71.25,65.54421361188268,1,47.35884272237654,Moderate,57.88707417790123,High
178,2026-01-04 01:00:00,73.25,61.50470654880764,1,46.95094130976153,Moderate,57.56075304780923,High
179,2026-01-08 02:00:00,65.5,63.65682853364763,1,45.83136570672953,Moderate,56.665092565383624,High
180,2026-06-11 00:00:00,53.0,75.30883938384927,1,45.66176787676986,Moderate,56.52941430141589,High
181,2026-02-01 02:00:00,64.5,63.366597183975976,1,45.573319436795195,Moderate,56.45865554943616,High
182,2026-01-10 07:00:00,65.75,62.101091171660045,1,45.57021823433201,Moderate,56.45617458746561,High
183,2026-06-09 23:00:00,54.75,71.65081394158274,1,45.280162788316545,Moderate,56.22413023065324,High
184,2026-06-09 19:00:00,63.5,62.18936696617731,1,45.13787339323546,Moderate,56.11029871458837,High
185,2026-01-10 02:00:00,64.25,59.62570638054532,1,44.77514127610906,Moderate,55.82011302088725,High
186,2026-01-04 02:00:00,67.75,55.48295675976301,1,44.6465913519526,Moderate,55.717273081562084,High
187,2026-01-10 03:00:00,66.5,56.69178420023559,1,44.638356840047116,Moderate,55.710685472037696,High
188,2026-01-04 07:00:00,72.25,50.15600609529357,1,44.48120121905872,Moderate,55.58496097524698,High
189,2026-01-09 02:00:00,41.0,80.97913574076559,1,44.39582714815312,Moderate,55.51666171852249,High
190,2026-06-10 08:00:00,77.25,44.591306442527255,1,44.36826128850545,Moderate,55.49460903080436,High
191,2026-06-10 09:00:00,74.75,46.66420315056102,1,44.282840630112204,Moderate,55.426272504089766,High
192,2026-01-10 04:00:00,67.75,53.474972247875215,1,44.244994449575046,Moderate,55.39599555966004,High
193,2026-02-01 03:00:00,61.0,58.14377811015733,1,43.828755622031466,Moderate,55.06300449762517,High
194,2026-06-09 18:00:00,54.0,64.39420204727737,1,43.678840409455475,Moderate,54.94307232756438,Medium
195,2026-01-04 03:00:00,64.5,51.437977355040175,1,43.18759547100804,Moderate,54.55007637680643,Medium
196,2026-01-04 06:00:00,65.0,49.792848042406746,1,42.95856960848135,Moderate,54.36685568678508,Medium
197,2026-01-08 04:00:00,33.75,80.87941082183592,1,42.92588216436718,Moderate,54.34070573149375,Medium
198,2026-01-04 05:00:00,59.25,50.840618842407586,1,42.018123768481516,Moderate,53.61449901478522,Medium
199,2026-02-01 04:00:00,52.25,55.83789890358217,1,41.61757978071643,Moderate,53.29406382457315,Medium
200,2026-01-08 03:00:00,48.0,58.55815335940852,1,41.3116306718817,Moderate,53.049304537505364,Medium
201,2026-05-29 00:00:00,39.75,66.50907236495219,1,41.25181447299044,Moderate,53.001451578392356,Medium
202,2026-01-09 03:00:00,39.0,66.47872659214512,1,41.095745318429024,Moderate,52.87659625474322,Medium
203,2026-01-09 06:00:00,42.75,60.63925610020057,1,40.67785122004011,Moderate,52.54228097603209,Medium
204,2026-01-08 09:00:00,40.5,62.54156606055037,1,40.608313212110076,Moderate,52.48665056968806,Medium
205,2026-01-09 05:00:00,41.0,60.618452019079896,1,40.323690403815974,Moderate,52.25895232305278,Medium
206,2026-02-01 07:00:00,49.75,50.21825199999864,1,39.99365039999973,Moderate,51.994920319999785,Medium
207,2026-01-09 04:00:00,39.75,59.25027145490133,1,39.80005429098027,Moderate,51.84004343278421,Medium
208,2026-01-09 07:00:00,41.25,57.27885531549238,1,39.705771063098474,Moderate,51.76461685047878,Medium
209,2026-01-08 05:00:00,30.25,65.5292150626456,1,39.15584301252912,Moderate,51.32467441002329,Medium
210,2026-01-09 08:00:00,41.0,54.58958110090881,1,39.11791622018176,Moderate,51.29433297614541,Medium
211,2026-02-01 06:00:00,46.5,48.78147985084839,1,39.05629597016968,Moderate,51.24503677613575,Medium
212,2026-01-01 00:00:00,28.5,63.431051212524544,1,38.38621024250491,Moderate,50.70896819400393,Medium
213,2026-01-31 03:00:00,42.25,46.62222737340138,1,37.77444547468028,Moderate,50.21955637974422,Medium
214,2026-01-01 02:00:00,27.75,60.520259248638226,1,37.65405184972765,Moderate,50.12324147978212,Medium
215,2026-01-08 06:00:00,27.25,60.15478452646736,1,37.48095690529347,Moderate,49.984765524234774,Medium
216,2026-01-31 10:00:00,46.0,39.51641456116656,1,37.10328291223331,Moderate,49.68262632978665,Medium
217,2026-01-03 02:00:00,22.25,61.995615563683934,1,36.84912311273679,Moderate,49.479298490189436,Medium
218,2026-01-30 21:00:00,37.75,43.949679377206245,1,36.33993587544125,Moderate,49.071948700353005,Medium
219,2026-01-31 04:00:00,39.25,40.3120453277658,1,35.91240906555316,Moderate,48.729927252442536,Medium
220,2026-01-30 23:00:00,37.0,42.18674648109897,1,35.83734929621979,Moderate,48.66987943697583,Medium
221,2026-01-29 22:00:00,32.5,46.666508929797,1,35.8333017859594,Moderate,48.66664142876752,Medium
222,2026-01-31 01:00:00,37.25,40.023235890811854,1,35.454647178162375,Moderate,48.3637177425299,Medium
223,2026-01-31 00:00:00,38.0,38.895680157525995,1,35.3791360315052,Moderate,48.303308825204155,Medium
224,2026-01-08 07:00:00,25.25,50.974677114228115,1,35.24493542284563,Moderate,48.19594833827651,Medium
225,2026-01-01 01:00:00,30.5,45.39655963901056,1,35.17931192780211,Moderate,48.14344954224169,Medium
226,2026-01-31 06:00:00,35.5,39.86483506310791,1,35.07296701262158,Moderate,48.05837361009726,Medium
227,2026-01-31 05:00:00,33.0,40.49459997181626,1,34.69891999436325,Moderate,47.7591359954906,Medium
228,2026-01-29 23:00:00,28.5,43.35614891301064,1,34.37122978260213,Moderate,47.4969838260817,Medium
229,2026-01-31 09:00:00,33.25,36.67385787598267,1,33.98477157519653,Moderate,47.18781726015723,Medium
230,2026-01-01 03:00:00,26.0,42.44825959663811,1,33.68965191932762,Moderate,46.9517215354621,Medium
231,2026-02-04 07:00:00,30.75,36.75032307752719,1,33.50006461550544,Moderate,46.80005169240435,Medium
232,2026-01-01 07:00:00,28.5,38.874417201371934,1,33.47488344027438,Moderate,46.7799067522195,Medium
233,2026-01-31 07:00:00,19.25,46.511001322145155,1,33.15220026442903,Moderate,46.521760211543224,Medium
234,2026-01-03 07:00:00,23.5,42.050185058368456,1,33.11003701167369,Moderate,46.48802960933895,Medium
235,2026-02-04 08:00:00,30.0,35.31170380636631,1,33.06234076127326,Moderate,46.44987260901861,Medium
236,2026-01-01 04:00:00,21.75,42.875578739191454,1,32.92511574783829,Moderate,46.34009259827063,Medium
237,2026-01-03 05:00:00,22.5,40.96608384476858,1,32.69321676895372,Moderate,46.15457341516297,Medium
238,2026-01-03 04:00:00,22.0,41.38118124100845,1,32.67623624820169,Moderate,46.140988998561355,Medium
239,2026-01-03 03:00:00,21.75,41.527000350582426,1,32.655400070116485,Moderate,46.12432005609319,Medium
240,2026-01-31 08:00:00,26.5,35.31227975607333,1,32.36245595121467,Moderate,45.889964760971736,Medium
241,2026-01-30 00:00:00,28.0,32.225861991157096,1,32.045172398231415,Moderate,45.636137918585135,Medium
242,2026-01-03 06:00:00,18.5,40.975842359864615,1,31.895168471972923,Moderate,45.516134777578344,Medium
243,2026-03-16 20:00:00,84.25,422.97553834204456,0,56.85,High,45.480000000000004,Medium
244,2026-01-01 05:00:00,20.0,39.059548574695754,1,31.81190971493915,Moderate,45.449527771951324,Medium
245,2026-06-23 07:00:00,236.0,80.85387032930593,0,56.17077406586119,High,44.936619252688956,Medium
246,2026-01-25 07:00:00,20.75,30.634631639031845,1,30.27692632780637,Moderate,44.221541062245095,Medium
247,2026-01-25 06:00:00,19.0,30.4577007429299,1,29.89154014858598,Moderate,43.91323211886879,Medium
248,2026-01-25 05:00:00,18.0,30.31362000864155,1,29.66272400172831,Moderate,43.730179201382654,Medium
249,2026-01-15 09:00:00,152.25,111.28861876055258,0,52.70772375211051,High,42.16617900168841,Medium
250,2026-05-06 22:00:00,163.75,95.98256811526599,0,51.94651362305319,High,41.557210898442555,Medium
251,2026-05-18 12:00:00,185.0,72.05821593915344,0,51.41164318783069,High,41.12931455026455,Medium
252,2026-05-21 20:00:00,56.25,213.45689638447973,0,51.25,High,41.0,Medium
253,2026-04-30 23:00:00,55.0,206.54883227846705,0,51.0,High,40.800000000000004,Medium
254,2026-03-11 23:00:00,179.0,74.91587517547448,0,50.78317503509489,High,40.626540028075915,Medium
255,2026-03-31 02:00:00,172.0,79.28025596722658,0,50.256051193445316,High,40.20484095475626,Medium
256,2026-05-18 13:00:00,185.0,66.13818849206352,0,50.22763769841271,High,40.18211015873017,Medium
257,2026-05-21 19:00:00,50.75,232.46534226190474,0,50.15,High,40.120000000000005,Medium
258,2026-05-21 22:00:00,84.5,165.96553348965853,0,50.0931066979317,High,40.07448535834536,Medium
259,2026-06-24 03:00:00,160.5,86.36342128604451,0,49.3726842572089,Moderate,39.49814740576713,Medium
260,2026-05-21 18:00:00,42.0,236.67896550671546,0,48.4,Moderate,38.72,Medium
261,2026-06-27 19:00:00,51.0,190.95710630896232,0,48.39142126179246,Moderate,38.71313700943397,Medium
262,2026-05-21 14:00:00,41.75,226.6893097527473,0,48.35,Moderate,38.68000000000001,Medium
263,2026-05-21 15:00:00,39.75,240.56586473429954,0,47.95,Moderate,38.36000000000001,Medium
264,2026-05-06 23:00:00,141.75,97.27752429230463,0,47.80550485846093,Moderate,38.244403886768744,Medium
265,2026-01-10 20:00:00,125.25,113.58030821339811,0,47.76606164267962,Moderate,38.212849314143696,Medium
266,2026-05-21 16:00:00,38.25,235.237280982906,0,47.65,Moderate,38.12,Medium
267,2026-05-26 00:00:00,168.5,69.70408631636327,0,47.64081726327266,Moderate,38.11265381061813,Medium
268,2026-05-06 21:00:00,134.5,102.84889117112425,0,47.46977823422485,Moderate,37.97582258737988,Medium
269,2026-01-22 22:00:00,131.75,105.4240982413979,0,47.43481964827957,Moderate,37.94785571862366,Medium
270,2026-03-08 09:00:00,128.25,108.05017986583685,0,47.26003597316737,Moderate,37.808028778533895,Medium
271,2026-02-17 22:00:00,139.0,97.05344070863933,0,47.210688141727864,Moderate,37.768550513382294,Medium
272,2026-05-21 17:00:00,35.5,236.02598237179487,0,47.1,Moderate,37.68,Medium
273,2026-02-17 09:00:00,144.75,90.34592722777386,0,47.01918544555477,Moderate,37.61534835644382,Medium
274,2026-05-09 11:00:00,196.5,37.68240248677248,0,46.8364804973545,Moderate,37.4691843978836,Medium
275,2026-05-17 21:00:00,141.5,91.24977297822551,0,46.549954595645104,Moderate,37.23996367651608,Medium
276,2026-05-21 21:00:00,73.0,159.45935524891763,0,46.491871049783526,Moderate,37.19349683982682,Medium
277,2026-03-08 22:00:00,148.75,82.33870640588863,0,46.21774128117772,Moderate,36.97419302494218,Medium
278,2026-06-15 22:00:00,144.5,85.22895837174187,0,45.94579167434837,Moderate,36.7566333394787,Medium
279,2026-06-28 21:00:00,31.25,198.15615358903668,0,45.88123071780734,Moderate,36.70498457424588,Medium
280,2026-03-30 22:00:00,133.75,95.1913626911421,0,45.78827253822842,Moderate,36.63061803058274,Medium
281,2026-01-14 23:00:00,114.0,114.09855290821456,0,45.619710581642906,Moderate,36.49576846531433,Medium
282,2026-05-18 08:00:00,165.0,62.91549299422489,0,45.58309859884498,Moderate,36.466478879075986,Medium
283,2026-03-30 23:00:00,135.5,92.06276582896427,0,45.51255316579285,Moderate,36.410042532634286,Medium
284,2026-02-24 00:00:00,123.75,102.87166512713192,0,45.324333025426384,Moderate,36.259466420341106,Medium
285,2026-04-12 21:00:00,111.75,114.28930579338453,0,45.207861158676906,Moderate,36.166288926941526,Medium
286,2026-01-15 10:00:00,122.5,102.97132526840733,0,45.09426505368147,Moderate,36.075412042945175,Medium
287,2026-02-23 21:00:00,130.75,93.72669944970792,0,44.89533988994158,Moderate,35.91627191195327,Medium
288,2026-02-10 10:00:00,139.0,84.98665880118762,0,44.797331760237526,Moderate,35.83786540819002,Medium
289,2026-05-18 11:00:00,149.0,74.31664202984707,0,44.663328405969416,Moderate,35.730662724775534,Medium
290,2026-01-15 20:00:00,124.0,98.7885622567226,0,44.55771245134452,Moderate,35.64616996107562,Medium
291,2026-03-01 16:00:00,139.0,82.4320095221962,0,44.28640190443923,Moderate,35.42912152355139,Medium
292,2026-04-12 22:00:00,98.75,122.37515458523737,0,44.22503091704748,Moderate,35.38002473363798,Medium
293,2026-01-11 10:00:00,107.25,112.20659247368846,0,43.89131849473769,Moderate,35.113054795790156,Medium
294,2026-03-08 08:00:00,127.0,92.37450130635497,0,43.874900261270994,Moderate,35.099920209016794,Medium
295,2026-03-09 00:00:00,117.5,101.77522354040143,0,43.855044708080285,Moderate,35.08403576646423,Medium
296,2026-01-14 22:00:00,106.33,112.64733378784643,0,43.79546675756929,Moderate,35.03637340605543,Medium
297,2026-02-28 22:00:00,129.75,88.59310153672078,0,43.668620307344156,Moderate,34.93489624587533,Medium
298,2026-03-08 01:00:00,133.75,84.08813990945733,0,43.56762798189146,Moderate,34.85410238551317,Medium
299,2026-03-08 23:00:00,125.0,92.23669067474982,0,43.447338134949966,Moderate,34.75787050795997,Medium
300,2026-06-08 21:00:00,112.5,104.03051857124382,0,43.30610371424876,Moderate,34.644882971399014,Medium
301,2026-02-10 09:00:00,140.0,75.34329908542242,0,43.06865981708448,Moderate,34.454927853667584,Medium
302,2026-03-31 03:00:00,134.75,79.88986889762832,0,42.92797377952566,Moderate,34.34237902362053,Medium
303,2026-01-22 23:00:00,103.75,110.36496218784524,0,42.82299243756905,Moderate,34.25839395005524,Medium
304,2026-06-08 20:00:00,120.25,92.59113571526419,0,42.56822714305284,Moderate,34.05458171444227,Medium
305,2026-03-31 01:00:00,131.5,81.07110038558012,0,42.51422007711602,Moderate,34.01137606169282,Medium
306,2026-04-27 00:00:00,143.0,69.04224526134216,0,42.40844905226843,Moderate,33.92675924181474,Medium
307,2026-02-17 10:00:00,116.5,94.20850343549812,0,42.14170068709963,Moderate,33.713360549679706,Medium
308,2026-01-14 10:00:00,105.0,105.65116541969059,0,42.13023308393812,Moderate,33.7041864671505,Medium
309,2026-01-12 10:00:00,99.25,109.98262606275864,0,41.846525212551725,Moderate,33.477220170041385,Medium
310,2026-01-13 21:00:00,106.75,102.1720008896972,0,41.78440017793944,Moderate,33.427520142351554,Medium
311,2026-03-02 15:00:00,144.0,64.79138740901237,0,41.75827748180247,Moderate,33.40662198544198,Medium
312,2026-03-07 22:00:00,107.75,100.52899771555107,0,41.655799543110206,Moderate,33.324639634488165,Medium
313,2026-01-16 12:00:00,116.5,90.99127289057287,0,41.498254578114576,Moderate,33.198603662491664,Medium
314,2026-03-08 00:00:00,132.0,75.40135696330499,0,41.480271392660995,Moderate,33.1842171141288,Medium
315,2026-02-24 22:00:00,103.5,103.08119015561259,0,41.316238031122516,Moderate,33.05299042489801,Medium
316,2026-02-06 22:00:00,126.75,79.62891125282009,0,41.27578225056402,Moderate,33.02062580045122,Medium
317,2026-01-14 09:00:00,109.25,97.0643111826957,0,41.26286223653914,Moderate,33.010289789231315,Medium
318,2026-01-12 21:00:00,111.25,94.85572588108757,0,41.22114517621751,Moderate,32.97691614097401,Medium
319,2026-01-16 11:00:00,112.25,93.6313205532406,0,41.17626411064812,Moderate,32.941011288518496,Medium
320,2026-02-23 23:00:00,107.5,98.35996533580833,0,41.171993067161665,Moderate,32.93759445372933,Medium
321,2026-06-16 22:00:00,95.75,110.02761873632888,0,41.155523747265775,Moderate,32.92441899781262,Medium
322,2026-05-06 20:00:00,103.25,102.37198292001722,0,41.12439658400344,Moderate,32.899517267202754,Medium
323,2026-01-22 00:00:00,115.75,89.84657415264763,0,41.119314830529525,Moderate,32.89545186442362,Medium
324,2026-06-08 22:00:00,103.25,101.53815306867241,0,40.95763061373448,Moderate,32.76610449098759,Medium
325,2026-02-25 01:00:00,109.0,95.54891950917413,0,40.90978390183483,Moderate,32.72782712146786,Medium
326,2026-01-21 23:00:00,106.25,97.65365497698552,0,40.78073099539711,Moderate,32.624584796317684,Medium
327,2026-03-31 00:00:00,111.75,91.73575955118002,0,40.697151910236,Moderate,32.5577215281888,Medium
328,2026-01-14 21:00:00,101.0,102.41964852516922,0,40.68392970503385,Moderate,32.547143764027076,Medium
329,2026-01-11 11:00:00,108.25,95.07551595992123,0,40.665103191984244,Moderate,32.532082553587394,Medium
330,2026-01-28 21:00:00,34.25,168.65972026083935,0,40.58194405216787,Moderate,32.4655552417343,Medium
331,2026-02-25 00:00:00,112.75,90.0056461158002,0,40.55112922316004,Moderate,32.440903378528034,Medium
332,2026-02-25 09:00:00,107.0,95.11341071831393,0,40.42268214366278,Moderate,32.33814571493023,Medium
333,2026-02-24 08:00:00,100.5,101.25192417583582,0,40.35038483516716,Moderate,32.28030786813373,Medium
334,2026-04-13 00:00:00,97.5,104.15854746346825,0,40.33170949269365,Moderate,32.26536759415492,Medium
335,2026-01-05 09:00:00,95.0,106.6146159358266,0,40.322923187165316,Moderate,32.25833854973225,Medium
336,2026-01-16 13:00:00,113.0,87.88790687125014,0,40.177581374250025,Moderate,32.14206509940002,Medium
337,2026-02-24 09:00:00,106.25,94.56753961557139,0,40.16350792311428,Moderate,32.130806338491425,Medium
338,2026-01-22 01:00:00,104.75,95.45361638530217,0,40.04072327706044,Moderate,32.03257862164835,Medium
339,2026-02-18 06:00:00,126.5,73.38393456620274,0,39.976786913240545,Moderate,31.981429530592436,Medium
340,2026-02-01 22:00:00,116.25,83.52741420941265,0,39.95548284188253,Moderate,31.964386273506022,Medium
341,2026-02-24 23:00:00,101.75,97.59617849749164,0,39.86923569949833,Moderate,31.89538855959867,Medium
342,2026-04-12 23:00:00,95.25,103.13083347312495,0,39.676166694624996,Moderate,31.740933355699998,Medium
343,2026-01-17 20:00:00,109.5,87.92623430056356,0,39.48524686011271,Moderate,31.58819748809017,Medium
344,2026-03-07 21:00:00,109.0,88.20585455280604,0,39.44117091056121,Moderate,31.55293672844897,Medium
345,2026-01-21 22:00:00,99.5,96.76579051076497,0,39.253158102152995,Moderate,31.402526481722397,Medium
346,2026-01-10 19:00:00,98.5,96.876531464455,0,39.075306292891,Moderate,31.260245034312803,Medium
347,2026-04-12 20:00:00,111.0,84.31318004949063,0,39.06263600989813,Moderate,31.250108807918505,Medium
348,2026-03-11 22:00:00,123.25,71.46633338912542,0,38.94326667782508,Moderate,31.154613342260063,Medium
349,2026-04-13 01:00:00,96.25,98.42220059689582,0,38.93444011937916,Moderate,31.14755209550333,Medium
350,2026-02-15 09:00:00,100.0,94.61932200051518,0,38.923864400103035,Moderate,31.13909152008243,Medium
351,2026-01-10 10:00:00,114.5,79.74688886285503,0,38.849377772571,Moderate,31.079502218056803,Medium
352,2026-03-09 20:00:00,116.0,78.23408886227693,0,38.84681777245538,Moderate,31.077454217964306,Medium
353,2026-01-12 11:00:00,101.75,92.12100557968927,0,38.774201115937856,Moderate,31.019360892750285,Medium
354,2026-02-15 23:00:00,100.0,93.63023688924217,0,38.72604737784843,Moderate,30.980837902278747,Medium
355,2026-06-23 06:00:00,137.75,55.858700150226795,0,38.72174003004535,Moderate,30.977392024036284,Medium
356,2026-02-24 21:00:00,114.25,79.23708514052505,0,38.69741702810501,Moderate,30.957933622484006,Medium
357,2026-06-16 17:00:00,103.0,90.41547885157702,0,38.683095770315404,Moderate,30.946476616252326,Medium
358,2026-02-17 11:00:00,107.5,85.82720141027211,0,38.66544028205442,Moderate,30.932352225643537,Medium
359,2026-05-13 22:00:00,110.0,83.09470709431606,0,38.618941418863216,Moderate,30.895153135090574,Medium
360,2026-01-15 11:00:00,100.0,92.6913867290465,0,38.5382773458093,Moderate,30.83062187664744,Medium
361,2026-01-01 20:00:00,104.0,88.1328684145797,0,38.426573682915944,Moderate,30.741258946332756,Medium
362,2026-03-08 07:00:00,108.5,83.47896509438718,0,38.395793018877434,Moderate,30.71663441510195,Medium
363,2026-02-15 21:00:00,107.75,83.97388026439985,0,38.344776052879965,Moderate,30.675820842303974,Medium
364,2026-02-17 21:00:00,96.0,95.16288897750198,0,38.23257779550039,Moderate,30.586062236400313,Medium
365,2026-01-21 21:00:00,80.75,110.39348230850709,0,38.22869646170142,Moderate,30.582957169361137,Medium
366,2026-03-08 10:00:00,98.0,92.97138958259157,0,38.19427791651832,Moderate,30.555422333214654,Medium
367,2026-01-11 09:00:00,87.5,103.42517481239747,0,38.18503496247949,Moderate,30.548027969983593,Medium
368,2026-02-25 10:00:00,99.75,91.06505600287385,0,38.16301120057477,Moderate,30.53040896045982,Medium
369,2026-06-16 20:00:00,95.0,95.63335433894268,0,38.12667086778853,Moderate,30.50133669423083,Medium
370,2026-03-10 09:00:00,105.25,85.33567119159616,0,38.11713423831924,Moderate,30.49370739065539,Medium
371,2026-06-08 19:00:00,103.5,87.03402945108418,0,38.10680589021683,Moderate,30.485444712173468,Medium
372,2026-06-16 21:00:00,95.75,94.77025507693745,0,38.10405101538748,Moderate,30.483240812309987,Medium
373,2026-05-23 21:00:00,115.5,74.89257264595854,0,38.07851452919171,Moderate,30.462811623353367,Medium
374,2026-02-28 08:00:00,104.5,85.67321943976917,0,38.034643887953834,Moderate,30.427715110363067,Medium
375,2026-01-09 19:00:00,100.75,89.01241690869047,0,37.9524833817381,Moderate,30.36198670539048,Medium
376,2026-03-06 20:00:00,100.25,89.4665287305821,0,37.943305746116415,Moderate,30.354644596893134,Medium
377,2026-03-12 23:00:00,100.75,88.94449200335242,0,37.93889840067049,Moderate,30.35111872053639,Medium
378,2026-05-17 15:00:00,124.5,65.06987572435897,0,37.9139751448718,Moderate,30.33118011589744,Medium
379,2026-01-13 10:00:00,91.5,97.99135261158763,0,37.89827052231753,Moderate,30.318616417854027,Medium
380,2026-03-07 09:00:00,95.5,93.7580324047994,0,37.85160648095987,Moderate,30.2812851847679,Medium
381,2026-01-23 00:00:00,83.5,105.69226480156873,0,37.838452960313745,Moderate,30.270762368251,Medium
382,2026-01-12 20:00:00,97.25,91.79105359253708,0,37.80821071850742,Moderate,30.246568574805934,Medium
383,2026-06-16 23:00:00,94.25,94.75890166523637,0,37.801780333047276,Moderate,30.24142426643782,Medium
384,2026-03-01 14:00:00,114.25,74.69518447034517,0,37.789036894069035,Moderate,30.23122951525523,Medium
385,2026-03-12 00:00:00,106.0,82.87702232799293,0,37.77540446559859,Moderate,30.220323572478875,Medium
386,2026-01-15 00:00:00,92.25,96.55445223183182,0,37.76089044636636,Moderate,30.20871235709309,Medium
387,2026-02-28 09:00:00,101.0,87.6460721061731,0,37.729214421234616,Moderate,30.183371536987693,Medium
388,2026-02-09 02:00:00,122.75,65.71911143618497,0,37.693822287237,Moderate,30.155057829789598,Medium
389,2026-06-24 02:00:00,113.25,75.17734866708,0,37.685469733416,Moderate,30.1483757867328,Medium
390,2026-01-17 14:00:00,96.75,91.67638205738707,0,37.68527641147742,Moderate,30.148221129181934,Medium
391,2026-04-13 08:00:00,90.75,97.59334508153204,0,37.66866901630641,Moderate,30.13493521304513,Medium
392,2026-06-03 21:00:00,98.0,90.34239062767531,0,37.66847812553506,Moderate,30.13478250042805,Medium
393,2026-06-08 23:00:00,95.25,92.99992775483432,0,37.64998555096686,Moderate,30.11998844077349,Medium
394,2026-03-07 23:00:00,97.0,91.15570173298552,0,37.63114034659711,Moderate,30.104912277277688,Medium
395,2026-02-01 21:00:00,104.25,83.73569240697772,0,37.59713848139555,Moderate,30.077710785116437,Medium
396,2026-05-13 15:00:00,123.75,64.04607764366082,0,37.55921552873217,Moderate,30.047372422985735,Medium
397,2026-03-08 03:00:00,108.5,79.02408704422018,0,37.50481740884403,Moderate,30.003853927075227,Medium
398,2026-04-27 01:00:00,106.5,81.01978125541308,0,37.50395625108261,Moderate,30.00316500086609,Medium
399,2026-02-23 20:00:00,105.5,81.89386173861138,0,37.47877234772227,Moderate,29.98301787817782,Low
400,2026-06-16 16:00:00,111.5,75.56343880290535,0,37.41268776058107,Moderate,29.93015020846486,Low
401,2026-01-14 11:00:00,84.0,103.06259106003951,0,37.412518212007896,Moderate,29.930014569606318,Low
402,2026-05-26 01:00:00,130.0,57.062505240264095,0,37.41250104805282,Moderate,29.930000838442254,Low
403,2026-05-14 00:00:00,120.75,66.272623533616,0,37.4045247067232,Moderate,29.92361976537856,Low
404,2026-03-08 02:00:00,103.0,83.92241696937795,0,37.38448339387559,Moderate,29.907586715100475,Low
405,2026-06-15 23:00:00,91.5,95.34522701860338,0,37.369045403720676,Moderate,29.895236322976544,Low
406,2026-04-13 07:00:00,93.75,92.9792460130212,0,37.34584920260424,Moderate,29.876679362083394,Low
407,2026-01-15 01:00:00,105.5,81.01179504867837,0,37.30235900973567,Moderate,29.841887207788535,Low
408,2026-02-16 09:00:00,95.25,91.14327950069737,0,37.278655900139476,Moderate,29.822924720111583,Low
409,2026-03-01 15:00:00,99.0,87.12682103600379,0,37.225364207200755,Moderate,29.780291365760604,Low
410,2026-02-18 03:00:00,117.0,69.08984454810131,0,37.21796890962026,Moderate,29.77437512769621,Low
411,2026-06-13 22:00:00,28.0,157.87670808201065,0,37.17534161640213,Moderate,29.740273293121703,Low
412,2026-01-08 18:00:00,103.0,82.618527981553,0,37.1237055963106,Moderate,29.69896447704848,Low
413,2026-02-28 21:00:00,105.0,80.56074474396586,0,37.11214894879317,Moderate,29.68971915903454,Low
414,2026-02-27 23:00:00,107.25,78.23094667432946,0,37.09618933486589,Moderate,29.676951467892714,Low
415,2026-08-12 06:00:00,164.25,20.701269975885086,0,36.99025399517702,Moderate,29.592203196141618,Low
416,2026-01-13 09:00:00,87.5,97.4473498674173,0,36.98946997348346,Moderate,29.591575978786768,Low
417,2026-01-23 19:00:00,77.5,106.93237744358365,0,36.88647548871673,Moderate,29.509180390973384,Low
418,2026-05-23 23:00:00,107.25,77.09247281844581,0,36.86849456368916,Moderate,29.494795650951332,Low
419,2026-03-08 06:00:00,109.25,74.87913797854621,0,36.82582759570924,Moderate,29.460662076567395,Low
420,2026-02-06 21:00:00,103.25,80.76870409140058,0,36.80374081828012,Moderate,29.442992654624096,Low
421,2026-06-16 19:00:00,93.0,90.98400854581905,0,36.796801709163816,Moderate,29.437441367331054,Low
422,2026-02-28 10:00:00,96.5,87.3241439827692,0,36.76482879655384,Moderate,29.411863037243076,Low
423,2026-03-05 21:00:00,105.5,78.2359992009476,0,36.747199840189516,Moderate,29.397759872151614,Low
424,2026-04-13 02:00:00,88.25,95.48537469120369,0,36.747074938240736,Moderate,29.39765995059259,Low
425,2026-01-22 10:00:00,90.75,92.84619078439994,0,36.71923815687998,Moderate,29.375390525503988,Low
426,2026-02-28 23:00:00,95.33,88.12336880173561,0,36.690673760347124,Moderate,29.352539008277702,Low
427,2026-02-18 00:00:00,91.0,92.20988122900852,0,36.6419762458017,Moderate,29.313580996641363,Low
428,2026-03-09 09:00:00,101.0,81.86952410239519,0,36.57390482047904,Moderate,29.25912385638323,Low
429,2026-01-13 11:00:00,83.25,99.38590796154186,0,36.52718159230837,Moderate,29.221745273846693,Low
430,2026-03-05 22:00:00,98.5,84.10187426060844,0,36.52037485212169,Moderate,29.216299881697353,Low
431,2026-03-09 21:00:00,103.75,78.7689176220698,0,36.50378352441396,Moderate,29.20302681953117,Low
432,2026-02-18 07:00:00,118.25,64.24865669648258,0,36.49973133929652,Moderate,29.199785071437216,Low
433,2026-06-12 18:00:00,46.25,135.91338411841582,0,36.43267682368317,Moderate,29.146141458946534,Low
434,2026-05-07 19:00:00,90.0,92.0604857146413,0,36.41209714292826,Moderate,29.12967771434261,Low
435,2026-05-23 20:00:00,110.0,71.9697314300292,0,36.39394628600584,Moderate,29.115157028804674,Low
436,2026-01-22 20:00:00,100.0,81.94076563293969,0,36.38815312658794,Moderate,29.110522501270353,Low
437,2026-01-16 14:00:00,106.0,75.93204696608747,0,36.3864093932175,Moderate,29.109127514574,Low
438,2026-06-09 00:00:00,89.75,91.79837847326203,0,36.309675694652405,Moderate,29.047740555721926,Low
439,2026-02-11 21:00:00,99.25,82.07263197678564,0,36.26452639535713,Moderate,29.011621116285706,Low
440,2026-01-16 18:00:00,104.25,76.90939929344232,0,36.231879858688465,Moderate,28.985503886950774,Low
441,2026-06-08 00:00:00,98.5,82.59346790713545,0,36.21869358142709,Moderate,28.974954865141672,Low
442,2026-01-16 15:00:00,110.25,70.83684519226634,0,36.21736903845327,Moderate,28.97389523076262,Low
443,2026-03-06 21:00:00,91.75,89.08749005262824,0,36.16749801052565,Moderate,28.93399840842052,Low
444,2026-03-12 22:00:00,96.75,83.94735202577044,0,36.139470405154086,Moderate,28.91157632412327,Low
445,2026-01-01 21:00:00,97.25,83.40877264740502,0,36.131754529481,Moderate,28.905403623584803,Low
446,2026-03-09 10:00:00,100.5,79.78478646015064,0,36.05695729203013,Moderate,28.845565833624104,Low
447,2026-01-06 13:00:00,99.25,80.78635708251753,0,36.00727141650351,Moderate,28.805817133202808,Low
448,2026-02-11 22:00:00,100.0,79.93002155596345,0,35.98600431119269,Moderate,28.78880344895415,Low
449,2026-05-17 18:00:00,120.0,59.92605651200651,0,35.985211302401304,Moderate,28.788169041921044,Low
450,2026-06-07 21:00:00,99.0,80.62744155904788,0,35.92548831180957,Moderate,28.74039064944766,Low
451,2026-02-16 00:00:00,92.0,87.60679338892218,0,35.92135867778444,Moderate,28.737086942227553,Low
452,2026-01-09 12:00:00,96.25,83.21654735963226,0,35.89330947192645,Moderate,28.71464757754116,Low
453,2026-03-10 21:00:00,103.5,75.86789810765852,0,35.873579621531704,Moderate,28.698863697225363,Low
454,2026-03-10 20:00:00,105.25,73.88918831561965,0,35.82783766312393,Moderate,28.662270130499145,Low
455,2026-02-24 03:00:00,95.75,83.21466536779499,0,35.792933073559,Moderate,28.6343464588472,Low
456,2026-05-18 10:00:00,98.75,80.14382086344585,0,35.77876417268917,Moderate,28.62301133815134,Low
457,2026-01-23 09:00:00,67.75,110.85508518140901,0,35.72101703628181,Moderate,28.576813629025448,Low
458,2026-01-13 00:00:00,94.5,84.03134783507284,0,35.706269567014566,Moderate,28.565015653611653,Low
459,2026-03-06 09:00:00,85.75,92.73083895925603,0,35.69616779185121,Moderate,28.55693423348097,Low
460,2026-04-26 09:00:00,87.25,91.14793023279583,0,35.679586046559166,Moderate,28.543668837247335,Low
461,2026-03-03 21:00:00,98.0,80.29794702747279,0,35.65958940549456,Moderate,28.527671524395647,Low
462,2026-06-16 18:00:00,95.5,82.69596079621297,0,35.6391921592426,Moderate,28.51135372739408,Low
463,2026-02-25 08:00:00,102.25,75.82009459501727,0,35.614018919003456,Moderate,28.491215135202765,Low
464,2026-05-16 21:00:00,108.0,69.95518591065792,0,35.591037182131586,Moderate,28.47282974570527,Low
465,2026-02-25 02:00:00,87.25,90.66057571707324,0,35.582115143414654,Moderate,28.465692114731723,Low
466,2026-03-01 22:00:00,86.0,91.72318071381287,0,35.54463614276257,Moderate,28.435708914210057,Low
467,2026-02-25 22:00:00,95.75,81.83266718459961,0,35.51653343691992,Moderate,28.413226749535937,Low
468,2026-03-11 20:00:00,97.5,79.98830391802807,0,35.49766078360561,Moderate,28.39812862688449,Low
469,2026-02-16 01:00:00,86.0,91.46301545585663,0,35.492603091171326,Moderate,28.39408247293706,Low
470,2026-06-15 21:00:00,95.25,82.11669995281876,0,35.47333999056376,Moderate,28.378671992451007,Low
471,2026-03-06 22:00:00,85.75,91.54117202520166,0,35.45823440504033,Moderate,28.366587524032266,Low
472,2026-02-17 08:00:00,100.5,76.60871061000829,0,35.42174212200166,Moderate,28.33739369760133,Low
473,2026-03-09 01:00:00,106.75,70.13413516793594,0,35.37682703358719,Moderate,28.301461626869752,Low
474,2026-03-13 02:00:00,101.25,75.48141118117707,0,35.34628223623541,Moderate,28.27702578898833,Low
475,2026-05-24 08:00:00,89.5,87.21804987131065,0,35.34360997426213,Moderate,28.274887979409705,Low
476,2026-03-02 16:00:00,96.5,80.04896738809542,0,35.30979347761908,Moderate,28.247834782095268,Low
477,2026-01-16 08:00:00,78.75,97.71550603861984,0,35.293101207723964,Moderate,28.234480966179174,Low
478,2026-01-07 06:00:00,94.75,81.6960918137251,0,35.28921836274502,Moderate,28.231374690196017,Low
479,2026-06-04 02:00:00,92.25,84.13270473937803,0,35.2765409478756,Moderate,28.221232758300484,Low
480,2026-01-10 11:00:00,73.5,102.8440851896422,0,35.26881703792844,Moderate,28.215053630342755,Low
481,2026-02-09 09:00:00,96.75,79.50934328889534,0,35.25186865777907,Moderate,28.20149492622326,Low
482,2026-02-18 05:00:00,107.25,68.98379984072955,0,35.24675996814591,Moderate,28.19740797451673,Low
483,2026-03-13 01:00:00,107.5,68.71300606614106,0,35.24260121322821,Moderate,28.194080970582572,Low
484,2026-01-06 12:00:00,92.5,83.66537930485177,0,35.23307586097036,Moderate,28.18646068877629,Low
485,2026-02-16 08:00:00,100.75,75.3857407087562,0,35.22714814175124,Moderate,28.181718513400995,Low
486,2026-02-11 23:00:00,94.0,82.0462929891603,0,35.20925859783206,Moderate,28.167406878265652,Low
487,2026-01-06 14:00:00,89.5,86.54286377878658,0,35.20857275575732,Moderate,28.166858204605855,Low
488,2026-03-11 02:00:00,92.5,83.53601254390965,0,35.20720250878193,Moderate,28.16576200702555,Low
489,2026-02-15 10:00:00,84.5,91.53443935706464,0,35.20688787141293,Moderate,28.165510297130346,Low
490,2026-06-08 17:00:00,90.25,85.7491277653818,0,35.199825553076366,Moderate,28.159860442461095,Low
491,2026-04-26 08:00:00,88.0,87.85022406100596,0,35.17004481220119,Moderate,28.136035849760955,Low
492,2026-01-14 02:00:00,91.5,84.15956237866999,0,35.131912475734,Moderate,28.1055299805872,Low
493,2026-02-27 22:00:00,103.0,72.61008132436898,0,35.1220162648738,Moderate,28.097613011899043,Low
494,2026-04-25 00:00:00,110.5,64.98714462492754,0,35.09742892498551,Moderate,28.077943139988406,Low
495,2026-03-05 23:00:00,92.25,83.19736657998034,0,35.08947331599607,Moderate,28.071578652796855,Low
496,2026-03-18 08:00:00,91.25,84.15530624065124,0,35.08106124813025,Moderate,28.0648489985042,Low
497,2026-03-10 08:00:00,99.0,76.23006008680863,0,35.04601201736173,Moderate,28.03680961388939,Low
498,2026-02-17 20:00:00,101.0,73.7930338960846,0,34.95860677921692,Moderate,27.96688542337354,Low
499,2026-03-03 13:00:00,104.75,70.03436624193684,0,34.95687324838737,Moderate,27.965498598709896,Low
500,2026-01-12 09:00:00,92.0,82.63571740493953,0,34.92714348098791,Moderate,27.941714784790328,Low
501,2026-03-07 08:00:00,106.5,68.08311154071795,0,34.91662230814359,Moderate,27.933297846514872,Low
502,2026-03-01 00:00:00,77.5,97.07652223437852,0,34.9153044468757,Moderate,27.932243557500563,Low
503,2026-03-09 02:00:00,110.25,64.11337099464829,0,34.87267419892966,Moderate,27.898139359143727,Low
504,2026-03-11 01:00:00,95.75,78.57895419181149,0,34.8657908383623,Moderate,27.892632670689842,Low
505,2026-02-17 02:00:00,103.0,71.28320340833253,0,34.856640681666505,Moderate,27.885312545333207,Low
506,2026-03-11 21:00:00,100.5,73.77917749203829,0,34.85583549840766,Moderate,27.884668398726127,Low
507,2026-03-05 09:00:00,97.5,76.77759661648176,0,34.85551932329635,Moderate,27.88441545863708,Low
508,2026-03-08 05:00:00,98.5,75.57645871825045,0,34.81529174365009,Moderate,27.852233394920077,Low
509,2026-03-10 10:00:00,90.5,83.54239729352864,0,34.80847945870573,Moderate,27.84678356696459,Low
510,2026-03-01 21:00:00,88.0,86.01632871374541,0,34.80326574274908,Moderate,27.842612594199267,Low
511,2026-01-16 09:00:00,81.5,92.39883140711325,0,34.779766281422646,Moderate,27.82381302513812,Low
512,2026-01-05 04:00:00,87.75,85.83834671397116,0,34.717669342794224,Moderate,27.77413547423538,Low
513,2026-03-11 10:00:00,94.0,79.54466043219985,0,34.708932086439965,Moderate,27.767145669151972,Low
514,2026-02-09 00:00:00,94.5,78.9999319256621,0,34.69998638513242,Moderate,27.759989108105938,Low
515,2026-03-05 11:00:00,90.5,82.88142789459607,0,34.67628557891922,Moderate,27.74102846313538,Low
516,2026-02-01 23:00:00,86.25,87.03659231569742,0,34.65731846313948,Moderate,27.72585477051159,Low
517,2026-03-08 04:00:00,97.25,75.9159922520335,0,34.6331984504067,Moderate,27.706558760325365,Low
518,2026-01-05 06:00:00,70.5,102.6579594769205,0,34.6315918953841,Moderate,27.70527351630728,Low
519,2026-04-13 03:00:00,80.0,93.08610479619173,0,34.61722095923835,Moderate,27.693776767390684,Low
520,2026-01-13 20:00:00,88.5,84.4373096536894,0,34.587461930737874,Moderate,27.669969544590302,Low
521,2026-05-23 22:00:00,105.75,67.05918926634023,0,34.561837853268045,Moderate,27.649470282614438,Low
522,2026-02-25 03:00:00,79.75,93.02678665453173,0,34.55535733090635,Moderate,27.644285864725077,Low
523,2026-02-16 21:00:00,98.75,73.98095243941522,0,34.546190487883045,Moderate,27.636952390306437,Low
524,2026-06-08 16:00:00,85.5,87.19501807458448,0,34.53900361491689,Moderate,27.631202891933516,Low
525,2026-03-05 10:00:00,91.5,81.07518581457774,0,34.51503716291555,Moderate,27.612029730332438,Low
526,2026-06-02 22:00:00,87.75,84.77381657441867,0,34.50476331488373,Moderate,27.603810651906986,Low
527,2026-02-08 23:00:00,95.5,77.00334089694941,0,34.500668179389876,Moderate,27.600534543511902,Low
528,2026-03-29 22:00:00,86.0,86.44905580326709,0,34.48981116065342,Moderate,27.591848928522737,Low
529,2026-02-11 09:00:00,85.75,86.69247817065971,0,34.488495634131944,Moderate,27.590796507305555,Low
530,2026-03-13 00:00:00,99.25,73.1335540029336,0,34.47671080058672,Moderate,27.58136864046938,Low
531,2026-06-07 22:00:00,94.75,77.59541752772328,0,34.46908350554466,Moderate,27.575266804435728,Low
532,2026-01-05 10:00:00,74.75,97.44168534764528,0,34.438337069529055,Moderate,27.550669655623246,Low
533,2026-06-27 18:00:00,41.25,130.83313563281516,0,34.41662712656303,Moderate,27.533301701250423,Low
534,2026-06-20 14:00:00,109.5,62.58075753499053,0,34.416151506998105,Moderate,27.532921205598484,Low
535,2026-05-24 00:00:00,96.25,75.692567007694,0,34.3885134015388,Moderate,27.510810721231042,Low
536,2026-03-12 02:00:00,101.0,70.92041942345433,0,34.38408388469087,Moderate,27.507267107752696,Low
537,2026-03-02 10:00:00,94.75,77.1702736850699,0,34.38405473701398,Moderate,27.507243789611188,Low
538,2026-01-22 09:00:00,90.25,81.46241009146736,0,34.342482018293474,Moderate,27.47398561463478,Low
539,2026-02-28 00:00:00,87.25,84.3417457918977,0,34.31834915837954,Moderate,27.454679326703634,Low
540,2026-05-24 07:00:00,101.0,70.43338640422799,0,34.286677280845595,Moderate,27.429341824676477,Low
541,2026-01-15 19:00:00,89.25,82.12138798763574,0,34.274277597527146,Moderate,27.419422078021718,Low
542,2026-02-25 21:00:00,78.75,92.56210451754824,0,34.26242090350965,Moderate,27.40993672280772,Low
543,2026-06-03 20:00:00,106.5,64.80068704043404,0,34.260137408086806,Moderate,27.408109926469447,Low
544,2026-01-07 18:00:00,86.5,84.79213236864933,0,34.25842647372987,Moderate,27.406741178983896,Low
545,2026-03-01 23:00:00,83.75,87.49673639276418,0,34.24934727855283,Moderate,27.399477822842268,Low
546,2026-03-29 23:00:00,80.25,90.91730843128775,0,34.23346168625755,Moderate,27.38676934900604,Low
547,2026-05-07 23:00:00,89.75,81.30154034995888,0,34.21030806999178,Moderate,27.36824645599343,Low
548,2026-01-02 09:00:00,88.75,82.2994754888113,0,34.20989509776226,Moderate,27.367916078209806,Low
549,2026-02-24 10:00:00,79.25,91.68216488232545,0,34.18643297646509,Moderate,27.349146381172076,Low
550,2026-02-02 01:00:00,85.25,85.2829312679764,0,34.10658625359528,Moderate,27.285269002876227,Low
551,2026-03-03 15:00:00,87.5,82.87598418709247,0,34.07519683741849,Moderate,27.260157469934793,Low
552,2026-01-14 08:00:00,87.25,83.10911118935859,0,34.07182223787172,Moderate,27.25745779029738,Low
553,2026-03-03 14:00:00,88.25,81.83780187211289,0,34.01756037442257,Moderate,27.21404829953806,Low
554,2026-01-06 17:00:00,89.0,81.03137862045187,0,34.00627572409037,Moderate,27.2050205792723,Low
555,2026-03-02 11:00:00,87.5,82.43556852087141,0,33.987113704174284,Moderate,27.18969096333943,Low
556,2026-02-06 23:00:00,91.75,77.76091297127746,0,33.90218259425549,Moderate,27.121746075404396,Low
557,2026-06-08 18:00:00,91.0,78.4584481788749,0,33.89168963577498,Moderate,27.113351708619987,Low
558,2026-01-14 20:00:00,83.25,86.18777073814421,0,33.88755414762884,Moderate,27.110043318103074,Low
559,2026-02-10 08:00:00,96.25,73.04855654972191,0,33.85971130994438,Moderate,27.087769047955504,Low
560,2026-02-11 10:00:00,80.5,88.65566552786598,0,33.8311331055732,Moderate,27.06490648445856,Low
561,2026-01-01 19:00:00,89.5,79.58705770977272,0,33.81741154195454,Moderate,27.053929233563636,Low
562,2026-01-23 10:00:00,69.0,99.74604597065542,0,33.74920919413108,Moderate,26.99936735530487,Low
563,2026-01-06 15:00:00,87.0,81.5357970039852,0,33.70715940079704,Moderate,26.965727520637632,Low
564,2026-03-25 21:00:00,77.25,91.27903076269544,0,33.70580615253909,Moderate,26.964644922031273,Low
565,2026-03-09 11:00:00,94.75,73.76819879844274,0,33.70363975968855,Moderate,26.962911807750842,Low
566,2026-02-27 10:00:00,88.0,80.48589468736778,0,33.69717893747355,Moderate,26.957743149978842,Low
567,2026-05-26 17:00:00,37.25,131.22661739126633,0,33.695323478253265,Moderate,26.956258782602614,Low
568,2026-03-30 09:00:00,85.25,83.22346463034538,0,33.69469292606908,Moderate,26.955754340855265,Low
569,2026-04-17 00:00:00,100.0,68.36588238779206,0,33.673176477558414,Moderate,26.938541182046734,Low
570,2026-03-09 08:00:00,91.0,77.28716130614885,0,33.65743226122977,Moderate,26.92594580898382,Low
571,2026-05-07 22:00:00,94.5,73.75502018847402,0,33.651004037694804,Moderate,26.920803230155844,Low
572,2026-01-05 05:00:00,75.75,92.474440601237,0,33.6448881202474,Moderate,26.915910496197924,Low
573,2026-01-11 08:00:00,79.0,89.118390567966,0,33.6236781135932,Moderate,26.89894249087456,Low
574,2026-06-08 11:00:00,102.75,65.35345166662422,0,33.620690333324845,Moderate,26.896552266659878,Low
575,2026-03-02 21:00:00,85.25,82.7903684354497,0,33.60807368708994,Moderate,26.886458949671955,Low
576,2026-03-03 10:00:00,86.5,81.39587851910797,0,33.57917570382159,Moderate,26.863340563057275,Low
577,2026-04-17 22:00:00,78.0,89.83727789219472,0,33.567455578438945,Moderate,26.853964462751158,Low
578,2026-05-13 21:00:00,82.25,85.42624822139227,0,33.53524964427845,Moderate,26.828199715422762,Low
579,2026-01-28 22:00:00,28.0,139.67027334656083,0,33.53405466931217,Moderate,26.827243735449738,Low
580,2026-01-02 10:00:00,92.5,75.15517820576468,0,33.53103564115294,Moderate,26.824828512922352,Low
581,2026-03-09 22:00:00,91.5,76.14825279382336,0,33.52965055876467,Moderate,26.823720447011738,Low
582,2026-03-07 00:00:00,83.75,83.86382535090351,0,33.522765070180704,Moderate,26.818212056144564,Low
583,2026-05-25 20:00:00,90.0,77.42230996087243,0,33.48446199217449,Moderate,26.78756959373959,Low
584,2026-02-12 00:00:00,88.0,79.35892736641671,0,33.47178547328335,Moderate,26.77742837862668,Low
585,2026-01-07 07:00:00,86.25,80.99658004338859,0,33.44931600867772,Moderate,26.75945280694218,Low
586,2026-06-09 01:00:00,76.25,90.96810682675465,0,33.44362136535093,Moderate,26.754897092280743,Low
587,2026-03-07 10:00:00,77.5,89.68594607622965,0,33.43718921524593,Moderate,26.749751372196744,Low
588,2026-03-01 17:00:00,79.75,87.28205259659296,0,33.40641051931859,Moderate,26.725128415454876,Low
589,2026-01-22 11:00:00,83.25,83.76136898863507,0,33.40227379772701,Moderate,26.72181903818161,Low
590,2026-05-25 22:00:00,95.75,71.25791931818185,0,33.40158386363637,Moderate,26.721267090909095,Low
591,2026-04-13 04:00:00,76.0,90.86300826362097,0,33.37260165272419,Moderate,26.698081322179355,Low
592,2026-01-11 22:00:00,72.0,94.84675503090126,0,33.36935100618025,Moderate,26.695480804944204,Low
593,2026-02-27 09:00:00,86.25,80.54925047706496,0,33.359850095412995,Moderate,26.687880076330398,Low
594,2026-03-06 23:00:00,81.5,85.25145997533033,0,33.350291995066065,Moderate,26.680233596052854,Low
595,2026-03-30 08:00:00,85.25,81.48126989469333,0,33.34625397893866,Moderate,26.67700318315093,Low
596,2026-03-12 21:00:00,83.25,83.45733214360372,0,33.34146642872074,Moderate,26.673173142976594,Low
597,2026-03-06 00:00:00,84.25,82.40389607322543,0,33.33077921464509,Moderate,26.664623371716075,Low
598,2026-02-11 20:00:00,92.0,74.61318977425071,0,33.322637954850144,Moderate,26.658110363880116,Low
599,2026-03-11 08:00:00,86.75,79.7926470918419,0,33.30852941836838,Moderate,26.646823534694704,Low
600,2026-03-10 01:00:00,89.33,77.14397790521157,0,33.294795581042315,Moderate,26.635836464833854,Low
601,2026-02-28 01:00:00,85.25,81.20786085386379,0,33.29157217077276,Moderate,26.63325773661821,Low
602,2026-03-29 09:00:00,90.75,75.62131757350856,0,33.274263514701715,Moderate,26.619410811761373,Low
603,2026-01-09 11:00:00,86.0,80.27832733432082,0,33.25566546686416,Moderate,26.604532373491327,Low
604,2026-01-11 12:00:00,84.5,81.7492328044714,0,33.249846560894284,Moderate,26.59987724871543,Low
605,2026-06-15 19:00:00,88.5,77.71236715468517,0,33.24247343093703,Moderate,26.593978744749627,Low
606,2026-05-28 12:00:00,96.5,69.6850248909906,0,33.23700497819812,Moderate,26.5896039825585,Low
607,2026-03-13 09:00:00,85.25,80.92902192023351,0,33.2358043840467,Moderate,26.588643507237364,Low
608,2026-05-14 01:00:00,92.5,73.62136398409513,0,33.22427279681902,Moderate,26.57941823745522,Low
609,2026-06-17 00:00:00,93.25,72.82893893762213,0,33.21578778752442,Moderate,26.572630230019538,Low
610,2026-03-11 09:00:00,86.75,79.26898227093174,0,33.203796454186346,Moderate,26.56303716334908,Low
611,2026-02-28 20:00:00,79.75,86.2450171639499,0,33.19900343278998,Moderate,26.559202746231986,Low
612,2026-02-01 20:00:00,95.75,70.20318114124733,0,33.19063622824946,Moderate,26.55250898259957,Low
613,2026-02-25 11:00:00,86.75,79.19164100025554,0,33.18832820005111,Moderate,26.55066256004089,Low
614,2026-04-18 09:00:00,80.75,85.14481933756609,0,33.17896386751322,Moderate,26.543171094010575,Low
615,2026-05-16 22:00:00,89.75,76.09464806418443,0,33.168929612836884,Moderate,26.535143690269507,Low
616,2026-05-24 09:00:00,89.25,76.5899719288425,0,33.167994385768495,Moderate,26.534395508614796,Low
617,2026-05-24 01:00:00,92.25,73.57249293661818,0,33.164498587323635,Moderate,26.53159886985891,Low
618,2026-06-15 13:00:00,92.5,73.29901204091335,0,33.15980240818267,Moderate,26.527841926546138,Low
619,2026-06-07 23:00:00,90.5,75.2602648474792,0,33.15205296949584,Moderate,26.521642375596674,Low
620,2026-03-25 22:00:00,75.25,90.48348131684753,0,33.146696263369506,Moderate,26.517357010695605,Low
621,2026-01-15 02:00:00,86.25,79.37927551215857,0,33.125855102431714,Moderate,26.500684081945373,Low
622,2026-01-27 20:00:00,80.5,84.99849897964602,0,33.099699795929205,Moderate,26.479759836743366,Low
623,2026-03-10 19:00:00,93.75,71.71721163171694,0,33.093442326343386,Moderate,26.47475386107471,Low
624,2026-06-15 20:00:00,90.25,75.10900310853077,0,33.07180062170615,Moderate,26.457440497364924,Low
625,2026-01-11 21:00:00,70.75,94.53022748993865,0,33.05604549798773,Moderate,26.444836398390187,Low
626,2026-06-15 16:00:00,87.0,78.27357921342457,0,33.054715842684914,Moderate,26.443772674147933,Low
627,2026-05-25 23:00:00,85.25,79.97685391627186,0,33.04537078325437,Moderate,26.436296626603497,Low
628,2026-03-03 22:00:00,83.25,81.94781380600334,0,33.03956276120066,Moderate,26.431650208960534,Low
629,2026-03-30 21:00:00,87.0,78.10382625440539,0,33.02076525088108,Moderate,26.41661220070486,Low
630,2026-01-09 13:00:00,81.25,83.83936182489882,0,33.017872364979766,Moderate,26.414297891983814,Low
631,2026-02-15 20:00:00,77.0,88.07370822668759,0,33.014741645337516,Moderate,26.411793316270014,Low
632,2026-03-23 08:00:00,102.25,62.71828679427462,0,32.99365735885492,Moderate,26.394925887083936,Low
633,2026-03-10 07:00:00,92.5,72.38278216081639,0,32.97655643216328,Moderate,26.381245145730624,Low
634,2026-01-06 16:00:00,87.75,77.11651958268524,0,32.97330391653705,Moderate,26.37864313322964,Low
635,2026-03-25 23:00:00,76.0,88.82615460593863,0,32.965230921187725,Moderate,26.37218473695018,Low
636,2026-03-30 10:00:00,85.0,79.77680217686745,0,32.95536043537349,Moderate,26.364288348298796,Low
637,2026-03-11 00:00:00,93.25,71.44161996946843,0,32.93832399389368,Moderate,26.350659195114947,Low
638,2026-02-18 04:00:00,99.5,65.17380321305299,0,32.9347606426106,Moderate,26.34780851408848,Low
639,2026-03-12 20:00:00,89.25,75.32947188798256,0,32.915894377596516,Moderate,26.332715502077214,Low
640,2026-01-07 05:00:00,91.0,73.54477901340073,0,32.90895580268015,Moderate,26.32716464214412,Low
641,2026-03-06 10:00:00,76.25,88.23660974149789,0,32.89732194829958,Moderate,26.317857558639663,Low
642,2026-03-10 18:00:00,92.75,71.6031682973483,0,32.87063365946966,Moderate,26.29650692757573,Low
643,2026-02-26 01:00:00,79.25,84.98119785700978,0,32.84623957140195,Moderate,26.276991657121563,Low
644,2026-03-07 01:00:00,80.5,83.69382951423643,0,32.838765902847285,Moderate,26.27101272227783,Low
645,2026-04-17 21:00:00,87.0,77.18055378594607,0,32.83611075718921,Moderate,26.26888860575137,Low
646,2026-03-06 08:00:00,88.0,76.12807963120054,0,32.82561592624011,Moderate,26.260492740992092,Low
647,2026-03-10 13:00:00,89.75,74.3735471660542,0,32.82470943321084,Moderate,26.259767546568675,Low
648,2026-05-24 10:00:00,82.25,81.86044676735041,0,32.82208935347008,Moderate,26.257671482776068,Low
649,2026-01-16 06:00:00,89.5,74.45779095866546,0,32.79155819173309,Moderate,26.233246553386472,Low
650,2026-05-06 19:00:00,84.25,79.65535006475771,0,32.781070012951545,Moderate,26.224856010361236,Low
651,2026-03-10 22:00:00,95.25,68.59576905793688,0,32.76915381158737,Moderate,26.215323049269898,Low
652,2026-03-01 20:00:00,74.25,89.53172192020382,0,32.756344384040766,Moderate,26.205075507232614,Low
653,2026-02-26 09:00:00,85.25,78.51158025853903,0,32.75231605170781,Moderate,26.201852841366247,Low
654,2026-03-10 00:00:00,87.5,76.21832264101494,0,32.743664528202984,Moderate,26.19493162256239,Low
655,2026-05-13 23:00:00,71.0,92.61869249310294,0,32.72373849862059,Moderate,26.178990798896475,Low
656,2026-01-07 09:00:00,82.75,80.8273335803268,0,32.715466716065364,Moderate,26.17237337285229,Low
657,2026-02-02 00:00:00,86.25,77.30929650730788,0,32.71185930146157,Moderate,26.16948744116926,Low
658,2026-03-18 07:00:00,67.75,95.62895981610005,0,32.67579196322001,Moderate,26.140633570576007,Low
659,2026-03-02 22:00:00,80.0,83.31005034260411,0,32.66201006852082,Moderate,26.129608054816657,Low
660,2026-03-26 21:00:00,76.75,86.35542314244938,0,32.621084628489875,Moderate,26.0968677027919,Low
661,2026-03-12 10:00:00,80.0,82.96100490699513,0,32.592200981399024,Moderate,26.07376078511922,Low
662,2026-02-25 20:00:00,91.75,71.19033882890082,0,32.58806776578017,Moderate,26.070454212624135,Low
663,2026-04-18 08:00:00,84.5,78.36917176929242,0,32.57383435385849,Moderate,26.059067483086793,Low
664,2026-01-05 18:00:00,79.5,83.22519819295677,0,32.545039638591355,Moderate,26.036031710873086,Low
665,2026-02-16 10:00:00,75.75,86.82774072329283,0,32.51554814465857,Moderate,26.012438515726856,Low
666,2026-01-13 08:00:00,88.25,74.06475803783943,0,32.46295160756789,Moderate,25.970361286054313,Low
667,2026-03-08 21:00:00,88.5,73.80654364230388,0,32.46130872846078,Moderate,25.969046982768624,Low
668,2026-01-22 02:00:00,76.75,85.44028625110576,0,32.43805725022115,Moderate,25.950445800176922,Low
669,2026-05-07 20:00:00,92.25,69.92912764550269,0,32.43582552910054,Moderate,25.948660423280433,Low
670,2026-03-11 11:00:00,85.0,76.76745107281201,0,32.3534902145624,Moderate,25.88279217164992,Low
671,2026-03-10 14:00:00,84.75,76.97775628948649,0,32.3455512578973,Moderate,25.87644100631784,Low
672,2026-01-02 08:00:00,88.0,73.6722429269786,0,32.33444858539572,Moderate,25.86755886831658,Low
673,2026-01-01 22:00:00,94.25,67.31599284724825,0,32.31319856944965,Moderate,25.850558855559726,Low
674,2026-01-02 11:00:00,86.0,75.48329580326225,0,32.29665916065245,Moderate,25.837327328521965,Low
675,2026-01-10 09:00:00,97.5,63.944870355505934,0,32.28897407110119,Moderate,25.83117925688095,Low
676,2026-03-08 11:00:00,81.75,79.6364832233689,0,32.27729664467378,Moderate,25.821837315739028,Low
677,2026-01-07 08:00:00,81.5,79.70702370720433,0,32.24140474144086,Moderate,25.793123793152688,Low
678,2026-02-25 23:00:00,79.5,81.67047036797153,0,32.23409407359431,Moderate,25.787275258875447,Low
679,2026-01-23 01:00:00,68.75,92.34664730826167,0,32.219329461652336,Moderate,25.77546356932187,Low
680,2026-06-15 17:00:00,86.25,74.73846898166771,0,32.19769379633354,Moderate,25.75815503706683,Low
681,2026-06-16 15:00:00,94.0,66.90494972799304,0,32.180989945598604,Moderate,25.744791956478885,Low
682,2026-03-04 11:00:00,85.75,75.07996288875839,0,32.16599257775168,Moderate,25.732794062201346,Low
683,2026-01-14 19:00:00,77.0,83.77745463989054,0,32.15549092797811,Moderate,25.724392742382488,Low
684,2026-01-06 10:00:00,75.75,84.92901857733398,0,32.13580371546679,Moderate,25.708642972373436,Low
685,2026-03-09 23:00:00,90.0,70.66830743175343,0,32.13366148635069,Moderate,25.706929189080554,Low
686,2026-06-04 22:00:00,78.75,81.77626585575779,0,32.10525317115156,Moderate,25.684202536921248,Low
687,2026-05-23 19:00:00,96.25,64.2510288006548,0,32.10020576013096,Moderate,25.68016460810477,Low
688,2026-03-11 07:00:00,89.5,70.97049703302112,0,32.09409940660422,Moderate,25.67527952528338,Low
689,2026-06-03 22:00:00,75.0,85.37769291933576,0,32.07553858386715,Moderate,25.660430867093723,Low
690,2026-03-10 17:00:00,92.25,68.09054794737176,0,32.06810958947435,Moderate,25.654487671579485,Low
691,2026-01-14 07:00:00,74.5,85.83055043639503,0,32.06611008727901,Moderate,25.652888069823206,Low
692,2026-06-07 20:00:00,96.0,64.31092805874215,0,32.06218561174843,Moderate,25.649748489398746,Low
693,2026-05-21 23:00:00,95.25,65.03936017917268,0,32.057872035834535,Moderate,25.64629762866763,Low
694,2026-01-07 10:00:00,80.5,79.78866420062128,0,32.05773284012426,Moderate,25.64618627209941,Low
695,2026-04-27 02:00:00,74.0,86.15913360168348,0,32.031826720336696,Moderate,25.625461376269357,Low
696,2026-03-26 20:00:00,80.0,80.14630508882755,0,32.029261017765506,Moderate,25.623408814212407,Low
697,2026-01-15 12:00:00,92.75,67.31104572668572,0,32.012209145337145,Moderate,25.609767316269718,Low
698,2026-01-23 20:00:00,63.25,96.7545963148421,0,32.000919262968424,Moderate,25.60073541037474,Low
699,2026-01-11 02:00:00,82.75,77.21863958656928,0,31.993727917313855,Moderate,25.594982333851085,Low
700,2026-01-06 11:00:00,84.75,75.17375876137913,0,31.984751752275827,Moderate,25.587801401820663,Low
701,2026-02-17 04:00:00,93.75,66.16125862909746,0,31.982251725819495,Moderate,25.585801380655596,Low
702,2026-03-05 20:00:00,90.5,69.36111646022003,0,31.972223292044006,Moderate,25.577778633635205,Low
703,2026-06-17 08:00:00,82.75,77.00529761497418,0,31.951059522994836,Moderate,25.56084761839587,Low
704,2026-02-08 22:00:00,79.75,79.991948287229,0,31.948389657445798,Moderate,25.55871172595664,Low
705,2026-04-13 09:00:00,65.5,94.00397491973949,0,31.900794983947897,Moderate,25.520635987158318,Low
706,2026-01-07 11:00:00,83.5,75.94895272455805,0,31.88979054491161,Moderate,25.51183243592929,Low
707,2026-01-07 12:00:00,84.0,75.41334029597382,0,31.882668059194767,Moderate,25.506134447355816,Low
708,2026-04-19 07:00:00,70.0,89.19150888096588,0,31.838301776193177,Moderate,25.470641420954543,Low
709,2026-01-21 20:00:00,81.25,77.81722628866976,0,31.813445257733953,Moderate,25.450756206187165,Low
710,2026-05-10 22:00:00,56.75,102.26610686968017,0,31.803221373936033,Moderate,25.442577099148828,Low
711,2026-02-26 10:00:00,81.0,78.01265114472413,0,31.80253022894483,Moderate,25.442024183155866,Low
712,2026-06-02 21:00:00,91.0,67.93730880984874,0,31.787461761969748,Moderate,25.4299694095758,Low
713,2026-03-29 10:00:00,88.25,70.68528842433562,0,31.787057684867122,Moderate,25.4296461478937,Low
714,2026-03-12 09:00:00,79.5,79.42715210913245,0,31.78543042182649,Moderate,25.428344337461194,Low
715,2026-06-15 15:00:00,78.75,80.02196186046636,0,31.75439237209327,Moderate,25.403513897674618,Low
716,2026-03-24 21:00:00,86.0,72.68928595963224,0,31.737857191926448,Moderate,25.39028575354116,Low
717,2026-02-10 20:00:00,71.25,87.34726123365077,0,31.719452246730157,Moderate,25.375561797384126,Low
718,2026-04-17 09:00:00,82.75,75.37425204068911,0,31.624850408137824,Moderate,25.299880326510262,Low
719,2026-06-04 07:00:00,69.5,88.5965657803421,0,31.61931315606842,Moderate,25.295450524854736,Low
720,2026-01-08 17:00:00,79.5,78.28113351557066,0,31.55622670311413,Moderate,25.244981362491306,Low
721,2026-03-29 08:00:00,94.25,63.49848644309682,0,31.549697288619367,Moderate,25.239757830895496,Low
722,2026-04-29 15:00:00,115.0,42.713647133228335,0,31.542729426645664,Moderate,25.234183541316533,Low
723,2026-03-10 11:00:00,89.75,67.90723359633088,0,31.531446719266178,Moderate,25.225157375412945,Low
724,2026-01-12 12:00:00,82.0,75.62008290337505,0,31.52401658067501,Moderate,25.21921326454001,Low
725,2026-03-11 03:00:00,82.5,75.08674452535652,0,31.5173489050713,Moderate,25.213879124057044,Low
726,2026-06-16 12:00:00,81.75,75.53842747325774,0,31.45768549465155,Moderate,25.16614839572124,Low
727,2026-01-11 20:00:00,67.25,89.97032233871883,0,31.444064467743765,Moderate,25.155251574195013,Low
728,2026-06-08 01:00:00,78.0,79.02527059141136,0,31.405054118282273,Moderate,25.12404329462582,Low
729,2026-06-16 13:00:00,77.75,79.26788901585267,0,31.403577803170535,Moderate,25.122862242536428,Low
730,2026-01-02 20:00:00,52.0,104.97626886191875,0,31.395253772383754,Moderate,25.116203017907004,Low
731,2026-03-18 21:00:00,77.0,79.94234654195758,0,31.388469308391514,Moderate,25.110775446713212,Low
732,2026-01-23 08:00:00,58.25,98.61676281206907,0,31.373352562413814,Moderate,25.098682049931053,Low
733,2026-02-10 22:00:00,73.5,83.34518566076433,0,31.369037132152865,Moderate,25.095229705722293,Low
734,2026-05-07 00:00:00,58.5,98.09745563609698,0,31.319491127219397,Moderate,25.05559290177552,Low
735,2026-02-28 07:00:00,89.0,67.49404004280846,0,31.298808008561693,Moderate,25.039046406849355,Low
736,2026-03-22 23:00:00,93.75,62.6749783270107,0,31.28499566540214,Moderate,25.027996532321712,Low
737,2026-02-18 02:00:00,85.25,71.08809904847315,0,31.26761980969463,Moderate,25.014095847755705,Low
738,2026-02-24 07:00:00,69.25,86.91418640631372,0,31.232837281262746,Moderate,24.986269825010197,Low
739,2026-03-12 01:00:00,89.5,66.59679183421831,0,31.219358366843657,Moderate,24.975486693474927,Low
740,2026-06-04 01:00:00,85.25,70.80604573311763,0,31.211209146623524,Moderate,24.96896731729882,Low
741,2026-04-26 10:00:00,67.75,88.30113344758134,0,31.21022668951627,Moderate,24.968181351613016,Low
742,2026-03-31 04:00:00,82.5,73.52714677181166,0,31.20542935436233,Moderate,24.964343483489866,Low
743,2026-03-09 03:00:00,93.75,62.2436411167497,0,31.19872822334994,Moderate,24.95898257867995,Low
744,2026-06-17 09:00:00,84.75,71.21674003432656,0,31.193348006865314,Moderate,24.954678405492253,Low
745,2026-01-02 16:00:00,74.75,81.19643499465157,0,31.189286998930314,Moderate,24.95142959914425,Low
746,2026-03-10 06:00:00,90.0,65.94048876484256,0,31.18809775296851,Moderate,24.95047820237481,Low
747,2026-05-13 16:00:00,93.5,62.41559319630462,0,31.183118639260925,Moderate,24.94649491140874,Low
748,2026-03-29 21:00:00,74.0,81.79434235853955,0,31.158868471707912,Moderate,24.92709477736633,Low
749,2026-06-15 00:00:00,96.75,59.03436394531396,0,31.156872789062795,Moderate,24.925498231250238,Low
750,2026-03-30 11:00:00,80.0,75.73109430849799,0,31.146218861699595,Moderate,24.916975089359678,Low
751,2026-01-09 18:00:00,69.0,86.6942509604542,0,31.138850192090835,Moderate,24.91108015367267,Low
752,2026-02-23 09:00:00,74.25,81.2565386055587,0,31.10130772111174,Moderate,24.881046176889395,Low
753,2026-03-12 11:00:00,71.25,84.2267776532632,0,31.09535553065264,Moderate,24.87628442452211,Low
754,2026-02-18 09:00:00,81.5,73.94835849748502,0,31.089671699497003,Moderate,24.871737359597603,Low
755,2026-01-17 19:00:00,71.25,84.1909318699476,0,31.088186373989522,Moderate,24.87054909919162,Low
756,2026-02-23 00:00:00,89.0,66.42685765767193,0,31.08537153153439,Moderate,24.86829722522751,Low
757,2026-02-15 11:00:00,73.25,82.12215586779763,0,31.074431173559525,Moderate,24.85954493884762,Low
758,2026-04-13 06:00:00,84.25,71.10447325431626,0,31.070894650863252,Moderate,24.8567157206906,Low
759,2026-02-09 08:00:00,87.75,67.47926806765476,0,31.04585361353095,Moderate,24.83668289082476,Low
760,2026-03-10 12:00:00,87.5,67.68567665423737,0,31.037135330847473,Moderate,24.82970826467798,Low
761,2026-04-25 21:00:00,82.25,72.91299215821587,0,31.032598431643173,Moderate,24.82607874531454,Low
762,2026-04-17 23:00:00,67.5,87.54281590700455,0,31.008563181400913,Moderate,24.80685054512073,Low
763,2026-02-26 15:00:00,67.0,87.9886739497395,0,30.9977347899479,Moderate,24.79818783195832,Low
764,2026-03-03 09:00:00,82.25,72.72361533531256,0,30.994723067062512,Moderate,24.795778453650012,Low
765,2026-06-27 23:00:00,98.0,56.946977328770465,0,30.989395465754093,Moderate,24.791516372603276,Low
766,2026-05-07 21:00:00,81.0,73.93555998677252,0,30.987111997354504,Moderate,24.789689597883605,Low
767,2026-03-02 00:00:00,76.0,78.87255017708594,0,30.97451003541719,Moderate,24.779608028333755,Low
768,2026-02-10 21:00:00,70.0,84.79531131489966,0,30.959062262979934,Moderate,24.767249810383948,Low
769,2026-03-24 23:00:00,79.75,74.9959440529545,0,30.949188810590897,Moderate,24.75935104847272,Low
770,2026-04-25 03:00:00,86.5,68.21392903927826,0,30.94278580785565,Moderate,24.75422864628452,Low
771,2026-02-26 20:00:00,80.75,73.95204615210511,0,30.94040923042102,Moderate,24.75232738433682,Low
772,2026-02-27 21:00:00,74.5,80.15268585208383,0,30.93053717041677,Moderate,24.744429736333416,Low
773,2026-06-20 04:00:00,65.5,89.08464081413861,0,30.916928162827723,Moderate,24.73354253026218,Low
774,2026-01-06 21:00:00,74.25,80.17851459147406,0,30.885702918294815,Moderate,24.708562334635854,Low
775,2026-01-07 17:00:00,74.0,80.38320575317465,0,30.87664115063493,Moderate,24.701312920507945,Low
776,2026-02-17 03:00:00,89.5,64.85951808096654,0,30.871903616193308,Moderate,24.697522892954648,Low
777,2026-02-25 04:00:00,77.25,77.09195081234154,0,30.86839016246831,Moderate,24.694712129974647,Low
778,2026-06-17 01:00:00,88.75,65.56595725887055,0,30.86319145177411,Moderate,24.690553161419288,Low
779,2026-02-16 02:00:00,67.5,86.79580840988028,0,30.859161681976055,Moderate,24.687329345580846,Low
780,2026-01-02 21:00:00,54.75,99.47035993642413,0,30.844071987284828,Moderate,24.675257589827865,Low
781,2026-03-29 01:00:00,85.25,68.91827945096175,0,30.83365589019235,Moderate,24.666924712153882,Low
782,2026-06-22 16:00:00,83.25,70.84945015863849,0,30.819890031727695,Moderate,24.655912025382158,Low
783,2026-03-09 12:00:00,86.25,67.73372861931037,0,30.796745723862074,Moderate,24.63739657908966,Low
784,2026-01-13 19:00:00,77.0,76.8947325594483,0,30.778946511889657,Moderate,24.623157209511728,Low
785,2026-01-02 15:00:00,79.0,74.83419183076735,0,30.766838366153472,Moderate,24.61347069292278,Low
786,2026-06-14 22:00:00,89.5,64.2788013178326,0,30.75576026356652,Moderate,24.604608210853215,Low
787,2026-01-27 09:00:00,89.25,64.5213068720025,0,30.754261374400496,Moderate,24.6034090995204,Low
788,2026-03-25 00:00:00,84.25,69.48593842001799,0,30.7471876840036,Moderate,24.59775014720288,Low
789,2026-01-13 12:00:00,69.75,83.97593776892666,0,30.745187553785332,Moderate,24.596150043028267,Low
790,2026-02-22 09:00:00,82.25,71.44687872347136,0,30.73937574469427,Moderate,24.59150059575542,Low
791,2026-01-12 19:00:00,82.5,71.1644604630384,0,30.732892092607678,Moderate,24.586313674086142,Low
792,2026-03-08 12:00:00,80.75,72.87915588481077,0,30.725831176962153,Moderate,24.580664941569722,Low
793,2026-05-24 06:00:00,89.75,63.820613158080306,0,30.71412263161606,Moderate,24.57129810529285,Low
794,2026-04-16 23:00:00,91.5,62.06258175388664,0,30.712516350777328,Moderate,24.570013080621862,Low
795,2026-03-03 23:00:00,70.5,82.99853883288107,0,30.69970776657621,Moderate,24.55976621326097,Low
796,2026-03-11 04:00:00,82.75,70.64548818460295,0,30.67909763692059,Moderate,24.543278109536473,Low
797,2026-03-09 07:00:00,79.5,73.82573006714429,0,30.66514601342886,Moderate,24.53211681074309,Low
798,2026-06-02 19:00:00,68.75,84.52877930485175,0,30.655755860970352,Moderate,24.524604688776282,Low
799,2026-03-30 20:00:00,76.75,76.52479301839118,0,30.654958603678235,Moderate,24.523966882942588,Low
800,2026-03-10 05:00:00,89.25,63.968948018769986,0,30.643789603753994,Moderate,24.515031683003198,Low
801,2026-02-17 12:00:00,70.75,82.45146917253861,0,30.640293834507723,Moderate,24.51223506760618,Low
802,2026-06-02 23:00:00,74.0,79.19406912031819,0,30.63881382406364,Moderate,24.511051059250914,Low
803,2026-02-22 10:00:00,72.75,80.41178283078953,0,30.632356566157906,Moderate,24.505885252926326,Low
804,2026-03-12 03:00:00,85.75,67.27278155479907,0,30.604556310959815,Moderate,24.483645048767855,Low
805,2026-03-10 02:00:00,85.75,67.24466159469313,0,30.598932318938626,Moderate,24.479145855150904,Low
806,2026-06-15 18:00:00,82.25,70.73130817926251,0,30.5962616358525,Moderate,24.477009308682,Low
807,2026-03-26 08:00:00,79.0,73.97686231871783,0,30.59537246374357,Moderate,24.476297970994857,Low
808,2026-01-14 03:00:00,73.75,79.19686751055043,0,30.589373502110085,Moderate,24.47149880168807,Low
809,2026-02-27 20:00:00,87.0,65.94641782860224,0,30.589283565720443,Moderate,24.471426852576357,Low
810,2026-01-23 21:00:00,60.0,92.93816328613009,0,30.587632657226017,Moderate,24.470106125780816,Low
811,2026-05-07 18:00:00,74.25,78.530021980236,0,30.5560043960472,Moderate,24.444803516837762,Low
812,2026-02-28 11:00:00,70.0,82.71003052950634,0,30.54200610590127,Moderate,24.433604884721017,Low
813,2026-06-02 20:00:00,73.25,79.34404768659546,0,30.518809537319093,Moderate,24.415047629855277,Low
814,2026-03-03 11:00:00,78.25,74.3323256588667,0,30.516465131773337,Moderate,24.41317210541867,Low
815,2026-01-06 09:00:00,66.0,86.53735275098826,0,30.507470550197652,Moderate,24.405976440158124,Low
816,2026-03-18 20:00:00,80.25,72.2820067571799,0,30.50640135143598,Moderate,24.405121081148785,Low
817,2026-03-09 06:00:00,82.0,70.5146111623316,0,30.502922232466318,Moderate,24.402337785973057,Low
818,2026-02-26 04:00:00,85.25,67.23495832534003,0,30.49699166506801,Moderate,24.39759333205441,Low
819,2026-03-06 01:00:00,80.0,72.48013095705421,0,30.49602619141084,Moderate,24.396820953128675,Low
820,2026-01-07 13:00:00,79.75,72.6248795021913,0,30.47497590043826,Moderate,24.37998072035061,Low
821,2026-02-28 19:00:00,83.5,68.76570683926023,0,30.453141367852048,Moderate,24.36251309428164,Low
822,2026-05-25 21:00:00,83.75,68.47379048309327,0,30.444758096618653,Moderate,24.355806477294923,Low
823,2026-03-03 12:00:00,83.75,68.4494469737972,0,30.43988939475944,Moderate,24.351911515807554,Low
824,2026-03-02 20:00:00,79.5,72.61165985287047,0,30.422331970574092,Moderate,24.337865576459276,Low
825,2026-03-10 23:00:00,90.5,61.59689391443449,0,30.419378782886902,Moderate,24.335503026309524,Low
826,2026-03-16 19:00:00,58.75,93.32709219608954,0,30.415418439217905,Moderate,24.332334751374326,Low
827,2026-03-10 16:00:00,87.5,64.5750550492428,0,30.415011009848563,Moderate,24.33200880787885,Low
828,2026-03-24 22:00:00,79.5,72.51681468490787,0,30.403362936981573,Moderate,24.322690349585258,Low
829,2026-02-23 01:00:00,92.0,59.97262591391923,0,30.39452518278385,Moderate,24.31562014622708,Low
830,2026-05-16 23:00:00,70.75,81.20215450672215,0,30.39043090134443,Moderate,24.312344721075547,Low
831,2026-06-10 05:00:00,102.0,49.84965468247111,0,30.36993093649422,Moderate,24.295944749195378,Low
832,2026-03-30 07:00:00,74.25,77.59709455648175,0,30.36941891129635,Moderate,24.29553512903708,Low
833,2026-04-28 00:00:00,84.75,67.06992695595173,0,30.363985391190347,Moderate,24.29118831295228,Low
834,2026-02-23 08:00:00,78.75,73.01619308583912,0,30.353238617167825,Moderate,24.282590893734262,Low
835,2026-02-24 04:00:00,72.75,78.9953487275988,0,30.34906974551976,Moderate,24.27925579641581,Low
836,2026-02-10 07:00:00,78.5,73.24330679337262,0,30.348661358674526,Moderate,24.278929086939623,Low
837,2026-02-02 02:00:00,70.25,81.43472350567058,0,30.33694470113412,Moderate,24.269555760907295,Low
838,2026-04-23 09:00:00,76.5,75.09422982128577,0,30.318845964257154,Moderate,24.255076771405726,Low
839,2026-02-08 21:00:00,77.75,73.79604065865978,0,30.309208131731957,Moderate,24.247366505385568,Low
840,2026-04-25 01:00:00,84.75,66.70906746992209,0,30.291813493984417,Moderate,24.233450795187537,Low
841,2026-03-05 12:00:00,79.0,72.34173379841167,0,30.268346759682334,Moderate,24.214677407745867,Low
842,2026-03-10 03:00:00,85.0,66.33331566650209,0,30.26666313330042,Moderate,24.213330506640336,Low
843,2026-03-10 15:00:00,84.5,66.81185619327508,0,30.262371238655014,Moderate,24.209896990924012,Low
844,2026-01-07 14:00:00,75.5,75.75489035535911,0,30.25097807107182,Moderate,24.200782456857457,Low
845,2026-01-02 12:00:00,71.5,79.74758330918452,0,30.249516661836903,Moderate,24.199613329469525,Low
846,2026-06-04 00:00:00,83.5,67.71660839736238,0,30.243321679472473,Moderate,24.19465734357798,Low
847,2026-03-13 08:00:00,88.75,62.454760574605764,0,30.24095211492115,Moderate,24.192761691936923,Low
848,2026-03-07 20:00:00,82.75,68.3757877968913,0,30.22515755937826,Moderate,24.18012604750261,Low
849,2026-02-10 23:00:00,65.25,85.81787751598176,0,30.213575503196353,Moderate,24.170860402557082,Low
850,2026-04-21 16:00:00,70.25,80.81764820933878,0,30.21352964186776,Moderate,24.170823713494208,Low
851,2026-03-18 22:00:00,79.5,71.54141740857519,0,30.208283481715036,Moderate,24.16662678537203,Low
852,2026-06-08 15:00:00,89.5,61.48410991338512,0,30.196821982677022,Moderate,24.157457586141618,Low
853,2026-04-22 00:00:00,85.0,65.96203553651686,0,30.192407107303374,Moderate,24.1539256858427,Low
854,2026-04-25 09:00:00,74.75,76.12085067651655,0,30.174170135303314,Moderate,24.139336108242652,Low
855,2026-01-14 06:00:00,74.25,76.6058970419362,0,30.17117940838724,Moderate,24.136943526709793,Low
856,2026-03-01 01:00:00,73.5,77.28722673671642,0,30.157445347343284,Moderate,24.12595627787463,Low
857,2026-03-29 00:00:00,86.75,64.01815378413743,0,30.153630756827486,Moderate,24.12290460546199,Low
858,2026-04-20 10:00:00,83.5,67.16200562240007,0,30.132401124480015,Moderate,24.105920899584014,Low
859,2026-03-09 04:00:00,91.0,59.62044187342072,0,30.124088374684142,Moderate,24.099270699747315,Low
860,2026-01-16 16:00:00,78.75,71.83408085685763,0,30.116816171371525,Moderate,24.093452937097222,Low
861,2026-04-25 04:00:00,86.5,63.96411636249344,0,30.092823272498688,Moderate,24.07425861799895,Low
862,2026-02-27 11:00:00,77.25,73.20300713304464,0,30.090601426608927,Moderate,24.072481141287142,Low
863,2026-06-14 21:00:00,88.0,62.44069666544787,0,30.088139333089575,Moderate,24.07051146647166,Low
864,2026-02-03 21:00:00,77.75,72.64092841660894,0,30.078185683321784,Moderate,24.06254854665743,Low
865,2026-01-05 11:00:00,71.75,78.62780080329566,0,30.075560160659133,Moderate,24.06044812852731,Low
866,2026-03-07 02:00:00,73.25,76.9529156416527,0,30.04058312833054,Moderate,24.032466502664434,Low
867,2026-06-16 11:00:00,81.5,68.64584197618096,0,30.02916839523619,Moderate,24.023334716188955,Low
868,2026-03-12 04:00:00,79.75,70.16172513693147,0,29.98234502738629,Moderate,23.985876021909036,Low
869,2026-02-27 00:00:00,78.5,71.30160302310642,0,29.960320604621288,Moderate,23.968256483697033,Low
870,2026-06-15 03:00:00,83.25,66.51882367630094,0,29.953764735260187,Moderate,23.96301178820815,Low
871,2026-02-03 20:00:00,72.5,77.23121909101984,0,29.946243818203968,Moderate,23.956995054563176,Low
872,2026-03-04 12:00:00,76.5,73.17415401697127,0,29.934830803394256,Moderate,23.947864642715405,Low
873,2026-03-10 04:00:00,85.75,63.80244347673433,0,29.910488695346867,Moderate,23.928390956277497,Low
874,2026-01-23 02:00:00,54.0,95.51691045936245,0,29.90338209187249,Moderate,23.922705673497994,Low
875,2026-04-25 22:00:00,71.75,77.7315172855973,0,29.896303457119462,Moderate,23.91704276569557,Low
876,2026-02-05 21:00:00,74.5,74.97361335437448,0,29.8947226708749,Moderate,23.91577813669992,Low
877,2026-06-04 03:00:00,58.25,91.19591090136572,0,29.889182180273146,Moderate,23.91134574421852,Low
878,2026-03-09 19:00:00,81.75,67.68602091953747,0,29.887204183907496,Moderate,23.909763347126,Low
879,2026-03-03 20:00:00,83.25,66.15681602669689,0,29.881363205339376,Moderate,23.905090564271504,Low
880,2026-01-07 00:00:00,65.25,84.09626928467188,0,29.86925385693437,Moderate,23.8954030855475,Low
881,2026-05-17 13:00:00,89.0,60.24424195374252,0,29.848848390748504,Moderate,23.879078712598805,Low
882,2026-06-24 01:00:00,73.0,76.1926027806186,0,29.83852055612372,Moderate,23.870816444898978,Low
883,2026-01-04 10:00:00,100.25,48.764135047339444,0,29.802827009467887,Moderate,23.84226160757431,Low
884,2026-04-26 01:00:00,78.5,70.49788748937569,0,29.79957749787514,Moderate,23.839661998300116,Low
885,2026-06-04 06:00:00,89.5,59.496200171063926,0,29.799240034212787,Moderate,23.83939202737023,Low
886,2026-03-13 10:00:00,72.0,76.98760374971623,0,29.797520749943246,Moderate,23.8380165999546,Low
887,2026-02-03 22:00:00,65.0,83.88928499042485,0,29.77785699808497,Moderate,23.822285598467978,Low
888,2026-01-02 22:00:00,54.25,94.60651714560295,0,29.771303429120593,Moderate,23.817042743296476,Low
889,2026-04-12 08:00:00,78.0,70.73064241039113,0,29.746128482078227,Moderate,23.79690278566258,Low
890,2026-01-27 21:00:00,60.5,88.22575605724536,0,29.74515121144907,Moderate,23.796120969159258,Low
891,2026-05-25 17:00:00,86.75,61.96980170657828,0,29.743960341315656,Moderate,23.795168273052525,Low
892,2026-02-17 07:00:00,75.5,73.1389818347593,0,29.727796366951864,Moderate,23.78223709356149,Low
893,2026-01-01 18:00:00,77.0,71.63844163017956,0,29.72768832603591,Moderate,23.78215066082873,Low
894,2026-03-04 10:00:00,82.75,65.82442393659694,0,29.71488478731939,Moderate,23.771907829855515,Low
895,2026-02-25 05:00:00,83.0,65.52267579857094,0,29.704535159714187,Moderate,23.76362812777135,Low
896,2026-05-24 02:00:00,83.5,65.0033035724647,0,29.70066071449294,Moderate,23.760528571594353,Low
897,2026-01-07 16:00:00,69.25,79.23186881436231,0,29.69637376287246,Moderate,23.75709901029797,Low
898,2026-02-09 10:00:00,66.5,81.91166209626974,0,29.682332419253946,Moderate,23.74586593540316,Low
899,2026-04-23 08:00:00,74.25,74.14093249725431,0,29.678186499450863,Moderate,23.742549199560692,Low
900,2026-03-26 22:00:00,68.0,80.38978746070147,0,29.677957492140294,Moderate,23.742365993712237,Low
901,2026-01-18 10:00:00,91.25,57.11948668831169,0,29.67389733766234,Moderate,23.739117870129874,Low
902,2026-03-02 12:00:00,71.25,77.11160029233038,0,29.672320058466077,Moderate,23.737856046772862,Low
903,2026-03-02 17:00:00,74.25,74.10165381201108,0,29.670330762402216,Moderate,23.736264609921776,Low
904,2026-04-19 06:00:00,89.75,58.55951690009155,0,29.66190338001831,Moderate,23.72952270401465,Low
905,2026-02-11 11:00:00,76.5,71.80599648276065,0,29.66119929655213,Moderate,23.728959437241706,Low
906,2026-06-19 13:00:00,85.0,63.23587031952058,0,29.647174063904117,Moderate,23.717739251123295,Low
907,2026-03-02 09:00:00,78.25,69.80695741844023,0,29.611391483688045,Moderate,23.689113186950436,Low
908,2026-01-02 19:00:00,52.0,95.96828481522131,0,29.59365696304426,Moderate,23.67492557043541,Low
909,2026-01-13 02:00:00,79.5,68.45159332706118,0,29.590318665412234,Moderate,23.67225493232979,Low
910,2026-04-26 07:00:00,81.75,66.04836172111311,0,29.559672344222626,Moderate,23.647737875378102,Low
911,2026-01-07 15:00:00,74.25,73.53933915742768,0,29.557867831485538,Moderate,23.64629426518843,Low
912,2026-02-18 10:00:00,72.75,74.97668621399627,0,29.545337242799256,Moderate,23.636269794239407,Low
913,2026-05-24 03:00:00,82.0,65.6049003508479,0,29.52098007016958,Moderate,23.616784056135664,Low
914,2026-03-09 13:00:00,76.5,71.0950360627228,0,29.519007212544558,Moderate,23.615205770035647,Low
915,2026-01-02 04:00:00,94.5,53.07044044542437,0,29.514088089084872,Moderate,23.6112704712679,Low
916,2026-01-12 08:00:00,73.25,74.31942133018998,0,29.513884266037998,Moderate,23.6111074128304,Low
917,2026-06-17 07:00:00,83.0,64.54738036745155,0,29.50947607349031,Moderate,23.607580858792247,Low
918,2026-01-05 17:00:00,68.25,79.28506471683629,0,29.507012943367258,Moderate,23.60561035469381,Low
919,2026-06-08 12:00:00,79.25,68.27700956144649,0,29.505401912289297,Moderate,23.604321529831438,Low
920,2026-03-15 19:00:00,76.75,70.71857559200119,0,29.49371511840024,Moderate,23.59497209472019,Low
921,2026-02-26 14:00:00,95.75,51.71333481859715,0,29.49266696371943,Moderate,23.594133570975544,Low
922,2026-03-11 05:00:00,77.0,70.43346840544997,0,29.486693681089996,Moderate,23.589354944872,Low
923,2026-05-26 16:00:00,45.25,102.06850901879974,0,29.46370180375995,Moderate,23.57096144300796,Low
924,2026-02-07 21:00:00,71.25,76.02767558814382,0,29.455535117628763,Moderate,23.56442809410301,Low
925,2026-02-23 10:00:00,74.0,73.23304202718758,0,29.446608405437516,Moderate,23.557286724350014,Low
926,2026-05-24 04:00:00,81.0,66.19137227795115,0,29.438274455590232,Moderate,23.550619564472186,Low
927,2026-04-13 05:00:00,73.5,73.68233330270985,0,29.436466660541967,Moderate,23.549173328433575,Low
928,2026-02-06 20:00:00,82.0,65.08775678522971,0,29.41755135704594,Moderate,23.534041085636755,Low
929,2026-02-25 07:00:00,76.25,70.8307159971498,0,29.41614319942996,Moderate,23.53291455954397,Low
930,2026-02-15 19:00:00,80.75,66.31875014951937,0,29.413750029903873,Moderate,23.5310000239231,Low
931,2026-03-06 19:00:00,80.5,66.55373132560788,0,29.41074626512158,Moderate,23.528597012097265,Low
932,2026-03-28 23:00:00,81.25,65.69532529598824,0,29.389065059197648,Moderate,23.51125204735812,Low
933,2026-06-17 10:00:00,68.5,78.40838833486136,0,29.381677666972273,Moderate,23.50534213357782,Low
934,2026-03-26 00:00:00,68.0,78.88023684922989,0,29.376047369845978,Moderate,23.500837895876785,Low
935,2026-01-23 11:00:00,64.75,82.10073182211806,0,29.37014636442361,Moderate,23.496117091538892,Low
936,2026-01-16 17:00:00,78.25,68.58186926895537,0,29.366373853791075,Moderate,23.49309908303286,Low
937,2026-03-06 07:00:00,82.5,64.28803540830734,0,29.35760708166147,Moderate,23.486085665329178,Low
938,2026-04-25 20:00:00,79.0,67.761264226403,0,29.3522528452806,Moderate,23.48180227622448,Low
939,2026-06-20 07:00:00,85.75,60.983974793685725,0,29.34679495873715,Moderate,23.47743596698972,Low
940,2026-03-12 08:00:00,73.5,73.22065307876822,0,29.344130615753645,Moderate,23.475304492602916,Low
941,2026-06-15 02:00:00,81.75,64.82419354339747,0,29.314838708679495,Moderate,23.4518709669436,Low
942,2026-03-20 10:00:00,89.75,56.81352108172996,0,29.312704216345992,Moderate,23.450163373076794,Low
943,2026-01-29 00:00:00,27.25,119.26353555151863,0,29.302707110303725,Moderate,23.44216568824298,Low
944,2026-02-03 09:00:00,56.5,89.92465472040695,0,29.28493094408139,Moderate,23.427944755265113,Low
945,2026-01-23 22:00:00,53.75,92.6229398047602,0,29.27458796095204,Moderate,23.419670368761633,Low
946,2026-02-10 06:00:00,87.0,59.21733522013254,0,29.243467044026506,Moderate,23.394773635221206,Low
947,2026-02-27 08:00:00,80.0,66.01747825211744,0,29.20349565042349,Moderate,23.362796520338794,Low
948,2026-01-11 03:00:00,62.0,84.00192529960819,0,29.200385059921636,Moderate,23.36030804793731,Low
949,2026-03-11 12:00:00,75.25,70.70518355878845,0,29.19103671175769,Moderate,23.35282936940615,Low
950,2026-06-07 00:00:00,79.25,66.65756451445995,0,29.18151290289199,Moderate,23.34521032231359,Low
951,2026-02-11 00:00:00,65.75,80.12014355464463,0,29.174028710928923,Moderate,23.33922296874314,Low
952,2026-01-08 15:00:00,69.75,76.11481859314901,0,29.172963718629802,Moderate,23.338370974903842,Low
953,2026-02-07 22:00:00,72.75,73.06805635252003,0,29.163611270504006,Moderate,23.330889016403205,Low
954,2026-06-15 14:00:00,75.25,70.47958792456286,0,29.14591758491257,Moderate,23.316734067930057,Low
955,2026-01-15 06:00:00,68.75,76.97329409021565,0,29.14465881804313,Moderate,23.315727054434504,Low
956,2026-01-15 18:00:00,81.0,64.66964090730167,0,29.133928181460337,Moderate,23.307142545168272,Low
957,2026-05-08 23:00:00,56.5,89.04122425144301,0,29.1082448502886,Moderate,23.28659588023088,Low
958,2026-02-09 03:00:00,82.5,62.986389550088546,0,29.09727791001771,Moderate,23.277822328014167,Low
959,2026-03-18 23:00:00,74.0,71.47226577003156,0,29.09445315400631,Moderate,23.27556252320505,Low
960,2026-04-12 07:00:00,79.5,65.95779235784966,0,29.091558471569932,Moderate,23.27324677725595,Low
961,2026-03-11 06:00:00,79.0,66.42270252955623,0,29.08454050591125,Moderate,23.267632404729,Low
962,2026-06-04 21:00:00,79.25,66.11171938103182,0,29.07234387620636,Moderate,23.25787510096509,Low
963,2026-01-22 08:00:00,76.0,69.27482222333059,0,29.05496444466612,Moderate,23.243971555732898,Low
964,2026-04-20 11:00:00,71.33,73.91997384950439,0,29.049994769900877,Moderate,23.239995815920704,Low
965,2026-06-21 04:00:00,84.25,60.97423094085016,0,29.044846188170034,Moderate,23.235876950536028,Low
966,2026-02-26 23:00:00,79.0,66.18541890441222,0,29.037083780882444,Moderate,23.229667024705957,Low
967,2026-04-17 10:00:00,82.5,62.683905015929604,0,29.036781003185922,Moderate,23.22942480254874,Low
968,2026-06-16 14:00:00,77.0,68.16850427933713,0,29.033700855867426,Moderate,23.226960684693942,Low
969,2026-01-09 14:00:00,63.5,81.64654128899495,0,29.02930825779899,Moderate,23.223446606239193,Low
970,2026-03-15 12:00:00,75.0,70.10522991447415,0,29.021045982894833,Moderate,23.216836786315866,Low
971,2026-05-24 05:00:00,83.5,61.53704743736935,0,29.007409487473872,Moderate,23.205927589979098,Low
972,2026-06-24 00:00:00,74.0,71.02971594239895,0,29.00594318847979,Moderate,23.204754550783832,Low
973,2026-06-22 15:00:00,85.0,59.94901362399649,0,28.989802724799297,Moderate,23.19184217983944,Low
974,2026-02-26 08:00:00,83.5,61.42644203485047,0,28.985288406970092,Moderate,23.188230725576076,Low
975,2026-01-02 14:00:00,72.0,72.90481458431722,0,28.980962916863444,Moderate,23.184770333490757,Low
976,2026-03-28 22:00:00,85.75,59.04647300802046,0,28.959294601604093,Moderate,23.167435681283276,Low
977,2026-04-18 20:00:00,69.75,75.04160819993959,0,28.95832163998792,Moderate,23.166657311990335,Low
978,2026-01-15 03:00:00,68.25,76.43993028297733,0,28.937986056595467,Moderate,23.150388845276375,Low
979,2026-06-20 08:00:00,63.5,81.15346150839268,0,28.930692301678533,Moderate,23.144553841342827,Low
980,2026-01-12 00:00:00,56.5,88.11425509024565,0,28.92285101804913,Moderate,23.138280814439305,Low
981,2026-02-24 20:00:00,68.75,75.76762747828447,0,28.903525495656893,Moderate,23.122820396525515,Low
982,2026-01-11 05:00:00,54.25,90.24484703545893,0,28.898969407091784,Moderate,23.119175525673427,Low
983,2026-03-06 06:00:00,79.0,65.47427867823336,0,28.894855735646672,Moderate,23.11588458851734,Low
984,2026-03-02 23:00:00,66.75,77.71475279848258,0,28.892950559696516,Moderate,23.114360447757214,Low
985,2026-02-22 23:00:00,75.5,68.94767071835443,0,28.889534143670886,Moderate,23.11162731493671,Low
986,2026-03-03 08:00:00,78.75,65.66074954743551,0,28.882149909487104,Moderate,23.105719927589686,Low
987,2026-03-01 13:00:00,87.0,57.37350808623194,0,28.874701617246387,Moderate,23.099761293797112,Low
988,2026-02-07 20:00:00,72.5,71.79196017125754,0,28.85839203425151,Moderate,23.08671362740121,Low
989,2026-06-03 17:00:00,73.75,70.48423845534019,0,28.846847691068035,Moderate,23.07747815285443,Low
990,2026-02-05 20:00:00,79.25,64.91759506446273,0,28.833519012892545,Moderate,23.066815210314036,Low
991,2026-06-06 22:00:00,79.25,64.88828544142605,0,28.82765708828521,Moderate,23.06212567062817,Low
992,2026-04-25 23:00:00,58.25,85.58533056864711,0,28.76706611372942,Moderate,23.013652890983536,Low
993,2026-04-17 08:00:00,84.0,59.8069765561151,0,28.76139531122302,Moderate,23.009116248978415,Low
994,2026-02-03 10:00:00,82.5,61.303153201049405,0,28.760630640209882,Moderate,23.008504512167907,Low
995,2026-05-17 19:00:00,84.25,59.455124760887244,0,28.74102495217745,Moderate,22.99281996174196,Low
996,2026-03-13 23:00:00,56.5,87.18769958922971,0,28.737539917845943,Moderate,22.990031934276757,Low
997,2026-01-02 13:00:00,70.75,72.90762210505483,0,28.731524421010967,Moderate,22.985219536808774,Low
998,2026-01-11 06:00:00,63.75,79.8942406082373,0,28.72884812164746,Moderate,22.98307849731797,Low
999,2026-03-04 09:00:00,74.5,69.09930773212278,0,28.719861546424557,Moderate,22.975889237139647,Low
1000,2026-03-30 00:00:00,63.75,79.84351095351883,0,28.718702190703766,Moderate,22.974961752563015,Low
1001,2026-01-13 07:00:00,75.0,68.55716246067901,0,28.711432492135803,Moderate,22.969145993708644,Low
1002,2026-01-31 20:00:00,79.25,64.28522562842066,0,28.707045125684132,Moderate,22.965636100547307,Low
1003,2026-05-15 23:00:00,75.5,67.96201280651096,0,28.69240256130219,Moderate,22.95392204904175,Low
1004,2026-03-04 23:00:00,76.0,67.37358066208165,0,28.67471613241633,Moderate,22.939772905933065,Low
1005,2026-04-21 22:00:00,70.75,72.59788262216388,0,28.669576524432777,Moderate,22.935661219546223,Low
1006,2026-01-17 15:00:00,53.0,90.30715791819286,0,28.661431583638574,Moderate,22.92914526691086,Low
1007,2026-02-23 19:00:00,78.25,65.03339341021827,0,28.65667868204365,Moderate,22.925342945634924,Low
1008,2026-05-25 18:00:00,80.5,62.7527792359699,0,28.65055584719398,Moderate,22.920444677755185,Low
1009,2026-06-04 10:00:00,77.75,65.4512347867642,0,28.640246957352836,Moderate,22.91219756588227,Low
1010,2026-03-23 09:00:00,75.5,67.67109829200093,0,28.634219658400184,Moderate,22.907375726720147,Low
1011,2026-04-20 08:00:00,71.25,71.90841044985741,0,28.631682089971484,Moderate,22.905345671977187,Low
1012,2026-02-20 20:00:00,75.0,68.1419817406857,0,28.628396348137137,Moderate,22.90271707850971,Low
1013,2026-05-25 19:00:00,74.75,68.35540249667542,0,28.621080499335086,Moderate,22.896864399468072,Low
1014,2026-02-21 10:00:00,72.25,70.78341315984311,0,28.606682631968624,Moderate,22.8853461055749,Low
1015,2026-06-25 22:00:00,79.75,63.252403097484994,0,28.600480619497,Moderate,22.8803844955976,Low
1016,2026-03-13 05:00:00,77.5,65.46346262823829,0,28.592692525647657,Moderate,22.874154020518127,Low
1017,2026-01-04 17:00:00,71.0,71.96303466981075,0,28.592606933962152,Moderate,22.874085547169724,Low
1018,2026-06-11 02:00:00,57.0,85.92206687208976,0,28.58441337441795,Moderate,22.86753069953436,Low
1019,2026-02-09 04:00:00,73.5,69.35471620310075,0,28.57094324062015,Moderate,22.85675459249612,Low
1020,2026-01-14 04:00:00,66.0,76.8343470779641,0,28.56686941559282,Moderate,22.853495532474255,Low
1021,2026-01-08 00:00:00,69.25,73.52450912545211,0,28.554901825090422,Moderate,22.843921460072337,Low
1022,2026-02-16 07:00:00,73.25,69.51711013198516,0,28.55342202639703,Moderate,22.842737621117625,Low
1023,2026-02-16 11:00:00,76.5,66.26499514735634,0,28.55299902947127,Moderate,22.84239922357702,Low
1024,2026-05-17 08:00:00,76.75,66.00758169136098,0,28.551516338272194,Moderate,22.841213070617755,Low
1025,2026-01-02 05:00:00,89.25,53.48883692689832,0,28.54776738537966,Moderate,22.83821390830373,Low
1026,2026-01-15 13:00:00,78.0,64.56741923665581,0,28.513483847331162,Moderate,22.81078707786493,Low
1027,2026-06-16 00:00:00,54.75,87.78303225328887,0,28.50660645065777,Moderate,22.805285160526218,Low
1028,2026-05-23 16:00:00,83.5,59.00679490429946,0,28.50135898085989,Moderate,22.801087184687916,Low
1029,2026-01-10 12:00:00,66.0,76.44635996850677,0,28.489271993701358,Moderate,22.79141759496109,Low
1030,2026-06-10 04:00:00,98.5,43.93321605873229,0,28.486643211746458,Moderate,22.789314569397167,Low
1031,2026-04-18 07:00:00,75.0,67.36027498982955,0,28.47205499796591,Moderate,22.777643998372728,Low
1032,2026-02-22 08:00:00,75.25,67.1036244578169,0,28.47072489156338,Moderate,22.776579913250703,Low
1033,2026-06-19 15:00:00,77.75,64.5477552236842,0,28.45955104473684,Moderate,22.767640835789475,Low
1034,2026-01-14 05:00:00,68.0,74.23360665580097,0,28.446721331160195,Moderate,22.757377064928157,Low
1035,2026-03-05 19:00:00,80.0,62.22034004607319,0,28.44406800921464,Moderate,22.755254407371712,Low
1036,2026-02-18 01:00:00,63.5,78.6988443410037,0,28.43976886820074,Moderate,22.751815094560595,Low
1037,2026-05-23 18:00:00,82.0,60.11651122026429,0,28.423302244052856,Moderate,22.738641795242287,Low
1038,2026-05-17 00:00:00,69.75,72.28628539191563,0,28.407257078383125,Moderate,22.725805662706502,Low
1039,2026-02-26 03:00:00,83.25,58.776542365504234,0,28.405308473100845,Moderate,22.724246778480676,Low
1040,2026-05-25 16:00:00,79.0,62.95373540855384,0,28.390747081710767,Moderate,22.712597665368616,Low
1041,2026-01-05 12:00:00,68.5,73.40352546036944,0,28.38070509207389,Moderate,22.704564073659114,Low
1042,2026-01-06 05:00:00,56.75,85.15119190026859,0,28.38023838005372,Moderate,22.704190704042976,Low
1043,2026-02-25 06:00:00,71.75,70.12500017490197,0,28.375000034980395,Moderate,22.700000027984316,Low
1044,2026-03-06 05:00:00,78.75,63.01973217568634,0,28.353946435137267,Moderate,22.683157148109814,Low
1045,2026-05-07 05:00:00,88.25,53.48358589848034,0,28.346717179696068,Moderate,22.677373743756856,Low
1046,2026-01-17 18:00:00,58.25,83.48066489498858,0,28.346132978997716,Moderate,22.676906383198173,Low
1047,2026-03-30 19:00:00,74.5,67.06470901837947,0,28.312941803675898,Moderate,22.65035344294072,Low
1048,2026-02-23 06:00:00,83.25,58.2956252458724,0,28.309125049174476,Moderate,22.647300039339584,Low
1049,2026-04-20 09:00:00,67.75,73.79397364700722,0,28.308794729401445,Moderate,22.647035783521158,Low
1050,2026-02-07 00:00:00,66.0,75.53464701417967,0,28.306929402835934,Moderate,22.64554352226875,Low
1051,2026-03-05 13:00:00,72.75,68.75059108607316,0,28.30011821721463,Moderate,22.640094573771705,Low
1052,2026-01-07 04:00:00,68.0,73.49547930092567,0,28.299095860185133,Moderate,22.639276688148108,Low
1053,2026-06-04 14:00:00,76.0,65.44985522497609,0,28.28997104499522,Moderate,22.631976835996177,Low
1054,2026-03-26 23:00:00,59.0,82.42110554607484,0,28.28422110921497,Moderate,22.627376887371977,Low
1055,2026-05-17 22:00:00,49.5,91.88976432132684,0,28.277952864265366,Moderate,22.622362291412294,Low
1056,2026-03-07 11:00:00,71.5,69.80868527734553,0,28.261737055469105,Moderate,22.609389644375284,Low
1057,2026-05-17 16:00:00,84.25,56.969748449277226,0,28.243949689855448,Moderate,22.59515975188436,Low
1058,2026-05-06 18:00:00,73.5,67.58920492335058,0,28.217840984670115,Moderate,22.574272787736092,Low
1059,2026-03-08 20:00:00,70.75,70.3266752196675,0,28.2153350439335,Moderate,22.572268035146802,Low
1060,2026-05-08 09:00:00,65.75,75.31743358082942,0,28.21348671616588,Moderate,22.57078937293271,Low
1061,2026-01-01 16:00:00,75.5,65.50463553636224,0,28.20092710727245,Moderate,22.56074168581796,Low
1062,2026-02-21 13:00:00,84.75,56.24671939540071,0,28.199343879080143,Moderate,22.559475103264116,Low
1063,2026-02-04 21:00:00,70.0,70.99005977048557,0,28.19801195409711,Moderate,22.558409563277692,Low
1064,2026-03-05 08:00:00,83.0,57.9643152084602,0,28.19286304169204,Moderate,22.554290433353632,Low
1065,2026-01-23 23:00:00,50.0,90.95267091744478,0,28.190534183488957,Moderate,22.552427346791166,Low
1066,2026-04-26 23:00:00,71.0,69.90337892529598,0,28.180675785059194,Moderate,22.544540628047358,Low
1067,2026-02-08 20:00:00,74.25,66.64790810694046,0,28.179581621388095,Moderate,22.54366529711048,Low
1068,2026-04-26 02:00:00,65.5,75.33373706241323,0,28.16674741248265,Moderate,22.533397929986123,Low
1069,2026-06-14 23:00:00,76.75,64.02683646522489,0,28.155367293044975,Moderate,22.52429383443598,Low
1070,2026-02-17 06:00:00,68.0,72.715672264943,0,28.1431344529886,Moderate,22.514507562390882,Low
1071,2026-06-25 21:00:00,85.75,54.94417892552104,0,28.13883578510421,Moderate,22.51106862808337,Low
1072,2026-02-24 06:00:00,51.25,89.3461333860127,0,28.11922667720254,Moderate,22.495381341762034,Low
1073,2026-03-13 03:00:00,71.75,68.83992122847168,0,28.117984245694338,Moderate,22.49438739655547,Low
1074,2026-02-26 21:00:00,64.75,75.76411030446424,0,28.102822060892848,Moderate,22.48225764871428,Low
1075,2026-03-13 06:00:00,73.0,67.50216752507794,0,28.100433505015587,Moderate,22.48034680401247,Low
1076,2026-03-01 09:00:00,70.0,70.49577375904701,0,28.0991547518094,Moderate,22.47932380144752,Low
1077,2026-02-26 00:00:00,67.5,72.94679690642816,0,28.089359381285632,Moderate,22.471487505028506,Low
1078,2026-06-20 22:00:00,74.0,66.4373440533616,0,28.08746881067232,Moderate,22.469975048537858,Low
1079,2026-06-24 04:00:00,59.0,81.41937625748606,0,28.08387525149721,Moderate,22.46710020119777,Low
1080,2026-03-14 23:00:00,77.75,62.661176129484396,0,28.08223522589688,Moderate,22.465788180717507,Low
1081,2026-04-18 10:00:00,63.0,77.39829943778162,0,28.079659887556325,Moderate,22.463727910045062,Low
1082,2026-02-25 12:00:00,69.5,70.8823826126115,0,28.0764765225223,Moderate,22.461181218017842,Low
1083,2026-05-17 09:00:00,69.75,70.60305925571897,0,28.070611851143795,Moderate,22.45648948091504,Low
1084,2026-03-06 02:00:00,76.75,63.60001163619717,0,28.070002327239436,Moderate,22.45600186179155,Low
1085,2026-06-20 23:00:00,74.0,66.34354204455053,0,28.068708408910105,Moderate,22.454966727128085,Low
1086,2026-03-02 08:00:00,69.75,70.5716215887348,0,28.06432431774696,Moderate,22.45145945419757,Low
1087,2026-04-28 01:00:00,61.75,78.47362432618813,0,28.044724865237626,Moderate,22.4357798921901,Low
1088,2026-04-25 02:00:00,70.75,69.44851814794778,0,28.039703629589557,Moderate,22.431762903671647,Low
1089,2026-05-14 02:00:00,67.25,72.92333740271634,0,28.034667480543266,Moderate,22.427733984434614,Low
1090,2026-04-24 23:00:00,66.75,73.37032849157687,0,28.024065698315376,Moderate,22.419252558652303,Low
1091,2026-02-09 21:00:00,64.5,75.61707189029032,0,28.023414378058064,Moderate,22.41873150244645,Low
1092,2026-06-03 23:00:00,66.0,74.03493046287608,0,28.006986092575218,Moderate,22.405588874060175,Low
1093,2026-04-17 11:00:00,81.5,58.52857768159986,0,28.00571553631997,Moderate,22.404572429055975,Low
1094,2026-01-22 12:00:00,62.75,77.27528291446248,0,28.005056582892493,Moderate,22.404045266313997,Low
1095,2026-05-14 09:00:00,74.0,65.94598441027364,0,27.989196882054728,Moderate,22.391357505643782,Low
1096,2026-05-20 20:00:00,58.25,81.67761045310594,0,27.98552209062119,Moderate,22.388417672496953,Low
1097,2026-06-09 17:00:00,80.25,59.660197450805065,0,27.982039490161014,Moderate,22.385631592128814,Low
1098,2026-03-18 09:00:00,65.0,74.8975648561127,0,27.97951297122254,Moderate,22.383610376978034,Low
1099,2026-03-09 05:00:00,78.25,61.56760010425415,0,27.96352002085083,Moderate,22.370816016680664,Low
1100,2026-03-29 20:00:00,69.5,70.30228728331234,0,27.960457456662468,Moderate,22.368365965329975,Low
1101,2026-06-23 13:00:00,57.25,82.54693599429335,0,27.959387198858668,Moderate,22.367509759086936,Low
1102,2026-02-20 21:00:00,64.0,75.78764181507232,0,27.957528363014465,Moderate,22.366022690411572,Low
1103,2026-03-17 22:00:00,58.75,80.96832691170236,0,27.943665382340473,Moderate,22.35493230587238,Low
1104,2026-01-05 16:00:00,62.75,76.96717869071067,0,27.943435738142135,Moderate,22.354748590513708,Low
1105,2026-04-19 09:00:00,70.5,69.097660362326,0,27.9195320724652,Moderate,22.33562565797216,Low
1106,2026-02-21 09:00:00,67.5,72.0534650728451,0,27.91069301456902,Moderate,22.32855441165522,Low
1107,2026-05-22 00:00:00,83.5,56.04343156223535,0,27.908686312447067,Moderate,22.326949049957655,Low
1108,2026-01-15 05:00:00,66.75,72.79129061515297,0,27.908258123030592,Moderate,22.326606498424475,Low
1109,2026-04-23 11:00:00,75.75,63.77877475957601,0,27.9057549519152,Moderate,22.324603961532162,Low
1110,2026-04-16 22:00:00,75.75,63.7436346215551,0,27.89872692431102,Moderate,22.318981539448817,Low
1111,2026-05-16 06:00:00,61.0,78.46762257823258,0,27.893524515646515,Moderate,22.314819612517212,Low
1112,2026-03-18 19:00:00,67.5,71.92559707063978,0,27.885119414127956,Moderate,22.308095531302367,Low
1113,2026-04-12 10:00:00,80.25,59.16128319131362,0,27.882256638262724,Moderate,22.305805310610182,Low
1114,2026-01-02 07:00:00,87.25,51.99251051400893,0,27.84850210280179,Moderate,22.278801682241433,Low
1115,2026-06-20 12:00:00,69.5,69.69934948570554,0,27.839869897141106,Moderate,22.271895917712886,Low
1116,2026-01-27 19:00:00,74.67,64.52523585615185,0,27.83904717123037,Moderate,22.271237736984297,Low
1117,2026-04-25 10:00:00,73.75,65.44457184507684,0,27.838914369015367,Moderate,22.271131495212295,Low
1118,2026-06-04 11:00:00,68.25,70.93471137545066,0,27.83694227509013,Moderate,22.269553820072105,Low
1119,2026-03-12 15:00:00,73.5,65.6682015137783,0,27.83364030275566,Moderate,22.26691224220453,Low
1120,2026-05-17 12:00:00,80.0,59.15977194349399,0,27.831954388698797,Moderate,22.26556351095904,Low
1121,2026-06-06 21:00:00,72.0,67.11232359219593,0,27.822464718439186,Moderate,22.25797177475135,Low
1122,2026-02-21 11:00:00,67.25,71.84822426123887,0,27.819644852247773,Moderate,22.25571588179822,Low
1123,2026-03-29 07:00:00,80.75,58.306195112760626,0,27.811239022552122,Moderate,22.2489912180417,Low
1124,2026-06-06 23:00:00,75.75,63.29211943891974,0,27.808423887783945,Moderate,22.246739110227157,Low
1125,2026-01-06 01:00:00,60.75,78.21630140289074,0,27.793260280578146,Moderate,22.23460822446252,Low
1126,2026-05-14 10:00:00,72.25,66.6543180673477,0,27.780863613469542,Moderate,22.224690890775634,Low
1127,2026-01-08 01:00:00,68.75,70.13695188227057,0,27.777390376454115,Moderate,22.221912301163293,Low
1128,2026-04-19 08:00:00,67.5,71.28786333354768,0,27.757572666709535,Moderate,22.20605813336763,Low
1129,2026-04-26 22:00:00,67.0,71.76825604977068,0,27.753651209954135,Moderate,22.20292096796331,Low
1130,2026-05-14 08:00:00,70.75,68.00589501606889,0,27.751179003213778,Moderate,22.200943202571025,Low
1131,2026-04-23 07:00:00,77.75,61.00484823080772,0,27.750969646161543,Moderate,22.200775716929236,Low
1132,2026-02-18 08:00:00,65.75,73.00408125922138,0,27.750816251844274,Moderate,22.20065300147542,Low
1133,2026-04-14 21:00:00,75.75,62.93664963549003,0,27.737329927098003,Moderate,22.189863941678404,Low
1134,2026-03-11 19:00:00,77.75,60.924316181364546,0,27.734863236272908,Moderate,22.187890589018327,Low
1135,2026-06-17 06:00:00,77.25,61.40996428500513,0,27.731992857001025,Moderate,22.18559428560082,Low
1136,2026-01-07 01:00:00,62.5,76.07490883135696,0,27.714981766271393,Moderate,22.171985413017115,Low
1137,2026-01-24 20:00:00,69.0,69.54427301691184,0,27.708854603382367,Moderate,22.167083682705893,Low
1138,2026-06-12 13:00:00,39.0,99.53462420033668,0,27.706924840067334,Moderate,22.16553987205387,Low
1139,2026-03-24 20:00:00,75.75,62.772533528019906,0,27.70450670560398,Moderate,22.163605364483185,Low
1140,2026-02-21 08:00:00,68.5,69.96436606447119,0,27.69287321289424,Moderate,22.154298570315394,Low
1141,2026-03-01 08:00:00,73.25,65.19565724049795,0,27.68913144809959,Moderate,22.151305158479673,Low
1142,2026-02-11 12:00:00,74.75,63.69445418390085,0,27.68889083678017,Moderate,22.151112669424137,Low
1143,2026-01-01 17:00:00,64.75,73.68140606100609,0,27.686281212201216,Moderate,22.149024969760973,Low
1144,2026-06-22 13:00:00,71.0,67.37494352288269,0,27.67498870457654,Moderate,22.139990963661234,Low
1145,2026-06-19 14:00:00,78.0,60.36075968826139,0,27.67215193765228,Moderate,22.137721550121825,Low
1146,2026-06-12 15:00:00,40.5,97.83745742741453,0,27.66749148548291,Moderate,22.133993188386327,Low
1147,2026-03-04 22:00:00,69.5,68.7622376152491,0,27.652447523049823,Moderate,22.12195801843986,Low
1148,2026-03-25 20:00:00,73.25,64.97411054929131,0,27.64482210985826,Moderate,22.11585768788661,Low
1149,2026-02-10 19:00:00,81.25,56.96791093718963,0,27.643582187437925,Moderate,22.11486574995034,Low
1150,2026-04-12 09:00:00,78.0,60.16992605509232,0,27.633985211018462,Moderate,22.107188168814773,Low
1151,2026-01-24 19:00:00,71.75,66.40147970288707,0,27.63029594057742,Moderate,22.104236752461937,Low
1152,2026-03-26 01:00:00,62.5,75.57516815975823,0,27.615033631951647,Moderate,22.09202690556132,Low
1153,2026-06-19 12:00:00,83.5,54.56146449415009,0,27.612292898830017,Moderate,22.089834319064014,Low
1154,2026-03-22 21:00:00,75.75,62.19989942279941,0,27.58997988455988,Moderate,22.071983907647905,Low
1155,2026-03-12 05:00:00,63.5,74.43929512105827,0,27.587859024211653,Moderate,22.070287219369323,Low
1156,2026-02-26 11:00:00,69.75,68.13591190038352,0,27.577182380076703,Moderate,22.061745904061365,Low
1157,2026-03-06 04:00:00,78.0,59.84691603622532,0,27.569383207245068,Moderate,22.055506565796055,Low
1158,2026-06-21 20:00:00,73.5,64.29758535284647,0,27.559517070569292,Moderate,22.047613656455436,Low
1159,2026-02-21 20:00:00,68.25,69.54720486512957,0,27.559440973025914,Moderate,22.047552778420734,Low
1160,2026-01-05 13:00:00,65.5,72.18567336424987,0,27.537134672849973,Moderate,22.02970773827998,Low
1161,2026-02-11 19:00:00,69.75,67.86829629068342,0,27.523659258136682,Moderate,22.01892740650935,Low
1162,2026-05-24 11:00:00,72.0,65.44917013089318,0,27.489834026178634,Moderate,21.991867220942908,Low
1163,2026-03-03 16:00:00,63.0,74.43590924507184,0,27.48718184901437,Moderate,21.989745479211496,Low
1164,2026-06-04 13:00:00,75.5,61.90373582481191,0,27.48074716496238,Moderate,21.984597731969906,Low
1165,2026-02-15 12:00:00,68.5,68.89217861918263,0,27.478435723836526,Moderate,21.982748579069224,Low
1166,2026-02-26 05:00:00,72.0,65.39018807895235,0,27.47803761579047,Moderate,21.982430092632377,Low
1167,2026-02-09 23:00:00,71.25,66.0990608087562,0,27.469812161751243,Moderate,21.975849729400995,Low
1168,2026-01-12 13:00:00,60.75,76.46538983318067,0,27.44307796663613,Moderate,21.954462373308907,Low
1169,2026-02-23 02:00:00,76.5,60.5960588265646,0,27.419211765312923,Moderate,21.93536941225034,Low
1170,2026-01-02 06:00:00,82.75,54.332457204676096,0,27.41649144093522,Moderate,21.933193152748178,Low
1171,2026-02-20 08:00:00,59.75,77.31517378163988,0,27.41303475632798,Moderate,21.930427805062386,Low
1172,2026-06-03 19:00:00,69.5,67.54690822193503,0,27.409381644387004,Moderate,21.927505315509606,Low
1173,2026-02-10 00:00:00,78.0,59.02323168546457,0,27.404646337092917,Moderate,21.923717069674336,Low
1174,2026-06-03 18:00:00,69.5,67.50146799814908,0,27.400293599629812,Moderate,21.92023487970385,Low
1175,2026-01-14 12:00:00,62.0,74.9508640029055,0,27.3901728005811,Moderate,21.912138240464884,Low
1176,2026-05-25 15:00:00,79.5,57.43895225989116,0,27.387790451978233,Moderate,21.910232361582587,Low
1177,2026-03-12 19:00:00,69.75,67.16490906700474,0,27.382981813400946,Moderate,21.90638545072076,Low
1178,2026-04-23 21:00:00,58.0,78.80478439357177,0,27.360956878714354,Moderate,21.888765502971484,Low
1179,2026-01-08 14:00:00,61.75,75.02214161052116,0,27.354428322104233,Moderate,21.88354265768339,Low
1180,2026-04-21 21:00:00,65.0,71.69443796753146,0,27.338887593506293,Moderate,21.871110074805035,Low
1181,2026-02-26 19:00:00,75.5,61.18848317413671,0,27.337696634827342,Moderate,21.870157307861874,Low
1182,2026-05-16 01:00:00,56.5,80.12677248232416,0,27.325354496464833,Moderate,21.86028359717187,Low
1183,2026-04-20 21:00:00,62.25,74.369515521954,0,27.3239031043908,Moderate,21.859122483512643,Low
1184,2026-05-16 20:00:00,72.75,63.844987199893126,0,27.318997439978624,Moderate,21.855197951982902,Low
1185,2026-04-12 19:00:00,81.0,55.58169907878476,0,27.316339815756955,Moderate,21.853071852605567,Low
1186,2026-03-05 00:00:00,66.5,70.07023696060413,0,27.314047392120827,Moderate,21.851237913696664,Low
1187,2026-02-07 23:00:00,65.25,71.31422138852611,0,27.31284427770522,Moderate,21.850275422164177,Low
1188,2026-02-17 05:00:00,71.5,65.05115854364173,0,27.310231708728345,Moderate,21.848185366982676,Low
1189,2026-01-06 04:00:00,53.75,82.79158356964798,0,27.308316713929596,Moderate,21.846653371143677,Low
1190,2026-03-26 19:00:00,65.0,71.50359011828951,0,27.3007180236579,Moderate,21.840574418926323,Low
1191,2026-04-12 18:00:00,73.0,63.4658517854214,0,27.29317035708428,Moderate,21.834536285667426,Low
1192,2026-06-03 00:00:00,64.25,72.18925718783764,0,27.287851437567525,Moderate,21.83028115005402,Low
1193,2026-02-23 07:00:00,66.75,69.61380911576688,0,27.272761823153377,Moderate,21.818209458522702,Low
1194,2026-05-06 17:00:00,64.0,72.36205017170468,0,27.272410034340936,Moderate,21.81792802747275,Low
1195,2026-01-05 15:00:00,61.25,75.08976583418242,0,27.267953166836485,Moderate,21.81436253346919,Low
1196,2026-03-04 08:00:00,74.5,61.79843944304832,0,27.259687888609665,Moderate,21.807750310887734,Low
1197,2026-03-13 20:00:00,66.25,70.01525482590523,0,27.253050965181046,Moderate,21.802440772144838,Low
1198,2026-05-26 23:00:00,76.25,59.975685638144675,0,27.245137127628936,Moderate,21.796109702103152,Low
1199,2026-03-16 21:00:00,63.0,73.19327552977663,0,27.238655105955324,Moderate,21.79092408476426,Low
1200,2026-03-12 14:00:00,75.0,61.169742492440385,0,27.233948498488076,Moderate,21.78715879879046,Low
1201,2026-01-15 04:00:00,65.25,70.87966854750893,0,27.22593370950178,Moderate,21.780746967601427,Low
1202,2026-03-30 12:00:00,69.5,66.6291480419614,0,27.22582960839228,Moderate,21.780663686713826,Low
1203,2026-01-03 00:00:00,41.5,94.62436037007998,0,27.224872074015998,Moderate,21.7798976592128,Low
1204,2026-04-24 09:00:00,62.75,73.27759975614502,0,27.205519951229,Moderate,21.7644159609832,Low
1205,2026-02-28 02:00:00,63.75,72.20605253714525,0,27.191210507429048,Moderate,21.75296840594324,Low
1206,2026-03-06 03:00:00,77.0,58.926017659212874,0,27.185203531842575,Moderate,21.74816282547406,Low
1207,2026-01-02 17:00:00,63.5,72.41914205197071,0,27.183828410394142,Moderate,21.747062728315314,Low
1208,2026-01-04 11:00:00,79.0,56.91653665507387,0,27.183307331014774,Moderate,21.74664586481182,Low
1209,2026-02-16 20:00:00,63.25,72.62027815177818,0,27.174055630355635,Moderate,21.73924450428451,Low
1210,2026-05-06 15:00:00,62.5,73.33441390127012,0,27.166882780254024,Moderate,21.73350622420322,Low
1211,2026-03-30 01:00:00,60.0,75.82763884262984,0,27.16552776852597,Moderate,21.732422214820776,Low
1212,2026-06-03 11:00:00,70.5,65.29139339657331,0,27.158278679314662,Moderate,21.72662294345173,Low
1213,2026-02-02 10:00:00,68.0,67.7473038666055,0,27.149460773321103,Moderate,21.719568618656883,Low
1214,2026-02-16 03:00:00,69.0,66.68422985466631,0,27.13684597093326,Moderate,21.70947677674661,Low
1215,2026-01-01 15:00:00,72.0,63.66614271901669,0,27.133228543803337,Moderate,21.70658283504267,Low
1216,2026-06-09 02:00:00,60.5,75.16190715665338,0,27.13238143133068,Moderate,21.705905145064545,Low
1217,2026-03-03 07:00:00,74.75,60.85819204319017,0,27.121638408638034,Moderate,21.69731072691043,Low
1218,2026-06-20 11:00:00,74.0,61.577032797961415,0,27.115406559592284,Moderate,21.69232524767383,Low
1219,2026-02-16 12:00:00,71.75,63.82193115014552,0,27.114386230029105,Moderate,21.691508984023287,Low
1220,2026-04-18 23:00:00,65.0,70.48026469121135,0,27.09605293824227,Moderate,21.676842350593816,Low
1221,2026-06-07 07:00:00,40.25,95.1919463627605,0,27.088389272552103,Moderate,21.670711418041684,Low
1222,2026-04-26 21:00:00,61.25,74.19130750318948,0,27.088261500637895,Moderate,21.670609200510317,Low
1223,2026-03-13 07:00:00,69.5,65.79582763934002,0,27.059165527868004,Moderate,21.647332422294404,Low
1224,2026-03-29 02:00:00,67.0,68.29112430857298,0,27.058224861714592,Moderate,21.646579889371676,Low
1225,2026-01-10 18:00:00,77.75,57.529575817646716,0,27.055915163529342,Moderate,21.644732130823474,Low
1226,2026-05-17 10:00:00,69.75,65.46476094696428,0,27.042952189392853,Moderate,21.634361751514284,Low
1227,2026-06-26 23:00:00,75.75,59.45800959389601,0,27.0416019187792,Moderate,21.63328153502336,Low
1228,2026-03-02 19:00:00,68.0,67.18119603661702,0,27.036239207323405,Moderate,21.628991365858724,Low
1229,2026-02-23 03:00:00,71.0,64.04135588071699,0,27.008271176143396,Moderate,21.60661694091472,Low
1230,2026-06-21 23:00:00,63.75,71.2895668518049,0,27.00791337036098,Moderate,21.606330696288786,Low
1231,2026-04-26 06:00:00,73.0,62.00554512308731,0,27.001109024617463,Moderate,21.600887219693973,Low
1232,2026-06-20 21:00:00,72.25,62.60185579536319,0,26.97037115907264,Moderate,21.576296927258113,Low
1233,2026-03-27 08:00:00,64.75,70.10089129321248,0,26.9701782586425,Moderate,21.576142606914,Low
1234,2026-05-10 21:00:00,59.75,75.07724853217708,0,26.965449706435415,Moderate,21.572359765148335,Low
1235,2026-01-10 08:00:00,78.25,56.45545050441891,0,26.94109010088378,Moderate,21.552872080707026,Low
1236,2026-04-23 17:00:00,64.25,70.36055440998133,0,26.922110881996268,Moderate,21.537688705597017,Low
1237,2026-02-09 20:00:00,63.25,71.31489117849314,0,26.912978235698628,Moderate,21.530382588558904,Low
1238,2026-03-07 07:00:00,77.5,57.04047873869964,0,26.908095747739928,Moderate,21.526476598191945,Low
1239,2026-03-17 20:00:00,65.5,69.0399030308873,0,26.90798060617746,Moderate,21.52638448494197,Low
1240,2026-03-01 10:00:00,69.0,65.53417066082788,0,26.906834132165578,Moderate,21.525467305732462,Low
1241,2026-04-12 17:00:00,75.0,59.47276722066562,0,26.894553444133123,Moderate,21.5156427553065,Low
1242,2026-02-21 21:00:00,63.75,70.71861469237666,0,26.89372293847533,Moderate,21.514978350780268,Low
1243,2026-01-06 02:00:00,57.5,76.96754667436844,0,26.893509334873688,Moderate,21.51480746789895,Low
1244,2026-02-21 19:00:00,63.25,71.14462960373145,0,26.878925920746287,Moderate,21.503140736597032,Low
1245,2026-06-03 08:00:00,70.5,63.89195605685362,0,26.878391211370726,Moderate,21.50271296909658,Low
1246,2026-06-04 12:00:00,66.75,67.57664593502459,0,26.865329187004917,Moderate,21.492263349603935,Low
1247,2026-03-13 04:00:00,68.75,65.57371834476194,0,26.86474366895239,Moderate,21.491794935161913,Low
1248,2026-02-09 22:00:00,65.25,69.06851360573604,0,26.863702721147206,Moderate,21.490962176917765,Low
1249,2026-03-01 02:00:00,61.0,73.2409806086003,0,26.848196121720058,Moderate,21.47855689737605,Low
1250,2026-02-27 01:00:00,63.25,70.98862791504517,0,26.84772558300903,Moderate,21.478180466407224,Low
1251,2026-02-28 06:00:00,76.0,58.21162171384243,0,26.842324342768485,Moderate,21.47385947421479,Low
1252,2026-04-23 10:00:00,62.75,71.43061275442112,0,26.836122550884223,Moderate,21.46889804070738,Low
1253,2026-04-28 21:00:00,70.0,64.17026092940885,0,26.83405218588177,Moderate,21.46724174870542,Low
1254,2026-01-08 13:00:00,60.0,74.11429009209402,0,26.822858018418806,Moderate,21.458286414735046,Low
1255,2026-02-10 01:00:00,66.0,68.10181579395734,0,26.82036315879147,Moderate,21.456290527033175,Low
1256,2026-05-17 01:00:00,61.5,72.58247086091184,0,26.816494172182367,Moderate,21.453195337745896,Low
1257,2026-02-01 11:00:00,71.75,62.329014148618114,0,26.815802829723623,Moderate,21.4526422637789,Low
1258,2026-03-11 13:00:00,69.75,64.31534759254608,0,26.813069518509216,Moderate,21.450455614807375,Low
1259,2026-04-18 21:00:00,60.5,73.53870126536607,0,26.807740253073213,Moderate,21.446192202458572,Low
1260,2026-04-24 08:00:00,60.25,73.773727430564,0,26.8047454861128,Moderate,21.44379638889024,Low
1261,2026-02-08 09:00:00,65.25,68.76698014198247,0,26.80339602839649,Moderate,21.442716822717195,Low
1262,2026-01-11 04:00:00,55.5,78.48609749520662,0,26.797219499041326,Moderate,21.437775599233063,Low
1263,2026-06-22 17:00:00,65.75,68.21692253143262,0,26.79338450628652,Moderate,21.434707605029217,Low
1264,2026-02-26 22:00:00,64.5,69.42874187366806,0,26.78574837473361,Moderate,21.42859869978689,Low
1265,2026-06-02 11:00:00,68.0,65.85604787727351,0,26.771209575454705,Moderate,21.416967660363767,Low
1266,2026-01-17 17:00:00,53.25,80.55549525132278,0,26.761099050264555,Moderate,21.408879240211647,Low
1267,2026-05-12 21:00:00,66.75,67.05415057216373,0,26.76083011443275,Moderate,21.4086640915462,Low
1268,2026-04-26 20:00:00,61.0,72.79329926805254,0,26.758659853610506,Moderate,21.406927882888407,Low
1269,2026-03-12 12:00:00,68.0,65.75602045076617,0,26.751204090153237,Moderate,21.400963272122592,Low
1270,2026-06-07 19:00:00,80.25,53.444116732420106,0,26.738823346484022,Moderate,21.391058677187218,Low
1271,2026-04-29 11:00:00,68.5,65.15210661411389,0,26.730421322822778,Moderate,21.384337058258225,Low
1272,2026-04-04 10:00:00,65.25,68.27927636822169,0,26.70585527364434,Moderate,21.36468421891547,Low
1273,2026-03-25 01:00:00,68.75,64.75746617884809,0,26.701493235769618,Moderate,21.361194588615696,Low
1274,2026-02-20 22:00:00,63.25,70.21112903849699,0,26.692225807699394,Moderate,21.353780646159517,Low
1275,2026-03-04 21:00:00,67.0,66.43637203642004,0,26.687274407284008,Moderate,21.349819525827208,Low
1276,2026-03-17 21:00:00,63.25,70.18378221866821,0,26.686756443733643,Moderate,21.349405154986915,Low
1277,2026-01-06 03:00:00,53.0,80.4147279981944,0,26.68294559963888,Moderate,21.346356479711105,Low
1278,2026-05-23 00:00:00,75.25,58.15877458061277,0,26.681754916122554,Moderate,21.345403932898044,Low
1279,2026-05-25 13:00:00,74.5,58.8069376553906,0,26.66138753107812,Moderate,21.329110024862498,Low
1280,2026-03-04 00:00:00,67.25,66.04306098457602,0,26.658612196915204,Moderate,21.326889757532165,Low
1281,2026-01-01 14:00:00,70.75,62.52198154094212,0,26.654396308188424,Moderate,21.32351704655074,Low
1282,2026-03-05 15:00:00,74.25,58.96408859978579,0,26.642817719957158,Moderate,21.31425417596573,Low
1283,2026-05-24 12:00:00,67.75,65.41719742447538,0,26.633439484895074,Moderate,21.30675158791606,Low
1284,2026-04-19 00:00:00,69.5,63.65927209141166,0,26.63185441828233,Moderate,21.305483534625864,Low
1285,2026-04-18 19:00:00,68.5,64.63924195766036,0,26.627848391532076,Moderate,21.30227871322566,Low
1286,2026-06-12 17:00:00,37.25,95.82838962862404,0,26.615677925724807,Moderate,21.292542340579846,Low
1287,2026-05-28 11:00:00,89.75,43.31712470538724,0,26.613424941077447,Moderate,21.29073995286196,Low
1288,2026-02-26 02:00:00,63.0,70.06318093279616,0,26.61263618655923,Moderate,21.290108949247383,Low
1289,2026-02-02 09:00:00,64.75,68.29233434973818,0,26.608466869947634,Moderate,21.28677349595811,Low
1290,2026-02-22 22:00:00,60.0,73.01280650627426,0,26.602561301254852,Moderate,21.282049041003884,Low
1291,2026-04-26 00:00:00,48.25,84.75677137132107,0,26.60135427426421,Moderate,21.28108341941137,Low
1292,2026-06-07 08:00:00,51.5,81.41098069516642,0,26.582196139033282,Moderate,21.265756911226628,Low
1293,2026-04-17 01:00:00,77.25,55.653276187933734,0,26.580655237586747,Moderate,21.264524190069398,Low
1294,2026-04-29 13:00:00,66.75,66.15046538165737,0,26.580093076331472,Moderate,21.264074461065178,Low
1295,2026-02-04 22:00:00,73.5,59.372737961403715,0,26.57454759228074,Moderate,21.259638073824593,Low
1296,2026-06-08 10:00:00,78.25,54.596337848908966,0,26.569267569781793,Moderate,21.255414055825437,Low
1297,2026-03-04 01:00:00,71.25,61.58667397254216,0,26.567334794508433,Moderate,21.253867835606748,Low
1298,2026-03-02 14:00:00,76.5,56.332398179961785,0,26.56647963599236,Moderate,21.253183708793888,Low
1299,2026-02-08 00:00:00,68.25,64.55337801445631,0,26.560675602891262,Moderate,21.24854048231301,Low
1300,2026-03-01 19:00:00,61.75,70.99508597753042,0,26.54901719550609,Moderate,21.239213756404872,Low
1301,2026-04-22 14:00:00,74.25,58.49052095570372,0,26.548104191140744,Moderate,21.238483352912596,Low
1302,2026-01-31 19:00:00,70.75,61.897703516744535,0,26.529540703348907,Moderate,21.22363256267913,Low
1303,2026-03-29 11:00:00,70.0,62.551771259211115,0,26.510354251842223,Moderate,21.20828340147378,Low
1304,2026-04-20 20:00:00,67.25,65.28988001077327,0,26.507976002154653,Moderate,21.206380801723725,Low
1305,2026-06-20 10:00:00,69.75,62.77044972963588,0,26.504089945927177,Moderate,21.203271956741744,Low
1306,2026-03-22 22:00:00,71.75,60.70271899287909,0,26.49054379857582,Moderate,21.19243503886066,Low
1307,2026-04-19 22:00:00,63.0,69.43296814896964,0,26.486593629793926,Moderate,21.18927490383514,Low
1308,2026-06-20 13:00:00,66.5,65.88844711609002,0,26.477689423218003,Moderate,21.182151538574402,Low
1309,2026-04-25 08:00:00,73.75,58.58790995778907,0,26.467581991557815,Moderate,21.174065593246254,Low
1310,2026-03-06 11:00:00,69.75,62.537843072727206,0,26.45756861454544,Moderate,21.166054891636353,Low
1311,2026-03-30 18:00:00,66.75,65.52900872334112,0,26.45580174466822,Moderate,21.164641395734577,Low
1312,2026-01-11 13:00:00,59.75,72.5088922324437,0,26.45177844648874,Moderate,21.16142275719099,Low
1313,2026-06-04 08:00:00,65.75,66.49708878867082,0,26.449417757734164,Moderate,21.15953420618733,Low
1314,2026-04-29 00:00:00,53.0,79.23881061517869,0,26.447762123035737,Moderate,21.158209698428593,Low
1315,2026-05-13 20:00:00,68.5,63.73338044950172,0,26.446676089900343,Moderate,21.157340871920276,Low
1316,2026-06-07 17:00:00,72.75,59.47218280431933,0,26.444436560863867,Moderate,21.155549248691095,Low
1317,2026-03-07 19:00:00,69.0,63.21320988567193,0,26.442641977134386,Moderate,21.15411358170751,Low
1318,2026-02-02 11:00:00,63.0,69.21223000304815,0,26.44244600060963,Moderate,21.153956800487705,Low
1319,2026-03-13 21:00:00,60.0,72.16626649718819,0,26.433253299437638,Moderate,21.14660263955011,Low
1320,2026-02-07 19:00:00,67.0,65.13649262633872,0,26.427298525267744,Moderate,21.141838820214197,Low
1321,2026-01-09 10:00:00,68.0,64.10327107669468,0,26.420654215338935,Moderate,21.13652337227115,Low
1322,2026-06-22 20:00:00,61.5,70.59259001988562,0,26.418518003977123,Moderate,21.1348144031817,Low
1323,2026-03-23 22:00:00,64.0,68.07715595581277,0,26.415431191162554,Moderate,21.132344952930044,Low
1324,2026-02-24 11:00:00,58.5,73.57376631730118,0,26.414753263460234,Moderate,21.13180261076819,Low
1325,2026-01-07 02:00:00,60.25,71.74856369556547,0,26.399712739113095,Moderate,21.119770191290478,Low
1326,2026-03-13 11:00:00,70.0,61.99258664350926,0,26.398517328701853,Moderate,21.118813862961485,Low
1327,2026-06-07 01:00:00,66.5,65.47422231341413,0,26.394844462682826,Moderate,21.11587557014626,Low
1328,2026-04-18 22:00:00,64.0,67.96234315546054,0,26.39246863109211,Moderate,21.11397490487369,Low
1329,2026-05-12 22:00:00,63.75,68.19514893569225,0,26.389029787138448,Moderate,21.11122382971076,Low
1330,2026-05-16 00:00:00,67.25,64.66493169507726,0,26.38298633901545,Moderate,21.106389071212362,Low
1331,2026-01-01 09:00:00,66.0,65.8861766973802,0,26.377235339476037,Moderate,21.10178827158083,Low
1332,2026-01-23 12:00:00,60.5,71.3741410127104,0,26.37482820254208,Moderate,21.099862562033664,Low
1333,2026-01-17 16:00:00,55.0,76.83117186971583,0,26.366234373943165,Moderate,21.092987499154532,Low
1334,2026-03-04 13:00:00,72.0,59.79977000829744,0,26.35995400165949,Moderate,21.087963201327593,Low
1335,2026-06-18 22:00:00,80.75,51.04238235175451,0,26.3584764703509,Moderate,21.086781176280724,Low
1336,2026-01-11 19:00:00,54.75,76.93922723481134,0,26.337845446962266,Moderate,21.070276357569814,Low
1337,2026-05-18 14:00:00,65.0,66.68594246031745,0,26.33718849206349,Moderate,21.069750793650794,Low
1338,2026-03-26 09:00:00,65.5,66.14508598564129,0,26.32901719712826,Moderate,21.06321375770261,Low
1339,2026-03-05 14:00:00,68.5,63.13756038458109,0,26.32751207691622,Moderate,21.06200966153298,Low
1340,2026-01-02 18:00:00,53.25,78.3727676860274,0,26.324553537205478,Moderate,21.059642829764385,Low
1341,2026-01-13 06:00:00,68.5,63.06652888363481,0,26.313305776726963,Moderate,21.050644621381572,Low
1342,2026-06-10 03:00:00,74.5,57.064209847196544,0,26.31284196943931,Moderate,21.05027357555145,Low
1343,2026-03-17 23:00:00,52.0,79.5435451566846,0,26.30870903133692,Moderate,21.046967225069537,Low
1344,2026-06-03 12:00:00,64.25,67.28899524847567,0,26.307799049695134,Moderate,21.046239239756108,Low
1345,2026-04-20 00:00:00,60.25,71.27686639493385,0,26.30537327898677,Moderate,21.04429862318942,Low
1346,2026-06-20 09:00:00,63.75,67.76126989781504,0,26.302253979563005,Moderate,21.041803183650405,Low
1347,2026-06-03 09:00:00,60.5,71.01099663316327,0,26.302199326632653,Moderate,21.041759461306125,Low
1348,2026-03-27 00:00:00,55.5,75.979047282488,0,26.2958094564976,Moderate,21.03664756519808,Low
1349,2026-05-14 11:00:00,67.0,64.43620613996698,0,26.2872412279934,Moderate,21.02979298239472,Low
1350,2026-04-20 22:00:00,56.75,74.63244279759809,0,26.276488559519617,Moderate,21.021190847615696,Low
1351,2026-03-23 23:00:00,58.0,73.38196122842636,0,26.276392245685273,Moderate,21.02111379654822,Low
1352,2026-06-04 23:00:00,55.25,76.05848367392059,0,26.26169673478412,Moderate,21.009357387827297,Low
1353,2026-03-13 19:00:00,65.25,66.00675462783819,0,26.251350925567635,Moderate,21.00108074045411,Low
1354,2026-03-31 05:00:00,63.0,68.23339451724809,0,26.24667890344962,Moderate,20.9973431227597,Low
1355,2026-02-10 11:00:00,66.75,64.42011025317115,0,26.23402205063423,Moderate,20.987217640507385,Low
1356,2026-01-10 05:00:00,75.0,56.15248305925403,0,26.230496611850807,Moderate,20.984397289480647,Low
1357,2026-02-22 21:00:00,59.75,71.36085602008706,0,26.222171204017414,Moderate,20.977736963213932,Low
1358,2026-02-22 11:00:00,61.25,69.84514032328995,0,26.21902806465799,Moderate,20.975222451726395,Low
1359,2026-04-16 21:00:00,73.25,57.84074679952493,0,26.218149359904984,Moderate,20.97451948792399,Low
1360,2026-05-16 07:00:00,63.75,67.32092204542681,0,26.214184409085362,Moderate,20.971347527268293,Low
1361,2026-01-17 10:00:00,37.25,93.80094371693119,0,26.210188743386237,Moderate,20.968150994708992,Low
1362,2026-01-24 00:00:00,50.75,80.29832055605651,0,26.2096641112113,Moderate,20.96773128896904,Low
1363,2026-05-15 20:00:00,75.75,55.2680720376827,0,26.20361440753654,Moderate,20.962891526029235,Low
1364,2026-06-23 12:00:00,60.5,70.50825747123935,0,26.20165149424787,Moderate,20.9613211953983,Low
1365,2026-05-28 15:00:00,80.75,50.24088871504312,0,26.19817774300862,Moderate,20.9585421944069,Low
1366,2026-04-29 23:00:00,69.25,61.72752291318382,0,26.195504582636765,Moderate,20.956403666109413,Low
1367,2026-06-23 14:00:00,59.75,71.16412524143979,0,26.18282504828796,Moderate,20.94626003863037,Low
1368,2026-03-28 21:00:00,70.5,60.38131082088877,0,26.176262164177754,Moderate,20.941009731342206,Low
1369,2026-06-21 22:00:00,64.75,66.11662188895343,0,26.173324377790685,Moderate,20.93865950223255,Low
1370,2026-01-08 16:00:00,58.5,72.36075183177572,0,26.17215036635514,Moderate,20.937720293084112,Low
1371,2026-04-12 16:00:00,73.75,57.10904217913508,0,26.171808435827018,Moderate,20.937446748661614,Low
1372,2026-02-08 10:00:00,60.0,70.85504180570508,0,26.17100836114102,Moderate,20.936806688912817,Low
1373,2026-06-03 14:00:00,69.0,61.81274462032465,0,26.16254892406493,Moderate,20.930039139251946,Low
1374,2026-03-07 05:00:00,70.5,60.2926193939059,0,26.158523878781182,Moderate,20.926819103024947,Low
1375,2026-02-16 04:00:00,61.25,69.50337835387663,0,26.15067567077533,Moderate,20.920540536620265,Low
1376,2026-03-07 03:00:00,68.75,61.99181345280527,0,26.148362690561054,Moderate,20.918690152448846,Low
1377,2026-03-08 13:00:00,60.5,70.21412109536104,0,26.142824219072207,Moderate,20.914259375257767,Low
1378,2026-05-18 00:00:00,58.5,72.17236338559356,0,26.13447267711871,Moderate,20.90757814169497,Low
1379,2026-05-08 22:00:00,61.0,69.65908579251132,0,26.131817158502265,Moderate,20.905453726801813,Low
1380,2026-01-22 19:00:00,64.0,66.42302691819556,0,26.084605383639115,Moderate,20.867684306911293,Low
1381,2026-05-22 01:00:00,71.0,59.39748239836971,0,26.079496479673942,Moderate,20.863597183739156,Low
1382,2026-01-05 14:00:00,57.25,73.00944999634578,0,26.051889999269154,Moderate,20.841511999415324,Low
1383,2026-05-16 08:00:00,62.25,67.9679397249989,0,26.043587944999782,Moderate,20.834870355999826,Low
1384,2026-04-29 12:00:00,65.5,64.6649371681788,0,26.03298743363576,Moderate,20.82638994690861,Low
1385,2026-06-19 11:00:00,73.5,56.6365683725013,0,26.02731367450026,Moderate,20.82185093960021,Low
1386,2026-01-08 11:00:00,57.5,72.62187942053667,0,26.024375884107336,Moderate,20.81950070728587,Low
1387,2026-03-12 13:00:00,68.0,62.039854464449796,0,26.00797089288996,Moderate,20.80637671431197,Low
1388,2026-03-02 18:00:00,63.5,66.51727388374353,0,26.003454776748704,Moderate,20.802763821398965,Low
1389,2026-01-27 10:00:00,77.0,52.797772523731425,0,25.959554504746286,Moderate,20.76764360379703,Low
1390,2026-03-13 22:00:00,59.75,70.04747951807879,0,25.95949590361576,Moderate,20.76759672289261,Low
1391,2026-04-01 00:00:00,48.0,81.787743082824,0,25.9575486165648,Moderate,20.766038893251842,Low
1392,2026-06-03 10:00:00,61.5,68.27478743822296,0,25.95495748764459,Moderate,20.763965990115675,Low
1393,2026-06-21 19:00:00,71.5,58.25319729166918,0,25.950639458333832,Moderate,20.760511566667066,Low
1394,2026-03-27 09:00:00,57.0,72.65905222434883,0,25.931810444869765,Moderate,20.745448355895814,Low
1395,2026-01-08 12:00:00,53.75,75.90895882616395,0,25.93179176523279,Moderate,20.745433412186234,Low
1396,2026-04-23 12:00:00,64.5,65.15411098986773,0,25.930822197973548,Moderate,20.74465775837884,Low
1397,2026-06-07 16:00:00,66.75,62.8739532458757,0,25.92479064917514,Moderate,20.739832519340112,Low
1398,2026-04-15 08:00:00,70.5,59.1041469146729,0,25.92082938293458,Moderate,20.736663506347668,Low
1399,2026-06-14 20:00:00,68.0,61.566602095651604,0,25.913320419130322,Moderate,20.73065633530426,Low
1400,2026-06-03 13:00:00,67.5,62.0633867967729,0,25.912677359354582,Moderate,20.73014188748367,Low
1401,2026-06-22 19:00:00,59.75,69.77947852475833,0,25.905895704951668,Moderate,20.724716563961337,Low
1402,2026-04-27 21:00:00,60.25,69.20679088702545,0,25.89135817740509,Moderate,20.71308654192407,Low
1403,2026-04-22 02:00:00,53.5,75.9539607225351,0,25.89079214450702,Moderate,20.71263371560562,Low
1404,2026-03-04 07:00:00,70.0,59.4470767249195,0,25.889415344983902,Moderate,20.711532275987125,Low
1405,2026-03-23 00:00:00,66.75,62.65679378648821,0,25.88135875729764,Moderate,20.705087005838113,Low
1406,2026-02-22 20:00:00,58.25,71.13838466587636,0,25.877676933175273,Moderate,20.70214154654022,Low
1407,2026-04-29 09:00:00,69.75,59.570755677176855,0,25.86415113543537,Moderate,20.6913209083483,Low
1408,2026-02-16 06:00:00,71.5,57.7901001887748,0,25.858020037754958,Moderate,20.68641603020397,Low
1409,2026-02-27 07:00:00,67.25,62.00866354966758,0,25.851732709933515,Moderate,20.681386167946812,Low
1410,2026-06-03 16:00:00,57.25,71.95208172011696,0,25.840416344023392,Moderate,20.672333075218717,Low
1411,2026-03-15 08:00:00,78.0,51.17229511531933,0,25.834459023063868,Moderate,20.667567218451097,Low
1412,2026-03-03 01:00:00,68.25,60.90991838018699,0,25.831983676037396,Moderate,20.665586940829918,Low
1413,2026-04-22 01:00:00,57.75,71.38930556991647,0,25.827861113983296,Moderate,20.662288891186638,Low
1414,2026-03-04 02:00:00,69.5,59.58382376916,0,25.816764753831997,Moderate,20.653411803065598,Low
1415,2026-03-12 07:00:00,62.75,66.30771249407907,0,25.81154249881581,Moderate,20.64923399905265,Low
1416,2026-02-26 07:00:00,72.0,57.05075302464708,0,25.810150604929415,Moderate,20.648120483943533,Low
1417,2026-06-04 16:00:00,69.0,60.011941844952915,0,25.80238836899058,Moderate,20.641910695192465,Low
1418,2026-04-20 01:00:00,61.75,67.25523706245215,0,25.801047412490433,Moderate,20.640837929992347,Low
1419,2026-05-19 21:00:00,46.0,83.0038390777251,0,25.800767815545022,Moderate,20.64061425243602,Low
1420,2026-03-03 19:00:00,68.75,60.23783167261863,0,25.79756633452373,Moderate,20.638053067618984,Low
1421,2026-03-05 07:00:00,70.25,58.66202734419182,0,25.782405468838366,Moderate,20.625924375070696,Low
1422,2026-03-15 13:00:00,64.0,64.79590618095949,0,25.7591812361919,Moderate,20.60734498895352,Low
1423,2026-05-06 16:00:00,61.5,67.260327379137,0,25.7520654758274,Moderate,20.60165238066192,Low
1424,2026-02-18 11:00:00,57.0,71.74500384072942,0,25.749000768145883,Moderate,20.599200614516707,Low
1425,2026-02-21 18:00:00,55.5,73.16108354552532,0,25.732216709105067,Moderate,20.585773367284055,Low
1426,2026-02-07 09:00:00,61.0,67.61076884123925,0,25.72215376824785,Moderate,20.57772301459828,Low
1427,2026-06-01 22:00:00,76.0,52.605934132996666,0,25.721186826599332,Moderate,20.57694946127947,Low
1428,2026-05-17 23:00:00,54.75,73.80961350242936,0,25.71192270048587,Moderate,20.5695381603887,Low
1429,2026-02-28 05:00:00,71.25,57.26670344104785,0,25.703340688209572,Moderate,20.562672550567658,Low
1430,2026-04-29 10:00:00,66.75,61.7379945733131,0,25.69759891466262,Moderate,20.558079131730096,Low
1431,2026-03-11 15:00:00,71.5,56.96946743082801,0,25.6938934861656,Moderate,20.55511478893248,Low
1432,2026-05-23 15:00:00,74.25,54.21311406375438,0,25.692622812750876,Moderate,20.554098250200703,Low
1433,2026-06-04 09:00:00,66.0,62.42240178145339,0,25.684480356290678,Moderate,20.547584285032542,Low
1434,2026-04-26 16:00:00,52.75,75.64467784375725,0,25.67893556875145,Moderate,20.54314845500116,Low
1435,2026-04-21 20:00:00,57.5,70.89216670577933,0,25.678433341155866,Moderate,20.542746672924693,Low
1436,2026-05-24 13:00:00,64.25,64.10981143091855,0,25.67196228618371,Moderate,20.53756982894697,Low
1437,2026-01-27 22:00:00,52.0,76.29614299333588,0,25.659228598667177,Moderate,20.527382878933743,Low
1438,2026-03-25 18:00:00,78.75,49.54038763819015,0,25.658077527638028,Moderate,20.526462022110422,Low
1439,2026-04-22 11:00:00,64.0,64.287015122781,0,25.657403024556203,Moderate,20.525922419644964,Low
1440,2026-05-16 09:00:00,59.5,68.78160055761536,0,25.656320111523073,Moderate,20.52505608921846,Low
1441,2026-01-04 16:00:00,69.5,58.73720163060956,0,25.64744032612191,Moderate,20.51795226089753,Low
1442,2026-01-04 13:00:00,68.0,60.212301571649974,0,25.642460314329995,Moderate,20.513968251463996,Low
1443,2026-06-03 15:00:00,64.0,64.21172525754373,0,25.642345051508748,Moderate,20.513876041207,Low
1444,2026-02-10 03:00:00,68.0,60.203694138389146,0,25.64073882767783,Moderate,20.512591062142263,Low
1445,2026-03-07 04:00:00,70.5,57.69803522593369,0,25.639607045186736,Moderate,20.51168563614939,Low
1446,2026-02-10 02:00:00,66.5,61.667689176787874,0,25.633537835357576,Moderate,20.506830268286063,Low
1447,2026-04-29 08:00:00,71.75,56.39908775964361,0,25.629817551928724,Moderate,20.50385404154298,Low
1448,2026-03-23 07:00:00,68.75,59.35060007059738,0,25.620120014119475,Moderate,20.49609601129558,Low
1449,2026-04-14 05:00:00,72.75,55.341150784791196,0,25.61823015695824,Moderate,20.494584125566593,Low
1450,2026-03-03 00:00:00,63.25,64.84016190075141,0,25.618032380150282,Moderate,20.494425904120227,Low
1451,2026-05-22 02:00:00,67.25,60.823531933079394,0,25.61470638661588,Moderate,20.491765109292704,Low
1452,2026-02-09 05:00:00,62.25,65.81142364128813,0,25.612284728257627,Moderate,20.489827782606103,Low
1453,2026-02-23 11:00:00,56.75,71.26316772068358,0,25.602633544136715,Moderate,20.482106835309374,Low
1454,2026-06-16 10:00:00,70.25,57.759439635084625,0,25.601887927016925,Moderate,20.481510341613543,Low
1455,2026-04-22 21:00:00,60.0,67.97712671458928,0,25.595425342917856,Moderate,20.476340274334287,Low
1456,2026-06-18 23:00:00,74.0,53.951474440206525,0,25.590294888041306,Moderate,20.472235910433046,Low
1457,2026-05-27 00:00:00,51.25,76.6995189393552,0,25.58990378787104,Moderate,20.471923030296836,Low
1458,2026-06-22 14:00:00,61.75,66.19310397211665,0,25.588620794423328,Moderate,20.470896635538665,Low
1459,2026-06-23 15:00:00,47.25,80.6464645762536,0,25.579292915250722,Moderate,20.463434332200578,Low
1460,2026-02-28 18:00:00,72.75,55.107498191688066,0,25.571499638337613,Moderate,20.457199710670093,Low
1461,2026-05-07 06:00:00,27.5,100.2733120534457,0,25.55466241068914,Moderate,20.443729928551313,Low
1462,2026-04-26 03:00:00,46.0,81.74695501418617,0,25.549391002837233,Moderate,20.43951280226979,Low
1463,2026-02-01 10:00:00,64.0,63.70966636164061,0,25.541933272328123,Moderate,20.4335466178625,Low
1464,2026-03-02 13:00:00,70.25,57.44131590690108,0,25.538263181380216,Moderate,20.430610545104173,Low
1465,2026-05-20 00:00:00,36.5,91.18526255524984,0,25.537052511049968,Moderate,20.429642008839977,Low
1466,2026-03-31 07:00:00,46.0,81.67530184275829,0,25.53506036855166,Moderate,20.428048294841332,Low
1467,2026-06-10 02:00:00,57.75,69.91743995659199,0,25.5334879913184,Moderate,20.42679039305472,Low
1468,2026-04-29 21:00:00,54.0,73.62254716920675,0,25.524509433841352,Moderate,20.419607547073085,Low
1469,2026-04-12 14:00:00,66.75,60.84017429533132,0,25.518034859066265,Moderate,20.414427887253012,Low
1470,2026-06-08 02:00:00,71.5,56.08058898087589,0,25.516117796175177,Moderate,20.412894236940144,Low
1471,2026-04-13 13:00:00,67.25,60.301821308282406,0,25.51036426165648,Moderate,20.408291409325187,Low
1472,2026-03-04 20:00:00,63.0,64.47120341466297,0,25.494240682932592,Moderate,20.395392546346073,Low
1473,2026-04-20 07:00:00,64.25,63.212633478893025,0,25.492526695778604,Moderate,20.394021356622886,Low
1474,2026-01-27 23:00:00,49.25,78.20531721306098,0,25.491063442612194,Moderate,20.392850754089757,Low
1475,2026-03-17 19:00:00,63.0,64.39634759876022,0,25.479269519752044,Moderate,20.38341561580164,Low
1476,2026-03-30 17:00:00,70.25,57.082570276807395,0,25.46651405536148,Moderate,20.373211244289184,Low
1477,2026-03-16 15:00:00,33.5,93.80045324939319,0,25.460090649878637,Moderate,20.36807251990291,Low
1478,2026-05-25 14:00:00,76.0,51.284288634040294,0,25.45685772680806,Moderate,20.36548618144645,Low
1479,2026-02-27 12:00:00,62.25,65.0260190946009,0,25.455203818920182,Moderate,20.364163055136146,Low
1480,2026-06-02 18:00:00,65.25,61.985071623977866,0,25.44701432479557,Moderate,20.35761145983646,Low
1481,2026-04-24 21:00:00,58.0,69.22146905630213,0,25.444293811260426,Moderate,20.355435049008342,Low
1482,2026-06-03 07:00:00,79.5,47.70369198793575,0,25.44073839758715,Moderate,20.35259071806972,Low
1483,2026-06-16 08:00:00,68.75,58.419415273237284,0,25.433883054647456,Moderate,20.347106443717966,Low
1484,2026-03-02 01:00:00,56.0,71.11992094941984,0,25.423984189883967,Moderate,20.339187351907174,Low
1485,2026-03-09 14:00:00,64.5,62.58713387952321,0,25.41742677590464,Moderate,20.333941420723715,Low
1486,2026-02-28 03:00:00,72.0,55.053426933087806,0,25.41068538661756,Moderate,20.32854830929405,Low
1487,2026-04-24 10:00:00,52.5,74.51283653807334,0,25.402567307614667,Moderate,20.322053846091734,Low
1488,2026-02-27 19:00:00,65.75,61.20523006495682,0,25.39104601299136,Moderate,20.31283681039309,Low
1489,2026-05-27 13:00:00,53.5,73.43410676096953,0,25.386821352193905,Moderate,20.309457081755127,Low
1490,2026-02-10 05:00:00,67.5,59.42740313106397,0,25.385480626212797,Moderate,20.308384500970238,Low
1491,2026-04-19 10:00:00,59.5,67.40225669213234,0,25.380451338426468,Moderate,20.304361070741177,Low
1492,2026-04-12 11:00:00,68.25,58.63779578328814,0,25.377559156657625,Moderate,20.3020473253261,Low
1493,2026-06-21 13:00:00,60.5,66.31817225739552,0,25.3636344514791,Moderate,20.290907561183282,Low
1494,2026-06-22 18:00:00,63.5,63.28921546590659,0,25.357843093181316,Moderate,20.286274474545053,Low
1495,2026-06-03 05:00:00,82.0,44.76598676009463,0,25.353197352018924,Moderate,20.28255788161514,Low
1496,2026-04-22 08:00:00,61.25,65.460142481656,0,25.342028496331203,Moderate,20.273622797064963,Low
1497,2026-03-18 06:00:00,56.25,70.44271323121077,0,25.338542646242153,Moderate,20.270834116993726,Low
1498,2026-01-21 13:00:00,60.75,65.83977451830012,0,25.317954903660024,Moderate,20.25436392292802,Low
1499,2026-06-21 12:00:00,66.25,60.31515354928826,0,25.31303070985765,Moderate,20.25042456788612,Low
1500,2026-03-05 18:00:00,74.0,52.541591846885176,0,25.308318369377034,Moderate,20.24665469550163,Low
1501,2026-06-15 01:00:00,74.25,52.20377486758077,0,25.290754973516155,Moderate,20.232603978812925,Low
1502,2026-01-13 03:00:00,69.25,57.11458424324459,0,25.27291684864892,Moderate,20.218333478919135,Low
1503,2026-05-23 17:00:00,66.25,60.06250950783091,0,25.262501901566182,Moderate,20.21000152125295,Low
1504,2026-01-01 13:00:00,67.5,58.80024393601406,0,25.260048787202813,Moderate,20.20803902976225,Low
1505,2026-04-21 17:00:00,59.5,66.77195885539483,0,25.254391771078964,Moderate,20.203513416863174,Low
1506,2026-06-17 03:00:00,77.5,48.76601114157218,0,25.253202228314436,Moderate,20.20256178265155,Low
1507,2026-02-26 13:00:00,72.0,54.24061974895384,0,25.248123949790767,Moderate,20.198499159832615,Low
1508,2026-01-18 09:00:00,65.25,60.93771415849355,0,25.23754283169871,Moderate,20.19003426535897,Low
1509,2026-05-14 12:00:00,61.0,65.18379784982517,0,25.23675956996503,Moderate,20.189407655972026,Low
1510,2026-06-21 14:00:00,58.25,67.89960868842236,0,25.22992173768447,Moderate,20.183937390147577,Low
1511,2026-06-08 13:00:00,62.25,63.89272375141881,0,25.228544750283763,Moderate,20.18283580022701,Low
1512,2026-01-10 06:00:00,64.0,62.138227016422064,0,25.227645403284413,Moderate,20.182116322627532,Low
1513,2026-06-17 02:00:00,78.75,47.37898671676379,0,25.22579734335276,Moderate,20.18063787468221,Low
1514,2026-03-23 21:00:00,57.5,68.52982645270434,0,25.205965290540867,Moderate,20.164772232432696,Low
1515,2026-04-24 22:00:00,60.5,65.48650495620878,0,25.197300991241754,Moderate,20.157840792993404,Low
1516,2026-04-20 23:00:00,51.75,74.18426056225218,0,25.18685211245044,Moderate,20.149481689960353,Low
1517,2026-06-23 11:00:00,69.75,56.15896542216268,0,25.181793084432535,Moderate,20.14543446754603,Low
1518,2026-06-27 00:00:00,65.0,60.871843280306145,0,25.17436865606123,Moderate,20.139494924848986,Low
1519,2026-06-01 21:00:00,75.75,50.11739330808084,0,25.173478661616166,Moderate,20.138782929292933,Low
1520,2026-02-06 09:00:00,66.0,59.82093667351594,0,25.164187334703186,Moderate,20.13134986776255,Low
1521,2026-02-05 06:00:00,71.0,54.77524591700562,0,25.155049183401125,Moderate,20.124039346720902,Low
1522,2026-05-11 21:00:00,61.75,63.99913100964408,0,25.149826201928818,Moderate,20.119860961543054,Low
1523,2026-06-08 14:00:00,63.25,62.494784063586664,0,25.14895681271733,Moderate,20.119165450173867,Low
1524,2026-02-19 00:00:00,47.0,78.7031022113897,0,25.140620442277942,Moderate,20.112496353822355,Low
1525,2026-03-24 00:00:00,54.5,71.15097974495815,0,25.13019594899163,Moderate,20.104156759193305,Low
1526,2026-02-21 22:00:00,57.0,68.60548313410499,0,25.121096626820993,Moderate,20.096877301456797,Low
1527,2026-02-10 04:00:00,65.5,60.092308130695066,0,25.118461626139016,Moderate,20.094769300911214,Low
1528,2026-03-05 16:00:00,68.25,57.32294631026268,0,25.114589262052537,Moderate,20.091671409642032,Low
1529,2026-01-09 15:00:00,51.5,74.07166499875362,0,25.114332999750722,Moderate,20.09146639980058,Low
1530,2026-04-22 10:00:00,63.5,62.05803269984186,0,25.11160653996837,Moderate,20.0892852319747,Low
1531,2026-02-17 19:00:00,56.5,69.0224982381649,0,25.104499647632977,Moderate,20.083599718106385,Low
1532,2026-01-10 13:00:00,51.0,74.50806784631297,0,25.101613569262593,Moderate,20.081290855410074,Low
1533,2026-03-24 08:00:00,61.75,63.718329800850164,0,25.093665960170036,Moderate,20.07493276813603,Low
1534,2026-05-17 06:00:00,64.75,60.71158161315229,0,25.092316322630456,Moderate,20.073853058104365,Low
1535,2026-03-07 12:00:00,63.25,62.178960078055425,0,25.085792015611084,Moderate,20.068633612488867,Low
1536,2026-01-04 12:00:00,63.75,61.641416023113756,0,25.07828320462275,Moderate,20.062626563698203,Low
1537,2026-04-22 20:00:00,59.25,66.11690758779027,0,25.073381517558055,Moderate,20.058705214046444,Low
1538,2026-04-22 22:00:00,58.5,66.85846349846115,0,25.07169269969223,Moderate,20.057354159753785,Low
1539,2026-04-16 09:00:00,64.25,61.09749960167542,0,25.069499920335083,Moderate,20.055599936268067,Low
1540,2026-02-03 19:00:00,81.0,44.28341457707032,0,25.056682915414065,Moderate,20.045346332331253,Low
1541,2026-02-20 23:00:00,65.25,60.03141809232434,0,25.056283618464867,Moderate,20.045026894771894,Low
1542,2026-06-09 16:00:00,66.75,58.48394705807658,0,25.046789411615315,Moderate,20.037431529292252,Low
1543,2026-02-20 19:00:00,60.5,64.73291965379877,0,25.046583930759752,Moderate,20.037267144607803,Low
1544,2026-03-11 14:00:00,68.0,57.19099313656198,0,25.038198627312397,Moderate,20.03055890184992,Low
1545,2026-04-14 22:00:00,56.0,69.18953525141818,0,25.037907050283636,Moderate,20.03032564022691,Low
1546,2026-06-04 15:00:00,57.5,67.6116625109592,0,25.02233250219184,Moderate,20.017866001753475,Low
1547,2026-04-22 09:00:00,61.0,64.09389571633591,0,25.01877914326718,Moderate,20.015023314613746,Low
1548,2026-04-23 20:00:00,61.75,63.3367338341214,0,25.017346766824282,Moderate,20.013877413459426,Low
1549,2026-05-20 02:00:00,32.25,92.81933084172005,0,25.01386616834401,Moderate,20.011092934675208,Low
1550,2026-06-07 15:00:00,64.25,60.76056838448129,0,25.002113676896258,Moderate,20.00169094151701,Low
1551,2026-04-27 20:00:00,64.0,60.98540289329968,0,24.997080578659936,Low,19.99766446292795,Low
1552,2026-06-06 16:00:00,78.75,46.2132396627808,0,24.99264793255616,Low,19.994118346044928,Low
1553,2026-01-13 13:00:00,61.0,63.88340518018768,0,24.976681036037533,Low,19.98134482883003,Low
1554,2026-03-01 07:00:00,58.25,66.59373891622026,0,24.96874778324405,Low,19.974998226595243,Low
1555,2026-03-15 20:00:00,51.75,73.08235005159007,0,24.966470010318012,Low,19.973176008254413,Low
1556,2026-03-19 20:00:00,61.0,63.76713492776145,0,24.95342698555229,Low,19.962741588441833,Low
1557,2026-03-02 07:00:00,72.75,51.97295936555191,0,24.944591873110383,Low,19.95567349848831,Low
1558,2026-04-15 09:00:00,63.25,61.46947764767574,0,24.943895529535148,Low,19.95511642362812,Low
1559,2026-05-15 21:00:00,62.5,62.202035519715245,0,24.940407103943052,Low,19.95232568315444,Low
1560,2026-03-25 08:00:00,54.75,69.92025664419437,0,24.934051328838873,Low,19.9472410630711,Low
1561,2026-02-18 23:00:00,48.75,75.87347813613472,0,24.924695627226946,Low,19.93975650178156,Low
1562,2026-03-04 15:00:00,54.25,70.32367226255565,0,24.914734452511127,Low,19.931787562008903,Low
1563,2026-06-07 10:00:00,52.75,71.8044759593821,0,24.91089519187642,Low,19.92871615350114,Low
1564,2026-04-19 21:00:00,56.5,67.90877996331349,0,24.881755992662697,Low,19.90540479413016,Low
1565,2026-01-01 12:00:00,63.0,61.39918405124951,0,24.879836810249902,Low,19.903869448199924,Low
1566,2026-01-03 17:00:00,57.75,66.6473653391211,0,24.879473067824218,Low,19.903578454259375,Low
1567,2026-04-14 20:00:00,56.25,68.1428679554867,0,24.87857359109734,Low,19.90285887287787,Low
1568,2026-06-21 21:00:00,56.25,68.14207411618116,0,24.878414823236234,Low,19.90273185858899,Low
1569,2026-03-05 06:00:00,64.75,59.6217062585774,0,24.874341251715478,Low,19.899473001372385,Low
1570,2026-03-01 18:00:00,46.25,78.10658328400886,0,24.871316656801774,Low,19.89705332544142,Low
1571,2026-03-03 02:00:00,63.75,60.536442733692844,0,24.857288546738566,Low,19.885830837390856,Low
1572,2026-05-22 23:00:00,62.0,62.22289022376129,0,24.844578044752257,Low,19.875662435801807,Low
1573,2026-06-15 11:00:00,66.5,57.669621345742705,0,24.83392426914854,Low,19.86713941531883,Low
1574,2026-03-14 22:00:00,61.75,62.380223238272244,0,24.82604464765445,Low,19.86083571812356,Low
1575,2026-02-21 12:00:00,66.75,57.36101302938193,0,24.822202605876384,Low,19.857762084701108,Low
1576,2026-04-27 03:00:00,55.5,68.58846827191591,0,24.817693654383184,Low,19.85415492350655,Low
1577,2026-03-19 00:00:00,60.25,63.80638444303921,0,24.811276888607843,Low,19.849021510886274,Low
1578,2026-05-17 07:00:00,60.25,63.77712614843844,0,24.80542522968769,Low,19.844340183750152,Low
1579,2026-06-06 08:00:00,78.75,45.26212009096486,0,24.802424018192973,Low,19.84193921455438,Low
1580,2026-01-26 21:00:00,62.0,62.006332649311176,0,24.801266529862236,Low,19.84101322388979,Low
1581,2026-06-05 04:00:00,69.0,54.95634434427767,0,24.791268868855532,Low,19.833015095084427,Low
1582,2026-06-20 15:00:00,43.0,80.90193620996706,0,24.78038724199341,Low,19.82430979359473,Low
1583,2026-01-07 03:00:00,54.25,69.63773861273157,0,24.777547722546316,Low,19.822038178037054,Low
1584,2026-02-05 23:00:00,55.25,68.61574774297905,0,24.77314954859581,Low,19.81851963887665,Low
1585,2026-01-12 07:00:00,59.25,64.59958810053719,0,24.76991762010744,Low,19.815934096085954,Low
1586,2026-03-29 19:00:00,60.0,63.81281696551743,0,24.762563393103484,Low,19.810050714482788,Low
1587,2026-03-08 19:00:00,62.25,61.45447815193915,0,24.740895630387833,Low,19.792716504310267,Low
1588,2026-06-14 19:00:00,65.75,57.92938913268864,0,24.735877826537724,Low,19.78870226123018,Low
1589,2026-06-24 19:00:00,38.0,85.5442207982189,0,24.708844159643782,Low,19.767075327715027,Low
1590,2026-05-20 21:00:00,49.0,74.53540945419104,0,24.707081890838207,Low,19.765665512670566,Low
1591,2026-02-23 04:00:00,65.0,58.52248211075433,0,24.704496422150868,Low,19.763597137720694,Low
1592,2026-02-16 19:00:00,56.5,66.97280836499203,0,24.694561672998404,Low,19.755649338398726,Low
1593,2026-04-12 15:00:00,64.25,59.210291462335626,0,24.692058292467124,Low,19.753646633973702,Low
1594,2026-01-27 11:00:00,70.5,52.92286477012751,0,24.6845729540255,Low,19.747658363220403,Low
1595,2026-06-22 21:00:00,60.0,63.37107824743212,0,24.674215649486424,Low,19.73937251958914,Low
1596,2026-05-11 22:00:00,57.75,65.58920778491714,0,24.667841556983426,Low,19.734273245586742,Low
1597,2026-05-18 01:00:00,48.75,74.516643568106,0,24.6533287136212,Low,19.722662970896963,Low
1598,2026-02-10 12:00:00,58.5,64.66477718059872,0,24.632955436119744,Low,19.706364348895796,Low
1599,2026-01-27 08:00:00,73.25,49.85352434307961,0,24.620704868615924,Low,19.69656389489274,Low
1600,2026-06-19 20:00:00,59.25,63.83249955138497,0,24.616499910276996,Low,19.6931999282216,Low
1601,2026-02-21 14:00:00,64.75,58.305182884616926,0,24.611036576923382,Low,19.688829261538707,Low
1602,2026-06-14 03:00:00,57.5,65.54566806999604,0,24.60913361399921,Low,19.68730689119937,Low
1603,2026-05-19 20:00:00,41.25,81.7672692053561,0,24.603453841071218,Low,19.682763072856975,Low
1604,2026-04-18 00:00:00,52.5,70.4628389964789,0,24.59256779929578,Low,19.674054239436625,Low
1605,2026-06-07 18:00:00,67.25,55.69962098829032,0,24.589924197658064,Low,19.67193935812645,Low
1606,2026-04-18 06:00:00,66.5,56.443699833858,0,24.5887399667716,Low,19.67099197341728,Low
1607,2026-05-24 16:00:00,60.75,62.11737678268603,0,24.57347535653721,Low,19.658780285229767,Low
1608,2026-05-25 12:00:00,66.25,56.61546575333446,0,24.573093150666892,Low,19.658474520533517,Low
1609,2026-02-28 04:00:00,72.25,50.61370679239095,0,24.57274135847819,Low,19.658193086782553,Low
1610,2026-01-26 23:00:00,57.75,65.08082481133295,0,24.56616496226659,Low,19.652931969813274,Low
1611,2026-02-21 23:00:00,56.75,66.030928383608,0,24.556185676721597,Low,19.64494854137728,Low
1612,2026-04-26 11:00:00,54.75,67.97520868106704,0,24.545041736213406,Low,19.636033388970727,Low
1613,2026-03-06 18:00:00,63.0,59.72194117633355,0,24.54438823526671,Low,19.635510588213368,Low
1614,2026-01-24 21:00:00,59.5,63.18608644419661,0,24.537217288839322,Low,19.62977383107146,Low
1615,2026-01-12 18:00:00,63.0,59.67540328872858,0,24.535080657745716,Low,19.628064526196574,Low
1616,2026-06-20 20:00:00,61.5,61.0844637299744,0,24.51689274599488,Low,19.613514196795904,Low
1617,2026-06-26 00:00:00,59.5,63.078272413774954,0,24.51565448275499,Low,19.61252358620399,Low
1618,2026-02-02 22:00:00,55.25,67.27309830498858,0,24.504619660997715,Low,19.603695728798172,Low
1619,2026-06-19 16:00:00,64.5,57.98399985772625,0,24.49679997154525,Low,19.597439977236203,Low
1620,2026-04-23 01:00:00,50.25,72.21436432510718,0,24.492872865021436,Low,19.59429829201715,Low
1621,2026-03-07 18:00:00,62.75,59.68524879555639,0,24.48704975911128,Low,19.589639807289025,Low
1622,2026-04-22 23:00:00,58.0,64.40985070708864,0,24.481970141417726,Low,19.58557611313418,Low
1623,2026-02-18 22:00:00,47.0,75.40516034008978,0,24.481032068017953,Low,19.584825654414363,Low
1624,2026-06-03 06:00:00,74.25,48.14100642328254,0,24.47820128465651,Low,19.58256102772521,Low
1625,2026-02-02 03:00:00,55.75,66.62810798338569,0,24.475621596677136,Low,19.58049727734171,Low
1626,2026-02-22 12:00:00,57.5,64.87563624155328,0,24.475127248310656,Low,19.580101798648528,Low
1627,2026-02-08 11:00:00,57.25,65.11203729180369,0,24.47240745836074,Low,19.577925966688593,Low
1628,2026-04-19 23:00:00,53.75,68.59384068795516,0,24.468768137591034,Low,19.57501451007283,Low
1629,2026-02-24 19:00:00,54.0,68.2927637663224,0,24.458552753264478,Low,19.566842202611582,Low
1630,2026-02-17 13:00:00,58.0,64.2885713653612,0,24.457714273072238,Low,19.56617141845779,Low
1631,2026-03-12 06:00:00,54.0,68.28826999049227,0,24.457653998098454,Low,19.566123198478763,Low
1632,2026-03-19 21:00:00,60.25,62.019704040587676,0,24.453940808117537,Low,19.563152646494032,Low
1633,2026-02-01 12:00:00,60.75,61.46057206392652,0,24.442114412785305,Low,19.553691530228246,Low
1634,2026-06-25 23:00:00,62.0,60.10615048439756,0,24.421230096879512,Low,19.53698407750361,Low
1635,2026-06-20 06:00:00,49.25,72.78834368873643,0,24.407668737747287,Low,19.526134990197832,Low
1636,2026-05-12 20:00:00,59.5,62.51886864631423,0,24.403773729262845,Low,19.523018983410278,Low
1637,2026-01-13 05:00:00,64.75,57.14067341937121,0,24.378134683874244,Low,19.502507747099397,Low
1638,2026-02-08 19:00:00,58.5,63.37605742564962,0,24.375211485129924,Low,19.50016918810394,Low
1639,2026-03-30 02:00:00,54.0,67.87048744255614,0,24.37409748851123,Low,19.499277990808984,Low
1640,2026-03-05 05:00:00,63.0,58.84945262204577,0,24.369890524409154,Low,19.495912419527325,Low
1641,2026-06-08 08:00:00,68.0,53.79244132485798,0,24.358488264971598,Low,19.48679061197728,Low
1642,2026-02-28 12:00:00,58.25,63.53853561454028,0,24.357707122908057,Low,19.486165698326445,Low
1643,2026-03-30 16:00:00,70.0,51.77962972032099,0,24.355925944064197,Low,19.48474075525136,Low
1644,2026-06-12 16:00:00,41.75,79.95730218185669,0,24.34146043637134,Low,19.473168349097072,Low
1645,2026-02-05 22:00:00,53.25,68.4305220671472,0,24.33610441342944,Low,19.468883530743554,Low
1646,2026-01-01 10:00:00,57.5,64.15820621539407,0,24.331641243078813,Low,19.46531299446305,Low
1647,2026-04-14 00:00:00,56.0,65.63174827436536,0,24.326349654873074,Low,19.46107972389846,Low
1648,2026-03-07 06:00:00,64.0,57.58347318248593,0,24.31669463649719,Low,19.45335570919775,Low
1649,2026-02-27 06:00:00,65.25,56.320959699876646,0,24.31419193997533,Low,19.451353551980265,Low
1650,2026-04-13 23:00:00,59.75,61.81993459286759,0,24.31398691857352,Low,19.451189534858816,Low
1651,2026-05-14 03:00:00,31.0,90.53363994042549,0,24.306727988085097,Low,19.44538239046808,Low
1652,2026-02-25 19:00:00,60.25,61.248356962544904,0,24.299671392508984,Low,19.439737114007187,Low
1653,2026-03-14 21:00:00,60.75,60.743120364919484,0,24.2986240729839,Low,19.43889925838712,Low
1654,2026-06-06 07:00:00,77.75,43.72092347594308,0,24.294184695188616,Low,19.435347756150893,Low
1655,2026-04-17 07:00:00,69.25,52.217651715346726,0,24.293530343069342,Low,19.434824274455476,Low
1656,2026-05-17 11:00:00,60.0,61.35142415612247,0,24.270284831224494,Low,19.416227864979597,Low
1657,2026-06-05 00:00:00,51.0,70.32398785840633,0,24.264797571681264,Low,19.411838057345012,Low
1658,2026-06-26 21:00:00,61.25,60.053427041288,0,24.2606854082576,Low,19.40854832660608,Low
1659,2026-01-08 10:00:00,47.25,74.02000982522817,0,24.25400196504563,Low,19.403201572036508,Low
1660,2026-06-09 15:00:00,67.25,53.99541597202206,0,24.24908319440441,Low,19.39926655552353,Low
1661,2026-03-01 11:00:00,59.5,61.732704519784505,0,24.246540903956898,Low,19.39723272316552,Low
1662,2026-01-04 14:00:00,63.5,57.69411186143049,0,24.238822372286098,Low,19.39105789782888,Low
1663,2026-02-07 10:00:00,53.5,67.67607484531474,0,24.23521496906295,Low,19.388171975250362,Low
1664,2026-02-02 12:00:00,54.25,66.8943554889376,0,24.22887109778752,Low,19.383096878230017,Low
1665,2026-03-11 16:00:00,63.5,57.61954559962784,0,24.223909119925565,Low,19.379127295940453,Low
1666,2026-03-25 05:00:00,56.5,64.57020254005032,0,24.21404050801006,Low,19.37123240640805,Low
1667,2026-02-04 03:00:00,47.0,74.02882089869473,0,24.205764179738946,Low,19.364611343791157,Low
1668,2026-05-26 15:00:00,54.25,66.76116156671264,0,24.202232313342527,Low,19.361785850674025,Low
1669,2026-05-22 03:00:00,67.75,53.216638463318446,0,24.19332769266369,Low,19.354662154130953,Low
1670,2026-06-19 22:00:00,54.25,66.70662823762974,0,24.19132564752595,Low,19.35306051802076,Low
1671,2026-04-17 20:00:00,61.0,59.9109061097324,0,24.18218122194648,Low,19.345744977557185,Low
1672,2026-03-18 10:00:00,55.0,65.81279800915641,0,24.162559601831283,Low,19.33004768146503,Low
1673,2026-01-04 15:00:00,65.75,55.05234278468058,0,24.160468556936117,Low,19.328374845548893,Low
1674,2026-05-20 01:00:00,34.25,86.44649985988494,0,24.13929997197699,Low,19.311439977581593,Low
1675,2026-04-19 11:00:00,53.75,66.94479227879319,0,24.138958455758637,Low,19.31116676460691,Low
1676,2026-02-07 08:00:00,59.75,60.89170767012394,0,24.12834153402479,Low,19.302673227219834,Low
1677,2026-06-17 04:00:00,72.0,48.61775937975357,0,24.123551875950714,Low,19.298841500760574,Low
1678,2026-02-04 04:00:00,42.75,77.75765531527425,0,24.10153106305485,Low,19.28122485044388,Low
1679,2026-06-26 02:00:00,67.75,52.75209167101723,0,24.100418334203447,Low,19.28033466736276,Low
1680,2026-04-23 02:00:00,56.0,64.45893250993801,0,24.091786501987603,Low,19.273429201590083,Low
1681,2026-06-19 21:00:00,52.25,68.12322713516316,0,24.07464542703263,Low,19.259716341626106,Low
1682,2026-05-12 23:00:00,54.5,65.87271083963792,0,24.074542167927582,Low,19.259633734342067,Low
1683,2026-05-24 17:00:00,52.5,67.87109045165623,0,24.074218090331243,Low,19.259374472264994,Low
1684,2026-03-26 07:00:00,64.5,55.78590971347352,0,24.057181942694704,Low,19.245745554155764,Low
1685,2026-02-09 07:00:00,64.75,55.49399625478291,0,24.04879925095658,Low,19.239039400765265,Low
1686,2026-05-14 14:00:00,52.0,68.20754945077114,0,24.04150989015423,Low,19.233207912123387,Low
1687,2026-04-23 13:00:00,63.25,56.90504535425498,0,24.031009070850995,Low,19.224807256680798,Low
1688,2026-02-26 06:00:00,60.5,59.55929420283172,0,24.011858840566347,Low,19.20948707245308,Low
1689,2026-04-23 00:00:00,57.0,63.039056059222006,0,24.0078112118444,Low,19.20624896947552,Low
1690,2026-06-17 05:00:00,73.5,46.52625245396325,0,24.005250490792648,Low,19.20420039263412,Low
1691,2026-03-30 13:00:00,62.0,57.99956448911608,0,23.999912897823215,Low,19.199930318258573,Low
1692,2026-06-12 22:00:00,46.25,73.74788162118381,0,23.999576324236763,Low,19.19966105938941,Low
1693,2026-02-09 06:00:00,62.75,57.245952181163936,0,23.999190436232787,Low,19.19935234898623,Low
1694,2026-03-05 04:00:00,62.25,57.719149530823316,0,23.993829906164663,Low,19.19506392493173,Low
1695,2026-02-06 10:00:00,58.25,61.708979805525125,0,23.991795961105026,Low,19.193436768884023,Low
1696,2026-03-18 11:00:00,44.5,75.41562509610344,0,23.983125019220687,Low,19.18650001537655,Low
1697,2026-06-20 03:00:00,41.0,78.89091427187356,0,23.97818285437471,Low,19.18254628349977,Low
1698,2026-03-01 03:00:00,54.25,65.63402466798338,0,23.976804933596675,Low,19.18144394687734,Low
1699,2026-03-30 06:00:00,57.75,62.125041582248755,0,23.975008316449752,Low,19.180006653159804,Low
1700,2026-03-05 01:00:00,61.25,58.61756469463587,0,23.973512938927172,Low,19.17881035114174,Low
1701,2026-06-08 09:00:00,68.5,51.35884152794396,0,23.971768305588792,Low,19.177414644471035,Low
1702,2026-03-23 01:00:00,61.0,58.84053522231072,0,23.968107044462144,Low,19.174485635569717,Low
1703,2026-06-16 01:00:00,47.75,72.004687700885,0,23.950937540176998,Low,19.1607500321416,Low
1704,2026-03-04 03:00:00,60.5,59.199620565028575,0,23.939924113005716,Low,19.151939290404574,Low
1705,2026-04-17 12:00:00,59.75,59.88756342268309,0,23.927512684536616,Low,19.142010147629293,Low
1706,2026-04-20 12:00:00,54.5,65.12716501327863,0,23.925433002655726,Low,19.14034640212458,Low
1707,2026-01-22 13:00:00,54.75,64.87058760483303,0,23.924117520966604,Low,19.139294016773285,Low
1708,2026-06-05 03:00:00,66.0,53.615428717310344,0,23.923085743462067,Low,19.138468594769655,Low
1709,2026-05-23 14:00:00,68.0,51.59939127826612,0,23.919878255653224,Low,19.13590260452258,Low
1710,2026-03-15 00:00:00,57.0,62.54280168289872,0,23.908560336579743,Low,19.126848269263796,Low
1711,2026-06-06 20:00:00,52.25,67.27893313617719,0,23.905786627235436,Low,19.12462930178835,Low
1712,2026-06-17 11:00:00,66.25,53.23314048554758,0,23.896628097109517,Low,19.117302477687613,Low
1713,2026-03-05 17:00:00,67.0,52.46227459682479,0,23.89245491936496,Low,19.113963935491967,Low
1714,2026-02-20 09:00:00,68.25,51.1927084375734,0,23.88854168751468,Low,19.110833350011745,Low
1715,2026-01-24 01:00:00,45.75,73.68985965009183,0,23.887971930018367,Low,19.110377544014693,Low
1716,2026-06-09 13:00:00,59.5,59.885224793273444,0,23.877044958654686,Low,19.101635966923748,Low
1717,2026-02-28 13:00:00,59.75,59.59257546880378,0,23.868515093760756,Low,19.094812075008605,Low
1718,2026-02-02 20:00:00,54.0,65.34166034331417,0,23.868332068662838,Low,19.09466565493027,Low
1719,2026-05-19 01:00:00,54.0,65.32068721097738,0,23.864137442195478,Low,19.091309953756383,Low
1720,2026-03-13 16:00:00,56.0,63.24839521621266,0,23.84967904324253,Low,19.079743234594027,Low
1721,2026-04-28 22:00:00,55.75,63.49725379166257,0,23.849450758332516,Low,19.079560606666014,Low
1722,2026-06-22 22:00:00,53.25,65.9686280735274,0,23.843725614705477,Low,19.074980491764382,Low
1723,2026-06-09 12:00:00,61.75,57.413649253431124,0,23.832729850686228,Low,19.066183880548984,Low
1724,2026-04-21 18:00:00,50.0,69.15582048346424,0,23.831164096692845,Low,19.064931277354276,Low
1725,2026-02-07 01:00:00,50.0,69.14618272653064,0,23.829236545306127,Low,19.063389236244902,Low
1726,2026-06-21 17:00:00,55.0,64.13032604912516,0,23.826065209825032,Low,19.060852167860027,Low
1727,2026-04-12 12:00:00,62.5,56.56521527636028,0,23.813043055272054,Low,19.050434444217643,Low
1728,2026-06-05 02:00:00,51.75,67.28465337479274,0,23.806930674958547,Low,19.045544539966837,Low
1729,2026-03-25 19:00:00,43.25,75.76183417262988,0,23.802366834525976,Low,19.04189346762078,Low
1730,2026-03-08 17:00:00,57.25,61.73688288288648,0,23.797376576577296,Low,19.037901261261837,Low
1731,2026-06-12 23:00:00,41.0,77.950566113519,0,23.790113222703802,Low,19.032090578163043,Low
1732,2026-04-22 07:00:00,64.5,54.443648570624994,0,23.788729714124997,Low,19.030983771299997,Low
1733,2026-05-10 23:00:00,51.0,67.93727389247228,0,23.787454778494453,Low,19.029963822795562,Low
1734,2026-05-07 01:00:00,35.0,83.8493264503859,0,23.769865290077178,Low,19.01589223206174,Low
1735,2026-04-17 02:00:00,61.0,57.80880271017989,0,23.761760542035976,Low,19.00940843362878,Low
1736,2026-03-16 11:00:00,41.0,77.78314732045303,0,23.756629464090604,Low,19.005303571272485,Low
1737,2026-05-18 15:00:00,45.5,73.25567022221486,0,23.75113404444297,Low,19.000907235554376,Low
1738,2026-05-15 11:00:00,61.25,57.50072800939926,0,23.75014560187985,Low,19.00011648150388,Low
1739,2026-02-22 13:00:00,51.75,66.94657112336012,0,23.73931422467202,Low,18.99145137973762,Low
1740,2026-05-20 07:00:00,40.0,78.6929821555864,0,23.73859643111728,Low,18.990877144893826,Low
1741,2026-02-02 08:00:00,60.0,58.65725899250337,0,23.73145179850067,Low,18.98516143880054,Low
1742,2026-04-18 05:00:00,63.0,55.64910291554044,0,23.729820583108086,Low,18.98385646648647,Low
1743,2026-03-06 12:00:00,63.0,55.64813127900307,0,23.72962625580061,Low,18.98370100464049,Low
1744,2026-05-28 16:00:00,64.5,54.13135051689867,0,23.726270103379733,Low,18.981016082703785,Low
1745,2026-05-16 19:00:00,55.25,63.35476424765692,0,23.720952849531383,Low,18.976762279625106,Low
1746,2026-03-23 20:00:00,53.0,65.59942274343824,0,23.71988454868765,Low,18.97590763895012,Low
1747,2026-04-04 11:00:00,50.0,68.58556590276267,0,23.717113180552534,Low,18.97369054444203,Low
1748,2026-03-01 06:00:00,57.5,61.05548426601128,0,23.711096853202257,Low,18.968877482561805,Low
1749,2026-04-27 23:00:00,53.75,64.78897693367125,0,23.70779538673425,Low,18.9662363093874,Low
1750,2026-06-12 21:00:00,52.75,65.77495216211949,0,23.704990432423898,Low,18.96399234593912,Low
1751,2026-06-27 21:00:00,61.0,57.523982318740515,0,23.704796463748103,Low,18.963837170998485,Low
1752,2026-03-28 00:00:00,61.25,57.26738427307771,0,23.703476854615545,Low,18.962781483692435,Low
1753,2026-02-27 14:00:00,61.5,56.97694137764247,0,23.695388275528494,Low,18.956310620422794,Low
1754,2026-06-17 15:00:00,62.5,55.9433401007925,0,23.6886680201585,Low,18.9509344161268,Low
1755,2026-03-25 04:00:00,55.0,63.42842674708438,0,23.685685349416875,Low,18.9485482795335,Low
1756,2026-05-25 11:00:00,64.75,53.67574253834676,0,23.685148507669354,Low,18.948118806135483,Low
1757,2026-02-08 08:00:00,59.25,59.15885319339028,0,23.68177063867806,Low,18.945416510942447,Low
1758,2026-06-14 16:00:00,63.5,54.867024348324584,0,23.673404869664918,Low,18.938723895731936,Low
1759,2026-06-12 20:00:00,52.5,65.82270722464959,0,23.664541444929917,Low,18.931633155943935,Low
1760,2026-03-27 10:00:00,55.25,63.05776745732256,0,23.661553491464513,Low,18.92924279317161,Low
1761,2026-04-28 23:00:00,53.0,65.29478766989921,0,23.658957533979844,Low,18.927166027183876,Low
1762,2026-02-01 09:00:00,63.25,55.022409213441094,0,23.654481842688217,Low,18.923585474150574,Low
1763,2026-06-05 01:00:00,54.75,63.5078771537424,0,23.65157543074848,Low,18.921260344598785,Low
1764,2026-02-03 23:00:00,54.25,63.984655201111,0,23.6469310402222,Low,18.91754483217776,Low
1765,2026-05-20 11:00:00,48.25,69.98316226080158,0,23.64663245216032,Low,18.917305961728257,Low
1766,2026-03-12 16:00:00,54.0,64.21462666012167,0,23.642925332024333,Low,18.91434026561947,Low
1767,2026-06-23 16:00:00,50.5,67.70161934994506,0,23.64032386998901,Low,18.91225909599121,Low
1768,2026-04-18 11:00:00,49.75,68.42079024868677,0,23.63415804973735,Low,18.90732643978988,Low
1769,2026-03-13 12:00:00,56.25,61.897453685303745,0,23.62949073706075,Low,18.9035925896486,Low
1770,2026-05-15 10:00:00,62.75,55.36426043851328,0,23.622852087702654,Low,18.898281670162124,Low
1771,2026-01-12 01:00:00,49.75,68.35025779672225,0,23.620051559344446,Low,18.89604124747556,Low
1772,2026-05-13 14:00:00,58.0,60.08341258747803,0,23.616682517495605,Low,18.893346013996485,Low
1773,2026-06-25 03:00:00,59.0,59.082240205038055,0,23.616448041007608,Low,18.893158432806086,Low
1774,2026-04-15 10:00:00,56.75,61.29875315540783,0,23.609750631081567,Low,18.887800504865254,Low
1775,2026-04-28 20:00:00,57.5,60.54675999935186,0,23.609351999870373,Low,18.8874815998963,Low
1776,2026-05-06 12:00:00,56.75,61.265429822474154,0,23.60308596449483,Low,18.882468771595864,Low
1777,2026-01-13 04:00:00,64.0,53.99258664741885,0,23.59851732948377,Low,18.878813863587016,Low
1778,2026-06-02 10:00:00,75.5,42.454454528334935,0,23.59089090566699,Low,18.872712724533592,Low
1779,2026-02-21 07:00:00,56.75,61.20206808271419,0,23.59041361654284,Low,18.872330893234274,Low
1780,2026-04-27 22:00:00,52.75,65.14822636570456,0,23.579645273140912,Low,18.86371621851273,Low
1781,2026-06-21 02:00:00,72.75,45.1431051503668,0,23.57862103007336,Low,18.86289682405869,Low
1782,2026-06-01 20:00:00,67.5,50.37237612433865,0,23.57447522486773,Low,18.859580179894184,Low
1783,2026-01-01 11:00:00,55.25,62.59335248997706,0,23.568670497995413,Low,18.85493639839633,Low
1784,2026-02-23 05:00:00,59.75,58.06138906794436,0,23.56227781358887,Low,18.849822250871096,Low
1785,2026-03-22 20:00:00,65.5,52.27903402188774,0,23.55580680437755,Low,18.844645443502042,Low
1786,2026-03-04 04:00:00,60.75,56.926682921768126,0,23.535336584353622,Low,18.8282692674829,Low
1787,2026-04-30 22:00:00,83.25,34.38621960015656,0,23.52724392003131,Low,18.82179513602505,Low
1788,2026-06-15 12:00:00,66.75,50.87632983979993,0,23.525265967959985,Low,18.820212774367988,Low
1789,2026-06-21 15:00:00,70.0,47.53323199170924,0,23.50664639834185,Low,18.805317118673482,Low
1790,2026-06-15 04:00:00,56.0,61.53146744328758,0,23.50629348865752,Low,18.805034790926015,Low
1791,2026-06-19 01:00:00,73.5,44.03059479297564,0,23.506118958595128,Low,18.804895166876104,Low
1792,2026-06-23 23:00:00,59.67,57.853210655575545,0,23.504642131115112,Low,18.80371370489209,Low
1793,2026-05-14 22:00:00,49.25,68.25989643947477,0,23.501979287894954,Low,18.801583430315965,Low
1794,2026-06-17 16:00:00,52.5,65.00382252873695,0,23.50076450574739,Low,18.800611604597915,Low
1795,2026-04-14 06:00:00,55.25,62.24863570070207,0,23.499727140140415,Low,18.79978171211233,Low
1796,2026-05-10 20:00:00,52.25,65.24253114601949,0,23.498506229203898,Low,18.79880498336312,Low
1797,2026-05-15 22:00:00,52.25,65.23293456364833,0,23.496586912729665,Low,18.797269530183733,Low
1798,2026-02-02 21:00:00,50.5,66.9522556710043,0,23.49045113420086,Low,18.79236090736069,Low
1799,2026-04-21 08:00:00,49.5,67.94649754786924,0,23.489299509573847,Low,18.79143960765908,Low
1800,2026-03-01 12:00:00,53.75,63.695344655294235,0,23.489068931058846,Low,18.791255144847078,Low
1801,2026-03-09 18:00:00,66.0,51.443104596516996,0,23.4886209193034,Low,18.790896735442722,Low
1802,2026-01-14 18:00:00,61.75,55.68308748315837,0,23.486617496631673,Low,18.78929399730534,Low
1803,2026-02-18 20:00:00,51.75,65.65671491662707,0,23.481342983325412,Low,18.78507438666033,Low
1804,2026-05-15 12:00:00,59.25,58.14274203097911,0,23.478548406195824,Low,18.782838724956658,Low
1805,2026-03-20 09:00:00,67.25,50.13976898788977,0,23.477953797577953,Low,18.782363038062364,Low
1806,2026-04-23 22:00:00,45.75,71.6346583499276,0,23.47693166998552,Low,18.78154533598842,Low
1807,2026-02-15 13:00:00,63.0,54.23159438711857,0,23.446318877423714,Low,18.75705510193897,Low
1808,2026-03-24 01:00:00,50.75,66.43386114408555,0,23.436772228817112,Low,18.74941778305369,Low
1809,2026-06-07 14:00:00,59.25,57.87714530182564,0,23.42542906036513,Low,18.740343248292103,Low
1810,2026-04-18 16:00:00,65.5,51.6102494604431,0,23.422049892088623,Low,18.7376399136709,Low
1811,2026-01-12 06:00:00,52.5,64.5998989352986,0,23.419979787059717,Low,18.735983829647775,Low
1812,2026-06-25 01:00:00,54.25,62.80367317025425,0,23.410734634050847,Low,18.728587707240678,Low
1813,2026-02-05 07:00:00,64.25,52.75196103186977,0,23.40039220637395,Low,18.72031376509916,Low
1814,2026-02-24 05:00:00,49.5,67.46592785577265,0,23.39318557115453,Low,18.714548456923623,Low
1815,2026-06-22 23:00:00,55.25,61.712052641167766,0,23.392410528233555,Low,18.713928422586843,Low
1816,2026-04-26 05:00:00,60.25,56.70244958637526,0,23.390489917275055,Low,18.712391933820044,Low
1817,2026-05-16 10:00:00,53.0,63.94534067630524,0,23.38906813526105,Low,18.71125450820884,Low
1818,2026-04-16 08:00:00,58.5,58.44186850201874,0,23.388373700403747,Low,18.710698960322997,Low
1819,2026-06-25 00:00:00,57.75,59.17388946812954,0,23.38477789362591,Low,18.707822314900728,Low
1820,2026-04-26 19:00:00,55.0,61.87536460668222,0,23.375072921336443,Low,18.700058337069155,Low
1821,2026-06-21 11:00:00,56.0,60.87185280620247,0,23.374370561240497,Low,18.6994964489924,Low
1822,2026-02-04 20:00:00,61.0,55.83755874654077,0,23.367511749308154,Low,18.694009399446525,Low
1823,2026-03-16 22:00:00,54.75,62.03876613360904,0,23.357753226721805,Low,18.686202581377444,Low
1824,2026-05-16 02:00:00,50.0,66.71288833888771,0,23.34257766777754,Low,18.674062134222034,Low
1825,2026-06-03 03:00:00,74.25,42.424723674955125,0,23.334944734991026,Low,18.66795578799282,Low
1826,2026-03-29 06:00:00,63.75,52.87721650520478,0,23.325443301040956,Low,18.660354640832765,Low
1827,2026-04-30 13:00:00,36.25,80.37340674209673,0,23.324681348419347,Low,18.65974507873548,Low
1828,2026-04-25 05:00:00,53.0,63.62072913061225,0,23.324145826122454,Low,18.659316660897964,Low
1829,2026-03-04 14:00:00,60.75,55.840340102919534,0,23.318068020583908,Low,18.65445441646713,Low
1830,2026-03-19 22:00:00,53.5,63.07581630352756,0,23.315163260705514,Low,18.652130608564413,Low
1831,2026-04-21 07:00:00,47.75,68.82166659716185,0,23.314333319432368,Low,18.651466655545896,Low
1832,2026-02-06 19:00:00,57.5,58.98223663065485,0,23.29644732613097,Low,18.637157860904775,Low
1833,2026-04-29 07:00:00,58.75,57.70558271942535,0,23.29111654388507,Low,18.632893235108057,Low
1834,2026-04-22 12:00:00,60.75,55.67738059397555,0,23.28547611879511,Low,18.628380895036088,Low
1835,2026-04-25 19:00:00,54.25,62.134080820464455,0,23.276816164092892,Low,18.621452931274316,Low
1836,2026-04-13 21:00:00,54.75,61.616489139088046,0,23.273297827817608,Low,18.618638262254088,Low
1837,2026-01-23 17:00:00,51.25,65.09989038330532,0,23.269978076661065,Low,18.61598246132885,Low
1838,2026-03-25 03:00:00,56.25,60.05080034086277,0,23.260160068172553,Low,18.608128054538042,Low
1839,2026-03-26 05:00:00,48.75,67.49441025211813,0,23.248882050423624,Low,18.5991056403389,Low
1840,2026-05-11 23:00:00,50.0,66.24229370490622,0,23.248458740981242,Low,18.598766992784995,Low
1841,2026-04-16 05:00:00,42.5,73.74021603037822,0,23.248043206075643,Low,18.598434564860515,Low
1842,2026-04-18 04:00:00,59.75,56.40138685995658,0,23.230277371991317,Low,18.584221897593054,Low
1843,2026-08-09 22:00:00,69.75,46.35214895502643,0,23.220429791005287,Low,18.57634383280423,Low
1844,2026-02-01 19:00:00,64.25,51.828544173216876,0,23.215708834643372,Low,18.572567067714697,Low
1845,2026-03-05 03:00:00,57.25,58.79508034631497,0,23.209016069262994,Low,18.567212855410396,Low
1846,2026-05-28 23:00:00,49.5,66.50732411095963,0,23.201464822191927,Low,18.561171857753543,Low
1847,2026-04-15 21:00:00,52.0,63.95289558197875,0,23.190579116395753,Low,18.552463293116602,Low
1848,2026-04-21 00:00:00,43.0,72.93850324252372,0,23.187700648504745,Low,18.550160518803796,Low
1849,2026-05-14 23:00:00,52.25,63.67384577675584,0,23.18476915535117,Low,18.547815324280936,Low
1850,2026-01-09 17:00:00,47.0,68.91319369493586,0,23.182638738987173,Low,18.54611099118974,Low
1851,2026-06-22 12:00:00,59.25,56.64935781947792,0,23.179871563895585,Low,18.54389725111647,Low
1852,2026-03-20 08:00:00,65.25,50.63179073786574,0,23.176358147573147,Low,18.541086518058517,Low
1853,2026-06-19 23:00:00,51.75,64.11295429554174,0,23.172590859108347,Low,18.53807268728668,Low
1854,2026-04-22 13:00:00,63.0,52.8616743608724,0,23.17233487217448,Low,18.537867897739584,Low
1855,2026-06-27 17:00:00,41.75,74.10999276495808,0,23.171998552991617,Low,18.537598842393294,Low
1856,2026-02-05 05:00:00,64.25,51.60949411452713,0,23.171898822905426,Low,18.537519058324342,Low
1857,2026-02-18 21:00:00,47.25,68.57510521869168,0,23.165021043738335,Low,18.532016834990667,Low
1858,2026-05-28 20:00:00,59.25,56.55898369107747,0,23.161796738215493,Low,18.529437390572394,Low
1859,2026-03-27 01:00:00,43.0,72.77431076374855,0,23.154862152749708,Low,18.523889722199765,Low
1860,2026-03-04 19:00:00,56.5,59.263231368951466,0,23.15264627379029,Low,18.522117019032233,Low
1861,2026-06-21 01:00:00,71.75,43.90752755523271,0,23.131505511046544,Low,18.505204408837237,Low
1862,2026-03-25 06:00:00,53.5,62.14375253031798,0,23.128750506063597,Low,18.503000404850876,Low
1863,2026-03-13 15:00:00,60.0,55.64345833187122,0,23.128691666374245,Low,18.502953333099395,Low
1864,2026-02-02 23:00:00,44.75,70.78492409570805,0,23.10698481914161,Low,18.485587855313288,Low
1865,2026-04-14 09:00:00,56.5,59.01270373206542,0,23.102540746413084,Low,18.482032597130466,Low
1866,2026-04-20 14:00:00,54.0,61.41948975857106,0,23.083897951714214,Low,18.467118361371373,Low
1867,2026-01-03 01:00:00,32.25,83.1232912180552,0,23.074658243611037,Low,18.45972659488883,Low
1868,2026-05-20 13:00:00,45.0,70.34906246542057,0,23.069812493084115,Low,18.455849994467293,Low
1869,2026-03-03 03:00:00,53.5,61.847485381570976,0,23.069497076314196,Low,18.455597661051357,Low
1870,2026-03-19 23:00:00,49.5,65.84086694114829,0,23.06817338822966,Low,18.45453871058373,Low
1871,2026-05-12 19:00:00,59.75,55.55531952616098,0,23.061063905232196,Low,18.448851124185758,Low
1872,2026-06-20 18:00:00,57.5,57.78375023054581,0,23.056750046109165,Low,18.44540003688733,Low
1873,2026-03-24 07:00:00,55.5,59.7597346817522,0,23.05194693635044,Low,18.441557549080354,Low
1874,2026-08-09 20:00:00,65.25,49.98539243961353,0,23.047078487922704,Low,18.437662790338162,Low
1875,2026-03-03 06:00:00,59.0,56.230425935364124,0,23.046085187072826,Low,18.436868149658263,Low
1876,2026-05-18 07:00:00,54.5,60.71515770647727,0,23.043031541295456,Low,18.434425233036364,Low
1877,2026-01-10 15:00:00,59.25,55.95267069870441,0,23.040534139740885,Low,18.432427311792708,Low
1878,2026-03-29 03:00:00,53.75,61.44229586518165,0,23.03845917303633,Low,18.430767338429064,Low
1879,2026-01-26 22:00:00,57.5,57.67228636306674,0,23.03445727261335,Low,18.42756581809068,Low
1880,2026-04-30 14:00:00,23.0,92.16882410235351,0,23.033764820470704,Low,18.427011856376563,Low
1881,2026-02-04 23:00:00,50.5,64.6593549711178,0,23.03187099422356,Low,18.425496795378848,Low
1882,2026-06-06 19:00:00,48.0,67.1388743192057,0,23.027774863841138,Low,18.42221989107291,Low
1883,2026-03-01 04:00:00,51.25,63.870226801636385,0,23.02404536032728,Low,18.419236288261825,Low
1884,2026-03-27 21:00:00,49.25,65.85600382624195,0,23.021200765248388,Low,18.41696061219871,Low
1885,2026-06-19 10:00:00,70.25,44.84513915515194,0,23.01902783103039,Low,18.415222264824312,Low
1886,2026-05-13 12:00:00,54.5,60.55208658879293,0,23.010417317758588,Low,18.40833385420687,Low
1887,2026-03-08 16:00:00,58.5,56.54250314861993,0,23.008500629723983,Low,18.406800503779188,Low
1888,2026-05-20 12:00:00,46.5,68.50584081670364,0,23.00116816334073,Low,18.400934530672583,Low
1889,2026-02-16 05:00:00,55.75,59.20229903757286,0,22.990459807514572,Low,18.39236784601166,Low
1890,2026-03-04 05:00:00,56.75,58.11381302486897,0,22.972762604973795,Low,18.378210083979038,Low
1891,2026-05-14 13:00:00,55.0,59.85558167574335,0,22.971116335148672,Low,18.37689306811894,Low
1892,2026-04-20 02:00:00,45.75,69.06301502138072,0,22.962603004276147,Low,18.37008240342092,Low
1893,2026-04-19 20:00:00,51.5,63.29420040785195,0,22.958840081570393,Low,18.367072065256316,Low
1894,2026-08-09 21:00:00,68.5,46.26987924603173,0,22.953975849206344,Low,18.363180679365076,Low
1895,2026-06-20 17:00:00,56.0,58.75689446074088,0,22.951378892148178,Low,18.361103113718542,Low
1896,2026-01-04 04:00:00,66.75,47.988201268869986,0,22.947640253773997,Low,18.3581122030192,Low
1897,2026-02-27 13:00:00,58.25,56.48088580913884,0,22.94617716182777,Low,18.356941729462218,Low
1898,2026-05-07 17:00:00,52.0,62.655238621562624,0,22.931047724312528,Low,18.344838179450022,Low
1899,2026-04-26 04:00:00,44.75,69.90522785094903,0,22.931045570189806,Low,18.344836456151846,Low
1900,2026-03-05 02:00:00,59.75,54.86091685965672,0,22.922183371931347,Low,18.33774669754508,Low
1901,2026-02-22 07:00:00,57.5,57.10140191327878,0,22.920280382655754,Low,18.336224306124603,Low
1902,2026-01-13 18:00:00,61.0,53.5900836349449,0,22.91801672698898,Low,18.334413381591187,Low
1903,2026-06-14 04:00:00,49.25,65.32907561599096,0,22.915815123198193,Low,18.332652098558555,Low
1904,2026-05-26 14:00:00,49.75,64.79896331331358,0,22.909792662662714,Low,18.32783413013017,Low
1905,2026-04-29 06:00:00,46.0,68.45911049160864,0,22.891822098321732,Low,18.313457678657386,Low
1906,2026-04-18 01:00:00,48.25,66.1500658984106,0,22.880013179682123,Low,18.3040105437457,Low
1907,2026-04-14 08:00:00,52.5,61.85828613200004,0,22.871657226400007,Low,18.297325781120005,Low
1908,2026-03-03 05:00:00,58.5,55.83797461350464,0,22.867594922700928,Low,18.29407593816074,Low
1909,2026-02-27 05:00:00,53.0,61.260074845727345,0,22.852014969145472,Low,18.281611975316377,Low
1910,2026-04-17 03:00:00,55.75,58.504906185992304,0,22.85098123719846,Low,18.280784989758768,Low
1911,2026-03-04 06:00:00,56.25,58.00379846278022,0,22.850759692556046,Low,18.280607754044837,Low
1912,2026-06-19 18:00:00,54.25,59.93882437111915,0,22.83776487422383,Low,18.270211899379063,Low
1913,2026-03-14 20:00:00,58.0,56.17357396937262,0,22.834714793874525,Low,18.26777183509962,Low
1914,2026-06-21 00:00:00,70.0,44.15894877499084,0,22.83178975499817,Low,18.265431803998535,Low
1915,2026-05-28 21:00:00,54.75,59.31147592998258,0,22.812295185996515,Low,18.24983614879721,Low
1916,2026-04-19 15:00:00,49.5,64.52969074160535,0,22.80593814832107,Low,18.244750518656854,Low
1917,2026-06-23 17:00:00,45.25,68.67980027849741,0,22.785960055699483,Low,18.228768044559587,Low
1918,2026-05-19 22:00:00,41.25,72.60799379139382,0,22.771598758278763,Low,18.217279006623013,Low
1919,2026-04-21 09:00:00,48.0,65.85131926466919,0,22.770263852933837,Low,18.21621108234707,Low
1920,2026-06-17 12:00:00,59.5,54.32580059722239,0,22.765160119444474,Low,18.21212809555558,Low
1921,2026-06-01 23:00:00,58.0,55.80186343193846,0,22.76037268638769,Low,18.208298149110153,Low
1922,2026-02-28 14:00:00,54.0,59.800168535580084,0,22.76003370711602,Low,18.208026965692817,Low
1923,2026-02-16 13:00:00,57.0,56.78390395254047,0,22.756780790508092,Low,18.205424632406473,Low
1924,2026-03-08 14:00:00,52.75,60.990820890678584,0,22.748164178135717,Low,18.198531342508574,Low
1925,2026-03-09 15:00:00,56.0,57.733213714586434,0,22.746642742917288,Low,18.19731419433383,Low
1926,2026-02-22 00:00:00,49.25,64.47922559664416,0,22.74584511932883,Low,18.196676095463065,Low
1927,2026-06-27 20:00:00,60.5,53.203362614892605,0,22.74067252297852,Low,18.192538018382816,Low
1928,2026-02-24 12:00:00,51.5,62.14605183379841,0,22.72921036675968,Low,18.183368293407746,Low
1929,2026-04-20 15:00:00,54.75,58.88923280537244,0,22.727846561074486,Low,18.182277248859588,Low
1930,2026-05-24 22:00:00,43.0,70.54551314189155,0,22.70910262837831,Low,18.16728210270265,Low
1931,2026-05-09 00:00:00,43.25,70.28618386500416,0,22.70723677300083,Low,18.165789418400664,Low
1932,2026-05-15 18:00:00,54.75,58.777171461592204,0,22.70543429231844,Low,18.164347433854754,Low
1933,2026-02-20 11:00:00,61.25,52.25779188687932,0,22.70155837737586,Low,18.16124670190069,Low
1934,2026-06-21 03:00:00,70.75,42.74133543880132,0,22.698267087760264,Low,18.15861367020821,Low
1935,2026-05-14 21:00:00,49.25,64.15703587441803,0,22.681407174883606,Low,18.145125739906884,Low
1936,2026-04-22 15:00:00,63.25,50.153615129951234,0,22.680723025990247,Low,18.144578420792197,Low
1937,2026-06-07 09:00:00,48.0,65.34304946324274,0,22.668609892648547,Low,18.13488791411884,Low
1938,2026-05-15 09:00:00,63.25,50.07201606800159,0,22.664403213600316,Low,18.131522570880254,Low
1939,2026-05-28 22:00:00,48.0,65.31936719772352,0,22.6638734395447,Low,18.13109875163576,Low
1940,2026-06-13 19:00:00,33.75,79.55831002366266,0,22.661662004732534,Low,18.12932960378603,Low
1941,2026-06-27 22:00:00,58.75,54.5200076925808,0,22.65400153851616,Low,18.123201230812928,Low
1942,2026-06-23 01:00:00,70.5,42.76055766272193,0,22.65211153254439,Low,18.12168922603551,Low
1943,2026-03-28 03:00:00,51.5,61.75282724058192,0,22.650565448116385,Low,18.120452358493107,Low
1944,2026-06-09 05:00:00,42.5,70.71762000631452,0,22.643524001262904,Low,18.114819201010324,Low
1945,2026-04-25 11:00:00,50.0,63.2130618009854,0,22.64261236019708,Low,18.114089888157665,Low
1946,2026-04-18 18:00:00,55.0,58.20798477223153,0,22.641596954446307,Low,18.113277563557045,Low
1947,2026-01-27 00:00:00,59.75,53.44942109499024,0,22.63988421899805,Low,18.111907375198438,Low
1948,2026-03-01 05:00:00,52.75,60.42595519820768,0,22.635191039641533,Low,18.108152831713227,Low
1949,2026-06-14 02:00:00,52.25,60.92368373928304,0,22.634736747856607,Low,18.107789398285288,Low
1950,2026-06-26 22:00:00,55.25,57.88177019911524,0,22.62635403982305,Low,18.10108323185844,Low
1951,2026-06-17 13:00:00,53.0,60.119273430844245,0,22.62385468616885,Low,18.099083748935083,Low
1952,2026-06-06 03:00:00,60.5,52.53436592375925,0,22.606873184751848,Low,18.08549854780148,Low
1953,2026-01-23 13:00:00,48.75,64.26395259882456,0,22.602790519764913,Low,18.08223241581193,Low
1954,2026-04-29 22:00:00,44.75,68.2544708603055,0,22.6008941720611,Low,18.08071533764888,Low
1955,2026-03-25 02:00:00,53.0,60.00149430204004,0,22.60029886040801,Low,18.080239088326408,Low
1956,2026-01-22 07:00:00,57.0,55.9873546141437,0,22.59747092282874,Low,18.077976738262993,Low
1957,2026-04-26 12:00:00,53.0,59.96646277913229,0,22.59329255582646,Low,18.074634044661167,Low
1958,2026-01-15 17:00:00,60.5,52.43315779520893,0,22.586631559041784,Low,18.069305247233427,Low
1959,2026-04-23 14:00:00,52.75,60.18290779828823,0,22.586581559657645,Low,18.06926524772612,Low
1960,2026-05-24 18:00:00,44.25,68.63217172830508,0,22.576434345661013,Low,18.061147476528813,Low
1961,2026-04-20 13:00:00,53.25,59.595926287504575,0,22.569185257500912,Low,18.05534820600073,Low
1962,2026-04-22 19:00:00,51.25,61.57621097582755,0,22.56524219516551,Low,18.052193756132407,Low
1963,2026-06-02 17:00:00,60.75,52.075762156419685,0,22.565152431283934,Low,18.05212194502715,Low
1964,2026-03-07 13:00:00,55.25,57.56328196989261,0,22.56265639397852,Low,18.05012511518282,Low
1965,2026-06-19 02:00:00,73.5,39.31092483270731,0,22.56218496654146,Low,18.049747973233167,Low
1966,2026-01-14 13:00:00,47.75,65.01967365348476,0,22.55393473069695,Low,18.04314778455756,Low
1967,2026-03-06 13:00:00,54.25,58.467917207768984,0,22.543583441553796,Low,18.034866753243037,Low
1968,2026-02-27 15:00:00,54.75,57.96359169076448,0,22.542718338152895,Low,18.034174670522315,Low
1969,2026-06-22 00:00:00,40.5,72.13277026072497,0,22.526554052144995,Low,18.021243241715997,Low
1970,2026-06-06 04:00:00,61.0,51.59265491076138,0,22.518530982152278,Low,18.014824785721824,Low
1971,2026-06-07 02:00:00,47.25,65.31510878753085,0,22.51302175750617,Low,18.010417406004937,Low
1972,2026-05-21 09:00:00,46.5,66.04565841885119,0,22.50913168377024,Low,18.007305347016192,Low
1973,2026-04-18 02:00:00,50.5,62.03467404876601,0,22.5069348097532,Low,18.00554784780256,Low
1974,2026-04-23 03:00:00,45.0,67.52670926469315,0,22.50534185293863,Low,18.004273482350907,Low
1975,2026-06-19 00:00:00,61.0,51.52393677271174,0,22.504787354542348,Low,18.00382988363388,Low
1976,2026-06-17 22:00:00,49.0,63.509473484747616,0,22.501894696949524,Low,18.00151575755962,Low
1977,2026-04-21 19:00:00,48.0,64.48072337484456,0,22.49614467496891,Low,17.99691573997513,Low
1978,2026-06-14 17:00:00,63.25,49.20230909917407,0,22.490461819834813,Low,17.992369455867852,Low
1979,2026-01-27 12:00:00,58.75,53.66157034187991,0,22.48231406837598,Low,17.985851254700787,Low
1980,2026-06-16 03:00:00,39.0,73.40192276029873,0,22.480384552059746,Low,17.9843076416478,Low
1981,2026-06-20 19:00:00,53.75,58.64528510096146,0,22.479057020192293,Low,17.983245616153834,Low
1982,2026-05-06 14:00:00,53.0,59.38102300279439,0,22.47620460055888,Low,17.980963680447104,Low
1983,2026-03-19 03:00:00,56.5,55.851986296467935,0,22.470397259293584,Low,17.976317807434867,Low
1984,2026-01-23 07:00:00,52.75,59.5197394727302,0,22.45394789454604,Low,17.963158315636832,Low
1985,2026-02-20 10:00:00,63.0,49.24285641196015,0,22.44857128239203,Low,17.958857025913627,Low
1986,2026-01-22 03:00:00,47.75,64.48260271639766,0,22.446520543279533,Low,17.95721643462363,Low
1987,2026-06-21 16:00:00,66.25,45.98018529823817,0,22.446037059647633,Low,17.956829647718106,Low
1988,2026-06-09 14:00:00,53.5,58.64534037707676,0,22.42906807541535,Low,17.94325446033228,Low
1989,2026-04-14 04:00:00,58.75,53.37959657108664,0,22.425919314217328,Low,17.940735451373865,Low
1990,2026-04-04 12:00:00,43.75,68.36090971368188,0,22.422181942736373,Low,17.9377455541891,Low
1991,2026-04-29 01:00:00,50.5,61.59788170329444,0,22.41957634065889,Low,17.93566107252711,Low
1992,2026-03-08 18:00:00,56.75,55.32913446879941,0,22.415826893759885,Low,17.932661515007908,Low
1993,2026-06-17 23:00:00,45.25,66.79955437446428,0,22.409910874892855,Low,17.927928699914286,Low
1994,2026-02-26 12:00:00,55.0,57.0470681493284,0,22.409413629865682,Low,17.927530903892546,Low
1995,2026-04-19 14:00:00,54.5,57.53613141345713,0,22.407226282691425,Low,17.925781026153143,Low
1996,2026-04-14 01:00:00,48.0,64.01187751514563,0,22.402375503029127,Low,17.9219004024233,Low
1997,2026-06-28 20:00:00,29.25,82.73060129465085,0,22.396120258930168,Low,17.916896207144134,Low
1998,2026-03-14 00:00:00,45.75,66.19426244337203,0,22.388852488674402,Low,17.911081990939522,Low
1999,2026-03-25 07:00:00,54.75,57.18752566467339,0,22.387505132934677,Low,17.910004106347742,Low
2000,2026-02-25 13:00:00,53.75,58.170303517851885,0,22.384060703570377,Low,17.907248562856303,Low
2001,2026-05-13 13:00:00,52.0,59.91436202950493,0,22.382872405900986,Low,17.90629792472079,Low
2002,2026-04-20 03:00:00,37.75,74.11739346601144,0,22.373478693202287,Low,17.89878295456183,Low
2003,2026-04-26 13:00:00,55.5,56.259388813035976,0,22.351877762607195,Low,17.881502210085756,Low
2004,2026-04-22 04:00:00,55.75,55.99309518366856,0,22.348619036733712,Low,17.87889522938697,Low
2005,2026-03-28 01:00:00,50.75,60.93356890918825,0,22.33671378183765,Low,17.86937102547012,Low
2006,2026-05-13 11:00:00,56.5,55.14854532140067,0,22.32970906428013,Low,17.863767251424104,Low
2007,2026-06-08 03:00:00,66.75,44.89742896204214,0,22.329485792408427,Low,17.863588633926742,Low
2008,2026-06-09 11:00:00,56.5,55.090649884658305,0,22.318129976931658,Low,17.854503981545328,Low
2009,2026-04-13 12:00:00,53.25,58.32746919813278,0,22.315493839626555,Low,17.852395071701245,Low
2010,2026-01-15 14:00:00,55.25,56.31659591215577,0,22.313319182431155,Low,17.850655345944926,Low
2011,2026-03-24 04:00:00,53.75,57.72464468927652,0,22.294928937855303,Low,17.835943150284244,Low
2012,2026-03-28 04:00:00,37.0,74.45945494589195,0,22.29189098917839,Low,17.833512791342713,Low
2013,2026-05-22 21:00:00,55.25,56.161034410018914,0,22.282206882003784,Low,17.825765505603027,Low
2014,2026-05-25 09:00:00,55.75,55.654723482564926,0,22.280944696512986,Low,17.82475575721039,Low
2015,2026-04-14 23:00:00,51.25,60.14005854198847,0,22.278011708397695,Low,17.82240936671816,Low
2016,2026-03-24 09:00:00,46.75,64.63479817642155,0,22.276959635284314,Low,17.82156770822745,Low
2017,2026-01-25 22:00:00,42.25,69.12625679681831,0,22.27525135936366,Low,17.82020108749093,Low
2018,2026-06-19 17:00:00,60.0,51.28606595160143,0,22.257213190320286,Low,17.80577055225623,Low
2019,2026-02-27 02:00:00,55.75,55.52653744564737,0,22.255307489129475,Low,17.80424599130358,Low
2020,2026-04-01 02:00:00,40.5,70.77313408730159,0,22.25462681746032,Low,17.803701453968255,Low
2021,2026-03-23 02:00:00,48.0,63.25320865514112,0,22.250641731028225,Low,17.80051338482258,Low
2022,2026-03-26 10:00:00,55.25,55.97034183567334,0,22.24406836713467,Low,17.795254693707736,Low
2023,2026-03-19 11:00:00,56.0,55.10177727204259,0,22.22035545440852,Low,17.776284363526816,Low
2024,2026-05-22 20:00:00,49.75,61.336685217237125,0,22.217337043447426,Low,17.77386963475794,Low
2025,2026-02-27 03:00:00,47.0,64.08187286254716,0,22.21637457250943,Low,17.773099658007546,Low
2026,2026-06-04 04:00:00,53.75,57.29899258724477,0,22.209798517448952,Low,17.767838813959163,Low
2027,2026-05-23 01:00:00,51.75,59.29097114863575,0,22.208194229727148,Low,17.766555383781718,Low
2028,2026-06-22 02:00:00,27.5,83.53123355735335,0,22.20624671147067,Low,17.764997369176537,Low
2029,2026-01-27 18:00:00,60.5,50.44775317937235,0,22.18955063587447,Low,17.751640508699577,Low
2030,2026-04-16 00:00:00,52.5,58.41347098823598,0,22.182694197647194,Low,17.746155358117758,Low
2031,2026-03-31 23:00:00,44.67,66.23037386297078,0,22.180074772594157,Low,17.744059818075325,Low
2032,2026-01-23 06:00:00,50.5,60.391650645542434,0,22.178330129108488,Low,17.742664103286792,Low
2033,2026-03-15 18:00:00,60.5,50.36281646080841,0,22.172563292161684,Low,17.738050633729348,Low
2034,2026-04-18 03:00:00,52.75,58.10695864757654,0,22.171391729515307,Low,17.737113383612247,Low
2035,2026-03-26 02:00:00,48.25,62.585721843007484,0,22.167144368601498,Low,17.7337154948812,Low
2036,2026-08-09 23:00:00,61.75,49.08529389614268,0,22.167058779228537,Low,17.73364702338283,Low
2037,2026-01-23 05:00:00,52.75,58.0299320907183,0,22.155986418143655,Low,17.724789134514925,Low
2038,2026-06-23 00:00:00,64.25,46.52362171184966,0,22.15472434236993,Low,17.723779473895945,Low
2039,2026-05-19 00:00:00,52.5,58.255191014731004,0,22.1510382029462,Low,17.720830562356962,Low
2040,2026-06-13 03:00:00,67.25,43.48367516390614,0,22.14673503278123,Low,17.717388026224985,Low
2041,2026-03-19 10:00:00,53.75,56.952886754843,0,22.1405773509686,Low,17.712461880774878,Low
2042,2026-06-08 07:00:00,66.25,44.439736578638446,0,22.13794731572769,Low,17.710357852582153,Low
2043,2026-06-02 12:00:00,64.5,46.18873539358205,0,22.13774707871641,Low,17.710197662973126,Low
2044,2026-03-23 06:00:00,57.0,53.67510736182935,0,22.135021472365867,Low,17.708017177892696,Low
2045,2026-02-01 08:00:00,62.25,48.408344382335905,0,22.13166887646718,Low,17.705335101173745,Low
2046,2026-05-24 21:00:00,47.25,63.40820713109253,0,22.131641426218508,Low,17.705313140974805,Low
2047,2026-06-07 11:00:00,56.5,54.08509300440698,0,22.117018600881394,Low,17.693614880705116,Low
2048,2026-06-20 05:00:00,45.75,64.76498982492136,0,22.102997964984272,Low,17.682398371987418,Low
2049,2026-06-26 20:00:00,55.5,55.00367671017004,0,22.100735342034007,Low,17.680588273627205,Low
2050,2026-06-25 04:00:00,58.5,51.9319128650893,0,22.086382573017858,Low,17.669106058414286,Low
2051,2026-03-20 11:00:00,44.25,66.1652919970595,0,22.083058399411897,Low,17.666446719529517,Low
2052,2026-05-28 19:00:00,55.25,55.087647468100116,0,22.067529493620025,Low,17.65402359489602,Low
2053,2026-02-02 07:00:00,51.0,59.32964025363183,0,22.065928050726367,Low,17.652742440581093,Low
2054,2026-03-03 17:00:00,54.75,55.50770169718037,0,22.051540339436073,Low,17.64123227154886,Low
2055,2026-03-19 01:00:00,51.25,58.9793771341389,0,22.04587542682778,Low,17.636700341462227,Low
2056,2026-04-18 17:00:00,55.25,54.91150856992864,0,22.03230171398573,Low,17.625841371188585,Low
2057,2026-02-21 17:00:00,56.5,53.6073977191824,0,22.021479543836477,Low,17.617183635069182,Low
2058,2026-06-21 18:00:00,48.75,61.348801116840875,0,22.019760223368174,Low,17.61580817869454,Low
2059,2026-03-25 09:00:00,48.25,61.80043362077168,0,22.010086724154334,Low,17.608069379323467,Low
2060,2026-01-11 18:00:00,45.75,64.21897697850262,0,21.993795395700523,Low,17.59503631656042,Low
2061,2026-06-09 03:00:00,47.0,62.967788240116946,0,21.99355764802339,Low,17.59484611841871,Low
2062,2026-04-22 17:00:00,52.75,57.20417551389379,0,21.990835102778753,Low,17.592668082223003,Low
2063,2026-04-22 06:00:00,50.25,59.698142080242576,0,21.989628416048514,Low,17.59170273283881,Low
2064,2026-02-23 12:00:00,49.75,60.19520211952945,0,21.989040423905887,Low,17.591232339124712,Low
2065,2026-04-24 11:00:00,41.25,68.67895648669065,0,21.98579129733813,Low,17.588633037870505,Low
2066,2026-06-06 01:00:00,58.0,51.91391373712253,0,21.98278274742451,Low,17.586226197939606,Low
2067,2026-03-20 00:00:00,45.5,64.3659408368544,0,21.97318816737088,Low,17.578550533896703,Low
2068,2026-06-14 18:00:00,60.25,49.59151432842378,0,21.968302865684755,Low,17.574642292547804,Low
2069,2026-03-07 15:00:00,58.25,51.58212381847312,0,21.966424763694626,Low,17.573139810955702,Low
2070,2026-03-27 20:00:00,49.0,60.825755078876114,0,21.965151015775223,Low,17.57212081262018,Low
2071,2026-04-21 10:00:00,48.25,61.56854503128008,0,21.963709006256018,Low,17.570967205004816,Low
2072,2026-01-13 15:00:00,57.5,52.29681167428514,0,21.959362334857026,Low,17.567489867885623,Low
2073,2026-03-18 00:00:00,47.5,62.274282285674246,0,21.95485645713485,Low,17.56388516570788,Low
2074,2026-05-06 13:00:00,49.25,60.50008372215507,0,21.950016744431014,Low,17.56001339554481,Low
2075,2026-04-17 04:00:00,50.75,58.994403127292294,0,21.948880625458457,Low,17.559104500366768,Low
2076,2026-06-05 23:00:00,52.75,56.98874086807016,0,21.94774817361403,Low,17.558198538891226,Low
2077,2026-06-07 12:00:00,51.25,58.48778176105422,0,21.947556352210846,Low,17.55804508176868,Low
2078,2026-01-10 14:00:00,47.0,62.71244236066415,0,21.94248847213283,Low,17.553990777706264,Low
2079,2026-06-21 05:00:00,60.25,49.43211314532015,0,21.936422629064033,Low,17.549138103251227,Low
2080,2026-04-19 01:00:00,50.5,59.17014612178571,0,21.934029224357143,Low,17.547223379485715,Low
2081,2026-04-18 15:00:00,55.5,54.16559740239847,0,21.933119480479697,Low,17.54649558438376,Low
2082,2026-02-06 00:00:00,52.5,57.13385322686866,0,21.926770645373733,Low,17.541416516298987,Low
2083,2026-01-26 20:00:00,52.0,57.572757066355514,0,21.914551413271106,Low,17.531641130616887,Low
2084,2026-05-16 15:00:00,56.0,53.512844466081596,0,21.90256889321632,Low,17.522055114573057,Low
2085,2026-03-24 03:00:00,56.5,52.99442339383841,0,21.89888467876768,Low,17.519107743014143,Low
2086,2026-06-19 19:00:00,50.5,58.97928820067431,0,21.895857640134864,Low,17.51668611210789,Low
2087,2026-04-13 22:00:00,50.25,59.21693422639218,0,21.893386845278435,Low,17.514709476222748,Low
2088,2026-02-25 15:00:00,58.75,50.715608377829994,0,21.893121675566,Low,17.514497340452802,Low
2089,2026-06-26 01:00:00,48.0,61.46454905018381,0,21.892909810036763,Low,17.51432784802941,Low
2090,2026-04-26 15:00:00,45.75,63.651071419354246,0,21.88021428387085,Low,17.50417142709668,Low
2091,2026-01-28 00:00:00,45.5,63.86211730201811,0,21.872423460403624,Low,17.4979387683229,Low
2092,2026-06-06 09:00:00,65.5,43.8557225278798,0,21.871144505575963,Low,17.49691560446077,Low
2093,2026-04-29 20:00:00,52.0,57.34100150877894,0,21.868200301755785,Low,17.494560241404628,Low
2094,2026-03-30 05:00:00,55.75,53.54424926065981,0,21.85884985213196,Low,17.48707988170557,Low
2095,2026-06-13 09:00:00,70.25,39.03617371564718,0,21.85723474312944,Low,17.48578779450355,Low
2096,2026-01-24 22:00:00,45.0,64.28124190636683,0,21.856248381273367,Low,17.484998705018693,Low
2097,2026-04-14 07:00:00,49.25,60.01892889720824,0,21.85378577944165,Low,17.48302862355332,Low
2098,2026-01-22 06:00:00,56.75,52.51869387353777,0,21.85373877470755,Low,17.482991019766043,Low
2099,2026-01-13 14:00:00,51.5,57.72420289204523,0,21.84484057840905,Low,17.47587246272724,Low
2100,2026-06-26 07:00:00,57.5,51.67800785906555,0,21.83560157181311,Low,17.468481257450488,Low
2101,2026-03-30 14:00:00,55.0,54.14472677653851,0,21.828945355307702,Low,17.463156284246164,Low
2102,2026-06-15 08:00:00,42.5,66.59041638327103,0,21.818083276654207,Low,17.454466621323366,Low
2103,2026-03-28 02:00:00,54.0,55.07238715961748,0,21.814477431923496,Low,17.4515819455388,Low
2104,2026-01-12 02:00:00,47.0,62.061173822673666,0,21.812234764534733,Low,17.449787811627786,Low
2105,2026-03-18 18:00:00,57.5,51.55473870151739,0,21.810947740303476,Low,17.44875819224278,Low
2106,2026-06-05 21:00:00,53.0,56.011025904993716,0,21.802205180998744,Low,17.441764144798995,Low
2107,2026-02-22 05:00:00,50.75,58.24887523957716,0,21.799775047915432,Low,17.439820038332346,Low
2108,2026-02-15 18:00:00,57.0,51.93263386269747,0,21.786526772539496,Low,17.4292214180316,Low
2109,2026-02-25 16:00:00,60.75,48.15375063397714,0,21.78075012679543,Low,17.424600101436344,Low
2110,2026-05-12 00:00:00,49.0,59.880995595135005,0,21.776199119027,Low,17.420959295221603,Low
2111,2026-06-18 15:00:00,56.25,52.619707742541905,0,21.773941548508382,Low,17.419153238806707,Low
2112,2026-02-05 04:00:00,58.0,50.84805824236002,0,21.769611648472,Low,17.415689318777602,Low
2113,2026-06-18 00:00:00,52.25,56.57053681594231,0,21.76410736318846,Low,17.41128589055077,Low
2114,2026-03-03 04:00:00,55.5,53.30456013911901,0,21.760912027823807,Low,17.408729622259045,Low
2115,2026-04-20 16:00:00,50.75,58.0265613411662,0,21.75531226823324,Low,17.404249814586592,Low
2116,2026-06-13 04:00:00,63.75,45.02196907995742,0,21.754393815991484,Low,17.40351505279319,Low
2117,2026-03-30 03:00:00,52.25,56.4985130027076,0,21.749702600541518,Low,17.399762080433216,Low
2118,2026-06-04 19:00:00,45.0,63.74561395134275,0,21.74912279026855,Low,17.399298232214843,Low
2119,2026-06-07 13:00:00,54.25,54.48157100669858,0,21.746314201339715,Low,17.39705136107177,Low
2120,2026-05-16 11:00:00,47.75,60.93906220745402,0,21.737812441490803,Low,17.390249953192644,Low
2121,2026-02-21 16:00:00,58.0,50.68052557400806,0,21.73610511480161,Low,17.388884091841287,Low
2122,2026-06-24 21:00:00,55.25,53.42725537813656,0,21.735451075627314,Low,17.38836086050185,Low
2123,2026-03-28 09:00:00,51.25,57.42301123770445,0,21.73460224754089,Low,17.387681798032713,Low
2124,2026-04-30 12:00:00,41.75,66.85084086712509,0,21.720168173425016,Low,17.376134538740015,Low
2125,2026-05-09 22:00:00,43.5,65.09853678739495,0,21.71970735747899,Low,17.375765885983192,Low
2126,2026-03-11 17:00:00,51.5,57.039453331688506,0,21.707890666337704,Low,17.366312533070165,Low
2127,2026-03-15 09:00:00,39.5,69.01260637631188,0,21.702521275262377,Low,17.3620170202099,Low
2128,2026-03-13 13:00:00,51.75,56.7210879744116,0,21.694217594882318,Low,17.355374075905853,Low
2129,2026-05-11 00:00:00,48.25,60.212479522791995,0,21.6924959045584,Low,17.35399672364672,Low
2130,2026-01-22 04:00:00,53.5,54.95519312554011,0,21.69103862510802,Low,17.352830900086417,Low
2131,2026-05-23 08:00:00,53.75,54.69154504280947,0,21.688309008561895,Low,17.350647206849516,Low
2132,2026-04-25 06:00:00,50.0,58.40612554153329,0,21.68122510830666,Low,17.34498008664533,Low
2133,2026-02-06 11:00:00,52.75,55.63015901667356,0,21.67603180333471,Low,17.340825442667768,Low
2134,2026-02-03 00:00:00,49.75,58.61677320681748,0,21.673354641363495,Low,17.3386837130908,Low
2135,2026-04-13 20:00:00,46.5,61.814339609780944,0,21.66286792195619,Low,17.330294337564954,Low
2136,2026-03-07 16:00:00,54.75,53.555588186210095,0,21.661117637242018,Low,17.328894109793616,Low
2137,2026-05-25 08:00:00,53.25,55.053813793217465,0,21.660762758643493,Low,17.328610206914796,Low
2138,2026-06-06 06:00:00,66.75,41.54927952498663,0,21.659855904997325,Low,17.32788472399786,Low
2139,2026-03-08 15:00:00,53.75,54.54893554768815,0,21.659787109537632,Low,17.327829687630107,Low
2140,2026-03-29 12:00:00,55.25,52.94331497656558,0,21.63866299531312,Low,17.310930396250495,Low
2141,2026-02-09 11:00:00,43.75,64.43684835082414,0,21.63736967016483,Low,17.309895736131864,Low
2142,2026-06-25 02:00:00,49.0,59.016351568566584,0,21.603270313713317,Low,17.282616250970655,Low
2143,2026-03-18 05:00:00,50.5,57.50902219367801,0,21.6018044387356,Low,17.28144355098848,Low
2144,2026-03-17 05:00:00,46.0,61.983268691568945,0,21.59665373831379,Low,17.277322990651033,Low
2145,2026-04-21 14:00:00,60.5,47.48274397937883,0,21.596548795875766,Low,17.277239036700614,Low
2146,2026-05-14 15:00:00,49.0,58.952034417760345,0,21.59040688355207,Low,17.272325506841657,Low
2147,2026-04-22 05:00:00,53.5,54.43047605133679,0,21.58609521026736,Low,17.26887616821389,Low
2148,2026-05-12 08:00:00,55.5,52.38963801682021,0,21.577927603364042,Low,17.262342082691234,Low
2149,2026-05-19 15:00:00,37.0,70.86273107127813,0,21.572546214255624,Low,17.2580369714045,Low
2150,2026-04-25 07:00:00,45.75,62.08984208779218,0,21.567968417558436,Low,17.25437473404675,Low
2151,2026-06-19 09:00:00,66.25,41.57938055198339,0,21.56587611039668,Low,17.252700888317346,Low
2152,2026-06-03 02:00:00,62.75,45.06846681249928,0,21.563693362499855,Low,17.250954689999883,Low
2153,2026-03-07 17:00:00,55.0,52.81644858473967,0,21.563289716947935,Low,17.25063177355835,Low
2154,2026-03-19 04:00:00,48.25,59.54236820340968,0,21.55847364068194,Low,17.24677891254555,Low
2155,2026-06-18 21:00:00,63.75,44.036070418470395,0,21.557214083694078,Low,17.245771266955263,Low
2156,2026-04-21 04:00:00,47.0,60.784410797163936,0,21.556882159432785,Low,17.245505727546227,Low
2157,2026-08-09 19:00:00,57.0,50.65888141694828,0,21.531776283389654,Low,17.225421026711725,Low
2158,2026-05-28 17:00:00,55.25,52.36609316077439,0,21.52321863215488,Low,17.218574905723905,Low
2159,2026-03-30 04:00:00,53.0,54.55666250882324,0,21.51133250176465,Low,17.20906600141172,Low
2160,2026-05-19 18:00:00,39.75,67.79400555115319,0,21.50880111023064,Low,17.207040888184512,Low
2161,2026-02-27 04:00:00,47.5,59.9935687608383,0,21.49871375216766,Low,17.19897100173413,Low
2162,2026-06-20 00:00:00,40.25,67.21634245999745,0,21.49326849199949,Low,17.194614793599595,Low
2163,2026-05-20 22:00:00,42.75,64.70892906070013,0,21.491785812140026,Low,17.193428649712022,Low
2164,2026-04-28 02:00:00,40.75,66.6803898597713,0,21.48607797195426,Low,17.188862377563407,Low
2165,2026-01-27 17:00:00,56.5,50.921287359553986,0,21.484257471910794,Low,17.187405977528638,Low
2166,2026-06-06 17:00:00,56.0,51.41904787209954,0,21.483809574419908,Low,17.187047659535928,Low
2167,2026-06-18 01:00:00,48.0,59.404418063261495,0,21.4808836126523,Low,17.18470689012184,Low
2168,2026-05-19 23:00:00,38.5,68.86446243081537,0,21.472892486163072,Low,17.17831398893046,Low
2169,2026-05-19 19:00:00,41.75,65.60231270040228,0,21.470462540080455,Low,17.176370032064366,Low
2170,2026-03-12 18:00:00,53.5,53.84610428887516,0,21.469220857775035,Low,17.17537668622003,Low
2171,2026-04-15 06:00:00,52.5,54.784913469447446,0,21.45698269388949,Low,17.165586155111594,Low
2172,2026-02-06 18:00:00,51.0,56.19780420136547,0,21.439560840273096,Low,17.151648672218478,Low
2173,2026-05-24 15:00:00,51.75,55.427857871278526,0,21.435571574255704,Low,17.148457259404562,Low
2174,2026-03-26 03:00:00,44.25,62.92510798009403,0,21.435021596018807,Low,17.148017276815047,Low
2175,2026-03-24 06:00:00,52.5,54.64512507470789,0,21.42902501494158,Low,17.143220011953265,Low
2176,2026-01-15 15:00:00,58.75,48.386646597109696,0,21.42732931942194,Low,17.141863455537553,Low
2177,2026-02-03 07:00:00,39.5,67.63397739372971,0,21.42679547874594,Low,17.141436382996755,Low
2178,2026-05-24 23:00:00,44.25,62.87471447838799,0,21.424942895677596,Low,17.139954316542077,Low
2179,2026-02-05 19:00:00,53.5,53.61716425828363,0,21.423432851656727,Low,17.138746281325382,Low
2180,2026-02-17 18:00:00,57.0,50.09280919839766,0,21.41856183967953,Low,17.134849471743625,Low
2181,2026-05-17 02:00:00,46.0,61.07438278966748,0,21.414876557933496,Low,17.131901246346796,Low
2182,2026-03-28 08:00:00,56.5,50.56889725874207,0,21.41377945174841,Low,17.13102356139873,Low
2183,2026-04-29 05:00:00,45.75,61.31067415794697,0,21.41213483158939,Low,17.129707865271513,Low
2184,2026-06-19 06:00:00,63.0,44.046579211180855,0,21.40931584223617,Low,17.127452673788934,Low
2185,2026-06-06 18:00:00,46.5,60.508933342141084,0,21.401786668428215,Low,17.121429334742572,Low
2186,2026-05-14 20:00:00,45.0,61.98441725386174,0,21.39688345077235,Low,17.117506760617882,Low
2187,2026-01-09 16:00:00,42.25,64.7318061004622,0,21.396361220092437,Low,17.11708897607395,Low
2188,2026-05-24 19:00:00,44.67,62.2533128834536,0,21.384662576690722,Low,17.10773006135258,Low
2189,2026-06-16 07:00:00,55.0,51.91255469746478,0,21.382510939492953,Low,17.106008751594363,Low
2190,2026-06-20 02:00:00,31.0,75.78239817079371,0,21.35647963415874,Low,17.085183707326994,Low
2191,2026-06-18 20:00:00,63.0,43.72608330999065,0,21.34521666199813,Low,17.076173329598504,Low
2192,2026-03-17 11:00:00,51.5,55.162108137411465,0,21.332421627482294,Low,17.065937301985837,Low
2193,2026-02-24 13:00:00,51.75,54.87194697759592,0,21.324389395519184,Low,17.05951151641535,Low
2194,2026-05-25 10:00:00,52.5,54.12128941938849,0,21.3242578838777,Low,17.05940630710216,Low
2195,2026-03-15 06:00:00,58.25,48.34487827133335,0,21.318975654266673,Low,17.055180523413338,Low
2196,2026-02-21 15:00:00,49.75,56.844121183873234,0,21.318824236774645,Low,17.055059389419718,Low
2197,2026-02-15 14:00:00,51.75,54.82262100888666,0,21.31452420177733,Low,17.051619361421867,Low
2198,2026-03-27 22:00:00,46.25,60.31750666419337,0,21.313501332838673,Low,17.05080106627094,Low
2199,2026-06-06 10:00:00,61.75,44.796006019237474,0,21.309201203847493,Low,17.047360963077995,Low
2200,2026-05-15 19:00:00,44.0,62.533958657910446,0,21.30679173158209,Low,17.045433385265675,Low
2201,2026-01-22 05:00:00,55.5,51.00200410879252,0,21.300400821758505,Low,17.040320657406806,Low
2202,2026-02-28 15:00:00,55.75,50.75078361755068,0,21.300156723510135,Low,17.04012537880811,Low
2203,2026-03-23 19:00:00,41.0,65.47343513270516,0,21.29468702654103,Low,17.035749621232824,Low
2204,2026-03-24 05:00:00,50.0,56.47306542175441,0,21.294613084350882,Low,17.035690467480705,Low
2205,2026-06-14 13:00:00,72.25,34.19401966494721,0,21.288803932989445,Low,17.031043146391557,Low
2206,2026-05-08 21:00:00,44.5,61.9312874618304,0,21.28625749236608,Low,17.029005993892863,Low
2207,2026-02-18 12:00:00,42.0,64.40650147104326,0,21.28130029420865,Low,17.02504023536692,Low
2208,2026-06-16 09:00:00,61.25,45.13844304268962,0,21.277688608537925,Low,17.022150886830342,Low
2209,2026-06-06 05:00:00,66.0,40.38353360338796,0,21.276706720677595,Low,17.021365376542075,Low
2210,2026-03-09 16:00:00,53.25,53.109965165726486,0,21.271993033145293,Low,17.017594426516236,Low
2211,2026-01-25 23:00:00,49.75,56.58830862335235,0,21.267661724670468,Low,17.014129379736374,Low
2212,2026-03-18 15:00:00,55.0,51.32524005352448,0,21.265048010704895,Low,17.012038408563917,Low
2213,2026-06-06 02:00:00,58.0,48.29037007276498,0,21.258074014552996,Low,17.006459211642397,Low
2214,2026-03-11 18:00:00,51.75,54.51713449297517,0,21.253426898595034,Low,17.00274151887603,Low
2215,2026-01-28 01:00:00,43.25,62.95101794170373,0,21.240203588340748,Low,16.992162870672598,Low
2216,2026-06-23 02:00:00,64.25,41.90645697570349,0,21.231291395140698,Low,16.985033116112557,Low
2217,2026-02-22 03:00:00,53.0,53.15184871543375,0,21.23036974308675,Low,16.9842957944694,Low
2218,2026-03-29 18:00:00,57.0,49.13772148746725,0,21.22754429749345,Low,16.98203543799476,Low
2219,2026-05-13 10:00:00,57.0,49.125801293261475,0,21.225160258652295,Low,16.980128206921837,Low
2220,2026-03-07 14:00:00,54.0,52.10488626277292,0,21.220977252554583,Low,16.976781802043668,Low
2221,2026-05-25 00:00:00,43.25,62.83984485938324,0,21.21796897187665,Low,16.974375177501322,Low
2222,2026-05-12 10:00:00,47.25,58.813192305479774,0,21.212638461095956,Low,16.970110768876765,Low
2223,2026-04-22 03:00:00,47.75,58.28828641066775,0,21.20765728213355,Low,16.96612582570684,Low
2224,2026-02-07 11:00:00,50.5,55.51858870147297,0,21.203717740294593,Low,16.962974192235674,Low
2225,2026-02-28 17:00:00,53.75,52.25954479447432,0,21.201908958894865,Low,16.961527167115893,Low
2226,2026-04-27 04:00:00,42.75,63.21142141505828,0,21.192284283011656,Low,16.953827426409326,Low
2227,2026-03-16 23:00:00,47.25,58.70682386288297,0,21.191364772576595,Low,16.953091818061278,Low
2228,2026-03-03 18:00:00,49.0,56.933428556671664,0,21.186685711334334,Low,16.949348569067467,Low
2229,2026-06-06 15:00:00,59.75,46.170484497462255,0,21.184096899492452,Low,16.947277519593964,Low
2230,2026-02-11 13:00:00,55.0,50.884019951850306,0,21.17680399037006,Low,16.94144319229605,Low
2231,2026-06-13 18:00:00,36.25,69.62624666279889,0,21.17524933255978,Low,16.940199466047826,Low
2232,2026-02-08 01:00:00,47.5,58.36207915885145,0,21.17241583177029,Low,16.937932665416234,Low
2233,2026-06-06 00:00:00,56.5,49.36192953876937,0,21.17238590775387,Low,16.937908726203098,Low
2234,2026-03-23 16:00:00,41.67,64.11536147416464,0,21.15707229483293,Low,16.925657835866343,Low
2235,2026-04-14 03:00:00,50.0,55.78129058751424,0,21.156258117502848,Low,16.92500649400228,Low
2236,2026-02-21 05:00:00,46.5,59.275775271971675,0,21.155155054394335,Low,16.92412404351547,Low
2237,2026-08-28 23:00:00,47.25,58.4979576984127,0,21.14959153968254,Low,16.91967323174603,Low
2238,2026-03-26 06:00:00,44.75,60.9362940493151,0,21.13725880986302,Low,16.909807047890418,Low
2239,2026-04-20 17:00:00,46.5,59.14424196944631,0,21.128848393889264,Low,16.903078715111413,Low
2240,2026-05-15 17:00:00,52.5,53.066607063244575,0,21.113321412648915,Low,16.890657130119134,Low
2241,2026-05-24 20:00:00,39.75,65.77960194345053,0,21.105920388690105,Low,16.884736310952086,Low
2242,2026-03-26 04:00:00,47.5,58.01589206178186,0,21.10317841235637,Low,16.8825427298851,Low
2243,2026-02-05 10:00:00,58.75,46.74357449916954,0,21.098714899833908,Low,16.878971919867126,Low
2244,2026-03-19 02:00:00,48.25,57.2433597531613,0,21.09867195063226,Low,16.878937560505808,Low
2245,2026-05-20 08:00:00,39.25,66.23016093465742,0,21.096032186931485,Low,16.876825749545187,Low
2246,2026-05-14 16:00:00,42.5,62.971609885662765,0,21.09432197713255,Low,16.87545758170604,Low
2247,2026-04-20 06:00:00,47.25,58.14719883168356,0,21.079439766336712,Low,16.86355181306937,Low
2248,2026-03-27 07:00:00,49.0,56.396278950999644,0,21.07925579019993,Low,16.863404632159945,Low
2249,2026-01-24 23:00:00,36.0,69.37575499421031,0,21.075150998842062,Low,16.860120799073652,Low
2250,2026-02-01 13:00:00,50.0,55.37559869341745,0,21.07511973868349,Low,16.860095790946794,Low
2251,2026-04-27 19:00:00,50.75,54.62530143161789,0,21.075060286323577,Low,16.86004822905886,Low
2252,2026-04-14 19:00:00,54.5,50.87277253607051,0,21.074554507214103,Low,16.859643605771282,Low
2253,2026-05-17 05:00:00,50.75,54.5254790692341,0,21.05509581384682,Low,16.844076651077454,Low
2254,2026-06-04 05:00:00,41.5,63.737911887836624,0,21.047582377567323,Low,16.83806590205386,Low
2255,2026-02-28 16:00:00,52.5,52.73587745164336,0,21.047175490328673,Low,16.83774039226294,Low
2256,2026-04-23 23:00:00,33.75,71.43992436253475,0,21.037984872506954,Low,16.830387898005565,Low
2257,2026-02-22 01:00:00,44.5,60.676375199892824,0,21.035275039978565,Low,16.828220031982852,Low
2258,2026-06-04 17:00:00,40.75,64.37435516416183,0,21.024871032832365,Low,16.819896826265893,Low
2259,2026-04-28 19:00:00,53.25,51.85597164431221,0,21.021194328862443,Low,16.816955463089954,Low
2260,2026-06-03 01:00:00,57.0,48.092680591681706,0,21.018536118336343,Low,16.814828894669073,Low
2261,2026-06-05 22:00:00,48.0,57.07268809367797,0,21.014537618735595,Low,16.811630094988477,Low
2262,2026-04-20 04:00:00,50.0,55.04901675800206,0,21.00980335160041,Low,16.80784268128033,Low
2263,2026-03-15 21:00:00,37.5,67.53514521128946,0,21.00702904225789,Low,16.805623233806312,Low
2264,2026-06-04 20:00:00,39.75,65.20144428569418,0,20.990288857138836,Low,16.79223108571107,Low
2265,2026-06-22 07:00:00,59.25,45.58173338448709,0,20.96634667689742,Low,16.773077341517936,Low
2266,2026-02-02 04:00:00,48.75,56.072927453995206,0,20.96458549079904,Low,16.77166839263923,Low
2267,2026-04-14 10:00:00,45.25,59.43963807379364,0,20.937927614758728,Low,16.75034209180698,Low
2268,2026-03-06 17:00:00,50.25,54.41347632776108,0,20.932695265552212,Low,16.74615621244177,Low
2269,2026-03-02 02:00:00,47.5,57.15306796733124,0,20.930613593466248,Low,16.744490874773,Low
2270,2026-05-19 02:00:00,45.5,59.14752818289738,0,20.929505636579478,Low,16.743604509263584,Low
2271,2026-04-19 13:00:00,49.25,55.393200398672086,0,20.928640079734414,Low,16.742912063787532,Low
2272,2026-03-29 04:00:00,51.25,53.357146989079425,0,20.921429397815885,Low,16.737143518252708,Low
2273,2026-03-30 15:00:00,52.25,52.333939866569864,0,20.916787973313973,Low,16.733430378651178,Low
2274,2026-01-12 14:00:00,48.25,56.33110125580862,0,20.916220251161725,Low,16.732976200929382,Low
2275,2026-06-24 23:00:00,46.75,57.81835038276633,0,20.913670076553267,Low,16.730936061242613,Low
2276,2026-04-13 14:00:00,42.5,62.053513372197244,0,20.91070267443945,Low,16.72856213955156,Low
2277,2026-04-23 06:00:00,52.25,52.29328121390914,0,20.908656242781827,Low,16.726924994225463,Low
2278,2026-04-16 07:00:00,53.0,51.5348099472842,0,20.90696198945684,Low,16.72556959156547,Low
2279,2026-06-13 20:00:00,33.75,70.73666003173655,0,20.897332006347312,Low,16.71786560507785,Low
2280,2026-01-03 13:00:00,38.5,65.85417237616183,0,20.870834475232364,Low,16.696667580185892,Low
2281,2026-05-26 13:00:00,52.75,51.5537578098652,0,20.86075156197304,Low,16.688601249578433,Low
2282,2026-04-29 03:00:00,49.0,55.256854631473686,0,20.851370926294738,Low,16.68109674103579,Low
2283,2026-03-09 17:00:00,54.5,49.71641520878674,0,20.84328304175735,Low,16.67462643340588,Low
2284,2026-03-17 07:00:00,49.75,54.45671112469884,0,20.841342224939766,Low,16.673073779951814,Low
2285,2026-06-23 08:00:00,58.0,46.15826769453857,0,20.831653538907716,Low,16.665322831126172,Low
2286,2026-03-18 01:00:00,47.75,56.40634913088123,0,20.831269826176246,Low,16.665015860940997,Low
2287,2026-03-02 03:00:00,49.5,54.62887962628916,0,20.825775925257833,Low,16.660620740206266,Low
2288,2026-06-16 02:00:00,36.25,67.85996783434217,0,20.821993566868436,Low,16.65759485349475,Low
2289,2026-02-10 13:00:00,46.0,58.07409008479384,0,20.814818016958768,Low,16.651854413567015,Low
2290,2026-06-13 06:00:00,56.5,47.557936360608224,0,20.811587272121642,Low,16.649269817697313,Low
2291,2026-06-19 08:00:00,63.25,40.785706175090354,0,20.80714123501807,Low,16.645712988014456,Low
2292,2026-04-22 18:00:00,48.75,55.26878107287464,0,20.80375621457493,Low,16.643004971659945,Low
2293,2026-02-07 18:00:00,47.75,56.25424407202541,0,20.80084881440508,Low,16.640679051524064,Low
2294,2026-02-26 18:00:00,51.5,52.50213261534454,0,20.800426523068907,Low,16.640341218455127,Low
2295,2026-02-22 19:00:00,51.5,52.4584754581008,0,20.79169509162016,Low,16.633356073296127,Low
2296,2026-06-21 10:00:00,48.25,55.63034984467766,0,20.77606996893553,Low,16.620855975148427,Low
2297,2026-03-27 11:00:00,46.5,57.332012764933886,0,20.766402552986776,Low,16.61312204238942,Low
2298,2026-03-28 20:00:00,53.25,50.5669811011388,0,20.763396220227758,Low,16.610716976182207,Low
2299,2026-05-22 22:00:00,46.75,57.05524885346264,0,20.76104977069253,Low,16.608839816554024,Low
2300,2026-01-31 11:00:00,50.5,53.28077194605152,0,20.7561543892103,Low,16.60492351136824,Low
2301,2026-02-03 01:00:00,46.5,57.27755193044188,0,20.75551038608838,Low,16.604408308870703,Low
2302,2026-02-22 04:00:00,47.25,56.51214290371428,0,20.752428580742855,Low,16.601942864594285,Low
2303,2026-01-26 09:00:00,57.25,46.496231339959586,0,20.749246267991914,Low,16.59939701439353,Low
2304,2026-05-11 19:00:00,36.5,67.21402209575317,0,20.742804419150634,Low,16.59424353532051,Low
2305,2026-06-15 10:00:00,47.5,56.11549733818797,0,20.723099467637596,Low,16.578479574110077,Low
2306,2026-03-23 10:00:00,44.25,59.35043916621933,0,20.720087833243866,Low,16.576070266595092,Low
2307,2026-05-12 09:00:00,48.25,55.33063422873422,0,20.716126845746842,Low,16.572901476597476,Low
2308,2026-05-22 19:00:00,46.75,56.829704931810156,0,20.715940986362032,Low,16.572752789089627,Low
2309,2026-05-28 18:00:00,54.75,48.8184562006116,0,20.71369124012232,Low,16.570952992097855,Low
2310,2026-06-26 03:00:00,38.5,65.03331052626498,0,20.706662105253,Low,16.5653296842024,Low
2311,2026-04-19 16:00:00,45.5,58.02837811415006,0,20.70567562283001,Low,16.56454049826401,Low
2312,2026-03-06 14:00:00,47.0,56.51007289446386,0,20.702014578892772,Low,16.561611663114217,Low
2313,2026-06-02 00:00:00,54.0,49.50031999389501,0,20.700063998779004,Low,16.560051199023203,Low
2314,2026-04-29 02:00:00,49.0,54.48336470172483,0,20.696672940344968,Low,16.557338352275973,Low
2315,2026-01-23 04:00:00,44.5,58.92764836557327,0,20.685529673114655,Low,16.548423738491724,Low
2316,2026-05-16 18:00:00,50.75,52.677558787057464,0,20.68551175741149,Low,16.548409405929192,Low
2317,2026-01-03 14:00:00,37.0,66.38674452654632,0,20.677348905309266,Low,16.541879124247412,Low
2318,2026-05-13 06:00:00,53.75,49.63530048144973,0,20.67706009628995,Low,16.54164807703196,Low
2319,2026-05-15 16:00:00,49.25,54.0740553401188,0,20.66481106802376,Low,16.531848854419007,Low
2320,2026-04-26 17:00:00,46.25,57.05963813629102,0,20.661927627258205,Low,16.529542101806566,Low
2321,2026-05-12 07:00:00,52.0,51.2753027692325,0,20.6550605538465,Low,16.524048443077202,Low
2322,2026-01-12 03:00:00,43.5,59.74835163521853,0,20.649670327043708,Low,16.519736261634968,Low
2323,2026-05-09 21:00:00,40.75,62.49371333862439,0,20.648742667724875,Low,16.518994134179902,Low
2324,2026-04-26 18:00:00,48.25,54.981396111233565,0,20.64627922224671,Low,16.51702337779737,Low
2325,2026-06-17 14:00:00,49.5,53.68895853221367,0,20.637791706442734,Low,16.51023336515419,Low
2326,2026-04-15 00:00:00,45.5,57.66896650986525,0,20.63379330197305,Low,16.50703464157844,Low
2327,2026-06-12 11:00:00,59.0,44.146635995891614,0,20.62932719917832,Low,16.503461759342656,Low
2328,2026-01-12 05:00:00,48.5,54.61890311040142,0,20.623780622080282,Low,16.499024497664227,Low
2329,2026-03-13 18:00:00,49.25,53.84777828805041,0,20.61955565761008,Low,16.495644526088064,Low
2330,2026-04-23 18:00:00,38.25,64.82850697557578,0,20.615701395115153,Low,16.492561116092123,Low
2331,2026-05-08 20:00:00,45.0,58.05527909337075,0,20.61105581867415,Low,16.48884465493932,Low
2332,2026-05-20 10:00:00,41.25,61.762988284867085,0,20.602597656973415,Low,16.482078125578735,Low
2333,2026-04-18 14:00:00,51.5,51.51237813305312,0,20.602475626610623,Low,16.4819805012885,Low
2334,2026-02-21 00:00:00,57.25,45.75330209889277,0,20.600660419778553,Low,16.480528335822843,Low
2335,2026-05-16 12:00:00,47.75,55.25122155546058,0,20.600244311092116,Low,16.480195448873694,Low
2336,2026-01-09 09:00:00,46.5,56.47130700241407,0,20.594261400482814,Low,16.475409120386253,Low
2337,2026-06-22 11:00:00,53.0,49.96351115476386,0,20.592702230952774,Low,16.47416178476222,Low
2338,2026-04-19 02:00:00,44.75,58.17204987389821,0,20.584409974779643,Low,16.467527979823714,Low
2339,2026-03-27 23:00:00,40.0,62.90787023513694,0,20.581574047027388,Low,16.46525923762191,Low
2340,2026-02-26 17:00:00,39.5,63.40604572152416,0,20.581209144304832,Low,16.464967315443868,Low
2341,2026-05-15 00:00:00,46.25,56.633056169372686,0,20.576611233874537,Low,16.461288987099632,Low
2342,2026-02-24 18:00:00,50.25,52.62117945552214,0,20.57423589110443,Low,16.459388712883545,Low
2343,2026-01-15 16:00:00,53.5,49.36317991889777,0,20.572635983779556,Low,16.458108787023644,Low
2344,2026-05-19 17:00:00,38.75,64.04347863428373,0,20.558695726856747,Low,16.4469565814854,Low
2345,2026-01-30 11:00:00,49.0,53.77737594709125,0,20.555475189418253,Low,16.444380151534602,Low
2346,2026-05-11 20:00:00,52.25,50.519283520795824,0,20.553856704159163,Low,16.44308536332733,Low
2347,2026-02-03 11:00:00,33.5,69.2560823938888,0,20.55121647877776,Low,16.44097318302221,Low
2348,2026-06-24 22:00:00,52.0,50.743817840778256,0,20.54876356815565,Low,16.439010854524522,Low
2349,2026-03-14 01:00:00,40.5,62.20164601810086,0,20.540329203620175,Low,16.43226336289614,Low
2350,2026-05-27 01:00:00,39.25,63.45018037487897,0,20.540036074975795,Low,16.432028859980637,Low
2351,2026-05-13 07:00:00,50.75,51.92483088469083,0,20.534966176938163,Low,16.427972941550532,Low
2352,2026-03-14 19:00:00,50.25,52.37336191542894,0,20.524672383085786,Low,16.41973790646863,Low
2353,2026-06-13 05:00:00,59.5,43.101469156270014,0,20.520293831254,Low,16.416235065003203,Low
2354,2026-01-26 08:00:00,48.25,54.324184513472204,0,20.51483690269444,Low,16.411869522155552,Low
2355,2026-06-23 10:00:00,50.0,52.541292161479234,0,20.508258432295847,Low,16.40660674583668,Low
2356,2026-04-26 14:00:00,46.75,55.754262075604665,0,20.500852415120935,Low,16.40068193209675,Low
2357,2026-03-14 09:00:00,45.75,56.75159601268618,0,20.500319202537234,Low,16.40025536202979,Low
2358,2026-06-23 03:00:00,58.75,43.73292677228307,0,20.496585354456613,Low,16.397268283565293,Low
2359,2026-05-16 14:00:00,49.75,52.71401952823356,0,20.49280390564671,Low,16.39424312451737,Low
2360,2026-03-29 13:00:00,45.25,57.19149750613291,0,20.488299501226585,Low,16.39063960098127,Low
2361,2026-04-24 01:00:00,41.75,60.6891811390513,0,20.48783622781026,Low,16.39026898224821,Low
2362,2026-03-13 17:00:00,49.0,53.41416966089441,0,20.48283393217888,Low,16.386267145743105,Low
2363,2026-05-23 13:00:00,55.75,46.608653146010475,0,20.471730629202096,Low,16.37738450336168,Low
2364,2026-05-11 01:00:00,41.75,60.580500157712635,0,20.466100031542524,Low,16.37288002523402,Low
2365,2026-03-19 19:00:00,52.75,49.49718859082145,0,20.44943771816429,Low,16.35955017453143,Low
2366,2026-05-29 01:00:00,49.0,53.19688591271689,0,20.439377182543378,Low,16.351501746034703,Low
2367,2026-03-12 17:00:00,50.0,52.16570962514431,0,20.433141925028863,Low,16.346513540023093,Low
2368,2026-02-03 02:00:00,47.75,54.37472272558662,0,20.424944545117324,Low,16.33995563609386,Low
2369,2026-02-06 17:00:00,63.75,38.32639056755284,0,20.415278113510567,Low,16.332222490808455,Low
2370,2026-03-18 16:00:00,48.0,54.049449507216565,0,20.409889901443314,Low,16.32791192115465,Low
2371,2026-04-15 20:00:00,44.0,57.9661143182107,0,20.39322286364214,Low,16.314578290913712,Low
2372,2026-04-13 19:00:00,45.75,56.17559326609566,0,20.38511865321913,Low,16.308094922575304,Low
2373,2026-06-13 07:00:00,55.75,46.157581267308274,0,20.381516253461655,Low,16.305213002769325,Low
2374,2026-06-02 15:00:00,57.5,44.40531165216408,0,20.381062330432815,Low,16.304849864346252,Low
2375,2026-02-05 11:00:00,54.75,47.118735885024044,0,20.37374717700481,Low,16.29899774160385,Low
2376,2026-06-12 19:00:00,52.25,49.608718578074004,0,20.3717437156148,Low,16.29739497249184,Low
2377,2026-06-01 19:00:00,55.25,46.59263785600253,0,20.36852757120051,Low,16.29482205696041,Low
2378,2026-03-17 10:00:00,56.5,45.328777905562355,0,20.36575558111247,Low,16.292604464889976,Low
2379,2026-06-17 17:00:00,43.0,58.80596188876048,0,20.361192377752097,Low,16.28895390220168,Low
2380,2026-06-17 21:00:00,38.0,63.79589646833492,0,20.359179293666983,Low,16.287343434933586,Low
2381,2026-05-28 10:00:00,57.0,44.795770683158814,0,20.359154136631762,Low,16.28732330930541,Low
2382,2026-06-22 06:00:00,51.25,50.517927263686275,0,20.353585452737256,Low,16.282868362189806,Low
2383,2026-03-14 10:00:00,49.5,52.2221152124115,0,20.3444230424823,Low,16.27553843398584,Low
2384,2026-04-23 04:00:00,42.25,59.44961469729105,0,20.33992293945821,Low,16.27193835156657,Low
2385,2026-02-18 19:00:00,45.75,55.93504679804783,0,20.337009359609567,Low,16.269607487687654,Low
2386,2026-04-16 10:00:00,48.25,53.41088535501914,0,20.332177071003827,Low,16.265741656803062,Low
2387,2026-06-19 04:00:00,63.25,38.40064231131179,0,20.33012846226236,Low,16.264102769809888,Low
2388,2026-02-08 07:00:00,48.5,53.118332120400304,0,20.32366642408006,Low,16.258933139264048,Low
2389,2026-04-21 11:00:00,46.0,55.594838443903654,0,20.31896768878073,Low,16.255174151024587,Low
2390,2026-02-23 18:00:00,54.25,47.325678700811615,0,20.315135740162322,Low,16.252108592129858,Low
2391,2026-01-24 02:00:00,41.5,60.07434080721591,0,20.31486816144318,Low,16.251894529154544,Low
2392,2026-04-19 05:00:00,44.5,57.06664561353105,0,20.31332912270621,Low,16.25066329816497,Low
2393,2026-06-09 10:00:00,49.0,52.55903495019088,0,20.311806990038175,Low,16.24944559203054,Low
2394,2026-04-24 00:00:00,44.25,57.273204399633215,0,20.304640879926644,Low,16.243712703941316,Low
2395,2026-06-19 03:00:00,62.25,39.25075978307442,0,20.300151956614886,Low,16.24012156529191,Low
2396,2026-02-07 07:00:00,52.75,48.682684477933876,0,20.286536895586774,Low,16.22922951646942,Low
2397,2026-04-16 04:00:00,54.25,47.18238151825813,0,20.286476303651625,Low,16.2291810429213,Low
2398,2026-03-13 14:00:00,51.5,49.90802849098606,0,20.28160569819721,Low,16.22528455855777,Low
2399,2026-05-13 08:00:00,53.0,48.37668868992659,0,20.275337737985318,Low,16.220270190388256,Low
2400,2026-04-23 19:00:00,45.75,55.61171047839352,0,20.272342095678702,Low,16.21787367654296,Low
2401,2026-03-17 06:00:00,46.75,54.60423254874578,0,20.270846509749155,Low,16.216677207799325,Low
2402,2026-03-15 11:00:00,54.25,47.09936760085734,0,20.269873520171465,Low,16.215898816137173,Low
2403,2026-02-23 13:00:00,49.25,52.091805992872835,0,20.268361198574567,Low,16.214688958859654,Low
2404,2026-04-20 05:00:00,43.5,57.800319218134426,0,20.260063843626885,Low,16.20805107490151,Low
2405,2026-04-19 04:00:00,46.25,55.00727111566057,0,20.251454223132114,Low,16.201163378505694,Low
2406,2026-06-05 20:00:00,51.5,49.751923650828736,0,20.25038473016575,Low,16.2003077841326,Low
2407,2026-05-23 02:00:00,38.5,62.74740160428508,0,20.249480320857018,Low,16.199584256685615,Low
2408,2026-05-23 11:00:00,50.25,50.99197527720362,0,20.248395055440724,Low,16.19871604435258,Low
2409,2026-03-14 11:00:00,48.75,52.46242158559117,0,20.242484317118233,Low,16.193987453694586,Low
2410,2026-06-03 04:00:00,58.25,42.95953449490745,0,20.24190689898149,Low,16.193525519185194,Low
2411,2026-04-24 20:00:00,48.75,52.42177777061592,0,20.234355554123184,Low,16.187484443298548,Low
2412,2026-03-29 05:00:00,51.0,50.166281628993424,0,20.233256325798685,Low,16.18660506063895,Low
2413,2026-02-22 06:00:00,48.75,52.40058240121768,0,20.230116480243538,Low,16.184093184194833,Low
2414,2026-02-26 16:00:00,45.5,55.60720322365709,0,20.221440644731416,Low,16.177152515785135,Low
2415,2026-03-14 12:00:00,49.0,52.10375054691227,0,20.220750109382458,Low,16.176600087505967,Low
2416,2026-02-21 06:00:00,48.0,52.943659431511215,0,20.188731886302243,Low,16.150985509041796,Low
2417,2026-01-29 10:00:00,57.25,43.678900441872734,0,20.185780088374546,Low,16.148624070699636,Low
2418,2026-02-22 14:00:00,41.5,59.415668876336554,0,20.183133775267308,Low,16.146507020213846,Low
2419,2026-05-22 18:00:00,58.25,42.660480758284685,0,20.182096151656935,Low,16.14567692132555,Low
2420,2026-06-06 12:00:00,54.0,46.885962433775866,0,20.177192486755175,Low,16.14175398940414,Low
2421,2026-01-30 10:00:00,47.75,53.10494450222994,0,20.170988900445987,Low,16.13679112035679,Low
2422,2026-03-06 16:00:00,45.25,55.580193817427244,0,20.16603876348545,Low,16.13283101078836,Low
2423,2026-05-13 01:00:00,40.0,60.796752141938924,0,20.159350428387786,Low,16.12748034271023,Low
2424,2026-05-15 13:00:00,48.75,52.004188939494426,0,20.150837787898887,Low,16.12067023031911,Low
2425,2026-06-08 04:00:00,57.5,43.20682056737356,0,20.14136411347471,Low,16.11309129077977,Low
2426,2026-04-24 07:00:00,55.0,45.67067174146477,0,20.134134348292953,Low,16.107307478634365,Low
2427,2026-05-16 13:00:00,48.75,51.91216440316436,0,20.132432880632873,Low,16.1059463045063,Low
2428,2026-03-04 16:00:00,46.25,54.37165411508834,0,20.12433082301767,Low,16.099464658414135,Low
2429,2026-06-13 02:00:00,55.25,45.33607373175246,0,20.11721474635049,Low,16.093771797080393,Low
2430,2026-02-16 18:00:00,46.75,53.80309747776909,0,20.11061949555382,Low,16.088495596443057,Low
2431,2026-04-21 06:00:00,49.75,50.7463256310309,0,20.099265126206177,Low,16.07941210096494,Low
2432,2026-03-18 04:00:00,47.5,52.987672683972626,0,20.097534536794527,Low,16.07802762943562,Low
2433,2026-05-09 02:00:00,37.75,62.7002434137346,0,20.09004868274692,Low,16.072038946197537,Low
2434,2026-02-06 08:00:00,56.5,43.94930585073165,0,20.089861170146328,Low,16.071888936117062,Low
2435,2026-03-19 09:00:00,45.25,55.16092231939862,0,20.082184463879724,Low,16.06574757110378,Low
2436,2026-02-05 03:00:00,51.25,49.14662952607834,0,20.07932590521567,Low,16.063460724172536,Low
2437,2026-03-23 05:00:00,54.75,45.63509194226884,0,20.07701838845377,Low,16.061614710763017,Low
2438,2026-05-16 03:00:00,46.5,53.87301364015416,0,20.074602728030833,Low,16.059682182424666,Low
2439,2026-03-24 19:00:00,52.5,47.85669017396129,0,20.07133803479226,Low,16.057070427833807,Low
2440,2026-03-31 08:00:00,33.5,66.82234099636877,0,20.064468199273755,Low,16.051574559419006,Low
2441,2026-04-22 16:00:00,52.0,48.273294186797365,0,20.054658837359476,Low,16.04372706988758,Low
2442,2026-06-13 21:00:00,36.0,64.27282641994047,0,20.054565283988094,Low,16.043652227190474,Low
2443,2026-06-26 08:00:00,57.5,42.697605744949634,0,20.039521148989927,Low,16.031616919191944,Low
2444,2026-05-18 21:00:00,39.0,61.19570660103279,0,20.039141320206557,Low,16.031313056165246,Low
2445,2026-03-06 15:00:00,46.0,54.157664893222695,0,20.03153297864454,Low,16.025226382915633,Low
2446,2026-06-27 01:00:00,49.5,50.64161215452567,0,20.028322430905135,Low,16.02265794472411,Low
2447,2026-03-20 07:00:00,47.75,52.329281701858626,0,20.015856340371723,Low,16.01268507229738,Low
2448,2026-03-17 08:00:00,51.0,49.033743505913534,0,20.00674870118271,Low,16.005398960946167,Low
2449,2026-05-14 19:00:00,43.5,56.529318988270994,0,20.0058637976542,Low,16.00469103812336,Low
2450,2026-04-21 01:00:00,34.75,65.27052790434995,0,20.00410558086999,Low,16.00328446469599,Low
2451,2026-06-08 06:00:00,56.75,43.2408843529683,0,19.99817687059366,Low,15.998541496474928,Low
2452,2026-01-22 18:00:00,49.0,50.980512055374604,0,19.996102411074922,Low,15.996881928859938,Low
2453,2026-02-02 05:00:00,47.25,52.66706085026666,0,19.98341217005333,Low,15.986729736042665,Low
2454,2026-02-05 08:00:00,51.0,48.87146018013581,0,19.974292036027162,Low,15.979433628821731,Low
2455,2026-01-31 12:00:00,46.75,53.02279967164639,0,19.954559934329282,Low,15.963647947463427,Low
2456,2026-01-24 18:00:00,55.0,44.76474756760674,0,19.952949513521347,Low,15.962359610817078,Low
2457,2026-01-27 06:00:00,42.5,57.24039983996065,0,19.94807996799213,Low,15.958463974393704,Low
2458,2026-06-14 01:00:00,39.75,59.90790639773825,0,19.93158127954765,Low,15.945265023638122,Low
2459,2026-04-23 05:00:00,42.75,56.90597793158599,0,19.931195586317198,Low,15.944956469053759,Low
2460,2026-03-28 05:00:00,36.75,62.88935870213574,0,19.927871740427147,Low,15.942297392341718,Low
2461,2026-01-21 19:00:00,48.25,51.36687679265369,0,19.92337535853074,Low,15.938700286824593,Low
2462,2026-06-07 06:00:00,37.5,62.11586654874489,0,19.92317330974898,Low,15.938538647799184,Low
2463,2026-02-01 16:00:00,52.0,47.59091665919774,0,19.91818333183955,Low,15.934546665471641,Low
2464,2026-02-25 17:00:00,44.5,55.05167174061698,0,19.9103343481234,Low,15.92826747849872,Low
2465,2026-03-26 11:00:00,45.25,54.289289385171834,0,19.907857877034367,Low,15.926286301627494,Low
2466,2026-05-13 09:00:00,52.25,47.28514656734877,0,19.907029313469753,Low,15.925623450775802,Low
2467,2026-06-21 07:00:00,41.0,58.47942001736211,0,19.89588400347242,Low,15.916707202777937,Low
2468,2026-02-08 12:00:00,38.0,61.40683663386496,0,19.881367326772992,Low,15.905093861418393,Low
2469,2026-03-20 04:00:00,51.0,48.3893150274585,0,19.877863005491697,Low,15.902290404393359,Low
2470,2026-03-18 02:00:00,44.5,54.850720551438485,0,19.870144110287697,Low,15.896115288230158,Low
2471,2026-04-19 19:00:00,42.75,56.58662835246122,0,19.867325670492246,Low,15.893860536393797,Low
2472,2026-04-19 03:00:00,42.25,57.03748899402463,0,19.857497798804925,Low,15.885998239043941,Low
2473,2026-03-20 03:00:00,45.75,53.526180018884155,0,19.85523600377683,Low,15.884188803021466,Low
2474,2026-02-25 14:00:00,50.25,49.01655805315167,0,19.853311610630335,Low,15.882649288504268,Low
2475,2026-04-17 13:00:00,47.5,51.756421741050374,0,19.851284348210076,Low,15.881027478568061,Low
2476,2026-04-04 19:00:00,26.0,73.2464487549947,0,19.84928975099894,Low,15.879431800799152,Low
2477,2026-04-13 10:00:00,34.5,64.72122802925585,0,19.84424560585117,Low,15.875396484680937,Low
2478,2026-05-13 00:00:00,47.25,51.787205819244264,0,19.80744116384885,Low,15.845952931079081,Low
2479,2026-08-12 22:00:00,49.0,50.007982135475615,0,19.801596427095124,Low,15.8412771416761,Low
2480,2026-01-12 04:00:00,44.5,54.47814450035972,0,19.795628900071943,Low,15.836503120057555,Low
2481,2026-03-26 18:00:00,45.5,53.45797469579049,0,19.791594939158095,Low,15.833275951326478,Low
2482,2026-03-02 06:00:00,45.25,53.70585809590106,0,19.79117161918021,Low,15.83293729534417,Low
2483,2026-06-18 12:00:00,50.25,48.6577135550501,0,19.78154271101002,Low,15.825234168808016,Low
2484,2026-02-08 06:00:00,46.25,52.614519648423254,0,19.772903929684652,Low,15.818323143747723,Low
2485,2026-05-16 05:00:00,45.75,53.111549344035964,0,19.77230986880719,Low,15.817847895045754,Low
2486,2026-03-20 05:00:00,50.25,48.600596794119994,0,19.770119358823997,Low,15.816095487059199,Low
2487,2026-05-23 09:00:00,50.0,48.682282091055455,0,19.73645641821109,Low,15.789165134568874,Low
2488,2026-05-16 04:00:00,40.25,58.4287497591165,0,19.7357499518233,Low,15.788599961458642,Low
2489,2026-05-18 16:00:00,41.75,56.91500507808933,0,19.733001015617866,Low,15.786400812494293,Low
2490,2026-03-18 14:00:00,52.25,46.398168536030084,0,19.729633707206016,Low,15.783706965764814,Low
2491,2026-04-15 04:00:00,38.5,60.11862152691635,0,19.72372430538327,Low,15.778979444306618,Low
2492,2026-05-08 10:00:00,26.33,72.25066281363367,0,19.716132562726735,Low,15.772906050181389,Low
2493,2026-02-20 07:00:00,48.0,50.55783701079802,0,19.711567402159602,Low,15.769253921727682,Low
2494,2026-04-21 03:00:00,51.25,47.262288810435805,0,19.70245776208716,Low,15.76196620966973,Low
2495,2026-03-28 10:00:00,46.75,51.70867550023867,0,19.691735100047737,Low,15.75338808003819,Low
2496,2026-03-21 23:00:00,45.75,52.64134417448292,0,19.678268834896585,Low,15.742615067917269,Low
2497,2026-06-25 20:00:00,55.75,42.59854240229443,0,19.669708480458887,Low,15.73576678436711,Low
2498,2026-02-21 01:00:00,50.75,47.56713628544192,0,19.663427257088383,Low,15.730741805670707,Low
2499,2026-01-23 03:00:00,43.25,55.05636624179058,0,19.661273248358114,Low,15.729018598686492,Low
2500,2026-05-23 10:00:00,56.0,42.275155467295896,0,19.65503109345918,Low,15.724024874767345,Low
2501,2026-06-18 19:00:00,57.5,40.72558974867724,0,19.645117949735447,Low,15.716094359788357,Low
2502,2026-01-23 16:00:00,45.5,52.701061528919475,0,19.640212305783898,Low,15.71216984462712,Low
2503,2026-01-14 14:00:00,45.25,52.94666147960411,0,19.639332295920823,Low,15.711465836736659,Low
2504,2026-06-23 22:00:00,43.75,54.422513517217766,0,19.63450270344355,Low,15.707602162754842,Low
2505,2026-03-15 01:00:00,42.0,56.169243880189484,0,19.633848776037894,Low,15.707079020830315,Low
2506,2026-03-20 02:00:00,43.75,54.36708078474335,0,19.62341615694867,Low,15.698732925558938,Low
2507,2026-04-20 19:00:00,48.0,50.11019605822346,0,19.62203921164469,Low,15.697631369315753,Low
2508,2026-06-15 07:00:00,46.0,52.09465163838922,0,19.618930327677845,Low,15.695144262142277,Low
2509,2026-03-04 17:00:00,46.75,51.335325792723744,0,19.617065158544747,Low,15.693652126835799,Low
2510,2026-05-16 16:00:00,41.75,56.3315664931588,0,19.61631329863176,Low,15.693050638905408,Low
2511,2026-06-16 06:00:00,49.25,48.743796607689426,0,19.598759321537884,Low,15.679007457230307,Low
2512,2026-06-23 05:00:00,48.0,49.96033312074192,0,19.592066624148384,Low,15.673653299318708,Low
2513,2026-03-21 22:00:00,58.25,39.7062108534792,0,19.591242170695843,Low,15.672993736556675,Low
2514,2026-03-23 12:00:00,48.5,49.392418189756,0,19.5784836379512,Low,15.662786910360962,Low
2515,2026-04-18 12:00:00,39.0,58.89000686950431,0,19.57800137390086,Low,15.66240109912069,Low
2516,2026-06-18 13:00:00,53.5,44.30213172325505,0,19.560426344651013,Low,15.648341075720811,Low
2517,2026-04-21 12:00:00,49.0,48.72683390262052,0,19.545366780524105,Low,15.636293424419286,Low
2518,2026-02-15 16:00:00,39.75,57.972124950692326,0,19.544424990138467,Low,15.635539992110774,Low
2519,2026-01-03 16:00:00,43.5,54.197847740914945,0,19.53956954818299,Low,15.631655638546391,Low
2520,2026-03-19 05:00:00,40.25,57.41140500405254,0,19.532281000810507,Low,15.625824800648406,Low
2521,2026-08-12 07:00:00,59.5,38.12541017195768,0,19.525082034391534,Low,15.620065627513227,Low
2522,2026-03-18 03:00:00,44.0,53.57496649395561,0,19.514993298791122,Low,15.611994639032899,Low
2523,2026-01-31 16:00:00,47.75,49.80852924829622,0,19.511705849659243,Low,15.609364679727395,Low
2524,2026-06-22 01:00:00,35.0,62.556987516829324,0,19.511397503365863,Low,15.609118002692691,Low
2525,2026-05-21 08:00:00,47.75,49.80559788017435,0,19.51111957603487,Low,15.608895660827896,Low
2526,2026-03-31 21:00:00,29.75,67.77804166632446,0,19.505608333264888,Low,15.604486666611912,Low
2527,2026-03-24 02:00:00,41.5,55.99571303231825,0,19.49914260646365,Low,15.59931408517092,Low
2528,2026-04-16 01:00:00,35.75,61.73638043254014,0,19.497276086508027,Low,15.597820869206423,Low
2529,2026-04-29 04:00:00,45.5,51.981775483084355,0,19.496355096616874,Low,15.5970840772935,Low
2530,2026-06-14 06:00:00,41.0,56.4252150974925,0,19.485043019498498,Low,15.588034415598798,Low
2531,2026-05-17 03:00:00,41.5,55.89895993169818,0,19.479791986339634,Low,15.583833589071709,Low
2532,2026-05-14 07:00:00,47.25,50.1476146772762,0,19.47952293545524,Low,15.583618348364192,Low
2533,2026-06-06 14:00:00,50.5,46.89306478986246,0,19.478612957972494,Low,15.582890366377995,Low
2534,2026-02-15 15:00:00,45.5,51.88429897664708,0,19.476859795329418,Low,15.581487836263534,Low
2535,2026-01-31 15:00:00,48.0,49.35781560793087,0,19.471563121586172,Low,15.577250497268938,Low
2536,2026-02-07 06:00:00,49.0,48.35672723619164,0,19.471345447238328,Low,15.577076357790663,Low
2537,2026-01-12 17:00:00,46.0,51.35549295052867,0,19.471098590105733,Low,15.576878872084587,Low
2538,2026-04-14 02:00:00,45.25,52.09995218006251,0,19.469990436012502,Low,15.575992348810002,Low
2539,2026-03-17 18:00:00,50.0,47.34918241703248,0,19.469836483406496,Low,15.575869186725198,Low
2540,2026-05-07 14:00:00,30.25,67.09721930103977,0,19.469443860207953,Low,15.575555088166363,Low
2541,2026-01-12 16:00:00,37.25,60.07687609584427,0,19.465375219168852,Low,15.572300175335082,Low
2542,2026-05-09 20:00:00,41.5,55.756404829218226,0,19.451280965843644,Low,15.561024772674916,Low
2543,2026-06-06 11:00:00,51.0,46.2499873238833,0,19.449997464776658,Low,15.559997971821327,Low
2544,2026-03-17 12:00:00,46.75,50.49577758853937,0,19.449155517707876,Low,15.559324414166301,Low
2545,2026-02-03 03:00:00,46.25,50.980281899168865,0,19.446056379833774,Low,15.556845103867019,Low
2546,2026-06-14 15:00:00,53.25,43.94746841818938,0,19.439493683637874,Low,15.5515949469103,Low
2547,2026-05-20 19:00:00,47.5,49.60488534475635,0,19.42097706895127,Low,15.536781655161017,Low
2548,2026-05-13 05:00:00,46.0,51.10174463489516,0,19.42034892697903,Low,15.536279141583226,Low
2549,2026-01-12 15:00:00,45.5,51.566545985199774,0,19.413309197039954,Low,15.530647357631963,Low
2550,2026-05-09 23:00:00,34.25,62.78886398429416,0,19.407772796858833,Low,15.526218237487067,Low
2551,2026-06-08 05:00:00,56.0,41.03413973704529,0,19.40682794740906,Low,15.525462357927248,Low
2552,2026-05-26 22:00:00,45.75,51.26780266894585,0,19.403560533789168,Low,15.522848427031334,Low
2553,2026-04-27 14:00:00,45.25,51.749814147677036,0,19.399962829535408,Low,15.519970263628327,Low
2554,2026-03-23 11:00:00,49.5,47.48836024173315,0,19.397672048346628,Low,15.518137638677302,Low
2555,2026-06-09 07:00:00,30.25,66.7301630059196,0,19.39603260118392,Low,15.516826080947135,Low
2556,2026-02-25 18:00:00,44.75,52.161963143047345,0,19.382392628609466,Low,15.505914102887573,Low
2557,2026-05-13 17:00:00,32.5,64.36682314143263,0,19.373364628286524,Low,15.49869170262922,Low
2558,2026-04-25 17:00:00,43.25,53.537846339143016,0,19.3575692678286,Low,15.486055414262882,Low
2559,2026-06-17 19:00:00,35.0,61.73667756555999,0,19.347335513111997,Low,15.477868410489599,Low
2560,2026-01-03 12:00:00,38.25,58.403128280623946,0,19.330625656124788,Low,15.464500524899831,Low
2561,2026-05-20 23:00:00,39.5,57.12547628070371,0,19.32509525614074,Low,15.460076204912594,Low
2562,2026-06-24 07:00:00,34.0,62.61444405176941,0,19.322888810353884,Low,15.458311048283107,Low
2563,2026-05-24 14:00:00,38.75,57.83593378428689,0,19.317186756857378,Low,15.453749405485903,Low
2564,2026-06-02 16:00:00,52.25,44.33408177551325,0,19.31681635510265,Low,15.45345308408212,Low
2565,2026-01-11 14:00:00,38.25,58.333130947247376,0,19.316626189449476,Low,15.453300951559582,Low
2566,2026-06-24 18:00:00,37.25,59.28480156616973,0,19.306960313233947,Low,15.445568250587158,Low
2567,2026-06-11 03:00:00,9.0,87.52325083958577,0,19.304650167917156,Low,15.443720134333725,Low
2568,2026-02-06 01:00:00,43.5,53.000676593530166,0,19.300135318706033,Low,15.440108254964827,Low
2569,2026-06-04 18:00:00,33.25,63.2373982651144,0,19.29747965302288,Low,15.437983722418304,Low
2570,2026-02-01 05:00:00,45.0,51.48302399111073,0,19.29660479822215,Low,15.43728383857772,Low
2571,2026-06-13 16:00:00,47.25,49.21645017098443,0,19.293290034196886,Low,15.434632027357509,Low
2572,2026-04-21 05:00:00,38.25,58.192509306206375,0,19.288501861241276,Low,15.430801488993021,Low
2573,2026-06-20 16:00:00,40.5,55.92869221142618,0,19.285738442285236,Low,15.428590753828189,Low
2574,2026-06-02 14:00:00,53.0,43.421747253428876,0,19.284349450685777,Low,15.427479560548623,Low
2575,2026-03-18 12:00:00,44.75,51.66118166800286,0,19.282236333600572,Low,15.425789066880458,Low
2576,2026-06-17 20:00:00,37.5,58.860087971370376,0,19.272017594274075,Low,15.41761407541926,Low
2577,2026-06-23 04:00:00,50.5,45.76123151180868,0,19.252246302361733,Low,15.401797041889388,Low
2578,2026-05-09 03:00:00,38.25,57.97542701788068,0,19.245085403576137,Low,15.396068322860911,Low
2579,2026-05-12 11:00:00,46.25,49.9745920476766,0,19.24491840953532,Low,15.395934727628257,Low
2580,2026-05-26 02:00:00,42.0,54.16800404244307,0,19.233600808488617,Low,15.386880646790894,Low
2581,2026-02-11 14:00:00,42.5,53.651147808672576,0,19.230229561734514,Low,15.384183649387612,Low
2582,2026-04-19 12:00:00,41.75,54.34142302125292,0,19.218284604250584,Low,15.374627683400469,Low
2583,2026-05-26 11:00:00,36.75,59.340289199667595,0,19.21805783993352,Low,15.374446271946816,Low
2584,2026-04-13 15:00:00,39.75,56.276237254321934,0,19.205247450864388,Low,15.364197960691511,Low
2585,2026-01-27 13:00:00,43.75,52.25687313889043,0,19.201374627778087,Low,15.36109970222247,Low
2586,2026-05-20 09:00:00,38.0,58.00031097766203,0,19.200062195532404,Low,15.360049756425923,Low
2587,2026-04-15 11:00:00,38.5,57.4597031419889,0,19.19194062839778,Low,15.353552502718225,Low
2588,2026-03-14 02:00:00,38.5,57.45070558215343,0,19.190141116430684,Low,15.352112893144549,Low
2589,2026-06-15 09:00:00,44.5,51.43804626679161,0,19.18760925335832,Low,15.350087402686658,Low
2590,2026-05-23 12:00:00,46.5,49.42499582123738,0,19.18499916424748,Low,15.347999331397984,Low
2591,2026-01-31 18:00:00,48.5,47.41966517455659,0,19.18393303491132,Low,15.347146427929056,Low
2592,2026-06-26 19:00:00,42.75,53.15135140490345,0,19.18027028098069,Low,15.344216224784553,Low
2593,2026-06-13 01:00:00,42.75,53.08987108821345,0,19.16797421764269,Low,15.334379374114153,Low
2594,2026-06-26 11:00:00,46.75,49.05626789030905,0,19.16125357806181,Low,15.32900286244945,Low
2595,2026-01-11 17:00:00,44.0,51.79984280314075,0,19.15996856062815,Low,15.327974848502521,Low
2596,2026-02-06 12:00:00,45.0,50.77384434528162,0,19.154768869056323,Low,15.32381509524506,Low
2597,2026-02-07 17:00:00,45.0,50.76407967980696,0,19.152815935961392,Low,15.322252748769115,Low
2598,2026-03-27 12:00:00,43.5,52.247835519174515,0,19.1495671038349,Low,15.319653683067921,Low
2599,2026-06-06 13:00:00,48.25,47.485355644894135,0,19.14707112897883,Low,15.317656903183064,Low
2600,2026-06-23 09:00:00,53.5,42.22354880315761,0,19.14470976063152,Low,15.315767808505218,Low
2601,2026-03-04 18:00:00,48.0,47.71325464261527,0,19.142650928523054,Low,15.314120742818444,Low
2602,2026-03-25 10:00:00,44.5,51.21149582432452,0,19.142299164864905,Low,15.313839331891925,Low
2603,2026-03-23 03:00:00,42.5,53.19454193576273,0,19.138908387152547,Low,15.31112670972204,Low
2604,2026-03-17 09:00:00,48.5,47.193252374074916,0,19.13865047481498,Low,15.310920379851986,Low
2605,2026-06-21 08:00:00,41.0,54.69110730687811,0,19.138221461375622,Low,15.310577169100497,Low
2606,2026-02-22 02:00:00,40.5,55.17183737201233,0,19.134367474402467,Low,15.307493979521974,Low
2607,2026-01-30 09:00:00,45.25,50.420935099421264,0,19.13418701988425,Low,15.307349615907402,Low
2608,2026-02-07 12:00:00,46.5,49.12889675751966,0,19.125779351503933,Low,15.300623481203147,Low
2609,2026-03-20 01:00:00,43.25,52.32942051449733,0,19.115884102899464,Low,15.292707282319572,Low
2610,2026-06-19 07:00:00,56.0,39.54353180292082,0,19.108706360584165,Low,15.286965088467333,Low
2611,2026-06-21 09:00:00,41.75,53.67280905761319,0,19.08456181152264,Low,15.267649449218112,Low
2612,2026-02-11 18:00:00,46.25,49.16875958205534,0,19.083751916411067,Low,15.267001533128855,Low
2613,2026-02-05 09:00:00,50.0,45.37525864341552,0,19.075051728683107,Low,15.260041382946486,Low
2614,2026-04-20 18:00:00,33.25,62.09618394894676,0,19.06923678978935,Low,15.255389431831482,Low
2615,2026-06-26 10:00:00,50.5,44.79310393861965,0,19.05862078772393,Low,15.246896630179146,Low
2616,2026-06-15 06:00:00,41.25,54.020099718935285,0,19.054019943787058,Low,15.243215955029648,Low
2617,2026-02-17 14:00:00,42.25,53.01389205784883,0,19.052778411569765,Low,15.242222729255813,Low
2618,2026-01-03 15:00:00,35.75,59.41684929857449,0,19.0333698597149,Low,15.22669588777192,Low
2619,2026-06-21 06:00:00,44.0,51.16431171139739,0,19.03286234227948,Low,15.226289873823584,Low
2620,2026-06-05 19:00:00,46.25,48.89321340982595,0,19.028642681965188,Low,15.222914145572151,Low
2621,2026-05-19 16:00:00,37.0,58.12455681682906,0,19.024911363365813,Low,15.219929090692652,Low
2622,2026-06-07 03:00:00,35.5,59.542050373545095,0,19.00841007470902,Low,15.206728059767215,Low
2623,2026-04-17 15:00:00,40.5,54.54069510029486,0,19.008139020058977,Low,15.206511216047183,Low
2624,2026-05-25 01:00:00,35.25,59.713733067199975,0,18.992746613439994,Low,15.194197290751996,Low
2625,2026-06-28 00:00:00,26.0,68.9046524617564,0,18.98093049235128,Low,15.184744393881026,Low
2626,2026-04-25 12:00:00,40.0,54.90270460787825,0,18.98054092157565,Low,15.18443273726052,Low
2627,2026-02-04 02:00:00,50.0,44.88854889055041,0,18.977709778110082,Low,15.182167822488067,Low
2628,2026-05-07 16:00:00,45.75,49.10976829173928,0,18.971953658347857,Low,15.177562926678286,Low
2629,2026-06-18 16:00:00,50.5,44.35707133369316,0,18.971414266738634,Low,15.177131413390908,Low
2630,2026-02-02 13:00:00,40.0,54.837715506726006,0,18.9675431013452,Low,15.174034481076161,Low
2631,2026-03-02 05:00:00,41.25,53.583422809307685,0,18.966684561861534,Low,15.173347649489228,Low
2632,2026-05-15 14:00:00,51.25,43.537620606908014,0,18.957524121381603,Low,15.166019297105283,Low
2633,2026-05-18 02:00:00,34.25,60.52329107382628,0,18.954658214765256,Low,15.163726571812205,Low
2634,2026-05-19 03:00:00,38.75,56.005484458606986,0,18.9510968917214,Low,15.16087751337712,Low
2635,2026-01-14 15:00:00,42.5,52.2336656354979,0,18.946733127099577,Low,15.157386501679662,Low
2636,2026-02-07 02:00:00,42.75,51.968037835907495,0,18.943607567181502,Low,15.154886053745201,Low
2637,2026-04-19 18:00:00,35.25,59.462935427269926,0,18.942587085453987,Low,15.15406966836319,Low
2638,2026-03-19 08:00:00,40.25,54.46210448045139,0,18.94242089609028,Low,15.153936716872224,Low
2639,2026-05-15 15:00:00,48.75,45.92156614245855,0,18.93431322849171,Low,15.147450582793368,Low
2640,2026-01-31 13:00:00,44.25,50.36835307750848,0,18.923670615501695,Low,15.138936492401356,Low
2641,2026-06-24 20:00:00,41.5,53.08029503188501,0,18.916059006376997,Low,15.132847205101598,Low
2642,2026-06-22 10:00:00,45.5,49.07934259706498,0,18.915868519412996,Low,15.132694815530398,Low
2643,2026-05-22 04:00:00,41.0,53.46858666678723,0,18.893717333357444,Low,15.114973866685956,Low
2644,2026-04-25 18:00:00,39.5,54.917081310216524,0,18.883416262043305,Low,15.106733009634645,Low
2645,2026-04-18 13:00:00,41.75,52.63197926496537,0,18.876395852993078,Low,15.101116682394462,Low
2646,2026-05-15 01:00:00,38.25,56.065498167949315,0,18.86309963358986,Low,15.09047970687189,Low
2647,2026-01-30 12:00:00,44.5,49.79368429515277,0,18.858736859030557,Low,15.086989487224447,Low
2648,2026-02-27 18:00:00,44.5,49.792842439455626,0,18.858568487891127,Low,15.086854790312902,Low
2649,2026-04-15 01:00:00,40.75,53.5424831506085,0,18.8584966301217,Low,15.08679730409736,Low
2650,2026-03-18 17:00:00,42.5,51.78750140277481,0,18.85750028055496,Low,15.086000224443968,Low
2651,2026-03-28 17:00:00,31.75,62.53540643492366,0,18.85708128698473,Low,15.085665029587785,Low
2652,2026-01-27 01:00:00,44.0,50.2354641324307,0,18.84709282648614,Low,15.077674261188912,Low
2653,2026-03-15 14:00:00,46.5,47.6762682884683,0,18.835253657693663,Low,15.068202926154932,Low
2654,2026-04-17 14:00:00,44.75,49.42490931486184,0,18.83498186297237,Low,15.067985490377897,Low
2655,2026-08-12 23:00:00,51.0,43.16502235159044,0,18.833004470318087,Low,15.066403576254471,Low
2656,2026-01-01 08:00:00,51.75,42.4006556027332,0,18.83013112054664,Low,15.064104896437312,Low
2657,2026-06-16 04:00:00,40.25,53.89084923525591,0,18.828169847051182,Low,15.062535877640947,Low
2658,2026-06-25 15:00:00,54.75,39.35541124140311,0,18.82108224828062,Low,15.056865798624498,Low
2659,2026-03-31 22:00:00,30.75,63.32053441159614,0,18.81410688231923,Low,15.051285505855384,Low
2660,2026-05-19 14:00:00,37.0,57.05806698011502,0,18.811613396023006,Low,15.049290716818405,Low
2661,2026-05-16 17:00:00,43.25,50.78365151250087,0,18.806730302500174,Low,15.04538424200014,Low
2662,2026-02-09 19:00:00,49.0,45.02220312626643,0,18.80444062525329,Low,15.043552500202631,Low
2663,2026-01-24 11:00:00,40.75,53.193562862578325,0,18.788712572515664,Low,15.030970058012532,Low
2664,2026-05-26 12:00:00,48.75,45.189453985322146,0,18.787890797064428,Low,15.030312637651543,Low
2665,2026-08-11 18:00:00,38.25,55.660865611094195,0,18.782173122218836,Low,15.02573849777507,Low
2666,2026-04-27 13:00:00,45.25,48.65671790416895,0,18.78134358083379,Low,15.025074864667033,Low
2667,2026-05-26 10:00:00,35.25,58.644571537910004,0,18.778914307582003,Low,15.023131446065603,Low
2668,2026-01-23 14:00:00,41.0,52.8495226203295,0,18.7699045240659,Low,15.015923619252721,Low
2669,2026-06-26 12:00:00,41.25,52.52259012761919,0,18.754518025523836,Low,15.00361442041907,Low
2670,2026-02-05 01:00:00,42.5,51.23787043551231,0,18.747574087102464,Low,14.998059269681972,Low
2671,2026-02-02 06:00:00,44.5,49.224660615994644,0,18.74493212319893,Low,14.995945698559144,Low
2672,2026-02-11 15:00:00,37.5,56.167477398529904,0,18.73349547970598,Low,14.986796383764784,Low
2673,2026-04-24 04:00:00,49.25,44.41690175459927,0,18.733380350919855,Low,14.986704280735886,Low
2674,2026-04-24 02:00:00,32.5,61.1650345870365,0,18.7330069174073,Low,14.986405533925842,Low
2675,2026-01-14 17:00:00,42.25,51.37225017145245,0,18.72445003429049,Low,14.979560027432393,Low
2676,2026-02-27 16:00:00,44.5,49.10879961230704,0,18.72175992246141,Low,14.977407937969128,Low
2677,2026-01-10 17:00:00,36.75,56.85393224519432,0,18.720786449038865,Low,14.976629159231093,Low
2678,2026-05-15 08:00:00,44.25,49.327530261781625,0,18.715506052356325,Low,14.97240484188506,Low
2679,2026-02-09 12:00:00,42.75,50.826765123734496,0,18.7153530247469,Low,14.972282419797521,Low
2680,2026-03-02 04:00:00,44.0,49.50371867882243,0,18.700743735764487,Low,14.96059498861159,Low
2681,2026-01-27 16:00:00,45.25,48.175459687325095,0,18.685091937465018,Low,14.948073549972015,Low
2682,2026-04-25 16:00:00,38.5,54.89357249155453,0,18.678714498310907,Low,14.942971598648725,Low
2683,2026-06-18 03:00:00,27.75,65.62362047997917,0,18.674724095995835,Low,14.939779276796669,Low
2684,2026-06-17 18:00:00,36.25,57.10203270781275,0,18.67040654156255,Low,14.93632523325004,Low
2685,2026-03-27 02:00:00,37.5,55.838475734739426,0,18.667695146947885,Low,14.93415611755831,Low
2686,2026-05-14 18:00:00,41.75,51.58370357108393,0,18.666740714216786,Low,14.93339257137343,Low
2687,2026-01-31 17:00:00,43.75,49.5434716589139,0,18.65869433178278,Low,14.926955465426225,Low
2688,2026-04-21 13:00:00,46.0,47.288179935087705,0,18.657635987017542,Low,14.926108789614034,Low
2689,2026-03-28 06:00:00,43.75,49.51103154513734,0,18.65220630902747,Low,14.921765047221976,Low
2690,2026-06-26 09:00:00,49.5,43.754250173875896,0,18.650850034775182,Low,14.920680027820147,Low
2691,2026-06-14 14:00:00,48.0,45.24057756132754,0,18.648115512265505,Low,14.918492409812405,Low
2692,2026-02-15 17:00:00,43.5,49.72996036465361,0,18.64599207293072,Low,14.916793658344577,Low
2693,2026-03-19 12:00:00,39.0,54.16476465102984,0,18.632952930205967,Low,14.906362344164775,Low
2694,2026-02-03 05:00:00,44.75,48.38386313277288,0,18.626772626554576,Low,14.901418101243662,Low
2695,2026-02-02 19:00:00,50.25,42.824770509449294,0,18.614954101889857,Low,14.891963281511886,Low
2696,2026-04-15 03:00:00,42.25,50.81124581467865,0,18.61224916293573,Low,14.889799330348584,Low
2697,2026-02-01 17:00:00,39.75,53.30934004559989,0,18.611868009119977,Low,14.889494407295983,Low
2698,2026-03-23 17:00:00,44.25,48.805588384616904,0,18.611117676923378,Low,14.888894141538703,Low
2699,2026-02-24 16:00:00,48.25,44.75671794948898,0,18.601343589897795,Low,14.881074871918237,Low
2700,2026-05-13 19:00:00,40.5,52.50096862842629,0,18.60019372568526,Low,14.880154980548207,Low
2701,2026-02-21 04:00:00,39.5,53.4876977931534,0,18.59753955863068,Low,14.878031646904544,Low
2702,2026-02-20 18:00:00,48.5,44.486529269714254,0,18.59730585394285,Low,14.87784468315428,Low
2703,2026-01-14 16:00:00,43.0,49.962712488318886,0,18.59254249766378,Low,14.874033998131024,Low
2704,2026-03-15 05:00:00,44.75,48.189491341465605,0,18.58789826829312,Low,14.870318614634497,Low
2705,2026-04-27 05:00:00,33.75,59.187710654288345,0,18.58754213085767,Low,14.870033704686136,Low
2706,2026-06-26 14:00:00,37.75,55.11767181534495,0,18.57353436306899,Low,14.858827490455193,Low
2707,2026-01-13 16:00:00,40.25,52.60949354814102,0,18.571898709628204,Low,14.857518967702564,Low
2708,2026-02-24 14:00:00,43.25,49.597996509327025,0,18.569599301865406,Low,14.855679441492326,Low
2709,2026-03-21 00:00:00,36.0,56.82342769171873,0,18.564685538343745,Low,14.851748430674997,Low
2710,2026-03-23 18:00:00,40.75,52.051947923173756,0,18.56038958463475,Low,14.848311667707799,Low
2711,2026-04-15 05:00:00,39.0,53.79809960818914,0,18.55961992163783,Low,14.847695937310263,Low
2712,2026-03-14 08:00:00,42.5,50.26723393233768,0,18.55344678646754,Low,14.842757429174032,Low
2713,2026-02-08 05:00:00,40.75,52.01525168020939,0,18.553050336041878,Low,14.842440268833503,Low
2714,2026-03-18 13:00:00,42.0,50.75794222138483,0,18.551588444276966,Low,14.841270755421574,Low
2715,2026-05-18 06:00:00,50.5,42.22789418621693,0,18.545578837243383,Low,14.836463069794707,Low
2716,2026-08-11 21:00:00,40.75,51.94300460078505,0,18.53860092015701,Low,14.830880736125607,Low
2717,2026-06-05 13:00:00,41.25,51.42307186508968,0,18.534614373017938,Low,14.827691498414351,Low
2718,2026-06-07 04:00:00,30.75,61.89278237509413,0,18.528556475018824,Low,14.82284518001506,Low
2719,2026-04-13 18:00:00,39.5,53.13063001886791,0,18.526126003773584,Low,14.820900803018867,Low
2720,2026-08-12 17:00:00,28.5,64.09782030461486,0,18.51956406092297,Low,14.815651248738376,Low
2721,2026-08-24 12:00:00,36.0,56.57642217787115,0,18.51528443557423,Low,14.812227548459385,Low
2722,2026-03-26 17:00:00,40.5,52.06407211896909,0,18.51281442379382,Low,14.810251539035058,Low
2723,2026-03-23 04:00:00,43.75,48.813788562430894,0,18.512757712486177,Low,14.810206169988943,Low
2724,2026-06-02 09:00:00,52.5,40.05313109693529,0,18.510626219387056,Low,14.808500975509645,Low
2725,2026-02-16 14:00:00,45.5,47.037435251344775,0,18.507487050268956,Low,14.805989640215167,Low
2726,2026-04-27 15:00:00,42.0,50.48484162678837,0,18.496968325357674,Low,14.79757466028614,Low
2727,2026-06-14 05:00:00,34.5,57.97194305392,0,18.494388610784,Low,14.7955108886272,Low
2728,2026-02-04 00:00:00,37.25,55.19567696596103,0,18.489135393192207,Low,14.791308314553767,Low
2729,2026-02-16 17:00:00,42.5,49.94541603148305,0,18.48908320629661,Low,14.791266565037288,Low
2730,2026-05-19 07:00:00,43.75,48.66074392567077,0,18.482148785134157,Low,14.785719028107327,Low
2731,2026-06-16 05:00:00,38.5,53.89775788880967,0,18.479551577761935,Low,14.78364126220955,Low
2732,2026-02-05 00:00:00,40.0,52.2930338353748,0,18.45860676707496,Low,14.76688541365997,Low
2733,2026-01-22 15:00:00,40.0,52.24638762934565,0,18.449277525869128,Low,14.759422020695304,Low
2734,2026-03-17 04:00:00,45.75,46.494595221435205,0,18.44891904428704,Low,14.759135235429634,Low
2735,2026-01-25 21:00:00,43.75,48.48792324248261,0,18.447584648496523,Low,14.75806771879722,Low
2736,2026-02-01 14:00:00,40.25,51.95199004922993,0,18.440398009845985,Low,14.752318407876789,Low
2737,2026-05-20 06:00:00,34.25,57.90753005542471,0,18.43150601108494,Low,14.745204808867953,Low
2738,2026-05-09 01:00:00,35.25,56.899959853099645,0,18.42999197061993,Low,14.743993576495946,Low
2739,2026-08-11 20:00:00,40.75,51.317563190866174,0,18.413512638173234,Low,14.730810110538588,Low
2740,2026-05-21 10:00:00,42.25,49.778796960972336,0,18.40575939219447,Low,14.724607513755576,Low
2741,2026-02-05 02:00:00,46.5,45.461183917309754,0,18.392236783461954,Low,14.713789426769564,Low
2742,2026-04-19 17:00:00,37.25,54.671963168668604,0,18.38439263373372,Low,14.707514106986977,Low
2743,2026-03-24 17:00:00,44.75,47.137520581680555,0,18.377504116336112,Low,14.702003293068891,Low
2744,2026-02-01 15:00:00,44.25,47.637180603908966,0,18.377436120781795,Low,14.701948896625437,Low
2745,2026-08-10 00:00:00,50.25,41.62198005322795,0,18.37439601064559,Low,14.699516808516472,Low
2746,2026-06-02 13:00:00,49.75,42.11892270248698,0,18.373784540497397,Low,14.699027632397918,Low
2747,2026-03-19 06:00:00,36.5,55.355369087811304,0,18.37107381756226,Low,14.696859054049808,Low
2748,2026-01-13 17:00:00,43.25,48.593018037390294,0,18.368603607478057,Low,14.694882885982446,Low
2749,2026-06-23 18:00:00,37.75,54.08861662894186,0,18.367723325788372,Low,14.694178660630698,Low
2750,2026-01-27 07:00:00,47.25,44.52905117162766,0,18.35581023432553,Low,14.684648187460425,Low
2751,2026-02-16 15:00:00,38.75,52.97820081406881,0,18.345640162813762,Low,14.67651213025101,Low
2752,2026-06-15 05:00:00,44.25,47.40476200819156,0,18.330952401638314,Low,14.664761921310651,Low
2753,2026-06-26 04:00:00,35.25,56.37879952252202,0,18.325759904504405,Low,14.660607923603525,Low
2754,2026-05-17 04:00:00,38.5,53.11642629985547,0,18.323285259971094,Low,14.658628207976875,Low
2755,2026-01-10 16:00:00,40.0,51.585488481758624,0,18.317097696351723,Low,14.65367815708138,Low
2756,2026-05-09 04:00:00,35.5,56.03699409624995,0,18.30739881924999,Low,14.645919055399993,Low
2757,2026-06-22 05:00:00,36.5,55.00011773210875,0,18.300023546421748,Low,14.640018837137399,Low
2758,2026-02-21 03:00:00,41.5,49.99450061052963,0,18.298900122105927,Low,14.639120097684742,Low
2759,2026-06-20 01:00:00,33.75,57.74057343462211,0,18.29811468692442,Low,14.638491749539538,Low
2760,2026-02-03 06:00:00,45.0,46.32232091000194,0,18.26446418200039,Low,14.61157134560031,Low
2761,2026-04-27 18:00:00,43.75,47.5122515287867,0,18.25245030575734,Low,14.601960244605872,Low
2762,2026-06-01 11:00:00,53.0,38.22103597223058,0,18.24420719444612,Low,14.595365755556896,Low
2763,2026-01-29 11:00:00,53.0,38.19726183862431,0,18.239452367724862,Low,14.59156189417989,Low
2764,2026-03-20 06:00:00,42.25,48.94367511666209,0,18.238735023332417,Low,14.590988018665934,Low
2765,2026-08-29 02:00:00,46.5,44.65554542328042,0,18.231109084656083,Low,14.584887267724866,Low
2766,2026-06-27 16:00:00,35.75,55.39932310214617,0,18.229864620429233,Low,14.583891696343386,Low
2767,2026-02-23 14:00:00,43.0,48.12331521407952,0,18.224663042815905,Low,14.579730434252724,Low
2768,2026-03-26 12:00:00,42.0,49.08744656576972,0,18.217489313153944,Low,14.573991450523156,Low
2769,2026-04-15 02:00:00,42.5,48.56638916168501,0,18.213277832337003,Low,14.570622265869602,Low
2770,2026-05-23 03:00:00,35.25,55.813082840879275,0,18.212616568175857,Low,14.570093254540687,Low
2771,2026-04-29 16:00:00,45.5,45.509335249219134,0,18.201867049843827,Low,14.561493639875062,Low
2772,2026-03-27 06:00:00,42.75,48.21131349351907,0,18.192262698703814,Low,14.553810158963053,Low
2773,2026-03-28 07:00:00,42.5,48.374319475589026,0,18.174863895117806,Low,14.539891116094246,Low
2774,2026-05-25 07:00:00,47.0,43.859750931820685,0,18.171950186364136,Low,14.53756014909131,Low
2775,2026-05-14 17:00:00,40.0,50.82342080373054,0,18.16468416074611,Low,14.531747328596888,Low
2776,2026-04-13 16:00:00,35.75,55.03002632255017,0,18.156005264510036,Low,14.524804211608028,Low
2777,2026-01-23 15:00:00,42.75,47.96859343290827,0,18.143718686581654,Low,14.514974949265323,Low
2778,2026-06-12 14:00:00,44.0,46.71758709682637,0,18.143517419365274,Low,14.51481393549222,Low
2779,2026-06-14 00:00:00,37.25,53.375997977589364,0,18.125199595517874,Low,14.500159676414299,Low
2780,2026-06-28 19:00:00,33.75,56.8456089552992,0,18.11912179105984,Low,14.495297432847872,Low
2781,2026-06-25 16:00:00,48.0,42.56711907126403,0,18.113423814252805,Low,14.490739051402244,Low
2782,2026-03-14 13:00:00,46.5,44.047183592593,0,18.1094367185186,Low,14.487549374814883,Low
2783,2026-02-23 15:00:00,41.0,49.542131262984036,0,18.108426252596807,Low,14.486741002077446,Low
2784,2026-02-27 17:00:00,41.0,49.35054165190275,0,18.07010833038055,Low,14.45608666430444,Low
2785,2026-02-08 02:00:00,36.0,54.33677765518924,0,18.067355531037848,Low,14.453884424830278,Low
2786,2026-05-10 19:00:00,43.25,47.04889930916307,0,18.059779861832613,Low,14.447823889466092,Low
2787,2026-02-05 12:00:00,46.25,44.04841824098833,0,18.05968364819767,Low,14.447746918558137,Low
2788,2026-02-07 13:00:00,40.0,50.29249738526664,0,18.058499477053328,Low,14.446799581642663,Low
2789,2026-06-07 05:00:00,27.25,62.99317353765911,0,18.04863470753182,Low,14.438907766025459,Low
2790,2026-03-22 19:00:00,48.75,41.48447933156169,0,18.046895866312337,Low,14.43751669304987,Low
2791,2026-04-13 11:00:00,37.25,52.98226563010355,0,18.04645312602071,Low,14.43716250081657,Low
2792,2026-03-25 16:00:00,40.0,50.22093470410779,0,18.044186940821557,Low,14.435349552657247,Low
2793,2026-02-24 17:00:00,39.5,50.70803025006048,0,18.041606050012096,Low,14.433284840009676,Low
2794,2026-01-31 14:00:00,44.75,45.449451738726424,0,18.039890347745285,Low,14.43191227819623,Low
2795,2026-05-15 02:00:00,37.0,53.17865100687621,0,18.035730201375245,Low,14.428584161100197,Low
2796,2026-01-26 10:00:00,44.75,45.40496278577086,0,18.03099255715417,Low,14.424794045723338,Low
2797,2026-06-26 05:00:00,36.0,54.14735662911552,0,18.029471325823103,Low,14.423577060658483,Low
2798,2026-02-03 04:00:00,43.75,46.34827837097173,0,18.019655674194347,Low,14.415724539355478,Low
2799,2026-03-19 07:00:00,36.75,53.34116655824741,0,18.01823331164948,Low,14.414586649319586,Low
2800,2026-01-31 02:00:00,49.25,40.81994950470002,0,18.013989900940004,Low,14.411191920752003,Low
2801,2026-06-18 11:00:00,47.75,42.28851279732958,0,18.007702559465915,Low,14.406162047572733,Low
2802,2026-02-09 13:00:00,41.25,48.74237283967684,0,17.998474567935368,Low,14.398779654348296,Low
2803,2026-03-17 03:00:00,44.5,45.460416511313554,0,17.992083302262714,Low,14.39366664181017,Low
2804,2026-04-24 05:00:00,34.25,55.69549065311262,0,17.989098130622526,Low,14.391278504498022,Low
2805,2026-03-16 18:00:00,49.5,40.42671958033731,0,17.985343916067464,Low,14.388275132853972,Low
2806,2026-02-05 13:00:00,36.25,53.64041762863882,0,17.978083525727765,Low,14.382466820582213,Low
2807,2026-06-18 18:00:00,56.5,33.35974539740727,0,17.971949079481455,Low,14.377559263585164,Low
2808,2026-02-07 03:00:00,37.75,52.095624416827235,0,17.969124883365446,Low,14.375299906692357,Low
2809,2026-04-28 18:00:00,45.0,44.83225858283376,0,17.966451716566752,Low,14.373161373253403,Low
2810,2026-02-21 02:00:00,43.25,46.56248319374401,0,17.962496638748803,Low,14.369997310999043,Low
2811,2026-03-15 15:00:00,43.25,46.48963480459715,0,17.947926960919432,Low,14.358341568735547,Low
2812,2026-05-21 02:00:00,44.25,45.40807347689596,0,17.93161469537919,Low,14.345291756303352,Low
2813,2026-04-17 05:00:00,36.33,53.30929951057578,0,17.927859902115156,Low,14.342287921692126,Low
2814,2026-03-23 15:00:00,45.5,44.12323557394739,0,17.92464711478948,Low,14.339717691831584,Low
2815,2026-08-29 01:00:00,46.5,43.11730812169313,0,17.92346162433863,Low,14.338769299470904,Low
2816,2026-03-15 02:00:00,35.75,53.857669294610055,0,17.92153385892201,Low,14.33722708713761,Low
2817,2026-02-03 08:00:00,45.0,44.578365389233134,0,17.915673077846627,Low,14.332538462277302,Low
2818,2026-05-19 08:00:00,39.25,50.3132096034455,0,17.9126419206891,Low,14.33011353655128,Low
2819,2026-02-04 01:00:00,41.0,48.51004371281863,0,17.902008742563723,Low,14.32160699405098,Low
2820,2026-01-24 12:00:00,37.5,51.987947795175295,0,17.897589559035058,Low,14.318071647228047,Low
2821,2026-05-08 19:00:00,36.0,53.40758074009851,0,17.881516148019703,Low,14.305212918415762,Low
2822,2026-05-10 01:00:00,31.0,58.35246079301492,0,17.870492158602982,Low,14.296393726882386,Low
2823,2026-04-17 19:00:00,41.25,48.048034641628966,0,17.859606928325793,Low,14.287685542660634,Low
2824,2026-01-30 08:00:00,43.0,46.26355902449077,0,17.852711804898153,Low,14.282169443918523,Low
2825,2026-08-10 01:00:00,47.5,41.75566458636207,0,17.851132917272416,Low,14.280906333817933,Low
2826,2026-04-16 11:00:00,37.75,51.495845673156914,0,17.84916913463138,Low,14.279335307705106,Low
2827,2026-04-28 13:00:00,43.0,46.213715784816976,0,17.842743156963394,Low,14.274194525570715,Low
2828,2026-06-18 14:00:00,49.0,40.211423062640215,0,17.842284612528044,Low,14.273827690022436,Low
2829,2026-04-17 16:00:00,36.0,53.20760556209169,0,17.841521112418338,Low,14.273216889934671,Low
2830,2026-02-11 16:00:00,40.5,48.63295501783757,0,17.826591003567515,Low,14.261272802854013,Low
2831,2026-04-13 17:00:00,36.0,53.011337581518895,0,17.80226751630378,Low,14.241814013043024,Low
2832,2026-02-06 02:00:00,41.25,47.76021827669298,0,17.802043655338597,Low,14.241634924270878,Low
2833,2026-03-17 13:00:00,41.75,47.258037807991876,0,17.801607561598374,Low,14.241286049278699,Low
2834,2026-02-08 18:00:00,43.5,45.494903212067086,0,17.798980642413415,Low,14.239184513930732,Low
2835,2026-06-18 02:00:00,33.75,55.2062900435367,0,17.791258008707338,Low,14.23300640696587,Low
2836,2026-04-16 06:00:00,41.75,47.185675491962975,0,17.787135098392596,Low,14.229708078714078,Low
2837,2026-03-17 00:00:00,44.25,44.676259230622186,0,17.78525184612444,Low,14.228201476899551,Low
2838,2026-05-18 22:00:00,32.25,56.58108800562738,0,17.766217601125476,Low,14.21297408090038,Low
2839,2026-05-18 17:00:00,40.25,48.551012563563766,0,17.760202512712752,Low,14.208162010170202,Low
2840,2026-08-28 22:00:00,44.0,44.72252378306878,0,17.744504756613757,Low,14.195603805291007,Low
2841,2026-01-24 13:00:00,40.5,48.18932162049363,0,17.737864324098727,Low,14.190291459278981,Low
2842,2026-03-22 04:00:00,48.25,40.39675660848018,0,17.729351321696036,Low,14.183481057356829,Low
2843,2026-06-09 04:00:00,33.0,55.64133669910101,0,17.728267339820203,Low,14.182613871856162,Low
2844,2026-04-04 18:00:00,42.75,45.838412563742445,0,17.71768251274849,Low,14.174146010198792,Low
2845,2026-04-27 17:00:00,42.25,46.226696785387404,0,17.69533935707748,Low,14.156271485661984,Low
2846,2026-05-21 00:00:00,41.0,47.42415804472951,0,17.6848316089459,Low,14.14786528715672,Low
2847,2026-06-05 18:00:00,46.5,41.901335304602824,0,17.680267060920567,Low,14.144213648736454,Low
2848,2026-03-26 13:00:00,40.0,48.366438879192486,0,17.673287775838496,Low,14.138630220670798,Low
2849,2026-04-25 15:00:00,34.5,53.78283415529438,0,17.656566831058875,Low,14.1252534648471,Low
2850,2026-01-27 03:00:00,43.75,44.5179764357421,0,17.65359528714842,Low,14.122876229718736,Low
2851,2026-05-10 00:00:00,30.75,57.48985184553553,0,17.647970369107107,Low,14.118376295285685,Low
2852,2026-05-21 01:00:00,39.25,48.96480874556419,0,17.64296174911284,Low,14.114369399290272,Low
2853,2026-06-13 23:00:00,26.5,61.71148596746449,0,17.642297193492897,Low,14.113837754794318,Low
2854,2026-01-29 20:00:00,37.75,50.44475734807368,0,17.638951469614735,Low,14.11116117569179,Low
2855,2026-05-12 06:00:00,46.5,41.63705082271918,0,17.627410164543836,Low,14.10192813163507,Low
2856,2026-04-28 12:00:00,42.75,45.326199548643096,0,17.615239909728622,Low,14.092191927782899,Low
2857,2026-04-28 17:00:00,45.0,43.05847956892946,0,17.611695913785894,Low,14.089356731028715,Low
2858,2026-02-08 04:00:00,38.5,49.557990755339006,0,17.611598151067803,Low,14.089278520854243,Low
2859,2026-03-24 10:00:00,36.25,51.781728491061536,0,17.60634569821231,Low,14.085076558569847,Low
2860,2026-08-29 00:00:00,46.25,41.76248037037037,0,17.602496074074075,Low,14.081996859259261,Low
2861,2026-01-22 14:00:00,42.75,45.261558189523484,0,17.602311637904698,Low,14.08184931032376,Low
2862,2026-03-25 11:00:00,36.75,51.25302800408837,0,17.600605600817673,Low,14.080484480654139,Low
2863,2026-03-15 10:00:00,37.75,50.16640406527034,0,17.583280813054067,Low,14.066624650443254,Low
2864,2026-01-26 00:00:00,37.0,50.89056017427599,0,17.5781120348552,Low,14.06248962788416,Low
2865,2026-03-24 18:00:00,39.25,48.54313794436479,0,17.55862758887296,Low,14.046902071098367,Low
2866,2026-06-14 07:00:00,37.75,50.037992845811615,0,17.557598569162323,Low,14.04607885532986,Low
2867,2026-06-02 08:00:00,46.25,41.5119334437117,0,17.552386688742338,Low,14.04190935099387,Low
2868,2026-02-07 16:00:00,42.5,45.26160905505593,0,17.552321811011186,Low,14.04185744880895,Low
2869,2026-02-11 17:00:00,39.5,48.25556489535284,0,17.551112979070567,Low,14.040890383256453,Low
2870,2026-08-29 03:00:00,38.75,48.983463611111134,0,17.546692722222225,Low,14.03735417777778,Low
2871,2026-04-28 03:00:00,33.5,54.19924451923958,0,17.539848903847915,Low,14.031879123078333,Low
2872,2026-05-07 15:00:00,35.25,52.441311378280474,0,17.538262275656095,Low,14.030609820524877,Low
2873,2026-05-13 04:00:00,42.75,44.93119037645955,0,17.536238075291912,Low,14.02899046023353,Low
2874,2026-04-21 02:00:00,34.0,53.67825346412797,0,17.535650692825595,Low,14.028520554260476,Low
2875,2026-03-29 14:00:00,39.75,47.92696467764899,0,17.535392935529796,Low,14.028314348423837,Low
2876,2026-02-19 20:00:00,36.5,51.14876677107505,0,17.52975335421501,Low,14.02380268337201,Low
2877,2026-05-18 20:00:00,39.0,48.62219886261548,0,17.524439772523095,Low,14.019551818018478,Low
2878,2026-05-26 09:00:00,35.75,51.831473982473646,0,17.516294796494726,Low,14.013035837195781,Low
2879,2026-05-07 13:00:00,27.75,59.82464639265537,0,17.514929278531074,Low,14.01194342282486,Low
2880,2026-01-27 04:00:00,41.25,46.226865039448974,0,17.495373007889796,Low,13.996298406311837,Low
2881,2026-01-24 10:00:00,39.5,47.97544174089901,0,17.4950883481798,Low,13.99607067854384,Low
2882,2026-03-14 18:00:00,44.0,43.47181058720335,0,17.494362117440673,Low,13.995489693952539,Low
2883,2026-05-20 18:00:00,38.25,49.210044978210696,0,17.492008995642138,Low,13.993607196513711,Low
2884,2026-06-23 20:00:00,36.25,51.18150560184227,0,17.486301120368452,Low,13.989040896294762,Low
2885,2026-06-02 07:00:00,41.25,46.13115074948805,0,17.47623014989761,Low,13.980984119918089,Low
2886,2026-03-23 13:00:00,40.0,47.36018979311096,0,17.47203795862219,Low,13.977630366897754,Low
2887,2026-05-20 14:00:00,36.5,50.82601984953869,0,17.465203969907737,Low,13.972163175926191,Low
2888,2026-01-24 03:00:00,34.0,53.30260300158188,0,17.46052060031638,Low,13.968416480253104,Low
2889,2026-04-24 12:00:00,35.75,51.48931603919997,0,17.447863207839994,Low,13.958290566271996,Low
2890,2026-03-17 17:00:00,43.5,43.66730212916097,0,17.433460425832195,Low,13.946768340665756,Low
2891,2026-04-16 20:00:00,38.5,48.64862991149864,0,17.42972598229973,Low,13.943780785839785,Low
2892,2026-04-30 11:00:00,30.25,56.89587574277575,0,17.42917514855515,Low,13.94334011884412,Low
2893,2026-06-19 05:00:00,47.75,39.36742991352439,0,17.423485982704875,Low,13.9387887861639,Low
2894,2026-06-24 09:00:00,40.0,47.05128916436223,0,17.410257832872446,Low,13.928206266297957,Low
2895,2026-06-23 19:00:00,32.25,54.779977708214844,0,17.40599554164297,Low,13.924796433314377,Low
2896,2026-03-14 03:00:00,31.75,55.24420757349116,0,17.398841514698233,Low,13.919073211758587,Low
2897,2026-02-20 12:00:00,43.75,43.17091362634513,0,17.384182725269028,Low,13.907346180215223,Low
2898,2026-05-12 18:00:00,48.25,38.551615838244594,0,17.36032316764892,Low,13.888258534119139,Low
2899,2026-06-26 06:00:00,34.5,52.18720275422205,0,17.33744055084441,Low,13.869952440675528,Low
2900,2026-01-28 02:00:00,31.0,55.68662146886567,0,17.337324293773133,Low,13.869859435018506,Low
2901,2026-06-22 08:00:00,43.25,43.43206224167141,0,17.336412448334283,Low,13.869129958667427,Low
2902,2026-01-11 15:00:00,37.75,48.89037425645761,0,17.32807485129152,Low,13.862459881033217,Low
2903,2026-06-25 13:00:00,49.75,36.78770215224472,0,17.30754043044894,Low,13.846032344359154,Low
2904,2026-02-24 15:00:00,40.5,46.00502375705799,0,17.301004751411597,Low,13.840803801129278,Low
2905,2026-02-17 15:00:00,39.0,47.47575014351706,0,17.29515002870341,Low,13.83612002296273,Low
2906,2026-05-12 01:00:00,33.75,52.625018180167686,0,17.27500363603354,Low,13.820002908826831,Low
2907,2026-03-27 19:00:00,41.0,45.342998788042166,0,17.268599757608435,Low,13.814879806086749,Low
2908,2026-03-14 07:00:00,37.75,48.57678173147608,0,17.265356346295217,Low,13.812285077036174,Low
2909,2026-06-09 06:00:00,29.25,57.02582105717458,0,17.255164211434916,Low,13.804131369147933,Low
2910,2026-04-24 19:00:00,35.5,50.756018931311075,0,17.251203786262217,Low,13.800963029009774,Low
2911,2026-04-25 13:00:00,34.75,51.492782935938074,0,17.248556587187615,Low,13.798845269750093,Low
2912,2026-08-28 20:00:00,44.0,42.241246177248655,0,17.248249235449734,Low,13.798599388359788,Low
2913,2026-01-30 16:00:00,39.25,46.971077477419136,0,17.24421549548383,Low,13.795372396387064,Low
2914,2026-05-07 02:00:00,29.5,56.67021848002075,0,17.23404369600415,Low,13.78723495680332,Low
2915,2026-03-23 14:00:00,41.75,44.40786992466364,0,17.23157398493273,Low,13.785259187946185,Low
2916,2026-04-17 17:00:00,37.0,49.139673635671556,0,17.22793472713431,Low,13.78234778170745,Low
2917,2026-03-15 22:00:00,30.75,55.38860821731065,0,17.22772164346213,Low,13.782177314769704,Low
2918,2026-01-22 16:00:00,36.5,49.634975066275366,0,17.226995013255074,Low,13.78159601060406,Low
2919,2026-04-27 12:00:00,39.75,46.354268438476105,0,17.22085368769522,Low,13.776682950156179,Low
2920,2026-03-22 00:00:00,39.75,46.29256466819535,0,17.20851293363907,Low,13.766810346911257,Low
2921,2026-08-11 19:00:00,34.5,51.53854069045929,0,17.207708138091856,Low,13.766166510473486,Low
2922,2026-03-29 16:00:00,42.5,43.50008557438098,0,17.200017114876196,Low,13.760013691900959,Low
2923,2026-02-17 17:00:00,42.0,43.947914920599516,0,17.1895829841199,Low,13.751666387295922,Low
2924,2026-03-27 05:00:00,35.75,50.197445848913034,0,17.189489169782608,Low,13.751591335826086,Low
2925,2026-05-13 02:00:00,36.5,49.429311951035054,0,17.18586239020701,Low,13.74868991216561,Low
2926,2026-01-27 05:00:00,45.75,40.166258529176964,0,17.183251705835392,Low,13.746601364668315,Low
2927,2026-03-19 13:00:00,34.25,51.659289794502385,0,17.181857958900476,Low,13.745486367120382,Low
2928,2026-04-25 14:00:00,33.5,52.391356317501156,0,17.178271263500232,Low,13.742617010800187,Low
2929,2026-06-05 12:00:00,35.75,50.12761903488401,0,17.175523806976802,Low,13.740419045581442,Low
2930,2026-05-12 12:00:00,40.5,45.30612668044942,0,17.161225336089885,Low,13.728980268871908,Low
2931,2026-06-23 21:00:00,38.75,46.99971313769634,0,17.149942627539268,Low,13.719954102031416,Low
2932,2026-06-26 15:00:00,38.5,47.139705716817424,0,17.127941143363486,Low,13.70235291469079,Low
2933,2026-02-05 16:00:00,30.75,54.878978340888715,0,17.125795668177744,Low,13.700636534542197,Low
2934,2026-01-27 14:00:00,39.5,46.10968133578454,0,17.121936267156908,Low,13.697549013725528,Low
2935,2026-06-05 14:00:00,37.25,48.318765138920924,0,17.113753027784185,Low,13.69100242222735,Low
2936,2026-02-23 16:00:00,38.5,47.061300651032504,0,17.1122601302065,Low,13.689808104165202,Low
2937,2026-06-14 08:00:00,31.75,53.78134029049078,0,17.10626805809816,Low,13.685014446478528,Low
2938,2026-01-27 02:00:00,36.75,48.7623285996172,0,17.102465719923437,Low,13.681972575938751,Low
2939,2026-05-15 07:00:00,40.5,44.987691010733236,0,17.09753820214665,Low,13.678030561717321,Low
2940,2026-03-26 15:00:00,39.75,45.73726988164747,0,17.097453976329493,Low,13.677963181063596,Low
2941,2026-05-19 06:00:00,41.5,43.96169485965449,0,17.0923389719309,Low,13.67387117754472,Low
2942,2026-06-24 13:00:00,33.5,51.94874137921934,0,17.089748275843867,Low,13.671798620675094,Low
2943,2026-03-29 17:00:00,35.5,49.94077721671656,0,17.08815544334331,Low,13.670524354674649,Low
2944,2026-03-26 14:00:00,39.0,46.42736874049873,0,17.085473748099748,Low,13.668378998479799,Low
2945,2026-08-28 21:00:00,40.75,44.631684656084644,0,17.07633693121693,Low,13.661069544973543,Low
2946,2026-06-09 08:00:00,21.75,63.601453790787104,0,17.07029075815742,Low,13.656232606525936,Low
2947,2026-05-07 12:00:00,32.0,53.33723680876981,0,17.067447361753963,Low,13.653957889403172,Low
2948,2026-02-07 05:00:00,40.75,44.581612248577315,0,17.06632244971546,Low,13.653057959772369,Low
2949,2026-01-03 10:00:00,28.5,56.831014851059116,0,17.066202970211823,Low,13.652962376169459,Low
2950,2026-08-10 11:00:00,40.0,45.31892733438653,0,17.063785466877306,Low,13.651028373501845,Low
2951,2026-02-20 13:00:00,39.25,46.066410036677944,0,17.06328200733559,Low,13.650625605868473,Low
2952,2026-05-25 06:00:00,37.0,48.25475131337074,0,17.05095026267415,Low,13.64076021013932,Low
2953,2026-01-27 15:00:00,39.75,45.48571194215503,0,17.047142388431006,Low,13.637713910744806,Low
2954,2026-04-28 16:00:00,39.5,45.73142275221926,0,17.04628455044385,Low,13.63702764035508,Low
2955,2026-01-11 16:00:00,38.0,47.20908020535978,0,17.041816041071954,Low,13.633452832857564,Low
2956,2026-05-27 23:00:00,29.5,55.68176285207153,0,17.036352570414305,Low,13.629082056331445,Low
2957,2026-04-27 16:00:00,38.5,46.68004321094753,0,17.036008642189508,Low,13.628806913751607,Low
2958,2026-02-01 18:00:00,38.0,47.11202261164663,0,17.022404522329325,Low,13.617923617863461,Low
2959,2026-05-26 20:00:00,34.75,50.3551864321432,0,17.021037286428637,Low,13.61682982914291,Low
2960,2026-05-27 02:00:00,35.0,50.09181487572687,0,17.018362975145372,Low,13.614690380116299,Low
2961,2026-01-21 14:00:00,28.75,56.31735640426609,0,17.013471280853217,Low,13.610777024682575,Low
2962,2026-06-22 09:00:00,37.25,47.771991108712,0,17.004398221742402,Low,13.603518577393922,Low
2963,2026-05-12 13:00:00,45.25,39.74880686257245,0,16.99976137251449,Low,13.599809098011594,Low
2964,2026-04-14 17:00:00,40.25,44.7195742589505,0,16.9939148517901,Low,13.595131881432081,Low
2965,2026-01-30 15:00:00,46.75,38.1667851253843,0,16.983357025076863,Low,13.586685620061491,Low
2966,2026-03-17 02:00:00,40.75,44.1203434639653,0,16.97406869279306,Low,13.57925495423445,Low
2967,2026-03-25 15:00:00,43.25,41.616521038650085,0,16.973304207730017,Low,13.578643366184014,Low
2968,2026-06-02 05:00:00,31.25,53.584237230332704,0,16.966847446066538,Low,13.573477956853232,Low
2969,2026-06-26 13:00:00,39.25,45.51174124732062,0,16.952348249464123,Low,13.5618785995713,Low
2970,2026-01-28 23:00:00,29.25,55.49961903605654,0,16.949923807211306,Low,13.559939045769045,Low
2971,2026-03-24 16:00:00,41.75,42.963386451554825,0,16.942677290310964,Low,13.554141832248773,Low
2972,2026-04-29 19:00:00,40.0,44.63931403059717,0,16.927862806119435,Low,13.542290244895549,Low
2973,2026-02-20 16:00:00,39.5,44.94603009292402,0,16.8892060185848,Low,13.511364814867841,Low
2974,2026-03-26 16:00:00,37.75,46.69534313615168,0,16.889068627230337,Low,13.51125490178427,Low
2975,2026-06-24 08:00:00,35.0,49.40093021640577,0,16.880186043281153,Low,13.504148834624923,Low
2976,2026-06-02 01:00:00,36.75,47.644682525393385,0,16.878936505078677,Low,13.503149204062943,Low
2977,2026-08-12 21:00:00,43.75,40.63228325465533,0,16.876456650931065,Low,13.501165320744853,Low
2978,2026-06-13 00:00:00,38.5,45.87890365109907,0,16.875780730219816,Low,13.500624584175853,Low
2979,2026-02-07 14:00:00,39.75,44.596531270802984,0,16.8693062541606,Low,13.495445003328479,Low
2980,2026-01-26 19:00:00,43.0,41.34380927782802,0,16.8687618555656,Low,13.495009484452481,Low
2981,2026-06-25 12:00:00,48.75,35.55889567238917,0,16.861779134477835,Low,13.48942330758227,Low
2982,2026-02-06 07:00:00,39.25,45.03678483223947,0,16.857356966447895,Low,13.485885573158317,Low
2983,2026-02-07 15:00:00,40.0,44.267576874120785,0,16.853515374824156,Low,13.482812299859326,Low
2984,2026-05-21 11:00:00,39.5,44.73760586224343,0,16.847521172448687,Low,13.47801693795895,Low
2985,2026-05-21 12:00:00,39.75,44.39287540462311,0,16.828575080924622,Low,13.462860064739699,Low
2986,2026-05-27 22:00:00,32.5,51.61286098064272,0,16.822572196128547,Low,13.45805775690284,Low
2987,2026-06-24 06:00:00,33.0,51.11200120944033,0,16.822400241888065,Low,13.457920193510454,Low
2988,2026-08-09 17:00:00,41.25,42.81011480653174,0,16.812022961306347,Low,13.449618369045078,Low
2989,2026-02-04 19:00:00,44.75,39.2755094235527,0,16.80510188471054,Low,13.44408150776843,Low
2990,2026-01-21 18:00:00,35.75,48.231588684201164,0,16.796317736840233,Low,13.437054189472187,Low
2991,2026-03-28 11:00:00,35.0,48.9225600478381,0,16.78451200956762,Low,13.427609607654098,Low
2992,2026-08-11 17:00:00,44.5,39.40927901362344,0,16.78185580272469,Low,13.425484642179752,Low
2993,2026-01-24 09:00:00,35.75,48.13712657461529,0,16.777425314923057,Low,13.421940251938446,Low
2994,2026-04-16 03:00:00,36.75,47.10327812391929,0,16.770655624783856,Low,13.416524499827085,Low
2995,2026-01-29 09:00:00,41.25,42.60091750980077,0,16.770183501960155,Low,13.416146801568125,Low
2996,2026-01-22 17:00:00,36.0,47.83091826524168,0,16.766183653048337,Low,13.412946922438671,Low
2997,2026-02-10 14:00:00,34.5,49.281338938640374,0,16.756267787728074,Low,13.40501423018246,Low
2998,2026-06-26 18:00:00,42.25,41.5025295508079,0,16.75050591016158,Low,13.400404728129264,Low
2999,2026-06-14 09:00:00,37.5,46.23599035569414,0,16.747198071138826,Low,13.397758456911061,Low
3000,2026-02-16 16:00:00,33.5,50.188944690761886,0,16.737788938152377,Low,13.390231150521902,Low
3001,2026-03-16 10:00:00,50.5,33.182566255845614,0,16.73651325116912,Low,13.389210600935298,Low
3002,2026-01-29 19:00:00,38.5,45.13650260869342,0,16.727300521738684,Low,13.381840417390947,Low
3003,2026-02-18 13:00:00,34.75,48.82695597423152,0,16.715391194846305,Low,13.372312955877044,Low
3004,2026-06-24 10:00:00,36.33,47.23816139137441,0,16.713632278274883,Low,13.370905822619907,Low
3005,2026-02-19 21:00:00,34.25,49.27559243584531,0,16.705118487169063,Low,13.364094789735251,Low
3006,2026-03-28 19:00:00,35.75,47.72213070847441,0,16.69442614169488,Low,13.355540913355904,Low
3007,2026-03-17 01:00:00,39.25,44.21545099069277,0,16.693090198138556,Low,13.354472158510845,Low
3008,2026-01-29 21:00:00,36.25,47.21345150176451,0,16.6926903003529,Low,13.354152240282321,Low
3009,2026-03-27 13:00:00,36.75,46.63768041379976,0,16.67753608275995,Low,13.342028866207961,Low
3010,2026-03-14 15:00:00,39.5,43.88450248630449,0,16.676900497260895,Low,13.341520397808717,Low
3011,2026-05-18 23:00:00,32.75,50.63297902085755,0,16.676595804171512,Low,13.34127664333721,Low
3012,2026-03-20 12:00:00,32.75,50.52698542405267,0,16.655397084810534,Low,13.324317667848428,Low
3013,2026-03-15 16:00:00,36.25,46.95924044345995,0,16.64184808869199,Low,13.313478470953592,Low
3014,2026-03-25 12:00:00,35.5,47.66395359948723,0,16.632790719897443,Low,13.306232575917955,Low
3015,2026-02-10 18:00:00,42.0,41.161507787600875,0,16.632301557520176,Low,13.305841246016142,Low
3016,2026-04-28 14:00:00,38.5,44.63738228686628,0,16.627476457373255,Low,13.301981165898605,Low
3017,2026-05-13 03:00:00,40.25,42.808543163496545,0,16.61170863269931,Low,13.28936690615945,Low
3018,2026-02-23 17:00:00,33.75,49.306541825948926,0,16.611308365189785,Low,13.289046692151828,Low
3019,2026-03-17 16:00:00,40.0,43.043657956587154,0,16.60873159131743,Low,13.286985273053944,Low
3020,2026-01-30 07:00:00,44.25,38.773262868804736,0,16.604652573760948,Low,13.28372205900876,Low
3021,2026-06-18 08:00:00,38.0,44.99593058681409,0,16.59918611736282,Low,13.279348893890257,Low
3022,2026-06-18 17:00:00,49.0,33.98374538971802,0,16.596749077943606,Low,13.277399262354885,Low
3023,2026-06-24 05:00:00,23.75,59.23006868996988,0,16.596013737993978,Low,13.276810990395184,Low
3024,2026-03-27 03:00:00,32.5,50.45572606087483,0,16.591145212174965,Low,13.272916169739972,Low
3025,2026-04-17 06:00:00,36.0,46.876917199964005,0,16.5753834399928,Low,13.260306751994243,Low
3026,2026-05-09 18:00:00,30.75,51.971112442139635,0,16.544222488427927,Low,13.235377990742343,Low
3027,2026-05-07 11:00:00,30.25,52.44171536266297,0,16.538343072532594,Low,13.230674458026076,Low
3028,2026-06-18 10:00:00,38.75,43.845382529035305,0,16.51907650580706,Low,13.21526120464565,Low
3029,2026-02-19 22:00:00,33.0,49.46607119610237,0,16.493214239220475,Low,13.19457139137638,Low
3030,2026-06-12 12:00:00,42.75,39.67704507080614,0,16.485409014161228,Low,13.188327211328982,Low
3031,2026-02-20 17:00:00,38.5,43.87059500500663,0,16.474119001001327,Low,13.179295200801063,Low
3032,2026-04-14 11:00:00,33.0,49.326162967470964,0,16.465232593494193,Low,13.172186074795356,Low
3033,2026-06-02 06:00:00,36.75,45.53281566025299,0,16.456563132050597,Low,13.16525050564048,Low
3034,2026-05-27 14:00:00,30.25,52.02260574559065,0,16.454521149118133,Low,13.163616919294507,Low
3035,2026-02-08 03:00:00,35.0,47.27191001035639,0,16.454382002071277,Low,13.163505601657022,Low
3036,2026-01-30 20:00:00,42.25,40.013662344133266,0,16.452732468826653,Low,13.162185975061323,Low
3037,2026-05-10 02:00:00,29.25,52.998462354774865,0,16.44969247095497,Low,13.159753976763978,Low
3038,2026-04-29 17:00:00,28.5,53.74120463317866,0,16.448240926635734,Low,13.158592741308588,Low
3039,2026-05-12 14:00:00,41.75,40.462753196714274,0,16.442550639342855,Low,13.154040511474285,Low
3040,2026-03-31 20:00:00,32.0,50.20975235355339,0,16.44195047071068,Low,13.153560376568544,Low
3041,2026-03-21 21:00:00,43.5,38.69763537791861,0,16.439527075583722,Low,13.15162166046698,Low
3042,2026-06-02 02:00:00,29.75,52.42581800148856,0,16.43516360029771,Low,13.148130880238169,Low
3043,2026-05-18 18:00:00,27.25,54.7661231470078,0,16.40322462940156,Low,13.122579703521248,Low
3044,2026-02-22 18:00:00,36.0,45.98927358360538,0,16.397854716721078,Low,13.118283773376863,Low
3045,2026-03-17 14:00:00,38.25,43.71636224099009,0,16.39327244819802,Low,13.114617958558416,Low
3046,2026-05-11 02:00:00,35.0,46.92943373786108,0,16.385886747572215,Low,13.108709398057773,Low
3047,2026-06-25 19:00:00,42.25,39.659871548978465,0,16.381974309795694,Low,13.105579447836556,Low
3048,2026-05-26 08:00:00,33.25,48.63406311135342,0,16.376812622270684,Low,13.101450097816548,Low
3049,2026-05-09 19:00:00,27.5,54.317068885197074,0,16.363413777039415,Low,13.090731021631534,Low
3050,2026-03-22 02:00:00,43.25,38.54802960486968,0,16.359605920973937,Low,13.087684736779151,Low
3051,2026-06-25 05:00:00,39.5,42.249213143338146,0,16.34984262866763,Low,13.079874102934106,Low
3052,2026-02-20 15:00:00,42.0,39.70048995263072,0,16.340097990526143,Low,13.072078392420915,Low
3053,2026-03-17 15:00:00,39.75,41.895115192596265,0,16.329023038519253,Low,13.063218430815404,Low
3054,2026-02-22 15:00:00,33.75,47.858683655735454,0,16.32173673114709,Low,13.057389384917673,Low
3055,2026-03-19 18:00:00,38.25,43.35299472681895,0,16.32059894536379,Low,13.056479156291033,Low
3056,2026-03-21 20:00:00,41.25,40.2710229322594,0,16.30420458645188,Low,13.043363669161506,Low
3057,2026-02-05 18:00:00,40.33,41.183754727916266,0,16.302750945583252,Low,13.042200756466602,Low
3058,2026-03-25 13:00:00,36.0,45.49003236353619,0,16.298006472707236,Low,13.038405178165789,Low
3059,2026-05-23 07:00:00,45.5,35.97423019854134,0,16.29484603970827,Low,13.035876831766615,Low
3060,2026-04-14 18:00:00,34.0,47.45243258151991,0,16.290486516303982,Low,13.032389213043187,Low
3061,2026-02-10 15:00:00,35.75,45.69283705401434,0,16.288567410802866,Low,13.030853928642294,Low
3062,2026-04-17 18:00:00,32.0,49.42952898742111,0,16.285905797484222,Low,13.028724637987379,Low
3063,2026-04-16 02:00:00,32.25,49.169290921136884,0,16.283858184227377,Low,13.027086547381902,Low
3064,2026-04-28 15:00:00,36.75,44.61739647090956,0,16.27347929418191,Low,13.01878343534553,Low
3065,2026-02-07 04:00:00,35.25,46.10276792389899,0,16.270553584779798,Low,13.016442867823839,Low
3066,2026-05-11 18:00:00,30.75,50.54678644724378,0,16.259357289448758,Low,13.007485831559007,Low
3067,2026-03-16 12:00:00,33.75,47.54433736331694,0,16.25886747266339,Low,13.007093978130712,Low
3068,2026-03-28 16:00:00,35.0,46.25738189752803,0,16.251476379505604,Low,13.001181103604484,Low
3069,2026-01-30 13:00:00,39.5,41.66877200963333,0,16.233754401926667,Low,12.987003521541334,Low
3070,2026-03-15 04:00:00,37.25,43.904753207139464,0,16.230950641427892,Low,12.984760513142314,Low
3071,2026-01-25 00:00:00,32.5,48.59562471941392,0,16.219124943882782,Low,12.975299955106227,Low
3072,2026-04-27 11:00:00,35.75,45.33736447731262,0,16.217472895462524,Low,12.97397831637002,Low
3073,2026-05-22 17:00:00,39.0,42.00058889037606,0,16.20011777807521,Low,12.96009422246017,Low
3074,2026-03-27 04:00:00,33.5,47.47683292501231,0,16.19536658500246,Low,12.95629326800197,Low
3075,2026-05-20 15:00:00,35.0,45.94911665557009,0,16.189823331114017,Low,12.951858664891214,Low
3076,2026-04-15 19:00:00,36.75,44.115894219995674,0,16.173178843999132,Low,12.938543075199306,Low
3077,2026-01-24 04:00:00,29.5,51.36034885688346,0,16.17206977137669,Low,12.937655817101353,Low
3078,2026-05-15 06:00:00,38.5,42.33273406744274,0,16.166546813488548,Low,12.93323745079084,Low
3079,2026-01-03 11:00:00,31.75,49.03646488694705,0,16.15729297738941,Low,12.925834381911528,Low
3080,2026-06-25 14:00:00,45.75,34.90557103539174,0,16.131114207078348,Low,12.904891365662678,Low
3081,2026-02-06 03:00:00,35.0,45.60280895243295,0,16.12056179048659,Low,12.896449432389273,Low
3082,2026-03-28 14:00:00,34.5,45.988762960781784,0,16.097752592156354,Low,12.878202073725085,Low
3083,2026-03-29 15:00:00,35.0,45.43867581465191,0,16.087735162930382,Low,12.870188130344307,Low
3084,2026-05-20 17:00:00,34.5,45.92911667048907,0,16.085823334097814,Low,12.868658667278252,Low
3085,2026-05-12 15:00:00,42.75,37.64223383151803,0,16.078446766303607,Low,12.862757413042885,Low
3086,2026-05-19 09:00:00,34.5,45.883698285478665,0,16.076739657095732,Low,12.861391725676587,Low
3087,2026-03-15 17:00:00,38.5,41.879419237924076,0,16.075883847584816,Low,12.860707078067854,Low
3088,2026-03-28 13:00:00,38.25,42.12613435923821,0,16.07522687184764,Low,12.860181497478113,Low
3089,2026-05-08 18:00:00,29.0,51.343943016474256,0,16.068788603294852,Low,12.855030882635882,Low
3090,2026-05-15 05:00:00,36.0,44.29621884362146,0,16.059243768724293,Low,12.847395014979435,Low
3091,2026-06-01 15:00:00,36.5,43.67311379939672,0,16.034622759879344,Low,12.827698207903476,Low
3092,2026-01-26 11:00:00,36.75,43.41810195899997,0,16.033620391799992,Low,12.826896313439995,Low
3093,2026-01-30 22:00:00,37.0,43.13430774479746,0,16.026861548959495,Low,12.821489239167597,Low
3094,2026-05-09 05:00:00,29.0,51.10851261417365,0,16.02170252283473,Low,12.817362018267785,Low
3095,2026-03-28 15:00:00,34.25,45.83243710866104,0,16.016487421732208,Low,12.813189937385767,Low
3096,2026-03-20 19:00:00,34.0,46.077701971179515,0,16.015540394235906,Low,12.812432315388726,Low
3097,2026-03-24 11:00:00,31.5,48.476686139342895,0,15.995337227868578,Low,12.796269782294864,Low
3098,2026-04-04 17:00:00,35.0,44.96088503540554,0,15.992177007081107,Low,12.793741605664886,Low
3099,2026-05-18 05:00:00,36.25,43.54635147859321,0,15.959270295718643,Low,12.767416236574915,Low
3100,2026-05-15 03:00:00,31.75,48.04373291384768,0,15.958746582769535,Low,12.766997266215629,Low
3101,2026-05-22 05:00:00,28.25,51.53223646549434,0,15.956447293098869,Low,12.765157834479096,Low
3102,2026-05-25 05:00:00,39.5,40.22505323014045,0,15.94501064602809,Low,12.756008516822472,Low
3103,2026-03-21 01:00:00,27.25,52.445580443958676,0,15.939116088791735,Low,12.751292871033389,Low
3104,2026-06-01 12:00:00,41.25,38.43440959040962,0,15.936881918081925,Low,12.749505534465541,Low
3105,2026-06-24 14:00:00,27.5,52.16577879284226,0,15.933155758568454,Low,12.746524606854763,Low
3106,2026-04-28 11:00:00,37.25,42.41076938861544,0,15.932153877723088,Low,12.745723102178472,Low
3107,2026-05-10 18:00:00,37.5,42.12271555028718,0,15.924543110057437,Low,12.739634488045951,Low
3108,2026-02-06 04:00:00,34.75,44.86987856306824,0,15.923975712613647,Low,12.739180570090918,Low
3109,2026-06-11 15:00:00,19.75,59.83424029982363,0,15.916848059964725,Low,12.73347844797178,Low
3110,2026-02-04 05:00:00,34.25,45.313398364076086,0,15.91267967281522,Low,12.730143738252176,Low
3111,2026-03-22 03:00:00,40.5,39.00524353364321,0,15.901048706728643,Low,12.720838965382915,Low
3112,2026-03-25 14:00:00,32.5,46.94324631421604,0,15.888649262843208,Low,12.710919410274567,Low
3113,2026-06-13 17:00:00,31.0,48.39995033618223,0,15.879990067236445,Low,12.703992053789158,Low
3114,2026-01-08 08:00:00,31.0,48.37932442839481,0,15.875864885678961,Low,12.70069190854317,Low
3115,2026-01-21 17:00:00,33.5,45.866183536386195,0,15.87323670727724,Low,12.698589365821793,Low
3116,2026-03-19 14:00:00,29.5,49.837168160427716,0,15.867433632085543,Low,12.693946905668435,Low
3117,2026-02-08 16:00:00,37.5,41.80263916613601,0,15.860527833227202,Low,12.688422266581762,Low
3118,2026-03-20 13:00:00,34.5,44.788113501390626,0,15.857622700278124,Low,12.6860981602225,Low
3119,2026-05-22 14:00:00,37.75,41.53321550321125,0,15.856643100642252,Low,12.685314480513803,Low
3120,2026-05-22 13:00:00,40.5,38.7222332382818,0,15.844446647656362,Low,12.67555731812509,Low
3121,2026-02-10 16:00:00,33.25,45.90763160916448,0,15.831526321832897,Low,12.665221057466319,Low
3122,2026-04-30 10:00:00,27.25,51.84321712671918,0,15.818643425343836,Low,12.65491474027507,Low
3123,2026-05-20 03:00:00,29.5,49.575480669371935,0,15.815096133874388,Low,12.652076907099511,Low
3124,2026-08-10 15:00:00,39.25,39.81551566184837,0,15.813103132369676,Low,12.650482505895742,Low
3125,2026-06-02 04:00:00,26.25,52.792170569678525,0,15.808434113935704,Low,12.646747291148564,Low
3126,2026-02-19 09:00:00,32.5,46.409780672853564,0,15.781956134570713,Low,12.625564907656571,Low
3127,2026-06-25 17:00:00,40.75,38.15448686699304,0,15.780897373398606,Low,12.624717898718885,Low
3128,2026-03-14 06:00:00,30.25,48.63033948572635,0,15.776067897145271,Low,12.620854317716217,Low
3129,2026-03-20 23:00:00,37.0,41.7948815488847,0,15.75897630977694,Low,12.607181047821554,Low
3130,2026-08-12 11:00:00,41.0,37.74034157398273,0,15.748068314796546,Low,12.598454651837237,Low
3131,2026-06-11 08:00:00,24.25,54.43983502362109,0,15.737967004724219,Low,12.590373603779376,Low
3132,2026-06-05 15:00:00,32.75,45.93739508497246,0,15.737479016994493,Low,12.589983213595595,Low
3133,2026-01-24 14:00:00,29.0,49.6805152165626,0,15.736103043312518,Low,12.588882434650015,Low
3134,2026-06-24 17:00:00,35.75,42.9166577044367,0,15.733331540887338,Low,12.586665232709871,Low
3135,2026-06-24 11:00:00,27.5,51.14217484910936,0,15.72843496982187,Low,12.582747975857497,Low
3136,2026-02-19 23:00:00,27.75,50.88864943684312,0,15.727729887368623,Low,12.5821839098949,Low
3137,2026-03-20 20:00:00,24.75,53.83884925816507,0,15.717769851633012,Low,12.57421588130641,Low
3138,2026-05-12 17:00:00,42.25,36.327192678103366,0,15.715438535620672,Low,12.572350828496539,Low
3139,2026-06-27 11:00:00,30.25,48.292947573941646,0,15.70858951478833,Low,12.566871611830663,Low
3140,2026-05-19 04:00:00,33.75,44.751016998520626,0,15.700203399704126,Low,12.560162719763301,Low
3141,2026-05-12 16:00:00,39.75,38.72639073481661,0,15.695278146963322,Low,12.556222517570658,Low
3142,2026-04-24 06:00:00,32.75,45.55078096974092,0,15.660156193948186,Low,12.52812495515855,Low
3143,2026-05-07 03:00:00,25.0,53.28735709678517,0,15.657471419357034,Low,12.525977135485627,Low
3144,2026-01-30 05:00:00,40.5,37.71888326159827,0,15.643776652319655,Low,12.515021321855725,Low
3145,2026-06-01 14:00:00,41.0,37.14622729711885,0,15.62924545942377,Low,12.503396367539017,Low
3146,2026-05-21 07:00:00,39.75,38.38366333681641,0,15.626732667363282,Low,12.501386133890627,Low
3147,2026-04-14 15:00:00,30.25,47.86642512485707,0,15.623285024971413,Low,12.498628019977131,Low
3148,2026-06-11 16:00:00,18.25,59.841087522045854,0,15.618217504409172,Low,12.494574003527338,Low
3149,2026-03-15 23:00:00,29.25,48.82986483706173,0,15.615972967412345,Low,12.492778373929877,Low
3150,2026-06-05 16:00:00,31.25,46.82287684116709,0,15.614575368233417,Low,12.491660294586735,Low
3151,2026-03-22 01:00:00,39.0,39.07253662304703,0,15.614507324609406,Low,12.491605859687525,Low
3152,2026-05-23 04:00:00,36.75,41.29602309816523,0,15.609204619633045,Low,12.487363695706437,Low
3153,2026-08-27 13:00:00,29.25,48.76374885520423,0,15.602749771040845,Low,12.482199816832676,Low
3154,2026-01-30 14:00:00,39.0,38.997737670877086,0,15.599547534175418,Low,12.479638027340336,Low
3155,2026-03-27 17:00:00,34.75,43.23838734427542,0,15.597677468855082,Low,12.478141975084066,Low
3156,2026-08-29 04:00:00,28.5,49.43728427350427,0,15.587456854700854,Low,12.469965483760683,Low
3157,2026-05-18 03:00:00,33.75,44.10291665736819,0,15.570583331473639,Low,12.456466665178912,Low
3158,2026-06-26 17:00:00,40.75,37.09900523552028,0,15.569801047104054,Low,12.455840837683244,Low
3159,2026-02-09 18:00:00,35.75,42.04927860673427,0,15.559855721346853,Low,12.447884577077483,Low
3160,2026-03-22 06:00:00,39.75,37.98807010370226,0,15.547614020740454,Low,12.438091216592364,Low
3161,2026-03-22 05:00:00,40.5,37.216194082881124,0,15.543238816576228,Low,12.434591053260982,Low
3162,2026-06-27 12:00:00,32.5,45.18263591482913,0,15.536527182965825,Low,12.429221746372662,Low
3163,2026-04-30 09:00:00,26.0,51.67897467833091,0,15.535794935666182,Low,12.428635948532946,Low
3164,2026-03-24 13:00:00,34.75,42.895070160452796,0,15.529014032090558,Low,12.423211225672446,Low
3165,2026-04-27 06:00:00,25.25,52.31760923067497,0,15.513521846134992,Low,12.410817476907994,Low
3166,2026-05-29 02:00:00,25.75,51.80834486348437,0,15.511668972696874,Low,12.4093351781575,Low
3167,2026-05-09 17:00:00,31.5,46.03614440178385,0,15.50722888035677,Low,12.405783104285417,Low
3168,2026-03-15 03:00:00,34.0,43.49545851024456,0,15.499091702048913,Low,12.399273361639132,Low
3169,2026-04-29 18:00:00,33.25,44.205005650389744,0,15.491001130077949,Low,12.39280090406236,Low
3170,2026-05-19 05:00:00,36.5,40.909719025680296,0,15.481943805136059,Low,12.385555044108848,Low
3171,2026-04-27 10:00:00,33.25,44.14735627632647,0,15.479471255265295,Low,12.383577004212237,Low
3172,2026-02-05 15:00:00,23.5,53.89506433434847,0,15.479012866869692,Low,12.383210293495754,Low
3173,2026-05-27 21:00:00,34.0,43.319433518380606,0,15.463886703676122,Low,12.3711093629409,Low
3174,2026-03-28 18:00:00,33.0,44.21276623993502,0,15.442553247987004,Low,12.354042598389604,Low
3175,2026-05-07 04:00:00,22.25,54.90743522507966,0,15.431487045015931,Low,12.345189636012746,Low
3176,2026-03-24 15:00:00,34.5,42.65613005017473,0,15.431226010034944,Low,12.344980808027955,Low
3177,2026-01-03 09:00:00,28.75,48.280791404959906,0,15.406158280991981,Low,12.324926624793585,Low
3178,2026-08-12 10:00:00,38.5,38.44208857549279,0,15.388417715098559,Low,12.310734172078847,Low
3179,2026-02-18 18:00:00,30.5,46.4389062457342,0,15.38778124914684,Low,12.310224999317473,Low
3180,2026-05-25 02:00:00,27.25,49.67415525588389,0,15.384831051176779,Low,12.307864840941424,Low
3181,2026-06-05 11:00:00,33.5,43.41157851528364,0,15.38231570305673,Low,12.305852562445384,Low
3182,2026-06-27 02:00:00,21.0,55.910809288421596,0,15.38216185768432,Low,12.305729486147456,Low
3183,2026-05-27 15:00:00,32.0,44.84118377681871,0,15.368236755363743,Low,12.294589404290996,Low
3184,2026-05-10 03:00:00,26.5,50.23231331149786,0,15.346462662299574,Low,12.27717012983966,Low
3185,2026-05-21 13:00:00,35.0,41.72204919585194,0,15.344409839170389,Low,12.275527871336312,Low
3186,2026-02-06 05:00:00,33.25,43.42923700423465,0,15.33584740084693,Low,12.268677920677545,Low
3187,2026-03-14 04:00:00,26.75,49.81346308783591,0,15.312692617567183,Low,12.250154094053748,Low
3188,2026-05-19 10:00:00,35.0,41.48624283201984,0,15.297248566403969,Low,12.237798853123175,Low
3189,2026-02-08 15:00:00,34.0,42.48553357268874,0,15.297106714537748,Low,12.2376853716302,Low
3190,2026-05-10 15:00:00,32.33,44.142257959282105,0,15.29445159185642,Low,12.235561273485137,Low
3191,2026-03-16 17:00:00,40.0,36.4551274466513,0,15.29102548933026,Low,12.232820391464209,Low
3192,2026-05-28 00:00:00,23.25,53.14703300316136,0,15.279406600632273,Low,12.223525280505818,Low
3193,2026-02-08 17:00:00,33.75,42.64037683449,0,15.278075366898001,Low,12.222460293518402,Low
3194,2026-05-21 03:00:00,30.75,45.55821326353428,0,15.261642652706856,Low,12.209314122165486,Low
3195,2026-01-28 20:00:00,29.5,46.77034763838572,0,15.254069527677142,Low,12.203255622141715,Low
3196,2026-08-30 00:00:00,32.75,43.476627281230996,0,15.2453254562462,Low,12.19626036499696,Low
3197,2026-05-26 21:00:00,28.5,47.68690295154743,0,15.237380590309487,Low,12.18990447224759,Low
3198,2026-06-28 05:00:00,51.75,24.376885163023864,0,15.225377032604772,Low,12.180301626083818,Low
3199,2026-02-02 14:00:00,30.0,46.10444924827212,0,15.220889849654423,Low,12.17671187972354,Low
3200,2026-05-22 16:00:00,37.25,38.82880514061401,0,15.215761028122802,Low,12.172608822498242,Low
3201,2026-02-10 17:00:00,32.0,44.05383696363022,0,15.210767392726044,Low,12.168613914180836,Low
3202,2026-03-14 14:00:00,33.25,42.76998225249308,0,15.203996450498616,Low,12.163197160398894,Low
3203,2026-03-22 07:00:00,40.0,36.008592706379616,0,15.201718541275923,Low,12.161374833020739,Low
3204,2026-02-06 13:00:00,34.5,41.40686433538436,0,15.18137286707687,Low,12.145098293661498,Low
3205,2026-06-22 04:00:00,30.5,45.37822321090674,0,15.175644642181346,Low,12.140515713745078,Low
3206,2026-06-09 09:00:00,30.25,45.5227640678591,0,15.154552813571819,Low,12.123642250857456,Low
3207,2026-05-18 19:00:00,29.25,46.47621519847255,0,15.14524303969451,Low,12.11619443175561,Low
3208,2026-08-12 14:00:00,38.0,37.69296963486319,0,15.138593926972638,Low,12.110875141578111,Low
3209,2026-06-26 16:00:00,36.25,39.43869741172144,0,15.137739482344287,Low,12.11019158587543,Low
3210,2026-05-19 13:00:00,37.25,38.4083304834073,0,15.13166609668146,Low,12.10533287734517,Low
3211,2026-01-30 19:00:00,37.0,38.63021879981535,0,15.126043759963071,Low,12.100835007970458,Low
3212,2026-03-24 14:00:00,36.75,38.84170159035812,0,15.118340318071624,Low,12.0946722544573,Low
3213,2026-05-09 15:00:00,29.0,46.5778548378621,0,15.11557096757242,Low,12.092456774057936,Low
3214,2026-05-09 16:00:00,29.25,46.31209018239344,0,15.112418036478688,Low,12.089934429182952,Low
3215,2026-06-25 18:00:00,38.25,37.28918346083317,0,15.107836692166634,Low,12.086269353733307,Low
3216,2026-01-29 12:00:00,39.25,36.28341105447814,0,15.106682210895627,Low,12.085345768716502,Low
3217,2026-06-01 16:00:00,27.5,48.02885476542234,0,15.105770953084466,Low,12.084616762467574,Low
3218,2026-08-12 16:00:00,27.0,48.51521147928966,0,15.103042295857932,Low,12.082433836686347,Low
3219,2026-02-20 14:00:00,35.0,40.51005985726323,0,15.102011971452646,Low,12.081609577162117,Low
3220,2026-02-17 16:00:00,30.25,45.25409782919102,0,15.100819565838204,Low,12.080655652670565,Low
3221,2026-04-24 17:00:00,26.75,48.721314330690085,0,15.094262866138017,Low,12.075410292910414,Low
3222,2026-05-07 10:00:00,21.25,54.182953061075686,0,15.086590612215138,Low,12.06927248977211,Low
3223,2026-08-10 13:00:00,35.5,39.872826726534804,0,15.074565345306961,Low,12.05965227624557,Low
3224,2026-03-14 17:00:00,37.0,38.36171864822684,0,15.072343729645368,Low,12.057874983716296,Low
3225,2026-02-02 15:00:00,35.0,40.34968306684387,0,15.069936613368775,Low,12.05594929069502,Low
3226,2026-05-20 16:00:00,36.75,38.56752228032414,0,15.063504456064827,Low,12.050803564851861,Low
3227,2026-01-24 17:00:00,34.75,40.56585749340192,0,15.063171498680383,Low,12.050537198944307,Low
3228,2026-08-10 12:00:00,32.25,43.01445539492924,0,15.052891078985848,Low,12.042312863188679,Low
3229,2026-05-23 05:00:00,33.5,41.71370803788165,0,15.042741607576332,Low,12.034193286061067,Low
3230,2026-03-24 12:00:00,32.25,42.93370712676744,0,15.036741425353487,Low,12.02939314028279,Low
3231,2026-05-13 18:00:00,22.25,52.81617321278728,0,15.013234642557457,Low,12.010587714045966,Low
3232,2026-05-12 05:00:00,37.5,37.55070098583278,0,15.010140197166557,Low,12.008112157733246,Low
3233,2026-04-24 03:00:00,28.5,46.51951252670124,0,15.003902505340248,Low,12.0031220042722,Low
3234,2026-05-27 16:00:00,33.0,42.00023977319381,0,15.000047954638763,Low,12.000038363711012,Low
3235,2026-02-06 06:00:00,31.25,43.74167467662457,0,14.998334935324914,Low,11.998667948259932,Low
3236,2026-02-06 16:00:00,36.0,38.946539770189,0,14.989307954037798,Low,11.991446363230239,Low
3237,2026-02-22 17:00:00,30.0,44.88632624189928,0,14.977265248379856,Low,11.981812198703885,Low
3238,2026-01-26 01:00:00,34.0,40.87559683320249,0,14.975119366640499,Low,11.9800954933124,Low
3239,2026-03-28 12:00:00,28.75,46.07702823868891,0,14.965405647737782,Low,11.972324518190227,Low
3240,2026-03-22 17:00:00,39.5,35.30059011909637,0,14.960118023819273,Low,11.968094419055419,Low
3241,2026-05-21 05:00:00,34.5,40.267393571750766,0,14.953478714350151,Low,11.962782971480122,Low
3242,2026-06-18 09:00:00,33.75,41.00031728076501,0,14.950063456153002,Low,11.960050764922402,Low
3243,2026-06-24 16:00:00,34.5,40.168336400478175,0,14.933667280095634,Low,11.946933824076508,Low
3244,2026-02-18 17:00:00,27.25,47.37270811379273,0,14.924541622758547,Low,11.939633298206838,Low
3245,2026-06-05 17:00:00,35.25,39.32527602736643,0,14.915055205473287,Low,11.932044164378631,Low
3246,2026-01-30 06:00:00,33.75,40.819175564598616,0,14.913835112919722,Low,11.931068090335778,Low
3247,2026-05-21 04:00:00,36.5,38.05881141522635,0,14.91176228304527,Low,11.929409826436217,Low
3248,2026-03-14 16:00:00,32.5,41.988440219740724,0,14.897688043948145,Low,11.918150435158516,Low
3249,2026-06-22 03:00:00,26.0,48.485586547913584,0,14.897117309582718,Low,11.917693847666175,Low
3250,2026-06-01 13:00:00,32.0,42.46493192810931,0,14.892986385621862,Low,11.91438910849749,Low
3251,2026-05-18 04:00:00,33.0,41.41967976844187,0,14.883935953688376,Low,11.907148762950701,Low
3252,2026-05-19 11:00:00,33.5,40.889299155724316,0,14.877859831144864,Low,11.902287864915891,Low
3253,2026-04-16 12:00:00,32.25,42.115913337786075,0,14.873182667557217,Low,11.898546134045773,Low
3254,2026-06-28 01:00:00,41.75,32.587103637566145,0,14.867420727513228,Low,11.893936582010582,Low
3255,2026-05-21 06:00:00,35.0,39.287045505818504,0,14.8574091011637,Low,11.88592728093096,Low
3256,2026-05-15 04:00:00,35.5,38.756701341869366,0,14.851340268373873,Low,11.881072214699099,Low
3257,2026-06-25 11:00:00,42.75,31.50335347567237,0,14.850670695134475,Low,11.88053655610758,Low
3258,2026-01-26 12:00:00,33.25,40.94458863546786,0,14.838917727093571,Low,11.871134181674858,Low
3259,2026-02-22 16:00:00,31.0,43.1576690297283,0,14.83153380594566,Low,11.86522704475653,Low
3260,2026-05-22 12:00:00,33.0,41.12841319565157,0,14.825682639130314,Low,11.860546111304252,Low
3261,2026-01-24 05:00:00,23.5,50.61357818173096,0,14.82271563634619,Low,11.858172509076953,Low
3262,2026-01-29 18:00:00,36.5,37.54472478673335,0,14.808944957346668,Low,11.847155965877334,Low
3263,2026-02-18 16:00:00,29.0,44.88695457462773,0,14.777390914925547,Low,11.821912731940438,Low
3264,2026-05-10 16:00:00,28.5,45.17425041897295,0,14.73485008379459,Low,11.787880067035672,Low
3265,2026-05-20 05:00:00,34.0,39.607041019663825,0,14.721408203932766,Low,11.777126563146213,Low
3266,2026-05-19 12:00:00,34.0,39.60369842861261,0,14.720739685722522,Low,11.776591748578019,Low
3267,2026-06-24 12:00:00,28.75,44.8318403942983,0,14.71636807885966,Low,11.773094463087729,Low
3268,2026-02-19 10:00:00,31.25,42.3218051742669,0,14.714361034853379,Low,11.771488827882704,Low
3269,2026-02-08 14:00:00,32.25,41.311312290943796,0,14.71226245818876,Low,11.769809966551009,Low
3270,2026-04-24 18:00:00,30.0,43.538134769102456,0,14.70762695382049,Low,11.766101563056393,Low
3271,2026-02-08 13:00:00,27.25,46.229291799958254,0,14.69585835999165,Low,11.756686687993321,Low
3272,2026-05-22 15:00:00,33.5,39.94956897940063,0,14.689913795880127,Low,11.751931036704102,Low
3273,2026-03-22 18:00:00,36.0,37.12003603417794,0,14.62400720683559,Low,11.699205765468472,Low
3274,2026-06-11 11:00:00,21.5,51.573365518937905,0,14.614673103787581,Low,11.691738483030065,Low
3275,2026-05-09 06:00:00,29.75,43.29005815427438,0,14.608011630854874,Low,11.686409304683899,Low
3276,2026-06-05 09:00:00,21.25,51.759926008019775,0,14.601985201603956,Low,11.681588161283166,Low
3277,2026-08-29 14:00:00,42.0,30.98642299376649,0,14.597284598753298,Low,11.67782767900264,Low
3278,2026-02-09 14:00:00,26.0,46.95311555689216,0,14.59062311137843,Low,11.672498489102745,Low
3279,2026-06-27 13:00:00,32.75,40.10611236302469,0,14.571222472604939,Low,11.656977978083951,Low
3280,2026-06-01 18:00:00,34.25,38.58657061934071,0,14.567314123868144,Low,11.653851299094516,Low
3281,2026-02-02 16:00:00,30.75,42.07695000478403,0,14.565390000956807,Low,11.652312000765447,Low
3282,2026-06-25 10:00:00,38.75,34.06200401622652,0,14.562400803245303,Low,11.649920642596243,Low
3283,2026-04-27 09:00:00,27.0,45.80374580485349,0,14.5607491609707,Low,11.64859932877656,Low
3284,2026-03-31 10:00:00,29.5,43.3018865774026,0,14.560377315480519,Low,11.648301852384416,Low
3285,2026-02-04 10:00:00,32.0,40.783555546704214,0,14.556711109340844,Low,11.645368887472676,Low
3286,2026-02-06 15:00:00,36.0,36.75248755392168,0,14.550497510784336,Low,11.64039800862747,Low
3287,2026-03-20 18:00:00,26.75,45.94885046782439,0,14.53977009356488,Low,11.631816074851905,Low
3288,2026-08-11 22:00:00,34.5,38.19477081993093,0,14.538954163986185,Low,11.631163331188949,Low
3289,2026-01-21 15:00:00,28.25,44.436523660976114,0,14.53730473219522,Low,11.629843785756178,Low
3290,2026-05-27 20:00:00,28.5,44.180248092065966,0,14.536049618413193,Low,11.628839694730555,Low
3291,2026-06-25 06:00:00,26.75,45.772098011765486,0,14.5044196023531,Low,11.60353568188248,Low
3292,2026-05-09 09:00:00,33.75,38.75887530379984,0,14.501775060759968,Low,11.601420048607975,Low
3293,2026-03-27 14:00:00,28.25,44.235273872568946,0,14.497054774513789,Low,11.597643819611031,Low
3294,2026-04-14 16:00:00,29.25,43.17575399166935,0,14.485150798333871,Low,11.588120638667098,Low
3295,2026-06-11 09:00:00,18.5,53.914376235513764,0,14.48287524710275,Low,11.5863001976822,Low
3296,2026-01-21 16:00:00,29.0,43.41204956692716,0,14.482409913385432,Low,11.585927930708346,Low
3297,2026-01-30 17:00:00,33.75,38.603167487200956,0,14.470633497440192,Low,11.576506797952154,Low
3298,2026-01-25 20:00:00,33.25,39.08976844030567,0,14.467953688061133,Low,11.574362950448908,Low
3299,2026-02-02 18:00:00,30.75,41.58617201112774,0,14.467234402225548,Low,11.573787521780439,Low
3300,2026-06-02 03:00:00,22.75,49.57794332246429,0,14.46558866449286,Low,11.572470931594289,Low
3301,2026-05-26 07:00:00,30.0,42.29594634601854,0,14.459189269203707,Low,11.567351415362966,Low
3302,2026-02-19 11:00:00,33.75,38.54229618431875,0,14.45845923686375,Low,11.566767389491,Low
3303,2026-04-24 16:00:00,24.75,47.50910712513519,0,14.451821425027038,Low,11.56145714002163,Low
3304,2026-08-10 02:00:00,33.75,38.497531703323524,0,14.449506340664705,Low,11.559605072531765,Low
3305,2026-05-11 03:00:00,29.75,42.433332501312435,0,14.436666500262486,Low,11.54933320020999,Low
3306,2026-05-08 17:00:00,22.5,49.6455983832958,0,14.429119676659159,Low,11.543295741327327,Low
3307,2026-01-24 08:00:00,29.0,43.12732317784104,0,14.425464635568208,Low,11.540371708454567,Low
3308,2026-06-11 20:00:00,22.0,50.124081093906064,0,14.424816218781212,Low,11.53985297502497,Low
3309,2026-06-14 12:00:00,38.0,33.903557685414306,0,14.38071153708286,Low,11.504569229666288,Low
3310,2026-08-10 14:00:00,31.75,40.10190831883635,0,14.370381663767269,Low,11.496305331013815,Low
3311,2026-08-12 15:00:00,32.75,39.08083739872119,0,14.366167479744238,Low,11.49293398379539,Low
3312,2026-01-25 01:00:00,26.75,45.05245098083315,0,14.36049019616663,Low,11.488392156933305,Low
3313,2026-03-19 15:00:00,25.5,46.24302869378795,0,14.34860573875759,Low,11.478884591006072,Low
3314,2026-01-29 13:00:00,32.75,38.934741621878025,0,14.336948324375605,Low,11.469558659500485,Low
3315,2026-05-26 19:00:00,25.25,46.20631175737417,0,14.291262351474835,Low,11.433009881179869,Low
3316,2026-03-16 00:00:00,21.25,50.12269468057943,0,14.274538936115885,Low,11.419631148892709,Low
3317,2026-03-27 16:00:00,30.75,40.61297956798419,0,14.272595913596838,Low,11.418076730877472,Low
3318,2026-04-15 16:00:00,26.0,45.360590844547794,0,14.272118168909557,Low,11.417694535127646,Low
3319,2026-01-30 04:00:00,36.5,34.84415455610042,0,14.268830911220084,Low,11.415064728976068,Low
3320,2026-06-05 10:00:00,21.0,50.33689475902184,0,14.267378951804368,Low,11.413903161443494,Low
3321,2026-02-18 15:00:00,29.5,41.826480127480565,0,14.265296025496113,Low,11.412236820396892,Low
3322,2026-01-24 15:00:00,27.0,44.257540813079224,0,14.251508162615844,Low,11.401206530092676,Low
3323,2026-01-26 13:00:00,33.0,38.243583732133196,0,14.24871674642664,Low,11.398973397141312,Low
3324,2026-06-12 10:00:00,36.0,35.22149040514416,0,14.24429808102883,Low,11.395438464823066,Low
3325,2026-06-27 10:00:00,32.25,38.8631324074615,0,14.222626481492298,Low,11.37810118519384,Low
3326,2026-01-28 04:00:00,31.25,39.844898693959436,0,14.218979738791887,Low,11.37518379103351,Low
3327,2026-08-10 16:00:00,32.0,39.07112141060025,0,14.21422428212005,Low,11.371379425696041,Low
3328,2026-05-09 07:00:00,27.75,43.28813010190228,0,14.207626020380458,Low,11.366100816304368,Low
3329,2026-05-22 11:00:00,31.5,39.444615728823514,0,14.188923145764702,Low,11.351138516611762,Low
3330,2026-05-07 07:00:00,11.0,59.93457482657222,0,14.186914965314443,Low,11.349531972251555,Low
3331,2026-03-14 05:00:00,31.25,39.66490379869205,0,14.18298075973841,Low,11.346384607790728,Low
3332,2026-05-27 17:00:00,30.5,40.396905351444154,0,14.179381070288832,Low,11.343504856231066,Low
3333,2026-06-18 07:00:00,27.75,43.14360969942553,0,14.178721939885108,Low,11.342977551908087,Low
3334,2026-03-31 11:00:00,26.75,44.12689710819973,0,14.175379421639946,Low,11.340303537311957,Low
3335,2026-05-26 18:00:00,24.25,46.52751377815025,0,14.155502755630051,Low,11.324402204504041,Low
3336,2026-03-31 12:00:00,23.5,47.27105289503211,0,14.154210579006422,Low,11.323368463205139,Low
3337,2026-06-14 11:00:00,38.0,32.706912351640156,0,14.14138247032803,Low,11.313105976262426,Low
3338,2026-03-20 14:00:00,25.75,44.9483285466533,0,14.13966570933066,Low,11.31173256746453,Low
3339,2026-08-12 13:00:00,34.75,35.94636252935641,0,14.139272505871283,Low,11.311418004697027,Low
3340,2026-03-31 19:00:00,23.75,46.942921139971126,0,14.138584227994226,Low,11.310867382395381,Low
3341,2026-08-12 18:00:00,27.75,42.82786979349731,0,14.115573958699462,Low,11.29245916695957,Low
3342,2026-06-11 12:00:00,25.25,45.25511195604323,0,14.101022391208645,Low,11.280817912966917,Low
3343,2026-04-15 17:00:00,27.0,43.50363770642432,0,14.100727541284865,Low,11.280582033027892,Low
3344,2026-04-27 08:00:00,24.5,45.97457732879673,0,14.094915465759346,Low,11.275932372607478,Low
3345,2026-01-29 01:00:00,25.0,45.44704203667353,0,14.089408407334705,Low,11.271526725867766,Low
3346,2026-01-26 02:00:00,30.5,39.9426170896666,0,14.08852341793332,Low,11.270818734346657,Low
3347,2026-06-25 08:00:00,33.25,37.06044565005622,0,14.062089130011245,Low,11.249671304008997,Low
3348,2026-06-01 10:00:00,35.25,35.04628291056601,0,14.059256582113203,Low,11.247405265690563,Low
3349,2026-02-04 06:00:00,31.25,38.98259969645633,0,14.046519939291267,Low,11.237215951433015,Low
3350,2026-04-24 15:00:00,20.25,49.948167686090045,0,14.039633537218009,Low,11.231706829774408,Low
3351,2026-02-05 17:00:00,28.0,42.19012616359762,0,14.038025232719523,Low,11.23042018617562,Low
3352,2026-06-14 10:00:00,34.75,35.383775617666934,0,14.026755123533386,Low,11.22140409882671,Low
3353,2026-05-11 10:00:00,22.75,47.34949402761071,0,14.019898805522143,Low,11.215919044417715,Low
3354,2026-01-30 18:00:00,31.5,38.518080275131744,0,14.003616055026349,Low,11.202892844021079,Low
3355,2026-04-28 04:00:00,27.75,42.25891146407071,0,14.001782292814143,Low,11.201425834251316,Low
3356,2026-05-10 04:00:00,26.0,43.98274594127549,0,13.996549188255099,Low,11.197239350604079,Low
3357,2026-06-11 07:00:00,19.25,50.725366805050506,0,13.995073361010101,Low,11.196058688808082,Low
3358,2026-04-04 16:00:00,27.5,42.31923849778197,0,13.963847699556394,Low,11.171078159645116,Low
3359,2026-06-05 08:00:00,18.0,51.793925940821175,0,13.958785188164233,Low,11.167028150531387,Low
3360,2026-03-21 19:00:00,38.25,31.47684265320176,0,13.945368530640351,Low,11.156294824512281,Low
3361,2026-04-14 13:00:00,24.25,45.425562717344185,0,13.935112543468836,Low,11.14809003477507,Low
3362,2026-05-20 04:00:00,29.0,40.6689854952518,0,13.93379709905036,Low,11.147037679240288,Low
3363,2026-05-12 02:00:00,27.5,42.158132716402065,0,13.931626543280412,Low,11.14530123462433,Low
3364,2026-04-14 14:00:00,25.25,44.40784939609874,0,13.931569879219747,Low,11.145255903375798,Low
3365,2026-05-07 09:00:00,14.75,54.89193250794053,0,13.928386501588106,Low,11.142709201270485,Low
3366,2026-01-28 03:00:00,26.75,42.86265066701319,0,13.922530133402638,Low,11.138024106722112,Low
3367,2026-03-27 18:00:00,25.5,43.97352647332079,0,13.894705294664158,Low,11.115764235731326,Low
3368,2026-02-19 19:00:00,35.25,34.20665775448731,0,13.891331550897462,Low,11.11306524071797,Low
3369,2026-02-04 12:00:00,28.25,41.094730758363355,0,13.86894615167267,Low,11.095156921338138,Low
3370,2026-06-24 15:00:00,31.25,37.92952365736345,0,13.835904731472688,Low,11.06872378517815,Low
3371,2026-02-09 17:00:00,26.5,42.653117120067094,0,13.830623424013421,Low,11.064498739210737,Low
3372,2026-04-15 18:00:00,24.75,44.32147559203124,0,13.81429511840625,Low,11.051436094725,Low
3373,2026-08-11 23:00:00,30.25,38.78926934603698,0,13.807853869207396,Low,11.046283095365917,Low
3374,2026-06-11 19:00:00,21.5,47.53012805313017,0,13.806025610626033,Low,11.044820488500827,Low
3375,2026-06-11 13:00:00,22.25,46.7474618307807,0,13.79949236615614,Low,11.039593892924913,Low
3376,2026-04-28 10:00:00,29.5,39.47764744089659,0,13.795529488179318,Low,11.036423590543455,Low
3377,2026-02-03 12:00:00,28.5,40.428273925818466,0,13.785654785163691,Low,11.028523828130954,Low
3378,2026-06-18 04:00:00,21.25,47.616451445195146,0,13.773290289039029,Low,11.018632231231223,Low
3379,2026-02-18 14:00:00,27.0,41.81667249284559,0,13.763334498569119,Low,11.010667598855296,Low
3380,2026-05-11 08:00:00,29.75,38.9287392952378,0,13.735747859047558,Low,10.988598287238048,Low
3381,2026-08-09 16:00:00,32.75,35.8617153886368,0,13.722343077727363,Low,10.977874462181891,Low
3382,2026-02-04 11:00:00,30.25,38.343043634238796,0,13.718608726847759,Low,10.974886981478207,Low
3383,2026-05-22 09:00:00,24.75,43.80530383385878,0,13.711060766771755,Low,10.968848613417405,Low
3384,2026-08-13 10:00:00,35.0,33.55297341284883,0,13.710594682569766,Low,10.968475746055814,Low
3385,2026-01-29 08:00:00,32.0,36.54312511627865,0,13.708625023255731,Low,10.966900018604585,Low
3386,2026-03-16 13:00:00,30.75,37.74192541616498,0,13.698385083232997,Low,10.958708066586398,Low
3387,2026-05-26 03:00:00,14.25,54.23922813093307,0,13.697845626186615,Low,10.958276500949292,Low
3388,2026-01-03 08:00:00,28.5,39.945956752666525,0,13.689191350533303,Low,10.951353080426642,Low
3389,2026-04-24 13:00:00,23.0,45.439851574002574,0,13.687970314800516,Low,10.950376251840414,Low
3390,2026-05-23 06:00:00,32.25,36.17684898717622,0,13.685369797435243,Low,10.948295837948194,Low
3391,2026-03-16 06:00:00,25.75,42.64813784787652,0,13.679627569575304,Low,10.943702055660244,Low
3392,2026-06-11 10:00:00,19.5,48.88496711477338,0,13.676993422954677,Low,10.941594738363742,Low
3393,2026-08-10 22:00:00,28.0,40.37705987225334,0,13.675411974450668,Low,10.940329579560535,Low
3394,2026-03-20 15:00:00,24.75,43.56494315250735,0,13.66298863050147,Low,10.930390904401177,Low
3395,2026-01-29 14:00:00,32.0,36.2936366027605,0,13.6587273205521,Low,10.92698185644168,Low
3396,2026-01-30 03:00:00,33.25,34.99055397640931,0,13.648110795281863,Low,10.91848863622549,Low
3397,2026-05-10 06:00:00,25.75,42.43594004486855,0,13.63718800897371,Low,10.909750407178969,Low
3398,2026-03-16 16:00:00,34.0,34.16038707463934,0,13.632077414927867,Low,10.905661931942294,Low
3399,2026-04-28 09:00:00,25.75,42.33076927616165,0,13.61615385523233,Low,10.892923084185865,Low
3400,2026-03-22 08:00:00,32.25,35.830493084686154,0,13.616098616937231,Low,10.892878893549785,Low
3401,2026-08-30 01:00:00,26.5,41.49628608706109,0,13.599257217412218,Low,10.879405773929776,Low
3402,2026-05-25 03:00:00,26.0,41.92476364262734,0,13.584952728525469,Low,10.867962182820376,Low
3403,2026-08-12 12:00:00,32.0,35.84901929780098,0,13.569803859560196,Low,10.855843087648157,Low
3404,2026-01-29 17:00:00,31.75,36.08330716807454,0,13.566661433614907,Low,10.853329146891927,Low
3405,2026-01-26 04:00:00,30.75,37.06274852212193,0,13.562549704424386,Low,10.85003976353951,Low
3406,2026-05-27 03:00:00,26.75,41.0215420572967,0,13.554308411459342,Low,10.843446729167475,Low
3407,2026-01-26 03:00:00,30.0,37.747268777156044,0,13.549453755431209,Low,10.839563004344967,Low
3408,2026-06-11 18:00:00,23.5,44.184786105098595,0,13.536957221019719,Low,10.829565776815777,Low
3409,2026-05-09 14:00:00,21.25,46.42160655611692,0,13.534321311223383,Low,10.827457048978708,Low
3410,2026-04-27 07:00:00,22.25,45.42143529713006,0,13.534287059426013,Low,10.82742964754081,Low
3411,2026-04-24 14:00:00,19.75,47.88588888823207,0,13.527177777646411,Low,10.82174222211713,Low
3412,2026-05-07 08:00:00,10.0,57.59827846733213,0,13.519655693466426,Low,10.81572455477314,Low
3413,2026-05-27 18:00:00,26.25,41.29613471820073,0,13.509226943640147,Low,10.80738155491212,Low
3414,2026-03-20 21:00:00,21.25,46.26546511360205,0,13.50309302272041,Low,10.80247441817633,Low
3415,2026-01-24 07:00:00,23.25,44.17121831061329,0,13.484243662122658,Low,10.787394929698127,Low
3416,2026-06-13 14:00:00,22.75,44.64084618356117,0,13.478169236712233,Low,10.782535389369787,Low
3417,2026-04-16 14:00:00,27.25,40.10836881370832,0,13.471673762741663,Low,10.77733901019333,Low
3418,2026-01-29 15:00:00,32.0,35.28673662379004,0,13.45734732475801,Low,10.765877859806409,Low
3419,2026-02-05 14:00:00,28.0,39.145981918137494,0,13.429196383627499,Low,10.743357106902,Low
3420,2026-04-15 12:00:00,21.5,45.59197993151012,0,13.418395986302023,Low,10.73471678904162,Low
3421,2026-01-30 02:00:00,33.5,33.577827973389404,0,13.41556559467788,Low,10.732452475742305,Low
3422,2026-08-28 19:00:00,40.5,26.523472817460323,0,13.404694563492066,Low,10.723755650793654,Low
3423,2026-06-13 11:00:00,9.75,57.2293630061025,0,13.3958726012205,Low,10.7166980809764,Low
3424,2026-05-11 09:00:00,27.75,39.22870562926449,0,13.395741125852897,Low,10.716592900682318,Low
3425,2026-05-27 11:00:00,29.75,37.19510210867159,0,13.389020421734317,Low,10.711216337387455,Low
3426,2026-06-11 06:00:00,18.75,48.11297000971622,0,13.372594001943245,Low,10.698075201554596,Low
3427,2026-03-22 16:00:00,24.75,41.91710224638579,0,13.33342044927716,Low,10.666736359421728,Low
3428,2026-03-19 16:00:00,20.75,45.85741024629919,0,13.321482049259838,Low,10.65718563940787,Low
3429,2026-06-13 15:00:00,23.75,42.820687605464975,0,13.314137521092995,Low,10.651310016874397,Low
3430,2026-05-11 12:00:00,24.0,42.55257496594948,0,13.310514993189894,Low,10.648411994551916,Low
3431,2026-05-10 05:00:00,25.25,41.285903667704055,0,13.307180733540811,Low,10.645744586832649,Low
3432,2026-08-13 00:00:00,31.5,35.01903281464319,0,13.303806562928639,Low,10.643045250342912,Low
3433,2026-02-19 12:00:00,26.25,40.261105522796015,0,13.302221104559203,Low,10.641776883647363,Low
3434,2026-01-24 06:00:00,23.75,42.75321138236628,0,13.300642276473257,Low,10.640513821178606,Low
3435,2026-05-14 06:00:00,19.75,46.728868770253605,0,13.295773754050721,Low,10.636619003240577,Low
3436,2026-04-14 12:00:00,20.0,46.45235235977456,0,13.290470471954912,Low,10.63237637756393,Low
3437,2026-05-09 13:00:00,20.5,45.83133574851915,0,13.26626714970383,Low,10.613013719763066,Low
3438,2026-02-09 15:00:00,21.5,44.764337256420525,0,13.252867451284107,Low,10.602293961027286,Low
3439,2026-04-15 14:00:00,26.25,39.98865709973666,0,13.247731419947332,Low,10.598185135957866,Low
3440,2026-06-28 02:00:00,24.75,41.472235930407784,0,13.244447186081558,Low,10.595557748865247,Low
3441,2026-01-26 06:00:00,29.5,36.4861469816949,0,13.19722939633898,Low,10.557783517071185,Low
3442,2026-04-15 15:00:00,24.0,41.955642370113964,0,13.191128474022793,Low,10.552902779218236,Low
3443,2026-03-20 22:00:00,22.75,43.17501435433978,0,13.185002870867955,Low,10.548002296694364,Low
3444,2026-03-22 09:00:00,32.25,33.65721234934158,0,13.181442469868315,Low,10.545153975894653,Low
3445,2026-03-16 14:00:00,30.5,35.327386718460346,0,13.165477343692068,Low,10.532381874953655,Low
3446,2026-01-25 09:00:00,28.0,37.79770882982835,0,13.15954176596567,Low,10.527633412772538,Low
3447,2026-01-24 16:00:00,27.0,38.77256334777763,0,13.154512669555526,Low,10.523610135644422,Low
3448,2026-06-28 22:00:00,24.75,40.96662505525476,0,13.143325011050951,Low,10.514660008840762,Low
3449,2026-01-29 16:00:00,31.25,34.42889880024533,0,13.135779760049065,Low,10.508623808039253,Low
3450,2026-04-04 14:00:00,24.0,41.64989467110316,0,13.129978934220631,Low,10.503983147376506,Low
3451,2026-01-25 19:00:00,27.75,37.87280453649389,0,13.124560907298779,Low,10.499648725839023,Low
3452,2026-05-22 10:00:00,23.5,42.10915199458264,0,13.121830398916527,Low,10.497464319133222,Low
3453,2026-05-08 16:00:00,19.75,45.85695181770524,0,13.121390363541046,Low,10.497112290832838,Low
3454,2026-01-26 07:00:00,30.0,35.60671077713969,0,13.121342155427937,Low,10.49707372434235,Low
3455,2026-06-28 17:00:00,30.0,35.53508796742763,0,13.107017593485526,Low,10.485614074788423,Low
3456,2026-04-16 19:00:00,29.0,36.499502462200134,0,13.099900492440026,Low,10.479920393952021,Low
3457,2026-05-27 19:00:00,25.75,39.66106727422801,0,13.082213454845602,Low,10.465770763876483,Low
3458,2026-03-19 17:00:00,24.25,41.100902447819344,0,13.07018048956387,Low,10.456144391651096,Low
3459,2026-05-08 11:00:00,21.75,43.594852059063946,0,13.06897041181279,Low,10.455176329450232,Low
3460,2026-06-01 08:00:00,25.25,39.991168794783356,0,13.04823375895667,Low,10.438587007165337,Low
3461,2026-01-26 05:00:00,29.25,35.988203410395904,0,13.04764068207918,Low,10.438112545663344,Low
3462,2026-05-11 11:00:00,21.75,43.47299212827791,0,13.04459842565558,Low,10.435678740524466,Low
3463,2026-05-25 04:00:00,24.25,40.96127837076644,0,13.042255674153287,Low,10.43380453932263,Low
3464,2026-02-06 14:00:00,29.5,35.710556514876956,0,13.04211130297539,Low,10.433689042380314,Low
3465,2026-04-15 13:00:00,26.0,39.038423028879805,0,13.00768460577596,Low,10.40614768462077,Low
3466,2026-02-04 14:00:00,28.25,36.75526197800929,0,13.001052395601857,Low,10.400841916481486,Low
3467,2026-08-12 09:00:00,26.75,38.11251945778652,0,12.972503891557306,Low,10.378003113245846,Low
3468,2026-08-11 14:00:00,26.5,38.31393925292893,0,12.962787850585787,Low,10.37023028046863,Low
3469,2026-06-27 14:00:00,30.25,34.542852628905976,0,12.958570525781195,Low,10.366856420624956,Low
3470,2026-03-20 16:00:00,20.75,44.01822722976165,0,12.95364544595233,Low,10.362916356761865,Low
3471,2026-08-24 16:00:00,38.5,26.201637935761788,0,12.940327587152357,Low,10.352262069721887,Low
3472,2026-05-11 17:00:00,29.75,34.93136623768479,0,12.936273247536958,Low,10.349018598029566,Low
3473,2026-05-22 08:00:00,17.25,47.423256776235434,0,12.934651355247086,Low,10.34772108419767,Low
3474,2026-02-02 17:00:00,23.0,41.64638037295411,0,12.929276074590824,Low,10.34342085967266,Low
3475,2026-04-04 15:00:00,23.25,41.310678634315934,0,12.912135726863188,Low,10.32970858149055,Low
3476,2026-03-16 07:00:00,16.75,47.7898532034632,0,12.907970640692639,Low,10.326376512554113,Low
3477,2026-04-28 08:00:00,26.25,37.91572244511422,0,12.833144489022844,Low,10.266515591218276,Low
3478,2026-05-10 17:00:00,29.0,35.02272938346974,0,12.804545876693947,Low,10.243636701355157,Low
3479,2026-03-20 17:00:00,23.33,40.65641680621821,0,12.797283361243643,Low,10.237826688994915,Low
3480,2026-08-11 13:00:00,31.75,32.22188808745667,0,12.794377617491334,Low,10.235502093993068,Low
3481,2026-06-27 15:00:00,29.0,34.879351217251646,0,12.77587024345033,Low,10.220696194760265,Low
3482,2026-03-27 15:00:00,23.0,40.80637724240952,0,12.761275448481904,Low,10.209020358785523,Low
3483,2026-05-12 04:00:00,33.0,30.804506838004237,0,12.760901367600848,Low,10.20872109408068,Low
3484,2026-06-25 07:00:00,26.0,37.76205608307196,0,12.75241121661439,Low,10.201928973291514,Low
3485,2026-08-12 08:00:00,26.75,36.93666997354499,0,12.737333994708997,Low,10.1898671957672,Low
3486,2026-04-16 13:00:00,26.75,36.87499122170325,0,12.72499824434065,Low,10.17999859547252,Low
3487,2026-02-20 00:00:00,27.0,36.536381083731094,0,12.70727621674622,Low,10.165820973396976,Low
3488,2026-03-22 10:00:00,30.25,33.23938179224439,0,12.697876358448877,Low,10.158301086759103,Low
3489,2026-08-10 03:00:00,29.0,34.459711049242095,0,12.69194220984842,Low,10.153553767878737,Low
3490,2026-05-09 08:00:00,29.25,34.190441519159705,0,12.68808830383194,Low,10.150470643065553,Low
3491,2026-04-01 04:00:00,17.5,45.929161219996125,0,12.685832243999224,Low,10.14866579519938,Low
3492,2026-06-11 17:00:00,18.75,44.546545033670014,0,12.659309006734002,Low,10.127447205387202,Low
3493,2026-05-10 14:00:00,29.75,33.49613521199642,0,12.649227042399282,Low,10.119381633919426,Low
3494,2026-03-31 14:00:00,20.0,43.105176148314946,0,12.621035229662988,Low,10.096828183730391,Low
3495,2026-05-09 12:00:00,24.0,39.058984947089954,0,12.61179698941799,Low,10.089437591534391,Low
3496,2026-05-29 03:00:00,24.5,38.555488937824975,0,12.611097787564995,Low,10.088878230051996,Low
3497,2026-08-12 20:00:00,30.0,33.007589828292275,0,12.601517965658456,Low,10.081214372526766,Low
3498,2026-06-01 09:00:00,26.0,36.90019500350882,0,12.580039000701763,Low,10.064031200561411,Low
3499,2026-08-10 21:00:00,28.25,34.64956110176197,0,12.579912220352393,Low,10.063929776281915,Low
3500,2026-03-31 13:00:00,20.5,42.38142468090982,0,12.576284936181963,Low,10.061027948945572,Low
3501,2026-08-13 01:00:00,25.75,37.11001453408432,0,12.572002906816865,Low,10.057602325453493,Low
3502,2026-06-28 18:00:00,27.75,35.07434264917205,0,12.564868529834412,Low,10.05189482386753,Low
3503,2026-02-09 16:00:00,21.0,41.817536673530185,0,12.563507334706038,Low,10.050805867764831,Low
3504,2026-04-28 05:00:00,24.75,37.95185335338376,0,12.540370670676753,Low,10.032296536541402,Low
3505,2026-06-11 21:00:00,21.75,40.90009557803308,0,12.530019115606615,Low,10.024015292485293,Low
3506,2026-06-01 17:00:00,27.75,34.802140263466704,0,12.510428052693342,Low,10.008342442154675,Low
3507,2026-08-12 19:00:00,24.5,38.00549912877533,0,12.501099825755066,Low,10.000879860604053,Low
3508,2026-01-25 10:00:00,30.5,31.98092775106576,0,12.496185550213152,Low,9.996948440170522,Low
3509,2026-06-11 14:00:00,20.25,42.17726892464863,0,12.485453784929726,Low,9.988363027943782,Low
3510,2026-05-28 09:00:00,32.5,29.816632240365845,0,12.463326448073168,Low,9.970661158458535,Low
3511,2026-03-31 18:00:00,16.25,46.00241480944127,0,12.450482961888255,Low,9.960386369510605,Low
3512,2026-02-03 18:00:00,26.75,35.40583850215564,0,12.431167700431129,Low,9.944934160344904,Low
3513,2026-02-04 09:00:00,25.5,36.64396300932437,0,12.428792601864872,Low,9.943034081491898,Low
3514,2026-06-18 06:00:00,20.25,41.5436202909487,0,12.358724058189742,Low,9.886979246551794,Low
3515,2026-08-11 16:00:00,31.5,30.255551305508458,0,12.351110261101692,Low,9.880888208881354,Low
3516,2026-06-28 23:00:00,26.25,35.47524179421769,0,12.345048358843538,Low,9.876038687074832,Low
3517,2026-05-08 12:00:00,20.25,41.439709364669056,0,12.337941872933813,Low,9.87035349834705,Low
3518,2026-05-11 14:00:00,23.0,38.60236815392718,0,12.320473630785436,Low,9.85637890462835,Low
3519,2026-03-31 16:00:00,16.5,45.0913882456919,0,12.318277649138382,Low,9.854622119310706,Low
3520,2026-02-04 18:00:00,23.75,37.8236463596327,0,12.314729271926538,Low,9.851783417541231,Low
3521,2026-08-10 17:00:00,21.75,39.821520769063866,0,12.314304153812774,Low,9.85144332305022,Low
3522,2026-02-20 06:00:00,29.75,31.65597627252953,0,12.281195254505905,Low,9.824956203604724,Low
3523,2026-02-04 13:00:00,30.5,30.80880012540103,0,12.261760025080207,Low,9.809408020064167,Low
3524,2026-01-26 14:00:00,24.25,37.03743123266748,0,12.257486246533496,Low,9.805988997226798,Low
3525,2026-05-08 13:00:00,20.5,40.75538098879658,0,12.251076197759316,Low,9.800860958207453,Low
3526,2026-06-13 13:00:00,22.0,39.20005246798843,0,12.240010493597687,Low,9.79200839487815,Low
3527,2026-05-11 04:00:00,24.75,36.39981422463658,0,12.229962844927316,Low,9.783970275941854,Low
3528,2026-08-30 23:00:00,29.5,31.563796230158733,0,12.212759246031744,Low,9.770207396825397,Low
3529,2026-05-10 12:00:00,20.5,40.40254435657994,0,12.180508871315988,Low,9.744407097052791,Low
3530,2026-05-14 04:00:00,17.5,43.31205164286231,0,12.162410328572461,Low,9.72992826285797,Low
3531,2026-03-31 17:00:00,15.75,44.97020690108235,0,12.14404138021647,Low,9.715233104173176,Low
3532,2026-02-20 03:00:00,25.25,35.41831276373907,0,12.133662552747815,Low,9.706930042198252,Low
3533,2026-08-24 13:00:00,31.75,28.90906516648423,0,12.131813033296845,Low,9.705450426637476,Low
3534,2026-05-11 13:00:00,24.25,36.29529132162059,0,12.109058264324117,Low,9.687246611459294,Low
3535,2026-05-08 15:00:00,21.75,38.79036308930472,0,12.108072617860945,Low,9.686458094288756,Low
3536,2026-06-13 12:00:00,16.5,44.03222107984609,0,12.10644421596922,Low,9.685155372775377,Low
3537,2026-06-27 03:00:00,11.75,48.687985154479485,0,12.087597030895896,Low,9.670077624716718,Low
3538,2026-08-24 17:00:00,27.75,32.61449906198687,0,12.072899812397374,Low,9.6583198499179,Low
3539,2026-04-01 03:00:00,5.75,54.46799010369818,0,12.043598020739637,Low,9.634878416591711,Low
3540,2026-04-30 21:00:00,23.0,37.13688256177321,0,12.027376512354643,Low,9.621901209883715,Low
3541,2026-04-30 20:00:00,27.75,32.35089010150424,0,12.02017802030085,Low,9.616142416240681,Low
3542,2026-06-11 05:00:00,11.25,48.61813321471835,0,11.973626642943671,Low,9.578901314354937,Low
3543,2026-05-28 01:00:00,24.5,35.25888472113377,0,11.951776944226754,Low,9.561421555381404,Low
3544,2026-05-11 16:00:00,23.75,36.00656008493232,0,11.951312016986464,Low,9.561049613589171,Low
3545,2026-04-28 06:00:00,20.75,38.95830596885596,0,11.941661193771193,Low,9.553328955016955,Low
3546,2026-02-20 02:00:00,26.5,33.02562286331102,0,11.905124572662205,Low,9.524099658129764,Low
3547,2026-01-30 01:00:00,29.0,30.398087614108668,0,11.879617522821734,Low,9.503694018257388,Low
3548,2026-02-03 13:00:00,19.5,39.857637920435316,0,11.871527584087064,Low,9.497222067269652,Low
3549,2026-01-01 06:00:00,20.0,39.25318757642419,0,11.850637515284838,Low,9.480510012227871,Low
3550,2026-08-10 18:00:00,19.5,39.66883949901334,0,11.833767899802668,Low,9.467014319842134,Low
3551,2026-01-25 02:00:00,23.25,35.901069662411395,0,11.83021393248228,Low,9.464171145985825,Low
3552,2026-01-28 19:00:00,25.5,33.507313191438186,0,11.801462638287637,Low,9.44117011063011,Low
3553,2026-08-24 14:00:00,29.75,29.177707428388985,0,11.785541485677797,Low,9.428433188542238,Low
3554,2026-02-20 01:00:00,23.5,35.300817564859486,0,11.760163512971896,Low,9.408130810377518,Low
3555,2026-05-11 15:00:00,25.0,33.70998513474692,0,11.741997026949385,Low,9.393597621559508,Low
3556,2026-05-12 03:00:00,27.0,31.683618660487802,0,11.73672373209756,Low,9.389378985678048,Low
3557,2026-04-28 07:00:00,21.75,36.77335751702652,0,11.704671503405303,Low,9.363737202724243,Low
3558,2026-03-21 17:00:00,23.25,35.254884052131295,0,11.70097681042626,Low,9.360781448341008,Low
3559,2026-05-11 07:00:00,25.25,33.23815253495873,0,11.697630506991747,Low,9.358104405593398,Low
3560,2026-03-31 15:00:00,15.0,43.48425196330374,0,11.69685039266075,Low,9.3574803141286,Low
3561,2026-03-16 08:00:00,20.5,37.98321836812979,0,11.696643673625957,Low,9.357314938900766,Low
3562,2026-03-16 05:00:00,17.75,40.59618307931174,0,11.66923661586235,Low,9.33538929268988,Low
3563,2026-08-29 13:00:00,39.0,19.204007591770473,0,11.640801518354095,Low,9.312641214683277,Low
3564,2026-05-27 07:00:00,27.0,31.19715177618558,0,11.639430355237117,Low,9.311544284189694,Low
3565,2026-05-10 13:00:00,26.75,31.071835361217346,0,11.56436707224347,Low,9.251493657794777,Low
3566,2026-01-26 18:00:00,27.25,30.564133221318862,0,11.562826644263772,Low,9.250261315411018,Low
3567,2026-04-16 15:00:00,17.5,40.29224106776388,0,11.558448213552778,Low,9.246758570842223,Low
3568,2026-03-22 12:00:00,22.75,35.01998383352138,0,11.553996766704277,Low,9.243197413363422,Low
3569,2026-01-25 08:00:00,27.0,30.71502685617282,0,11.543005371234564,Low,9.234404296987652,Low
3570,2026-05-27 08:00:00,23.5,34.21355693529571,0,11.542711387059143,Low,9.234169109647315,Low
3571,2026-01-28 17:00:00,14.25,43.44434441021787,0,11.538868882043575,Low,9.23109510563486,Low
3572,2026-08-11 15:00:00,27.25,30.192268948821432,0,11.488453789764286,Low,9.190763031811429,Low
3573,2026-05-22 06:00:00,19.75,37.652787651243074,0,11.480557530248614,Low,9.184446024198891,Low
3574,2026-05-27 10:00:00,27.75,29.559399909647503,0,11.461879981929503,Low,9.169503985543603,Low
3575,2026-03-21 15:00:00,20.75,36.47705792224625,0,11.44541158444925,Low,9.1563292675594,Low
3576,2026-06-25 09:00:00,25.0,32.11825182509796,0,11.42365036501959,Low,9.138920292015673,Low
3577,2026-03-16 01:00:00,16.75,40.23476679001624,0,11.396953358003246,Low,9.117562686402598,Low
3578,2026-06-27 09:00:00,25.75,31.033841207305194,0,11.35676824146104,Low,9.085414593168833,Low
3579,2026-06-18 05:00:00,17.5,39.26233593805703,0,11.352467187611406,Low,9.081973750089125,Low
3580,2026-05-08 14:00:00,15.75,40.965927140044876,0,11.343185428008976,Low,9.074548342407182,Low
3581,2026-03-22 15:00:00,24.0,32.692025249608804,0,11.33840504992176,Low,9.070724039937408,Low
3582,2026-08-11 12:00:00,28.5,28.075367148035312,0,11.315073429607061,Low,9.052058743685649,Low
3583,2026-04-04 21:00:00,4.0,52.49204315928034,0,11.29840863185607,Low,9.038726905484856,Low
3584,2026-08-10 20:00:00,23.25,33.177462062425896,0,11.28549241248518,Low,9.028393929988145,Low
3585,2026-01-28 05:00:00,10.5,45.90356445071878,0,11.280712890143755,Low,9.024570312115005,Low
3586,2026-05-11 06:00:00,24.75,31.55182256476978,0,11.260364512953956,Low,9.008291610363164,Low
3587,2026-05-22 07:00:00,18.0,38.278149241438555,0,11.255629848287711,Low,9.00450387863017,Low
3588,2026-02-04 15:00:00,21.75,34.500833715544424,0,11.250166743108885,Low,9.000133394487108,Low
3589,2026-01-25 13:00:00,25.5,30.637455622285184,0,11.227491124457037,Low,8.98199289956563,Low
3590,2026-06-11 22:00:00,17.75,38.301570776445786,0,11.210314155289158,Low,8.968251324231327,Low
3591,2026-01-25 14:00:00,23.25,32.79013368825308,0,11.208026737650616,Low,8.966421390120493,Low
3592,2026-02-19 13:00:00,24.25,31.781273360778517,0,11.206254672155703,Low,8.965003737724563,Low
3593,2026-03-21 14:00:00,26.75,29.248522879445947,0,11.19970457588919,Low,8.959763660711351,Low
3594,2026-01-25 15:00:00,26.5,29.34645188827286,0,11.169290377654573,Low,8.935432302123658,Low
3595,2026-08-29 11:00:00,25.5,30.318125058557317,0,11.163625011711463,Low,8.930900009369171,Low
3596,2026-08-29 23:00:00,29.75,25.970254553289575,0,11.144050910657914,Low,8.915240728526332,Low
3597,2026-06-27 07:00:00,9.5,46.061856684485356,0,11.112371336897072,Low,8.889897069517657,Low
3598,2026-08-27 14:00:00,28.25,27.270606077426468,0,11.104121215485293,Low,8.883296972388235,Low
3599,2026-06-28 16:00:00,24.75,30.723086999710734,0,11.094617399942148,Low,8.875693919953719,Low
3600,2026-03-21 18:00:00,28.25,27.076517660415167,0,11.065303532083032,Low,8.852242825666426,Low
3601,2026-08-29 05:00:00,28.75,26.50847810690944,0,11.051695621381889,Low,8.841356497105512,Low
3602,2026-06-27 08:00:00,15.0,40.198496165630004,0,11.039699233126,Low,8.831759386500801,Low
3603,2026-05-26 06:00:00,17.75,37.38734094085874,0,11.02746818817175,Low,8.8219745505374,Low
3604,2026-02-19 16:00:00,26.5,28.52981126016944,0,11.00596225203389,Low,8.804769801627112,Low
3605,2026-08-24 15:00:00,29.75,25.232547327296185,0,10.996509465459237,Low,8.79720757236739,Low
3606,2026-01-29 07:00:00,26.5,28.32924760659646,0,10.965849521319292,Low,8.772679617055434,Low
3607,2026-05-14 05:00:00,13.0,41.5908424261704,0,10.91816848523408,Low,8.734534788187265,Low
3608,2026-08-10 04:00:00,22.5,32.07303618088501,0,10.914607236177002,Low,8.731685788941602,Low
3609,2026-06-11 23:00:00,18.75,35.50068667364382,0,10.850137334728764,Low,8.680109867783012,Low
3610,2026-05-27 06:00:00,25.75,28.45929402097127,0,10.841858804194255,Low,8.673487043355404,Low
3611,2026-02-04 17:00:00,21.0,33.17603231206768,0,10.835206462413538,Low,8.66816516993083,Low
3612,2026-01-25 18:00:00,25.0,29.09610254815322,0,10.819220509630643,Low,8.655376407704514,Low
3613,2026-03-22 14:00:00,20.25,33.75841403254485,0,10.801682806508971,Low,8.641346245207178,Low
3614,2026-08-29 06:00:00,21.5,32.49101203797696,0,10.79820240759539,Low,8.638561926076312,Low
3615,2026-03-21 16:00:00,23.75,30.14781781472407,0,10.779563562944814,Low,8.623650850355851,Low
3616,2026-05-11 05:00:00,25.25,28.608542389984905,0,10.771708477996981,Low,8.617366782397585,Low
3617,2026-08-27 15:00:00,32.75,20.9809317067067,0,10.74618634134134,Low,8.596949073073073,Low
3618,2026-01-29 02:00:00,19.75,33.939554310813385,0,10.737910862162678,Low,8.590328689730143,Low
3619,2026-05-27 05:00:00,25.0,28.54165951459839,0,10.708331902919678,Low,8.566665522335743,Low
3620,2026-01-28 18:00:00,16.75,36.36527621424982,0,10.623055242849963,Low,8.49844419427997,Low
3621,2026-06-28 15:00:00,27.25,25.84975932696706,0,10.61995186539341,Low,8.495961492314729,Low
3622,2026-04-04 20:00:00,9.0,44.08201092048496,0,10.61640218409699,Low,8.493121747277593,Low
3623,2026-02-20 04:00:00,18.25,34.82600834941643,0,10.615201669883286,Low,8.492161335906628,Low
3624,2026-05-27 09:00:00,21.25,31.721384805683023,0,10.594276961136604,Low,8.475421568909283,Low
3625,2026-06-12 09:00:00,25.5,27.395637566480442,0,10.579127513296088,Low,8.463302010636871,Low
3626,2026-04-16 17:00:00,17.5,35.392791497698106,0,10.57855829953962,Low,8.462846639631698,Low
3627,2026-04-16 18:00:00,20.5,32.37266258425617,0,10.574532516851233,Low,8.459626013480987,Low
3628,2026-05-29 04:00:00,13.0,39.71917215884255,0,10.54383443176851,Low,8.435067545414809,Low
3629,2026-08-30 02:00:00,24.5,28.09499364183553,0,10.518998728367107,Low,8.415198982693687,Low
3630,2026-08-23 16:00:00,27.5,25.01897627075476,0,10.503795254150951,Low,8.403036203320761,Low
3631,2026-08-27 16:00:00,28.25,24.229707284016797,0,10.495941456803358,Low,8.396753165442687,Low
3632,2026-01-28 11:00:00,7.75,44.715420174833234,0,10.493084034966646,Low,8.394467227973317,Low
3633,2026-06-29 00:00:00,25.25,27.10635480419086,0,10.471270960838172,Low,8.377016768670538,Low
3634,2026-08-10 19:00:00,15.5,36.840236750556336,0,10.468047350111268,Low,8.374437880089015,Low
3635,2026-03-16 09:00:00,27.0,25.324423638080777,0,10.464884727616155,Low,8.371907782092924,Low
3636,2026-08-24 22:00:00,21.25,30.990305525030525,0,10.448061105006104,Low,8.358448884004885,Low
3637,2026-08-13 02:00:00,22.25,29.83361559967636,0,10.416723119935273,Low,8.333378495948219,Low
3638,2026-06-11 04:00:00,1.75,50.28709811093324,0,10.40741962218665,Low,8.32593569774932,Low
3639,2026-05-27 04:00:00,25.0,26.840038099369252,0,10.36800761987385,Low,8.294406095899081,Low
3640,2026-02-03 14:00:00,17.0,34.83297082628524,0,10.366594165257048,Low,8.293275332205639,Low
3641,2026-01-25 03:00:00,18.5,33.216980986810526,0,10.343396197362104,Low,8.274716957889684,Low
3642,2026-08-30 22:00:00,24.5,26.93604761904762,0,10.287209523809524,Low,8.22976761904762,Low
3643,2026-01-28 09:00:00,8.0,43.18226691317942,0,10.236453382635883,Low,8.189162706108707,Low
3644,2026-08-13 03:00:00,23.5,27.671398970488735,0,10.234279794097747,Low,8.187423835278198,Low
3645,2026-01-28 12:00:00,8.0,43.13183740957112,0,10.226367481914222,Low,8.181093985531378,Low
3646,2026-08-12 00:00:00,21.0,29.778718735283206,0,10.15574374705664,Low,8.124594997645312,Low
3647,2026-02-03 17:00:00,17.0,33.73774786009329,0,10.147549572018658,Low,8.118039657614927,Low
3648,2026-03-16 04:00:00,14.25,36.47346171271538,0,10.144692342543074,Low,8.115753874034459,Low
3649,2026-01-26 17:00:00,21.5,29.18752418972806,0,10.137504837945611,Low,8.11000387035649,Low
3650,2026-03-22 11:00:00,22.25,28.424979822656077,0,10.134995964531216,Low,8.107996771624974,Low
3651,2026-08-23 17:00:00,21.75,28.87068533794451,0,10.124137067588903,Low,8.099309654071122,Low
3652,2026-06-28 06:00:00,17.25,33.089671289539744,0,10.067934257907948,Low,8.05434740632636,Low
3653,2026-06-12 08:00:00,21.75,28.528754719697595,0,10.055750943939518,Low,8.044600755151615,Low
3654,2026-01-29 04:00:00,17.25,32.87044302149565,0,10.02408860429913,Low,8.019270883439304,Low
3655,2026-05-26 05:00:00,11.0,39.04952030843044,0,10.009904061686086,Low,8.007923249348869,Low
3656,2026-02-19 18:00:00,23.0,27.019287742067746,0,10.00385754841355,Low,8.00308603873084,Low
3657,2026-01-25 16:00:00,20.75,29.236408994619378,0,9.997281798923876,Low,7.997825439139101,Low
3658,2026-08-24 11:00:00,30.75,19.193017460317453,0,9.98860349206349,Low,7.990882793650792,Low
3659,2026-08-29 10:00:00,29.0,20.905890825154067,0,9.981178165030812,Low,7.98494253202465,Low
3660,2026-06-13 10:00:00,7.0,42.70423811651679,0,9.940847623303359,Low,7.9526780986426875,Low
3661,2026-01-25 04:00:00,18.75,30.95016847288513,0,9.940033694577027,Low,7.952026955661622,Low
3662,2026-08-24 21:00:00,25.25,24.357772409208444,0,9.921554481841689,Low,7.937243585473351,Low
3663,2026-04-16 16:00:00,15.0,34.38414478998705,0,9.87682895799741,Low,7.901463166397928,Low
3664,2026-02-19 14:00:00,20.5,28.84469661598844,0,9.868939323197688,Low,7.895151458558151,Low
3665,2026-06-29 01:00:00,21.5,27.674228928626164,0,9.834845785725232,Low,7.867876628580186,Low
3666,2026-06-28 12:00:00,16.0,33.11532724394719,0,9.823065448789439,Low,7.858452359031552,Low
3667,2026-08-27 23:00:00,23.25,25.75792539275017,0,9.801585078550033,Low,7.841268062840027,Low
3668,2026-03-22 13:00:00,22.0,26.990525202236235,0,9.798105040447247,Low,7.838484032357798,Low
3669,2026-01-28 10:00:00,6.0,42.97949722222224,0,9.795899444444448,Low,7.836719555555558,Low
3670,2026-08-27 12:00:00,30.25,18.47297228411566,0,9.744594456823132,Low,7.795675565458506,Low
3671,2026-05-26 04:00:00,11.25,37.43179855657121,0,9.736359711314243,Low,7.789087769051395,Low
3672,2026-06-28 13:00:00,20.25,28.26483492489457,0,9.702966984978914,Low,7.762373587983132,Low
3673,2026-08-11 01:00:00,20.0,28.463933829542025,0,9.692786765908405,Low,7.754229412726724,Low
3674,2026-02-19 17:00:00,17.75,30.559166823022128,0,9.661833364604426,Low,7.729466691683541,Low
3675,2026-08-27 18:00:00,23.75,24.48918218161694,0,9.647836436323388,Low,7.7182691490587105,Low
3676,2026-01-26 15:00:00,19.5,28.713443366834206,0,9.642688673366841,Low,7.714150938693473,Low
3677,2026-04-30 19:00:00,19.75,28.44366104574251,0,9.6387322091485,Low,7.7109857673188005,Low
3678,2026-03-16 02:00:00,12.75,35.401301956571686,0,9.630260391314337,Low,7.7042083130514705,Low
3679,2026-03-21 12:00:00,12.0,36.143549573747,0,9.6287099147494,Low,7.70296793179952,Low
3680,2026-04-30 15:00:00,17.75,30.195804950932075,0,9.589160990186414,Low,7.671328792149132,Low
3681,2026-04-30 16:00:00,14.25,33.66541239635975,0,9.58308247927195,Low,7.6664659834175595,Low
3682,2026-04-01 05:00:00,11.0,36.51760354803846,0,9.503520709607692,Low,7.602816567686154,Low
3683,2026-01-28 08:00:00,6.0,41.48471120195859,0,9.496942240391718,Low,7.5975537923133745,Low
3684,2026-06-28 14:00:00,22.25,25.18267829514844,0,9.486535659029688,Low,7.58922852722375,Low
3685,2026-03-21 09:00:00,21.5,25.8430216874714,0,9.46860433749428,Low,7.574883469995425,Low
3686,2026-08-28 00:00:00,23.25,23.65654972243857,0,9.381309944487715,Low,7.505047955590172,Low
3687,2026-01-28 07:00:00,5.0,41.86064202957912,0,9.372128405915824,Low,7.497702724732659,Low
3688,2026-08-27 19:00:00,20.0,26.825130691707717,0,9.365026138341543,Low,7.492020910673235,Low
3689,2026-01-29 06:00:00,19.0,27.815324048400836,0,9.363064809680168,Low,7.490451847744135,Low
3690,2026-03-21 02:00:00,14.75,31.927118943522764,0,9.335423788704553,Low,7.468339030963643,Low
3691,2026-08-11 11:00:00,21.0,25.641788760108003,0,9.328357752021601,Low,7.462686201617281,Low
3692,2026-01-28 13:00:00,8.75,37.86893002619271,0,9.323786005238542,Low,7.459028804190834,Low
3693,2026-08-27 09:00:00,26.5,20.117309353609357,0,9.323461870721871,Low,7.4587694965774975,Low
3694,2026-01-26 16:00:00,18.25,28.29458180523637,0,9.308916361047274,Low,7.44713308883782,Low
3695,2026-05-28 08:00:00,17.0,29.513290058155363,0,9.302658011631072,Low,7.4421264093048585,Low
3696,2026-03-21 13:00:00,17.75,28.555827663120265,0,9.261165532624052,Low,7.408932426099241,Low
3697,2026-02-20 05:00:00,16.0,30.256452499014674,0,9.251290499802934,Low,7.4010323998423475,Low
3698,2026-02-03 15:00:00,10.0,36.067717488283385,0,9.213543497656676,Low,7.370834798125341,Low
3699,2026-06-28 03:00:00,19.25,26.720397059086057,0,9.194079411817212,Low,7.35526352945377,Low
3700,2026-02-04 16:00:00,15.75,30.13106492372203,0,9.176212984744406,Low,7.340970387795526,Low
3701,2026-02-03 16:00:00,10.75,35.111085032384345,0,9.172217006476869,Low,7.3377736051814955,Low
3702,2026-01-29 03:00:00,18.25,27.521239754316763,0,9.154247950863352,Low,7.323398360690682,Low
3703,2026-01-28 16:00:00,9.5,36.18196335574871,0,9.136392671149741,Low,7.309114136919793,Low
3704,2026-05-28 02:00:00,16.0,29.669975961844525,0,9.133995192368905,Low,7.3071961538951244,Low
3705,2026-08-29 09:00:00,26.25,19.245894423838646,0,9.09917888476773,Low,7.279343107814184,Low
3706,2026-02-19 15:00:00,17.25,28.15472456252487,0,9.080944912504973,Low,7.264755930003979,Low
3707,2026-03-21 07:00:00,17.5,27.785928760538184,0,9.057185752107635,Low,7.245748601686109,Low
3708,2026-03-21 10:00:00,19.25,25.88621821614572,0,9.027243643229145,Low,7.221794914583317,Low
3709,2026-08-30 03:00:00,22.5,22.5416599917774,0,9.00833199835548,Low,7.206665598684385,Low
3710,2026-08-24 18:00:00,20.25,24.749448717011216,0,8.999889743402244,Low,7.199911794721796,Low
3711,2026-08-29 22:00:00,21.25,23.517790767195773,0,8.953558153439154,Low,7.162846522751323,Low
3712,2026-05-28 03:00:00,16.75,28.008049090977195,0,8.951609818195438,Low,7.161287854556351,Low
3713,2026-08-28 18:00:00,27.5,17.157344322344322,0,8.931468864468865,Low,7.1451750915750925,Low
3714,2026-08-29 12:00:00,25.5,19.081213868326365,0,8.916242773665273,Low,7.132994218932218,Low
3715,2026-06-28 11:00:00,15.0,29.5688912717865,0,8.9137782543573,Low,7.131022603485841,Low
3716,2026-08-24 23:00:00,17.0,27.41911450771451,0,8.883822901542903,Low,7.107058321234323,Low
3717,2026-08-24 20:00:00,18.5,25.8960037878788,0,8.87920075757576,Low,7.103360606060608,Low
3718,2026-01-25 17:00:00,18.25,26.112124225028953,0,8.87242484500579,Low,7.097939876004633,Low
3719,2026-08-27 11:00:00,27.75,16.51496138407516,0,8.852992276815034,Low,7.082393821452027,Low
3720,2026-08-27 08:00:00,24.75,19.09245106837607,0,8.768490213675214,Low,7.014792170940172,Low
3721,2026-08-23 18:00:00,19.5,23.930933264178158,0,8.686186652835632,Low,6.948949322268506,Low
3722,2026-08-27 10:00:00,26.5,16.86189224025602,0,8.672378448051205,Low,6.9379027584409645,Low
3723,2026-06-29 05:00:00,20.75,22.459986694048634,0,8.641997338809727,Low,6.913597871047782,Low
3724,2026-05-28 04:00:00,14.5,28.659711592911517,0,8.631942318582304,Low,6.905553854865843,Low
3725,2026-08-30 04:00:00,19.75,23.409506114427273,0,8.631901222885455,Low,6.905520978308364,Low
3726,2026-08-29 15:00:00,14.0,28.991560391566793,0,8.59831207831336,Low,6.8786496626506874,Low
3727,2026-01-29 05:00:00,15.25,27.56616908419294,0,8.563233816838586,Low,6.8505870534708695,Low
3728,2026-08-27 07:00:00,23.5,19.236489578477077,0,8.547297915695415,Low,6.837838332556332,Low
3729,2026-08-29 08:00:00,22.0,20.654762958473995,0,8.530952591694799,Low,6.824762073355839,Low
3730,2026-03-21 08:00:00,18.0,24.61458851428172,0,8.522917702856343,Low,6.818334162285075,Low
3731,2026-06-29 02:00:00,20.0,22.434534609233605,0,8.486906921846721,Low,6.7895255374773775,Low
3732,2026-03-16 03:00:00,10.25,31.992226059479734,0,8.448445211895947,Low,6.758756169516758,Low
3733,2026-08-29 07:00:00,20.75,21.157437488892448,0,8.381487497778489,Low,6.705189998222791,Low
3734,2026-08-27 21:00:00,19.25,22.44846707362534,0,8.339693414725069,Low,6.671754731780055,Low
3735,2026-08-26 15:00:00,25.25,16.37768937262416,0,8.325537874524832,Low,6.660430299619866,Low
3736,2026-03-21 11:00:00,13.5,28.109148070760853,0,8.321829614152172,Low,6.6574636913217375,Low
3737,2026-08-23 19:00:00,18.25,23.105860820464237,0,8.271172164092848,Low,6.6169377312742785,Low
3738,2026-06-29 03:00:00,19.0,22.31216627539456,0,8.26243325507891,Low,6.609946604063129,Low
3739,2026-08-27 17:00:00,20.0,21.245487842624854,0,8.24909756852497,Low,6.599278054819976,Low
3740,2026-04-30 18:00:00,13.75,27.28947627244398,0,8.207895254488797,Low,6.566316203591038,Low
3741,2026-08-27 20:00:00,15.25,25.76000318473645,0,8.20200063694729,Low,6.561600509557832,Low
3742,2026-06-29 04:00:00,19.75,21.239394065553,0,8.1978788131106,Low,6.5583030504884805,Low
3743,2026-06-12 00:00:00,13.5,27.364613676265417,0,8.172922735253083,Low,6.5383381882024665,Low
3744,2026-06-28 10:00:00,14.0,26.523947832421182,0,8.104789566484236,Low,6.483831653187389,Low
3745,2026-08-26 14:00:00,25.5,14.787559396621894,0,8.057511879324379,Low,6.4460095034595035,Low
3746,2026-01-28 15:00:00,7.25,32.87096314770842,0,8.024192629541684,Low,6.4193541036333475,Low
3747,2026-08-30 21:00:00,19.0,21.09446494708995,0,8.018892989417989,Low,6.415114391534392,Low
3748,2026-08-11 02:00:00,16.5,23.459177666366315,0,7.991835533273264,Low,6.393468426618611,Low
3749,2026-06-12 07:00:00,13.0,26.806661491166867,0,7.961332298233373,Low,6.369065838586699,Low
3750,2026-06-28 04:00:00,15.75,23.892843772686447,0,7.92856875453729,Low,6.342855003629833,Low
3751,2026-04-30 17:00:00,14.25,25.370640271812373,0,7.924128054362474,Low,6.33930244348998,Low
3752,2026-08-26 12:00:00,23.25,16.166509973822464,0,7.8833019947644924,Low,6.306641595811595,Low
3753,2026-08-24 19:00:00,13.5,25.77494923593673,0,7.854989847187346,Low,6.283991877749877,Low
3754,2026-08-29 20:00:00,10.5,28.574356693657663,0,7.814871338731534,Low,6.251897070985227,Low
3755,2026-01-28 06:00:00,5.5,33.542825639605475,0,7.808565127921094,Low,6.2468521023368755,Low
3756,2026-08-27 22:00:00,15.5,23.45389634332737,0,7.790779268665474,Low,6.23262341493238,Low
3757,2026-01-28 14:00:00,8.25,30.209521371104735,0,7.691904274220947,Low,6.153523419376758,Low
3758,2026-08-12 01:00:00,17.25,21.198621617123976,0,7.6897243234247945,Low,6.151779458739836,Low
3759,2026-08-24 10:00:00,26.5,11.797507936507934,0,7.6595015873015875,Low,6.1276012698412705,Low
3760,2026-06-28 09:00:00,9.25,29.024019820155683,0,7.654803964031137,Low,6.12384317122491,Low
3761,2026-06-12 06:00:00,9.5,28.757359971538843,0,7.651471994307769,Low,6.121177595446216,Low
3762,2026-08-12 02:00:00,18.5,19.566238112938333,0,7.613247622587667,Low,6.090598098070134,Low
3763,2026-06-27 04:00:00,5.0,32.899101287601276,0,7.579820257520255,Low,6.0638562060162045,Low
3764,2026-08-26 13:00:00,24.25,13.635642098642103,0,7.57712841972842,Low,6.061702735782736,Low
3765,2026-06-28 07:00:00,10.25,27.538806598337953,0,7.55776131966759,Low,6.046209055734073,Low
3766,2026-08-30 20:00:00,12.0,25.53465079365079,0,7.5069301587301585,Low,6.005544126984127,Low
3767,2026-03-21 06:00:00,13.25,24.197327394419883,0,7.489465478883977,Low,5.991572383107182,Low
3768,2026-06-27 06:00:00,6.5,30.858458646717263,0,7.471691729343452,Low,5.977353383474762,Low
3769,2026-08-29 19:00:00,6.0,31.19154714189679,0,7.438309428379358,Low,5.950647542703487,Low
3770,2026-08-26 11:00:00,20.25,16.64162571456322,0,7.378325142912645,Low,5.902660114330116,Low
3771,2026-08-12 03:00:00,18.75,18.082509451487105,0,7.366501890297421,Low,5.893201512237937,Low
3772,2026-08-11 10:00:00,12.5,24.177618942919977,0,7.335523788583995,Low,5.868419030867196,Low
3773,2026-08-25 00:00:00,14.25,22.266393150349558,0,7.3032786300699115,Low,5.842622904055929,Low
3774,2026-08-26 16:00:00,18.25,18.007454598642102,0,7.25149091972842,Low,5.801192735782736,Low
3775,2026-08-26 19:00:00,14.0,22.14095191812297,0,7.228190383624595,Low,5.782552306899676,Low
3776,2026-08-26 10:00:00,20.5,15.59222107753358,0,7.2184442155067154,Low,5.774755372405373,Low
3777,2026-08-25 08:00:00,15.0,20.996378968253968,0,7.199275793650793,Low,5.759420634920635,Low
3778,2026-08-28 01:00:00,12.0,23.668122143073496,0,7.133624428614699,Low,5.706899542891759,Low
3779,2026-08-25 09:00:00,15.0,20.639887896825396,0,7.127977579365079,Low,5.702382063492063,Low
3780,2026-06-12 01:00:00,9.75,25.865965135986816,0,7.123193027197364,Low,5.698554421757891,Low
3781,2026-08-29 18:00:00,5.25,30.25874393343332,0,7.101748786686664,Low,5.681399029349332,Low
3782,2026-08-28 13:00:00,18.75,16.692806818181822,0,7.088561363636364,Low,5.670849090909091,Low
3783,2026-08-30 05:00:00,12.75,22.665481516907917,0,7.083096303381583,Low,5.666477042705267,Low
3784,2026-08-29 21:00:00,12.75,22.169697026133278,0,6.983939405226655,Low,5.5871515241813245,Low
3785,2026-08-25 15:00:00,18.0,16.66935542929293,0,6.933871085858586,Low,5.547096868686869,Low
3786,2026-06-12 03:00:00,10.25,24.160079357189645,0,6.882015871437929,Low,5.505612697150344,Low
3787,2026-06-29 07:00:00,1.0,32.687726412560735,0,6.737545282512147,Low,5.390036226009718,Low
3788,2026-06-12 05:00:00,7.25,26.346152484472796,0,6.71923049689456,Low,5.375384397515648,Low
3789,2026-06-12 02:00:00,11.5,22.067669339325604,0,6.713533867865122,Low,5.370827094292098,Low
3790,2026-03-21 03:00:00,7.0,25.819717649512114,0,6.563943529902423,Low,5.251154823921939,Low
3791,2026-08-30 19:00:00,11.5,21.142879629629643,0,6.52857592592593,Low,5.222860740740744,Low
3792,2026-06-27 05:00:00,2.0,30.168377126305312,0,6.433675425261063,Low,5.14694034020885,Low
3793,2026-08-26 20:00:00,10.25,21.890445464257965,0,6.428089092851593,Low,5.142471274281275,Low
3794,2026-08-23 20:00:00,8.0,23.973593591112273,0,6.394718718222455,Low,5.115774974577964,Low
3795,2026-08-28 14:00:00,15.5,16.400584595959597,0,6.38011691919192,Low,5.104093535353536,Low
3796,2026-08-25 11:00:00,13.25,18.600368055555556,0,6.370073611111112,Low,5.09605888888889,Low
3797,2026-06-12 04:00:00,6.75,24.51517492597272,0,6.253034985194544,Low,5.0024279881556355,Low
3798,2026-06-29 06:00:00,6.75,23.99407675188377,0,6.148815350376754,Low,4.919052280301404,Low
3799,2026-08-26 18:00:00,10.0,20.598182288776048,0,6.11963645775521,Low,4.895709166204168,Low
3800,2026-08-25 10:00:00,11.5,18.865703373015876,0,6.0731406746031755,Low,4.858512539682541,Low
3801,2026-08-28 12:00:00,11.75,18.57021753246753,0,6.064043506493506,Low,4.851234805194805,Low
3802,2026-08-29 17:00:00,5.25,24.85633040591263,0,6.021266081182525,Low,4.817012864946021,Low
3803,2026-08-12 04:00:00,11.0,18.99045604586479,0,5.998091209172959,Low,4.798472967338367,Low
3804,2026-08-25 01:00:00,10.25,19.69845137602912,0,5.989690275205824,Low,4.79175222016466,Low
3805,2026-08-11 09:00:00,5.0,24.811748707532622,0,5.962349741506524,Low,4.769879793205219,Low
3806,2026-08-24 09:00:00,17.33,12.283958152958155,0,5.922791630591631,Low,4.7382333044733045,Low
3807,2026-08-28 04:00:00,9.0,20.2946235893526,0,5.8589247178705195,Low,4.687139774296416,Low
3808,2026-08-26 23:00:00,7.5,21.746118055555552,0,5.84922361111111,Low,4.6793788888888885,Low
3809,2026-08-26 21:00:00,6.25,22.8580172026922,0,5.82160344053844,Low,4.657282752430752,Low
3810,2026-08-28 02:00:00,6.75,21.968396457065957,0,5.743679291413191,Low,4.5949434331305525,Low
3811,2026-08-25 14:00:00,12.0,16.681483405483412,0,5.7362966810966824,Low,4.5890373448773465,Low
3812,2026-08-28 17:00:00,12.25,16.22659200752951,0,5.695318401505903,Low,4.556254721204723,Low
3813,2026-08-25 12:00:00,10.25,18.18418551587302,0,5.686837103174604,Low,4.549469682539683,Low
3814,2026-08-25 07:00:00,9.25,18.83266170634921,0,5.616532341269842,Low,4.493225873015874,Low
3815,2026-08-23 21:00:00,5.67,22.16643321054074,0,5.567286642108147,Low,4.453829313686518,Low
3816,2026-08-30 08:00:00,6.75,20.914020003503097,0,5.532804000700619,Low,4.426243200560495,Low
3817,2026-08-28 11:00:00,8.0,19.474198412698406,0,5.4948396825396815,Low,4.395871746031745,Low
3818,2026-03-21 04:00:00,2.5,24.913208982551552,0,5.48264179651031,Low,4.386113437208248,Low
3819,2026-08-11 08:00:00,2.75,24.613065442067626,0,5.4726130884135245,Low,4.37809047073082,Low
3820,2026-08-25 13:00:00,11.5,15.836430826118328,0,5.4672861652236655,Low,4.373828932178933,Low
3821,2026-03-21 05:00:00,2.75,24.49428514536216,0,5.448857029072432,Low,4.359085623257946,Low
3822,2026-08-25 03:00:00,9.0,18.070350475912967,0,5.414070095182593,Low,4.331256076146075,Low
3823,2026-08-30 06:00:00,4.25,22.5747476022819,0,5.3649495204563795,Low,4.291959616365104,Low
3824,2026-08-28 08:00:00,7.0,19.786180555555557,0,5.357236111111112,Low,4.28578888888889,Low
3825,2026-08-12 05:00:00,5.5,21.071340153011235,0,5.314268030602246,Low,4.251414424481797,Low
3826,2026-08-25 02:00:00,6.0,20.55128808237831,0,5.3102576164756625,Low,4.2482060931805306,Low
3827,2026-08-28 07:00:00,4.25,22.08015606725145,0,5.26603121345029,Low,4.2128249707602325,Low
3828,2026-08-28 10:00:00,7.25,19.079312169312168,0,5.265862433862433,Low,4.212689947089947,Low
3829,2026-08-27 00:00:00,8.0,18.17625862794612,0,5.235251725589224,Low,4.188201380471379,Low
3830,2026-08-29 16:00:00,3.25,22.58379515115502,0,5.166759030231004,Low,4.133407224184803,Low
3831,2026-08-30 18:00:00,12.5,13.139844576719579,0,5.127968915343915,Low,4.1023751322751325,Low
3832,2026-08-28 09:00:00,6.0,19.409883597883596,0,5.081976719576719,Low,4.065581375661376,Low
3833,2026-08-30 17:00:00,10.75,14.541461970899475,0,5.058292394179895,Low,4.046633915343916,Low
3834,2026-08-26 22:00:00,4.5,20.707431894494388,0,5.0414863788988775,Low,4.033189103119102,Low
3835,2026-08-30 07:00:00,2.0,23.018219370579462,0,5.003643874115893,Low,4.002915099292714,Low
3836,2026-08-30 09:00:00,6.25,18.22518090236537,0,4.895036180473074,Low,3.9160289443784593,Low
3837,2026-08-23 22:00:00,4.5,19.877663492106127,0,4.875532698421225,Low,3.90042615873698,Low
3838,2026-08-24 04:00:00,12.0,12.324551178804855,0,4.864910235760971,Low,3.8919281886087767,Low
3839,2026-08-28 05:00:00,4.5,19.716557451786475,0,4.843311490357295,Low,3.8746491922858364,Low
3840,2026-08-26 17:00:00,10.5,13.629881313131312,0,4.825976262626263,Low,3.8607810101010105,Low
3841,2026-08-23 23:00:00,4.75,19.36663422549631,0,4.823326845099262,Low,3.8586614760794102,Low
3842,2026-08-28 16:00:00,8.75,15.099273809523805,0,4.769854761904761,Low,3.8158838095238092,Low
3843,2026-08-24 03:00:00,12.75,10.905218073593076,0,4.731043614718615,Low,3.784834891774892,Low
3844,2026-08-28 06:00:00,2.25,21.19819493810283,0,4.689638987620566,Low,3.751711190096453,Low
3845,2026-08-24 00:00:00,8.0,15.147866950747597,0,4.629573390149519,Low,3.703658712119615,Low
3846,2026-08-24 08:00:00,9.5,13.51168243561994,0,4.6023364871239885,Low,3.681869189699191,Low
3847,2026-08-28 15:00:00,7.0,15.950001639061423,0,4.590000327812285,Low,3.672000262249828,Low
3848,2026-08-24 05:00:00,8.0,14.844155345471528,0,4.568831069094305,Low,3.655064855275444,Low
3849,2026-08-25 05:00:00,6.25,16.564206168831173,0,4.562841233766235,Low,3.6502729870129884,Low
3850,2026-08-25 04:00:00,6.25,16.486097041847046,0,4.5472194083694095,Low,3.6377755266955276,Low
3851,2026-08-28 03:00:00,3.0,19.654614725552218,0,4.530922945110444,Low,3.624738356088355,Low
3852,2026-08-25 06:00:00,5.75,16.757045304232808,0,4.501409060846561,Low,3.6011272486772494,Low
3853,2026-08-30 16:00:00,6.0,14.894705357142854,0,4.178941071428571,Low,3.3431528571428566,Low
3854,2026-08-30 12:00:00,6.75,13.868870504105026,0,4.123774100821005,Low,3.299019280656804,Low
3855,2026-08-24 01:00:00,6.5,14.084012716450218,0,4.116802543290043,Low,3.2934420346320348,Low
3856,2026-08-24 07:00:00,4.0,15.435947992979251,0,3.8871895985958504,Low,3.1097516788766804,Low
3857,2026-08-24 02:00:00,8.75,10.675549422799424,0,3.885109884559885,Low,3.108087907647908,Low
3858,2026-08-30 14:00:00,9.0,10.208734623015873,0,3.8417469246031746,Low,3.07339753968254,Low
3859,2026-08-24 06:00:00,3.0,15.402327380952393,0,3.680465476190479,Low,2.9443723809523834,Low
3860,2026-08-30 10:00:00,2.0,16.333329085879573,0,3.666665817175914,Low,2.9333326537407314,Low
3861,2026-08-30 13:00:00,7.0,11.231909722222229,0,3.646381944444446,Low,2.917105555555557,Low
3862,2026-08-30 15:00:00,3.0,13.520870400432898,0,3.3041740800865793,Low,2.6433392640692635,Low
3863,2026-08-30 11:00:00,1.5,14.435761172363163,0,3.187152234472632,Low,2.5497217875781057,Low
